cluster_i,cluster_k,epsilon
0,1,1.7608279392149608e-30
0,2,1.6785745888380555e-30
0,3,3.9666968085613e-30
0,4,3.649056296159416e-30
0,5,3.647480096377724e-30
0,6,8.867279279293842e-31
0,7,7.254436171526132e-31
0,8,2.8974275736010904e-30
0,9,1.3401640973614163e-30
0,10,1.896381404373351e-30
0,11,2.6844034761867626e-30
0,12,7.467661660146136e-30
0,13,1.6821091518238678e-30
0,14,2.5552223297575993e-30
0,15,2.9518357552247728e-30
0,16,3.119170748543142e-31
0,17,9.813321159293344e-31
0,18,1.806734172982532e-30
0,19,1.9442352146342237e-30
0,20,1.363779148540319e-30
0,21,2.822226759280013e-30
0,22,1.0721466910287738e-30
0,23,1.1252729391842484e-30
0,24,3.539692356983483e-30
0,25,1.2907867521862761e-30
0,26,5.4896117424782224e-30
0,27,1.2412670766236358e-16
0,28,8.356127541210229e-31
0,29,2.0118078254554886e-30
0,30,1.775314492040538e-30
0,31,1.1067962392529458e-30
0,32,7.623707400488188e-31
0,33,1.3986271248187906e-30
0,34,8.591991913914446e-31
0,35,5.8872385215531305e-30
0,36,3.2274118174307216e-30
0,37,2.1171297946366347e-30
0,38,1.7887205417288705e-30
0,39,1.3423756069883127e-30
0,40,3.1153489741139554e-30
0,41,1.99681541864065e-30
0,42,4.230935325925525e-30
0,43,2.1417137720750387e-30
0,44,3.665454828016504e-30
0,45,6.68586823151845e-16
0,46,1.3243518626272271e-30
0,47,1.7366619562076975e-30
0,48,1.3614564990686127e-30
0,49,1.3652914378202312e-30
0,50,1.166915325669661e-30
0,51,2.3183445798804888e-30
0,52,2.2210133758577006e-30
0,53,9.7736046142824e-31
0,54,3.241991726592162e-30
0,55,3.1668468396512675e-31
0,56,3.664721879907797e-30
0,57,9.722265914725627e-31
0,58,2.3405250182118243e-30
0,59,1.2701436928360579e-30
0,60,1.768302608100387e-30
0,61,2.2264891285715847e-30
0,62,1.542451143805738e-30
0,63,2.2268414550724996e-31
0,64,2.7307553542335756e-30
0,65,2.4174923196384664e-30
0,66,2.6471968870950384e-30
0,67,4.809463569237411e-31
0,68,1.890257256621143e-31
0,69,1.7287682054681298e-30
0,70,2.3356753834402683e-30
0,71,8.96294418914546e-31
0,72,1.0750956190056572e-30
0,73,1.2021028218811724e-30
0,74,9.289199817252181e-31
0,75,1.945031262500879e-30
0,76,1.4833812770780421e-30
0,77,2.096191588955958e-30
0,78,3.620716761999667e-30
0,79,1.400531531480381e-30
0,80,1.8809016943220966e-30
0,81,5.14073735890252e-30
0,82,1.2693436212508623e-30
0,83,4.072805190579311e-30
0,84,7.2355002696328e-31
0,85,2.1941886695814043e-30
0,86,4.156574813200428e-30
0,87,2.940698584825977e-30
0,88,3.355997102584616e-30
0,89,2.4125033550052862e-30
0,90,1.4752860956530429e-30
0,91,2.771085705355638e-30
0,92,1.1833365321497538e-30
0,93,2.0991814951704298e-30
0,94,3.4408343768839396e-30
0,95,1.2945109112471367e-30
0,96,1.3586404584668497e-30
0,97,2.9506024378281763e-30
0,98,1.7076666706372704e-30
0,99,3.289303598018335e-30
0,100,2.1230416131297512e-30
0,101,1.721224019182368e-30
0,102,2.5533210823912674e-30
0,103,3.18388986130418e-30
0,104,3.84540283614654e-30
0,105,3.222691903405766e-30
0,106,2.0008595986992263e-30
0,107,1.8920195624503227e-15
0,108,1.9392228506203245e-30
0,109,1.5339387773630113e-30
0,110,5.296509376115142e-31
0,111,4.330253088692383e-31
0,112,3.256316107664746e-30
0,113,5.0587524444825886e-30
0,114,1.3723673299995193e-30
0,115,1.525952910040728e-30
0,116,1.0805171788968617e-30
0,117,1.6150934429201167e-30
0,118,7.057114906826364e-31
0,119,1.039411973122323e-30
0,120,4.041998822635222e-30
0,121,2.7888310084152854e-30
0,122,2.027990925662804e-30
0,123,1.0848020440369132e-30
0,124,1.3465484187570952e-30
0,125,3.342283017593109e-30
0,126,2.074243388801748e-30
0,127,1.691213083934451e-30
0,128,3.000959692940692e-30
0,129,1.8128450081704905e-30
0,130,2.9039573888843585e-30
0,131,1.4452527233132759e-30
0,132,2.1935410200366525e-30
0,133,1.603853264097475e-30
0,134,1.5762137000608543e-16
0,135,1.559730935726905e-30
0,136,1.278508362940291e-30
0,137,1.136718056203625e-30
0,138,1.3176024990624369e-30
0,139,4.3850488968810814e-30
0,140,2.0480477523132635e-30
0,141,1.9819513166754004e-30
0,142,2.8757185715660804e-30
0,143,2.6254303622199853e-30
0,144,1.8904423953527131e-31
0,145,1.1835749517922747e-30
0,146,1.602512681822734e-30
0,147,3.180330653441632e-30
0,148,2.561517621695129e-30
0,149,4.007477321836702e-30
1,2,1.4978959710951355e-30
1,3,1.9750303277724115e-30
1,4,1.646646007126846e-30
1,5,1.6844341225225e-30
1,6,8.682414940198257e-31
1,7,7.386653975832983e-31
1,8,1.5210508629612192e-30
1,9,7.796832792769422e-31
1,10,1.8115144705040973e-30
1,11,1.2777662266045201e-30
1,12,3.5564999821057386e-30
1,13,1.0494727138884386e-30
1,14,1.899493526531928e-30
1,15,1.5550626764606834e-30
1,16,7.534321078826245e-31
1,17,1.1962962480818215e-30
1,18,1.2509247465683143e-30
1,19,1.122511540519835e-30
1,20,1.0384782900307915e-30
1,21,6.374725604176869e-16
1,22,1.0692725193520732e-30
1,23,6.3173174699279745e-31
1,24,2.691153938201504e-30
1,25,9.19029183933431e-31
1,26,2.9605451961807452e-30
1,27,1.0848889054938533e-15
1,28,8.078686545669482e-31
1,29,1.0922333013625512e-30
1,30,1.8289219268537913e-30
1,31,9.060248352705403e-31
1,32,4.601702273305599e-31
1,33,7.442524545648145e-31
1,34,1.7117612439911965e-16
1,35,2.7874011881697515e-30
1,36,1.7365152362619364e-30
1,37,1.4551121823286262e-30
1,38,2.026592455351622e-30
1,39,1.3958656937365566e-30
1,40,2.2483230562239046e-30
1,41,1.4625601086068295e-30
1,42,3.0836568738196197e-30
1,43,1.0612659778810883e-30
1,44,1.798337988759518e-30
1,45,7.547781644627402e-16
1,46,1.1896376302474555e-30
1,47,1.8531618929819867e-30
1,48,9.474669428029496e-31
1,49,7.778344346685528e-31
1,50,1.1963534029362906e-30
1,51,1.0988660827861641e-30
1,52,1.3987493652625429e-30
1,53,5.708951530437263e-31
1,54,1.5135575181616413e-30
1,55,3.481420583467557e-31
1,56,1.7407464367548565e-30
1,57,5.631743635448583e-31
1,58,1.2262870034368236e-30
1,59,1.1214207308797708e-30
1,60,2.0166789604158642e-30
1,61,1.9300206189165114e-30
1,62,8.284132903940124e-31
1,63,2.513916290012543e-31
1,64,1.5116439661419973e-30
1,65,1.1738205349274906e-30
1,66,1.697803713649304e-30
1,67,3.8118091078248557e-31
1,68,8.943641700805588e-32
1,69,1.0258256602699603e-30
1,70,1.1951088231770823e-30
1,71,4.251250256522947e-31
1,72,1.2093105158394879e-30
1,73,1.357179346784611e-30
1,74,9.055991888446486e-31
1,75,9.102990321785379e-31
1,76,9.678597081129534e-31
1,77,1.0289205566880438e-30
1,78,4.176120942129296e-30
1,79,1.2319391251379212e-30
1,80,9.142848644730103e-31
1,81,1.4882269437304624e-16
1,82,6.904230632426566e-31
1,83,1.9103740382940066e-30
1,84,5.676623725801443e-31
1,85,1.9188740684079554e-30
1,86,2.005735261012653e-30
1,87,1.4103328503996877e-30
1,88,3.731820499751866e-30
1,89,1.881900590264038e-30
1,90,9.46597773498001e-31
1,91,2.767796222586434e-30
1,92,1.1023701503581565e-30
1,93,1.235327617585925e-30
1,94,1.6133146269568002e-30
1,95,1.5604171405454398e-30
1,96,1.3618155452601428e-30
1,97,1.3674937907751453e-30
1,98,1.1908564310774979e-30
1,99,1.614106256393597e-30
1,100,1.1407467693217582e-30
1,101,1.0676799982742307e-30
1,102,1.5722244290759963e-30
1,103,1.7050536658215616e-30
1,104,2.0117644742592276e-30
1,105,1.8697457516856997e-30
1,106,1.0691946186529482e-30
1,107,8.951979947807795e-16
1,108,1.9847507544539866e-30
1,109,9.661059201554708e-31
1,110,4.4902141593001646e-31
1,111,5.038224995811753e-31
1,112,1.973974325825716e-30
1,113,3.270137813811058e-16
1,114,1.0149516431260198e-30
1,115,1.1883177619174546e-30
1,116,4.948138028364296e-31
1,117,1.9063668679295734e-30
1,118,8.25117403712059e-31
1,119,6.539272637184519e-31
1,120,1.9737511521951292e-30
1,121,1.9234845215315143e-30
1,122,1.2196921319576012e-30
1,123,1.1462709764905613e-30
1,124,1.3889082768355025e-30
1,125,2.371437420133772e-16
1,126,2.4085681407295602e-30
1,127,1.0834615526003735e-30
1,128,1.8141330764434498e-30
1,129,1.9648198907723748e-30
1,130,1.5177637907799571e-30
1,131,1.80850755906291e-30
1,132,1.4726293694168874e-30
1,133,1.0638031963558808e-30
1,134,6.466587501728244e-16
1,135,1.2999350556341262e-30
1,136,1.295275348553825e-30
1,137,8.33255147390618e-31
1,138,8.929996631856815e-31
1,139,2.738086834238193e-30
1,140,1.0499985091966594e-30
1,141,1.958770151252104e-30
1,142,1.2964803789845126e-30
1,143,2.117746476991764e-30
1,144,8.944517673890367e-32
1,145,6.106380402139355e-31
1,146,1.3886642871739205e-30
1,147,1.534239583394868e-30
1,148,1.9425546722619418e-30
1,149,5.056592471632541e-16
2,3,2.0663987097742288e-30
2,4,1.98492694275786e-30
2,5,1.4197182603148716e-30
2,6,2.0865017430289752e-30
2,7,1.8798681278233267e-30
2,8,1.67690132341111e-30
2,9,1.6300592598401785e-30
2,10,4.253126176795141e-30
2,11,1.3829781274936531e-30
2,12,4.281876133870542e-30
2,13,2.5105121060143243e-30
2,14,3.766597646023658e-30
2,15,1.8024217147893525e-30
2,16,6.06053116891709e-31
2,17,1.9478260795414693e-30
2,18,2.675291839095014e-30
2,19,2.791679044438735e-30
2,20,2.047092581980144e-30
2,21,2.2559410182988547e-16
2,22,2.547203624986987e-30
2,23,1.0991796754600385e-30
2,24,5.451323170517899e-30
2,25,2.2996135014356423e-30
2,26,3.242048431788245e-30
2,27,8.777083671441743e-17
2,28,1.8203521416977362e-30
2,29,1.3977075353972137e-30
2,30,4.296433583004376e-30
2,31,2.237234527507441e-30
2,32,8.232384637541955e-31
2,33,1.6651129901970187e-30
2,34,2.336957851456583e-30
2,35,2.418120545284099e-30
2,36,2.7031125490923474e-30
2,37,3.1041228948678887e-30
2,38,4.7148680827451535e-30
2,39,2.38299471664688e-30
2,40,4.87158864253156e-30
2,41,3.138925461071885e-30
2,42,6.074841183914099e-30
2,43,1.701346011329446e-30
2,44,1.6465921627559076e-30
2,45,1.841436546988623e-15
2,46,2.723292624009016e-30
2,47,4.472251759585524e-30
2,48,1.9656396556333386e-30
2,49,1.4239052190572415e-30
2,50,2.885567384356658e-30
2,51,1.6698609370705808e-30
2,52,2.569901697028754e-30
2,53,1.0001565440404006e-30
2,54,1.8200647634506858e-30
2,55,8.805179711434152e-31
2,56,2.837207555543389e-30
2,57,8.956109733509372e-31
2,58,1.7164980262029457e-30
2,59,2.288853894291928e-30
2,60,4.803882195221589e-30
2,61,3.965027868338259e-30
2,62,1.0936515648456544e-30
2,63,6.133215758559044e-31
2,64,2.4657080543683878e-30
2,65,2.1082291291654583e-30
2,66,1.6861550994638653e-30
2,67,7.258171605554948e-31
2,68,7.447121562661366e-32
2,69,2.238575203454179e-30
2,70,1.8406616725578238e-30
2,71,4.672008209684052e-31
2,72,2.8978105691030166e-30
2,73,3.207656905247413e-30
2,74,1.7960039232845992e-30
2,75,7.292224228181294e-31
2,76,1.9002560179648625e-30
2,77,1.2842791924171352e-30
2,78,1.0063620751472221e-29
2,79,2.8693709857811462e-30
2,80,1.2081130962280695e-30
2,81,1.2872902417775518e-29
2,82,9.449289731752266e-31
2,83,1.558724391972238e-30
2,84,1.2499090262886233e-30
2,85,4.4529209253706535e-30
2,86,1.7776810089892957e-30
2,87,1.8519876561082024e-30
2,88,8.713393652974496e-30
2,89,3.872259344106774e-30
2,90,1.8636418995621056e-30
2,91,6.454803197988439e-30
2,92,2.4644295616807423e-30
2,93,2.033004870578199e-30
2,94,2.036545322825502e-30
2,95,2.8716190078364864e-30
2,96,3.2043168481222486e-30
2,97,1.0711168855938796e-30
2,98,2.896401147242443e-30
2,99,3.932937276469705e-30
2,100,1.7369410449289466e-30
2,101,2.728392333482085e-30
2,102,1.2620503230640648e-30
2,103,1.8245555123209343e-30
2,104,3.685734484961327e-30
2,105,3.37456394793448e-30
2,106,1.3241189503132964e-30
2,107,7.454064588905281e-16
2,108,3.9969176227975806e-30
2,109,1.5122054618499752e-30
2,110,9.276009939769371e-31
2,111,1.024860512956526e-30
2,112,3.0171778687241664e-30
2,113,4.393270676153499e-30
2,114,1.9686459625978253e-30
2,115,2.8661420224338343e-30
2,116,4.695356894522814e-31
2,117,3.6807847987488514e-30
2,118,1.8627760261753892e-30
2,119,8.318675765771013e-31
2,120,1.6281918923428333e-30
2,121,3.758729891554799e-30
2,122,2.2468152040751582e-30
2,123,1.1428703882322189e-30
2,124,3.50442430045029e-30
2,125,2.8706172191175345e-30
2,126,5.974534227791882e-30
2,127,2.2233526038086638e-30
2,128,3.211149985506234e-30
2,129,4.846833822457085e-30
2,130,2.1453025670046328e-30
2,131,3.803988566137981e-30
2,132,2.7964625703452433e-30
2,133,1.975862306016293e-30
2,134,5.723641179706069e-16
2,135,2.761830486868759e-30
2,136,3.0488571183075752e-30
2,137,2.0848311180840735e-30
2,138,2.1534404235588874e-30
2,139,5.493594549950133e-30
2,140,1.943329287489674e-30
2,141,4.755792659669333e-30
2,142,1.1714563603128144e-30
2,143,4.2375143938492414e-30
2,144,7.447850961072682e-32
2,145,1.0669619784862615e-30
2,146,3.05495589865415e-30
2,147,1.3218873639714224e-30
2,148,4.0702167327026466e-30
2,149,2.0909715206842912e-16
3,4,4.4018826782420065e-30
3,5,4.24331404650748e-30
3,6,1.1578502916689048e-30
3,7,1.2417623534847736e-30
3,8,2.8782903479797444e-30
3,9,1.6277847696590514e-30
3,10,3.0930278287309218e-30
3,11,2.824998779146676e-30
3,12,8.833314577351095e-30
3,13,1.9456446949339403e-30
3,14,2.3494216515241007e-30
3,15,3.426386925403075e-30
3,16,4.420840352332022e-31
3,17,1.2467360923566712e-30
3,18,1.7876452899769192e-30
3,19,2.5385603547760887e-30
3,20,1.8856058659074286e-30
3,21,1.4686870114880465e-16
3,22,1.4099841002200892e-30
3,23,1.0703431447432633e-30
3,24,3.2296042287686964e-30
3,25,2.2068100212392252e-30
3,26,5.976726794865249e-30
3,27,6.775999547977547e-16
3,28,1.0355232147777361e-30
3,29,2.4823801987741065e-30
3,30,2.817097040042627e-30
3,31,2.174257769324328e-30
3,32,7.014927535297331e-31
3,33,2.1037322573866908e-30
3,34,1.656157252500973e-30
3,35,6.433480351342096e-30
3,36,3.276257776365828e-30
3,37,2.7193447514397184e-30
3,38,3.3221136582992226e-30
3,39,1.640011299165834e-30
3,40,3.1593793824765554e-30
3,41,1.8106754193947264e-30
3,42,3.844666788302977e-30
3,43,2.9944304203733533e-30
3,44,4.2311211954095205e-30
3,45,1.1383170325457364e-15
3,46,2.1820431645109657e-30
3,47,2.7746802170429743e-30
3,48,1.2930532465682576e-30
3,49,1.4286449553683044e-30
3,50,2.2847551140217013e-30
3,51,2.9428118986265384e-30
3,52,2.1209515406197503e-30
3,53,1.1230996196333873e-30
3,54,3.8073618276299614e-30
3,55,6.764253010211252e-31
3,56,4.4947873803365074e-30
3,57,9.151196766462222e-31
3,58,2.414078943054411e-30
3,59,1.6285650975550415e-30
3,60,3.11127102478891e-30
3,61,2.6645334653109688e-30
3,62,1.7014764676744924e-30
3,63,3.7913573365657824e-31
3,64,2.8940913973654736e-30
3,65,2.9126431320632763e-30
3,66,3.286236397575734e-30
3,67,4.706174673128454e-31
3,68,2.14309679779694e-31
3,69,1.827838751909669e-30
3,70,2.2782511992525892e-30
3,71,1.03117614246941e-30
3,72,2.036807264949296e-30
3,73,2.41405776144824e-30
3,74,1.232623346998842e-30
3,75,2.203554209549382e-30
3,76,1.5265787627448625e-30
3,77,2.347009505748512e-30
3,78,6.49084946118329e-30
3,79,1.4956930617215929e-30
3,80,2.1837579641826714e-30
3,81,1.1155806828399743e-29
3,82,1.3375919118844976e-30
3,83,4.658366153606013e-30
3,84,8.294345521236052e-31
3,85,2.6338162431675815e-30
3,86,4.8812777038373104e-30
3,87,3.426239317895411e-30
3,88,5.270358019216553e-30
3,89,2.3168630791771623e-30
3,90,1.3575530791062563e-30
3,91,3.826637912289235e-30
3,92,1.6637113188481573e-30
3,93,2.051826526326797e-30
3,94,4.5193395760301174e-30
3,95,2.5631225441544258e-30
3,96,1.934897735925539e-30
3,97,3.354782314833838e-30
3,98,2.6236992711447258e-30
3,99,4.638206309260693e-30
3,100,1.9931500576221685e-30
3,101,2.208766455891477e-30
3,102,2.5716010020632122e-30
3,103,3.499058625632315e-30
3,104,4.3414399489119514e-30
3,105,2.8440367897091307e-30
3,106,2.104099442068318e-30
3,107,2.145094828470292e-15
3,108,2.170608751085262e-30
3,109,1.8027019264440245e-30
3,110,7.6488079124010415e-31
3,111,5.6160709754718895e-31
3,112,3.329247571273928e-30
3,113,4.611812941751423e-30
3,114,1.225382359562407e-30
3,115,2.6936502130717928e-30
3,116,1.299249544093089e-30
3,117,2.409196571211477e-30
3,118,1.3338659030548567e-30
3,119,1.3079676151923587e-30
3,120,4.5962665180380584e-30
3,121,2.8345387106206485e-30
3,122,2.0384925552235085e-30
3,123,1.9506864289592613e-30
3,124,2.1164963453642786e-30
3,125,3.797136244973491e-30
3,126,4.065459720515079e-30
3,127,1.4998609174789922e-30
3,128,2.6898149369891057e-30
3,129,3.39387167600065e-30
3,130,3.18733181260075e-30
3,131,2.29627648143143e-30
3,132,3.60206045935058e-30
3,133,1.5080578326335314e-30
3,134,3.6821932062951753e-16
3,135,1.5829649146698468e-30
3,136,2.6708885705415608e-30
3,137,2.062912189922028e-30
3,138,1.6004109631629802e-30
3,139,4.1976807278784794e-30
3,140,2.3978640939327167e-30
3,141,3.1832416659093305e-30
3,142,3.457298999562743e-30
3,143,3.893353384537988e-30
3,144,2.143306700560908e-31
3,145,1.7634349120822178e-30
3,146,1.4532448593891359e-30
3,147,3.86146116628144e-30
3,148,2.8599485213271734e-30
3,149,6.004449161615344e-16
4,5,3.92274216554728e-30
4,6,1.194449083147205e-30
4,7,1.2299794665683214e-30
4,8,2.7995089873089985e-30
4,9,1.4843612089252904e-30
4,10,2.6027299967157625e-30
4,11,2.662287615487482e-30
4,12,1.0439900694305611e-29
4,13,1.944634724440655e-30
4,14,2.2575469414742013e-30
4,15,2.993150302558008e-30
4,16,7.363058574121026e-31
4,17,1.369036105136861e-30
4,18,1.614212887262466e-30
4,19,2.7376888222535742e-30
4,20,1.808896996903432e-30
4,21,1.2622113128338428e-15
4,22,1.466285146796894e-30
4,23,9.916991121052086e-31
4,24,3.0353609160420905e-30
4,25,2.003192485674388e-30
4,26,5.12273369771238e-30
4,27,4.126162952233369e-16
4,28,9.796392477688508e-31
4,29,2.2121930918538076e-30
4,30,2.5917050486367308e-30
4,31,2.0260828010872407e-30
4,32,6.571830617311884e-31
4,33,1.926915869212282e-30
4,34,1.8925120351080904e-30
4,35,5.9853474030871664e-30
4,36,3.073230798771607e-30
4,37,2.7418064025037342e-30
4,38,2.7971407031138327e-30
4,39,1.4008656886717506e-30
4,40,2.739345112738269e-30
4,41,1.7912857670037876e-30
4,42,3.6594456849176066e-30
4,43,2.76990731251001e-30
4,44,3.792983401923565e-30
4,45,1.088234498076453e-15
4,46,2.051096521415243e-30
4,47,2.638116031505328e-30
4,48,1.1943688087563499e-30
4,49,1.2455508543039366e-30
4,50,2.192783363685835e-30
4,51,2.8722055349071352e-30
4,52,1.984927332736802e-30
4,53,1.0451203721750049e-30
4,54,3.7298861121328414e-30
4,55,6.371520198051824e-31
4,56,4.140856073842571e-30
4,57,8.355954681614685e-31
4,58,2.1320380020161467e-30
4,59,1.1946267661881698e-30
4,60,2.8343207729934145e-30
4,61,2.4282082690976777e-30
4,62,1.9844654402766286e-30
4,63,3.6245489878676386e-31
4,64,2.892028415170289e-30
4,65,3.0060598915895856e-30
4,66,2.8165413989472514e-30
4,67,3.928536502474113e-31
4,68,1.9674428940179856e-31
4,69,1.660805720959027e-30
4,70,2.438189430702478e-30
4,71,9.441412504345037e-31
4,72,1.9578178497744273e-30
4,73,2.2727579949556738e-30
4,74,9.85382321478141e-31
4,75,2.0517705481339502e-30
4,76,1.4337973290496355e-30
4,77,2.187726337209686e-30
4,78,6.165310244755349e-30
4,79,1.6747828017197887e-30
4,80,1.98228808743808e-30
4,81,9.995367732337625e-30
4,82,1.1996264988133588e-30
4,83,4.3125219612175905e-30
4,84,7.736362201639578e-31
4,85,2.467488107352139e-30
4,86,4.316352955792498e-30
4,87,3.459934856122777e-30
4,88,4.9869951998795465e-30
4,89,2.1790563442500807e-30
4,90,1.2915454722512278e-30
4,91,3.597430678195119e-30
4,92,1.5231207321138827e-30
4,93,1.9322064965837564e-30
4,94,4.173349299491389e-30
4,95,2.416091240868384e-30
4,96,1.8207283321752097e-30
4,97,3.1627790715856984e-30
4,98,2.758585826400193e-30
4,99,4.3389178163284864e-30
4,100,1.9471072557148902e-30
4,101,2.1231242240677685e-30
4,102,2.714468547030289e-30
4,103,2.961845366992678e-30
4,104,3.94193525663667e-30
4,105,3.077758770226161e-30
4,106,1.82560228183614e-30
4,107,1.9692771607922897e-15
4,108,2.2075088191314643e-30
4,109,1.7249652890090732e-30
4,110,7.364395816091563e-31
4,111,7.002836599723019e-31
4,112,2.8691991797620497e-30
4,113,4.243293797812087e-30
4,114,1.2299395280994708e-30
4,115,2.3470305123304005e-30
4,116,1.1913727552873805e-30
4,117,2.485290968472979e-30
4,118,1.3904618727277819e-30
4,119,1.0620412972139812e-30
4,120,4.27673618731806e-30
4,121,2.5397744979714093e-30
4,122,1.8178206969785732e-30
4,123,1.3776192982555689e-30
4,124,2.2327539695665038e-30
4,125,3.410402755769997e-30
4,126,3.903195940756502e-30
4,127,1.6985719622765555e-30
4,128,2.5916272760252578e-30
4,129,3.1411862875186187e-30
4,130,2.785767544393905e-30
4,131,2.209229261317146e-30
4,132,3.259378472828464e-30
4,133,1.4746621968122952e-30
4,134,5.410557748946565e-16
4,135,1.5241248444132544e-30
4,136,2.424184515410371e-30
4,137,1.9123222207317017e-30
4,138,1.5456782735387576e-30
4,139,3.855725309526171e-30
4,140,2.3439855050861394e-30
4,141,3.104158817447858e-30
4,142,3.344912641842233e-30
4,143,3.849013144188684e-30
4,144,1.9676355925940966e-31
4,145,1.6248489788270184e-30
4,146,1.884716383062752e-30
4,147,3.5105182951640436e-30
4,148,2.6494573659662803e-30
4,149,6.546139416680274e-17
5,6,6.446351719103399e-31
5,7,7.751929143909419e-31
5,8,2.73137804286209e-30
5,9,1.4115755551846634e-30
5,10,1.8403343609132764e-30
5,11,2.6607921765304627e-30
5,12,8.05245440934231e-30
5,13,1.675229111015857e-30
5,14,1.875959441716115e-30
5,15,3.0268161472531614e-30
5,16,2.8206450688738254e-31
5,17,1.0247049400243692e-30
5,18,1.6349425724673613e-30
5,19,2.163433003635248e-30
5,20,1.5329120979885288e-30
5,21,2.507119496651543e-30
5,22,7.810359055882965e-31
5,23,1.0160628234774516e-30
5,24,2.734140859612096e-30
5,25,1.596561722535766e-30
5,26,5.3862249966529925e-30
5,27,1.594436429147041e-16
5,28,5.8093329217589875e-31
5,29,2.1543488218725567e-30
5,30,1.557866905635623e-30
5,31,1.4924142009981963e-30
5,32,6.640381921718868e-31
5,33,1.663861490844278e-30
5,34,1.1473263555076584e-30
5,35,5.944723062388668e-30
5,36,3.0686298304486135e-30
5,37,2.2856458854801124e-30
5,38,1.6973733937280015e-30
5,39,1.1764193938059003e-30
5,40,2.7768494062738433e-30
5,41,1.6916600219203465e-30
5,42,3.20443186509289e-30
5,43,2.470086043838192e-30
5,44,3.779362301218469e-30
5,45,5.943194021741326e-16
5,46,1.5765809870362718e-30
5,47,1.4324348050887889e-30
5,48,1.207306900653131e-30
5,49,1.2840805802913137e-30
5,50,1.5723455973889512e-30
5,51,2.5822839793308404e-30
5,52,1.9687676248956965e-30
5,53,9.999657969741956e-31
5,54,3.437557229641096e-30
5,55,4.037705238335086e-31
5,56,3.914026670264953e-30
5,57,8.571735274797524e-31
5,58,2.236206352926856e-30
5,59,1.0354621021254857e-30
5,60,1.6171138755397584e-30
5,61,2.010567790613854e-30
5,62,1.5706936178953226e-30
5,63,1.9794812528255415e-31
5,64,2.623550951807321e-30
5,65,2.5817163249002377e-30
5,66,2.7586160355723236e-30
5,67,3.726116325073102e-31
5,68,1.9435672588196609e-31
5,69,1.635050328337773e-30
5,70,2.2054576132306027e-30
5,71,9.259534478758866e-31
5,72,1.2117502070314784e-30
5,73,1.582851952178078e-30
5,74,7.623526831320318e-31
5,75,2.005697158271078e-30
5,76,1.377618115841025e-30
5,77,2.1544372722980842e-30
5,78,3.543330993356432e-30
5,79,9.545651116780386e-31
5,80,1.932547814268837e-30
5,81,6.812077243628633e-30
5,82,1.2192955279484164e-30
5,83,4.214283799550516e-30
5,84,6.76471685316092e-31
5,85,1.614594530279139e-30
5,86,4.321421045479078e-30
5,87,3.0830947622029017e-30
5,88,2.7204704168629407e-30
5,89,1.7481059374846723e-30
5,90,1.2806399560533147e-30
5,91,1.9826813008502245e-30
5,92,1.1403968727442252e-30
5,93,1.8879586037678665e-30
5,94,3.871919148518851e-30
5,95,1.7702579599718494e-30
5,96,9.928148143251796e-31
5,97,3.0604472937597534e-30
5,98,1.932800736272559e-30
5,99,3.799188412226397e-30
5,100,1.940060294636005e-30
5,101,1.8248642979122232e-30
5,102,2.562908080237219e-30
5,103,3.1194851756080742e-30
5,104,3.879149053202475e-30
5,105,2.8228045609257014e-30
5,106,1.9146481047237274e-30
5,107,1.9453792660994234e-15
5,108,1.297776510122658e-30
5,109,1.6222626444667802e-30
5,110,5.8251403176520505e-31
5,111,3.1818020407499285e-31
5,112,3.008533498293179e-30
5,113,4.368850991154365e-30
5,114,1.1203869970578145e-30
5,115,1.9354230576259793e-30
5,116,1.1574701054671969e-30
5,117,1.715257950355128e-30
5,118,8.96485037347513e-31
5,119,1.084653041478553e-30
5,120,4.111285456642176e-30
5,121,2.5395504758622253e-30
5,122,1.8842418776745563e-30
5,123,1.2580594797713822e-30
5,124,1.246891625005207e-30
5,125,3.247358493568677e-30
5,126,2.426292554733923e-30
5,127,1.433932728938057e-30
5,128,2.5502924753854647e-30
5,129,2.0671267968911628e-30
5,130,2.9251238744935094e-30
5,131,1.2174598041322706e-30
5,132,2.6660147537384625e-30
5,133,1.4408253273915409e-30
5,134,1.1102230246251533e-16
5,135,1.089366236197857e-30
5,136,1.7254499028377084e-30
5,137,1.4748719614681173e-30
5,138,1.355715670961898e-30
5,139,3.9321231146464596e-30
5,140,2.1688836903477666e-30
5,141,2.1554549573680518e-30
5,142,3.0805721545528932e-30
5,143,3.1489072821201758e-30
5,144,1.9437576189284552e-31
5,145,1.4222301622374757e-30
5,146,1.0940855363855106e-30
5,147,3.385178825013477e-30
5,148,2.416004165490988e-30
5,149,3.594968587612788e-30
6,7,1.2167833339728386e-30
6,8,1.0300415394750637e-30
6,9,9.518030646457908e-31
6,10,2.6109137095427835e-30
6,11,7.955584265529213e-31
6,12,2.058488115913787e-15
6,13,1.5099507656736821e-30
6,14,2.3141316811894514e-30
6,15,1.056834079031172e-30
6,16,3.319948105880289e-31
6,17,1.2513469256459011e-30
6,18,1.652169061558595e-30
6,19,1.75959777865843e-30
6,20,1.1401845329416623e-30
6,21,4.525590158094823e-30
6,22,1.6127638213970094e-30
6,23,6.672355777626482e-31
6,24,3.329074904162603e-30
6,25,1.3824084543342622e-30
6,26,1.2441772092090495e-30
6,27,3.0278110726238143e-30
6,28,1.1032228018798208e-30
6,29,7.917300694283733e-31
6,30,2.6069407981311606e-30
6,31,1.3349303192203735e-30
6,32,5.084711472489574e-31
6,33,9.767818223561666e-31
6,34,1.3385048817242556e-30
6,35,8.52263872306033e-31
6,36,1.622808414111566e-30
6,37,1.8673284464267696e-30
6,38,2.8004816257646653e-30
6,39,1.4702951157374099e-30
6,40,2.9332474232863646e-30
6,41,1.9095319073386658e-30
6,42,3.7312755480648345e-30
6,43,9.45702046057767e-31
6,44,4.655213315301948e-31
6,45,1.1273994429041142e-15
6,46,1.565975906823875e-30
6,47,2.803224963760731e-30
6,48,1.1616746330957115e-30
6,49,8.739065092093605e-31
6,50,1.7250638191974264e-30
6,51,8.193577862192903e-31
6,52,1.5938823364759962e-30
6,53,5.965158866686787e-31
6,54,1.0534880453250356e-30
6,55,5.326627260699186e-31
6,56,1.7305317427237588e-30
6,57,5.518964832982747e-31
6,58,1.0389600358963475e-30
6,59,1.2335508252006127e-30
6,60,2.860968906924058e-30
6,61,2.3120087105463314e-30
6,62,6.977816699485888e-31
6,63,3.7549944583851683e-31
6,64,1.5447963218674834e-30
6,65,1.2229774824463883e-30
6,66,9.954086609863326e-31
6,67,4.14960556292444e-31
6,68,1.568630009168346e-32
6,69,1.4130382054140435e-30
6,70,1.0449846661345002e-30
6,71,3.0530877085709123e-31
6,72,1.7623497732430432e-30
6,73,1.9948082449330147e-30
6,74,1.0171542874023636e-30
6,75,1.7626915154701084e-31
6,76,1.2173650872261385e-30
6,77,8.000776785201216e-31
6,78,6.16534373375583e-30
6,79,1.8708070783315457e-30
6,80,7.370970264343616e-31
6,81,8.025866508713469e-30
6,82,5.735616548757756e-31
6,83,6.354478437864746e-31
6,84,7.39716126957831e-31
6,85,2.7377846463915693e-30
6,86,5.824053080988967e-31
6,87,1.8055361716997608e-16
6,88,5.263512573234774e-30
6,89,2.36286584526342e-30
6,90,1.1806797233087387e-30
6,91,3.928681321775176e-30
6,92,1.5017005917622313e-30
6,93,1.330636760163499e-30
6,94,9.585609581043184e-31
6,95,1.5689726783932832e-30
6,96,1.9990307064526996e-30
6,97,6.809903533279392e-31
6,98,1.730335040356008e-30
6,99,2.4295521232403203e-30
6,100,1.0661508047968606e-30
6,101,1.725812050225442e-30
6,102,8.987549258794505e-31
6,103,8.74705395032712e-31
6,104,2.1983963172197306e-30
6,105,2.2708491817562127e-30
6,106,7.951365132185276e-31
6,107,1.5700924586837616e-16
6,108,2.4605598223800795e-30
6,109,9.773725577569234e-31
6,110,5.29840690528602e-31
6,111,7.184081282344291e-31
6,112,1.807802691501177e-30
6,113,2.7277964635453743e-30
6,114,1.2637963681248382e-30
6,115,1.738689476346212e-30
6,116,1.524187660150188e-31
6,117,2.221147992158045e-30
6,118,1.1187655733675453e-30
6,119,5.63484568060982e-31
6,120,5.451438449169468e-31
6,121,2.220974116308468e-30
6,122,1.4016497723397517e-30
6,123,7.245002252563136e-31
6,124,2.2865014115816575e-30
6,125,6.572564845832824e-16
6,126,3.6377449661139175e-30
6,127,1.333029734596779e-30
6,128,2.0222128570207012e-30
6,129,2.9460778910036908e-30
6,130,1.4419986947160472e-30
6,131,2.296430371535374e-30
6,132,1.683622441551784e-30
6,133,1.1405275251703786e-30
6,134,2.2887833992611074e-16
6,135,1.7011091021443717e-30
6,136,1.84772168035924e-30
6,137,1.2773176296479156e-30
6,138,1.3575053753401534e-30
6,139,3.371798312764852e-30
6,140,1.190991419728179e-30
6,141,2.923421389809854e-30
6,142,6.349696881498189e-31
6,143,2.5306233847848275e-30
6,144,1.5687836465471646e-32
6,145,5.680882637243165e-31
6,146,2.0473087786226066e-30
6,147,5.861138132251752e-31
6,148,2.489582182441254e-30
6,149,3.999058579879385e-30
7,8,8.862378277214892e-31
7,9,8.711562848523088e-31
7,10,2.3852484243431548e-30
7,11,6.587746378212041e-31
7,12,2.810815411437413e-30
7,13,1.3375652063123836e-30
7,14,1.9742037958231926e-30
7,15,9.915543121581085e-31
7,16,4.294090047985892e-31
7,17,1.2019169289191556e-30
7,18,1.4838923827916889e-30
7,19,1.6707186198681463e-30
7,20,1.0119432996155837e-30
7,21,4.011952699306664e-30
7,22,1.4837687479909954e-30
7,23,5.596427945622045e-31
7,24,2.8713577030522535e-30
7,25,1.326742227998131e-30
7,26,9.008653443306482e-31
7,27,2.5312235977377332e-30
7,28,9.69137942473076e-31
7,29,7.759153035014632e-31
7,30,2.3409727596662837e-30
7,31,1.3295710170904426e-30
7,32,4.33995477003042e-31
7,33,9.820451504479504e-31
7,34,1.217627035098617e-30
7,35,1.0416875509111858e-30
7,36,1.3643162585504685e-30
7,37,1.7327599826457183e-30
7,38,2.5064388637814464e-30
7,39,1.3260806824619517e-30
7,40,2.5561714486290818e-30
7,41,1.6681775224693382e-30
7,42,3.1927338815717076e-30
7,43,1.036659743259836e-30
7,44,6.924935234706755e-31
7,45,1.026956297778269e-15
7,46,1.4152301306732793e-30
7,47,2.5878363136990257e-30
7,48,9.884267898852157e-31
7,49,7.6390730943079165e-31
7,50,1.606133740656445e-30
7,51,1.0993372683611337e-30
7,52,1.3997862025545667e-30
7,53,5.294682939408445e-31
7,54,1.0524922919816488e-30
7,55,5.0508420858948335e-31
7,56,1.666180518055588e-30
7,57,4.666268515459396e-31
7,58,8.769133788174995e-31
7,59,9.975194141070057e-31
7,60,2.552324679595172e-30
7,61,2.0184079399497193e-30
7,62,6.6070917128011264e-31
7,63,3.4204515812317304e-31
7,64,1.3614647672689417e-30
7,65,1.1580505396697422e-30
7,66,9.505905459512027e-31
7,67,3.4095856797181354e-31
7,68,3.3734663906275415e-32
7,69,1.2916339624974231e-30
7,70,8.371021361805001e-31
7,71,2.9223375791588485e-31
7,72,1.621450461837211e-30
7,73,1.9204860171158185e-30
7,74,8.598895332665194e-31
7,75,3.5007566873675745e-31
7,76,1.1141210346820246e-30
7,77,7.271063992297498e-31
7,78,5.666028579100125e-30
7,79,1.7286495235242653e-30
7,80,6.632902860620809e-31
7,81,7.815328337032773e-30
7,82,4.853429669120259e-31
7,83,7.550667314002194e-31
7,84,6.48413970476213e-31
7,85,2.4446667518427053e-30
7,86,8.432473705748138e-31
7,87,1.1182398670394699e-30
7,88,4.710302403949746e-30
7,89,2.0239776682423677e-30
7,90,1.0527420592507419e-30
7,91,3.4995346037786446e-30
7,92,1.3606719917755275e-30
7,93,1.197190458615838e-30
7,94,1.279036051990929e-30
7,95,1.4387033833659087e-30
7,96,1.833526148903699e-30
7,97,6.3818605401695335e-31
7,98,1.5978766038235143e-30
7,99,2.400875169833922e-30
7,100,8.993842844102774e-31
7,101,1.6333123038046388e-30
7,102,8.402122714457557e-31
7,103,7.219674733563948e-31
7,104,1.9461790170305956e-30
7,105,2.070156329076216e-30
7,106,6.849286882244999e-31
7,107,3.3766115072321347e-16
7,108,2.1902688862582067e-30
7,109,9.577007192966734e-31
7,110,4.7365829237053086e-31
7,111,7.3315893206875446e-31
7,112,1.537216780415119e-30
7,113,2.2974865783583598e-30
7,114,1.154702114750187e-30
7,115,1.682984344656038e-30
7,116,2.661975475403663e-31
7,117,2.0279008485519365e-30
7,118,1.0342984208671637e-30
7,119,6.193880472403604e-31
7,120,7.120589070440097e-31
7,121,1.914638265260434e-30
7,122,1.2601012022433657e-30
7,123,8.497963329929968e-31
7,124,2.201261986291872e-30
7,125,1.4662971412828594e-30
7,126,3.3551731073754684e-30
7,127,1.1320405430978187e-30
7,128,1.7441188872165743e-30
7,129,2.7160149898143586e-30
7,130,1.3782471417466922e-30
7,131,2.0695379738055097e-30
7,132,1.753918990330256e-30
7,133,9.433220432432845e-31
7,134,3.376611507232121e-16
7,135,1.4813284022044954e-30
7,136,1.7593591629286425e-30
7,137,1.3008106589876438e-30
7,138,1.2688948681746401e-30
7,139,2.9299941294123128e-30
7,140,1.0983101221928088e-30
7,141,2.6977534275803228e-30
7,142,7.341676834595816e-31
7,143,2.386676911026715e-30
7,144,3.3737968003039854e-32
7,145,6.5720726817000655e-31
7,146,1.9447601426826552e-30
7,147,7.832681142111251e-31
7,148,2.2320893136021127e-30
7,149,3.603918716906848e-30
8,9,9.368001073259187e-31
8,10,2.0725690234523444e-30
8,11,2.1551824039560974e-30
8,12,4.479115137612849e-16
8,13,1.5683759183905965e-30
8,14,2.605991314906292e-30
8,15,2.17689187192402e-30
8,16,7.156160623885235e-31
8,17,1.1603305703661388e-30
8,18,1.660140927307066e-30
8,19,1.780245740576249e-30
8,20,1.1401601488923544e-30
8,21,6.48294733985944e-16
8,22,1.23865602045751e-30
8,23,9.853233609918591e-31
8,24,3.554648793514053e-30
8,25,1.0163181742658014e-30
8,26,4.1426300619975684e-30
8,27,5.525032997054202e-16
8,28,9.014200038028542e-31
8,29,1.5020671970689933e-30
8,30,2.161486340579433e-30
8,31,6.1324821500936345e-31
8,32,7.074808374515782e-31
8,33,9.314101642834426e-31
8,34,8.590581682249111e-31
8,35,4.6377139049402106e-30
8,36,2.720060944994602e-30
8,37,1.698748249363432e-30
8,38,1.8291558064983677e-30
8,39,1.500885042489764e-30
8,40,2.9548451935262613e-30
8,41,1.9628917766864917e-30
8,42,4.239579627673122e-30
8,43,1.5741562566725546e-30
8,44,2.707117509298752e-30
8,45,7.264992094003416e-16
8,46,1.0515775396968902e-30
8,47,2.0007520503746275e-30
8,48,1.2453212856018172e-30
8,49,1.1728381229515792e-30
8,50,9.66139232657985e-31
8,51,1.3374321724874993e-30
8,52,2.0596432248041544e-30
8,53,8.144829388322784e-31
8,54,2.4507203417392503e-30
8,55,2.577933239627415e-31
8,56,2.8355632273425397e-30
8,57,8.769309365645647e-31
8,58,1.9332823436452733e-30
8,59,1.1858620809283804e-30
8,60,1.8885075258495198e-30
8,61,2.0854196208265593e-30
8,62,1.28967839500529e-30
8,63,2.419728448944698e-31
8,64,2.421136150610563e-30
8,65,1.7539710785741563e-30
8,66,2.1448949372264287e-30
8,67,4.577807695796872e-31
8,68,1.4511980316806863e-31
8,69,1.5459541159122634e-30
8,70,1.99443996276274e-30
8,71,7.027391374100303e-31
8,72,1.2430205751015811e-30
8,73,9.99078545936374e-31
8,74,9.743174478227e-31
8,75,1.5188464263546937e-30
8,76,1.3795708137285328e-30
8,77,1.5975227770637344e-30
8,78,3.930661858047185e-30
8,79,1.653397129739806e-30
8,80,1.4947135989252587e-30
8,81,3.736339865633994e-30
8,82,1.08332012229207e-30
8,83,3.1498627165939693e-30
8,84,6.6597197999385e-31
8,85,2.293360977533069e-30
8,86,2.9842801960114565e-30
8,87,2.5418890548400952e-30
8,88,3.688578368527437e-30
8,89,2.464146720127551e-30
8,90,1.4152216585240642e-30
8,91,3.059509382499122e-30
8,92,1.35808008243565e-30
8,93,1.9547463303858182e-30
8,94,2.3996072716860996e-30
8,95,8.241271341461429e-31
8,96,1.5381474112950779e-30
8,97,2.3420471804365753e-30
8,98,1.3727811225305116e-30
8,99,2.579474088268119e-30
8,100,1.868196562118059e-30
8,101,1.6163886444710274e-30
8,102,2.199045486535336e-30
8,103,2.4080062033232345e-30
8,104,3.079132029531537e-30
8,105,3.281864754723341e-30
8,106,1.6219993238148985e-30
8,107,1.4525509981838254e-15
8,108,2.1857834098502523e-30
8,109,1.189884056478625e-30
8,110,5.155831240941595e-31
8,111,6.8035152402717495e-31
8,112,2.828751740617051e-30
8,113,4.801054445963319e-30
8,114,1.5207057719297578e-30
8,115,1.157917756086261e-30
8,116,7.648509776620147e-31
8,117,1.7814646924654995e-30
8,118,7.258961610327212e-31
8,119,7.45824051907391e-31
8,120,3.2036163068597454e-30
8,121,2.4783389611108025e-30
8,122,1.7812522874333447e-30
8,123,6.265876980777917e-31
8,124,1.6637443249776464e-30
8,125,3.5019510309262914e-16
8,126,2.2308866831270465e-30
8,127,1.620677094344819e-30
8,128,2.841630874316018e-30
8,129,2.0549383323706534e-30
8,130,2.1972180601006466e-30
8,131,1.5970971611894616e-30
8,132,1.5455036946554203e-30
8,133,1.4263885275900875e-30
8,134,5.295426327528117e-16
8,135,1.653441200760671e-30
8,136,1.163748749009979e-30
8,137,5.759057423775459e-31
8,138,1.2054936859029034e-30
8,139,4.035260600383995e-30
8,140,1.694454701766372e-30
8,141,2.0661227318172172e-30
8,142,2.1198853116758685e-30
8,143,1.969634087694035e-30
8,144,1.4513401673407404e-31
8,145,7.291537628099214e-31
8,146,1.9917457178016368e-30
8,147,2.3857882434512837e-30
8,148,2.4775498753505472e-30
8,149,4.753142324176448e-16
9,10,2.240171096997046e-30
9,11,1.0419178641151205e-30
9,12,4.327593253771952e-30
9,13,1.2680485262818075e-30
9,14,1.7683660538814965e-30
9,15,1.3095490614349595e-30
9,16,5.571080534709627e-31
9,17,8.078776374380844e-31
9,18,1.227723789591775e-30
9,19,1.3321275520638349e-30
9,20,9.845661761423353e-31
9,21,4.390738667007251e-30
9,22,1.1510936115797738e-30
9,23,6.213290661097161e-31
9,24,2.5258393122497645e-30
9,25,1.197556081210825e-30
9,26,2.5452464650247664e-30
9,27,4.16853726422518e-16
9,28,8.637361161108213e-31
9,29,8.910287692544345e-31
9,30,2.1885136011916474e-30
9,31,1.1966096587458437e-30
9,32,3.8777177693223995e-31
9,33,9.461851118560961e-31
9,34,1.014773669066672e-30
9,35,2.1617648799589548e-30
9,36,1.3796253661746032e-30
9,37,1.4729917775919261e-30
9,38,2.5898187924911973e-30
9,39,1.1678392450507461e-30
9,40,2.486523781989571e-30
9,41,1.5041944486151172e-30
9,42,2.8270247548601574e-30
9,43,1.1398604644110284e-30
9,44,1.5106316883266776e-30
9,45,8.851646454899427e-16
9,46,1.3971160666547673e-30
9,47,2.1912024245020573e-30
9,48,9.820939063457236e-31
9,49,7.109654183287469e-31
9,50,1.4483054517172817e-30
9,51,1.4984199121647087e-30
9,52,1.2080581785559834e-30
9,53,4.519506651252321e-31
9,54,1.4002547129655088e-30
9,55,4.433101409301386e-31
9,56,1.619622434663023e-30
9,57,4.431320362381256e-31
9,58,9.450593781323948e-31
9,59,1.2821473094495813e-30
9,60,2.390000070506353e-30
9,61,2.012616563750374e-30
9,62,6.3651370468640175e-31
9,63,2.9481905100212974e-31
9,64,1.142894883580972e-30
9,65,1.1425979447203828e-30
9,66,1.0730174190243695e-30
9,67,3.787716882444904e-31
9,68,7.049296991289775e-32
9,69,1.143923989540207e-30
9,70,1.1305492309060153e-30
9,71,3.468468226754604e-31
9,72,1.4674654683220286e-30
9,73,1.5287927153235231e-30
9,74,9.14868743229248e-31
9,75,6.984584811908783e-31
9,76,9.399194455778217e-31
9,77,8.310775391418975e-31
9,78,4.8340203826012315e-30
9,79,1.2553774147049279e-30
9,80,6.93858880296104e-31
9,81,7.000419107048352e-30
9,82,4.6928720377464985e-31
9,83,1.4895766585532446e-30
9,84,6.1761679004557584e-31
9,85,2.1760931175133475e-30
9,86,1.7122563398854673e-30
9,87,1.093574143346723e-30
9,88,4.1653713472524305e-30
9,89,1.8479874566504638e-30
9,90,8.560464905269674e-31
9,91,3.1266384902044485e-30
9,92,1.2024858402648051e-30
9,93,8.526663936964965e-31
9,94,1.6453723140722242e-30
9,95,1.4875529626649985e-30
9,96,1.5619047585911823e-30
9,97,1.0542172684600263e-30
9,98,1.5479697278739768e-30
9,99,2.0854356597771244e-30
9,100,9.790324779764363e-31
9,101,1.3130662166476092e-30
9,102,8.202996227874304e-31
9,103,1.4595211581053304e-30
9,104,1.8333043523896766e-30
9,105,1.47859553073953e-30
9,106,8.550368857494667e-31
9,107,7.055869121689408e-16
9,108,1.6794800726892357e-30
9,109,7.621285599278139e-31
9,110,5.0284663540490565e-31
9,111,4.429236537494635e-31
9,112,1.4720709480019998e-30
9,113,2.0602089131911577e-30
9,114,8.256712843647064e-31
9,115,1.4831182709038758e-30
9,116,4.608707389384523e-31
9,117,1.5962250288604567e-30
9,118,8.982469152679386e-31
9,119,6.303744120543116e-31
9,120,1.4769340211587118e-30
9,121,1.731249172838555e-30
9,122,1.1372507608910028e-30
9,123,7.636518250301108e-31
9,124,1.591235902102758e-30
9,125,1.4255179079475599e-30
9,126,2.9460044948830637e-30
9,127,1.1523713667672682e-30
9,128,1.4886661490294648e-30
9,129,2.3176743914353055e-30
9,130,1.4484238530592298e-30
9,131,1.6979274734334542e-30
9,132,1.6711844970749974e-30
9,133,1.0173321079484298e-30
9,134,5.026748538604324e-16
9,135,1.2969790453591104e-30
9,136,1.652949138097082e-30
9,137,1.1059254218197902e-30
9,138,9.977185171250757e-31
9,139,2.636441779996455e-30
9,140,9.208619407634955e-31
9,141,2.3107585400016497e-30
9,142,1.1114339145824441e-30
9,143,2.079675091211379e-30
9,144,7.049987425302848e-32
9,145,7.136639249963948e-31
9,146,1.2295239425694627e-30
9,147,1.2580853546003285e-30
9,148,1.8979105336694703e-30
9,149,3.5975337699988586e-16
10,11,1.7129079872015692e-30
10,12,5.5879410398723684e-30
10,13,3.1723024597986575e-30
10,14,4.536492969957794e-30
10,15,1.9991079043750274e-30
10,16,1.14665648674427e-30
10,17,2.1087825633311233e-30
10,18,3.307504811166648e-30
10,19,3.4366689071550235e-30
10,20,2.552023144767561e-30
10,21,8.234803782839915e-16
10,22,3.1494721497664265e-30
10,23,1.4724764733232768e-30
10,24,6.501910213420552e-30
10,25,2.968778332547478e-30
10,26,2.8323105144836282e-30
10,27,8.880496613591615e-16
10,28,2.223640119062417e-30
10,29,1.8073914457568015e-30
10,30,5.477956478283879e-30
10,31,2.9047143546441802e-30
10,32,9.894939868663751e-31
10,33,2.212456425698102e-30
10,34,1.5705004354211592e-16
10,35,2.9127856654826948e-30
10,36,3.239631867413598e-30
10,37,3.8298598048510704e-30
10,38,6.418774435973606e-30
10,39,2.9302409079650114e-30
10,40,6.2148386634593004e-30
10,41,3.847977141952429e-30
10,42,7.264044968283557e-30
10,43,2.4260563727848015e-30
10,44,1.6679396747189716e-30
10,45,2.3072585235343657e-15
10,46,3.4742985945070974e-30
10,47,5.807279704713904e-30
10,48,2.3898206906563815e-30
10,49,1.8220074877974914e-30
10,50,3.5754797962045264e-30
10,51,1.5438525739354999e-30
10,52,3.1119191816226716e-30
10,53,1.1422690209584626e-30
10,54,2.483596009579047e-30
10,55,1.1249609872072159e-30
10,56,3.6833129372068775e-30
10,57,1.0666683312488378e-30
10,58,2.2248913655062207e-30
10,59,3.0121925506367895e-30
10,60,6.051039757357755e-30
10,61,5.000575775752507e-30
10,62,1.3250992850591405e-30
10,63,7.6847146097714935e-31
10,64,3.0145704299836375e-30
10,65,2.6374421092049243e-30
10,66,2.280175587253418e-30
10,67,8.55661292971308e-31
10,68,9.014292751063252e-32
10,69,2.9996050687470295e-30
10,70,2.3482942974587752e-30
10,71,5.8987463520524915e-31
10,72,3.7631912369220296e-30
10,73,3.989787825359962e-30
10,74,2.2898938053463132e-30
10,75,9.8488393323394e-31
10,76,2.4790477297998008e-30
10,77,1.6938978183806894e-30
10,78,1.2746126243536684e-29
10,79,3.609868621713332e-30
10,80,1.6622929992626492e-30
10,81,2.7376259434142156e-16
10,82,1.091526149877295e-30
10,83,2.0471934983145144e-30
10,84,1.5454893250067647e-30
10,85,5.6198355319613336e-30
10,86,1.8361250346971546e-30
10,87,2.386976709759655e-30
10,88,1.0757816186962154e-29
10,89,4.712686566210657e-30
10,90,2.2761258498504144e-30
10,91,8.03827185242624e-30
10,92,3.1148799970068347e-30
10,93,2.5993719631255205e-30
10,94,2.78496674452168e-30
10,95,3.6395525936795166e-30
10,96,4.110113780004064e-30
10,97,1.5853959828585724e-30
10,98,3.834852693852591e-30
10,99,4.785229708569392e-30
10,100,2.229858776408535e-30
10,101,3.465536454954229e-30
10,102,2.2023417218511887e-30
10,103,1.8017196869906535e-30
10,104,4.600272622889511e-30
10,105,4.29495778602374e-30
10,106,1.5358123988943147e-30
10,107,9.022696866749355e-16
10,108,4.595836868376068e-30
10,109,2.1470410033181877e-30
10,110,1.1795979427432398e-30
10,111,1.3469290369104514e-30
10,112,3.552087177361312e-30
10,113,2.8508637928379055e-16
10,114,2.419088271571506e-30
10,115,3.831372145785023e-30
10,116,5.5901586070325345e-31
10,117,4.2039954353765624e-30
10,118,2.3429627756353778e-30
10,119,1.0316983768544192e-30
10,120,2.0096779569832876e-30
10,121,4.5260363381825114e-30
10,122,2.7514637394120186e-30
10,123,1.508794816865836e-30
10,124,4.4434535472146225e-30
10,125,2.6918973635257646e-16
10,126,7.555256095965183e-30
10,127,2.819458335310716e-30
10,128,3.955695234680067e-30
10,129,6.244169221281978e-30
10,130,3.100896090484954e-30
10,131,4.512855291926054e-30
10,132,3.9814085031543266e-30
10,133,2.4029493885158517e-30
10,134,9.485305533205815e-16
10,135,3.363855520269464e-30
10,136,4.1513564482140455e-30
10,137,2.681400240988351e-30
10,138,2.6831750401802906e-30
10,139,6.77633258112026e-30
10,140,2.239848288479503e-30
10,141,5.993023240151611e-30
10,142,1.5807900212187536e-30
10,143,5.1365395772516114e-30
10,144,9.015175643971129e-32
10,145,1.4504400286622079e-30
10,146,3.6478115232777475e-30
10,147,1.914045141768233e-30
10,148,4.91363684961928e-30
10,149,3.3709029460790666e-16
11,12,5.6334721066401596e-30
11,13,1.3379939836941524e-30
11,14,2.103391277446325e-30
11,15,2.126133955566854e-30
11,16,3.802745319684682e-31
11,17,7.500093764056152e-31
11,18,1.4078625907615333e-30
11,19,1.5045398032558724e-30
11,20,9.759955619244934e-31
11,21,2.7272368726522398e-30
11,22,9.457458128660914e-31
11,23,8.937344066248535e-31
11,24,2.8481215530426617e-30
11,25,8.773040658735539e-31
11,26,4.016144689254295e-30
11,27,4.706698331666719e-16
11,28,7.275171445926871e-31
11,29,1.421633517440322e-30
11,30,1.5951449271619878e-30
11,31,8.052595218944478e-31
11,32,5.933532120838892e-31
11,33,9.752710081583131e-31
11,34,7.346821196733302e-31
11,35,4.341467699181276e-30
11,36,2.4464187139949718e-30
11,37,1.5733709283946011e-30
11,38,1.7731159777470744e-30
11,39,1.0157543915021624e-30
11,40,2.5181044900154656e-30
11,41,1.593275701013063e-30
11,42,3.444598404834176e-30
11,43,1.5117811953043756e-30
11,44,2.6487676571914525e-30
11,45,6.030054506389718e-16
11,46,9.76355101437445e-31
11,47,1.6352224804777828e-30
11,48,1.0993409061972354e-30
11,49,1.0262893365424562e-30
11,50,8.529236188567691e-31
11,51,1.7208869467065895e-30
11,52,1.7402885083249097e-30
11,53,7.124302094724933e-31
11,54,2.3557011683985904e-30
11,55,2.6255595631554507e-31
11,56,2.6481125549550763e-30
11,57,7.488118692943771e-31
11,58,1.7920742853186554e-30
11,59,1.0398583413471756e-30
11,60,1.60041471466757e-30
11,61,1.6940105766108354e-30
11,62,1.157852948083308e-30
11,63,2.0084116058215656e-31
11,64,2.0370732626985818e-30
11,65,1.7482463333524156e-30
11,66,1.828284902549415e-30
11,67,3.8652867910321436e-31
11,68,1.3759783576343413e-31
11,69,1.3506432426163743e-30
11,70,1.842564759538402e-30
11,71,6.538239273112158e-31
11,72,9.932805663332353e-31
11,73,9.701495391014241e-31
11,74,7.86917289068035e-31
11,75,1.4196834618600481e-30
11,76,1.1849213983903587e-30
11,77,1.6186684995727917e-30
11,78,3.269725123517252e-30
11,79,1.240607620885631e-30
11,80,1.3656955206615272e-30
11,81,4.059715162082722e-30
11,82,9.413417700123638e-31
11,83,2.9700077257523295e-30
11,84,5.663951578820228e-31
11,85,1.8475011746689574e-30
11,86,3.0301824946371003e-30
11,87,2.1617277641422582e-30
11,88,2.9629166805948152e-30
11,89,2.0054361070129554e-30
11,90,1.1475053874035282e-30
11,91,2.428180629370288e-30
11,92,9.815457769212913e-31
11,93,1.6183686742892614e-30
11,94,2.4388877490663773e-30
11,95,9.521176552506856e-31
11,96,1.2057206411748251e-30
11,97,2.1675244948909286e-30
11,98,1.2381625595879919e-30
11,99,2.3406175520911432e-30
11,100,1.7036921066943706e-30
11,101,1.3507252557269773e-30
11,102,2.072433936861588e-30
11,103,2.338689260899914e-30
11,104,2.8461874477691093e-30
11,105,2.5632853282045965e-30
11,106,1.4846393303361046e-30
11,107,1.377261196079738e-15
11,108,1.5874837839338167e-30
11,109,1.2157791980742067e-30
11,110,4.052417977060259e-31
11,111,4.281839277746316e-31
11,112,2.3920541173103833e-30
11,113,3.885724216481462e-30
11,114,1.084090391366584e-30
11,115,1.0694963588772035e-30
11,116,7.844836963166585e-31
11,117,1.2299315108624623e-30
11,118,6.17193294228204e-31
11,119,7.246531835080252e-31
11,120,2.9227228869902726e-30
11,121,2.130972737999299e-30
11,122,1.5436529113807666e-30
11,123,6.875027737540264e-31
11,124,1.2553089729555802e-30
11,125,2.4500472503895925e-30
11,126,1.9175017958968405e-30
11,127,1.3847672362453942e-30
11,128,2.3816873584789642e-30
11,129,1.6498680607228457e-30
11,130,2.3606346182360932e-30
11,131,1.2167337174246927e-30
11,132,1.4782167207449273e-30
11,133,1.2515829068961983e-30
11,134,2.8339244640771095e-16
11,135,1.3193771094960802e-30
11,136,9.557953295394191e-31
11,137,7.98803900034848e-31
11,138,1.0504366690324044e-30
11,139,3.423877974236878e-30
11,140,1.5288076845133277e-30
11,141,1.7532926767966714e-30
11,142,2.1212781533461423e-30
11,143,1.9894323572188895e-30
11,144,1.3761131260035184e-31
11,145,8.270602206086916e-31
11,146,1.3297386415564327e-30
11,147,2.269367475584786e-30
11,148,1.9484767830252687e-30
11,149,2.8908940779129035e-30
12,13,3.976038205847786e-30
12,14,4.898107793851205e-30
12,15,7.14359374802094e-30
12,16,2.6972780341650056e-30
12,17,4.236972697981524e-30
12,18,4.185465919991975e-30
12,19,6.252977297679552e-30
12,20,3.487808556460199e-30
12,21,3.64755920814963e-15
12,22,3.181806892414919e-30
12,23,2.2287854630527165e-30
12,24,6.779455321154116e-30
12,25,4.161622284811977e-30
12,26,1.2611984001827891e-29
12,27,2.1064293019743697e-15
12,28,2.2492299215890026e-30
12,29,4.730317528389837e-30
12,30,5.902904602932333e-30
12,31,4.321383906810934e-30
12,32,1.336238889917572e-30
12,33,3.9417394141609284e-30
12,34,1.982406437429214e-15
12,35,1.2212227026560392e-29
12,36,6.616814240265698e-30
12,37,6.93988868072232e-30
12,38,7.22855085334183e-30
12,39,3.681825222569222e-30
12,40,6.744637460876277e-30
12,41,3.803916337380869e-30
12,42,1.3911065442250734e-15
12,43,5.2706177216666596e-30
12,44,8.339687292831627e-30
12,45,2.4053326997290076e-15
12,46,4.181346695123348e-30
12,47,6.163330238333189e-30
12,48,2.7596801096067003e-30
12,49,2.6671727452028302e-30
12,50,4.813362538580434e-30
12,51,8.952174431730492e-30
12,52,4.436133878960088e-30
12,53,2.132857908755591e-30
12,54,8.578447921841863e-30
12,55,1.373232129058495e-30
12,56,8.360342798574097e-30
12,57,1.7870377318794992e-30
12,58,3.367087206985211e-16
12,59,3.423192781331279e-30
12,60,6.3750904255879e-30
12,61,4.862222585102972e-30
12,62,2.0215670317611454e-15
12,63,8.011367235368802e-31
12,64,1.843519427442566e-15
12,65,7.185993500378532e-30
12,66,5.381847173930119e-30
12,67,1.1192279558227443e-30
12,68,3.994032815896071e-31
12,69,4.86843931850906e-30
12,70,4.807390478930877e-30
12,71,1.9481767766362567e-30
12,72,4.057294507786206e-30
12,73,5.833603893272906e-30
12,74,2.25239093562917e-30
12,75,4.007438851222104e-30
12,76,5.649045913596106e-30
12,77,4.9695016343888915e-30
12,78,1.4495218271899514e-29
12,79,3.394260255926449e-30
12,80,3.837127437631896e-30
12,81,1.5988651469297133e-15
12,82,2.253568789198707e-30
12,83,8.626446621924002e-30
12,84,1.6309438755321e-30
12,85,5.718430035497241e-30
12,86,9.666026819354975e-30
12,87,6.587546301317078e-30
12,88,1.1141343468397714e-29
12,89,4.947488412996182e-30
12,90,2.989061671281907e-30
12,91,8.374399649637375e-30
12,92,3.3961091642836555e-30
12,93,3.643154889278305e-30
12,94,8.75667964919755e-30
12,95,4.863290804068831e-30
12,96,3.962024762602966e-30
12,97,6.122284334201364e-30
12,98,6.465833796845068e-30
12,99,9.499221815920919e-30
12,100,4.13781036831972e-30
12,101,5.246598633538706e-30
12,102,4.8614927741119956e-30
12,103,7.479977219473472e-30
12,104,8.430104756658633e-30
12,105,1.5119999733316532e-15
12,106,4.3476533196038864e-30
12,107,4.627713243783843e-15
12,108,4.873934425643818e-30
12,109,4.706314443194399e-30
12,110,1.4546522453710024e-30
12,111,1.9214704264612196e-30
12,112,6.435107374353976e-30
12,113,3.474841678002493e-15
12,114,2.8039014603042207e-30
12,115,5.186953608467992e-30
12,116,2.6045684299611754e-30
12,117,5.439835214492626e-30
12,118,3.5404774265152085e-30
12,119,3.371031919462125e-30
12,120,9.747004377490925e-30
12,121,5.413389844142885e-30
12,122,5.112092224417398e-30
12,123,3.5484079223727e-30
12,124,5.293561794262469e-30
12,125,1.687076455479346e-15
12,126,8.609097118951055e-30
12,127,3.555712975787051e-30
12,128,5.245102826972836e-30
12,129,6.399940719241348e-30
12,130,6.656006765312973e-16
12,131,5.1162134372979526e-30
12,132,6.893251683418284e-30
12,133,3.81356285942182e-30
12,134,2.510895868982342e-15
12,135,3.399846028277384e-30
12,136,5.059875265831305e-30
12,137,4.4267941574532194e-30
12,138,3.769635490874263e-30
12,139,7.920268548138602e-30
12,140,5.157845764574613e-30
12,141,7.419462351133923e-30
12,142,6.80540014843449e-30
12,143,8.849052320479194e-30
12,144,3.99442400612523e-31
12,145,3.340681181290325e-30
12,146,4.848754677461054e-30
12,147,6.998661609406997e-30
12,148,6.0859924865799534e-30
12,149,2.846113233112341e-15
13,14,2.7809832705440776e-30
13,15,1.3183768274037311e-30
13,16,7.981630705601559e-31
13,17,1.3956518358799958e-30
13,18,1.9427443343851117e-30
13,19,1.9845687242197783e-30
13,20,1.6304261730402378e-30
13,21,5.285415200657075e-16
13,22,1.8407729899047566e-30
13,23,8.49741808739189e-31
13,24,3.97142031849525e-30
13,25,1.7343661820329404e-30
13,26,2.3366439502110024e-30
13,27,5.578801654593738e-16
13,28,1.333638006337247e-30
13,29,1.195486480876201e-30
13,30,3.1490589621312348e-30
13,31,1.6942992315173747e-30
13,32,6.152859866964848e-31
13,33,1.3017950980640219e-30
13,34,1.869314922370003e-30
13,35,2.7186198762603884e-30
13,36,2.0295353554525138e-30
13,37,2.21877072762967e-30
13,38,3.5961915333997486e-30
13,39,1.7640991302085835e-30
13,40,3.641163531745868e-30
13,41,2.2876991919968214e-30
13,42,4.4842458874337155e-30
13,43,1.5449467588470564e-30
13,44,1.5519181823736404e-30
13,45,1.3499314476591763e-15
13,46,2.0904939692661203e-30
13,47,3.242109380583142e-30
13,48,1.4465203381470095e-30
13,49,1.0558284109082259e-30
13,50,2.218837896404858e-30
13,51,9.980616081097932e-31
13,52,1.8919347878551892e-30
13,53,7.418336301669752e-31
13,54,1.7324804772107046e-30
13,55,6.553552126398207e-31
13,56,2.170278010790405e-30
13,57,6.915678113418393e-31
13,58,1.3670613748201586e-30
13,59,1.7312148469034422e-30
13,60,3.591813287332994e-30
13,61,2.9029929477302433e-30
13,62,8.977277127600091e-31
13,63,4.496174924570364e-31
13,64,1.877639519742232e-30
13,65,1.5595004105198159e-30
13,66,1.3676149229481096e-30
13,67,5.338096488538447e-31
13,68,8.489326845061654e-32
13,69,1.6830532965596776e-30
13,70,1.4858968241294292e-30
13,71,4.112845168707579e-31
13,72,2.1104006031830247e-30
13,73,2.5580765238425515e-30
13,74,1.3283848758131406e-30
13,75,9.132451091579452e-31
13,76,1.5083733349543437e-30
13,77,1.0983914832736746e-30
13,78,7.182063373591673e-30
13,79,2.0824670532929195e-30
13,80,9.0175239703614e-31
13,81,1.0479365176969025e-29
13,82,7.198150891903267e-31
13,83,1.889494975612167e-30
13,84,9.267467515978908e-31
13,85,3.3027310960432174e-30
13,86,1.7624747398189484e-30
13,87,1.7146801002996848e-30
13,88,6.400664643853504e-30
13,89,2.846140666732425e-30
13,90,1.3706978900092725e-30
13,91,4.753103542183585e-30
13,92,1.8207355797575802e-30
13,93,1.584274625383047e-30
13,94,1.9422178003812457e-30
13,95,2.368870212805447e-30
13,96,2.341887148042005e-30
13,97,1.443572445536797e-30
13,98,2.2163765093110836e-30
13,99,3.024113054156436e-30
13,100,1.4254125126955043e-30
13,101,2.0615360093278667e-30
13,102,1.6801413424382084e-30
13,103,1.4293945019841676e-30
13,104,2.7159411406349596e-30
13,105,2.6347671401941637e-30
13,106,1.0673466912867087e-30
13,107,8.497241529759975e-16
13,108,2.8977258442845363e-30
13,109,1.20858119273796e-30
13,110,7.409380727913372e-31
13,111,7.299931878304575e-31
13,112,2.2351817752100347e-30
13,113,5.551115123125934e-17
13,114,1.4057509753691572e-30
13,115,2.129873500336931e-30
13,116,4.921046855509511e-31
13,117,2.6687074489855084e-30
13,118,1.385197150758804e-30
13,119,5.582495200873052e-31
13,120,1.8582220868882083e-30
13,121,2.8259591801344515e-30
13,122,1.6489576843902393e-30
13,123,9.021599964549685e-31
13,124,2.4913933666562908e-30
13,125,6.231497991980106e-16
13,126,4.422189163143476e-30
13,127,1.6685183595417655e-30
13,128,2.4374467785062222e-30
13,129,3.510912396746308e-30
13,130,1.789717198021003e-30
13,131,2.7763178920618696e-30
13,132,2.0601987511691242e-30
13,133,1.4855542238864693e-30
13,134,6.389813363550561e-16
13,135,2.0232203407239194e-30
13,136,2.2743316936437464e-30
13,137,1.5234436061828746e-30
13,138,1.5519658082624699e-30
13,139,4.039480448974674e-30
13,140,1.4574769426578856e-30
13,141,3.4198327418895124e-30
13,142,1.4926849234879795e-30
13,143,3.2246891128590235e-30
13,144,8.490158320882457e-32
13,145,9.172252161577628e-31
13,146,2.1861722938808803e-30
13,147,1.4941219639119718e-30
13,148,2.9311960596537592e-30
13,149,5.309954273421676e-16
14,15,2.343981286206034e-30
14,16,4.262537897008521e-31
14,17,2.0676164230058645e-30
14,18,3.08787931219736e-30
14,19,2.9316642472010714e-30
14,20,2.0462220203978644e-30
14,21,8.04206126368758e-30
14,22,2.8113815180796267e-30
14,23,1.4306808154894347e-30
14,24,6.506323140962748e-30
14,25,2.2024222962231073e-30
14,26,4.182663973427791e-30
14,27,6.4133365923502e-30
14,28,2.0338565951461114e-30
14,29,1.545202224888376e-30
14,30,4.6061636673938004e-30
14,31,1.895241414596627e-30
14,32,1.0571739561884607e-30
14,33,1.4611746381661904e-30
14,34,2.2426532491045852e-30
14,35,3.514634001120663e-30
14,36,3.551564082593255e-30
14,37,3.279941703294178e-30
14,38,4.958089350494091e-30
14,39,2.6679111980766354e-30
14,40,5.565515311274031e-30
14,41,3.632515640057387e-30
14,42,7.482004345543531e-30
14,43,1.2646592107074016e-30
14,44,1.9794291565976205e-30
14,45,1.9389211565826697e-15
14,46,2.7294868991953323e-30
14,47,4.809751357373426e-30
14,48,2.2859831382808252e-30
14,49,1.755932835950713e-30
14,50,2.8285651851919074e-30
14,51,8.786981797107666e-31
14,52,3.198005215368777e-30
14,53,1.1490473178849453e-30
14,54,2.2013166601572923e-30
14,55,8.386375003484178e-31
14,56,3.165789094760408e-30
14,57,1.2109750481369944e-30
14,58,2.367925139911642e-30
14,59,2.4914286757146883e-30
14,60,5.041291849566902e-30
14,61,4.346329331207637e-30
14,62,1.4009759039613954e-30
14,63,6.457904732912761e-31
14,64,3.13326262230193e-30
14,65,2.2918432131708475e-30
14,66,2.028336792786282e-30
14,67,8.580418743593383e-31
14,68,9.493127981330765e-32
14,69,2.620726527323531e-30
14,70,2.4746503638681275e-30
14,71,6.505443110347738e-31
14,72,3.00404394390192e-30
14,73,3.1319346561715447e-30
14,74,1.9579346533344222e-30
14,75,9.622968714822572e-31
14,76,2.2693444142372762e-30
14,77,1.725044440621424e-30
14,78,1.0496790393762952e-29
14,79,3.304843265834195e-30
14,80,1.5495133416227731e-30
14,81,1.2110179132838126e-29
14,82,1.28198526463064e-30
14,83,2.179683849192353e-30
14,84,1.3784157038689027e-30
14,85,4.981537241494799e-30
14,86,2.1411265978138888e-30
14,87,2.299365552026479e-30
14,88,9.320743685393996e-30
14,89,4.659333661564216e-30
14,90,2.2879662323176734e-30
14,91,7.071997640764877e-30
14,92,2.6574901209288402e-30
14,93,2.6770793092386447e-30
14,94,1.0220467952036499e-30
14,95,2.569329654633999e-30
14,96,3.518103846775942e-30
14,97,1.7454311181576776e-30
14,98,2.9689251920302677e-30
14,99,3.8041699222956415e-30
14,100,2.4225787080842234e-30
14,101,2.9419257165200632e-30
14,102,2.066604567541236e-30
14,103,2.4962407523416003e-30
14,104,4.352719518213014e-30
14,105,4.437043049242284e-30
14,106,1.8861725993782222e-30
14,107,9.501978519912215e-16
14,108,4.504884363269682e-30
14,109,1.6863468336483215e-30
14,110,9.55425979156513e-31
14,111,1.1110976771936394e-30
14,112,3.879335481251024e-30
14,113,6.166858332000397e-30
14,114,2.3468480730637345e-30
14,115,2.7070601830587417e-30
14,116,4.111977684180601e-31
14,117,3.859580647751794e-30
14,118,1.8868569819414486e-30
14,119,9.273164151768823e-31
14,120,2.239098432572682e-30
14,121,4.362105975310329e-30
14,122,2.760122511853472e-30
14,123,8.340846573913007e-31
14,124,3.7171698433533016e-30
14,125,3.595558148580092e-30
14,126,6.130211421344742e-30
14,127,2.6915697104055522e-30
14,128,4.2124898371609006e-30
14,129,4.98990000737948e-30
14,130,2.8618556594388343e-30
14,131,4.021136540129517e-30
14,132,2.302864001395812e-30
14,133,2.356285978059597e-30
14,134,1.2412670766236294e-16
14,135,3.2691346376261865e-30
14,136,2.921429261003652e-30
14,137,1.809117397379327e-30
14,138,2.355848622631276e-30
14,139,6.632502864187942e-30
14,140,2.186181454085835e-30
14,141,5.00974234477186e-30
14,142,1.4268195214957262e-30
14,143,4.1674131418116846e-30
14,144,9.494057773118067e-32
14,145,5.695602796274679e-31
14,146,3.51182322146774e-30
14,147,1.447169816696308e-30
14,148,4.5677410861833806e-30
14,149,7.307233896901354e-30
15,16,5.131699416886524e-31
15,17,1.1640448904756393e-30
15,18,1.6068752653792622e-30
15,19,1.7021789550212213e-30
15,20,1.1235901916149833e-30
15,21,3.90538319660072e-30
15,22,1.3149074126256626e-30
15,23,9.030362831967696e-31
15,24,3.2895889972085596e-30
15,25,1.4176688057184096e-30
15,26,4.962788504021767e-30
15,27,3.1031676915590825e-16
15,28,9.750361646701595e-31
15,29,1.8009374405303473e-30
15,30,2.2010743744446026e-30
15,31,1.4716107285872005e-30
15,32,6.155325263961118e-31
15,33,1.3637534391279692e-30
15,34,1.504437221141652e-30
15,35,4.7373357976724905e-30
15,36,2.6160803248389763e-30
15,37,1.9375802560708965e-30
15,38,2.2793383248741334e-30
15,39,1.3874093431560518e-30
15,40,2.6830997734007877e-30
15,41,1.7760687182357898e-30
15,42,3.8318986400815376e-30
15,43,1.8818408491198698e-30
15,44,3.196627962478352e-30
15,45,9.473559806558728e-16
15,46,1.4490299088252458e-30
15,47,2.198639762052137e-30
15,48,1.1867060610968272e-30
15,49,1.1467147907227072e-30
15,50,1.6734240443048152e-30
15,51,2.5259238763446752e-30
15,52,1.8441163371532465e-30
15,53,7.988047245839644e-31
15,54,2.7957998974635795e-30
15,55,4.8909530440395395e-31
15,56,3.0786084481796517e-30
15,57,7.930999756500274e-31
15,58,1.8961569229683626e-30
15,59,1.3280580852398292e-30
15,60,2.483554619745672e-30
15,61,2.2659516138257346e-30
15,62,1.2495638035028974e-30
15,63,3.155329266721485e-31
15,64,2.0950184284240654e-30
15,65,2.184289713513494e-30
15,66,2.2838611998744186e-30
15,67,4.831566498892259e-31
15,68,1.5533595780167109e-31
15,69,1.4631342819155593e-30
15,70,1.771093047352523e-30
15,71,7.422487321728904e-31
15,72,1.4539402468107864e-30
15,73,1.931357673925168e-30
15,74,9.505226184138723e-31
15,75,1.5592618651974733e-30
15,76,1.211760035414583e-30
15,77,1.704533636710436e-30
15,78,5.199035098834153e-30
15,79,1.4465906469987925e-30
15,80,1.5290819272794315e-30
15,81,8.031710730631132e-30
15,82,1.0192352892356002e-30
15,83,3.302715424043601e-30
15,84,6.897977923549539e-31
15,85,2.3345905669161378e-30
15,86,3.631254449657155e-30
15,87,2.1757197162357217e-30
15,88,4.548255067442174e-30
15,89,2.3106152718071702e-30
15,90,1.240783945598747e-30
15,91,3.3686176531822236e-30
15,92,1.2565046943854347e-30
15,93,1.592580109852009e-30
15,94,3.0798677700883484e-30
15,95,1.700343035982885e-30
15,96,1.6414098949761426e-30
15,97,2.325111316442125e-30
15,98,1.654684750134885e-30
15,99,3.0956843625552036e-30
15,100,1.627028952283433e-30
15,101,1.5596976649729582e-30
15,102,1.7074194806192248e-30
15,103,2.8918294467674584e-30
15,104,3.2488566511748246e-30
15,105,2.233553744922153e-30
15,106,1.7333696006623545e-30
15,107,1.554807790755777e-15
15,108,2.2381954310122905e-30
15,109,1.3425152960641048e-30
15,110,4.973866504885888e-31
15,111,5.2253668818173805e-31
15,112,2.8216912120101202e-30
15,113,3.9531377277930286e-30
15,114,1.067523476037059e-30
15,115,1.7550071993162924e-30
15,116,9.412404457227534e-31
15,117,2.046955829886465e-30
15,118,1.0166685413176684e-30
15,119,1.1324878735130768e-30
15,120,3.313057949532265e-30
15,121,2.438071450776239e-30
15,122,1.7876336886601806e-30
15,123,1.3843665857296581e-30
15,124,1.8461524832268798e-30
15,125,2.7401006760400765e-30
15,126,3.1519681749566665e-30
15,127,1.3676799310894598e-30
15,128,2.3693964990673337e-30
15,129,2.405309792348332e-30
15,130,2.5621942836171538e-30
15,131,2.1006129848634693e-30
15,132,2.256758819156882e-30
15,133,1.388130169308413e-30
15,134,5.580268406146699e-16
15,135,1.5753137291536774e-30
15,136,1.6891992707163972e-30
15,137,1.480669912510374e-30
15,138,1.1962290881185445e-30
15,139,3.583404154257405e-30
15,140,1.60856470981168e-30
15,141,2.510313407406145e-30
15,142,2.3652057867115553e-30
15,143,2.7631314692442985e-30
15,144,1.5535117197534717e-31
15,145,1.1571826234791093e-30
15,146,1.6525328707210742e-30
15,147,2.676342348156065e-30
15,148,2.2796513350906513e-30
15,149,1.1443916996305798e-16
16,17,4.964925064526795e-31
16,18,3.408609078522788e-31
16,19,9.264158406092349e-31
16,20,6.574491907232003e-31
16,21,1.2532634474187943e-30
16,22,4.546020581728772e-31
16,23,1.9436317935316874e-31
16,24,5.431814222785246e-31
16,25,4.93556810651152e-31
16,26,1.4152939750241172e-30
16,27,2.4827765763866917e-16
16,28,1.8946284091699911e-31
16,29,5.049253926704464e-31
16,30,9.578223807064256e-31
16,31,1.9523252088557552e-31
16,32,1.1758178027231225e-31
16,33,1.7484723111240723e-31
16,34,7.521755627854404e-31
16,35,5.9039871954336365e-31
16,36,4.8236339130455705e-31
16,37,9.251085681949985e-31
16,38,1.0196028049425035e-30
16,39,6.5849065926377595e-31
16,40,7.712414924894689e-31
16,41,5.274726947916765e-31
16,42,6.687094668742894e-31
16,43,8.215083620557943e-31
16,44,8.416924753542202e-31
16,45,1.8094421531119186e-16
16,46,7.141133230581258e-31
16,47,8.004679466581903e-31
16,48,3.6592086608067746e-31
16,49,1.7981218843005042e-31
16,50,4.144985698055583e-31
16,51,1.1043338822840022e-30
16,52,1.01323369723605e-30
16,53,1.293167378084331e-31
16,54,1.215666961916917e-30
16,55,8.261081838803747e-32
16,56,9.806726444720809e-31
16,57,1.4581005420036505e-31
16,58,4.025349198003467e-31
16,59,1.0841012044474459e-30
16,60,7.898427712311142e-31
16,61,1.0951354971293522e-30
16,62,8.3250351121628e-31
16,63,6.026653020336515e-32
16,64,7.001917024301143e-31
16,65,6.1779833498280175e-31
16,66,6.791894527348811e-31
16,67,2.60425766021404e-31
16,68,1.240110908765695e-32
16,69,5.55170382306958e-31
16,70,9.459196647705193e-31
16,71,1.8875824721137754e-31
16,72,7.468940991925948e-31
16,73,4.335725624930079e-31
16,74,6.945003671250837e-31
16,75,2.599709225583214e-31
16,76,5.633162192286206e-31
16,77,6.1342198588248755e-31
16,78,9.951080119205594e-31
16,79,6.598417239795359e-31
16,80,1.7006340723696045e-31
16,81,1.438652996516135e-30
16,82,2.7189253787220993e-31
16,83,4.957780200727983e-31
16,84,1.9761051101619716e-31
16,85,4.857422763668578e-31
16,86,5.808389116004067e-31
16,87,1.1784894869748164e-30
16,88,9.22587384739766e-31
16,89,4.21547052632333e-31
16,90,5.12064929110406e-31
16,91,6.7743190013849345e-31
16,92,3.3554545452089865e-31
16,93,6.853012931278576e-31
16,94,7.125119273735423e-31
16,95,1.0827580273677369e-30
16,96,1.0934134095488944e-30
16,97,6.207239415184913e-31
16,98,4.529245590639913e-31
16,99,6.597788492667551e-31
16,100,6.4590572240157525e-31
16,101,9.412041644944642e-31
16,102,1.2014211133001616e-30
16,103,8.60480056040994e-31
16,104,8.226501790288756e-31
16,105,1.5708058306532125e-30
16,106,4.0935788753195905e-31
16,107,1.2412670766236415e-16
16,108,3.8290248331943985e-31
16,109,5.121992202715805e-31
16,110,5.841802711005449e-31
16,111,9.100913864291152e-31
16,112,7.1337227516868655e-31
16,113,9.666891489847489e-31
16,114,8.696991316182885e-31
16,115,4.583518927713552e-31
16,116,1.1301704215510938e-31
16,117,6.685644180768333e-31
16,118,4.8253535028514e-31
16,119,7.507483776447404e-31
16,120,8.171024550508852e-31
16,121,8.752963710573048e-31
16,122,9.504604400734565e-31
16,123,8.65059831176679e-31
16,124,1.1022393926761261e-30
16,125,1.4224762413801757e-30
16,126,6.201521148883627e-31
16,127,8.729964827772771e-31
16,128,6.634052326345117e-31
16,129,6.820788527532005e-31
16,130,9.508516618901069e-31
16,131,6.950768034909594e-31
16,132,8.56544012285396e-31
16,133,4.656746579139635e-31
16,134,1.1484288671826965e-15
16,135,4.584902224408516e-31
16,136,4.806490815061713e-31
16,137,4.7393800467880335e-31
16,138,3.662379791505637e-31
16,139,6.442445883534113e-31
16,140,4.97379331703646e-31
16,141,5.792534092206727e-31
16,142,5.224264338227131e-31
16,143,5.662178604706026e-31
16,144,1.2402323697783966e-32
16,145,9.831558850108803e-32
16,146,9.681556917308185e-31
16,147,2.012197835694694e-31
16,148,5.45059580960137e-31
16,149,7.859799553876687e-31
17,18,1.5874790622296095e-30
17,19,1.8808042073138404e-30
17,20,1.3618007896043462e-30
17,21,3.1012869456594142e-30
17,22,1.5766813501469053e-30
17,23,5.2228158053227765e-31
17,24,3.0801549000546387e-30
17,25,1.406647465030531e-30
17,26,1.3364951046658833e-30
17,27,7.693102572500883e-16
17,28,1.0138122675525675e-30
17,29,8.516971667863037e-31
17,30,2.2053757263344296e-30
17,31,1.3482473817914142e-30
17,32,4.579438467933968e-31
17,33,9.762730570752243e-31
17,34,1.9907238478906977e-30
17,35,1.5474266290649676e-30
17,36,1.4685766194263513e-30
17,37,1.979835406938628e-30
17,38,2.1547751712012572e-30
17,39,1.5711246475621894e-30
17,40,2.4013467856710743e-30
17,41,1.7198173988779058e-30
17,42,3.426604206733614e-30
17,43,1.0096259243286857e-30
17,44,9.641795258678505e-31
17,45,1.04298292451915e-15
17,46,1.4506461820081302e-30
17,47,2.451438860256963e-30
17,48,1.0432208229074044e-30
17,49,6.940916959105785e-31
17,50,1.6930293864690244e-30
17,51,1.7011737196849428e-30
17,52,1.5088366950268625e-30
17,53,6.584412116897363e-31
17,54,1.227238194080009e-30
17,55,5.107425285405995e-31
17,56,1.6791269322734587e-30
17,57,5.036051836501481e-31
17,58,8.98608103799903e-31
17,59,1.1773424072264164e-30
17,60,2.5630083576091514e-30
17,61,2.1383058133892715e-30
17,62,1.012611262471607e-30
17,63,3.4738309712761277e-31
17,64,1.787546285373202e-30
17,65,1.4097399532523981e-30
17,66,1.0689035537985576e-30
17,67,3.514405649719565e-31
17,68,4.975920875902148e-32
17,69,1.2740094477200212e-30
17,70,7.83683423939879e-31
17,71,2.996747026447874e-31
17,72,1.565501012522865e-30
17,73,2.122895497198266e-30
17,74,9.929834387770951e-31
17,75,5.1994563369062615e-31
17,76,1.073530517199985e-30
17,77,9.263667761896076e-31
17,78,5.820355052309814e-30
17,79,1.7960924898269524e-30
17,80,5.249063393071443e-31
17,81,7.085591005498559e-30
17,82,5.662390047338978e-31
17,83,1.0876324030446182e-30
17,84,6.54745046519972e-31
17,85,2.3514362361173703e-30
17,86,1.1350092441670559e-30
17,87,1.3275848608896338e-30
17,88,4.9333313372950776e-30
17,89,2.064379206829121e-30
17,90,1.0919708474919244e-30
17,91,3.4958739652025384e-30
17,92,1.3732229120386873e-30
17,93,1.5787042604177125e-30
17,94,1.43255577004412e-30
17,95,1.7814206835960303e-30
17,96,1.831858883998953e-30
17,97,8.015876468998133e-31
17,98,1.4621123319188705e-30
17,99,2.6888534440681725e-30
17,100,9.810030710822072e-31
17,101,1.7850386656895885e-30
17,102,8.652953315594165e-31
17,103,8.593020460873304e-31
17,104,1.945286711043321e-30
17,105,2.4295468910992973e-30
17,106,7.419458421686648e-31
17,107,4.98055997692103e-16
17,108,2.812016922214925e-30
17,109,1.250818756302857e-30
17,110,4.790357462512376e-31
17,111,7.811558579843398e-31
17,112,1.661393108135153e-30
17,113,2.7381120351498227e-30
17,114,1.4888514572214907e-30
17,115,1.757541453929945e-30
17,116,3.5448553770410734e-31
17,117,2.6858603617913588e-30
17,118,1.3237757899382095e-30
17,119,7.052709173200104e-31
17,120,1.1502483468830761e-30
17,121,2.3369818445080618e-30
17,122,1.3927026762118994e-30
17,123,7.912120917824206e-31
17,124,2.3340232563367415e-30
17,125,1.802707182696995e-30
17,126,3.448986994615532e-30
17,127,1.0821339051310994e-30
17,128,1.901056563516427e-30
17,129,2.9125935245042812e-30
17,130,1.3861123830290375e-30
17,131,2.5842136881644043e-30
17,132,1.489543716466175e-30
17,133,1.1500248863928941e-30
17,134,4.191000011072715e-16
17,135,1.5335576355515897e-30
17,136,1.5314521111397555e-30
17,137,1.3281643957888427e-30
17,138,1.3842809922735809e-30
17,139,2.934267833478986e-30
17,140,1.5148559511961828e-30
17,141,2.761968293580714e-30
17,142,9.229360725839637e-31
17,143,2.9708547905718195e-30
17,144,4.976408235850711e-32
17,145,6.873173007314843e-31
17,146,2.36054711716556e-30
17,147,9.227548616979383e-31
17,148,2.465105335185366e-30
17,149,8.093261234422715e-16
18,19,2.1782708045597955e-30
18,20,1.5520012265343514e-30
18,21,5.6409097512272565e-30
18,22,2.012839128695218e-30
18,23,9.28980598913706e-31
18,24,4.3857816430140495e-30
18,25,1.7492206956819425e-30
18,26,3.169913709309348e-30
18,27,2.081668171172118e-17
18,28,1.4269689559338562e-30
18,29,1.0308399852332732e-30
18,30,3.308925399396687e-30
18,31,1.7064177265895905e-30
18,32,6.8875225659118445e-31
18,33,1.262974941596012e-30
18,34,1.7576622922070915e-30
18,35,2.7747380331504325e-30
18,36,2.302059986017222e-30
18,37,2.4054661031531144e-30
18,38,3.60011900004389e-30
18,39,1.852917457957894e-30
18,40,3.824774843720576e-30
18,41,2.4888192912826038e-30
18,42,4.971693427001022e-30
18,43,1.329481539443638e-30
18,44,1.794641364936262e-30
18,45,1.426714883297594e-15
18,46,2.0506248792349188e-30
18,47,3.499266798368232e-30
18,48,1.5554704538605318e-30
18,49,1.1593120595936963e-30
18,50,2.170466072563743e-30
18,51,1.5656772572991139e-30
18,52,2.1205098984998142e-30
18,53,7.8060347719165904e-31
18,54,1.570227460852916e-30
18,55,6.722209261830549e-31
18,56,2.1770887614312363e-30
18,57,7.785547594264306e-31
18,58,1.5346098239891055e-30
18,59,1.7755736876005768e-30
18,60,3.6867271518220445e-30
18,61,3.0789190974213295e-30
18,62,9.246649988767762e-31
18,63,4.75191513903715e-31
18,64,2.0442200409723592e-30
18,65,1.6233856654955987e-30
18,66,1.3309305315891933e-30
18,67,5.784458277905327e-31
18,68,8.627465050425901e-32
18,69,1.786544739506564e-30
18,70,1.607784984404285e-30
18,71,4.230579735691134e-31
18,72,2.239936162049423e-30
18,73,2.441527374083686e-30
18,74,1.4056372978014964e-30
18,75,8.590094565883308e-31
18,76,1.5202787460252346e-30
18,77,1.1157598752341251e-30
18,78,7.78882140807201e-30
18,79,2.3091414403459016e-30
18,80,9.986490723560309e-31
18,81,9.531352290166527e-30
18,82,8.255098532886308e-31
18,83,1.8202169695663998e-30
18,84,9.674414756435582e-31
18,85,3.485043219823973e-30
18,86,1.9670754656273724e-30
18,87,1.4657118607925083e-30
18,88,6.754884315280722e-30
18,89,3.131463158796365e-30
18,90,1.5159727522413377e-30
18,91,5.02383026919659e-30
18,92,1.9161092333828887e-30
18,93,1.7469832194264014e-30
18,94,1.842064847749364e-30
18,95,2.1037506947466795e-30
18,96,2.5149513175286226e-30
18,97,1.2789016341775275e-30
18,98,2.1936110462389745e-30
18,99,3.0029351378148897e-30
18,100,1.5486940048583049e-30
18,101,2.141327937493548e-30
18,102,1.261912810444289e-30
18,103,1.817125124105168e-30
18,104,2.915742991515992e-30
18,105,2.8593566382629827e-30
18,106,1.2362363937844427e-30
18,107,8.635508522760759e-16
18,108,3.175961356707394e-30
18,109,1.235695735174838e-30
18,110,6.9409807010310775e-31
18,111,8.331337373054557e-31
18,112,2.532693338101488e-30
18,113,3.9309015362405485e-30
18,114,1.6297486234648746e-30
18,115,2.1980040000262168e-30
18,116,5.045731364138311e-31
18,117,2.8729984232109523e-30
18,118,1.444266225183956e-30
18,119,6.95250007091661e-31
18,120,1.8565968570187722e-30
18,121,2.991194125150746e-30
18,122,1.828192939550352e-30
18,123,8.625274608077345e-31
18,124,2.777346597031738e-30
18,125,2.3842475600035133e-30
18,126,4.587104533686881e-30
18,127,1.799361474729453e-30
18,128,2.73471234087756e-30
18,129,3.804287910492172e-30
18,130,1.8366923763227405e-30
18,131,2.951237471848076e-30
18,132,2.1795825418703726e-30
18,133,1.5795380921097906e-30
18,134,3.5544479789666883e-16
18,135,2.2193792838415953e-30
18,136,2.32206481566286e-30
18,137,1.6143164805798445e-30
18,138,1.6899400875895665e-30
18,139,4.4289639975666586e-30
18,140,1.518898197626166e-30
18,141,3.6723217175951434e-30
18,142,1.2069929200032666e-30
18,143,3.2064497400104054e-30
18,144,8.628310056009405e-32
18,145,8.507970786390159e-31
18,146,2.467501861304341e-30
18,147,1.4215873685236645e-30
18,148,3.1896484961735486e-30
18,149,2.342840229615226e-16
19,20,1.7839794099919137e-30
19,21,7.285528820467742e-16
19,22,2.1569447694308172e-30
19,23,8.377095322258273e-31
19,24,4.264093932662926e-30
19,25,2.0711427220875186e-30
19,26,2.3921108948390058e-30
19,27,4.3759065885905367e-16
19,28,1.4485455371630713e-30
19,29,1.473842521658211e-30
19,30,3.505165383522134e-30
19,31,2.0980087110753674e-30
19,32,6.477600994733223e-31
19,33,1.622979685595679e-30
19,34,2.269489823590489e-30
19,35,3.255713575431163e-30
19,36,2.0757157090374377e-30
19,37,2.749732139905838e-30
19,38,3.7175944526956856e-30
19,39,1.975061820605299e-30
19,40,3.776249689388463e-30
19,41,2.473703173729079e-30
19,42,4.7418878658750456e-30
19,43,1.934421417629392e-30
19,44,1.9713666834146926e-30
19,45,1.530242439250467e-15
19,46,2.3013505388962488e-30
19,47,3.728458150235576e-30
19,48,1.4940514456902946e-30
19,49,1.1042137918893388e-30
19,50,2.5372871815936943e-30
19,51,1.863951845628537e-30
19,52,2.032086642860549e-30
19,53,8.656607448034228e-31
19,54,2.243249547377463e-30
19,55,7.739060531827362e-31
19,56,2.7516494382106122e-30
19,57,7.208017060257729e-31
19,58,1.3643636205470228e-30
19,59,1.598089245044652e-30
19,60,3.891854644286057e-30
19,61,3.1057771770492987e-30
19,62,1.160619995350509e-30
19,63,5.096731167943295e-31
19,64,2.0200247211775106e-30
19,65,2.1055491552536413e-30
19,66,1.690698629800434e-30
19,67,5.165972461166264e-31
19,68,1.0457635518306548e-31
19,69,1.8224828168142883e-30
19,70,1.615636187050253e-30
19,71,5.139777817094765e-31
19,72,2.417738273318135e-30
19,73,2.9029076447054918e-30
19,74,1.3557120911714593e-30
19,75,1.1268526705960343e-30
19,76,1.5982756689973134e-30
19,77,1.2384686095748895e-30
19,78,8.569211172554848e-30
19,79,2.4769189762784683e-30
19,80,1.0933022186720459e-30
19,81,1.1504479182940101e-29
19,82,7.447059807928322e-31
19,83,2.3556552757719516e-30
19,84,9.928912693155023e-31
19,85,3.58195759696802e-30
19,86,2.220365528099243e-30
19,87,2.11267130771204e-30
19,88,7.110960703380049e-30
19,89,2.9896116932645736e-30
19,90,1.5293016285464464e-30
19,91,5.206498793930187e-30
19,92,2.0242504394851958e-30
19,93,1.789093337616544e-30
19,94,2.6399255611956467e-30
19,95,2.6502352965763638e-30
19,96,2.6385210966203916e-30
19,97,1.7999884747270643e-30
19,98,2.4547246234978682e-30
19,99,3.77810410805548e-30
19,100,1.5019953794746119e-30
19,101,2.3469447393898716e-30
19,102,1.9910920410322278e-30
19,103,1.3940482946661697e-30
19,104,2.982170386233331e-30
19,105,3.0966755128499415e-30
19,106,1.0795789044232635e-30
19,107,1.0467385276953847e-15
19,108,3.325304679856964e-30
19,109,1.3362138888547608e-30
19,110,7.615310420719457e-31
19,111,1.0279023158225732e-30
19,112,2.2806499185637013e-30
19,113,2.3224574756050633e-16
19,114,1.6876891700348636e-30
19,115,2.5934532712655373e-30
19,116,6.6655327358664386e-31
19,117,3.215762868849582e-30
19,118,1.614159080795326e-30
19,119,8.444282829064522e-31
19,120,2.2560088877547792e-30
19,121,2.9011892089986055e-30
19,122,1.8191724976821663e-30
19,123,1.1461919910815951e-30
19,124,3.134031843206033e-30
19,125,1.2494826774184984e-16
19,126,5.0667136363748195e-30
19,127,1.671357474764085e-30
19,128,2.6221118288410045e-30
19,129,4.069372849129115e-30
19,130,1.922453772301774e-30
19,131,3.220290306997415e-30
19,132,2.6778334621879094e-30
19,133,1.4356542216239586e-30
19,134,7.229781372259418e-16
19,135,2.1766647530793912e-30
19,136,2.6379818363854493e-30
19,137,1.9663561774005825e-30
19,138,1.8660243597932178e-30
19,139,4.299011476075751e-30
19,140,1.82609674062491e-30
19,141,4.058477288152298e-30
19,142,1.9513557706786045e-30
19,143,3.952695380362028e-30
19,144,1.0458659777501056e-31
19,145,1.2118931538007802e-30
19,146,2.8178233464899075e-30
19,147,1.9535736641274165e-30
19,148,3.376210386219469e-30
19,149,3.9135607677330634e-16
20,21,3.308368270793881e-16
20,22,1.4210443478693668e-30
20,23,5.5674178836872495e-31
20,24,3.0883606388391737e-30
20,25,1.5174858178183802e-30
20,26,2.064263309064761e-30
20,27,3.6854607490503757e-16
20,28,1.0776251215945625e-30
20,29,1.0769219256953749e-30
20,30,2.653818751356084e-30
20,31,1.4982639962545198e-30
20,32,4.405990357495952e-31
20,33,1.1899467300357367e-30
20,34,1.8335893762747584e-30
20,35,2.2481454355955252e-30
20,36,1.5644430994287472e-30
20,37,2.0602905374868965e-30
20,38,2.8777325981037756e-30
20,39,1.4276643257143206e-30
20,40,2.765885223801678e-30
20,41,1.8050962701444932e-30
20,42,3.342203359006512e-30
20,43,1.486144817621786e-30
20,44,1.4232293622687585e-30
20,45,1.0964165997010688e-15
20,46,1.8816447715431687e-30
20,47,2.7267535525293586e-30
20,48,1.1855545307945713e-30
20,49,7.619168087132999e-31
20,50,1.8982809367946207e-30
20,51,1.1329081037689536e-30
20,52,1.466543082289822e-30
20,53,6.6564076783216175e-31
20,54,1.732552841092817e-30
20,55,5.58173632849059e-31
20,56,2.026080301180633e-30
20,57,4.786265825971826e-31
20,58,9.424523010213466e-31
20,59,1.682756909257263e-30
20,60,3.011154060568214e-30
20,61,2.5673760613772574e-30
20,62,9.236929026499434e-31
20,63,3.6518008607080533e-31
20,64,1.4570806479612755e-30
20,65,1.580501652168158e-30
20,66,1.2067016682853886e-30
20,67,4.43784065449285e-31
20,68,7.450992543549644e-32
20,69,1.1984016252380025e-30
20,70,9.832389563159602e-31
20,71,3.7102543274307923e-31
20,72,1.76253123879119e-30
20,73,2.1709710027487763e-30
20,74,1.2906777983113715e-30
20,75,7.885622832093038e-31
20,76,1.0604798684216187e-30
20,77,9.72694895016049e-31
20,78,5.791811616377455e-30
20,79,1.4730535504025792e-30
20,80,8.37488392058401e-31
20,81,6.986742902012754e-30
20,82,5.408278618538909e-31
20,83,1.663009465232339e-30
20,84,7.731069256362543e-31
20,85,2.46108584641273e-30
20,86,1.559158027804439e-30
20,87,1.5396928308669706e-30
20,88,5.329719637180133e-30
20,89,2.1383640460119184e-30
20,90,9.832580533986043e-31
20,91,3.7812860018786724e-30
20,92,1.5567524732459038e-30
20,93,1.1863476581289023e-30
20,94,1.968074984035041e-30
20,95,2.355379289881464e-30
20,96,1.8538827963595292e-30
20,97,1.2714325473619754e-30
20,98,1.9456059791685158e-30
20,99,2.5380928362944662e-30
20,100,9.25149715364055e-31
20,101,1.6002284533264787e-30
20,102,1.0856072370783339e-30
20,103,1.1986061471450885e-30
20,104,2.2805247181978803e-30
20,105,1.6602938281593695e-30
20,106,7.84967170702261e-31
20,107,7.457939178747941e-16
20,108,2.5472131278251296e-30
20,109,9.980935321606089e-31
20,110,6.878501823625444e-31
20,111,5.275398504355487e-31
20,112,1.7340690291241304e-30
20,113,5.683542908453744e-16
20,114,1.1729743752281839e-30
20,115,2.0295353937585183e-30
20,116,4.6925523496638075e-31
20,117,2.825841474869369e-30
20,118,1.3055348472504255e-30
20,119,4.049942872826227e-31
20,120,1.5729471872048411e-30
20,121,2.551086998185969e-30
20,122,1.2400751018121832e-30
20,123,6.870448601628489e-31
20,124,1.8817610210046258e-30
20,125,1.2417518519112565e-16
20,126,3.6652909273504516e-30
20,127,1.300629926651097e-30
20,128,1.7328756077819398e-30
20,129,3.1432841715953323e-30
20,130,1.0285056118523627e-30
20,131,2.5213628374149247e-30
20,132,1.884702653269402e-30
20,133,1.324223555721778e-30
20,134,5.3681213466998e-16
20,135,1.536925116570239e-30
20,136,2.0642255166414223e-30
20,137,1.3092811592974172e-30
20,138,1.2406204343911584e-30
20,139,3.0417892989420107e-30
20,140,1.3924654768753988e-30
20,141,3.0813163090476305e-30
20,142,1.2809372470720378e-30
20,143,2.934752284516687e-30
20,144,7.451722321099033e-32
20,145,8.834739826844233e-31
20,146,1.5487155106573008e-30
20,147,1.4382978602831045e-30
20,148,2.398901450060238e-30
20,149,6.365655192508238e-16
21,22,5.478638098656976e-30
21,23,2.552889165931919e-30
21,24,4.41479669351925e-16
21,25,5.262691086820556e-30
21,26,3.7082529313579587e-16
21,27,1.3345785898812146e-15
21,28,4.021688244820092e-30
21,29,2.7380069957045977e-16
21,30,9.317774513958623e-16
21,31,5.066274528320094e-30
21,32,1.7369450229765423e-30
21,33,3.857328533516111e-30
21,34,2.779024842816788e-16
21,35,3.011728299980483e-30
21,36,6.790218243560676e-16
21,37,3.5891022336353296e-16
21,38,6.166472270759781e-16
21,39,6.751262070632015e-16
21,40,5.582684061009226e-16
21,41,4.1727221814393396e-16
21,42,1.4686870114880423e-16
21,43,4.07953672622581e-30
21,44,2.306856124162273e-16
21,45,4.118618774890119e-15
21,46,6.216350770606583e-30
21,47,1.312011859487013e-16
21,48,4.4531812905337994e-30
21,49,3.2201182091241026e-30
21,50,2.3552025743848505e-16
21,51,4.1546536710742374e-16
21,52,4.227603326225584e-16
21,53,2.1063625864152997e-30
21,54,5.171636634684289e-16
21,55,1.9941274353700083e-30
21,56,1.146493430877076e-16
21,57,1.8233489240931954e-30
21,58,3.3880110501119586e-16
21,59,4.8526624009407514e-30
21,60,1.6068446818825123e-16
21,61,3.6612118776349527e-16
21,62,1.1285466197539048e-15
21,63,1.3713781040885721e-30
21,64,5.530259688192472e-16
21,65,5.626926967149643e-16
21,66,3.859048236932822e-16
21,67,1.6084023871629764e-30
21,68,8.702893024877084e-32
21,69,5.153917164302492e-16
21,70,4.371090110548701e-16
21,71,1.0037320407867522e-30
21,72,8.326690754705283e-16
21,73,1.223155970859242e-15
21,74,5.737084865119038e-16
21,75,9.195964374158286e-31
21,76,9.93910265931902e-16
21,77,6.641816491197527e-16
21,78,3.713546758303521e-16
21,79,6.076376628586461e-30
21,80,2.9336281446481006e-30
21,81,6.881606705312742e-16
21,82,2.3878769527765587e-16
21,83,4.855242817117734e-16
21,84,2.8301908577942495e-30
21,85,3.973993651728109e-16
21,86,4.2931514727279187e-16
21,87,4.641390482901165e-16
21,88,4.0436549343196547e-16
21,89,8.42872106186992e-30
21,90,2.2463161964190544e-16
21,91,6.080941944488124e-16
21,92,1.047841906632467e-15
21,93,3.094622214175022e-16
21,94,4.608951707146256e-30
21,95,5.484909246062681e-16
21,96,7.25003200942184e-30
21,97,3.510844350182894e-16
21,98,1.2852509923361019e-15
21,99,5.857203329287189e-16
21,100,3.6529017440925236e-30
21,101,5.506620033624589e-16
21,102,3.7056552056931884e-16
21,103,3.238154324728866e-30
21,104,8.283651126464208e-30
21,105,4.902243831890355e-16
21,106,2.569048921927429e-30
21,107,8.680195684130158e-16
21,108,3.9915229505720535e-16
21,109,5.453546842762049e-16
21,110,2.204063856857867e-30
21,111,2.0704905358289227e-30
21,112,3.332396573091765e-16
21,113,4.710916204987873e-16
21,114,3.5720142611089153e-16
21,115,7.262998736548513e-16
21,116,6.6262348072947315e-31
21,117,3.077570078206243e-16
21,118,6.784522420831447e-16
21,119,1.6128508149238205e-30
21,120,4.1267463616321476e-16
21,121,7.017551473126613e-16
21,122,2.775557561562893e-16
21,123,3.436845077097149e-30
21,124,7.420690503071872e-30
21,125,6.694410330712254e-16
21,126,2.0955000055363631e-16
21,127,4.727121472036799e-16
21,128,1.2719202621569065e-16
21,129,9.84971237778758e-30
21,130,5.558482808539777e-16
21,131,4.295954340084471e-16
21,132,9.405210319478009e-16
21,133,4.290907860621337e-16
21,134,8.146175181101975e-16
21,135,5.999021298026806e-30
21,136,6.449439663560193e-16
21,137,4.5869697211845646e-30
21,138,1.1145513959121716e-16
21,139,1.2234347869623765e-29
21,140,5.340694943204955e-16
21,141,5.265564448554855e-16
21,142,3.3132764271951793e-16
21,143,2.1020339929212119e-16
21,144,8.703745418153171e-32
21,145,2.396050638223591e-30
21,146,3.345096677945117e-16
21,147,2.7774375499321715e-30
21,148,5.368121346699801e-16
21,149,2.0179315080739647e-15
22,23,7.961319615880418e-31
22,24,4.065461370505017e-30
22,25,1.6980417495001184e-30
22,26,1.6300544605145786e-30
22,27,2.6658359842250023e-16
22,28,1.3483649314245852e-30
22,29,9.882035201293412e-31
22,30,3.1722422092476155e-30
22,31,1.6420582532595315e-30
22,32,6.1676339333848405e-31
22,33,1.2006273813834866e-30
22,34,1.7211488517965787e-30
22,35,1.0456959674482575e-30
22,36,1.9710982719616633e-30
22,37,2.2937945741044993e-30
22,38,3.3858650348016665e-30
22,39,1.8054980433267247e-30
22,40,3.55991705184469e-30
22,41,2.3275840875288475e-30
22,42,4.541891788646754e-30
22,43,1.1675531393753841e-30
22,44,6.49724600249697e-31
22,45,1.3770514236017723e-15
22,46,1.9235224735656986e-30
22,47,3.399355825402659e-30
22,48,1.4187908307750191e-30
22,49,1.0545532000654707e-30
22,50,2.1267917059215184e-30
22,51,1.0897312269763758e-30
22,52,1.9326044904525743e-30
22,53,7.424354821780008e-31
22,54,1.2876247307644706e-30
22,55,6.52758533529679e-31
22,56,2.1141611660117966e-30
22,57,6.675682572265351e-31
22,58,1.2404998976322243e-30
22,59,1.5049263750542445e-30
22,60,3.497696542041642e-30
22,61,2.8250247156949103e-30
22,62,8.582411521231195e-31
22,63,4.586502589726616e-31
22,64,1.8848012601916626e-30
22,65,1.5065403371039243e-30
22,66,1.228091735610029e-30
22,67,5.0821401314077606e-31
22,68,2.235641734408479e-32
22,69,1.7014396837412975e-30
22,70,1.2454373308312768e-30
22,71,3.7030368874522444e-31
22,72,2.143094456599402e-30
22,73,2.4652472395795122e-30
22,74,1.2416551758396564e-30
22,75,2.179676656559282e-31
22,76,1.4693837058029555e-30
22,77,9.625164501097874e-31
22,78,7.5343599924099e-30
22,79,2.2715854729131142e-30
22,80,8.855622932746379e-31
22,81,9.835852644287711e-30
22,82,6.987809511412948e-31
22,83,7.5882244409251525e-31
22,84,9.052612634110957e-31
22,85,3.3290533575895255e-30
22,86,7.095360711105651e-31
22,87,1.4502853046976527e-30
22,88,6.442865478460152e-30
22,89,2.871555056646981e-30
22,90,1.4340219581359679e-30
22,91,4.793774166681239e-30
22,92,1.830404399484189e-30
22,93,1.605816707902817e-30
22,94,1.2198447211323513e-30
22,95,1.9626416879932574e-30
22,96,2.4264402188693867e-30
22,97,8.128283443037537e-31
22,98,2.10832675055446e-30
22,99,3.0074843807346316e-30
22,100,1.2728056053989741e-30
22,101,2.1038244100857578e-30
22,102,1.0439969277036635e-30
22,103,1.0606032382938263e-30
22,104,2.6808690632377852e-30
22,105,2.7441989635534153e-30
22,106,9.598471426178687e-31
22,107,2.237726045655892e-16
22,108,3.042831360116409e-30
22,109,1.1847807728426493e-30
22,110,6.499535253399413e-31
22,111,8.766391831286392e-31
22,112,2.2030636970949626e-30
22,113,3.3054639720549144e-30
22,114,1.5400718634022272e-30
22,115,2.126049816547283e-30
22,116,2.0169568331035056e-31
22,117,2.764529274218194e-30
22,118,1.3771418541323217e-30
22,119,6.984341621373145e-31
22,120,6.585646219817625e-31
22,121,2.724977142801797e-30
22,122,1.701681848884521e-30
22,123,9.07031982632671e-31
22,124,2.7883014952123587e-30
22,125,2.064244658481245e-30
22,126,4.447464914536591e-30
22,127,1.6079403662634955e-30
22,128,2.4401833520671288e-30
22,129,3.5887702631350706e-30
22,130,1.7228350999142394e-30
22,131,2.8442746757911494e-30
22,132,2.0525508913932414e-30
22,133,1.3963498429863728e-30
22,134,3.682193206295141e-16
22,135,2.0692738279171046e-30
22,136,2.241865356160703e-30
22,137,1.5707981761991245e-30
22,138,1.6585386744483338e-30
22,139,4.094535255958125e-30
22,140,1.4822989549657985e-30
22,141,3.5715120422077206e-30
22,142,7.932619979011687e-31
22,143,3.1429740117472272e-30
22,144,2.2358607013631112e-32
22,145,7.100696546899901e-31
22,146,2.516701946518225e-30
22,147,7.231849452708836e-31
22,148,3.0536524382366007e-30
22,149,4.9455353409702816e-30
23,24,1.9477717660209573e-30
23,25,6.217419238404878e-31
23,26,1.7842666175552375e-30
23,27,4.57759966811068e-16
23,28,5.929953222529965e-31
23,29,5.645211641635893e-31
23,30,1.3794646163611907e-30
23,31,5.701767321222592e-31
23,32,3.4046607659770215e-31
23,33,4.3158281668718445e-31
23,34,5.639413873594698e-31
23,35,1.759739629916073e-30
23,36,1.2271304654540626e-30
23,37,9.477327223744363e-31
23,38,1.623370184120574e-30
23,39,7.529730572303806e-31
23,40,1.7333153836813718e-30
23,41,1.0890876049439356e-30
23,42,2.2967422256207076e-30
23,43,5.355296351863565e-31
23,44,1.0485415523912688e-30
23,45,5.551115123125776e-16
23,46,7.938554685529056e-31
23,47,1.4584733230554904e-30
23,48,7.11215596959117e-31
23,49,5.735751077305259e-31
23,50,7.795936790943153e-31
23,51,5.94008476340676e-31
23,52,1.0173488719450205e-30
23,53,3.4615488937464207e-31
23,54,9.218056871876325e-31
23,55,2.4028725085165786e-31
23,56,1.080738847124314e-30
23,57,4.069232396903601e-31
23,58,8.835782687788667e-31
23,59,7.985790701082109e-31
23,60,1.4657270099861062e-30
23,61,1.2928105294497093e-30
23,62,5.0184069436483785e-31
23,63,1.8488927466117453e-31
23,64,1.0187035177617561e-30
23,65,7.551975697581604e-31
23,66,7.730532969423677e-31
23,67,2.6489605353743726e-31
23,68,5.376992769341049e-32
23,69,8.59038513661737e-31
23,70,9.412840473101523e-31
23,71,2.65645053839734e-31
23,72,9.086451933153928e-31
23,73,8.158262734519338e-31
23,74,6.075091536139431e-31
23,75,5.492590111985995e-31
23,76,7.307647762437644e-31
23,77,7.129278050133318e-31
23,78,3.002864668258755e-30
23,79,9.616989471237394e-31
23,80,5.828925192149025e-31
23,81,3.499341939871177e-30
23,82,4.478932781325146e-31
23,83,1.1540267650092633e-30
23,84,4.07790076598504e-31
23,85,1.4772350630382274e-30
23,86,1.1826340890040343e-30
23,87,8.512664524899997e-31
23,88,2.6533253246817086e-30
23,89,1.423709321293461e-30
23,90,7.010754760379186e-31
23,91,2.0613636998924066e-30
23,92,7.870473544721477e-31
23,93,8.724495516652423e-31
23,94,8.457521360236848e-31
23,95,7.04226696300968e-31
23,96,1.0449971301083377e-30
23,97,8.434940703712487e-31
23,98,9.06386745115158e-31
23,99,1.0029155912325433e-30
23,100,8.9746038681717e-31
23,101,8.916675603162044e-31
23,102,9.56331977591071e-31
23,103,1.044882402573271e-30
23,104,1.4228011040527142e-30
23,105,1.4231541432217727e-30
23,106,7.033385935178886e-31
23,107,5.382005793715199e-16
23,108,1.2323249649240827e-30
23,109,6.490016024985532e-31
23,110,2.7807912108291203e-31
23,111,3.1203293260485087e-31
23,112,1.2673775261607628e-30
23,113,2.0720910969013354e-30
23,114,6.8406444577742944e-31
23,115,8.006656910259046e-31
23,116,2.8703678106241267e-31
23,117,1.0033179256734623e-30
23,118,5.484233370882568e-31
23,119,3.1458406967366935e-31
23,120,1.1661600025637838e-30
23,121,1.3120490696868834e-30
23,122,8.754192884879076e-31
23,123,3.6031595467857237e-31
23,124,1.0689463645521022e-30
23,125,1.2026212104017804e-30
23,126,1.7847924425307728e-30
23,127,8.767755602033245e-31
23,128,1.3777510520244387e-30
23,129,1.4717293271463576e-30
23,130,1.1879248316544021e-30
23,131,1.0709061945345207e-30
23,132,8.705278690594393e-31
23,133,7.521203251391237e-31
23,134,2.0816681711722828e-17
23,135,9.797872397054076e-31
23,136,9.531295602779857e-31
23,137,5.32244667897155e-31
23,138,6.9894753316471825e-31
23,139,2.0786980987322662e-30
23,140,6.721348319573554e-31
23,141,1.473381492310812e-30
23,142,7.8063476737165415e-31
23,143,1.1516210284999851e-30
23,144,5.377519411742496e-32
23,145,3.0851111925164014e-31
23,146,9.3621143559877e-31
23,147,8.468920173436551e-31
23,148,1.3106432091294049e-30
23,149,1.9836155597642627e-30
24,25,3.362131704162076e-30
24,26,5.911877548681789e-30
24,27,3.218928874766138e-16
24,28,2.9378346280795552e-30
24,29,2.2357771029016735e-30
24,30,6.739956823733176e-30
24,31,3.0791345598909485e-30
24,32,1.4625947548157468e-30
24,33,2.287441529291841e-30
24,34,3.6125382996496076e-30
24,35,5.071499459021358e-30
24,36,4.884965640111769e-30
24,37,4.821488401711376e-30
24,38,7.190776310365353e-30
24,39,3.8858348909472515e-30
24,40,7.89440498523804e-30
24,41,5.169142802661929e-30
24,42,1.0485627366420753e-29
24,43,2.085527576475812e-30
24,44,2.9595891686365605e-30
24,45,2.8550576254907933e-15
24,46,4.1013675947821144e-30
24,47,6.971512684115361e-30
24,48,3.246363111205123e-30
24,49,2.434634272442352e-30
24,50,4.312548025058986e-30
24,51,1.5861861022065946e-30
24,52,4.46190726856426e-30
24,53,1.6549976971346982e-30
24,54,3.0365563237271685e-30
24,55,1.2880848193926046e-30
24,56,4.4421266445388015e-30
24,57,1.6612180932546368e-30
24,58,3.208573794410945e-30
24,59,3.581294479934733e-30
24,60,7.427645145642985e-30
24,61,6.316780318172363e-30
24,62,1.922205831990775e-30
24,63,9.509252137354524e-31
24,64,4.3182184604157636e-30
24,65,3.29701829703714e-30
24,66,2.8650753315055648e-30
24,67,1.2189983936432546e-30
24,68,1.4606386424983271e-31
24,69,3.649425215596826e-30
24,70,3.3457394776679114e-30
24,71,8.82061349908836e-31
24,72,4.422974040139513e-30
24,73,4.726310247713426e-30
24,74,2.83089631453018e-30
24,75,1.4780944760231911e-30
24,76,3.1523433361119347e-30
24,77,2.3142169138302356e-30
24,78,1.545697338648922e-29
24,79,4.680560921166309e-30
24,80,2.10516789606118e-30
24,81,1.8839341068698075e-29
24,82,1.7656411505619108e-30
24,83,3.1888102040290025e-30
24,84,1.995909054099743e-30
24,85,7.144856116306526e-30
24,86,3.212343754617541e-30
24,87,3.1140032307395934e-30
24,88,1.368672696105804e-29
24,89,6.56111432489883e-30
24,90,3.20187811238162e-30
24,91,1.0265138727455289e-29
24,92,3.8788199754535324e-30
24,93,3.652123038723647e-30
24,94,2.2652098284247944e-30
24,95,4.157924151701929e-30
24,96,5.0779173972268095e-30
24,97,2.414018644337624e-30
24,98,4.369281987966317e-30
24,99,5.749219595618996e-30
24,100,3.2736178395319424e-30
24,101,4.232855418273895e-30
24,102,2.6825394882402383e-30
24,103,3.479381257361758e-30
24,104,6.1118898875880634e-30
24,105,6.059984906199593e-30
24,106,2.5831927767385505e-30
24,107,1.4620004105777659e-15
24,108,6.558584429639665e-30
24,109,2.2958176242239563e-30
24,110,1.417975957147523e-30
24,111,1.5731204208213544e-30
24,112,5.39831474105628e-30
24,113,1.2432050435751613e-16
24,114,3.2923412452019114e-30
24,115,4.082210840363326e-30
24,116,7.072079619586377e-31
24,117,5.812744784822432e-30
24,118,2.8143068232091282e-30
24,119,1.2914782603474749e-30
24,120,3.335119851092577e-30
24,121,6.192606470615964e-30
24,122,3.855449508303245e-30
24,123,1.3761382060859254e-30
24,124,5.389083719852576e-30
24,125,5.01263614266736e-30
24,126,9.10181664859872e-30
24,127,3.7379241056583825e-30
24,128,5.7841257327321075e-30
24,129,7.317065460037973e-30
24,130,3.789877889944391e-30
24,131,5.9742789363978476e-30
24,132,3.677223874163725e-30
24,133,3.319558662987039e-30
24,134,2.2073972817098008e-16
24,135,4.6279954255209725e-30
24,136,4.423259888721292e-30
24,137,2.8727574489968627e-30
24,138,3.393026450185727e-30
24,139,9.291221706027712e-30
24,140,3.132344751458651e-30
24,141,7.364359365747237e-30
24,142,2.031342006649324e-30
24,143,6.367354939126216e-30
24,144,1.4607817028064448e-31
24,145,1.2583802794136272e-30
24,146,5.0261718636529386e-30
24,147,2.1883931413975825e-30
24,148,6.604823708834425e-30
24,149,2.0266589582264693e-16
25,26,1.8876226573625068e-30
25,27,5.074416435844323e-16
25,28,1.1872625594126976e-30
25,29,1.2441865048571271e-30
25,30,2.9654275361564677e-30
25,31,1.8028685841006384e-30
25,32,4.7652897670604565e-31
25,33,1.4146796972272141e-30
25,34,1.7669800734951172e-30
25,35,2.0758554039415023e-30
25,36,1.5832187750600076e-30
25,37,2.250136120499974e-30
25,38,3.28213324146178e-30
25,39,1.6128333580905867e-30
25,40,3.1969521335384616e-30
25,41,2.0243234272440585e-30
25,42,3.587425277775422e-30
25,43,1.673678844081631e-30
25,44,1.4799147509711883e-30
25,45,1.2685846686484793e-15
25,46,1.996042860804979e-30
25,47,3.0524325457148174e-30
25,48,1.255043462022589e-30
25,49,9.028212328845916e-31
25,50,2.1594790749751613e-30
25,51,1.4672829056771674e-30
25,52,1.551969882794004e-30
25,53,7.1472661806829895e-31
25,54,1.73854580064761e-30
25,55,6.5760991523355615e-31
25,56,2.3791857989295752e-30
25,57,4.85812364462249e-31
25,58,9.32860889513256e-31
25,59,1.4828528877700269e-30
25,60,3.32018604404896e-30
25,61,2.6600326809428574e-30
25,62,7.774259683754101e-31
25,63,4.225235723460052e-31
25,64,1.5674189944500475e-30
25,65,1.6687591627900653e-30
25,66,1.5168091040581766e-30
25,67,4.3476033484962785e-31
25,68,7.315603344781672e-32
25,69,1.4902069401352868e-30
25,70,9.94809447598677e-31
25,71,4.204628518695783e-31
25,72,2.053860760023882e-30
25,73,2.381584066613507e-30
25,74,1.176100424711184e-30
25,75,7.620216289052338e-31
25,76,1.2370496998025612e-30
25,77,9.609765632899414e-31
25,78,7.027269420544529e-30
25,79,1.8491510553302296e-30
25,80,9.990792972900429e-31
25,81,9.987034397202653e-30
25,82,5.537028375049481e-31
25,83,1.6707477171429037e-30
25,84,8.448091490836605e-31
25,85,2.943890797615711e-30
25,86,1.7187545406889053e-30
25,87,1.6164253683812053e-30
25,88,5.912919436071776e-30
25,89,2.324440444712884e-30
25,90,1.1583059581759472e-30
25,91,4.3144983666890346e-30
25,92,1.7011390948963108e-30
25,93,1.1840203936970617e-30
25,94,2.2006944445750213e-30
25,95,2.2385387580313225e-30
25,96,2.138903030413391e-30
25,97,1.2617116531623522e-30
25,98,2.1537159352073676e-30
25,99,3.186792226232997e-30
25,100,9.02370131838025e-31
25,101,1.947721549578895e-30
25,102,7.87314507194872e-31
25,103,1.1042870908486406e-30
25,104,2.576846937905951e-30
25,105,2.0139036086473306e-30
25,106,6.823192736480163e-31
25,107,7.322423755269893e-16
25,108,2.6245558521909275e-30
25,109,1.114554517562335e-30
25,110,6.747851309473495e-31
25,111,6.994847989366308e-31
25,112,1.7665359362311034e-30
25,113,2.3610196792614346e-30
25,114,1.2307580180856188e-30
25,115,2.211835833407501e-30
25,116,5.114053950793915e-31
25,117,2.5925895589122605e-30
25,118,1.3358692146514816e-30
25,119,6.721917738078352e-31
25,120,1.585233646686029e-30
25,121,2.405915440860974e-30
25,122,1.4145161458047584e-30
25,123,1.0333326240997793e-30
25,124,2.443408391730964e-30
25,125,1.849622610860829e-30
25,126,4.258858645355313e-30
25,127,1.3444911910794524e-30
25,128,1.801182851687823e-30
25,129,3.4110896323557975e-30
25,130,1.457292331747508e-30
25,131,2.6170722877865988e-30
25,132,2.4233196445221272e-30
25,133,1.21733901904783e-30
25,134,4.23727293274224e-16
25,135,1.692270762549694e-30
25,136,2.3321720462743863e-30
25,137,1.6698167304511296e-30
25,138,1.5110328582308416e-30
25,139,3.450847034165067e-30
25,140,1.4695144339159487e-30
25,141,3.3529896850306946e-30
25,142,1.3864169068181182e-30
25,143,3.2529930324853175e-30
25,144,7.316319861816155e-32
25,145,1.0400213805359159e-30
25,146,2.051041526260553e-30
25,147,1.5783440025304626e-30
25,148,2.7599047276091314e-30
25,149,4.368478940600318e-30
26,27,2.3469468764647255e-16
26,28,1.4689732158856662e-30
26,29,3.228421801957142e-30
26,30,3.080737856048629e-30
26,31,1.4157743800726003e-30
26,32,1.1939642699916164e-30
26,33,1.984344814257298e-30
26,34,1.5698447342143965e-30
26,35,8.745461540491644e-30
26,36,5.0813699010234684e-30
26,37,3.584612462913805e-30
26,38,3.8664286580276036e-30
26,39,2.3040144892456233e-30
26,40,5.091620712895011e-30
26,41,3.2199010134800646e-30
26,42,6.989020551534448e-30
26,43,2.886105181444093e-30
26,44,5.8254927727152344e-30
26,45,1.0819558070675379e-15
26,46,2.509938460692742e-30
26,47,2.7679341580535077e-30
26,48,2.3045617910598722e-30
26,49,2.225438498272883e-30
26,50,1.6634296829894032e-30
26,51,4.2440894558960226e-30
26,52,3.633497493843976e-30
26,53,1.5034494225935916e-30
26,54,5.007142829766159e-30
26,55,4.3789231765593545e-31
26,56,5.402980096583822e-30
26,57,1.549031180962043e-30
26,58,3.665271899573298e-30
26,59,2.6875890153367048e-30
26,60,3.307828904466517e-30
26,61,4.39645874266648e-30
26,62,2.3041233327278082e-30
26,63,3.6036367458998264e-31
26,64,3.9887226109711746e-30
26,65,3.936431985387851e-30
26,66,4.1130248444349535e-30
26,67,9.392154609916084e-31
26,68,2.8148763425152207e-31
26,69,2.8707662932449385e-30
26,70,3.499700338738415e-30
26,71,1.3377908083515712e-30
26,72,1.9502478458414955e-30
26,73,1.5036525381061544e-30
26,74,1.791930823700323e-30
26,75,2.8162886302077367e-30
26,76,2.414162155396159e-30
26,77,3.1372092335031116e-30
26,78,6.05575415109744e-30
26,79,1.7857698119138245e-30
26,80,2.7883653147002994e-30
26,81,7.446334656807905e-30
26,82,1.948546362325851e-30
26,83,5.95241782294806e-30
26,84,1.3058545047958045e-30
26,85,3.762041709855525e-30
26,86,6.536361971299593e-30
26,87,3.866261290495096e-30
26,88,6.0145302046082286e-30
26,89,4.095282766847443e-30
26,90,2.3914272227109468e-30
26,91,4.8651860826431876e-30
26,92,2.125222270448302e-30
26,93,3.0672611310651152e-30
26,94,4.942876742925779e-30
26,95,2.245839756048366e-30
26,96,2.5434298095256598e-30
26,97,4.1807991595124104e-30
26,98,2.716488077164507e-30
26,99,4.569516512852848e-30
26,100,3.2193390437963026e-30
26,101,2.6336255013167056e-30
26,102,3.266670026460172e-30
26,103,5.493112796895839e-30
26,104,6.1715569415432605e-30
26,105,4.25653381105556e-30
26,106,3.321444757573934e-30
26,107,2.8175006800065637e-15
26,108,3.1131603992060827e-30
26,109,2.301866879815443e-30
26,110,9.530871234878553e-31
26,111,8.156772196627937e-31
26,112,5.455308098773774e-30
26,113,3.93090083658177e-16
26,114,1.865083152416915e-30
26,115,2.0569646839629526e-30
26,116,1.6305266754279404e-30
26,117,2.757069192006532e-30
26,118,1.1893293083217123e-30
26,119,2.048571771199831e-30
26,120,6.028744834464461e-30
26,121,4.7177968692841864e-30
26,122,3.5381781868351574e-30
26,123,2.240092020851728e-30
26,124,1.64594349301134e-30
26,125,1.3615369268261386e-16
26,126,3.648491683309676e-30
26,127,2.6062986656533747e-30
26,128,4.592478508832247e-30
26,129,2.5979045112020718e-30
26,130,4.779149830669995e-30
26,131,2.4441330939202868e-30
26,132,3.1205639193942995e-30
26,133,2.7020272732024906e-30
26,134,1.3687144115173628e-15
26,135,2.667611328904443e-30
26,136,1.7112164076504917e-30
26,137,1.73787371207731e-30
26,138,2.1282404310144235e-30
26,139,6.964958803293093e-30
26,140,2.8657923287838066e-30
26,141,3.54385749887397e-30
26,142,4.0864455855402724e-30
26,143,3.787562204811578e-30
26,144,2.815152041832738e-31
26,145,1.6333068206060055e-30
26,146,1.9922380655390787e-30
26,147,4.668133011800762e-30
26,148,4.267718160879021e-30
26,149,4.775249788392735e-16
27,28,1.5944364291470348e-16
27,29,4.787836793695988e-16
27,30,5.494036583420514e-16
27,31,2.2799399046136856e-30
27,32,1.4985099820431868e-30
27,33,1.5944364291470407e-16
27,34,1.2136520182768037e-15
27,35,5.129621610332547e-16
27,36,3.4331750988916813e-16
27,37,5.195209263896361e-16
27,38,1.0250087477245521e-15
27,39,9.88964317018638e-16
27,40,5.282681600680787e-16
27,41,1.6883057536160678e-16
27,42,4.2998752849492534e-16
27,43,2.1499376424746368e-16
27,44,1.9003388952796234e-16
27,45,2.478070329828697e-15
27,46,1.8463195827281404e-16
27,47,4.775249788392764e-16
27,48,2.733607174453288e-16
27,49,1.922962686383573e-16
27,50,3.3103687685155734e-16
27,51,7.309590377180031e-16
27,52,1.859636511899661e-16
27,53,2.2291027918243373e-16
27,54,4.421948034679819e-16
27,55,1.0425474682625993e-30
27,56,4.483119216297348e-16
27,57,1.7592650429613783e-30
27,58,5.940788428941904e-16
27,59,4.0602906698849616e-16
27,60,3.448741960890447e-16
27,61,6.658824897462392e-16
27,62,3.511004891807124e-16
27,63,8.318380158217003e-31
27,64,8.618765454229268e-16
27,65,3.109367832988551e-16
27,66,8.1444112554025e-16
27,67,1.1822050082077305e-30
27,68,1.8411053418896773e-31
27,69,6.333451416351052e-16
27,70,6.638168205731169e-16
27,71,1.0251604616518692e-30
27,72,3.469446951953629e-16
27,73,4.165648664845471e-16
27,74,2.9406505148178924e-16
27,75,1.8813383794295728e-30
27,76,3.3842783380901715e-16
27,77,6.355435922001056e-16
27,78,6.27795301009114e-16
27,79,4.378142756420242e-30
27,80,2.4980018054066116e-16
27,81,5.965128617957003e-16
27,82,1.5952855122439504e-16
27,83,3.9667174900216627e-16
27,84,1.840227275107237e-30
27,85,4.308824046522796e-16
27,86,4.520411121784019e-16
27,87,5.573998831603711e-16
27,88,5.400565018761265e-16
27,89,1.5700924586837863e-16
27,90,1.3018518929051653e-16
27,91,4.560706458366097e-16
27,92,2.9359394079830996e-16
27,93,6.167423805905348e-16
27,94,1.5762137000608624e-16
27,95,7.998711943340874e-16
27,96,7.369614944603297e-16
27,97,2.5739461938222644e-16
27,98,5.934706798531465e-16
27,99,7.558797532625908e-16
27,100,7.83081634703102e-16
27,101,7.443722489455185e-16
27,102,1.084757141961985e-15
27,103,2.0720734577714726e-16
27,104,2.3055512673781145e-16
27,105,1.143814361953939e-15
27,106,6.9388939039066845e-18
27,107,1.8336157977767852e-15
27,108,9.326038617147555e-16
27,109,9.354318658016706e-16
27,110,1.2541615579356057e-30
27,111,1.4273447960657664e-30
27,112,3.7553457920377367e-16
27,113,4.040826005875274e-16
27,114,4.2661502522132757e-16
27,115,4.619448428525925e-16
27,116,1.1102230246251573e-16
27,117,7.288894375838964e-16
27,118,6.748943856986677e-16
27,119,1.2118257228641663e-16
27,120,8.811643967738758e-16
27,121,5.406996999795561e-16
27,122,1.0477500027681824e-16
27,123,3.376611507232138e-16
27,124,6.261943282059027e-16
27,125,9.564506864832735e-16
27,126,7.087189354717374e-16
27,127,3.521787733787186e-16
27,128,2.455231297847943e-16
27,129,2.83052443350186e-16
27,130,1.0119372270208744e-15
27,131,9.235769444768019e-16
27,132,7.607509108035087e-16
27,133,6.544668208791965e-16
27,134,4.910099792057361e-16
27,135,4.4238269207646424e-30
27,136,5.99130395195675e-16
27,137,2.1950619628810756e-30
27,138,4.1662288021302427e-16
27,139,5.822168492844329e-16
27,140,6.87756057291759e-16
27,141,7.087529031649904e-16
27,142,5.098198535337852e-16
27,143,1.5899911765478145e-15
27,144,1.8412856665023672e-31
27,145,7.125280874342079e-31
27,146,5.973900055198059e-16
27,147,4.871083751574265e-16
27,148,5.209718585612569e-16
27,149,2.1721975563907465e-15
28,29,7.516295481821956e-31
28,30,2.279647529506549e-30
28,31,1.1211103944911676e-30
28,32,4.454926789896983e-31
28,33,8.335867628875382e-31
28,34,1.2628521934772875e-30
28,35,9.86176720735786e-31
28,36,1.4568206340663128e-30
28,37,1.6364436110732355e-30
28,38,2.481475052249191e-30
28,39,1.2795235004402838e-30
28,40,2.6016201847636293e-30
28,41,1.682056318262698e-30
28,42,3.280214292734946e-30
28,43,7.930224217384334e-31
28,44,5.94372439464037e-31
28,45,9.715442685457945e-16
28,46,1.4356828151080953e-30
28,47,2.3493520716837177e-30
28,48,1.0546102400525978e-30
28,49,7.654088487656148e-31
28,50,1.51569182568784e-30
28,51,5.231770140719572e-31
28,52,1.3855227828332918e-30
28,53,5.385998910764309e-31
28,54,9.6487177111563e-31
28,55,4.549921302682311e-31
28,56,1.4785379614780491e-30
28,57,4.853431706484809e-31
28,58,9.224869973453554e-31
28,59,1.2032848191638787e-30
28,60,2.5430896867647856e-30
28,61,2.1103287191712765e-30
28,62,5.788085866159981e-31
28,63,3.235892449146444e-31
28,64,1.3258143289732302e-30
28,65,1.1084429528470416e-30
28,66,9.048383348048843e-31
28,67,3.8943463751714944e-31
28,68,2.48022181753139e-32
28,69,1.1884564223547292e-30
28,70,9.807243720862906e-31
28,71,2.5101910534508646e-31
28,72,1.5184829349883093e-30
28,73,1.6593700085257926e-30
28,74,9.488932810057497e-31
28,75,2.5095472238691727e-31
28,76,1.014417927048611e-30
28,77,6.855964168959842e-31
28,78,5.291220116202011e-30
28,79,1.5198249911378576e-30
28,80,6.455344833957479e-31
28,81,6.659077280410826e-30
28,82,5.113855322824354e-31
28,83,6.270408731510909e-31
28,84,6.670279773071856e-31
28,85,2.3724829993251173e-30
28,86,6.292631957704316e-31
28,87,9.719830272737104e-31
28,88,4.6252616025790735e-30
28,89,2.0853362305600245e-30
28,90,1.0058443918001336e-30
28,91,3.435757895404711e-30
28,92,1.3037274666129526e-30
28,93,1.0917834291519833e-30
28,94,7.647604774411771e-31
28,95,1.5142012174765662e-30
28,96,1.697098395802017e-30
28,97,5.680890050815253e-31
28,98,1.518638712511448e-30
28,99,2.0091275729329206e-30
28,100,9.39402428547882e-31
28,101,1.4245530771384326e-30
28,102,7.095424515892159e-31
28,103,8.695606167668091e-31
28,104,1.97183638595731e-30
28,105,1.8253574230400475e-30
28,106,7.075245571160641e-31
28,107,2.4825341532472637e-16
28,108,2.14130894698242e-30
28,109,7.593634699573837e-31
28,110,4.925329679079215e-31
28,111,5.174703426291523e-31
28,112,1.6276876393306617e-30
28,113,2.386915547000314e-30
28,114,1.042488326214641e-30
28,115,1.4565915920677949e-30
28,116,1.2517612009789919e-31
28,117,1.9536632048125524e-30
28,118,9.743546489890163e-31
28,119,4.039279911260816e-31
28,120,6.062259269804241e-31
28,121,2.0077595859519812e-30
28,122,1.21098489333891e-30
28,123,4.9064504048327e-31
28,124,1.8102951274026e-30
28,125,1.5356886875551286e-30
28,126,3.1368087117451593e-30
28,127,1.1909889062692584e-30
28,128,1.737996670626478e-30
28,129,2.5165889794872207e-30
28,130,1.1519511769812343e-30
28,131,2.0231945080231486e-30
28,132,1.3302642009162351e-30
28,133,1.0583342640386422e-30
28,134,1.110223024625163e-16
28,135,1.4849920126899541e-30
28,136,1.5632148190535412e-30
28,137,1.0333383755424092e-30
28,138,1.1329260767689615e-30
28,139,2.954722856787212e-30
28,140,1.032282473403875e-30
28,141,2.5049278606847254e-30
28,142,5.368791418732133e-31
28,143,2.2265824647814583e-30
28,144,2.4804647395567926e-32
28,145,4.773497931902028e-31
28,146,1.6122779262385018e-30
28,147,5.0643646865921945e-31
28,148,2.176349246585675e-30
28,149,3.4733301120769206e-30
29,30,1.867639800032892e-30
29,31,1.272164959807957e-30
29,32,3.836238417221883e-31
29,33,1.1358901886078029e-30
29,34,1.353586763397137e-30
29,35,3.266338339201374e-30
29,36,1.7013651297971663e-30
29,37,1.52994649862672e-30
29,38,2.035164975125566e-30
29,39,1.1177307868121796e-30
29,40,2.0554849611316426e-30
29,41,1.2765561240954712e-30
29,42,2.516939507996412e-30
29,43,1.5583997000122294e-30
29,44,2.1740507180093772e-30
29,45,7.757919228897721e-16
29,46,1.3494772047252456e-30
29,47,1.721704584497103e-30
29,48,8.408501336782868e-31
29,49,7.491416648015021e-31
29,50,1.4957507418000407e-30
29,51,1.6777312315348197e-30
29,52,1.132565343505543e-30
29,53,5.760705860227968e-31
29,54,2.006476730942322e-30
29,55,4.2570152406215035e-31
29,56,2.3082021297079462e-30
29,57,4.978127002330269e-31
29,58,1.2306879915116606e-30
29,59,9.798728967958065e-31
29,60,2.127517612037779e-30
29,61,1.6490742158684736e-30
29,62,8.564304950807895e-31
29,63,2.583906165331348e-31
29,64,1.3932581484709175e-30
29,65,1.5466946565547362e-30
29,66,1.7053264428460936e-30
29,67,3.3728977336171877e-31
29,68,1.0860709809457358e-31
29,69,1.0083381581234252e-30
29,70,1.0986896115310434e-30
29,71,5.249630822532647e-31
29,72,1.2657318783333962e-30
29,73,1.6191758972063952e-30
29,74,7.536181048076638e-31
29,75,1.1078540117356774e-30
29,76,7.97423656845293e-31
29,77,1.152536203870465e-30
29,78,4.391507479912424e-30
29,79,1.0085960912704462e-30
29,80,1.104680801070266e-30
29,81,7.147083956481619e-30
29,82,6.7504259558262585e-31
29,83,2.3455570153355e-30
29,84,5.423199768048199e-31
29,85,1.8350337525695885e-30
29,86,2.4426833701550635e-30
29,87,1.7067233053333645e-30
29,88,3.687688031241704e-30
29,89,1.565972405110305e-30
29,90,8.23959754097807e-31
29,91,2.6961394723973596e-30
29,92,1.0461142838242232e-30
29,93,1.0107012231496742e-30
29,94,2.3685805389905844e-30
29,95,1.6393715515105895e-30
29,96,1.2833509963097127e-30
29,97,1.691393557721058e-30
29,98,1.4437635456599152e-30
29,99,2.534740362768756e-30
29,100,1.004714346369619e-30
29,101,1.2745652844711155e-30
29,102,1.2404952794416686e-30
29,103,1.8611438043805424e-30
29,104,2.2231819986195943e-30
29,105,1.3898245968889744e-30
29,106,1.1237439077750207e-30
29,107,1.0870835358315429e-15
29,108,1.6376631153367863e-30
29,109,9.65931653707215e-31
29,110,4.929623185788609e-31
29,111,3.7415285782477817e-31
29,112,1.856948820752537e-30
29,113,1.4686870114880625e-16
29,114,6.4568042316024675e-31
29,115,1.5628895609218385e-30
29,116,6.679328516587022e-31
29,117,1.6014023360692964e-30
29,118,8.661348827491658e-31
29,119,7.496445556563214e-31
29,120,2.2707097866850395e-30
29,121,1.5727037902837032e-30
29,122,1.2093992323986658e-30
29,123,9.356667438021908e-31
29,124,1.3971323573106136e-30
29,125,1.7460420284717808e-30
29,126,2.6938884497038467e-30
29,127,9.061183784569902e-31
29,128,1.4747209403254072e-30
29,129,2.0649070436082796e-30
29,130,1.6094558004413797e-30
29,131,1.706466087580417e-30
29,132,1.8957633699201348e-30
29,133,8.903927489130609e-31
29,134,4.631939073484661e-16
29,135,1.1006535470000576e-30
29,136,1.5115533341072383e-30
29,137,1.1808170748747851e-30
29,138,9.54195336607102e-31
29,139,2.242485858231639e-30
29,140,1.2641061286492133e-30
29,141,2.0696991573803116e-30
29,142,1.697895362895598e-30
29,143,2.3808391318018583e-30
29,144,1.086177354722693e-31
29,145,9.408785778073046e-31
29,146,1.1373990797705672e-30
29,147,1.9626286167636696e-30
29,148,1.7781468894840568e-30
29,149,4.0221650305342753e-16
30,31,2.8815591898829445e-30
30,32,1.0008410399950215e-30
30,33,2.1756604109977955e-30
30,34,2.9342024373221108e-30
30,35,2.4762636840600105e-30
30,36,3.2103653906907084e-30
30,37,3.9516494300519556e-30
30,38,6.128596707483067e-30
30,39,3.029675725057857e-30
30,40,6.171561492216502e-30
30,41,3.944542419814082e-30
30,42,7.400216303402468e-30
30,43,2.296349874828791e-30
30,44,1.3734095351965104e-30
30,45,2.3320981364864807e-15
30,46,3.5353349523881664e-30
30,47,5.725751459137405e-30
30,48,2.457204636832301e-30
30,49,1.787493897463164e-30
30,50,3.7090129920968214e-30
30,51,1.4283315353555329e-30
30,52,3.193053342957084e-30
30,53,1.2395979333016796e-30
30,54,2.4717466286769126e-30
30,55,1.1291681509803633e-30
30,56,3.656720193158491e-30
30,57,1.070003110409157e-30
30,58,2.022782252040109e-30
30,59,2.918052014846005e-30
30,60,6.117288490267321e-30
30,61,5.073394065424451e-30
30,62,1.3135267189127618e-30
30,63,7.76744714043814e-31
30,64,2.9305717178800717e-30
30,65,2.7381146100626887e-30
30,66,2.1931287601377586e-30
30,67,8.926915856957955e-31
30,68,7.346496073893001e-32
30,69,2.848297519747399e-30
30,70,2.23782525977341e-30
30,71,5.8163995593706075e-31
30,72,3.775206862561857e-30
30,73,3.889902940586103e-30
30,74,2.276079094333377e-30
30,75,8.030901876375219e-31
30,76,2.352057338303146e-30
30,77,1.5385646774933396e-30
30,78,1.2715099104482096e-29
30,79,3.5623825006689076e-30
30,80,1.5731741138934155e-30
30,81,2.240415317531735e-16
30,82,1.1363378474647282e-30
30,83,1.693359673523699e-30
30,84,1.5847566649562267e-30
30,85,5.624963621921502e-30
30,86,1.442009493119889e-30
30,87,2.3472714700356408e-30
30,88,1.1000033240207098e-29
30,89,4.778028428507637e-30
30,90,2.3270310989327635e-30
30,91,8.167643631828233e-30
30,92,3.181760356066011e-30
30,93,2.381633398522026e-30
30,94,2.5286235634546444e-30
30,95,3.8134235829165425e-30
30,96,4.0557395240947404e-30
30,97,1.356645875461091e-30
30,98,3.820046958509115e-30
30,99,4.950062149420632e-30
30,100,2.094339758171608e-30
30,101,3.4534239394979594e-30
30,102,1.9180951163290505e-30
30,103,1.8063045472423314e-30
30,104,4.6543598809239e-30
30,105,4.238554836331365e-30
30,106,1.5311326049868004e-30
30,107,7.353345285982898e-16
30,108,4.838516965219016e-30
30,109,1.7697413019519082e-30
30,110,1.2208985815125162e-30
30,111,1.2547569468299795e-30
30,112,3.610879059922438e-30
30,113,3.359456723059437e-16
30,114,2.3497013679826204e-30
30,115,3.618221000783214e-30
30,116,4.766196544362314e-31
30,117,4.553621793078853e-30
30,118,2.3343661608693427e-30
30,119,9.647707540543203e-31
30,120,1.4635698155339931e-30
30,121,4.50429686774214e-30
30,122,2.790405307748917e-30
30,123,1.508996406617877e-30
30,124,4.3502477164658555e-30
30,125,3.0578407218166225e-16
30,126,7.63265708955494e-30
30,127,2.743787465550241e-30
30,128,3.874624015954009e-30
30,129,6.058992284264581e-30
30,130,2.7159208890288612e-30
30,131,4.668749171590457e-30
30,132,3.782706870904763e-30
30,133,2.3956196764911462e-30
30,134,7.886259742686947e-16
30,135,3.4164634283431715e-30
30,136,4.087899515069924e-30
30,137,2.632622340184594e-30
30,138,2.7005176138464002e-30
30,139,6.846089245732807e-30
30,140,2.3714386793528813e-30
30,141,6.0707886323847366e-30
30,142,1.5122709630608538e-30
30,143,5.397960427845606e-30
30,144,7.347215616674727e-32
30,145,1.3897350326935001e-30
30,146,3.725076861460576e-30
30,147,1.6284829360384833e-30
30,148,5.131526012328734e-30
30,149,6.828379306512998e-16
31,32,4.287481813309448e-31
31,33,1.4477877012793782e-30
31,34,1.694395033517209e-30
31,35,1.4921334546007128e-30
31,36,1.539990243621595e-30
31,37,2.2619820412912547e-30
31,38,3.1790989979747584e-30
31,39,1.5696764321715017e-30
31,40,3.070570972812268e-30
31,41,1.9276777199676823e-30
31,42,3.1347839572090724e-30
31,43,1.689182963288591e-30
31,44,1.2921293322069336e-30
31,45,1.2375376728717107e-15
31,46,1.971221366065038e-30
31,47,2.992531177853592e-30
31,48,1.1822817161272593e-30
31,49,8.876859610912638e-31
31,50,2.1574919447304153e-30
31,51,1.485854725274651e-30
31,52,1.4525094013645863e-30
31,53,7.18106620451217e-31
31,54,1.75145787068294e-30
31,55,6.5954088377920974e-31
31,56,2.4378727049347488e-30
31,57,4.030086527346574e-31
31,58,9.251778783540559e-31
31,59,1.3321488164548049e-30
31,60,3.217001347397417e-30
31,61,2.5625549534104992e-30
31,62,8.047695419164456e-31
31,63,4.1218284547896265e-31
31,64,1.561004906119654e-30
31,65,1.7144395110877762e-30
31,66,1.5065759353514567e-30
31,67,3.799030031824533e-31
31,68,5.790136133085734e-32
31,69,1.4768954603836865e-30
31,70,8.67443006687376e-31
31,71,4.253387579627863e-31
31,72,2.0259895686868798e-30
31,73,2.3984870709515303e-30
31,74,1.0955036791707503e-30
31,75,6.103746094227231e-31
31,76,1.2193438256527807e-30
31,77,9.965565300407589e-31
31,78,6.914640336524651e-30
31,79,1.7616042323573098e-30
31,80,9.924310016321015e-31
31,81,1.0126938786169812e-29
31,82,5.531882083935509e-31
31,83,1.4595714167721745e-30
31,84,8.189420524082044e-31
31,85,2.8375953057522296e-30
31,86,1.5534079814006597e-30
31,87,1.625821691071578e-30
31,88,5.7072414217060794e-30
31,89,2.073466145478977e-30
31,90,1.1001043434864687e-30
31,91,4.148682039586841e-30
31,92,1.671197889256151e-30
31,93,1.1091807515068377e-30
31,94,2.2064710795683826e-30
31,95,2.2099929982718663e-30
31,96,2.074547723225321e-30
31,97,1.1730794052718512e-30
31,98,2.152676513001872e-30
31,99,3.284425030221911e-30
31,100,7.182406896955502e-31
31,101,1.9620169895577517e-30
31,102,7.798726742040526e-31
31,103,8.922776039680759e-31
31,104,2.5978261990056435e-30
31,105,1.843616397959496e-30
31,106,6.894128776461894e-31
31,107,5.795534335168214e-16
31,108,2.4505705708562277e-30
31,109,1.1523359522776708e-30
31,110,6.513231324947985e-31
31,111,6.880712319312519e-31
31,112,1.695716944527128e-30
31,113,1.567515379506567e-30
31,114,1.1679682072807399e-30
31,115,2.2464636277623816e-30
31,116,4.903027141876807e-31
31,117,2.5338052484187833e-30
31,118,1.3244919670930719e-30
31,119,6.846553883043524e-31
31,120,1.1906148820259193e-30
31,121,2.2964309185741853e-30
31,122,1.3813751112167797e-30
31,123,1.0514274700858762e-30
31,124,2.4329366033073076e-30
31,125,1.8299798421514947e-30
31,126,4.2161789658869946e-30
31,127,1.2218500777585474e-30
31,128,1.5457086386219337e-30
31,129,3.377246402203516e-30
31,130,1.5060658197286093e-30
31,131,2.5174682682339257e-30
31,132,2.4554461004472597e-30
31,133,1.1283394009927198e-30
31,134,5.551115123125807e-17
31,135,1.5335661854770551e-30
31,136,2.337320136523506e-30
31,137,1.718086021047846e-30
31,138,1.5123464740993528e-30
31,139,3.2991166770441525e-30
31,140,1.49694486310066e-30
31,141,3.322430215115815e-30
31,142,1.3723797951208154e-30
31,143,3.285385374958888e-30
31,144,5.790703240264157e-32
31,145,1.06513945543157e-30
31,146,1.9551915980829126e-30
31,147,1.4887410560559686e-30
31,148,2.7023892831916743e-30
31,149,4.251654145008391e-30
32,33,3.1863829785804255e-31
32,34,4.814233280419353e-31
32,35,1.1741509787717096e-30
32,36,8.66479682418248e-31
32,37,7.153786395780946e-31
32,38,1.0703524562608111e-30
32,39,5.874136549345552e-31
32,40,1.2353483684235388e-30
32,41,8.09619484802863e-31
32,42,1.7025862544031523e-30
32,43,3.3344136839537075e-31
32,44,6.868194809089625e-31
32,45,4.203761523441608e-16
32,46,5.849656747875015e-31
32,47,1.0494783391009086e-30
32,48,5.115316664782573e-31
32,49,4.078758661417482e-31
32,50,6.1046359921161905e-31
32,51,3.632794831041323e-31
32,52,7.40069006786015e-31
32,53,2.6252061032190023e-31
32,54,6.086712379419201e-31
32,55,1.8242947077244095e-31
32,56,7.59959467050252e-31
32,57,2.930990692568845e-31
32,58,5.977702074143736e-31
32,59,5.454063103003054e-31
32,60,1.0892391329399691e-30
32,61,9.493484940901849e-31
32,62,3.54644527326663e-31
32,63,1.4001338500074604e-31
32,64,7.501354861694474e-31
32,65,5.2791758559911135e-31
32,66,5.2663253279767814e-31
32,67,1.9284475121179358e-31
32,68,3.5497942072630885e-32
32,69,5.907743976090775e-31
32,70,6.194150554205238e-31
32,71,1.810746621441603e-31
32,72,6.507020965488226e-31
32,73,6.829980376032891e-31
32,74,4.277551549834468e-31
32,75,3.6407443766838523e-31
32,76,5.149284127709389e-31
32,77,4.539855485489317e-31
32,78,2.27546158492987e-30
32,79,7.35393429483797e-31
32,80,4.003364192919911e-31
32,81,2.6624002859737094e-30
32,82,3.215857740996731e-31
32,83,7.645790505774059e-31
32,84,3.018308347567968e-31
32,85,1.0936619081588796e-30
32,86,7.643206728116386e-31
32,87,6.063735522824934e-31
32,88,2.0214645289647052e-30
32,89,1.0479398038133862e-30
32,90,5.234356623052216e-31
32,91,1.5421354441115001e-30
32,92,5.790943454277025e-31
32,93,6.412847764368754e-31
32,94,5.341284573118764e-31
32,95,5.537617703740293e-31
32,96,7.6941419805053305e-31
32,97,5.644802275652448e-31
32,98,6.41331778781476e-31
32,99,8.311362353520183e-31
32,100,6.016675060691432e-31
32,101,6.483067218953937e-31
32,102,5.817994382662715e-31
32,103,7.018957435424509e-31
32,104,1.0090878033058974e-30
32,105,1.0543695456545311e-30
32,106,4.895913057347791e-31
32,107,3.5531037160624483e-16
32,108,9.92280158035653e-31
32,109,3.8955801652104076e-31
32,110,2.0637533877293006e-31
32,111,2.5101716165310272e-31
32,112,9.26759787979486e-31
32,113,1.5196780440163853e-30
32,114,5.344386909927989e-31
32,115,5.891924066312018e-31
32,116,1.8311162901251076e-31
32,117,8.379070210751693e-31
32,118,4.080198086816377e-31
32,119,2.2267551273214865e-31
32,120,7.818290498607278e-31
32,121,9.809406790568042e-31
32,122,6.368276784701336e-31
32,123,2.113748467158997e-31
32,124,8.185325810821163e-31
32,125,8.673849376603905e-31
32,126,1.326049590505296e-30
32,127,6.146178341357188e-31
32,128,9.958835043678294e-31
32,129,1.0831506209464675e-30
32,130,7.07969767903309e-31
32,131,8.720192219674608e-31
32,132,5.234665785094136e-31
32,133,5.37438197069419e-31
32,134,7.632783294297929e-17
32,135,7.297628455659794e-31
32,136,6.343749182932079e-31
32,137,4.054980300101664e-31
32,138,5.188914367502219e-31
32,139,1.5113674175840103e-30
32,140,5.043225575981194e-31
32,141,1.0877750352920754e-30
32,142,5.040214800276499e-31
32,143,8.993448853512843e-31
32,144,3.5501418871328876e-32
32,145,2.042706048952582e-31
32,146,7.869928396976942e-31
32,147,5.5116936340939476e-31
32,148,1.0088877932067433e-30
32,149,1.618212413209335e-30
33,34,1.2917754204893793e-30
33,35,2.263958719216085e-30
33,36,1.2163158910366506e-30
33,37,1.744900274453212e-30
33,38,2.4236397953974576e-30
33,39,1.1737668754509487e-30
33,40,2.3172969232230276e-30
33,41,1.4397744462444018e-30
33,42,2.3794124112963388e-30
33,43,1.5009346230735069e-30
33,44,1.570511482004961e-30
33,45,9.223249191233216e-16
33,46,1.5295950432730425e-30
33,47,2.2226738467753717e-30
33,48,8.89192405564363e-31
33,49,6.785568756465349e-31
33,50,1.6573414656205466e-30
33,51,1.346172836856016e-30
33,52,1.0708666875867874e-30
33,53,5.708464405708819e-31
33,54,1.6600608035352277e-30
33,55,5.034024424982745e-31
33,56,2.111563279800979e-30
33,57,3.2229802451926055e-31
33,58,8.089622577596257e-31
33,59,1.0434955933393958e-30
33,60,2.428606913079957e-30
33,61,1.9497657975063365e-30
33,62,7.01275518304756e-31
33,63,3.071959084188742e-31
33,64,1.2279851376724348e-30
33,65,1.4404015166653167e-30
33,66,1.3955468387119845e-30
33,67,2.9309264214159948e-31
33,68,7.848050483711808e-32
33,69,1.1144270179233215e-30
33,70,7.384023456476172e-31
33,71,4.1395968743062675e-31
33,72,1.5371186626809854e-30
33,73,1.804925833067644e-30
33,74,8.408173027734025e-31
33,75,8.149700785218872e-31
33,76,9.025707589888126e-31
33,77,9.209962841808455e-31
33,78,5.169890854257443e-30
33,79,1.2744718327611044e-30
33,80,9.14905560830335e-31
33,81,7.763367963339397e-30
33,82,4.755588001951086e-31
33,83,1.759588649249918e-30
33,84,6.196798178294106e-31
33,85,2.112063089553279e-30
33,86,1.8215108399494553e-30
33,87,1.4991655949842368e-30
33,88,4.26039024997367e-30
33,89,1.5665821074751066e-30
33,90,8.045122525609685e-31
33,91,3.0919324877221512e-30
33,92,1.2577339479765796e-30
33,93,7.997832254806042e-31
33,94,2.0955423241095668e-30
33,95,1.7506633905856222e-30
33,96,1.5389474545777912e-30
33,97,1.3050259247432933e-30
33,98,1.6784382103062255e-30
33,99,2.64158320690221e-30
33,100,6.446182765421689e-31
33,101,1.4885988991030527e-30
33,102,9.01557065544868e-31
33,103,1.15239255831955e-30
33,104,2.0891948990652722e-30
33,105,1.3322761945000607e-30
33,106,6.887825787099359e-31
33,107,7.8553673000164215e-16
33,108,1.794678871687282e-30
33,109,9.179911632647011e-31
33,110,5.128303184703399e-31
33,111,4.901341918964515e-31
33,112,1.2872002175405804e-30
33,113,1.6223247070526787e-30
33,114,8.553962406496062e-31
33,115,1.7559325027289787e-30
33,116,5.282216710034203e-31
33,117,1.895402175056879e-30
33,118,1.0047240731928254e-30
33,119,5.690855893798042e-31
33,120,1.6454053218306422e-30
33,121,1.724351030883704e-30
33,122,1.0254128204591645e-30
33,123,8.762709118032684e-31
33,124,1.777946051829023e-30
33,125,1.5118572639406021e-30
33,126,3.176272837576208e-30
33,127,9.315777348255912e-31
33,128,1.1865303842019129e-30
33,129,2.5530063515246283e-30
33,130,1.2294579464167867e-30
33,131,1.8709635982708604e-30
33,132,2.028751081230683e-30
33,133,8.554911536343454e-31
33,134,1.1102230246251622e-16
33,135,1.1461130973753593e-30
33,136,1.8192147311263803e-30
33,137,1.3442551404737861e-30
33,138,1.1315737543550752e-30
33,139,2.4573484356170783e-30
33,140,1.2162363674785233e-30
33,141,2.4925217610930848e-30
33,142,1.414218938531422e-30
33,143,2.559364511944446e-30
33,144,7.848819150572766e-32
33,145,9.277538697881082e-31
33,146,1.386012128846827e-30
33,147,1.578262897312944e-30
33,148,2.025701196505474e-30
33,149,3.1610803612591626e-30
34,35,1.2272885472753364e-30
34,36,1.689435046818686e-30
34,37,3.330761543801835e-16
34,38,4.587460160827348e-16
34,39,3.3867567423141622e-16
34,40,9.045401974137484e-16
34,41,2.091563212707295e-30
34,42,3.751976253587293e-30
34,43,1.4099738019714814e-30
34,44,1.0326132719944573e-30
34,45,1.2945584181786148e-15
34,46,2.107685965625266e-30
34,47,2.749603037176483e-30
34,48,1.3727530134210302e-30
34,49,7.941910286963494e-31
34,50,2.3108346674481733e-30
34,51,1.5817278470206348e-30
34,52,1.6876240614224052e-30
34,53,8.836430848846009e-31
34,54,1.110801668649836e-16
34,55,6.41983216948584e-31
34,56,2.2243700287415364e-30
34,57,4.736622836615926e-31
34,58,9.071847711002427e-31
34,59,1.5669065747896938e-30
34,60,3.4122937002527376e-30
34,61,2.7898459158089612e-30
34,62,1.0483241776138218e-30
34,63,4.226310099301739e-31
34,64,1.777976102348289e-30
34,65,1.8233238625187915e-30
34,66,7.404153410200889e-16
34,67,4.869501706755786e-31
34,68,3.87472648482604e-32
34,69,4.990971583248113e-16
34,70,1.1510760482981033e-30
34,71,3.3406637881001122e-31
34,72,1.9567002886892646e-30
34,73,2.4478926152839177e-30
34,74,1.290174006621912e-30
34,75,4.366834758653395e-31
34,76,1.1151249938834063e-16
34,77,2.807466526497647e-16
34,78,2.9186690263316703e-16
34,79,1.743610695826896e-30
34,80,7.128763959755108e-31
34,81,9.010924371150731e-30
34,82,6.281436938595865e-31
34,83,1.0802979037973846e-30
34,84,8.807871149737784e-31
34,85,2.8311190385065524e-30
34,86,1.1165373893817545e-30
34,87,1.5527796219092207e-15
34,88,6.209643182818043e-30
34,89,2.3534205833612877e-30
34,90,1.1712015272085477e-30
34,91,4.354764591179464e-30
34,92,1.6966983576003064e-30
34,93,1.258364636945211e-30
34,94,1.6960940079759195e-30
34,95,2.781690438179132e-30
34,96,2.13371199440201e-30
34,97,9.206258660343728e-31
34,98,2.0004377562760954e-30
34,99,3.676959297984962e-16
34,100,1.1818131576031999e-30
34,101,9.779718032019705e-16
34,102,1.1857504337090237e-16
34,103,7.510007858388902e-31
34,104,2.533748766493051e-30
34,105,4.1938711493221187e-16
34,106,6.4740809688311155e-31
34,107,1.2015885175647295e-15
34,108,3.2477068879097695e-30
34,109,7.102464031473038e-16
34,110,7.579232467083881e-31
34,111,6.152362584206034e-31
34,112,1.858657901697254e-30
34,113,2.383773905944172e-30
34,114,1.3030814990091676e-30
34,115,2.0546702031247533e-30
34,116,3.93995739723811e-31
34,117,3.271989732540225e-30
34,118,1.5691726617555548e-30
34,119,5.432431493620004e-31
34,120,9.496705182914028e-31
34,121,2.730722767332913e-30
34,122,1.4322578197208447e-30
34,123,6.518792808476435e-31
34,124,2.36432638084774e-30
34,125,4.746721875591366e-16
34,126,4.2857049001410894e-30
34,127,1.3644958145693272e-30
34,128,1.7526008612564774e-30
34,129,3.3425523905766835e-30
34,130,1.3668699492161552e-30
34,131,3.1846374815652445e-30
34,132,2.49053699717048e-16
34,133,1.4737609083056721e-30
34,134,6.286882954508309e-16
34,135,1.728870229054217e-30
34,136,4.452295461799389e-16
34,137,1.5072829112748542e-30
34,138,1.5499238643469524e-30
34,139,3.452180966978989e-30
34,140,1.9090719418484586e-30
34,141,5.788949243929708e-16
34,142,7.017814310213911e-16
34,143,4.068283714076499e-30
34,144,3.8751059897553656e-32
34,145,8.995945860573632e-31
34,146,2.2561656586211275e-30
34,147,1.1003609322942658e-30
34,148,3.01829343810019e-30
34,149,1.7038151461995595e-16
35,36,5.1323947801350224e-30
35,37,3.4207556182725715e-30
35,38,2.4003227154592235e-30
35,39,2.026327796649349e-30
35,40,4.778303261755581e-30
35,41,3.0035230988275945e-30
35,42,5.98219626992335e-30
35,43,3.5116085559463965e-30
35,44,5.923581902328722e-30
35,45,4.1588616036664415e-16
35,46,2.143881296476252e-30
35,47,1.7902518867640113e-30
35,48,2.0879788036535944e-30
35,49,2.1506660405798618e-30
35,50,1.863986427138515e-30
35,51,3.7257559786995415e-30
35,52,3.433321324620745e-30
35,53,1.5772157652661252e-30
35,54,5.3016286718364074e-30
35,55,2.529107232732101e-31
35,56,5.977380759434119e-30
35,57,1.5053866255616106e-30
35,58,3.726606862324515e-30
35,59,1.862359624552689e-30
35,60,1.9387926516407764e-30
35,61,3.361569444666803e-30
35,62,2.5075373948839437e-30
35,63,1.3851791725859976e-31
35,64,4.361826302369273e-30
35,65,3.9234744159846464e-30
35,66,4.2752354139792495e-30
35,67,6.8639736444996385e-31
35,68,3.0702041724578733e-31
35,69,2.728717835792984e-30
35,70,3.7397780412009345e-30
35,71,1.456028928832393e-30
35,72,1.6046009544818154e-30
35,73,1.5774135382331908e-30
35,74,1.3591407427723428e-30
35,75,3.168645648031069e-30
35,76,2.3256584338366262e-30
35,77,3.411671226681559e-30
35,78,3.7122817518296404e-30
35,79,1.598845700204133e-30
35,80,3.0506594625959863e-30
35,81,5.2051233483914394e-30
35,82,2.0249933737337593e-30
35,83,6.631531521224713e-30
35,84,1.1141381826068477e-30
35,85,3.001464133344967e-30
35,86,6.716101835123795e-30
35,87,4.841225644634684e-30
35,88,3.172070493134003e-30
35,89,3.255354569871397e-30
35,90,2.2595543579359694e-30
35,91,3.3107763897950305e-30
35,92,1.8165608473678862e-30
35,93,3.284493121930554e-30
35,94,5.628866611055346e-30
35,95,1.9667472675557393e-30
35,96,1.5176547730746643e-30
35,97,4.823031431368347e-30
35,98,2.747470703142072e-30
35,99,5.393306517555781e-30
35,100,3.356648975227615e-30
35,101,2.80494312041276e-30
35,102,4.226328855856968e-30
35,103,5.0640775929843924e-30
35,104,6.1803405430907654e-30
35,105,5.0361267037791094e-30
35,106,3.174303730538149e-30
35,107,3.073066554650002e-15
35,108,2.4116863388432522e-30
35,109,2.5044074200850442e-30
35,110,8.761024746843991e-31
35,111,4.617590699500398e-31
35,112,5.1040490171602584e-30
35,113,7.809078935810851e-30
35,114,2.0699938697047547e-30
35,115,2.4724512710455636e-30
35,116,1.7604240030467783e-30
35,117,2.4883482629315763e-30
35,118,1.1603722950401028e-30
35,119,1.6465696935307297e-30
35,120,6.542902809518471e-30
35,121,4.31551794474253e-30
35,122,3.1788302540677616e-30
35,123,1.6479109943831547e-30
35,124,1.6241464228309747e-30
35,125,5.3273122851469325e-30
35,126,2.800658159401707e-30
35,127,2.585682294223537e-30
35,128,4.582776201885569e-30
35,129,2.76812349791102e-30
35,130,4.6876708199116895e-30
35,131,1.3994406759834528e-30
35,132,3.502636047206266e-30
35,133,2.4915408692322524e-30
35,134,2.81709692362377e-16
35,135,1.973208183559424e-30
35,136,1.9733401994099003e-30
35,137,1.6521295814506494e-30
35,138,2.1132587807598154e-30
35,139,6.798265306320098e-30
35,140,3.358162823628837e-30
35,141,3.0855767539447695e-30
35,142,4.705756615483966e-30
35,143,4.33392883727022e-30
35,144,3.07050487951992e-31
35,145,1.9050549535101852e-30
35,146,2.1517996611535195e-30
35,147,5.180407097951146e-30
35,148,3.984012263505159e-30
35,149,4.984425371468928e-16
36,37,2.3706115794471317e-30
36,38,3.5790818305189915e-30
36,39,1.9063144139337165e-30
36,40,4.1062179541407294e-30
36,41,2.6856007177544752e-30
36,42,5.738537155358224e-30
36,43,1.739110551942591e-30
36,44,3.139471459057718e-30
36,45,1.3608902904978681e-15
36,46,1.963463932970772e-30
36,47,3.40089845115929e-30
36,48,1.738384425505085e-30
36,49,1.4470500811846893e-30
36,50,2.0348244814474607e-30
36,51,1.9566670804113502e-30
36,52,2.5096286552639784e-30
36,53,9.321680944488434e-31
36,54,2.8797396894611327e-30
36,55,6.0798013840844175e-31
36,56,3.121616069174296e-30
36,57,1.0547528630997589e-30
36,58,2.2902841171708588e-30
36,59,1.9089396822371244e-30
36,60,3.571322027266997e-30
36,61,3.188693080506323e-30
36,62,1.441577096557771e-30
36,63,4.532675203498658e-31
36,64,2.757247052680225e-30
36,65,2.1003454037777322e-30
36,66,2.2269206449091626e-30
36,67,6.634060270308316e-31
36,68,1.6099702858336245e-31
36,69,1.989065521829153e-30
36,70,2.3666117489351758e-30
36,71,7.710834063900928e-31
36,72,2.095179841638715e-30
36,73,2.4020668034369806e-30
36,74,1.4257068969464094e-30
36,75,1.6478104430834238e-30
36,76,1.733452132546902e-30
36,77,1.9627588214403177e-30
36,78,7.515899167259225e-30
36,79,2.3379496814850094e-30
36,80,1.639240162004071e-30
36,81,8.755513629079345e-30
36,82,1.2160084173953743e-30
36,83,3.45340489739252e-30
36,84,1.0054586925487218e-30
36,85,3.565971397343588e-30
36,86,3.5472427477875704e-30
36,87,2.5361717775735268e-30
36,88,6.578899549021291e-30
36,89,3.501132939766032e-30
36,90,1.7660810239727903e-30
36,91,5.010539533091909e-30
36,92,1.8493410276892015e-30
36,93,2.2832066922597333e-30
36,94,2.799558149341699e-30
36,95,2.0202295284394704e-30
36,96,2.483406149931666e-30
36,97,2.4979840211382454e-30
36,98,2.20076779737951e-30
36,99,2.7566313751203143e-30
36,100,2.223498781584439e-30
36,101,1.987265465149953e-30
36,102,2.394745840413289e-30
36,103,2.9498746311713204e-30
36,104,3.699222298750332e-30
36,105,3.551255757326597e-30
36,106,1.9230124516059083e-30
36,107,1.611471277304278e-15
36,108,3.241299777636656e-30
36,109,1.4602045616412266e-30
36,110,6.87906829826637e-31
36,111,7.642330862154617e-31
36,112,3.379624213825247e-30
36,113,3.475686388332876e-16
36,114,1.7386730748981643e-30
36,115,2.0922592297199924e-30
36,116,8.962619823908668e-31
36,117,2.8020294082951067e-30
36,118,1.3780936246722513e-30
36,119,9.246314672051568e-31
36,120,3.492484783311422e-30
36,121,3.4278757826721735e-30
36,122,2.221283333653336e-30
36,123,8.965990467826103e-31
36,124,2.5685041288405073e-30
36,125,4.480326392110221e-16
36,126,4.308398774818897e-30
36,127,2.1252284026990057e-30
36,128,3.47397859348786e-30
36,129,3.578020664001732e-30
36,130,2.7973982845639785e-30
36,131,2.9125265130758317e-30
36,132,2.003474868979591e-30
36,133,1.8979470749264505e-30
36,134,4.0436549343196567e-16
36,135,2.4089134955645566e-30
36,136,2.0790688398766535e-30
36,137,1.4234830551523381e-30
36,138,1.6729821705409128e-30
36,139,5.157574448063464e-30
36,140,1.8267758831626575e-30
36,141,3.6151159720322436e-30
36,142,2.4125567689636286e-30
36,143,2.9741100814930914e-30
36,144,1.6101279722308284e-31
36,145,1.0190210985613613e-30
36,146,2.4556104867878315e-30
36,147,2.6177579178260622e-30
36,148,3.320715620639461e-30
36,149,6.183893817977767e-16
37,38,4.216600687804822e-30
37,39,2.1513213726105005e-30
37,40,4.309045147229019e-30
37,41,2.807208089779118e-30
37,42,5.296035571873779e-30
37,43,2.0276109326758365e-30
37,44,2.2831832917125423e-30
37,45,1.6859342666571739e-15
37,46,2.6154406804416712e-30
37,47,4.027720279487335e-30
37,48,1.755417449780886e-30
37,49,1.2337307351238805e-30
37,50,2.7530873511952877e-30
37,51,2.2476669826058358e-30
37,52,2.2987392287492295e-30
37,53,9.528709807784522e-31
37,54,2.2309620801232697e-30
37,55,8.439004850539316e-31
37,56,2.926485247655389e-30
37,57,7.885159391853176e-31
37,58,1.5887216029003302e-30
37,59,2.157037321303965e-30
37,60,4.414092560814936e-30
37,61,3.689985228702984e-30
37,62,1.1425035102913758e-30
37,63,5.615289122541971e-31
37,64,2.1575065036860098e-30
37,65,2.273360123658167e-30
37,66,1.7577153365156607e-30
37,67,6.4823834293817165e-31
37,68,1.1270348087996826e-31
37,69,1.9665667646648878e-30
37,70,1.6432771986947373e-30
37,71,5.581558416674042e-31
37,72,2.7223017473223945e-30
37,73,2.8871338213681766e-30
37,74,1.7226775521561665e-30
37,75,1.1486109509827682e-30
37,76,1.5981018178680276e-30
37,77,1.24549949172392e-30
37,78,9.476379687908609e-30
37,79,2.5365293263239998e-30
37,80,1.167927345524475e-30
37,81,3.627397629894515e-16
37,82,8.443810764356148e-31
37,83,2.436358164949624e-30
37,84,1.138229709609633e-30
37,85,3.928840487313294e-30
37,86,2.6532138987354876e-30
37,87,2.0446314459929295e-30
37,88,7.99275820509304e-30
37,89,3.383541134230594e-30
37,90,1.622212586907487e-30
37,91,5.8041530424101234e-30
37,92,2.272418255149565e-30
37,93,1.8387068571677313e-30
37,94,2.8143910212965675e-30
37,95,2.987039038130788e-30
37,96,2.8693257939342358e-30
37,97,1.7665009746065434e-30
37,98,2.696754798352993e-30
37,99,3.97635033917134e-30
37,100,1.5559101550584973e-30
37,101,2.49184927068474e-30
37,102,1.51869188544869e-30
37,103,2.0807418900437383e-30
37,104,3.336953739828294e-30
37,105,2.9292718513853866e-30
37,106,1.2915119374816208e-30
37,107,1.1280855546737056e-15
37,108,3.691179101170529e-30
37,109,1.4459603153915106e-30
37,110,8.952070050475084e-31
37,111,9.472350329393315e-31
37,112,2.6606185047855555e-30
37,113,3.2624708097619403e-16
37,114,1.8253527697827545e-30
37,115,2.8261852637180254e-30
37,116,7.33587107647932e-31
37,117,3.6310842407367636e-30
37,118,1.792941329867036e-30
37,119,9.58745859230613e-31
37,120,2.4539400038159976e-30
37,121,3.355101707597945e-30
37,122,1.9714100407325613e-30
37,123,1.2207887366625926e-30
37,124,3.2171426047259086e-30
37,125,6.032798358833205e-16
37,126,5.555807670250309e-30
37,127,1.9379693375296815e-30
37,128,2.8210948074801506e-30
37,129,4.578300848316185e-30
37,130,1.9087445448205026e-30
37,131,3.5827482070045544e-30
37,132,2.9694860070331962e-30
37,133,1.744773047508243e-30
37,134,8.245488323540977e-16
37,135,2.4235206476005853e-30
37,136,2.9186888478300358e-30
37,137,2.0989431775143297e-30
37,138,1.9867429921054573e-30
37,139,4.803374836002391e-30
37,140,1.9481107636043607e-30
37,141,4.423872815237591e-30
37,142,1.9643823074330408e-30
37,143,4.2606065188200954e-30
37,144,1.127145194724247e-31
37,145,1.287979773974249e-30
37,146,2.780311813764076e-30
37,147,2.0807366177328006e-30
37,148,3.748800108826732e-30
37,149,3.04382263101131e-16
38,39,3.268898437695005e-30
38,40,7.080191160529283e-30
38,41,4.282031612247283e-30
38,42,7.949581569230868e-30
38,43,2.5941216598307228e-30
38,44,1.6396630236389496e-30
38,45,2.5493402301548862e-15
38,46,3.935706772560798e-30
38,47,6.352713544675163e-30
38,48,2.7206654765516204e-30
38,49,2.0047299226741276e-30
38,50,4.0440117159078334e-30
38,51,1.8280291192294703e-30
38,52,3.3410087826696586e-30
38,53,1.2900202145316196e-30
38,54,2.746115147979464e-30
38,55,1.24103859413125e-30
38,56,4.047366502625694e-30
38,57,1.1242208239168722e-30
38,58,2.3125154146564925e-30
38,59,3.477294461056942e-30
38,60,6.809110330860038e-30
38,61,5.642528939559773e-30
38,62,1.3782708738144215e-30
38,63,8.491008663363457e-31
38,64,3.308797562911747e-30
38,65,2.8660225496862e-30
38,66,2.4292305640581528e-30
38,67,1.0000888339606643e-30
38,68,7.476828212245992e-32
38,69,3.2570388129871856e-30
38,70,2.6983470216788245e-30
38,71,6.274957948911194e-31
38,72,4.1401177566388504e-30
38,73,4.448866119712299e-30
38,74,2.566516775247492e-30
38,75,7.504553035412283e-31
38,76,2.7278523300451368e-30
38,77,1.79361867065487e-30
38,78,1.4062172210000364e-29
38,79,3.760144587499418e-30
38,80,1.8411480578454124e-30
38,81,1.0098415482504246e-15
38,82,1.1794302563843032e-30
38,83,1.690452240300911e-30
38,84,1.750857067395629e-30
38,85,6.231821622036071e-30
38,86,1.820671072224947e-30
38,87,2.7739434838454748e-30
38,88,1.1986408152217547e-29
38,89,5.207110665895214e-30
38,90,2.4425234118676017e-30
38,91,8.964302710452076e-30
38,92,3.4284850637112616e-30
38,93,2.581402284605225e-30
38,94,2.8568198887622095e-30
38,95,4.119368045595563e-30
38,96,4.495849154358444e-30
38,97,1.446772364138003e-30
38,98,4.337214060645112e-30
38,99,5.237993051318925e-30
38,100,2.316056392845564e-30
38,101,3.700704738277399e-30
38,102,1.756233669327691e-30
38,103,2.0980661049634964e-30
38,104,5.185064487675094e-30
38,105,4.256872203982707e-30
38,106,1.5922862835961624e-30
38,107,7.483798934297744e-16
38,108,5.0282135705173675e-30
38,109,2.2829264676602217e-30
38,110,1.3709647793425956e-30
38,111,1.2988207487635082e-30
38,112,3.931050962547047e-30
38,113,3.74008956140458e-16
38,114,2.4986297718964447e-30
38,115,4.2360519463526456e-30
38,116,5.435986482650628e-31
38,117,4.677766534539454e-30
38,118,2.5924838906448716e-30
38,119,9.849554559892457e-31
38,120,1.5368950218231863e-30
38,121,5.082852842299183e-30
38,122,3.0003399532670836e-30
38,123,1.600886620250014e-30
38,124,4.633519889178408e-30
38,125,4.87158567320232e-16
38,126,8.391790053280813e-30
38,127,3.184407632647376e-30
38,128,4.114453747386019e-30
38,129,6.757193376245323e-30
38,130,3.1532045621442435e-30
38,131,5.0384834297575756e-30
38,132,4.2069994269632066e-30
38,133,2.7692310660058734e-30
38,134,8.30264099756701e-16
38,135,3.700205017129631e-30
38,136,4.5784020873859376e-30
38,137,2.891936154124837e-30
38,138,2.8968816269117598e-30
38,139,7.486423429612535e-30
38,140,2.479042736090703e-30
38,141,6.659209925874863e-30
38,142,1.6072672108805774e-30
38,143,5.738817105177214e-30
38,144,7.477560520235571e-32
38,145,1.5474831040566458e-30
38,146,3.666535265116148e-30
38,147,1.8506752271160776e-30
38,148,5.448222777879607e-30
38,149,2.0202640543582204e-16
39,40,3.286729403788313e-30
39,41,2.200428282777893e-30
39,42,4.322700575424808e-30
39,43,1.2560140318367588e-30
39,44,1.245616360878556e-30
39,45,1.2878826472462665e-15
39,46,1.889500320962331e-30
39,47,3.1115124950209932e-30
39,48,1.3706284087502927e-30
39,49,9.837911370715642e-31
39,50,2.0901340496982827e-30
39,51,1.1440140670941202e-30
39,52,1.8026511969513765e-30
39,53,7.487232542509779e-31
39,54,1.2841813170207917e-30
39,55,6.159063923801672e-31
39,56,1.983222040297488e-30
39,57,6.49524141727552e-31
39,58,1.153681729121954e-30
39,59,1.4601375055962534e-30
39,60,3.343644059260158e-30
39,61,2.6922043356596157e-30
39,62,8.870101228966581e-31
39,63,4.289510903964014e-31
39,64,1.765518377802071e-30
39,65,1.4436820221890758e-30
39,66,1.4323275856654244e-30
39,67,5.058443543143744e-31
39,68,6.341942828228509e-32
39,69,1.5555224744820738e-30
39,70,1.2361332019431907e-30
39,71,3.3803103590847436e-31
39,72,1.9911938883093363e-30
39,73,2.4253670378099208e-30
39,74,1.1761130409301528e-30
39,75,6.548164774687228e-31
39,76,1.3712649972124754e-30
39,77,8.611440617048157e-31
39,78,7.073845221502805e-30
39,79,2.0439145354540765e-30
39,80,8.348723016330139e-31
39,81,2.6120696304933297e-16
39,82,7.035431562217242e-31
39,83,1.367762708143332e-30
39,84,8.725191932429886e-31
39,85,3.1381380120127596e-30
39,86,1.3205630838191043e-30
39,87,1.2080519521913848e-30
39,88,6.095083614854374e-30
39,89,2.717509696204801e-30
39,90,1.3496458384531496e-30
39,91,4.536308047097588e-30
39,92,1.713702057011623e-30
39,93,1.4409857043366691e-30
39,94,1.5364030566358123e-30
39,95,2.081551741470526e-30
39,96,2.2300319360965892e-30
39,97,9.965742506578133e-31
39,98,2.0409502041967548e-30
39,99,2.8670955245241413e-30
39,100,1.2310914535456156e-30
39,101,1.9765842237487008e-30
39,102,1.1595368751056756e-30
39,103,1.2810750778305022e-30
39,104,2.5490928965534738e-30
39,105,2.5331158977019003e-30
39,106,9.762859103813121e-31
39,107,6.347855485236096e-16
39,108,2.9391858079274965e-30
39,109,9.909766553362703e-31
39,110,6.5229313810798605e-31
39,111,7.551606428177365e-31
39,112,2.1601318866229833e-30
39,113,4.1033458592693347e-16
39,114,1.373066584717996e-30
39,115,2.046403957234723e-30
39,116,3.538164176646415e-31
39,117,2.7238688045027793e-30
39,118,1.2907052502988624e-30
39,119,6.023767832645507e-31
39,120,1.5684307885345563e-30
39,121,2.5949484476142036e-30
39,122,1.5966173645017947e-30
39,123,1.008050845270504e-30
39,124,2.4838085740369372e-30
39,125,2.570216905416089e-16
39,126,4.198322207012769e-30
39,127,1.5071333341645322e-30
39,128,2.2728446194228737e-30
39,129,3.24538127179012e-30
39,130,3.671758547502274e-16
39,131,2.748745259730954e-30
39,132,2.0003318077396057e-30
39,133,1.3699995162549543e-30
39,134,5.658204232205293e-16
39,135,1.944976157492965e-30
39,136,2.126685664478483e-30
39,137,1.4583510243209908e-30
39,138,1.5199715018830874e-30
39,139,3.858850033907149e-30
39,140,1.4531131168490432e-30
39,141,3.393903907701758e-30
39,142,9.370591062485103e-31
39,143,3.126005085659761e-30
39,144,6.34256398137938e-32
39,145,7.7462963183260445e-31
39,146,2.326688613332864e-30
39,147,1.18496526040562e-30
39,148,2.9250049468620317e-30
39,149,6.087668433388215e-16
40,41,4.5310283939386064e-30
40,42,8.939379457222024e-30
40,43,2.4956391294246867e-30
40,44,2.8031501988490306e-30
40,45,2.5939980872703554e-15
40,46,3.882727555463669e-30
40,47,6.314009900953645e-30
40,48,2.8675587395102497e-30
40,49,2.12873025909797e-30
40,50,4.0577387330993346e-30
40,51,1.643037494864812e-30
40,52,3.7907509299733055e-30
40,53,1.3850263630712503e-30
40,54,2.6539430325231527e-30
40,55,1.223026769760623e-30
40,56,3.9511309400897606e-30
40,57,1.3896041407003519e-30
40,58,2.7923025613258388e-30
40,59,3.363490632706854e-30
40,60,6.866370834930591e-30
40,61,5.688134169099546e-30
40,62,1.58871507800876e-30
40,63,8.6397492069635e-31
40,64,3.622968185058782e-30
40,65,2.9147375333948554e-30
40,66,2.4191176340196436e-30
40,67,1.0692019127547294e-30
40,68,1.4618267604291904e-31
40,69,3.322872714967141e-30
40,70,2.9698968675989983e-30
40,71,7.445978071553539e-31
40,72,4.107302437509147e-30
40,73,4.4229933200957666e-30
40,74,2.5862138185401643e-30
40,75,1.509522804920235e-30
40,76,2.7930252129682647e-30
40,77,2.089946776262225e-30
40,78,1.4184681363870066e-29
40,79,4.043331868381865e-30
40,80,1.8335797904954806e-30
40,81,2.2657905922673364e-16
40,82,1.4526756461018761e-30
40,83,3.1434603098427373e-30
40,84,1.7963395806292912e-30
40,85,6.441031206652153e-30
40,86,3.25600992653286e-30
40,87,3.559620010809166e-30
40,88,1.2310973042361647e-29
40,89,5.686961732452771e-30
40,90,2.7183478183379658e-30
40,91,9.225739928813682e-30
40,92,3.4894137956579375e-30
40,93,3.0479520301058393e-30
40,94,3.070163211661062e-30
40,95,4.043496205931248e-30
40,96,4.5760061744229265e-30
40,97,2.335691371575189e-30
40,98,4.16954658092969e-30
40,99,5.3594437721710954e-30
40,100,2.8266464975702903e-30
40,101,3.6786612538721e-30
40,102,2.541261961678353e-30
40,103,3.0020038092489003e-30
40,104,5.369655800506643e-30
40,105,5.092149835854477e-30
40,106,2.1628560906023598e-30
40,107,1.4631896362029134e-15
40,108,5.4836885426388434e-30
40,109,2.53053304770595e-30
40,110,1.3447739141575339e-30
40,111,1.3558514190026219e-30
40,112,4.5115930944764795e-30
40,113,4.706698331666717e-16
40,114,2.7685352974001188e-30
40,115,4.004956411152934e-30
40,116,8.114672230715733e-31
40,117,4.82718673010257e-30
40,118,2.5709825094829882e-30
40,119,1.0477381650773804e-30
40,120,3.1961273759302455e-30
40,121,5.380984039856447e-30
40,122,3.30423101915008e-30
40,123,1.5404413415357872e-30
40,124,4.766663506619723e-30
40,125,5.516311550421916e-16
40,126,8.423785172214424e-30
40,127,3.328375123774669e-30
40,128,4.8816065021814676e-30
40,129,6.709874896091893e-30
40,130,3.497780250247105e-30
40,131,5.230933294412623e-30
40,132,3.811099103965641e-30
40,133,2.9097560125733505e-30
40,134,5.915992048200973e-16
40,135,4.0152002171449206e-30
40,136,4.329429772384956e-30
40,137,2.7988016942462355e-30
40,138,2.9996256675707528e-30
40,139,8.060309183787347e-30
40,140,2.609190092938894e-30
40,141,6.458567517100002e-30
40,142,2.2715452519296298e-30
40,143,5.7983415333533365e-30
40,144,1.461969937105938e-31
40,145,1.5164309009577665e-30
40,146,4.114444586636042e-30
40,147,2.4165429863269886e-30
40,148,5.747955239570947e-30
40,149,4.665599982471361e-16
41,42,5.847754765948299e-30
41,43,1.4854522460493301e-30
41,44,1.7295156166480417e-30
41,45,1.6661438778928304e-15
41,46,2.4577693221617614e-30
41,47,4.0455189143425856e-30
41,48,1.8425382537730668e-30
41,49,1.3648819430092094e-30
41,50,2.5638282541779238e-30
41,51,1.0668490027268089e-30
41,52,2.4855490941338587e-30
41,53,9.231156255282493e-31
41,54,1.677138878945122e-30
41,55,7.767101997321284e-31
41,56,2.5323618213011587e-30
41,57,9.130702802286185e-31
41,58,1.7793437370712138e-30
41,59,2.1181452735615248e-30
41,60,4.3614147758610824e-30
41,61,3.660938383453307e-30
41,62,1.0686491342504363e-30
41,63,5.549373886724601e-31
41,64,2.3932835129292995e-30
41,65,1.919952847346264e-30
41,66,1.5886222777446733e-30
41,67,6.8682764099647445e-31
41,68,9.045161884306485e-32
41,69,2.08882681377973e-30
41,70,1.8572293775766807e-30
41,71,4.876877417714061e-31
41,72,2.625578543406995e-30
41,73,2.7558031483751196e-30
41,74,1.6668406275412512e-30
41,75,9.361531390854013e-31
41,76,1.7824516188043198e-30
41,77,1.2996515871328096e-30
41,78,9.077031447898512e-30
41,79,2.659328292081813e-30
41,80,1.165937072053933e-30
41,81,1.143522214686686e-29
41,82,9.637310124414218e-31
41,83,1.959825413249837e-30
41,84,1.1505221073744161e-30
41,85,4.108232791983756e-30
41,86,1.9260799659686255e-30
41,87,1.725055766303301e-30
41,88,7.941190374581531e-30
41,89,3.688303470239323e-30
41,90,1.785876867426486e-30
41,91,5.922970378378513e-30
41,92,2.2559716265655054e-30
41,93,2.0331537887417617e-30
41,94,1.8063385895361552e-30
41,95,2.5758381267753566e-30
41,96,2.933215387402702e-30
41,97,1.450192174776418e-30
41,98,2.5949122418590336e-30
41,99,3.407873492831491e-30
41,100,1.811070165865953e-30
41,101,2.462009693287253e-30
41,102,1.5684508799442708e-30
41,103,1.9063279969818644e-30
41,104,3.448395842383616e-30
41,105,3.368194879505521e-30
41,106,1.4117251919298442e-30
41,107,9.053594779595599e-16
41,108,3.6830614462215626e-30
41,109,1.340867687202299e-30
41,110,8.449075325170056e-31
41,111,9.074492883066082e-31
41,112,2.965626277277767e-30
41,113,1.6192522241233297e-16
41,114,1.8563756814775236e-30
41,115,2.4686661923173947e-30
41,116,4.799744423862084e-31
41,117,3.287558060487611e-30
41,118,1.657302426540364e-30
41,119,7.147773845507714e-31
41,120,2.0342688826864954e-30
41,121,3.4933823139811504e-30
41,122,2.152306567352058e-30
41,123,9.05038942148879e-31
41,124,3.121033461423855e-30
41,125,2.7614534174512616e-30
41,126,5.365409083277928e-30
41,127,2.1126277011796868e-30
41,128,3.204087533643769e-30
41,129,4.327732233190433e-30
41,130,2.1476517808411135e-30
41,131,3.426708589571395e-30
41,132,2.4065419989178864e-30
41,133,1.8600771220669682e-30
41,134,4.308204175472978e-16
41,135,2.6101796403252855e-30
41,136,2.7061959561419468e-30
41,137,1.772652137273035e-30
41,138,1.9514380995310595e-30
41,139,5.218323156085484e-30
41,140,1.7526527634402995e-30
41,141,4.2760603576308596e-30
41,142,1.3562072337605366e-30
41,143,3.75286138341679e-30
41,144,9.046047800650539e-32
41,145,9.118557324645932e-31
41,146,2.8172570969660104e-30
41,147,1.4550210989247869e-30
41,148,3.76495196475359e-30
41,149,3.2516696318485164e-16
42,43,2.059512910317738e-30
42,44,3.439308356488307e-30
42,45,3.1340457425466667e-15
42,46,4.413747559567951e-30
42,47,7.729341556236081e-30
42,48,3.679213875755418e-30
42,49,2.822362641414071e-30
42,50,4.616449337740633e-30
42,51,1.4403054839576976e-30
42,52,5.140232840875228e-30
42,53,1.8648390113626682e-30
42,54,3.5865202942345424e-30
42,55,1.3664685931987922e-30
42,56,5.096886198980625e-30
42,57,1.95392457090946e-30
42,58,3.8238000162602775e-30
42,59,4.0044082926223274e-30
42,60,8.143361478084499e-30
42,61,6.999041775088678e-30
42,62,2.2655735302907195e-30
42,63,1.0438469230811275e-30
42,64,5.066055030917704e-30
42,65,3.6974213740340684e-30
42,66,3.3095592135287194e-30
42,67,1.3837320170266882e-30
42,68,1.6720815979072715e-31
42,69,4.196480722787485e-30
42,70,3.995145326152083e-30
42,71,1.0567431119445088e-30
42,72,4.829291243307443e-30
42,73,5.1994302901873684e-30
42,74,3.1421803851795745e-30
42,75,1.688261394650284e-30
42,76,3.640057938204573e-30
42,77,2.787900853512681e-30
42,78,1.6983320573821896e-29
42,79,5.320389769945379e-30
42,80,2.5015739773054645e-30
42,81,1.9816824802597345e-29
42,82,2.075967379237309e-30
42,83,3.72487793416131e-30
42,84,2.222327390062503e-30
42,85,8.022783047134684e-30
42,86,3.74158967337525e-30
42,87,3.708965195948965e-30
42,88,1.5064820977420172e-29
42,89,7.496942032086732e-30
42,90,3.682877910823188e-30
42,91,1.1402163220223267e-29
42,92,4.271174561612897e-30
42,93,4.309666606721486e-30
42,94,1.6640346058756792e-30
42,95,4.231747642131158e-30
42,96,5.666030195345177e-30
42,97,2.894574733884801e-30
42,98,4.7907422056646e-30
42,99,6.219255491045981e-30
42,100,3.903187926547984e-30
42,101,4.7327042063741594e-30
42,102,3.3344834246305654e-30
42,103,4.1338908727383676e-30
42,104,7.010140096469463e-30
42,105,7.126005707645982e-30
42,106,3.0674133306864246e-30
42,107,1.6736404963781152e-15
42,108,7.315706716110162e-30
42,109,2.699801340242585e-30
42,110,1.5430583845985737e-30
42,111,1.796151147935505e-30
42,112,6.274079543973671e-30
42,113,9.956243549632102e-30
42,114,3.779865969400013e-30
42,115,4.412400419490046e-30
42,116,7.638820905861114e-31
42,117,6.3042681991385414e-30
42,118,3.068042987795769e-30
42,119,1.4982929506526335e-30
42,120,3.8422650832413194e-30
42,121,7.05937678569517e-30
42,122,4.4431241561388446e-30
42,123,1.3844772977384087e-30
42,124,6.0087734095065554e-30
42,125,2.3820738455192775e-16
42,126,9.911613769265805e-30
42,127,4.3227422747955464e-30
42,128,6.774566470671553e-30
42,129,8.047054288487078e-30
42,130,4.579337820695558e-30
42,131,6.566347256764205e-30
42,132,3.699293455697955e-30
42,133,3.805126214929867e-30
42,134,3.248706834302244e-16
42,135,5.2623900689205204e-30
42,136,4.6909736629804526e-30
42,137,2.9790274642426275e-30
42,138,3.795993541013641e-30
42,139,1.0666991324304743e-29
42,140,3.5484992739962994e-30
42,141,8.08421772431388e-30
42,142,2.387719797838804e-30
42,143,6.807933265684894e-30
42,144,1.6722453677142827e-31
42,145,1.0539287277743978e-30
42,146,5.707395108684821e-30
42,147,2.4876934618657192e-30
42,148,7.373952679030046e-30
42,149,1.190568639326557e-29
43,44,2.3202235028714944e-30
43,45,9.288792252416243e-16
43,46,1.7599065588860956e-30
43,47,2.251231276518462e-30
43,48,9.378915003039458e-31
43,49,8.354915762731944e-31
43,50,1.861101762921061e-30
43,51,1.750292188776795e-30
43,52,1.1443332205135436e-30
43,53,7.329883725960892e-31
43,54,2.3791284316994827e-30
43,55,5.513945127876323e-31
43,56,2.885697999641039e-30
43,57,3.8755347372696933e-31
43,58,1.2074015744255983e-30
43,59,1.2368194035233652e-30
43,60,2.5308985562423065e-30
43,61,2.132935650940356e-30
43,62,1.0292633910220708e-30
43,63,3.0937893088776857e-31
43,64,1.7059735964268185e-30
43,65,1.8889427298566717e-30
43,66,1.9895591536586048e-30
43,67,2.7073083952898123e-31
43,68,1.1959196509033956e-31
43,69,1.2647881899515582e-30
43,70,1.3178160947916544e-30
43,71,5.9952533069970305e-31
43,72,1.6626977044573036e-30
43,73,1.948807891086258e-30
43,74,9.308882046393558e-31
43,75,1.262609532726213e-30
43,76,9.858204578116936e-31
43,77,1.3286286442744447e-30
43,78,5.3364228285116705e-30
43,79,1.2316007685659244e-30
43,80,1.3214100812882416e-30
43,81,8.643867676772849e-30
43,82,7.162237429105333e-31
43,83,2.683622175647108e-30
43,84,6.711716357876822e-31
43,85,2.1199889922610124e-30
43,86,2.6502096409209827e-30
43,87,2.2765236213976457e-30
43,88,4.257279440674761e-30
43,89,1.3693454699649395e-30
43,90,8.2379287433941e-31
43,91,3.0689810405326597e-30
43,92,1.339570383606627e-30
43,93,1.0131667242080835e-30
43,94,2.9118551615567616e-30
43,95,2.107435659560335e-30
43,96,1.5374761712507423e-30
43,97,2.0024832173565846e-30
43,98,1.967627368551178e-30
43,99,3.27659569316455e-30
43,100,9.439330451889644e-31
43,101,1.682667226920922e-30
43,102,1.5914249057135507e-30
43,103,1.6365089059170392e-30
43,104,2.720469192241328e-30
43,105,1.6881209914766405e-30
43,106,9.871180239055163e-31
43,107,1.1970346188077048e-15
43,108,1.6617222779013198e-30
43,109,1.1456039223682783e-30
43,110,6.5419415670940785e-31
43,111,5.892816479254249e-31
43,112,1.7165827081265075e-30
43,113,2.1039236740482032e-30
43,114,8.819655553215326e-31
43,115,2.0527485563430103e-30
43,116,7.594840834178366e-31
43,117,2.0025700115072962e-30
43,118,1.0981939161738504e-30
43,119,7.48156655270222e-31
43,120,2.541350744472409e-30
43,121,1.8985030534807815e-30
43,122,1.1805094857491044e-30
43,123,1.1115292889457156e-30
43,124,1.8389182380361993e-30
43,125,2.18596982895873e-30
43,126,3.3616389262077985e-30
43,127,1.0336514377393709e-30
43,128,1.1821058032960891e-30
43,129,2.7460351701471056e-30
43,130,1.608358219144333e-30
43,131,1.8659732788274232e-30
43,132,2.5494262186262848e-30
43,133,9.74553470039739e-31
43,134,6.684427777288327e-16
43,135,1.0148441503607562e-30
43,136,2.0922717230487966e-30
43,137,1.5595807330357404e-30
43,138,1.234759303176964e-30
43,139,2.6716764340770313e-30
43,140,1.6045508177013703e-30
43,141,2.6361096640246165e-30
43,142,2.0790711213916226e-30
43,143,2.99482137729752e-30
43,144,1.1960367836621524e-31
43,145,1.2186399742766943e-30
43,146,1.4021612933493326e-30
43,147,2.315774606608271e-30
43,148,2.1977728359416514e-30
43,149,3.4049976188361356e-30
44,45,4.652197188061286e-16
44,46,1.480472989888324e-30
44,47,1.0072022168311814e-30
44,48,1.2414307073171669e-30
44,49,1.354604117887548e-30
44,50,1.3788596738982894e-30
44,51,2.8077964239875274e-30
44,52,2.059155046996328e-30
44,53,9.931665510618785e-31
44,54,3.415437357737842e-30
44,55,3.214444953782741e-31
44,56,3.829763435459427e-30
44,57,9.023753653482926e-31
44,58,2.292878503653451e-30
44,59,1.240055777900597e-30
44,60,1.4573003793780443e-30
44,61,2.290618316277384e-30
44,62,1.5447733260124463e-30
44,63,1.5494929299846156e-31
44,64,2.622701685398043e-30
44,65,2.627019266989777e-30
44,66,2.806953519359638e-30
44,67,4.503619195660797e-31
44,68,1.9385213379642635e-31
44,69,1.7280804849170353e-30
44,70,2.1548177553128624e-30
44,71,9.222627084774922e-31
44,72,1.0473853561385729e-30
44,73,1.385631159102184e-30
44,74,8.207652450420578e-31
44,75,1.974094756616355e-30
44,76,1.435433854797334e-30
44,77,2.123395954244399e-30
44,78,2.6977548439973307e-30
44,79,7.079529727057638e-31
44,80,1.920724603669816e-30
44,81,6.2878080996671864e-30
44,82,1.2404832736480085e-30
44,83,4.16041364826862e-30
44,84,7.0856853017803245e-31
44,85,1.791564673853104e-30
44,86,4.412903729732616e-30
44,87,2.91455663728451e-30
44,88,2.425627928860974e-30
44,89,1.8963330523361515e-30
44,90,1.3595763851061905e-30
44,91,1.9509866555545106e-30
44,92,1.1134337027200707e-30
44,93,1.9063373292740524e-30
44,94,3.7383703037758085e-30
44,95,1.5347939149199446e-30
44,96,1.1349059738177082e-30
44,97,2.975361921781163e-30
44,98,1.9030044714885527e-30
44,99,3.583030967185515e-30
44,100,1.927954883449545e-30
44,101,1.7586481960856833e-30
44,102,2.3526925364447708e-30
44,103,3.3966381268338374e-30
44,104,3.950417389009147e-30
44,105,2.674221795879306e-30
44,106,2.0496003079835553e-30
44,107,1.9403286408813225e-15
44,108,1.3226177289279107e-30
44,109,1.598745803863333e-30
44,110,5.311731723262555e-31
44,111,5.049016635649774e-31
44,112,3.255172604571155e-30
44,113,1.110256905426082e-16
44,114,1.0856341655961466e-30
44,115,1.750073729687608e-30
44,116,1.1505733536698374e-30
44,117,1.5954961003896854e-30
44,118,7.866478606423221e-31
44,119,1.2727323447926588e-30
44,120,4.120817865858717e-30
44,121,2.685163618468883e-30
44,122,2.04349097194675e-30
44,123,1.552329928424405e-30
44,124,1.0467726695070643e-30
44,125,3.32802055604884e-30
44,126,1.989816260664089e-30
44,127,1.384146576306534e-30
44,128,2.603881070506016e-30
44,129,1.7898083301470325e-30
44,130,3.041302622003505e-30
44,131,1.1226222569126698e-30
44,132,2.5289514394219758e-30
44,133,1.5038340515238323e-30
44,134,7.793697707769854e-16
44,135,1.168287290106367e-30
44,136,1.5212510070859553e-30
44,137,1.3892395011265025e-30
44,138,1.352305156553589e-30
44,139,4.047885432524181e-30
44,140,2.0637547361525913e-30
44,141,2.0435625375745977e-30
44,142,2.987595480837259e-30
44,143,2.8886789810581694e-30
44,144,1.9387112038570542e-31
44,145,1.3363533419560134e-30
44,146,1.1281615840808476e-30
44,147,3.3422293628024954e-30
44,148,2.4803084962446443e-30
44,149,4.476059305628718e-16
45,46,1.4787660420451486e-15
45,47,2.4312680200490633e-15
45,48,1.0314473817308891e-15
45,49,7.479857277010646e-16
45,50,1.5893551255330865e-15
45,51,6.672892949406039e-16
45,52,1.3330985920716136e-15
45,53,5.374060217591705e-16
45,54,1.0022838945798707e-15
45,55,4.847302891456674e-16
45,56,1.564012678793998e-15
45,57,4.408246038830769e-16
45,58,8.382718021823151e-16
45,59,1.1680654608593325e-15
45,60,2.5961966820105817e-15
45,61,2.107334196091519e-15
45,62,5.715222817774252e-16
45,63,3.3306690738754667e-16
45,64,1.2949959428843542e-15
45,65,1.1439708900191147e-15
45,66,9.249574203958899e-16
45,67,3.689092489499293e-16
45,68,1.1159275669709157e-31
45,69,1.2024423073420165e-15
45,70,8.737497524778469e-16
45,71,2.5438405243137986e-16
45,72,1.578888092560197e-15
45,73,1.7623185482145398e-15
45,74,9.36956251326768e-16
45,75,5.551115123125784e-17
45,76,1.0188203913620837e-15
45,77,6.730727086790005e-16
45,78,5.475786646588197e-15
45,79,1.5428705102057723e-15
45,80,6.521083742145173e-16
45,81,7.226922202803998e-15
45,82,4.73007276363242e-16
45,83,5.289968061524236e-16
45,84,6.688028331159601e-16
45,85,2.393827887825224e-15
45,86,5.398084850998439e-16
45,87,1.0184304314743984e-15
45,88,4.700197004571534e-15
45,89,2.0134901833001036e-15
45,90,9.839843333886083e-16
45,91,3.4748827864159963e-15
45,92,1.3350204660080124e-15
45,93,1.0438135455091906e-15
45,94,9.849319331750033e-16
45,95,1.566888439525414e-15
45,96,1.7302212302348838e-15
45,97,5.559781974809361e-16
45,98,1.588858980500261e-15
45,99,2.1795970374294832e-15
45,100,8.32782908670586e-16
45,101,1.4891042537486728e-15
45,102,6.130229036492508e-16
45,103,6.798699777552582e-16
45,104,1.965802236597818e-15
45,105,1.76373610708626e-15
45,106,6.206335383118177e-16
45,107,3.0054844797486e-15
45,108,2.128524791137583e-15
45,109,8.096681288930112e-16
45,110,4.990217849044962e-16
45,111,5.525032997054195e-16
45,112,1.5268247289505491e-15
45,113,2.1217491729619104e-15
45,114,1.0355703458884e-15
45,115,1.5752817478452352e-15
45,116,1.5944364291470353e-16
45,117,1.9869970151739567e-15
45,118,1.0109137335799113e-15
45,119,4.3466507513761375e-16
45,120,2.8844961928050206e-16
45,121,1.962863951171556e-15
45,122,1.1817529144976936e-15
45,123,6.004449063730077e-16
45,124,1.911158324035554e-15
45,125,1.4737025221715895e-15
45,126,3.265322856643214e-15
45,127,1.1470182619555489e-15
45,128,1.6248868762964564e-15
45,129,2.622901895676929e-15
45,130,1.143434699240817e-15
45,131,2.0495007218121576e-15
45,132,1.5353625799562704e-15
45,133,1.0132923574178596e-15
45,134,1.982066424824031e-15
45,135,1.4496809150000384e-15
45,136,1.6845533826970925e-15
45,137,1.148423626505645e-15
45,138,1.1725088240828792e-15
45,139,2.8916700394575354e-15
45,140,1.0563540172584016e-15
45,141,2.594585025295342e-15
45,142,6.059128614320844e-16
45,143,2.3345846410268884e-15
45,144,1.11603686501146e-31
45,145,5.721958498152791e-16
45,146,1.650060362363264e-15
45,147,5.985575309898251e-16
45,148,2.1917077809858926e-15
45,149,3.522533351634376e-15
46,47,3.489857080437888e-30
46,48,1.5699570091128375e-30
46,49,1.0708115338223844e-30
46,50,2.482735584650887e-30
46,51,1.4132966203404635e-30
46,52,1.9203613544945757e-30
46,53,8.321769019054875e-31
46,54,1.8507745525670017e-30
46,55,7.441757208751391e-31
46,56,2.5479728315177044e-30
46,57,6.042055003626614e-31
46,58,1.2033645711351044e-30
46,59,2.0384204400927495e-30
46,60,3.999159216653043e-30
46,61,3.319963071474721e-30
46,62,8.987772756723073e-31
46,63,4.925280323737011e-31
46,64,1.8301491697573655e-30
46,65,1.8874532570227475e-30
46,66,1.5654688675615401e-30
46,67,5.847191644057927e-31
46,68,7.285321764801769e-32
46,69,1.6988836619775825e-30
46,70,1.4172296000882356e-30
46,71,4.144596582708342e-31
46,72,2.406549363739443e-30
46,73,2.583768233740881e-30
46,74,1.5570196646226338e-30
46,75,7.493799537886413e-31
46,76,1.3904597180752966e-30
46,77,1.0275904735617068e-30
46,78,8.124617699823182e-30
46,79,2.039587107441978e-30
46,80,1.0314205485000308e-30
46,81,1.0703067752312574e-29
46,82,6.733892709310746e-31
46,83,1.627724904800188e-30
46,84,1.0273329197977349e-30
46,85,3.473380742414053e-30
46,86,1.7318164452514747e-30
46,87,1.7400895587137632e-30
46,88,7.052046772819094e-30
46,89,2.8828222428760685e-30
46,90,1.34971578630486e-30
46,91,5.134058489085257e-30
46,92,1.9980860759308657e-30
46,93,1.351230979727631e-30
46,94,2.196140596000994e-30
46,95,2.7481329607837803e-30
46,96,2.5130926350948746e-30
46,97,1.2370607780921356e-30
46,98,2.465921430906928e-30
46,99,3.403915999880982e-30
46,100,1.1764992059395544e-30
46,101,2.1748592819591567e-30
46,102,9.245217549906092e-31
46,103,1.407535938721179e-30
46,104,3.018129822313637e-30
46,105,2.2227647277100216e-30
46,106,8.989686493463988e-31
46,107,7.292113943468772e-16
46,108,3.071416039168963e-30
46,109,1.1620635039980427e-30
46,110,8.601956758983292e-31
46,111,7.159999829940697e-31
46,112,2.2215867929328842e-30
46,113,2.8533173625366626e-30
46,114,1.4614788733345291e-30
46,115,2.449959788364961e-30
46,116,5.089472004695459e-31
46,117,3.029253207828706e-30
46,118,1.5690218158089973e-30
46,119,6.041988234753067e-31
46,120,1.5172912117657359e-30
46,121,2.9980660436449885e-30
46,122,1.6839882454469118e-30
46,123,8.999603347187388e-31
46,124,2.600615870100611e-30
46,125,2.327695952614993e-30
46,126,4.907641356915135e-30
46,127,1.7474947539610713e-30
46,128,2.197587441096509e-30
46,129,3.982737906663846e-30
46,130,1.4338018468431933e-30
46,131,3.09775408526844e-30
46,132,2.5006164215819703e-30
46,133,1.579688430952416e-30
46,134,6.106226635438377e-16
46,135,2.0670585797920285e-30
46,136,2.6115265046210182e-30
46,137,1.763588253894194e-30
46,138,1.6746940420593556e-30
46,139,4.152241481124729e-30
46,140,1.6533224461905174e-30
46,141,3.8386434946314145e-30
46,142,1.4176341606826761e-30
46,143,3.6891348375680546e-30
46,144,7.286035315947197e-32
46,145,1.0799703671665284e-30
46,146,2.082317383394083e-30
46,147,1.5204051110833926e-30
46,148,3.232020574057545e-30
46,149,2.359223927328443e-16
47,48,2.487373361443208e-30
47,49,1.8822247786179015e-30
47,50,3.763919164262224e-30
47,51,1.9199228301769417e-30
47,52,3.36297128556433e-30
47,53,1.2401955590121033e-30
47,54,2.3685480876586042e-30
47,55,1.1717348778626476e-30
47,56,3.8094629946550426e-30
47,57,1.1211969647535047e-30
47,58,2.203546351655119e-30
47,59,2.8254857142271227e-30
47,60,6.1971140588917975e-30
47,61,5.124544061717765e-30
47,62,1.384085818740443e-30
47,63,8.097749204679866e-31
47,64,3.130776367482318e-30
47,65,2.7050195236497977e-30
47,66,2.0124962689772827e-30
47,67,8.846526476710571e-31
47,68,4.714052895786527e-32
47,69,3.0636916236832987e-30
47,70,2.2829508094792766e-30
47,71,6.39494466066817e-31
47,72,3.883314756934403e-30
47,73,4.304659452312061e-30
47,74,2.223060413602114e-30
47,75,4.819320654049622e-31
47,76,2.622989766147057e-30
47,77,1.671467816948215e-30
47,78,1.2981723800029953e-29
47,79,3.907348462428551e-30
47,80,1.6465926135354134e-30
47,81,1.752922487597421e-29
47,82,1.1663163169695036e-30
47,83,1.3025430029871395e-30
47,84,1.6024900608170784e-30
47,85,5.810998360182752e-30
47,86,1.2821297136715782e-30
47,87,2.418205198260235e-30
47,88,1.1309556394838572e-29
47,89,4.970275522512048e-30
47,90,2.455667394713292e-30
47,91,8.447146024723829e-30
47,92,3.2953331059352065e-30
47,93,2.7162618231201593e-30
47,94,2.4560435052652555e-30
47,95,3.564704667044338e-30
47,96,4.30613874214563e-30
47,97,1.4305852430418339e-30
47,98,3.998841855462997e-30
47,99,5.1495583127159146e-30
47,100,2.216534338018843e-30
47,101,3.6362902796084465e-30
47,102,1.905991544655545e-30
47,103,1.7713258605447172e-30
47,104,4.752802348183046e-30
47,105,4.567019402274279e-30
47,106,1.5995820400821007e-30
47,107,4.71844785465691e-16
47,108,5.120635421367713e-30
47,109,2.1070066097147193e-30
47,110,1.1700416161152668e-30
47,111,1.489703858555821e-30
47,112,3.748525113657186e-30
47,113,7.27401636672569e-16
47,114,2.5501046001872144e-30
47,115,3.859950361941435e-30
47,116,4.19486099487984e-31
47,117,4.968738960993934e-30
47,118,2.4152468443233546e-30
47,119,1.183376897524058e-30
47,120,1.2152314379202194e-30
47,121,4.661126475118854e-30
47,122,2.9204643384600284e-30
47,123,1.7200938225478386e-30
47,124,4.83595237890584e-30
47,125,3.844167016544238e-30
47,126,7.918859427457884e-30
47,127,2.8585714610988407e-30
47,128,4.193492153951411e-30
47,129,6.418538602147112e-30
47,130,3.1234999111260212e-30
47,131,4.7903586617288585e-30
47,132,3.9717724007268516e-30
47,133,2.4386886285384028e-30
47,134,6.781681728890486e-16
47,135,3.5714508488382534e-30
47,136,4.342738246614415e-30
47,137,2.8308529042883107e-30
47,138,2.8852503795823956e-30
47,139,7.142101312018166e-30
47,140,2.451101470947915e-30
47,141,6.579619985722717e-30
47,142,1.4458762189428101e-30
47,143,5.467106351531179e-30
47,144,4.7145146074242536e-32
47,145,1.3769028092602003e-30
47,146,4.100823007802396e-30
47,147,1.4687738997946733e-30
47,148,5.219090922111409e-30
47,149,5.214799211354911e-16
48,49,8.701494354642053e-31
48,50,1.615702479982611e-30
48,51,7.90851470123173e-31
48,52,1.5715209686766708e-30
48,53,5.832777264466421e-31
48,54,1.1309608405894896e-30
48,55,4.787192183892078e-31
48,56,1.5762085446074314e-30
48,57,5.828119195557167e-31
48,58,1.1886421590960191e-30
48,59,1.3991674415964508e-30
48,60,2.745372295324386e-30
48,61,2.3404845225006413e-30
48,62,6.903681300305126e-31
48,63,3.4354098956609013e-31
48,64,1.4958745193930074e-30
48,65,1.2197685006371048e-30
48,66,1.0048289683537832e-30
48,67,4.475649826084867e-31
48,68,6.329426946441012e-32
48,69,1.3042343840019973e-30
48,70,1.2515680679896292e-30
48,71,3.2177012538100382e-31
48,72,1.62269677239843e-30
48,73,1.713510984562873e-30
48,74,1.0717482362803297e-30
48,75,6.478261451461471e-31
48,76,1.1083603116661667e-30
48,77,8.905452311603626e-31
48,78,5.600949669039903e-30
48,79,1.5972630120505354e-30
48,80,7.637139585376761e-31
48,81,7.073404144358467e-30
48,82,6.1800310965648515e-31
48,83,1.3603803187992784e-30
48,84,7.308726818121685e-31
48,85,2.5607588749564196e-30
48,86,1.4408323485845176e-30
48,87,1.044510747941298e-30
48,88,4.9632644218886335e-30
48,89,2.325860068889624e-30
48,90,1.1078346159979551e-30
48,91,3.699466358017649e-30
48,92,1.3984352592570115e-30
48,93,1.2633926767135639e-30
48,94,1.1944308225636933e-30
48,95,1.6889759277532538e-30
48,96,1.8174043604015973e-30
48,97,1.0006808178445156e-30
48,98,1.6350325631602963e-30
48,99,2.0794618515648928e-30
48,100,1.1837019322035955e-30
48,101,1.4938746574686522e-30
48,102,1.1028929913314385e-30
48,103,1.3443126912096817e-30
48,104,2.210643649953759e-30
48,105,2.0326131665666534e-30
48,106,9.351306233387614e-31
48,107,6.335327934766278e-16
48,108,2.2874364855799074e-30
48,109,8.236604336308154e-31
48,110,5.515242619505802e-31
48,111,5.179777767332962e-31
48,112,1.908633976400861e-30
48,113,2.919478810701423e-30
48,114,1.1377725981299931e-30
48,115,1.5214598323269029e-30
48,116,3.5090744585884907e-31
48,117,2.072400942633768e-30
48,118,1.0351437223134207e-30
48,119,4.374635738918715e-31
48,120,1.3830388994880894e-30
48,121,2.236044334668407e-30
48,122,1.361347196331301e-30
48,123,5.323979794943256e-31
48,124,1.84673714432821e-30
48,125,1.8107527120084845e-30
48,126,3.325730603708596e-30
48,127,1.355612187558842e-30
48,128,2.0199506534503062e-30
48,129,2.6662419390539264e-30
48,130,1.4623301125709542e-30
48,131,2.1519885569123968e-30
48,132,1.3915666117764167e-30
48,133,1.2071371684263367e-30
48,134,3.030954607830206e-16
48,135,1.635459589267416e-30
48,136,1.6559295011125786e-30
48,137,1.0688620274536126e-30
48,138,1.1905239527386147e-30
48,139,3.2864150300536845e-30
48,140,1.0866192699417913e-30
48,141,2.655931473105559e-30
48,142,9.973363315104803e-31
48,143,2.3603153899450948e-30
48,144,6.330046873740498e-32
48,145,5.771372237193386e-31
48,146,1.6406642629590687e-30
48,147,9.96795372447151e-31
48,148,2.3403741522522548e-30
48,149,3.260541871072584e-16
49,50,1.1138027110862108e-30
49,51,8.786892440902664e-31
49,52,1.2223814123205615e-30
49,53,4.29374156230075e-31
49,54,1.1603527856155388e-30
49,55,3.4709571111936175e-31
49,56,1.3057775649737204e-30
49,57,4.830141876357974e-31
49,58,1.0069711542656462e-30
49,59,9.762851689974478e-31
49,60,1.9493367698951336e-30
49,61,1.6546315680425868e-30
49,62,5.886715466516712e-31
49,63,2.491292930954176e-31
49,64,1.2148953317172235e-30
49,65,9.180641005358221e-31
49,66,1.013512849995251e-30
49,67,3.2823668059661903e-31
49,68,6.792367185392024e-32
49,69,1.0105945001203968e-30
49,70,1.0430200257250065e-30
49,71,3.2466947743459094e-31
49,72,1.1920650739343517e-30
49,73,1.2150033223311081e-30
49,74,7.560531544005133e-31
49,75,6.885150745601473e-31
49,76,8.656226233685214e-31
49,77,7.782555461155469e-31
49,78,4.0623238686047546e-30
49,79,1.2332178020147856e-30
49,80,6.9541650501760146e-31
49,81,5.1844101381735494e-30
49,82,5.368747472094128e-31
49,83,1.4471690439963025e-30
49,84,5.215982966788577e-31
49,85,1.8909521670997182e-30
49,86,1.5087301334153755e-30
49,87,1.0058975729901469e-30
49,88,3.543470214503006e-30
49,89,1.7592819064827852e-30
49,90,8.584512134783306e-31
49,91,2.6867122632109287e-30
49,92,1.0194537800201379e-30
49,93,1.027576017997143e-30
49,94,1.2598814098491746e-30
49,95,1.050365493974341e-30
49,96,1.3488976325673336e-30
49,97,1.0307668937713078e-30
49,98,1.182984754459123e-30
49,99,1.4976080846249156e-30
49,100,9.980289251607862e-31
49,101,1.126945335501585e-30
49,102,9.31941696863107e-31
49,103,1.289529424605835e-30
49,104,1.697362682746372e-30
49,105,1.670216036455853e-30
49,106,8.443999326586872e-31
49,107,6.798699777552592e-16
49,108,1.6317287815680405e-30
49,109,6.604974376428285e-31
49,110,3.673988689821398e-31
49,111,4.226193584681335e-31
49,112,1.544432431608746e-30
49,113,2.4712713921004123e-30
49,114,8.595399572619503e-31
49,115,1.1417510252227136e-30
49,116,3.793123579929785e-31
49,117,1.3927597287696316e-30
49,118,7.315008498134375e-31
49,119,4.222087047383972e-31
49,120,1.4766012686539929e-30
49,121,1.6379522054814305e-30
49,122,1.0563771519953753e-30
49,123,5.889769911658292e-31
49,124,1.4323965876737373e-30
49,125,1.4459418249041319e-30
49,126,2.405949630815631e-30
49,127,1.0379624315650217e-30
49,128,1.62954004149776e-30
49,129,1.9603286298888008e-30
49,130,1.208489318150094e-30
49,131,1.4795466081878684e-30
49,132,1.2570913069967748e-30
49,133,9.065637719859007e-31
49,134,1.1443916996305742e-16
49,135,1.2270176120554e-30
49,136,1.2692254746638737e-30
49,137,8.331292155234224e-31
49,138,8.889966988930985e-31
49,139,2.5186711076355717e-30
49,140,8.072683553255227e-31
49,141,1.93708854415068e-30
49,142,9.753563149981404e-31
49,143,1.5995589277151212e-30
49,144,6.793032454757163e-32
49,145,5.107814204551489e-31
49,146,1.2467847896943907e-30
49,147,1.133074785012452e-30
49,148,1.691849875882576e-30
49,149,2.6219744810875863e-30
50,51,1.4674385678914065e-30
50,52,1.93549882639895e-30
50,53,9.137298508833463e-31
50,54,1.9072924842051813e-30
50,55,8.07255827159058e-31
50,56,2.762082901886583e-30
50,57,6.177966421030118e-31
50,58,1.1374577208523333e-30
50,59,1.7754000077259448e-30
50,60,4.185272794647243e-30
50,61,3.2839379539117115e-30
50,62,9.115656813476001e-31
50,63,5.2936159640185195e-31
50,64,1.97234784995168e-30
50,65,1.926150110489939e-30
50,66,1.6501529541585853e-30
50,67,5.651629320411928e-31
50,68,6.4972817826218e-32
50,69,1.7945014299521512e-30
50,70,1.2534505346325419e-30
50,71,4.467125475786381e-31
50,72,2.4992193020258406e-30
50,73,3.093260918748261e-30
50,74,1.4279409543983472e-30
50,75,6.93294653633074e-31
50,76,1.5880413386096304e-30
50,77,1.1573393058182983e-30
50,78,8.758631811549058e-30
50,79,2.2954358562905768e-30
50,80,1.0724023296757442e-30
50,81,1.2720838035624308e-29
50,82,7.120033431610512e-31
50,83,1.5596748945930365e-30
50,84,1.0698752279198695e-30
50,85,3.73066929364167e-30
50,86,1.6235297248397293e-30
50,87,1.8292673732064326e-30
50,88,7.465386559704697e-30
50,89,2.981917271149966e-30
50,90,1.4733550045053359e-30
50,91,5.478571249856174e-30
50,92,2.106620576072539e-30
50,93,1.4368184978341815e-30
50,94,2.3107892783924e-30
50,95,2.835401073948603e-30
50,96,2.6670280498899144e-30
50,97,1.236102712711594e-30
50,98,2.6634561394102964e-30
50,99,3.880973769562574e-30
50,100,1.1464287758362389e-30
50,101,2.363738088656591e-30
50,102,1.0614038870496646e-30
50,103,9.578962964343987e-31
50,104,3.1646464784062216e-30
50,105,2.5002840892843667e-30
50,106,8.59758565019742e-31
50,107,6.503339263697064e-16
50,108,3.344586981304801e-30
50,109,1.2613221132208793e-30
50,110,8.535487947947038e-31
50,111,8.242346204607652e-31
50,112,2.2524743003526104e-30
50,113,1.9626158728260699e-16
50,114,1.478379582013958e-30
50,115,2.678100246097553e-30
50,116,5.1142850848116575e-31
50,117,3.283037327686133e-30
50,118,1.661069804410161e-30
50,119,6.975825144420543e-31
50,120,1.2801046571310274e-30
50,121,3.09146600465341e-30
50,122,1.787865706105475e-30
50,123,1.1131465628592184e-30
50,124,2.972307757262485e-30
50,125,2.2636094699829755e-30
50,126,5.3162150651446164e-30
50,127,1.7098631838121492e-30
50,128,2.2575630374388895e-30
50,129,4.101352212678012e-30
50,130,1.6562950588653193e-30
50,131,3.364939534979344e-30
50,132,2.6075225792094507e-30
50,133,1.580693717784837e-30
50,134,3.0907300956506515e-16
50,135,2.1655984650061125e-30
50,136,2.776501864561698e-30
50,137,1.9666521733111382e-30
50,138,1.8655979021277417e-30
50,139,4.3868421967032106e-30
50,140,1.850628236065102e-30
50,141,4.2166163127890404e-30
50,142,1.583738169560317e-30
50,143,4.1223011424151035e-30
50,144,6.497918150239843e-32
50,145,1.1691408978526233e-30
50,146,2.531411116679101e-30
50,147,1.5316042191376612e-30
50,148,3.488151644936098e-30
50,149,2.581417751465258e-16
51,52,1.4826174807852603e-30
51,53,6.9977027410875436e-31
51,54,2.7680296977147728e-30
51,55,4.359880743144805e-31
51,56,2.801852113593894e-30
51,57,5.1003325856919995e-31
51,58,1.4060994847244729e-30
51,59,8.599245189604646e-31
51,60,1.4855160350915083e-30
51,61,1.8431304579456457e-30
51,62,1.399346127837573e-30
51,63,2.2225198179868366e-31
51,64,1.807276815037164e-30
51,65,2.3926895539277013e-30
51,66,1.9340055341793348e-30
51,67,2.686391069203457e-31
51,68,1.2573526028480583e-31
51,69,1.5864105056808898e-30
51,70,1.186443470511448e-30
51,71,6.514125641834054e-31
51,72,1.2715460398629366e-30
51,73,1.874776748105752e-30
51,74,5.162297463937497e-31
51,75,1.2309139761317925e-30
51,76,1.2388343085760658e-30
51,77,1.5450699314018045e-30
51,78,4.219341297645878e-30
51,79,1.1863127182112238e-30
51,80,1.213957795194188e-30
51,81,6.589955863283241e-30
51,82,7.1626106400790105e-31
51,83,2.6550289346584353e-30
51,84,5.380639951366866e-31
51,85,1.3761231837278676e-30
51,86,3.218537617962343e-30
51,87,1.8431340119496104e-30
51,88,2.862307457352372e-30
51,89,8.616796923412653e-31
51,90,1.002937382621138e-30
51,91,1.9411720578919394e-30
51,92,1.0660315829010225e-30
51,93,1.2447400193305839e-30
51,94,2.997057586130979e-30
51,95,1.4594795546909972e-30
51,96,1.3583091569580604e-30
51,97,1.8761664342123937e-30
51,98,1.799040729616566e-30
51,99,3.199048171727964e-30
51,100,1.1196627179061389e-30
51,101,1.891083052996225e-30
51,102,1.293860418435432e-30
51,103,2.588320699651043e-30
51,104,2.8672463329287525e-30
51,105,1.8263140138961056e-30
51,106,1.4696991960697009e-30
51,107,1.2585248453105973e-15
51,108,1.7179626068375743e-30
51,109,1.5370984156333121e-30
51,110,4.912286597934181e-31
51,111,9.577824939973371e-31
51,112,2.1008255722124877e-30
51,113,7.587248972077321e-16
51,114,1.031960200494029e-30
51,115,1.709351331788378e-30
51,116,8.807951236121328e-31
51,117,2.0945927644379743e-30
51,118,1.1403967751854954e-30
51,119,1.3909789623582547e-30
51,120,2.59997592377441e-30
51,121,1.7447220042765872e-30
51,122,1.7702627272118914e-30
51,123,1.4655091286809247e-30
51,124,2.1795219376009136e-30
51,125,1.976602707894937e-30
51,126,2.852305214714033e-30
51,127,6.2742695327482275e-31
51,128,1.4607773682493606e-30
51,129,2.1539946975608717e-30
51,130,2.7249285986876416e-30
51,131,1.6194569925230205e-30
51,132,2.3889973259139537e-30
51,133,9.025033579318917e-31
51,134,1.0605631735244714e-15
51,135,7.005112944898978e-31
51,136,1.6045125470856792e-30
51,137,1.73751551368131e-30
51,138,1.4441907855177276e-30
51,139,2.4176126175798892e-30
51,140,1.6012298723493423e-30
51,141,2.6121343301950328e-30
51,142,2.0832064948348558e-30
51,143,2.9688283065957295e-30
51,144,1.2574757525755427e-31
51,145,1.1389676290665887e-30
51,146,1.8996130859784805e-30
51,147,2.272888343565992e-30
51,148,2.0301639284312216e-30
51,149,3.895680680159921e-16
52,53,7.889173636056036e-31
52,54,1.6664030434449246e-30
52,55,5.974412953648724e-31
52,56,2.2320942426495292e-30
52,57,8.665158525852402e-31
52,58,1.8099963979508016e-30
52,59,1.8141298696784472e-30
52,60,3.4440438182750456e-30
52,61,3.071269077060974e-30
52,62,1.087168715675317e-30
52,63,4.440110253039856e-31
52,64,2.179403740372834e-30
52,65,1.638040786699841e-30
52,66,1.48600913590606e-30
52,67,5.94369670904867e-31
52,68,1.0454877824191443e-31
52,69,1.806329256627909e-30
52,70,1.8333389634658458e-30
52,71,5.2686604469979655e-31
52,72,2.123791491851858e-30
52,73,2.0507417439158606e-30
52,74,1.4480066424226286e-30
52,75,1.0727697444033063e-30
52,76,1.561714551277329e-30
52,77,1.3159101455710348e-30
52,78,7.104188104938181e-30
52,79,2.3002316971902405e-30
52,80,1.1691458740413527e-30
52,81,8.388254030980293e-30
52,82,9.474104337265019e-31
52,83,2.2478335253534463e-30
52,84,9.42014379971123e-31
52,85,3.352771677572631e-30
52,86,2.339553579890337e-30
52,87,1.8135121819906955e-30
52,88,6.407430339413565e-30
52,89,3.190592077889672e-30
52,90,1.5702937675345178e-30
52,91,4.819883016721915e-30
52,92,1.8910593387639253e-30
52,93,1.9574420338878803e-30
52,94,1.716393590833779e-30
52,95,1.9978552037862976e-30
52,96,2.40993182819118e-30
52,97,1.6648901725455415e-30
52,98,2.0165256059638318e-30
52,99,2.6533727816888495e-30
52,100,1.7889175955348113e-30
52,101,2.121796083825083e-30
52,102,1.8521143236219198e-30
52,103,2.115357254017066e-30
52,104,3.0368934524414982e-30
52,105,3.2460982712193665e-30
52,106,1.4357613567480008e-30
52,107,1.04646250118128e-15
52,108,3.1320827615759513e-30
52,109,1.3752064384130969e-30
52,110,6.666700320809041e-31
52,111,9.195413838930669e-31
52,112,2.749720734814625e-30
52,113,2.020934236514418e-16
52,114,1.7061385876587836e-30
52,115,1.8673227806886778e-30
52,116,5.590382884168984e-31
52,117,2.798146826841792e-30
52,118,1.3205238651217226e-30
52,119,7.317199390709036e-31
52,120,2.3747328549985558e-30
52,121,2.966175004339513e-30
52,122,1.9099016977766365e-30
52,123,9.301522450979193e-31
52,124,2.6466042813564687e-30
52,125,6.821336872544113e-16
52,126,4.218204589599263e-30
52,127,1.8518296402987664e-30
52,128,3.0073197682674795e-30
52,129,3.539618943632712e-30
52,130,2.193386733470411e-30
52,131,2.7165066133223825e-30
52,132,1.9232719014105228e-30
52,133,1.6106583185065735e-30
52,134,8.743006318923109e-16
52,135,2.2325936273793074e-30
52,136,2.133709406861067e-30
52,137,1.375579683312851e-30
52,138,1.6187858705162573e-30
52,139,4.5587649664575165e-30
52,140,1.5115554548513111e-30
52,141,3.441584028983735e-30
52,142,1.5630046319968144e-30
52,143,2.89452072116459e-30
52,144,1.0455901813287273e-31
52,145,7.19093006084547e-31
52,146,2.4627449689703137e-30
52,147,1.638982072411228e-30
52,148,3.1219325424532257e-30
52,149,3.0907300956506342e-16
53,54,9.04664493774976e-31
53,55,2.6601379013057597e-31
53,56,1.053982278838416e-30
53,57,3.1120907114161295e-31
53,58,6.479506168128664e-31
53,59,6.418419640233809e-31
53,60,1.4145319026972614e-30
53,61,1.160352729402944e-30
53,62,4.1046641933452575e-31
53,63,1.7899216167877174e-31
53,64,8.120671867474659e-31
53,65,7.101423529469923e-31
53,66,7.41890211133848e-31
53,67,2.2134529039431535e-31
53,68,5.113108264321666e-32
53,69,6.126145193937467e-31
53,70,6.429117902304698e-31
53,71,2.4282248475409757e-31
53,72,8.26249598537421e-31
53,73,1.0058666341748285e-30
53,74,5.15172189919923e-31
53,75,5.270595669234258e-31
53,76,5.323875938439942e-31
53,77,5.576351905865149e-31
53,78,2.9469762871627047e-30
53,79,8.141739636859524e-31
53,80,5.1056019314082616e-31
53,81,3.9539147101080216e-30
53,82,3.60673645762018e-31
53,83,1.1058654545968844e-30
53,84,3.690042035396397e-31
53,85,1.2788218825558709e-30
53,86,1.1274959424335169e-30
53,87,8.167931962428954e-31
53,88,2.58056849217315e-30
53,89,1.156101320264741e-30
53,90,5.6653109539736754e-31
53,91,1.8820295000706045e-30
53,92,7.126842930445602e-31
53,93,6.677993075019197e-31
53,94,1.0748690381744167e-30
53,95,9.876573804319555e-31
53,96,9.185859412058292e-31
53,97,8.02256659230101e-31
53,98,8.47869871757735e-31
53,99,1.3266299060202707e-30
53,100,6.171877241963953e-31
53,101,7.90626096593424e-31
53,102,6.695566488677288e-31
53,103,8.710997182072615e-31
53,104,1.0863828751696162e-30
53,105,1.0682861452219615e-30
53,106,5.621019822021786e-31
53,107,5.117875266520906e-16
53,108,1.2634510485777044e-30
53,109,4.512668823627816e-31
53,110,2.862235868808774e-31
53,111,2.7402351360505823e-31
53,112,1.0347386986100258e-30
53,113,1.6282661712708777e-30
53,114,5.850262293293909e-31
53,115,8.734527880921508e-31
53,116,3.0376593847227386e-31
53,117,1.1902777561096698e-30
53,118,5.78261848143385e-31
53,119,2.8668739658602445e-31
53,120,1.0958986228847971e-30
53,121,1.1485275074128763e-30
53,122,6.868120487587484e-31
53,123,3.699092167611274e-31
53,124,9.934148992061328e-31
53,125,9.70546345452969e-31
53,126,1.7665119755239103e-30
53,127,6.429532069239951e-31
53,128,1.0288805343708176e-30
53,129,1.3880731632005421e-30
53,130,7.517954104316435e-31
53,131,1.206415193706272e-30
53,132,8.959126421020444e-31
53,133,6.10832840096175e-31
53,134,9.367506770274805e-17
53,135,8.190856450856726e-31
53,136,8.826528698280324e-31
53,137,6.520009570492927e-31
53,138,6.304312808068336e-31
53,139,1.630180086763768e-30
53,140,6.628740949164498e-31
53,141,1.3995563417234563e-30
53,142,8.137964755485965e-31
53,143,1.4355328019697776e-30
53,144,5.113609060906429e-32
53,145,4.5085861546979675e-31
53,146,9.278140979093435e-31
53,147,8.925065720888037e-31
53,148,1.2295000767411555e-30
53,149,2.080573654350548e-30
54,55,5.635337950422084e-31
54,56,3.6247163433240645e-30
54,57,7.882412636759106e-31
54,58,1.941415109809139e-30
54,59,1.6092154912891622e-30
54,60,2.7678020251364234e-30
54,61,2.3234326324538448e-30
54,62,1.4499505113130707e-30
54,63,3.338275970920638e-31
54,64,2.4093676533988822e-30
54,65,2.589589330695993e-30
54,66,2.528166445898639e-30
54,67,4.658270559848435e-31
54,68,1.7362542109493464e-31
54,69,1.646607667990702e-30
54,70,1.9574444897662565e-30
54,71,8.310822852344833e-31
54,72,1.7692063977532537e-30
54,73,1.8695365536113617e-30
54,74,1.2052051748724385e-30
54,75,1.7887887967902746e-30
54,76,1.2534776881616285e-30
54,77,1.9669952870382054e-30
54,78,5.6746560718653595e-30
54,79,1.4342900950107138e-30
54,80,1.735076730746562e-30
54,81,3.9933696222048523e-16
54,82,1.0590744221584889e-30
54,83,3.7643671404009486e-30
54,84,7.039239711852162e-31
54,85,2.3376716457843917e-30
54,86,3.803260282816408e-30
54,87,3.010061475926539e-30
54,88,4.757554647884648e-30
54,89,2.1811614676460535e-30
54,90,1.21468330143273e-30
54,91,3.441389246769166e-30
54,92,1.4020699537021538e-30
54,93,1.640088600808225e-30
54,94,3.6776433810919656e-30
54,95,2.3335227992999974e-30
54,96,1.6858793659652825e-30
54,97,2.7468164282934688e-30
54,98,2.0577133577997087e-30
54,99,3.76367100469763e-30
54,100,1.7285968239903284e-30
54,101,1.826311546600602e-30
54,102,2.3740659891034297e-30
54,103,2.899040699451567e-30
54,104,3.490294111663062e-30
54,105,2.5194778566614093e-30
54,106,1.756448159386662e-30
54,107,1.737872938191988e-15
54,108,2.0217244134600973e-30
54,109,1.5215622555372197e-30
54,110,7.45628861476164e-31
54,111,7.893858335896955e-31
54,112,2.787242615843066e-30
54,113,2.5561173964126393e-16
54,114,9.959023269484686e-31
54,115,2.049056048677304e-30
54,116,1.0522551804322825e-30
54,117,2.1931068175032607e-30
54,118,1.1799584236980442e-30
54,119,1.1652801705480673e-30
54,120,3.6408184545953284e-30
54,121,2.2794651540878194e-30
54,122,1.8077418759321474e-30
54,123,1.4039627136195062e-30
54,124,1.8894445427144047e-30
54,125,8.521611956657263e-16
54,126,3.4789984911891675e-30
54,127,1.3405228020100737e-30
54,128,2.3723406493865994e-30
54,129,2.9190657732729952e-30
54,130,2.5658440167722027e-30
54,131,2.1260848448795963e-30
54,132,2.887890431042074e-30
54,133,1.3574450453489651e-30
54,134,1.0562457600374406e-15
54,135,1.4929638032833002e-30
54,136,2.137615379425495e-30
54,137,1.656211843056515e-30
54,138,1.325606095179047e-30
54,139,3.530434482989698e-30
54,140,2.001867318801406e-30
54,141,2.6632688848678338e-30
54,142,2.748884205979955e-30
54,143,3.268397267935854e-30
54,144,1.7364242660575452e-31
54,145,1.3989972033747395e-30
54,146,1.544815625109629e-30
54,147,3.0703912970146256e-30
54,148,2.310853414711617e-30
54,149,6.774519457751333e-16
55,56,8.34537587227537e-31
55,57,1.802971600946843e-31
55,58,3.625071877686694e-31
55,59,5.47068187026186e-31
55,60,1.2613818021887947e-30
55,61,1.0096420628358056e-30
55,62,2.8290430229321955e-31
55,63,1.6144761832281896e-31
55,64,5.995699754973633e-31
55,65,5.995759942342624e-31
55,66,5.004308137555108e-31
55,67,1.6391534478969517e-31
55,68,1.1091889166556532e-32
55,69,5.712622300843438e-31
55,70,3.6797883452576194e-31
55,71,1.3602931499696897e-31
55,72,7.782936652653422e-31
55,73,8.931917698772204e-31
55,74,4.429130482566833e-31
55,75,1.226780096210875e-31
55,76,4.7738277969497325e-31
55,77,3.385755042383808e-31
55,78,2.6777047467350666e-30
55,79,7.140104461473078e-31
55,80,3.373550930768489e-31
55,81,3.724990635285728e-30
55,82,2.1203980606416097e-31
55,83,3.689781098024199e-31
55,84,3.211669493533544e-31
55,85,1.1318794592088778e-30
55,86,3.8956597376411088e-31
55,87,5.453748914194485e-31
55,88,2.2581593984882265e-30
55,89,8.919598008521743e-31
55,90,4.468929356916027e-31
55,91,1.65330018325815e-30
55,92,6.4826812802342525e-31
55,93,4.553822817412393e-31
55,94,6.627117400787962e-31
55,95,8.17283275736266e-31
55,96,8.232250155284195e-31
55,97,3.334809002442171e-31
55,98,8.025255410216182e-31
55,99,1.1578032505902604e-30
55,100,3.295452759183677e-31
55,101,7.3709285642790385e-31
55,102,2.6693744638697036e-31
55,103,2.7975923680874965e-31
55,104,9.631379273064235e-31
55,105,7.69379315205889e-31
55,106,2.6066102430491785e-31
55,107,1.1102230246251644e-16
55,108,9.932772246395347e-31
55,109,4.10228625095962e-31
55,110,2.489042708791815e-31
55,111,2.6508146633654628e-31
55,112,6.806045108858776e-31
55,113,7.933462916986769e-31
55,114,4.741038526734929e-31
55,115,8.178932473011818e-31
55,116,1.2933578062524505e-31
55,117,9.748006210981712e-31
55,118,5.035999278074479e-31
55,119,2.273267975735479e-31
55,120,2.389237300307007e-31
55,121,9.167195059290235e-31
55,122,5.450208570090636e-31
55,123,3.4317110127696438e-31
55,124,9.3202442523843e-31
55,125,6.938755090489686e-31
55,126,1.6149184292072696e-30
55,127,5.144121929020958e-31
55,128,6.8356912275085685e-31
55,129,1.2941861146736246e-30
55,130,5.395217285233615e-31
55,131,9.903137740904835e-31
55,132,8.461982797872212e-31
55,133,4.622966209568101e-31
55,134,3.7804326185982847e-31
55,135,6.505485540106382e-31
55,136,8.644342326459235e-31
55,137,6.109954736033316e-31
55,138,5.740074628126853e-31
55,139,1.329196478921313e-30
55,140,5.383567151355396e-31
55,141,1.274441065842957e-30
55,142,3.9711842812893375e-31
55,143,1.2032113102522618e-30
55,144,1.1092975546880595e-32
55,145,3.4617319139643286e-31
55,146,7.730414463697903e-31
55,147,4.171729031556369e-31
55,148,1.0519563846137647e-30
55,149,1.6614382773093416e-30
56,57,9.435481665295106e-31
56,58,2.2403566584728466e-30
56,59,1.826732296442986e-30
56,60,4.089002042920525e-30
56,61,3.2760717465484294e-30
56,62,1.5909923889985038e-30
56,63,5.2092086604083016e-31
56,64,2.6772991515618273e-30
56,65,2.7672916783972712e-30
56,66,2.964479739455237e-30
56,67,5.885964990973619e-31
56,68,1.9710943853654325e-31
56,69,1.878468716349035e-30
56,70,2.2598172618355288e-30
56,71,9.465983720763574e-31
56,72,2.553737530210677e-30
56,73,3.0090213347766326e-30
56,74,1.4480303253911073e-30
56,75,2.0431039205914404e-30
56,76,1.5680034650227238e-30
56,77,2.162479523126186e-30
56,78,8.6935319548794e-30
56,79,2.3854145321683586e-30
56,80,2.0023555740001297e-30
56,81,1.6234503889571823e-16
56,82,1.2352044601755145e-30
56,83,4.2997715406613674e-30
56,84,1.0400332561168736e-30
56,85,3.649541025715685e-30
56,86,4.371484016304688e-30
56,87,3.305398848256535e-30
56,88,7.277585677908359e-30
56,89,3.173267680003255e-30
56,90,1.5627084977359364e-30
56,91,5.3293312411413435e-30
56,92,2.105283286049292e-30
56,93,2.0641179858087366e-30
56,94,4.275069010907356e-30
56,95,2.975478118219105e-30
56,96,2.6616291193958674e-30
56,97,3.137845652844297e-30
56,98,2.789450004502716e-30
56,99,4.6815557614390295e-30
56,100,2.0386402297759805e-30
56,101,2.491543481959857e-30
56,102,2.6367789045790038e-30
56,103,3.123058212915356e-30
56,104,3.9844069886842616e-30
56,105,3.3114402793265256e-30
56,106,1.927128303226773e-30
56,107,1.9729320564618014e-15
56,108,3.246293727690654e-30
56,109,1.71714746289308e-30
56,110,8.779985524934186e-31
56,111,9.386729973563532e-31
56,112,3.1332727972184415e-30
56,113,2.5124199889028733e-16
56,114,1.635742838204067e-30
56,115,2.946739036173896e-30
56,116,1.1954707630292068e-30
56,117,3.1900377205354054e-30
56,118,1.671347277306044e-30
56,119,1.2011751113686384e-30
56,120,4.2164212309114085e-30
56,121,2.9956885831369465e-30
56,122,1.9409060433606963e-30
56,123,1.6195230225273482e-30
56,124,3.0604949471031815e-30
56,125,5.871885222058659e-16
56,126,5.2903704219169084e-30
56,127,1.8393817896565432e-30
56,128,3.0585050151157352e-30
56,129,4.26030057039881e-30
56,130,2.8048806244913587e-30
56,131,3.202460578201298e-30
56,132,3.5841366794349486e-30
56,133,1.6214273325281102e-30
56,134,8.141898346565658e-16
56,135,2.245610489658865e-30
56,136,3.0143816724282087e-30
56,137,2.282631812023884e-30
56,138,1.8890109324566997e-30
56,139,4.51392362462898e-30
56,140,2.3185197682800026e-30
56,141,4.172545643430724e-30
56,142,3.195404908014262e-30
56,143,4.3433906702059536e-30
56,144,1.9712874415820045e-31
56,145,1.7303628101626086e-30
56,146,2.5656415980675497e-30
56,147,3.548451238159323e-30
56,148,3.392577366095347e-30
56,149,3.8758552044962165e-16
57,58,7.361787803675174e-31
57,59,6.058539246896903e-31
57,60,1.1425790577965685e-30
57,61,1.0441954602518954e-30
57,62,4.373087196835904e-31
57,63,1.4682408751567696e-31
57,64,9.012146707619651e-31
57,65,6.522104450783821e-31
57,66,6.741604996713845e-31
57,67,2.2029270730548714e-31
57,68,4.58170215656164e-32
57,69,6.771466195200817e-31
57,70,7.583873297182236e-31
57,71,2.2974722027683278e-31
57,72,6.839614553874181e-31
57,73,6.995090897646841e-31
57,74,4.701116745719507e-31
57,75,4.6626594758792335e-31
57,76,5.9215356199054785e-31
57,77,5.696553782380421e-31
57,78,2.3838001580806296e-30
57,79,8.14708142050673e-31
57,80,5.033813454464464e-31
57,81,2.6296418705440295e-30
57,82,3.954889311120839e-31
57,83,9.820378433224152e-31
57,84,3.3304898708759864e-31
57,85,1.1976896141454856e-30
57,86,1.0033575716914066e-30
57,87,7.501041233736546e-31
57,88,2.14168928489686e-30
57,89,1.187935870814809e-30
57,90,6.056583509101687e-31
57,91,1.6619781808610857e-30
57,92,6.255869322257326e-31
57,93,7.6263707726097575e-31
57,94,6.557192579646096e-31
57,95,5.014595863904222e-31
57,96,8.309318447238944e-31
57,97,7.167757506286464e-31
57,98,6.83052456253554e-31
57,99,9.114878116579026e-31
57,100,7.298189565684962e-31
57,101,7.166575890649606e-31
57,102,7.158672103332804e-31
57,103,9.036964809048436e-31
57,104,1.2109716394429861e-30
57,105,1.242304268171614e-30
57,106,6.110667513760837e-31
57,107,4.585973723508298e-16
57,108,1.0903341885387663e-30
57,109,4.5982071849198226e-31
57,110,2.232246050369515e-31
57,111,2.8183026672719386e-31
57,112,1.1177091818701057e-30
57,113,1.8317566345980634e-30
57,114,6.122194799391708e-31
57,115,6.000514843269733e-31
57,116,2.3820824926988433e-31
57,117,8.940422188717656e-31
57,118,4.257329279275826e-31
57,119,2.7935989704487056e-31
57,120,1.0051112423562345e-30
57,121,1.1265756422325499e-30
57,122,7.478969966036548e-31
57,123,2.631717525322388e-31
57,124,8.827368982545846e-31
57,125,1.0559820887523464e-30
57,126,1.3758275339704488e-30
57,127,7.113385863548883e-31
57,128,1.1765268911618744e-30
57,129,1.143034942298354e-30
57,130,8.690304962003323e-31
57,131,9.220486320721145e-31
57,132,5.133862002117595e-31
57,133,6.268056139486702e-31
57,134,1.1102230246251573e-16
57,135,8.18313336719625e-31
57,136,6.378916677633503e-31
57,137,3.9409530119194127e-31
57,138,5.73043633964769e-31
57,139,1.7506305859221032e-30
57,140,6.01448041670068e-31
57,141,1.1546786095719444e-30
57,142,6.4397348613712406e-31
57,143,9.404327551990473e-31
57,144,4.582150905282338e-32
57,145,2.062109740573454e-31
57,146,8.788236265165887e-31
57,147,7.114053586395833e-31
57,148,1.1261470409170044e-30
57,149,1.808327033078191e-30
58,59,1.381061011686712e-30
58,60,2.2045422798357814e-30
58,61,2.0873633958055633e-30
58,62,1.0434712656604194e-30
58,63,2.7920059670304937e-31
58,64,1.891418001231553e-30
58,65,1.4937339346892244e-30
58,66,1.630738890517788e-30
58,67,4.36188825253457e-31
58,68,1.1706779987769575e-31
58,69,1.3696617093090169e-30
58,70,1.7341150283568126e-30
58,71,5.598761344789267e-31
58,72,1.3883274907343292e-30
58,73,1.3194999435269609e-30
58,74,1.0931947273551533e-30
58,75,1.1964157124328235e-30
58,76,1.2139811398468955e-30
58,77,1.4759529787007945e-30
58,78,1.148724353548958e-16
58,79,1.5349590732805991e-30
58,80,1.1855964787209557e-30
58,81,4.7919592481782784e-30
58,82,8.725483741406112e-31
58,83,2.505039660629987e-30
58,84,6.454520064515649e-31
58,85,2.2654091960119754e-30
58,86,2.647555696757609e-30
58,87,5.280886906692953e-16
58,88,4.068122791280895e-30
58,89,2.3154250404833668e-30
58,90,1.1787434682979993e-30
58,91,3.149373262853272e-30
58,92,1.221829864305867e-30
58,93,1.630167605142159e-30
58,94,1.983189176740055e-30
58,95,1.1064839987210282e-30
58,96,1.594369320141871e-30
58,97,1.8207648559149256e-30
58,98,1.4083041813509953e-30
58,99,1.886387106031843e-30
58,100,1.6323318794597845e-30
58,101,1.4307102031789595e-30
58,102,1.8671545390280724e-30
58,103,2.1444525867776797e-30
58,104,2.6313637744645102e-30
58,105,2.528134679786099e-30
58,106,1.3743114192337522e-30
58,107,1.1717694336354188e-15
58,108,2.0328909043834692e-30
58,109,1.2135743863374697e-30
58,110,4.282020439023027e-31
58,111,5.295593813588685e-31
58,112,2.328998959775595e-30
58,113,3.835922783449741e-30
58,114,1.2714007007056235e-30
58,115,1.2558621726663673e-30
58,116,6.5385371513577355e-31
58,117,1.6589661363537584e-30
58,118,8.907429409640613e-31
58,119,6.781222483554962e-31
58,120,2.5077109034290358e-30
58,121,2.2879974437176386e-30
58,122,1.5301074387201761e-30
58,123,7.369322205107494e-31
58,124,1.6790441543994493e-30
58,125,4.2345222760707328e-16
58,126,2.6350248359157947e-30
58,127,1.4734562985408947e-30
58,128,2.4456352152823454e-30
58,129,2.4591476127918292e-30
58,130,2.2513315452758355e-30
58,131,1.6946202002170105e-30
58,132,1.4449983516237099e-30
58,133,1.2617887059017909e-30
58,134,3.07902422063325e-16
58,135,1.573272408123791e-30
58,136,1.3696600761938706e-30
58,137,8.88049455284445e-31
58,138,1.1149356371274293e-30
58,139,3.519178201594521e-30
58,140,1.3118811422756785e-30
58,141,2.2258222549659322e-30
58,142,1.765729284489305e-30
58,143,1.7259002025495324e-30
58,144,1.1707926592756866e-31
58,145,6.877889840353192e-31
58,146,1.5266540128739178e-30
58,147,1.898406762412712e-30
58,148,2.14664586678624e-30
58,149,5.642413108496764e-16
59,60,3.3051339784386914e-30
59,61,3.0439136812117893e-30
59,62,9.70859666521056e-31
59,63,3.8904395067462795e-31
59,64,1.655284854229841e-30
59,65,1.6294652437467756e-30
59,66,1.164369059156628e-30
59,67,5.588972437562948e-31
59,68,5.601129470670126e-32
59,69,1.478292955599318e-30
59,70,1.5166843542118059e-30
59,71,3.058755376100515e-31
59,72,2.021914255764721e-30
59,73,1.6629926801490413e-30
59,74,1.637692578467938e-30
59,75,5.8334579842776505e-31
59,76,1.1824649117186251e-30
59,77,1.019697168474194e-30
59,78,6.380417207113091e-30
59,79,1.623200234202739e-30
59,80,8.543228408437499e-31
59,81,6.362935583829834e-30
59,82,6.551388272644543e-31
59,83,1.2089542515911033e-30
59,84,8.757002958782653e-31
59,85,2.848456692573201e-30
59,86,1.3651872961417529e-30
59,87,1.3827358200703936e-30
59,88,5.773697698541839e-30
59,89,2.5945091214742494e-30
59,90,1.14297757429738e-30
59,91,4.209097492529326e-30
59,92,1.658450248625977e-30
59,93,1.4131969118345745e-30
59,94,1.2472012097268602e-30
59,95,2.2910918655103855e-30
59,96,2.106589102386086e-30
59,97,9.050134445154325e-31
59,98,2.0226417337376956e-30
59,99,1.9923032914113024e-30
59,100,1.2372086402106004e-30
59,101,1.788957740784917e-30
59,102,9.793207671917634e-31
59,103,1.4938980130814877e-30
59,104,2.659128189963511e-30
59,105,2.0084562324940792e-30
59,106,9.683545908252968e-31
59,107,5.60635145994252e-16
59,108,2.528713435744422e-30
59,109,1.1034316614264458e-30
59,110,7.971117212043602e-31
59,111,6.397500075138616e-31
59,112,2.1449173337039013e-30
59,113,2.96582346527319e-30
59,114,1.4272110126332781e-30
59,115,1.8443322568547933e-30
59,116,2.8457217001817905e-31
59,117,2.4033186523849554e-30
59,118,1.3220720860824642e-30
59,119,5.45713615290075e-31
59,120,1.2892776437597895e-30
59,121,2.756909812509098e-30
59,122,1.4969028008936405e-30
59,123,7.127896558405912e-31
59,124,1.8835896466189635e-30
59,125,2.4242081400615874e-30
59,126,3.8002847289081554e-30
59,127,1.6634693735700645e-30
59,128,2.1727454014035476e-30
59,129,3.3756770239022376e-30
59,130,1.6520151799792604e-30
59,131,2.4493040342629005e-30
59,132,1.8222033302807002e-30
59,133,1.4784879390568745e-30
59,134,9.255558542105624e-16
59,135,1.821415916303544e-30
59,136,2.0202096819750184e-30
59,137,1.1588804096725976e-30
59,138,1.2874386713546964e-30
59,139,3.6282267640627065e-30
59,140,1.1707000608182026e-30
59,141,3.0032340625447978e-30
59,142,8.36451684413878e-31
59,143,2.566057079337257e-30
59,144,5.601678065842518e-32
59,145,6.320000170951713e-31
59,146,1.507062105649295e-30
59,147,9.426141551770922e-31
59,148,2.59863743890159e-30
59,149,6.569633936051352e-16
60,61,5.644925092718228e-30
60,62,1.476718694737191e-30
60,63,8.647071998470756e-31
60,64,3.333356356926484e-30
60,65,3.0478906052403303e-30
60,66,2.5191828876049336e-30
60,67,1.0020877743438887e-30
60,68,5.71158251611291e-32
60,69,3.101445483553991e-30
60,70,2.407374433047678e-30
60,71,6.372187388963767e-31
60,72,4.127888246609512e-30
60,73,4.508137637539929e-30
60,74,2.5735578660747877e-30
60,75,6.223140407094833e-31
60,76,2.5969693210041974e-30
60,77,1.761008851564193e-30
60,78,1.4251331055306333e-29
60,79,3.853586678052433e-30
60,80,1.718193414752747e-30
60,81,1.8517626814050632e-29
60,82,1.2311350828497506e-30
60,83,1.4706470861298768e-30
60,84,1.776963218147747e-30
60,85,6.2393814574332e-30
60,86,1.4823039464997435e-30
60,87,2.6558831142471762e-30
60,88,1.2311757834310676e-29
60,89,5.2567762127418875e-30
60,90,2.511847348564913e-30
60,91,9.076470638120921e-30
60,92,3.476525571908507e-30
60,93,2.6228263668701622e-30
60,94,2.7094631296881528e-30
60,95,4.362795474169367e-30
60,96,4.4721310492060224e-30
60,97,1.4209696161347532e-30
60,98,4.189623681404287e-30
60,99,5.562887989284896e-30
60,100,2.185844599451371e-30
60,101,3.809778030762934e-30
60,102,1.5529839177404954e-30
60,103,1.8882300715518238e-30
60,104,5.206200437196141e-30
60,105,4.3819460198053324e-30
60,106,1.6091920191674862e-30
60,107,5.71690748186915e-16
60,108,5.4749969487603815e-30
60,109,2.0408848770675396e-30
60,110,1.3842962276549162e-30
60,111,1.3240741927518261e-30
60,112,4.01279239393392e-30
60,113,4.1267463616321565e-16
60,114,2.6364549005703143e-30
60,115,4.098674725932433e-30
60,116,4.681847250658534e-31
60,117,5.13281550003004e-30
60,118,2.655214965253822e-30
60,119,1.0131329369888759e-30
60,120,1.2000820002581504e-30
60,121,5.234641138968706e-30
60,122,3.0567568344111723e-30
60,123,1.4180720294059293e-30
60,124,4.733475160889432e-30
60,125,1.7615773110749122e-16
60,126,8.500509829356304e-30
60,127,3.0644379656522207e-30
60,128,4.1645459062363225e-30
60,129,6.832099226369609e-30
60,130,2.834396524037443e-30
60,131,5.365761582494321e-30
60,132,3.938194607913123e-30
60,133,2.7394359202758046e-30
60,134,6.158347745562031e-16
60,135,3.765706009543612e-30
60,136,4.380046021582756e-30
60,137,2.9186617754291347e-30
60,138,2.9795470813937293e-30
60,139,7.525114357470911e-30
60,140,2.740092249165116e-30
60,141,6.682928335231658e-30
60,142,1.6621910343961897e-30
60,143,6.119146478462479e-30
60,144,5.712141929461853e-32
60,145,1.536157623835455e-30
60,146,4.0138102380986586e-30
60,147,1.692549780741277e-30
60,148,5.697423729520047e-30
60,149,2.2247786310271765e-16
61,62,1.3495260847179525e-30
61,63,7.018832835242251e-31
61,64,2.7676772779378e-30
61,65,2.6344704376933255e-30
61,66,1.945224072733823e-30
61,67,8.924650166075397e-31
61,68,1.0689046129214747e-31
61,69,2.5415266405851295e-30
61,70,2.2980922193412432e-30
61,71,5.233003232982642e-31
61,72,3.4633136739275606e-30
61,73,3.29823079349667e-30
61,74,2.3434959918072387e-30
61,75,1.0675198058157072e-30
61,76,2.0994741673721407e-30
61,77,1.4950012986383176e-30
61,78,1.1404680160549364e-29
61,79,3.1080574164300247e-30
61,80,1.4271713391787605e-30
61,81,1.384749387760222e-29
61,82,1.1274159208734845e-30
61,83,2.2664999497978533e-30
61,84,1.482269709369613e-30
61,85,5.060745406548478e-30
61,86,2.4641620697769035e-30
61,87,2.168489469147571e-30
61,88,1.0125840636973897e-29
61,89,4.49055452660411e-30
61,90,2.0959227879039286e-30
61,91,7.444802330792499e-30
61,92,2.9115638209607445e-30
61,93,2.2935004993746854e-30
61,94,2.5914254258496164e-30
61,95,3.60306692096966e-30
61,96,3.669659454116386e-30
61,97,1.580455482054731e-30
61,98,3.4164484537264226e-30
61,99,4.273930286844046e-30
61,100,2.0410967026758587e-30
61,101,3.0844709889100768e-30
61,102,1.4084726915057348e-30
61,103,2.4695989846843054e-30
61,104,4.385196671628646e-30
61,105,3.660167990496215e-30
61,106,1.638881993251405e-30
61,107,1.0699011634299247e-15
61,108,4.581437513285652e-30
61,109,1.6681858618020296e-30
61,110,1.1761349828941338e-30
61,111,1.0433359509677606e-30
61,112,3.59893775486642e-30
61,113,1.3597399555104938e-16
61,114,2.278435974496573e-30
61,115,3.2136304178757165e-30
61,116,6.202861605641665e-31
61,117,4.34811288428617e-30
61,118,2.1811932751753317e-30
61,119,8.92343252778852e-31
61,120,2.403654087424395e-30
61,121,4.4133298692122335e-30
61,122,2.599511454106371e-30
61,123,1.2047774708414067e-30
61,124,3.74643847200591e-30
61,125,3.3408187214698795e-16
61,126,6.849463685484574e-30
61,127,2.6552482842651062e-30
61,128,3.701477992544453e-30
61,129,5.681706663747129e-30
61,130,2.4095721437956487e-30
61,131,4.332933494913128e-30
61,132,3.4436956237985495e-30
61,133,2.3637177753964556e-30
61,134,9.61788016847448e-16
61,135,3.180893561648005e-30
61,136,3.655820728066396e-30
61,137,2.314639370259362e-30
61,138,2.396024241793747e-30
61,139,6.331885684773691e-30
61,140,2.1781328050657865e-30
61,141,5.4591306551494005e-30
61,142,1.5554439348306298e-30
61,143,4.820785819619685e-30
61,144,1.0690093053613595e-31
61,145,1.28613906030049e-30
61,146,3.167776226984492e-30
61,147,1.9378359520078012e-30
61,148,4.6874320766946085e-30
61,149,3.4275607450141357e-16
62,63,1.9035515889468131e-31
62,64,1.3330830660393731e-30
62,65,1.2100305325871506e-30
62,66,1.081512251676128e-30
62,67,2.5405067930043304e-31
62,68,8.029658283122232e-32
62,69,7.827462893986589e-31
62,70,1.1543087395697553e-30
62,71,3.8144428864492434e-31
62,72,9.86756334956405e-31
62,73,1.5340557516609795e-30
62,74,8.091175736300977e-31
62,75,8.381687364125548e-31
62,76,1.0875236564295919e-30
62,77,9.853668934129411e-31
62,78,3.169817796236507e-30
62,79,1.0499764773332834e-30
62,80,7.955831742269676e-31
62,81,3.6776301946703814e-30
62,82,5.518351113556458e-31
62,83,1.7501259630268113e-30
62,84,3.8881530416962884e-31
62,85,1.3745972423839213e-30
62,86,1.793025808194581e-30
62,87,1.433860952462713e-30
62,88,2.7619455309083423e-30
62,89,1.3601687196521465e-30
62,90,7.150538034079946e-31
62,91,1.9784872737006958e-30
62,92,1.1960278812371674e-30
62,93,1.1250589400763867e-30
62,94,1.5738346660411248e-30
62,95,1.181210989641561e-30
62,96,1.0282992700155655e-30
62,97,1.2913514467930733e-30
62,98,1.7370637517428444e-30
62,99,1.6230568572148148e-30
62,100,9.718710229606276e-31
62,101,9.539978451294275e-31
62,102,1.290803815062927e-30
62,103,1.3596955377000685e-30
62,104,1.6140811177899754e-30
62,105,1.7694363939865838e-30
62,106,8.394496985198155e-31
62,107,8.037144414202591e-16
62,108,1.4804607410466521e-30
62,109,8.512902434731523e-31
62,110,3.9011597172776267e-31
62,111,6.246688778296885e-31
62,112,1.3842541071336487e-30
62,113,2.3918457107977197e-30
62,114,9.489353244336655e-31
62,115,1.2073191379466332e-30
62,116,4.713353168364264e-31
62,117,1.4137135333941156e-30
62,118,8.390330711385679e-31
62,119,5.781306858043213e-31
62,120,1.749744304570124e-30
62,121,1.6739869392811485e-30
62,122,9.381469308063344e-31
62,123,7.653307700666844e-31
62,124,1.2823188555750914e-30
62,125,5.37144219889725e-16
62,126,1.878182022554718e-30
62,127,9.324362636459903e-31
62,128,1.4815545323056654e-30
62,129,1.736557040047858e-30
62,130,1.3731460251513187e-30
62,131,1.3401221774254356e-30
62,132,1.2039502476271245e-30
62,133,8.137453239366368e-31
62,134,7.119724442439608e-16
62,135,9.489252265441061e-31
62,136,9.35051538767172e-31
62,137,7.897341246316616e-31
62,138,7.240445771834446e-31
62,139,2.0435618487489786e-30
62,140,9.282972806816983e-31
62,141,1.4642233310589787e-30
62,142,1.3505449164061055e-30
62,143,1.6295917767927612e-30
62,144,8.030444737317433e-32
62,145,5.953099462667851e-31
62,146,1.3119501614779073e-30
62,147,1.3611267758769018e-30
62,148,1.3852105442031285e-30
62,149,5.965835236934831e-16
63,64,4.292085145911962e-31
63,65,3.810188464800463e-31
63,66,3.0807270747642237e-31
63,67,1.228714626544157e-31
63,68,0.0
63,69,4.00493740618352e-31
63,70,2.9101712788843142e-31
63,71,8.472690963203133e-32
63,72,5.258753741000482e-31
63,73,5.869699886855286e-31
63,74,3.1206912098683598e-31
63,75,1.8488927466117464e-32
63,76,3.393353569343397e-31
63,77,2.2417824552667417e-31
63,78,1.8238033238931582e-30
63,79,5.138791093336836e-31
63,80,2.171957194811506e-31
63,81,2.4046006255203e-30
63,82,1.5754307071011194e-31
63,83,1.7619133024307756e-31
63,84,2.227560912779626e-31
63,85,7.973048514160116e-31
63,86,1.7979234271376184e-31
63,87,3.3920547420054313e-31
63,88,1.565480080424854e-30
63,89,6.70626948406951e-31
63,90,3.2773261883954095e-31
63,91,1.1573684632057983e-30
63,92,4.446511379123708e-31
63,93,3.476597494919769e-31
63,94,3.280482329698366e-31
63,95,5.218786867740294e-31
63,96,5.762794342506101e-31
63,97,1.8517793880987836e-31
63,98,5.291963469101529e-31
63,99,7.259516446076979e-31
63,100,2.7737242791611833e-31
63,101,4.959713485737119e-31
63,102,2.0417764267619028e-31
63,103,2.2644219091658436e-31
63,104,6.547436714791585e-31
63,105,5.874421306349723e-31
63,106,2.067124932265079e-31
63,107,9.415975298424828e-31
63,108,7.089411694819196e-31
63,109,2.696736597006571e-31
63,110,1.6620764261715433e-31
63,111,1.8402056535429914e-31
63,112,5.085347905943894e-31
63,113,6.983455174800247e-31
63,114,3.44914212487302e-31
63,115,5.246742200188624e-31
63,116,5.310540104820467e-32
63,117,6.618029508322766e-31
63,118,3.3670191087905987e-31
63,119,1.4477255232546083e-31
63,120,9.607302263087224e-32
63,121,6.537650258392116e-31
63,122,3.936027885279672e-31
63,123,1.99988328022263e-31
63,124,6.365435925144897e-31
63,125,4.907603505958236e-31
63,126,1.0875709854840265e-30
63,127,3.8203382522657423e-31
63,128,5.4119604674267275e-31
63,129,8.736018227740497e-31
63,130,3.7879493752160065e-31
63,131,6.826208671025211e-31
63,132,5.113784662246006e-31
63,133,3.374941517646036e-31
63,134,6.683721706438756e-31
63,135,4.828407390578125e-31
63,136,5.610689855041517e-31
63,137,3.8250190565102666e-31
63,138,3.905238879218942e-31
63,139,9.63119597227348e-31
63,140,3.5183656563466736e-31
63,141,8.641704103291606e-31
63,142,2.0180952290352373e-31
63,143,7.7757288642129285e-31
63,144,0.0
63,145,1.9057950211796435e-31
63,146,5.495805018951078e-31
63,147,1.9935970574030685e-31
63,148,7.299853325101948e-31
63,149,1.1589636135406973e-30
64,65,1.838455110451398e-30
64,66,4.501399076242401e-16
64,67,5.602747483239263e-31
64,68,1.379135615710212e-31
64,69,1.4686870114880539e-16
64,70,2.0155797788745848e-30
64,71,6.609867603189197e-31
64,72,1.976739573252379e-30
64,73,2.3944327635401298e-30
64,74,1.2689069819694403e-30
64,75,1.4359309225533567e-30
64,76,1.5531464749513012e-30
64,77,3.7367189490550873e-16
64,78,2.805164601051938e-16
64,79,2.241463989708498e-30
64,80,1.4059842243988012e-30
64,81,9.019397115535236e-30
64,82,1.0491285316254474e-30
64,83,2.9990787968301697e-30
64,84,8.877410375206127e-31
64,85,3.270366311184809e-30
64,86,2.9332037431629985e-30
64,87,3.002424994225086e-16
64,88,6.130133691972764e-30
64,89,3.084848467477708e-30
64,90,1.5672694165469104e-30
64,91,4.601300143892703e-30
64,92,1.7073691627101292e-30
64,93,2.1120374042635932e-30
64,94,2.5299827851626865e-30
64,95,1.9749416678296176e-30
64,96,2.315075116237016e-30
64,97,2.1837194271675667e-30
64,98,2.0064471171766665e-30
64,99,2.751601732422833e-16
64,100,1.8681867060102208e-30
64,101,1.951861739806568e-30
64,102,2.0337509178666592e-30
64,103,2.3539781015096382e-30
64,104,3.039831451925931e-30
64,105,3.3586578973166006e-30
64,106,1.5780778863594742e-30
64,107,1.3804213976990292e-15
64,108,3.1018291729034546e-30
64,109,1.2865316205688855e-30
64,110,6.202187536653205e-31
64,111,8.397272096812547e-31
64,112,2.8580087307380655e-30
64,113,2.242025235105697e-16
64,114,1.7287321418196436e-30
64,115,2.0165501860417417e-30
64,116,7.607092669352781e-31
64,117,2.7000032298354195e-30
64,118,1.3365165440356634e-30
64,119,7.259679836133401e-31
64,120,3.06844926687916e-30
64,121,3.110944109861106e-30
64,122,1.911277978908842e-30
64,123,1.1108268759252201e-30
64,124,2.5713886159825104e-30
64,125,6.809979015022672e-16
64,126,4.1094659593977994e-30
64,127,1.868136250679041e-30
64,128,3.0259202406633054e-30
64,129,3.409027626512814e-30
64,130,2.2362165539697323e-30
64,131,2.8186036754300023e-30
64,132,2.1477422242550606e-30
64,133,1.635549216067619e-30
64,134,5.56497560693186e-16
64,135,2.1589072028650088e-30
64,136,3.4450861616019997e-16
64,137,1.4577728628234188e-30
64,138,1.56303430575695e-30
64,139,4.46623660964736e-30
64,140,1.651236940922085e-30
64,141,3.293454415794031e-30
64,142,2.151326465619506e-30
64,143,2.9406179329740515e-30
64,144,1.3792706933128302e-31
64,145,9.881449792036565e-31
64,146,2.5715875321954834e-30
64,147,2.3176303478488676e-30
64,148,2.9935463523127147e-30
64,149,6.429555464929931e-16
65,66,1.897547923119414e-30
65,67,4.7425087901743e-31
65,68,1.295670422341227e-31
65,69,1.3693055447089609e-30
65,70,1.4825493606716033e-30
65,71,6.268601508528512e-31
65,72,1.9787507382637476e-30
65,73,1.866189390454739e-30
65,74,1.3331035376177004e-30
65,75,1.3160153071525986e-30
65,76,1.0821169978868236e-30
65,77,1.4067642060263378e-30
65,78,6.2969477788244456e-30
65,79,1.6165142988723265e-30
65,80,1.2918211293222215e-30
65,81,7.917937479306433e-30
65,82,7.999678459427553e-31
65,83,2.7919441503032656e-30
65,84,7.836452670152796e-31
65,85,2.6156659289662223e-30
65,86,2.934760611120196e-30
65,87,2.1100234485574457e-30
65,88,5.469141863729548e-30
65,89,2.3391995473391187e-30
65,90,1.089435103392406e-30
65,91,3.912415707713417e-30
65,92,1.6165160676754806e-30
65,93,1.3183357189168416e-30
65,94,2.9027627175115348e-30
65,95,2.2290001330003992e-30
65,96,1.92768372490645e-30
65,97,2.0108525359550028e-30
65,98,2.0091446568647896e-30
65,99,3.209334085958904e-30
65,100,1.3525442585728958e-30
65,101,1.8311076709948976e-30
65,102,1.5064952831567315e-30
65,103,2.293824725326369e-30
65,104,2.668740709108757e-30
65,105,1.966206261878498e-30
65,106,1.3785827032134985e-30
65,107,1.2968783888918066e-15
65,108,2.4795731599062945e-30
65,109,1.2029544654088596e-30
65,110,6.508626713770673e-31
65,111,5.80694237477258e-31
65,112,2.239262588485538e-30
65,113,3.0657035291446195e-16
65,114,1.2791631147959265e-30
65,115,1.9751006805029156e-30
65,116,8.100696104194212e-31
65,117,2.573179017844349e-30
65,118,1.3001644197952923e-30
65,119,9.290237137549658e-31
65,120,2.7012993107546273e-30
65,121,2.345062904933008e-30
65,122,1.4387756396171383e-30
65,123,9.963484666196932e-31
65,124,2.117591657304294e-30
65,125,1.1485913163110964e-16
65,126,3.8460380158091406e-30
65,127,1.377177329006938e-30
65,128,2.0653650773097187e-30
65,129,3.279740176058613e-30
65,130,2.022756303897384e-30
65,131,2.403480742798521e-30
65,132,2.5820591696354923e-30
65,133,1.2508199393387194e-30
65,134,5.774138310238391e-16
65,135,1.649778947526835e-30
65,136,2.1808679423359644e-30
65,137,1.598781657329631e-30
65,138,1.3615993846748098e-30
65,139,3.282309158461945e-30
65,140,1.5870977760411023e-30
65,141,2.991250330671759e-30
65,142,2.1090301369692005e-30
65,143,3.1340366930725272e-30
65,144,1.2957973250565506e-31
65,145,1.1696927492767738e-30
65,146,1.721869420766628e-30
65,147,2.31906921753014e-30
65,148,2.5610561327261205e-30
65,149,4.410324548406768e-16
66,67,4.049062955508271e-31
66,68,1.4222807089291266e-31
66,69,1.3161542570623827e-30
66,70,1.4784026601903328e-30
66,71,6.800349390423486e-31
66,72,1.5358287100431397e-30
66,73,1.7329109532452762e-30
66,74,1.0272566220189639e-30
66,75,1.460937187978378e-30
66,76,1.0338450216825666e-30
66,77,1.3947104504149285e-30
66,78,5.603137749461254e-30
66,79,1.3493142220138089e-30
66,80,1.485770171892621e-30
66,81,6.531412426615258e-16
66,82,9.319476566658434e-31
66,83,3.0857504333594722e-30
66,84,6.3379782787389115e-31
66,85,2.278092359738121e-30
66,86,3.1232520499756333e-30
66,87,2.3287248548170286e-30
66,88,4.38789284694676e-30
66,89,2.002835523614682e-30
66,90,1.0697514996184335e-30
66,91,3.193444799026233e-30
66,92,1.2870469138955395e-30
66,93,1.4940133318531823e-30
66,94,2.9643337895606404e-30
66,95,1.814964363746252e-30
66,96,1.5527306904873344e-30
66,97,2.21524302482829e-30
66,98,1.690215697120846e-30
66,99,3.045948649041855e-30
66,100,1.3478525182802364e-30
66,101,1.6553332493721918e-30
66,102,1.6065256646987864e-30
66,103,2.3668665252584505e-30
66,104,2.8462261696296928e-30
66,105,2.1784309403105937e-30
66,106,1.4544819660334069e-30
66,107,1.4236067155217726e-15
66,108,2.025839369455944e-30
66,109,1.2082024539427975e-30
66,110,5.668818221063291e-31
66,111,4.98633254101136e-31
66,112,2.5237724743174063e-30
66,113,1.005853032768494e-15
66,114,1.1339049506734032e-30
66,115,1.878543752878906e-30
66,116,8.322235910329856e-31
66,117,1.588588401959736e-30
66,118,9.895572037622717e-31
66,119,9.240468317108142e-31
66,120,3.111979880841388e-30
66,121,2.058131014017232e-30
66,122,1.480083336935898e-30
66,123,1.2554503099071224e-30
66,124,1.7196707400303026e-30
66,125,2.688667496600207e-16
66,126,3.142995701839816e-30
66,127,1.1287778344699959e-30
66,128,2.0196787911950057e-30
66,129,2.520427646689661e-30
66,130,1.8952201313520813e-16
66,131,2.001609409627923e-30
66,132,2.519662709167427e-30
66,133,1.1256574203153684e-30
66,134,5.940155216288944e-16
66,135,1.3930874453029281e-30
66,136,1.921538553516525e-30
66,137,1.4140568954278006e-30
66,138,1.0990213474509665e-30
66,139,3.026834791629376e-30
66,140,1.5193861801934109e-30
66,141,2.3066344330028177e-30
66,142,2.1546609659846003e-30
66,143,2.6268516059386987e-30
66,144,1.4224200123204857e-31
66,145,1.1542365716241922e-30
66,146,1.5646437494255298e-30
66,147,2.591263251376281e-30
66,148,2.2643221775304853e-30
66,149,3.281333889646074e-16
67,68,1.9761227887178984e-32
67,69,4.789983901496496e-31
67,70,4.738630956463925e-31
67,71,1.1630247863875145e-31
67,72,5.826323616631029e-31
67,73,5.773668176482962e-31
67,74,4.12231644500112e-31
67,75,1.9641681158921898e-31
67,76,4.076257783251662e-31
67,77,3.155665335411498e-31
67,78,1.9961833119933412e-30
67,79,5.7153755034908145e-31
67,80,2.860228915046957e-31
67,81,2.29949465816852e-30
67,82,2.363495016930781e-31
67,83,4.288606051314039e-31
67,84,2.7442914330331982e-31
67,85,9.381630921757243e-31
67,86,4.696018606561281e-31
67,87,3.8687282148990672e-31
67,88,1.8074366442766094e-30
67,89,8.723380880202392e-31
67,90,4.146284425079303e-31
67,91,1.3523678993148437e-30
67,92,5.0891545963625535e-31
67,93,4.598994906257782e-31
67,94,2.6167905667901105e-31
67,95,6.236353252912963e-31
67,96,6.61884023547243e-31
67,97,3.1816105608713957e-31
67,98,5.9134781327901e-31
67,99,6.864729168744936e-31
67,100,4.371244678853873e-31
67,101,5.3251078799571226e-31
67,102,3.4874153271698225e-31
67,103,5.239395242730782e-31
67,104,8.48227327256711e-31
67,105,7.451591097048508e-31
67,106,3.564062380845653e-31
67,107,1.977965147845221e-16
67,108,8.377101795516601e-31
67,109,2.8506848357745735e-31
67,110,2.1538128714303783e-31
67,111,1.7965770160161345e-31
67,112,7.4030302392004885e-31
67,113,1.096750550766375e-30
67,114,4.095046170344535e-31
67,115,5.146769360227289e-31
67,116,9.55082957026345e-32
67,117,7.443192013200291e-31
67,118,3.6990876654939596e-31
67,119,1.8184198424757236e-31
67,120,4.46382526056578e-31
67,121,8.51773714527463e-31
67,122,5.211381306225032e-31
67,123,1.7722304055925552e-31
67,124,6.3945111253121056e-31
67,125,6.988222710769835e-31
67,126,1.1810665880030585e-30
67,127,5.124485787916545e-31
67,128,7.512523831049402e-31
67,129,9.429723982218819e-31
67,130,5.086400481725701e-31
67,131,7.778433720788441e-31
67,132,4.360393718369104e-31
67,133,4.673098009952878e-31
67,134,2.2887833992611227e-16
67,135,6.096689858422961e-31
67,136,5.687199367208542e-31
67,137,3.4578810497079943e-31
67,138,4.276369076511055e-31
67,139,1.2320513541731211e-30
67,140,3.969715332365504e-31
67,141,9.516944528037702e-31
67,142,2.6937793382111876e-31
67,143,8.238379562979349e-31
67,144,1.9763163374347454e-32
67,145,1.4788787049554095e-31
67,146,5.870819295613548e-31
67,147,2.945445654957087e-31
67,148,8.656767737896795e-31
67,149,1.3591588980612486e-30
68,69,8.568215156324519e-32
68,70,1.1502773562104462e-31
68,71,4.738457129085299e-32
68,72,5.23203365580787e-32
68,73,5.889302895825289e-32
68,74,4.020809822876743e-32
68,75,1.028619485249671e-31
68,76,7.194234158534945e-32
68,77,1.0913639299798286e-31
68,78,1.173251024661953e-31
68,79,3.507563332046539e-32
68,80,9.936376564912752e-32
68,81,2.2725265028475454e-31
68,82,6.415401893481567e-32
68,83,2.157501196924676e-31
68,84,3.507563332046539e-32
68,85,8.797361121293521e-32
68,86,2.2035208442058332e-31
68,87,1.5680863421469038e-31
68,88,7.90851806958146e-32
68,89,8.751352940475889e-32
68,90,6.865556843702926e-32
68,91,9.066389704828532e-32
68,92,5.70055448097634e-32
68,93,1.007757037552183e-31
68,94,1.899599870150202e-31
68,95,7.064279573529599e-32
68,96,4.0184186184887e-32
68,97,1.5632900288559071e-31
68,98,9.331332453633265e-32
68,99,1.8239178334565225e-31
68,100,1.0149088057928587e-31
68,101,9.012693195953318e-32
68,102,1.2976984456757514e-31
68,103,1.6298143169751069e-31
68,104,1.9951916219861457e-31
68,105,1.5026683262359997e-31
68,106,1.0076199232895424e-31
68,107,9.990685583467773e-17
68,108,6.378213022181907e-32
68,109,8.080074406400333e-32
68,110,2.8278879651440087e-32
68,111,6.932430729097838e-33
68,112,1.608578132427248e-31
68,113,2.351026847226294e-31
68,114,6.128833370880556e-32
68,115,8.62300756366469e-32
68,116,5.81663575040357e-32
68,117,8.125784922855203e-32
68,118,3.8523362245892936e-32
68,119,5.532062347279682e-32
68,120,2.1270563130234364e-31
68,121,1.3440336675272895e-31
68,122,9.944112164811467e-32
68,123,6.047130357010234e-32
68,124,4.8109271189550514e-32
68,125,1.7077734453392775e-31
68,126,9.196908645418974e-32
68,127,7.59409737733774e-32
68,128,1.3596757200755435e-31
68,129,8.976895535789589e-32
68,130,1.4784221219154688e-31
68,131,3.74094414566177e-32
68,132,1.2469128645443173e-31
68,133,7.635750679614239e-32
68,134,6.6443216796952275e-31
68,135,4.96044363506278e-32
68,136,7.133080460285149e-32
68,137,6.200554543828472e-32
68,138,6.737309830049186e-32
68,139,2.0860948764854843e-31
68,140,1.0868892968916114e-31
68,141,9.886919838106662e-32
68,142,1.5443380151866252e-31
68,143,1.4509040929979495e-31
68,144,9.982357455737212e-33
68,145,6.660908020326107e-32
68,146,6.055965317797016e-32
68,147,1.7152688523135844e-31
68,148,1.2590535280830793e-31
68,149,1.943370205515406e-31
69,70,1.4888153963733925e-30
69,71,4.0885894440498e-31
69,72,1.9381826789259508e-30
69,73,2.0382697828824545e-30
69,74,1.1649919453224097e-30
69,75,8.676294116563992e-31
69,76,1.3784941430462243e-30
69,77,1.0374077222894101e-30
69,78,6.537991235545295e-30
69,79,2.0022095161645512e-30
69,80,9.017378686476573e-31
69,81,1.5700924586837771e-16
69,82,7.126931183692991e-31
69,83,1.8257882362067248e-30
69,84,8.029226460444212e-31
69,85,3.000833669640074e-30
69,86,1.8742201490671237e-30
69,87,1.5540870879829097e-30
69,88,5.603059053526149e-30
69,89,2.654019940951942e-30
69,90,1.2961354266732851e-30
69,91,4.234807174100532e-30
69,92,1.6298902818663313e-30
69,93,1.5199479357610592e-30
69,94,1.8133966634518577e-30
69,95,1.677565048959683e-30
69,96,2.186436220054483e-30
69,97,1.3055821838771394e-30
69,98,1.9134739778033532e-30
69,99,2.5260596339118727e-30
69,100,1.4333558711941899e-30
69,101,1.8797254502929543e-30
69,102,1.4275669755608014e-30
69,103,1.6460199691855154e-30
69,104,2.451970520740556e-30
69,105,2.567390733308169e-30
69,106,1.1003217522968538e-30
69,107,8.576203389387903e-16
69,108,2.523718271390536e-30
69,109,1.2230305041918574e-30
69,110,5.725723096919859e-31
69,111,7.779167788923664e-31
69,112,2.121797788946617e-30
69,113,3.8272576256740544e-16
69,114,1.3758216285775589e-30
69,115,1.8903780350651146e-30
69,116,4.971506290839564e-31
69,117,2.238925523232053e-30
69,118,1.1894033058209944e-30
69,119,6.847228099704036e-31
69,120,1.8177678703308254e-30
69,121,2.441424939983051e-30
69,122,1.5549625680465447e-30
69,123,9.947535206356695e-31
69,124,2.4264093431602823e-30
69,125,3.3436991870863165e-16
69,126,3.8894818371438e-30
69,127,1.575513237313359e-30
69,128,2.37530470753892e-30
69,129,3.233535815198439e-30
69,130,5.301333108930152e-16
69,131,2.3314666760781485e-30
69,132,2.139525111217756e-30
69,133,1.336863475822566e-30
69,134,4.945464819795019e-16
69,135,1.8741945640268076e-30
69,136,2.120374064081243e-30
69,137,1.417141888699946e-30
69,138,1.4348434382598967e-30
69,139,3.785933184382176e-30
69,140,1.1965881771401307e-30
69,141,3.0827968546778723e-30
69,142,1.2295757952575518e-30
69,143,2.5851533910523734e-30
69,144,8.569054358755988e-32
69,145,7.881750552042791e-31
69,146,2.063047977878249e-30
69,147,1.4577108142981501e-30
69,148,2.6163135848430684e-30
69,149,5.336426792469112e-16
70,71,5.606562368875454e-31
70,72,1.4773416868654259e-30
70,73,1.2130953399743404e-30
70,74,1.1230988809504915e-30
70,75,1.205473368473202e-30
70,76,1.2910128293294567e-30
70,77,1.510887546574766e-30
70,78,4.719219238014079e-30
70,79,1.5429921752909243e-30
70,80,1.18700510856207e-30
70,81,5.253723434103021e-30
70,82,8.72049400507775e-31
70,83,2.515582689912903e-30
70,84,7.032233737803824e-31
70,85,2.4234653455251653e-30
70,86,2.4741164292328707e-30
70,87,2.0514732808084304e-30
70,88,4.312511281599263e-30
70,89,2.4394043397630454e-30
70,90,1.2351596855974457e-30
70,91,3.363685525673828e-30
70,92,1.3009654262920135e-30
70,93,1.680525808836254e-30
70,94,1.8841750123845662e-30
70,95,1.5554827934664541e-30
70,96,1.6618777025424505e-30
70,97,1.872199604768784e-30
70,98,1.5167906596524007e-30
70,99,1.924981298544227e-30
70,100,1.7370276817828195e-30
70,101,1.4867668966218114e-30
70,102,2.1386486313632728e-30
70,103,2.061571828871909e-30
70,104,2.6633034088752656e-30
70,105,2.7091883072486886e-30
70,106,1.3667662688148888e-30
70,107,1.1513497713449054e-15
70,108,2.0044908118180484e-30
70,109,1.2949650179932107e-30
70,110,5.631362968171522e-31
70,111,6.221797684908229e-31
70,112,2.3431987923838007e-30
70,113,3.861476073962423e-30
70,114,1.177629476563624e-30
70,115,1.184202174936165e-30
70,116,6.208837581813677e-31
70,117,1.604486057974865e-30
70,118,9.012146857528767e-31
70,119,6.090288341762483e-31
70,120,2.513546554598413e-30
70,121,2.3437994108000146e-30
70,122,1.5834875196281052e-30
70,123,5.545841061998562e-31
70,124,1.6271428334070586e-30
70,125,2.335155507258058e-30
70,126,2.8297884649890027e-30
70,127,1.5707944220403536e-30
70,128,2.5255702364621275e-30
70,129,2.3241033419716812e-30
70,130,2.3307783072759858e-30
70,131,1.70248531112704e-30
70,132,1.3344577656109383e-30
70,133,1.3565218596290124e-30
70,134,7.816041058999308e-16
70,135,1.65172102921078e-30
70,136,1.452651381425676e-30
70,137,7.587816887298284e-31
70,138,1.1761528442360335e-30
70,139,3.680981778379673e-30
70,140,1.384800359701746e-30
70,141,2.3812150260253994e-30
70,142,1.8617527323847676e-30
70,143,1.8861767441968674e-30
70,144,1.150390018595387e-31
70,145,6.344511645664265e-31
70,146,1.5033677482459588e-30
70,147,1.8283844365637075e-30
70,148,2.2135811582777175e-30
70,149,3.716035212596415e-16
71,72,4.07113445478405e-31
71,73,5.125753361852494e-31
71,74,2.360705666506387e-31
71,75,4.886204528158557e-31
71,76,3.500459232304574e-31
71,77,5.177015266360625e-31
71,78,1.4097215081217575e-30
71,79,4.500735284657715e-31
71,80,4.721345967546011e-31
71,81,2.190452664446308e-30
71,82,3.062204379153964e-31
71,83,1.0252366566696331e-30
71,84,1.6969710911797322e-31
71,85,6.225702030280346e-31
71,86,1.050186209311595e-30
71,87,7.51201796036716e-31
71,88,1.172116609238101e-30
71,89,6.23229531628087e-31
71,90,3.5176925253812524e-31
71,91,8.790852007985446e-31
71,92,3.3751373922396604e-31
71,93,5.039041884940849e-31
71,94,9.38333754718726e-31
71,95,4.754896245418763e-31
71,96,4.5639808297751815e-31
71,97,7.436002701202693e-31
71,98,4.901141027017249e-31
71,99,9.292051367525527e-31
71,100,5.0496195367876666e-31
71,101,4.435108329170223e-31
71,102,6.3136250572416105e-31
71,103,7.751403420903448e-31
71,104,9.463309299141008e-31
71,105,8.000651961348513e-31
71,106,4.799074405868004e-31
71,107,4.74287484026755e-16
71,108,5.701329416881139e-31
71,109,3.867821661293166e-31
71,110,1.4128151257822286e-31
71,111,1.9666703489455448e-31
71,112,7.728197312640036e-31
71,113,1.2094999266762502e-30
71,114,3.5484150772606294e-31
71,115,5.1624648170387255e-31
71,116,2.794636600078089e-31
71,117,5.087918891350739e-31
71,118,2.6718963506272373e-31
71,119,2.7978739586203116e-31
71,120,1.0090213037837907e-30
71,121,6.561877281623928e-31
71,122,4.783802854328725e-31
71,123,3.56875497419556e-31
71,124,5.4856484841313495e-31
71,125,8.122202600534078e-31
71,126,8.50586492048806e-31
71,127,4.13250961844493e-31
71,128,7.195534468734525e-31
71,129,6.813168901006667e-31
71,130,7.018877167086038e-31
71,131,5.1355717789296545e-31
71,132,6.865584829671774e-31
71,133,3.7755520400998167e-31
71,134,1.5700924586837744e-16
71,135,4.257116879323565e-31
71,136,4.995589096167103e-31
71,137,4.222417939961168e-31
71,138,3.3166994011849334e-31
71,139,1.0377922914214574e-30
71,140,5.191981072366795e-31
71,141,6.787370813161911e-31
71,142,7.392231021937698e-31
71,143,7.807247529249131e-31
71,144,4.738921230963181e-32
71,145,3.5141917715147422e-31
71,146,5.022603632693646e-31
71,147,8.219301316113421e-31
71,148,6.044678901109426e-31
71,149,9.586237345417316e-31
72,73,2.741120140290623e-30
72,74,1.627988335370632e-30
72,75,5.579288044752736e-31
72,76,1.5842744815296715e-30
72,77,1.0621122728644525e-30
72,78,8.633038851606868e-30
72,79,2.405314844114497e-30
72,80,1.0874282952698905e-30
72,81,1.138188926774584e-29
72,82,7.257057886162906e-31
72,83,1.2052231490261598e-30
72,84,1.0603520870303837e-30
72,85,3.7551083191626266e-30
72,86,1.2266775303140689e-30
72,87,1.685971380138248e-30
72,88,7.410468907871443e-30
72,89,3.1378184819987623e-30
72,90,1.5223909213764277e-30
72,91,5.462891660803501e-30
72,92,2.1621079063730944e-30
72,93,1.6472837136122927e-30
72,94,1.9347307421299223e-30
72,95,2.5860110471195258e-30
72,96,2.742336928980091e-30
72,97,1.0234527640624205e-30
72,98,2.5853927867607254e-30
72,99,3.46431209938336e-30
72,100,1.3404897981910345e-30
72,101,2.3770115168020575e-30
72,102,1.1303355481234926e-30
72,103,1.1193924992683558e-30
72,104,3.135188004244077e-30
72,105,2.756652130159335e-30
72,106,9.668314937155227e-31
72,107,5.236911533344278e-16
72,108,3.2400010909442516e-30
72,109,1.3213311183411947e-30
72,110,8.20736563925845e-31
72,111,8.889394305336827e-31
72,112,2.3681602926049936e-30
72,113,3.307433484834055e-30
72,114,1.646976453195868e-30
72,115,2.5179369683912917e-30
72,116,3.864001256578031e-31
72,117,3.0848125896324242e-30
72,118,1.6117692740153764e-30
72,119,7.240873094947806e-31
72,120,1.1493478318421695e-30
72,121,3.013278786162165e-30
72,122,1.8419221570956037e-30
72,123,1.0391771835696674e-30
72,124,3.007358476512774e-30
72,125,2.4430952649652067e-30
72,126,5.180959979072605e-30
72,127,1.824070918678999e-30
72,128,2.552045629561253e-30
72,129,4.243020779874212e-30
72,130,1.8592095921536128e-30
72,131,3.133905038820765e-30
72,132,2.7589999983519435e-30
72,133,1.5744681910780188e-30
72,134,6.376613203799921e-16
72,135,2.2530109729803127e-30
72,136,2.8220617188623288e-30
72,137,1.868777798011787e-30
72,138,1.839426749226129e-30
72,139,4.5225340460629825e-30
72,140,1.6216837825341155e-30
72,141,4.0953952862040216e-30
72,142,1.1579624814076203e-30
72,143,3.6742099970970415e-30
72,144,5.232546100381843e-32
72,145,1.020504784252987e-30
72,146,2.519556348300259e-30
72,147,1.2563274242632928e-30
72,148,3.432101107820304e-30
72,149,2.3149298197261705e-16
73,74,1.4902313662711768e-30
73,75,6.123108686501317e-31
73,76,2.2554924466459125e-30
73,77,1.5548932870626954e-30
73,78,9.778218623042766e-30
73,79,2.7401317997909562e-30
73,80,1.1268252637478834e-30
73,81,1.5002723868997897e-29
73,82,8.093741408707385e-31
73,83,1.5465148973558473e-30
73,84,1.141101964766414e-30
73,85,4.1683504522395436e-30
73,86,1.733845776414545e-30
73,87,1.9536228682723462e-30
73,88,8.1355011339141e-30
73,89,3.265765695458021e-30
73,90,1.6751910856246768e-30
73,91,6.073186434300209e-30
73,92,2.4468108295385523e-30
73,93,1.8432884461985855e-30
73,94,2.4806355373349995e-30
73,95,2.9478613789494505e-30
73,96,2.981890044231667e-30
73,97,1.204598915669013e-30
73,98,3.00974800629524e-30
73,99,4.479975614417464e-30
73,100,1.265917334124437e-30
73,101,2.7226811554404236e-30
73,102,1.1739355667644655e-30
73,103,1.1261344014424733e-30
73,104,3.4122880821293635e-30
73,105,3.055223408289796e-30
73,106,1.0303959146654804e-30
73,107,5.894793552076862e-16
73,108,3.874103196616415e-30
73,109,1.7702992983844364e-30
73,110,8.55508442736672e-31
73,111,1.0858572795514134e-30
73,112,2.5207378691766987e-30
73,113,6.547977961700903e-16
73,114,1.738285264017568e-30
73,115,3.2899210429962935e-30
73,116,5.450314813158589e-31
73,117,3.713978348591789e-30
73,118,1.9410406880887986e-30
73,119,9.85353684864689e-31
73,120,1.32987904030479e-30
73,121,3.686430352443557e-30
73,122,2.025200094090905e-30
73,123,1.588302313906415e-30
73,124,3.601456441045252e-30
73,125,2.412803148756552e-30
73,126,5.901364618438156e-30
73,127,1.868190743979543e-30
73,128,2.5553745372639374e-30
73,129,4.4913124163305794e-30
73,130,2.3243809321803498e-30
73,131,3.9440397768008275e-30
73,132,2.7548742976256775e-30
73,133,1.8186256585258484e-30
73,134,3.6792908315551157e-16
73,135,2.40504626237118e-30
73,136,3.0084806828650744e-30
73,137,2.278335897838464e-30
73,138,2.1648847932663994e-30
73,139,4.833044407601721e-30
73,140,2.1560379115224348e-30
73,141,4.857774185010844e-30
73,142,1.6594542604482774e-30
73,143,4.585570436512419e-30
73,144,5.889879715760324e-32
73,145,1.264710362151549e-30
73,146,3.203701881109193e-30
73,147,1.55858170889522e-30
73,148,3.7821088447442106e-30
73,149,8.065326253654852e-16
74,75,4.269363465792235e-31
74,76,9.742378585179342e-31
74,77,7.570751722389437e-31
74,78,5.133956248712733e-30
74,79,1.3660161973571616e-30
74,80,6.544776564319268e-31
74,81,5.9618572613440274e-30
74,82,5.018457411305778e-31
74,83,8.825200121149254e-31
74,84,6.752554765111876e-31
74,85,2.2602449089746643e-30
74,86,1.0625795260510335e-30
74,87,1.0547991768754646e-30
74,88,4.577134543316947e-30
74,89,2.028997488297566e-30
74,90,9.255503301249398e-31
74,91,3.32855327032448e-30
74,92,1.341582099094008e-30
74,93,1.0991900310150146e-30
74,94,9.948968635957125e-31
74,95,1.761130657639283e-30
74,96,1.6502802023138902e-30
74,97,7.115460359576533e-31
74,98,1.502862657595755e-30
74,99,1.8183728072744207e-30
74,100,9.498994671904471e-31
74,101,1.441079146949148e-30
74,102,8.379707735966087e-31
74,103,1.039455267367593e-30
74,104,2.0228687695118002e-30
74,105,1.678418095364616e-30
74,106,7.161342945280142e-31
74,107,4.0245584642661905e-16
74,108,2.0427655808127693e-30
74,109,8.53268560581285e-31
74,110,5.719166030998242e-31
74,111,4.471414667829684e-31
74,112,1.6291083952418627e-30
74,113,4.007774411838763e-16
74,114,1.1773637066435697e-30
74,115,1.4461262361222155e-30
74,116,2.1581691112876107e-31
74,117,1.9389845908603043e-30
74,118,1.030420952052721e-30
74,119,3.530522081721559e-31
74,120,9.398859274955217e-31
74,121,2.085997830179093e-30
74,122,1.1722538569618369e-30
74,123,7.500805006264454e-31
74,124,1.6057573639936734e-30
74,125,1.6004645656917917e-16
74,126,3.035404242803111e-30
74,127,1.2414756282330511e-30
74,128,1.7182119750385456e-30
74,129,2.6968864165361697e-30
74,130,1.280843459568555e-30
74,131,1.9526356770166345e-30
74,132,1.4825199922100113e-30
74,133,1.0918806980622008e-30
74,134,5.87638697694963e-16
74,135,1.4320342414219905e-30
74,136,1.578980863314517e-30
74,137,9.68503502023131e-31
74,138,1.0533507910910956e-30
74,139,2.8486420281283454e-30
74,140,9.744794438121965e-31
74,141,2.347701700663292e-30
74,142,6.167393183807895e-31
74,143,2.1145318438160892e-30
74,144,4.0212036357442164e-32
74,145,5.186984542187494e-31
74,146,1.370292943084503e-30
74,147,6.732681471652949e-31
74,148,2.1091526401244335e-30
74,149,7.626472600127417e-16
75,76,7.320618804599622e-31
75,77,1.1275672887850014e-30
75,78,1.2017688023355859e-30
75,79,3.96328135478359e-31
75,80,1.0271585990435963e-30
75,81,2.4010285435580334e-30
75,82,6.605270998301715e-31
75,83,2.2338368884927016e-30
75,84,3.549961481881316e-31
75,85,8.8698228321452e-31
75,86,2.2422381193869556e-30
75,87,1.6709216089907763e-30
75,88,7.903948365392638e-31
75,89,8.757329309838291e-31
75,90,7.006858095027991e-31
75,91,9.184559070170915e-31
75,92,5.83229088479765e-31
75,93,1.0478575488969502e-30
75,94,1.9678630592671903e-30
75,95,7.673686321338758e-31
75,96,4.019720472949833e-31
75,97,1.6314349985647616e-30
75,98,9.599493312498813e-31
75,99,1.9032203685415935e-30
75,100,1.0513761906578146e-30
75,101,9.374481732094116e-31
75,102,1.3948909607134516e-30
75,103,1.6260518751894406e-30
75,104,2.0373735954052228e-30
75,105,1.6150547080218958e-30
75,106,1.013608385645863e-30
75,107,1.0295784775289036e-15
75,108,6.535681484165598e-31
75,109,8.293679343047121e-31
75,110,3.132685823953946e-31
75,111,1.7883283448897798e-31
75,112,1.622946152792944e-30
75,113,2.4344031882701713e-30
75,114,6.66337932292498e-31
75,115,9.057150971759615e-31
75,116,5.964775440637194e-31
75,117,8.429387418813901e-31
75,118,4.099447584419444e-31
75,119,5.376065301800569e-31
75,120,2.1946234191564693e-30
75,121,1.3681578458521245e-30
75,122,1.0024218436206267e-30
75,123,5.800808241285182e-31
75,124,5.004695343930361e-31
75,125,1.7657611865588208e-30
75,126,9.518070621702907e-31
75,127,8.095526081779236e-31
75,128,1.401613035594535e-30
75,129,9.652733765864653e-31
75,130,1.4866648839127105e-30
75,131,4.2056682215061375e-31
75,132,1.2952855925358749e-30
75,133,7.807590385966744e-31
75,134,1.5700924586837619e-16
75,135,4.966781394602323e-31
75,136,7.610210077397465e-31
75,137,6.241504183543953e-31
75,138,6.848629920391296e-31
75,139,2.1373681578043465e-30
75,140,1.1397520824475033e-30
75,141,1.0030588822377312e-30
75,142,1.6069313115992648e-30
75,143,1.5122376524845049e-30
75,144,1.0287202320163347e-31
75,145,6.934658005572011e-31
75,146,6.442952379941312e-31
75,147,1.7721442463409867e-30
75,148,1.285749656692213e-30
75,149,1.9845585589314243e-30
76,77,9.626892322842508e-31
76,78,5.4684288207679635e-30
76,79,1.7462426634945613e-30
76,80,7.872882401199464e-31
76,81,6.911866656939363e-16
76,82,6.261964012576027e-31
76,83,1.5323366912735856e-30
76,84,6.78517137554462e-31
76,85,2.5702630425517678e-30
76,86,1.6787945845096e-30
76,87,1.267166216668117e-30
76,88,4.733900853442829e-30
76,89,2.283094352237667e-30
76,90,1.134652476241511e-30
76,91,3.6107106038724336e-30
76,92,1.3554564416057433e-30
76,93,1.310617725245596e-30
76,94,1.4024160071935547e-30
76,95,1.3838075521038312e-30
76,96,1.8531257199455675e-30
76,97,1.1393716764771635e-30
76,98,1.6777536415004886e-30
76,99,2.2774228684469222e-30
76,100,1.2537308602464787e-30
76,101,1.5859104851003436e-30
76,102,1.336406987241591e-30
76,103,1.3990474897212008e-30
76,104,2.0915251944970513e-30
76,105,2.312552546336969e-30
76,106,9.505044718753181e-31
76,107,7.200941415311582e-16
76,108,2.1904052861172717e-30
76,109,9.312285609888576e-31
76,110,4.78424582538361e-31
76,111,7.05765374314356e-31
76,112,1.8392968729773442e-30
76,113,2.723018598153685e-16
76,114,1.1803212601956115e-30
76,115,1.7171237523735187e-30
76,116,4.15831912592874e-31
76,117,1.971332705211642e-30
76,118,9.874658869823197e-31
76,119,5.855778452005734e-31
76,120,1.4678170464417621e-30
76,121,2.1096598604672592e-30
76,122,1.3443126737479968e-30
76,123,1.0640275999754098e-30
76,124,2.1041194045379795e-30
76,125,1.258608830085072e-16
76,126,3.304448161196913e-30
76,127,1.3569443240192463e-30
76,128,2.0756927944409226e-30
76,129,2.605980337000558e-30
76,130,1.546430204320223e-30
76,131,2.0122825342871343e-30
76,132,1.594383861532823e-30
76,133,1.1577248977860585e-30
76,134,4.869230054292167e-16
76,135,1.6149114892543577e-30
76,136,1.6434509185903697e-30
76,137,1.1824928745886448e-30
76,138,1.2287503979360348e-30
76,139,3.2642672166186725e-30
76,140,1.0479277139131514e-30
76,141,2.734406708208337e-30
76,142,1.0485718859650938e-30
76,143,2.2245799553691342e-30
76,144,7.194938788225991e-32
76,145,6.3068665956836e-31
76,146,1.8556102442933256e-30
76,147,1.1727863630185008e-30
76,148,2.2754327271149213e-30
76,149,5.831974178430365e-16
77,78,3.876521636119017e-30
77,79,1.1723127317017303e-30
77,80,1.0619873690112816e-30
77,81,3.0594640799126537e-16
77,82,7.258473893967356e-31
77,83,2.366069994651976e-30
77,84,4.682856171263535e-31
77,85,1.702155984633055e-30
77,86,2.51409626383333e-30
77,87,1.7834006637731877e-30
77,88,3.179493776499144e-30
77,89,1.682094652123057e-30
77,90,8.731850312321384e-31
77,91,2.37629976625812e-30
77,92,9.324269699917075e-31
77,93,1.3277553922959948e-30
77,94,2.084819894205673e-30
77,95,1.3452891026281196e-30
77,96,1.2207135494847661e-30
77,97,1.7348780950640946e-30
77,98,1.3779493382589912e-30
77,99,2.176041067464079e-30
77,100,1.3942436309251915e-30
77,101,1.0961547730768961e-30
77,102,1.9084456266695427e-30
77,103,1.8474213327366692e-30
77,104,2.2161736505425302e-30
77,105,2.0320432156396898e-30
77,106,1.138695088278456e-30
77,107,1.0923814195351909e-15
77,108,1.5402593015548311e-30
77,109,1.1226059355265724e-30
77,110,3.648004917819126e-31
77,111,5.063261494287073e-31
77,112,1.773889406812057e-30
77,113,4.542930788056381e-16
77,114,9.678999554045057e-31
77,115,1.3151768745711206e-30
77,116,6.529964877154086e-31
77,117,1.4364267570430582e-30
77,118,7.939834900280312e-31
77,119,6.340441217833025e-31
77,120,2.3035233407284462e-30
77,121,1.8344512950050572e-30
77,122,1.1798554081467798e-30
77,123,9.037000855937373e-31
77,124,1.3693664964727264e-30
77,125,4.086304913913765e-16
77,126,2.1885986672351572e-30
77,127,1.1495214430862516e-30
77,128,1.883474902009709e-30
77,129,1.8993207362217113e-30
77,130,1.8463196026240368e-16
77,131,1.5240785612790004e-30
77,132,1.4632941938488898e-30
77,133,9.654301238428957e-31
77,134,5.039185084589143e-16
77,135,1.1464594167406453e-30
77,136,1.1644248835726588e-30
77,137,9.583764488141037e-31
77,138,8.331662439278035e-31
77,139,2.6415512335366847e-30
77,140,1.2865046029831174e-30
77,141,1.7264063704394436e-30
77,142,1.830935472800692e-30
77,143,2.0786456543254305e-30
77,144,1.0914708221676354e-31
77,145,7.898215878326953e-31
77,146,1.2159636717572586e-30
77,147,1.8345663719066093e-30
77,148,1.53402327582697e-30
77,149,5.198616349050364e-16
78,79,8.432588488887254e-30
78,80,3.5744451472896984e-30
78,81,5.075785772623825e-16
78,82,2.5590571691626395e-30
78,83,3.163431982750963e-30
78,84,3.6472807277139336e-30
78,85,1.3173777302847532e-29
78,86,3.611038734337703e-30
78,87,5.237444630144443e-30
78,88,2.568288148808626e-29
78,89,1.0911006220916191e-29
78,90,5.339758917191678e-30
78,91,1.8958434376205914e-29
78,92,7.177554165846984e-30
78,93,5.776239720782171e-30
78,94,6.040223245683674e-30
78,95,8.674578371795483e-30
78,96,9.451505602459651e-30
78,97,3.104271853428063e-30
78,98,8.571580784017771e-30
78,99,1.1930932729166068e-29
78,100,4.5078831022424084e-30
78,101,7.908472710457696e-30
78,102,3.360959533768078e-30
78,103,3.707563052168765e-30
78,104,1.0730999272823314e-29
78,105,9.550393576177141e-30
78,106,3.358496516552168e-30
78,107,1.1743448583782962e-15
78,108,1.1519116836526076e-29
78,109,4.263869050060857e-30
78,110,2.7313796621411394e-30
78,111,3.0645966764155003e-30
78,112,8.27683854171963e-30
78,113,8.89676404779988e-16
78,114,5.718989192580008e-30
78,115,9.371541120911314e-30
78,116,1.1214388129146881e-30
78,117,1.0444554285801391e-29
78,118,5.574392153900514e-30
78,119,2.4642443487595094e-30
78,120,2.5688613674514535e-30
78,121,1.0779199629041235e-29
78,122,6.438617256160094e-30
78,123,3.4771834321953964e-30
78,124,1.0538107695372502e-29
78,125,1.399086007559434e-15
78,126,1.7924120746304956e-29
78,127,6.230554936510772e-30
78,128,8.740866965613792e-30
78,129,1.4446577257905168e-29
78,130,3.047997572972964e-16
78,131,1.1568064579519239e-29
78,132,8.618964223188481e-30
78,133,5.52082846032047e-30
78,134,7.788309537478831e-16
78,135,7.867073144712722e-30
78,136,9.061273565503707e-30
78,137,6.432856512031367e-30
78,138,6.4381999186765e-30
78,139,1.570008628230777e-29
78,140,5.8645404106492454e-30
78,141,1.4310960115668374e-29
78,142,3.526179179346454e-30
78,143,1.2956713728604358e-29
78,144,1.1733659371722784e-31
78,145,3.332836687843724e-30
78,146,9.17731522746002e-30
78,147,3.661623778608255e-30
78,148,1.2123052232440589e-29
78,149,5.254472827091645e-16
79,80,1.0351783641416586e-30
79,81,1.0859362631206722e-29
79,82,8.40334717862642e-31
79,83,1.046666680575461e-30
79,84,9.993559189689718e-31
79,85,3.791640052642806e-30
79,86,8.716007342231765e-31
79,87,1.75570004515395e-30
79,88,7.168772029631081e-30
79,89,3.3341979552252056e-30
79,90,1.698666033774816e-30
79,91,5.3922506815095374e-30
79,92,2.05608268237051e-30
79,93,1.9919866265879864e-30
79,94,1.1937932780093512e-30
79,95,1.938967764142474e-30
79,96,2.801269059559322e-30
79,97,1.0707191473735102e-30
79,98,2.3084213589999003e-30
79,99,3.322431917279212e-30
79,100,1.60872292889924e-30
79,101,2.4314328376259077e-30
79,102,1.498409181951181e-30
79,103,1.3236918581778876e-30
79,104,3.018903845859546e-30
79,105,3.4352234074159856e-30
79,106,1.1918346732849516e-30
79,107,3.5108334685766825e-16
79,108,3.436038375917645e-30
79,109,1.4151736989545173e-30
79,110,7.1263567060128345e-31
79,111,1.1015461362013415e-30
79,112,2.5814313203505443e-30
79,113,4.126661552834609e-30
79,114,1.8515851780729715e-30
79,115,2.3487947587446455e-30
79,116,1.99726604033737e-31
79,117,3.0295623819724397e-30
79,118,1.5171684688552246e-30
79,119,8.535467933347556e-31
79,120,1.043564796899225e-30
79,121,3.0675297654060397e-30
79,122,2.009483626820012e-30
79,123,1.044982817134735e-30
79,124,3.273933420515488e-30
79,125,2.424336021641283e-30
79,126,4.933553428369564e-30
79,127,1.895206647205005e-30
79,128,2.9762622488651982e-30
79,129,4.032827768634083e-30
79,130,2.1464536551489248e-30
79,131,3.136663950207068e-30
79,132,2.273467267971397e-30
79,133,1.5719516744534437e-30
79,134,4.965068306494526e-16
79,135,2.402150698671057e-30
79,136,2.4816698837708775e-30
79,137,1.7285764937578336e-30
79,138,1.899443056178861e-30
79,139,4.753003089099184e-30
79,140,1.6584195320696674e-30
79,141,4.0032754514830255e-30
79,142,8.979711960713033e-31
79,143,3.367372941943359e-30
79,144,3.507906875669463e-32
79,145,6.9572256314911826e-31
79,146,2.998998906011459e-30
79,147,7.802775221520198e-31
79,148,3.438245479936985e-30
79,149,5.5682792358617745e-30
80,81,5.20995946301346e-30
80,82,6.502166362731689e-31
80,83,2.153556426086251e-30
80,84,4.423036164471561e-31
80,85,1.6112246024898032e-30
80,86,2.1711114930006998e-30
80,87,1.6031986395612708e-30
80,88,3.0430946517032807e-30
80,89,1.5251310053765163e-30
80,90,7.879808323442279e-31
80,91,2.2927557229669813e-30
80,92,8.866448737466972e-31
80,93,1.0827604996690904e-30
80,94,1.989073164548368e-30
80,95,1.1641676533573945e-30
80,96,1.1666613175829173e-30
80,97,1.5631851010463458e-30
80,98,1.190182323590544e-30
80,99,1.994204788208927e-30
80,100,1.0923942822705822e-30
80,101,1.0014810179893245e-30
80,102,1.287985488667381e-30
80,103,1.613375729462272e-30
80,104,1.9751603079839866e-30
80,105,1.6881202881885545e-30
80,106,1.0147251083051216e-30
80,107,9.945640348601419e-16
80,108,1.3336424954204849e-30
80,109,7.83092409642655e-31
80,110,3.521462997503862e-31
80,111,3.4911027084625846e-31
80,112,1.6631484384031738e-30
80,113,2.6261339028829513e-30
80,114,7.507663803681321e-31
80,115,1.2171281852829536e-30
80,116,5.779147917369923e-31
80,117,1.1610165391437658e-30
80,118,6.711659563578203e-31
80,119,5.434833752874322e-31
80,120,2.1363574194892752e-30
80,121,1.4646716488863995e-30
80,122,1.038890004599416e-30
80,123,7.136520801004494e-31
80,124,1.2231141678531833e-30
80,125,1.7330233308804885e-30
80,126,2.16111695358508e-30
80,127,9.429276519147804e-31
80,128,1.6001033183006305e-30
80,129,1.764316279120889e-30
80,130,1.4380977725134143e-30
80,131,1.2399593914079047e-30
80,132,1.6161843194650013e-30
80,133,8.423873497486227e-31
80,134,5.5511151231256816e-17
80,135,1.0478025318315962e-30
80,136,1.2991586071463902e-30
80,137,9.19772984047378e-31
80,138,7.527719307711833e-31
80,139,2.3177252809267604e-30
80,140,1.0806043218127624e-30
80,141,1.698101141794072e-30
80,142,1.5341655050079396e-30
80,143,1.6694070579281603e-30
80,144,9.937349770092728e-32
80,145,7.625618319030699e-31
80,146,1.0082228587918495e-30
80,147,1.7426225349861952e-30
80,148,1.410725081803418e-30
80,149,2.128875741313791e-30
81,82,3.3229759765514865e-30
81,83,6.776585232002536e-30
81,84,4.705009835122287e-30
81,85,1.7521601523146005e-29
81,86,7.626058283219303e-30
81,87,3.0094452636855937e-16
81,88,3.3065423976102487e-29
81,89,1.291836745008665e-29
81,90,6.866084234239684e-30
81,91,2.4868909953402056e-29
81,92,9.775181709797237e-30
81,93,3.2256557995318287e-16
81,94,1.1174916265189255e-29
81,95,1.1575569575346814e-29
81,96,1.2360992663549697e-29
81,97,5.2457221178372385e-30
81,98,1.2927528626188116e-29
81,99,2.9275739408386203e-16
81,100,4.778134549326884e-30
81,101,7.119724463077598e-16
81,102,5.107162730281669e-16
81,103,5.325068268187763e-30
81,104,1.4294229975968375e-29
81,105,1.2258913399296056e-15
81,106,4.0540936540927505e-30
81,107,2.2761757560696475e-15
81,108,1.3981937331486115e-29
81,109,4.632978472221643e-16
81,110,3.596997909672361e-30
81,111,4.264756299617335e-30
81,112,9.725879492515049e-30
81,113,8.770450323484508e-16
81,114,6.0645007071067135e-30
81,115,1.1966726877630239e-29
81,116,2.2568335616691633e-30
81,117,1.312926191432299e-29
81,118,7.133299268220687e-30
81,119,4.015505344739894e-30
81,120,5.318907816366717e-30
81,121,1.2941989896617672e-29
81,122,8.226329587079405e-30
81,123,8.674571814432873e-30
81,124,1.44820282178571e-29
81,125,2.3428010532297345e-15
81,126,2.4669176882165955e-29
81,127,7.164683645117363e-30
81,128,9.468664025994236e-30
81,129,1.744263518039127e-29
81,130,9.27900545843376e-30
81,131,1.3900537406939135e-16
81,132,2.6194324487250014e-16
81,133,6.531896723954852e-30
81,134,1.028749526284521e-15
81,135,9.496074345097398e-30
81,136,5.146489246096321e-16
81,137,9.554709559407977e-30
81,138,8.714911927786498e-30
81,139,1.9878832811489465e-29
81,140,7.896069744430811e-30
81,141,2.451551576594646e-16
81,142,4.11273144808536e-16
81,143,1.8332300021423384e-29
81,144,2.2727490824317385e-31
81,145,5.4790219257547416e-30
81,146,1.2288379377108017e-29
81,147,6.96845069072522e-30
81,148,3.4778529305867325e-16
81,149,4.802892316185177e-15
82,83,1.3792461714769816e-30
82,84,3.53405724903299e-31
82,85,1.2491567311330138e-30
82,86,1.405261987667918e-30
82,87,1.0126940730184846e-30
82,88,2.297947565293099e-30
82,89,1.2508042149846513e-30
82,90,6.498459810288053e-31
82,91,1.7528635180411794e-30
82,92,6.657738891028049e-31
82,93,8.682954462103651e-31
82,94,1.118324545201594e-30
82,95,7.224125280626128e-31
82,96,8.68289824554468e-31
82,97,1.003239959606599e-30
82,98,7.213298991354918e-31
82,99,1.0776927722548755e-30
82,100,8.250610498582372e-31
82,101,7.402345100373034e-31
82,102,9.177587815097004e-31
82,103,1.1338171808644043e-30
82,104,1.3939851458913516e-30
82,105,1.3707856309469815e-30
82,106,7.357386471544373e-31
82,107,6.421383037113633e-16
82,108,1.1744736929374726e-30
82,109,5.38438445547473e-31
82,110,2.37818055345439e-31
82,111,2.9254720308017393e-31
82,112,1.285844256224693e-30
82,113,2.09502616846862e-30
82,114,6.688796682399439e-31
82,115,6.935890293181587e-31
82,116,3.5437056399994837e-31
82,117,9.92655475591618e-31
82,118,4.701622670114948e-31
82,119,3.630903847962351e-31
82,120,1.3948840759990895e-30
82,121,1.2331014468818618e-30
82,122,8.208562492674692e-31
82,123,4.746973947060639e-31
82,124,9.156663727373087e-31
82,125,1.2833355475393582e-30
82,126,1.4923801590768424e-30
82,127,7.524413673179261e-31
82,128,1.287410311409109e-30
82,129,1.2181835565940407e-30
82,130,1.0116596373155784e-30
82,131,1.0159513147846412e-30
82,132,7.89938459829251e-31
82,133,6.791779590338641e-31
82,134,2.2041230194153864e-16
82,135,8.578429574593998e-31
82,136,7.275998743550621e-31
82,137,5.145094555505327e-31
82,138,5.944740716640128e-31
82,139,1.8797812724760944e-30
82,140,7.1713472404556805e-31
82,141,1.2203027141005645e-30
82,142,9.590988392311535e-31
82,143,1.054540997233427e-30
82,144,6.416030241482831e-32
82,145,4.040245552948327e-31
82,146,9.212820454291616e-31
82,147,1.0632151703754512e-30
82,148,1.2056615206904728e-30
82,149,2.5066604164831196e-16
83,84,7.471026787456256e-31
83,85,1.893759902914716e-30
83,86,4.7327224669972714e-30
83,87,3.471227749607531e-30
83,88,2.4452085040116256e-30
83,89,2.015794658245084e-30
83,90,1.4757728778671031e-30
83,91,2.0040033204933615e-30
83,92,1.2597424585640306e-30
83,93,2.1814594053684612e-30
83,94,4.178211679386378e-30
83,95,1.8030896555937486e-30
83,96,9.712269971400002e-31
83,97,3.410013680148471e-30
83,98,2.073028346072754e-30
83,99,4.055887330568772e-30
83,100,2.2044484896838143e-30
83,101,1.970019319939236e-30
83,102,2.9001599469083005e-30
83,103,3.4420204642191516e-30
83,104,4.2834196196689794e-30
83,105,3.327044671183574e-30
83,106,2.1372777192771717e-30
83,107,2.1595126569640355e-15
83,108,1.4568722510162866e-30
83,109,1.7495181600415132e-30
83,110,6.516498387423041e-31
83,111,3.407588256592937e-31
83,112,3.416748710473041e-30
83,113,5.071578404851692e-30
83,114,1.3532384447078845e-30
83,115,2.023169753593488e-30
83,116,1.2594844591494614e-30
83,117,1.7897729782528155e-30
83,118,8.837263029069371e-31
83,119,1.1573856033045793e-30
83,120,4.600654261991964e-30
83,121,2.87468195593621e-30
83,122,2.1108719272664367e-30
83,123,1.3719314902019415e-30
83,124,1.0786231498559341e-30
83,125,3.6946973921302084e-30
83,126,2.218400700629227e-30
83,127,1.6910757369929566e-30
83,128,2.9524917802093025e-30
83,129,2.0852571732831368e-30
83,130,3.148709976688663e-30
83,131,1.1478149261435299e-30
83,132,2.8318841197970614e-30
83,133,1.6420920603173604e-30
83,134,2.9537201370600546e-16
83,135,1.23296792204487e-30
83,136,1.7529302199329208e-30
83,137,1.4433266123075816e-30
83,138,1.4472911231693926e-30
83,139,4.477509401256699e-30
83,140,2.3864565451301062e-30
83,141,2.1605166683583458e-30
83,142,3.3775362264573246e-30
83,143,3.2573800256228464e-30
83,144,2.1577125105083488e-31
83,145,1.500772152828938e-30
83,146,1.3631679399802905e-30
83,147,3.7318926572164424e-30
83,148,2.6941322499792077e-30
83,149,2.4047046924773677e-16
84,85,1.621041302675294e-30
84,86,7.94023833846204e-31
84,87,6.749006674964787e-31
84,88,3.192356719195117e-30
84,89,1.4192417414318294e-30
84,90,6.736426452408574e-31
84,91,2.3607868369537316e-30
84,92,8.996566567596453e-31
84,93,7.151774998135189e-31
84,94,8.358610524595777e-31
84,95,1.1146854419713175e-30
84,96,1.1592192752419658e-30
84,97,5.323711465826999e-31
84,98,1.0736046923792566e-30
84,99,1.4182309248481931e-30
84,100,6.529531371963061e-31
84,101,9.70271463010309e-31
84,102,4.85626713793491e-31
84,103,7.454055961351367e-31
84,104,1.3653829788536154e-30
84,105,1.1815635853990405e-30
84,106,5.168314492967663e-31
84,107,3.5108334685767007e-16
84,108,1.4414022544976955e-30
84,109,5.027472122714463e-31
84,110,3.575843835921678e-31
84,111,3.3547460920791684e-31
84,112,1.1251085109703765e-30
84,113,1.6431065108094347e-30
84,114,6.896473384646445e-31
84,115,1.035367313728624e-30
84,116,2.0966685544989757e-31
84,117,1.3364424573774294e-30
84,118,6.7959010582419e-31
84,119,2.588895281139333e-31
84,120,7.555834384228711e-31
84,121,1.3844111441624346e-30
84,122,8.239293731521443e-31
84,123,3.7706396285326247e-31
84,124,1.2044233135519236e-30
84,125,1.070469839432814e-30
84,126,2.1790422001548878e-30
84,127,8.239395655955692e-31
84,128,1.168390727918405e-30
84,129,1.744151967100213e-30
84,130,7.618156449536146e-31
84,131,1.3875246757314879e-30
84,132,1.0115666892388443e-30
84,133,7.387934690537553e-31
84,134,1.5700924586837843e-16
84,135,1.007272542494375e-30
84,136,1.1176462717002727e-30
84,137,7.424162192871595e-31
84,138,7.6563257570086265e-31
84,139,2.0073993869982528e-30
84,140,7.019828476501899e-31
84,141,1.7263305169003243e-30
84,142,5.525913639199822e-31
84,143,1.5652265421548547e-30
84,144,3.507906875669463e-32
84,145,4.153781233247682e-31
84,146,1.0339931290084341e-30
84,147,6.136381016166384e-31
84,148,1.4856547898058621e-30
84,149,2.3395895962303704e-30
85,86,1.9494654078045636e-30
85,87,2.4311191860525166e-30
85,88,1.1278812447858189e-29
85,89,5.104556772703623e-30
85,90,2.478102699677252e-30
85,91,8.441930092229724e-30
85,92,3.192399771508204e-30
85,93,2.6916434313626483e-30
85,94,2.356248149401129e-30
85,95,3.5463157919083174e-30
85,96,4.20854343223619e-30
85,97,1.4458902277316084e-30
85,98,3.765302795150292e-30
85,99,5.039524819379825e-30
85,100,2.339368957355109e-30
85,101,3.572667987722747e-30
85,102,1.8135980525941912e-30
85,103,2.2199011225532767e-30
85,104,4.801452614438017e-30
85,105,4.558006389839828e-30
85,106,1.7605728521703668e-30
85,107,8.805562989441955e-16
85,108,5.0982355797572214e-30
85,109,1.9576002280445224e-30
85,110,1.1846053624503473e-30
85,111,1.3314973067271231e-30
85,112,3.95763799283317e-30
85,113,4.775785411108805e-16
85,114,2.5246361556079284e-30
85,115,3.698490467587337e-30
85,116,4.81867803776962e-31
85,117,4.502549064838397e-30
85,118,2.35798212042752e-30
85,119,1.0196177817952003e-30
85,120,2.120968015553083e-30
85,121,4.8443941393186174e-30
85,122,2.9684792610047617e-30
85,123,1.543301445589412e-30
85,124,4.5626791191949075e-30
85,125,3.639844984289633e-30
85,126,7.76781055686707e-30
85,127,2.9306661109145106e-30
85,128,4.271660861865979e-30
85,129,6.1653094246405374e-30
85,130,2.9359519832502523e-30
85,131,4.852295788542642e-30
85,132,3.564202349847156e-30
85,133,2.566439586165067e-30
85,134,2.375494629978071e-16
85,135,3.636345539644964e-30
85,136,3.933886890944776e-30
85,137,2.6403655883120477e-30
85,138,2.8032905691955495e-30
85,139,7.257804665992306e-30
85,140,2.4561334074556677e-30
85,141,6.125082081004813e-30
85,142,1.3443860401244976e-30
85,143,5.372997581279289e-30
85,144,8.798222767121597e-32
85,145,1.2928542636486824e-30
85,146,3.991995920585204e-30
85,147,1.5289682712097624e-30
85,148,5.301252163141745e-30
85,149,3.713442931002532e-16
86,87,3.253784173557745e-30
86,88,2.5436709035763663e-30
86,89,2.0304130513958083e-30
86,90,1.470003704754057e-30
86,91,2.1502545030832347e-30
86,92,1.297857553984301e-30
86,93,2.1587003327405785e-30
86,94,4.270717184587247e-30
86,95,1.6721109701714573e-30
86,96,9.981988219443708e-31
86,97,3.376872563553436e-30
86,98,2.2911851413992605e-30
86,99,4.149679551886187e-30
86,100,2.219112255425252e-30
86,101,2.065426566870864e-30
86,102,2.739654718634313e-30
86,103,3.8409457136334794e-30
86,104,4.498206646340072e-30
86,105,2.9998451021601296e-30
86,106,2.299823104037097e-30
86,107,2.2055752088246496e-15
86,108,1.511194903140631e-30
86,109,1.9323047557663865e-30
86,110,5.852816506169704e-31
86,111,3.7977784340205e-31
86,112,3.555397836593418e-30
86,113,1.2723933587929838e-16
86,114,1.2665887274305576e-30
86,115,2.082315179848058e-30
86,116,1.3258356071865163e-30
86,117,1.8518227264497016e-30
86,118,9.7231663987292e-31
86,119,1.4198050596348732e-30
86,120,4.7162779038277954e-30
86,121,3.0307880357987174e-30
86,122,2.2371874045143584e-30
86,123,1.8509374562078034e-30
86,124,1.3981880312515146e-30
86,125,3.693056955820273e-16
86,126,2.446083843762599e-30
86,127,1.5609609977780717e-30
86,128,2.9131447447459562e-30
86,129,2.033790600113542e-30
86,130,3.6911097031781164e-30
86,131,1.1091992055519124e-30
86,132,2.8838471745904775e-30
86,133,1.648835627124229e-30
86,134,5.821310759533877e-16
86,135,1.2294448748447592e-30
86,136,1.7314955729946842e-30
86,137,1.6843516271573444e-30
86,138,1.5867549899719425e-30
86,139,4.542203503524992e-30
86,140,2.3707519100602415e-30
86,141,2.5060276769190537e-30
86,142,3.493907396910866e-30
86,143,3.426503117211172e-30
86,144,2.203736665122619e-31
86,145,1.5544260895904057e-30
86,146,1.2103015719349866e-30
86,147,3.8015608900280096e-30
86,148,2.7920395936228356e-30
86,149,3.9055556787154973e-16
87,88,4.7327963078643484e-30
87,89,2.2178103449350327e-30
87,90,1.2306537652252627e-30
87,91,3.476180313009226e-30
87,92,1.4186487312793776e-30
87,93,1.81012955919681e-30
87,94,3.24002590293411e-30
87,95,2.120024943625883e-30
87,96,1.7646806051556083e-30
87,97,2.6098390566525837e-30
87,98,1.909580692533022e-30
87,99,3.3702723563347566e-30
87,100,1.703970179894381e-30
87,101,1.8337176236163382e-30
87,102,2.430388229619645e-30
87,103,2.209357285927725e-30
87,104,3.0492622373116237e-30
87,105,3.247489373075059e-30
87,106,1.4382793062358778e-30
87,107,1.5700449094294373e-15
87,108,2.250628137462707e-30
87,109,1.8318274272685735e-30
87,110,7.334848941032853e-31
87,111,8.957805044050663e-31
87,112,2.4013642435192484e-30
87,113,2.6504394866045245e-16
87,114,1.4774460402060152e-30
87,115,1.754902187132774e-30
87,116,9.052581619178515e-31
87,117,2.015441528469304e-30
87,118,1.102048281931075e-30
87,119,7.069526914709721e-31
87,120,3.4556586065432444e-30
87,121,2.1268191872676397e-30
87,122,1.534241439770435e-30
87,123,1.0233195804050522e-30
87,124,2.119369435354743e-30
87,125,5.33937064908832e-16
87,126,3.4401682629387914e-30
87,127,1.5485695374754656e-30
87,128,2.470084008346809e-30
87,129,2.7658157715972944e-30
87,130,5.451339628478524e-16
87,131,2.0135299762864298e-30
87,132,2.6177692646015587e-30
87,133,1.2312917249862869e-30
87,134,9.340096586409047e-16
87,135,1.567585156961636e-30
87,136,1.9272567764053207e-30
87,137,1.4799164644028348e-30
87,138,1.2446106047543452e-30
87,139,3.411317769137447e-30
87,140,1.8632805450611902e-30
87,141,2.2381013648122205e-30
87,142,2.5896061877290634e-30
87,143,2.993412328458515e-30
87,144,1.5682399262769796e-31
87,145,1.2548150561089639e-30
87,146,2.122204599441244e-30
87,147,2.7800820065420877e-30
87,148,2.26486788067093e-30
87,149,4.667437842114655e-16
88,89,9.650822556810536e-30
88,90,4.6576070691257606e-30
88,91,1.6432884788080312e-29
88,92,6.295858950531756e-30
88,93,4.9448450977085824e-30
88,94,4.439282203235283e-30
88,95,7.574349784586344e-30
88,96,8.117356212549892e-30
88,97,2.553481624835421e-30
88,98,7.432865307900651e-30
88,99,1.004627350693346e-29
88,100,4.063193671330169e-30
88,101,6.921368623905844e-30
88,102,2.857941518872197e-30
88,103,3.536839340772593e-30
88,104,9.358505751254812e-30
88,105,8.274821224214495e-30
88,106,3.0335539582620545e-30
88,107,7.915891260423789e-16
88,108,1.0187432802026978e-29
88,109,3.696888694755809e-30
88,110,2.405753933344233e-30
88,111,2.487349550116244e-30
88,112,7.404589939199189e-30
88,113,2.314995831268113e-16
88,114,4.9197112630565194e-30
88,115,7.282221389977223e-30
88,116,7.270716207826311e-31
88,117,9.502569059711763e-30
88,118,4.7826398951076336e-30
88,119,1.933016918131339e-30
88,120,1.958669298512923e-30
88,121,9.477411435219213e-30
88,122,5.619958678375083e-30
88,123,2.610370151228481e-30
88,124,8.767946555893334e-30
88,125,3.7685047496109887e-16
88,126,1.5300833258517374e-29
88,127,5.515352413539189e-30
88,128,7.806380625687077e-30
88,129,1.232698243731666e-29
88,130,5.1906991453602846e-30
88,131,9.7685722085478e-30
88,132,6.944154361097572e-30
88,133,4.9298629113860985e-30
88,134,5.686189642248697e-16
88,135,6.918457863767693e-30
88,136,7.791972235374582e-30
88,137,5.245320645329632e-30
88,138,5.463541982490708e-30
88,139,1.3761235395651218e-29
88,140,5.0158225181675736e-30
88,141,1.2142744725155385e-29
88,142,2.785946981806198e-30
88,143,1.1008893305656924e-29
88,144,7.909292658859651e-32
88,145,2.6083299939206125e-30
88,146,7.632101867377191e-30
88,147,2.7271089902094107e-30
88,148,1.0401265555007771e-29
88,149,6.274233663426532e-16
89,90,2.2851150909044272e-30
89,91,7.285233628607107e-30
89,92,2.7445127770381857e-30
89,93,2.6155245013588455e-30
89,94,1.0767373717016577e-30
89,95,2.7957506105820056e-30
89,96,3.616524739208396e-30
89,97,1.6170991067149268e-30
89,98,3.1096009056355016e-30
89,99,3.923673293886637e-30
89,100,2.3651764663405746e-30
89,101,3.0095192021785583e-30
89,102,1.9339178750974618e-30
89,103,2.4184961252704872e-30
89,104,4.390546693491602e-30
89,105,4.331812715930475e-30
89,106,1.8289299660535425e-30
89,107,8.759511914735149e-16
89,108,4.5692115091118725e-30
89,109,1.6903302002384395e-30
89,110,1.0003160752688267e-30
89,111,1.1135020009215753e-30
89,112,3.84401011730683e-30
89,113,5.986879625544771e-30
89,114,2.335768023289455e-30
89,115,2.864087898711126e-30
89,116,3.8188041076626865e-31
89,117,3.9665176097952525e-30
89,118,1.9685322185434623e-30
89,119,9.100396779077473e-31
89,120,2.063119483980985e-30
89,121,4.4173107685860814e-30
89,122,2.7614718547909974e-30
89,123,9.108910596625815e-31
89,124,3.802300894064624e-30
89,125,3.570299238704312e-30
89,126,6.407169590134036e-30
89,127,2.713316017747635e-30
89,128,4.1543354729872065e-30
89,129,5.193017511536246e-30
89,130,2.8208916625464346e-30
89,131,4.1458089302420874e-30
89,132,2.519663562484436e-30
89,133,2.381562061928236e-30
89,134,1.3877787807814693e-16
89,135,3.307142206876441e-30
89,136,3.118829965562286e-30
89,137,1.9508798930024513e-30
89,138,2.405273529071136e-30
89,139,6.668621238966516e-30
89,140,2.1841825137044007e-30
89,141,5.1956949806984826e-30
89,142,1.3284631620955792e-30
89,143,4.3554988362812056e-30
89,144,8.752210080093919e-32
89,145,7.162674885322022e-31
89,146,3.4965766956466125e-30
89,147,1.3489832167669699e-30
89,148,4.653205319793965e-30
89,149,7.387111553066971e-30
90,91,3.525192503843304e-30
90,92,1.3316799179681778e-30
90,93,1.3493432836235955e-30
90,94,1.1923744123742277e-30
90,95,1.340367711787047e-30
90,96,1.7730751666026895e-30
90,97,1.079013567414018e-30
90,98,1.4884455413782877e-30
90,99,2.0492385598000794e-30
90,100,1.2193231382265691e-30
90,101,1.5103374565430384e-30
90,102,1.1640470058593407e-30
90,103,1.3797419796195826e-30
90,104,2.111966250282713e-30
90,105,2.2899672793753752e-30
90,106,9.747673697352093e-31
90,107,6.871957671317172e-16
90,108,2.2450122466162912e-30
90,109,8.704398317882236e-31
90,110,4.696039680956534e-31
90,111,6.534416577953301e-31
90,112,1.9208095027526063e-30
90,113,3.131179903684334e-30
90,114,1.1849612418595906e-30
90,115,1.4393628989794042e-30
90,116,3.644298942449569e-31
90,117,1.942000891097068e-30
90,118,9.526385636110742e-31
90,119,5.014342956109545e-31
90,120,1.5161716778525231e-30
90,121,2.1015395999083275e-30
90,122,1.3581635646874472e-30
90,123,6.578038439159663e-31
90,124,1.988263383649944e-30
90,125,1.74804617616504e-30
90,126,3.1367404557915884e-30
90,127,1.3085284461445888e-30
90,128,2.0924804999474896e-30
90,129,2.516502281599816e-30
90,130,1.4203710412308378e-30
90,131,2.0204144203065563e-30
90,132,1.4239012138698599e-30
90,133,1.1408938031182395e-30
90,134,4.3731549649841185e-16
90,135,1.612000218950011e-30
90,136,1.5549574796419385e-30
90,137,1.0560784802814197e-30
90,138,1.195526150942234e-30
90,139,3.258315464909991e-30
90,140,1.0893611964910003e-30
90,141,2.544567774629824e-30
90,142,9.70920890285621e-31
90,143,2.1595651643808394e-30
90,144,6.866229281531754e-32
90,145,5.25926546115088e-31
90,146,1.857122821442297e-30
90,147,1.0887203172964267e-30
90,148,2.271095896711567e-30
90,149,2.7513829954510314e-16
91,92,4.6512309830896245e-30
91,93,3.755688861143327e-30
91,94,3.227944646353531e-30
91,95,5.388662646945849e-30
91,96,6.0523220727432456e-30
91,97,1.9411561639423356e-30
91,98,5.510035307975181e-30
91,99,7.331485774108991e-30
91,100,3.204215682443128e-30
91,101,5.115273782178402e-30
91,102,2.3728031114433137e-30
91,103,2.8841840426710823e-30
91,104,6.949042631392705e-30
91,105,6.356233653767516e-30
91,106,2.393727346319134e-30
91,107,9.074842391027955e-16
91,108,7.470575209368853e-30
91,109,2.7310512696093993e-30
91,110,1.7531052562624936e-30
91,111,1.8674942720040632e-30
91,112,5.605063639479972e-30
91,113,8.13685787323345e-30
91,114,3.629239274877405e-30
91,115,5.354354361817282e-30
91,116,5.587926058021007e-31
91,117,6.836461462077934e-30
91,118,3.469773791510068e-30
91,119,1.4430796698388668e-30
91,120,2.0541582574892755e-30
91,121,6.987012373675394e-30
91,122,4.234273750999175e-30
91,123,1.9950205138638606e-30
91,124,6.52144616338785e-30
91,125,5.312772528998554e-30
91,126,1.128967069998324e-29
91,127,4.1652207020327956e-30
91,128,5.993030333533441e-30
91,129,9.001584366699093e-30
91,130,4.0370320093300374e-30
91,131,7.125688663051485e-30
91,132,5.0665723702068535e-30
91,133,3.67759718233431e-30
91,134,1.7554167342883915e-16
91,135,5.203724317745168e-30
91,136,5.752127607598e-30
91,137,3.827928352563519e-30
91,138,4.047398600572437e-30
91,139,1.0366968257375059e-29
91,140,3.6227600282323895e-30
91,141,8.990968218091942e-30
91,142,2.010283581045062e-30
91,143,7.974354905663128e-30
91,144,9.067277700303219e-32
91,145,1.871137212324135e-30
91,146,5.696740114383549e-30
91,147,1.9697671259048394e-30
91,148,7.688307117331267e-30
91,149,5.064917260848208e-16
92,93,1.4218026283154409e-30
92,94,1.6357821854381495e-30
92,95,2.1318625373677063e-30
92,96,2.318604061821438e-30
92,97,9.20237471707757e-31
92,98,2.1404904885481063e-30
92,99,2.933818202893206e-30
92,100,1.2241686998848163e-30
92,101,2.031638763707241e-30
92,102,1.0160876366652672e-30
92,103,1.187883618704217e-30
92,104,2.6483272201373672e-30
92,105,2.4313393103286917e-30
92,106,9.12565188483181e-31
92,107,5.705869165184632e-16
92,108,2.840735180518873e-30
92,109,1.1919834069155374e-30
92,110,6.765186640406107e-31
92,111,7.306009410447867e-31
92,112,2.0959604654997253e-30
92,113,5.802306443187732e-16
92,114,1.4095803568545857e-30
92,115,2.1206982844067718e-30
92,116,3.668150333922687e-31
92,117,2.7136417011986668e-30
92,118,1.3565723398757953e-30
92,119,5.768266690077376e-31
92,120,1.1574056817469958e-30
92,121,2.6251160008880897e-30
92,122,1.5989727291859593e-30
92,123,8.076674371778824e-31
92,124,2.5292183398626286e-30
92,125,4.79595357329791e-16
92,126,4.354284670309208e-30
92,127,1.5665514281438178e-30
92,128,2.2757498303248354e-30
92,129,3.5574336064319525e-30
92,130,1.5692238150971392e-30
92,131,2.6891957061721675e-30
92,132,2.1806649126890804e-30
92,133,1.3629469083874925e-30
92,134,2.924080194065739e-16
92,135,1.9625427802149692e-30
92,136,2.318889271680051e-30
92,137,1.5450435554331812e-30
92,138,1.5578146771100239e-30
92,139,3.9136512959054035e-30
92,140,1.395424979024017e-30
92,141,3.455645572294977e-30
92,142,9.244857237178879e-31
92,143,3.0979002389129554e-30
92,144,5.701112814199057e-32
92,145,8.352498174243558e-31
92,146,2.1624474181304795e-30
92,147,1.092766941231279e-30
92,148,2.9362556140310696e-30
92,149,4.600765386287756e-16
93,94,1.6171300322686268e-30
93,95,1.2772667513001502e-30
93,96,1.9814891511483784e-30
93,97,1.623887136089856e-30
93,98,1.6003727597869043e-30
93,99,2.066235392553416e-30
93,100,1.6146290023928676e-30
93,101,1.727436356450818e-30
93,102,1.7776592534853792e-30
93,103,1.8297672474184556e-30
93,104,2.5247562579548756e-30
93,105,2.989746898345101e-30
93,106,1.274027775116826e-30
93,107,1.0086965795618503e-15
93,108,2.6209642078062498e-30
93,109,1.2640323935587185e-30
93,110,5.076189270265841e-31
93,111,8.374454560890802e-31
93,112,2.352555261984684e-30
93,113,1.8619006149354526e-16
93,114,1.608393959023099e-30
93,115,1.6266718706642056e-30
93,116,5.271459621689609e-31
93,117,2.285103808376294e-30
93,118,1.1266825872097114e-30
93,119,6.3874642499884335e-31
93,120,2.2684186977725285e-30
93,121,2.6209663932072198e-30
93,122,1.6751328140400338e-30
93,123,8.80906392059726e-31
93,124,2.2879800814836825e-30
93,125,3.053310631518481e-16
93,126,3.247594577845166e-30
93,127,1.6224671434048585e-30
93,128,2.6704645729739177e-30
93,129,2.989827296795811e-30
93,130,1.9697717710638835e-30
93,131,2.275306616285196e-30
93,132,1.5352182329585575e-30
93,133,1.3330995337985707e-30
93,134,5.356476665968266e-16
93,135,1.8359628353380612e-30
93,136,1.6287493203074245e-30
93,137,1.1100548436628282e-30
93,138,1.3391089184353355e-30
93,139,3.813258742371821e-30
93,140,1.390364764497873e-30
93,141,2.713336349235464e-30
93,142,1.505179751414484e-30
93,143,2.1492898828074122e-30
93,144,1.0078557409741696e-31
93,145,5.9744690876485725e-31
93,146,2.2213729147286005e-30
93,147,1.6118695782793266e-30
93,148,2.5013553263716337e-30
93,149,7.083111960945354e-16
94,95,2.57722709871473e-30
94,96,1.6430426114848997e-30
94,97,3.065922137617942e-30
94,98,2.5532979833648027e-30
94,99,4.651001173287366e-30
94,100,1.5018994038237177e-30
94,101,2.2857695615833225e-30
94,102,2.312297869607314e-30
94,103,2.8560181852230287e-30
94,104,4.05845415191169e-30
94,105,2.3215358847407958e-30
94,106,1.71566245880191e-30
94,107,1.9013708861918282e-15
94,108,1.672947515080099e-30
94,109,1.7711052997858575e-30
94,110,7.569937897663908e-31
94,111,6.335324880943878e-31
94,112,2.784155785473711e-30
94,113,3.0833544711874387e-30
94,114,1.1132302435327736e-30
94,115,2.709664310992703e-30
94,116,1.2047429942497168e-30
94,117,2.4979334162428176e-30
94,118,1.3355793124846392e-30
94,119,1.2318295417778654e-30
94,120,3.969677544971873e-30
94,121,2.6037076892919648e-30
94,122,1.8624157169887714e-30
94,123,1.6947826460881903e-30
94,124,2.1963550337025898e-30
94,125,3.1396806675453464e-30
94,126,3.9550149716430644e-30
94,127,1.2338210213383113e-30
94,128,1.8600763433656043e-30
94,129,3.2714050342844914e-30
94,130,2.7538465879020565e-30
94,131,1.998463513321996e-30
94,132,3.518324000743629e-30
94,133,1.3722871301122367e-30
94,134,5.985173094038516e-16
94,135,8.232839889945606e-31
94,136,2.5951846721598025e-30
94,137,2.136254314597094e-30
94,138,1.6861073250631414e-30
94,139,3.756981383592915e-30
94,140,2.3538328383587577e-30
94,141,3.2282969476014615e-30
94,142,3.159107020329142e-30
94,143,4.057722117574508e-30
94,144,1.899785923931621e-31
94,145,1.7489081738155496e-30
94,146,1.6026075026556017e-30
94,147,3.549399513035035e-30
94,148,2.882109850711989e-30
94,149,8.474545865484464e-16
95,96,2.6151471103473465e-30
95,97,1.4503491998757847e-30
95,98,2.6941675606007792e-30
95,99,3.896153502471747e-30
95,100,1.1141786454958491e-30
95,101,2.343273889492785e-30
95,102,1.5540724318830916e-30
95,103,1.0954380280109717e-30
95,104,3.330129089979663e-30
95,105,2.106542528997669e-30
95,106,6.470888021520979e-31
95,107,7.070865672341184e-16
95,108,3.379864848745256e-30
95,109,1.291373030119549e-30
95,110,1.0377051089961768e-30
95,111,7.754014882052823e-31
95,112,2.204258764085462e-30
95,113,3.7160782332615005e-16
95,114,1.5195439268669966e-30
95,115,2.789918095585108e-30
95,116,5.59545125496097e-31
95,117,3.5828690136465656e-30
95,118,1.7911204452984912e-30
95,119,5.952968846247365e-31
95,120,1.3183518827125984e-30
95,121,3.3321096370370976e-30
95,122,1.736262917916116e-30
95,123,9.242156425735366e-31
95,124,2.6507497239245334e-30
95,125,1.6897324772079972e-16
95,126,5.3137349077895705e-30
95,127,1.840333190147852e-30
95,128,1.920006534365719e-30
95,129,4.331192376501597e-30
95,130,1.4259527046303716e-30
95,131,3.5420670717345176e-30
95,132,2.709578065510319e-30
95,133,1.7430556669552562e-30
95,134,9.100604712859884e-16
95,135,2.041466492429532e-30
95,136,2.839259109349844e-30
95,137,1.9256394425845387e-30
95,138,1.7819997733842954e-30
95,139,4.216770426353469e-30
95,140,2.0583074686790234e-30
95,141,4.159133940130029e-30
95,142,1.696594779458258e-30
95,143,4.408707503643759e-30
95,144,7.064971474991752e-32
95,145,1.264953223580122e-30
95,146,2.077981240705523e-30
95,147,1.736608610569359e-30
95,148,3.493727241801623e-30
95,149,7.162874682589086e-16
96,97,1.0254801212202093e-30
96,98,2.7357849801553847e-30
96,99,3.642960876712735e-30
96,100,1.6156194870559605e-30
96,101,2.615059319343858e-30
96,102,1.5280608602589414e-30
96,103,1.4067897025844263e-30
96,104,3.4280442607599454e-30
96,105,3.367351485099137e-30
96,106,1.1929255700735743e-30
96,107,4.0221650305342664e-16
96,108,3.706822689485896e-30
96,109,1.5113412319798213e-30
96,110,8.560581743484629e-31
96,111,1.1230248571133179e-30
96,112,2.768234899084461e-30
96,113,4.0799029771711406e-30
96,114,1.8771766491726897e-30
96,115,2.693123775383992e-30
96,116,2.539690259306834e-31
96,117,3.370411438388047e-30
96,118,1.71781107686807e-30
96,119,9.036103211090485e-31
96,120,1.0933683879791732e-30
96,121,3.444886128134642e-30
96,122,2.1165889620412944e-30
96,123,1.3469622504998307e-30
96,124,3.43770171727207e-30
96,125,2.6306600649394394e-30
96,126,5.610042753990968e-30
96,127,2.0720945323855993e-30
96,128,3.038458917387631e-30
96,129,4.5440142460905204e-30
96,130,2.253319181397908e-30
96,131,3.496919298571011e-30
96,132,2.7606187735588693e-30
96,133,1.8047716051663653e-30
96,134,9.515144070671975e-16
96,135,2.5897266131058087e-30
96,136,2.939862543547733e-30
96,137,1.962509342350979e-30
96,138,2.04864617798225e-30
96,139,5.1593052586412124e-30
96,140,1.78731978942181e-30
96,141,4.481928635027101e-30
96,142,9.487724526542925e-31
96,143,3.876400172872954e-30
96,144,4.018812197152841e-32
96,145,9.24710271962116e-31
96,146,3.001942043266354e-30
96,147,1.0025402505033466e-30
96,148,3.795403031808911e-30
96,149,1.1443916996305495e-16
97,98,1.5108301001650942e-30
97,99,3.0009068608321765e-30
97,100,1.6530883018854032e-30
97,101,1.4552421430528074e-30
97,102,2.2517785395144144e-30
97,103,2.40658009690829e-30
97,104,3.076230051752092e-30
97,105,2.6139079433134836e-30
97,106,1.5122835044994981e-30
97,107,1.5647474998540486e-15
97,108,1.315072089335356e-30
97,109,1.26521129535082e-30
97,110,5.2079302808966025e-31
97,111,4.932697781975887e-31
97,112,2.4247410445559436e-30
97,113,3.8366485041512984e-30
97,114,1.104758290614484e-30
97,115,1.5198714319101309e-30
97,116,9.093984031850613e-31
97,117,1.3441702224456876e-30
97,118,7.146892956662178e-31
97,119,7.906327634195022e-31
97,120,3.323832664953398e-30
97,121,2.061533126279026e-30
97,122,1.5085294430139324e-30
97,123,8.949479371930026e-31
97,124,1.189770225937697e-30
97,125,2.6669335252330034e-30
97,126,1.982513786471767e-30
97,127,1.3021506283422984e-30
97,128,2.2265810042053164e-30
97,129,1.6893565625683114e-30
97,130,2.2646327303858787e-30
97,131,1.0643979763880448e-30
97,132,2.1187792051462994e-30
97,133,1.1917336787728987e-30
97,134,4.443059973708323e-16
97,135,1.0544989503414333e-30
97,136,1.3840645892135297e-30
97,137,1.1239394532167298e-30
97,138,1.0403817930152237e-30
97,139,3.269482156311638e-30
97,140,1.7691283144552e-30
97,141,1.6246615438087183e-30
97,142,2.4676943476894712e-30
97,143,2.4454573307747782e-30
97,144,1.5634431432174598e-31
97,145,1.1149651926551785e-30
97,146,1.1978800512246547e-30
97,147,2.708384663553295e-30
97,148,1.938939536405059e-30
97,149,2.0014830212433583e-16
98,99,3.724003889137065e-30
98,100,1.3586636489491485e-30
98,101,2.3390673407964364e-30
98,102,1.1537422839532605e-30
98,103,1.6526483714024644e-30
98,104,3.181505198119329e-30
98,105,2.542983826025872e-30
98,106,1.041850406934031e-30
98,107,9.340032148618943e-16
98,108,3.2133680984464595e-30
98,109,1.346425763728169e-30
98,110,8.486482107742178e-31
98,111,8.18824293146074e-31
98,112,2.3688608516808565e-30
98,113,5.58048031797196e-16
98,114,1.5180185838514266e-30
98,115,2.681130529466206e-30
98,116,6.14181822939528e-31
98,117,3.21495381184148e-30
98,118,1.6185334690377277e-30
98,119,7.280468811792278e-31
98,120,2.087510309405046e-30
98,121,3.199855602581207e-30
98,122,1.8110044062305245e-30
98,123,1.51024494660085e-30
98,124,2.93486855413142e-30
98,125,2.448357106106441e-30
98,126,5.293359869515508e-30
98,127,1.8691592706948077e-30
98,128,2.4748054520791834e-30
98,129,4.1660837914571446e-30
98,130,1.8130258958398084e-30
98,131,3.192138950389739e-30
98,132,3.0327266667647368e-30
98,133,1.675119963963584e-30
98,134,3.1798006553922704e-16
98,135,2.227059141321929e-30
98,136,3.0259870812774185e-30
98,137,1.9687956075639016e-30
98,138,1.8306438553307637e-30
98,139,4.4957020817397074e-30
98,140,1.6631879309238943e-30
98,141,4.304656351028674e-30
98,142,1.9066325972064962e-30
98,143,3.864319188130041e-30
98,144,9.332246398572915e-32
98,145,1.2110412797954692e-30
98,146,2.367883888171682e-30
98,147,1.8692543057023724e-30
98,148,3.404399141769833e-30
98,149,7.736788912175079e-16
99,100,1.7812189879174076e-30
99,101,3.6154579622135516e-30
99,102,2.3250756152838157e-30
99,103,2.6058016011488506e-30
99,104,4.637912706399477e-30
99,105,3.946459802439531e-30
99,106,1.5875362777922643e-30
99,107,1.8256182903750657e-15
99,108,4.654515073840748e-30
99,109,2.2398809773187735e-30
99,110,1.1120914435264298e-30
99,111,1.3347945179987617e-30
99,112,2.9633925729521812e-30
99,113,5.747984707352929e-16
99,114,2.152128064018194e-30
99,115,3.8357751141644864e-30
99,116,1.2021841453023395e-30
99,117,4.5096742792982606e-30
99,118,2.3515596808133204e-30
99,119,1.3507418843201478e-30
99,120,3.849979525805931e-30
99,121,4.0009836044306674e-30
99,122,2.4618325087820566e-30
99,123,2.063518070518748e-30
99,124,4.47402417773965e-30
99,125,5.066820005347672e-16
99,126,7.433142624876745e-30
99,127,2.0964692463722634e-30
99,128,3.2135138247796544e-30
99,129,5.726539909236304e-30
99,130,1.6743451780617648e-16
99,131,4.534923928797295e-30
99,132,4.373408166155029e-30
99,133,1.9392706755671476e-30
99,134,4.95785251659013e-16
99,135,2.889712015985223e-30
99,136,3.9234817319333085e-30
99,137,3.1045203219129863e-30
99,138,2.7427163851440243e-30
99,139,5.8340192465845525e-30
99,140,2.857523189739668e-30
99,141,5.741001206959802e-30
99,142,3.2431001993749816e-30
99,143,6.086629640335989e-30
99,144,1.8240964746615707e-31
99,145,2.0599805965820797e-30
99,146,3.946576309229199e-30
99,147,3.5286454806556926e-30
99,148,4.873360598633293e-30
99,149,4.511915384703829e-16
100,101,1.4717987041766937e-30
100,102,2.0260467974431986e-30
100,103,1.8973741780358727e-30
100,104,2.5116238459128602e-30
100,105,2.6592312931084165e-30
100,106,1.2801317452509898e-30
100,107,1.0158550154679004e-15
100,108,2.0636214875079076e-30
100,109,1.1864436440289906e-30
100,110,4.363055998213698e-31
100,111,6.10428611340419e-31
100,112,2.2466928193534133e-30
100,113,3.786420802924279e-30
100,114,1.2279543922837067e-30
100,115,1.1445967441337426e-30
100,116,5.42082382386941e-31
100,117,1.689349215806539e-30
100,118,8.123619456635163e-31
100,119,5.604757885079503e-31
100,120,2.190716823415524e-30
100,121,2.2360153423871782e-30
100,122,1.526263098494192e-30
100,123,6.056326130297202e-31
100,124,1.7290841219193725e-30
100,125,2.195364426696821e-30
100,126,2.6238656649811742e-30
100,127,1.502669524521656e-30
100,128,2.45956861589401e-30
100,129,2.237802620855356e-30
100,130,2.191461444625545e-30
100,131,1.720766943291669e-30
100,132,1.0558190758852116e-30
100,133,1.2749934232224572e-30
100,134,5.041334449192989e-16
100,135,1.6134246995562364e-30
100,136,1.28968680391687e-30
100,137,6.959281614692806e-31
100,138,1.1520158692051963e-30
100,139,3.570118074459197e-30
100,140,1.2672399297510871e-30
100,141,2.2506188746775692e-30
100,142,1.5589523302115572e-30
100,143,1.8015249081724388e-30
100,144,1.0150082096852683e-31
100,145,4.516375478065501e-31
100,146,1.6731794463765147e-30
100,147,1.5609395613436785e-30
100,148,2.182291378188331e-30
100,149,2.2912144664400683e-16
101,102,1.6274410278522867e-30
101,103,1.5333052408126278e-30
101,104,2.8778025424040678e-30
101,105,3.079203609730566e-30
101,106,1.0710187044828647e-30
101,107,9.021095820358122e-16
101,108,3.179894496259331e-30
101,109,1.3951062371466149e-30
101,110,7.204118342788687e-31
101,111,1.0280699752318521e-30
101,112,2.2950823615005166e-30
101,113,2.8977801485217744e-16
101,114,1.667672316253895e-30
101,115,2.313373883838688e-30
101,116,5.826151485600926e-31
101,117,2.8848059639085804e-30
101,118,1.5184681529212756e-30
101,119,9.047745300597293e-31
101,120,1.9164293778432067e-30
101,121,2.853052450090573e-30
101,122,1.801680708131068e-30
101,123,1.3297608024288217e-30
101,124,3.0654020331154655e-30
101,125,7.259025277570809e-16
101,126,4.8756380259744264e-30
101,127,1.7156568997563063e-30
101,128,2.5965126043707565e-30
101,129,3.9976093178941965e-30
101,130,1.963154401844423e-30
101,131,2.9488976422477715e-30
101,132,2.610664210869695e-30
101,133,1.4535550989633089e-30
101,134,8.109776590423798e-16
101,135,2.1685883234932064e-30
101,136,2.573067015752792e-30
101,137,1.8737109773429998e-30
101,138,1.7997920642668165e-30
101,139,4.307386469553092e-30
101,140,1.6322006245364455e-30
101,141,3.792802477549663e-30
101,142,1.5551056956770654e-30
101,143,3.557733826720625e-30
101,144,9.0135759321949e-32
101,145,1.0710276009268994e-30
101,146,2.732966262658098e-30
101,147,1.6622824876719445e-30
101,148,3.252167209445993e-30
101,149,7.460924468446729e-16
102,103,1.9371072702014112e-30
102,104,2.5748231824631506e-30
102,105,3.129613214599861e-30
102,106,1.2998130210755082e-30
102,107,1.298908302972858e-15
102,108,1.5624508816555227e-30
102,109,1.5099813588181753e-30
102,110,6.063083955028152e-31
102,111,8.990663808046363e-31
102,112,2.0405220706457214e-30
102,113,4.926614791074546e-16
102,114,1.2723076358289428e-30
102,115,1.2082236218985156e-30
102,116,7.307096281129094e-31
102,117,1.372655685179463e-30
102,118,8.79776898785936e-31
102,119,5.506975461068216e-31
102,120,2.7463762284334677e-30
102,121,2.0124279461516366e-30
102,122,1.5131285721425265e-30
102,123,1.0593749990290018e-30
102,124,1.790919527839248e-30
102,125,4.660961811077885e-16
102,126,1.9646974817764515e-30
102,127,1.6205825630003732e-30
102,128,2.492041013793987e-30
102,129,1.9332661892108508e-30
102,130,2.635327248183203e-30
102,131,1.2594729599179358e-30
102,132,1.3599967359916648e-30
102,133,1.2814915102304032e-30
102,134,9.093393324951118e-16
102,135,1.318516161258432e-30
102,136,1.3277818855465627e-30
102,137,7.31032865421614e-31
102,138,1.1099867933915013e-30
102,139,3.355333262717272e-30
102,140,1.7250589650875866e-30
102,141,1.866834611020216e-30
102,142,2.252843787689593e-30
102,143,2.6244796731372225e-30
102,144,1.2978255470231217e-31
102,145,7.792847335988881e-31
102,146,1.5333921175875015e-30
102,147,2.1005896351460045e-30
102,148,1.864106570872205e-30
102,149,5.1019187017101555e-16
103,104,3.58420823834085e-30
103,105,2.625574943467268e-30
103,106,1.9243796769863756e-30
103,107,1.6313338092353391e-15
103,108,1.9352086275065364e-30
103,109,1.3632580225867996e-30
103,110,5.061980559877714e-31
103,111,6.284225106794616e-31
103,112,3.1400503613717502e-30
103,113,4.4957234542841255e-30
103,114,1.1989261482156003e-30
103,115,1.1817023683668614e-30
103,116,9.504583608399859e-31
103,117,1.631309335952538e-30
103,118,7.2313310183377654e-31
103,119,1.2305238101714368e-30
103,120,3.509294575508813e-30
103,121,2.7574051355689494e-30
103,122,2.0066824367221157e-30
103,123,1.5517738202886494e-30
103,124,1.3841600059614898e-30
103,125,3.1204471047475402e-30
103,126,2.1639442239248625e-30
103,127,1.5562104643041021e-30
103,128,2.7287578641476128e-30
103,129,1.846930034376248e-30
103,130,2.826563420939885e-30
103,131,1.4635310926532311e-30
103,132,1.8570746428460494e-30
103,133,1.5586972573766117e-30
103,134,8.441528768080356e-16
103,135,1.5752576751453687e-30
103,136,1.0019243171263696e-30
103,137,1.1670266401969407e-30
103,138,1.237908579654808e-30
103,139,4.0859471966938954e-30
103,140,1.6629817037089107e-30
103,141,2.0597874930106057e-30
103,142,2.38477600007485e-30
103,143,2.198237891089264e-30
103,144,1.6299739469695336e-31
103,145,9.474271189742898e-31
103,146,1.4056981912540432e-30
103,147,2.6956753165410804e-30
103,148,2.452624582255671e-30
103,149,5.302808774061985e-16
104,105,4.002379894173829e-30
104,106,2.253734261013541e-30
104,107,1.997051759178287e-15
104,108,4.25164211804956e-30
104,109,1.6520616871980857e-30
104,110,1.0456500672464233e-30
104,111,1.02267154955158e-30
104,112,3.935735176441871e-30
104,113,6.176273426894052e-30
104,114,2.122191830483746e-30
104,115,3.19260371384381e-30
104,116,1.1803951912044897e-30
104,117,3.884529550742227e-30
104,118,2.0023930655010047e-30
104,119,1.2415723713081368e-30
104,120,4.254921320332599e-30
104,121,4.197081850697073e-30
104,122,2.6401370165474632e-30
104,123,1.605049236340642e-30
104,124,3.6100268670602495e-30
104,125,3.736436770019484e-30
104,126,6.416379551958588e-30
104,127,2.572326312904223e-30
104,128,4.002349902825597e-30
104,129,5.1788898123289364e-30
104,130,3.2648004470190805e-30
104,131,4.034100217001271e-30
104,132,3.529153717228631e-30
104,133,2.3018756181414677e-30
104,134,7.297394258384798e-16
104,135,3.0712131716900942e-30
104,136,3.3996570938428216e-30
104,137,2.3849400785805524e-30
104,138,2.2616791022318296e-30
104,139,6.237268609101338e-30
104,140,2.173537447639956e-30
104,141,5.075753534694216e-30
104,142,3.0839374957829533e-30
104,143,4.684707002376768e-30
104,144,1.9953870383744917e-31
104,145,1.659772258994905e-30
104,146,3.1269876007887916e-30
104,147,3.437775189295484e-30
104,148,4.3671816348549905e-30
104,149,1.249000902703287e-16
105,106,1.9871023380922938e-30
105,107,1.5040692790118037e-15
105,108,4.278586746906686e-30
105,109,2.0776205295716697e-30
105,110,8.750955633003817e-31
105,111,1.5834274284131235e-30
105,112,3.7433227889478194e-30
105,113,5.053616009234381e-16
105,114,2.6203334906936344e-30
105,115,2.4969739636602236e-30
105,116,7.531303931033231e-31
105,117,3.6013529286127094e-30
105,118,1.7157899447511555e-30
105,119,1.162457539764242e-30
105,120,3.45320111623572e-30
105,121,3.9095299206975706e-30
105,122,2.7242021603739837e-30
105,123,1.2707662022695503e-30
105,124,3.9804455590170785e-30
105,125,7.061672345605172e-16
105,126,5.522375994348478e-30
105,127,2.634104507800615e-30
105,128,4.360882355794746e-30
105,129,4.6151787838959294e-30
105,130,1.6009345579392357e-16
105,131,3.657240583382468e-30
105,132,2.4986032952737326e-30
105,133,2.093564632102876e-30
105,134,1.2699171138286136e-15
105,135,3.0698616476554406e-30
105,136,2.7415859909393353e-30
105,137,1.8378541729606067e-30
105,138,2.2829595264284594e-30
105,139,6.300661274995578e-30
105,140,2.268615985972492e-30
105,141,4.5450885668927365e-30
105,142,2.308665053830928e-30
105,143,3.7384469877524065e-30
105,144,1.5028155030855611e-31
105,145,8.89767275430134e-31
105,146,3.997331699016885e-30
105,147,2.3482762770359233e-30
105,148,4.249946686767029e-30
105,149,4.738939423306691e-16
106,107,1.008559337466205e-15
106,108,1.598735402155223e-30
106,109,8.280310960719126e-31
106,110,3.3796629106433566e-31
106,111,4.674890720201933e-31
106,112,2.0272790650834276e-30
106,113,3.142131643797391e-30
106,114,9.362982490722793e-31
106,115,8.687022235843523e-31
106,116,5.708419063232028e-31
106,117,1.2868463110027705e-30
106,118,6.006438598407394e-31
106,119,6.892496426319152e-31
106,120,2.1708728182158643e-30
106,121,1.853820123083991e-30
106,122,1.2903521851918074e-30
106,123,8.09328369106785e-31
106,124,1.3047336893327953e-30
106,125,1.9534754375632868e-30
106,126,1.928042326477312e-30
106,127,1.13429609815945e-30
106,128,1.940280784494994e-30
106,129,1.622367192511997e-30
106,130,1.69200847405657e-30
106,131,1.3063981641087422e-30
106,132,1.1427045595921772e-30
106,133,1.0556951858226806e-30
106,134,4.041272810440279e-16
106,135,1.2320967795999155e-30
106,136,9.118172734549273e-31
106,137,7.576560859522472e-31
106,138,8.620807269197012e-31
106,139,2.8555278797902613e-30
106,140,1.0801663478262397e-30
106,141,1.643804847550252e-30
106,142,1.4494611173076324e-30
106,143,1.4044183715134408e-30
106,144,1.0077186132820548e-31
106,145,5.72469683019076e-31
106,146,1.300170666484819e-30
106,147,1.646306944439685e-30
106,148,1.7447076776271875e-30
106,149,2.778584325736009e-30
107,108,6.384159494255659e-16
107,109,8.087607540938888e-16
107,110,2.830524433501842e-16
107,111,6.93889390390725e-17
107,112,1.6100778259792948e-15
107,113,2.4574293809883294e-15
107,114,6.134547343800238e-16
107,115,8.631046880239884e-16
107,116,5.822058658345464e-16
107,117,8.133360673767442e-16
107,118,3.8559277963506433e-16
107,119,5.53721994457912e-16
107,120,2.1290393889916966e-15
107,121,1.345286723617194e-15
107,122,9.95338316047762e-16
107,123,6.052768157389338e-16
107,124,4.815412394636865e-16
107,125,1.753797664814137e-15
107,126,9.205483015737884e-16
107,127,7.601177430610144e-16
107,128,1.3609433594081717e-15
107,129,8.985264785676221e-16
107,130,1.479800469711417e-15
107,131,3.7444318654689214e-16
107,132,1.2480753739339635e-15
107,133,7.642869566678789e-16
107,134,6.459538161578445e-15
107,135,4.965068306494527e-16
107,136,7.139730702854603e-16
107,137,6.206335383118196e-16
107,138,6.743591091684284e-16
107,139,2.088039763694975e-15
107,140,1.0879026147015955e-15
107,141,9.896137512792104e-16
107,142,1.5457778170320379e-15
107,143,1.4522567854591037e-15
107,144,9.991664107872303e-17
107,145,6.667118051786507e-16
107,146,6.061611355098797e-16
107,147,1.7168680146955588e-15
107,148,1.2602273563353008e-15
107,149,1.9972145646141353e-15
108,109,1.812916597615401e-30
108,110,1.040961269390255e-30
108,111,1.2169766816534705e-30
108,112,3.650939747205151e-30
108,113,5.592701136576475e-16
108,114,2.4927558793685174e-30
108,115,3.202656480570912e-30
108,116,3.390732433404219e-31
108,117,4.824327717729795e-30
108,118,2.2519876620593443e-30
108,119,9.929363899147414e-31
108,120,1.7339872384126606e-30
108,121,4.554120797708742e-30
108,122,2.6814221368255462e-30
108,123,1.0173850727476716e-30
108,124,4.13202822027965e-30
108,125,3.3515654704355575e-16
108,126,6.830751155038778e-30
108,127,2.526015349975463e-30
108,128,3.9364563261965294e-30
108,129,5.5723318847921004e-30
108,130,2.413231893497439e-30
108,131,4.7417157132423416e-30
108,132,2.7121113067706777e-30
108,133,2.3479805942592772e-30
108,134,2.9933908976713316e-16
108,135,3.276170722907873e-30
108,136,3.2598187211450126e-30
108,137,2.2921154176494187e-30
108,138,2.549824386918038e-30
108,139,6.448243779900989e-30
108,140,2.5312363772903633e-30
108,141,5.547072000884745e-30
108,142,1.2931988401734967e-30
108,143,5.1989073117790356e-30
108,144,6.378837727768658e-32
108,145,1.0390694148829487e-30
108,146,3.956900541344169e-30
108,147,1.125402132821087e-30
108,148,4.8723891675130085e-30
108,149,3.018219448110322e-16
109,110,3.7273165312413764e-31
109,111,6.496236126557266e-31
109,112,1.3577956390394475e-30
109,113,6.360340618782808e-16
109,114,1.0732267738611757e-30
109,115,1.4280003858566674e-30
109,116,5.140343810471643e-31
109,117,1.7479851814511532e-30
109,118,9.11735132222478e-31
109,119,6.474742224978517e-31
109,120,1.826900606187967e-30
109,121,1.8245586352685924e-30
109,122,1.1517570010470986e-30
109,123,7.905000831500426e-31
109,124,1.8058824205747992e-30
109,125,5.520237906564078e-16
109,126,2.64939560077923e-30
109,127,1.1501113136962236e-30
109,128,1.7100477435857345e-30
109,129,2.4273699624933057e-30
109,130,2.2971828884778417e-16
109,131,1.670109764628902e-30
109,132,1.65590250748054e-30
109,133,8.858380028952292e-31
109,134,4.406197628981088e-16
109,135,1.2110319003324575e-30
109,136,1.500796669701559e-30
109,137,1.1559201020989334e-30
109,138,1.0197415937598982e-30
109,139,2.416620036628617e-30
109,140,1.0662734923914678e-30
109,141,1.812656488361842e-30
109,142,1.4068492328264053e-30
109,143,2.0916098707568552e-30
109,144,8.080865798535637e-32
109,145,7.322418830645806e-31
109,146,1.594803382157938e-30
109,147,1.4100010532075266e-30
109,148,1.7164907464616288e-30
109,149,4.969649729047339e-16
110,111,3.6749173818669246e-31
110,112,7.798720732989709e-31
110,113,1.1131351426008006e-30
110,114,4.8531211305298795e-31
110,115,8.087377285972242e-31
110,116,1.7280869667181359e-31
110,117,1.0204424372374232e-30
110,118,5.340830088546352e-31
110,119,2.9123161508959926e-31
110,120,6.220193241507337e-31
110,121,1.0415813090296617e-30
110,122,5.89278683318598e-31
110,123,3.4787186311424058e-31
110,124,8.784239477331736e-31
110,125,8.706474527553705e-31
110,126,1.6552247057703084e-30
110,127,6.274713898349671e-31
110,128,7.950628435196913e-31
110,129,1.3217132252103617e-30
110,130,5.41022838527037e-31
110,131,1.0558519266495433e-30
110,132,8.138124210738603e-31
110,133,5.6278041913853265e-31
110,134,4.972820174300707e-16
110,135,7.141021575023178e-31
110,136,8.791783195121335e-31
110,137,5.697105710094497e-31
110,138,5.575558056758219e-31
110,139,1.4274315151232911e-30
110,140,5.577645059998728e-31
110,141,1.2932001738250515e-30
110,142,5.385805681997791e-31
110,143,1.2525156187517876e-30
110,144,2.828164938867588e-32
110,145,3.627704587892669e-31
110,146,7.65600842837433e-31
110,147,5.523743038119652e-31
110,148,1.100770230703953e-30
110,149,1.704411606458579e-30
111,112,8.75986617298312e-31
111,113,1.463975973855949e-30
111,114,8.2914456712805e-31
111,115,9.073463139115013e-31
111,116,1.1440351183858132e-31
111,117,1.0888242111029322e-30
111,118,5.584967767225522e-31
111,119,6.1209310250126215e-31
111,120,6.034510000300269e-31
111,121,1.0196426284340269e-30
111,122,8.467582277918882e-31
111,123,7.350942674437123e-31
111,124,1.4525308159615089e-30
111,125,1.0098566858208107e-30
111,126,1.7795605734345704e-30
111,127,6.854878663528135e-31
111,128,1.0813882113508069e-30
111,129,1.472914930046974e-30
111,130,1.0338965172159427e-30
111,131,1.1093011013093083e-30
111,132,1.0163257015215747e-30
111,133,4.931611008678984e-31
111,134,7.850462293418877e-16
111,135,8.384464882897853e-31
111,136,9.29748329027833e-31
111,137,7.466511150549152e-31
111,138,7.389413812722283e-31
111,139,1.6146838684672082e-30
111,140,6.091313548498949e-31
111,141,1.467869487012314e-30
111,142,3.8510191556089524e-31
111,143,1.2216948768734137e-30
111,144,6.933109716800377e-33
111,145,3.0251209309588927e-31
111,146,1.3462709525509024e-30
111,147,3.0266712475128934e-31
111,148,1.2099166505994326e-30
111,149,1.9981304439319896e-30
112,113,5.7807662397769664e-30
112,114,1.9132256725894663e-30
112,115,2.2212505101415626e-30
112,116,8.771917926053432e-31
112,117,3.1193360017883598e-30
112,118,1.5178891449914842e-30
112,119,1.0781269723953865e-30
112,120,3.5259863533047185e-30
112,121,3.747554586054353e-30
112,122,2.4097865522062935e-30
112,123,1.2952313369291165e-30
112,124,2.8911423093852342e-30
112,125,3.4647148258170204e-30
112,126,4.832856255715242e-30
112,127,2.243930045389406e-30
112,128,3.661170607605284e-30
112,129,3.9812865350003224e-30
112,130,2.5860756869247285e-30
112,131,3.227463840873151e-30
112,132,2.3592870508002587e-30
112,133,2.0652263955031157e-30
112,134,6.758914604098668e-16
112,135,2.658278117277348e-30
112,136,2.3711776372029087e-30
112,137,1.5961369713486777e-30
112,138,1.851800622405978e-30
112,139,5.575727154819578e-30
112,140,1.913961239030478e-30
112,141,3.9352290442135044e-30
112,142,2.218663015434126e-30
112,143,3.31145280382053e-30
112,144,1.6087356824718388e-31
112,145,1.0245529592991477e-30
112,146,2.76468774234649e-30
112,147,2.651160740223209e-30
112,148,3.712520475303284e-30
112,149,3.5760557644884656e-16
113,114,3.388044184349106e-16
113,115,4.528924144620225e-16
113,116,1.1613563346353774e-30
113,117,7.773293771369875e-16
113,118,2.513434133639464e-16
113,119,1.4334657104255958e-30
113,120,5.368121456188198e-16
113,121,8.673617379900814e-19
113,122,2.562698931271074e-16
113,123,9.991014136395009e-31
113,124,4.337627625786667e-30
113,125,8.858842045658527e-16
113,126,1.3877787807812743e-17
113,127,3.5818031455999564e-30
113,128,3.201869115878451e-16
113,129,5.5324950828426195e-30
113,130,1.8648075653627618e-16
113,131,2.338726371780105e-16
113,132,2.185476209451922e-16
113,133,2.938398319141059e-16
113,134,6.414255875545641e-16
113,135,4.1139409015581016e-30
113,136,5.6294917385934525e-16
113,137,1.6253375493664977e-30
113,138,2.8847585225304212e-30
113,139,8.950712185453314e-30
113,140,1.1274368112207278e-16
113,141,7.668341152231228e-16
113,142,2.4117023929269226e-16
113,143,4.949528148480983e-16
113,144,2.351257115422254e-31
113,145,7.453815472188096e-31
113,146,2.607399605677461e-16
113,147,3.6339638445545024e-30
113,148,8.209183647996914e-16
113,149,2.300663686412383e-15
114,115,1.576824819593687e-30
114,116,2.962220280096421e-31
114,117,2.19399985674596e-30
114,118,1.1011556977754943e-30
114,119,6.478596885038784e-31
114,120,1.4652985441391635e-30
114,121,2.2907107940152988e-30
114,122,1.4790676413782651e-30
114,123,5.835347223177372e-31
114,124,2.1989118904775093e-30
114,125,1.9408146349187792e-30
114,126,3.2793300828440615e-30
114,127,1.3444679584176893e-30
114,128,2.2388086939831453e-30
114,129,2.9619285543458078e-30
114,130,1.5027841711989955e-30
114,131,2.2063521918674477e-30
114,132,1.528417607705409e-30
114,133,1.128851282387283e-30
114,134,7.288894375838972e-16
114,135,1.66945764095831e-30
114,136,1.619311906387252e-30
114,137,1.126084607085124e-30
114,138,1.2811846231543605e-30
114,139,3.307076710144688e-30
114,140,1.2308546763567394e-30
114,141,2.607283584052087e-30
114,142,8.883735889168659e-31
114,143,2.2542214554586262e-30
114,144,6.12943365130922e-32
114,145,5.319383560940434e-31
114,146,2.1639139002396415e-30
114,147,1.0005534204492272e-30
114,148,2.4227211521357938e-30
114,149,5.474255194514153e-16
115,116,6.240083990915605e-31
115,117,3.216815118730182e-30
115,118,1.6971193677077488e-30
115,119,8.363222025289049e-31
115,120,1.8051812993774706e-30
115,121,3.17741560797888e-30
115,122,1.780487814087038e-30
115,123,1.4848304352186937e-30
115,124,3.0986258858870706e-30
115,125,5.796481868282464e-16
115,126,5.2855039471189345e-30
115,127,1.6900964623704725e-30
115,128,2.2622666258189858e-30
115,129,4.3257493271830245e-30
115,130,1.9434862295065657e-30
115,131,3.403223626242405e-30
115,132,2.9199573592524123e-30
115,133,1.5542658452218928e-30
115,134,3.5652682413747914e-16
115,135,2.0901782434556044e-30
115,136,2.848014220813076e-30
115,137,2.098299625367352e-30
115,138,1.884891370828083e-30
115,139,4.2830513494355874e-30
115,140,1.8475773165430332e-30
115,141,4.3632311215504266e-30
115,142,1.6541531648060176e-30
115,143,4.003360147124603e-30
115,144,8.623852132665583e-32
115,145,1.2864549584166878e-30
115,146,2.5505242574655172e-30
115,147,1.8916973880920923e-30
115,148,3.381260889205942e-30
115,149,9.24723145221276e-16
116,117,5.633506257579098e-31
116,118,2.983780914506381e-31
116,119,3.62098540713952e-31
116,120,1.2218667861605858e-30
116,121,7.48279280073925e-31
116,122,5.652982668722408e-31
116,123,4.337941571120651e-31
116,124,4.535542801542048e-31
116,125,9.489727819934515e-31
116,126,8.0907200465408e-31
116,127,3.754186358638229e-31
116,128,6.804973643201001e-31
116,129,6.589261031265451e-31
116,130,9.236547723792604e-31
116,131,3.6606880032691046e-31
116,132,8.45134498754544e-31
116,133,4.12300410013598e-31
116,134,1.1102230246251622e-16
116,135,2.144084785199544e-31
116,136,5.496723835831927e-31
116,137,5.0429125223736e-31
116,138,4.4250875544229025e-31
116,139,1.1308700367259218e-30
116,140,6.596653804905642e-31
116,141,7.364815913807177e-31
116,142,9.366857771978202e-31
116,143,1.025973453200428e-30
116,144,5.817205453051747e-32
116,145,4.513889305856548e-31
116,146,3.3618507181534504e-31
116,147,1.027239716343484e-30
116,148,7.420664732925495e-31
116,149,1.0803149591298232e-30
117,118,2.2152381659106345e-30
117,119,9.141059344161852e-31
117,120,1.8700463556155506e-30
117,121,4.141418022652679e-30
117,122,2.3397396965307446e-30
117,123,1.098433830784218e-30
117,124,3.81690647335494e-30
117,125,3.559321930425705e-30
117,126,6.52117147156417e-30
117,127,2.1810135960793527e-30
117,128,3.3645914901760986e-30
117,129,5.347804321179534e-30
117,130,2.075668596063084e-30
117,131,4.4811255172646586e-30
117,132,2.9789345751084926e-30
117,133,2.159190883641037e-30
117,134,5.716723245914109e-16
117,135,2.8721938473925596e-30
117,136,3.422765040791022e-30
117,137,2.3367010582054014e-30
117,138,2.3775124254467504e-30
117,139,5.641821278785775e-30
117,140,2.427393086971942e-30
117,141,5.558953963584545e-30
117,142,1.659077529954567e-30
117,143,5.186163390253099e-30
117,144,8.126580792046211e-32
117,145,1.2884599299921126e-30
117,146,3.4814009180922036e-30
117,147,1.6356132562918187e-30
117,148,4.46397469595343e-30
117,149,6.081838827181302e-16
118,119,4.8112648375568875e-31
118,120,8.439617870990525e-31
118,121,2.13514267231082e-30
118,122,1.1711370028705485e-30
118,123,6.363770781368072e-31
118,124,1.9267709263388327e-30
118,125,1.5440212187306476e-30
118,126,3.3306508123124414e-30
118,127,1.1516818207528544e-30
118,128,1.6039497943740758e-30
118,129,2.7718129658024784e-30
118,130,1.1382969173096771e-30
118,131,2.203429438139065e-30
118,132,1.6864596657831163e-30
118,133,1.066948939405877e-30
118,134,4.081579843510304e-16
118,135,1.4225488104688528e-30
118,136,1.7395271380528546e-30
118,137,1.2172111063105853e-30
118,138,1.191992763851583e-30
118,139,2.8324674459941317e-30
118,140,1.20484887806084e-30
118,141,2.6341260635309244e-30
118,142,9.309181916373518e-31
118,143,2.5677778967700873e-30
118,144,3.8527135365343766e-32
118,145,6.896456594688574e-31
118,146,1.7130786455871762e-30
118,147,8.695195349630594e-31
118,148,2.219854201326919e-30
118,149,4.236704743275001e-16
119,120,1.2051699405357964e-30
119,121,8.938766427855717e-31
119,122,8.524063180580607e-31
119,123,8.760719083933272e-31
119,124,1.2293260371096917e-30
119,125,1.0717627596120056e-30
119,126,1.449785724556441e-30
119,127,5.245651252537312e-31
119,128,8.868405232784904e-31
119,129,1.1742573014970382e-30
119,130,1.1708414891640493e-30
119,131,9.029625568529172e-31
119,132,1.136238607062004e-30
119,133,5.05824075828971e-31
119,134,6.84950023324864e-16
119,135,6.551321481244066e-31
119,136,7.995053865108207e-31
119,137,8.194367554014358e-31
119,138,6.469887203193393e-31
119,139,1.314849945456237e-30
119,140,5.510042012158541e-31
119,141,1.224319792672336e-30
119,142,8.285896759361583e-31
119,143,1.1255426219219804e-30
119,144,5.532604177764583e-32
119,145,4.675455337193037e-31
119,146,1.1013184956692458e-30
119,147,9.80307318050473e-31
119,148,9.601314265724847e-31
119,149,2.375747975537353e-16
120,121,2.994438373667657e-30
120,122,2.1281807006902333e-30
120,123,1.4881720420108383e-30
120,124,1.0211026087663537e-30
120,125,5.823221508280776e-16
120,126,1.8695798588350768e-30
120,127,1.730285811424245e-30
120,128,3.0142116638404608e-30
120,129,1.899399574013433e-30
120,130,3.166454531152045e-30
120,131,1.071293907542828e-30
120,132,2.7045416321053943e-30
120,133,1.7233190481312573e-30
120,134,6.787650450099713e-16
120,135,1.2294483888567225e-30
120,136,1.3356711883793598e-30
120,137,1.3151600077858643e-30
120,138,1.4089730981263535e-30
120,139,4.55132611373097e-30
120,140,2.3171500535048173e-30
120,141,2.044343715940192e-30
120,142,3.3026170774079436e-30
120,143,2.9798206357996424e-30
120,144,2.1272646447234693e-31
120,145,1.3856737535226e-30
120,146,1.636895417813245e-30
120,147,3.662058266252075e-30
120,148,2.704794448349064e-30
120,149,3.3867560474650637e-16
121,122,2.5836896325501942e-30
121,123,1.4141074074533295e-30
121,124,3.5826505710822746e-30
121,125,3.683269604232905e-30
121,126,6.308136724640455e-30
121,127,2.593649033685444e-30
121,128,3.887988013688636e-30
121,129,5.292787907406956e-30
121,130,2.6393813665352006e-30
121,131,4.353054897405041e-30
121,132,2.6391820849448116e-30
121,133,2.4199264580198967e-30
121,134,7.674382151390248e-16
121,135,3.1119858994267922e-30
121,136,3.0460321778683174e-30
121,137,2.0911799381756698e-30
121,138,2.272795942693828e-30
121,139,6.2225850305155894e-30
121,140,2.239068682544261e-30
121,141,5.034200086217971e-30
121,142,2.0337215864560408e-30
121,143,4.567002278385798e-30
121,144,1.344165307116304e-31
121,145,1.1826377231421219e-30
121,146,3.2507626985576004e-30
121,147,2.2022921466926587e-30
121,148,4.418349406996675e-30
121,149,1.1109166973105285e-15
122,123,8.70360988464515e-31
122,124,2.3797142809523732e-30
122,125,2.2151275004539954e-30
122,126,3.775744750744915e-30
122,127,1.5996319531371556e-30
122,128,2.545376254943383e-30
122,129,3.120406813604083e-30
122,130,1.81312685660971e-30
122,131,2.432669642735965e-30
122,132,1.8220508193972376e-30
122,133,1.4192709365102684e-30
122,134,8.469502021070538e-16
122,135,1.9348705838578084e-30
122,136,1.887093326821091e-30
122,137,1.3330830945130614e-30
122,138,1.4203979915665483e-30
122,139,3.940866870382793e-30
122,140,1.2983533888880823e-30
122,141,3.0402774007981875e-30
122,142,1.4346918824358588e-30
122,143,2.6119315161104465e-30
122,144,9.94508612764448e-32
122,145,7.538898261436659e-31
122,146,2.1827705457805484e-30
122,147,1.6205066513603715e-30
122,148,2.719199547902553e-30
122,149,7.0449424885416145e-16
123,124,1.649090127393444e-30
123,125,1.9700084752199197e-30
123,126,2.2088816121844776e-30
123,127,4.96509543597938e-31
123,128,7.067131099715157e-31
123,129,1.431368503651433e-30
123,130,1.5714622349557516e-30
123,131,1.0432060355175851e-30
123,132,1.755526725454438e-30
123,133,6.4085055337747305e-31
123,134,7.947987303456236e-16
123,135,7.04791723671959e-31
123,136,1.3863362452823096e-30
123,137,1.1763987468613522e-30
123,138,8.76822304666276e-31
123,139,1.7369518599284087e-30
123,140,7.608985858505365e-31
123,141,1.847349342433749e-30
123,142,1.2070505006643915e-30
123,143,1.6852599964634664e-30
123,144,6.047722635145929e-32
123,145,6.8845765862543895e-31
123,146,1.3225059823681383e-30
123,147,1.2407544673843352e-30
123,148,1.4108248085831191e-30
123,149,7.771561172376087e-16
124,125,2.7576583227113727e-30
124,126,6.2215667354207524e-30
124,127,2.137321530400413e-30
124,128,3.307819443050076e-30
124,129,5.0418551764205505e-30
124,130,2.646429653133481e-30
124,131,3.883728899060789e-30
124,132,3.190753410841634e-30
124,133,1.76747605470337e-30
124,134,9.30639938961862e-16
124,135,2.7837872870712594e-30
124,136,3.2284624225040485e-30
124,137,2.402575614360812e-30
124,138,2.3770750350863685e-30
124,139,5.493846553873903e-30
124,140,2.0726980525715797e-30
124,141,5.017615954506234e-30
124,142,1.3177811172304654e-30
124,143,4.4396523702294335e-30
124,144,4.811398318809653e-32
124,145,1.1578695664998746e-30
124,146,3.7297983208338585e-30
124,147,1.2500834304852971e-30
124,148,4.170409279352819e-30
124,149,1.6883057536160624e-16
125,126,4.729798130026666e-30
125,127,2.1288765583928025e-30
125,128,3.558289871085181e-30
125,129,4.053377052565106e-30
125,130,4.678232148072573e-16
125,131,3.4338762476989216e-16
125,132,7.149418209101281e-16
125,133,1.9703957190482296e-30
125,134,1.2194466804684863e-15
125,135,2.471083447151101e-30
125,136,2.864343129425945e-16
125,137,1.6616993492831477e-30
125,138,1.7355824429625705e-30
125,139,5.168035020470869e-30
125,140,1.9397266103703745e-30
125,141,6.257328165390755e-16
125,142,1.5075136265974267e-16
125,143,2.7388861117958633e-16
125,144,1.707940710936789e-31
125,145,1.2291643238156545e-30
125,146,1.1191424515432974e-16
125,147,2.9161924885838145e-30
125,148,3.0040289941421746e-16
125,149,1.0580858271343306e-15
126,127,3.6776113621801856e-30
126,128,5.074819775338516e-30
126,129,8.582207130590614e-30
126,130,3.633418975805078e-30
126,131,6.683830797837606e-30
126,132,5.270633932441643e-30
126,133,3.252513638108395e-30
126,134,2.517202716714351e-16
126,135,4.621204145313166e-30
126,136,5.6285020240352376e-30
126,137,3.901435509371594e-30
126,138,3.8265196195512115e-30
126,139,9.273602311792645e-30
126,140,3.521864884837378e-30
126,141,8.518726112051468e-30
126,142,2.4573774097599242e-30
126,143,7.853812583150174e-30
126,144,9.19780942439761e-32
126,145,2.1136716613702456e-30
126,146,5.284261351020502e-30
126,147,2.4538959915649174e-30
126,148,7.116705559952929e-30
126,149,9.699571010272373e-16
127,128,2.4832712947922816e-30
127,129,3.0297370915212138e-30
127,130,1.8964527257362967e-30
127,131,2.3224153053886007e-30
127,132,1.5227919277421522e-30
127,133,1.4127892724830957e-30
127,134,7.259024953699684e-16
127,135,1.8952643354134017e-30
127,136,1.8489377824572622e-30
127,137,1.11242896062226e-30
127,138,1.3608883559860813e-30
127,139,3.864142299835827e-30
127,140,1.2242941971944614e-30
127,141,2.9712367375444175e-30
127,142,1.2173563066389932e-30
127,143,2.4496446434486935e-30
127,144,7.594841171099638e-32
127,145,5.542922937891079e-31
127,146,1.919641658294636e-30
127,147,1.1588708816220458e-30
127,148,2.60604061467124e-30
127,149,1.2738115944464523e-16
128,129,4.379372025595045e-30
128,130,2.975461738735113e-30
128,131,3.35600226779615e-30
128,132,2.0435862840898954e-30
128,133,2.1133980490396153e-30
128,134,4.66714770186454e-16
128,135,2.891483453647424e-30
128,136,2.4575280642139814e-30
128,137,1.5070646562713542e-30
128,138,2.0651583997522506e-30
128,139,6.028260392097833e-30
128,140,2.0343870060184157e-30
128,141,4.264746348889297e-30
128,142,1.952281777937156e-30
128,143,3.393139292115636e-30
128,144,1.3598088917045794e-31
128,145,6.314504969517561e-31
128,146,3.1790846157934665e-30
128,147,2.0586780741734234e-30
128,148,3.950747477311147e-30
128,149,6.581349743728004e-16
129,130,3.174317788944828e-30
129,131,5.3905345812195504e-30
129,132,4.3896808536353516e-30
129,133,2.655519145601977e-30
129,134,5.118345637852838e-16
129,135,3.741502169412303e-30
129,136,4.5421882463886516e-30
129,137,3.125926634209336e-30
129,138,3.0779746569919816e-30
129,139,7.45240613857399e-30
129,140,2.8063189673423356e-30
129,141,6.765091381684577e-30
129,142,1.904700129640126e-30
129,143,6.132664543625335e-30
129,144,8.977774765876981e-32
129,145,1.706774783474711e-30
129,146,4.218310412632422e-30
129,147,2.097553432676697e-30
129,148,5.693867988715693e-30
129,149,7.114312260401263e-16
130,131,2.159875793516331e-30
130,132,2.1615773999424625e-30
130,133,1.5795831233824985e-30
130,134,8.779157698122338e-16
130,135,1.9429180914927216e-30
130,136,1.9705821135364964e-16
130,137,1.628692918077204e-30
130,138,1.4480514458107947e-30
130,139,4.258187600286103e-30
130,140,1.6820760326971797e-30
130,141,2.242427861531687e-16
130,142,2.4670699673827524e-30
130,143,2.7583247040189188e-30
130,144,1.4785669240028132e-31
130,145,1.0444323628228114e-30
130,146,2.279489604310692e-30
130,147,2.4126051949276097e-30
130,148,2.498088954401122e-30
130,149,4.798917402556968e-16
131,132,2.7612917251414058e-30
131,133,2.21725235939197e-30
131,134,5.807594086851741e-16
131,135,2.993401498376241e-30
131,136,3.2261613757545004e-30
131,137,2.312954338528783e-30
131,138,2.418996163906403e-30
131,139,5.906236273152837e-30
131,140,2.4456097794691495e-30
131,141,5.382702391217392e-30
131,142,1.3685032936707286e-30
131,143,5.181102902663351e-30
131,144,3.741310547457915e-32
131,145,1.173183889232308e-30
131,146,3.589941470084785e-30
131,147,1.2283153222976667e-30
131,148,4.5921700790322435e-30
131,149,3.798054144356059e-16
132,133,1.3526569574446537e-30
132,134,7.450187984020279e-16
132,135,1.85642798741083e-30
132,136,3.309514829506463e-30
132,137,2.352947919105246e-30
132,138,1.9242726685739112e-30
132,139,4.1516728641821755e-30
132,140,1.8633501231188353e-30
132,141,4.210771147736462e-30
132,142,2.2124697124428043e-30
132,143,4.033407458519867e-30
132,144,1.2470349917655257e-31
132,145,1.5585795476467667e-30
132,146,2.458635987977919e-30
132,147,2.6557156152924985e-30
132,148,3.347010823702356e-30
132,149,4.0324765667892534e-16
133,134,3.964289135040469e-16
133,135,1.662704506615104e-30
133,136,1.584596602820477e-30
133,137,1.009615871672995e-30
133,138,1.1699784040492564e-30
133,139,3.376028238162449e-30
133,140,1.1438595464518045e-30
133,141,2.6206170660424596e-30
133,142,1.1080711354998043e-30
133,143,2.319456049028113e-30
133,144,7.6364985530534e-32
133,145,5.788987929034942e-31
133,146,1.621556641021821e-30
133,147,1.2199592814297145e-30
133,148,2.323628791825764e-30
133,149,4.663019308573764e-16
134,135,4.0029660424867234e-16
134,136,3.860607511406291e-16
134,137,4.577566798522244e-16
134,138,3.2278911070751675e-16
134,139,2.8530474765512506e-16
134,140,3.571340232560371e-16
134,141,5.414116156269078e-16
134,142,3.718787531832854e-16
134,143,3.9369051492270075e-16
134,144,6.644972448940321e-31
134,145,3.4459303794410174e-30
134,146,8.07009251002131e-16
134,147,5.551115123125772e-17
134,148,4.851274463521118e-16
134,149,6.249325653592081e-16
135,136,2.2556868987814394e-30
135,137,1.4465862396750945e-30
135,138,1.7292233412982084e-30
135,139,4.6853325671567435e-30
135,140,1.5628506775073491e-30
135,141,3.736844987651545e-30
135,142,8.749624710015822e-31
135,143,3.167363445860449e-30
135,144,4.960929479113584e-32
135,145,5.4212135475465044e-31
135,146,2.5612736947237807e-30
135,147,8.528530402463035e-31
135,148,3.3183112889695465e-30
135,149,5.298789232614889e-30
136,137,2.1605041784956123e-30
136,138,1.9741869322745633e-30
136,139,4.663499141163756e-30
136,140,1.76147846053887e-30
136,141,4.5574034584065104e-30
136,142,1.6043421087430645e-30
136,143,4.0675964619589576e-30
136,144,7.1337791003586e-32
136,145,1.2857642173389227e-30
136,146,2.5066051484447976e-30
136,147,1.7709272261058667e-30
136,148,3.562105060375579e-30
136,149,3.326510369248817e-16
137,138,1.4453015263969263e-30
137,139,3.0618789243996692e-30
137,140,1.3745634546040615e-30
137,141,3.1005471028590605e-30
137,142,1.3054559405906608e-30
137,143,3.0114923984233454e-30
137,144,6.201161848891979e-32
137,145,1.0002669412120962e-30
137,146,1.9761917890867305e-30
137,147,1.4449484849360302e-30
137,148,2.503153477659126e-30
137,149,3.9749701573271856e-30
138,139,3.429281571047005e-30
138,140,1.2904039522771457e-30
138,141,3.057760736998248e-30
138,142,1.1532263633561488e-30
138,143,2.8105990447833188e-30
138,144,6.737969706894922e-32
138,145,8.01746503516628e-31
138,146,2.1156933818229544e-30
138,147,1.2050306241086e-30
138,148,2.5769943954408846e-30
138,149,2.7755575615628368e-17
139,140,3.0837315979397017e-30
139,141,7.465009951215118e-30
139,142,3.0443358721778826e-30
139,143,6.366128138547683e-30
139,144,2.086299196272124e-31
139,145,1.667198101866337e-30
139,146,4.977983102049171e-30
139,147,3.349740821901666e-30
139,148,6.583686688278018e-30
139,149,3.330673309037516e-16
140,141,2.783489029000804e-30
140,142,1.8292778173613443e-30
140,143,3.0707437688244597e-30
140,144,1.0869957508174347e-31
140,145,9.803256635483128e-31
140,146,1.9689455205919776e-30
140,147,1.9137682432518363e-30
140,148,2.3861961872178566e-30
140,149,2.387624894196352e-16
141,142,2.1266339271812245e-30
141,143,6.233999045931718e-30
141,144,9.887888199313345e-32
141,145,1.6762309329246764e-30
141,146,4.295919424595607e-30
141,147,2.06177113494228e-30
141,148,5.648914742458166e-30
141,149,5.093356098968155e-16
142,143,2.9236183652936947e-30
142,144,1.5444892733184192e-31
142,145,1.2103209369322926e-30
142,146,1.0801924548123867e-30
142,147,2.716430399506513e-30
142,148,1.9733229376315002e-30
142,149,4.552913872750383e-16
143,144,1.4510461998685708e-31
143,145,1.9090926028125693e-30
143,146,3.883098324704851e-30
143,147,2.8836653721597112e-30
143,148,5.215276787598082e-30
143,149,3.174496563867456e-16
144,145,6.661560414098262e-32
144,146,6.056558461261189e-32
144,147,1.7154368520387572e-31
144,148,1.259176844405422e-31
144,149,1.9435605463240763e-31
145,146,8.472346634208075e-31
145,147,1.3377618938959228e-30
145,148,1.3902879767174789e-30
145,149,2.1438718660051173e-30
146,147,9.768761267581991e-31
146,148,3.784557522669168e-30
146,149,3.642754084045207e-16
147,148,2.191993988991999e-30
147,149,3.547489128669403e-30
148,149,8.355625884678876e-16
