cluster_i,cluster_k,epsilon
0,1,2.767418602848608e-31
0,2,3.592821293453818e-31
0,3,3.8760281431956063e-31
0,4,4.687153419257054e-31
0,5,3.1863360167708185e-31
0,6,8.652058626340967e-31
0,7,1.1686414414867588e-30
0,8,5.779327110929984e-31
0,9,1.110223024625156e-16
0,10,9.053137097816398e-32
0,11,2.7091115230272595e-31
0,12,3.212506618339787e-31
0,13,5.630119566776316e-31
0,14,4.305057443213376e-31
0,15,3.992642811547105e-31
0,16,4.753889713547944e-31
0,17,5.119417847206561e-31
0,18,6.2354133857843766e-31
0,19,5.1294267376203335e-31
0,20,3.8424991945582437e-31
0,21,4.007964610940971e-31
0,22,1.0645750162441834e-30
0,23,3.6422047280951665e-31
0,24,5.848268833276962e-31
0,25,6.756950252800856e-31
0,26,4.31688777410713e-31
0,27,4.304743444541799e-31
0,28,8.866558109819637e-32
0,29,6.668762629317792e-31
0,30,7.56313852096483e-31
0,31,9.011378637732926e-31
0,32,5.551115123125786e-16
0,33,8.768668942318793e-31
0,34,3.974087217981021e-31
0,35,9.55427379538848e-31
0,36,4.581231982177252e-31
0,37,3.1089370314121514e-31
0,38,4.2039710402104955e-31
0,39,3.7748249667571148e-31
0,40,3.2660125458877585e-31
0,41,3.199670026100334e-31
0,42,2.4194465288200434e-31
0,43,1.0677473027641436e-30
0,44,7.348376642395775e-31
0,45,1.043586969095042e-30
0,46,4.642536174186362e-31
0,47,1.772658725924314e-31
0,48,5.326545604670184e-31
0,49,6.207083598459055e-31
0,50,6.966108515287829e-31
0,51,3.6079768839308293e-31
0,52,6.734983216971873e-31
0,53,1.198711026820778e-30
0,54,1.232595164407831e-31
0,55,1.5280636877551966e-31
0,56,4.0500416176801615e-31
0,57,5.607518902515046e-31
0,58,4.478434390661122e-31
0,59,4.624486505231999e-31
0,60,2.8037640321951275e-31
0,61,2.383865421375223e-30
0,62,1.5047731500621446e-30
0,63,6.937215485719095e-31
0,64,1.024814807449195e-30
0,65,8.270259549644363e-31
0,66,3.62973883508386e-31
0,67,5.950325567446103e-31
0,68,1.162257929755138e-30
0,69,6.393915427560654e-31
0,70,8.16908640764142e-31
0,71,4.293571916238177e-31
0,72,1.0119078531738548e-30
0,73,1.0646911494115757e-30
0,74,1.1329210863381026e-30
0,75,5.2088585213195565e-31
0,76,1.76853064168377e-31
0,77,4.572257077146676e-31
0,78,7.941628219038365e-31
0,79,4.380950827907983e-31
0,80,1.3128805047773563e-30
0,81,3.719127946506748e-31
0,82,4.429181830603069e-31
0,83,4.370805189645311e-31
0,84,8.50436365264725e-31
0,85,4.892320679852389e-31
0,86,1.4753203967542928e-30
0,87,3.347258660832758e-31
0,88,1.5193046272951676e-30
0,89,3.901262808840602e-31
0,90,6.740697368567317e-31
0,91,2.7561665763534394e-31
0,92,2.4097778365957233e-31
0,93,5.75601926357147e-31
0,94,9.822700295474354e-31
0,95,8.335078420771557e-31
0,96,3.3194242206083387e-31
0,97,5.449515436831889e-31
0,98,3.3008694941275506e-31
0,99,4.357722108814706e-31
0,100,1.232595164407831e-31
0,101,3.060587423432939e-31
0,102,4.767478821181923e-31
0,103,4.05886372540979e-31
0,104,1.0892387807094074e-30
0,105,1.5379589370158083e-31
0,106,2.4852859615090695e-31
0,107,4.2750260651850405e-31
0,108,1.0180625334401334e-30
0,109,3.6453501792341046e-31
0,110,7.344165005333327e-31
0,111,1.0731617470006738e-30
0,112,3.684182374198187e-31
0,113,1.10927311494268e-32
0,114,1.1059385613118525e-30
0,115,2.2867238234356467e-30
0,116,3.732830333473882e-31
0,117,7.106606845219957e-32
0,118,7.336118426145665e-31
0,119,6.185856439733691e-31
0,120,1.9498427673097026e-31
0,121,2.0521007409253354e-31
0,122,3.41111898135199e-31
0,123,7.033713708415029e-31
0,124,1.1539674478368678e-30
0,125,7.238897503026708e-31
0,126,1.2159001677900621e-31
0,127,1.2819100384615675e-30
0,128,8.145599329855205e-32
0,129,5.623174991570766e-31
0,130,3.0123538877941177e-31
0,131,3.1017293452182933e-31
0,132,8.767386176471445e-31
0,133,9.52014004304502e-31
0,134,6.278053000176596e-31
0,135,1.0102911576446452e-30
0,136,1.3455020251188968e-30
0,137,3.7211819515614987e-31
0,138,4.567655999486267e-31
0,139,5.171819904278e-31
0,140,1.1702901818692206e-30
0,141,3.1302766226573334e-31
0,142,2.2317111111799106e-31
0,143,5.960032934339455e-31
0,144,3.0444295105537338e-31
0,145,5.632076950965241e-31
0,146,1.1093339038775326e-32
0,147,3.819795171101146e-31
0,148,2.05845715793017e-30
0,149,8.812458513405314e-31
1,2,6.39872842279001e-31
1,3,5.816825661694084e-31
1,4,4.468221549813997e-31
1,5,5.751473591786439e-31
1,6,7.238598500821794e-31
1,7,1.031735071356071e-30
1,8,6.413430983573424e-31
1,9,3.8739913644247477e-16
1,10,4.28572754134871e-31
1,11,6.323346603254368e-31
1,12,5.326308311268722e-31
1,13,4.560539217058894e-31
1,14,4.757393873709485e-31
1,15,4.6091647142804e-31
1,16,4.0804199056419685e-31
1,17,4.4149751996492e-31
1,18,5.212844443872429e-31
1,19,7.884969982493371e-31
1,20,5.040123877015915e-31
1,21,7.023278741307212e-31
1,22,9.95520361158236e-31
1,23,3.9220588564232248e-31
1,24,5.109940114296312e-31
1,25,7.064036815719033e-31
1,26,6.350034635479438e-31
1,27,7.825171997385087e-31
1,28,1.9048241985348976e-31
1,29,7.951226374710395e-31
1,30,6.579237888426003e-31
1,31,8.697044309945758e-31
1,32,4.98055997692103e-16
1,33,1.4112018343401198e-30
1,34,6.444729177608518e-31
1,35,9.290132392764326e-31
1,36,4.076019996308252e-31
1,37,6.121848685588329e-31
1,38,8.057575632261779e-31
1,39,3.488346191691184e-31
1,40,3.7494546014677312e-31
1,41,3.0771590920402915e-31
1,42,2.7018865755296543e-31
1,43,8.987306977756401e-31
1,44,8.013500244416461e-31
1,45,9.524753988908348e-31
1,46,1.0374903535048545e-30
1,47,5.3579268366729384e-31
1,48,7.145722192733055e-31
1,49,6.079648537192375e-31
1,50,8.028193288010274e-31
1,51,3.3708664422421123e-31
1,52,6.145479856678368e-31
1,53,1.0773481716981732e-30
1,54,1.1059064723808527e-31
1,55,2.0206364052201313e-16
1,56,5.24728505135036e-31
1,57,6.2557085322948666e-31
1,58,4.6474335176567925e-31
1,59,7.963300849660156e-31
1,60,4.177977089245263e-31
1,61,3.0564064178903795e-30
1,62,1.288284714390951e-30
1,63,6.548691142305364e-31
1,64,7.968786842584135e-31
1,65,8.576077739898292e-31
1,66,6.65797601268049e-31
1,67,5.9899118907995605e-31
1,68,1.242964573727898e-30
1,69,9.53482696832179e-31
1,70,9.183014957404152e-31
1,71,6.065685367354869e-31
1,72,8.743863298804442e-31
1,73,1.2279771890199199e-30
1,74,1.0006574405008062e-30
1,75,5.89292558072071e-31
1,76,5.7644820826272034e-31
1,77,4.807153461557247e-31
1,78,9.402492829441093e-31
1,79,3.8615746741402276e-31
1,80,1.1953366867948265e-30
1,81,3.876080670434247e-31
1,82,6.602542236368684e-31
1,83,4.188021461803865e-31
1,84,7.396348294690448e-31
1,85,4.486647731080045e-31
1,86,1.507606910986086e-30
1,87,3.6011855528385415e-31
1,88,1.4338605014590956e-30
1,89,3.9098713257791943e-31
1,90,7.453283465830748e-31
1,91,2.4728820490005797e-31
1,92,5.863176742824685e-31
1,93,7.23166153604169e-31
1,94,9.066019924615183e-31
1,95,8.425126313499033e-31
1,96,3.0739295788388918e-31
1,97,4.2654834695687625e-31
1,98,2.974613944579279e-31
1,99,4.754048423517996e-31
1,100,1.1059064723808527e-31
1,101,5.05252699612365e-31
1,102,5.048093847508257e-31
1,103,3.4323141630452144e-31
1,104,9.872594395195895e-31
1,105,2.3082874834470067e-31
1,106,4.387302465317379e-31
1,107,7.686768314303822e-31
1,108,1.0771075000011633e-30
1,109,4.7120923466317965e-31
1,110,5.959072989951585e-31
1,111,9.08552498644643e-31
1,112,4.668737407977161e-31
1,113,3.8706767674246196e-32
1,114,9.591841887977157e-31
1,115,1.1102230246251642e-16
1,116,5.9743678274748095e-31
1,117,9.316622690784004e-32
1,118,5.967799989775555e-31
1,119,5.4702057767605e-31
1,120,2.3382158907098724e-31
1,121,3.091484755436471e-31
1,122,5.865624526318752e-31
1,123,6.811829140237679e-31
1,124,1.1215024929036627e-30
1,125,1.1962992782640656e-30
1,126,3.1770145017433353e-31
1,127,1.1939050179953598e-30
1,128,2.7113766654318835e-31
1,129,6.712555950523021e-31
1,130,3.865836770172192e-31
1,131,2.6779628680198117e-31
1,132,1.0521468032240844e-30
1,133,9.030150228607207e-31
1,134,6.010864296121705e-31
1,135,1.025429994074721e-30
1,136,1.2736128136344373e-30
1,137,5.140255963793719e-31
1,138,4.509434687699291e-31
1,139,6.027295074810788e-31
1,140,1.1441010535702282e-30
1,141,7.135260378379083e-31
1,142,3.263110081747377e-31
1,143,5.500458973016428e-31
1,144,4.790735777117156e-31
1,145,5.114496720006379e-31
1,146,3.8708888831918567e-32
1,147,4.770094487063411e-31
1,148,4.611102534756197e-16
1,149,8.555351716797779e-31
2,3,2.0917356413294197e-30
2,4,1.2581317566266245e-30
2,5,1.2094007878968182e-30
2,6,1.3959691493710617e-30
2,7,1.729687019083528e-30
2,8,1.993910407844696e-30
2,9,1.396149596824895e-15
2,10,1.0862207180806093e-30
2,11,2.2406244355148973e-30
2,12,1.829173042991143e-30
2,13,1.3286620435996532e-30
2,14,8.893182631719637e-31
2,15,1.2027986166376752e-30
2,16,7.489743826848895e-31
2,17,1.354074124190017e-30
2,18,5.9283359708566305e-31
2,19,2.577425564136026e-30
2,20,1.5974208482382142e-30
2,21,2.3766491512203553e-30
2,22,1.4159107876877651e-30
2,23,1.0806430648345684e-30
2,24,5.596349033716973e-31
2,25,9.934201473374744e-31
2,26,2.2099533656489816e-30
2,27,2.539669073792072e-30
2,28,6.767423370510548e-31
2,29,1.5311742580668758e-30
2,30,1.7209878357637107e-30
2,31,1.5738648053824226e-30
2,32,6.265882669069782e-16
2,33,4.290908372360139e-30
2,34,2.1286867334577382e-30
2,35,1.9189541949152438e-30
2,36,5.86620190384719e-31
2,37,2.08359008094741e-30
2,38,2.0719624646087433e-30
2,39,8.258644316015335e-31
2,40,1.2198964955511776e-30
2,41,1.0718302857069926e-30
2,42,6.714132995929387e-31
2,43,1.0334492401132086e-30
2,44,1.7263151267556636e-30
2,45,1.3388945821878776e-30
2,46,3.42634482858308e-30
2,47,1.811011324864396e-30
2,48,2.080259323429887e-30
2,49,1.0565305629478086e-30
2,50,1.86773098432388e-30
2,51,8.516802538257062e-31
2,52,9.751210474592744e-31
2,53,2.062196902841181e-30
2,54,1.3913054417602001e-31
2,55,1.1102230246251563e-16
2,56,1.7403389638893744e-30
2,57,1.4701935371119813e-30
2,58,5.651203299743427e-31
2,59,2.7318316450441567e-30
2,60,1.2879139538089855e-30
2,61,6.965110880208677e-30
2,62,1.9787336063890885e-30
2,63,1.2534586274271367e-30
2,64,1.558810588862794e-30
2,65,1.320391370572791e-30
2,66,2.240211553311142e-30
2,67,1.9044177876759744e-30
2,68,2.8038437500681205e-30
2,69,3.1224910741294914e-30
2,70,2.079408524943924e-30
2,71,1.7096533851926136e-30
2,72,9.889253227715105e-31
2,73,2.3961549760410923e-30
2,74,2.7082090179254475e-30
2,75,1.0181048183426595e-30
2,76,8.085382498759588e-31
2,77,5.9992798680731956e-31
2,78,3.106109461907543e-30
2,79,1.1119338547877889e-30
2,80,2.0906417221926492e-30
2,81,1.353357568691479e-30
2,82,1.6478816259701047e-30
2,83,5.2780280915392585e-31
2,84,1.025938511934639e-30
2,85,1.2692136571509564e-30
2,86,2.0310749158078618e-30
2,87,7.783185347206153e-31
2,88,1.7573938487803916e-30
2,89,6.748849319045242e-31
2,90,1.3258335918839245e-30
2,91,3.1110535452411817e-31
2,92,2.0259771526130966e-30
2,93,2.289431695646763e-30
2,94,1.4865360108904138e-30
2,95,1.3809022029347468e-30
2,96,7.188974853994109e-31
2,97,5.737562875504983e-31
2,98,6.745638664498946e-31
2,99,1.0335403397431484e-30
2,100,1.3913054417602003e-31
2,101,1.760314822170155e-30
2,102,1.41583555418217e-30
2,103,8.66294909874095e-31
2,104,1.582217842460271e-30
2,105,8.073589963205442e-31
2,106,1.5795452846219592e-30
2,107,2.7499000180661304e-30
2,108,2.2087998343637226e-30
2,109,1.39530581489567e-30
2,110,7.835116558391295e-31
2,111,2.524794130758249e-30
2,112,1.0277330433888533e-30
2,113,1.3949550476300104e-31
2,114,1.3572908075257531e-30
2,115,4.317156444514658e-30
2,116,1.973207465269089e-30
2,117,3.2490111777225594e-31
2,118,6.973466086175072e-31
2,119,1.461189748327998e-30
2,120,6.710015652614566e-31
2,121,9.15402626939052e-31
2,122,2.1656759640867173e-30
2,123,2.1231583314273924e-30
2,124,3.178970959776136e-30
2,125,2.5761544536028217e-30
2,126,1.14598831733387e-30
2,127,1.8893836350043185e-30
2,128,9.810253118085864e-31
2,129,2.3835475477407015e-30
2,130,1.2299912594518387e-30
2,131,6.022969453588594e-31
2,132,2.1375316852743468e-30
2,133,1.2510369911591415e-30
2,134,1.3673739784148551e-30
2,135,2.431362175450248e-30
2,136,1.3612095052442015e-30
2,137,1.8796201016258838e-30
2,138,8.971787641022796e-31
2,139,9.781287121361956e-31
2,140,2.131766674912012e-30
2,141,1.194771528532119e-30
2,142,1.150938548658368e-30
2,143,9.411063223881867e-31
2,144,1.7016953562807375e-30
2,145,5.619300260350661e-31
2,146,1.3950314921326047e-31
2,147,1.4218816826860706e-30
2,148,1.1102230246251627e-16
2,149,1.9491705114061076e-30
3,4,1.4450100774107597e-30
3,5,1.2035883805348903e-30
3,6,1.6105089469991462e-30
3,7,2.1949772065558153e-30
3,8,2.0320548362504087e-30
3,9,1.4629716153082173e-15
3,10,1.0511576875111437e-30
3,11,2.3759012303771002e-30
3,12,1.996933236716363e-30
3,13,1.4927893998611019e-30
3,14,1.2002601968016645e-30
3,15,1.1014892207060304e-30
3,16,8.816488386736654e-31
3,17,1.3961541058206148e-30
3,18,8.779120950159948e-31
3,19,2.645111343067906e-30
3,20,1.8221976375898887e-30
3,21,2.4718811978179034e-30
3,22,1.1788572337057432e-30
3,23,1.120846602400578e-30
3,24,7.529230818327198e-31
3,25,1.1230836792665391e-30
3,26,2.3017638240945925e-30
3,27,2.701419111308013e-30
3,28,7.374119922616422e-31
3,29,1.454880004810048e-30
3,30,1.8419304440636678e-30
3,31,1.6083575074267495e-30
3,32,6.955722000050873e-16
3,33,4.259235818997321e-30
3,34,2.113353015154531e-30
3,35,1.714468109252108e-30
3,36,6.0147078562855884e-31
3,37,2.120369203602953e-30
3,38,2.182218285407507e-30
3,39,9.34413244239161e-31
3,40,1.4331095129190804e-30
3,41,1.2108518832209491e-30
3,42,8.605250537744904e-31
3,43,1.305269817217422e-30
3,44,1.6595000268370625e-30
3,45,1.4230537517962051e-30
3,46,3.4563533672407916e-30
3,47,1.8668644644981343e-30
3,48,2.160390556437969e-30
3,49,1.3719646438786851e-30
3,50,1.6773942503401935e-30
3,51,8.55614347644925e-31
3,52,9.304972633820062e-31
3,53,2.0311199837317122e-30
3,54,1.5444805434696444e-31
3,55,9.28730188297966e-16
3,56,1.8002117107132153e-30
3,57,1.3994956619042565e-30
3,58,8.495836892096982e-31
3,59,2.8324228655375528e-30
3,60,1.294648424784924e-30
3,61,5.919259261496579e-30
3,62,2.0664994163696422e-30
3,63,1.3232243821715502e-30
3,64,1.245623262245438e-16
3,65,1.1687403325903542e-30
3,66,2.34958770161127e-30
3,67,1.981239123227235e-30
3,68,2.783837005602023e-30
3,69,3.2111098832222454e-30
3,70,1.975110779294279e-30
3,71,1.6641780390025024e-30
3,72,1.2485393473552445e-30
3,73,2.2193117369443758e-30
3,74,1.1470182619555468e-16
3,75,1.1129492743205862e-30
3,76,9.726393487329117e-31
3,77,8.829132447456933e-31
3,78,3.349976848230511e-30
3,79,1.1372490183754586e-30
3,80,2.1459102647297e-30
3,81,1.7691016499713924e-30
3,82,1.5122843868338418e-30
3,83,6.739990448897919e-31
3,84,1.2088004582908226e-30
3,85,1.4326847379442373e-30
3,86,2.51935634169378e-30
3,87,7.011144637883983e-31
3,88,2.1369803979940376e-30
3,89,6.639539409634423e-31
3,90,1.2696372877573259e-30
3,91,3.453563485123943e-31
3,92,2.0770719930180045e-30
3,93,2.417867971932969e-30
3,94,1.4674328898565987e-30
3,95,1.610034887027583e-30
3,96,8.882802766593274e-31
3,97,9.835376306581902e-31
3,98,6.985887679660109e-31
3,99,9.784359051416354e-31
3,100,1.5444805434696444e-31
3,101,1.9252495161491143e-30
3,102,1.4185267253736687e-30
3,103,9.814563160988718e-31
3,104,1.61961555083142e-30
3,105,9.076680255117831e-31
3,106,1.732227813080162e-30
3,107,1.7799311106099003e-16
3,108,2.2424961376143337e-30
3,109,1.3841537584952998e-30
3,110,9.756032081623594e-31
3,111,2.6979482531132808e-30
3,112,9.780587429898435e-31
3,113,1.4617198930220233e-31
3,114,1.5469794945002548e-30
3,115,2.6545804019808237e-16
3,116,2.2214880438212364e-30
3,117,3.569992999703166e-31
3,118,1.0809124536866483e-30
3,119,1.684284810078534e-30
3,120,6.867805405655196e-31
3,121,8.975416470117855e-31
3,122,2.452689538060542e-30
3,123,2.2958596622005427e-30
3,124,3.3271910611536814e-30
3,125,2.2661663953217792e-30
3,126,1.2323237793952564e-30
3,127,2.6482136460712328e-30
3,128,1.0357098713849352e-30
3,129,2.6721555077241e-30
3,130,1.3901967328031629e-30
3,131,6.574936373933921e-31
3,132,2.229308787739759e-30
3,133,1.255992143025566e-30
3,134,1.257603443735158e-30
3,135,2.5469350688248883e-30
3,136,1.9870359715866612e-30
3,137,2.0798903955051338e-30
3,138,8.540985115066164e-31
3,139,9.331531289954106e-31
3,140,1.874421627842593e-30
3,141,1.4712347136461833e-30
3,142,1.2039357189933788e-30
3,143,1.2739232895509776e-30
3,144,1.8702206821575e-30
3,145,6.396094354316064e-31
3,146,1.4617999962843785e-31
3,147,1.3864241684911561e-30
3,148,4.2030545614505384e-16
3,149,1.8994618066232863e-30
4,5,8.269866184531069e-31
4,6,1.4453995966423645e-30
4,7,2.1059033997700255e-30
4,8,1.3046567789973304e-30
4,9,9.033363257596092e-16
4,10,6.14415825623121e-31
4,11,1.5098508947538777e-30
4,12,1.3238699494708944e-30
4,13,1.0870972391779821e-30
4,14,1.048069697257581e-30
4,15,8.08010902329213e-31
4,16,7.417120341033437e-31
4,17,8.906725722224348e-31
4,18,9.631287628752715e-31
4,19,1.6283534405566314e-30
4,20,1.2942460004567149e-30
4,21,1.5639922314040624e-30
4,22,1.6097848597247968e-30
4,23,7.618278797133167e-31
4,24,9.40560742915898e-31
4,25,1.0475188655578442e-30
4,26,1.4252455316527967e-30
4,27,1.7113193386064307e-30
4,28,4.801869775799073e-31
4,29,1.044118817677491e-30
4,30,1.2822486591539148e-30
4,31,1.3910938049912922e-30
4,32,8.442669438144055e-16
4,33,2.645936950265688e-30
4,34,1.2603098967593722e-30
4,35,1.4365748102506317e-30
4,36,6.965596803722597e-31
4,37,1.3010573643086646e-30
4,38,1.6396210253611017e-30
4,39,5.921034916828887e-31
4,40,1.0615611459726143e-30
4,41,7.891506278692629e-31
4,42,6.362705322561352e-31
4,43,1.6549137661834392e-30
4,44,1.1435360166899362e-30
4,45,1.6730496556952846e-30
4,46,2.0702083148685176e-30
4,47,1.158060833591863e-30
4,48,1.4156853180960842e-30
4,49,9.38811324154389e-31
4,50,1.173363508237489e-30
4,51,5.904874128997633e-31
4,52,1.0246264527303768e-30
4,53,1.9489712415427665e-30
4,54,1.8746491999053322e-31
4,55,1.954010264749827e-16
4,56,1.143539516973764e-30
4,57,1.0332423267036859e-30
4,58,8.657926375757834e-31
4,59,1.7340891522041544e-30
4,60,8.197714659285813e-31
4,61,5.273601372009461e-30
4,62,2.338331679801142e-30
4,63,1.0474532026468077e-30
4,64,2.72833181022674e-16
4,65,1.2674803015914774e-30
4,66,1.4143533257340235e-30
4,67,1.2305900100260928e-30
4,68,1.9147101110173146e-30
4,69,1.9117312252446255e-30
4,70,1.456463148819878e-30
4,71,1.002419036034207e-30
4,72,1.5708227544893806e-30
4,73,1.6787903938627815e-30
4,74,2.0147940547965754e-30
4,75,8.7333987700426e-31
4,76,1.086610871088243e-30
4,77,8.4665170034497e-31
4,78,2.2705079382493333e-30
4,79,7.368782202063086e-31
4,80,2.0290557459624542e-30
4,81,1.0599398131806072e-30
4,82,9.209727370921436e-31
4,83,6.7077046802750695e-31
4,84,1.3700439252525349e-30
4,85,8.576072207341627e-31
4,86,2.2362087944151318e-30
4,87,5.315840182562561e-31
4,88,2.27530356861939e-30
4,89,5.932822189408597e-31
4,90,1.1171501639582357e-30
4,91,4.191843044953916e-31
4,92,1.2649209843515142e-30
4,93,1.4267731370279421e-30
4,94,1.4831970226335035e-30
4,95,1.5253855341039707e-30
4,96,7.307145318667565e-31
4,97,8.498422572241588e-31
4,98,6.008114386905645e-31
4,99,7.6349452751937e-31
4,100,1.8746491999053322e-31
4,101,1.264860458861501e-30
4,102,9.316857029610909e-31
4,103,7.030737715736855e-31
4,104,1.6827814275755587e-30
4,105,5.515023999565659e-31
4,106,1.1461082687539594e-30
4,107,5.034883610021723e-16
4,108,1.604234849726393e-30
4,109,8.265884145865063e-31
4,110,1.158956655973201e-30
4,111,1.9436518847619483e-30
4,112,6.1077326699639065e-31
4,113,9.025634288701205e-32
4,114,1.6371183521233784e-30
4,115,1.7987668849994382e-16
4,116,1.4809445989445223e-30
4,117,2.3883629138428835e-31
4,118,1.148441397465285e-30
4,119,1.2875561536816894e-30
4,120,4.903970453597827e-31
4,121,5.632469676427283e-31
4,122,1.602385342012377e-30
4,123,1.6258641362716873e-30
4,124,2.2986965446586113e-30
4,125,1.4738803312474958e-30
4,126,7.875261210417033e-31
4,127,2.5757916386460637e-30
4,128,6.448586898822385e-31
4,129,1.829744499192879e-30
4,130,9.871645122491091e-31
4,131,5.330927055011529e-31
4,132,1.3952782382274294e-30
4,133,1.5051444611663517e-30
4,134,9.762804364545956e-31
4,135,1.8072320748617523e-30
4,136,2.315217657255486e-30
4,137,1.3881224190713571e-30
4,138,7.447284580267782e-31
4,139,7.848037200246592e-31
4,140,1.8059916395860112e-30
4,141,1.3927499550494287e-30
4,142,7.344268299617897e-31
4,143,1.0252394441087447e-30
4,144,1.2221597856493323e-30
4,145,9.074037019507092e-31
4,146,9.026128899710337e-32
4,147,9.894803361682808e-31
4,148,7.277924788156544e-16
4,149,1.4982570364415652e-30
5,6,1.174504969436178e-30
5,7,1.6872283511437036e-30
5,8,1.2641042749914635e-30
5,9,8.689250497261738e-16
5,10,1.049107213225293e-30
5,11,1.2578757186579792e-30
5,12,1.3441953404099972e-30
5,13,1.5181570108323337e-30
5,14,1.1375313963688377e-30
5,15,6.193561143672534e-31
5,16,7.254050498259213e-31
5,17,1.0849530254533752e-30
5,18,8.389372767718056e-31
5,19,1.4030710654057452e-30
5,20,1.2433915834152559e-30
5,21,1.3619905502614054e-30
5,22,1.0598918845485606e-30
5,23,7.437339988633097e-31
5,24,6.898919935570905e-31
5,25,9.86947160591259e-31
5,26,1.3809624849207667e-30
5,27,1.8935423177768324e-30
5,28,4.637721210376185e-31
5,29,1.068450508309895e-30
5,30,1.091553639127257e-30
5,31,9.28135982246539e-31
5,32,5.727950794904912e-16
5,33,2.2986427782728854e-30
5,34,1.45211825280404e-30
5,35,1.290137177826871e-30
5,36,4.866101032713765e-31
5,37,1.1953191963144864e-30
5,38,1.7913850760131336e-30
5,39,5.00902690787965e-31
5,40,8.445709036849317e-31
5,41,6.624954008427142e-31
5,42,6.256398694193575e-31
5,43,1.283563109674142e-30
5,44,9.486193997965724e-31
5,45,1.3140133474037303e-30
5,46,2.404778792060865e-30
5,47,1.2109467647882326e-30
5,48,1.4668782165406289e-30
5,49,6.894698642409693e-31
5,50,9.11369325648262e-31
5,51,5.2258261938450836e-31
5,52,6.9254869758856985e-31
5,53,1.889027329547781e-30
5,54,1.2718605712846795e-31
5,55,4.75152761747558e-16
5,56,9.772144754036343e-31
5,57,9.689292252616477e-31
5,58,8.254430668634604e-31
5,59,1.5882973066042533e-30
5,60,9.967840907337347e-31
5,61,5.069786138262006e-30
5,62,2.1847346991522264e-30
5,63,7.050641929280789e-31
5,64,3.9510969150386065e-16
5,65,9.473263099306686e-31
5,66,1.2800812333579974e-30
5,67,1.3668944634385989e-30
5,68,1.430167353745001e-30
5,69,1.906893988719534e-30
5,70,1.0966351212079906e-30
5,71,1.0150525015466814e-30
5,72,1.1379069240027819e-30
5,73,1.4892621886560857e-30
5,74,3.002738189870836e-16
5,75,6.933448195563988e-31
5,76,1.4851834195632562e-30
5,77,5.724232064522588e-31
5,78,2.5234949378345278e-30
5,79,8.155614639957188e-31
5,80,1.4930402226057245e-30
5,81,8.948805790271052e-31
5,82,1.1064196123711613e-30
5,83,5.656956137428825e-31
5,84,1.0014750600085893e-30
5,85,7.440140411970907e-31
5,86,1.598549039902045e-30
5,87,5.987124110712115e-31
5,88,1.5556185610632812e-30
5,89,6.560252469962401e-31
5,90,9.815647647085643e-31
5,91,2.8439666952942596e-31
5,92,1.1983156477972288e-30
5,93,1.1894309658545878e-30
5,94,1.0065186614245451e-30
5,95,1.1317131495865419e-30
5,96,6.388715567606854e-31
5,97,8.872610625076078e-31
5,98,7.240400816419535e-31
5,99,5.467515989960697e-31
5,100,1.2718605712846795e-31
5,101,1.2707803614556313e-30
5,102,7.381078738215462e-31
5,103,5.428231011690349e-31
5,104,1.1848281802213262e-30
5,105,5.29880737888241e-31
5,106,1.03148966351505e-30
5,107,3.8012220939804677e-16
5,108,1.6220971136979008e-30
5,109,8.840326211065838e-31
5,110,1.1563093523800718e-30
5,111,1.8919893367380022e-30
5,112,7.7334453274392336e-31
5,113,8.681815952131857e-32
5,114,1.299560460188e-30
5,115,3.696426676638673e-16
5,116,1.4366359768632408e-30
5,117,2.2935484654364657e-31
5,118,9.761029762906553e-31
5,119,1.1627394732075822e-30
5,120,3.743152884145369e-31
5,121,4.884493908361385e-31
5,122,1.3233833849486457e-30
5,123,1.7971989130029994e-30
5,124,2.0309261774989285e-30
5,125,1.9914480009234477e-30
5,126,7.6321480812603844e-31
5,127,1.9618486230925652e-30
5,128,6.220976708407044e-31
5,129,1.5200634892532956e-30
5,130,9.81072534958477e-31
5,131,4.6225895349436295e-31
5,132,1.4432448102419524e-30
5,133,9.75450069986805e-31
5,134,1.3199181341807992e-30
5,135,1.364929701178698e-30
5,136,1.5913630241221827e-30
5,137,1.1949876522078117e-30
5,138,9.21844653839812e-31
5,139,1.3378361871907594e-30
5,140,1.1630184488555721e-30
5,141,1.789860745917598e-30
5,142,7.400328728929573e-31
5,143,8.155120032031273e-31
5,144,1.1669917833625578e-30
5,145,6.487602971289369e-31
5,146,8.682291721658054e-32
5,147,1.0007339251684073e-30
5,148,1.1782760441075613e-15
5,149,1.0580666179013235e-30
6,7,3.817930965772504e-30
6,8,1.9607503773049958e-30
6,9,1.0898531394003036e-15
6,10,7.553508211293439e-31
6,11,1.639012279376953e-30
6,12,1.9166344727688675e-30
6,13,1.9789351386255103e-30
6,14,1.643122991822125e-30
6,15,9.78215202784215e-31
6,16,1.3514419236429774e-30
6,17,1.7400885049063876e-30
6,18,1.834360984457797e-30
6,19,1.760522655854575e-30
6,20,2.0191616707697085e-30
6,21,1.676040794553019e-30
6,22,2.7200922059967167e-30
6,23,8.979232805518248e-31
6,24,1.706569010761351e-30
6,25,2.0018049882228214e-30
6,26,1.8567692532820143e-30
6,27,2.2862913209042107e-30
6,28,6.530183580286481e-31
6,29,1.7320229568231064e-30
6,30,2.24468058083874e-30
6,31,2.482951768400943e-30
6,32,1.556380764554807e-15
6,33,2.9352081963092912e-30
6,34,1.600908768555984e-30
6,35,2.452795635492941e-30
6,36,1.2760406393093819e-30
6,37,1.4385122369682457e-30
6,38,1.716794942365774e-30
6,39,1.0536952536208743e-30
6,40,1.1305242300668924e-30
6,41,1.0414485266511973e-30
6,42,9.153827614146426e-31
6,43,3.1470879082616763e-30
6,44,1.9612838259022536e-30
6,45,2.9367035146554307e-30
6,46,2.4857483022506278e-30
6,47,1.3648371831322968e-30
6,48,1.9002751511769945e-30
6,49,1.703080613650829e-30
6,50,1.595144319502185e-30
6,51,1.0553531536044688e-30
6,52,1.8461980053224323e-30
6,53,3.702143050267028e-30
6,54,3.4558595197849013e-31
6,55,3.6331690833186464e-16
6,56,1.2995136761704938e-30
6,57,1.532816949293709e-30
6,58,1.57943828566173e-30
6,59,2.024382179479293e-30
6,60,1.1519617687181614e-30
6,61,6.247768652784066e-30
6,62,4.251235443351439e-30
6,63,1.8367594060752596e-30
6,64,5.470216755035814e-16
6,65,2.239720158821781e-30
6,66,1.5390918603184344e-30
6,67,2.0410660455010207e-30
6,68,2.9134700033448263e-30
6,69,2.244619056222471e-30
6,70,2.0783543753518925e-30
6,71,1.1350153032448008e-30
6,72,2.9649784950674852e-30
6,73,2.7953554682932762e-30
6,74,3.661612643304444e-30
6,75,1.625467066574544e-30
6,76,9.387493441833945e-31
6,77,1.3461182163571963e-30
6,78,3.55830684795323e-30
6,79,1.3132026213185046e-30
6,80,3.671198552855019e-30
6,81,1.271042762801914e-30
6,82,1.0977450727061291e-30
6,83,1.2368919211414249e-30
6,84,2.5870311661878324e-30
6,85,1.4334724444546208e-30
6,86,4.210647387252091e-30
6,87,8.97287318233576e-31
6,88,4.012736159018082e-30
6,89,1.0724363648218027e-30
6,90,1.885230545728648e-30
6,91,7.727536806928817e-31
6,92,1.4290938391729565e-30
6,93,1.5789781984600927e-30
6,94,2.4539860667102072e-30
6,95,2.6835311555894908e-30
6,96,1.2507665844004786e-30
6,97,1.745935481789776e-30
6,98,1.1022118506101157e-30
6,99,1.1148871148338647e-30
6,100,3.4558595197849013e-31
6,101,1.7978132421332663e-30
6,102,1.2583725724630268e-30
6,103,1.2283561934554262e-30
6,104,3.077757988806878e-30
6,105,6.890032309073469e-31
6,106,1.5613455997787542e-30
6,107,2.4835642881660896e-16
6,108,2.6824643392933515e-30
6,109,1.1381225401711022e-30
6,110,2.1692982040672727e-30
6,111,3.49853960762707e-30
6,112,1.0196132608872158e-30
6,113,1.0889206582441473e-31
6,114,3.123711646773872e-30
6,115,1.501212497112523e-16
6,116,1.9272753728528754e-30
6,117,3.4939494540006475e-31
6,118,2.2675610038032515e-30
6,119,2.2223395378588802e-30
6,120,5.73880361277555e-31
6,121,6.35993249709128e-31
6,122,1.974720762167636e-30
6,123,2.7344053475780047e-30
6,124,3.899254394981853e-30
6,125,1.7520587809803008e-30
6,126,1.0184201856743552e-30
6,127,4.511497486167708e-30
6,128,7.973683059410288e-31
6,129,2.5937364874747067e-30
6,130,1.4891256401211853e-30
6,131,9.832356521844979e-31
6,132,2.3930849317836977e-30
6,133,2.8359865033247108e-30
6,134,1.821210395312057e-30
6,135,2.8163110029229166e-30
6,136,4.049277264218377e-30
6,137,1.891459453755936e-30
6,138,1.285449185656687e-30
6,139,1.5939103142127868e-30
6,140,3.0276225108926247e-30
6,141,1.189767957973185e-30
6,142,9.788469965696981e-31
6,143,1.9759014936286373e-30
6,144,1.6709599130959515e-30
6,145,1.6381758812134643e-30
6,146,1.0889803318502795e-31
6,147,1.2139385161891893e-30
6,148,5.230220048207795e-16
6,149,2.3561078666708227e-30
7,8,2.4318331224678473e-30
7,9,1.448488908648461e-15
7,10,1.0387991898306427e-30
7,11,1.9632190924377134e-30
7,12,2.749606505636979e-30
7,13,2.559313364640745e-30
7,14,2.3384223417559036e-30
7,15,1.2074714689306407e-30
7,16,1.8529417726148034e-30
7,17,2.3484227474241386e-30
7,18,2.5504416168029183e-30
7,19,2.0320867832902432e-30
7,20,2.866467599424503e-30
7,21,2.0436104872180694e-30
7,22,3.943310694363583e-30
7,23,1.5192528257176447e-30
7,24,2.4819194504407637e-30
7,25,2.6804057886154533e-30
7,26,2.592756716101792e-30
7,27,3.290621731892121e-30
7,28,9.2292357143344e-31
7,29,2.3846352394710905e-30
7,30,3.255669475664513e-30
7,31,3.256015674931802e-30
7,32,2.097211091484534e-15
7,33,3.0649434971863776e-30
7,34,2.2755052303040705e-30
7,35,3.3980144121864694e-30
7,36,1.6953649917799978e-30
7,37,1.753651405126585e-30
7,38,2.214444146909644e-30
7,39,1.5406017369534697e-30
7,40,1.5924832375167132e-30
7,41,1.5654281091482485e-30
7,42,1.3948917833952096e-30
7,43,4.289129450432634e-30
7,44,2.6391508146471505e-30
7,45,4.374781516667278e-30
7,46,3.4867170963838964e-30
7,47,1.8309656540856306e-30
7,48,2.8198988184312317e-30
7,49,2.2239592371028343e-30
7,50,2.152513746804204e-30
7,51,1.5310178020152117e-30
7,52,2.5018045007073337e-30
7,53,5.123073802000752e-30
7,54,4.656744082530768e-31
7,55,1.7033005915830254e-16
7,56,1.8152870215575743e-30
7,57,1.8864885967471102e-30
7,58,2.1261569268570017e-30
7,59,2.687945479397668e-30
7,60,1.679092836721468e-30
7,61,7.256694714333871e-30
7,62,5.457248733589534e-30
7,63,2.5644912614738385e-30
7,64,4.1165216424448615e-30
7,65,3.070415536632158e-30
7,66,1.8897604786032966e-30
7,67,2.846068846045841e-30
7,68,3.9077698813742935e-30
7,69,3.1412901036979293e-30
7,70,2.4821333373561784e-30
7,71,1.629391135558593e-30
7,72,4.074384216574802e-30
7,73,3.9385223961291634e-30
7,74,4.940679679145515e-30
7,75,2.1304731320791174e-30
7,76,1.114497889686585e-30
7,77,2.0488688115048995e-30
7,78,5.210822618129229e-30
7,79,1.8930763402374866e-30
7,80,4.784869083048224e-30
7,81,1.984147755269162e-30
7,82,1.3212482201970117e-30
7,83,1.687756401250604e-30
7,84,3.59000147751812e-30
7,85,1.958212734306511e-30
7,86,5.558100413464248e-30
7,87,1.1500774405268134e-30
7,88,5.831563022001906e-30
7,89,1.395719058044776e-30
7,90,2.679910358197276e-30
7,91,1.0412796322358683e-30
7,92,1.8003617742275335e-30
7,93,2.0612626650872228e-30
7,94,3.7333142439353385e-30
7,95,3.851579817738563e-30
7,96,1.8167176688616847e-30
7,97,2.084484417354668e-30
7,98,1.588889208797145e-30
7,99,1.3151336863719818e-30
7,100,4.656744082530768e-31
7,101,2.577607897048719e-30
7,102,1.5968580273255424e-30
7,103,1.7528512148832565e-30
7,104,3.939467431187865e-30
7,105,1.0171896331137314e-30
7,106,2.179846580601702e-30
7,107,2.6471039579327618e-30
7,108,3.47386186949845e-30
7,109,1.648816021860516e-30
7,110,2.7684949349734367e-30
7,111,5.026389112226656e-30
7,112,1.3093309469723372e-30
7,113,1.4472495778034265e-31
7,114,4.344308684293052e-30
7,115,5.095246377785865e-16
7,116,2.9202171945715732e-30
7,117,5.045823659789261e-31
7,118,2.9822500373589703e-30
7,119,3.220939452549281e-30
7,120,5.605814336691051e-31
7,121,6.5889868325055765e-31
7,122,2.8191572025082084e-30
7,123,3.982739219566668e-30
7,124,5.512425896727828e-30
7,125,2.2039195788324475e-30
7,126,1.4165646320499786e-30
7,127,6.548980000389719e-30
7,128,1.0787664005656185e-30
7,129,3.688830446192554e-30
7,130,2.180885950636169e-30
7,131,1.4058374754949444e-30
7,132,3.15843867560214e-30
7,133,3.82410203179624e-30
7,134,2.4536015055021804e-30
7,135,3.295036191181559e-30
7,136,5.960091686960478e-30
7,137,2.6278870282900764e-30
7,138,1.5391826240232104e-30
7,139,2.094439320609125e-30
7,140,4.179083896199266e-30
7,141,1.5273033952459203e-30
7,142,1.3760465025087682e-30
7,143,2.6601422602307458e-30
7,144,2.4290905658982663e-30
7,145,2.3492562610588652e-30
7,146,1.4473288880824878e-31
7,147,1.2076042408878125e-30
7,148,5.516311550421907e-16
7,149,2.8798928123064215e-30
8,9,1.3726048147090081e-15
8,10,9.672837084104097e-31
8,11,2.315221488840603e-30
8,12,1.9020903821794378e-30
8,13,1.718525790196821e-30
8,14,1.4217207498239804e-30
8,15,1.7945734216595483e-30
8,16,1.0604035345249496e-30
8,17,1.5580230717894443e-30
8,18,1.2493124104982543e-30
8,19,2.5093245716310516e-30
8,20,1.9749403083338662e-30
8,21,2.4564379179626814e-30
8,22,2.3567902828245e-30
8,23,1.1790219714217377e-30
8,24,1.030254652650685e-30
8,25,1.3851380797187799e-30
8,26,2.1270958276389027e-30
8,27,2.5766684550060554e-30
8,28,6.935676589868182e-31
8,29,1.4809983047382575e-30
8,30,1.8681277550249587e-30
8,31,1.991615889204826e-30
8,32,1.040118266004621e-15
8,33,4.1734337413639455e-30
8,34,2.179541139402064e-30
8,35,2.354837677098586e-30
8,36,8.939868468007191e-31
8,37,2.062990448078201e-30
8,38,2.4367331513010015e-30
8,39,7.477125467341152e-31
8,40,1.4507524981897856e-30
8,41,9.761676786563057e-31
8,42,8.528977585063018e-31
8,43,2.046182526267099e-30
8,44,1.6426569235312563e-30
8,45,1.914516820065753e-30
8,46,3.1059489930331386e-30
8,47,1.774162957922884e-30
8,48,2.175888125520982e-30
8,49,1.286318584778882e-30
8,50,2.3397955520101312e-30
8,51,1.2031114859020314e-30
8,52,1.673743517641363e-30
8,53,2.4014739901721983e-30
8,54,2.309526494503046e-31
8,55,1.4343425504060067e-15
8,56,1.8106927210667786e-30
8,57,1.671677453784949e-30
8,58,1.2482442302994689e-30
8,59,2.831622412673913e-30
8,60,1.2656428308384975e-30
8,61,8.703918353553937e-30
8,62,3.2237014728663125e-30
8,63,1.6566599911796683e-30
8,64,1.6184142622847317e-16
8,65,1.483793550749868e-30
8,66,2.081270764384152e-30
8,67,1.8293597751444365e-30
8,68,2.9273864121646344e-30
8,69,2.816834503551486e-30
8,70,2.1932043136611092e-30
8,71,1.6738786369634373e-30
8,72,1.890259647187814e-30
8,73,2.126691362532808e-30
8,74,5.435971723616104e-16
8,75,1.6054752077326228e-30
8,76,1.3867395798716079e-30
8,77,8.56862091032754e-16
8,78,3.330774377205766e-30
8,79,1.0683535811941767e-30
8,80,2.5814450609154055e-30
8,81,1.475751337605637e-30
8,82,1.5311624259205875e-30
8,83,8.404079092983236e-31
8,84,1.6865180514400033e-30
8,85,1.3129787958249446e-30
8,86,2.955443027696142e-30
8,87,7.489987706189143e-31
8,88,2.6591357813828196e-30
8,89,9.267428117376493e-31
8,90,1.413189640776134e-30
8,91,5.164258237545605e-31
8,92,1.9579436649843872e-30
8,93,2.193164504411847e-30
8,94,2.1324452982893993e-30
8,95,1.691888370901403e-30
8,96,9.036715322723653e-31
8,97,1.3924736475924564e-30
8,98,7.738504241468269e-31
8,99,1.2049989753143176e-30
8,100,2.309526494503046e-31
8,101,1.814671491422698e-30
8,102,1.4606910089504977e-30
8,103,9.707172554810865e-31
8,104,2.144440941827642e-30
8,105,6.356531252808726e-31
8,106,1.7735929466868674e-30
8,107,3.7354602626235036e-16
8,108,2.334577004765497e-30
8,109,1.4985640683079184e-30
8,110,1.570653779163859e-30
8,111,2.5283782058058535e-30
8,112,9.480773750280653e-31
8,113,1.3714304104904093e-31
8,114,2.3009986896097042e-30
8,115,6.83340178167953e-16
8,116,1.735832003653098e-30
8,117,3.3723664857452854e-31
8,118,1.709031955361204e-30
8,119,1.6751875153717974e-30
8,120,7.710645295077964e-31
8,121,8.94908994629603e-31
8,122,2.1061897235649375e-30
8,123,2.149064580244645e-30
8,124,3.545555611058675e-30
8,125,2.13561822429273e-30
8,126,1.1563343334328572e-30
8,127,2.942984189556383e-30
8,128,9.706733737921965e-31
8,129,2.4936255745527388e-30
8,130,1.2700333471632578e-30
8,131,6.456208691386138e-31
8,132,2.1601380050911354e-30
8,133,1.684968114712334e-30
8,134,1.2310821233971045e-30
8,135,2.5618789001904224e-30
8,136,2.2755911779190388e-30
8,137,2.1602584268377813e-30
8,138,1.0358839148148337e-30
8,139,1.6694025873568876e-30
8,140,2.5202054527105955e-30
8,141,1.5200500599717967e-30
8,142,1.1700917228773823e-30
8,143,2.003047161608235e-30
8,144,1.6623428028563785e-30
8,145,1.095221791988259e-30
8,146,1.3715055658265983e-31
8,147,2.034849849380695e-30
8,148,6.195464776079152e-16
8,149,2.2229913730899593e-30
9,10,7.550332863779063e-16
9,11,1.5378076563662385e-15
9,12,1.4033044459902306e-15
9,13,9.981701986847129e-16
9,14,7.488863730937846e-16
9,15,7.135936359693687e-16
9,16,4.933939044724271e-16
9,17,9.785562673394583e-16
9,18,2.940650514817889e-16
9,19,1.699108291615477e-15
9,20,1.2719202621568995e-15
9,21,1.608481981895672e-15
9,22,4.96506830649454e-16
9,23,7.306955103411756e-16
9,24,4.079219866531559e-16
9,25,6.152181583151633e-16
9,26,1.5708895689205411e-15
9,27,1.860248091287056e-15
9,28,5.117875266520899e-16
9,29,8.851646454899429e-16
9,30,1.2281303159718092e-15
9,31,8.510666345109598e-16
9,32,1.7067926733393756e-15
9,33,2.691691662512432e-15
9,34,1.4898598622537945e-15
9,35,1.0966087074592235e-15
9,36,2.2204460492503109e-16
9,37,1.4098083921610149e-15
9,38,1.4314990257866111e-15
9,39,5.635475559608565e-16
9,40,8.711006819470242e-16
9,41,7.72183858146677e-16
9,42,5.340694943204952e-16
9,43,4.0688886957073034e-16
9,44,1.0436982210128642e-15
9,45,9.791465295429304e-16
9,46,2.4048573593487755e-15
9,47,1.2795299662521119e-15
9,48,1.4851985160578722e-15
9,49,5.387657075120148e-16
9,50,1.0340581729882465e-15
9,51,5.961899095915802e-16
9,52,4.980559976921022e-16
9,53,1.4948576314911347e-15
9,54,2.8897909770142646e-31
9,55,7.612425643097475e-16
9,56,1.1889830643995058e-15
9,57,8.819512262902816e-16
9,58,4.823404785853849e-16
9,59,1.8913673432079414e-15
9,60,9.288792252416249e-16
9,61,3.834319499340466e-15
9,62,7.601177430610138e-16
9,63,7.263749344016734e-16
9,64,1.0794977875113382e-15
9,65,6.620737537031162e-16
9,66,1.5103853876169071e-15
9,67,1.3631350668018208e-15
9,68,1.6171047209407881e-15
9,69,2.1401313824872174e-15
9,70,1.0961915163655499e-15
9,71,1.1216137658185822e-15
9,72,3.348690356123527e-16
9,73,1.4398758697450589e-15
9,74,1.9095258822816804e-15
9,75,6.855209285591778e-16
9,76,5.947097872154718e-16
9,77,4.735211478771726e-16
9,78,2.3959112423155695e-15
9,79,7.879120902613412e-16
9,80,1.1201432842970765e-15
9,81,9.885427930960215e-16
9,82,1.0084101400900618e-15
9,83,2.482534153247272e-16
9,84,7.913990257226307e-16
9,85,8.61480165919684e-16
9,86,9.354905487120432e-16
9,87,4.50974724488293e-16
9,88,5.962359662037232e-16
9,89,3.5217877337871725e-16
9,90,8.436964545649824e-16
9,91,6.461769065369427e-31
9,92,1.3934570570818494e-15
9,93,1.4994434357713045e-15
9,94,8.487035991444983e-16
9,95,1.0897432912256546e-15
9,96,5.978733960281816e-16
9,97,2.884444029575345e-16
9,98,5.232341262381342e-16
9,99,4.968097819441321e-16
9,100,2.8897909770142646e-31
9,101,1.3426356273935425e-15
9,102,8.899114524108733e-16
9,103,6.304854800243426e-16
9,104,7.141332153553281e-16
9,105,5.855045090355222e-16
9,106,1.1905815549843715e-15
9,107,1.9561309244185988e-15
9,108,1.2379266766448334e-15
9,109,9.568191240389294e-16
9,110,2.305551267378102e-16
9,111,1.8892150150097843e-15
9,112,6.379255420885908e-16
9,113,9.991443974215919e-17
9,114,8.211456086420503e-16
9,115,2.0566740606405693e-15
9,116,1.4949733790152134e-15
9,117,2.482534153247272e-16
9,118,4.1634809001243634e-16
9,119,1.16015006731766e-15
9,120,4.0211174553034475e-16
9,121,5.661048867003673e-16
9,122,1.6069495541037999e-15
9,123,1.6448545181490024e-15
9,124,2.3231127667902964e-15
9,125,1.5007794504104895e-15
9,126,8.496391536440311e-16
9,127,1.5982970556924744e-15
9,128,7.108895957933343e-16
9,129,1.8058729675231595e-15
9,130,9.703680916027492e-16
9,131,4.577566798522235e-16
9,132,1.2891604981429652e-15
9,133,7.870063977598494e-16
9,134,8.96810094042272e-16
9,135,1.3993187537007067e-15
9,136,1.0902857800264107e-15
9,137,1.4011616797983906e-15
9,138,4.652682298944608e-16
9,139,6.555129372833991e-16
9,140,1.1431551305826778e-15
9,141,8.329274363453828e-16
9,142,8.244153548874831e-16
9,143,7.447602459741819e-16
9,144,1.2844453038610545e-15
9,145,3.021408270392389e-16
9,146,9.991991512264623e-17
9,147,9.150925307418746e-16
9,148,3.763467743745526e-15
9,149,1.0706603116298281e-15
10,11,1.1105289638265662e-30
10,12,1.0784222301230615e-30
10,13,8.535156952802352e-31
10,14,6.4420426943897355e-31
10,15,5.166860788566532e-31
10,16,3.8772311755782653e-31
10,17,8.295721835744523e-31
10,18,3.801004163783103e-31
10,19,1.2690949985401335e-30
10,20,9.43650451399077e-31
10,21,1.2335593184579836e-30
10,22,4.212832118912096e-31
10,23,5.153098562454021e-31
10,24,2.7426398941038855e-31
10,25,6.764684844556538e-31
10,26,1.203161152976463e-30
10,27,1.5242475487299952e-30
10,28,3.8231975708484503e-31
10,29,8.9044334159847e-31
10,30,8.825463634566105e-31
10,31,6.515800570471485e-31
10,32,1.3597399555105182e-16
10,33,2.081747362376483e-30
10,34,1.243545232885364e-30
10,35,9.098485460987548e-31
10,36,1.7823003286500344e-31
10,37,1.0703744262244084e-30
10,38,1.1773004495084895e-30
10,39,4.108188083767647e-31
10,40,6.018547674195277e-31
10,41,5.530495529704839e-31
10,42,3.69038631524623e-31
10,43,3.836277413326959e-31
10,44,8.537673210089465e-31
10,45,8.00739765021845e-31
10,46,2.00897364837927e-30
10,47,1.0179592258585734e-30
10,48,1.2004580440671228e-30
10,49,4.81203892451817e-31
10,50,8.648571421754918e-31
10,51,4.344546017730067e-31
10,52,3.8524470732663707e-31
10,53,1.3748815369030996e-30
10,54,3.0192292122211267e-32
10,55,8.612380996758122e-31
10,56,8.689420005522882e-31
10,57,7.476814813094015e-31
10,58,4.747591861959029e-31
10,59,1.4267799116770039e-30
10,60,8.173598028641002e-31
10,61,3.0181753406402452e-30
10,62,1.0728391771844523e-30
10,63,5.433164858928804e-31
10,64,8.73268031843772e-31
10,65,7.687788577712639e-31
10,66,1.1444239741045094e-30
10,67,1.1027320907202566e-30
10,68,1.2471198688034362e-30
10,69,1.6676147394414356e-30
10,70,9.151329001708639e-31
10,71,9.090299523713778e-31
10,72,2.934038289497223e-31
10,73,1.2826936299117865e-30
10,74,1.4572911648978133e-30
10,75,4.6977895442659395e-31
10,76,8.64741115800843e-31
10,77,3.1573098558240725e-31
10,78,1.9378988872628215e-30
10,79,5.87083949018817e-31
10,80,8.963320525415837e-31
10,81,7.002960393981422e-31
10,82,9.580808741713082e-31
10,83,3.219422467533152e-31
10,84,5.356244983842237e-31
10,85,6.444780160489226e-31
10,86,9.194864717787373e-31
10,87,4.751867672070693e-31
10,88,5.072782113132412e-31
10,89,3.951854940804249e-31
10,90,7.697636335933464e-31
10,91,6.751201758179575e-32
10,92,1.0657208709196664e-30
10,93,1.1316275660834543e-30
10,94,6.107746364261879e-31
10,95,8.957314217811358e-31
10,96,4.276159476234741e-31
10,97,3.2202442303329714e-31
10,98,5.270922291596667e-31
10,99,4.1501171613066016e-31
10,100,3.0192292122211267e-32
10,101,1.019238259402979e-30
10,102,6.566390088501776e-31
10,103,4.221357771480415e-31
10,104,5.411276436446716e-31
10,105,4.486722685878378e-31
10,106,8.536746142533124e-31
10,107,1.3839355007141862e-30
10,108,1.2784038715594275e-30
10,109,7.95355722078339e-31
10,110,5.0852009815432896e-31
10,111,1.4382823916597262e-30
10,112,6.38047815980019e-31
10,113,7.543872779512983e-32
10,114,5.789459937433707e-31
10,115,1.5724076019176499e-30
10,116,1.195707406439985e-30
10,117,1.849849192996073e-31
10,118,3.1251703241340113e-31
10,119,8.56727047382182e-31
10,120,2.8511811813945084e-31
10,121,4.410382288029604e-31
10,122,1.1272312054206727e-30
10,123,1.3742772007805028e-30
10,124,1.763909039694776e-30
10,125,1.6377289339723112e-30
10,126,6.404500833597972e-31
10,127,1.0715864471579271e-30
10,128,5.354930265149939e-31
10,129,1.3083428726089342e-30
10,130,7.591586210695234e-31
10,131,3.3990750348191525e-31
10,132,1.1874909095375465e-30
10,133,5.29837522105098e-31
10,134,9.63313565951073e-31
10,135,1.0815297581172411e-30
10,136,7.3880180345550005e-31
10,137,1.0204899882776826e-30
10,138,6.129680432884304e-31
10,139,8.676100391358281e-31
10,140,9.644000827048004e-31
10,141,1.0455766088304535e-30
10,142,6.362103427238434e-31
10,143,4.913808668710942e-31
10,144,9.581347367542093e-31
10,145,3.7558477126014773e-31
10,146,7.544286188965312e-32
10,147,7.400145797733809e-31
10,148,7.110250420355455e-16
10,149,8.191837992742434e-31
11,12,2.012404189777345e-30
11,13,1.568836793201308e-30
11,14,1.1892475332167275e-30
11,15,1.31238678914236e-30
11,16,9.438997347791016e-31
11,17,1.4391802324223883e-30
11,18,4.988727561251607e-31
11,19,2.814197054798259e-30
11,20,1.7910705699402893e-30
11,21,2.6254382524093214e-30
11,22,1.2537024438993807e-30
11,23,1.211973461085633e-30
11,24,6.040498479936235e-31
11,25,9.872010122517714e-31
11,26,2.4121110697346777e-30
11,27,2.7373280664380676e-30
11,28,7.530410831038237e-31
11,29,1.4840688102295971e-30
11,30,1.9324775904412265e-30
11,31,1.586218158536637e-30
11,32,4.2729165534551446e-16
11,33,4.5741105397618576e-30
11,34,2.257263122414297e-30
11,35,1.964163736863621e-30
11,36,4.965982044282403e-31
11,37,2.274675480654713e-30
11,38,2.381078332719797e-30
11,39,9.221735989302382e-31
11,40,1.53980639473901e-30
11,41,1.2379029650548488e-30
11,42,8.10617070097873e-31
11,43,5.9553090278602764e-31
11,44,1.76343315374662e-30
11,45,1.394873719304104e-30
11,46,3.642249790367517e-30
11,47,1.9791954049786016e-30
11,48,2.2600984348486192e-30
11,49,1.0580940129598569e-30
11,50,1.8680616879829394e-30
11,51,9.402268066863303e-31
11,52,1.0233185602179954e-30
11,53,2.095681660582193e-30
11,54,9.48778067989574e-32
11,55,6.231111271582835e-16
11,56,1.9351111125396195e-30
11,57,1.5462065557180183e-30
11,58,7.126025955034717e-31
11,59,2.9912190604609444e-30
11,60,1.346062369390044e-30
11,61,7.488467250108816e-30
11,62,1.746093460587456e-30
11,63,1.3129525236515453e-30
11,64,1.7482719943512094e-30
11,65,1.1780482086573603e-30
11,66,2.4493032284859142e-30
11,67,2.0455539950047107e-30
11,68,2.8997037573257526e-30
11,69,3.371340943358237e-30
11,70,2.079977173341725e-30
11,71,1.8059356759062945e-30
11,72,5.7131438345737825e-31
11,73,2.374569072781614e-30
11,74,2.9572714087662914e-30
11,75,1.1600379573101515e-30
11,76,1.1394312597393969e-30
11,77,7.944653667603949e-31
11,78,3.3378547656371705e-30
11,79,1.2338224574332036e-30
11,80,2.0524875595845364e-30
11,81,1.636917270953263e-30
11,82,1.64001224323497e-30
11,83,5.603688284052877e-31
11,84,1.1798679893862095e-30
11,85,1.4202103486119566e-30
11,86,1.7970870114032237e-30
11,87,7.54181677956617e-31
11,88,1.3472063075179737e-30
11,89,6.855739014088671e-31
11,90,1.3405850914505898e-30
11,91,2.1215322555856046e-31
11,92,2.210319140843682e-30
11,93,2.4886633062229324e-30
11,94,1.5077201389183195e-30
11,95,1.4748853168499318e-30
11,96,8.217370510179973e-31
11,97,5.390578141389801e-31
11,98,6.682402295698434e-31
11,99,1.0133763829588301e-30
11,100,9.48778067989574e-32
11,101,1.956301481663083e-30
11,102,1.5314995141506703e-30
11,103,1.0430711893915561e-30
11,104,1.475360133802483e-30
11,105,8.990528251304568e-31
11,106,1.7941154458083404e-30
11,107,3.0843053094279554e-30
11,108,2.1516045405693086e-30
11,109,1.4647871465004322e-30
11,110,6.066557219428713e-31
11,111,2.782113900222545e-30
11,112,1.0171794510817933e-30
11,113,1.5364919041703578e-31
11,114,1.3684880182051273e-30
11,115,1.942890293094029e-16
11,116,2.202990962934413e-30
11,117,3.618868036424126e-31
11,118,6.405836425220043e-31
11,119,1.635437328060579e-30
11,120,7.47823676980841e-31
11,121,9.687667862252404e-31
11,122,2.506876418239829e-30
11,123,2.2484647299453752e-30
11,124,3.479216354832039e-30
11,125,2.481128646701397e-30
11,126,1.2752632078082054e-30
11,127,2.075799866261512e-30
11,128,1.0832640683954688e-30
11,129,2.701729616709242e-30
11,130,1.3484084272514614e-30
11,131,6.671829241902578e-31
11,132,2.1690975691023704e-30
11,133,1.2927397350857854e-30
11,134,1.3531285626632856e-30
11,135,2.5523031217400244e-30
11,136,1.4788968177350464e-30
11,137,2.1227251881504102e-30
11,138,8.46656539103187e-31
11,139,1.051998858502792e-30
11,140,2.0720985216415414e-30
11,141,1.5888398402077772e-30
11,142,1.2550723890843724e-30
11,143,1.2067948948835413e-30
11,144,1.8990136564154595e-30
11,145,4.483657393610136e-31
11,146,1.5365761049907025e-31
11,147,1.5639875842958942e-30
11,148,5.606351459942505e-16
11,149,2.0131194710107763e-30
12,13,1.606141429803965e-30
12,14,1.3370993374712157e-30
12,15,8.164188863143949e-31
12,16,7.768506795366618e-31
12,17,1.5293392906772681e-30
12,18,9.047184939650966e-31
12,19,2.163195286390639e-30
12,20,2.068396904604901e-30
12,21,2.1129897125826668e-30
12,22,1.011383741730997e-30
12,23,9.981995841180838e-31
12,24,9.666318302917402e-31
12,25,1.0631042168937778e-30
12,26,2.2361683218961102e-30
12,27,2.768966972755252e-30
12,28,7.725196123496454e-31
12,29,1.1580082915236742e-30
12,30,1.8857032391061184e-30
12,31,1.1746128962694293e-30
12,32,5.236911533344276e-16
12,33,3.1947053133038454e-30
12,34,2.1178356139702996e-30
12,35,1.4878624822514385e-30
12,36,4.672276833156078e-31
12,37,1.8502288839446753e-30
12,38,1.9165008832558867e-30
12,39,8.423954779596871e-31
12,40,1.1865993360641491e-30
12,41,1.1263494523257041e-30
12,42,8.741360246285536e-31
12,43,1.4283747771196739e-30
12,44,1.3769091680722004e-30
12,45,1.8655551802453946e-30
12,46,3.40106685932057e-30
12,47,1.7840860793474986e-30
12,48,2.161053029789275e-30
12,49,7.538914526618778e-31
12,50,1.1381724827909374e-30
12,51,8.97355084214443e-31
12,52,7.906763308537816e-31
12,53,2.588973923210638e-30
12,54,1.1628279524487686e-31
12,55,1.144391699630559e-16
12,56,1.599873098621822e-30
12,57,1.1023337629610881e-30
12,58,9.932776333983902e-31
12,59,2.5738138500959063e-30
12,60,1.3906996813786747e-30
12,61,3.964198958167528e-30
12,62,1.5474612898150662e-30
12,63,1.0240461095138368e-30
12,64,1.878023862641659e-30
12,65,1.0488072556179661e-30
12,66,1.975920014444542e-30
12,67,2.044827146073602e-30
12,68,1.9371032314219047e-30
12,69,2.9261148521602915e-30
12,70,1.1084408925251472e-30
12,71,1.4739811872626075e-30
12,72,1.3158715318407765e-30
12,73,1.9517157148718766e-30
12,74,2.930663128457346e-30
12,75,1.0294353392188983e-30
12,76,8.344477207409848e-31
12,77,8.946326998771368e-31
12,78,3.834528264260157e-30
12,79,1.1873487464415048e-30
12,80,1.7209017111012336e-30
12,81,1.4532277941280503e-30
12,82,1.2685469277921257e-30
12,83,5.119749838230687e-31
12,84,1.5265031833081876e-30
12,85,1.2342734099413937e-30
12,86,1.666134355982028e-30
12,87,6.106968171306474e-31
12,88,1.632952940897623e-30
12,89,4.7421514509168795e-31
12,90,1.2602559361412902e-30
12,91,2.6001623478123395e-31
12,92,1.8659433322146093e-30
12,93,1.934525180417678e-30
12,94,1.3707225398189177e-30
12,95,1.9459091318669757e-30
12,96,1.0680943857024904e-30
12,97,7.212278641285902e-31
12,98,9.229253396272057e-31
12,99,4.22525713475052e-31
12,100,1.1628279524487686e-31
12,101,2.0673086544661717e-30
12,102,1.1255286462344002e-30
12,103,9.73085061533393e-31
12,104,1.1447723892595732e-30
12,105,8.546220308142577e-31
12,106,1.7797815513280575e-30
12,107,2.557350846627527e-30
12,108,1.6415728046593523e-30
12,109,1.3517065559329266e-30
12,110,8.376402260391826e-31
12,111,3.0439642547173594e-30
12,112,8.680278460280212e-31
12,113,1.4021037750879511e-31
12,114,1.6018234106294007e-30
12,115,1.7762089149541352e-30
12,116,2.296252022514421e-30
12,117,3.8472563635315714e-31
12,118,1.0867295734658682e-30
12,119,1.960340101888562e-30
12,120,4.3897656038132345e-31
12,121,6.633457189177814e-31
12,122,2.3416424629939765e-30
12,123,2.7084829488612967e-30
12,124,3.567528014386241e-30
12,125,1.8201731024878832e-30
12,126,1.2488198925498056e-30
12,127,3.285438688007883e-30
12,128,1.0132262020854375e-30
12,129,2.7565118901034297e-30
12,130,1.579269161337437e-30
12,131,7.685780284110658e-31
12,132,1.6938872947387324e-30
12,133,1.4369215171311372e-30
12,134,1.4024068328500862e-30
12,135,1.6756926291659228e-30
12,136,2.443099846956023e-30
12,137,2.0844549237175963e-30
12,138,6.38861631137619e-31
12,139,1.0656430601749512e-30
12,140,1.5641434231060114e-30
12,141,1.1023013458973791e-30
12,142,1.1878895904511057e-30
12,143,1.3008684194063756e-30
12,144,1.9498125170912346e-30
12,145,8.28743763531499e-31
12,146,1.4021806113457606e-31
12,147,1.165165110713449e-30
12,148,2.719479911021044e-16
12,149,1.2498879127276962e-30
13,14,1.2837735831916804e-30
13,15,8.96186614612424e-31
13,16,1.0754681270706649e-30
13,17,1.3151291814605403e-30
13,18,1.2893056218423392e-30
13,19,1.6868653282010175e-30
13,20,1.6092588642260613e-30
13,21,1.6517268647659863e-30
13,22,1.7228454859383897e-30
13,23,7.5540441532170335e-31
13,24,1.1198701658509763e-30
13,25,1.1992754562343064e-30
13,26,1.617208257412103e-30
13,27,2.014587689087655e-30
13,28,5.569731523918773e-31
13,29,9.633289416728589e-31
13,30,1.71245564156823e-30
13,31,1.5493748824461054e-30
13,32,1.0126982252310925e-15
13,33,2.7116506305255062e-30
13,34,1.5706231389878841e-30
13,35,1.5696301579460796e-30
13,36,8.638886225523681e-31
13,37,1.3693927775685824e-30
13,38,1.7753265358301954e-30
13,39,6.705717621735537e-31
13,40,1.1281043592919417e-30
13,41,8.07651133201886e-31
13,42,1.0621961173947293e-30
13,43,2.1886999594069027e-30
13,44,1.1182476295154547e-30
13,45,2.0529157142324637e-30
13,46,2.3630074695862675e-30
13,47,1.2336218879445525e-30
13,48,1.7034189795609892e-30
13,49,1.0883375655669865e-30
13,50,1.3270996638375167e-30
13,51,7.219112813824503e-31
13,52,1.2138757401037266e-30
13,53,2.634216447060894e-30
13,54,2.2486417732971817e-31
13,55,5.659772945977664e-16
13,56,1.2070058722259854e-30
13,57,1.0525340304932323e-30
13,58,1.175004848265918e-30
13,59,1.9246210222095274e-30
13,60,1.0398108858392542e-30
13,61,6.050049687985319e-30
13,62,3.216546175825037e-30
13,63,1.2339654229405767e-30
13,64,5.988390064490648e-16
13,65,1.3604693599203224e-30
13,66,1.4557459818074123e-30
13,67,1.5507366114011759e-30
13,68,2.034390154669389e-30
13,69,2.060469092793697e-30
13,70,1.5543856058301996e-30
13,71,1.070104444585364e-30
13,72,1.9720590784052747e-30
13,73,1.5188141663307297e-30
13,74,3.1280869271333174e-16
13,75,1.0465487228402077e-30
13,76,1.5043254560819502e-30
13,77,6.129247178708286e-16
13,78,2.9556060740304996e-30
13,79,9.243614809209435e-31
13,80,2.7304729114888393e-30
13,81,1.065076524846313e-30
13,82,9.147299722848785e-31
13,83,8.526920014443612e-31
13,84,1.696724065631948e-30
13,85,1.1144090175074061e-30
13,86,7.39192234524211e-16
13,87,6.822113566158769e-31
13,88,2.7978727556563052e-30
13,89,8.29442863418179e-31
13,90,1.1120917327135218e-30
13,91,5.028115862138169e-31
13,92,1.3477542246201487e-30
13,93,1.5491563924151003e-30
13,94,1.9625515323622554e-30
13,95,1.78308338774836e-30
13,96,9.013382051624168e-31
13,97,1.666508675380106e-16
13,98,8.522880334367406e-31
13,99,7.97873290698015e-31
13,100,2.2486417732971817e-31
13,101,1.516212207093182e-30
13,102,9.924279945427683e-31
13,103,8.276378392171395e-31
13,104,2.140420756396128e-30
13,105,5.876516034892758e-31
13,106,1.3081500143197505e-30
13,107,8.814375625238367e-16
13,108,1.9067096746493442e-30
13,109,1.1224354004624526e-30
13,110,1.7792036157351955e-30
13,111,2.4977079853525816e-30
13,112,7.563632242120928e-31
13,113,9.97316161689029e-32
13,114,2.1463983134277487e-30
13,115,5.227047407487071e-16
13,116,1.5530543964737176e-30
13,117,2.8338390368827775e-31
13,118,1.6557461138663394e-30
13,119,1.6123649660248934e-30
13,120,5.594395001811553e-31
13,121,5.700173407876108e-31
13,122,1.7140493088785093e-30
13,123,2.170776458306824e-30
13,124,2.8922859659107055e-30
13,125,1.3821196285844123e-30
13,126,8.91741034920553e-31
13,127,2.9961810665657362e-30
13,128,7.201494590754175e-31
13,129,2.1710765211771886e-30
13,130,1.2041710358878822e-30
13,131,6.753625519413063e-31
13,132,1.7062124232378226e-30
13,133,1.5515232205854437e-30
13,134,1.5788668584458088e-30
13,135,2.2969440163509343e-30
13,136,2.3284502168771968e-30
13,137,1.6006188436933386e-30
13,138,1.1407750427834217e-30
13,139,1.5146638079075325e-30
13,140,2.152950859024933e-30
13,141,1.7588020813228888e-30
13,142,8.559745851543998e-31
13,143,1.286000919461554e-30
13,144,1.3945818642096817e-30
13,145,1.045418195717469e-30
13,146,9.973708153053154e-32
13,147,1.1092485942830447e-30
13,148,1.056749735600269e-15
13,149,1.7922909694603363e-30
14,15,5.573731169899821e-31
14,16,7.343522830450285e-31
14,17,1.0667515958624354e-30
14,18,1.005196352753384e-30
14,19,1.1020176541373167e-30
14,20,1.3981697151271475e-30
14,21,1.228765373105873e-30
14,22,1.342479382648542e-30
14,23,7.902238132369265e-31
14,24,9.62596624697403e-31
14,25,1.1065380880600375e-30
14,26,1.2911615860098119e-30
14,27,1.6079232572391963e-30
14,28,4.613843792360663e-31
14,29,8.947704439454178e-31
14,30,1.3732715933861595e-30
14,31,1.1565479228135603e-30
14,32,7.659231430504975e-16
14,33,1.3906731120734954e-30
14,34,1.1258285693246908e-30
14,35,1.3497196924030278e-30
14,36,6.254350933862795e-31
14,37,9.276403207333884e-31
14,38,1.7886674638819013e-30
14,39,6.231122834514955e-31
14,40,1.024394180084813e-30
14,41,7.529802317740358e-31
14,42,6.855932599972206e-31
14,43,1.676224961338723e-30
14,44,1.0740297491144232e-30
14,45,1.7353485662786642e-30
14,46,1.7076138118047566e-30
14,47,9.630607578692996e-31
14,48,1.4272630503853393e-30
14,49,7.940725920550652e-31
14,50,7.289076236137929e-31
14,51,6.62145446896055e-31
14,52,9.52722045400489e-31
14,53,2.111086878791631e-30
14,54,1.7006910170158586e-31
14,55,5.360492026881255e-16
14,56,9.731229103027185e-31
14,57,7.7999339146954035e-31
14,58,9.571293313840712e-31
14,59,1.4128792104256056e-30
14,60,8.021144326795696e-31
14,61,2.309654363982018e-30
14,62,2.2543496211909058e-30
14,63,9.328135460550898e-31
14,64,1.7920059778235915e-30
14,65,1.1158128903614998e-30
14,66,1.0122053909413548e-30
14,67,1.3003951954949675e-30
14,68,1.3617676172783953e-30
14,69,1.567770749025648e-30
14,70,7.605103163479467e-31
14,71,8.421222619266688e-31
14,72,1.5682977839870819e-30
14,73,1.5684329921890394e-30
14,74,2.0196821022279667e-30
14,75,1.0955638837345395e-30
14,76,1.323435775223144e-30
14,77,8.6104810108407e-31
14,78,2.4578152980014078e-30
14,79,8.521546637362247e-31
14,80,1.8732180889624302e-30
14,81,9.713096260666305e-31
14,82,5.634191032740697e-31
14,83,6.4633561946194934e-31
14,84,1.4571156982634389e-30
14,85,8.661975171310309e-31
14,86,2.2637749567687794e-30
14,87,4.815084777265137e-31
14,88,2.1717270881799007e-30
14,89,5.684871972731345e-31
14,90,1.1124832076501818e-30
14,91,3.80286072277071e-31
14,92,9.416693997121608e-31
14,93,1.0042016584183637e-30
14,94,1.3597853781777614e-30
14,95,1.6632768795136526e-30
14,96,8.16512551906907e-31
14,97,9.849434499831585e-31
14,98,6.886614650951546e-31
14,99,3.70110798321755e-31
14,100,1.7006910170158588e-31
14,101,1.254240471247561e-30
14,102,6.613833969343067e-31
14,103,7.671630752704818e-31
14,104,1.4740378455385601e-30
14,105,4.93858520969431e-31
14,106,1.1255852524191962e-30
14,107,1.2738115944464668e-16
14,108,1.4563024898053143e-30
14,109,7.752359461106309e-31
14,110,1.2014178538953121e-30
14,111,2.2018120722428483e-30
14,112,5.585473007657414e-31
14,113,7.482456239820314e-32
14,114,1.7317109622560234e-30
14,115,4.1633363423442927e-17
14,116,1.4396943349315606e-30
14,117,2.4403502571673707e-31
14,118,1.226787411103263e-30
14,119,1.4421837624861713e-30
14,120,3.454357262280329e-31
14,121,2.744950023669455e-31
14,122,1.4800336877181113e-30
14,123,1.8134901770165922e-30
14,124,2.5529864558319692e-30
14,125,8.404864491382446e-31
14,126,7.202939005521185e-31
14,127,2.8636488562154464e-30
14,128,5.547116304046247e-31
14,129,1.8158315898588857e-30
14,130,1.0251579463030543e-30
14,131,6.013990262039144e-31
14,132,1.2693132992929082e-30
14,133,1.5181568881241138e-30
14,134,1.1234142430777417e-30
14,135,1.2655694240251725e-30
14,136,2.4354568837707093e-30
14,137,1.3376944622119006e-30
14,138,7.66103439732214e-31
14,139,1.0305822038455847e-30
14,140,1.4909484245773247e-30
14,141,1.653616582633509e-30
14,142,6.821596439484591e-31
14,143,1.2775112924013487e-30
14,144,1.1830136317698765e-30
14,145,8.953743295995079e-31
14,146,7.482866283603738e-32
14,147,8.664442519924572e-31
14,148,9.750318809137199e-16
14,149,1.0761810216727522e-30
15,16,7.160041906114069e-31
15,17,7.931131404469897e-31
15,18,7.935872203430293e-31
15,19,1.5363543553632105e-30
15,20,7.664469462627439e-31
15,21,1.443679254807866e-30
15,22,1.743489054810655e-30
15,23,7.524915265968379e-31
15,24,7.0917610233312335e-31
15,25,8.293020787088104e-31
15,26,1.1381861248073938e-30
15,27,1.10850096384588e-30
15,28,3.135276055961048e-31
15,29,1.0600970797705e-30
15,30,1.2300480693836164e-30
15,31,1.4458449169071322e-30
15,32,7.125470381589451e-16
15,33,2.6994203635996582e-30
15,34,1.1556942085020646e-30
15,35,1.7053217992425254e-30
15,36,6.274041356503082e-31
15,37,1.2180797601592291e-30
15,38,1.3452881322559736e-30
15,39,5.637370828758018e-31
15,40,8.317591033678492e-31
15,41,5.86347650224643e-31
15,42,6.740389397357996e-31
15,43,1.273556702848721e-30
15,44,1.20259858583264e-30
15,45,1.3453156787778283e-30
15,46,1.724507147764062e-30
15,47,9.580759450801164e-31
15,48,1.1579139654754172e-30
15,49,9.092375910310509e-31
15,50,1.5131300062627552e-30
15,51,7.032792505409331e-31
15,52,1.1190434421146876e-30
15,53,1.5134499656103053e-30
15,54,1.5821722557850416e-31
15,55,5.775561153410717e-16
15,56,1.0787388068203788e-30
15,57,1.1583660275207541e-30
15,58,4.387159916597033e-31
15,59,1.5812914824918443e-30
15,60,6.363659220587703e-31
15,61,6.380981667721223e-30
15,62,2.1682749275050437e-30
15,63,1.1652906598337535e-30
15,64,1.6064700823479068e-16
15,65,1.1427642333616782e-30
15,66,1.2654238354286512e-30
15,67,1.0323299285226472e-30
15,68,2.1130611591247422e-30
15,69,1.6912055704125046e-30
15,70,1.6184705683082868e-30
15,71,1.05198188600088e-30
15,72,1.1881027472248591e-30
15,73,1.6674705782326048e-30
15,74,2.003089071712969e-30
15,75,7.494059240033655e-31
15,76,7.033257499539397e-31
15,77,5.529268631190627e-31
15,78,1.4086516829985944e-30
15,79,7.424717482142779e-31
15,80,1.9676018611317068e-30
15,81,7.478476742289165e-31
15,82,1.0390126820495457e-30
15,83,5.655118452571782e-31
15,84,9.926263753531334e-31
15,85,8.181995604250863e-31
15,86,1.85289180414902e-30
15,87,5.6534404285120095e-31
15,88,1.966252048218227e-30
15,89,5.880864966075264e-31
15,90,9.598424317277045e-31
15,91,3.537844716049537e-31
15,92,1.1195349786727735e-30
15,93,1.3665883527173885e-30
15,94,1.4899736714854331e-30
15,95,8.812393908175592e-31
15,96,3.255222533323305e-31
15,97,6.005898957775059e-31
15,98,3.6461009618732415e-31
15,99,8.72135637740954e-31
15,100,1.5821722557850418e-31
15,101,8.127626748436838e-31
15,102,9.93704083480791e-31
15,103,6.325143011878439e-31
15,104,1.60029265244594e-30
15,105,3.34011481202992e-31
15,106,8.270808289241662e-31
15,107,5.60645881092646e-16
15,108,1.655010161445633e-30
15,109,8.40273795624688e-31
15,110,9.596423906426432e-31
15,111,1.4562320524912232e-30
15,112,6.393038259849568e-31
15,113,7.129830834144989e-32
15,114,1.4049045497193265e-30
15,115,2.404704692477377e-16
15,116,7.7769480503774405e-31
15,117,1.5069392090502925e-31
15,118,9.228631357459362e-31
15,119,6.982409988007574e-31
15,120,5.097869333332919e-31
15,121,5.893599578526398e-31
15,122,1.0882044002154208e-30
15,123,8.44835890019079e-31
15,124,1.869721651167301e-30
15,125,1.5658264605326912e-30
15,126,5.5636513892006405e-31
15,127,1.2003285377003832e-30
15,128,4.912537931841338e-31
15,129,1.2016879579614148e-30
15,130,4.98083685574227e-31
15,131,3.902426857030338e-31
15,132,1.507416190474215e-30
15,133,1.2467679880475682e-30
15,134,9.602558919807098e-31
15,135,1.8388371281007283e-30
15,136,1.4439537771194252e-30
15,137,1.0589855517058546e-30
15,138,7.225080564931883e-31
15,139,8.8541439586133e-31
15,140,1.904025281132377e-30
15,141,8.514573076075458e-31
15,142,5.984053023353028e-31
15,143,9.134390669723205e-31
15,144,7.875358307145164e-31
15,145,6.5798426894694875e-31
15,146,7.130221553811997e-32
15,147,1.1328805366454143e-30
15,148,2.8576114088871223e-16
15,149,1.5951079069772942e-30
16,17,8.152200805031267e-31
16,18,9.891559051317125e-31
16,19,1.0734678588871475e-30
16,20,8.281866577692321e-31
16,21,1.0546460614549725e-30
16,22,1.661409730770936e-30
16,23,5.436055954385826e-31
16,24,9.160741001171696e-31
16,25,1.0160295040802632e-30
16,26,7.76056897010905e-31
16,27,9.349902854217598e-31
16,28,2.722329724717242e-31
16,29,9.80933489696134e-31
16,30,1.1881811181668135e-30
16,31,1.397609272393221e-30
16,32,8.563843312570938e-16
16,33,1.8331532645295413e-30
16,34,7.096765879470049e-31
16,35,1.503937734604292e-30
16,36,7.162062019305938e-31
16,37,7.995119922577644e-31
16,38,1.1792069074989007e-30
16,39,5.8296022617757224e-31
16,40,7.384715801907097e-31
16,41,5.057483278951708e-31
16,42,4.52927573488044e-31
16,43,1.6794854197639562e-30
16,44,1.0966003868588763e-30
16,45,1.6113856873412354e-30
16,46,1.0711818389819793e-30
16,47,6.684128756917831e-31
16,48,9.190429573505951e-31
16,49,9.486301190121029e-31
16,50,1.0970475939425719e-30
16,51,5.587629750137244e-31
16,52,1.052718003910365e-30
16,53,1.8613865830911806e-30
16,54,1.9015552049796844e-31
16,55,1.1102230246251568e-16
16,56,7.360182788276237e-31
16,57,9.203974590164759e-31
16,58,7.090872674825774e-31
16,59,9.89227394760411e-31
16,60,4.7133729702287305e-31
16,61,4.0671206485294376e-30
16,62,2.4828454655564037e-30
16,63,1.0784578518384698e-30
16,64,1.6910811494563787e-30
16,65,1.2402933340062444e-30
16,66,8.529346998808663e-31
16,67,9.286049326295792e-31
16,68,1.805378488963992e-30
16,69,1.1000920086651853e-30
16,70,1.333245683126717e-30
16,71,6.568958972695945e-31
16,72,1.5716287726823465e-30
16,73,1.5648537851847949e-30
16,74,1.7897979478434063e-30
16,75,7.603432371261465e-31
16,76,8.486530900958053e-31
16,77,7.201275623371867e-31
16,78,1.4806211339685551e-30
16,79,6.950346637599195e-31
16,80,2.082560955122445e-30
16,81,6.513118044742755e-31
16,82,6.844436852885388e-31
16,83,6.681703973155848e-31
16,84,1.3129861796656231e-30
16,85,7.931710150031835e-31
16,86,2.1960615444663516e-30
16,87,5.312043982104366e-31
16,88,2.3149765033819193e-30
16,89,6.157155146378761e-31
16,90,1.0071037360191122e-30
16,91,4.25200670130312e-31
16,92,7.309595442320547e-31
16,93,1.0225459353476939e-30
16,94,1.5213349239976473e-30
16,95,1.3101418058152102e-30
16,96,5.623551669720751e-31
16,97,8.985574193428479e-31
16,98,5.286308588827916e-31
16,99,7.120341677945559e-31
16,100,1.9015552049796844e-31
16,101,7.271649835676377e-31
16,102,8.086551244675501e-31
16,103,6.410555355526737e-31
16,104,1.7145095489476003e-30
16,105,3.0409906833614305e-31
16,106,6.693582073679469e-31
16,107,1.164615334153967e-30
16,108,1.611223227716168e-30
16,109,5.453750258575076e-31
16,110,1.227620484290371e-30
16,111,1.6898559197827552e-30
16,112,5.523477029621577e-31
16,113,4.929717553755901e-32
16,114,1.719536222660839e-30
16,115,3.6288932916625904e-30
16,116,9.093342950428777e-31
16,117,1.4501632501762957e-31
16,118,1.1653677662022571e-30
16,119,1.0122204765439226e-30
16,120,4.067351661181682e-31
16,121,4.029627558612592e-31
16,122,9.536106627853791e-31
16,123,1.1932617141573114e-30
16,124,1.7894172728054155e-30
16,125,1.054326457214533e-30
16,126,4.423979841016051e-31
16,127,2.1221226684597568e-30
16,128,3.5179947369065237e-31
16,129,1.1314573782192972e-30
16,130,6.308370340496155e-31
16,131,4.8457140146360465e-31
16,132,1.2952190226798998e-30
16,133,1.4455504397598846e-30
16,134,1.0235184213625581e-30
16,135,1.674900092259837e-30
16,136,2.098196098777316e-30
16,137,8.279181522655517e-31
16,138,7.7397746044787156e-31
16,139,8.179519018861467e-31
16,140,1.8083824750085492e-30
16,141,1.0834773361924352e-30
16,142,3.95702221839119e-31
16,143,9.118505410487505e-31
16,144,7.058748454162187e-31
16,145,8.699502784787418e-31
16,146,4.9299877056915985e-32
16,147,8.12431649539128e-31
16,148,5.795949711218537e-16
16,149,1.4729800507351014e-30
17,18,1.1466006433273388e-30
17,19,1.6385463660001245e-30
17,20,1.4745402935866791e-30
17,21,1.5471883415886644e-30
17,22,1.713609741802898e-30
17,23,7.2021476201098975e-31
17,24,1.018472391843524e-30
17,25,1.1926023138412997e-30
17,26,1.5528705262635168e-30
17,27,1.9840531523409292e-30
17,28,5.3272665395221365e-31
17,29,1.1843066112447977e-30
17,30,1.40759948771492e-30
17,31,1.4498186372725399e-30
17,32,9.214892904859683e-16
17,33,2.706069709390334e-30
17,34,1.5174618176210073e-30
17,35,1.7562788323737444e-30
17,36,7.622040330033321e-31
17,37,1.3500220313910592e-30
17,38,1.3399894298347017e-30
17,39,6.417086189220528e-31
17,40,7.661850677913809e-31
17,41,7.702968249422579e-31
17,42,5.898098877470423e-31
17,43,1.8865363245470185e-30
17,44,1.2527519021101867e-30
17,45,1.8196961501888486e-30
17,46,2.4618859474231056e-30
17,47,1.2687910616692531e-30
17,48,1.4954480817131592e-30
17,49,1.0746782131339681e-30
17,50,1.3770217935648761e-30
17,51,6.507478497391437e-31
17,52,1.0962380958581136e-30
17,53,2.280631534568621e-30
17,54,2.046117254486041e-31
17,55,6.929172642788876e-16
17,56,1.1178918178034719e-30
17,57,9.635387183851798e-31
17,58,9.278277922036153e-31
17,59,1.821146758542393e-30
17,60,1.0046603868025977e-30
17,61,3.891105881844198e-30
17,62,2.6307529091734278e-30
17,63,1.1901630414836785e-30
17,64,2.7755575615628923e-16
17,65,1.3179054371572854e-30
17,66,1.4689972492317533e-30
17,67,1.4715625340065751e-30
17,68,2.0154965090251502e-30
17,69,2.094717136993483e-30
17,70,1.4926529768347624e-30
17,71,1.100074946562262e-30
17,72,1.7572225371883452e-30
17,73,1.6986535290173363e-30
17,74,6.9388939039068116e-18
17,75,9.661534763693839e-31
17,76,6.525682922613655e-31
17,77,6.815218695989317e-31
17,78,2.757747887291348e-30
17,79,8.915087755132308e-31
17,80,2.0555948595579684e-30
17,81,1.1029075067716675e-30
17,82,1.08785985502809e-30
17,83,7.283809155337791e-31
17,84,1.5549631790370516e-30
17,85,9.105186750057397e-31
17,86,2.466613124312069e-30
17,87,5.5409490934669635e-31
17,88,2.3440887366534616e-30
17,89,7.169262970322591e-31
17,90,1.1775445317999914e-30
17,91,4.575257270966024e-31
17,92,1.34322999901633e-30
17,93,1.5522662342136687e-30
17,94,1.583185402592975e-30
17,95,1.5570711800430643e-30
17,96,8.218350428484171e-31
17,97,1.1046155907174399e-30
17,98,7.527799410008735e-31
17,99,7.790664158972966e-31
17,100,2.046117254486041e-31
17,101,1.4458071527383168e-30
17,102,8.990540568195064e-31
17,103,7.404815833390683e-31
17,104,1.7620805353655263e-30
17,105,6.038793201232539e-31
17,106,1.2091979227367959e-30
17,107,2.6046282324170613e-16
17,108,1.8111383417286283e-30
17,109,9.692077838954888e-31
17,110,1.3358138023230125e-30
17,111,2.3076624251172812e-30
17,112,6.9912919880780815e-31
17,113,9.777190120740062e-32
17,114,1.9396009294640447e-30
17,115,3.8056527931212887e-16
17,116,1.6032323528126895e-30
17,117,2.675819603520735e-31
17,118,1.3933306413625889e-30
17,119,1.4625355850040511e-30
17,120,4.295531348128271e-31
17,121,5.783395897693897e-31
17,122,1.5629984725679676e-30
17,123,2.007557229921515e-30
17,124,2.5322820652010607e-30
17,125,1.7449781539568175e-30
17,126,8.61996119582146e-31
17,127,2.7611286218219882e-30
17,128,7.0231803759040385e-31
17,129,1.8682082547512436e-30
17,130,1.1288820761267845e-30
17,131,6.0961923033322544e-31
17,132,1.4753600647839135e-30
17,133,1.6066750791223233e-30
17,134,1.1479519565887942e-30
17,135,1.769995693336952e-30
17,136,2.3875038179854216e-30
17,137,1.4109762086920701e-30
17,138,7.938694629981334e-31
17,139,1.0636236699417436e-30
17,140,1.829983716431209e-30
17,141,7.422853498302101e-31
17,142,8.258619888613311e-31
17,143,1.1795323780694146e-30
17,144,1.348570998236002e-30
17,145,1.0324088939733619e-30
17,146,9.777725917529228e-32
17,147,8.984908085998729e-31
17,148,4.613712248324554e-16
17,149,1.5067538147453501e-30
18,19,8.779714805967475e-31
18,20,9.896184792629606e-31
18,21,7.93342806392639e-31
18,22,2.248922675642862e-30
18,23,8.189771534094723e-31
18,24,1.2626915670709106e-30
18,25,1.3672538139331098e-30
18,26,8.961586731640172e-31
18,27,1.1571054417545972e-30
18,28,2.6511322725800772e-31
18,29,1.2608041212467639e-30
18,30,1.6215791974618682e-30
18,31,1.7857919601749834e-30
18,32,1.122520246221645e-15
18,33,1.3019615239394359e-30
18,34,8.576362374230988e-31
18,35,2.00354391521592e-30
18,36,9.263861742735966e-31
18,37,5.147119678911169e-31
18,38,7.799539215974106e-31
18,39,7.815635601404399e-31
18,40,6.58782843650236e-31
18,41,6.856858948797717e-31
18,42,5.6553930397772405e-31
18,43,2.2519988826301067e-30
18,44,1.3967172887859898e-30
18,45,2.193511269680799e-30
18,46,1.2066260258329431e-30
18,47,5.433960221816587e-31
18,48,1.1663181299035066e-30
18,49,1.218736276609868e-30
18,50,1.3092751246971633e-30
18,51,7.675137316246514e-31
18,52,1.358345588509164e-30
18,53,2.543268275586797e-30
18,54,2.4924956459263388e-31
18,55,7.85291517968195e-16
18,56,7.764774531603e-31
18,57,1.1213635268853403e-30
18,58,9.523731049807403e-31
18,59,8.728418193042227e-31
18,60,6.7283324861181924e-31
18,61,4.183651178964775e-30
18,62,3.1543338157167574e-30
18,63,1.4246352317735632e-30
18,64,2.2414135273955135e-30
18,65,1.6131929965897398e-30
18,66,6.887266329711707e-31
18,67,1.288043345766852e-30
18,68,2.1655788707370407e-30
18,69,1.2249425519241002e-30
18,70,1.4684140600208601e-30
18,71,7.687789061823001e-31
18,72,2.1096398896862713e-30
18,73,1.9994870888002587e-30
18,74,2.5830292989168452e-30
18,75,1.0678663989972192e-30
18,76,6.054943835495661e-31
18,77,9.270703752244001e-31
18,78,2.018439094037607e-30
18,79,9.370538554645724e-31
18,80,2.6093072457700175e-30
18,81,1.0390738778004675e-30
18,82,7.564728915699026e-31
18,83,8.764366011542935e-31
18,84,1.7776942888228028e-30
18,85,1.01223834318804e-30
18,86,2.9085741031087058e-30
18,87,6.566659624564961e-31
18,88,3.0349984225003573e-30
18,89,7.779149169967573e-31
18,90,1.3326740748698549e-30
18,91,5.5733896979135406e-31
18,92,3.92531046193967e-31
18,93,1.047080242389799e-30
18,94,2.0022346095098945e-30
18,95,1.7383654395873707e-30
18,96,7.729139559597622e-31
18,97,1.177194141477469e-30
18,98,7.509813910057733e-31
18,99,7.878272779319745e-31
18,100,2.4924956459263388e-31
18,101,8.698437634485351e-31
18,102,9.11865520217005e-31
18,103,8.562102676713352e-31
18,104,2.160822655821405e-30
18,105,3.586238851656989e-31
18,106,6.517576779141248e-31
18,107,3.538325641420287e-16
18,108,2.0499911035571183e-30
18,109,7.23435262327839e-31
18,110,1.5683116836920232e-30
18,111,2.3419477061657598e-30
18,112,6.985568070185321e-31
18,113,2.938134486655211e-32
18,114,2.3058851202799588e-30
18,115,1.2412670766236223e-16
18,116,1.0349709627361911e-30
18,117,1.7947980618334998e-31
18,118,1.5613491477852929e-30
18,119,1.400630338935717e-30
18,120,3.4999667011758317e-31
18,121,3.1581127670636292e-31
18,122,8.761263771874579e-31
18,123,1.6806592579209307e-30
18,124,2.4259271822924263e-30
18,125,1.179740118431088e-30
18,126,3.807162064279731e-31
18,127,2.859830524061124e-30
18,128,2.409024686760384e-31
18,129,1.2647480738101028e-30
18,130,8.016774001214268e-31
18,131,6.654126590586984e-31
18,132,1.6401799368698498e-30
18,133,1.9298367694848784e-30
18,134,1.319996372862453e-30
18,135,1.9110073404285866e-30
18,136,2.8373427225672612e-30
18,137,8.920798213060935e-31
18,138,9.238816096205273e-31
18,139,1.0951897772025696e-30
18,140,2.280638290095229e-30
18,141,6.642818708893133e-31
18,142,4.961136075057981e-31
18,143,1.2458513273718227e-30
18,144,8.460960041429637e-31
18,145,1.2020585249363846e-30
18,146,2.938295498459692e-32
18,147,7.794304909385004e-31
18,148,4.526930341246203e-16
18,149,1.71395958066102e-30
19,20,1.8839361422310965e-30
19,21,2.9775203798128097e-30
19,22,1.8552748584844307e-30
19,23,1.3675078012984947e-30
19,24,7.580406202651992e-31
19,25,1.3109438009969627e-30
19,26,2.6920507239519366e-30
19,27,3.0311090347613858e-30
19,28,8.101323440630196e-31
19,29,1.9191594485067168e-30
19,30,2.1714978442404128e-30
19,31,2.1143849119875365e-30
19,32,8.996042461514225e-16
19,33,5.4245799953162525e-30
19,34,2.5581663370287417e-30
19,35,2.457780346395875e-30
19,36,8.338242757641732e-31
19,37,2.5869132734511754e-30
19,38,2.5969359814956663e-30
19,39,1.0730668901209607e-30
19,40,1.6206309601707908e-30
19,41,1.3548638671453194e-30
19,42,8.985916373213038e-31
19,43,1.5114205779492026e-30
19,44,2.1993870486019385e-30
19,45,1.700729671535973e-30
19,46,4.11558161373059e-30
19,47,2.1983559251393758e-30
19,48,2.511273121391188e-30
19,49,1.454050836646642e-30
19,50,2.3717771268421697e-30
19,51,1.0513308479117018e-30
19,52,1.3479105598357568e-30
19,53,2.461898910919876e-30
19,54,1.9975226942557317e-31
19,55,3.682193206295144e-16
19,56,2.1821544348283826e-30
19,57,1.871642964114054e-30
19,58,7.887648155280931e-31
19,59,3.374302269378517e-30
19,60,1.5209518199313007e-30
19,61,9.034040064175478e-30
19,62,2.8353306408642977e-30
19,63,1.6805165721205214e-30
19,64,1.3615097307647357e-16
19,65,1.691514755065897e-30
19,66,2.8010075915007996e-30
19,67,2.3102647003742083e-30
19,68,3.6587683550768526e-30
19,69,3.849130926753364e-30
19,70,2.7170038511846637e-30
19,71,2.105499705566189e-30
19,72,1.4253629727350046e-30
19,73,3.0028960662101903e-30
19,74,3.3560747337287604e-30
19,75,1.3223949249478793e-30
19,76,1.1007211711725252e-30
19,77,7.771237382155774e-31
19,78,3.609153576896275e-30
19,79,1.4104874483433552e-30
19,80,2.8570390754851513e-30
19,81,1.7444291397199457e-30
19,82,2.0068269655428227e-30
19,83,7.835903797800731e-31
19,84,1.397357351130101e-30
19,85,1.642183947182384e-30
19,86,2.8199781561828723e-30
19,87,9.731198759544781e-31
19,88,2.4945054930483238e-30
19,89,9.14806249375704e-31
19,90,1.650632761863802e-30
19,91,4.466596530954345e-31
19,92,2.4963602210299257e-30
19,93,2.9120631951699045e-30
19,94,2.0152457955154604e-30
19,95,1.626629947935016e-30
19,96,8.476651803548545e-31
19,97,9.527983459363085e-31
19,98,7.502339620429721e-31
19,99,1.3642501002547573e-30
19,100,1.9975226942557317e-31
19,101,2.100091914552763e-30
19,102,1.825434378391529e-30
19,103,1.1314837394829057e-30
19,104,2.2204561905191163e-30
19,105,9.924447311491992e-31
19,106,1.9160320025487883e-30
19,107,6.877609796935019e-16
19,108,2.8302895603200535e-30
19,109,1.6983818913877382e-30
19,110,1.2147431423663517e-30
19,111,3.061321970255832e-30
19,112,1.2596417531532575e-30
19,113,1.6976545301801782e-31
19,114,1.8661071786737457e-30
19,115,2.1688900131555416e-16
19,116,2.3639874502810022e-30
19,117,3.882718297399205e-31
19,118,1.076127081505455e-30
19,119,1.736021571581536e-30
19,120,8.877940480686283e-31
19,121,1.1584340108076532e-30
19,122,2.685879886887905e-30
19,123,2.4573311623209027e-30
19,124,3.88489595123423e-30
19,125,3.104975369857383e-30
19,126,1.3826702785151312e-30
19,127,2.2694546895053487e-30
19,128,1.1898471988200743e-30
19,129,2.913284556620044e-30
19,130,1.4461156675004226e-30
19,131,7.3323945859386805e-31
19,132,2.71450196780197e-30
19,133,1.647334071749396e-30
19,134,1.664427537790787e-30
19,135,3.261221624577819e-30
19,136,1.758222857599138e-30
19,137,2.311527525818403e-30
19,138,1.1749044108597841e-30
19,139,1.1680278783437037e-30
19,140,2.7852707199003557e-30
19,141,1.5973833630017224e-30
19,142,1.3995790953148222e-30
19,143,1.1890182394574069e-30
19,144,2.046645939040821e-30
19,145,7.376799374005847e-31
19,146,1.6977475628240308e-31
19,147,1.7975490874496415e-30
19,148,2.4338114728149964e-16
19,149,2.5986780103450965e-30
20,21,1.859520064715385e-30
20,22,1.1604587518805423e-30
20,23,9.557646542100112e-31
20,24,1.0400522918198895e-30
20,25,1.1502036969296077e-30
20,26,2.0592896179459996e-30
20,27,2.54226133385386e-30
20,28,7.262274076220126e-31
20,29,1.0468401097006238e-30
20,30,1.844700866888604e-30
20,31,1.206716066051358e-30
20,32,6.47365704913894e-16
20,33,2.6042722365595998e-30
20,34,1.9354425016327017e-30
20,35,1.487130028702573e-30
20,36,5.468582414143934e-31
20,37,1.625723899674924e-30
20,38,1.8202094149333676e-30
20,39,7.975203346649533e-31
20,40,1.1686152019193395e-30
20,41,1.0566092757729637e-30
20,42,8.683586661270633e-31
20,43,1.6297108369363988e-30
20,44,1.31978168437612e-30
20,45,1.9753409590373176e-30
20,46,3.0179355698266728e-30
20,47,1.598000899384525e-30
20,48,2.0234013344043623e-30
20,49,7.426995598291131e-31
20,50,9.860780517670737e-31
20,51,8.956283493408715e-31
20,52,9.44220047932643e-31
20,53,2.6015970604559393e-30
20,54,1.437440621896199e-31
20,55,3.1524274001217106e-16
20,56,1.467246822664025e-30
20,57,9.875526788169409e-31
20,58,1.0943104062497142e-30
20,59,2.326131501271801e-30
20,60,1.2791798949498713e-30
20,61,3.389453641335335e-30
20,62,1.7165486081907684e-30
20,63,1.0269862647792561e-30
20,64,1.948067474490162e-30
20,65,1.1095706884537905e-30
20,66,1.698725401182367e-30
20,67,1.924419757309854e-30
20,68,1.720210975178559e-30
20,69,2.611352923284654e-30
20,70,8.376635248784229e-31
20,71,1.3161675328556385e-30
20,72,1.5268821165006934e-30
20,73,1.864548797911093e-30
20,74,2.750114977443446e-30
20,75,1.1523419472281333e-30
20,76,8.422664473757157e-31
20,77,9.529428605604251e-31
20,78,3.6793283502935956e-30
20,79,1.154440524516956e-30
20,80,1.8659667721679958e-30
20,81,1.3269143677827784e-30
20,82,1.0511286053096726e-30
20,83,6.079726953563739e-31
20,84,1.6501983904561326e-30
20,85,1.1757448529192516e-30
20,86,2.043595802507414e-30
20,87,5.505842041523263e-31
20,88,1.9735225686787667e-30
20,89,5.114764199535761e-31
20,90,1.2670366567796031e-30
20,91,3.2142149441794736e-31
20,92,1.647974325530218e-30
20,93,1.6714111960347845e-30
20,94,1.4454219517349902e-30
20,95,2.0171032203626636e-30
20,96,1.0823591266340513e-30
20,97,8.853785624256417e-31
20,98,9.012700243862428e-31
20,99,2.4741089590056906e-31
20,100,1.437440621896199e-31
20,101,1.9553336341886692e-30
20,102,1.015224083068132e-30
20,103,9.85410438596017e-31
20,104,1.3357228415182845e-30
20,105,7.716922921716204e-31
20,106,1.7035218400295738e-30
20,107,2.3479663570394258e-30
20,108,1.4969672515038036e-30
20,109,1.2439475286712718e-30
20,110,9.6018347193808e-31
20,111,2.9832255128991625e-30
20,112,7.880867457992981e-31
20,113,1.27083200390107e-31
20,114,1.779176559313043e-30
20,115,1.7926756459029985e-30
20,116,2.128975624462055e-30
20,117,3.6753274995456093e-31
20,118,1.2554577036930475e-30
20,119,1.950492620473141e-30
20,120,3.7037577392409294e-31
20,121,5.364431967878112e-31
20,122,2.189707547903237e-30
20,123,2.5981480849905597e-30
20,124,3.514453432416233e-30
20,125,1.4389934296688699e-30
20,126,1.1594720663145376e-30
20,127,3.484086302297781e-30
20,128,9.261166123491378e-31
20,129,2.6475924403862658e-30
20,130,1.513567771393823e-30
20,131,7.747204098075681e-31
20,132,1.5547286403929241e-30
20,133,1.6140218759867168e-30
20,134,1.3241969394603236e-30
20,135,1.5268592817712643e-30
20,136,2.67868574318977e-30
20,137,1.9913606091080376e-30
20,138,6.070481472302567e-31
20,139,1.1276723981179717e-30
20,140,1.596264315905997e-30
20,141,1.0971216741601059e-30
20,142,1.1014786520783918e-30
20,143,1.4740207392826026e-30
20,144,1.8267214942395e-30
20,145,9.215909333459877e-31
20,146,1.2709016463749147e-31
20,147,1.0896899823413429e-30
20,148,3.8956806801599327e-16
20,149,1.1402555424203535e-30
21,22,1.7078938713550713e-30
21,23,1.2633161782816216e-30
21,24,6.858349581163379e-31
21,25,1.1112010539368015e-30
21,26,2.5339947805673427e-30
21,27,2.9017183031732535e-30
21,28,7.842831041572324e-31
21,29,1.703744420993805e-30
21,30,2.03176076893566e-30
21,31,1.821131938984286e-30
21,32,7.004569003217538e-16
21,33,4.896957804685261e-30
21,34,2.428498725253216e-30
21,35,2.170425504232916e-30
21,36,6.682618233848792e-31
21,37,2.396149921500845e-30
21,38,2.4768501042788638e-30
21,39,9.594844438389102e-31
21,40,1.610578491686248e-30
21,41,1.273877289752253e-30
21,42,8.27116767814757e-31
21,43,1.24667877063242e-30
21,44,1.9319196586323895e-30
21,45,1.4843389679348872e-30
21,46,3.870670159686258e-30
21,47,2.0618284254071685e-30
21,48,2.3784546151577038e-30
21,49,1.1943847900924537e-30
21,50,2.1727608825139575e-30
21,51,9.899637509200257e-31
21,52,1.2455609325556975e-30
21,53,2.3327473838857365e-30
21,54,1.5553267569895583e-31
21,55,5.916157759809504e-16
21,56,2.027660047979627e-30
21,57,1.6942437561594718e-30
21,58,7.330793919179826e-31
21,59,3.1553619613466816e-30
21,60,1.466375865642058e-30
21,61,8.518251323311497e-30
21,62,2.4704013065971346e-30
21,63,1.4702107892431016e-30
21,64,5.238089861068775e-16
21,65,1.429328220338466e-30
21,66,2.5786939241526453e-30
21,67,2.1689264892023097e-30
21,68,2.547637953914063e-16
21,69,3.554624827090623e-30
21,70,2.3345790262643493e-30
21,71,1.9315696216628314e-30
21,72,1.1393453980643024e-30
21,73,2.6295788999226003e-30
21,74,5.541355500562146e-16
21,75,1.2000860762524538e-30
21,76,1.3903576558185589e-30
21,77,3.8528926965477118e-16
21,78,3.564659320948186e-30
21,79,1.2576229941816871e-30
21,80,2.3732899096059025e-30
21,81,1.671382592679936e-30
21,82,1.8288182736206777e-30
21,83,6.608863752164872e-31
21,84,1.2125810241644058e-30
21,85,1.5013866733972049e-30
21,86,3.891352488241676e-16
21,87,8.554812458563262e-31
21,88,1.8830918416436404e-30
21,89,8.031942152734696e-31
21,90,1.5015864343937548e-30
21,91,3.477816355852947e-31
21,92,2.3251111691378793e-30
21,93,2.706470829072749e-30
21,94,1.723677211731067e-30
21,95,1.6146363988899265e-30
21,96,8.513296280938252e-31
21,97,4.786888022819633e-16
21,98,8.011125346142724e-31
21,99,1.1664228967116734e-30
21,100,1.5553267569895583e-31
21,101,2.0392218764160122e-30
21,102,1.642240532265592e-30
21,103,1.083375097471885e-30
21,104,1.8297530286067636e-30
21,105,9.394183798577895e-31
21,106,1.850254778398987e-30
21,107,4.0750866181565896e-16
21,108,2.4750435081793477e-30
21,109,1.6006344115759273e-30
21,110,1.0896494910132406e-30
21,111,2.890893906464329e-30
21,112,1.1431973902259744e-30
21,113,1.6071057605646407e-31
21,114,1.6738351213482877e-30
21,115,5.050967344322318e-16
21,116,2.31602514308228e-30
21,117,3.768574490487018e-31
21,118,9.207848097040444e-31
21,119,1.710063085448345e-30
21,120,8.108161390712964e-31
21,121,1.042084138807289e-30
21,122,2.5880372648700065e-30
21,123,2.4519625780973183e-30
21,124,3.690834294355786e-30
21,125,2.851973684411753e-30
21,126,1.3265921279402526e-30
21,127,2.2644493994436896e-30
21,128,1.1315439720901928e-30
21,129,2.8187820455911996e-30
21,130,1.4346990792076338e-30
21,131,6.955925332094893e-31
21,132,2.380266238539206e-30
21,133,1.5451007744973818e-30
21,134,1.5307407491653601e-30
21,135,2.7762920500883758e-30
21,136,1.6514498918058938e-30
21,137,2.2366100823909064e-30
21,138,9.773442985923505e-31
21,139,1.1246908569343382e-30
21,140,2.3711580182089235e-30
21,141,1.7939642572203173e-30
21,142,1.322646531812868e-30
21,143,1.2353972553580185e-30
21,144,1.9763403992322473e-30
21,145,7.079421066232512e-31
21,146,1.6071938310732153e-31
21,147,1.6736549736319334e-30
21,148,9.603002915803649e-16
21,149,2.25683706857839e-30
22,23,1.46331042962806e-30
22,24,2.0983969172690044e-30
22,25,2.2690383697932453e-30
22,26,1.3764083049825268e-30
22,27,1.3179837831159247e-30
22,28,2.9072563351592907e-31
22,29,2.4246040869015364e-30
22,30,2.7318664478082182e-30
22,31,3.305862068496448e-30
22,32,1.91754672689458e-15
22,33,3.423023522413931e-30
22,34,1.3751307148706304e-30
22,35,3.592039112739507e-30
22,36,1.5903219009235165e-30
22,37,1.2990271988886405e-30
22,38,1.605902777545683e-30
22,39,1.3506665028996592e-30
22,40,1.153954762956011e-30
22,41,1.1023975847713913e-30
22,42,8.672838633212327e-31
22,43,3.6512776788059605e-30
22,44,2.5144755246992732e-30
22,45,3.702425725593698e-30
22,46,1.8059986871617463e-30
22,47,7.8696291494474265e-31
22,48,2.035804545995251e-30
22,49,2.2102589343750376e-30
22,50,2.740075115215677e-30
22,51,1.4022642056208161e-30
22,52,2.4740331932070816e-30
22,53,4.1493424925950006e-30
22,54,4.257809053985937e-31
22,55,7.876179499523416e-16
22,56,1.5222802518829338e-30
22,57,2.2213919127981438e-30
22,58,1.4097430266179491e-30
22,59,1.888485098633739e-30
22,60,1.026044048171061e-30
22,61,1.0046036779290298e-29
22,62,5.294892879667993e-30
22,63,2.613777202943678e-30
22,64,3.314492552878579e-30
22,65,2.8974144712257963e-30
22,66,1.5164686227510948e-30
22,67,2.0161122068137674e-30
22,68,4.2771198055951756e-30
22,69,2.245585589171261e-30
22,70,3.011869725024929e-30
22,71,1.627487560006325e-30
22,72,3.458285704712818e-30
22,73,3.7444874399679794e-30
22,74,4.4746837634292015e-30
22,75,1.5772438351564324e-30
22,76,7.11660831744615e-31
22,77,1.6671180004472315e-30
22,78,2.636960626564531e-30
22,79,1.4909837033644086e-30
22,80,4.523440830366349e-30
22,81,1.4524492765852434e-30
22,82,1.7127198479376357e-30
22,83,1.5070296206750882e-30
22,84,2.8425370533177043e-30
22,85,1.6339541346643316e-30
22,86,4.781802308662224e-30
22,87,1.1860038596144502e-30
22,88,5.217659927233099e-30
22,89,1.3487628994096243e-30
22,90,2.392284634716045e-30
22,91,9.520750479926624e-31
22,92,1.0390939147585252e-30
22,93,2.1047773098917214e-30
22,94,3.5929080109105674e-30
22,95,2.8097718356660088e-30
22,96,1.0859403443925446e-30
22,97,1.6010911739890502e-30
22,98,1.15197578032169e-30
22,99,1.645938571193002e-30
22,100,4.257809053985937e-31
22,101,9.599767330363225e-31
22,102,1.718972327518877e-30
22,103,1.3937019321645351e-30
22,104,3.778173484009842e-30
22,105,4.751319376252585e-31
22,106,7.5597157951623965e-31
22,107,3.467364658907007e-16
22,108,3.537500927870595e-30
22,109,1.368145087008623e-30
22,110,2.4834493922051333e-30
22,111,3.6168702869587886e-30
22,112,1.2341028495947117e-30
22,113,4.960820181249542e-32
22,114,3.7393437471471415e-30
22,115,6.798699777552745e-17
22,116,1.2682169831874077e-30
22,117,2.2762763178831017e-31
22,118,2.491457472038308e-30
22,119,2.0550515050452652e-30
22,120,7.520256780849677e-31
22,121,7.950074125444013e-31
22,122,1.1834189126644953e-30
22,123,2.3181827559216613e-30
22,124,3.8808955985959166e-30
22,125,2.680029545296567e-30
22,126,4.22343275570939e-31
22,127,4.227339750378877e-30
22,128,3.39618423782267e-31
22,129,1.857350241984346e-30
22,130,9.991599420485058e-31
22,131,1.050990349980704e-30
22,132,3.224190205243076e-30
22,133,3.354624382264289e-30
22,134,2.1806985098771183e-30
22,135,3.4838915762665e-30
22,136,4.684031080950763e-30
22,137,1.3193059216602744e-30
22,138,1.5605152728052582e-30
22,139,1.811903137608567e-30
22,140,4.2245500411572844e-30
22,141,1.1525684223582957e-30
22,142,7.144261883700001e-31
22,143,1.9321224211770896e-30
22,144,1.0495023943357791e-30
22,145,2.0280979446485086e-30
22,146,4.961092037630763e-32
22,147,1.6294518341337716e-30
22,148,4.295148703054764e-16
22,149,3.1497738145677492e-30
23,24,7.082058145542343e-31
23,25,9.763400079048023e-31
23,26,1.1417474544877683e-30
23,27,1.3592622978401771e-30
23,28,3.6906050868735484e-31
23,29,1.0762738569466036e-30
23,30,1.0860159309958802e-30
23,31,1.1679861048414511e-30
23,32,6.556428628355773e-16
23,33,2.3025552603972204e-30
23,34,1.0800576671478053e-30
23,35,1.6619591936826022e-30
23,36,5.385598795858162e-31
23,37,1.0955549143389965e-30
23,38,1.178913973032617e-30
23,39,4.561990994867397e-31
23,40,7.698494964470066e-31
23,41,6.0494792065690956e-31
23,42,8.561573518296933e-31
23,43,1.1892932609549336e-30
23,44,1.0590824528359192e-30
23,45,1.3469280739698492e-30
23,46,1.7355637166382106e-30
23,47,9.93544995860052e-31
23,48,1.1868220631323601e-30
23,49,8.71752363700074e-31
23,50,1.384408639580248e-30
23,51,4.9187682218332364e-31
23,52,8.312852318980861e-31
23,53,1.5025020710589422e-30
23,54,1.455819604502422e-31
23,55,3.2877472246012723e-16
23,56,9.33933654728019e-31
23,57,9.410458742623073e-31
23,58,6.729481719648585e-31
23,59,1.4154566557490805e-30
23,60,6.410117934126529e-31
23,61,4.5779203422631766e-30
23,62,1.790239046893802e-30
23,63,9.87346865282008e-31
23,64,2.7232398292475903e-16
23,65,1.0882752613566924e-30
23,66,1.1690664888803588e-30
23,67,9.592414736995907e-31
23,68,1.731800775845161e-30
23,69,1.5987565229155624e-30
23,70,1.2872094617324862e-30
23,71,8.932228741285561e-31
23,72,1.163672931261317e-30
23,73,1.4804660453729813e-30
23,74,1.5038486577611932e-30
23,75,7.581987596999851e-31
23,76,8.307833487359167e-31
23,77,5.602963392080376e-31
23,78,1.689975759099798e-30
23,79,7.751457552617243e-31
23,80,1.4920907268902443e-30
23,81,7.8259981981212265e-31
23,82,8.8498233621189e-31
23,83,5.414473054610775e-31
23,84,1.0552776106469159e-30
23,85,7.451263543768566e-31
23,86,1.8409419276868334e-30
23,87,4.762492510062574e-31
23,88,1.8136908107215927e-30
23,89,5.609935875407845e-31
23,90,1.0621756162701177e-30
23,91,3.2553115986442737e-31
23,92,1.0539220081132178e-30
23,93,1.2475671028589142e-30
23,94,1.4842934612489041e-30
23,95,1.1786894191381572e-30
23,96,5.204694224673315e-31
23,97,5.402213298639522e-31
23,98,4.472948973926518e-31
23,99,6.767409489473346e-31
23,100,1.455819604502422e-31
23,101,9.645143382242088e-31
23,102,7.951931740276677e-31
23,103,5.201699744955122e-31
23,104,1.2520035946772447e-30
23,105,4.248840195753469e-31
23,106,8.845159128771e-31
23,107,7.21780479063385e-16
23,108,1.7223617451733505e-30
23,109,7.175466739976021e-31
23,110,7.632201349181538e-31
23,111,1.4281929807448223e-30
23,112,5.664532839274238e-31
23,113,7.300703253784973e-32
23,114,1.5322788132589985e-30
23,115,3.775166431889521e-16
23,116,1.1307846478623893e-30
23,117,1.7993984570881528e-31
23,118,8.102295264923837e-31
23,119,9.104713954783827e-31
23,120,3.9104112842146505e-31
23,121,4.963010591709659e-31
23,122,1.2032673587811286e-30
23,123,1.1354994112716409e-30
23,124,1.747534036314488e-30
23,125,1.4066514952754024e-30
23,126,6.1632608604988114e-31
23,127,1.8581556775680273e-30
23,128,5.161406596489606e-31
23,129,1.2698825317107755e-30
23,130,7.029718550269715e-31
23,131,3.7329757807586348e-31
23,132,1.437520789255661e-30
23,133,1.219005326777797e-30
23,134,7.662806306286944e-31
23,135,1.435861760395532e-30
23,136,1.9052265250292995e-30
23,137,9.950438234301583e-31
23,138,5.951612211397537e-31
23,139,7.402538375620627e-31
23,140,1.5004436636803631e-30
23,141,8.532114760950673e-31
23,142,5.90393586615603e-31
23,143,7.3499465899048175e-31
23,144,9.30318278184077e-31
23,145,8.495518960803124e-31
23,146,7.301103337378904e-32
23,147,8.212892726035662e-31
23,148,3.480531475248512e-16
23,149,1.2351318039092904e-30
24,25,1.2793747561470632e-30
24,26,9.20559572191432e-31
24,27,1.1402814767413197e-30
24,28,3.0467707293727653e-31
24,29,1.1848499493476998e-30
24,30,1.531078852886319e-30
24,31,1.690268317425202e-30
24,32,1.052335363856343e-15
24,33,1.262578997973083e-30
24,34,8.255312502077168e-31
24,35,1.7756360943768057e-30
24,36,8.606236446218804e-31
24,37,4.7570920635487635e-31
24,38,8.230536483365104e-31
24,39,7.510381257421473e-31
24,40,6.452517525559979e-31
24,41,6.793379349523995e-31
24,42,6.034579630583082e-31
24,43,2.102765460647967e-30
24,44,1.3028094165318234e-30
24,45,2.1018266322583605e-30
24,46,1.1558630578211238e-30
24,47,5.568438270846408e-31
24,48,1.6247817953775466e-16
24,49,1.1393459610064146e-30
24,50,1.186374779566802e-30
24,51,7.346093776334936e-31
24,52,1.273257765796643e-30
24,53,2.4014480494185837e-30
24,54,2.336653901161207e-31
24,55,3.450661078862148e-16
24,56,7.612188752310099e-31
24,57,1.0373923138408756e-30
24,58,9.263940386626635e-31
24,59,9.525314181805013e-31
24,60,6.687382573509966e-31
24,61,3.103992363997989e-16
24,62,2.8492627657082964e-30
24,63,1.305229519730268e-30
24,64,1.9230779447462936e-30
24,65,1.5356367265318253e-30
24,66,6.506189012717878e-31
24,67,1.2276661482591935e-30
24,68,2.0611413902716424e-30
24,69,1.2089087769984442e-30
24,70,1.3757618977705933e-30
24,71,7.48232567016739e-31
24,72,1.9878424209405378e-30
24,73,1.940132724412906e-30
24,74,2.37520357279474e-30
24,75,9.545789799158018e-31
24,76,4.477311382327825e-31
24,77,9.837645135110157e-31
24,78,2.017792041050579e-30
24,79,8.769136677934568e-31
24,80,2.4743443222263958e-30
24,81,8.974813005813725e-31
24,82,7.106369255204317e-31
24,83,8.300619847446711e-31
24,84,1.6777986529505314e-30
24,85,9.207071590511133e-31
24,86,2.7149205209546484e-30
24,87,6.013548201426736e-31
24,88,2.9318411017839917e-30
24,89,6.943831669473005e-31
24,90,1.2677838561284529e-30
24,91,5.224916962886533e-31
24,92,4.911892559069536e-31
24,93,1.0156434081040872e-30
24,94,1.9044171220186187e-30
24,95,1.7371611335557665e-30
24,96,7.654573127675065e-31
24,97,9.967042650936478e-31
24,98,7.137470119521583e-31
24,99,7.254048764685854e-31
24,100,2.336653901161207e-31
24,101,9.029968449076308e-31
24,102,8.324108724673589e-31
24,103,8.098425198808226e-31
24,104,2.023896019632295e-30
24,105,3.8285495914253084e-31
24,106,7.30087375569242e-31
24,107,1.5762137000608555e-16
24,108,1.8573552833074276e-30
24,109,7.212824762743819e-31
24,110,1.4074761965487062e-30
24,111,2.237606339626481e-30
24,112,6.464074351788243e-31
24,113,4.075729675495861e-32
24,114,2.135999689862027e-30
24,115,1.665334536937752e-16
24,116,1.1137919447925477e-30
24,117,1.8726892825658544e-31
24,118,1.427606830571787e-30
24,119,1.378770980926772e-30
24,120,3.143809452219922e-31
24,121,2.964683368034822e-31
24,122,1.0201147880010057e-30
24,123,1.6469887342902507e-30
24,124,2.3578902409415703e-30
24,125,1.1000980950263102e-30
24,126,4.452088577527816e-31
24,127,2.8545833235972563e-30
24,128,3.1527432842000414e-31
24,129,1.4249409697751276e-30
24,130,8.389245104886745e-31
24,131,6.393423760122344e-31
24,132,1.2621540647936624e-16
24,133,1.8512687073264166e-30
24,134,1.2364496951043335e-30
24,135,1.7508229435858024e-30
24,136,2.7904358304929256e-30
24,137,9.648586481689487e-31
24,138,8.188414550218924e-31
24,139,9.799916618613642e-31
24,140,2.1557524078713478e-30
24,141,6.355434714201266e-31
24,142,4.890516930271539e-31
24,143,1.1697529282526257e-30
24,144,8.917154150968157e-31
24,145,1.1263247203937457e-30
24,146,4.075953028304457e-32
24,147,6.952231317317607e-31
24,148,2.9577925505990095e-16
24,149,1.553083885197777e-30
25,26,1.0158871532797486e-30
25,27,1.4346666138316983e-30
25,28,3.5624183944274916e-31
25,29,1.6190434120957477e-30
25,30,1.6391876932243326e-30
25,31,1.9965333024160134e-30
25,32,1.2171975016276086e-15
25,33,2.345708947597499e-30
25,34,9.469741044014645e-31
25,35,2.221751579715074e-30
25,36,9.918509984094316e-31
25,37,9.326121950845421e-31
25,38,1.4740507764190978e-30
25,39,8.17305263373788e-31
25,40,7.513936198911118e-31
25,41,7.161766828852245e-31
25,42,7.034755501774866e-31
25,43,2.3173342029544652e-30
25,44,1.7507609982702445e-30
25,45,2.3015790551836223e-30
25,46,1.595144221140909e-30
25,47,8.109999164586225e-31
25,48,1.367293732942566e-30
25,49,1.4471910835287763e-30
25,50,1.6880973265073464e-30
25,51,7.792652116309879e-31
25,52,1.4701967987267938e-30
25,53,2.645788502037256e-30
25,54,2.702721383646374e-31
25,55,7.051090803156378e-16
25,56,8.944029406540772e-31
25,57,1.2638048741068801e-30
25,58,1.1339674103958306e-30
25,59,1.2192457100808058e-30
25,60,6.891190570353436e-31
25,61,4.697509006337339e-30
25,62,3.2581584762209276e-30
25,63,1.5223031768238598e-30
25,64,2.498257784470679e-16
25,65,1.8934436927443507e-30
25,66,1.0752990880427652e-30
25,67,1.3622646439074652e-30
25,68,2.5567856424307186e-30
25,69,1.5464811235434332e-30
25,70,1.8326226193631823e-30
25,71,1.0571581492048798e-30
25,72,2.2227789745975597e-30
25,73,2.5571627840159938e-30
25,74,3.2129401646958156e-16
25,75,1.483317217728122e-30
25,76,1.0523252590614596e-30
25,77,1.1119509894179781e-30
25,78,2.094747179863302e-30
25,79,9.626588116012436e-31
25,80,2.8448762286528143e-30
25,81,9.937042863897174e-31
25,82,1.1361851494008068e-30
25,83,9.965067768954309e-31
25,84,1.904590974667412e-30
25,85,1.1596688426703743e-30
25,86,3.62232335055305e-30
25,87,7.361870822696893e-31
25,88,3.405041484970188e-30
25,89,8.916789577890406e-31
25,90,1.608215610607977e-30
25,91,6.04346873807558e-31
25,92,8.892081458092941e-31
25,93,1.3725624023716158e-30
25,94,2.0840109472796242e-30
25,95,2.0017663578735934e-30
25,96,8.01636944081555e-31
25,97,1.2549255622716435e-30
25,98,7.47566386258966e-31
25,99,9.693303945855436e-31
25,100,2.702721383646374e-31
25,101,9.973191618804772e-31
25,102,1.0317987788656094e-30
25,103,8.864489010326703e-31
25,104,2.3442186245262383e-30
25,105,4.123069649387242e-31
25,106,8.537007735691056e-31
25,107,4.886873367543065e-16
25,108,2.468592930663909e-30
25,109,8.695197260115017e-31
25,110,1.563461584924997e-30
25,111,2.3890570409027132e-30
25,112,9.429850410840832e-31
25,113,6.146917760726259e-32
25,114,2.4981471465965403e-30
25,115,5.573620905925167e-16
25,116,1.1044667416418382e-30
25,117,1.9829139736794858e-31
25,118,1.6113885967933254e-30
25,119,1.450572950810685e-30
25,120,4.388399450674586e-31
25,121,5.231423764648528e-31
25,122,1.1498252701576297e-30
25,123,1.6801028524912274e-30
25,124,2.728355367372464e-30
25,125,2.0730049910698914e-30
25,126,5.549505315028742e-31
25,127,3.0946344832854378e-30
25,128,4.421829747395033e-31
25,129,1.546936342987827e-30
25,130,8.628085282973828e-31
25,131,6.941569047973107e-31
25,132,2.1538856184046333e-30
25,133,2.1941062496768175e-30
25,134,1.3240518411167394e-30
25,135,2.2934042646791543e-30
25,136,3.09782412877149e-30
25,137,1.0964319686648476e-30
25,138,9.882399143292472e-31
25,139,1.2572345209378992e-30
25,140,2.4974846904474297e-30
25,141,1.2953167264532825e-30
25,142,5.374839593689456e-31
25,143,1.4673693995045492e-30
25,144,9.42817357235446e-31
25,145,1.2745389128771717e-30
25,146,6.147254616076191e-32
25,147,8.571247758532997e-31
25,148,8.189070805870676e-16
25,149,1.883966477762591e-30
26,27,2.9584613586383806e-30
26,28,8.104578047075282e-31
26,29,1.5375393653698819e-30
26,30,1.941312863108327e-30
26,31,1.4733320308595133e-30
26,32,7.776515945702115e-16
26,33,4.3470353987078995e-30
26,34,2.350578086047402e-30
26,35,1.7298555994915267e-30
26,36,6.363378080166389e-31
26,37,2.2221230647460982e-30
26,38,2.2266671434535158e-30
26,39,8.93713471605782e-31
26,40,1.3519947354449897e-30
26,41,1.217044009008981e-30
26,42,8.590703443243542e-31
26,43,1.5382386452263907e-30
26,44,1.6997377433425146e-30
26,45,1.7594638496678635e-30
26,46,3.802794972641632e-30
26,47,2.013470812499182e-30
26,48,2.3367214427434358e-30
26,49,1.0584574509640987e-30
26,50,1.7751595630883406e-30
26,51,9.313792295796248e-31
26,52,9.444367167987015e-31
26,53,2.444286704491638e-30
26,54,1.7267334108566316e-31
26,55,2.16777975456568e-16
26,56,1.861853449086992e-30
26,57,1.4015733652850634e-30
26,58,1.0243450210168813e-30
26,59,2.9713044467986404e-30
26,60,1.4728069062684968e-30
26,61,6.480259700177329e-30
26,62,1.98946334789199e-30
26,63,1.2341686562273889e-30
26,64,1.8311638951016715e-30
26,65,1.3079901683708967e-30
26,66,2.3962055020210574e-30
26,67,2.1545938932953147e-30
26,68,2.7583954066847652e-30
26,69,3.3819031583009244e-30
26,70,1.9972220898628823e-30
26,71,1.7798150797800834e-30
26,72,1.4769786702286775e-30
26,73,2.385191613512179e-30
26,74,3.038218226922296e-30
26,75,1.109491062048092e-30
26,76,9.535565847696025e-31
26,77,8.155285528200007e-31
26,78,3.829097253883157e-30
26,79,1.2411238321464233e-30
26,80,1.9383509515184057e-30
26,81,1.5756461489745266e-30
26,82,1.6686020851600718e-30
26,83,6.378858960124748e-31
26,84,1.4835377466318398e-30
26,85,1.3636606053003397e-30
26,86,2.0550284223061892e-30
26,87,7.671380705967021e-31
26,88,1.8964489528198975e-30
26,89,6.807124945733584e-31
26,90,1.3407753961774375e-30
26,91,3.8610932856955e-31
26,92,2.194299634102167e-30
26,93,2.4231081498302285e-30
26,94,1.3815431070035549e-30
26,95,1.8444451932221192e-30
26,96,1.0200446910978693e-30
26,97,7.857830127013602e-31
26,98,8.62919109706805e-31
26,99,9.714850106078729e-31
26,100,1.7267334108566316e-31
26,101,2.1340357472830658e-30
26,102,1.4221305318985724e-30
26,103,9.955304495439411e-31
26,104,1.5570206282099086e-30
26,105,9.292976328655783e-31
26,106,1.8777611475540088e-30
26,107,5.095253760312474e-16
26,108,2.0425945581926915e-30
26,109,1.5096501795335296e-30
26,110,9.633823705031002e-31
26,111,3.0274112363746293e-30
26,112,1.0360718768316828e-30
26,113,1.56954551175498e-31
26,114,1.5341201897357133e-30
26,115,4.002966042486703e-16
26,116,2.3791716742263593e-30
26,117,3.951010309748807e-31
26,118,1.182245231683116e-30
26,119,1.8979955133706304e-30
26,120,6.491296226780102e-31
26,121,9.204507328850954e-31
26,122,2.5268562993210003e-30
26,123,2.6585794025783838e-30
26,124,3.692263819809788e-30
26,125,2.5897149091036128e-30
26,126,1.3391864921421888e-30
26,127,3.1170109741331677e-30
26,128,1.1173612248033284e-30
26,129,2.8738975017697283e-30
26,130,1.5746961112929307e-30
26,131,7.425237187835294e-31
26,132,2.1016698456507614e-30
26,133,1.4315347586912755e-30
26,134,1.4468911471809044e-30
26,135,2.4001392188260915e-30
26,136,2.3652145554680416e-30
26,137,2.2144032190453307e-30
26,138,8.69205307332441e-31
26,139,1.0450909419197246e-30
26,140,2.036597830979188e-30
26,141,1.2908714787658345e-30
26,142,1.2974664485907822e-30
26,143,1.2908728465621443e-30
26,144,2.037452882960616e-30
26,145,9.481888175048044e-31
26,146,1.5696315239359096e-31
26,147,1.4311234841422075e-30
26,148,2.6193750069204477e-16
26,149,1.8440729406901896e-30
27,28,9.876462159053568e-31
27,29,1.75755693907108e-30
27,30,2.361392282479175e-30
27,31,1.8124910639727428e-30
27,32,7.619208840076001e-16
27,33,4.768746963101789e-30
27,34,2.7972725322154137e-30
27,35,2.2698715868395216e-30
27,36,6.048304794280148e-31
27,37,2.5394682930429684e-30
27,38,2.478355979386444e-30
27,39,1.16878476483526e-30
27,40,1.4998867470812681e-30
27,41,1.5073483931969207e-30
27,42,1.104790194534703e-30
27,43,1.7394366054868226e-30
27,44,1.89765858188775e-30
27,45,2.297057437250711e-30
27,46,4.6932321498265785e-30
27,47,2.467850238430495e-30
27,48,2.9719674598421633e-30
27,49,1.587766794146521e-30
27,50,1.6938792595993882e-30
27,51,1.1058277769092789e-30
27,52,1.1300093075856074e-30
27,53,3.198894831374819e-30
27,54,1.6918042167359805e-31
27,55,1.0881957835649989e-15
27,56,2.1317181145940526e-30
27,57,1.7212602815632143e-30
27,58,1.1907573858011991e-30
27,59,3.43892644264645e-30
27,60,1.8766781326751188e-30
27,61,7.55682032092685e-30
27,62,1.8941656085326296e-30
27,63,1.4592738275114341e-30
27,64,5.20232153479687e-16
27,65,1.3705069769666014e-30
27,66,2.8008096456450684e-30
27,67,2.669647735363816e-30
27,68,2.8060074624115155e-30
27,69,4.0066274495047884e-30
27,70,1.9464867858511075e-30
27,71,2.0308435664199935e-30
27,72,1.639581847595268e-30
27,73,2.7007621555142184e-30
27,74,2.324529457808916e-16
27,75,1.4664877095418153e-30
27,76,1.3063804525976507e-30
27,77,5.671245902765451e-16
27,78,4.823862292303148e-30
27,79,1.5241158253145512e-30
27,80,1.9330755503530965e-30
27,81,2.1464807253982056e-30
27,82,1.9582672044988824e-30
27,83,7.050578811458579e-31
27,84,1.8420302893478422e-30
27,85,1.6787731165436385e-30
27,86,5.590279296531217e-16
27,87,9.093599323050208e-31
27,88,2.2285900393491043e-30
27,89,6.445112003451467e-31
27,90,1.6016261836436476e-30
27,91,3.7829892332424394e-31
27,92,2.5470780539155768e-30
27,93,2.6269027913847287e-30
27,94,1.690458720254582e-30
27,95,2.2852100818645092e-30
27,96,1.286721682748427e-30
27,97,1.0473405603466914e-30
27,98,1.1744824793683996e-30
27,99,9.34686086955045e-31
27,100,1.6918042167359807e-31
27,101,2.6288280787326646e-30
27,102,1.5498049442381784e-30
27,103,1.18714494309707e-30
27,104,1.4862536174059534e-30
27,105,1.172747906430013e-30
27,106,2.2382185777762753e-30
27,107,4.968006960932747e-16
27,108,2.7959783995483987e-30
27,109,1.8076021767848004e-30
27,110,1.0351485646312011e-30
27,111,3.861622932189556e-30
27,112,1.3248259249249243e-30
27,113,1.8586564582236735e-31
27,114,1.866714961865427e-30
27,115,7.456405727682327e-16
27,116,2.8727195990605044e-30
27,117,4.8561139689597635e-31
27,118,1.4123300462371295e-30
27,119,2.389091881765413e-30
27,120,6.556095770459897e-31
27,121,9.957843376775938e-31
27,122,2.9555957371847307e-30
27,123,3.4370060595466415e-30
27,124,4.4355599377311676e-30
27,125,3.0455746105535443e-30
27,126,1.6165664157298392e-30
27,127,3.895910431380597e-30
27,128,1.3318700004143245e-30
27,129,3.391085110590189e-30
27,130,1.9877694932161365e-30
27,131,9.346877924251206e-31
27,132,2.5804072137993386e-30
27,133,1.73132642221643e-30
27,134,1.8499727742250165e-30
27,135,2.629236263095923e-30
27,136,3.0133689194227423e-30
27,137,2.5716464706138195e-30
27,138,1.0137704936918827e-30
27,139,1.4057986443711634e-30
27,140,1.9869967473918035e-30
27,141,1.4233663039764854e-30
27,142,1.5483613305979464e-30
27,143,1.6992078865177155e-30
27,144,2.5081368216564834e-30
27,145,1.0692964765088908e-30
27,146,1.8587583138846744e-31
27,147,1.5870624382334055e-30
27,148,7.163516649403201e-16
27,149,1.8320320983417263e-30
28,29,4.182555559173012e-31
28,30,6.66718653984286e-31
28,31,4.161195814339849e-31
28,32,1.2412670766236378e-16
28,33,1.2148199142182583e-30
28,34,7.603547707519322e-31
28,35,5.279768537862793e-31
28,36,1.3577157232640435e-31
28,37,6.862915451546959e-31
28,38,7.141609183215666e-31
28,39,2.9935122529182043e-31
28,40,4.451619489844889e-31
28,41,4.073706833170794e-31
28,42,3.0843889377687614e-31
28,43,4.090711975486695e-31
28,44,5.028216952277591e-31
28,45,6.1468129757816595e-31
28,46,1.223336447848175e-30
28,47,6.497334160857897e-31
28,48,7.7844638785089665e-31
28,49,2.5950411854925674e-31
28,50,4.3429161469552725e-31
28,51,3.1884916719684475e-31
28,52,2.670900663513984e-31
28,53,8.705186740631366e-31
28,54,2.756166576353439e-32
28,55,3.914662302948022e-31
28,56,5.913791108143446e-31
28,57,4.084335573122465e-31
28,58,3.29280858991638e-31
28,59,9.46307226760598e-31
28,60,4.913939872797368e-31
28,61,1.5428035584132196e-30
28,62,4.323856688681645e-31
28,63,3.6496683769404157e-31
28,64,6.2628183460548225e-31
28,65,3.450433924091828e-31
28,66,7.3420040306845104e-31
28,67,7.246243093775261e-31
28,68,7.307974841160447e-31
28,69,1.0694206889282109e-30
28,70,4.305394016981209e-31
28,71,5.436024930903299e-31
28,72,3.743672212229738e-31
28,73,7.047463426898834e-31
28,74,1.0336371019901272e-30
28,75,3.6817973662449887e-31
28,76,3.0954073068801916e-31
28,77,3.0411638052241502e-31
28,78,1.3409898054336696e-30
28,79,4.210600996104949e-31
28,80,5.78116246052483e-31
28,81,5.257056232658359e-31
28,82,4.617221956669346e-31
28,83,1.6097931185049766e-31
28,84,5.051698822332357e-31
28,85,4.439309274968333e-31
28,86,5.343534708932767e-31
28,87,2.124560293243377e-31
28,88,4.666577501671596e-31
28,89,1.6849946634159396e-31
28,90,4.4533347642767325e-31
28,91,6.162975822039153e-32
28,92,6.8823144429694545e-31
28,93,7.199061437106871e-31
28,94,4.646596257717705e-31
28,95,6.617228215998409e-31
28,96,3.6586442597926624e-31
28,97,2.109394767302485e-31
28,98,3.0969400934650632e-31
28,99,1.6698414782027562e-31
28,100,2.756166576353439e-32
28,101,7.342448962137784e-31
28,102,4.198682804182795e-31
28,103,3.46287771869535e-31
28,104,3.68173952717494e-31
28,105,3.0760061215344454e-31
28,106,6.4073848244428985e-31
28,107,9.491590838736751e-31
28,108,5.741133537760217e-31
28,109,4.864604887086937e-31
28,110,2.16541334453252e-31
28,111,1.060228397115866e-30
28,112,3.0865599176429427e-31
28,113,5.1134963992469e-32
28,114,5.154655498318703e-31
28,115,6.975523656750843e-31
28,116,8.164602109682435e-31
28,117,1.365688678063403e-31
28,118,3.296059077556762e-31
28,119,6.782646596986058e-31
28,120,1.7303992211345343e-31
28,121,2.5263789840687615e-31
28,122,8.513271878189229e-31
28,123,9.365571192960817e-31
28,124,1.2645421052220488e-30
28,125,6.578934325034114e-31
28,126,4.499579754914211e-31
28,127,1.0937767517719062e-30
28,128,3.6803886987037576e-31
28,129,9.860172957631648e-31
28,130,5.523887256531302e-31
28,131,2.648001029039222e-31
28,132,6.176845330045467e-31
28,133,4.789918553342535e-31
28,134,4.739483173350934e-31
28,135,6.272839385429163e-31
28,136,7.90058645668092e-31
28,137,7.507779050981322e-31
28,138,2.0939364297617287e-31
28,139,3.614353223484066e-31
28,140,5.49352736301136e-31
28,141,4.174677820911477e-31
28,142,4.2831460791563795e-31
28,143,4.475832272558592e-31
28,144,6.961836489601694e-31
28,145,2.518556325829108e-31
28,146,5.113776622390594e-32
28,147,4.324379704551684e-31
28,148,2.229368871826137e-30
28,149,4.6714684251933595e-31
29,30,1.6398448438091938e-30
29,31,2.103247146228331e-30
29,32,1.199305061573993e-15
29,33,3.422535844237375e-30
29,34,1.519856750164871e-30
29,35,2.279617451354655e-30
29,36,9.86703793625768e-31
29,37,1.4509958568869342e-30
29,38,1.7084514723823917e-30
29,39,8.357905208899122e-31
29,40,7.549188257037742e-31
29,41,7.382054172264397e-31
29,42,5.798274996549829e-31
29,43,2.133755847156504e-30
29,44,1.9454795052214826e-30
29,45,2.277041481541925e-30
29,46,2.361644374549085e-30
29,47,1.2228018930184232e-30
29,48,1.6637576586419807e-30
29,49,1.4853225936628418e-30
29,50,2.0875134461262115e-30
29,51,8.249556073004254e-31
29,52,1.489494751143754e-30
29,53,2.6639974244610407e-30
29,54,2.662992185817875e-31
29,55,5.357347384315374e-16
29,56,1.2408575145564244e-30
29,57,1.484464128556018e-30
29,58,9.878450071106164e-31
29,59,1.8835917438712038e-30
29,60,9.416087254575075e-31
29,61,6.298457145895794e-30
29,62,3.137508550650253e-30
29,63,1.7015989212071936e-30
29,64,3.2681011685445827e-16
29,65,2.054878144684792e-30
29,66,1.6136776340778086e-30
29,67,1.4340507560916372e-30
29,68,3.064136502181029e-30
29,69,2.2789362136244074e-30
29,70,2.2292026528469877e-30
29,71,1.4583481861942865e-30
29,72,2.080647083278579e-30
29,73,2.904119581845732e-30
29,74,4.71401329731734e-16
29,75,1.241344083221969e-30
29,76,8.763256862631509e-31
29,77,1.024793411016656e-30
29,78,1.9928522889238077e-30
29,79,9.196845894078996e-31
29,80,2.7530084537679557e-30
29,81,1.0549118593890279e-30
29,82,1.5724433160811171e-30
29,83,9.876553812224688e-31
29,84,1.7943227406870272e-30
29,85,1.1698958222441263e-30
29,86,3.376562156791997e-30
29,87,8.736210159225243e-31
29,88,3.22913373800905e-30
29,89,9.846399461967119e-31
29,90,1.8608962666128203e-30
29,91,5.954631551039518e-31
29,92,1.38020217567817e-30
29,93,1.8891608512234734e-30
29,94,2.2286931786628834e-30
29,95,1.933985728797641e-30
29,96,6.759639465010956e-31
29,97,1.0687196616876267e-30
29,98,7.343158792383732e-31
29,99,1.1684164756466051e-30
29,100,2.662992185817875e-31
29,101,1.101169865567792e-30
29,102,1.2406341173197866e-30
29,103,8.197472296698784e-31
29,104,2.3404164979801855e-30
29,105,5.591320076869986e-31
29,106,9.355417954389854e-31
29,107,1.3597399555105148e-16
29,108,2.5389673696521885e-30
29,109,1.15073683875707e-30
29,110,1.411382198410675e-30
29,111,2.14442152819121e-30
29,112,1.0652034266325786e-30
29,113,8.844072963369471e-32
29,114,2.2934840817175767e-30
29,115,5.662749647834283e-16
29,116,1.3465165661312883e-30
29,117,2.023033879789272e-31
29,118,1.4623646279955694e-30
29,119,1.22621185690798e-30
29,120,5.501967322422587e-31
29,121,7.528350017329284e-31
29,122,1.3387136421263786e-30
29,123,1.4563884365929822e-30
29,124,2.7459908814775324e-30
29,125,2.761355961819742e-30
29,126,7.0779027837187664e-31
29,127,2.6743029651914588e-30
29,128,6.144357671337617e-31
29,129,1.4764116682023514e-30
29,130,8.433064408683685e-31
29,131,6.352460054503909e-31
29,132,2.4324854618327765e-30
29,133,2.193680274487172e-30
29,134,1.4251814806314581e-30
29,135,2.508693854000376e-30
29,136,2.9874310425882714e-30
29,137,1.1621566260223837e-30
29,138,1.0970391851787796e-30
29,139,1.2961907517833114e-30
29,140,2.778536517068829e-30
29,141,1.2893208485466396e-30
29,142,7.738112316658503e-31
29,143,1.243825014445949e-30
29,144,1.0689734453027039e-30
29,145,1.3720950634423627e-30
29,146,8.844557624692246e-32
29,147,1.1088534652428788e-30
29,148,7.328667772801472e-16
29,149,2.1008087190582315e-30
30,31,2.2276030345178734e-30
30,32,1.3621854653394435e-15
30,33,3.6359639313580066e-30
30,34,1.7906563159720555e-30
30,35,2.4866538883419992e-30
30,36,1.1258316726315332e-30
30,37,1.7482084221371037e-30
30,38,1.843119911351099e-30
30,39,9.526346415971993e-31
30,40,1.1790677786691886e-30
30,41,1.0131386699506041e-30
30,42,1.1140271012911824e-30
30,43,2.6999993278334615e-30
30,44,1.7564808849712534e-30
30,45,2.6972788520312575e-30
30,46,2.8678379272982597e-30
30,47,1.5427147525882067e-30
30,48,1.8697727433020193e-30
30,49,1.5023261735207591e-30
30,50,1.981653348490944e-30
30,51,9.323781332959733e-31
30,52,1.6770428555152637e-30
30,53,3.1245011192439042e-30
30,54,3.0246593348591657e-31
30,55,3.3940785798829067e-16
30,56,1.4890885969170917e-30
30,57,1.5268686101981556e-30
30,58,1.2216916406678332e-30
30,59,2.349110289151864e-30
30,60,1.1625339027941088e-30
30,61,7.478288074525671e-30
30,62,3.7781671198641186e-30
30,63,1.768124610160906e-30
30,64,4.704140204225351e-16
30,65,1.9899142164670265e-30
30,66,1.8725403491714598e-30
30,67,1.7835894878646953e-30
30,68,2.9649696148384827e-30
30,69,2.6021567872320344e-30
30,70,2.1840797668012216e-30
30,71,1.397022254105898e-30
30,72,2.54386464436938e-30
30,73,2.5181882377101147e-30
30,74,3.0800014094675935e-16
30,75,1.177896948269111e-30
30,76,9.481125086848768e-31
30,77,2.551871984396224e-16
30,78,3.353932087930942e-30
30,79,1.1188129521560687e-30
30,80,3.175922297046711e-30
30,81,1.3525550423996006e-30
30,82,1.3407678378537901e-30
30,83,1.0648614001061319e-30
30,84,2.1727560536949023e-30
30,85,1.1785851131871285e-30
30,86,1.3883207760299102e-16
30,87,8.311417230113622e-31
30,88,3.66130773726121e-30
30,89,9.740020180825498e-31
30,90,1.6676041284399817e-30
30,91,6.763343881524392e-31
30,92,1.7056573562453863e-30
30,93,2.0129241151296704e-30
30,94,2.4694932451457538e-30
30,95,2.2378433844989503e-30
30,96,1.0890340241818758e-30
30,97,1.3027020716459315e-30
30,98,9.626246974437432e-31
30,99,1.1709799545331788e-30
30,100,3.0246593348591657e-31
30,101,1.7841133445916513e-30
30,102,1.3114771532620348e-30
30,103,1.0399875078206328e-30
30,104,2.6492604521499604e-30
30,105,7.4555004573195e-31
30,106,1.5537060424291393e-30
30,107,9.83074084369562e-16
30,108,2.565353868355987e-30
30,109,1.190635021451284e-30
30,110,1.8454870579116086e-30
30,111,2.9990151999843385e-30
30,112,8.795785095859523e-31
30,113,1.227079524506844e-31
30,114,2.6972715235768775e-30
30,115,6.474400762973215e-16
30,116,2.0070135636203722e-30
30,117,3.367904476154399e-31
30,118,1.8723711698624867e-30
30,119,1.9342558276841498e-30
30,120,6.478787070572451e-31
30,121,7.839430259148035e-31
30,122,2.104025771181843e-30
30,123,2.4763176722930094e-30
30,124,3.275787605534772e-30
30,125,2.0849556932420353e-30
30,126,1.0762265119041054e-30
30,127,3.8500872670472525e-30
30,128,8.794883479417839e-31
30,129,2.5085536779098955e-30
30,130,1.4231085174435246e-30
30,131,8.335904318641493e-31
30,132,2.111006802713483e-30
30,133,2.352567559219073e-30
30,134,1.5620294344443414e-30
30,135,2.575776501333241e-30
30,136,3.5199127652367784e-30
30,137,1.8725640700477527e-30
30,138,1.138360528404437e-30
30,139,1.3051092873801934e-30
30,140,2.9105068964360125e-30
30,141,1.184804002733314e-30
30,142,1.0185275758319625e-30
30,143,1.5035095879072645e-30
30,144,1.6973544139788463e-30
30,145,1.479438360143221e-30
30,146,1.22714676931452e-31
30,147,1.2913001458689232e-30
30,148,3.8530693800452773e-16
30,149,2.2709817492826098e-30
31,32,1.6224118973998467e-15
31,33,3.7717162939168856e-30
31,34,1.4680337247441304e-30
31,35,3.0036717389297826e-30
31,36,1.3518539641152522e-30
31,37,1.5184835989653368e-30
31,38,1.5759073202475415e-30
31,39,1.1252154011269055e-30
31,40,1.0737969624281485e-30
31,41,9.629743715693022e-31
31,42,8.155944674099899e-31
31,43,3.042536660111569e-30
31,44,2.294461188014305e-30
31,45,2.978261560958489e-30
31,46,2.2827867179172115e-30
31,47,1.1995852859443194e-30
31,48,1.7501665625758596e-30
31,49,1.872621909143352e-30
31,50,2.329414474540757e-30
31,51,1.1047780652354367e-30
31,52,2.0248483077396673e-30
31,53,3.4504121941904534e-30
31,54,3.6024780878381927e-31
31,55,9.229417701705944e-16
31,56,1.445204872795888e-30
31,57,1.9959550157173793e-30
31,58,1.2527931858351222e-30
31,59,1.9398404184920223e-30
31,60,9.365361432569618e-31
31,61,9.132898088814902e-30
31,62,4.516005611054439e-30
31,63,2.068227225216247e-30
31,64,6.862310181279118e-16
31,65,2.4884892463704548e-30
31,66,1.6706765898356547e-30
31,67,1.7636454135217478e-30
31,68,5.659560270998066e-16
31,69,2.3655612377111027e-30
31,70,2.740921504855658e-30
31,71,1.5194643986706624e-30
31,72,2.8889222055349338e-30
31,73,3.317869383569733e-30
31,74,4.154409208579768e-16
31,75,1.1322310361550607e-16
31,76,9.519581016311917e-31
31,77,3.7583595811137844e-16
31,78,2.2803870910454e-30
31,79,1.2854019604067777e-30
31,80,3.975849834412015e-30
31,81,1.277657635274753e-30
31,82,1.6021764049169328e-30
31,83,1.2755989430712713e-30
31,84,6.683189641978627e-16
31,85,1.4725073246011265e-30
31,86,4.380314186914302e-16
31,87,1.0497079948006187e-30
31,88,4.446148811266292e-30
31,89,1.1716421285273067e-30
31,90,2.027889758619397e-30
31,91,8.055385891859656e-31
31,92,1.3764035256883406e-30
31,93,2.03983575429668e-30
31,94,2.878645789297045e-30
31,95,2.37672271162566e-30
31,96,9.123709594293579e-31
31,97,5.478349020596455e-16
31,98,9.257599869950093e-31
31,99,1.4540439396207779e-30
31,100,3.6024780878381927e-31
31,101,1.1080070936949364e-30
31,102,1.577984616304726e-30
31,103,1.1717034559951845e-30
31,104,3.26739537280044e-30
31,105,5.661504142006933e-31
31,106,9.692164194285326e-31
31,107,4.757882355966809e-16
31,108,3.281717799815505e-30
31,109,1.1439047124950694e-30
31,110,2.1205745135743887e-30
31,111,3.0188096557077936e-30
31,112,1.1934764789349798e-30
31,113,8.503384597040761e-32
31,114,3.187808353911637e-30
31,115,6.876078218005528e-16
31,116,2.4905864517983676e-16
31,117,2.153096864226041e-31
31,118,2.059072163521443e-30
31,119,1.6968182668291303e-30
31,120,7.291157879866071e-31
31,121,8.382978866302198e-31
31,122,1.3757292050382465e-30
31,123,1.9233774423020256e-30
31,124,3.282294239067167e-30
31,125,2.6485689187110874e-30
31,126,6.876977098284276e-31
31,127,3.5572620887847606e-30
31,128,5.895547082653881e-31
31,129,1.644389339425483e-30
31,130,9.618413690683865e-31
31,131,8.748150721360721e-31
31,132,2.852428984008155e-30
31,133,2.8856797091660033e-30
31,134,1.888927998553754e-30
31,135,3.2848403862215035e-30
31,136,3.844431126002716e-30
31,137,1.134030794560564e-30
31,138,1.4082869665102569e-30
31,139,1.5135207292970254e-30
31,140,3.54216510334622e-30
31,141,1.0854305230332209e-30
31,142,7.569755740489649e-31
31,143,1.669227044208053e-30
31,144,1.084213987417293e-30
31,145,1.6335409955697512e-30
31,146,8.50385058840514e-32
31,147,1.4902593632640062e-30
31,148,7.22789176769391e-16
31,149,2.8062588064811972e-30
32,33,1.4989456365628339e-15
32,34,7.154130853715972e-16
32,35,1.7195021519682043e-15
32,36,8.252325904466732e-16
32,37,5.302695275805846e-16
32,38,7.529898907871223e-16
32,39,6.800116025829089e-16
32,40,5.881301029635772e-16
32,41,5.762207236921975e-16
32,42,4.3054704405822103e-16
32,43,1.9226389303836745e-15
32,44,1.3218183103392468e-15
32,45,1.8788552845757246e-15
32,46,8.336208203874975e-16
32,47,3.1186449331649705e-16
32,48,9.59182577262632e-16
32,49,1.1174851121785402e-15
32,50,1.2459131330779499e-15
32,51,6.499265997424101e-16
32,52,1.2130964802958946e-15
32,53,2.157969508979796e-15
32,54,2.220446049250314e-16
32,55,5.052448276693634e-16
32,56,7.265654807080649e-16
32,57,1.0066393465510142e-15
32,58,8.031451217705898e-16
32,59,8.254659377128805e-16
32,60,5.034405433428665e-16
32,61,4.242006008529334e-15
32,62,2.7104087013067406e-15
32,63,1.2491743630058809e-15
32,64,1.8458631620095973e-15
32,65,1.4895204919483647e-15
32,66,6.286500016609089e-16
32,67,1.0713795997940199e-15
32,68,2.0869812096019783e-15
32,69,1.1461784168772086e-15
32,70,1.4606000819518475e-15
32,71,7.678067178508751e-16
32,72,1.822111293601571e-15
32,73,1.9160821779470713e-15
32,74,2.0405657764487315e-15
32,75,9.383443033294192e-16
32,76,3.1845289861161664e-16
32,77,8.225443389041323e-16
32,78,1.3944587366969938e-15
32,79,7.891142498200136e-16
32,80,2.3644974701664036e-15
32,81,6.690547565963518e-16
32,82,7.870752211029812e-16
32,83,7.873733860743907e-16
32,84,1.530840147216682e-15
32,85,8.81174642017742e-16
32,86,2.6575420129912953e-15
32,87,6.018865528812213e-16
32,88,2.7369264295114884e-15
32,89,7.023038222575553e-16
32,90,1.2142271289495386e-15
32,91,4.965068306494547e-16
32,92,3.94374035747058e-16
32,93,1.0273313046550292e-15
32,94,1.7694179454963438e-15
32,95,1.4980459670679733e-15
32,96,5.900916318210354e-16
32,97,9.816021348677556e-16
32,98,5.923007482962418e-16
32,99,7.791361360319885e-16
32,100,2.220446049250314e-16
32,101,5.087681048627605e-16
32,102,8.550339214846362e-16
32,103,7.309590377180031e-16
32,104,1.961683109444577e-15
32,105,2.7601189532820437e-16
32,106,4.1932970789410446e-16
32,107,7.557902481999036e-16
32,108,1.830823737720644e-15
32,109,6.562392647709665e-16
32,110,1.3229834214604202e-15
32,111,1.9298110615968603e-15
32,112,6.622191845129332e-16
32,113,1.3615849159969361e-31
32,114,1.992128071352312e-15
32,115,4.1168770434028364e-15
32,116,6.413129810193264e-16
32,117,1.241267076623637e-16
32,118,1.3207809071314167e-15
32,119,1.1064000509094927e-15
32,120,3.447345567691829e-16
32,121,3.554447978966675e-16
32,122,5.998030623559168e-16
32,123,1.2523886564118051e-15
32,124,2.0764922604581893e-15
32,125,1.2831936108849743e-15
32,126,1.5700924586837774e-16
32,127,2.2874366598686947e-15
32,128,5.551115123125796e-17
32,129,9.973679442793458e-16
32,130,5.13864799765116e-16
32,131,5.578801654593731e-16
32,132,1.5766194068932193e-15
32,133,1.7148476410704459e-15
32,134,1.1309332765762816e-15
32,135,1.8137079404529304e-15
32,136,2.419157875510044e-15
32,137,6.604719012976325e-16
32,138,8.216072331155117e-16
32,139,9.31624032914376e-16
32,140,2.1066429324818705e-15
32,141,5.627353117637736e-16
32,142,4.017973090853895e-16
32,143,1.0720984053762526e-15
32,144,5.238750013840913e-16
32,145,1.0138623967620453e-15
32,146,1.3616595317932087e-31
32,147,6.814262319516051e-16
32,148,3.6977534562186055e-15
32,149,1.5827980514452622e-15
33,34,4.1925750626606956e-30
33,35,4.456369878239187e-30
33,36,1.4573252364020672e-30
33,37,4.2673281937946994e-30
33,38,4.247415176833792e-30
33,39,1.819278287805096e-30
33,40,2.5795681125793058e-30
33,41,2.17892117104469e-30
33,42,1.2812001075942476e-30
33,43,2.303561464934521e-30
33,44,3.875652729883738e-30
33,45,3.088793328875182e-30
33,46,6.694614633098224e-30
33,47,3.543121774503437e-30
33,48,4.091565495098621e-30
33,49,2.563282281907981e-30
33,50,4.228752140035353e-30
33,51,1.7977567083109505e-30
33,52,2.412535452319303e-30
33,53,4.352365194201317e-30
33,54,3.3283279167469397e-31
33,55,5.390944523996083e-16
33,56,3.608444941131803e-30
33,57,3.297268369115917e-30
33,58,8.218815317386405e-31
33,59,5.508061169432023e-30
33,60,2.446798126119909e-30
33,61,1.5806181662865836e-29
33,62,4.984572333101057e-30
33,63,2.9575063883885875e-30
33,64,6.31753804727599e-16
33,65,3.091963761127685e-30
33,66,4.614080359893558e-30
33,67,3.790687488047467e-30
33,68,6.406640648214686e-30
33,69,6.355312601814594e-30
33,70,4.803864687618256e-30
33,71,3.5790289213588906e-30
33,72,2.1450113539313497e-30
33,73,5.34162998592606e-30
33,74,1.1533057598711793e-16
33,75,2.3212269535092588e-30
33,76,1.71743674893113e-30
33,77,1.3246748681296014e-30
33,78,5.3939381780991074e-30
33,79,2.3212820841978734e-30
33,80,5.0712910265190725e-30
33,81,2.7199470053611035e-30
33,82,3.513352912225463e-30
33,83,1.3361742386210388e-30
33,84,2.4278456806559505e-30
33,85,2.7520685049321478e-30
33,86,5.019276850340989e-30
33,87,1.739804735201931e-30
33,88,4.386001187732882e-30
33,89,1.620788213526568e-30
33,90,2.9417810566368645e-30
33,91,7.4423674732564165e-31
33,92,4.076973105664699e-30
33,93,4.865274968463509e-30
33,94,3.607832561211187e-30
33,95,2.6884836214828137e-30
33,96,1.089730349421898e-30
33,97,1.5127647084164938e-30
33,98,1.2212761134135613e-30
33,99,2.4289143082792562e-30
33,100,3.3283279167469397e-31
33,101,3.1313780829713198e-30
33,102,3.129443008477142e-30
33,103,1.8681775782458495e-30
33,104,3.912851325644852e-30
33,105,1.5648276162756834e-30
33,106,2.9023078963393083e-30
33,107,5.247932755355909e-16
33,108,5.118651774762452e-30
33,109,2.833165617181343e-30
33,110,1.983869851714599e-30
33,111,5.0042232978765196e-30
33,112,2.2220328309139374e-30
33,113,2.68938864418571e-31
33,114,3.435228799019906e-30
33,115,5.969163063393325e-16
33,116,3.541281746516917e-30
33,117,5.82817219284562e-31
33,118,1.659955261581776e-30
33,119,2.592812868092622e-30
33,120,1.516893072371572e-30
33,121,1.980632619185925e-30
33,122,4.1158231083411344e-30
33,123,3.719351954481311e-30
33,124,6.324222107829583e-30
33,125,5.531238062848294e-30
33,126,2.122091584534205e-30
33,127,1.8402135737259203e-30
33,128,1.866878287847394e-30
33,129,4.41545158505152e-30
33,130,2.0269028930602106e-30
33,131,1.2156600188918926e-30
33,132,4.793028685216569e-30
33,133,3.0492856159396166e-30
33,134,2.9421549671584606e-30
33,135,5.6163373746561085e-30
33,136,2.639921661861881e-30
33,137,3.527530835943078e-30
33,138,2.0947464479553336e-30
33,139,2.1168558188160344e-30
33,140,5.002223458734945e-30
33,141,2.5505547174803003e-30
33,142,2.2458229260034215e-30
33,143,1.988942789769257e-30
33,144,3.099021279307867e-30
33,145,1.1968487797055276e-30
33,146,2.689536024545771e-31
33,147,3.0601461970895715e-30
33,148,3.6848074723016316e-16
33,149,4.5678574855351785e-30
34,35,1.8221108675346513e-30
34,36,6.11716832938157e-31
34,37,2.124808925416658e-30
34,38,2.1330519402370432e-30
34,39,7.952228392985682e-31
34,40,1.1832644473169661e-30
34,41,1.0941264056408959e-30
34,42,9.371704177562273e-31
34,43,1.4720249822645558e-30
34,44,1.660731392879631e-30
34,45,1.5664994853799716e-30
34,46,3.7162732040382176e-30
34,47,1.933551350219797e-30
34,48,3.9884025607714795e-16
34,49,9.775276502851617e-31
34,50,1.8086115207271537e-30
34,51,9.000949288908996e-31
34,52,9.443286512768473e-31
34,53,2.4538928347914376e-30
34,54,1.5885361589953394e-31
34,55,2.940650514817883e-16
34,56,1.7556171670079062e-30
34,57,1.441190477362652e-30
34,58,8.71619142120477e-31
34,59,2.8263858481337397e-30
34,60,1.4749354065607379e-30
34,61,2.394938950876718e-16
34,62,2.0694890133168954e-30
34,63,1.1571032346332582e-30
34,64,4.652690383697477e-16
34,65,1.2471425895852791e-30
34,66,2.257175306188278e-30
34,67,2.0364144718501448e-30
34,68,2.6339914917961823e-30
34,69,3.197013946310101e-30
34,70,1.938576222428039e-30
34,71,1.7422773738990328e-30
34,72,1.3479348055897216e-30
34,73,2.3469668570023136e-30
34,74,4.755547660097776e-16
34,75,9.917572087627576e-31
34,76,8.529663992082962e-31
34,77,6.951372693435653e-16
34,78,3.7414652518848625e-30
34,79,1.1846574247591913e-30
34,80,1.983326940347284e-30
34,81,1.3685865763625521e-30
34,82,1.6842224881456634e-30
34,83,5.724539866081762e-31
34,84,1.2165197140763417e-30
34,85,1.2792653925458633e-30
34,86,2.044827226278648e-30
34,87,7.7788456270813755e-31
34,88,2.1660930184283442e-30
34,89,6.219843535828678e-31
34,90,1.3465276532844609e-30
34,91,3.552074836229992e-31
34,92,2.0952966384694596e-30
34,93,2.337357780580416e-30
34,94,1.4982927247143758e-30
34,95,1.7758559844384327e-30
34,96,9.183806892055695e-31
34,97,8.666725889066555e-31
34,98,8.892243566662116e-31
34,99,9.552681432019937e-31
34,100,1.5885361589953398e-31
34,101,2.0115951713718203e-30
34,102,1.3608900052922748e-30
34,103,8.69247795611457e-31
34,104,1.5617190985127622e-30
34,105,8.546263954363697e-31
34,106,1.7486103073394217e-30
34,107,6.077897742321456e-16
34,108,2.128199294627525e-30
34,109,1.5041757102955324e-30
34,110,1.0934534469812015e-30
34,111,2.789629437929567e-30
34,112,1.0557694128725341e-30
34,113,1.488585134314185e-31
34,114,1.517675278850625e-30
34,115,6.373214457958159e-16
34,116,2.3570920569249175e-30
34,117,3.6939830639248745e-31
34,118,1.0535876007490807e-30
34,119,1.7630606066676e-30
34,120,6.284990251162277e-31
34,121,8.915399187615695e-31
34,122,2.3255339725330705e-30
34,123,2.5737463591999134e-30
34,124,3.498653281407369e-30
34,125,2.649851350631285e-30
34,126,1.262197912603709e-30
34,127,2.6492475008049122e-30
34,128,1.0574004415457895e-30
34,129,2.6399733649230373e-30
34,130,1.4823906167256007e-30
34,131,6.8633023541180555e-31
34,132,1.0020961115115574e-16
34,133,1.2757028721144124e-30
34,134,1.5442066172337318e-30
34,135,2.2690801946062733e-30
34,136,2.172937565237705e-30
34,137,2.1076925248612447e-30
34,138,8.607793338761963e-31
34,139,1.1229171515315278e-30
34,140,1.985267434599466e-30
34,141,1.1727640611187034e-30
34,142,1.243825490857811e-30
34,143,1.1451560415441341e-30
34,144,1.895145966031837e-30
34,145,7.1732763245667345e-31
34,146,1.4886667098103668e-31
34,147,1.421195966103223e-30
34,148,5.644652648078218e-16
34,149,1.803638604612932e-30
35,36,1.4428311749226795e-30
35,37,1.8635888899097295e-30
35,38,1.9587683678335926e-30
35,39,1.1932406197804508e-30
35,40,1.1842626391099779e-30
35,41,1.0299092841327917e-30
35,42,1.0110245652224393e-30
35,43,3.234496825314228e-30
35,44,2.5156880776205005e-30
35,45,3.1660191544547745e-30
35,46,2.9480742836933155e-30
35,47,1.628581814895439e-30
35,48,1.9466106122836904e-30
35,49,2.091425518317105e-30
35,50,2.939233494841772e-30
35,51,1.1805986936590737e-30
35,52,2.1705267788659203e-30
35,53,3.6490423010749556e-30
35,54,3.818061760015209e-31
35,55,4.933939044724273e-16
35,56,1.736470204438646e-30
35,57,2.2195977862693254e-30
35,58,1.260799085805827e-30
35,59,2.4388316481195005e-30
35,60,1.199268708939384e-30
35,61,1.1775693846286944e-16
35,62,4.9313110325601446e-30
35,63,2.3302507414595616e-30
35,64,3.518405656304119e-30
35,65,2.6250917353843975e-30
35,66,1.9877539728964168e-30
35,67,1.9124629938348023e-30
35,68,4.069503464070568e-30
35,69,2.810240874928573e-30
35,70,3.07576274864914e-30
35,71,1.7861170918276374e-30
35,72,3.0520346701163147e-30
35,73,3.508192107912446e-30
35,74,3.371397760571699e-30
35,75,1.5512585813315541e-30
35,76,1.3252113938294643e-30
35,77,1.2882324937303542e-30
35,78,2.7391983014236417e-30
35,79,1.3745222945043215e-30
35,80,4.156355113466657e-30
35,81,1.1487337276707266e-30
35,82,1.86273079102078e-30
35,83,1.3464718168004031e-30
35,84,2.5616366539566678e-30
35,85,1.7087739249534622e-30
35,86,4.6553838840427725e-30
35,87,1.1417599329638457e-30
35,88,4.7642350009849574e-30
35,89,1.3160938296980256e-30
35,90,2.2194387911910134e-30
35,91,8.537445637686495e-31
35,92,1.7200576920481293e-30
35,93,2.361370887354943e-30
35,94,3.225141081997521e-30
35,95,2.4293081630283063e-30
35,96,9.754439471413366e-31
35,97,1.673780464640251e-30
35,98,9.91925768026752e-31
35,99,1.615489257656937e-30
35,100,3.818061760015209e-31
35,101,1.4075363957565543e-30
35,102,1.7539463738247774e-30
35,103,1.2564512785920207e-30
35,104,3.4186913841910504e-30
35,105,5.869921056958005e-31
35,106,1.2271442513692439e-30
35,107,9.371376974095732e-16
35,108,3.987099211138517e-30
35,109,1.4603767102014234e-30
35,110,2.288935349184728e-30
35,111,3.174137749844698e-30
35,112,1.2934303361379339e-30
35,113,1.0956704462216178e-31
35,114,3.771953183188408e-30
35,115,9.54570900948804e-16
35,116,1.3400687463029831e-30
35,117,2.602520129451364e-31
35,118,2.220493369535099e-30
35,119,1.8038366636849767e-30
35,120,8.314751900226155e-31
35,121,9.799726813948266e-31
35,122,1.4769796603252979e-30
35,123,2.101297807209908e-30
35,124,3.719280431656104e-30
35,125,3.0140895003381e-30
35,126,8.820179207198674e-31
35,127,3.665349761059705e-30
35,128,7.616109161370827e-31
35,129,1.7877877866318652e-30
35,130,1.0965478820631576e-30
35,131,9.203491551765395e-31
35,132,3.180045473002467e-30
35,133,2.979137081356162e-30
35,134,1.987692528690973e-30
35,135,3.485515029961666e-30
35,136,3.9745713829450656e-30
35,137,1.3194694200943592e-30
35,138,1.5190885822396218e-30
35,139,1.7006352847900967e-30
35,140,3.7769902006922296e-30
35,141,1.2103303841260213e-30
35,142,9.094654348886834e-31
35,143,1.7445674976147398e-30
35,144,1.2961636737109209e-30
35,145,1.7830090825661122e-30
35,146,1.095730489720805e-31
35,147,1.7546259577460413e-30
35,148,2.9837243786801235e-16
35,149,3.06877106734505e-30
36,37,5.318900008368287e-31
36,38,6.366307840752753e-31
36,39,5.617824919300514e-31
36,40,4.986540754275617e-31
36,41,4.760460302362927e-31
36,42,3.3849835995838655e-31
36,43,1.5863323624653096e-30
36,44,1.0967186746740275e-30
36,45,1.5307502694459475e-30
36,46,7.463653352113889e-31
36,47,3.20939661639295e-31
36,48,7.632445612506086e-31
36,49,9.28325485223553e-31
36,50,1.066995300275892e-30
36,51,5.34809269081018e-31
36,52,1.0083195458179318e-30
36,53,1.763943801620596e-30
36,54,1.8323844451699165e-31
36,55,2.3298229241178546e-31
36,56,6.231689755318878e-31
36,57,8.573486418398118e-31
36,58,6.4172747695748044e-31
36,59,7.236454001898525e-31
36,60,4.072711235718491e-31
36,61,3.730600350625213e-30
36,62,2.283296870758793e-30
36,63,1.0394659158782716e-30
36,64,1.5472136262369475e-30
36,65,1.2211047137767036e-30
36,66,6.035784514832262e-31
36,67,8.811074776013365e-31
36,68,1.7614734140456126e-30
36,69,9.832087931506196e-31
36,70,1.260708659545207e-30
36,71,6.522750334157465e-31
36,72,1.4958666090599873e-30
36,73,1.568632437469087e-30
36,74,1.6840025487242117e-30
36,75,7.586814948916987e-31
36,76,2.825355262152333e-31
36,77,6.552532465298719e-31
36,78,1.140505128175594e-30
36,79,6.556048450190145e-31
36,80,1.978669338383674e-30
36,81,5.5086267408746144e-31
36,82,6.82578334466729e-31
36,83,6.4706130396786985e-31
36,84,1.2501672502322604e-30
36,85,7.39240436486876e-31
36,86,2.1738297742023813e-30
36,87,5.077151526990676e-31
36,88,2.246712427924973e-30
36,89,5.86433995024724e-31
36,90,9.836846109562373e-31
36,91,4.097336180313169e-31
36,92,4.335236089771716e-31
36,93,9.003334306669902e-31
36,94,1.4648023226575083e-30
36,95,1.193823287367635e-30
36,96,4.777184711999728e-31
36,97,8.234855700303073e-31
36,98,4.802429068220114e-31
36,99,6.729875186376328e-31
36,100,1.8323844451699165e-31
36,101,4.4969476665707005e-31
36,102,7.369975438568377e-31
36,103,6.050593760410851e-31
36,104,1.638296225194827e-30
36,105,2.2492997953830394e-31
36,106,3.5173532672207693e-31
36,107,6.945186362958372e-31
36,108,1.5428587301864487e-30
36,109,5.419335653896648e-31
36,110,1.1139009733958283e-30
36,111,1.5791452842742476e-30
36,112,5.519602106396826e-31
36,113,2.2185462298853593e-32
36,114,1.6452851046412095e-30
36,115,3.47753610252225e-30
36,116,5.254235119798343e-31
36,117,1.012675996702612e-31
36,118,1.092956336299701e-30
36,119,8.954100038574065e-31
36,120,3.154352327505545e-31
36,121,3.3557938182896733e-31
36,122,4.846288249157946e-31
36,123,1.018132760901729e-30
36,124,1.6744363155347924e-30
36,125,1.0996353913586665e-30
36,126,1.983343094249287e-31
36,127,1.8292196752757368e-30
36,128,1.5463747297939963e-31
36,129,7.91562009314014e-31
36,130,4.2935552185298996e-31
36,131,4.548709729706998e-31
36,132,1.3035766699663823e-30
36,133,1.3972308522881627e-30
36,134,9.478075076016544e-31
36,135,1.5520180903950314e-30
36,136,1.943154373438628e-30
36,137,5.23550061990652e-31
36,138,7.0007224433333465e-31
36,139,7.678560964485742e-31
36,140,1.7562469841803977e-30
36,141,4.781971179636163e-31
36,142,3.3165468343269506e-31
36,143,8.6770469385489e-31
36,144,4.36569381775546e-31
36,145,8.233221753342622e-31
36,146,2.2186678077550644e-32
36,147,6.109290566209012e-31
36,148,5.55111512312589e-17
36,149,1.3559935178564964e-30
37,38,2.11696844467213e-30
37,39,8.247207990915427e-31
37,40,1.2999677913786401e-30
37,41,1.090922496736149e-30
37,42,6.875647163503679e-31
37,43,8.797070181545642e-31
37,44,1.6787251329529944e-30
37,45,1.3122669066904581e-30
37,46,3.4152132007939786e-30
37,47,1.8195754997369298e-30
37,48,2.0856646691745874e-30
37,49,9.77863271781112e-31
37,50,1.8141349108978542e-30
37,51,8.633119790126756e-31
37,52,9.758546706245388e-31
37,53,2.0272057973482633e-30
37,54,1.177434877554139e-31
37,55,1.241267076623637e-16
37,56,1.7614346091374277e-30
37,57,1.4505375628268838e-30
37,58,5.571573538257513e-31
37,59,2.750405481842066e-30
37,60,1.2807827356248894e-30
37,61,6.889882023837739e-30
37,62,1.849053446859817e-30
37,63,1.2284724128190144e-30
37,64,1.5656704316258798e-30
37,65,1.1897420218255426e-30
37,66,2.245818594601593e-30
37,67,1.903477757221214e-30
37,68,2.7415329444203664e-30
37,69,3.120735151579201e-30
37,70,2.010429019639693e-30
37,71,1.6960392600638627e-30
37,72,8.163607349048404e-31
37,73,2.297914451172137e-30
37,74,2.719470563754258e-30
37,75,1.03136200829685e-30
37,76,8.816258137783785e-31
37,77,6.141206443542213e-31
37,78,3.1292639209297766e-30
37,79,1.1239734448648836e-30
37,80,2.0058072076861807e-30
37,81,1.3747619245884372e-30
37,82,1.5938259800483155e-30
37,83,4.899532124912582e-31
37,84,1.0443864648491644e-30
37,85,1.2747521386118662e-30
37,86,1.8066393835169114e-30
37,87,7.4052929959646015e-31
37,88,1.4979010206114917e-30
37,89,6.5180725005118075e-31
37,90,1.2825514321403132e-30
37,91,2.6328244252901963e-31
37,92,2.0363702032251108e-30
37,93,2.2872944232826995e-30
37,94,1.438582421429904e-30
37,95,1.3858833069361917e-30
37,96,7.294994051476117e-31
37,97,5.378160462023887e-31
37,98,6.707763278465618e-31
37,99,9.935419599881765e-31
37,100,1.1774348775541393e-31
37,101,1.7843520991567167e-30
37,102,1.417320431448888e-30
37,103,9.042137764784896e-31
37,104,1.4950308659269541e-30
37,105,8.104669476716096e-31
37,106,1.613751513787605e-30
37,107,2.7966305993269874e-30
37,108,2.0903971430578575e-30
37,109,1.3852554495445034e-30
37,110,7.362395599090258e-31
37,111,2.5465665229084874e-30
37,112,9.887280996251686e-31
37,113,1.4086021564656222e-31
37,114,1.2950795555184517e-30
37,115,4.1080218283910684e-30
37,116,1.9880983887276234e-30
37,117,3.296042231540156e-31
37,118,6.336799336480169e-31
37,119,1.4828580418386036e-30
37,120,6.82599863597281e-31
37,121,9.080342582957776e-31
37,122,2.2169823432661802e-30
37,123,2.1283171335107838e-30
37,124,3.20651227144925e-30
37,125,2.4502190864273106e-30
37,126,1.1613007398097984e-30
37,127,1.8335114363301237e-30
37,128,9.916923011910926e-31
37,129,2.4280980542842147e-30
37,130,1.2418203268126686e-30
37,131,6.094136207563604e-31
37,132,2.06005034556105e-30
37,133,1.2147903674312573e-30
37,134,1.321251265771261e-30
37,135,2.38985594465245e-30
37,136,1.2520427883391069e-30
37,137,1.915300025575113e-30
37,138,8.394802624319147e-31
37,139,9.58387686565472e-31
37,140,2.034652240100159e-30
37,141,1.2702309439212939e-30
37,142,1.1578287418309243e-30
37,143,1.0095060821674332e-30
37,144,1.7245751088861538e-30
37,145,4.441287785338576e-31
37,146,1.408679348839231e-31
37,147,1.4363387518625598e-30
37,148,3.554447978966669e-16
37,149,1.9159390062440686e-30
38,39,7.935122926407378e-31
38,40,1.7321183587965262e-30
38,41,1.175749572575596e-30
38,42,8.593444207551304e-31
38,43,1.2913384814891353e-30
38,44,1.6746664874855038e-30
38,45,1.5575510553691921e-30
38,46,3.3564193689532444e-30
38,47,1.8351990427972488e-30
38,48,2.1121484454338823e-30
38,49,1.0458510940922976e-30
38,50,1.8906560992064566e-30
38,51,9.308112589015823e-31
38,52,1.2134078621223953e-30
38,53,2.140177482475447e-30
38,54,1.67197342812369e-31
38,55,3.188872858294074e-16
38,56,1.8352354962449853e-30
38,57,1.4847667203095477e-30
38,58,1.2583631492542421e-30
38,59,2.7872595103123737e-30
38,60,1.2812796558326811e-30
38,61,7.3874930724999e-30
38,62,2.1736241383718024e-30
38,63,1.276835520868012e-30
38,64,1.6493685126567705e-30
38,65,1.611616021307829e-30
38,66,2.2230028894100308e-30
38,67,1.8755119361435403e-30
38,68,2.7382598552652933e-30
38,69,3.0664056932669218e-30
38,70,2.0522505255981563e-30
38,71,1.6931574921350367e-30
38,72,1.2900595909187367e-30
38,73,2.4656068408053243e-30
38,74,2.7254578679049096e-30
38,75,1.3812429884549651e-30
38,76,2.119864132898131e-30
38,77,9.937961461471574e-31
38,78,3.2215955435430606e-30
38,79,1.1594062927176148e-30
38,80,2.1101005985369918e-30
38,81,1.4906159019881196e-30
38,82,1.67025579136298e-30
38,83,9.227971385484003e-31
38,84,1.2772945501908214e-30
38,85,1.3054525551567454e-30
38,86,2.5729447140140604e-30
38,87,8.087269522232867e-31
38,88,2.2457619050180872e-30
38,89,9.253370603127887e-31
38,90,1.577828783404304e-30
38,91,3.738646241857928e-31
38,92,2.045132734962727e-30
38,93,2.2508481634518898e-30
38,94,1.5142718705448513e-30
38,95,1.7338307479453038e-30
38,96,8.853957840073199e-31
38,97,7.478916898831895e-31
38,98,7.458524899175285e-31
38,99,1.0359055695602018e-30
38,100,1.67197342812369e-31
38,101,1.8600125825213457e-30
38,102,1.4406230009921368e-30
38,103,1.0882037183003571e-30
38,104,1.646632890038183e-30
38,105,7.77391520208609e-31
38,106,1.758804681305276e-30
38,107,2.9938475485634092e-30
38,108,2.1972541160038455e-30
38,109,1.3901103234102353e-30
38,110,1.0302345242372289e-30
38,111,2.5744757718070115e-30
38,112,1.0491235267022074e-30
38,113,1.430274231529161e-31
38,114,1.4276976956110338e-30
38,115,4.333627386170663e-30
38,116,2.049290287392998e-30
38,117,3.449953203792708e-31
38,118,8.954936046806746e-31
38,119,1.60386109332299e-30
38,120,7.460950488607979e-31
38,121,9.046497330272946e-31
38,122,2.409577036676943e-30
38,123,2.1179607320353314e-30
38,124,3.33334111277618e-30
38,125,2.8439182852644268e-30
38,126,1.203337542532683e-30
38,127,2.800108604018318e-30
38,128,1.0111141513372104e-30
38,129,2.622343976004858e-30
38,130,1.2852797276589876e-30
38,131,6.334057821449014e-31
38,132,2.22290484618201e-30
38,133,1.5841311631832637e-30
38,134,1.4450121319631161e-30
38,135,2.3988971152956514e-30
38,136,2.4842094325611134e-30
38,137,2.0674193444329353e-30
38,138,9.986141141186832e-31
38,139,1.6602923488526683e-30
38,140,2.1832212275373737e-30
38,141,2.6724260230706976e-30
38,142,1.1636646390971293e-30
38,143,1.5053894220110352e-30
38,144,1.775951865886599e-30
38,145,9.996803723025252e-31
38,146,1.4303526115474908e-31
38,147,1.5732242822458749e-30
38,148,1.5818851970804728e-15
38,149,1.9650947308864343e-30
39,40,5.2566528188986845e-31
39,41,4.938842350182468e-31
39,42,4.218974146174506e-31
39,43,1.3137801910539997e-30
39,44,9.341805770091597e-31
39,45,1.3141005785778513e-30
39,46,1.3699573239723022e-30
39,47,7.446796184596726e-31
39,48,8.86366218955368e-31
39,49,7.664978749132367e-31
39,50,9.423293639552628e-31
39,51,4.604880604243193e-31
39,52,8.335384758360261e-31
39,53,1.4986171511020217e-30
39,54,1.5099290763995931e-31
39,55,2.831374823917146e-16
39,56,6.958575003003088e-31
39,57,7.491488307302877e-31
39,58,5.712894894759609e-31
39,59,1.0915628922116294e-30
39,60,5.243202490252708e-31
39,61,3.69977164820151e-30
39,62,1.8478180223612526e-30
39,63,8.591282861929612e-31
39,64,1.2301551874280807e-30
39,65,1.0191463528467805e-30
39,66,9.37788857248197e-31
39,67,8.039929644357501e-31
39,68,1.5147641638741415e-30
39,69,1.2732357000790905e-30
39,70,1.1334133723652409e-30
39,71,6.7590130684392625e-31
39,72,1.2465545329757556e-30
39,73,1.3352353367668187e-30
39,74,1.5504121544060093e-30
39,75,6.464586742628271e-31
39,76,4.360970284354545e-31
39,77,6.174625776941869e-31
39,78,1.4858403967182126e-30
39,79,5.359254115305374e-31
39,80,1.6374882640983167e-30
39,81,7.629505243093995e-31
39,82,6.9295426929399e-31
39,83,5.342424621238111e-31
39,84,1.0490511094121895e-30
39,85,6.209229250216117e-31
39,86,1.798566417563638e-30
39,87,4.274307558677883e-31
39,88,1.8749941747740944e-30
39,89,4.802521958690573e-31
39,90,8.309746333778729e-31
39,91,3.376304056032962e-31
39,92,8.033765313179283e-31
39,93,9.65057429762217e-31
39,94,1.2230802317100946e-30
39,95,1.0755883248541966e-30
39,96,4.975390068286165e-31
39,97,6.4554718096185505e-31
39,98,4.5083142263123325e-31
39,99,5.950044214084811e-31
39,100,1.5099290763995931e-31
39,101,7.984085337506015e-31
39,102,6.627121708998565e-31
39,103,5.006790274919043e-31
39,104,1.3464738293608672e-30
39,105,3.785890557919194e-31
39,106,6.763833592086835e-31
39,107,1.0560221425035303e-30
39,108,1.3130503123178064e-30
39,109,5.340505291207022e-31
39,110,8.915387271511241e-31
39,111,1.3884855917915046e-30
39,112,4.949973282981081e-31
39,113,5.630653832189214e-32
39,114,1.341962241328492e-30
39,115,2.9893669801409127e-16
39,116,9.650572955177039e-31
39,117,1.5055824598383318e-31
39,118,8.946454300900575e-31
39,119,8.876889687922979e-31
39,120,3.175873107262065e-31
39,121,3.9100725671897833e-31
39,122,9.640430692037569e-31
39,123,1.1254629905606325e-30
39,124,1.4728190219929223e-30
39,125,1.1186046887380633e-30
39,126,4.860958520162056e-31
39,127,1.8012715202338513e-30
39,128,4.011626513717252e-31
39,129,1.0957953051256046e-30
39,130,6.511747092738695e-31
39,131,3.9428699756159074e-31
39,132,1.1376992003714374e-30
39,133,1.1770018679512721e-30
39,134,7.7882150406619585e-31
39,135,1.366714558968342e-30
39,136,1.737918710911463e-30
39,137,8.218196896738362e-31
39,138,5.78678948963694e-31
39,139,6.281148055810707e-31
39,140,1.4624859426700407e-30
39,141,5.33927157761499e-31
39,142,4.696657062593376e-31
39,143,7.2334370212925635e-31
39,144,7.8440300548175055e-31
39,145,7.1803344049090785e-31
39,146,5.630962395918357e-32
39,147,6.063021542093505e-31
39,148,5.551115123125642e-17
39,149,1.1481102908479758e-30
40,41,7.859489018782804e-31
40,42,5.786012078136928e-31
40,43,1.1269258280489322e-30
40,44,9.601549237384748e-31
40,45,1.1561318936938269e-30
40,46,1.876364576076661e-30
40,47,1.1472470938569098e-30
40,48,1.3673647958671544e-30
40,49,6.920445958816169e-31
40,50,1.0725361176146784e-30
40,51,5.491167831334975e-31
40,52,8.011741112046366e-31
40,53,1.316186462856579e-30
40,54,1.3059111635706542e-31
40,55,2.7546485756090663e-31
40,56,1.1696922387565682e-30
40,57,9.672374897819063e-31
40,58,7.067866749297925e-31
40,59,1.7060252739559943e-30
40,60,6.78482093933886e-31
40,61,4.373800468848462e-30
40,62,1.7802278938156966e-30
40,63,8.73595295108485e-31
40,64,1.2181489617689437e-30
40,65,8.726897272761339e-31
40,66,1.3839422344531516e-30
40,67,1.1061755375460528e-30
40,68,1.723608535831685e-30
40,69,1.830961348159969e-30
40,70,1.276591762540204e-30
40,71,9.87715772932648e-31
40,72,1.0727628630631232e-30
40,73,1.1629897733781088e-30
40,74,1.6740764809084702e-30
40,75,8.270073146996909e-31
40,76,1.0574424712993465e-30
40,77,6.480685197742594e-31
40,78,1.9189443098733032e-30
40,79,7.288319090824094e-31
40,80,1.5228511406322146e-30
40,81,1.0169459650293494e-30
40,82,7.475759935333332e-31
40,83,4.6131079252348265e-31
40,84,9.535443205149522e-31
40,85,8.652408602337082e-31
40,86,1.556963582562607e-30
40,87,4.227887931196772e-31
40,88,1.6029761525747096e-30
40,89,5.279655110875408e-31
40,90,8.425705695669759e-31
40,91,2.920106134319829e-31
40,92,1.2450515835434692e-30
40,93,1.4185452651873321e-30
40,94,1.0733535746359087e-30
40,95,1.1773786040066667e-30
40,96,6.062927721948674e-31
40,97,6.070374173325878e-31
40,98,4.200459110460652e-31
40,99,6.550175979818815e-31
40,100,1.3059111635706542e-31
40,101,1.1650012684705326e-30
40,102,9.176163176963874e-31
40,103,7.126727637670728e-31
40,104,1.2389194470385639e-30
40,105,5.023222030409565e-31
40,106,1.1125659115978666e-30
40,107,1.9225759512575866e-30
40,108,1.2833918731092962e-30
40,109,7.4833603827849334e-31
40,110,8.381595947353912e-31
40,111,1.6091829983032702e-30
40,112,4.826276030456094e-31
40,113,8.703553659574982e-32
40,114,1.1707354747639639e-30
40,115,2.9631334223655835e-30
40,116,1.3805420941066075e-30
40,117,2.1691218204391407e-31
40,118,7.741969694567017e-31
40,119,1.0611859682051495e-30
40,120,5.008934980904845e-31
40,121,5.436918844653902e-31
40,122,1.5823015041933034e-30
40,123,1.2664229041476427e-30
40,124,2.0806208956034284e-30
40,125,1.0505814764098658e-30
40,126,7.550859398548812e-31
40,127,2.0070043431096807e-30
40,128,6.177827588716583e-31
40,129,1.709511362869189e-30
40,130,8.393905276897776e-31
40,131,4.1311511380202975e-31
40,132,1.1986048122967247e-30
40,133,1.0487519088177487e-30
40,134,7.417776177753072e-31
40,135,1.604684725314682e-30
40,136,1.6957231154881433e-30
40,137,1.331074578866469e-30
40,138,6.083852092106035e-31
40,139,7.517147078595144e-31
40,140,1.3496113597302213e-30
40,141,1.3845785501286721e-30
40,142,6.967316351701677e-31
40,143,9.110612883854644e-31
40,144,1.121789699911545e-30
40,145,6.278317760171136e-31
40,146,8.7040306203426e-32
40,147,1.0213954865864499e-30
40,148,5.978834625078877e-16
40,149,1.3282650943624012e-30
41,42,5.282898328118526e-31
41,43,1.1534186086873555e-30
41,44,8.604002572965357e-31
41,45,1.171946185755003e-30
41,46,1.8235334800440434e-30
41,47,9.935880847619153e-31
41,48,1.1760155470520876e-30
41,49,6.612851660721778e-31
41,50,8.958169074096506e-31
41,51,4.6598958467363135e-31
41,52,6.960981149414263e-31
41,53,1.3988152155665844e-30
41,54,1.2794670294184955e-31
41,55,2.618455766672132e-16
41,56,9.35384559538343e-31
41,57,7.611118422910013e-31
41,58,6.026544735709733e-31
41,59,1.4674519504982225e-30
41,60,7.047669573796046e-31
41,61,3.865711764807863e-30
41,62,1.610342044216227e-30
41,63,7.070272397577153e-31
41,64,1.1050263867461601e-30
41,65,8.502238106980394e-31
41,66,1.2092997979142117e-30
41,67,1.063840637270095e-30
41,68,1.4369233681897143e-30
41,69,1.6644186921398946e-30
41,70,1.0855227890110944e-30
41,71,8.48555516459293e-31
41,72,1.0890201972981897e-30
41,73,1.1674426387734688e-30
41,74,1.6343958216945697e-30
41,75,8.263292309517707e-31
41,76,6.695601312344382e-31
41,77,6.410594131180251e-31
41,78,1.9284383188454215e-30
41,79,6.181025094022192e-31
41,80,1.4824959151828247e-30
41,81,9.119557819371542e-31
41,82,7.716676807149756e-31
41,83,4.540707888478221e-31
41,84,9.503543655835854e-31
41,85,7.191053851857022e-31
41,86,1.620387350580627e-30
41,87,3.811043320972414e-31
41,88,1.66924634194011e-30
41,89,4.091308720929836e-31
41,90,7.175037533782978e-31
41,91,2.8609752527494786e-31
41,92,1.0746780401063251e-30
41,93,1.2318093589251329e-30
41,94,1.0555448024619704e-30
41,95,1.1121921341458387e-30
41,96,5.733824509004182e-31
41,97,5.915322335017778e-31
41,98,4.7764328786115275e-31
41,99,5.55572809966172e-31
41,100,1.2794670294184955e-31
41,101,1.0747661290923133e-30
41,102,7.320793620087297e-31
41,103,5.453879174225196e-31
41,104,1.166416282777398e-30
41,105,4.8591863181226076e-31
41,106,9.465724200970157e-31
41,107,1.5009776245469374e-30
41,108,1.21795736458315e-30
41,109,7.1324437803339e-31
41,110,7.987203784330822e-31
41,111,1.5808622903487198e-30
41,112,5.050052596791431e-31
41,113,7.715231756466422e-32
41,114,1.1753986271356337e-30
41,115,5.446037196307373e-16
41,116,1.2567471924561617e-30
41,117,2.00973184409088e-31
41,118,7.89113439268677e-31
41,119,1.036567982935145e-30
41,120,3.6819525938329665e-31
41,121,4.590813430332468e-31
41,122,1.3330544796689997e-30
41,123,1.3811477459572757e-30
41,124,1.8369538969487917e-30
41,125,1.188816207466307e-30
41,126,6.67646002106922e-31
41,127,1.9125058200874387e-30
41,128,5.511049053848716e-31
41,129,1.4896972352982745e-30
41,130,8.240986585377312e-31
41,131,4.091927964491835e-31
41,132,1.1452338860463125e-30
41,133,1.017374115902215e-30
41,134,7.124577882219038e-31
41,135,1.3488662243344281e-30
41,136,1.630997825613479e-30
41,137,1.1275996467410593e-30
41,138,5.1840888926281935e-31
41,139,5.414936657074587e-31
41,140,1.2267460120079305e-30
41,141,8.776026349950484e-31
41,142,6.36563047302086e-31
41,143,7.258590515949253e-31
41,144,1.04144066207672e-30
41,145,6.2251069555193125e-31
41,146,7.715654556509354e-32
41,147,7.2912987537788505e-31
41,148,4.0792198665315443e-16
41,149,1.0744665111555162e-30
42,43,9.005685017818635e-31
42,44,6.298702293450978e-31
42,45,1.0664135668194744e-30
42,46,1.2795510190334346e-30
42,47,8.544792379771107e-31
42,48,1.078894107941424e-30
42,49,5.759834900643334e-31
42,50,9.796171455707536e-31
42,51,4.013921476789417e-31
42,52,5.488056676872822e-31
42,53,1.1950714258139393e-30
42,54,9.560064829954767e-32
42,55,5.311795799146158e-16
42,56,6.455073704816626e-31
42,57,5.018387772014577e-31
42,58,8.562268824555187e-31
42,59,9.566733656890804e-31
42,60,5.723105362262807e-31
42,61,4.144265343345595e-30
42,62,1.0063436086176258e-30
42,63,6.6201843987112315e-31
42,64,4.521476126217797e-16
42,65,6.622211530049624e-31
42,66,7.981136616828018e-31
42,67,8.356750066285884e-31
42,68,1.0265366912066271e-30
42,69,1.1930257323966618e-30
42,70,8.047918263169985e-31
42,71,5.534317883453071e-31
42,72,8.75157815852573e-31
42,73,9.7038797802666e-31
42,74,2.0253964504621827e-16
42,75,7.890909851139426e-31
42,76,5.112362111247622e-31
42,77,2.1876824997498815e-16
42,78,1.5953586463651656e-30
42,79,7.666958632032836e-31
42,80,1.1084946296943588e-30
42,81,8.185263350735077e-31
42,82,4.346740938228261e-31
42,83,3.968529436007075e-31
42,84,8.309535037520708e-31
42,85,6.642739970582801e-31
42,86,2.558952332997837e-16
42,87,2.1650439467413728e-31
42,88,1.4474213500849165e-30
42,89,3.510842697501323e-31
42,90,7.523805326818902e-31
42,91,2.1376954829083822e-31
42,92,6.97077209866295e-31
42,93,9.615963296544547e-31
42,94,9.924961862656261e-31
42,95,1.0448661410577521e-30
42,96,4.976300446530192e-31
42,97,4.699178882118835e-31
42,98,3.9181145158787036e-31
42,99,2.6627648492498555e-31
42,100,9.560064829954767e-32
42,101,8.264780916869669e-31
42,102,4.341384268889614e-31
42,103,4.6989436917780915e-31
42,104,8.28936723426349e-31
42,105,3.649509126749528e-31
42,106,7.292584942487075e-31
42,107,1.1510678675690237e-15
42,108,1.198421571074266e-30
42,109,5.6988717087369085e-31
42,110,5.1665406667442755e-31
42,111,1.3078823459647758e-30
42,112,3.209111463962297e-31
42,113,5.336125430841061e-32
42,114,1.0025516974710886e-30
42,115,5.374844543592489e-16
42,116,1.1330138272436955e-30
42,117,1.5792724078453534e-31
42,118,6.327070868741367e-31
42,119,8.927514321814244e-31
42,120,1.9535235800073147e-31
42,121,2.4280016962380264e-31
42,122,1.0641196115682645e-30
42,123,1.1165885088829974e-30
42,124,1.589970122900805e-30
42,125,7.57520573836257e-31
42,126,4.905350760833912e-31
42,127,1.7209087278718766e-30
42,128,3.8932439288748087e-31
42,129,1.1779905774302872e-30
42,130,6.624128166364705e-31
42,131,3.570772048731914e-31
42,132,1.2234071532329447e-30
42,133,9.097998358436845e-31
42,134,5.738141681790909e-31
42,135,1.5051519582925877e-30
42,136,1.514255813453167e-30
42,137,8.455567527931435e-31
42,138,2.739326919986793e-31
42,139,5.922465863957719e-31
42,140,9.250911269674895e-31
42,141,6.877798421161895e-31
42,142,4.656507315052245e-31
42,143,7.221449895565296e-31
42,144,7.988172400677673e-31
42,145,5.309643586125765e-31
42,146,5.336417854209854e-32
42,147,4.9571062049614725e-31
42,148,3.068843011307927e-16
42,149,5.176272524261761e-31
43,44,2.3974345233026798e-30
43,45,3.689504168167306e-30
43,46,1.8256964863424877e-30
43,47,6.888415602718845e-31
43,48,1.841830911835529e-30
43,49,2.0844350980124678e-30
43,50,2.1652887111478643e-30
43,51,1.2644955716085844e-30
43,52,2.309154886686971e-30
43,53,4.29121088382268e-30
43,54,4.269116017105276e-31
43,55,7.113267704043487e-31
43,56,1.3339331427750433e-30
43,57,1.842417263307449e-30
43,58,1.6243787490081307e-30
43,59,1.4866526606523853e-30
43,60,1.072464646591266e-30
43,61,1.4430673628780968e-16
43,62,5.309991097706803e-30
43,63,2.35260559165902e-30
43,64,3.7285369586616935e-30
43,65,2.7711587241557786e-30
43,66,1.034003383805573e-30
43,67,2.163111824342431e-30
43,68,3.750790353556177e-30
43,69,2.1155289277712204e-30
43,70,2.5703631697882737e-30
43,71,1.3193147405923967e-30
43,72,3.592118007248485e-30
43,73,3.4411772554995955e-30
43,74,4.037273275587691e-30
43,75,1.7389544289813698e-30
43,76,7.1636311415467865e-31
43,77,1.5842864594992064e-30
43,78,3.2497344044919324e-30
43,79,1.5732828412958531e-30
43,80,4.543852374480723e-30
43,81,1.3727463878469226e-30
43,82,1.3177542055020033e-30
43,83,1.5043834879431773e-30
43,84,3.0267492851554332e-30
43,85,1.7160405531426694e-30
43,86,4.967143658692765e-30
43,87,1.1265514810630893e-30
43,88,5.230811969695902e-30
43,89,1.3173440234612047e-30
43,90,2.241818509387356e-30
43,91,9.546033618080551e-31
43,92,6.379026279824135e-31
43,93,1.8334749982614463e-30
43,94,3.383444368971677e-30
43,95,2.9526453620220728e-30
43,96,1.2850719350374656e-30
43,97,1.9748982446537143e-30
43,98,1.2315357930653743e-30
43,99,1.3707439645906136e-30
43,100,4.269116017105276e-31
43,101,1.3716364497038988e-30
43,102,1.5734106940858507e-30
43,103,1.4531603815961645e-30
43,104,3.745970583075135e-30
43,105,5.933093951811624e-31
43,106,1.061694662191941e-30
43,107,1.3243938356690663e-30
43,108,3.417411022871834e-30
43,109,1.2360778798437408e-30
43,110,2.6549065975999395e-30
43,111,3.938698176075235e-30
43,112,1.205788954111552e-30
43,113,4.0654073440479985e-32
43,114,3.895594036669525e-30
43,115,7.526005909930124e-30
43,116,1.5624636688628137e-30
43,117,2.918346919192031e-31
43,118,2.652323808887236e-30
43,119,2.3409164759460644e-30
43,120,6.0517884482814355e-31
43,121,5.6212690575039275e-31
43,122,1.3949737809075814e-30
43,123,2.7588269003778553e-30
43,124,4.101951973313386e-30
43,125,2.014991798342257e-30
43,126,5.734197395545776e-31
43,127,4.7939863595065614e-30
43,128,3.4577823355256265e-31
43,129,2.173962525973317e-30
43,130,1.2705815576717723e-30
43,131,1.1248788634995354e-30
43,132,3.3688518850989925e-16
43,133,3.277487884154094e-30
43,134,2.2496369209281304e-30
43,135,3.343805582744668e-30
43,136,4.7721528064246494e-30
43,137,1.4483728656733572e-30
43,138,1.5769163012874435e-30
43,139,1.829724714327553e-30
43,140,3.937377239339976e-30
43,141,1.0434186031947197e-30
43,142,8.353092964852483e-31
43,143,2.1190234167371e-30
43,144,1.2984085476450553e-30
43,145,1.9846670962407846e-30
43,146,4.0656301311856815e-32
43,147,1.2786335838417926e-30
43,148,2.2204471080412743e-16
43,149,2.94924809443088e-30
44,45,2.416523900551576e-30
44,46,2.6402387568773454e-30
44,47,1.3764067947007108e-30
44,48,1.6669935316402526e-30
44,49,1.6517897141063758e-30
44,50,2.161718540099683e-30
44,51,8.590807895798881e-31
44,52,1.6267327615244484e-30
44,53,2.790427986162344e-30
44,54,2.9350262450195044e-31
44,55,2.727435500648123e-16
44,56,1.4409566567160919e-30
44,57,1.6158168910450773e-30
44,58,1.0963233347745806e-30
44,59,2.162038662117051e-30
44,60,9.869741182770878e-31
44,61,7.25003360254937e-30
44,62,3.5326037054573436e-30
44,63,1.7528576316433e-30
44,64,2.352664106398909e-30
44,65,2.1512035087267215e-30
44,66,1.8364193698668606e-30
44,67,1.581729132538826e-30
44,68,3.302729553137283e-30
44,69,2.556296580249448e-30
44,70,2.4626495339867113e-30
44,71,1.5420829366639451e-30
44,72,2.312769019234172e-30
44,73,3.0143322360926045e-30
44,74,2.590011683073063e-30
44,75,1.4173537933695692e-30
44,76,7.059998559892944e-31
44,77,1.1060207458621248e-30
44,78,2.3668529002522295e-30
44,79,1.0393777932241016e-30
44,80,3.2195004867660986e-30
44,81,1.0579252014839032e-30
44,82,1.6323096703791428e-30
44,83,1.0725954877432987e-30
44,84,1.961406976106613e-30
44,85,1.3138472722793748e-30
44,86,3.874406566571962e-30
44,87,9.32776270293278e-31
44,88,3.7120970707312606e-30
44,89,1.0179361891351837e-30
44,90,1.7988243291164794e-30
44,91,6.562918199609564e-31
44,92,1.591372745640399e-30
44,93,2.0659476299095458e-30
44,94,2.3659876984404152e-30
44,95,2.0261800103758544e-30
44,96,7.847730929510317e-31
44,97,1.2617505221782333e-30
44,98,7.457302723858933e-31
44,99,1.286939285928084e-30
44,100,2.9350262450195044e-31
44,101,1.3168726878410389e-30
44,102,1.4124513612155286e-30
44,103,9.245692666851093e-31
44,104,2.652938349663892e-30
44,105,6.1097566659319045e-31
44,106,1.1772817867359424e-30
44,107,1.2794688166302238e-16
44,108,2.902454443221157e-30
44,109,1.2028372361863682e-30
44,110,1.6349675546674494e-30
44,111,2.4138541588280027e-30
44,112,1.138717932742868e-30
44,113,1.0428052301238873e-31
44,114,2.6462104333662132e-30
44,115,3.2710463994395324e-16
44,116,1.462719017953613e-30
44,117,2.4396703475566726e-31
44,118,1.6373234792079375e-30
44,119,1.4043320246244833e-30
44,120,6.5426400331899905e-31
44,121,8.470490214172214e-31
44,122,1.600850712713263e-30
44,123,1.66558063666045e-30
44,124,2.8872176166091486e-30
44,125,2.744129871028597e-30
44,126,8.45271343380647e-31
44,127,3.010646872931764e-30
44,128,7.27826748062979e-31
44,129,1.7749882894915748e-30
44,130,9.779894839704422e-31
44,131,7.031389802100788e-31
44,132,2.572260692357493e-30
44,133,2.3034635820236374e-30
44,134,1.5625726766646226e-30
44,135,2.854533951726044e-30
44,136,3.1455954496213684e-30
44,137,1.389950571906176e-30
44,138,1.206688590913897e-30
44,139,1.3165779177204946e-30
44,140,2.9873176648882117e-30
44,141,1.0189191590407071e-30
44,142,8.75663217338916e-31
44,143,1.4315923614436209e-30
44,144,1.2604601412595306e-30
44,145,1.3089055182449398e-30
44,146,1.042862376572624e-31
44,147,1.2788605709549955e-30
44,148,4.271824803245419e-16
44,149,2.378432273375242e-30
45,46,2.445209792215773e-30
45,47,1.268779017219956e-30
45,48,2.0737579408814014e-30
45,49,2.0535772522378883e-30
45,50,2.4443105936361807e-30
45,51,1.2834989053228322e-30
45,52,2.274307994713189e-30
45,53,4.216613794608457e-30
45,54,4.1718967937492385e-31
45,55,5.055528587583331e-16
45,56,1.342234650350723e-30
45,57,1.755736952502929e-30
45,58,1.647307185371609e-30
45,59,1.7505236950518845e-30
45,60,1.1924044850482076e-30
45,61,8.461497414329179e-30
45,62,4.9807655686931735e-30
45,63,2.4043916940943695e-30
45,64,6.856548028639934e-16
45,65,2.8086329291212063e-30
45,66,1.3834447352206685e-30
45,67,2.1390669436144357e-30
45,68,3.860891093671447e-30
45,69,2.146202400095056e-30
45,70,2.6219660840576862e-30
45,71,1.4488439118397212e-30
45,72,3.5116342694931246e-30
45,73,3.6305963527226546e-30
45,74,2.977262596588052e-16
45,75,1.7729766855333325e-30
45,76,7.835072800388965e-31
45,77,2.662221289702459e-16
45,78,3.7125717267447705e-30
45,79,1.516392452846495e-30
45,80,4.296463815005797e-30
45,81,1.49405183324696e-30
45,82,1.491124699360079e-30
45,83,1.4949396061118252e-30
45,84,3.0052264607523987e-30
45,85,1.6307607384901004e-30
45,86,3.1920797473076496e-16
45,87,1.0827690372254918e-30
45,88,5.323365840976796e-30
45,89,1.28799262229987e-30
45,90,2.371975463658763e-30
45,91,9.328644825936715e-31
45,92,1.2895267206049109e-30
45,93,1.839057431477671e-30
45,94,3.574729228851354e-30
45,95,3.0763348460150934e-30
45,96,1.3573715912781722e-30
45,97,1.760604367837212e-30
45,98,1.2520556874849474e-30
45,99,1.3978871158191355e-30
45,100,4.1718967937492385e-31
45,101,1.7508776883241456e-30
45,102,1.5080831866551773e-30
45,103,1.4246277238988325e-30
45,104,3.552872146479249e-30
45,105,6.892677460158814e-31
45,106,1.4469168181823814e-30
45,107,5.077171409944885e-16
45,108,3.198803563984094e-30
45,109,1.3693035417934732e-30
45,110,2.431620949433622e-30
45,111,3.931767056524224e-30
45,112,1.1922911447125842e-30
45,113,9.783087692476152e-32
45,114,3.788801379682289e-30
45,115,4.2047635949568965e-16
45,116,1.9751670764135412e-30
45,117,3.471376460813971e-31
45,118,2.5310446590490447e-30
45,119,2.4295141021684126e-30
45,120,6.0739156435801145e-31
45,121,6.962130301992022e-31
45,122,1.8400808902070004e-30
45,123,2.9179595233467763e-30
45,124,4.233660488628339e-30
45,125,2.5541880464429227e-30
45,126,9.406362807722256e-31
45,127,5.061412438777632e-30
45,128,7.207996200786609e-31
45,129,2.541604894428655e-30
45,130,1.5195851774969932e-30
45,131,1.1249623818961204e-30
45,132,2.91010869956946e-30
45,133,3.224943491010039e-30
45,134,2.0899548691716548e-30
45,135,3.2218460119495376e-30
45,136,5.044174182668236e-30
45,137,1.7707566810964206e-30
45,138,1.4398644569676783e-30
45,139,1.754196035309353e-30
45,140,3.977071022762005e-30
45,141,1.1929614997011598e-30
45,142,9.3070561046081e-31
45,143,2.1209703712179914e-30
45,144,1.647256673291313e-30
45,145,2.0340347522067467e-30
45,146,9.783623812456333e-32
45,147,1.1669216136711156e-30
45,148,5.572267328312458e-16
45,149,2.792879301179495e-30
46,47,3.1579171334743025e-30
46,48,3.659162478461949e-30
46,49,1.4808711006278257e-30
46,50,2.618581981255209e-30
46,51,1.3905690626383676e-30
46,52,1.3038082444417736e-30
46,53,3.890298183824693e-30
46,54,1.8510100572022228e-31
46,55,2.371437420133769e-16
46,56,2.8255695038476515e-30
46,57,2.330094406491823e-30
46,58,1.1690850357902806e-30
46,59,4.5390364196049065e-30
46,60,2.3759599303459064e-30
46,61,1.1070278955990975e-29
46,62,2.7328137343774497e-30
46,63,1.7728540424550132e-30
46,64,3.8884127665569947e-16
46,65,1.8913484913788008e-30
46,66,3.680331878551774e-30
46,67,3.368647352863207e-30
46,68,4.027867889826725e-30
46,69,5.250373267492511e-30
46,70,2.9553186952904977e-30
46,71,2.782385385345944e-30
46,72,1.6192586867441043e-30
46,73,3.739069705742514e-30
46,74,4.630676455634146e-30
46,75,1.6839445052057844e-30
46,76,1.4407568496697232e-30
46,77,1.0872164536201482e-30
46,78,5.942604781891861e-30
46,79,1.9058401295386164e-30
46,80,2.8470590036598753e-30
46,81,2.3625598883801166e-30
46,82,2.6836522362251147e-30
46,83,6.938021779646762e-31
46,84,1.808584952994783e-30
46,85,2.0698544935813778e-30
46,86,2.7669789681706414e-30
46,87,1.2372874265101577e-30
46,88,2.411441209118216e-30
46,89,9.096014499102897e-31
46,90,2.1053848081160423e-30
46,91,4.1389843149399445e-31
46,92,3.3812666876833264e-30
46,93,3.5809448272587514e-30
46,94,1.994567639145086e-30
46,95,2.684320531989713e-30
46,96,1.4247497559608592e-30
46,97,9.639314337685528e-31
46,98,1.431917084148897e-30
46,99,1.4125880371713127e-30
46,100,1.8510100572022228e-31
46,101,3.2322948726854984e-30
46,102,2.1641352919694764e-30
46,103,1.3890315986002252e-30
46,104,2.0383975873046912e-30
46,105,1.4355582774219954e-30
46,106,2.7725443670306986e-30
46,107,8.88611994741678e-17
46,108,3.4484013863499e-30
46,109,2.3712327553726847e-30
46,110,1.399119006969931e-30
46,111,4.586730308805717e-30
46,112,1.7128800753302205e-30
46,113,2.4027997571914157e-31
46,114,1.8963112050244527e-30
46,115,5.302695275805876e-16
46,116,3.6967444028150825e-30
46,117,5.931108617834784e-31
46,118,1.2666676107073258e-30
46,119,2.786456684099761e-30
46,120,9.919060313167929e-31
46,121,1.4165067933477578e-30
46,122,3.706955999255081e-30
46,123,4.174435646709225e-30
46,124,5.502108931978831e-30
46,125,4.191165085563231e-30
46,126,2.0348815687807143e-30
46,127,3.848099267151727e-30
46,128,1.7065185145566912e-30
46,129,4.196882941800157e-30
46,130,2.380473436898763e-30
46,131,1.094097379652501e-30
46,132,3.351916143246936e-30
46,133,1.8094015509680334e-30
46,134,2.457590671976293e-30
46,135,3.582063241432011e-30
46,136,2.712352567602912e-30
46,137,3.2597592443005126e-30
46,138,1.354877374710225e-30
46,139,1.7482229531157068e-30
46,140,2.948116643634429e-30
46,141,1.8794162334963296e-30
46,142,1.998246810886356e-30
46,143,1.5057089494212765e-30
46,144,3.0786039271349392e-30
46,145,9.75777865538736e-31
46,146,2.4029314322820104e-31
46,147,2.223120359935813e-30
46,148,8.117023062520381e-16
46,149,2.758317708075667e-30
47,48,1.936338992027461e-30
47,49,8.286788507705628e-31
47,50,1.355240953356732e-30
47,51,7.559110326299093e-31
47,52,7.506746798197649e-31
47,53,1.972017563443628e-30
47,54,6.924782820860663e-32
47,55,4.1563916563713627e-16
47,56,1.5260871090018152e-30
47,57,1.2103510357480252e-30
47,58,6.23604400569599e-31
47,59,2.4051083968508008e-30
47,60,1.217012203304042e-30
47,61,7.038291823975662e-30
47,62,1.209933596812326e-30
47,63,9.531446300566187e-31
47,64,7.85046229341889e-17
47,65,9.744066138300678e-31
47,66,1.9602374414467412e-30
47,67,1.7460904535184876e-30
47,68,2.1039244230604748e-30
47,69,2.7696158511389233e-30
47,70,1.525788764611351e-30
47,71,1.4593409477607262e-30
47,72,6.245346253956103e-31
47,73,1.9420657189667976e-30
47,74,2.5476831712589746e-16
47,75,9.647590944752013e-31
47,76,9.4395734797896e-31
47,77,1.6682232373515114e-16
47,78,3.0424896235253172e-30
47,79,1.1053309382351686e-30
47,80,1.463526741318371e-30
47,81,1.2957094788934108e-30
47,82,1.3786324999893326e-30
47,83,3.7028695656642964e-31
47,84,1.0011658795331685e-30
47,85,1.1070318849091475e-30
47,86,1.3864154356077409e-30
47,87,6.338586407792588e-31
47,88,9.796807233349491e-31
47,89,4.717654395497528e-31
47,90,1.0811562522890897e-30
47,91,1.5484285116867192e-31
47,92,1.7961459792311018e-30
47,93,1.8947525447700708e-30
47,94,1.0860009359869437e-30
47,95,1.3737257502017472e-30
47,96,7.526519091965222e-31
47,97,3.614082415419609e-31
47,98,7.095964198530264e-31
47,99,7.126761691259492e-31
47,100,6.924782820860663e-32
47,101,1.7049295995096183e-30
47,102,1.1611064348000108e-30
47,103,8.049381911635354e-31
47,104,9.833765440967848e-31
47,105,7.621461458351383e-31
47,106,1.5021025806005501e-30
47,107,6.818500485874804e-16
47,108,1.814365304698017e-30
47,109,1.2298822192248451e-30
47,110,5.227523819996826e-31
47,111,2.4368765435480945e-30
47,112,8.84233951202174e-31
47,113,1.2784351971138376e-31
47,114,1.0939926009406674e-30
47,115,4.623745893635773e-16
47,116,1.9633909172555613e-30
47,117,3.1467888169097414e-31
47,118,5.447250871452828e-31
47,119,1.4640897559938246e-30
47,120,5.439797924003112e-31
47,121,7.47018352022831e-31
47,122,2.025635023874696e-30
47,123,2.132884295743065e-30
47,124,2.9231032594074035e-30
47,125,2.1608847853603637e-30
47,126,1.081199959333687e-30
47,127,2.044383225113163e-30
47,128,9.078922849565883e-31
47,129,2.2522266725924766e-30
47,130,1.2359094301664254e-30
47,131,5.790693328399534e-31
47,132,1.798566720771386e-30
47,133,1.0025888830409956e-30
47,134,1.2264463384123814e-30
47,135,1.914152746086217e-30
47,136,1.433903489540591e-30
47,137,1.7271313034428695e-30
47,138,7.0107278724109665e-31
47,139,9.396294592521056e-31
47,140,1.518936100361183e-30
47,141,1.1529587324068091e-30
47,142,1.0527735451910168e-30
47,143,9.977955143290785e-31
47,144,1.6353883304267494e-30
47,145,4.235894178455549e-31
47,146,1.2785052562479356e-31
47,147,1.18969950842109e-30
47,148,6.456527986949462e-16
47,149,1.4443404517698161e-30
48,49,1.1405817330304567e-30
48,50,1.854826445907246e-30
48,51,8.959663552525191e-31
48,52,1.1875143192435443e-30
48,53,2.4710356155285284e-30
48,54,2.1298131641925436e-31
48,55,7.61474234847701e-16
48,56,1.747809101162182e-30
48,57,1.52086707215818e-30
48,58,1.1475698102681868e-30
48,59,2.777748399280487e-30
48,60,1.4337230692632965e-30
48,61,8.336287681217042e-30
48,62,2.3311572457397493e-30
48,63,1.334785195432664e-30
48,64,6.613502259156453e-16
48,65,1.6644196302670945e-30
48,66,2.2396824631697597e-30
48,67,2.04412474756005e-30
48,68,4.589679693975303e-16
48,69,3.1587701933867965e-30
48,70,1.9875673360897e-30
48,71,1.692325219460565e-30
48,72,1.803617189872078e-30
48,73,2.467559940501697e-30
48,74,3.712510887670894e-16
48,75,4.9812646797213445e-16
48,76,1.2479032592533007e-30
48,77,5.732225999853294e-16
48,78,3.741281194328967e-30
48,79,1.2601893450119155e-30
48,80,2.1487470412832633e-30
48,81,1.6021646553418137e-30
48,82,1.6820987474985307e-30
48,83,8.600438308767476e-31
48,84,6.842761960256799e-16
48,85,1.284419939139643e-30
48,86,1.0190663475193727e-15
48,87,8.056645376097258e-31
48,88,2.767359895011648e-30
48,89,7.772752375918228e-31
48,90,1.523446033751277e-30
48,91,4.762407014508447e-31
48,92,2.0629464102738904e-30
48,93,2.223443216796132e-30
48,94,1.8338482435957764e-30
48,95,2.012027330944465e-30
48,96,1.0552638782277588e-30
48,97,3.5314300563673875e-16
48,98,8.714806111657646e-31
48,99,9.998193266168156e-31
48,100,2.129813164192544e-31
48,101,2.0580097109349547e-30
48,102,1.3284419733420606e-30
48,103,1.0086252992756926e-30
48,104,1.8119473023514635e-30
48,105,8.920125295830408e-31
48,106,1.8064194664777705e-30
48,107,6.837968145415581e-16
48,108,2.317156742747089e-30
48,109,1.4495859421541107e-30
48,110,1.0993458849191421e-30
48,111,2.9818486982877885e-30
48,112,1.069184003126012e-30
48,113,1.4839277763780866e-31
48,114,1.930209747289991e-30
48,115,6.385629760944976e-16
48,116,3.693994387616204e-16
48,117,3.8235140379882626e-31
48,118,1.2647664755384797e-30
48,119,1.9113499528952215e-30
48,120,6.146512703462389e-31
48,121,8.702865836605683e-31
48,122,2.4268454800043074e-30
48,123,2.6131173751731896e-30
48,124,3.5037324857676515e-30
48,125,2.7837362086653968e-30
48,126,1.2775412042387816e-30
48,127,3.480614588633324e-30
48,128,1.0591512968608655e-30
48,129,2.7435457198862847e-30
48,130,1.5393826312571265e-30
48,131,7.498652423769496e-31
48,132,2.1866859722086686e-30
48,133,1.8995153140182748e-30
48,134,1.469774161543236e-30
48,135,2.253743586818574e-30
48,136,2.948909313383162e-30
48,137,2.048763502452972e-30
48,138,9.531973612916446e-31
48,139,1.2219803872566106e-30
48,140,2.192229805122104e-30
48,141,1.594385566807926e-30
48,142,1.2287436036466912e-30
48,143,1.4268241216942733e-30
48,144,1.9629803400525104e-30
48,145,1.210222603867617e-30
48,146,1.4840090966478287e-31
48,147,1.402663677901976e-30
48,148,9.190165340244969e-16
48,149,1.7899022916518465e-30
49,50,1.66047402818554e-30
49,51,7.354623777514939e-31
49,52,1.367712895844339e-30
49,53,2.356139960153276e-30
49,54,2.481315402432881e-31
49,55,9.945882402712658e-16
49,56,9.436032487002822e-31
49,57,1.2375530681149798e-30
49,58,8.938663354817163e-31
49,59,1.308649322240688e-30
49,60,6.110871381710829e-31
49,61,5.1779721823863166e-30
49,62,3.0424113805601475e-30
49,63,1.4396248943099873e-30
49,64,2.0898692167290698e-30
49,65,1.727113859320173e-30
49,66,1.1900331897427647e-30
49,67,1.234222381468507e-30
49,68,2.542015823394678e-30
49,69,1.6804767422240735e-30
49,70,1.873369138357633e-30
49,71,1.0365472350960239e-30
49,72,1.9851486255362757e-30
49,73,2.3269944096529394e-30
49,74,2.363688733605396e-30
49,75,1.2446921705353704e-30
49,76,4.726994848027247e-31
49,77,8.992852531179766e-31
49,78,1.5179841994808e-30
49,79,8.7492987308204e-31
49,80,2.7064726993489437e-30
49,81,1.3437474093598294e-30
49,82,1.1268876463631954e-30
49,83,8.940395135583099e-31
49,84,1.6697078404351158e-30
49,85,1.16320869802712e-30
49,86,3.245095668511154e-30
49,87,7.24826910223099e-31
49,88,3.0895528916903725e-30
49,89,8.325638113590208e-31
49,90,1.4181423885045038e-30
49,91,5.548389913457168e-31
49,92,8.980565199640637e-31
49,93,1.4760235448302085e-30
49,94,1.989774686953552e-30
49,95,1.6375208146405705e-30
49,96,6.14992656652929e-31
49,97,1.1708803174170614e-30
49,98,6.32529317223685e-31
49,99,9.883850081346336e-31
49,100,2.481315402432881e-31
49,101,7.087319344032488e-31
49,102,1.066910128480837e-30
49,103,8.00485830052456e-31
49,104,2.2320653654364185e-30
49,105,4.865352157545589e-31
49,106,5.537277599980512e-31
49,107,4.64439612620812e-16
49,108,2.3645142600521258e-30
49,109,8.446427571098632e-31
49,110,1.4493654511631208e-30
49,111,2.0743007241173913e-30
49,112,9.00136114107157e-31
49,113,5.383047381835102e-32
49,114,2.2628566805795637e-30
49,115,2.2377260456558994e-16
49,116,1.0477361287732307e-30
49,117,1.3787690107410779e-31
49,118,1.432325802118362e-30
49,119,1.1561552439333549e-30
49,120,4.716216300412789e-31
49,121,5.658171609153832e-31
49,122,8.986048898162394e-31
49,123,1.3020451149369215e-30
49,124,2.3406426481194966e-30
49,125,1.896510608356159e-30
49,126,4.276681239344435e-31
49,127,2.4010472512956714e-30
49,128,3.709969274077934e-31
49,129,1.0999885364942925e-30
49,130,6.528715193069645e-31
49,131,6.013193189810158e-31
49,132,2.0146194482731677e-30
49,133,1.915938448478269e-30
49,134,1.270525267755997e-30
49,135,2.3396566596213632e-30
49,136,2.618980766671856e-30
49,137,7.693841613929847e-31
49,138,9.807936720470764e-31
49,139,1.0674514977748181e-30
49,140,2.4227791111158323e-30
49,141,7.234630938631913e-31
49,142,5.952448826480787e-31
49,143,1.1964034033060443e-30
49,144,7.359204742519927e-31
49,145,1.120377166694007e-30
49,146,5.383342376559302e-32
49,147,9.104387064689331e-31
49,148,2.4866521324258976e-16
49,149,1.9027033033364655e-30
50,51,9.929384722287256e-31
50,52,1.651515220794595e-30
50,53,2.7176130649731958e-30
50,54,2.7664828940520125e-31
50,55,6.232469398039477e-16
50,56,1.5915178098780203e-30
50,57,1.7426579760142155e-30
50,58,8.451079386408475e-31
50,59,2.3460577339768046e-30
50,60,1.0417926287890452e-30
50,61,7.414469209464144e-30
50,62,3.650633794477945e-30
50,63,1.900961885230189e-30
50,64,8.500994650303302e-16
50,65,2.1151678779800636e-30
50,66,1.94802941050485e-30
50,67,1.6709842925535553e-30
50,68,3.556634074283838e-30
50,69,2.6852378931206583e-30
50,70,2.64282082892213e-30
50,71,1.6995941999285732e-30
50,72,2.0743187037385605e-30
50,73,3.0321626715268255e-30
50,74,9.61682511022538e-16
50,75,1.2585422441615437e-30
50,76,7.185425718308764e-31
50,77,2.1375848037115923e-16
50,78,2.0620445273928888e-30
50,79,1.0250258411181327e-30
50,80,3.1621216003520544e-30
50,81,1.0370890072971194e-30
50,82,1.7661908105061228e-30
50,83,9.913307137176837e-31
50,84,1.7612871402092826e-30
50,85,1.4202791907884027e-30
50,86,4.495011856067765e-16
50,87,9.791750131798766e-31
50,88,3.682947583286822e-30
50,89,1.0604818408945012e-30
50,90,1.8967779915381586e-30
50,91,6.186043809690648e-31
50,92,1.6790756603818095e-30
50,93,2.363255323469159e-30
50,94,2.7457463242493334e-30
50,95,1.7857785300397007e-30
50,96,5.105806741173453e-31
50,97,1.1192296133603468e-30
50,98,7.022752603008237e-31
50,99,1.3881153155421092e-30
50,100,2.7664828940520125e-31
50,101,1.116252737757165e-30
50,102,1.5493360386135026e-30
50,103,9.48043518841265e-31
50,104,2.58752156908317e-30
50,105,5.640920051192576e-31
50,106,1.0880966880446799e-30
50,107,7.359481290215365e-16
50,108,3.178928156773421e-30
50,109,1.462298228158126e-30
50,110,1.5481099052808183e-30
50,111,2.3637254401457327e-30
50,112,1.155806334435464e-30
50,113,1.033173430149216e-31
50,114,2.804682611868139e-30
50,115,7.966282277115862e-16
50,116,1.4269477849914068e-30
50,117,2.1124779601476996e-31
50,118,1.456504532987101e-30
50,119,1.1492176628385313e-30
50,120,7.286356254525301e-31
50,121,9.287441384208752e-31
50,122,1.5442166620129835e-30
50,123,1.4263304118427577e-30
50,124,3.257354750936327e-30
50,125,2.873505943769686e-30
50,126,7.770587705124092e-31
50,127,2.086443644962736e-30
50,128,7.056089776954726e-31
50,129,1.7383300849999116e-30
50,130,7.078768170619095e-31
50,131,6.654684494643606e-31
50,132,2.7763558505523526e-30
50,133,2.1163905412833463e-30
50,134,1.5982362265529285e-30
50,135,2.967426772758642e-30
50,136,2.7453294808910807e-30
50,137,1.5782780541115375e-30
50,138,1.2349085767030945e-30
50,139,1.3462191885144243e-30
50,140,3.121753623986833e-30
50,141,1.115127835762763e-30
50,142,9.104380598030443e-31
50,143,1.2377705823554352e-30
50,144,1.11481933347728e-30
50,145,1.274533070799682e-30
50,146,1.0332300487686441e-31
50,147,1.4862102389617858e-30
50,148,3.2932801165227945e-16
50,149,2.5430917248596236e-30
51,52,8.286576719633315e-31
51,53,1.4609779041916503e-30
51,54,1.4431269507007236e-31
51,55,5.099496950441001e-16
51,56,7.344190225496051e-31
51,57,7.773695883626874e-31
51,58,5.874952518318684e-31
51,59,1.1482738535377213e-30
51,60,5.517203572280706e-31
51,61,4.09622995432811e-30
51,62,1.7561284781292008e-30
51,63,8.825321805076653e-31
51,64,1.1620284683418917e-30
51,65,9.77240512111897e-31
51,66,8.91845031133936e-31
51,67,8.293045320891195e-31
51,68,1.482314856555927e-30
51,69,1.2463609974121452e-30
51,70,1.0915043540937621e-30
51,71,7.154720366060071e-31
51,72,1.2015693426586392e-30
51,73,1.2697414717362992e-30
51,74,1.5742044583651217e-30
51,75,6.091999393946227e-31
51,76,4.134448351047367e-31
51,77,5.99949717803115e-31
51,78,1.5897189378585397e-30
51,79,5.232859578752411e-31
51,80,1.5117807818664522e-30
51,81,6.389692312252197e-31
51,82,7.10530659192673e-31
51,83,5.131188768004238e-31
51,84,1.02018118921297e-30
51,85,5.462795253263183e-31
51,86,1.6526115525681085e-30
51,87,4.059710501556146e-31
51,88,1.7678863065103287e-30
51,89,4.54482188391909e-31
51,90,8.138565642597539e-31
51,91,3.2269299619288056e-31
51,92,8.341947048488186e-31
51,93,9.114199705216488e-31
51,94,1.202076673878021e-30
51,95,1.0709807208546697e-30
51,96,5.107260991527857e-31
51,97,6.0706693573315495e-31
51,98,4.4288133921506075e-31
51,99,5.935997918327594e-31
51,100,1.4431269507007236e-31
51,101,8.497746376883878e-31
51,102,6.399131501775428e-31
51,103,4.8918812869212206e-31
51,104,1.2678873891497382e-30
51,105,3.3921619601042827e-31
51,106,7.604047121537581e-31
51,107,1.1889241783507275e-30
51,108,1.1679276119573628e-30
51,109,5.8622109945817085e-31
51,110,8.387255698324245e-31
51,111,1.3949705354258926e-30
51,112,4.383726466104054e-31
51,113,5.956798079677136e-32
51,114,1.2725705223498305e-30
51,115,2.7583917781344253e-30
51,116,9.29903848891125e-31
51,117,1.5993043860490636e-31
51,118,8.611136906476788e-31
51,119,9.04535937435893e-31
51,120,3.1796121516212256e-31
51,121,3.8970657845548414e-31
51,122,9.753727790184804e-31
51,123,1.1452634341479473e-30
51,124,1.5647936696464577e-30
51,125,1.1003758999281395e-30
51,126,5.173840276805668e-31
51,127,1.818493658979413e-30
51,128,4.255665070708014e-31
51,129,1.1607959856945389e-30
51,130,6.602433130478138e-31
51,131,3.9067807392997738e-31
51,132,1.0884361474569906e-30
51,133,1.141925257736813e-30
51,134,7.287763117972507e-31
51,135,1.2245265529687645e-30
51,136,1.7054331376915887e-30
51,137,8.86719668879268e-31
51,138,5.297567983664795e-31
51,139,6.033332452368899e-31
51,140,1.4286974555672047e-30
51,141,5.291644069997698e-31
51,142,4.956787268906173e-31
51,143,7.491643898249283e-31
51,144,7.953313252388701e-31
51,145,7.064275225328975e-31
51,146,5.95712451633689e-32
51,147,7.3756190002195175e-31
51,148,5.5511151231256366e-17
51,149,1.0880039733593676e-30
52,53,2.5965433949146376e-30
52,54,2.6936152870324786e-31
52,55,7.77156117237609e-16
52,56,9.841078669185074e-31
52,57,1.3468087581288741e-30
52,58,9.910313591619231e-31
52,59,1.2218426874604643e-30
52,60,6.054156916826635e-31
52,61,6.45832556980732e-30
52,62,3.36213110179008e-30
52,63,1.5781785607656164e-30
52,64,2.213349842846791e-30
52,65,1.819994911834953e-30
52,66,1.0454159849147603e-30
52,67,1.2850150987847748e-30
52,68,2.6696933278389685e-30
52,69,1.4942123182038647e-30
52,70,1.921963381265401e-30
52,71,1.00520584303809e-30
52,72,2.1872248790670344e-30
52,73,2.3584736997007985e-30
52,74,2.6858349849063408e-30
52,75,1.1918974564624053e-30
52,76,8.411943209666247e-31
52,77,1.0048412320276656e-30
52,78,1.6956211898349337e-30
52,79,9.560726642256119e-31
52,80,2.8975486028988845e-30
52,81,8.702293726448429e-31
52,82,1.0543585450767442e-30
52,83,9.514327446583462e-31
52,84,1.8297433583544776e-30
52,85,1.0724999861401826e-30
52,86,3.22867243711572e-30
52,87,7.569204890050564e-31
52,88,3.304846454733658e-30
52,89,8.649856414931416e-31
52,90,1.4872711348508208e-30
52,91,6.02310688703723e-31
52,92,8.320480051643189e-31
52,93,1.3915075844288853e-30
52,94,2.1911521690606696e-30
52,95,1.8192302981810556e-30
52,96,7.0731524058517365e-31
52,97,1.1814673494689608e-30
52,98,7.08210475863016e-31
52,99,1.0376420308507024e-30
52,100,2.6936152870324786e-31
52,101,7.2115548248420125e-31
52,102,1.1245495889327573e-30
52,103,8.832069504313543e-31
52,104,2.4085359168552155e-30
52,105,3.31999610981616e-31
52,106,7.22404855137128e-31
52,107,1.3213074499771547e-30
52,108,2.2660926888746316e-30
52,109,8.187648272157452e-31
52,110,1.6115526502953063e-30
52,111,2.2972949426369154e-30
52,112,8.179414052423713e-31
52,113,4.976298596962861e-32
52,114,2.3916820514780986e-30
52,115,5.18482900345502e-30
52,116,9.290021700885444e-31
52,117,1.5768607696084086e-31
52,118,1.5772846998360384e-30
52,119,1.314754139036128e-30
52,120,5.215972600307273e-31
52,121,5.471307199149074e-31
52,122,9.008776892755643e-31
52,123,1.4839426766572056e-30
52,124,2.4988326363763284e-30
52,125,1.667766905663342e-30
52,126,4.359988488381854e-31
52,127,2.7746190374479465e-30
52,128,3.4798406285845304e-31
52,129,1.2729477056618032e-30
52,130,6.811683078107056e-31
52,131,6.657050413926645e-31
52,132,1.949866301824915e-30
52,133,2.079747893752677e-30
52,134,1.389442590222006e-30
52,135,2.301832831777861e-30
52,136,2.919864712759941e-30
52,137,8.795465432492463e-31
52,138,1.0317102822282269e-30
52,139,1.1246462817187723e-30
52,140,2.6329832648904055e-30
52,141,9.635422396702538e-31
52,142,4.844916329752385e-31
52,143,1.2948485262953654e-30
52,144,6.878753215605903e-31
52,145,1.2334010101313896e-30
52,146,4.976571301571983e-32
52,147,1.0949697273200996e-30
52,148,4.982493048981737e-16
52,149,2.043822055817796e-30
53,54,4.791654870616823e-31
53,55,5.844035972259404e-16
53,56,1.6483722578161348e-30
53,57,2.1576467580420137e-30
53,58,1.9670444695486017e-30
53,59,2.7282814149848702e-30
53,60,1.6657516605706388e-30
53,61,1.0310344481366562e-29
53,62,5.7400910037963915e-30
53,63,2.7121341990091893e-30
53,64,3.975356449415893e-16
53,65,3.197904336901046e-30
53,66,2.160934906425642e-30
53,67,2.651521121083944e-30
53,68,7.736402682014146e-16
53,69,3.151460980423292e-30
53,70,3.0784637821215048e-30
53,71,1.836181298771354e-30
53,72,4.057201585646232e-30
53,73,4.133446622318283e-30
53,74,5.942795291839769e-16
53,75,2.0016644428471465e-30
53,76,1.167489240415638e-30
53,77,3.354436718747639e-16
53,78,4.8675885135647855e-30
53,79,1.7799600277775483e-30
53,80,4.887270957865344e-30
53,81,1.778514546636695e-30
53,82,1.96274924861523e-30
53,83,1.7059108332581184e-30
53,84,3.49417787018566e-30
53,85,1.8879171777499888e-30
53,86,3.9542944582592075e-16
53,87,1.2523936930784675e-30
53,88,5.747214575559382e-30
53,89,1.5129814089545172e-30
53,90,2.7312743295919517e-30
53,91,1.0714466015417175e-30
53,92,2.0206123887292478e-30
53,93,2.315055440843626e-30
53,94,3.753850312358752e-30
53,95,3.539541355917933e-30
53,96,1.6538125641554754e-30
53,97,8.265880000917491e-16
53,98,1.5094103428293192e-30
53,99,1.6514130466727244e-30
53,100,4.791654870616823e-31
53,101,2.445908377736907e-30
53,102,1.761193178615041e-30
53,103,1.6595699555151154e-30
53,104,4.133342954419033e-30
53,105,9.600812944947788e-31
53,106,1.9703037925070304e-30
53,107,7.867635562172382e-16
53,108,3.740335753929113e-30
53,109,1.5439950286460503e-30
53,110,2.8842712277739726e-30
53,111,4.700880964360151e-30
53,112,1.3788777531239433e-30
53,113,1.493578627447279e-31
53,114,4.2937066874934434e-30
53,115,4.264174725248223e-16
53,116,2.7286814271907398e-30
53,117,4.614414370388311e-31
53,118,3.0022000384376854e-30
53,119,2.941913124593988e-30
53,120,7.40711462004441e-31
53,121,9.553489629426575e-31
53,122,2.499998964148512e-30
53,123,3.7310842669827286e-30
53,124,4.9914561998340945e-30
53,125,3.3916443211839036e-30
53,126,1.3757146176106322e-30
53,127,5.945563571876395e-30
53,128,1.0850488377321959e-30
53,129,3.278613377179915e-30
53,130,2.0131528651975654e-30
53,131,1.3195241663493383e-30
53,132,3.4357618231577186e-30
53,133,3.8218823712266444e-30
53,134,2.4405548799646398e-30
53,135,3.746801928223327e-30
53,136,5.599332193798529e-30
53,137,2.3334241722795395e-30
53,138,1.6909852835357843e-30
53,139,2.081518164185647e-30
53,140,4.44208233030852e-30
53,141,1.4003826508291686e-30
53,142,1.3198117016348928e-30
53,143,2.4630354053917575e-30
53,144,2.257325014723949e-30
53,145,2.345595655072262e-30
53,146,1.4936604765903424e-31
53,147,1.4694308638779204e-30
53,148,8.174718709734458e-16
53,149,3.251161484424284e-30
54,55,6.038458424442253e-32
54,56,1.6132994511598766e-31
54,57,2.2351883600691153e-31
54,58,1.7833404126101663e-31
54,59,1.83290258018527e-31
54,60,1.1178625654980982e-31
54,61,9.419145482535048e-31
54,62,6.018316292670221e-31
54,63,2.7737242791611837e-31
54,64,4.098639565540899e-31
54,65,3.3073998916241278e-31
54,66,1.3958834125491678e-31
54,67,2.3789405996100117e-31
54,68,4.6340291817203505e-31
54,69,2.5450273374909745e-31
54,70,3.2431836815046624e-31
54,71,1.7048733932398246e-31
54,72,4.045899823171984e-31
54,73,4.254557102061508e-31
54,74,4.530966216550982e-31
54,75,2.083542901164346e-31
54,76,7.071074805944742e-32
54,77,1.8264153276528906e-31
54,78,3.09632039274142e-31
54,79,1.7521856184199728e-31
54,80,5.250239066093349e-31
54,81,1.485599991016499e-31
54,82,1.7476580651609304e-31
54,83,1.7483201243937212e-31
54,84,3.3991479569210466e-31
54,85,1.9566007525678534e-31
54,86,5.900928663463243e-31
54,87,1.3364566184419968e-31
54,88,6.077197477497546e-31
54,89,1.5594277475051822e-31
54,90,2.696125831368552e-31
54,91,1.1024666305413758e-31
54,92,8.756862696014568e-32
54,93,2.281133736692429e-31
54,94,3.928897086549961e-31
54,95,3.326330249171445e-31
54,96,1.3102666325726877e-31
54,97,2.1795945823027804e-31
54,98,1.3151718565223936e-31
54,99,1.7300297550803827e-31
54,100,4.930380657631324e-32
54,101,1.1296921284270847e-31
54,102,1.8985566929355629e-31
54,103,1.6230551074647502e-31
54,104,4.355811510247279e-31
54,105,6.128695225276021e-32
54,106,9.310989932267512e-32
54,107,1.6790574926773914e-31
54,108,4.065245335295496e-31
54,109,1.457143882823622e-31
54,110,2.9376133114054506e-31
54,111,4.285041347522298e-31
54,112,1.470421971989506e-31
54,113,0.0
54,114,4.4234129056348856e-31
54,115,9.123900770593236e-31
54,116,1.4240008750373035e-31
54,117,2.7561665763534383e-32
54,118,2.9327227471651977e-31
54,119,2.456701621932327e-31
54,120,7.654644846181898e-32
54,121,7.89245997216231e-32
54,122,1.3318303401364337e-31
54,123,2.7808614442554995e-31
54,124,4.610739036033236e-31
54,125,2.8492621837127852e-31
54,126,3.486305596842099e-32
54,127,5.079129694315773e-31
54,128,1.2325951644078312e-32
54,129,2.2146017115239777e-31
54,130,1.1410090644872542e-31
54,131,1.2387428093493755e-31
54,132,3.5007983332074185e-31
54,133,3.8077266696810883e-31
54,134,2.511176325939515e-31
54,135,4.02724063087263e-31
54,136,5.371609547189055e-31
54,137,1.46654222387717e-31
54,138,1.8243345348068175e-31
54,139,2.068620903271369e-31
54,140,4.677686976610463e-31
54,141,1.249523399779514e-31
54,142,8.9216924755806e-32
54,143,2.38053666862526e-31
54,144,1.1632361771243074e-31
54,145,2.2512267533737365e-31
54,146,0.0
54,147,1.5130701845924683e-31
54,148,8.15051459059876e-31
54,149,3.5145176800927244e-31
55,56,1.6883057536160654e-16
55,57,4.0149761686118606e-16
55,58,5.47601399140919e-16
55,59,8.192597790804525e-16
55,60,2.8031757299712617e-16
55,61,2.60802154185862e-15
55,62,3.3343262483639947e-16
55,63,8.729176104880658e-16
55,64,5.892751216308202e-16
55,65,1.2719202621569013e-16
55,66,5.802176783577768e-16
55,67,5.51107205750267e-16
55,68,5.509107669942743e-16
55,69,4.0259463367140387e-16
55,70,4.94173974373703e-16
55,71,1.2412670766236385e-16
55,72,6.01166769507957e-31
55,73,2.062370273058678e-16
55,74,1.275308483014428e-15
55,75,6.843874359417882e-16
55,76,4.126162952233366e-16
55,77,6.425880420857257e-16
55,78,3.9092523720927443e-16
55,79,6.206335383118173e-17
55,80,1.0461921546529672e-15
55,81,1.1197449397625316e-15
55,82,4.972820174300702e-16
55,83,4.154074181055222e-16
55,84,1.6004645656917924e-16
55,85,7.531177654404656e-16
55,86,1.2247491731722037e-15
55,87,5.103081657490654e-31
55,88,5.735825858147623e-16
55,89,1.0007415106216799e-16
55,90,2.3315741880941276e-16
55,91,1.3502403516359146e-31
55,92,6.20633538311818e-17
55,93,3.5135752366389076e-16
55,94,6.845303241894785e-16
55,95,2.705278874473294e-16
55,96,4.89561639670844e-31
55,97,5.026748538604304e-16
55,98,3.040474065169499e-16
55,99,4.449692554367055e-16
55,100,6.038458424442251e-32
55,101,1.0845989086316114e-30
55,102,5.851475994279057e-31
55,103,3.5577733353212683e-31
55,104,7.390492082589764e-16
55,105,2.547623188892929e-16
55,106,2.48350370382251e-16
55,107,3.1676639673831415e-16
55,108,4.1174018914199497e-16
55,109,5.233232634728412e-16
55,110,1.2412670766236336e-16
55,111,2.2887833992611143e-16
55,112,4.2207643840401596e-16
55,113,7.461871726982599e-32
55,114,3.3052742109447705e-16
55,115,6.389154003270124e-16
55,116,4.3494537364245394e-16
55,117,1.915559322877748e-31
55,118,8.509981241684436e-16
55,119,4.750989259956118e-16
55,120,1.6711069443220843e-16
55,121,4.1048216665000635e-31
55,122,2.0233153086056819e-16
55,123,4.855242786854198e-16
55,124,5.416144513581771e-16
55,125,1.9078803932353498e-16
55,126,6.599408563644654e-31
55,127,1.269123865016325e-30
55,128,5.332875251685312e-31
55,129,3.5108334685767e-16
55,130,2.490279988460513e-16
55,131,3.623806214226946e-31
55,132,1.321480766671673e-15
55,133,3.387999773988767e-16
55,134,1.3597399555105172e-16
55,135,1.2390589542997683e-15
55,136,5.344412482348079e-16
55,137,6.415780440676723e-16
55,138,1.110223024625155e-16
55,139,6.551309009444093e-16
55,140,5.21479921135491e-16
55,141,3.911871153588963e-16
55,142,3.5975337699988616e-16
55,143,6.843874702935096e-16
55,144,2.2388016169968653e-16
55,145,3.041262658489022e-16
55,146,7.462280642720466e-32
55,147,8.869849971791638e-16
55,148,7.749286909221085e-16
55,149,7.418472040720245e-31
56,57,1.285785166755917e-30
56,58,7.0973739443283235e-31
56,59,2.314806099972911e-30
56,60,1.0591226850399744e-30
56,61,6.381471896314086e-30
56,62,2.099204482052164e-30
56,63,1.1122821309531376e-30
56,64,1.3793757949403558e-30
56,65,1.213737392099127e-30
56,66,1.8808073686511503e-30
56,67,1.583611846378077e-30
56,68,2.3847704991517784e-30
56,69,2.5987065241094196e-30
56,70,1.8012827610380043e-30
56,71,1.4148849074338353e-30
56,72,1.2728420447637193e-30
56,73,1.9667308047612484e-30
56,74,2.2678273792173302e-30
56,75,9.139590451925899e-31
56,76,8.636435299715945e-31
56,77,7.074622026640369e-31
56,78,2.6872929495879024e-30
56,79,9.439197745994887e-31
56,80,1.9811133182657128e-30
56,81,1.1845640733228734e-30
56,82,1.326133720546592e-30
56,83,5.738242981001855e-31
56,84,1.074661509693467e-30
56,85,1.077965102712336e-30
56,86,2.0505124890568658e-30
56,87,6.427409213343067e-31
56,88,2.0484281197164735e-30
56,89,6.103934222514312e-31
56,90,1.0738311720981074e-30
56,91,3.6074472408565853e-31
56,92,1.7074107449100913e-30
56,93,1.9110424992877562e-30
56,94,1.4111338283698478e-30
56,95,1.3015659201287611e-30
56,96,7.147129035356024e-31
56,97,6.699883491805485e-31
56,98,5.673122985081363e-31
56,99,9.158102798888698e-31
56,100,1.613299451159877e-31
56,101,1.5422730510311118e-30
56,102,1.214929716844416e-30
56,103,7.954950193438032e-31
56,104,1.5781105411027673e-30
56,105,6.800356901247712e-31
56,106,1.403857150803996e-30
56,107,2.8443117748660436e-16
56,108,1.907375993844854e-30
56,109,1.1494329454969399e-30
56,110,9.466077636250099e-31
56,111,2.1650643002716237e-30
56,112,8.276011870303238e-31
56,113,1.1879657674239232e-31
56,114,1.4302328825659861e-30
56,115,2.5626980138831267e-16
56,116,1.7082697575887743e-30
56,117,2.8570670483866683e-31
56,118,8.96962141687836e-31
56,119,1.3347585713940301e-30
56,120,6.009510814016259e-31
56,121,7.691158547497163e-31
56,122,1.923162888906461e-30
56,123,1.822987467091223e-30
56,124,2.7269689015505035e-30
56,125,2.0534133236122652e-30
56,126,9.921989718372437e-31
56,127,2.2304690613675456e-30
56,128,8.38944847806116e-31
56,129,2.121822185081955e-30
56,130,1.1000840762118434e-30
56,131,5.249182711804036e-31
56,132,1.7761097670000673e-30
56,133,1.2499558030504269e-30
56,134,1.0956706811995503e-30
56,135,2.1016049767105002e-30
56,136,1.856239707997125e-30
56,137,1.6610670265269648e-30
56,138,7.802058685920862e-31
56,139,8.31168969099679e-31
56,140,1.9039130380098812e-30
56,141,1.1876336203197101e-30
56,142,9.699986219318237e-31
56,143,9.568307637931016e-31
56,144,1.4833160636668114e-30
56,145,7.10053549837086e-31
56,146,1.1880308687706255e-31
56,147,1.249826149609359e-30
56,148,4.428406221059999e-16
56,149,1.7299826229954896e-30
57,58,7.520862161881307e-31
57,59,1.8878184084055635e-30
57,60,9.643953494549479e-31
57,61,7.428534301605592e-30
57,62,2.979808472079554e-30
57,63,1.3641475505730328e-30
57,64,5.172182117258879e-16
57,65,1.6285226530268944e-30
57,66,1.5449685018728342e-30
57,67,1.3492068253953581e-30
57,68,2.6371865394846745e-30
57,69,2.1263418964905493e-30
57,70,2.046077340233983e-30
57,71,1.3002187882278782e-30
57,72,1.738278638117656e-30
57,73,2.314173183962734e-30
57,74,2.23166636382714e-16
57,75,1.0653521817619528e-30
57,76,1.0027005703601e-30
57,77,8.532072870155616e-31
57,78,1.9008523941289116e-30
57,79,8.549710503242712e-31
57,80,2.6123347381002197e-30
57,81,8.503775285383915e-31
57,82,1.3441535279131692e-30
57,83,7.884006358627067e-31
57,84,1.4005348767576424e-30
57,85,1.011752144924969e-30
57,86,2.816426490420969e-30
57,87,7.414843681832606e-31
57,88,2.6553846625158617e-30
57,89,7.679986846042616e-31
57,90,1.3416382264976234e-30
57,91,4.998033115630818e-31
57,92,1.3601706143604462e-30
57,93,1.648732118224913e-30
57,94,1.6985063269938524e-30
57,95,1.4406736444867836e-30
57,96,5.518131024772439e-31
57,97,9.044161424308583e-31
57,98,5.491489035033974e-31
57,99,1.0710526633583924e-30
57,100,2.2351883600691158e-31
57,101,1.0602841500793118e-30
57,102,1.2072767646803152e-30
57,103,7.762505395614619e-31
57,104,2.139644297568629e-30
57,105,4.996217533012623e-31
57,106,9.667950253126186e-31
57,107,3.083528924111976e-16
57,108,2.434857950836743e-30
57,109,1.0255137546277957e-30
57,110,1.3445790430822355e-30
57,111,1.8827285520727556e-30
57,112,8.87630462991422e-31
57,113,8.811966265470388e-32
57,114,1.9999419679706413e-30
57,115,4.704651940991005e-16
57,116,1.1667996972093739e-30
57,117,1.9581815013511962e-31
57,118,1.246819315429532e-30
57,119,9.894019871035769e-31
57,120,6.024633889381778e-31
57,121,7.190189867816088e-31
57,122,1.3141532519025396e-30
57,123,1.3178899114046541e-30
57,124,2.2560570569839462e-30
57,125,2.216793106456067e-30
57,126,6.998643858407851e-31
57,127,2.0673760605960584e-30
57,128,6.115511965172652e-31
57,129,1.4094750010168196e-30
57,130,7.596187847678493e-31
57,131,5.2856122441883145e-31
57,132,2.1001027043684894e-30
57,133,2.0044290874843972e-30
57,134,1.2724502186903529e-30
57,135,2.3150247272225117e-30
57,136,2.2660495993263813e-30
57,137,1.1339052903065012e-30
57,138,9.502316440731917e-31
57,139,1.0376966936160779e-30
57,140,2.3250875600831607e-30
57,141,1.2089445450290447e-30
57,142,7.291845723914519e-31
57,143,1.0072519857380687e-30
57,144,1.0268355511002139e-30
57,145,9.986574304228543e-31
57,146,8.812449167323883e-32
57,147,1.3512973805854243e-30
57,148,7.354920682069262e-16
57,149,1.9957470843378352e-30
58,59,9.825141589881281e-31
58,60,6.0058153040945e-31
58,61,2.406018963550909e-30
58,62,1.9853832692877923e-30
58,63,9.708685889500647e-31
58,64,1.8410966031475748e-16
58,65,1.2129355551437705e-30
58,66,6.275734855288557e-31
58,67,1.0717718763355419e-30
58,68,1.4956538484071182e-30
58,69,1.1245750812362001e-30
58,70,8.95816021979444e-31
58,71,6.777951717640463e-31
58,72,1.5595261284503425e-30
58,73,1.6498447850348325e-30
58,74,2.2377260456559e-16
58,75,1.0262098911671738e-30
58,76,8.737909018972466e-31
58,77,8.573405104172274e-31
58,78,1.8968127069519513e-30
58,79,7.237176277735228e-31
58,80,1.899343159051116e-30
58,81,7.513718801262888e-31
58,82,5.08528778311199e-31
58,83,6.824275681946328e-31
58,84,1.4067269684524965e-30
58,85,7.991262773865441e-31
58,86,2.4419564256897532e-30
58,87,4.27883755927557e-31
58,88,2.2881017782312903e-30
58,89,5.584775697500789e-31
58,90,1.1272013557591362e-30
58,91,3.9876703896188554e-31
58,92,5.7521536988611655e-31
58,93,7.903425882454663e-31
58,94,1.3657249421529508e-30
58,95,1.5718674557878317e-30
58,96,6.93541193527671e-31
58,97,9.466965033554143e-31
58,98,5.9001363075179625e-31
58,99,4.678710437219428e-31
58,100,1.7833404126101663e-31
58,101,9.253918217602737e-31
58,102,6.0455354415542126e-31
58,103,6.813039002077686e-31
58,104,1.5542947600764339e-30
58,105,3.5926197839618837e-31
58,106,8.191274275776059e-31
58,107,6.335707921447373e-16
58,108,1.449259763546709e-30
58,109,6.244929190231257e-31
58,110,1.0625814675848575e-30
58,111,1.901094131651049e-30
58,112,5.677321080595277e-31
58,113,4.819277868282368e-32
58,114,1.687051133206736e-30
58,115,3.4000580129145444e-16
58,116,1.0880927787218889e-30
58,117,1.859659700959606e-31
58,118,1.1999217261731476e-30
58,119,1.2301753007004313e-30
58,120,2.1168033657144713e-31
58,121,1.7710157193381714e-31
58,122,1.0561421271947347e-30
58,123,1.4688447318836018e-30
58,124,2.2163867327572013e-30
58,125,1.0625755034617168e-30
58,126,4.963577672583718e-31
58,127,2.5671728584210304e-30
58,128,3.6637483172462156e-31
58,129,1.43535545379108e-30
58,130,7.940664216505874e-31
58,131,5.394472326091603e-31
58,132,1.3543341698656447e-30
58,133,1.5428683195969951e-30
58,134,9.264672879976558e-31
58,135,1.3708425399902191e-30
58,136,2.355427623510179e-30
58,137,1.0147784312664064e-30
58,138,6.05104675749446e-31
58,139,8.854687544030152e-31
58,140,1.5734594438167892e-30
58,141,1.1639266747898188e-30
58,142,5.165981510976616e-31
58,143,1.165033382847029e-30
58,144,8.636588633145731e-31
58,145,8.925806844171911e-31
58,146,4.8195419680468227e-32
58,147,6.9959247755632745e-31
58,148,6.703219324232892e-16
58,149,1.0570595107080752e-30
59,60,1.7304591318939994e-30
59,61,8.989574497074492e-30
59,62,2.440161384454293e-30
59,63,1.5467854623976959e-30
59,64,3.467017488477213e-16
59,65,1.6141544806858267e-30
59,66,2.9507666001665152e-30
59,67,2.5638982303816892e-30
59,68,3.4935811241896686e-30
59,69,4.123248098163136e-30
59,70,2.5602372115364705e-30
59,71,2.2151217056409074e-30
59,72,1.4409884878884081e-30
59,73,2.970826763659037e-30
59,74,3.1661473229182736e-16
59,75,1.32766580933027e-30
59,76,1.097007606692068e-30
59,77,1.027823433961026e-30
59,78,4.361959830152858e-30
59,79,1.4446567955280023e-30
59,80,2.5467539116569028e-30
59,81,1.9408559044863746e-30
59,82,2.0770298422434634e-30
59,83,6.636637703444936e-31
59,84,1.4712971669362268e-30
59,85,1.687829679010465e-30
59,86,2.4836755207655654e-30
59,87,9.629237789853092e-31
59,88,2.2719967208887124e-30
59,89,8.184873247042014e-31
59,90,1.6743800048114934e-30
59,91,4.098494765429022e-31
59,92,2.6901096464696354e-30
59,93,3.0246322313123204e-30
59,94,1.8065042358673378e-30
59,95,2.0172532566128516e-30
59,96,1.1006330476322988e-30
59,97,7.770635698535974e-31
59,98,9.29534070601887e-31
59,99,1.2655616083168895e-30
59,100,1.83290258018527e-31
59,101,2.472113586888283e-30
59,102,1.8159146060739635e-30
59,103,1.2003995807498292e-30
59,104,1.9235647097471642e-30
59,105,1.105410815231807e-30
59,106,2.218504675313756e-30
59,107,5.015241277715085e-16
59,108,2.742894058977887e-30
59,109,1.856200215946172e-30
59,110,9.981211284578313e-31
59,111,3.45606163939728e-30
59,112,1.2947890534719394e-30
59,113,1.8897490844323773e-31
59,114,1.7053972938939255e-30
59,115,2.8333403741878453e-16
59,116,2.7390256417185632e-30
59,117,4.571285804501706e-31
59,118,1.0166777863290418e-30
59,119,2.1236683879416393e-30
59,120,8.585412207763457e-31
59,121,1.1693480632228072e-30
59,122,3.0396902464795996e-30
59,123,2.9769692390802392e-30
59,124,4.3929402171146544e-30
59,125,3.2034191912566586e-30
59,126,1.5833191111450872e-30
59,127,3.170779682903321e-30
59,128,1.3372240661249321e-30
59,129,3.415162892893599e-30
59,130,1.7747298496466533e-30
59,131,8.390096835817791e-31
59,132,2.6730688384428347e-30
59,133,1.612443367998843e-30
59,134,1.732568018137133e-30
59,135,3.0259433243907256e-30
59,136,2.3247406062582523e-30
59,137,2.6849487984674305e-30
59,138,1.0922110941193142e-30
59,139,1.3141477877506017e-30
59,140,2.6127473174690912e-30
59,141,1.6497884899002555e-30
59,142,1.5550077594190525e-30
59,143,1.487495809700615e-30
59,144,2.3766241008810342e-30
59,145,8.421190146193556e-31
59,146,1.8898526439908257e-31
59,147,1.8823183291294955e-30
59,148,3.822222172296151e-16
59,149,2.412864991357685e-30
60,61,4.173126253448866e-30
60,62,1.3731548459831039e-30
60,63,6.27186577020187e-31
60,64,6.02526216472585e-16
60,65,8.186198451695674e-31
60,66,1.3682459653902901e-30
60,67,1.3378255192086435e-30
60,68,1.4639859470995155e-30
60,69,1.9897506150757898e-30
60,70,1.1075681854015794e-30
60,71,1.0527709298352953e-30
60,72,1.0030089542686568e-30
60,73,1.4168747496397857e-30
60,74,1.8386880625289146e-30
60,75,7.111680572500412e-31
60,76,6.181014397327048e-31
60,77,5.882560038796126e-31
60,78,2.470647753681096e-30
60,79,7.501723610006874e-31
60,80,1.2647501495812006e-30
60,81,9.372422149107864e-31
60,82,1.0481837152586666e-30
60,83,4.071869046951305e-31
60,84,9.472772900930095e-31
60,85,8.041949068932014e-31
60,86,1.470300920238402e-30
60,87,4.959517653328315e-31
60,88,1.5024546649594817e-30
60,89,3.7651638150773774e-31
60,90,8.251294483267616e-31
60,91,2.4996166859560586e-31
60,92,1.2798777199123e-30
60,93,1.3678393445513894e-30
60,94,9.807007996300038e-31
60,95,1.187205475811546e-30
60,96,6.492612366122607e-31
60,97,5.388415344041666e-31
60,98,6.140425638822549e-31
60,99,5.369442481550527e-31
60,100,1.1178625654980984e-31
60,101,1.317090528678818e-30
60,102,7.795875571024364e-31
60,103,5.680606490409331e-31
60,104,9.868773874432853e-31
60,105,5.6007683149048e-31
60,106,1.1078533690472375e-30
60,107,3.682193206295148e-16
60,108,1.4589361157154878e-30
60,109,9.418820076454806e-31
60,110,6.988354970917216e-31
60,111,1.8990933189456034e-30
60,112,6.86268057224128e-31
60,113,9.280844737814794e-32
60,114,1.1148598766676654e-30
60,115,4.904575925133247e-16
60,116,1.5072374589511363e-30
60,117,2.4172947905806856e-31
60,118,7.454700028574463e-31
60,119,1.2051466269861548e-30
60,120,3.4615127783453206e-31
60,121,5.173937788125154e-31
60,122,1.4519435387707911e-30
60,123,1.7501317730172915e-30
60,124,2.229913084583449e-30
60,125,1.690934881546532e-30
60,126,8.06180879613284e-31
60,127,1.9952129043830573e-30
60,128,6.641356362406536e-31
60,129,1.698447667769954e-30
60,130,9.987888976037826e-31
60,131,4.706459029114773e-31
60,132,1.3108560033821906e-30
60,133,9.540477815570339e-31
60,134,1.0301258602084495e-30
60,135,1.2874855254567437e-30
60,136,1.5868872079004194e-30
60,137,1.3059782387351559e-30
60,138,5.707623684258473e-31
60,139,7.738305426905851e-31
60,140,1.1259231928754555e-30
60,141,7.33745458819609e-31
60,142,7.815048038091967e-31
60,143,7.610725853812241e-31
60,144,1.237333840678273e-30
60,145,5.738436874463996e-31
60,146,9.281353334533262e-32
60,147,8.573560157427829e-31
60,148,4.289925911345713e-16
60,149,9.82779345944005e-31
61,62,1.2367237613819927e-29
61,63,5.9945103394842506e-30
61,64,1.1532084837811195e-15
61,65,7.227542323903318e-30
61,66,7.285194694509906e-30
61,67,7.320847119965984e-30
61,68,3.0140469704354215e-15
61,69,1.0278296812869185e-29
61,70,1.0384868819810883e-29
61,71,6.310719719407962e-30
61,72,6.895512420464203e-30
61,73,1.0932910394886838e-29
61,74,6.8900535388023115e-16
61,75,2.8131984455895027e-15
61,76,6.0397661414052715e-30
61,77,1.184517980665562e-15
61,78,7.445167823985785e-30
61,79,5.719062547014757e-30
61,80,1.2592663517016584e-29
61,81,3.764572861218663e-30
61,82,6.45286813159843e-30
61,83,3.360630099424668e-30
61,84,2.1201841135879162e-15
61,85,4.701735554833292e-30
61,86,1.7853567445496954e-15
61,87,3.486214901489965e-30
61,88,1.1895147255134302e-29
61,89,3.335007391255105e-30
61,90,5.970952151821591e-30
61,91,2.1061849588908426e-30
61,92,6.287569023123235e-30
61,93,7.089000144375941e-30
61,94,9.650000016936322e-30
61,95,5.798161956242434e-30
61,96,1.5035031104851325e-30
61,97,2.3011723686140852e-15
61,98,2.1718150009223254e-30
61,99,5.220538352863076e-30
61,100,9.419145482535048e-31
61,101,4.004105744537013e-30
61,102,5.814032391841541e-30
61,103,3.597247664158005e-30
61,104,1.0014640136717669e-29
61,105,1.9405960827535085e-30
61,106,4.066288290836679e-30
61,107,2.8214405762071306e-15
61,108,8.900896848310163e-30
61,109,4.2843652146147006e-30
61,110,5.389124169366893e-30
61,111,9.355307386439838e-30
61,112,4.153977883941827e-30
61,113,3.831038845690396e-31
61,114,6.851527009789256e-30
61,115,3.478367277412365e-15
61,116,2.174991979590393e-16
61,117,7.710460761363968e-31
61,118,5.138012168830855e-30
61,119,1.7001244260182716e-16
61,120,3.1474286682881296e-30
61,121,3.4624778963767324e-30
61,122,5.396651985997488e-30
61,123,4.9393887314296906e-30
61,124,1.021154715096496e-29
61,125,1.0484939865876959e-29
61,126,2.8398479333683685e-30
61,127,5.446877306911255e-30
61,128,2.6037792986157607e-30
61,129,6.724729396103245e-30
61,130,2.2064263416789933e-30
61,131,2.3599440674458562e-30
61,132,9.912229098983831e-30
61,133,7.74040433764049e-30
61,134,6.345896701058699e-30
61,135,1.2503643503707887e-29
61,136,1.0271571946631939e-29
61,137,4.22380186972926e-30
61,138,4.326456906970968e-30
61,139,5.3209671953284375e-30
61,140,1.1846321445192587e-29
61,141,4.612346301272393e-30
61,142,3.300904412823078e-30
61,143,4.992952252391971e-30
61,144,4.0756292227767934e-30
61,145,3.454055057462379e-30
61,146,3.8312487892720736e-31
61,147,6.641398224878513e-30
61,148,3.208370907841131e-15
61,149,9.409759029225586e-30
62,63,3.441855258728894e-30
62,64,2.5219801032797375e-16
62,65,3.89006782894191e-30
62,66,2.062987732938057e-30
62,67,2.9715231503737467e-30
62,68,5.751375289442539e-30
62,69,3.322228448393921e-30
62,70,4.2066721005750614e-30
62,71,2.1040698487928906e-30
62,72,4.925969201781243e-30
62,73,4.919352410027483e-30
62,74,6.070358403988134e-16
62,75,2.376985417226302e-30
62,76,1.8062191322391515e-30
62,77,5.157355431438126e-16
62,78,3.8002233125224075e-30
62,79,2.2191324660936103e-30
62,80,6.652673103534418e-30
62,81,1.8780141891596058e-30
62,82,2.210427678366837e-30
62,83,2.1214006218882257e-30
62,84,4.060557815392823e-30
62,85,2.536246389175383e-30
62,86,4.799513091403657e-16
62,87,1.697383868018877e-30
62,88,7.280910374786576e-30
62,89,1.9752021460501237e-30
62,90,3.0828574893771493e-30
62,91,1.3457364340505133e-30
62,92,1.5025451945458608e-30
62,93,3.047250546372352e-30
62,94,4.789036242889926e-30
62,95,3.625000229080576e-30
62,96,1.5556582620682032e-30
62,97,2.8744992215884777e-30
62,98,1.5787037988069218e-30
62,99,2.2484360276269575e-30
62,100,6.018316292670222e-31
62,101,1.608781177178036e-30
62,102,2.5137606043179335e-30
62,103,2.0494000544981777e-30
62,104,5.4462585295817756e-30
62,105,7.379909849479821e-31
62,106,1.054322999822645e-30
62,107,3.1403765731959397e-16
62,108,5.294968232333248e-30
62,109,1.807701955709994e-30
62,110,3.937136612205574e-30
62,111,5.2183511182903244e-30
62,112,1.778723894062297e-30
62,113,7.594673843601582e-32
62,114,5.518569357837794e-30
62,115,5.347902362062199e-16
62,116,1.7992534555401486e-30
62,117,3.229592183046863e-31
62,118,3.701455470205545e-30
62,119,2.902054752029554e-30
62,120,1.1305396173122438e-30
62,121,1.139402769177393e-30
62,122,1.5990713834849325e-30
62,123,3.3637340278599005e-30
62,124,5.266864621317646e-30
62,125,3.5367281206635266e-30
62,126,6.845410647432275e-31
62,127,5.695933599741798e-30
62,128,5.215091986510625e-31
62,129,2.3778709073188503e-30
62,130,1.3955265855136098e-30
62,131,1.484460396592362e-30
62,132,4.2013413503473604e-30
62,133,4.5260113126275804e-30
62,134,3.2772519124986104e-30
62,135,5.361479763694245e-30
62,136,6.231475285815048e-30
62,137,1.6379037991829824e-30
62,138,2.4496997770277528e-30
62,139,2.6038338179477398e-30
62,140,5.697922923686232e-30
62,141,2.1727079201649694e-30
62,142,1.1002961100668307e-30
62,143,2.776593371155011e-30
62,144,1.4441178636080754e-30
62,145,2.6607967544060584e-30
62,146,7.595090036987404e-32
62,147,2.321224447979424e-30
62,148,1.3455126310738917e-15
62,149,4.6476263941212365e-30
63,64,2.6258006780611304e-16
63,65,1.9171418631383786e-30
63,66,1.3494065368962668e-30
63,67,1.312781935299614e-30
63,68,1.1652384351681027e-16
63,69,1.879211211304197e-30
63,70,2.0842488665366277e-30
63,71,1.1791705179971264e-30
63,72,2.233856081259407e-30
63,73,2.531777600913975e-30
63,74,4.1244487098706937e-16
63,75,1.1521689849873761e-30
63,76,9.04111477717477e-31
63,77,1.7202335843402876e-16
63,78,1.9206162177994505e-30
63,79,9.715371389921838e-31
63,80,2.8910629759948002e-30
63,81,1.1936543636030395e-30
63,82,1.2406716994095642e-30
63,83,9.808370931151084e-31
63,84,1.8926020508807033e-30
63,85,1.142352456059643e-30
63,86,9.60084429300164e-16
63,87,8.045844330081092e-31
63,88,3.306358567476516e-30
63,89,9.525372364215248e-31
63,90,1.6784199523282896e-30
63,91,6.20223603904601e-31
63,92,1.1299631272022776e-30
63,93,1.6682308370649465e-30
63,94,2.3650659127937156e-30
63,95,1.863100363583361e-30
63,96,7.364245362487987e-31
63,97,1.4084483130837522e-16
63,98,7.578678811070743e-31
63,99,1.12245758295701e-30
63,100,2.773724279161183e-31
63,101,9.688075838918275e-31
63,102,1.2176416164033193e-30
63,103,9.02867141387294e-31
63,104,2.4564377038616578e-30
63,105,4.886768747838445e-31
63,106,8.497561627281757e-31
63,107,4.495310883741308e-16
63,108,2.3888055249461694e-30
63,109,1.0190243026946117e-30
63,110,1.6318991563702603e-30
63,111,2.328628084143674e-30
63,112,8.756791515035185e-31
63,113,7.257534461349091e-32
63,114,2.4466631665338846e-30
63,115,4.59881704374094e-16
63,116,1.2941524102517081e-30
63,117,1.8638415237284982e-31
63,118,1.6322105100162554e-30
63,119,1.352434840332913e-30
63,120,5.681070599613412e-31
63,121,6.566077124385443e-31
63,122,1.2253656599185312e-30
63,123,1.5589216166837376e-30
63,124,2.608415781969453e-30
63,125,2.0446739344728807e-30
63,126,6.007901546396495e-31
63,127,2.849656415179106e-30
63,128,5.074783020201889e-31
63,129,1.3874209097592552e-30
63,130,8.352638351333226e-31
63,131,6.786178523462086e-31
63,132,2.04938147576429e-30
63,133,2.1468641757451782e-30
63,134,1.3848714225908833e-30
63,135,2.4203809877047366e-30
63,136,3.0381851628049423e-30
63,137,1.144201432381022e-30
63,138,1.0760118053253637e-30
63,139,1.2096405112783134e-30
63,140,2.7925610754796193e-30
63,141,1.0404360842932555e-30
63,142,6.256930712269974e-31
63,143,1.2793756073272534e-30
63,144,9.587180303751663e-31
63,145,1.3757771066483755e-30
63,146,7.2579321792633e-32
63,147,1.0734468577619191e-30
63,148,5.717517847144325e-16
63,149,2.1588456910381716e-30
64,65,2.5806930217922355e-30
64,66,1.7480655324881845e-30
64,67,7.281872437350275e-16
64,68,1.6199010924212604e-16
64,69,1.4768600685300364e-16
64,70,1.7554167342883494e-16
64,71,1.3238618803442783e-30
64,72,3.449374623774173e-30
64,73,3.084362016774427e-30
64,74,1.1200203979664964e-15
64,75,1.7571664545226246e-30
64,76,4.1191556299714064e-16
64,77,4.876023740144126e-16
64,78,4.0727228786200343e-16
64,79,1.5767969821161314e-30
64,80,1.928276043226852e-16
64,81,3.8859451491046054e-16
64,82,1.3915374529115242e-30
64,83,1.4651465003147716e-30
64,84,1.6005820766918775e-16
64,85,1.8670653977139882e-16
64,86,5.981391276172389e-16
64,87,1.1307462600242639e-30
64,88,6.046002840263116e-16
64,89,1.4696331964569675e-30
64,90,2.2733360514385624e-30
64,91,9.164836683819654e-31
64,92,1.5044829515124593e-30
64,93,2.5598782462799996e-16
64,94,8.13990224867578e-16
64,95,1.9626167712398363e-16
64,96,1.2929564936333886e-30
64,97,2.2188965741654768e-30
64,98,1.2456767914365674e-30
64,99,1.4430285141485347e-30
64,100,4.098639565540899e-31
64,101,1.7756393336182616e-30
64,102,1.65009608664864e-30
64,103,1.4138473215786358e-30
64,104,4.619977688291366e-16
64,105,6.8369094553814235e-31
64,106,1.4325257355241902e-30
64,107,7.883382783119273e-16
64,108,3.433528430054133e-16
64,109,3.6177199557630913e-16
64,110,2.7713266764132704e-30
64,111,3.860736223693625e-30
64,112,1.1730603329716609e-30
64,113,1.0796174581530953e-31
64,114,2.5739461938222556e-16
64,115,1.0149562695740491e-15
64,116,2.648622249855668e-16
64,117,3.3870227860138254e-31
64,118,2.7564768968718657e-30
64,119,2.3158014621496243e-30
64,120,7.890399647110869e-31
64,121,8.050795505507441e-31
64,122,1.7790288506163207e-30
64,123,2.8895920348738886e-30
64,124,3.295791996826255e-16
64,125,1.9295241184664086e-16
64,126,9.824090992380703e-31
64,127,4.605544254473092e-30
64,128,7.803766914839003e-31
64,129,6.727507242144006e-16
64,130,9.813077866773689e-18
64,131,1.078173912750879e-30
64,132,6.852684016890452e-16
64,133,7.226450749992002e-16
64,134,2.180118077017152e-30
64,135,3.448131108448905e-16
64,136,5.649129063713848e-16
64,137,4.134468764261252e-16
64,138,1.6988877007552403e-30
64,139,4.04856363824883e-16
64,140,3.2009291313835814e-16
64,141,1.5475310376906897e-30
64,142,9.469036655301102e-31
64,143,2.0699637237332643e-30
64,144,1.6282846603191346e-30
64,145,1.9727702219539906e-30
64,146,1.0796766219374203e-31
64,147,5.19444734527578e-16
64,148,8.524156959783738e-16
64,149,3.0721686585044032e-30
65,66,1.338416314205437e-30
65,67,1.5836641058115336e-30
65,68,3.380530637375889e-30
65,69,2.0320859598406955e-30
65,70,2.4082742350915965e-30
65,71,1.4308112950639078e-30
65,72,2.663788613854001e-30
65,73,3.212434830572114e-30
65,74,3.023207532102484e-30
65,75,1.5013201846502332e-30
65,76,6.821603739950061e-31
65,77,1.2869740837576621e-30
65,78,2.1335929666100125e-30
65,79,1.1410288795779141e-30
65,80,3.484166085686726e-30
65,81,9.709653245410508e-31
65,82,1.5224336253463685e-30
65,83,1.1976587244302203e-30
65,84,2.2511495403379897e-30
65,85,1.2948222716944889e-30
65,86,4.143165098038455e-30
65,87,9.494573747941816e-31
65,88,4.1348960641426024e-30
65,89,1.0902658500498584e-30
65,90,1.992041563041806e-30
65,91,7.395570986446986e-31
65,92,1.093615090736316e-30
65,93,1.7300391460535648e-30
65,94,2.660527114732294e-30
65,95,2.3117324170217097e-30
65,96,8.63084126492767e-31
65,97,1.366116263933022e-30
65,98,8.679353818081243e-31
65,99,1.2718941449756695e-30
65,100,3.307399891624128e-31
65,101,9.95829873177154e-31
65,102,1.3283412192279896e-30
65,103,1.0558630464990286e-30
65,104,2.91126379345473e-30
65,105,4.059116477089346e-31
65,106,7.731581818496966e-31
65,107,1.545982776319139e-30
65,108,2.8596325127113197e-30
65,109,1.1104122565347697e-30
65,110,1.8472636738362194e-30
65,111,2.786453110071972e-30
65,112,1.1210166388600452e-30
65,113,6.615072816923523e-32
65,114,2.913367098878955e-30
65,115,6.378480259360329e-30
65,116,1.0985520854603123e-30
65,117,1.9512452175897986e-31
65,118,1.880981877638129e-30
65,119,1.6033489760951703e-30
65,120,5.565604924888079e-31
65,121,6.972181957807127e-31
65,122,9.726816763661608e-31
65,123,1.81431195260493e-30
65,124,3.174257583016735e-30
65,125,2.6913023800109403e-30
65,126,5.590186987367161e-31
65,127,3.386140046983351e-30
65,128,4.6153291103665e-31
65,129,1.5062598191573558e-30
65,130,8.575954104227091e-31
65,131,8.14113163953209e-31
65,132,2.667811224109751e-30
65,133,2.622962249828608e-30
65,134,1.6543707725394834e-30
65,135,2.7970652113813194e-30
65,136,3.660289040371058e-30
65,137,1.001964308724392e-30
65,138,1.2316419681749986e-30
65,139,1.4382375530719133e-30
65,140,3.2512531208565225e-30
65,141,1.1394513125894698e-30
65,142,6.2016126967378695e-31
65,143,1.5938173723975788e-30
65,144,9.087871652640392e-31
65,145,1.5292218555343968e-30
65,146,6.615435327494723e-32
65,147,1.0974717378531105e-30
65,148,5.551115123125778e-16
65,149,2.390487906754072e-30
66,67,2.0631185918960474e-30
66,68,3.0106728998149536e-30
66,69,3.39170022418123e-30
66,70,2.1990601494634424e-30
66,71,1.813655247901221e-30
66,72,9.835497530384192e-31
66,73,2.5178686589514518e-30
66,74,2.9511365320538315e-30
66,75,1.0910316337574932e-30
66,76,9.20044538011167e-31
66,77,7.756968640403728e-31
66,78,3.30184550543512e-30
66,79,1.207962777799325e-30
66,80,2.2033641666279926e-30
66,81,1.6635568981009017e-30
66,82,1.7244140710548056e-30
66,83,5.52521760385553e-31
66,84,1.1296464057739537e-30
66,85,1.4337304525493649e-30
66,86,2.1041015976267154e-30
66,87,8.102578825171556e-31
66,88,1.7587119249623908e-30
66,89,7.158955375747704e-31
66,90,1.3931609939617077e-30
66,91,3.1212901991243222e-31
66,92,2.1876156400836167e-30
66,93,2.5235431870950486e-30
66,94,1.5720969710509825e-30
66,95,1.4800116622193081e-30
66,96,7.860037002069892e-31
66,97,6.105137750527059e-31
66,98,7.191430926700012e-31
66,99,1.0867689121694942e-30
66,100,1.3958834125491678e-31
66,101,1.9084857531909928e-30
66,102,1.5284809093191792e-30
66,103,9.661945695940198e-31
66,104,1.65518753240009e-30
66,105,9.190039696492114e-31
66,106,1.7062077863733668e-30
66,107,1.309227883336069e-16
66,108,2.3421212984482646e-30
66,109,1.4802346114337505e-30
66,110,8.063373744150048e-31
66,111,2.747838502150203e-30
66,112,1.0867173421291032e-30
66,113,1.5090930979848743e-31
66,114,1.4443870730743005e-30
66,115,1.4571677198205175e-16
66,116,2.2269870749666078e-30
66,117,3.5259017150630137e-31
66,118,7.33377203270948e-31
66,119,1.6088145037399784e-30
66,120,7.296055081738226e-31
66,121,9.80739774355097e-31
66,122,2.4154747448005348e-30
66,123,2.312161431416682e-30
66,124,3.3828269177180606e-30
66,125,2.6637497023132692e-30
66,126,1.2429346478128717e-30
66,127,2.048195868829849e-30
66,128,1.0619993053380375e-30
66,129,2.604490853285678e-30
66,130,1.3465957538621871e-30
66,131,6.523445448317154e-31
66,132,2.2974599047789523e-30
66,133,1.3035973418813905e-30
66,134,1.432980346383417e-30
66,135,2.648527431100117e-30
66,136,1.51677182743489e-30
66,137,2.0383534068074978e-30
66,138,9.371546498547492e-31
66,139,9.805887234820441e-31
66,140,2.2131348608863405e-30
66,141,1.3561594894412552e-30
66,142,1.2488672192965453e-30
66,143,9.971871383020763e-31
66,144,1.8660767110297665e-30
66,145,5.991583843416171e-31
66,146,1.5091757973316668e-31
66,147,1.5001129522872637e-30
66,148,2.806608891980453e-16
66,149,2.0843505724154975e-30
67,68,2.5652787951401932e-30
67,69,2.9513565779662495e-30
67,70,1.9381408639187656e-30
67,71,1.5421624946527627e-30
67,72,2.0339739213113487e-30
67,73,2.2343134511996113e-30
67,74,2.359735081251068e-16
67,75,1.0578786431049095e-30
67,76,9.215930552476755e-31
67,77,1.0191269873484612e-30
67,78,3.611714273611346e-30
67,79,1.1408071707563871e-30
67,80,2.5413607954860933e-30
67,81,1.4477429713517214e-30
67,82,1.5011524585225242e-30
67,83,8.453856480496758e-31
67,84,1.7809089384925124e-30
67,85,1.19597601818887e-30
67,86,2.8986429514800448e-30
67,87,7.1789241183645325e-31
67,88,2.926871107561686e-30
67,89,7.672876607400293e-31
67,90,1.2827872089953062e-30
67,91,5.319472895162095e-31
67,92,1.887668854334848e-30
67,93,2.106954886617494e-30
67,94,1.8875811536654756e-30
67,95,1.9440464188820424e-30
67,96,1.033936873509672e-30
67,97,1.166679924031321e-30
67,98,9.141327033469506e-31
67,99,9.974817886741297e-31
67,100,2.3789405996100117e-31
67,101,1.9378269833640116e-30
67,102,1.2356992914328126e-30
67,103,9.127654399496433e-31
67,104,2.1026858957281657e-30
67,105,8.287443173473322e-31
67,106,1.65177882124263e-30
67,107,5.698771243630484e-16
67,108,2.2276770925742246e-30
67,109,1.327693736010668e-30
67,110,1.474658717442137e-30
67,111,2.8903110795695102e-30
67,112,9.555112128225506e-31
67,113,1.3619687649239478e-31
67,114,2.1937425844413597e-30
67,115,5.432316409495444e-16
67,116,2.137426149742589e-30
67,117,3.5885556382281125e-31
67,118,1.5294753600803546e-30
67,119,1.8655858899613668e-30
67,120,5.819860075239131e-31
67,121,8.062812600196188e-31
67,122,2.202023164065603e-30
67,123,2.5785910171353377e-30
67,124,3.3074383095029936e-30
67,125,2.3966371658208958e-30
67,126,1.1822080733555408e-30
67,127,3.412447038889959e-30
67,128,9.742329172386207e-31
67,129,2.5825731687373396e-30
67,130,1.4861134404056838e-30
67,131,7.484005807338409e-31
67,132,1.9797176870947105e-30
67,133,1.9073530944814113e-30
67,134,1.378745071109965e-30
67,135,2.255396647778998e-30
67,136,2.876773606486597e-30
67,137,1.9674194887374968e-30
67,138,9.162491525014923e-31
67,139,1.2036167789625619e-30
67,140,2.253814837451064e-30
67,141,1.0629049774215969e-30
67,142,1.1367956882361906e-30
67,143,1.3523198597696555e-30
67,144,1.831624846658458e-30
67,145,1.1426047534571267e-30
67,146,1.3620434017554073e-31
67,147,1.242613281060218e-30
67,148,4.676618317304675e-16
67,149,1.854371263908608e-30
68,69,4.136794170157503e-30
68,70,4.065737809206728e-30
68,71,2.4997316692210246e-30
68,72,3.58807267936352e-30
68,73,4.741835619585234e-30
68,74,4.457944017554648e-16
68,75,2.0587482098124548e-30
68,76,9.518116216994285e-31
68,77,1.7700473661121685e-30
68,78,3.186136820483476e-30
68,79,1.7702996069711003e-30
68,80,5.205169346012145e-30
68,81,1.8775408769406575e-30
68,82,2.6016493348547366e-30
68,83,1.650429980022077e-30
68,84,3.007075415673991e-30
68,85,2.115653106213126e-30
68,86,2.5620276021632947e-16
68,87,1.5127663308599494e-30
68,88,5.746632882864102e-30
68,89,1.624294470174237e-30
68,90,2.8204682701775233e-30
68,91,1.0362004260044428e-30
68,92,2.5567733066937386e-30
68,93,3.505765860653635e-30
68,94,3.9102644264041046e-30
68,95,2.989289614105485e-30
68,96,1.072326808529494e-30
68,97,1.8766691861935443e-30
68,98,1.1349188014756645e-30
68,99,2.1402441536924804e-30
68,100,4.6340291817203505e-31
68,101,1.8923379459304327e-30
68,102,2.3906469608905815e-30
68,103,1.5284064530162746e-30
68,104,4.309551602881408e-30
68,105,9.91300616895085e-31
68,106,1.729646062632042e-30
68,107,3.557156130200658e-16
68,108,4.42974090860539e-30
68,109,1.9230941020181578e-30
68,110,2.632673244165085e-30
68,111,3.8510213952402506e-30
68,112,1.7523448209063868e-30
68,113,1.6157211219719974e-31
68,114,4.000546906628747e-30
68,115,6.787558663372781e-16
68,116,2.3247023171404627e-30
68,117,3.499515175755936e-31
68,118,2.5296053321909738e-30
68,119,1.9812594160766394e-30
68,120,1.1310712797326062e-30
68,121,1.4048011637271005e-30
68,122,2.626070132605493e-30
68,123,2.255751755107148e-30
68,124,4.565394416545303e-30
68,125,4.2577279379209996e-30
68,126,1.2657556097448957e-30
68,127,4.22336738037868e-30
68,128,1.114837278046328e-30
68,129,2.7323384342718385e-30
68,130,1.3894549562246842e-30
68,131,1.0959194510372703e-30
68,132,3.605307251032635e-16
68,133,3.590242438965777e-30
68,134,2.5374913033923932e-30
68,135,4.688640093741969e-30
68,136,2.9079296739037274e-16
68,137,1.7195651536775253e-16
68,138,1.960486032233755e-30
68,139,4.1642962382080866e-16
68,140,4.9669502479513776e-30
68,141,1.7241136739889686e-30
68,142,1.4112204595405657e-30
68,143,2.076171774484493e-30
68,144,1.878516133117032e-30
68,145,2.047086907678234e-30
68,146,1.615809664608343e-31
68,147,2.1411360300748413e-30
68,148,5.3878176553012915e-16
68,149,4.0006660515952765e-30
69,70,3.0731160323170895e-30
69,71,2.535608028625541e-30
69,72,2.018266773049291e-30
69,73,3.568815186856803e-30
69,74,6.648767611727994e-16
69,75,1.5409614106872672e-30
69,76,1.2602446816528496e-30
69,77,5.879765929308789e-16
69,78,4.998611258777275e-30
69,79,1.7183129082275135e-30
69,80,3.201809624718782e-30
69,81,2.191666891357833e-30
69,82,2.4458543564031582e-30
69,83,9.25309432294118e-31
69,84,1.7583851467511577e-30
69,85,1.930998050635321e-30
69,86,3.5364647356322094e-16
69,87,1.1532729948149859e-30
69,88,3.237193482000381e-30
69,89,1.0097102720241565e-30
69,90,1.9377255952124647e-30
69,91,5.690854131225118e-31
69,92,3.0578711257489763e-30
69,93,3.4154326252151344e-30
69,94,2.2571336666093475e-30
69,95,2.2731647157080303e-30
69,96,1.2598933698392835e-30
69,97,1.114021942903691e-30
69,98,1.1169209488207063e-30
69,99,1.530316216887993e-30
69,100,2.5450273374909745e-31
69,101,2.8005584918841337e-30
69,102,2.0828280855258422e-30
69,103,1.3087160615505945e-30
69,104,2.507921538581369e-30
69,105,1.2775681239775218e-30
69,106,2.4654360775037123e-30
69,107,6.415756988572448e-16
69,108,3.343274982738609e-30
69,109,2.0922097330947773e-30
69,110,1.4623385175631354e-30
69,111,3.969988293214323e-30
69,112,1.5453801194238459e-30
69,113,2.1383002805582323e-31
69,114,2.237823839053106e-30
69,115,4.309576938947673e-16
69,116,3.1489017493015222e-30
69,117,5.168648529825318e-31
69,118,1.4598597326314605e-30
69,119,2.4156476168012067e-30
69,120,9.78891208504102e-31
69,121,1.3509556478943627e-30
69,122,3.381741779626643e-30
69,123,3.469174145439781e-30
69,124,4.853189960271095e-30
69,125,3.839328641298493e-30
69,126,1.7879014480860403e-30
69,127,3.748581773169517e-30
69,128,1.5120591227530553e-30
69,129,3.771794617541873e-30
69,130,2.0292282851658332e-30
69,131,9.49631073438346e-31
69,132,3.248846546684254e-30
69,133,1.9462954539991258e-30
69,134,2.0486251934458163e-30
69,135,3.654803861902609e-30
69,136,2.9806702776784016e-30
69,137,2.9611389909249604e-30
69,138,1.349945256236695e-30
69,139,1.425746441248749e-30
69,140,3.1490151675768537e-30
69,141,1.7838819874740872e-30
69,142,1.7659915119388165e-30
69,143,1.470766930129807e-30
69,144,2.6978994072922286e-30
69,145,1.119253092204328e-30
69,146,2.138417460894346e-31
69,147,2.056488143482779e-30
69,148,3.179528562593615e-16
69,149,2.8701140008362887e-30
70,71,1.8891332412063818e-30
70,72,2.4340704144355533e-30
70,73,3.4912416230450366e-30
70,74,3.303290203552637e-30
70,75,1.5645076939318505e-30
70,76,9.089641175296802e-31
70,77,1.1546072587494875e-30
70,78,2.0489282878918447e-30
70,79,1.339352423168774e-30
70,80,3.871863420811397e-30
70,81,1.292821598879944e-30
70,82,1.9650911401413697e-30
70,83,1.1650199469596018e-30
70,84,2.0603690212148913e-30
70,85,1.5961212707497196e-30
70,86,4.1556257544816096e-30
70,87,1.1253767104091782e-30
70,88,4.11177437782488e-30
70,89,1.1773437583721124e-30
70,90,1.993190740440389e-30
70,91,7.251979175362452e-31
70,92,1.8444358864513244e-30
70,93,2.5582460138089993e-30
70,94,2.8071456388739957e-30
70,95,1.9659881887611378e-30
70,96,5.567940001305817e-31
70,97,1.400736986581641e-30
70,98,7.542152658711909e-31
70,99,1.6023819205404714e-30
70,100,3.2431836815046624e-31
70,101,1.1101994503550199e-30
70,102,1.806684982352375e-30
70,103,1.1440027657297464e-30
70,104,3.1405282015590904e-30
70,105,6.75502479377083e-31
70,106,1.0834338860211924e-30
70,107,5.613646650354488e-16
70,108,3.416246546167618e-30
70,109,1.4470609091040273e-30
70,110,1.9077933504660395e-30
70,111,2.8569366806797084e-30
70,112,1.3280812602206227e-30
70,113,1.0952536120777205e-31
70,114,2.9323032215464105e-30
70,115,6.938893905230725e-16
70,116,1.3929774450273713e-30
70,117,2.1839750596601205e-31
70,118,1.7403556353067893e-30
70,119,1.338440458844489e-30
70,120,8.605985818236075e-31
70,121,1.0561340962033218e-30
70,122,1.647163343487261e-30
70,123,1.6186221800435826e-30
70,124,3.3951540066068045e-30
70,125,3.2177941767187334e-30
70,126,7.958338725049688e-31
70,127,2.172880496604072e-30
70,128,7.402002379415608e-31
70,129,1.7810029399584153e-30
70,130,6.694290952474486e-31
70,131,7.804696488944181e-31
70,132,3.0214918183075156e-30
70,133,2.4942657775082858e-30
70,134,1.9004754450290585e-30
70,135,3.551489923897991e-30
70,136,2.993418831079452e-30
70,137,1.4487568871648333e-30
70,138,1.4592713016390928e-30
70,139,1.4623682552622942e-30
70,140,3.6114728896869844e-30
70,141,1.2830432723160555e-30
70,142,1.00463735755843e-30
70,143,1.4476571939158603e-30
70,144,1.1611182057088073e-30
70,145,1.3032825802322906e-30
70,146,1.0953136327341082e-31
70,147,1.6660610626914538e-30
70,148,4.4109757722268236e-16
70,149,3.0034106891613268e-30
71,72,1.2914866397447189e-30
71,73,2.2295095952246032e-30
71,74,2.2211096813747467e-30
71,75,8.880695777120348e-31
71,76,6.828097780189282e-31
71,77,6.863269472131699e-31
71,78,2.514775931438603e-30
71,79,9.017027387191911e-31
71,80,2.031734557037401e-30
71,81,1.0496324296488015e-30
71,82,1.4505741829836223e-30
71,83,6.306620249148159e-31
71,84,1.0939812925787489e-30
71,85,1.0244425446952318e-30
71,86,2.280578500416719e-30
71,87,7.1870426113075035e-31
71,88,2.150016625146242e-30
71,89,6.666282856340051e-31
71,90,1.2679178539743327e-30
71,91,3.812212800314978e-31
71,92,1.6414704839824682e-30
71,93,1.8728130239030032e-30
71,94,1.4962115989779137e-30
71,95,1.2217106653381933e-30
71,96,6.282460801002068e-31
71,97,6.18999181462855e-31
71,98,5.604681647771474e-31
71,99,9.618027607710096e-31
71,100,1.7048733932398248e-31
71,101,1.4160996390464905e-30
71,102,1.1880136740173637e-30
71,103,6.9599269145596135e-31
71,104,1.6365980482697375e-30
71,105,6.3759541487973875e-31
71,106,1.2730683898880225e-30
71,107,2.224640519994039e-30
71,108,2.0400538000567973e-30
71,109,1.1585986380024728e-30
71,110,8.894594577741344e-31
71,111,2.0210216581843064e-30
71,112,9.149538496537233e-31
71,113,1.1206541101885716e-31
71,114,1.4606652339155378e-30
71,115,4.173391504534281e-30
71,116,1.5686347327114492e-30
71,117,2.6134568656692194e-31
71,118,8.733678070734077e-31
71,119,1.1918195783027467e-30
71,120,5.632283870570114e-31
71,121,7.6952460937889215e-31
71,122,1.72718618896526e-30
71,123,1.710636054890021e-30
71,124,2.5799827684660552e-30
71,125,2.3724220467744538e-30
71,126,9.187726707798788e-31
71,127,2.0173459504605345e-30
71,128,7.871370066339038e-31
71,129,1.9132687254367944e-30
71,130,9.98400151450332e-31
71,131,4.832419093796508e-31
71,132,1.9441584953126707e-30
71,133,1.3925208171579989e-30
71,134,1.2138091819958817e-30
71,135,2.1175962613708543e-30
71,136,1.8853102710517216e-30
71,137,1.511330545549076e-30
71,138,8.588070137746176e-31
71,139,9.389914195951173e-31
71,140,2.0740329563019966e-30
71,141,9.610806258244574e-31
71,142,9.26130122307362e-31
71,143,8.28115166634749e-31
71,144,1.36194640550169e-30
71,145,7.90989259237195e-31
71,146,1.1207155228098451e-31
71,147,1.1982352171771606e-30
71,148,4.783340743233132e-16
71,149,1.7419633332481338e-30
72,73,3.3603041378515216e-30
72,74,3.8069387820632776e-30
72,75,1.698907599025928e-30
72,76,6.2103904911939295e-31
72,77,1.544706815555577e-30
72,78,3.0239176259793752e-30
72,79,1.4743134027841577e-30
72,80,4.265423974855729e-30
72,81,1.2931230636791145e-30
72,82,1.2721968764191199e-30
72,83,1.4337214917807682e-30
72,84,2.8736344210497955e-30
72,85,1.6074746190758807e-30
72,86,4.780765710992702e-30
72,87,1.0581019256672296e-30
72,88,4.987049384904924e-30
72,89,1.247359136711122e-30
72,90,2.18340518715972e-30
72,91,9.046907034766937e-31
72,92,6.013898626071617e-31
72,93,1.7318715607134386e-30
72,94,3.208386512621364e-30
72,95,2.8560389981458604e-30
72,96,1.2115129815686894e-30
72,97,1.8259306475456796e-30
72,98,1.1581356604679776e-30
72,99,1.296463202638741e-30
72,100,4.045899823171984e-31
72,101,1.2483695681535325e-30
72,102,1.4754096832831466e-30
72,103,1.368612944475939e-30
72,104,3.528281758180209e-30
72,105,5.568693547360717e-31
72,106,1.0013973857445514e-30
72,107,1.283524746755624e-30
72,108,3.21640984824702e-30
72,109,1.1860752873522227e-30
72,110,2.448120351243132e-30
72,111,3.708382533064253e-30
72,112,1.1545914153604687e-30
72,113,3.345825208020534e-32
72,114,3.675297460268041e-30
72,115,7.118173851909818e-30
72,116,1.4692842474445622e-30
72,117,2.7370555535017546e-31
72,118,2.4808846311650066e-30
72,119,2.2107677883827372e-30
72,120,5.540709763310516e-31
72,121,5.268928318544102e-31
72,122,1.3220736895048663e-30
72,123,2.576023504484939e-30
72,124,3.940046169127595e-30
72,125,2.00885779436426e-30
72,126,5.126712833486934e-31
72,127,4.58342657437778e-30
72,128,2.9898769332035264e-31
72,129,2.0856909314001265e-30
72,130,1.1862588653706445e-30
72,131,1.06473144293185e-30
72,132,2.741825863626705e-30
72,133,3.1459694748021833e-30
72,134,2.0831636663354247e-30
72,135,3.1366732173289323e-30
72,136,4.5895313832632e-30
72,137,1.3894792377996378e-30
72,138,1.4565508949112783e-30
72,139,1.7203638190880828e-30
72,140,3.739292475469396e-30
72,141,9.889441107342534e-31
72,142,7.838550125505971e-31
72,143,2.030489848708117e-30
72,144,1.2060462984734588e-30
72,145,1.8939448114737165e-30
72,146,3.346008561558864e-32
72,147,1.1592751647371898e-30
72,148,1.1102230246251684e-16
72,149,2.7523278780412237e-30
73,74,3.8556078830373695e-30
73,75,2.089482696295657e-30
73,76,9.998057235926982e-31
73,77,1.7481622540845864e-30
73,78,3.3874615621464834e-30
73,79,1.4811542848331119e-30
73,80,4.556545258223317e-30
73,81,1.4162781853546941e-30
73,82,2.3930242317339665e-30
73,83,1.5794575254647726e-30
73,84,2.8550569047703132e-30
73,85,1.7388208016583917e-30
73,86,5.599394365745339e-30
73,87,1.351877958306107e-30
73,88,5.427126627727226e-30
73,89,1.469611265930622e-30
73,90,2.73033049831847e-30
73,91,9.513478894364042e-31
73,92,2.1906995039249333e-30
73,93,2.78350165889175e-30
73,94,3.452917292493088e-30
73,95,3.0989249878671825e-30
73,96,1.1618754161159954e-30
73,97,1.6418050686056254e-30
73,98,1.1195149376928829e-30
73,99,1.8189937330857813e-30
73,100,4.254557102061508e-31
73,101,1.8586830068721876e-30
73,102,1.9317928743557178e-30
73,103,1.315690391066781e-30
73,104,3.784923780545694e-30
73,105,8.532338822226511e-31
73,106,1.6196021049827642e-30
73,107,2.2382638959330324e-16
73,108,3.998644599473521e-30
73,109,1.711286692564529e-30
73,110,2.2365779284406362e-30
73,111,3.4884145952105244e-30
73,112,1.6649182956530365e-30
73,113,1.4386439082383191e-31
73,114,3.6866894225573715e-30
73,115,2.3159695367423416e-16
73,116,2.115183540846142e-30
73,117,3.447991746383788e-31
73,118,2.295457363217912e-30
73,119,2.0722567312298823e-30
73,120,8.691932154655605e-31
73,121,1.1721136691905872e-30
73,122,2.2042822698813722e-30
73,123,2.4338673584959588e-30
73,124,4.212265014682205e-30
73,125,4.154576484473023e-30
73,126,1.1755147563998995e-30
73,127,4.520631841216016e-30
73,128,1.0063233137085948e-30
73,129,2.4886883872589197e-30
73,130,1.4194971284798038e-30
73,131,1.0283271132986653e-30
73,132,3.8059290327491984e-30
73,133,3.434614855742021e-30
73,134,2.259619827664903e-30
73,135,3.961043109688904e-30
73,136,4.803778033269379e-30
73,137,1.9010455219455935e-30
73,138,1.7121808276712477e-30
73,139,1.982519463849149e-30
73,140,4.3721213719958986e-30
73,141,1.669115091649143e-30
73,142,1.214158276532758e-30
73,143,2.0678867497168483e-30
73,144,1.7774066185999257e-30
73,145,1.969783232823696e-30
73,146,1.4387227469207287e-31
73,147,1.7494365454479743e-30
73,148,7.599356096977303e-16
73,149,3.2806828918580746e-30
74,75,1.8353251832293028e-30
74,76,1.1939644275336274e-30
74,77,4.172577943820892e-16
74,78,3.74716395461628e-16
74,79,1.577806822312295e-30
74,80,4.4690855793645704e-30
74,81,2.462667753721076e-30
74,82,2.190432503234073e-30
74,83,1.626633410565917e-30
74,84,3.2953917390956556e-30
74,85,1.8069796531917596e-30
74,86,4.3107540428394843e-16
74,87,1.2562869237187075e-30
74,88,4.702357240892279e-30
74,89,1.5572603146114399e-30
74,90,2.8163125418067464e-30
74,91,1.0131548463963027e-30
74,92,2.6691548527029878e-30
74,93,3.126218953805898e-30
74,94,1.4703252574089435e-16
74,95,6.183017846485661e-16
74,96,1.648959297526972e-30
74,97,1.6973068493208647e-30
74,98,1.5571121926343737e-30
74,99,1.833373728085038e-30
74,100,4.530966216550982e-31
74,101,2.773777091308934e-30
74,102,1.9857156887685346e-30
74,103,1.5594206375917759e-30
74,104,4.3534303180916915e-16
74,105,1.2353301106027485e-30
74,106,2.3401824144589614e-30
74,107,8.119104597689919e-16
74,108,3.1252103790208384e-30
74,109,3.1163282472442814e-16
74,110,2.677996279865235e-30
74,111,4.616133835295439e-30
74,112,1.3145677867413433e-30
74,113,1.9155453977170308e-31
74,114,3.572156064007254e-30
74,115,9.616953520140312e-16
74,116,5.572351967969805e-16
74,117,5.196120887843493e-31
74,118,2.9094800085574637e-30
74,119,2.9691111755031874e-30
74,120,9.574519777810657e-31
74,121,1.2192726849525157e-30
74,122,3.225664516252602e-30
74,123,3.9072278791129605e-30
74,124,1.4186602101576856e-16
74,125,5.551115123125807e-17
74,126,1.67232154358282e-30
74,127,5.771027531383168e-30
74,128,1.3713645441038148e-30
74,129,1.0385185452638041e-16
74,130,2.256881454209141e-30
74,131,1.2534116861357071e-30
74,132,5.348901061602344e-16
74,133,4.041544460146488e-30
74,134,2.1903930801405884e-30
74,135,6.692712127023086e-16
74,136,4.891797170673714e-16
74,137,6.390191581930853e-16
74,138,1.6426803743804103e-30
74,139,3.9842788013154584e-16
74,140,1.1631705747361514e-16
74,141,1.6208651502386915e-30
74,142,1.5977386376042815e-30
74,143,2.0808865779289402e-30
74,144,2.679515256153049e-30
74,145,2.518649684589836e-30
74,146,1.9156503709313113e-31
74,147,1.9786149344794738e-30
74,148,5.655868831917845e-16
74,149,3.395012724970333e-30
75,76,1.1001979711251233e-30
75,77,1.0428071954093084e-30
75,78,1.8124652597428e-30
75,79,7.867755381955492e-31
75,80,2.611516537829149e-30
75,81,9.568666234004904e-31
75,82,9.602726703430068e-31
75,83,8.184508990283746e-31
75,84,1.4865127884754333e-30
75,85,1.0412558990712578e-30
75,86,3.27992929497188e-30
75,87,5.9329439492437025e-31
75,88,2.9553084095313106e-30
75,89,6.845455345212535e-31
75,90,1.2598756440576294e-30
75,91,4.658943561040601e-31
75,92,9.806166043205884e-31
75,93,1.1462036398701703e-30
75,94,1.880452117072841e-30
75,95,1.6898405133516828e-30
75,96,6.69028659995978e-31
75,97,1.0446196193639017e-30
75,98,5.813792363108343e-31
75,99,8.016911146853962e-31
75,100,2.0835429011643454e-31
75,101,9.729780121897003e-31
75,102,8.599359315774353e-31
75,103,6.8455696886692565e-31
75,104,1.939758413800497e-30
75,105,3.8455220817771517e-31
75,106,9.51042047750919e-31
75,107,1.44257671112923e-30
75,108,2.0454710307115393e-30
75,109,7.295235601090508e-31
75,110,1.1525965329817861e-30
75,111,1.834838940293277e-30
75,112,8.568034985020096e-31
75,113,6.849343950851506e-32
75,114,1.94700963726433e-30
75,115,1.2251155254231092e-15
75,116,1.0847103986820777e-30
75,117,1.8785830911661262e-31
75,118,1.2870926934680869e-30
75,119,1.2097428299119576e-30
75,120,4.249702174446602e-31
75,121,4.987129896373095e-31
75,122,1.1544764349521948e-30
75,123,1.3401627979761545e-30
75,124,2.3020085545361662e-30
75,125,1.7009065065020888e-30
75,126,6.007193382741403e-31
75,127,2.569949814231058e-30
75,128,4.882679455538549e-31
75,129,1.4645668054585306e-30
75,130,7.463142654442608e-31
75,131,5.379390305750106e-31
75,132,4.220829553172948e-16
75,133,1.6982765097991666e-30
75,134,1.1117601894155846e-30
75,135,2.0748783587168983e-30
75,136,2.457041541440163e-30
75,137,1.1212459441894744e-30
75,138,7.958977804320213e-31
75,139,1.1114844597128237e-30
75,140,1.9761418826240422e-30
75,141,1.0917704876116542e-30
75,142,5.686814724961568e-31
75,143,1.3875567548757922e-30
75,144,8.95838403026932e-31
75,145,9.74481622363542e-31
75,146,6.849719299643075e-32
75,147,8.652700645074727e-31
75,148,5.82867087928205e-16
75,149,1.4997061245998583e-30
76,77,5.546232393726105e-31
76,78,1.4199424858889084e-30
76,79,7.365024126308544e-31
76,80,1.1983188687514917e-30
76,81,8.790223128909765e-31
76,82,6.556612899643149e-31
76,83,6.698642459080096e-31
76,84,7.3090863877387755e-31
76,85,8.805758128099851e-31
76,86,1.4873808437367169e-30
76,87,4.1665942585130585e-31
76,88,1.0475460739575571e-30
76,89,7.156610100645716e-31
76,90,9.366290404757522e-31
76,91,1.5811403940078581e-31
76,92,8.383345937200559e-31
76,93,6.605384198364589e-31
76,94,1.3293834331681661e-30
76,95,9.568121722389893e-31
76,96,4.353032221851666e-31
76,97,5.894545415088952e-31
76,98,4.514124889013106e-31
76,99,3.838813606804218e-31
76,100,7.071074805944743e-32
76,101,8.105236247200658e-31
76,102,6.12786868251102e-31
76,103,6.051854518286757e-31
76,104,7.913146911058822e-31
76,105,3.38144597510117e-31
76,106,7.886052855553035e-31
76,107,2.534596628804413e-16
76,108,1.210665104291452e-30
76,109,5.651887537588107e-31
76,110,9.087956143443869e-31
76,111,1.2470361477443796e-30
76,112,5.542902823990046e-31
76,113,5.942009519881263e-32
76,114,7.032532468898126e-31
76,115,7.816349062114888e-16
76,116,1.2093703354033303e-30
76,117,1.5140981559868847e-31
76,118,5.761332797074991e-31
76,119,7.512372788054364e-31
76,120,4.219609019928073e-31
76,121,3.444543076303256e-31
76,122,1.0890753750044482e-30
76,123,9.961608354127364e-31
76,124,1.5773849210122004e-30
76,125,1.3997896345446346e-30
76,126,5.269513818124636e-31
76,127,1.4076108213231833e-30
76,128,4.2372412318532735e-31
76,129,1.1799861649159319e-30
76,130,5.784307853432562e-31
76,131,2.886540688762412e-31
76,132,1.344410138077927e-30
76,133,8.3199420820111e-31
76,134,9.631937250348285e-31
76,135,1.3989495108083962e-30
76,136,1.2974887729994353e-30
76,137,1.0065390053469842e-30
76,138,7.958404435907291e-31
76,139,1.3042581233065966e-30
76,140,7.930612126831335e-31
76,141,2.074987468873139e-30
76,142,4.67715632962616e-31
76,143,8.960499486896031e-31
76,144,7.711249158905601e-31
76,145,6.827453139524534e-31
76,146,5.9423351461177e-32
76,147,9.588036347978604e-31
76,148,1.2789418680174932e-15
76,149,8.769366095246847e-31
77,78,3.642919339886195e-16
77,79,6.972830257589948e-31
77,80,2.005888574289521e-30
77,81,9.572062106887767e-31
77,82,6.45226188203445e-31
77,83,6.962486831643252e-31
77,84,1.3243232673628253e-30
77,85,7.106600637718568e-31
77,86,8.347463410397801e-16
77,87,4.595498539331252e-31
77,88,2.507410346179308e-30
77,89,5.569891860513422e-31
77,90,1.0969107912152931e-30
77,91,4.083988827779414e-31
77,92,6.225138682931547e-31
77,93,1.0012831767658271e-30
77,94,1.5812837171918882e-30
77,95,1.5631242347686331e-30
77,96,6.429185666067571e-31
77,97,7.471180643924292e-31
77,98,5.467226540711875e-31
77,99,5.766109591971192e-31
77,100,1.8264153276528904e-31
77,101,8.323330219694135e-31
77,102,6.19093888069038e-31
77,103,6.507685770869639e-31
77,104,1.599944823824623e-30
77,105,3.8355338404464767e-31
77,106,7.326580770661001e-31
77,107,4.654008516342436e-16
77,108,1.4647660153496806e-30
77,109,3.076885585846596e-16
77,110,9.64892830719196e-31
77,111,1.7485994995669977e-30
77,112,5.863000657228267e-31
77,113,4.8112923153759153e-32
77,114,1.669243649361466e-30
77,115,4.280777000945964e-16
77,116,7.34999005118805e-16
77,117,1.6889347431259705e-31
77,118,1.0289241193851474e-30
77,119,1.14975225536514e-30
77,120,2.4171944507087743e-31
77,121,2.902031451938461e-31
77,122,1.126129348286796e-30
77,123,1.3242734856691457e-30
77,124,1.1443916996305626e-16
77,125,1.1779432179583233e-30
77,126,4.681891191161151e-31
77,127,2.4422199320423127e-30
77,128,3.56352620511868e-31
77,129,2.3069214153021095e-16
77,130,7.571099614967138e-31
77,131,5.115092591356766e-31
77,132,4.703352580625102e-16
77,133,1.5496893331831254e-30
77,134,9.388529806452789e-31
77,135,6.558470768556659e-16
77,136,1.0201133042394581e-15
77,137,4.761112867734953e-16
77,138,5.926794706126591e-31
77,139,8.22713069185804e-16
77,140,2.747716776533949e-16
77,141,8.535289591495295e-31
77,142,4.551215182074388e-31
77,143,1.0099702149096446e-30
77,144,8.339183191507964e-31
77,145,8.657920510573525e-31
77,146,4.8115559775265405e-32
77,147,5.7137169796415075e-31
77,148,5.905672331187531e-16
77,149,1.1269667364786607e-30
78,79,2.13970269548754e-30
78,80,3.499153564382331e-30
78,81,2.4724222928837036e-30
78,82,2.2633117285753458e-30
78,83,1.1662093560123163e-30
78,84,3.0028099034534243e-30
78,85,2.164076057767743e-30
78,86,7.336550241165252e-16
78,87,1.12514719814323e-30
78,88,3.993532284039678e-30
78,89,9.403293645263048e-31
78,90,2.2474050517020245e-30
78,91,6.923582878288661e-31
78,92,3.16457797169293e-30
78,93,3.267181601458719e-30
78,94,2.804663851974783e-30
78,95,3.61052107943795e-30
78,96,1.9599960144738584e-30
78,97,1.626716063260213e-30
78,98,1.72533148615505e-30
78,99,9.713722530267118e-31
78,100,3.0963203927414212e-31
78,101,3.626221798741702e-30
78,102,1.88981263977844e-30
78,103,1.727646668501239e-30
78,104,2.5826397065105823e-30
78,105,1.465720932653651e-30
78,106,3.0724018061228538e-30
78,107,3.4426722646552935e-16
78,108,3.0045833293115595e-30
78,109,2.3550498290686595e-30
78,110,2.0394757016808933e-30
78,111,5.489477075017003e-30
78,112,1.5488478614296055e-30
78,113,2.3938612944790095e-31
78,114,3.348792952720982e-30
78,115,4.049604113547058e-16
78,116,4.0227824382160185e-30
78,117,6.743174081952252e-31
78,118,2.3530190230272308e-30
78,119,3.55565376411159e-30
78,120,7.142501059023139e-31
78,121,1.1275079783439188e-30
78,122,3.984301485192033e-30
78,123,4.894257462924391e-30
78,124,6.257162061816762e-30
78,125,3.390361253909732e-30
78,126,2.1556733421268294e-30
78,127,6.2545230224579545e-30
78,128,1.7352696211726603e-30
78,129,4.760012835369412e-30
78,130,2.808092786245461e-30
78,131,1.4109132399707358e-30
78,132,2.837512948963236e-30
78,133,2.8790398641917425e-30
78,134,2.64715485673502e-30
78,135,2.8984308017806314e-30
78,136,4.9697168601759205e-30
78,137,3.6225255540935885e-30
78,138,1.2731236093722867e-30
78,139,2.013965377754129e-30
78,140,2.9676175144928916e-30
78,141,1.796451103949579e-30
78,142,2.0593203180747792e-30
78,143,2.4087071498214326e-30
78,144,3.387280343807999e-30
78,145,1.803597183696882e-30
78,146,2.393992479735658e-31
78,147,2.0295799352389263e-30
78,148,6.802829690656504e-16
78,149,2.142325679837621e-30
79,80,1.954672720812574e-30
79,81,7.848385064284053e-31
79,82,8.566929185301998e-31
79,83,6.1783203065317025e-31
79,84,1.2460886489451459e-30
79,85,7.257460635935379e-31
79,86,2.0910843029017096e-30
79,87,4.913730436398857e-31
79,88,2.19631405825889e-30
79,89,5.549698196797472e-31
79,90,9.059868152775345e-31
79,91,3.9180061519845664e-31
79,92,1.0988238375356956e-30
79,93,1.169696365861142e-30
79,94,1.4023191909837052e-30
79,95,1.2995748111500802e-30
79,96,6.50604718359902e-31
79,97,8.317619896364556e-31
79,98,5.686140255279435e-31
79,99,6.991806478055147e-31
79,100,1.7521856184199732e-31
79,101,1.1245872561721365e-30
79,102,8.11686491175618e-31
79,103,6.043180521165504e-31
79,104,1.58403589065577e-30
79,105,4.6284628160579325e-31
79,106,9.792685579717173e-31
79,107,4.613320885402861e-16
79,108,1.4663181484546133e-30
79,109,6.8213102002283225e-31
79,110,1.1069127658288252e-30
79,111,1.7956978710121238e-30
79,112,5.517611036889941e-31
79,113,7.872379506453553e-32
79,114,1.6374178093735966e-30
79,115,5.003707553108405e-16
79,116,1.2812985697857052e-30
79,117,2.1037213248940454e-31
79,118,1.090424375042848e-30
79,119,1.1573192871313538e-30
79,120,4.0604687339778805e-31
79,121,4.981183087474384e-31
79,122,1.2881294049978881e-30
79,123,1.5194469859995678e-30
79,124,1.9675664986724785e-30
79,125,1.3805686638399732e-30
79,126,6.838886476680578e-31
79,127,2.247446663136983e-30
79,128,5.627980211470033e-31
79,129,1.4233691820709793e-30
79,130,8.683896173137793e-31
79,131,4.885316927397365e-31
79,132,1.2883020702560894e-30
79,133,1.3375470960382609e-30
79,134,9.507825463910355e-31
79,135,1.6891499928508785e-30
79,136,2.0186282818189156e-30
79,137,1.08451709123215e-30
79,138,6.876271194481214e-31
79,139,7.761746566596537e-31
79,140,1.6793258245996707e-30
79,141,7.272035794229669e-31
79,142,6.502190123981111e-31
79,143,9.15099715987072e-31
79,144,1.0597429730764399e-30
79,145,8.100969355074312e-31
79,146,7.872810918302007e-32
79,147,7.5642107979472665e-31
79,148,2.7230185981536836e-16
79,149,1.360356770416096e-30
80,81,1.6536872971969774e-30
80,82,2.1373755400803953e-30
80,83,1.8632633238804536e-30
80,84,3.502245978293362e-30
80,85,2.2442848436380435e-30
80,86,6.587183905724053e-30
80,87,1.4929497517310747e-30
80,88,6.761809591135697e-30
80,89,1.640643024479566e-30
80,90,2.6209973141540197e-30
80,91,1.1739891449909737e-30
80,92,1.8020034598565452e-30
80,93,2.8122548135323083e-30
80,94,4.3138114304239696e-30
80,95,3.3988674534902004e-30
80,96,1.3788580803372235e-30
80,97,2.495467959159555e-30
80,98,1.3211076295464038e-30
80,99,2.0321825582822804e-30
80,100,5.250239066093348e-31
80,101,1.6254218024157064e-30
80,102,2.2357876314718883e-30
80,103,1.7444302988335144e-30
80,104,4.868141031385632e-30
80,105,7.274176177413101e-31
80,106,1.3653999556238788e-30
80,107,6.206335383118148e-17
80,108,4.687327744261204e-30
80,109,1.615734517786437e-30
80,110,3.266877978802454e-30
80,111,4.52228486149031e-30
80,112,1.7044194964236318e-30
80,113,1.119184886814847e-31
80,114,4.788895719690281e-30
80,115,8.822224429107995e-16
80,116,1.850527070041723e-30
80,117,3.172374237216798e-31
80,118,3.090775229416812e-30
80,119,2.581592469227472e-30
80,120,1.019683960182917e-30
80,121,1.1332583371348886e-30
80,122,1.8010300213097234e-30
80,123,2.9567735092385926e-30
80,124,4.651151896064459e-30
80,125,3.467112229269893e-30
80,126,9.29120268884235e-31
80,127,5.174577961830132e-30
80,128,7.814463978675191e-31
80,129,2.564368141971424e-30
80,130,1.3941773242902513e-30
80,131,1.2910241502191294e-30
80,132,3.972904060169484e-30
80,133,3.916263187502308e-30
80,134,2.8889397797340775e-30
80,135,4.8292623234875545e-30
80,136,5.423544936419502e-30
80,137,1.7404924768194567e-30
80,138,2.084443951849299e-30
80,139,2.1444857985690525e-30
80,140,5.1042168422169175e-30
80,141,1.5213098537547558e-30
80,142,1.0023306449156472e-30
80,143,2.5050691282739974e-30
80,144,1.4695601790002737e-30
80,145,2.1836008422957165e-30
80,146,1.1192462189216623e-31
80,147,1.9788300938134996e-30
80,148,4.09163133336082e-16
80,149,4.047403225863551e-30
81,82,9.862999961459309e-31
81,83,5.56925155660423e-31
81,84,1.1590627271317778e-30
81,85,1.1659115118246944e-30
81,86,2.0676210791953717e-30
81,87,4.366797560212337e-31
81,88,1.8983623208863867e-30
81,89,4.9015992881467216e-31
81,90,9.382645473408274e-31
81,91,3.3219025672859676e-31
81,92,1.3693009461691596e-30
81,93,1.697944154575744e-30
81,94,1.3311793359182386e-30
81,95,1.3992671389266234e-30
81,96,7.358279120951254e-31
81,97,8.215246107328533e-31
81,98,6.519880985609547e-31
81,99,6.618353606029631e-31
81,100,1.4855999910164987e-31
81,101,1.3875914006555834e-30
81,102,9.036680496068666e-31
81,103,7.0805641086165535e-31
81,104,1.3248615653249943e-30
81,105,7.205037797624845e-31
81,106,1.1974291288261723e-30
81,107,1.9037467745685702e-30
81,108,1.4901346897761254e-30
81,109,9.62876336437914e-31
81,110,9.426492511847029e-31
81,111,2.053408568517731e-30
81,112,7.097222313597189e-31
81,113,9.876969933333823e-32
81,114,1.3892285064707047e-30
81,115,1.7165875494458392e-16
81,116,1.79057194748863e-30
81,117,2.5972788365029773e-31
81,118,9.398901769132251e-31
81,119,1.3675090019819176e-30
81,120,4.550985298380015e-31
81,121,5.639829609637478e-31
81,122,1.794873729650714e-30
81,123,1.849030003474802e-30
81,124,2.3072293371967875e-30
81,125,1.3880533194374786e-30
81,126,8.598912339547056e-31
81,127,2.417304863791576e-30
81,128,7.070877288134998e-31
81,129,1.9540235376827674e-30
81,130,1.102775460461684e-30
81,131,5.23381331116963e-31
81,132,1.8639028972980885e-30
81,133,1.2117512882358926e-30
81,134,8.944225336200362e-31
81,135,1.9064785337330695e-30
81,136,2.068091500680505e-30
81,137,1.4797776519239823e-30
81,138,6.167009638613509e-31
81,139,8.10906044623285e-31
81,140,1.4001592146175434e-30
81,141,1.1654350325044445e-30
81,142,8.488294104351647e-31
81,143,9.950559944466935e-31
81,144,1.3866471805960552e-30
81,145,7.8094612639029975e-31
81,146,9.877511198125817e-32
81,147,9.573606591805373e-31
81,148,5.295426327528128e-16
81,149,1.2580895508609726e-30
82,83,6.442091363215022e-31
82,84,1.104028014901161e-30
82,85,1.020324882150165e-30
82,86,2.4356182563289373e-30
82,87,7.651483101171863e-31
82,88,2.203792786453381e-30
82,89,7.095003539447323e-31
82,90,1.3623670482262463e-30
82,91,3.9078822351255973e-31
82,92,1.5361927928055215e-30
82,93,1.8240049322385824e-30
82,94,1.5723058397355393e-30
82,95,1.2873950103543566e-30
82,96,4.539084878630667e-31
82,97,6.8355601848418885e-31
82,98,6.037532941593998e-31
82,99,1.0010044405902842e-30
82,100,1.7476580651609304e-31
82,101,1.2024653417821125e-30
82,102,1.1669280077051136e-30
82,103,6.2482351914666665e-31
82,104,1.7206180912268546e-30
82,105,5.957042214693713e-31
82,106,1.0447900591915504e-30
82,107,2.028582080604002e-30
82,108,2.1928470038178194e-30
82,109,1.1607882710160444e-30
82,110,9.341942531521654e-31
82,111,1.8920351376310606e-30
82,112,9.850735942939924e-31
82,113,1.0075473417741095e-31
82,114,1.5308451475155298e-30
82,115,4.3898680304665094e-30
82,116,1.4542228949610948e-30
82,117,2.210666360494667e-31
82,118,8.811601275823477e-31
82,119,9.759132258661727e-31
82,120,5.372992316186417e-31
82,121,7.61099443591412e-31
82,122,1.4131529164667866e-30
82,123,1.5953671246737863e-30
82,124,2.5000754924422575e-30
82,125,2.561795793914872e-30
82,126,8.00817100017036e-31
82,127,1.4111742934726373e-30
82,128,7.001193478346579e-31
82,129,1.6271626050630425e-30
82,130,8.553813305901123e-31
82,131,4.696550812015099e-31
82,132,2.0851188892073445e-30
82,133,1.4382158345452445e-30
82,134,1.2933911296215422e-30
82,135,2.1839416889370176e-30
82,136,1.6668054610599796e-30
82,137,1.3077096253854093e-30
82,138,9.19366227291167e-31
82,139,1.0218262732823464e-30
82,140,2.185350502977416e-30
82,141,9.952006606099499e-31
82,142,8.573334674363265e-31
82,143,7.880042667220913e-31
82,144,1.1634408673248989e-30
82,145,7.564986612655528e-31
82,146,1.0076025560661492e-31
82,147,1.1692325614224437e-30
82,148,4.451720917549159e-16
82,149,1.7831719245566054e-30
83,84,1.2146353416869124e-30
83,85,7.125844242424003e-31
83,86,2.185696991737494e-30
83,87,4.745588810604179e-31
83,88,2.177119692354878e-30
83,89,5.564173592984968e-31
83,90,1.0090359288735631e-30
83,91,3.90936264457525e-31
83,92,4.089144835918894e-31
83,93,8.296719783021367e-31
83,94,1.3879089929413874e-30
83,95,1.2573553889234408e-30
83,96,4.833588728361723e-31
83,97,8.073966116973494e-31
83,98,4.7387258584582035e-31
83,99,6.192376506967983e-31
83,100,1.7483201243937218e-31
83,101,4.629484523055355e-31
83,102,6.793771908180742e-31
83,103,5.720959311845558e-31
83,104,1.5420180332971683e-30
83,105,2.2487350368512854e-31
83,106,4.222329312229754e-31
83,107,6.574768121749803e-31
83,108,1.466765251914038e-30
83,109,5.28793144515172e-31
83,110,1.0411925925616379e-30
83,111,1.520615923351681e-30
83,112,5.484663222524932e-31
83,113,2.48041009062477e-32
83,114,1.5719654868227078e-30
83,115,3.2495123186241836e-30
83,116,6.758437557973931e-31
83,117,1.0725579044775482e-31
83,118,1.0361482949137706e-30
83,119,8.910189901062084e-31
83,120,2.958222927697588e-31
83,121,3.048149534519908e-31
83,122,6.008748397758153e-31
83,123,1.0070855946992302e-30
83,124,1.699613295485434e-30
83,125,1.1214006148228036e-30
83,126,2.45734676753213e-31
83,127,1.9084697286423988e-30
83,128,1.7932126491259874e-31
83,129,8.959865275002646e-31
83,130,4.773775085566371e-31
83,131,4.420058176824015e-31
83,132,1.2919179233300114e-30
83,133,1.3762164011692747e-30
83,134,8.84365011751543e-31
83,135,1.4676927996565203e-30
83,136,1.9833550266486974e-30
83,137,6.157443942468095e-31
83,138,6.542645327975051e-31
83,139,7.486968717154781e-31
83,140,1.6559337711735667e-30
83,141,8.601442081395825e-31
83,142,3.271065686161349e-31
83,143,8.79840160017222e-31
83,144,4.819804695717141e-31
83,145,8.139661910523743e-31
83,146,2.4805460188153804e-32
83,147,5.832592071276281e-31
83,148,4.996003610813194e-16
83,149,1.2528034352103174e-30
84,85,1.3572171193519705e-30
84,86,4.04119070605675e-30
84,87,8.807028433341391e-31
84,88,4.148369161459068e-30
84,89,1.068585982266774e-30
84,90,1.913131181805248e-30
84,91,7.6007258972549866e-31
84,92,1.0278101348446793e-30
84,93,1.4555814928024724e-30
84,94,2.6794557745379684e-30
84,95,2.52938829442724e-30
84,96,1.1207984999927488e-30
84,97,1.5521528575007416e-30
84,98,1.0229375201278261e-30
84,99,1.1038570861292921e-30
84,100,3.399147956921048e-31
84,101,1.42436989256984e-30
84,102,1.2304192985239575e-30
84,103,1.16875535628361e-30
84,104,2.9290421295551846e-30
84,105,5.604541561696646e-31
84,106,1.2148703510306083e-30
84,107,4.906538933386796e-16
84,108,2.6515449352951437e-30
84,109,1.0244509811936417e-30
84,110,2.0283522041368932e-30
84,111,3.2368520732204094e-30
84,112,9.730446290993925e-31
84,113,7.907219026756732e-32
84,114,3.081633178684332e-30
84,115,3.510833468576689e-16
84,116,1.618860501182212e-30
84,117,2.8681742574755594e-31
84,118,2.1192423012810628e-30
84,119,2.003520322207789e-30
84,120,5.026322698186551e-31
84,121,5.455254925346318e-31
84,122,1.5489621281759725e-30
84,123,2.3884423842797645e-30
84,124,3.533377373848246e-30
84,125,1.7950559154851455e-30
84,126,7.68879951455673e-31
84,127,4.173892546834668e-30
84,128,5.854335426299011e-31
84,129,2.1261917645150653e-30
84,130,1.2460162426005076e-30
84,131,9.241677669625476e-31
84,132,3.6454071135346766e-16
84,133,2.6788828300302213e-30
84,134,1.7059040373710162e-30
84,135,2.6370033056495554e-30
84,136,3.997087835148692e-30
84,137,1.498359941087213e-30
84,138,1.2089782185129809e-30
84,139,1.4882765869320876e-30
84,140,3.1326792581566554e-30
84,141,8.988207011426324e-31
84,142,7.6872574271633265e-31
84,143,1.7958999877260643e-30
84,144,1.3457190336836203e-30
84,145,1.6442178613049428e-30
84,146,7.907652347835022e-32
84,147,9.439975825811597e-31
84,148,1.9428902930940023e-16
84,149,2.2895156674310084e-30
85,86,2.6073235486055045e-30
85,87,5.800521990987976e-31
85,88,2.487436054197674e-30
85,89,6.749389342398697e-31
85,90,1.0855672347387633e-30
85,91,4.375092287568967e-31
85,92,1.2371607788161765e-30
85,93,1.584244603213588e-30
85,94,1.5662011904759062e-30
85,95,1.3550443306686684e-30
85,96,6.617440075866973e-31
85,97,1.0441434574370204e-30
85,98,5.793081397459377e-31
85,99,8.304483744017409e-31
85,100,1.9566007525678534e-31
85,101,1.1740382457210289e-30
85,102,9.753629577300514e-31
85,103,6.550158664655378e-31
85,104,1.801716743383728e-30
85,105,5.560754793825967e-31
85,106,1.0290580942243416e-30
85,107,5.118345637852855e-16
85,108,2.0324515160046062e-30
85,109,8.613352057854124e-31
85,110,1.2567951788329131e-30
85,111,1.8147564736728656e-30
85,112,7.339380931261122e-31
85,113,8.607430812684767e-32
85,114,1.911198445330282e-30
85,115,5.335734195327884e-16
85,116,1.3975982340982946e-30
85,117,2.187953834887128e-31
85,118,1.2195981542941098e-30
85,119,1.1790045524362248e-30
85,120,4.853024993076421e-31
85,121,5.8886717490029055e-31
85,122,1.4471994694204368e-30
85,123,1.5582537409738359e-30
85,124,2.0195661006218792e-30
85,125,1.597813781000132e-30
85,126,7.305506821657008e-31
85,127,2.3142634881277824e-30
85,128,6.103734783326501e-31
85,129,1.609708166106234e-30
85,130,9.043013199151404e-31
85,131,5.063626240146865e-31
85,132,1.6678648912830113e-30
85,133,1.4555927853141464e-30
85,134,1.0523128050650322e-30
85,135,1.9990118133854764e-30
85,136,2.1231070100981597e-30
85,137,1.2298354001432537e-30
85,138,8.235544443109496e-31
85,139,8.769013954838995e-31
85,140,1.869469311561726e-30
85,141,9.499772584690047e-31
85,142,7.176271898933595e-31
85,143,1.0604762015678079e-30
85,144,1.1317148445624214e-30
85,145,8.79681620103849e-31
85,146,8.607902505853812e-32
85,147,9.215106104039193e-31
85,148,4.700684523896256e-16
85,149,1.6181930941387766e-30
86,87,1.6440106259403017e-30
86,88,7.74800902043345e-30
86,89,1.899732092923789e-30
86,90,3.30625912332987e-30
86,91,1.3194877621880788e-30
86,92,1.588749030705459e-30
86,93,2.966851625736857e-30
86,94,4.5980833181961135e-30
86,95,4.332729040204084e-30
86,96,1.5644183120512007e-30
86,97,7.097934364950278e-16
86,98,1.5332101779224395e-30
86,99,2.1743122311111667e-30
86,100,5.900928663463243e-31
86,101,1.5302049513930676e-30
86,102,2.3125703594886858e-30
86,103,1.8928137131669027e-30
86,104,5.336466738844466e-30
86,105,8.542154079090586e-31
86,106,1.4226980128956201e-30
86,107,3.811341837928044e-16
86,108,5.549695534418225e-30
86,109,5.574081501084231e-16
86,110,3.3629401581544286e-30
86,111,5.040058319946362e-30
86,112,2.1132308830959642e-30
86,113,9.3469014058649e-32
86,114,5.4961828106573175e-30
86,115,8.717473285226291e-16
86,116,5.949672508430494e-16
86,117,3.4239322153216315e-31
86,118,3.434896394965427e-30
86,119,2.9554278696310528e-30
86,120,9.658185073276448e-31
86,121,1.1268860530555343e-30
86,122,1.718405841139902e-30
86,123,3.2840170866949124e-30
86,124,5.8628174657424116e-30
86,125,4.297200668103223e-30
86,126,8.158787816938178e-31
86,127,6.240149553350493e-30
86,128,6.570893151804977e-31
86,129,2.803846897892457e-30
86,130,1.4460095531263093e-30
86,131,1.4673483814833949e-30
86,132,7.549272867460373e-16
86,133,4.666427713839401e-30
86,134,3.0151423317116028e-30
86,135,2.0209342365144368e-16
86,136,4.749975715569133e-16
86,137,3.862597262612573e-16
86,138,2.2177447773329723e-30
86,139,2.578866431370699e-16
86,140,5.5894880440811396e-30
86,141,1.9576035956884146e-30
86,142,1.1813868780300245e-30
86,143,3.1612284216926424e-30
86,144,1.4299348483021014e-30
86,145,2.5464598547065158e-30
86,146,9.347413622534524e-32
86,147,1.9656410618332128e-30
86,148,1.0520007187151716e-15
86,149,4.2037699123804574e-30
87,88,1.641137847819357e-30
87,89,4.562224849930918e-31
87,90,7.918588472042037e-31
87,91,2.9884078478158043e-31
87,92,7.038246956302942e-31
87,93,9.14818609903371e-31
87,94,1.0945734386500538e-30
87,95,8.220317109693057e-31
87,96,3.390767995358778e-31
87,97,6.007322828601303e-31
87,98,3.3219869864945316e-31
87,99,5.907218426675222e-31
87,100,1.3364566184419966e-31
87,101,5.757319978685796e-31
87,102,6.456514893039442e-31
87,103,4.431573408198477e-31
87,104,1.2337530609706735e-30
87,105,2.667375944714715e-31
87,106,4.623868505248982e-31
87,107,9.365417812567372e-31
87,108,1.264199558432441e-30
87,109,5.594268254551943e-31
87,110,8.179135730190111e-31
87,111,1.1120879441601698e-30
87,112,5.125993841733404e-31
87,113,4.505888693512243e-32
87,114,1.1902648997029669e-30
87,115,2.816304766247287e-30
87,116,6.98495744298495e-31
87,117,1.026007085221817e-31
87,118,7.787080050765562e-31
87,119,6.126061265413381e-31
87,120,2.9699098224100406e-31
87,121,3.8230359228677816e-31
87,122,6.124060194096251e-31
87,123,8.182893840786022e-31
87,124,1.2824057433326025e-30
87,125,1.3060685417303439e-30
87,126,3.6410538406003354e-31
87,127,1.2137461855399284e-30
87,128,3.129551465407524e-31
87,129,7.286948342800608e-31
87,130,4.457124893338436e-31
87,131,3.183522304493176e-31
87,132,1.1512114037678086e-30
87,133,1.0191265894026133e-30
87,134,7.1336242947892546e-31
87,135,1.298417884988289e-30
87,136,1.3252263050054618e-30
87,137,5.833548823457435e-31
87,138,5.500938969674243e-31
87,139,5.685572028890177e-31
87,140,1.3788980250881427e-30
87,141,5.202262433026961e-31
87,142,3.892255283503308e-31
87,143,6.063220492845683e-31
87,144,5.319520452191831e-31
87,145,5.759520528231517e-31
87,146,4.5061356193329046e-32
87,147,5.776479948312248e-31
87,148,3.376656067372907e-16
87,149,1.1062797751986989e-30
88,89,1.862098554411851e-30
88,90,3.229180241532917e-30
88,91,1.3589026672374766e-30
88,92,1.1738635477907476e-30
88,93,2.9217366774565316e-30
88,94,5.179309921486202e-30
88,95,4.299510524784466e-30
88,96,1.6570548571090443e-30
88,97,2.6677276310852246e-30
88,98,1.6022086224714834e-30
88,99,2.1260974105217376e-30
88,100,6.077197477497549e-31
88,101,1.5113261857037574e-30
88,102,2.318285711879582e-30
88,103,1.9897939503416495e-30
88,104,5.4028348839372615e-30
88,105,8.058032623079575e-31
88,106,1.3066340087484884e-30
88,107,3.331391796911829e-16
88,108,5.3455117340516576e-30
88,109,1.943821227916596e-30
88,110,3.552161777676842e-30
88,111,5.293079910175573e-30
88,112,1.929669902519089e-30
88,113,5.957258251737001e-32
88,114,5.6781861170505865e-30
88,115,6.187688364358631e-16
88,116,2.0730755052342984e-30
88,117,3.583373732625566e-31
88,118,3.506582377152009e-30
88,119,3.0921608204330622e-30
88,120,9.472499717189198e-31
88,121,1.0012552732262952e-30
88,122,1.8905411521265492e-30
88,123,3.4823090010756805e-30
88,124,5.827235196224652e-30
88,125,3.751845580385991e-30
88,126,6.433147638941136e-31
88,127,6.486308880441669e-30
88,128,4.411898298000681e-31
88,129,3.0588492473485055e-30
88,130,1.537145269162992e-30
88,131,1.5355202994368207e-30
88,132,4.584255228784965e-30
88,133,4.58886208918466e-30
88,134,3.175093393711806e-30
88,135,5.099290861746071e-30
88,136,6.836533109819608e-30
88,137,1.8197399431210088e-30
88,138,2.225916541700842e-30
88,139,2.5501701780742744e-30
88,140,5.849301326932503e-30
88,141,1.676743213767432e-30
88,142,1.111048170713055e-30
88,143,3.0201728899984524e-30
88,144,1.5344766273073171e-30
88,145,2.6617115081466388e-30
88,146,5.957584713614502e-32
88,147,1.8021472018532197e-30
88,148,7.219805736402749e-16
88,149,4.276914584281565e-30
89,90,9.621393920361238e-31
89,91,3.4869864494209644e-31
89,92,5.8339089213971755e-31
89,93,9.472494659720845e-31
89,94,1.2629462249451901e-30
89,95,1.0578993942682972e-30
89,96,3.852617136133676e-31
89,97,7.269801007289873e-31
89,98,4.064452006618144e-31
89,99,6.287321567120997e-31
89,100,1.5594277475051826e-31
89,101,4.465664936965424e-31
89,102,6.903429009501433e-31
89,103,5.1193092147848455e-31
89,104,1.388549002859828e-30
89,105,2.126333875815793e-31
89,106,4.114321888661568e-31
89,107,1.6653345369377356e-16
89,108,1.3977187881593519e-30
89,109,5.223077532235617e-31
89,110,9.549504237434397e-31
89,111,1.2983073229615567e-30
89,112,5.153225044042797e-31
89,113,3.5187744831215425e-32
89,114,1.4084527636968348e-30
89,115,4.40606103446415e-16
89,116,5.676845063008251e-31
89,117,8.771472977953243e-32
89,118,9.363507349890804e-31
89,119,7.303475511081688e-31
89,120,3.266614711811761e-31
89,121,3.622908984769212e-31
89,122,6.034036310375566e-31
89,123,8.144850813933576e-31
89,124,1.4942174454270977e-30
89,125,1.2302425327810422e-30
89,126,2.8201642131935387e-31
89,127,1.5273619721146449e-30
89,128,2.4258311436702405e-31
89,129,6.714882571236252e-31
89,130,3.7970327001108235e-31
89,131,3.7721401067744263e-31
89,132,1.2112123831327281e-30
89,133,1.213435148135742e-30
89,134,7.827646398883557e-31
89,135,1.3932722221409528e-30
89,136,1.659591478763466e-30
89,137,5.165741829701201e-31
89,138,6.238216041967083e-31
89,139,6.830016685385657e-31
89,140,1.5329025347769787e-30
89,141,8.996437663108865e-31
89,142,3.298093836798911e-31
89,143,7.372875349915611e-31
89,144,4.23465842296128e-31
89,145,7.499924585902993e-31
89,146,3.5189673143999136e-32
89,147,6.102985110982132e-31
89,148,5.530259263078834e-16
89,149,1.2299509010523189e-30
90,91,6.028720634833217e-31
90,92,1.2314861312894114e-30
90,93,1.668047341414883e-30
90,94,2.2148927940765677e-30
90,95,2.0611840686466878e-30
90,96,8.149197300127865e-31
90,97,1.0733913946340638e-30
90,98,7.744933702358686e-31
90,99,1.0592814293663712e-30
90,100,2.6961258313685525e-31
90,101,1.1917952894994517e-30
90,102,1.1030244728389904e-30
90,103,8.659852369805552e-31
90,104,2.285479105136924e-30
90,105,5.002335342713066e-31
90,106,1.039159951362515e-30
90,107,6.23265800330807e-16
90,108,2.3054091430060166e-30
90,109,9.829317330528037e-31
90,110,1.4382278049280907e-30
90,111,2.328975615577912e-30
90,112,9.290434093197016e-31
90,113,8.429745857030636e-32
90,114,2.3224323770433608e-30
90,115,5.396300654998271e-16
90,116,1.3500599463565322e-30
90,117,2.2663331128945958e-31
90,118,1.5597114237262403e-30
90,119,1.4450875440571875e-30
90,120,4.865626747884885e-31
90,121,6.488644750086314e-31
90,122,1.4137414838832983e-30
90,123,1.6969098597794045e-30
90,124,2.757226618590247e-30
90,125,2.4215867434494397e-30
90,126,7.214732224994681e-31
90,127,3.1405936051955833e-30
90,128,5.980526078474112e-31
90,129,1.7327542466883807e-30
90,130,9.680260594455683e-31
90,131,6.818661966363446e-31
90,132,2.2344614059434663e-30
90,133,2.22676746526475e-30
90,134,1.2976552165321012e-30
90,135,2.218690970978471e-30
90,136,3.2266947910391884e-30
90,137,1.2693186708536313e-30
90,138,1.0040091988843364e-30
90,139,1.2648494478735195e-30
90,140,2.664666627813575e-30
90,141,1.3461114697088369e-30
90,142,7.0110030314537675e-31
90,143,1.3558230814199809e-30
90,144,1.1335072069749272e-30
90,145,1.4212435659734802e-30
90,146,8.430207812941069e-32
90,147,9.692629985029827e-31
90,148,7.646648488821504e-16
90,149,1.9333071374017154e-30
91,92,1.9580940257920646e-31
91,93,5.100770101012377e-31
91,94,8.785280962126586e-31
91,95,7.4379005527611605e-31
91,96,2.9298452590822695e-31
91,97,4.873721649419276e-31
91,98,2.940813673278671e-31
91,99,3.8684641354570484e-31
91,100,1.1024666305413756e-31
91,101,2.5260683928093844e-31
91,102,4.245301824541111e-31
91,103,3.6292615515194078e-31
91,104,9.739890634088936e-31
91,105,1.370417913709557e-31
91,106,2.082000642636632e-31
91,107,3.754486691757002e-31
91,108,9.090164914934652e-31
91,109,3.2582727749916074e-31
91,110,6.568703055910846e-31
91,111,9.58164373945716e-31
91,112,3.287963484977826e-31
91,113,0.0
91,114,9.891051949549463e-31
91,115,2.0401662343009184e-30
91,116,3.184162756602593e-31
91,117,6.162975822039154e-32
91,118,6.557767421821309e-31
91,119,5.49335182707467e-31
91,120,1.711630621968114e-31
91,121,1.7648077007451024e-31
91,122,2.9780631750417327e-31
91,123,6.218195225363537e-31
91,124,1.0309925911082168e-30
91,125,6.371143928501281e-31
91,126,7.795616304876909e-32
91,127,1.1357279263027795e-30
91,128,2.7561665763534394e-32
91,129,4.951999970054994e-31
91,130,2.551373831136941e-31
91,131,2.7699131283442644e-31
91,132,7.8280230485697475e-31
91,133,8.514335673145803e-31
91,134,5.615160968288924e-31
91,135,9.005183812380338e-31
91,136,1.2011284096101592e-30
91,137,3.2792881044630666e-31
91,138,4.0793360335285e-31
91,139,4.6255769593917975e-31
91,140,1.045962605716646e-30
91,141,2.794019261383638e-31
91,142,1.9949510849746597e-31
91,143,5.323041813976971e-31
91,144,2.6010751659369356e-31
91,145,5.033896053309828e-31
91,146,0.0
91,147,3.383327787476915e-31
91,148,1.8225104676182694e-30
91,149,7.85870044081219e-31
92,93,2.2085730166186074e-30
92,94,1.304428599486579e-30
92,95,1.406271837244231e-30
92,96,7.487402375686968e-31
92,97,4.305204423239093e-31
92,98,6.855769344844717e-31
92,99,8.925772541349471e-31
92,100,8.756862696014564e-32
92,101,1.793992501140987e-30
92,102,1.3427101178665732e-30
92,103,8.745493598979996e-31
92,104,1.2768154423442201e-30
92,105,8.093618203377682e-31
92,106,1.6073649834226068e-30
92,107,2.7188061500273146e-30
92,108,1.971375360308197e-30
92,109,1.3596971154058965e-30
92,110,5.31077734378266e-31
92,111,2.5424581216250613e-30
92,112,9.580116748867769e-31
92,113,1.3922648116309108e-31
92,114,1.1751981769957047e-30
92,115,3.6120650708298115e-30
92,116,2.007194708048414e-30
92,117,3.312575877629104e-31
92,118,4.884944446200698e-31
92,119,1.5050102153169044e-30
92,120,6.331676531043129e-31
92,121,8.645465800952629e-31
92,122,2.1998390603481416e-30
92,123,2.164775980380035e-30
92,124,3.172756321079383e-30
92,125,2.3563121478700784e-30
92,126,1.1579024738449634e-30
92,127,1.8925559357273744e-30
92,128,9.831898128524372e-31
92,129,2.427271526412886e-30
92,130,1.264801492376118e-30
92,131,6.0850590874993275e-31
92,132,1.9674954010463348e-30
92,133,1.114092024008449e-30
92,134,1.2946370926518686e-30
92,135,2.2227922598283454e-30
92,136,1.2938648791537512e-30
92,137,1.9034252487340226e-30
92,138,7.762174653215636e-31
92,139,9.230261999605655e-31
92,140,1.853026288720773e-30
92,141,1.2068217717680247e-30
92,142,1.1458094337468361e-30
92,143,9.718178585710351e-31
92,144,1.72967406306463e-30
92,145,3.5955767117204525e-31
92,146,1.3923411087067096e-31
92,147,1.3613022517304093e-30
92,148,3.07776563313153e-16
92,149,1.7504924433868722e-30
93,94,2.073509454147649e-30
93,95,1.6591844852702605e-30
93,96,8.069258384108604e-31
93,97,1.0133698441459417e-30
93,98,7.004190186471853e-31
93,99,1.301027826875072e-30
93,100,2.281133736692429e-31
93,101,1.8701277292820533e-30
93,102,1.6534387327171296e-30
93,103,1.0020917362106434e-30
93,104,2.2738292775667345e-30
93,105,9.138792859486207e-31
93,106,1.6827516909217173e-30
93,107,4.3356983247724496e-16
93,108,2.780153659197318e-30
93,109,1.5775330555400169e-30
93,110,1.365387544743342e-30
93,111,2.5905217790379216e-30
93,112,1.1574487560633297e-30
93,113,1.4981605081014836e-31
93,114,2.1335352857853202e-30
93,115,8.0541998579513115e-16
93,116,2.3262849124943494e-30
93,117,3.4557168636690244e-31
93,118,1.238888009722281e-30
93,119,1.6489674398994012e-30
93,120,7.99366479031255e-31
93,121,1.0433391168610068e-30
93,122,2.5277437791562747e-30
93,123,2.264052283480697e-30
93,124,3.493506573613073e-30
93,125,2.83010143690039e-30
93,126,1.2228210320651695e-30
93,127,2.4889868680302992e-30
93,128,1.0504489091195142e-30
93,129,2.7101558829294062e-30
93,130,1.3462601624390807e-30
93,131,6.475971529480905e-31
93,132,2.490633139305714e-30
93,133,1.744149947489397e-30
93,134,1.5208526930911975e-30
93,135,2.9805545931505563e-30
93,136,2.2597355797788383e-30
93,137,2.1714864695894766e-30
93,138,1.143415093115207e-30
93,139,1.0819896608034394e-30
93,140,2.7120901455656795e-30
93,141,1.4120123142327973e-30
93,142,1.2724333068109012e-30
93,143,1.0292154218155539e-30
93,144,1.833826043044003e-30
93,145,9.072766943910956e-31
93,146,1.4982426083347801e-31
93,147,1.5550793540667821e-30
93,148,2.6184557666721267e-16
93,149,2.4550654477840468e-30
94,95,2.658404739193855e-30
94,96,1.0857486586021403e-30
94,97,1.6524837933965888e-30
94,98,1.0632899446862813e-30
94,99,1.4890721576081318e-30
94,100,3.92889708654996e-31
94,101,1.2808203948425258e-30
94,102,1.6052506432295393e-30
94,103,1.2874694114105548e-30
94,104,3.482691860289498e-30
94,105,5.4810625594931324e-31
94,106,1.0859252888657458e-30
94,107,6.125614471679478e-16
94,108,3.264705357618993e-30
94,109,1.2950133355993063e-30
94,110,2.3225028369209142e-30
94,111,3.3929186575687695e-30
94,112,1.1952545715017767e-30
94,113,8.47977446156767e-32
94,114,3.5741552987400394e-30
94,115,1.3279237391811908e-15
94,116,1.64765385521295e-30
94,117,2.583389800634355e-31
94,118,2.291054959787526e-30
94,119,1.988761367973066e-30
94,120,7.199610618711274e-31
94,121,8.06748138491649e-31
94,122,1.5795975907450807e-30
94,123,2.298352007188793e-30
94,124,3.664855029380094e-30
94,125,2.5462837835219973e-30
94,126,7.345106383347159e-31
94,127,4.161694651851991e-30
94,128,6.003011745069555e-31
94,129,2.1397538789356635e-30
94,130,1.1553995835070853e-30
94,131,9.82778638893705e-31
94,132,2.858207668276835e-30
94,133,2.853576036997988e-30
94,134,2.056828053770581e-30
94,135,3.372536017233257e-30
94,136,4.410790301416275e-30
94,137,1.3819358093578664e-30
94,138,1.4766989227812868e-30
94,139,1.657868421382224e-30
94,140,3.9572573906759424e-30
94,141,1.0547856213868846e-30
94,142,7.136804054020551e-31
94,143,1.8415707149818484e-30
94,144,1.2497389482478168e-30
94,145,1.857742215931731e-30
94,146,8.480239159080274e-32
94,147,1.2850814730099362e-30
94,148,3.835896867111832e-16
94,149,2.916674379420509e-30
95,96,1.2615183926216784e-30
95,97,1.4070743220604138e-30
95,98,1.0714145187768013e-30
95,99,1.0310310200680319e-30
95,100,3.326330249171445e-31
95,101,1.8274967659978774e-30
95,102,1.1140396431849183e-30
95,103,1.230694276936489e-30
95,104,2.8284910931860798e-30
95,105,7.241239145742586e-31
95,106,1.5613977431526912e-30
95,107,5.990851889903788e-16
95,108,2.6066940501364875e-30
95,109,1.1611887707878786e-30
95,110,1.818747875789906e-30
95,111,3.437589471277325e-30
95,112,1.0107694704916015e-30
95,113,1.0888109040558798e-31
95,114,3.0559670503839465e-30
95,115,7.167242597140158e-16
95,116,2.1163069179540983e-30
95,117,3.5449724181843622e-31
95,118,2.0358073303860618e-30
95,119,2.2340004735507653e-30
95,120,4.108813563510733e-31
95,121,5.838315145079258e-31
95,122,2.0670054626140916e-30
95,123,2.723583000985118e-30
95,124,3.908947236732294e-30
95,125,2.3599729225241604e-30
95,126,1.0292176697559773e-30
95,127,4.626493755881177e-30
95,128,8.008207430567192e-31
95,129,2.67400461388116e-30
95,130,1.5210179693332673e-30
95,131,9.751926940796348e-31
95,132,2.5260701420078326e-30
95,133,2.81746930172015e-30
95,134,1.640991824008962e-30
95,135,2.3577665150479434e-30
95,136,4.3247996731324116e-30
95,137,1.885322135455097e-30
95,138,1.0598841833852404e-30
95,139,1.5278524438216348e-30
95,140,3.032808114780121e-30
95,141,1.3945260000441998e-30
95,142,9.901927387383969e-31
95,143,1.944554191469096e-30
95,144,1.7163939603640878e-30
95,145,1.6780167893480724e-30
95,146,1.0888705716474066e-31
95,147,9.120778197191435e-31
95,148,7.084811160192773e-16
95,149,2.0057795341997527e-30
96,97,6.333165602922599e-31
96,98,5.428066020169157e-31
96,99,2.875179206023092e-31
96,100,1.310266632572688e-31
96,101,1.004558056118392e-30
96,102,5.19221631322336e-31
96,103,5.834400810262766e-31
96,104,1.1009468531363789e-30
96,105,3.982760684073062e-31
96,106,8.578552466695617e-31
96,107,1.0969715959999267e-30
96,108,9.922798946508818e-31
96,109,6.222692026691423e-31
96,110,8.186374877413853e-31
96,111,1.7335464016625166e-30
96,112,4.199813889669678e-31
96,113,5.973618540089786e-32
96,114,1.3016774508093224e-30
96,115,1.8646953446855477e-30
96,116,1.1270696352710688e-30
96,117,1.9276042705657584e-31
96,118,9.103016869752786e-31
96,119,1.130966226590946e-30
96,120,1.671685009497805e-31
96,121,2.2274469648112224e-31
96,122,1.1160702750049022e-30
96,123,1.4497265039342994e-30
96,124,1.9387790503674574e-30
96,125,5.659019688479486e-31
96,126,5.704225221607168e-31
96,127,2.1956603534343784e-30
96,128,4.421311452009467e-31
96,129,1.3985150468589488e-30
96,130,8.203617027012119e-31
96,131,4.697333408543895e-31
96,132,9.348035140106944e-31
96,133,1.1409096624194603e-30
96,134,8.027237889551963e-31
96,135,9.132249324683363e-31
96,136,1.8633271662699103e-30
96,137,1.0177848693736817e-30
96,138,4.409551836301894e-31
96,139,6.654363818582379e-31
96,140,1.1689032826276978e-30
96,141,5.8756277303965935e-31
96,142,5.434741072512752e-31
96,143,8.673265951666126e-31
96,144,9.447411807745795e-31
96,145,7.042856962316843e-31
96,146,5.973945898522419e-32
96,147,4.695846794935127e-31
96,148,2.2887833992611143e-16
96,149,7.755259171373336e-31
97,98,6.1483108737172294e-31
97,99,7.404033064632442e-31
97,100,2.17959458230278e-31
97,101,7.146875272453177e-31
97,102,8.562825402954517e-31
97,103,7.5074181666832625e-31
97,104,2.0213217507277345e-30
97,105,3.398631837277624e-31
97,106,5.596204845479629e-31
97,107,7.7520049146473856e-31
97,108,1.9372412667444453e-30
97,109,6.450724191283973e-31
97,110,1.4959237074085544e-30
97,111,1.9950628483104586e-30
97,112,6.9292606937371395e-31
97,113,2.881976091826369e-32
97,114,2.103358690932528e-30
97,115,1.5944364291470257e-16
97,116,6.903466362953726e-31
97,117,1.420275256044169e-31
97,118,1.4927809325199307e-30
97,119,1.1754104475816958e-30
97,120,3.823842630622156e-31
97,121,3.4497376623170587e-31
97,122,5.827191820581535e-31
97,123,1.3903854959983637e-30
97,124,2.0693018980843963e-30
97,125,1.0093232155589284e-30
97,126,3.153152411764422e-31
97,127,2.2814889066233472e-30
97,128,2.16296170151138e-31
97,129,1.0045577919378837e-30
97,130,6.157122665238376e-31
97,131,5.6125266501121114e-31
97,132,4.319390162654177e-16
97,133,1.5759750742369192e-30
97,134,1.2145404503571976e-30
97,135,1.0166903409946628e-15
97,136,4.855739083881156e-16
97,137,1.809462941620181e-16
97,138,9.222836907701051e-31
97,139,3.7779554917101606e-16
97,140,1.960036367290115e-30
97,141,7.54903436121913e-31
97,142,5.086744387345064e-31
97,143,1.1725226385428858e-30
97,144,5.802256239461026e-31
97,145,9.418477153502959e-31
97,146,2.882134026111924e-32
97,147,8.774489843385119e-31
97,148,3.521787733787183e-16
97,149,1.613928792892365e-30
98,99,4.022437555108122e-31
98,100,1.3151718565223934e-31
98,101,8.734232000511881e-31
98,102,4.5596713736871924e-31
98,103,5.026368093170856e-31
98,104,1.0980702870680998e-30
98,105,3.503754935791391e-31
98,106,6.8902723540253896e-31
98,107,8.75817586436983e-31
98,108,9.761335817436576e-31
98,109,5.5006324838332716e-31
98,110,8.13777968079513e-31
98,111,1.5177737579810408e-30
98,112,4.0827042032555786e-31
98,113,5.227864457706142e-32
98,114,1.2252054272244056e-30
98,115,1.2490009027032927e-16
98,116,9.861390820836275e-31
98,117,1.621689213887206e-31
98,118,8.65967914059469e-31
98,119,9.6650058267037e-31
98,120,1.6493712766551224e-31
98,121,2.6063383182762508e-31
98,122,8.775545245689625e-31
98,123,1.2961335074303928e-30
98,124,1.5966613979464246e-30
98,125,1.0612580663745713e-30
98,126,4.9177766138846825e-31
98,127,1.870724424731336e-30
98,128,3.8282900215275455e-31
98,129,1.1164621408491567e-30
98,130,7.0876218493156825e-31
98,131,4.102225266296977e-31
98,132,9.056195779500395e-31
98,133,1.0718813899624306e-30
98,134,7.855054592949866e-31
98,135,9.112429988027353e-31
98,136,1.6744904265304967e-30
98,137,8.124460778518424e-31
98,138,4.497711737492403e-31
98,139,6.239966645818598e-31
98,140,1.1812215591097272e-30
98,141,5.544426968322207e-31
98,142,4.718260103780695e-31
98,143,7.350170428515938e-31
98,144,8.061350175446206e-31
98,145,6.856953208917891e-31
98,146,5.228150948298637e-32
98,147,4.91886575361565e-31
98,148,3.684807472301646e-16
98,149,8.14591685343619e-31
99,100,1.7300297550803827e-31
99,101,4.584651037771614e-31
99,102,9.42576253764345e-31
99,103,6.083796597336214e-31
99,104,1.668752635814486e-30
99,105,3.3186720426557437e-31
99,106,4.810239982243923e-31
99,107,1.2699996452184357e-30
99,108,1.7590427770990965e-30
99,109,7.3447784356986325e-31
99,110,1.0152494324317335e-30
99,111,1.5037603248039656e-30
99,112,6.831161076546219e-31
99,113,4.963847102137233e-32
99,114,1.5343715143128462e-30
99,115,3.948958971911264e-30
99,116,5.91151219860182e-31
99,117,1.0066443268830642e-31
99,118,9.366363154033285e-31
99,119,7.127552166818938e-31
99,120,4.468288133598207e-31
99,121,5.3756366657466085e-31
99,122,7.594795702136332e-31
99,123,8.319780384020566e-31
99,124,1.7702565279278433e-30
99,125,1.6259784402613653e-30
99,126,3.372492863418084e-31
99,127,1.044780606343796e-30
99,128,3.287879196970062e-31
99,129,8.659330900762145e-31
99,130,2.2919481454723717e-31
99,131,4.156201441510155e-31
99,132,1.5589087142689811e-30
99,133,1.344734096009424e-30
99,134,9.951975215595085e-31
99,135,1.8553455736492734e-30
99,136,1.579853128831462e-30
99,137,6.952757354362342e-31
99,138,7.705948718166168e-31
99,139,7.796433570747669e-31
99,140,1.920531021470024e-30
99,141,6.581206493383978e-31
99,142,4.904009987192004e-31
99,143,7.774804457367113e-31
99,144,5.188688007572738e-31
99,145,7.193985196425749e-31
99,146,4.964119124395816e-32
99,147,8.702486201370483e-31
99,148,9.41087485717419e-17
99,149,1.5871480496637476e-30
100,101,1.1296921284270847e-31
100,102,1.8985566929355629e-31
100,103,1.6230551074647502e-31
100,104,4.355811510247279e-31
100,105,6.128695225276021e-32
100,106,9.310989932267512e-32
100,107,1.6790574926773914e-31
100,108,4.065245335295496e-31
100,109,1.457143882823622e-31
100,110,2.9376133114054506e-31
100,111,4.285041347522298e-31
100,112,1.470421971989506e-31
100,113,0.0
100,114,4.4234129056348856e-31
100,115,9.123900770593236e-31
100,116,1.4240008750373035e-31
100,117,2.7561665763534383e-32
100,118,2.9327227471651977e-31
100,119,2.456701621932327e-31
100,120,7.654644846181898e-32
100,121,7.89245997216231e-32
100,122,1.3318303401364337e-31
100,123,2.7808614442554995e-31
100,124,4.610739036033236e-31
100,125,2.8492621837127852e-31
100,126,3.486305596842099e-32
100,127,5.079129694315773e-31
100,128,1.2325951644078312e-32
100,129,2.2146017115239777e-31
100,130,1.1410090644872542e-31
100,131,1.2387428093493755e-31
100,132,3.5007983332074185e-31
100,133,3.8077266696810883e-31
100,134,2.511176325939515e-31
100,135,4.02724063087263e-31
100,136,5.371609547189055e-31
100,137,1.46654222387717e-31
100,138,1.8243345348068175e-31
100,139,2.068620903271369e-31
100,140,4.677686976610463e-31
100,141,1.249523399779514e-31
100,142,8.9216924755806e-32
100,143,2.38053666862526e-31
100,144,1.1632361771243074e-31
100,145,2.2512267533737365e-31
100,146,0.0
100,147,1.5130701845924683e-31
100,148,8.15051459059876e-31
100,149,3.5145176800927244e-31
101,102,1.0897088945142428e-30
101,103,9.20885158419346e-31
101,104,1.0779098702261027e-30
101,105,8.138221749908587e-31
101,106,1.694774328432022e-30
101,107,2.4720422495935802e-30
101,108,1.548382733755896e-30
101,109,1.2854498404705008e-30
101,110,8.798018251564708e-31
101,111,2.8742396995132857e-30
101,112,8.207869696281286e-31
101,113,1.3414868648888834e-31
101,114,1.5011026453393e-30
101,115,1.841663193788746e-30
101,116,2.1788661196139902e-30
101,117,3.6478133812254087e-31
101,118,1.0325160084977213e-30
101,119,1.8481112819046798e-30
101,120,4.533736021428866e-31
101,121,6.507149204737201e-31
101,122,2.2403383726417096e-30
101,123,2.559012643851751e-30
101,124,3.3788920185998674e-30
101,125,1.7078771790277148e-30
101,126,1.1894234417627906e-30
101,127,3.0681510579029687e-30
101,128,9.678919801308197e-31
101,129,2.6192496543712753e-30
101,130,1.493217227585092e-30
101,131,7.238559720766743e-31
101,132,1.6183182755272508e-30
101,133,1.3284372663040825e-30
101,134,1.3298468445189644e-30
101,135,1.6228827175423353e-30
101,136,2.2658740833674113e-30
101,137,1.9852824653517115e-30
101,138,6.153070286284725e-31
101,139,1.0093072653281853e-30
101,140,1.4768882376444371e-30
101,141,1.0959707145593418e-30
101,142,1.131182138800011e-30
101,143,1.2102036194630191e-30
101,144,1.8520319819626093e-30
101,145,7.771029794290587e-31
101,146,1.3415603792980378e-31
101,147,1.121444633728852e-30
101,148,3.5108334685767047e-16
101,149,1.2072299689906796e-30
102,103,6.995241260185564e-31
102,104,1.8288251095009645e-30
102,105,5.1012169574598e-31
102,106,9.987884191851138e-31
102,107,1.8705638539974528e-30
102,108,1.9301700888217126e-30
102,109,9.170233893672238e-31
102,110,1.1721985935744013e-30
102,111,1.6808515392353087e-30
102,112,7.554594287262155e-31
102,113,8.891500418776369e-32
102,114,1.7030083398191534e-30
102,115,4.344037967854598e-30
102,116,1.21415771255373e-30
102,117,2.014664827899893e-31
102,118,1.0863473682721305e-30
102,119,9.341281083163565e-31
102,120,5.532284769093405e-31
102,121,6.772592815683644e-31
102,122,1.4006229750641566e-30
102,123,1.285762244223356e-30
102,124,2.069949464225685e-30
102,125,1.8234589579092464e-30
102,126,7.171224966837118e-31
102,127,1.8183715226066946e-30
102,128,6.2017261200304985e-31
102,129,1.499665615776625e-30
102,130,7.680085224448268e-31
102,131,4.502889622741515e-31
102,132,1.7012139250531492e-30
102,133,1.4332263331243251e-30
102,134,1.0886319014223919e-30
102,135,2.1234750496699635e-30
102,136,1.8263537525725174e-30
102,137,1.192088165110953e-30
102,138,8.54820778407919e-31
102,139,8.313121236522546e-31
102,140,2.0620616209410856e-30
102,141,9.19384128831321e-31
102,142,7.3539984621286435e-31
102,143,8.480539250454601e-31
102,144,1.0579781877082922e-30
102,145,7.957067202197338e-31
102,146,8.891987679156541e-32
102,147,1.076064525576835e-30
102,148,1.57009245868377e-16
102,149,1.7953179468746e-30
103,104,1.4387433722003876e-30
103,105,3.7684890589153777e-31
103,106,8.315234206665174e-31
103,107,1.296516028262515e-30
103,108,1.3459145029092973e-30
103,109,5.669301176151723e-31
103,110,1.0143641659915498e-30
103,111,1.5941348249937505e-30
103,112,4.664343233213948e-31
103,113,6.299460350219856e-32
103,114,1.4794924104312039e-30
103,115,3.0395445335119582e-30
103,116,1.0550759019856068e-30
103,117,1.7620573191409105e-31
103,118,1.0073385524762358e-30
103,119,1.0309008120904193e-30
103,120,3.6084568903165753e-31
103,121,4.008649749485523e-31
103,122,1.1266842002104391e-30
103,123,1.2733499529275405e-30
103,124,1.7856313161763077e-30
103,125,9.380792768850576e-31
103,126,5.5949233250996745e-31
103,127,2.0927434623657784e-30
103,128,4.525037645862859e-31
103,129,1.3177695190138502e-30
103,130,7.354420065819117e-31
103,131,4.481890540861524e-31
103,132,1.0898712551097624e-30
103,133,1.2568922215519633e-30
103,134,8.544957794282294e-31
103,135,1.4035414991627046e-30
103,136,1.9096374271284217e-30
103,137,9.84367416011346e-31
103,138,6.311203700681678e-31
103,139,6.9478080840409935e-31
103,140,1.5174615573612131e-30
103,141,8.074022078494641e-31
103,142,5.176811157008513e-31
103,143,8.542616824149541e-31
103,144,8.780127958180299e-31
103,145,7.658902950513332e-31
103,146,6.299805565009324e-32
103,147,7.042495843708316e-31
103,148,3.0688430113079294e-16
103,149,1.2261555306660914e-30
104,105,5.663025779986669e-31
104,106,9.143128409546274e-31
104,107,1.4817422638912115e-16
104,108,3.752845832705711e-30
104,109,1.3054518974315538e-30
104,110,2.6696760147413234e-30
104,111,3.719582024601712e-30
104,112,1.3668773028952258e-30
104,113,7.135222011349443e-32
104,114,3.890742242426687e-30
104,115,4.3712127385183145e-16
104,116,1.2872419107802e-30
104,117,2.3421789026689314e-31
104,118,2.5704602168493072e-30
104,119,2.08230557503042e-30
104,120,8.167118583686942e-31
104,121,8.875059052467865e-31
104,122,1.1997657460221218e-30
104,123,2.3505394782908757e-30
104,124,3.913564358896587e-30
104,125,2.7667836065294893e-30
104,126,5.791955980947408e-31
104,127,4.2223078941643445e-30
104,128,4.908429235951256e-31
104,129,1.9424141578810912e-30
104,130,9.967593172285385e-31
104,131,1.0671912544505583e-30
104,132,3.1901977535968455e-30
104,133,3.321003738061801e-30
104,134,2.3124420493648934e-30
104,135,3.873218173105867e-30
104,136,4.528902614139043e-30
104,137,1.2159743942520542e-30
104,138,1.7095634151356002e-30
104,139,1.7981327766330137e-30
104,140,4.232341942601311e-30
104,141,1.2173476970192989e-30
104,142,8.123616324371098e-31
104,143,2.057933395154769e-30
104,144,9.980317870558722e-31
104,145,1.877906146870459e-30
104,146,7.135613026456694e-32
104,147,1.583237076417119e-30
104,148,2.78940082729687e-16
104,149,3.327830324631672e-30
105,106,6.962724046871358e-31
105,107,1.0729511576322973e-30
105,108,8.042427073827182e-31
105,109,5.5982517952587115e-31
105,110,3.8809488496705213e-31
105,111,1.1740051272303914e-30
105,112,3.9052150519816714e-31
105,113,5.850035498679224e-32
105,114,6.163064237373956e-31
105,115,1.241267076623641e-16
105,116,9.634581683710645e-31
105,117,1.5080568066663573e-31
105,118,4.25942084799997e-31
105,119,7.4864489572161775e-31
105,120,2.28459641060344e-31
105,121,3.2664307398559593e-31
105,122,9.797110940661709e-31
105,123,1.0541852779488567e-30
105,124,1.355455842783769e-30
105,125,8.912098300689924e-31
105,126,5.049836087871262e-31
105,127,1.2146754205392254e-30
105,128,4.181274121924181e-31
105,129,1.0938864406443968e-30
105,130,6.178416774698508e-31
105,131,2.8853607072692457e-31
105,132,8.513567122206752e-31
105,133,5.394851549185369e-31
105,134,5.4610905574903255e-31
105,135,9.111349974073393e-31
105,136,9.322902424623826e-31
105,137,8.29767377321099e-31
105,138,2.9476647511787354e-31
105,139,3.5888371054039244e-31
105,140,6.245492470269535e-31
105,141,4.8904626602023055e-31
105,142,4.896956434615205e-31
105,143,4.390386847150463e-31
105,144,7.892675662417724e-31
105,145,3.2209987784052485e-31
105,146,5.850356084675608e-32
105,147,4.917907126324717e-31
105,148,1.2490009027033014e-16
105,149,6.337603151725888e-31
106,107,2.2804801371247648e-30
106,108,1.2478109305554656e-30
106,109,1.119240633637673e-30
106,110,5.818745591683796e-31
106,111,2.434257756426455e-30
106,112,6.907974005111577e-31
106,113,1.189562890336123e-31
106,114,1.249686055710855e-30
106,115,1.1123893155135922e-16
106,116,1.8624832428020532e-30
106,117,3.1636657964903374e-31
106,118,8.450686491595959e-31
106,119,1.5736143275403567e-30
106,120,4.43144572007589e-31
106,121,6.053423870200879e-31
106,122,1.999792004346827e-30
106,123,2.1143771778293084e-30
106,124,2.9700324449735987e-30
106,125,1.4763334522426652e-30
106,126,1.044486778877757e-30
106,127,2.631124721227069e-30
106,128,8.55184085776781e-31
106,129,2.311260753760712e-30
106,130,1.264040263117431e-30
106,131,6.1523646120903755e-31
106,132,1.4082200148221668e-30
106,133,1.2005132255055448e-30
106,134,1.0268477005021916e-30
106,135,1.493262976410102e-30
106,136,1.936780258463426e-30
106,137,1.7701772577217644e-30
106,138,4.368335333533586e-31
106,139,8.742603702532058e-31
106,140,1.2771376050070898e-30
106,141,1.0683569615555249e-30
106,142,9.912069861453795e-31
106,143,1.1718553691641914e-30
106,144,1.603723213324037e-30
106,145,6.2694488009182235e-31
106,146,1.1896280792062668e-31
106,147,1.062253067584213e-30
106,148,1.8160823301169658e-16
106,149,1.1221110738041562e-30
107,108,9.903493632255993e-16
107,109,3.630341492295851e-16
107,110,9.994257662905904e-31
107,111,2.5133742693021546e-16
107,112,1.9453668910313305e-16
107,113,1.9055544693698244e-31
107,114,8.171417649560187e-16
107,115,6.607078090936436e-16
107,116,6.402234300728249e-16
107,117,4.578173498876731e-31
107,118,1.1123893155135932e-16
107,119,2.1172560163048957e-30
107,120,9.104488922176573e-31
107,121,1.1836824393261042e-30
107,122,3.161158461775431e-30
107,123,2.8611141020171695e-30
107,124,1.249309259923825e-15
107,125,4.841339424497385e-16
107,126,1.595515549662722e-30
107,127,3.1111107057384218e-30
107,128,1.3471941099517322e-30
107,129,5.923718729542735e-16
107,130,2.992586547019257e-16
107,131,8.396548215323011e-31
107,132,1.0476889740138999e-15
107,133,1.3597399555105158e-16
107,134,1.683124488407303e-30
107,135,1.2404522276444918e-15
107,136,7.014120075203442e-16
107,137,5.342948306008559e-16
107,138,1.0609419052201066e-30
107,139,3.5115191112877747e-16
107,140,4.461039660953082e-16
107,141,2.025194168060432e-30
107,142,1.5661084823804217e-30
107,143,1.6425147493284074e-30
107,144,2.372574491070974e-30
107,145,8.23905809781525e-31
107,146,1.9056588950743122e-31
107,147,2.558937633260447e-16
107,148,1.20094085252519e-15
107,149,2.477759616420091e-30
108,109,1.708430648445774e-30
108,110,2.5002079270132202e-30
108,111,3.391699015424035e-30
108,112,1.6174835998400693e-30
108,113,1.2368675033884176e-31
108,114,4.155190964752984e-30
108,115,6.556795801577502e-16
108,116,1.8890413084980758e-30
108,117,2.7735004188753467e-31
108,118,2.3260369046951563e-30
108,119,1.8398700833217154e-30
108,120,8.890718553194153e-31
108,121,1.1112472134969121e-30
108,122,1.6917514843725992e-30
108,123,2.2358028536913398e-30
108,124,4.187908198704099e-30
108,125,3.7375128340402956e-30
108,126,9.833843652188534e-31
108,127,3.657642048732322e-30
108,128,8.550915114676533e-31
108,129,2.002089946142918e-30
108,130,1.200366101492948e-30
108,131,9.686196264752011e-31
108,132,3.725630475121931e-30
108,133,3.1592458552415156e-30
108,134,2.2024755812657146e-30
108,135,4.025015747905147e-30
108,136,4.030545368079891e-30
108,137,1.5689119225290002e-30
108,138,1.690340464007026e-30
108,139,1.8281148383037377e-30
108,140,3.970499477705996e-30
108,141,1.4314703958630371e-30
108,142,1.0929577104339092e-30
108,143,1.89319063445474e-30
108,144,1.452367959587512e-30
108,145,1.6862581152374583e-30
108,146,1.2369352845841144e-31
108,147,1.837420247065486e-30
108,148,9.730546279163248e-16
108,149,3.340178443130247e-30
109,110,8.093112957513863e-31
109,111,1.79391563122679e-30
109,112,7.413841672582363e-31
109,113,9.560004671293325e-32
109,114,1.3268215947427687e-30
109,115,4.566972547817184e-16
109,116,1.4334959393873424e-30
109,117,2.366959471206063e-31
109,118,8.50685411382795e-31
109,119,1.1523073542700952e-30
109,120,4.2481830078324104e-31
109,121,6.049648773111179e-31
109,122,1.4998731333845876e-30
109,123,1.636492336269873e-30
109,124,2.3075501461425556e-30
109,125,1.8797203338407534e-30
109,126,8.071652327875404e-31
109,127,2.000727215938911e-30
109,128,6.778111176999345e-31
109,129,1.7590740451463205e-30
109,130,9.571613932455874e-31
109,131,4.4849220742847985e-31
109,132,1.6049826060862768e-30
109,133,1.1204330531039487e-30
109,134,9.83667039982962e-31
109,135,1.6251071529675296e-30
109,136,1.6299088357691597e-30
109,137,1.3507273106546787e-30
109,138,6.623263900484715e-31
109,139,7.8101616025055975e-31
109,140,1.6128211000974654e-30
109,141,7.670967193437108e-31
109,142,7.959900210248702e-31
109,143,8.418027771231598e-31
109,144,1.217443482825805e-30
109,145,6.795184871951286e-31
109,146,9.560528566169465e-32
109,147,9.847371067056773e-31
109,148,2.937374022976107e-16
109,149,1.3210721796917432e-30
110,111,2.6411357997178454e-30
110,112,8.448085011015646e-31
110,113,2.3035786317690817e-32
110,114,2.7160094792833508e-30
110,115,5.449872019559016e-30
110,116,9.47246768811653e-31
110,117,1.7428110549060427e-31
110,118,1.8758792796756728e-30
110,119,1.5024097771515216e-30
110,120,5.128396587255675e-31
110,121,4.646159066619791e-31
110,122,8.166319399980425e-31
110,123,1.784507751376144e-30
110,124,2.6078488099524612e-30
110,125,1.4038605442662965e-30
110,126,3.426667977358898e-31
110,127,2.9387274086754262e-30
110,128,1.7937232366485482e-31
110,129,1.2543917802516522e-30
110,130,7.556973933865537e-31
110,131,7.453388267383619e-31
110,132,1.923832508597899e-30
110,133,2.1531656167371097e-30
110,134,1.6563516631515728e-30
110,135,2.5153852740702603e-30
110,136,3.0084414613175637e-30
110,137,8.425216888819936e-31
110,138,1.2192109285095558e-30
110,139,1.3357957653081029e-30
110,140,2.732127491243546e-30
110,141,1.0803790826262448e-30
110,142,5.622752259050263e-31
110,143,1.3920018917900363e-30
110,144,7.669995865062529e-31
110,145,1.3028205728348594e-30
110,146,2.303704869473295e-32
110,147,1.09571775661907e-30
110,148,6.401858262767182e-16
110,149,2.2093557951281073e-30
111,112,1.2330135707529444e-30
111,113,1.8875985977717766e-31
111,114,3.975989081135079e-30
111,115,2.544077105623266e-16
111,116,3.184511118392839e-30
111,117,5.4085477204399815e-31
111,118,2.7538942368569384e-30
111,119,3.080661060292502e-30
111,120,8.192731093043192e-31
111,121,1.0645544294935148e-30
111,122,3.1606581373139696e-30
111,123,4.0312301950363576e-30
111,124,5.2321854070613295e-30
111,125,2.9896518794171854e-30
111,126,1.6945026757302044e-30
111,127,5.9880747192767144e-30
111,128,1.3648377069045846e-30
111,129,3.816588903052187e-30
111,130,2.2869598999497184e-30
111,131,1.2956033580305467e-30
111,132,2.8820104966973996e-30
111,133,3.387973130553274e-30
111,134,2.3132931384445888e-30
111,135,3.455435145129589e-30
111,136,5.273313045819479e-30
111,137,2.8386594076853248e-30
111,138,1.5429320915785465e-30
111,139,1.928630819439206e-30
111,140,3.909691641325004e-30
111,141,1.5014276854353113e-30
111,142,1.598890077358731e-30
111,143,2.3712918676969184e-30
111,144,2.706309474679981e-30
111,145,2.0992399817917238e-30
111,146,1.8877020394820666e-31
111,147,1.6504869744373175e-30
111,148,2.603703785810358e-16
111,149,2.9547111118340022e-30
112,113,6.373797313499483e-32
112,114,1.3293383040416202e-30
112,115,1.7109685898544849e-16
112,116,9.76537481729217e-31
112,117,1.4903609201916122e-31
112,118,8.38513608290075e-31
112,119,7.511004862225632e-31
112,120,3.464151001604492e-31
112,121,4.80911606607749e-31
112,122,9.105441876869454e-31
112,123,1.0994707562774517e-30
112,124,1.59595972830989e-30
112,125,1.7003717847870244e-30
112,126,5.222892047664672e-31
112,127,1.4981261488718461e-30
112,128,4.462979829612352e-31
112,129,1.0791282900726582e-30
112,130,6.174713552064714e-31
112,131,3.501620646269438e-31
112,132,1.476301861214859e-30
112,133,1.1365098599031296e-30
112,134,8.585492360372349e-31
112,135,1.5585302547922527e-30
112,136,1.526415408168348e-30
112,137,8.52081611298542e-31
112,138,6.425206015809086e-31
112,139,7.302613806838002e-31
112,140,1.5363957526097597e-30
112,141,7.02125898490711e-31
112,142,5.40039663951113e-31
112,143,7.458384304877522e-31
112,144,7.732719930333402e-31
112,145,6.0445105609519865e-31
112,146,6.374146602006017e-32
112,147,7.196261021229888e-31
112,148,4.492632392838106e-16
112,149,1.2321286328639403e-30
113,114,8.204430343420485e-32
113,115,1.9302029545982251e-31
113,116,1.493694275937478e-31
113,117,2.48041009062477e-32
113,118,4.159918615131066e-32
113,119,1.1591574399287234e-31
113,120,4.017676976840614e-32
113,121,5.656205258996578e-32
113,122,1.6055746439219388e-31
113,123,1.6434471763821692e-31
113,124,2.3211251055171e-31
113,125,1.4994953796430987e-31
113,126,8.489122001934579e-32
113,127,1.5969295486105623e-31
113,128,7.102813568222109e-32
113,129,1.8043278579558716e-31
113,130,9.695378421615699e-32
113,131,4.573650220566589e-32
113,132,1.288057489096774e-31
113,133,7.863330330567032e-32
113,134,8.96042781013468e-32
113,135,1.3981214929670277e-31
113,136,1.0893529287018186e-31
113,137,1.39996284225239e-31
113,138,4.648701451973125e-32
113,139,6.549520787240803e-32
113,140,1.142177044105433e-31
113,141,8.322147814832198e-32
113,142,8.23709982984163e-32
113,143,7.441230271874312e-32
113,144,1.2833463291472483e-31
113,145,3.018823145685817e-32
113,146,9.983442338563311e-33
113,147,9.14309575213091e-32
113,148,3.698315453351471e-31
113,149,1.0697442519066e-31
114,115,4.509880698970261e-16
114,116,1.724796801616266e-30
114,117,3.0832844456675735e-31
114,118,2.688206410794862e-30
114,119,2.3720339695659057e-30
114,120,7.247915577474299e-31
114,121,7.6934693150309325e-31
114,122,1.645069763319635e-30
114,123,2.7738117232621153e-30
114,124,4.266588599651041e-30
114,125,2.445650170887358e-30
114,126,7.79094632185938e-31
114,127,4.896571227069211e-30
114,128,5.984692054313897e-31
114,129,2.3660734972925814e-30
114,130,1.3419176740123185e-30
114,131,1.1414237217978357e-30
114,132,3.1497280791060374e-30
114,133,3.352238487444178e-30
114,134,2.2973137770012986e-30
114,135,3.623851230401268e-30
114,136,4.900249491603984e-30
114,137,1.5835315231656926e-30
114,138,1.6685484463156142e-30
114,139,1.9217244257753833e-30
114,140,4.0832151500906326e-30
114,141,1.1146176703352685e-30
114,142,8.6665062105049e-31
114,143,2.231047438419536e-30
114,144,1.401800615393168e-30
114,145,1.9925527468893607e-30
114,146,8.204879951884743e-32
114,147,1.4257127854313438e-30
114,148,2.6900277292462886e-16
114,149,3.1582570533312645e-30
115,116,3.3479713673109053e-16
115,117,4.167813781675953e-31
115,118,2.6184557666721183e-16
115,119,4.460365043975678e-16
115,120,2.2258604587745783e-16
115,121,2.3293982783888532e-30
115,122,4.443059973708344e-16
115,123,4.2698154102138185e-30
115,124,5.627079465885283e-16
115,125,2.824564531856935e-16
115,126,1.331369282122136e-30
115,127,7.369595593244051e-30
115,128,1.2755730019729024e-30
115,129,6.33266738957632e-16
115,130,1.6883057536160656e-16
115,131,2.160442171156363e-30
115,132,8.075736340568482e-16
115,133,2.950458159105166e-16
115,134,4.191000011072744e-16
115,135,5.421066373294566e-16
115,136,5.424333574309017e-16
115,137,5.827431659351129e-16
115,138,3.790716366053638e-30
115,139,4.385249194140112e-16
115,140,4.349801820628754e-16
115,141,3.3365479411498507e-16
115,142,1.5823112613210462e-16
115,143,4.1151057047536094e-30
115,144,2.0409170286888493e-30
115,145,4.718455826724964e-16
115,146,1.9303087310567719e-31
115,147,4.0412728104402755e-16
115,148,1.0720995570354965e-15
115,149,7.601647974613949e-30
116,117,4.056770340237914e-31
116,118,1.1161406860207979e-30
116,119,2.087507601713486e-30
116,120,4.976996655882012e-31
116,121,7.361000027738731e-31
116,122,2.6071402407915686e-30
116,123,2.886730270910985e-30
116,124,3.6757516775024274e-30
116,125,2.231482504795255e-30
116,126,1.32287255083993e-30
116,127,3.533115358206726e-30
116,128,1.07717660474302e-30
116,129,2.9249966177224165e-30
116,130,1.6818255157146267e-30
116,131,8.080303308010872e-31
116,132,2.3840469897451546e-16
116,133,1.627835632895972e-30
116,134,1.5868824784624915e-30
116,135,1.928905477136714e-30
116,136,2.835594920533902e-30
116,137,2.2743539583101353e-30
116,138,8.200735104830219e-31
116,139,1.057495866067594e-30
116,140,1.6571463328450502e-30
116,141,1.5702448469472506e-30
116,142,1.2690532495369947e-30
116,143,1.3143190477568835e-30
116,144,2.092576801592047e-30
116,145,9.262347526870451e-31
116,146,1.4937761314181593e-31
116,147,1.144261029966208e-30
116,148,9.266526218496111e-16
116,149,1.3550934282127223e-30
117,118,2.139597250740599e-31
117,119,3.5075273783169512e-31
117,120,8.380226965419322e-32
117,121,1.21392001142404e-31
117,122,4.181117444861219e-31
117,123,4.762114433816984e-31
117,124,6.340871413619776e-31
117,125,3.1683081074976164e-31
117,126,2.2065609825729825e-31
117,127,6.096493823045815e-31
117,128,1.7912713367425561e-31
117,129,4.908177601618966e-31
117,130,2.7933188852070514e-31
117,131,1.3804894128684851e-31
117,132,2.987742710977466e-31
117,133,2.7642632379403594e-31
117,134,2.38552522815756e-31
117,135,3.002949999910507e-31
117,136,4.696629927466874e-31
117,137,3.7064090391296483e-31
117,138,1.0173219180858296e-31
117,139,1.8717681083974679e-31
117,140,2.789433705732422e-31
117,141,2.0224844269663712e-31
117,142,2.092518706993014e-31
117,143,2.3991538854722596e-31
117,144,3.4484825758633283e-31
117,145,1.65478191721378e-31
117,146,2.4805460188153804e-32
117,147,2.0724324603791093e-31
117,148,1.1678771143148567e-30
117,149,2.2371273543627364e-31
118,119,1.648947630474549e-30
118,120,4.381709581568606e-31
118,121,3.96991253988882e-31
118,122,9.774797173787082e-31
118,123,1.9639446074918725e-30
118,124,2.90514662279878e-30
118,125,1.3008040986318685e-30
118,126,4.75172102249271e-31
118,127,3.359543728388354e-30
118,128,3.2526127858106616e-31
118,129,1.5404783689720005e-30
118,130,9.249985768302426e-31
118,131,7.814357439120507e-31
118,132,1.8938500343296704e-30
118,133,2.2306956257780394e-30
118,134,1.548710976336087e-30
118,135,2.334331779432649e-30
118,136,3.2584537898543e-30
118,137,1.0868408344107595e-30
118,138,1.117799325660291e-30
118,139,1.3194329603849091e-30
118,140,2.6805769641540735e-30
118,141,7.653030716571822e-31
118,142,6.388439852949533e-31
118,143,1.5339263856983738e-30
118,144,9.439627004681033e-31
118,145,1.3837190853422351e-30
118,146,4.1601465815518526e-32
118,147,9.105631195126406e-31
118,148,3.4057618848982943e-16
118,149,2.0460332432406394e-30
119,120,3.8973644870474632e-31
119,121,5.428307070660294e-31
119,122,2.0748856126274752e-30
119,123,2.609525347109381e-30
119,124,3.440637760473827e-30
119,125,1.435654330062822e-30
119,126,1.0714715530286801e-30
119,127,3.882460816949355e-30
119,128,8.474487197239396e-31
119,129,2.5405574974025502e-30
119,130,1.4872706126502553e-30
119,131,8.333385014743513e-31
119,132,1.661113132118692e-30
119,133,2.05842841815372e-30
119,134,1.4367758567731029e-30
119,135,1.738216152683818e-30
119,136,3.3190782541224904e-30
119,137,1.8598190131847215e-30
119,138,8.179876954933724e-31
119,139,1.1909048136208343e-30
119,140,2.180560339538098e-30
119,141,9.691159002155532e-31
119,142,1.0149179417079584e-30
119,143,1.5501227992419313e-30
119,144,1.7411276509541987e-30
119,145,1.2752240795569058e-30
119,146,1.1592209625591296e-31
119,147,9.164608556911491e-31
119,148,1.3597399555105177e-16
119,149,1.4995569590602168e-30
120,121,3.2790139789419267e-31
120,122,6.533720100745007e-31
120,123,4.766223997702626e-31
120,124,9.763711341628716e-31
120,125,8.204737474325833e-31
120,126,3.1343375072630966e-31
120,127,4.493778923339491e-31
120,128,2.7627738539488443e-31
120,129,6.619802936140939e-31
120,130,2.6031911135313976e-31
120,131,2.073495138928199e-31
120,132,7.889116589764797e-31
120,133,6.04009556674284e-31
120,134,5.0741833881388675e-31
120,135,1.0292366782929476e-30
120,136,6.039284842185286e-31
120,137,5.360649510711405e-31
120,138,3.9853406386137105e-31
120,139,3.997289867305205e-31
120,140,9.375687381125128e-31
120,141,5.598245692478563e-31
120,142,3.3564849539557856e-31
120,143,4.02832003530397e-31
120,144,4.5002577070637215e-31
120,145,2.8637327489101574e-31
120,146,4.0178971483211226e-32
120,147,5.615208212386403e-31
120,148,2.3055512673780973e-16
120,149,8.671463808964823e-31
121,122,8.594526699044369e-31
121,123,7.771863549404645e-31
121,124,1.3470363111937456e-30
121,125,1.2031465981626722e-30
121,126,4.4322173567909874e-31
121,127,4.156940580370636e-31
121,128,3.9176646408082077e-31
121,129,9.194789370948547e-31
121,130,4.17783154310587e-31
121,131,2.6156425648664602e-31
121,132,1.0385760022308302e-30
121,133,6.845770811596963e-31
121,134,6.414815008075118e-31
121,135,1.2256133482953274e-30
121,136,6.250511034458556e-31
121,137,7.403053828030699e-31
121,138,4.646369605402334e-31
121,139,4.659746410014995e-31
121,140,1.117552082476483e-30
121,141,5.394986671477391e-31
121,142,4.744676335293807e-31
121,143,4.338019183399731e-31
121,144,6.455502279478333e-31
121,145,2.9003032558361043e-31
121,146,5.656515222961604e-32
121,147,6.594087089326797e-31
121,148,1.5280206921257218e-30
121,149,1.005526355991637e-30
122,123,2.7667229219702036e-30
122,124,3.856309161252777e-30
122,125,1.9913652532068106e-30
122,126,1.397121018918902e-30
122,127,3.408414196194096e-30
122,128,1.1501166631377956e-30
122,129,3.1337438810232464e-30
122,130,1.67574201833458e-30
122,131,8.004237125097262e-31
122,132,1.997876279585842e-30
122,133,1.5539201188511994e-30
122,134,1.3431611899770417e-30
122,135,2.189469138384227e-30
122,136,2.5791595797456646e-30
122,137,2.3852800473884378e-30
122,138,6.175405221424586e-31
122,139,9.42267843309026e-31
122,140,1.697161814131573e-30
122,141,1.6034132970283276e-30
122,142,1.33281657085245e-30
122,143,1.3545539986940205e-30
122,144,2.1566468583007835e-30
122,145,8.041694714337502e-31
122,146,1.6056626305242606e-31
122,147,1.3983019263424783e-30
122,148,4.286978714003014e-16
122,149,1.6442786759007474e-30
123,124,4.454644251543366e-30
123,125,2.4422763654075843e-30
123,126,1.497430157416559e-30
123,127,4.761395546062913e-30
123,128,1.1950965946270623e-30
123,129,3.356151482939825e-30
123,130,2.023618396721861e-30
123,131,1.0532721434345993e-30
123,132,2.079005678942432e-30
123,133,2.360973364828117e-30
123,134,1.9705084557130516e-30
123,135,1.9922435162787326e-30
123,136,3.911264461226095e-30
123,137,2.4858939619161893e-30
123,138,9.84974330978977e-31
123,139,1.5101674875328704e-30
123,140,2.4769607233856967e-30
123,141,1.2185308153336449e-30
123,142,1.4262303391067607e-30
123,143,1.8081956770425314e-30
123,144,2.3981299472339718e-30
123,145,1.490173853962364e-30
123,146,1.6435372384254959e-31
123,147,1.3337742044475115e-30
123,148,4.579669976578797e-16
123,149,1.6673544618401587e-30
124,125,4.023805605362231e-30
124,126,2.043696726121079e-30
124,127,6.710434427564568e-30
124,128,1.6679330717674695e-30
124,129,4.6680521530867296e-30
124,130,2.6112740343129893e-30
124,131,1.4144387890329354e-30
124,132,3.573252876658671e-30
124,133,3.797276354480159e-30
124,134,2.2534114057122907e-30
124,135,3.7950674196642846e-30
124,136,5.949208197005448e-30
124,137,3.530980861140199e-30
124,138,1.648013982250664e-30
124,139,2.1392974757760213e-30
124,140,4.281244431916552e-30
124,141,1.9702574080318855e-30
124,142,1.9458145132158206e-30
124,143,2.832544100232908e-30
124,144,3.168935511654939e-30
124,145,2.311113177078823e-30
124,146,2.3212523047802244e-31
124,147,2.2065556785785807e-30
124,148,7.458019877964812e-16
124,149,3.242375716284192e-30
125,126,1.169511815934828e-30
125,127,1.994326411165175e-30
125,128,1.0340697257265285e-30
125,129,2.4065739299890943e-30
125,130,1.2230535376481958e-30
125,131,7.5892603054483836e-31
125,132,3.6247696640929156e-30
125,133,2.412841487445519e-30
125,134,2.218717766156194e-30
125,135,3.5282208684513946e-30
125,136,2.921151269205406e-30
125,137,1.9314016693084524e-30
125,138,1.589057257266011e-30
125,139,1.92294231315279e-30
125,140,3.616716108224745e-30
125,141,1.9536626009968248e-30
125,142,1.3075697420047022e-30
125,143,1.253213565919858e-30
125,144,1.6671954198249132e-30
125,145,1.3006040069814769e-30
125,146,1.49957755302828e-31
125,147,1.8482518973635354e-30
125,148,1.1581978429127996e-15
125,149,2.8233686157573576e-30
126,127,1.6524596270774714e-30
126,128,6.083403763200075e-31
126,129,1.5974723502934003e-30
126,130,8.829910905563447e-31
126,131,4.1827227121931015e-31
126,132,1.0409704799900838e-30
126,133,7.365386065550238e-31
126,134,7.822945471354865e-31
126,135,1.0888315226653384e-30
126,136,1.1672189239892029e-30
126,137,1.2249876602558304e-30
126,138,3.7261457173212773e-31
126,139,5.809141013882707e-31
126,140,9.120052660151801e-31
126,141,7.235037749316615e-31
126,142,7.059016773033005e-31
126,143,7.021562423442139e-31
126,144,1.1310085841029442e-30
126,145,3.594887899679793e-31
126,146,8.489587211698867e-32
126,147,7.392270370929329e-31
126,148,2.486410087150352e-16
126,149,8.177929802717686e-31
127,128,1.218860854054013e-30
127,129,4.525990205273523e-30
127,130,2.630334860428326e-30
127,131,1.6686027898779575e-30
127,132,3.612288418292845e-30
127,133,4.412333445479856e-30
127,134,2.7387231094599373e-30
127,135,3.449972324411363e-30
127,136,7.029942033747076e-30
127,137,3.209900103080838e-30
127,138,1.5259801446022161e-30
127,139,2.4379505692915955e-30
127,140,4.5118663851656755e-30
127,141,1.9697147788372744e-30
127,142,1.6444496981032914e-30
127,143,3.208153456566764e-30
127,144,2.906307228027248e-30
127,145,2.6887841499004037e-30
127,146,1.5970170614556746e-31
127,147,1.435537634639877e-30
127,148,4.718447854656859e-16
127,149,2.898583726595023e-30
128,129,1.3004053868245863e-30
128,130,7.059455249318332e-31
128,131,3.3258336877046093e-31
128,132,8.985410865668841e-31
128,133,5.712949747374175e-31
128,134,6.3728065178964425e-31
128,135,9.633591782152092e-31
128,136,8.387270810309118e-31
128,137,1.0049988062439795e-30
128,138,3.1838209141032934e-31
128,139,4.694514123047793e-31
128,140,7.901996472424166e-31
128,141,5.8838160352619e-31
128,142,5.872883423353559e-31
128,143,5.452623447644384e-31
128,144,9.239310756667221e-31
128,145,2.407008861350051e-31
128,146,7.103202807324233e-32
128,147,6.389844481713911e-31
128,148,2.7248657932728873e-30
128,149,7.322395032957453e-31
129,130,2.0108574533075845e-30
129,131,9.945881410323398e-31
129,132,2.2777755207425926e-30
129,133,2.1692137365098154e-30
129,134,1.6681852171299536e-30
129,135,2.2515031091383426e-30
129,136,3.56097397491806e-30
129,137,2.7937357701336182e-30
129,138,7.64114289833682e-31
129,139,1.2539145905258846e-30
129,140,2.1227570553868982e-30
129,141,1.6901187533385407e-30
129,142,1.515179442559024e-30
129,143,1.8180391303002933e-30
129,144,2.489903020951669e-30
129,145,1.2186844545604213e-30
129,146,1.804426736371956e-31
129,147,1.562475178857167e-30
129,148,5.851709817628996e-16
129,149,1.717609030725504e-30
130,131,5.889554353292213e-31
130,132,1.2246968875206178e-30
130,133,1.198810641093919e-30
130,134,1.0621243446212725e-30
130,135,1.1633341917780095e-30
130,136,2.0631665100193945e-30
130,137,1.4945501956451552e-30
130,138,4.998213400978489e-31
130,139,8.005963443219853e-31
130,140,1.2139077034468027e-30
130,141,7.764017270701254e-31
130,142,8.369587404372226e-31
130,143,9.788814091833231e-31
130,144,1.4102283237536182e-30
130,145,7.363132211110169e-31
130,146,9.6959097350671e-32
130,147,7.714101514429169e-31
130,148,3.297252573896325e-16
130,149,8.77089892249389e-31
131,132,8.356284720071802e-31
131,133,9.86016860826946e-31
131,134,6.46654120771018e-31
131,135,9.523309734089726e-31
131,136,1.513975788554766e-30
131,137,7.258360639689032e-31
131,138,4.353015449263857e-31
131,139,5.431949451196012e-31
131,140,1.1309084544680826e-30
131,141,3.754206578388735e-31
131,142,3.959573939459256e-31
131,143,6.77354225873658e-31
131,144,6.794476662000861e-31
131,145,6.029576773625516e-31
131,146,4.5739008597658555e-32
131,147,4.040842299769417e-31
131,148,2.83628690031021e-30
131,149,8.314097462230945e-31
132,133,2.8837100621940833e-30
132,134,1.944430622117014e-30
132,135,3.662752166153613e-30
132,136,3.8027867049038116e-30
132,137,1.713910089033691e-30
132,138,1.4608414047331212e-30
132,139,1.6194333228416785e-30
132,140,3.64035825774675e-30
132,141,1.8008719790974692e-30
132,142,1.094276398796811e-30
132,143,1.6887552209240192e-30
132,144,1.5799443361059225e-30
132,145,1.613257499169053e-30
132,146,1.2881280755391358e-31
132,147,1.5886734841090615e-30
132,148,1.045481367917127e-15
132,149,2.8408074333601675e-30
133,134,1.8695140916736193e-30
133,135,2.9700976613658603e-30
133,136,4.4257795425851214e-30
133,137,1.486709769353125e-30
133,138,1.346964070683853e-30
133,139,1.6355845758372755e-30
133,140,3.510472474380385e-30
133,141,1.2343593418191703e-30
133,142,7.403191908185231e-31
133,143,1.9352945756805327e-30
133,144,1.262754663799842e-30
133,145,1.8306049330379543e-30
133,146,7.863761246514379e-32
133,147,1.3663199766934434e-30
133,148,5.268078444615245e-16
133,149,2.630493217622094e-30
134,135,2.2757752514889686e-30
134,136,2.644456664301439e-30
134,137,1.2625878821797812e-30
134,138,1.0043660405984362e-30
134,139,1.0978514535577194e-30
134,140,2.430240878813282e-30
134,141,1.0942972689568816e-30
134,142,7.6763597857303965e-31
134,143,1.1875721696025533e-30
134,144,1.2042581174731769e-30
134,145,1.0826239817072296e-30
134,146,8.960918847783631e-32
134,147,9.783938647799265e-31
134,148,7.656716496459015e-16
134,149,1.9343254247282173e-30
135,136,3.9110311337943295e-30
135,137,1.8562968905847972e-30
135,138,1.7728919000824437e-30
135,139,1.650326478042603e-30
135,140,4.201396817673564e-30
135,141,1.6560403796606093e-30
135,142,1.2235495007069797e-30
135,143,1.8390791102430684e-30
135,144,1.602500085161918e-30
135,145,1.597223197543663e-30
135,146,1.3981981109930193e-31
135,147,1.9357522334920122e-30
135,148,7.12906046394545e-16
135,149,3.5763431203266246e-30
136,137,2.5977483871858942e-30
136,138,1.7238315571411347e-30
136,139,2.288275118611602e-30
136,140,4.899802324550009e-30
136,141,1.9820954631427305e-30
136,142,1.2306622953687194e-30
136,143,2.914255025020927e-30
136,144,2.19866064275397e-30
136,145,2.7164513895234635e-30
136,146,1.0894126259966711e-31
136,147,1.3116663918421881e-30
136,148,8.488616096419951e-16
136,149,3.311182241649169e-30
137,138,6.108433630045681e-31
137,139,9.910678140448894e-31
137,140,1.5729567852598902e-30
137,141,1.3410028854554722e-30
137,142,1.1688374032590993e-30
137,143,1.388340877119843e-30
137,144,1.8843992022524208e-30
137,145,9.429577024951661e-31
137,146,1.4000395611855974e-31
137,147,1.2785634834337658e-30
137,148,5.1976472844658795e-16
137,149,1.3980203659807095e-30
138,139,8.205779385746053e-31
138,140,1.8233359862048864e-30
138,141,9.299193611213837e-31
138,142,4.318376292201248e-31
138,143,8.288287235734042e-31
138,144,5.228737419807471e-31
138,145,7.615181482971265e-31
138,146,4.6489562040318446e-32
138,147,7.594230334596994e-31
138,148,6.335327934766283e-16
138,149,1.5149875806833792e-30
139,140,1.980012830043895e-30
139,141,1.6032581066053408e-30
139,142,5.9466804498199915e-31
139,143,1.2050871262063874e-30
139,144,8.814349905824236e-31
139,145,9.941599490575287e-31
139,146,6.549879705515384e-32
139,147,9.472863128737127e-31
139,148,1.075555621908316e-15
139,149,1.5105554447859256e-30
140,141,1.3912630394594808e-30
140,142,9.984735053889527e-31
140,143,2.151016879242426e-30
140,144,1.3699533203226579e-30
140,145,2.087669073149311e-30
140,146,1.142239636198389e-31
140,147,1.7850730721023783e-30
140,148,3.049957644196124e-16
140,149,3.651399771220379e-30
141,142,6.66823034313583e-31
141,143,1.0172526121856062e-30
141,144,1.0570913103230189e-30
141,145,8.687628892884509e-31
141,146,8.322603874295405e-32
141,147,1.3257913861628383e-30
141,148,1.5668999626985893e-15
141,149,1.3475976461879025e-30
142,143,7.209392594795168e-31
142,144,1.0751234436530623e-30
142,145,4.405406612488862e-31
142,146,8.237551228616368e-32
142,147,7.507391443315376e-31
142,148,1.243205043575182e-16
142,149,9.436116664097997e-31
143,144,1.0894485898645939e-30
143,145,1.123530933090103e-30
143,146,7.441638056446146e-32
143,147,1.0399119676073977e-30
143,148,4.0710970115765153e-16
143,149,1.5737543143585794e-30
144,145,7.628568788430245e-31
144,146,1.2834166574147825e-31
144,147,1.0689817602976993e-30
144,148,1.1188630228279549e-16
144,149,1.1890314094318572e-30
145,146,3.0189885792846875e-32
145,147,5.82593709289835e-31
145,148,4.759089844286806e-16
145,149,1.470962906701811e-30
146,147,9.143596800109576e-32
146,148,3.6985181235993397e-31
146,149,1.0698028746323856e-31
147,148,7.879846534485578e-16
147,149,1.6508949661805163e-30
148,149,3.8857805861880563e-16
