when	job_id	experiment	git_sha	command
2026-08-28T22:21:49Z	local	centroid_density_l14	fb70abc	python scripts/plots/centroid_pca_plots.py --partition train --property density_atomic --labels density_atomic_v1.parquet --dataset v1_all --layer 14 --width 1 --sample 5000 --max-per-bucket 5000 --layer 14 --sample 200 --min-count 5000
2026-08-28T22:25:30Z	409032	centroid_density_l14	fb70abc	python scripts/plots/centroid_pca_plots.py --partition train --property density_atomic --labels density_atomic_v1.parquet --dataset v1_all --layer 14 --width 1 --sample 5000 --max-per-bucket 5000 --layer 10 --width 3 --sample 500
2026-08-29T00:58:07Z	410496	steer_manifold_density	b80520a	python scripts/steering/steer_generate_cif.py --model CrystaLLM/crystallm_v1_large --pkl CrystaLLM/cifs_v1_test_sample1000.pkl.gz --method manifold --steering-property density_atomic --manifold steering_vectors/manifolds/density_atomic_layer14_k64_w1_max40.parquet --layer 14 --k 64 --delta 5 --n-samples 3 --temperature 1.0 --with-spacegroup --use-cache --results-dir steering_results/density_atomic --delta 2
2026-08-29T00:58:07Z	410497	steer_manifold_density	b80520a	python scripts/steering/steer_generate_cif.py --model CrystaLLM/crystallm_v1_large --pkl CrystaLLM/cifs_v1_test_sample1000.pkl.gz --method manifold --steering-property density_atomic --manifold steering_vectors/manifolds/density_atomic_layer14_k64_w1_max40.parquet --layer 14 --k 64 --delta 5 --n-samples 3 --temperature 1.0 --with-spacegroup --use-cache --results-dir steering_results/density_atomic --delta 5
2026-08-29T00:58:07Z	410498	steer_manifold_density	b80520a	python scripts/steering/steer_generate_cif.py --model CrystaLLM/crystallm_v1_large --pkl CrystaLLM/cifs_v1_test_sample1000.pkl.gz --method manifold --steering-property density_atomic --manifold steering_vectors/manifolds/density_atomic_layer14_k64_w1_max40.parquet --layer 14 --k 64 --delta 5 --n-samples 3 --temperature 1.0 --with-spacegroup --use-cache --results-dir steering_results/density_atomic --delta 10
2026-08-29T00:58:08Z	410499	steer_manifold_density	b80520a	python scripts/steering/steer_generate_cif.py --model CrystaLLM/crystallm_v1_large --pkl CrystaLLM/cifs_v1_test_sample1000.pkl.gz --method manifold --steering-property density_atomic --manifold steering_vectors/manifolds/density_atomic_layer14_k64_w1_max40.parquet --layer 14 --k 64 --delta 5 --n-samples 3 --temperature 1.0 --with-spacegroup --use-cache --results-dir steering_results/density_atomic --delta 15
2026-08-29T06:28:59Z	412882	steer_manifold_variants	635927a	python scripts/steering/steer_generate_cif.py --model CrystaLLM/crystallm_v1_large --pkl CrystaLLM/cifs_v1_test_sample1000.pkl.gz --method manifold --steering-property density_atomic --manifold steering_vectors/manifolds/density_atomic_layer14_k64_w1_max40.parquet --layer 14 --k 64 --delta 15 --n-samples 3 --temperature 1.0 --with-spacegroup --use-cache --results-dir steering_results/density_atomic --variant residual --scale 6
2026-08-29T06:28:59Z	412883	steer_manifold_variants	635927a	python scripts/steering/steer_generate_cif.py --model CrystaLLM/crystallm_v1_large --pkl CrystaLLM/cifs_v1_test_sample1000.pkl.gz --method manifold --steering-property density_atomic --manifold steering_vectors/manifolds/density_atomic_layer14_k64_w1_max40.parquet --layer 14 --k 64 --delta 15 --n-samples 3 --temperature 1.0 --with-spacegroup --use-cache --results-dir steering_results/density_atomic --variant residual --scale 12
2026-08-29T06:28:59Z	412884	steer_manifold_variants	635927a	python scripts/steering/steer_generate_cif.py --model CrystaLLM/crystallm_v1_large --pkl CrystaLLM/cifs_v1_test_sample1000.pkl.gz --method manifold --steering-property density_atomic --manifold steering_vectors/manifolds/density_atomic_layer14_k64_w1_max40.parquet --layer 14 --k 64 --delta 15 --n-samples 3 --temperature 1.0 --with-spacegroup --use-cache --results-dir steering_results/density_atomic --variant project
2026-08-29T06:28:59Z	412885	steer_manifold_variants	635927a	python scripts/steering/steer_generate_cif.py --model CrystaLLM/crystallm_v1_large --pkl CrystaLLM/cifs_v1_test_sample1000.pkl.gz --method manifold --steering-property density_atomic --manifold steering_vectors/manifolds/density_atomic_layer14_k64_w1_max40.parquet --layer 14 --k 64 --delta 15 --n-samples 3 --temperature 1.0 --with-spacegroup --use-cache --results-dir steering_results/density_atomic --variant project_nomu
2026-08-29T16:30:27Z	417288	property_probe_density	635927a	python scripts/analysis/property_probe.py --property density_atomic --labels density_atomic_v1.parquet --dataset v1_all --variant full --train-sample 200000 --eval-sample 50000
2026-09-02T03:36:23Z	453318	steer_linear_density_l7_nosg	42238ff	python scripts/steering/steer_generate_cif.py --model CrystaLLM/crystallm_v1_large --pkl CrystaLLM/cifs_v1_test_sample1000.pkl.gz --method linear --steering-property density_atomic --layer 7 --alpha 40 --n-samples 3 --temperature 1.0 --use-cache --results-dir steering_results/density_atomic --alpha 0
2026-09-02T03:36:23Z	453319	steer_linear_density_l7_nosg	42238ff	python scripts/steering/steer_generate_cif.py --model CrystaLLM/crystallm_v1_large --pkl CrystaLLM/cifs_v1_test_sample1000.pkl.gz --method linear --steering-property density_atomic --layer 7 --alpha 40 --n-samples 3 --temperature 1.0 --use-cache --results-dir steering_results/density_atomic --alpha 16
2026-09-02T03:36:23Z	453320	steer_linear_density_l7_nosg	42238ff	python scripts/steering/steer_generate_cif.py --model CrystaLLM/crystallm_v1_large --pkl CrystaLLM/cifs_v1_test_sample1000.pkl.gz --method linear --steering-property density_atomic --layer 7 --alpha 40 --n-samples 3 --temperature 1.0 --use-cache --results-dir steering_results/density_atomic --alpha 40
2026-09-02T03:36:23Z	453321	steer_linear_density_l7_nosg	42238ff	python scripts/steering/steer_generate_cif.py --model CrystaLLM/crystallm_v1_large --pkl CrystaLLM/cifs_v1_test_sample1000.pkl.gz --method linear --steering-property density_atomic --layer 7 --alpha 40 --n-samples 3 --temperature 1.0 --use-cache --results-dir steering_results/density_atomic --alpha 80
2026-09-02T03:36:23Z	453322	steer_manifold_density_l7_nosg	42238ff	python scripts/steering/steer_generate_cif.py --model CrystaLLM/crystallm_v1_large --pkl CrystaLLM/cifs_v1_test_sample1000.pkl.gz --method manifold --steering-property density_atomic --manifold steering_vectors/manifolds/density_atomic_layer7_k64_w1_max40.parquet --layer 7 --k 64 --delta 15 --variant residual --scale 6 --n-samples 3 --temperature 1.0 --use-cache --results-dir steering_results/density_atomic --delta 15 --scale 2
2026-09-02T03:36:23Z	453323	steer_manifold_density_l7_nosg	42238ff	python scripts/steering/steer_generate_cif.py --model CrystaLLM/crystallm_v1_large --pkl CrystaLLM/cifs_v1_test_sample1000.pkl.gz --method manifold --steering-property density_atomic --manifold steering_vectors/manifolds/density_atomic_layer7_k64_w1_max40.parquet --layer 7 --k 64 --delta 15 --variant residual --scale 6 --n-samples 3 --temperature 1.0 --use-cache --results-dir steering_results/density_atomic --delta 15 --scale 4
2026-09-02T03:36:24Z	453324	steer_manifold_density_l7_nosg	42238ff	python scripts/steering/steer_generate_cif.py --model CrystaLLM/crystallm_v1_large --pkl CrystaLLM/cifs_v1_test_sample1000.pkl.gz --method manifold --steering-property density_atomic --manifold steering_vectors/manifolds/density_atomic_layer7_k64_w1_max40.parquet --layer 7 --k 64 --delta 15 --variant residual --scale 6 --n-samples 3 --temperature 1.0 --use-cache --results-dir steering_results/density_atomic --delta 15 --scale 6
2026-09-02T03:36:24Z	453325	steer_manifold_density_l7_nosg	42238ff	python scripts/steering/steer_generate_cif.py --model CrystaLLM/crystallm_v1_large --pkl CrystaLLM/cifs_v1_test_sample1000.pkl.gz --method manifold --steering-property density_atomic --manifold steering_vectors/manifolds/density_atomic_layer7_k64_w1_max40.parquet --layer 7 --k 64 --delta 15 --variant residual --scale 6 --n-samples 3 --temperature 1.0 --use-cache --results-dir steering_results/density_atomic --delta 15 --scale 8
2026-09-02T03:36:24Z	453326	steer_manifold_density_l7_nosg	42238ff	python scripts/steering/steer_generate_cif.py --model CrystaLLM/crystallm_v1_large --pkl CrystaLLM/cifs_v1_test_sample1000.pkl.gz --method manifold --steering-property density_atomic --manifold steering_vectors/manifolds/density_atomic_layer7_k64_w1_max40.parquet --layer 7 --k 64 --delta 15 --variant residual --scale 6 --n-samples 3 --temperature 1.0 --use-cache --results-dir steering_results/density_atomic --delta 2 --scale 6
2026-09-02T03:36:24Z	453327	steer_manifold_density_l7_nosg	42238ff	python scripts/steering/steer_generate_cif.py --model CrystaLLM/crystallm_v1_large --pkl CrystaLLM/cifs_v1_test_sample1000.pkl.gz --method manifold --steering-property density_atomic --manifold steering_vectors/manifolds/density_atomic_layer7_k64_w1_max40.parquet --layer 7 --k 64 --delta 15 --variant residual --scale 6 --n-samples 3 --temperature 1.0 --use-cache --results-dir steering_results/density_atomic --delta 5 --scale 6
2026-09-02T03:36:24Z	453328	steer_manifold_density_l7_nosg	42238ff	python scripts/steering/steer_generate_cif.py --model CrystaLLM/crystallm_v1_large --pkl CrystaLLM/cifs_v1_test_sample1000.pkl.gz --method manifold --steering-property density_atomic --manifold steering_vectors/manifolds/density_atomic_layer7_k64_w1_max40.parquet --layer 7 --k 64 --delta 15 --variant residual --scale 6 --n-samples 3 --temperature 1.0 --use-cache --results-dir steering_results/density_atomic --delta 10 --scale 6
2026-09-02T03:36:28Z	453329	steer_linear_density_l7_nosg	42238ff	python scripts/steering/steer_generate_cif.py --model CrystaLLM/crystallm_v1_large --pkl CrystaLLM/cifs_v1_test_sample1000.pkl.gz --method linear --steering-property density_atomic --layer 7 --alpha 40 --n-samples 3 --temperature 1.0 --use-cache --results-dir steering_results/density_atomic --alpha 0
2026-09-02T03:41:57Z	local	centroid_density_l14	2e7312f	python scripts/plots/centroid_pca_plots.py --partition train --property density_atomic --labels density_atomic_v1.parquet --dataset v1_all --layer 14 --width 1 --sample 5000 --max-per-bucket 5000 --layer 7
2026-09-03T04:35:31Z	454437	steer_manifold_density_l7_nosg	ed137b2	python scripts/steering/steer_generate_cif.py --model CrystaLLM/crystallm_v1_large --pkl CrystaLLM/cifs_v1_test_sample1000.pkl.gz --method manifold --steering-property density_atomic --manifold steering_vectors/manifolds/density_atomic_layer7_k64_w1_max40.parquet --layer 7 --k 64 --delta 15 --variant residual --scale 6 --n-samples 3 --temperature 1.0 --use-cache --results-dir steering_results/density_atomic --delta 1 --scale 1
2026-09-03T04:35:31Z	454438	steer_manifold_density_l7_nosg	ed137b2	python scripts/steering/steer_generate_cif.py --model CrystaLLM/crystallm_v1_large --pkl CrystaLLM/cifs_v1_test_sample1000.pkl.gz --method manifold --steering-property density_atomic --manifold steering_vectors/manifolds/density_atomic_layer7_k64_w1_max40.parquet --layer 7 --k 64 --delta 15 --variant residual --scale 6 --n-samples 3 --temperature 1.0 --use-cache --results-dir steering_results/density_atomic --delta 2 --scale 1
2026-09-03T04:35:31Z	454439	steer_manifold_density_l7_nosg	ed137b2	python scripts/steering/steer_generate_cif.py --model CrystaLLM/crystallm_v1_large --pkl CrystaLLM/cifs_v1_test_sample1000.pkl.gz --method manifold --steering-property density_atomic --manifold steering_vectors/manifolds/density_atomic_layer7_k64_w1_max40.parquet --layer 7 --k 64 --delta 15 --variant residual --scale 6 --n-samples 3 --temperature 1.0 --use-cache --results-dir steering_results/density_atomic --delta 3 --scale 1
2026-09-03T04:35:31Z	454440	steer_manifold_density_l7_nosg	ed137b2	python scripts/steering/steer_generate_cif.py --model CrystaLLM/crystallm_v1_large --pkl CrystaLLM/cifs_v1_test_sample1000.pkl.gz --method manifold --steering-property density_atomic --manifold steering_vectors/manifolds/density_atomic_layer7_k64_w1_max40.parquet --layer 7 --k 64 --delta 15 --variant residual --scale 6 --n-samples 3 --temperature 1.0 --use-cache --results-dir steering_results/density_atomic --delta 4 --scale 1
2026-09-03T04:35:31Z	454441	steer_manifold_density_l7_nosg	ed137b2	python scripts/steering/steer_generate_cif.py --model CrystaLLM/crystallm_v1_large --pkl CrystaLLM/cifs_v1_test_sample1000.pkl.gz --method manifold --steering-property density_atomic --manifold steering_vectors/manifolds/density_atomic_layer7_k64_w1_max40.parquet --layer 7 --k 64 --delta 15 --variant residual --scale 6 --n-samples 3 --temperature 1.0 --use-cache --results-dir steering_results/density_atomic --delta 5 --scale 1
2026-09-03T04:35:31Z	454442	steer_manifold_density_l7_nosg	ed137b2	python scripts/steering/steer_generate_cif.py --model CrystaLLM/crystallm_v1_large --pkl CrystaLLM/cifs_v1_test_sample1000.pkl.gz --method manifold --steering-property density_atomic --manifold steering_vectors/manifolds/density_atomic_layer7_k64_w1_max40.parquet --layer 7 --k 64 --delta 15 --variant residual --scale 6 --n-samples 3 --temperature 1.0 --use-cache --results-dir steering_results/density_atomic --delta 6 --scale 1
2026-09-03T04:35:31Z	454443	steer_manifold_density_l7_nosg	ed137b2	python scripts/steering/steer_generate_cif.py --model CrystaLLM/crystallm_v1_large --pkl CrystaLLM/cifs_v1_test_sample1000.pkl.gz --method manifold --steering-property density_atomic --manifold steering_vectors/manifolds/density_atomic_layer7_k64_w1_max40.parquet --layer 7 --k 64 --delta 15 --variant residual --scale 6 --n-samples 3 --temperature 1.0 --use-cache --results-dir steering_results/density_atomic --delta 7 --scale 1
2026-09-03T04:35:31Z	454444	steer_manifold_density_l7_nosg	ed137b2	python scripts/steering/steer_generate_cif.py --model CrystaLLM/crystallm_v1_large --pkl CrystaLLM/cifs_v1_test_sample1000.pkl.gz --method manifold --steering-property density_atomic --manifold steering_vectors/manifolds/density_atomic_layer7_k64_w1_max40.parquet --layer 7 --k 64 --delta 15 --variant residual --scale 6 --n-samples 3 --temperature 1.0 --use-cache --results-dir steering_results/density_atomic --delta 8 --scale 1
2026-09-03T04:35:31Z	454445	steer_manifold_density_l7_nosg	ed137b2	python scripts/steering/steer_generate_cif.py --model CrystaLLM/crystallm_v1_large --pkl CrystaLLM/cifs_v1_test_sample1000.pkl.gz --method manifold --steering-property density_atomic --manifold steering_vectors/manifolds/density_atomic_layer7_k64_w1_max40.parquet --layer 7 --k 64 --delta 15 --variant residual --scale 6 --n-samples 3 --temperature 1.0 --use-cache --results-dir steering_results/density_atomic --delta 9 --scale 1
2026-09-03T04:35:31Z	454446	steer_manifold_density_l7_nosg	ed137b2	python scripts/steering/steer_generate_cif.py --model CrystaLLM/crystallm_v1_large --pkl CrystaLLM/cifs_v1_test_sample1000.pkl.gz --method manifold --steering-property density_atomic --manifold steering_vectors/manifolds/density_atomic_layer7_k64_w1_max40.parquet --layer 7 --k 64 --delta 15 --variant residual --scale 6 --n-samples 3 --temperature 1.0 --use-cache --results-dir steering_results/density_atomic --delta 10 --scale 1
2026-09-03T04:35:32Z	454447	steer_manifold_density_l7_nosg	ed137b2	python scripts/steering/steer_generate_cif.py --model CrystaLLM/crystallm_v1_large --pkl CrystaLLM/cifs_v1_test_sample1000.pkl.gz --method manifold --steering-property density_atomic --manifold steering_vectors/manifolds/density_atomic_layer7_k64_w1_max40.parquet --layer 7 --k 64 --delta 15 --variant residual --scale 6 --n-samples 3 --temperature 1.0 --use-cache --results-dir steering_results/density_atomic --delta 11 --scale 1
2026-09-03T04:35:32Z	454448	steer_manifold_density_l7_nosg	ed137b2	python scripts/steering/steer_generate_cif.py --model CrystaLLM/crystallm_v1_large --pkl CrystaLLM/cifs_v1_test_sample1000.pkl.gz --method manifold --steering-property density_atomic --manifold steering_vectors/manifolds/density_atomic_layer7_k64_w1_max40.parquet --layer 7 --k 64 --delta 15 --variant residual --scale 6 --n-samples 3 --temperature 1.0 --use-cache --results-dir steering_results/density_atomic --delta 12 --scale 1
2026-09-03T04:35:32Z	454449	steer_manifold_density_l7_nosg	ed137b2	python scripts/steering/steer_generate_cif.py --model CrystaLLM/crystallm_v1_large --pkl CrystaLLM/cifs_v1_test_sample1000.pkl.gz --method manifold --steering-property density_atomic --manifold steering_vectors/manifolds/density_atomic_layer7_k64_w1_max40.parquet --layer 7 --k 64 --delta 15 --variant residual --scale 6 --n-samples 3 --temperature 1.0 --use-cache --results-dir steering_results/density_atomic --delta 13 --scale 1
2026-09-03T04:35:32Z	454450	steer_manifold_density_l7_nosg	ed137b2	python scripts/steering/steer_generate_cif.py --model CrystaLLM/crystallm_v1_large --pkl CrystaLLM/cifs_v1_test_sample1000.pkl.gz --method manifold --steering-property density_atomic --manifold steering_vectors/manifolds/density_atomic_layer7_k64_w1_max40.parquet --layer 7 --k 64 --delta 15 --variant residual --scale 6 --n-samples 3 --temperature 1.0 --use-cache --results-dir steering_results/density_atomic --delta 14 --scale 1
2026-09-03T04:35:32Z	454451	steer_manifold_density_l7_nosg	ed137b2	python scripts/steering/steer_generate_cif.py --model CrystaLLM/crystallm_v1_large --pkl CrystaLLM/cifs_v1_test_sample1000.pkl.gz --method manifold --steering-property density_atomic --manifold steering_vectors/manifolds/density_atomic_layer7_k64_w1_max40.parquet --layer 7 --k 64 --delta 15 --variant residual --scale 6 --n-samples 3 --temperature 1.0 --use-cache --results-dir steering_results/density_atomic --delta 15 --scale 1
2026-09-03T04:44:30Z	454455	steer_linear_density_l7_nosg	ed137b2	python scripts/steering/steer_generate_cif.py --model CrystaLLM/crystallm_v1_large --pkl CrystaLLM/cifs_v1_test_sample1000.pkl.gz --method linear --steering-property density_atomic --layer 7 --alpha 40 --n-samples 3 --temperature 1.0 --use-cache --results-dir steering_results/density_atomic --alpha 8
2026-09-03T04:44:30Z	454456	steer_linear_density_l7_nosg	ed137b2	python scripts/steering/steer_generate_cif.py --model CrystaLLM/crystallm_v1_large --pkl CrystaLLM/cifs_v1_test_sample1000.pkl.gz --method linear --steering-property density_atomic --layer 7 --alpha 40 --n-samples 3 --temperature 1.0 --use-cache --results-dir steering_results/density_atomic --alpha 32
2026-09-03T04:44:30Z	454457	steer_linear_density_l7_nosg	ed137b2	python scripts/steering/steer_generate_cif.py --model CrystaLLM/crystallm_v1_large --pkl CrystaLLM/cifs_v1_test_sample1000.pkl.gz --method linear --steering-property density_atomic --layer 7 --alpha 40 --n-samples 3 --temperature 1.0 --use-cache --results-dir steering_results/density_atomic --alpha 48
2026-09-03T04:44:30Z	454458	steer_linear_density_l7_nosg	ed137b2	python scripts/steering/steer_generate_cif.py --model CrystaLLM/crystallm_v1_large --pkl CrystaLLM/cifs_v1_test_sample1000.pkl.gz --method linear --steering-property density_atomic --layer 7 --alpha 40 --n-samples 3 --temperature 1.0 --use-cache --results-dir steering_results/density_atomic --alpha 64
2026-09-03T04:49:00Z	454459	steer_manifold_density_l7_nosg	ed137b2	python scripts/steering/steer_generate_cif.py --model CrystaLLM/crystallm_v1_large --pkl CrystaLLM/cifs_v1_test_sample1000.pkl.gz --method manifold --steering-property density_atomic --manifold steering_vectors/manifolds/density_atomic_layer7_k64_w1_max40.parquet --layer 7 --k 64 --delta 15 --variant residual --scale 6 --n-samples 3 --temperature 1.0 --use-cache --results-dir steering_results/density_atomic --delta 2 --scale 2
2026-09-03T04:49:00Z	454460	steer_manifold_density_l7_nosg	ed137b2	python scripts/steering/steer_generate_cif.py --model CrystaLLM/crystallm_v1_large --pkl CrystaLLM/cifs_v1_test_sample1000.pkl.gz --method manifold --steering-property density_atomic --manifold steering_vectors/manifolds/density_atomic_layer7_k64_w1_max40.parquet --layer 7 --k 64 --delta 15 --variant residual --scale 6 --n-samples 3 --temperature 1.0 --use-cache --results-dir steering_results/density_atomic --delta 2 --scale 3
2026-09-03T04:49:00Z	454461	steer_manifold_density_l7_nosg	ed137b2	python scripts/steering/steer_generate_cif.py --model CrystaLLM/crystallm_v1_large --pkl CrystaLLM/cifs_v1_test_sample1000.pkl.gz --method manifold --steering-property density_atomic --manifold steering_vectors/manifolds/density_atomic_layer7_k64_w1_max40.parquet --layer 7 --k 64 --delta 15 --variant residual --scale 6 --n-samples 3 --temperature 1.0 --use-cache --results-dir steering_results/density_atomic --delta 2 --scale 4
2026-09-03T04:49:00Z	454462	steer_manifold_density_l7_nosg	ed137b2	python scripts/steering/steer_generate_cif.py --model CrystaLLM/crystallm_v1_large --pkl CrystaLLM/cifs_v1_test_sample1000.pkl.gz --method manifold --steering-property density_atomic --manifold steering_vectors/manifolds/density_atomic_layer7_k64_w1_max40.parquet --layer 7 --k 64 --delta 15 --variant residual --scale 6 --n-samples 3 --temperature 1.0 --use-cache --results-dir steering_results/density_atomic --delta 2 --scale 5
2026-09-03T04:49:01Z	454463	steer_manifold_density_l7_nosg	ed137b2	python scripts/steering/steer_generate_cif.py --model CrystaLLM/crystallm_v1_large --pkl CrystaLLM/cifs_v1_test_sample1000.pkl.gz --method manifold --steering-property density_atomic --manifold steering_vectors/manifolds/density_atomic_layer7_k64_w1_max40.parquet --layer 7 --k 64 --delta 15 --variant residual --scale 6 --n-samples 3 --temperature 1.0 --use-cache --results-dir steering_results/density_atomic --delta 2 --scale 7
2026-09-03T04:49:01Z	454464	steer_manifold_density_l7_nosg	ed137b2	python scripts/steering/steer_generate_cif.py --model CrystaLLM/crystallm_v1_large --pkl CrystaLLM/cifs_v1_test_sample1000.pkl.gz --method manifold --steering-property density_atomic --manifold steering_vectors/manifolds/density_atomic_layer7_k64_w1_max40.parquet --layer 7 --k 64 --delta 15 --variant residual --scale 6 --n-samples 3 --temperature 1.0 --use-cache --results-dir steering_results/density_atomic --delta 2 --scale 8
2026-09-03T04:49:01Z	454465	steer_manifold_density_l7_nosg	ed137b2	python scripts/steering/steer_generate_cif.py --model CrystaLLM/crystallm_v1_large --pkl CrystaLLM/cifs_v1_test_sample1000.pkl.gz --method manifold --steering-property density_atomic --manifold steering_vectors/manifolds/density_atomic_layer7_k64_w1_max40.parquet --layer 7 --k 64 --delta 15 --variant residual --scale 6 --n-samples 3 --temperature 1.0 --use-cache --results-dir steering_results/density_atomic --delta 2 --scale 9
2026-09-03T04:49:01Z	454466	steer_manifold_density_l7_nosg	ed137b2	python scripts/steering/steer_generate_cif.py --model CrystaLLM/crystallm_v1_large --pkl CrystaLLM/cifs_v1_test_sample1000.pkl.gz --method manifold --steering-property density_atomic --manifold steering_vectors/manifolds/density_atomic_layer7_k64_w1_max40.parquet --layer 7 --k 64 --delta 15 --variant residual --scale 6 --n-samples 3 --temperature 1.0 --use-cache --results-dir steering_results/density_atomic --delta 2 --scale 10
2026-09-03T19:07:08Z	454741	steer_manifold_density_l7_nosg	b314ce9	python scripts/steering/steer_generate_cif.py --model CrystaLLM/crystallm_v1_large --pkl CrystaLLM/cifs_v1_test_sample1000.pkl.gz --method manifold --steering-property density_atomic --manifold steering_vectors/manifolds/density_atomic_layer7_k64_w1_max40.parquet --layer 7 --k 64 --delta 15 --variant residual --scale 6 --n-samples 3 --temperature 1.0 --use-cache --results-dir steering_results/density_atomic --delta 1 --scale 3
2026-09-03T19:07:08Z	454742	steer_manifold_density_l7_nosg	b314ce9	python scripts/steering/steer_generate_cif.py --model CrystaLLM/crystallm_v1_large --pkl CrystaLLM/cifs_v1_test_sample1000.pkl.gz --method manifold --steering-property density_atomic --manifold steering_vectors/manifolds/density_atomic_layer7_k64_w1_max40.parquet --layer 7 --k 64 --delta 15 --variant residual --scale 6 --n-samples 3 --temperature 1.0 --use-cache --results-dir steering_results/density_atomic --delta 3 --scale 3
2026-09-03T19:07:08Z	454743	steer_manifold_density_l7_nosg	b314ce9	python scripts/steering/steer_generate_cif.py --model CrystaLLM/crystallm_v1_large --pkl CrystaLLM/cifs_v1_test_sample1000.pkl.gz --method manifold --steering-property density_atomic --manifold steering_vectors/manifolds/density_atomic_layer7_k64_w1_max40.parquet --layer 7 --k 64 --delta 15 --variant residual --scale 6 --n-samples 3 --temperature 1.0 --use-cache --results-dir steering_results/density_atomic --delta 4 --scale 3
2026-09-03T19:07:08Z	454744	steer_manifold_density_l7_nosg	b314ce9	python scripts/steering/steer_generate_cif.py --model CrystaLLM/crystallm_v1_large --pkl CrystaLLM/cifs_v1_test_sample1000.pkl.gz --method manifold --steering-property density_atomic --manifold steering_vectors/manifolds/density_atomic_layer7_k64_w1_max40.parquet --layer 7 --k 64 --delta 15 --variant residual --scale 6 --n-samples 3 --temperature 1.0 --use-cache --results-dir steering_results/density_atomic --delta 5 --scale 3
2026-09-03T19:07:08Z	454745	steer_manifold_density_l7_nosg	b314ce9	python scripts/steering/steer_generate_cif.py --model CrystaLLM/crystallm_v1_large --pkl CrystaLLM/cifs_v1_test_sample1000.pkl.gz --method manifold --steering-property density_atomic --manifold steering_vectors/manifolds/density_atomic_layer7_k64_w1_max40.parquet --layer 7 --k 64 --delta 15 --variant residual --scale 6 --n-samples 3 --temperature 1.0 --use-cache --results-dir steering_results/density_atomic --delta 6 --scale 3
2026-09-03T19:07:08Z	454746	steer_manifold_density_l7_nosg	b314ce9	python scripts/steering/steer_generate_cif.py --model CrystaLLM/crystallm_v1_large --pkl CrystaLLM/cifs_v1_test_sample1000.pkl.gz --method manifold --steering-property density_atomic --manifold steering_vectors/manifolds/density_atomic_layer7_k64_w1_max40.parquet --layer 7 --k 64 --delta 15 --variant residual --scale 6 --n-samples 3 --temperature 1.0 --use-cache --results-dir steering_results/density_atomic --delta 7 --scale 3
2026-09-03T19:07:08Z	454747	steer_manifold_density_l7_nosg	b314ce9	python scripts/steering/steer_generate_cif.py --model CrystaLLM/crystallm_v1_large --pkl CrystaLLM/cifs_v1_test_sample1000.pkl.gz --method manifold --steering-property density_atomic --manifold steering_vectors/manifolds/density_atomic_layer7_k64_w1_max40.parquet --layer 7 --k 64 --delta 15 --variant residual --scale 6 --n-samples 3 --temperature 1.0 --use-cache --results-dir steering_results/density_atomic --delta 8 --scale 3
2026-09-03T19:07:08Z	454748	steer_manifold_density_l7_nosg	b314ce9	python scripts/steering/steer_generate_cif.py --model CrystaLLM/crystallm_v1_large --pkl CrystaLLM/cifs_v1_test_sample1000.pkl.gz --method manifold --steering-property density_atomic --manifold steering_vectors/manifolds/density_atomic_layer7_k64_w1_max40.parquet --layer 7 --k 64 --delta 15 --variant residual --scale 6 --n-samples 3 --temperature 1.0 --use-cache --results-dir steering_results/density_atomic --delta 9 --scale 3
2026-09-03T19:07:09Z	454749	steer_manifold_density_l7_nosg	b314ce9	python scripts/steering/steer_generate_cif.py --model CrystaLLM/crystallm_v1_large --pkl CrystaLLM/cifs_v1_test_sample1000.pkl.gz --method manifold --steering-property density_atomic --manifold steering_vectors/manifolds/density_atomic_layer7_k64_w1_max40.parquet --layer 7 --k 64 --delta 15 --variant residual --scale 6 --n-samples 3 --temperature 1.0 --use-cache --results-dir steering_results/density_atomic --delta 10 --scale 3
2026-09-03T19:07:09Z	454750	steer_manifold_density_l7_nosg	b314ce9	python scripts/steering/steer_generate_cif.py --model CrystaLLM/crystallm_v1_large --pkl CrystaLLM/cifs_v1_test_sample1000.pkl.gz --method manifold --steering-property density_atomic --manifold steering_vectors/manifolds/density_atomic_layer7_k64_w1_max40.parquet --layer 7 --k 64 --delta 15 --variant residual --scale 6 --n-samples 3 --temperature 1.0 --use-cache --results-dir steering_results/density_atomic --delta 11 --scale 3
2026-09-03T19:07:09Z	454751	steer_manifold_density_l7_nosg	b314ce9	python scripts/steering/steer_generate_cif.py --model CrystaLLM/crystallm_v1_large --pkl CrystaLLM/cifs_v1_test_sample1000.pkl.gz --method manifold --steering-property density_atomic --manifold steering_vectors/manifolds/density_atomic_layer7_k64_w1_max40.parquet --layer 7 --k 64 --delta 15 --variant residual --scale 6 --n-samples 3 --temperature 1.0 --use-cache --results-dir steering_results/density_atomic --delta 12 --scale 3
2026-09-03T19:07:09Z	454752	steer_manifold_density_l7_nosg	b314ce9	python scripts/steering/steer_generate_cif.py --model CrystaLLM/crystallm_v1_large --pkl CrystaLLM/cifs_v1_test_sample1000.pkl.gz --method manifold --steering-property density_atomic --manifold steering_vectors/manifolds/density_atomic_layer7_k64_w1_max40.parquet --layer 7 --k 64 --delta 15 --variant residual --scale 6 --n-samples 3 --temperature 1.0 --use-cache --results-dir steering_results/density_atomic --delta 13 --scale 3
2026-09-03T19:07:09Z	454753	steer_manifold_density_l7_nosg	b314ce9	python scripts/steering/steer_generate_cif.py --model CrystaLLM/crystallm_v1_large --pkl CrystaLLM/cifs_v1_test_sample1000.pkl.gz --method manifold --steering-property density_atomic --manifold steering_vectors/manifolds/density_atomic_layer7_k64_w1_max40.parquet --layer 7 --k 64 --delta 15 --variant residual --scale 6 --n-samples 3 --temperature 1.0 --use-cache --results-dir steering_results/density_atomic --delta 14 --scale 3
2026-09-03T19:07:09Z	454754	steer_manifold_density_l7_nosg	b314ce9	python scripts/steering/steer_generate_cif.py --model CrystaLLM/crystallm_v1_large --pkl CrystaLLM/cifs_v1_test_sample1000.pkl.gz --method manifold --steering-property density_atomic --manifold steering_vectors/manifolds/density_atomic_layer7_k64_w1_max40.parquet --layer 7 --k 64 --delta 15 --variant residual --scale 6 --n-samples 3 --temperature 1.0 --use-cache --results-dir steering_results/density_atomic --delta 15 --scale 3
2026-09-03T19:07:09Z	454755	steer_manifold_density_l7_nosg	b314ce9	python scripts/steering/steer_generate_cif.py --model CrystaLLM/crystallm_v1_large --pkl CrystaLLM/cifs_v1_test_sample1000.pkl.gz --method manifold --steering-property density_atomic --manifold steering_vectors/manifolds/density_atomic_layer7_k64_w1_max40.parquet --layer 7 --k 64 --delta 15 --variant residual --scale 6 --n-samples 3 --temperature 1.0 --use-cache --results-dir steering_results/density_atomic --delta 1 --scale 7
2026-09-03T19:07:09Z	454756	steer_manifold_density_l7_nosg	b314ce9	python scripts/steering/steer_generate_cif.py --model CrystaLLM/crystallm_v1_large --pkl CrystaLLM/cifs_v1_test_sample1000.pkl.gz --method manifold --steering-property density_atomic --manifold steering_vectors/manifolds/density_atomic_layer7_k64_w1_max40.parquet --layer 7 --k 64 --delta 15 --variant residual --scale 6 --n-samples 3 --temperature 1.0 --use-cache --results-dir steering_results/density_atomic --delta 3 --scale 7
2026-09-03T19:07:09Z	454757	steer_manifold_density_l7_nosg	b314ce9	python scripts/steering/steer_generate_cif.py --model CrystaLLM/crystallm_v1_large --pkl CrystaLLM/cifs_v1_test_sample1000.pkl.gz --method manifold --steering-property density_atomic --manifold steering_vectors/manifolds/density_atomic_layer7_k64_w1_max40.parquet --layer 7 --k 64 --delta 15 --variant residual --scale 6 --n-samples 3 --temperature 1.0 --use-cache --results-dir steering_results/density_atomic --delta 4 --scale 7
2026-09-03T19:07:09Z	454758	steer_manifold_density_l7_nosg	b314ce9	python scripts/steering/steer_generate_cif.py --model CrystaLLM/crystallm_v1_large --pkl CrystaLLM/cifs_v1_test_sample1000.pkl.gz --method manifold --steering-property density_atomic --manifold steering_vectors/manifolds/density_atomic_layer7_k64_w1_max40.parquet --layer 7 --k 64 --delta 15 --variant residual --scale 6 --n-samples 3 --temperature 1.0 --use-cache --results-dir steering_results/density_atomic --delta 5 --scale 7
2026-09-03T19:07:09Z	454759	steer_manifold_density_l7_nosg	b314ce9	python scripts/steering/steer_generate_cif.py --model CrystaLLM/crystallm_v1_large --pkl CrystaLLM/cifs_v1_test_sample1000.pkl.gz --method manifold --steering-property density_atomic --manifold steering_vectors/manifolds/density_atomic_layer7_k64_w1_max40.parquet --layer 7 --k 64 --delta 15 --variant residual --scale 6 --n-samples 3 --temperature 1.0 --use-cache --results-dir steering_results/density_atomic --delta 6 --scale 7
2026-09-03T19:07:09Z	454760	steer_manifold_density_l7_nosg	b314ce9	python scripts/steering/steer_generate_cif.py --model CrystaLLM/crystallm_v1_large --pkl CrystaLLM/cifs_v1_test_sample1000.pkl.gz --method manifold --steering-property density_atomic --manifold steering_vectors/manifolds/density_atomic_layer7_k64_w1_max40.parquet --layer 7 --k 64 --delta 15 --variant residual --scale 6 --n-samples 3 --temperature 1.0 --use-cache --results-dir steering_results/density_atomic --delta 7 --scale 7
2026-09-03T19:07:09Z	454761	steer_manifold_density_l7_nosg	b314ce9	python scripts/steering/steer_generate_cif.py --model CrystaLLM/crystallm_v1_large --pkl CrystaLLM/cifs_v1_test_sample1000.pkl.gz --method manifold --steering-property density_atomic --manifold steering_vectors/manifolds/density_atomic_layer7_k64_w1_max40.parquet --layer 7 --k 64 --delta 15 --variant residual --scale 6 --n-samples 3 --temperature 1.0 --use-cache --results-dir steering_results/density_atomic --delta 8 --scale 7
2026-09-03T19:07:09Z	454762	steer_manifold_density_l7_nosg	b314ce9	python scripts/steering/steer_generate_cif.py --model CrystaLLM/crystallm_v1_large --pkl CrystaLLM/cifs_v1_test_sample1000.pkl.gz --method manifold --steering-property density_atomic --manifold steering_vectors/manifolds/density_atomic_layer7_k64_w1_max40.parquet --layer 7 --k 64 --delta 15 --variant residual --scale 6 --n-samples 3 --temperature 1.0 --use-cache --results-dir steering_results/density_atomic --delta 9 --scale 7
2026-09-03T19:07:10Z	454763	steer_manifold_density_l7_nosg	b314ce9	python scripts/steering/steer_generate_cif.py --model CrystaLLM/crystallm_v1_large --pkl CrystaLLM/cifs_v1_test_sample1000.pkl.gz --method manifold --steering-property density_atomic --manifold steering_vectors/manifolds/density_atomic_layer7_k64_w1_max40.parquet --layer 7 --k 64 --delta 15 --variant residual --scale 6 --n-samples 3 --temperature 1.0 --use-cache --results-dir steering_results/density_atomic --delta 10 --scale 7
2026-09-03T19:07:10Z	454764	steer_manifold_density_l7_nosg	b314ce9	python scripts/steering/steer_generate_cif.py --model CrystaLLM/crystallm_v1_large --pkl CrystaLLM/cifs_v1_test_sample1000.pkl.gz --method manifold --steering-property density_atomic --manifold steering_vectors/manifolds/density_atomic_layer7_k64_w1_max40.parquet --layer 7 --k 64 --delta 15 --variant residual --scale 6 --n-samples 3 --temperature 1.0 --use-cache --results-dir steering_results/density_atomic --delta 11 --scale 7
2026-09-03T19:07:10Z	454765	steer_manifold_density_l7_nosg	b314ce9	python scripts/steering/steer_generate_cif.py --model CrystaLLM/crystallm_v1_large --pkl CrystaLLM/cifs_v1_test_sample1000.pkl.gz --method manifold --steering-property density_atomic --manifold steering_vectors/manifolds/density_atomic_layer7_k64_w1_max40.parquet --layer 7 --k 64 --delta 15 --variant residual --scale 6 --n-samples 3 --temperature 1.0 --use-cache --results-dir steering_results/density_atomic --delta 12 --scale 7
2026-09-03T19:07:10Z	454766	steer_manifold_density_l7_nosg	b314ce9	python scripts/steering/steer_generate_cif.py --model CrystaLLM/crystallm_v1_large --pkl CrystaLLM/cifs_v1_test_sample1000.pkl.gz --method manifold --steering-property density_atomic --manifold steering_vectors/manifolds/density_atomic_layer7_k64_w1_max40.parquet --layer 7 --k 64 --delta 15 --variant residual --scale 6 --n-samples 3 --temperature 1.0 --use-cache --results-dir steering_results/density_atomic --delta 13 --scale 7
2026-09-03T19:07:10Z	454767	steer_manifold_density_l7_nosg	b314ce9	python scripts/steering/steer_generate_cif.py --model CrystaLLM/crystallm_v1_large --pkl CrystaLLM/cifs_v1_test_sample1000.pkl.gz --method manifold --steering-property density_atomic --manifold steering_vectors/manifolds/density_atomic_layer7_k64_w1_max40.parquet --layer 7 --k 64 --delta 15 --variant residual --scale 6 --n-samples 3 --temperature 1.0 --use-cache --results-dir steering_results/density_atomic --delta 14 --scale 7
2026-09-03T19:07:10Z	454768	steer_manifold_density_l7_nosg	b314ce9	python scripts/steering/steer_generate_cif.py --model CrystaLLM/crystallm_v1_large --pkl CrystaLLM/cifs_v1_test_sample1000.pkl.gz --method manifold --steering-property density_atomic --manifold steering_vectors/manifolds/density_atomic_layer7_k64_w1_max40.parquet --layer 7 --k 64 --delta 15 --variant residual --scale 6 --n-samples 3 --temperature 1.0 --use-cache --results-dir steering_results/density_atomic --delta 15 --scale 7
2026-09-03T19:08:03Z	454769	steer_manifold_density_l7_nosg	b314ce9	python scripts/steering/steer_generate_cif.py --model CrystaLLM/crystallm_v1_large --pkl CrystaLLM/cifs_v1_test_sample1000.pkl.gz --method manifold --steering-property density_atomic --manifold steering_vectors/manifolds/density_atomic_layer7_k64_w1_max40.parquet --layer 7 --k 64 --delta 15 --variant residual --scale 6 --n-samples 3 --temperature 1.0 --use-cache --results-dir steering_results/density_atomic --delta 3 --scale 2
2026-09-03T19:08:03Z	454770	steer_manifold_density_l7_nosg	b314ce9	python scripts/steering/steer_generate_cif.py --model CrystaLLM/crystallm_v1_large --pkl CrystaLLM/cifs_v1_test_sample1000.pkl.gz --method manifold --steering-property density_atomic --manifold steering_vectors/manifolds/density_atomic_layer7_k64_w1_max40.parquet --layer 7 --k 64 --delta 15 --variant residual --scale 6 --n-samples 3 --temperature 1.0 --use-cache --results-dir steering_results/density_atomic --delta 3 --scale 4
2026-09-03T19:08:03Z	454771	steer_manifold_density_l7_nosg	b314ce9	python scripts/steering/steer_generate_cif.py --model CrystaLLM/crystallm_v1_large --pkl CrystaLLM/cifs_v1_test_sample1000.pkl.gz --method manifold --steering-property density_atomic --manifold steering_vectors/manifolds/density_atomic_layer7_k64_w1_max40.parquet --layer 7 --k 64 --delta 15 --variant residual --scale 6 --n-samples 3 --temperature 1.0 --use-cache --results-dir steering_results/density_atomic --delta 3 --scale 5
2026-09-03T19:08:03Z	454772	steer_manifold_density_l7_nosg	b314ce9	python scripts/steering/steer_generate_cif.py --model CrystaLLM/crystallm_v1_large --pkl CrystaLLM/cifs_v1_test_sample1000.pkl.gz --method manifold --steering-property density_atomic --manifold steering_vectors/manifolds/density_atomic_layer7_k64_w1_max40.parquet --layer 7 --k 64 --delta 15 --variant residual --scale 6 --n-samples 3 --temperature 1.0 --use-cache --results-dir steering_results/density_atomic --delta 3 --scale 6
2026-09-03T19:08:03Z	454773	steer_manifold_density_l7_nosg	b314ce9	python scripts/steering/steer_generate_cif.py --model CrystaLLM/crystallm_v1_large --pkl CrystaLLM/cifs_v1_test_sample1000.pkl.gz --method manifold --steering-property density_atomic --manifold steering_vectors/manifolds/density_atomic_layer7_k64_w1_max40.parquet --layer 7 --k 64 --delta 15 --variant residual --scale 6 --n-samples 3 --temperature 1.0 --use-cache --results-dir steering_results/density_atomic --delta 3 --scale 8
2026-09-03T19:08:03Z	454774	steer_manifold_density_l7_nosg	b314ce9	python scripts/steering/steer_generate_cif.py --model CrystaLLM/crystallm_v1_large --pkl CrystaLLM/cifs_v1_test_sample1000.pkl.gz --method manifold --steering-property density_atomic --manifold steering_vectors/manifolds/density_atomic_layer7_k64_w1_max40.parquet --layer 7 --k 64 --delta 15 --variant residual --scale 6 --n-samples 3 --temperature 1.0 --use-cache --results-dir steering_results/density_atomic --delta 3 --scale 9
2026-09-03T19:08:03Z	454775	steer_manifold_density_l7_nosg	b314ce9	python scripts/steering/steer_generate_cif.py --model CrystaLLM/crystallm_v1_large --pkl CrystaLLM/cifs_v1_test_sample1000.pkl.gz --method manifold --steering-property density_atomic --manifold steering_vectors/manifolds/density_atomic_layer7_k64_w1_max40.parquet --layer 7 --k 64 --delta 15 --variant residual --scale 6 --n-samples 3 --temperature 1.0 --use-cache --results-dir steering_results/density_atomic --delta 3 --scale 10
2026-09-03T19:09:16Z	454776	validate_steered	b314ce9	python scripts/eval/validate_steered_cifs.py --workers 16 --results-dir steering_results/density_atomic --input steering_results/density_atomic/generated_cifs/steered_manifold_test_d9_residual_s7_k64_layer7_nosg.parquet
2026-09-03T19:09:16Z	454777	validate_steered	b314ce9	python scripts/eval/validate_steered_cifs.py --workers 16 --results-dir steering_results/density_atomic --input steering_results/density_atomic/generated_cifs/steered_manifold_test_d8_residual_s7_k64_layer7_nosg.parquet
2026-09-03T19:09:16Z	454778	validate_steered	b314ce9	python scripts/eval/validate_steered_cifs.py --workers 16 --results-dir steering_results/density_atomic --input steering_results/density_atomic/generated_cifs/steered_manifold_test_d7_residual_s7_k64_layer7_nosg.parquet
2026-09-03T19:09:16Z	454779	validate_steered	b314ce9	python scripts/eval/validate_steered_cifs.py --workers 16 --results-dir steering_results/density_atomic --input steering_results/density_atomic/generated_cifs/steered_manifold_test_d6_residual_s7_k64_layer7_nosg.parquet
2026-09-03T19:09:16Z	454780	validate_steered	b314ce9	python scripts/eval/validate_steered_cifs.py --workers 16 --results-dir steering_results/density_atomic --input steering_results/density_atomic/generated_cifs/steered_manifold_test_d5_residual_s7_k64_layer7_nosg.parquet
2026-09-03T19:09:16Z	454781	validate_steered	b314ce9	python scripts/eval/validate_steered_cifs.py --workers 16 --results-dir steering_results/density_atomic --input steering_results/density_atomic/generated_cifs/steered_manifold_test_d4_residual_s7_k64_layer7_nosg.parquet
2026-09-03T19:09:16Z	454782	validate_steered	b314ce9	python scripts/eval/validate_steered_cifs.py --workers 16 --results-dir steering_results/density_atomic --input steering_results/density_atomic/generated_cifs/steered_manifold_test_d3_residual_s7_k64_layer7_nosg.parquet
2026-09-03T19:09:16Z	454783	validate_steered	b314ce9	python scripts/eval/validate_steered_cifs.py --workers 16 --results-dir steering_results/density_atomic --input steering_results/density_atomic/generated_cifs/steered_manifold_test_d1_residual_s7_k64_layer7_nosg.parquet
2026-09-03T19:09:16Z	454784	validate_steered	b314ce9	python scripts/eval/validate_steered_cifs.py --workers 16 --results-dir steering_results/density_atomic --input steering_results/density_atomic/generated_cifs/steered_manifold_test_d15_residual_s3_k64_layer7_nosg.parquet
2026-09-03T19:09:16Z	454785	validate_steered	b314ce9	python scripts/eval/validate_steered_cifs.py --workers 16 --results-dir steering_results/density_atomic --input steering_results/density_atomic/generated_cifs/steered_manifold_test_d14_residual_s3_k64_layer7_nosg.parquet
2026-09-03T19:09:16Z	454786	validate_steered	b314ce9	python scripts/eval/validate_steered_cifs.py --workers 16 --results-dir steering_results/density_atomic --input steering_results/density_atomic/generated_cifs/steered_manifold_test_d13_residual_s3_k64_layer7_nosg.parquet
2026-09-03T19:09:17Z	454787	validate_steered	b314ce9	python scripts/eval/validate_steered_cifs.py --workers 16 --results-dir steering_results/density_atomic --input steering_results/density_atomic/generated_cifs/steered_manifold_test_d12_residual_s3_k64_layer7_nosg.parquet
2026-09-03T19:09:17Z	454788	validate_steered	b314ce9	python scripts/eval/validate_steered_cifs.py --workers 16 --results-dir steering_results/density_atomic --input steering_results/density_atomic/generated_cifs/steered_manifold_test_d11_residual_s3_k64_layer7_nosg.parquet
2026-09-03T19:09:17Z	454789	validate_steered	b314ce9	python scripts/eval/validate_steered_cifs.py --workers 16 --results-dir steering_results/density_atomic --input steering_results/density_atomic/generated_cifs/steered_manifold_test_d10_residual_s3_k64_layer7_nosg.parquet
2026-09-03T19:09:17Z	454790	validate_steered	b314ce9	python scripts/eval/validate_steered_cifs.py --workers 16 --results-dir steering_results/density_atomic --input steering_results/density_atomic/generated_cifs/steered_manifold_test_d9_residual_s3_k64_layer7_nosg.parquet
2026-09-03T19:09:17Z	454791	validate_steered	b314ce9	python scripts/eval/validate_steered_cifs.py --workers 16 --results-dir steering_results/density_atomic --input steering_results/density_atomic/generated_cifs/steered_manifold_test_d8_residual_s3_k64_layer7_nosg.parquet
2026-09-03T19:09:17Z	454792	validate_steered	b314ce9	python scripts/eval/validate_steered_cifs.py --workers 16 --results-dir steering_results/density_atomic --input steering_results/density_atomic/generated_cifs/steered_manifold_test_d7_residual_s3_k64_layer7_nosg.parquet
2026-09-03T19:09:17Z	454793	validate_steered	b314ce9	python scripts/eval/validate_steered_cifs.py --workers 16 --results-dir steering_results/density_atomic --input steering_results/density_atomic/generated_cifs/steered_manifold_test_d6_residual_s3_k64_layer7_nosg.parquet
2026-09-03T19:09:17Z	454794	validate_steered	b314ce9	python scripts/eval/validate_steered_cifs.py --workers 16 --results-dir steering_results/density_atomic --input steering_results/density_atomic/generated_cifs/steered_manifold_test_d5_residual_s3_k64_layer7_nosg.parquet
2026-09-03T19:09:17Z	454795	validate_steered	b314ce9	python scripts/eval/validate_steered_cifs.py --workers 16 --results-dir steering_results/density_atomic --input steering_results/density_atomic/generated_cifs/steered_manifold_test_d4_residual_s3_k64_layer7_nosg.parquet
2026-09-03T19:09:17Z	454796	validate_steered	b314ce9	python scripts/eval/validate_steered_cifs.py --workers 16 --results-dir steering_results/density_atomic --input steering_results/density_atomic/generated_cifs/steered_manifold_test_d3_residual_s3_k64_layer7_nosg.parquet
2026-09-03T19:09:17Z	454797	validate_steered	b314ce9	python scripts/eval/validate_steered_cifs.py --workers 16 --results-dir steering_results/density_atomic --input steering_results/density_atomic/generated_cifs/steered_manifold_test_d1_residual_s3_k64_layer7_nosg.parquet
2026-09-03T19:09:17Z	454798	validate_steered	b314ce9	python scripts/eval/validate_steered_cifs.py --workers 16 --results-dir steering_results/density_atomic --input steering_results/density_atomic/generated_cifs/steered_manifold_test_d15_residual_s7_k64_layer7_nosg.parquet
2026-09-03T19:09:17Z	454799	validate_steered	b314ce9	python scripts/eval/validate_steered_cifs.py --workers 16 --results-dir steering_results/density_atomic --input steering_results/density_atomic/generated_cifs/steered_manifold_test_d14_residual_s7_k64_layer7_nosg.parquet
2026-09-03T19:09:18Z	454800	validate_steered	b314ce9	python scripts/eval/validate_steered_cifs.py --workers 16 --results-dir steering_results/density_atomic --input steering_results/density_atomic/generated_cifs/steered_manifold_test_d13_residual_s7_k64_layer7_nosg.parquet
2026-09-03T19:09:18Z	454801	validate_steered	b314ce9	python scripts/eval/validate_steered_cifs.py --workers 16 --results-dir steering_results/density_atomic --input steering_results/density_atomic/generated_cifs/steered_manifold_test_d12_residual_s7_k64_layer7_nosg.parquet
2026-09-03T19:09:18Z	454802	validate_steered	b314ce9	python scripts/eval/validate_steered_cifs.py --workers 16 --results-dir steering_results/density_atomic --input steering_results/density_atomic/generated_cifs/steered_manifold_test_d11_residual_s7_k64_layer7_nosg.parquet
2026-09-03T19:09:18Z	454803	validate_steered	b314ce9	python scripts/eval/validate_steered_cifs.py --workers 16 --results-dir steering_results/density_atomic --input steering_results/density_atomic/generated_cifs/steered_manifold_test_d10_residual_s7_k64_layer7_nosg.parquet
2026-09-03T19:09:18Z	454804	validate_steered	b314ce9	python scripts/eval/validate_steered_cifs.py --workers 16 --results-dir steering_results/density_atomic --input steering_results/density_atomic/generated_cifs/steered_manifold_test_d3_residual_s10_k64_layer7_nosg.parquet
2026-09-03T19:09:18Z	454805	validate_steered	b314ce9	python scripts/eval/validate_steered_cifs.py --workers 16 --results-dir steering_results/density_atomic --input steering_results/density_atomic/generated_cifs/steered_manifold_test_d3_residual_s9_k64_layer7_nosg.parquet
2026-09-03T19:09:18Z	454806	validate_steered	b314ce9	python scripts/eval/validate_steered_cifs.py --workers 16 --results-dir steering_results/density_atomic --input steering_results/density_atomic/generated_cifs/steered_manifold_test_d3_residual_s8_k64_layer7_nosg.parquet
2026-09-03T19:09:18Z	454807	validate_steered	b314ce9	python scripts/eval/validate_steered_cifs.py --workers 16 --results-dir steering_results/density_atomic --input steering_results/density_atomic/generated_cifs/steered_manifold_test_d3_residual_s6_k64_layer7_nosg.parquet
2026-09-03T19:09:18Z	454808	validate_steered	b314ce9	python scripts/eval/validate_steered_cifs.py --workers 16 --results-dir steering_results/density_atomic --input steering_results/density_atomic/generated_cifs/steered_manifold_test_d3_residual_s5_k64_layer7_nosg.parquet
2026-09-03T19:09:18Z	454809	validate_steered	b314ce9	python scripts/eval/validate_steered_cifs.py --workers 16 --results-dir steering_results/density_atomic --input steering_results/density_atomic/generated_cifs/steered_manifold_test_d3_residual_s4_k64_layer7_nosg.parquet
2026-09-03T19:09:18Z	454810	validate_steered	b314ce9	python scripts/eval/validate_steered_cifs.py --workers 16 --results-dir steering_results/density_atomic --input steering_results/density_atomic/generated_cifs/steered_manifold_test_d3_residual_s2_k64_layer7_nosg.parquet
2026-09-03T19:09:59Z	454811	validate_steered	b314ce9	python scripts/eval/validate_steered_cifs.py --workers 16 --results-dir steering_results/density_atomic --input steering_results/density_atomic/generated_cifs/steered_manifold_test_d9_residual_s7_k64_layer7_nosg.parquet
2026-09-03T19:09:59Z	454812	validate_steered	b314ce9	python scripts/eval/validate_steered_cifs.py --workers 16 --results-dir steering_results/density_atomic --input steering_results/density_atomic/generated_cifs/steered_manifold_test_d8_residual_s7_k64_layer7_nosg.parquet
2026-09-03T19:10:00Z	454813	validate_steered	b314ce9	python scripts/eval/validate_steered_cifs.py --workers 16 --results-dir steering_results/density_atomic --input steering_results/density_atomic/generated_cifs/steered_manifold_test_d7_residual_s7_k64_layer7_nosg.parquet
2026-09-03T19:10:00Z	454814	validate_steered	b314ce9	python scripts/eval/validate_steered_cifs.py --workers 16 --results-dir steering_results/density_atomic --input steering_results/density_atomic/generated_cifs/steered_manifold_test_d6_residual_s7_k64_layer7_nosg.parquet
2026-09-03T19:10:00Z	454815	validate_steered	b314ce9	python scripts/eval/validate_steered_cifs.py --workers 16 --results-dir steering_results/density_atomic --input steering_results/density_atomic/generated_cifs/steered_manifold_test_d5_residual_s7_k64_layer7_nosg.parquet
2026-09-03T19:10:00Z	454816	validate_steered	b314ce9	python scripts/eval/validate_steered_cifs.py --workers 16 --results-dir steering_results/density_atomic --input steering_results/density_atomic/generated_cifs/steered_manifold_test_d4_residual_s7_k64_layer7_nosg.parquet
2026-09-03T19:10:00Z	454817	validate_steered	b314ce9	python scripts/eval/validate_steered_cifs.py --workers 16 --results-dir steering_results/density_atomic --input steering_results/density_atomic/generated_cifs/steered_manifold_test_d3_residual_s7_k64_layer7_nosg.parquet
2026-09-03T19:10:00Z	454818	validate_steered	b314ce9	python scripts/eval/validate_steered_cifs.py --workers 16 --results-dir steering_results/density_atomic --input steering_results/density_atomic/generated_cifs/steered_manifold_test_d1_residual_s7_k64_layer7_nosg.parquet
2026-09-03T19:10:00Z	454819	validate_steered	b314ce9	python scripts/eval/validate_steered_cifs.py --workers 16 --results-dir steering_results/density_atomic --input steering_results/density_atomic/generated_cifs/steered_manifold_test_d15_residual_s3_k64_layer7_nosg.parquet
2026-09-03T19:10:00Z	454820	validate_steered	b314ce9	python scripts/eval/validate_steered_cifs.py --workers 16 --results-dir steering_results/density_atomic --input steering_results/density_atomic/generated_cifs/steered_manifold_test_d14_residual_s3_k64_layer7_nosg.parquet
2026-09-03T19:10:00Z	454821	validate_steered	b314ce9	python scripts/eval/validate_steered_cifs.py --workers 16 --results-dir steering_results/density_atomic --input steering_results/density_atomic/generated_cifs/steered_manifold_test_d13_residual_s3_k64_layer7_nosg.parquet
2026-09-03T19:10:00Z	454822	validate_steered	b314ce9	python scripts/eval/validate_steered_cifs.py --workers 16 --results-dir steering_results/density_atomic --input steering_results/density_atomic/generated_cifs/steered_manifold_test_d12_residual_s3_k64_layer7_nosg.parquet
2026-09-03T19:10:00Z	454823	validate_steered	b314ce9	python scripts/eval/validate_steered_cifs.py --workers 16 --results-dir steering_results/density_atomic --input steering_results/density_atomic/generated_cifs/steered_manifold_test_d11_residual_s3_k64_layer7_nosg.parquet
2026-09-03T19:10:00Z	454824	validate_steered	b314ce9	python scripts/eval/validate_steered_cifs.py --workers 16 --results-dir steering_results/density_atomic --input steering_results/density_atomic/generated_cifs/steered_manifold_test_d10_residual_s3_k64_layer7_nosg.parquet
2026-09-03T19:10:00Z	454825	validate_steered	b314ce9	python scripts/eval/validate_steered_cifs.py --workers 16 --results-dir steering_results/density_atomic --input steering_results/density_atomic/generated_cifs/steered_manifold_test_d9_residual_s3_k64_layer7_nosg.parquet
2026-09-03T19:10:01Z	454826	validate_steered	b314ce9	python scripts/eval/validate_steered_cifs.py --workers 16 --results-dir steering_results/density_atomic --input steering_results/density_atomic/generated_cifs/steered_manifold_test_d8_residual_s3_k64_layer7_nosg.parquet
2026-09-03T19:10:01Z	454827	validate_steered	b314ce9	python scripts/eval/validate_steered_cifs.py --workers 16 --results-dir steering_results/density_atomic --input steering_results/density_atomic/generated_cifs/steered_manifold_test_d7_residual_s3_k64_layer7_nosg.parquet
2026-09-03T19:10:01Z	454828	validate_steered	b314ce9	python scripts/eval/validate_steered_cifs.py --workers 16 --results-dir steering_results/density_atomic --input steering_results/density_atomic/generated_cifs/steered_manifold_test_d6_residual_s3_k64_layer7_nosg.parquet
2026-09-03T19:10:01Z	454829	validate_steered	b314ce9	python scripts/eval/validate_steered_cifs.py --workers 16 --results-dir steering_results/density_atomic --input steering_results/density_atomic/generated_cifs/steered_manifold_test_d5_residual_s3_k64_layer7_nosg.parquet
2026-09-03T19:10:01Z	454830	validate_steered	b314ce9	python scripts/eval/validate_steered_cifs.py --workers 16 --results-dir steering_results/density_atomic --input steering_results/density_atomic/generated_cifs/steered_manifold_test_d4_residual_s3_k64_layer7_nosg.parquet
2026-09-03T19:10:01Z	454831	validate_steered	b314ce9	python scripts/eval/validate_steered_cifs.py --workers 16 --results-dir steering_results/density_atomic --input steering_results/density_atomic/generated_cifs/steered_manifold_test_d3_residual_s3_k64_layer7_nosg.parquet
2026-09-03T19:10:01Z	454832	validate_steered	b314ce9	python scripts/eval/validate_steered_cifs.py --workers 16 --results-dir steering_results/density_atomic --input steering_results/density_atomic/generated_cifs/steered_manifold_test_d1_residual_s3_k64_layer7_nosg.parquet
2026-09-03T19:10:01Z	454833	validate_steered	b314ce9	python scripts/eval/validate_steered_cifs.py --workers 16 --results-dir steering_results/density_atomic --input steering_results/density_atomic/generated_cifs/steered_manifold_test_d15_residual_s7_k64_layer7_nosg.parquet
2026-09-03T19:10:01Z	454834	validate_steered	b314ce9	python scripts/eval/validate_steered_cifs.py --workers 16 --results-dir steering_results/density_atomic --input steering_results/density_atomic/generated_cifs/steered_manifold_test_d14_residual_s7_k64_layer7_nosg.parquet
2026-09-03T19:10:01Z	454835	validate_steered	b314ce9	python scripts/eval/validate_steered_cifs.py --workers 16 --results-dir steering_results/density_atomic --input steering_results/density_atomic/generated_cifs/steered_manifold_test_d13_residual_s7_k64_layer7_nosg.parquet
2026-09-03T19:10:01Z	454836	validate_steered	b314ce9	python scripts/eval/validate_steered_cifs.py --workers 16 --results-dir steering_results/density_atomic --input steering_results/density_atomic/generated_cifs/steered_manifold_test_d12_residual_s7_k64_layer7_nosg.parquet
2026-09-03T19:10:02Z	454837	validate_steered	b314ce9	python scripts/eval/validate_steered_cifs.py --workers 16 --results-dir steering_results/density_atomic --input steering_results/density_atomic/generated_cifs/steered_manifold_test_d11_residual_s7_k64_layer7_nosg.parquet
2026-09-03T19:10:02Z	454838	validate_steered	b314ce9	python scripts/eval/validate_steered_cifs.py --workers 16 --results-dir steering_results/density_atomic --input steering_results/density_atomic/generated_cifs/steered_manifold_test_d10_residual_s7_k64_layer7_nosg.parquet
2026-09-03T19:10:02Z	454839	validate_steered	b314ce9	python scripts/eval/validate_steered_cifs.py --workers 16 --results-dir steering_results/density_atomic --input steering_results/density_atomic/generated_cifs/steered_manifold_test_d3_residual_s10_k64_layer7_nosg.parquet
2026-09-03T19:10:02Z	454840	validate_steered	b314ce9	python scripts/eval/validate_steered_cifs.py --workers 16 --results-dir steering_results/density_atomic --input steering_results/density_atomic/generated_cifs/steered_manifold_test_d3_residual_s9_k64_layer7_nosg.parquet
2026-09-03T19:10:02Z	454841	validate_steered	b314ce9	python scripts/eval/validate_steered_cifs.py --workers 16 --results-dir steering_results/density_atomic --input steering_results/density_atomic/generated_cifs/steered_manifold_test_d3_residual_s8_k64_layer7_nosg.parquet
2026-09-03T19:10:02Z	454842	validate_steered	b314ce9	python scripts/eval/validate_steered_cifs.py --workers 16 --results-dir steering_results/density_atomic --input steering_results/density_atomic/generated_cifs/steered_manifold_test_d3_residual_s6_k64_layer7_nosg.parquet
2026-09-03T19:10:02Z	454843	validate_steered	b314ce9	python scripts/eval/validate_steered_cifs.py --workers 16 --results-dir steering_results/density_atomic --input steering_results/density_atomic/generated_cifs/steered_manifold_test_d3_residual_s5_k64_layer7_nosg.parquet
2026-09-03T19:10:02Z	454844	validate_steered	b314ce9	python scripts/eval/validate_steered_cifs.py --workers 16 --results-dir steering_results/density_atomic --input steering_results/density_atomic/generated_cifs/steered_manifold_test_d3_residual_s4_k64_layer7_nosg.parquet
2026-09-03T19:10:02Z	454845	validate_steered	b314ce9	python scripts/eval/validate_steered_cifs.py --workers 16 --results-dir steering_results/density_atomic --input steering_results/density_atomic/generated_cifs/steered_manifold_test_d3_residual_s2_k64_layer7_nosg.parquet
2026-09-04T21:04:44Z	457187	steer_manifold_density_l7_nosg	0441d27	python scripts/steering/steer_generate_cif.py --model CrystaLLM/crystallm_v1_large --pkl CrystaLLM/cifs_v1_test_sample1000.pkl.gz --method manifold --steering-property density_atomic --manifold steering_vectors/manifolds/density_atomic_layer7_k64_w1_max40.parquet --layer 7 --k 64 --delta 15 --variant residual --scale 6 --n-samples 3 --temperature 1.0 --use-cache --results-dir steering_results/density_atomic --delta 2 --scale 9 --no-use-cache --results-dir steering_results/density_atomic_nocache
2026-09-04T21:14:12Z	457192	steer_manifold_density_l7_nosg	0441d27	python scripts/steering/steer_generate_cif.py --model CrystaLLM/crystallm_v1_large --pkl CrystaLLM/cifs_v1_test_sample1000.pkl.gz --method manifold --steering-property density_atomic --manifold steering_vectors/manifolds/density_atomic_layer7_k64_w1_max40.parquet --layer 7 --k 64 --delta 15 --variant residual --scale 6 --n-samples 3 --temperature 1.0 --use-cache --results-dir steering_results/density_atomic --delta -2 --scale 1
2026-09-04T21:14:12Z	457193	steer_manifold_density_l7_nosg	0441d27	python scripts/steering/steer_generate_cif.py --model CrystaLLM/crystallm_v1_large --pkl CrystaLLM/cifs_v1_test_sample1000.pkl.gz --method manifold --steering-property density_atomic --manifold steering_vectors/manifolds/density_atomic_layer7_k64_w1_max40.parquet --layer 7 --k 64 --delta 15 --variant residual --scale 6 --n-samples 3 --temperature 1.0 --use-cache --results-dir steering_results/density_atomic --delta -2 --scale 2
2026-09-04T21:14:12Z	457194	steer_manifold_density_l7_nosg	0441d27	python scripts/steering/steer_generate_cif.py --model CrystaLLM/crystallm_v1_large --pkl CrystaLLM/cifs_v1_test_sample1000.pkl.gz --method manifold --steering-property density_atomic --manifold steering_vectors/manifolds/density_atomic_layer7_k64_w1_max40.parquet --layer 7 --k 64 --delta 15 --variant residual --scale 6 --n-samples 3 --temperature 1.0 --use-cache --results-dir steering_results/density_atomic --delta -2 --scale 3
2026-09-04T21:14:12Z	457195	steer_manifold_density_l7_nosg	0441d27	python scripts/steering/steer_generate_cif.py --model CrystaLLM/crystallm_v1_large --pkl CrystaLLM/cifs_v1_test_sample1000.pkl.gz --method manifold --steering-property density_atomic --manifold steering_vectors/manifolds/density_atomic_layer7_k64_w1_max40.parquet --layer 7 --k 64 --delta 15 --variant residual --scale 6 --n-samples 3 --temperature 1.0 --use-cache --results-dir steering_results/density_atomic --delta -2 --scale 4
2026-09-04T21:14:12Z	457196	steer_manifold_density_l7_nosg	0441d27	python scripts/steering/steer_generate_cif.py --model CrystaLLM/crystallm_v1_large --pkl CrystaLLM/cifs_v1_test_sample1000.pkl.gz --method manifold --steering-property density_atomic --manifold steering_vectors/manifolds/density_atomic_layer7_k64_w1_max40.parquet --layer 7 --k 64 --delta 15 --variant residual --scale 6 --n-samples 3 --temperature 1.0 --use-cache --results-dir steering_results/density_atomic --delta -2 --scale 5
2026-09-04T21:14:12Z	457197	steer_manifold_density_l7_nosg	0441d27	python scripts/steering/steer_generate_cif.py --model CrystaLLM/crystallm_v1_large --pkl CrystaLLM/cifs_v1_test_sample1000.pkl.gz --method manifold --steering-property density_atomic --manifold steering_vectors/manifolds/density_atomic_layer7_k64_w1_max40.parquet --layer 7 --k 64 --delta 15 --variant residual --scale 6 --n-samples 3 --temperature 1.0 --use-cache --results-dir steering_results/density_atomic --delta -2 --scale 6
2026-09-04T21:14:12Z	457198	steer_manifold_density_l7_nosg	0441d27	python scripts/steering/steer_generate_cif.py --model CrystaLLM/crystallm_v1_large --pkl CrystaLLM/cifs_v1_test_sample1000.pkl.gz --method manifold --steering-property density_atomic --manifold steering_vectors/manifolds/density_atomic_layer7_k64_w1_max40.parquet --layer 7 --k 64 --delta 15 --variant residual --scale 6 --n-samples 3 --temperature 1.0 --use-cache --results-dir steering_results/density_atomic --delta -2 --scale 7
2026-09-04T21:14:12Z	457199	steer_manifold_density_l7_nosg	0441d27	python scripts/steering/steer_generate_cif.py --model CrystaLLM/crystallm_v1_large --pkl CrystaLLM/cifs_v1_test_sample1000.pkl.gz --method manifold --steering-property density_atomic --manifold steering_vectors/manifolds/density_atomic_layer7_k64_w1_max40.parquet --layer 7 --k 64 --delta 15 --variant residual --scale 6 --n-samples 3 --temperature 1.0 --use-cache --results-dir steering_results/density_atomic --delta -2 --scale 8
2026-09-04T21:14:12Z	457200	steer_manifold_density_l7_nosg	0441d27	python scripts/steering/steer_generate_cif.py --model CrystaLLM/crystallm_v1_large --pkl CrystaLLM/cifs_v1_test_sample1000.pkl.gz --method manifold --steering-property density_atomic --manifold steering_vectors/manifolds/density_atomic_layer7_k64_w1_max40.parquet --layer 7 --k 64 --delta 15 --variant residual --scale 6 --n-samples 3 --temperature 1.0 --use-cache --results-dir steering_results/density_atomic --delta -2 --scale 9
2026-09-04T21:14:12Z	457201	steer_manifold_density_l7_nosg	0441d27	python scripts/steering/steer_generate_cif.py --model CrystaLLM/crystallm_v1_large --pkl CrystaLLM/cifs_v1_test_sample1000.pkl.gz --method manifold --steering-property density_atomic --manifold steering_vectors/manifolds/density_atomic_layer7_k64_w1_max40.parquet --layer 7 --k 64 --delta 15 --variant residual --scale 6 --n-samples 3 --temperature 1.0 --use-cache --results-dir steering_results/density_atomic --delta -2 --scale 10
2026-09-04T21:14:13Z	457202	validate_steered	0441d27	python scripts/eval/validate_steered_cifs.py --workers 16 --results-dir steering_results/density_atomic --input steering_results/density_atomic/generated_cifs/steered_manifold_test_d-2_residual_s10_k64_layer7_nosg.parquet
2026-09-04T21:14:13Z	457203	validate_steered	0441d27	python scripts/eval/validate_steered_cifs.py --workers 16 --results-dir steering_results/density_atomic --input steering_results/density_atomic/generated_cifs/steered_manifold_test_d-2_residual_s9_k64_layer7_nosg.parquet
2026-09-04T21:14:13Z	457204	validate_steered	0441d27	python scripts/eval/validate_steered_cifs.py --workers 16 --results-dir steering_results/density_atomic --input steering_results/density_atomic/generated_cifs/steered_manifold_test_d-2_residual_s8_k64_layer7_nosg.parquet
2026-09-04T21:14:13Z	457205	validate_steered	0441d27	python scripts/eval/validate_steered_cifs.py --workers 16 --results-dir steering_results/density_atomic --input steering_results/density_atomic/generated_cifs/steered_manifold_test_d-2_residual_s7_k64_layer7_nosg.parquet
2026-09-04T21:14:13Z	457206	validate_steered	0441d27	python scripts/eval/validate_steered_cifs.py --workers 16 --results-dir steering_results/density_atomic --input steering_results/density_atomic/generated_cifs/steered_manifold_test_d-2_residual_s6_k64_layer7_nosg.parquet
2026-09-04T21:14:13Z	457207	validate_steered	0441d27	python scripts/eval/validate_steered_cifs.py --workers 16 --results-dir steering_results/density_atomic --input steering_results/density_atomic/generated_cifs/steered_manifold_test_d-2_residual_s5_k64_layer7_nosg.parquet
2026-09-04T21:14:13Z	457208	validate_steered	0441d27	python scripts/eval/validate_steered_cifs.py --workers 16 --results-dir steering_results/density_atomic --input steering_results/density_atomic/generated_cifs/steered_manifold_test_d-2_residual_s4_k64_layer7_nosg.parquet
2026-09-04T21:14:13Z	457209	validate_steered	0441d27	python scripts/eval/validate_steered_cifs.py --workers 16 --results-dir steering_results/density_atomic --input steering_results/density_atomic/generated_cifs/steered_manifold_test_d-2_residual_s3_k64_layer7_nosg.parquet
2026-09-04T21:14:13Z	457210	validate_steered	0441d27	python scripts/eval/validate_steered_cifs.py --workers 16 --results-dir steering_results/density_atomic --input steering_results/density_atomic/generated_cifs/steered_manifold_test_d-2_residual_s2_k64_layer7_nosg.parquet
2026-09-04T21:14:13Z	457211	validate_steered	0441d27	python scripts/eval/validate_steered_cifs.py --workers 16 --results-dir steering_results/density_atomic --input steering_results/density_atomic/generated_cifs/steered_manifold_test_d-2_residual_k64_layer7_nosg.parquet
2026-09-04T21:15:10Z	457212	steer_linear_density_l7_nosg	0441d27	python scripts/steering/steer_generate_cif.py --model CrystaLLM/crystallm_v1_large --pkl CrystaLLM/cifs_v1_test_sample1000.pkl.gz --method linear --steering-property density_atomic --layer 7 --alpha 40 --n-samples 3 --temperature 1.0 --use-cache --results-dir steering_results/density_atomic --alpha -8
2026-09-04T21:15:10Z	457213	steer_linear_density_l7_nosg	0441d27	python scripts/steering/steer_generate_cif.py --model CrystaLLM/crystallm_v1_large --pkl CrystaLLM/cifs_v1_test_sample1000.pkl.gz --method linear --steering-property density_atomic --layer 7 --alpha 40 --n-samples 3 --temperature 1.0 --use-cache --results-dir steering_results/density_atomic --alpha -16
2026-09-04T21:15:10Z	457214	steer_linear_density_l7_nosg	0441d27	python scripts/steering/steer_generate_cif.py --model CrystaLLM/crystallm_v1_large --pkl CrystaLLM/cifs_v1_test_sample1000.pkl.gz --method linear --steering-property density_atomic --layer 7 --alpha 40 --n-samples 3 --temperature 1.0 --use-cache --results-dir steering_results/density_atomic --alpha -32
2026-09-04T21:15:10Z	457215	steer_linear_density_l7_nosg	0441d27	python scripts/steering/steer_generate_cif.py --model CrystaLLM/crystallm_v1_large --pkl CrystaLLM/cifs_v1_test_sample1000.pkl.gz --method linear --steering-property density_atomic --layer 7 --alpha 40 --n-samples 3 --temperature 1.0 --use-cache --results-dir steering_results/density_atomic --alpha -40
2026-09-04T21:15:10Z	457216	steer_linear_density_l7_nosg	0441d27	python scripts/steering/steer_generate_cif.py --model CrystaLLM/crystallm_v1_large --pkl CrystaLLM/cifs_v1_test_sample1000.pkl.gz --method linear --steering-property density_atomic --layer 7 --alpha 40 --n-samples 3 --temperature 1.0 --use-cache --results-dir steering_results/density_atomic --alpha -48
2026-09-04T21:15:10Z	457217	validate_steered	0441d27	python scripts/eval/validate_steered_cifs.py --workers 16 --results-dir steering_results/density_atomic --input steering_results/density_atomic/generated_cifs/steered_test_alpha-48.0_layer7_nosg.parquet
2026-09-04T21:15:11Z	457218	validate_steered	0441d27	python scripts/eval/validate_steered_cifs.py --workers 16 --results-dir steering_results/density_atomic --input steering_results/density_atomic/generated_cifs/steered_test_alpha-40.0_layer7_nosg.parquet
2026-09-04T21:15:11Z	457219	validate_steered	0441d27	python scripts/eval/validate_steered_cifs.py --workers 16 --results-dir steering_results/density_atomic --input steering_results/density_atomic/generated_cifs/steered_test_alpha-32.0_layer7_nosg.parquet
2026-09-04T21:15:11Z	457220	validate_steered	0441d27	python scripts/eval/validate_steered_cifs.py --workers 16 --results-dir steering_results/density_atomic --input steering_results/density_atomic/generated_cifs/steered_test_alpha-16.0_layer7_nosg.parquet
2026-09-04T21:15:11Z	457221	validate_steered	0441d27	python scripts/eval/validate_steered_cifs.py --workers 16 --results-dir steering_results/density_atomic --input steering_results/density_atomic/generated_cifs/steered_test_alpha-8.0_layer7_nosg.parquet
2026-09-04T22:17:38Z	457283	centroid_bandgap_v1all	0441d27	python scripts/plots/centroid_pca_plots.py --partition train --property dos_electronic.band_gap --labels metadata.parquet --dataset v1_all --layer 14 --width 0.05 --sample 5000 --max-per-bucket 5000 --layer 3
2026-09-04T22:17:38Z	457284	centroid_bandgap_v1all	0441d27	python scripts/plots/centroid_pca_plots.py --partition train --property dos_electronic.band_gap --labels metadata.parquet --dataset v1_all --layer 14 --width 0.05 --sample 5000 --max-per-bucket 5000 --layer 3 --min-value 0.05
2026-09-04T22:17:38Z	457285	centroid_bandgap_v1all	0441d27	python scripts/plots/centroid_pca_plots.py --partition train --property dos_electronic.band_gap --labels metadata.parquet --dataset v1_all --layer 14 --width 0.05 --sample 5000 --max-per-bucket 5000 --layer 4
2026-09-04T22:17:38Z	457286	centroid_bandgap_v1all	0441d27	python scripts/plots/centroid_pca_plots.py --partition train --property dos_electronic.band_gap --labels metadata.parquet --dataset v1_all --layer 14 --width 0.05 --sample 5000 --max-per-bucket 5000 --layer 4 --min-value 0.05
2026-09-04T22:25:00Z	457293	pca_basis	0441d27	python scripts/steering/compute_pca_basis.py --layer 14 --k 64 --dataset v1_all --partition train --layer 3
2026-09-04T22:25:00Z	457294	pca_basis	0441d27	python scripts/steering/compute_pca_basis.py --layer 14 --k 64 --dataset v1_all --partition train --layer 4
2026-09-04T22:30:49Z	457300	centroid_bandgap_v1all	0ba985c	python scripts/plots/centroid_pca_plots.py --partition train --property dos_electronic.band_gap --labels metadata.parquet --dataset v1_all --layer 14 --width 0.05 --sample 5000 --max-per-bucket 5000 --layer 3
2026-09-04T22:30:49Z	457301	centroid_bandgap_v1all	0ba985c	python scripts/plots/centroid_pca_plots.py --partition train --property dos_electronic.band_gap --labels metadata.parquet --dataset v1_all --layer 14 --width 0.05 --sample 5000 --max-per-bucket 5000 --layer 3 --min-value 0.05
2026-09-04T22:30:49Z	457302	centroid_bandgap_v1all	0ba985c	python scripts/plots/centroid_pca_plots.py --partition train --property dos_electronic.band_gap --labels metadata.parquet --dataset v1_all --layer 14 --width 0.05 --sample 5000 --max-per-bucket 5000 --layer 4
2026-09-04T22:30:49Z	457303	centroid_bandgap_v1all	0ba985c	python scripts/plots/centroid_pca_plots.py --partition train --property dos_electronic.band_gap --labels metadata.parquet --dataset v1_all --layer 14 --width 0.05 --sample 5000 --max-per-bucket 5000 --layer 4 --min-value 0.05
2026-09-05T01:18:27Z	457698	relax_steered	50840e2	python scripts/eval/relax_steered_cifs.py --results-dir steering_results/bandgap --fmax 0.05 --steps 500 --timeout 60 --checkpoint-every 10 --input steering_results/density_atomic/validation/steered_manifold_test_d10_k64_layer14.parquet --results-dir steering_results/density_atomic
2026-09-05T01:18:27Z	457699	relax_steered	50840e2	python scripts/eval/relax_steered_cifs.py --results-dir steering_results/bandgap --fmax 0.05 --steps 500 --timeout 60 --checkpoint-every 10 --input steering_results/density_atomic/validation/steered_manifold_test_d10_residual_k64_layer7_nosg.parquet --results-dir steering_results/density_atomic
2026-09-05T01:18:27Z	457700	relax_steered	50840e2	python scripts/eval/relax_steered_cifs.py --results-dir steering_results/bandgap --fmax 0.05 --steps 500 --timeout 60 --checkpoint-every 10 --input steering_results/density_atomic/validation/steered_manifold_test_d10_residual_s3_k64_layer7_nosg.parquet --results-dir steering_results/density_atomic
2026-09-05T01:18:27Z	457701	relax_steered	50840e2	python scripts/eval/relax_steered_cifs.py --results-dir steering_results/bandgap --fmax 0.05 --steps 500 --timeout 60 --checkpoint-every 10 --input steering_results/density_atomic/validation/steered_manifold_test_d10_residual_s6_k64_layer7_nosg.parquet --results-dir steering_results/density_atomic
2026-09-05T01:18:27Z	457702	relax_steered	50840e2	python scripts/eval/relax_steered_cifs.py --results-dir steering_results/bandgap --fmax 0.05 --steps 500 --timeout 60 --checkpoint-every 10 --input steering_results/density_atomic/validation/steered_manifold_test_d10_residual_s7_k64_layer7_nosg.parquet --results-dir steering_results/density_atomic
2026-09-05T01:18:27Z	457703	relax_steered	50840e2	python scripts/eval/relax_steered_cifs.py --results-dir steering_results/bandgap --fmax 0.05 --steps 500 --timeout 60 --checkpoint-every 10 --input steering_results/density_atomic/validation/steered_manifold_test_d11_residual_k64_layer7_nosg.parquet --results-dir steering_results/density_atomic
2026-09-05T01:18:27Z	457704	relax_steered	50840e2	python scripts/eval/relax_steered_cifs.py --results-dir steering_results/bandgap --fmax 0.05 --steps 500 --timeout 60 --checkpoint-every 10 --input steering_results/density_atomic/validation/steered_manifold_test_d11_residual_s3_k64_layer7_nosg.parquet --results-dir steering_results/density_atomic
2026-09-05T01:18:27Z	457705	relax_steered	50840e2	python scripts/eval/relax_steered_cifs.py --results-dir steering_results/bandgap --fmax 0.05 --steps 500 --timeout 60 --checkpoint-every 10 --input steering_results/density_atomic/validation/steered_manifold_test_d11_residual_s7_k64_layer7_nosg.parquet --results-dir steering_results/density_atomic
2026-09-05T01:18:27Z	457706	relax_steered	50840e2	python scripts/eval/relax_steered_cifs.py --results-dir steering_results/bandgap --fmax 0.05 --steps 500 --timeout 60 --checkpoint-every 10 --input steering_results/density_atomic/validation/steered_manifold_test_d12_residual_k64_layer7_nosg.parquet --results-dir steering_results/density_atomic
2026-09-05T01:18:27Z	457707	relax_steered	50840e2	python scripts/eval/relax_steered_cifs.py --results-dir steering_results/bandgap --fmax 0.05 --steps 500 --timeout 60 --checkpoint-every 10 --input steering_results/density_atomic/validation/steered_manifold_test_d12_residual_s3_k64_layer7_nosg.parquet --results-dir steering_results/density_atomic
2026-09-05T01:18:27Z	457708	relax_steered	50840e2	python scripts/eval/relax_steered_cifs.py --results-dir steering_results/bandgap --fmax 0.05 --steps 500 --timeout 60 --checkpoint-every 10 --input steering_results/density_atomic/validation/steered_manifold_test_d12_residual_s7_k64_layer7_nosg.parquet --results-dir steering_results/density_atomic
2026-09-05T01:18:28Z	457709	relax_steered	50840e2	python scripts/eval/relax_steered_cifs.py --results-dir steering_results/bandgap --fmax 0.05 --steps 500 --timeout 60 --checkpoint-every 10 --input steering_results/density_atomic/validation/steered_manifold_test_d13_residual_k64_layer7_nosg.parquet --results-dir steering_results/density_atomic
2026-09-05T01:18:28Z	457710	relax_steered	50840e2	python scripts/eval/relax_steered_cifs.py --results-dir steering_results/bandgap --fmax 0.05 --steps 500 --timeout 60 --checkpoint-every 10 --input steering_results/density_atomic/validation/steered_manifold_test_d13_residual_s3_k64_layer7_nosg.parquet --results-dir steering_results/density_atomic
2026-09-05T01:18:28Z	457711	relax_steered	50840e2	python scripts/eval/relax_steered_cifs.py --results-dir steering_results/bandgap --fmax 0.05 --steps 500 --timeout 60 --checkpoint-every 10 --input steering_results/density_atomic/validation/steered_manifold_test_d13_residual_s7_k64_layer7_nosg.parquet --results-dir steering_results/density_atomic
2026-09-05T01:18:28Z	457712	relax_steered	50840e2	python scripts/eval/relax_steered_cifs.py --results-dir steering_results/bandgap --fmax 0.05 --steps 500 --timeout 60 --checkpoint-every 10 --input steering_results/density_atomic/validation/steered_manifold_test_d14_residual_k64_layer7_nosg.parquet --results-dir steering_results/density_atomic
2026-09-05T01:18:28Z	457713	relax_steered	50840e2	python scripts/eval/relax_steered_cifs.py --results-dir steering_results/bandgap --fmax 0.05 --steps 500 --timeout 60 --checkpoint-every 10 --input steering_results/density_atomic/validation/steered_manifold_test_d14_residual_s3_k64_layer7_nosg.parquet --results-dir steering_results/density_atomic
2026-09-05T01:18:28Z	457714	relax_steered	50840e2	python scripts/eval/relax_steered_cifs.py --results-dir steering_results/bandgap --fmax 0.05 --steps 500 --timeout 60 --checkpoint-every 10 --input steering_results/density_atomic/validation/steered_manifold_test_d14_residual_s7_k64_layer7_nosg.parquet --results-dir steering_results/density_atomic
2026-09-05T01:18:28Z	457715	relax_steered	50840e2	python scripts/eval/relax_steered_cifs.py --results-dir steering_results/bandgap --fmax 0.05 --steps 500 --timeout 60 --checkpoint-every 10 --input steering_results/density_atomic/validation/steered_manifold_test_d15_k64_layer14.parquet --results-dir steering_results/density_atomic
2026-09-05T01:18:28Z	457716	relax_steered	50840e2	python scripts/eval/relax_steered_cifs.py --results-dir steering_results/bandgap --fmax 0.05 --steps 500 --timeout 60 --checkpoint-every 10 --input steering_results/density_atomic/validation/steered_manifold_test_d15_residual_k64_layer7_nosg.parquet --results-dir steering_results/density_atomic
2026-09-05T01:18:28Z	457717	relax_steered	50840e2	python scripts/eval/relax_steered_cifs.py --results-dir steering_results/bandgap --fmax 0.05 --steps 500 --timeout 60 --checkpoint-every 10 --input steering_results/density_atomic/validation/steered_manifold_test_d15_residual_s12_k64_layer14.parquet --results-dir steering_results/density_atomic
2026-09-05T01:18:28Z	457718	relax_steered	50840e2	python scripts/eval/relax_steered_cifs.py --results-dir steering_results/bandgap --fmax 0.05 --steps 500 --timeout 60 --checkpoint-every 10 --input steering_results/density_atomic/validation/steered_manifold_test_d15_residual_s2_k64_layer7_nosg.parquet --results-dir steering_results/density_atomic
2026-09-05T01:18:28Z	457719	relax_steered	50840e2	python scripts/eval/relax_steered_cifs.py --results-dir steering_results/bandgap --fmax 0.05 --steps 500 --timeout 60 --checkpoint-every 10 --input steering_results/density_atomic/validation/steered_manifold_test_d15_residual_s3_k64_layer7_nosg.parquet --results-dir steering_results/density_atomic
2026-09-05T01:18:28Z	457720	relax_steered	50840e2	python scripts/eval/relax_steered_cifs.py --results-dir steering_results/bandgap --fmax 0.05 --steps 500 --timeout 60 --checkpoint-every 10 --input steering_results/density_atomic/validation/steered_manifold_test_d15_residual_s4_k64_layer7_nosg.parquet --results-dir steering_results/density_atomic
2026-09-05T01:18:28Z	457721	relax_steered	50840e2	python scripts/eval/relax_steered_cifs.py --results-dir steering_results/bandgap --fmax 0.05 --steps 500 --timeout 60 --checkpoint-every 10 --input steering_results/density_atomic/validation/steered_manifold_test_d15_residual_s6_k64_layer14.parquet --results-dir steering_results/density_atomic
2026-09-05T01:18:29Z	457722	relax_steered	50840e2	python scripts/eval/relax_steered_cifs.py --results-dir steering_results/bandgap --fmax 0.05 --steps 500 --timeout 60 --checkpoint-every 10 --input steering_results/density_atomic/validation/steered_manifold_test_d15_residual_s6_k64_layer7_nosg.parquet --results-dir steering_results/density_atomic
2026-09-05T01:18:29Z	457723	relax_steered	50840e2	python scripts/eval/relax_steered_cifs.py --results-dir steering_results/bandgap --fmax 0.05 --steps 500 --timeout 60 --checkpoint-every 10 --input steering_results/density_atomic/validation/steered_manifold_test_d15_residual_s7_k64_layer7_nosg.parquet --results-dir steering_results/density_atomic
2026-09-05T01:18:29Z	457724	relax_steered	50840e2	python scripts/eval/relax_steered_cifs.py --results-dir steering_results/bandgap --fmax 0.05 --steps 500 --timeout 60 --checkpoint-every 10 --input steering_results/density_atomic/validation/steered_manifold_test_d15_residual_s8_k64_layer7_nosg.parquet --results-dir steering_results/density_atomic
2026-09-05T01:18:29Z	457725	relax_steered	50840e2	python scripts/eval/relax_steered_cifs.py --results-dir steering_results/bandgap --fmax 0.05 --steps 500 --timeout 60 --checkpoint-every 10 --input steering_results/density_atomic/validation/steered_manifold_test_d1_residual_k64_layer7_nosg.parquet --results-dir steering_results/density_atomic
2026-09-05T01:18:29Z	457726	relax_steered	50840e2	python scripts/eval/relax_steered_cifs.py --results-dir steering_results/bandgap --fmax 0.05 --steps 500 --timeout 60 --checkpoint-every 10 --input steering_results/density_atomic/validation/steered_manifold_test_d1_residual_s3_k64_layer7_nosg.parquet --results-dir steering_results/density_atomic
2026-09-05T01:18:29Z	457727	relax_steered	50840e2	python scripts/eval/relax_steered_cifs.py --results-dir steering_results/bandgap --fmax 0.05 --steps 500 --timeout 60 --checkpoint-every 10 --input steering_results/density_atomic/validation/steered_manifold_test_d1_residual_s7_k64_layer7_nosg.parquet --results-dir steering_results/density_atomic
2026-09-05T01:18:29Z	457728	relax_steered	50840e2	python scripts/eval/relax_steered_cifs.py --results-dir steering_results/bandgap --fmax 0.05 --steps 500 --timeout 60 --checkpoint-every 10 --input steering_results/density_atomic/validation/steered_manifold_test_d2_k64_layer14.parquet --results-dir steering_results/density_atomic
2026-09-05T01:18:29Z	457729	relax_steered	50840e2	python scripts/eval/relax_steered_cifs.py --results-dir steering_results/bandgap --fmax 0.05 --steps 500 --timeout 60 --checkpoint-every 10 --input steering_results/density_atomic/validation/steered_manifold_test_d2_residual_k64_layer7_nosg.parquet --results-dir steering_results/density_atomic
2026-09-05T01:18:29Z	457730	relax_steered	50840e2	python scripts/eval/relax_steered_cifs.py --results-dir steering_results/bandgap --fmax 0.05 --steps 500 --timeout 60 --checkpoint-every 10 --input steering_results/density_atomic/validation/steered_manifold_test_d2_residual_s10_k64_layer7_nosg.parquet --results-dir steering_results/density_atomic
2026-09-05T01:18:29Z	457731	relax_steered	50840e2	python scripts/eval/relax_steered_cifs.py --results-dir steering_results/bandgap --fmax 0.05 --steps 500 --timeout 60 --checkpoint-every 10 --input steering_results/density_atomic/validation/steered_manifold_test_d2_residual_s2_k64_layer7_nosg.parquet --results-dir steering_results/density_atomic
2026-09-05T01:18:29Z	457732	relax_steered	50840e2	python scripts/eval/relax_steered_cifs.py --results-dir steering_results/bandgap --fmax 0.05 --steps 500 --timeout 60 --checkpoint-every 10 --input steering_results/density_atomic/validation/steered_manifold_test_d2_residual_s3_k64_layer7_nosg.parquet --results-dir steering_results/density_atomic
2026-09-05T01:18:29Z	457733	relax_steered	50840e2	python scripts/eval/relax_steered_cifs.py --results-dir steering_results/bandgap --fmax 0.05 --steps 500 --timeout 60 --checkpoint-every 10 --input steering_results/density_atomic/validation/steered_manifold_test_d2_residual_s4_k64_layer7_nosg.parquet --results-dir steering_results/density_atomic
2026-09-05T01:18:29Z	457734	relax_steered	50840e2	python scripts/eval/relax_steered_cifs.py --results-dir steering_results/bandgap --fmax 0.05 --steps 500 --timeout 60 --checkpoint-every 10 --input steering_results/density_atomic/validation/steered_manifold_test_d2_residual_s5_k64_layer7_nosg.parquet --results-dir steering_results/density_atomic
2026-09-05T01:18:30Z	457735	relax_steered	50840e2	python scripts/eval/relax_steered_cifs.py --results-dir steering_results/bandgap --fmax 0.05 --steps 500 --timeout 60 --checkpoint-every 10 --input steering_results/density_atomic/validation/steered_manifold_test_d2_residual_s6_k64_layer7_nosg.parquet --results-dir steering_results/density_atomic
2026-09-05T01:18:30Z	457736	relax_steered	50840e2	python scripts/eval/relax_steered_cifs.py --results-dir steering_results/bandgap --fmax 0.05 --steps 500 --timeout 60 --checkpoint-every 10 --input steering_results/density_atomic/validation/steered_manifold_test_d2_residual_s7_k64_layer7_nosg.parquet --results-dir steering_results/density_atomic
2026-09-05T01:18:30Z	457737	relax_steered	50840e2	python scripts/eval/relax_steered_cifs.py --results-dir steering_results/bandgap --fmax 0.05 --steps 500 --timeout 60 --checkpoint-every 10 --input steering_results/density_atomic/validation/steered_manifold_test_d2_residual_s8_k64_layer7_nosg.parquet --results-dir steering_results/density_atomic
2026-09-05T01:18:30Z	457738	relax_steered	50840e2	python scripts/eval/relax_steered_cifs.py --results-dir steering_results/bandgap --fmax 0.05 --steps 500 --timeout 60 --checkpoint-every 10 --input steering_results/density_atomic/validation/steered_manifold_test_d2_residual_s9_k64_layer7_nosg.parquet --results-dir steering_results/density_atomic
2026-09-05T01:18:30Z	457739	relax_steered	50840e2	python scripts/eval/relax_steered_cifs.py --results-dir steering_results/bandgap --fmax 0.05 --steps 500 --timeout 60 --checkpoint-every 10 --input steering_results/density_atomic/validation/steered_manifold_test_d3_residual_k64_layer7_nosg.parquet --results-dir steering_results/density_atomic
2026-09-05T01:18:30Z	457740	relax_steered	50840e2	python scripts/eval/relax_steered_cifs.py --results-dir steering_results/bandgap --fmax 0.05 --steps 500 --timeout 60 --checkpoint-every 10 --input steering_results/density_atomic/validation/steered_manifold_test_d3_residual_s10_k64_layer7_nosg.parquet --results-dir steering_results/density_atomic
2026-09-05T01:18:30Z	457741	relax_steered	50840e2	python scripts/eval/relax_steered_cifs.py --results-dir steering_results/bandgap --fmax 0.05 --steps 500 --timeout 60 --checkpoint-every 10 --input steering_results/density_atomic/validation/steered_manifold_test_d3_residual_s2_k64_layer7_nosg.parquet --results-dir steering_results/density_atomic
2026-09-05T01:18:30Z	457742	relax_steered	50840e2	python scripts/eval/relax_steered_cifs.py --results-dir steering_results/bandgap --fmax 0.05 --steps 500 --timeout 60 --checkpoint-every 10 --input steering_results/density_atomic/validation/steered_manifold_test_d3_residual_s3_k64_layer7_nosg.parquet --results-dir steering_results/density_atomic
2026-09-05T01:18:30Z	457743	relax_steered	50840e2	python scripts/eval/relax_steered_cifs.py --results-dir steering_results/bandgap --fmax 0.05 --steps 500 --timeout 60 --checkpoint-every 10 --input steering_results/density_atomic/validation/steered_manifold_test_d3_residual_s4_k64_layer7_nosg.parquet --results-dir steering_results/density_atomic
2026-09-05T01:18:30Z	457744	relax_steered	50840e2	python scripts/eval/relax_steered_cifs.py --results-dir steering_results/bandgap --fmax 0.05 --steps 500 --timeout 60 --checkpoint-every 10 --input steering_results/density_atomic/validation/steered_manifold_test_d3_residual_s5_k64_layer7_nosg.parquet --results-dir steering_results/density_atomic
2026-09-05T01:18:30Z	457745	relax_steered	50840e2	python scripts/eval/relax_steered_cifs.py --results-dir steering_results/bandgap --fmax 0.05 --steps 500 --timeout 60 --checkpoint-every 10 --input steering_results/density_atomic/validation/steered_manifold_test_d3_residual_s6_k64_layer7_nosg.parquet --results-dir steering_results/density_atomic
2026-09-05T01:18:30Z	457746	relax_steered	50840e2	python scripts/eval/relax_steered_cifs.py --results-dir steering_results/bandgap --fmax 0.05 --steps 500 --timeout 60 --checkpoint-every 10 --input steering_results/density_atomic/validation/steered_manifold_test_d3_residual_s7_k64_layer7_nosg.parquet --results-dir steering_results/density_atomic
2026-09-05T01:18:30Z	457747	relax_steered	50840e2	python scripts/eval/relax_steered_cifs.py --results-dir steering_results/bandgap --fmax 0.05 --steps 500 --timeout 60 --checkpoint-every 10 --input steering_results/density_atomic/validation/steered_manifold_test_d3_residual_s8_k64_layer7_nosg.parquet --results-dir steering_results/density_atomic
2026-09-05T01:18:30Z	457748	relax_steered	50840e2	python scripts/eval/relax_steered_cifs.py --results-dir steering_results/bandgap --fmax 0.05 --steps 500 --timeout 60 --checkpoint-every 10 --input steering_results/density_atomic/validation/steered_manifold_test_d3_residual_s9_k64_layer7_nosg.parquet --results-dir steering_results/density_atomic
2026-09-05T01:18:31Z	457749	relax_steered	50840e2	python scripts/eval/relax_steered_cifs.py --results-dir steering_results/bandgap --fmax 0.05 --steps 500 --timeout 60 --checkpoint-every 10 --input steering_results/density_atomic/validation/steered_manifold_test_d4_residual_k64_layer7_nosg.parquet --results-dir steering_results/density_atomic
2026-09-05T01:18:31Z	457750	relax_steered	50840e2	python scripts/eval/relax_steered_cifs.py --results-dir steering_results/bandgap --fmax 0.05 --steps 500 --timeout 60 --checkpoint-every 10 --input steering_results/density_atomic/validation/steered_manifold_test_d4_residual_s3_k64_layer7_nosg.parquet --results-dir steering_results/density_atomic
2026-09-05T01:18:31Z	457751	relax_steered	50840e2	python scripts/eval/relax_steered_cifs.py --results-dir steering_results/bandgap --fmax 0.05 --steps 500 --timeout 60 --checkpoint-every 10 --input steering_results/density_atomic/validation/steered_manifold_test_d4_residual_s7_k64_layer7_nosg.parquet --results-dir steering_results/density_atomic
2026-09-05T01:18:31Z	457752	relax_steered	50840e2	python scripts/eval/relax_steered_cifs.py --results-dir steering_results/bandgap --fmax 0.05 --steps 500 --timeout 60 --checkpoint-every 10 --input steering_results/density_atomic/validation/steered_manifold_test_d5_k64_layer14.parquet --results-dir steering_results/density_atomic
2026-09-05T01:18:31Z	457753	relax_steered	50840e2	python scripts/eval/relax_steered_cifs.py --results-dir steering_results/bandgap --fmax 0.05 --steps 500 --timeout 60 --checkpoint-every 10 --input steering_results/density_atomic/validation/steered_manifold_test_d5_residual_k64_layer7_nosg.parquet --results-dir steering_results/density_atomic
2026-09-05T01:18:31Z	457754	relax_steered	50840e2	python scripts/eval/relax_steered_cifs.py --results-dir steering_results/bandgap --fmax 0.05 --steps 500 --timeout 60 --checkpoint-every 10 --input steering_results/density_atomic/validation/steered_manifold_test_d5_residual_s3_k64_layer7_nosg.parquet --results-dir steering_results/density_atomic
2026-09-05T01:18:31Z	457755	relax_steered	50840e2	python scripts/eval/relax_steered_cifs.py --results-dir steering_results/bandgap --fmax 0.05 --steps 500 --timeout 60 --checkpoint-every 10 --input steering_results/density_atomic/validation/steered_manifold_test_d5_residual_s6_k64_layer7_nosg.parquet --results-dir steering_results/density_atomic
2026-09-05T01:18:31Z	457756	relax_steered	50840e2	python scripts/eval/relax_steered_cifs.py --results-dir steering_results/bandgap --fmax 0.05 --steps 500 --timeout 60 --checkpoint-every 10 --input steering_results/density_atomic/validation/steered_manifold_test_d5_residual_s7_k64_layer7_nosg.parquet --results-dir steering_results/density_atomic
2026-09-05T01:18:31Z	457757	relax_steered	50840e2	python scripts/eval/relax_steered_cifs.py --results-dir steering_results/bandgap --fmax 0.05 --steps 500 --timeout 60 --checkpoint-every 10 --input steering_results/density_atomic/validation/steered_manifold_test_d6_residual_k64_layer7_nosg.parquet --results-dir steering_results/density_atomic
2026-09-05T01:18:31Z	457758	relax_steered	50840e2	python scripts/eval/relax_steered_cifs.py --results-dir steering_results/bandgap --fmax 0.05 --steps 500 --timeout 60 --checkpoint-every 10 --input steering_results/density_atomic/validation/steered_manifold_test_d6_residual_s3_k64_layer7_nosg.parquet --results-dir steering_results/density_atomic
2026-09-05T01:18:31Z	457759	relax_steered	50840e2	python scripts/eval/relax_steered_cifs.py --results-dir steering_results/bandgap --fmax 0.05 --steps 500 --timeout 60 --checkpoint-every 10 --input steering_results/density_atomic/validation/steered_manifold_test_d6_residual_s7_k64_layer7_nosg.parquet --results-dir steering_results/density_atomic
2026-09-05T01:18:31Z	457760	relax_steered	50840e2	python scripts/eval/relax_steered_cifs.py --results-dir steering_results/bandgap --fmax 0.05 --steps 500 --timeout 60 --checkpoint-every 10 --input steering_results/density_atomic/validation/steered_manifold_test_d7_residual_k64_layer7_nosg.parquet --results-dir steering_results/density_atomic
2026-09-05T01:18:31Z	457761	relax_steered	50840e2	python scripts/eval/relax_steered_cifs.py --results-dir steering_results/bandgap --fmax 0.05 --steps 500 --timeout 60 --checkpoint-every 10 --input steering_results/density_atomic/validation/steered_manifold_test_d7_residual_s3_k64_layer7_nosg.parquet --results-dir steering_results/density_atomic
2026-09-05T01:18:32Z	457762	relax_steered	50840e2	python scripts/eval/relax_steered_cifs.py --results-dir steering_results/bandgap --fmax 0.05 --steps 500 --timeout 60 --checkpoint-every 10 --input steering_results/density_atomic/validation/steered_manifold_test_d7_residual_s7_k64_layer7_nosg.parquet --results-dir steering_results/density_atomic
2026-09-05T01:18:32Z	457763	relax_steered	50840e2	python scripts/eval/relax_steered_cifs.py --results-dir steering_results/bandgap --fmax 0.05 --steps 500 --timeout 60 --checkpoint-every 10 --input steering_results/density_atomic/validation/steered_manifold_test_d8_residual_k64_layer7_nosg.parquet --results-dir steering_results/density_atomic
2026-09-05T01:18:32Z	457764	relax_steered	50840e2	python scripts/eval/relax_steered_cifs.py --results-dir steering_results/bandgap --fmax 0.05 --steps 500 --timeout 60 --checkpoint-every 10 --input steering_results/density_atomic/validation/steered_manifold_test_d8_residual_s3_k64_layer7_nosg.parquet --results-dir steering_results/density_atomic
2026-09-05T01:18:32Z	457765	relax_steered	50840e2	python scripts/eval/relax_steered_cifs.py --results-dir steering_results/bandgap --fmax 0.05 --steps 500 --timeout 60 --checkpoint-every 10 --input steering_results/density_atomic/validation/steered_manifold_test_d8_residual_s7_k64_layer7_nosg.parquet --results-dir steering_results/density_atomic
2026-09-05T01:18:32Z	457766	relax_steered	50840e2	python scripts/eval/relax_steered_cifs.py --results-dir steering_results/bandgap --fmax 0.05 --steps 500 --timeout 60 --checkpoint-every 10 --input steering_results/density_atomic/validation/steered_manifold_test_d9_residual_k64_layer7_nosg.parquet --results-dir steering_results/density_atomic
2026-09-05T01:18:32Z	457767	relax_steered	50840e2	python scripts/eval/relax_steered_cifs.py --results-dir steering_results/bandgap --fmax 0.05 --steps 500 --timeout 60 --checkpoint-every 10 --input steering_results/density_atomic/validation/steered_manifold_test_d9_residual_s3_k64_layer7_nosg.parquet --results-dir steering_results/density_atomic
2026-09-05T01:18:32Z	457768	relax_steered	50840e2	python scripts/eval/relax_steered_cifs.py --results-dir steering_results/bandgap --fmax 0.05 --steps 500 --timeout 60 --checkpoint-every 10 --input steering_results/density_atomic/validation/steered_manifold_test_d9_residual_s7_k64_layer7_nosg.parquet --results-dir steering_results/density_atomic
2026-09-05T01:18:32Z	457769	relax_steered	50840e2	python scripts/eval/relax_steered_cifs.py --results-dir steering_results/bandgap --fmax 0.05 --steps 500 --timeout 60 --checkpoint-every 10 --input steering_results/density_atomic/validation/steered_pca_test_target22.5_t0.25_k64_layer14.parquet --results-dir steering_results/density_atomic
2026-09-05T01:18:32Z	457770	relax_steered	50840e2	python scripts/eval/relax_steered_cifs.py --results-dir steering_results/bandgap --fmax 0.05 --steps 500 --timeout 60 --checkpoint-every 10 --input steering_results/density_atomic/validation/steered_pca_test_target22.5_t0.5_k64_layer14.parquet --results-dir steering_results/density_atomic
2026-09-05T01:18:32Z	457771	relax_steered	50840e2	python scripts/eval/relax_steered_cifs.py --results-dir steering_results/bandgap --fmax 0.05 --steps 500 --timeout 60 --checkpoint-every 10 --input steering_results/density_atomic/validation/steered_pca_test_target22.5_t0.75_k64_layer14.parquet --results-dir steering_results/density_atomic
2026-09-05T01:18:32Z	457772	relax_steered	50840e2	python scripts/eval/relax_steered_cifs.py --results-dir steering_results/bandgap --fmax 0.05 --steps 500 --timeout 60 --checkpoint-every 10 --input steering_results/density_atomic/validation/steered_pca_test_target22.5_t1.0_k64_layer14.parquet --results-dir steering_results/density_atomic
2026-09-05T01:18:32Z	457773	relax_steered	50840e2	python scripts/eval/relax_steered_cifs.py --results-dir steering_results/bandgap --fmax 0.05 --steps 500 --timeout 60 --checkpoint-every 10 --input steering_results/density_atomic/validation/steered_pca_test_target30_t0.25_k64_layer14.parquet --results-dir steering_results/density_atomic
2026-09-05T01:18:32Z	457774	relax_steered	50840e2	python scripts/eval/relax_steered_cifs.py --results-dir steering_results/bandgap --fmax 0.05 --steps 500 --timeout 60 --checkpoint-every 10 --input steering_results/density_atomic/validation/steered_pca_test_target30_t0.25_k64_layer9.parquet --results-dir steering_results/density_atomic
2026-09-05T01:18:33Z	457775	relax_steered	50840e2	python scripts/eval/relax_steered_cifs.py --results-dir steering_results/bandgap --fmax 0.05 --steps 500 --timeout 60 --checkpoint-every 10 --input steering_results/density_atomic/validation/steered_pca_test_target30_t0.5_k64_layer14.parquet --results-dir steering_results/density_atomic
2026-09-05T01:18:33Z	457776	relax_steered	50840e2	python scripts/eval/relax_steered_cifs.py --results-dir steering_results/bandgap --fmax 0.05 --steps 500 --timeout 60 --checkpoint-every 10 --input steering_results/density_atomic/validation/steered_pca_test_target30_t0.5_k64_layer9.parquet --results-dir steering_results/density_atomic
2026-09-05T01:18:33Z	457777	relax_steered	50840e2	python scripts/eval/relax_steered_cifs.py --results-dir steering_results/bandgap --fmax 0.05 --steps 500 --timeout 60 --checkpoint-every 10 --input steering_results/density_atomic/validation/steered_pca_test_target30_t0.75_k64_layer9.parquet --results-dir steering_results/density_atomic
2026-09-05T01:18:33Z	457778	relax_steered	50840e2	python scripts/eval/relax_steered_cifs.py --results-dir steering_results/bandgap --fmax 0.05 --steps 500 --timeout 60 --checkpoint-every 10 --input steering_results/density_atomic/validation/steered_pca_test_target30_t1.0_k64_layer14.parquet --results-dir steering_results/density_atomic
2026-09-05T01:18:33Z	457779	relax_steered	50840e2	python scripts/eval/relax_steered_cifs.py --results-dir steering_results/bandgap --fmax 0.05 --steps 500 --timeout 60 --checkpoint-every 10 --input steering_results/density_atomic/validation/steered_pcalocal_test_target30_t0.25_k64_nb256_layer14.parquet --results-dir steering_results/density_atomic
2026-09-05T01:18:33Z	457780	relax_steered	50840e2	python scripts/eval/relax_steered_cifs.py --results-dir steering_results/bandgap --fmax 0.05 --steps 500 --timeout 60 --checkpoint-every 10 --input steering_results/density_atomic/validation/steered_pcalocal_test_target30_t0.5_k64_nb256_layer14.parquet --results-dir steering_results/density_atomic
2026-09-05T01:18:33Z	457781	relax_steered	50840e2	python scripts/eval/relax_steered_cifs.py --results-dir steering_results/bandgap --fmax 0.05 --steps 500 --timeout 60 --checkpoint-every 10 --input steering_results/density_atomic/validation/steered_pcalocal_test_target30_t0.75_k64_nb256_layer14.parquet --results-dir steering_results/density_atomic
2026-09-05T01:18:33Z	457782	relax_steered	50840e2	python scripts/eval/relax_steered_cifs.py --results-dir steering_results/bandgap --fmax 0.05 --steps 500 --timeout 60 --checkpoint-every 10 --input steering_results/density_atomic/validation/steered_test_alpha0.0_layer7_nosg.parquet --results-dir steering_results/density_atomic
2026-09-05T01:18:33Z	457783	relax_steered	50840e2	python scripts/eval/relax_steered_cifs.py --results-dir steering_results/bandgap --fmax 0.05 --steps 500 --timeout 60 --checkpoint-every 10 --input steering_results/density_atomic/validation/steered_test_alpha16.0_layer7_nosg.parquet --results-dir steering_results/density_atomic
2026-09-05T01:18:33Z	457784	relax_steered	50840e2	python scripts/eval/relax_steered_cifs.py --results-dir steering_results/bandgap --fmax 0.05 --steps 500 --timeout 60 --checkpoint-every 10 --input steering_results/density_atomic/validation/steered_test_alpha32.0_layer7_nosg.parquet --results-dir steering_results/density_atomic
2026-09-05T01:18:33Z	457785	relax_steered	50840e2	python scripts/eval/relax_steered_cifs.py --results-dir steering_results/bandgap --fmax 0.05 --steps 500 --timeout 60 --checkpoint-every 10 --input steering_results/density_atomic/validation/steered_test_alpha40.0_layer7_nosg.parquet --results-dir steering_results/density_atomic
2026-09-05T01:18:33Z	457786	relax_steered	50840e2	python scripts/eval/relax_steered_cifs.py --results-dir steering_results/bandgap --fmax 0.05 --steps 500 --timeout 60 --checkpoint-every 10 --input steering_results/density_atomic/validation/steered_test_alpha48.0_layer7_nosg.parquet --results-dir steering_results/density_atomic
2026-09-05T01:18:33Z	457787	relax_steered	50840e2	python scripts/eval/relax_steered_cifs.py --results-dir steering_results/bandgap --fmax 0.05 --steps 500 --timeout 60 --checkpoint-every 10 --input steering_results/density_atomic/validation/steered_test_alpha8.0_layer7_nosg.parquet --results-dir steering_results/density_atomic
2026-09-05T01:18:34Z	457788	relax_steered	50840e2	python scripts/eval/relax_steered_cifs.py --results-dir steering_results/bandgap --fmax 0.05 --steps 500 --timeout 60 --checkpoint-every 10 --input steering_results/efermi/validation/steered_test_alpha0.0_layer14.parquet --results-dir steering_results/efermi
2026-09-05T01:18:34Z	457789	relax_steered	50840e2	python scripts/eval/relax_steered_cifs.py --results-dir steering_results/bandgap --fmax 0.05 --steps 500 --timeout 60 --checkpoint-every 10 --input steering_results/efermi/validation/steered_test_alpha40.0_layer14.parquet --results-dir steering_results/efermi
2026-09-05T01:18:34Z	457790	relax_steered	50840e2	python scripts/eval/relax_steered_cifs.py --results-dir steering_results/bandgap --fmax 0.05 --steps 500 --timeout 60 --checkpoint-every 10 --input steering_results/efermi/validation/steered_test_alpha80.0_layer14.parquet --results-dir steering_results/efermi
2026-09-05T01:18:34Z	457791	relax_steered	50840e2	python scripts/eval/relax_steered_cifs.py --results-dir steering_results/bandgap --fmax 0.05 --steps 500 --timeout 60 --checkpoint-every 10 --input steering_results/energy_above_hull/validation/steered_test_alpha0.0_layer14.parquet --results-dir steering_results/energy_above_hull
2026-09-05T01:18:34Z	457792	relax_steered	50840e2	python scripts/eval/relax_steered_cifs.py --results-dir steering_results/bandgap --fmax 0.05 --steps 500 --timeout 60 --checkpoint-every 10 --input steering_results/energy_above_hull/validation/steered_test_alpha40.0_layer14.parquet --results-dir steering_results/energy_above_hull
2026-09-05T01:18:34Z	457793	relax_steered	50840e2	python scripts/eval/relax_steered_cifs.py --results-dir steering_results/bandgap --fmax 0.05 --steps 500 --timeout 60 --checkpoint-every 10 --input steering_results/energy_above_hull/validation/steered_test_alpha80.0_layer14.parquet --results-dir steering_results/energy_above_hull
2026-09-05T01:18:34Z	457794	relax_steered	50840e2	python scripts/eval/relax_steered_cifs.py --results-dir steering_results/bandgap --fmax 0.05 --steps 500 --timeout 60 --checkpoint-every 10 --input steering_results/formation_energy_per_atom/validation/steered_test_alpha0.0_layer14.parquet --results-dir steering_results/formation_energy_per_atom
2026-09-05T01:18:34Z	457795	relax_steered	50840e2	python scripts/eval/relax_steered_cifs.py --results-dir steering_results/bandgap --fmax 0.05 --steps 500 --timeout 60 --checkpoint-every 10 --input steering_results/formation_energy_per_atom/validation/steered_test_alpha40.0_layer14.parquet --results-dir steering_results/formation_energy_per_atom
2026-09-05T01:18:34Z	457796	relax_steered	50840e2	python scripts/eval/relax_steered_cifs.py --results-dir steering_results/bandgap --fmax 0.05 --steps 500 --timeout 60 --checkpoint-every 10 --input steering_results/formation_energy_per_atom/validation/steered_test_alpha80.0_layer14.parquet --results-dir steering_results/formation_energy_per_atom
2026-09-05T01:18:34Z	457797	relax_steered	50840e2	python scripts/eval/relax_steered_cifs.py --results-dir steering_results/bandgap --fmax 0.05 --steps 500 --timeout 60 --checkpoint-every 10 --input steering_results/total_magnetization/validation/steered_test_alpha0.0_layer14.parquet --results-dir steering_results/total_magnetization
2026-09-05T01:18:34Z	457798	relax_steered	50840e2	python scripts/eval/relax_steered_cifs.py --results-dir steering_results/bandgap --fmax 0.05 --steps 500 --timeout 60 --checkpoint-every 10 --input steering_results/total_magnetization/validation/steered_test_alpha40.0_layer14.parquet --results-dir steering_results/total_magnetization
2026-09-05T01:18:34Z	457799	relax_steered	50840e2	python scripts/eval/relax_steered_cifs.py --results-dir steering_results/bandgap --fmax 0.05 --steps 500 --timeout 60 --checkpoint-every 10 --input steering_results/total_magnetization/validation/steered_test_alpha80.0_layer14.parquet --results-dir steering_results/total_magnetization
2026-09-06T22:53:23Z	459339	pca_basis	3eae5fd	python scripts/steering/compute_pca_basis.py --layer 14 --k 64 --dataset v1_all --partition train --layer 0
2026-09-06T22:53:23Z	459340	pca_basis	3eae5fd	python scripts/steering/compute_pca_basis.py --layer 14 --k 64 --dataset v1_all --partition train --layer 1
2026-09-06T22:53:23Z	459341	pca_basis	3eae5fd	python scripts/steering/compute_pca_basis.py --layer 14 --k 64 --dataset v1_all --partition train --layer 2
2026-09-06T22:53:23Z	459342	pca_basis	3eae5fd	python scripts/steering/compute_pca_basis.py --layer 14 --k 64 --dataset v1_all --partition train --layer 5
2026-09-06T22:53:24Z	459343	pca_basis	3eae5fd	python scripts/steering/compute_pca_basis.py --layer 14 --k 64 --dataset v1_all --partition train --layer 6
2026-09-06T22:53:24Z	459344	pca_basis	3eae5fd	python scripts/steering/compute_pca_basis.py --layer 14 --k 64 --dataset v1_all --partition train --layer 8
2026-09-06T22:53:24Z	459345	pca_basis	3eae5fd	python scripts/steering/compute_pca_basis.py --layer 14 --k 64 --dataset v1_all --partition train --layer 11
2026-09-06T22:53:24Z	459346	pca_basis	3eae5fd	python scripts/steering/compute_pca_basis.py --layer 14 --k 64 --dataset v1_all --partition train --layer 12
2026-09-06T22:53:24Z	459347	pca_basis	3eae5fd	python scripts/steering/compute_pca_basis.py --layer 14 --k 64 --dataset v1_all --partition train --layer 13
2026-09-06T22:53:24Z	459348	pca_basis	3eae5fd	python scripts/steering/compute_pca_basis.py --layer 14 --k 64 --dataset v1_all --partition train --layer 15
2026-09-06T22:55:02Z	459350	fit_manifold_density	3eae5fd	python scripts/steering/fit_manifold.py --property density_atomic --labels density_atomic_v1.parquet --dataset v1_all --partition train --layer 14 --k 64 --width 1 --max-value 40 --layer 0
2026-09-06T22:55:02Z	459351	fit_manifold_eath	3eae5fd	python scripts/steering/fit_manifold.py --property energy_above_hull --labels metadata_mp.parquet --id-col material_id --dataset v1_mp --partition not_heldout --layer 10 --k 64 --width 0.1 --max-value 5.0 --layer 0
2026-09-06T22:55:02Z	459352	fit_manifold_density	3eae5fd	python scripts/steering/fit_manifold.py --property density_atomic --labels density_atomic_v1.parquet --dataset v1_all --partition train --layer 14 --k 64 --width 1 --max-value 40 --layer 1
2026-09-06T22:55:02Z	459353	fit_manifold_eath	3eae5fd	python scripts/steering/fit_manifold.py --property energy_above_hull --labels metadata_mp.parquet --id-col material_id --dataset v1_mp --partition not_heldout --layer 10 --k 64 --width 0.1 --max-value 5.0 --layer 1
2026-09-06T22:55:02Z	459354	fit_manifold_density	3eae5fd	python scripts/steering/fit_manifold.py --property density_atomic --labels density_atomic_v1.parquet --dataset v1_all --partition train --layer 14 --k 64 --width 1 --max-value 40 --layer 2
2026-09-06T22:55:02Z	459355	fit_manifold_eath	3eae5fd	python scripts/steering/fit_manifold.py --property energy_above_hull --labels metadata_mp.parquet --id-col material_id --dataset v1_mp --partition not_heldout --layer 10 --k 64 --width 0.1 --max-value 5.0 --layer 2
2026-09-06T22:55:02Z	459356	fit_manifold_density	3eae5fd	python scripts/steering/fit_manifold.py --property density_atomic --labels density_atomic_v1.parquet --dataset v1_all --partition train --layer 14 --k 64 --width 1 --max-value 40 --layer 3
2026-09-06T22:55:02Z	459357	fit_manifold_eath	3eae5fd	python scripts/steering/fit_manifold.py --property energy_above_hull --labels metadata_mp.parquet --id-col material_id --dataset v1_mp --partition not_heldout --layer 10 --k 64 --width 0.1 --max-value 5.0 --layer 3
2026-09-06T22:55:02Z	459358	fit_manifold_density	3eae5fd	python scripts/steering/fit_manifold.py --property density_atomic --labels density_atomic_v1.parquet --dataset v1_all --partition train --layer 14 --k 64 --width 1 --max-value 40 --layer 4
2026-09-06T22:55:02Z	459359	fit_manifold_eath	3eae5fd	python scripts/steering/fit_manifold.py --property energy_above_hull --labels metadata_mp.parquet --id-col material_id --dataset v1_mp --partition not_heldout --layer 10 --k 64 --width 0.1 --max-value 5.0 --layer 4
2026-09-06T22:55:02Z	459360	fit_manifold_density	3eae5fd	python scripts/steering/fit_manifold.py --property density_atomic --labels density_atomic_v1.parquet --dataset v1_all --partition train --layer 14 --k 64 --width 1 --max-value 40 --layer 5
2026-09-06T22:55:03Z	459361	fit_manifold_eath	3eae5fd	python scripts/steering/fit_manifold.py --property energy_above_hull --labels metadata_mp.parquet --id-col material_id --dataset v1_mp --partition not_heldout --layer 10 --k 64 --width 0.1 --max-value 5.0 --layer 5
2026-09-06T22:55:03Z	459362	fit_manifold_density	3eae5fd	python scripts/steering/fit_manifold.py --property density_atomic --labels density_atomic_v1.parquet --dataset v1_all --partition train --layer 14 --k 64 --width 1 --max-value 40 --layer 6
2026-09-06T22:55:03Z	459363	fit_manifold_eath	3eae5fd	python scripts/steering/fit_manifold.py --property energy_above_hull --labels metadata_mp.parquet --id-col material_id --dataset v1_mp --partition not_heldout --layer 10 --k 64 --width 0.1 --max-value 5.0 --layer 6
2026-09-06T22:55:03Z	459364	fit_manifold_eath	3eae5fd	python scripts/steering/fit_manifold.py --property energy_above_hull --labels metadata_mp.parquet --id-col material_id --dataset v1_mp --partition not_heldout --layer 10 --k 64 --width 0.1 --max-value 5.0 --layer 7
2026-09-06T22:55:03Z	459365	fit_manifold_density	3eae5fd	python scripts/steering/fit_manifold.py --property density_atomic --labels density_atomic_v1.parquet --dataset v1_all --partition train --layer 14 --k 64 --width 1 --max-value 40 --layer 8
2026-09-06T22:55:03Z	459366	fit_manifold_eath	3eae5fd	python scripts/steering/fit_manifold.py --property energy_above_hull --labels metadata_mp.parquet --id-col material_id --dataset v1_mp --partition not_heldout --layer 10 --k 64 --width 0.1 --max-value 5.0 --layer 8
2026-09-06T22:55:03Z	459367	fit_manifold_density	3eae5fd	python scripts/steering/fit_manifold.py --property density_atomic --labels density_atomic_v1.parquet --dataset v1_all --partition train --layer 14 --k 64 --width 1 --max-value 40 --layer 9
2026-09-06T22:55:03Z	459368	fit_manifold_eath	3eae5fd	python scripts/steering/fit_manifold.py --property energy_above_hull --labels metadata_mp.parquet --id-col material_id --dataset v1_mp --partition not_heldout --layer 10 --k 64 --width 0.1 --max-value 5.0 --layer 9
2026-09-06T22:55:03Z	459369	fit_manifold_density	3eae5fd	python scripts/steering/fit_manifold.py --property density_atomic --labels density_atomic_v1.parquet --dataset v1_all --partition train --layer 14 --k 64 --width 1 --max-value 40 --layer 10
2026-09-06T22:55:03Z	459370	fit_manifold_density	3eae5fd	python scripts/steering/fit_manifold.py --property density_atomic --labels density_atomic_v1.parquet --dataset v1_all --partition train --layer 14 --k 64 --width 1 --max-value 40 --layer 11
2026-09-06T22:55:03Z	459371	fit_manifold_eath	3eae5fd	python scripts/steering/fit_manifold.py --property energy_above_hull --labels metadata_mp.parquet --id-col material_id --dataset v1_mp --partition not_heldout --layer 10 --k 64 --width 0.1 --max-value 5.0 --layer 11
2026-09-06T22:55:03Z	459372	fit_manifold_density	3eae5fd	python scripts/steering/fit_manifold.py --property density_atomic --labels density_atomic_v1.parquet --dataset v1_all --partition train --layer 14 --k 64 --width 1 --max-value 40 --layer 12
2026-09-06T22:55:03Z	459373	fit_manifold_eath	3eae5fd	python scripts/steering/fit_manifold.py --property energy_above_hull --labels metadata_mp.parquet --id-col material_id --dataset v1_mp --partition not_heldout --layer 10 --k 64 --width 0.1 --max-value 5.0 --layer 12
2026-09-06T22:55:04Z	459374	fit_manifold_density	3eae5fd	python scripts/steering/fit_manifold.py --property density_atomic --labels density_atomic_v1.parquet --dataset v1_all --partition train --layer 14 --k 64 --width 1 --max-value 40 --layer 13
2026-09-06T22:55:04Z	459375	fit_manifold_eath	3eae5fd	python scripts/steering/fit_manifold.py --property energy_above_hull --labels metadata_mp.parquet --id-col material_id --dataset v1_mp --partition not_heldout --layer 10 --k 64 --width 0.1 --max-value 5.0 --layer 13
2026-09-06T22:55:04Z	459376	fit_manifold_eath	3eae5fd	python scripts/steering/fit_manifold.py --property energy_above_hull --labels metadata_mp.parquet --id-col material_id --dataset v1_mp --partition not_heldout --layer 10 --k 64 --width 0.1 --max-value 5.0 --layer 14
2026-09-06T22:55:04Z	459377	fit_manifold_density	3eae5fd	python scripts/steering/fit_manifold.py --property density_atomic --labels density_atomic_v1.parquet --dataset v1_all --partition train --layer 14 --k 64 --width 1 --max-value 40 --layer 15
2026-09-06T22:55:04Z	459378	fit_manifold_eath	3eae5fd	python scripts/steering/fit_manifold.py --property energy_above_hull --labels metadata_mp.parquet --id-col material_id --dataset v1_mp --partition not_heldout --layer 10 --k 64 --width 0.1 --max-value 5.0 --layer 15
2026-09-07T00:06:50Z	459411	baseline_gen	222212c	python scripts/steering/steer_generate_cif.py --model CrystaLLM/crystallm_v1_large --pkl CrystaLLM/cifs_v1_test_sample1000.pkl.gz --method linear --steering-property density_atomic --layer 0 --alpha 0 --n-samples 3 --temperature 1.0 --use-cache --results-dir steering_results/baseline
2026-09-07T00:06:50Z	459412	baseline_gen	222212c	python scripts/steering/steer_generate_cif.py --model CrystaLLM/crystallm_v1_large --pkl CrystaLLM/cifs_v1_test_sample1000.pkl.gz --method linear --steering-property density_atomic --layer 0 --alpha 0 --n-samples 3 --temperature 1.0 --use-cache --results-dir steering_results/baseline --with-spacegroup
2026-09-07T01:06:15Z	459464	cocluster_train	6ba49ce	python scripts/analysis/spec_cocluster_analysis.py 50 sites 0
2026-09-07T01:06:15Z	459465	cocluster_train	6ba49ce	python scripts/analysis/spec_cocluster_analysis.py 50 sites 1
2026-09-07T01:06:15Z	459466	cocluster_train	6ba49ce	python scripts/analysis/spec_cocluster_analysis.py 50 sites 2
2026-09-07T01:06:15Z	459467	cocluster_train	6ba49ce	python scripts/analysis/spec_cocluster_analysis.py 50 sites 3
2026-09-07T01:06:15Z	459468	cocluster_train	6ba49ce	python scripts/analysis/spec_cocluster_analysis.py 50 sites 4
2026-09-07T01:06:15Z	459469	cocluster_train	6ba49ce	python scripts/analysis/spec_cocluster_analysis.py 50 sites 5
2026-09-07T01:06:15Z	459470	cocluster_train	6ba49ce	python scripts/analysis/spec_cocluster_analysis.py 50 sites 6
2026-09-07T01:06:15Z	459471	cocluster_train	6ba49ce	python scripts/analysis/spec_cocluster_analysis.py 50 sites 7
2026-09-07T01:06:15Z	459472	cocluster_train	6ba49ce	python scripts/analysis/spec_cocluster_analysis.py 50 sites 8
2026-09-07T01:06:15Z	459473	cocluster_train	6ba49ce	python scripts/analysis/spec_cocluster_analysis.py 50 sites 9
2026-09-07T01:06:15Z	459474	cocluster_train	6ba49ce	python scripts/analysis/spec_cocluster_analysis.py 50 sites 10
2026-09-07T01:06:16Z	459475	cocluster_train	6ba49ce	python scripts/analysis/spec_cocluster_analysis.py 50 sites 11
2026-09-07T01:06:16Z	459476	cocluster_train	6ba49ce	python scripts/analysis/spec_cocluster_analysis.py 50 sites 12
2026-09-07T01:06:16Z	459477	cocluster_train	6ba49ce	python scripts/analysis/spec_cocluster_analysis.py 50 sites 13
2026-09-07T01:06:16Z	459478	cocluster_train	6ba49ce	python scripts/analysis/spec_cocluster_analysis.py 50 sites 14
2026-09-07T01:06:16Z	459479	cocluster_train	6ba49ce	python scripts/analysis/spec_cocluster_analysis.py 50 sites 15
2026-09-07T01:06:16Z	459480	cocluster_train	6ba49ce	python scripts/analysis/spec_cocluster_analysis.py 150 sites 0
2026-09-07T01:06:16Z	459481	cocluster_train	6ba49ce	python scripts/analysis/spec_cocluster_analysis.py 150 sites 1
2026-09-07T01:06:16Z	459482	cocluster_train	6ba49ce	python scripts/analysis/spec_cocluster_analysis.py 150 sites 2
2026-09-07T01:06:16Z	459483	cocluster_train	6ba49ce	python scripts/analysis/spec_cocluster_analysis.py 150 sites 3
2026-09-07T01:06:16Z	459484	cocluster_train	6ba49ce	python scripts/analysis/spec_cocluster_analysis.py 150 sites 4
2026-09-07T01:06:16Z	459485	cocluster_train	6ba49ce	python scripts/analysis/spec_cocluster_analysis.py 150 sites 5
2026-09-07T01:06:16Z	459486	cocluster_train	6ba49ce	python scripts/analysis/spec_cocluster_analysis.py 150 sites 6
2026-09-07T01:06:16Z	459487	cocluster_train	6ba49ce	python scripts/analysis/spec_cocluster_analysis.py 150 sites 7
2026-09-07T01:06:16Z	459488	cocluster_train	6ba49ce	python scripts/analysis/spec_cocluster_analysis.py 150 sites 8
2026-09-07T01:06:16Z	459489	cocluster_train	6ba49ce	python scripts/analysis/spec_cocluster_analysis.py 150 sites 9
2026-09-07T01:06:16Z	459490	cocluster_train	6ba49ce	python scripts/analysis/spec_cocluster_analysis.py 150 sites 10
2026-09-07T01:06:17Z	459491	cocluster_train	6ba49ce	python scripts/analysis/spec_cocluster_analysis.py 150 sites 11
2026-09-07T01:06:17Z	459492	cocluster_train	6ba49ce	python scripts/analysis/spec_cocluster_analysis.py 150 sites 12
2026-09-07T01:06:17Z	459493	cocluster_train	6ba49ce	python scripts/analysis/spec_cocluster_analysis.py 150 sites 13
2026-09-07T01:06:17Z	459494	cocluster_train	6ba49ce	python scripts/analysis/spec_cocluster_analysis.py 150 sites 14
2026-09-07T01:06:17Z	459495	cocluster_train	6ba49ce	python scripts/analysis/spec_cocluster_analysis.py 150 sites 15
2026-09-07T01:08:27Z	459496	cocluster_train	c0a8c34	python scripts/analysis/spec_cocluster_analysis.py 50 sites 0
2026-09-07T01:08:28Z	459497	cocluster_train	c0a8c34	python scripts/analysis/spec_cocluster_analysis.py 50 sites 1
2026-09-07T01:08:28Z	459498	cocluster_train	c0a8c34	python scripts/analysis/spec_cocluster_analysis.py 50 sites 2
2026-09-07T01:08:28Z	459499	cocluster_train	c0a8c34	python scripts/analysis/spec_cocluster_analysis.py 50 sites 3
2026-09-07T01:08:28Z	459500	cocluster_train	c0a8c34	python scripts/analysis/spec_cocluster_analysis.py 50 sites 4
2026-09-07T01:08:28Z	459501	cocluster_train	c0a8c34	python scripts/analysis/spec_cocluster_analysis.py 50 sites 5
2026-09-07T01:08:28Z	459502	cocluster_train	c0a8c34	python scripts/analysis/spec_cocluster_analysis.py 50 sites 6
2026-09-07T01:08:28Z	459503	cocluster_train	c0a8c34	python scripts/analysis/spec_cocluster_analysis.py 50 sites 7
2026-09-07T01:08:28Z	459504	cocluster_train	c0a8c34	python scripts/analysis/spec_cocluster_analysis.py 50 sites 8
2026-09-07T01:08:28Z	459505	cocluster_train	c0a8c34	python scripts/analysis/spec_cocluster_analysis.py 50 sites 9
2026-09-07T01:08:28Z	459506	cocluster_train	c0a8c34	python scripts/analysis/spec_cocluster_analysis.py 50 sites 10
2026-09-07T01:08:28Z	459507	cocluster_train	c0a8c34	python scripts/analysis/spec_cocluster_analysis.py 50 sites 11
2026-09-07T01:08:28Z	459508	cocluster_train	c0a8c34	python scripts/analysis/spec_cocluster_analysis.py 50 sites 12
2026-09-07T01:08:28Z	459509	cocluster_train	c0a8c34	python scripts/analysis/spec_cocluster_analysis.py 50 sites 13
2026-09-07T01:08:28Z	459510	cocluster_train	c0a8c34	python scripts/analysis/spec_cocluster_analysis.py 50 sites 14
2026-09-07T01:08:29Z	459511	cocluster_train	c0a8c34	python scripts/analysis/spec_cocluster_analysis.py 50 sites 15
2026-09-07T01:08:29Z	459512	cocluster_train	c0a8c34	python scripts/analysis/spec_cocluster_analysis.py 150 sites 0
2026-09-07T01:08:29Z	459513	cocluster_train	c0a8c34	python scripts/analysis/spec_cocluster_analysis.py 150 sites 1
2026-09-07T01:08:29Z	459514	cocluster_train	c0a8c34	python scripts/analysis/spec_cocluster_analysis.py 150 sites 2
2026-09-07T01:08:29Z	459515	cocluster_train	c0a8c34	python scripts/analysis/spec_cocluster_analysis.py 150 sites 3
2026-09-07T01:08:29Z	459516	cocluster_train	c0a8c34	python scripts/analysis/spec_cocluster_analysis.py 150 sites 4
2026-09-07T01:08:29Z	459517	cocluster_train	c0a8c34	python scripts/analysis/spec_cocluster_analysis.py 150 sites 5
2026-09-07T01:08:29Z	459518	cocluster_train	c0a8c34	python scripts/analysis/spec_cocluster_analysis.py 150 sites 6
2026-09-07T01:08:29Z	459519	cocluster_train	c0a8c34	python scripts/analysis/spec_cocluster_analysis.py 150 sites 7
2026-09-07T01:08:29Z	459520	cocluster_train	c0a8c34	python scripts/analysis/spec_cocluster_analysis.py 150 sites 8
2026-09-07T01:08:29Z	459521	cocluster_train	c0a8c34	python scripts/analysis/spec_cocluster_analysis.py 150 sites 9
2026-09-07T01:08:29Z	459522	cocluster_train	c0a8c34	python scripts/analysis/spec_cocluster_analysis.py 150 sites 10
2026-09-07T01:08:29Z	459523	cocluster_train	c0a8c34	python scripts/analysis/spec_cocluster_analysis.py 150 sites 11
2026-09-07T01:08:29Z	459524	cocluster_train	c0a8c34	python scripts/analysis/spec_cocluster_analysis.py 150 sites 12
2026-09-07T01:08:29Z	459525	cocluster_train	c0a8c34	python scripts/analysis/spec_cocluster_analysis.py 150 sites 13
2026-09-07T01:08:30Z	459526	cocluster_train	c0a8c34	python scripts/analysis/spec_cocluster_analysis.py 150 sites 14
2026-09-07T01:08:30Z	459527	cocluster_train	c0a8c34	python scripts/analysis/spec_cocluster_analysis.py 150 sites 15
2026-09-07T02:00:53Z	459630	steer_linear_bandgap_l4_nosg	d89ae2a	python scripts/steering/steer_generate_cif.py --model CrystaLLM/crystallm_v1_large --pkl CrystaLLM/cifs_v1_test_sample1000.pkl.gz --method linear --steering-property bandgap --layer 4 --alpha 16 --n-samples 3 --temperature 1.0 --use-cache --results-dir steering_results/bandgap --alpha 8
2026-09-07T02:00:53Z	459631	steer_linear_bandgap_l4_nosg	d89ae2a	python scripts/steering/steer_generate_cif.py --model CrystaLLM/crystallm_v1_large --pkl CrystaLLM/cifs_v1_test_sample1000.pkl.gz --method linear --steering-property bandgap --layer 4 --alpha 16 --n-samples 3 --temperature 1.0 --use-cache --results-dir steering_results/bandgap --alpha 16
2026-09-07T02:00:53Z	459632	steer_linear_bandgap_l4_nosg	d89ae2a	python scripts/steering/steer_generate_cif.py --model CrystaLLM/crystallm_v1_large --pkl CrystaLLM/cifs_v1_test_sample1000.pkl.gz --method linear --steering-property bandgap --layer 4 --alpha 16 --n-samples 3 --temperature 1.0 --use-cache --results-dir steering_results/bandgap --alpha 32
2026-09-07T02:00:53Z	459633	steer_linear_bandgap_l4_nosg	d89ae2a	python scripts/steering/steer_generate_cif.py --model CrystaLLM/crystallm_v1_large --pkl CrystaLLM/cifs_v1_test_sample1000.pkl.gz --method linear --steering-property bandgap --layer 4 --alpha 16 --n-samples 3 --temperature 1.0 --use-cache --results-dir steering_results/bandgap --alpha 40
2026-09-07T02:00:53Z	459634	steer_linear_bandgap_l4_nosg	d89ae2a	python scripts/steering/steer_generate_cif.py --model CrystaLLM/crystallm_v1_large --pkl CrystaLLM/cifs_v1_test_sample1000.pkl.gz --method linear --steering-property bandgap --layer 4 --alpha 16 --n-samples 3 --temperature 1.0 --use-cache --results-dir steering_results/bandgap --alpha 48
2026-09-07T02:00:53Z	459635	steer_linear_eath_l10_nosg	d89ae2a	python scripts/steering/steer_generate_cif.py --model CrystaLLM/crystallm_v1_large --pkl CrystaLLM/cifs_v1_test_sample1000.pkl.gz --method linear --steering-property energy_above_hull --layer 10 --alpha -16 --n-samples 3 --temperature 1.0 --use-cache --results-dir steering_results/energy_above_hull --alpha -8
2026-09-07T02:00:53Z	459636	steer_linear_eath_l10_nosg	d89ae2a	python scripts/steering/steer_generate_cif.py --model CrystaLLM/crystallm_v1_large --pkl CrystaLLM/cifs_v1_test_sample1000.pkl.gz --method linear --steering-property energy_above_hull --layer 10 --alpha -16 --n-samples 3 --temperature 1.0 --use-cache --results-dir steering_results/energy_above_hull --alpha -16
2026-09-07T02:00:53Z	459637	steer_linear_eath_l10_nosg	d89ae2a	python scripts/steering/steer_generate_cif.py --model CrystaLLM/crystallm_v1_large --pkl CrystaLLM/cifs_v1_test_sample1000.pkl.gz --method linear --steering-property energy_above_hull --layer 10 --alpha -16 --n-samples 3 --temperature 1.0 --use-cache --results-dir steering_results/energy_above_hull --alpha -32
2026-09-07T02:00:53Z	459638	steer_linear_eath_l10_nosg	d89ae2a	python scripts/steering/steer_generate_cif.py --model CrystaLLM/crystallm_v1_large --pkl CrystaLLM/cifs_v1_test_sample1000.pkl.gz --method linear --steering-property energy_above_hull --layer 10 --alpha -16 --n-samples 3 --temperature 1.0 --use-cache --results-dir steering_results/energy_above_hull --alpha -40
2026-09-07T02:00:54Z	459639	steer_linear_eath_l10_nosg	d89ae2a	python scripts/steering/steer_generate_cif.py --model CrystaLLM/crystallm_v1_large --pkl CrystaLLM/cifs_v1_test_sample1000.pkl.gz --method linear --steering-property energy_above_hull --layer 10 --alpha -16 --n-samples 3 --temperature 1.0 --use-cache --results-dir steering_results/energy_above_hull --alpha -48
2026-09-07T02:00:54Z	459640	steer_manifold_bandgap_l4_nosg	d89ae2a	python scripts/steering/steer_generate_cif.py --model CrystaLLM/crystallm_v1_large --pkl CrystaLLM/cifs_v1_test_sample1000.pkl.gz --method manifold --steering-property bandgap --manifold steering_vectors/manifolds/dos_electronic_band_gap_layer4_k64_w0.05.parquet --layer 4 --k 64 --delta 2 --variant residual --scale 1 --n-samples 3 --temperature 1.0 --use-cache --results-dir steering_results/bandgap --delta 2 --scale 1
2026-09-07T02:00:54Z	459641	steer_manifold_eath_l10_nosg	d89ae2a	python scripts/steering/steer_generate_cif.py --model CrystaLLM/crystallm_v1_large --pkl CrystaLLM/cifs_v1_test_sample1000.pkl.gz --method manifold --steering-property energy_above_hull --manifold steering_vectors/manifolds/energy_above_hull_layer10_k64_w0.1_max5.parquet --layer 10 --k 64 --delta 2 --variant residual --scale -1 --n-samples 3 --temperature 1.0 --use-cache --results-dir steering_results/energy_above_hull --delta 2 --scale -1
2026-09-07T02:00:54Z	459642	steer_manifold_bandgap_l4_nosg	d89ae2a	python scripts/steering/steer_generate_cif.py --model CrystaLLM/crystallm_v1_large --pkl CrystaLLM/cifs_v1_test_sample1000.pkl.gz --method manifold --steering-property bandgap --manifold steering_vectors/manifolds/dos_electronic_band_gap_layer4_k64_w0.05.parquet --layer 4 --k 64 --delta 2 --variant residual --scale 1 --n-samples 3 --temperature 1.0 --use-cache --results-dir steering_results/bandgap --delta 2 --scale 2
2026-09-07T02:00:54Z	459643	steer_manifold_eath_l10_nosg	d89ae2a	python scripts/steering/steer_generate_cif.py --model CrystaLLM/crystallm_v1_large --pkl CrystaLLM/cifs_v1_test_sample1000.pkl.gz --method manifold --steering-property energy_above_hull --manifold steering_vectors/manifolds/energy_above_hull_layer10_k64_w0.1_max5.parquet --layer 10 --k 64 --delta 2 --variant residual --scale -1 --n-samples 3 --temperature 1.0 --use-cache --results-dir steering_results/energy_above_hull --delta 2 --scale -2
2026-09-07T02:00:54Z	459644	steer_manifold_bandgap_l4_nosg	d89ae2a	python scripts/steering/steer_generate_cif.py --model CrystaLLM/crystallm_v1_large --pkl CrystaLLM/cifs_v1_test_sample1000.pkl.gz --method manifold --steering-property bandgap --manifold steering_vectors/manifolds/dos_electronic_band_gap_layer4_k64_w0.05.parquet --layer 4 --k 64 --delta 2 --variant residual --scale 1 --n-samples 3 --temperature 1.0 --use-cache --results-dir steering_results/bandgap --delta 2 --scale 3
2026-09-07T02:00:54Z	459645	steer_manifold_eath_l10_nosg	d89ae2a	python scripts/steering/steer_generate_cif.py --model CrystaLLM/crystallm_v1_large --pkl CrystaLLM/cifs_v1_test_sample1000.pkl.gz --method manifold --steering-property energy_above_hull --manifold steering_vectors/manifolds/energy_above_hull_layer10_k64_w0.1_max5.parquet --layer 10 --k 64 --delta 2 --variant residual --scale -1 --n-samples 3 --temperature 1.0 --use-cache --results-dir steering_results/energy_above_hull --delta 2 --scale -3
2026-09-07T02:00:54Z	459646	steer_manifold_bandgap_l4_nosg	d89ae2a	python scripts/steering/steer_generate_cif.py --model CrystaLLM/crystallm_v1_large --pkl CrystaLLM/cifs_v1_test_sample1000.pkl.gz --method manifold --steering-property bandgap --manifold steering_vectors/manifolds/dos_electronic_band_gap_layer4_k64_w0.05.parquet --layer 4 --k 64 --delta 2 --variant residual --scale 1 --n-samples 3 --temperature 1.0 --use-cache --results-dir steering_results/bandgap --delta 2 --scale 4
2026-09-07T02:00:54Z	459647	steer_manifold_eath_l10_nosg	d89ae2a	python scripts/steering/steer_generate_cif.py --model CrystaLLM/crystallm_v1_large --pkl CrystaLLM/cifs_v1_test_sample1000.pkl.gz --method manifold --steering-property energy_above_hull --manifold steering_vectors/manifolds/energy_above_hull_layer10_k64_w0.1_max5.parquet --layer 10 --k 64 --delta 2 --variant residual --scale -1 --n-samples 3 --temperature 1.0 --use-cache --results-dir steering_results/energy_above_hull --delta 2 --scale -4
2026-09-07T02:00:54Z	459648	steer_manifold_bandgap_l4_nosg	d89ae2a	python scripts/steering/steer_generate_cif.py --model CrystaLLM/crystallm_v1_large --pkl CrystaLLM/cifs_v1_test_sample1000.pkl.gz --method manifold --steering-property bandgap --manifold steering_vectors/manifolds/dos_electronic_band_gap_layer4_k64_w0.05.parquet --layer 4 --k 64 --delta 2 --variant residual --scale 1 --n-samples 3 --temperature 1.0 --use-cache --results-dir steering_results/bandgap --delta 2 --scale 5
2026-09-07T02:00:55Z	459649	steer_manifold_eath_l10_nosg	d89ae2a	python scripts/steering/steer_generate_cif.py --model CrystaLLM/crystallm_v1_large --pkl CrystaLLM/cifs_v1_test_sample1000.pkl.gz --method manifold --steering-property energy_above_hull --manifold steering_vectors/manifolds/energy_above_hull_layer10_k64_w0.1_max5.parquet --layer 10 --k 64 --delta 2 --variant residual --scale -1 --n-samples 3 --temperature 1.0 --use-cache --results-dir steering_results/energy_above_hull --delta 2 --scale -5
2026-09-07T02:00:55Z	459650	steer_manifold_bandgap_l4_nosg	d89ae2a	python scripts/steering/steer_generate_cif.py --model CrystaLLM/crystallm_v1_large --pkl CrystaLLM/cifs_v1_test_sample1000.pkl.gz --method manifold --steering-property bandgap --manifold steering_vectors/manifolds/dos_electronic_band_gap_layer4_k64_w0.05.parquet --layer 4 --k 64 --delta 2 --variant residual --scale 1 --n-samples 3 --temperature 1.0 --use-cache --results-dir steering_results/bandgap --delta 2 --scale 6
2026-09-07T02:00:55Z	459651	steer_manifold_eath_l10_nosg	d89ae2a	python scripts/steering/steer_generate_cif.py --model CrystaLLM/crystallm_v1_large --pkl CrystaLLM/cifs_v1_test_sample1000.pkl.gz --method manifold --steering-property energy_above_hull --manifold steering_vectors/manifolds/energy_above_hull_layer10_k64_w0.1_max5.parquet --layer 10 --k 64 --delta 2 --variant residual --scale -1 --n-samples 3 --temperature 1.0 --use-cache --results-dir steering_results/energy_above_hull --delta 2 --scale -6
2026-09-07T02:00:55Z	459652	steer_manifold_bandgap_l4_nosg	d89ae2a	python scripts/steering/steer_generate_cif.py --model CrystaLLM/crystallm_v1_large --pkl CrystaLLM/cifs_v1_test_sample1000.pkl.gz --method manifold --steering-property bandgap --manifold steering_vectors/manifolds/dos_electronic_band_gap_layer4_k64_w0.05.parquet --layer 4 --k 64 --delta 2 --variant residual --scale 1 --n-samples 3 --temperature 1.0 --use-cache --results-dir steering_results/bandgap --delta 2 --scale 7
2026-09-07T02:00:55Z	459653	steer_manifold_eath_l10_nosg	d89ae2a	python scripts/steering/steer_generate_cif.py --model CrystaLLM/crystallm_v1_large --pkl CrystaLLM/cifs_v1_test_sample1000.pkl.gz --method manifold --steering-property energy_above_hull --manifold steering_vectors/manifolds/energy_above_hull_layer10_k64_w0.1_max5.parquet --layer 10 --k 64 --delta 2 --variant residual --scale -1 --n-samples 3 --temperature 1.0 --use-cache --results-dir steering_results/energy_above_hull --delta 2 --scale -7
2026-09-07T02:00:55Z	459654	steer_manifold_bandgap_l4_nosg	d89ae2a	python scripts/steering/steer_generate_cif.py --model CrystaLLM/crystallm_v1_large --pkl CrystaLLM/cifs_v1_test_sample1000.pkl.gz --method manifold --steering-property bandgap --manifold steering_vectors/manifolds/dos_electronic_band_gap_layer4_k64_w0.05.parquet --layer 4 --k 64 --delta 2 --variant residual --scale 1 --n-samples 3 --temperature 1.0 --use-cache --results-dir steering_results/bandgap --delta 2 --scale 8
2026-09-07T02:00:55Z	459655	steer_manifold_eath_l10_nosg	d89ae2a	python scripts/steering/steer_generate_cif.py --model CrystaLLM/crystallm_v1_large --pkl CrystaLLM/cifs_v1_test_sample1000.pkl.gz --method manifold --steering-property energy_above_hull --manifold steering_vectors/manifolds/energy_above_hull_layer10_k64_w0.1_max5.parquet --layer 10 --k 64 --delta 2 --variant residual --scale -1 --n-samples 3 --temperature 1.0 --use-cache --results-dir steering_results/energy_above_hull --delta 2 --scale -8
2026-09-07T02:00:55Z	459656	steer_manifold_bandgap_l4_nosg	d89ae2a	python scripts/steering/steer_generate_cif.py --model CrystaLLM/crystallm_v1_large --pkl CrystaLLM/cifs_v1_test_sample1000.pkl.gz --method manifold --steering-property bandgap --manifold steering_vectors/manifolds/dos_electronic_band_gap_layer4_k64_w0.05.parquet --layer 4 --k 64 --delta 2 --variant residual --scale 1 --n-samples 3 --temperature 1.0 --use-cache --results-dir steering_results/bandgap --delta 2 --scale 9
2026-09-07T02:00:56Z	459657	steer_manifold_eath_l10_nosg	d89ae2a	python scripts/steering/steer_generate_cif.py --model CrystaLLM/crystallm_v1_large --pkl CrystaLLM/cifs_v1_test_sample1000.pkl.gz --method manifold --steering-property energy_above_hull --manifold steering_vectors/manifolds/energy_above_hull_layer10_k64_w0.1_max5.parquet --layer 10 --k 64 --delta 2 --variant residual --scale -1 --n-samples 3 --temperature 1.0 --use-cache --results-dir steering_results/energy_above_hull --delta 2 --scale -9
2026-09-07T02:00:56Z	459658	steer_manifold_bandgap_l4_nosg	d89ae2a	python scripts/steering/steer_generate_cif.py --model CrystaLLM/crystallm_v1_large --pkl CrystaLLM/cifs_v1_test_sample1000.pkl.gz --method manifold --steering-property bandgap --manifold steering_vectors/manifolds/dos_electronic_band_gap_layer4_k64_w0.05.parquet --layer 4 --k 64 --delta 2 --variant residual --scale 1 --n-samples 3 --temperature 1.0 --use-cache --results-dir steering_results/bandgap --delta 2 --scale 10
2026-09-07T02:00:56Z	459659	steer_manifold_eath_l10_nosg	d89ae2a	python scripts/steering/steer_generate_cif.py --model CrystaLLM/crystallm_v1_large --pkl CrystaLLM/cifs_v1_test_sample1000.pkl.gz --method manifold --steering-property energy_above_hull --manifold steering_vectors/manifolds/energy_above_hull_layer10_k64_w0.1_max5.parquet --layer 10 --k 64 --delta 2 --variant residual --scale -1 --n-samples 3 --temperature 1.0 --use-cache --results-dir steering_results/energy_above_hull --delta 2 --scale -10
2026-09-07T02:00:56Z	459660	steer_manifold_bandgap_l4_nosg	d89ae2a	python scripts/steering/steer_generate_cif.py --model CrystaLLM/crystallm_v1_large --pkl CrystaLLM/cifs_v1_test_sample1000.pkl.gz --method manifold --steering-property bandgap --manifold steering_vectors/manifolds/dos_electronic_band_gap_layer4_k64_w0.05.parquet --layer 4 --k 64 --delta 2 --variant residual --scale 1 --n-samples 3 --temperature 1.0 --use-cache --results-dir steering_results/bandgap --delta 3 --scale 1
2026-09-07T02:00:56Z	459661	steer_manifold_eath_l10_nosg	d89ae2a	python scripts/steering/steer_generate_cif.py --model CrystaLLM/crystallm_v1_large --pkl CrystaLLM/cifs_v1_test_sample1000.pkl.gz --method manifold --steering-property energy_above_hull --manifold steering_vectors/manifolds/energy_above_hull_layer10_k64_w0.1_max5.parquet --layer 10 --k 64 --delta 2 --variant residual --scale -1 --n-samples 3 --temperature 1.0 --use-cache --results-dir steering_results/energy_above_hull --delta 3 --scale -1
2026-09-07T02:00:56Z	459662	steer_manifold_bandgap_l4_nosg	d89ae2a	python scripts/steering/steer_generate_cif.py --model CrystaLLM/crystallm_v1_large --pkl CrystaLLM/cifs_v1_test_sample1000.pkl.gz --method manifold --steering-property bandgap --manifold steering_vectors/manifolds/dos_electronic_band_gap_layer4_k64_w0.05.parquet --layer 4 --k 64 --delta 2 --variant residual --scale 1 --n-samples 3 --temperature 1.0 --use-cache --results-dir steering_results/bandgap --delta 3 --scale 2
2026-09-07T02:00:56Z	459663	steer_manifold_eath_l10_nosg	d89ae2a	python scripts/steering/steer_generate_cif.py --model CrystaLLM/crystallm_v1_large --pkl CrystaLLM/cifs_v1_test_sample1000.pkl.gz --method manifold --steering-property energy_above_hull --manifold steering_vectors/manifolds/energy_above_hull_layer10_k64_w0.1_max5.parquet --layer 10 --k 64 --delta 2 --variant residual --scale -1 --n-samples 3 --temperature 1.0 --use-cache --results-dir steering_results/energy_above_hull --delta 3 --scale -2
2026-09-07T02:00:56Z	459664	steer_manifold_bandgap_l4_nosg	d89ae2a	python scripts/steering/steer_generate_cif.py --model CrystaLLM/crystallm_v1_large --pkl CrystaLLM/cifs_v1_test_sample1000.pkl.gz --method manifold --steering-property bandgap --manifold steering_vectors/manifolds/dos_electronic_band_gap_layer4_k64_w0.05.parquet --layer 4 --k 64 --delta 2 --variant residual --scale 1 --n-samples 3 --temperature 1.0 --use-cache --results-dir steering_results/bandgap --delta 3 --scale 3
2026-09-07T02:00:56Z	459665	steer_manifold_eath_l10_nosg	d89ae2a	python scripts/steering/steer_generate_cif.py --model CrystaLLM/crystallm_v1_large --pkl CrystaLLM/cifs_v1_test_sample1000.pkl.gz --method manifold --steering-property energy_above_hull --manifold steering_vectors/manifolds/energy_above_hull_layer10_k64_w0.1_max5.parquet --layer 10 --k 64 --delta 2 --variant residual --scale -1 --n-samples 3 --temperature 1.0 --use-cache --results-dir steering_results/energy_above_hull --delta 3 --scale -3
2026-09-07T02:00:57Z	459666	steer_manifold_bandgap_l4_nosg	d89ae2a	python scripts/steering/steer_generate_cif.py --model CrystaLLM/crystallm_v1_large --pkl CrystaLLM/cifs_v1_test_sample1000.pkl.gz --method manifold --steering-property bandgap --manifold steering_vectors/manifolds/dos_electronic_band_gap_layer4_k64_w0.05.parquet --layer 4 --k 64 --delta 2 --variant residual --scale 1 --n-samples 3 --temperature 1.0 --use-cache --results-dir steering_results/bandgap --delta 3 --scale 4
2026-09-07T02:00:57Z	459667	steer_manifold_eath_l10_nosg	d89ae2a	python scripts/steering/steer_generate_cif.py --model CrystaLLM/crystallm_v1_large --pkl CrystaLLM/cifs_v1_test_sample1000.pkl.gz --method manifold --steering-property energy_above_hull --manifold steering_vectors/manifolds/energy_above_hull_layer10_k64_w0.1_max5.parquet --layer 10 --k 64 --delta 2 --variant residual --scale -1 --n-samples 3 --temperature 1.0 --use-cache --results-dir steering_results/energy_above_hull --delta 3 --scale -4
2026-09-07T02:00:57Z	459668	steer_manifold_bandgap_l4_nosg	d89ae2a	python scripts/steering/steer_generate_cif.py --model CrystaLLM/crystallm_v1_large --pkl CrystaLLM/cifs_v1_test_sample1000.pkl.gz --method manifold --steering-property bandgap --manifold steering_vectors/manifolds/dos_electronic_band_gap_layer4_k64_w0.05.parquet --layer 4 --k 64 --delta 2 --variant residual --scale 1 --n-samples 3 --temperature 1.0 --use-cache --results-dir steering_results/bandgap --delta 3 --scale 5
2026-09-07T02:00:57Z	459669	steer_manifold_eath_l10_nosg	d89ae2a	python scripts/steering/steer_generate_cif.py --model CrystaLLM/crystallm_v1_large --pkl CrystaLLM/cifs_v1_test_sample1000.pkl.gz --method manifold --steering-property energy_above_hull --manifold steering_vectors/manifolds/energy_above_hull_layer10_k64_w0.1_max5.parquet --layer 10 --k 64 --delta 2 --variant residual --scale -1 --n-samples 3 --temperature 1.0 --use-cache --results-dir steering_results/energy_above_hull --delta 3 --scale -5
2026-09-07T02:00:57Z	459670	steer_manifold_bandgap_l4_nosg	d89ae2a	python scripts/steering/steer_generate_cif.py --model CrystaLLM/crystallm_v1_large --pkl CrystaLLM/cifs_v1_test_sample1000.pkl.gz --method manifold --steering-property bandgap --manifold steering_vectors/manifolds/dos_electronic_band_gap_layer4_k64_w0.05.parquet --layer 4 --k 64 --delta 2 --variant residual --scale 1 --n-samples 3 --temperature 1.0 --use-cache --results-dir steering_results/bandgap --delta 3 --scale 6
2026-09-07T02:00:57Z	459671	steer_manifold_eath_l10_nosg	d89ae2a	python scripts/steering/steer_generate_cif.py --model CrystaLLM/crystallm_v1_large --pkl CrystaLLM/cifs_v1_test_sample1000.pkl.gz --method manifold --steering-property energy_above_hull --manifold steering_vectors/manifolds/energy_above_hull_layer10_k64_w0.1_max5.parquet --layer 10 --k 64 --delta 2 --variant residual --scale -1 --n-samples 3 --temperature 1.0 --use-cache --results-dir steering_results/energy_above_hull --delta 3 --scale -6
2026-09-07T02:00:57Z	459672	steer_manifold_bandgap_l4_nosg	d89ae2a	python scripts/steering/steer_generate_cif.py --model CrystaLLM/crystallm_v1_large --pkl CrystaLLM/cifs_v1_test_sample1000.pkl.gz --method manifold --steering-property bandgap --manifold steering_vectors/manifolds/dos_electronic_band_gap_layer4_k64_w0.05.parquet --layer 4 --k 64 --delta 2 --variant residual --scale 1 --n-samples 3 --temperature 1.0 --use-cache --results-dir steering_results/bandgap --delta 3 --scale 7
2026-09-07T02:00:57Z	459673	steer_manifold_eath_l10_nosg	d89ae2a	python scripts/steering/steer_generate_cif.py --model CrystaLLM/crystallm_v1_large --pkl CrystaLLM/cifs_v1_test_sample1000.pkl.gz --method manifold --steering-property energy_above_hull --manifold steering_vectors/manifolds/energy_above_hull_layer10_k64_w0.1_max5.parquet --layer 10 --k 64 --delta 2 --variant residual --scale -1 --n-samples 3 --temperature 1.0 --use-cache --results-dir steering_results/energy_above_hull --delta 3 --scale -7
2026-09-07T02:00:57Z	459674	steer_manifold_bandgap_l4_nosg	d89ae2a	python scripts/steering/steer_generate_cif.py --model CrystaLLM/crystallm_v1_large --pkl CrystaLLM/cifs_v1_test_sample1000.pkl.gz --method manifold --steering-property bandgap --manifold steering_vectors/manifolds/dos_electronic_band_gap_layer4_k64_w0.05.parquet --layer 4 --k 64 --delta 2 --variant residual --scale 1 --n-samples 3 --temperature 1.0 --use-cache --results-dir steering_results/bandgap --delta 3 --scale 8
2026-09-07T02:00:58Z	459675	steer_manifold_eath_l10_nosg	d89ae2a	python scripts/steering/steer_generate_cif.py --model CrystaLLM/crystallm_v1_large --pkl CrystaLLM/cifs_v1_test_sample1000.pkl.gz --method manifold --steering-property energy_above_hull --manifold steering_vectors/manifolds/energy_above_hull_layer10_k64_w0.1_max5.parquet --layer 10 --k 64 --delta 2 --variant residual --scale -1 --n-samples 3 --temperature 1.0 --use-cache --results-dir steering_results/energy_above_hull --delta 3 --scale -8
2026-09-07T02:00:58Z	459676	steer_manifold_bandgap_l4_nosg	d89ae2a	python scripts/steering/steer_generate_cif.py --model CrystaLLM/crystallm_v1_large --pkl CrystaLLM/cifs_v1_test_sample1000.pkl.gz --method manifold --steering-property bandgap --manifold steering_vectors/manifolds/dos_electronic_band_gap_layer4_k64_w0.05.parquet --layer 4 --k 64 --delta 2 --variant residual --scale 1 --n-samples 3 --temperature 1.0 --use-cache --results-dir steering_results/bandgap --delta 3 --scale 9
2026-09-07T02:00:58Z	459677	steer_manifold_eath_l10_nosg	d89ae2a	python scripts/steering/steer_generate_cif.py --model CrystaLLM/crystallm_v1_large --pkl CrystaLLM/cifs_v1_test_sample1000.pkl.gz --method manifold --steering-property energy_above_hull --manifold steering_vectors/manifolds/energy_above_hull_layer10_k64_w0.1_max5.parquet --layer 10 --k 64 --delta 2 --variant residual --scale -1 --n-samples 3 --temperature 1.0 --use-cache --results-dir steering_results/energy_above_hull --delta 3 --scale -9
2026-09-07T02:00:58Z	459678	steer_manifold_bandgap_l4_nosg	d89ae2a	python scripts/steering/steer_generate_cif.py --model CrystaLLM/crystallm_v1_large --pkl CrystaLLM/cifs_v1_test_sample1000.pkl.gz --method manifold --steering-property bandgap --manifold steering_vectors/manifolds/dos_electronic_band_gap_layer4_k64_w0.05.parquet --layer 4 --k 64 --delta 2 --variant residual --scale 1 --n-samples 3 --temperature 1.0 --use-cache --results-dir steering_results/bandgap --delta 3 --scale 10
2026-09-07T02:00:58Z	459679	steer_manifold_eath_l10_nosg	d89ae2a	python scripts/steering/steer_generate_cif.py --model CrystaLLM/crystallm_v1_large --pkl CrystaLLM/cifs_v1_test_sample1000.pkl.gz --method manifold --steering-property energy_above_hull --manifold steering_vectors/manifolds/energy_above_hull_layer10_k64_w0.1_max5.parquet --layer 10 --k 64 --delta 2 --variant residual --scale -1 --n-samples 3 --temperature 1.0 --use-cache --results-dir steering_results/energy_above_hull --delta 3 --scale -10
2026-09-07T02:02:12Z	459684	relax_steered	d89ae2a	python scripts/eval/relax_steered_cifs.py --results-dir steering_results/bandgap --fmax 0.05 --steps 500 --timeout 60 --checkpoint-every 10 --input steering_results/baseline/validation/steered_test_alpha0.0_layer1_nosg.parquet --results-dir steering_results/baseline
2026-09-07T02:02:12Z	459685	predict_bandgap	d89ae2a	python scripts/eval/compute_predictions.py --property band_gap --fidelity 0 --results-dir steering_results/bandgap --after --input steering_results/baseline/validation/steered_test_alpha0.0_layer1_nosg.parquet --results-dir steering_results/baseline
2026-09-07T02:02:12Z	459686	predict_eath	d89ae2a	python scripts/eval/compute_predictions.py --property energy_above_hull --results-dir steering_results/energy_above_hull --after --input steering_results/baseline/validation/steered_test_alpha0.0_layer1_nosg.parquet --results-dir steering_results/baseline
2026-09-07T02:15:31Z	459699	validate_steered	f9529b6	python scripts/eval/validate_steered_cifs.py --workers 16 --results-dir steering_results/density_atomic --after 459630 --input steering_results/bandgap/generated_cifs/steered_test_alpha8.0_layer4_nosg.parquet --results-dir steering_results/bandgap
2026-09-07T02:15:31Z	459700	validate_steered	f9529b6	python scripts/eval/validate_steered_cifs.py --workers 16 --results-dir steering_results/density_atomic --after 459631 --input steering_results/bandgap/generated_cifs/steered_test_alpha16.0_layer4_nosg.parquet --results-dir steering_results/bandgap
2026-09-07T02:15:31Z	459701	validate_steered	f9529b6	python scripts/eval/validate_steered_cifs.py --workers 16 --results-dir steering_results/density_atomic --after 459632 --input steering_results/bandgap/generated_cifs/steered_test_alpha32.0_layer4_nosg.parquet --results-dir steering_results/bandgap
2026-09-07T02:15:31Z	459702	validate_steered	f9529b6	python scripts/eval/validate_steered_cifs.py --workers 16 --results-dir steering_results/density_atomic --after 459633 --input steering_results/bandgap/generated_cifs/steered_test_alpha40.0_layer4_nosg.parquet --results-dir steering_results/bandgap
2026-09-07T02:15:31Z	459703	validate_steered	f9529b6	python scripts/eval/validate_steered_cifs.py --workers 16 --results-dir steering_results/density_atomic --after 459634 --input steering_results/bandgap/generated_cifs/steered_test_alpha48.0_layer4_nosg.parquet --results-dir steering_results/bandgap
2026-09-07T02:15:31Z	459704	validate_steered	f9529b6	python scripts/eval/validate_steered_cifs.py --workers 16 --results-dir steering_results/density_atomic --after 459635 --input steering_results/energy_above_hull/generated_cifs/steered_test_alpha-8.0_layer10_nosg.parquet --results-dir steering_results/energy_above_hull
2026-09-07T02:15:31Z	459705	validate_steered	f9529b6	python scripts/eval/validate_steered_cifs.py --workers 16 --results-dir steering_results/density_atomic --after 459636 --input steering_results/energy_above_hull/generated_cifs/steered_test_alpha-16.0_layer10_nosg.parquet --results-dir steering_results/energy_above_hull
2026-09-07T02:15:31Z	459706	validate_steered	f9529b6	python scripts/eval/validate_steered_cifs.py --workers 16 --results-dir steering_results/density_atomic --after 459637 --input steering_results/energy_above_hull/generated_cifs/steered_test_alpha-32.0_layer10_nosg.parquet --results-dir steering_results/energy_above_hull
2026-09-07T02:15:31Z	459707	validate_steered	f9529b6	python scripts/eval/validate_steered_cifs.py --workers 16 --results-dir steering_results/density_atomic --after 459638 --input steering_results/energy_above_hull/generated_cifs/steered_test_alpha-40.0_layer10_nosg.parquet --results-dir steering_results/energy_above_hull
2026-09-07T02:15:31Z	459708	validate_steered	f9529b6	python scripts/eval/validate_steered_cifs.py --workers 16 --results-dir steering_results/density_atomic --after 459639 --input steering_results/energy_above_hull/generated_cifs/steered_test_alpha-48.0_layer10_nosg.parquet --results-dir steering_results/energy_above_hull
2026-09-07T02:15:31Z	459709	validate_steered	f9529b6	python scripts/eval/validate_steered_cifs.py --workers 16 --results-dir steering_results/density_atomic --after 459640 --input steering_results/bandgap/generated_cifs/steered_manifold_test_d2_residual_k64_layer4_nosg.parquet --results-dir steering_results/bandgap
2026-09-07T02:15:31Z	459710	validate_steered	f9529b6	python scripts/eval/validate_steered_cifs.py --workers 16 --results-dir steering_results/density_atomic --after 459641 --input steering_results/energy_above_hull/generated_cifs/steered_manifold_test_d2_residual_s-1_k64_layer10_nosg.parquet --results-dir steering_results/energy_above_hull
2026-09-07T02:15:32Z	459711	validate_steered	f9529b6	python scripts/eval/validate_steered_cifs.py --workers 16 --results-dir steering_results/density_atomic --after 459642 --input steering_results/bandgap/generated_cifs/steered_manifold_test_d2_residual_s2_k64_layer4_nosg.parquet --results-dir steering_results/bandgap
2026-09-07T02:15:32Z	459712	validate_steered	f9529b6	python scripts/eval/validate_steered_cifs.py --workers 16 --results-dir steering_results/density_atomic --after 459643 --input steering_results/energy_above_hull/generated_cifs/steered_manifold_test_d2_residual_s-2_k64_layer10_nosg.parquet --results-dir steering_results/energy_above_hull
2026-09-07T02:15:32Z	459713	validate_steered	f9529b6	python scripts/eval/validate_steered_cifs.py --workers 16 --results-dir steering_results/density_atomic --after 459644 --input steering_results/bandgap/generated_cifs/steered_manifold_test_d2_residual_s3_k64_layer4_nosg.parquet --results-dir steering_results/bandgap
2026-09-07T02:15:32Z	459714	validate_steered	f9529b6	python scripts/eval/validate_steered_cifs.py --workers 16 --results-dir steering_results/density_atomic --after 459645 --input steering_results/energy_above_hull/generated_cifs/steered_manifold_test_d2_residual_s-3_k64_layer10_nosg.parquet --results-dir steering_results/energy_above_hull
2026-09-07T02:15:32Z	459715	validate_steered	f9529b6	python scripts/eval/validate_steered_cifs.py --workers 16 --results-dir steering_results/density_atomic --after 459646 --input steering_results/bandgap/generated_cifs/steered_manifold_test_d2_residual_s4_k64_layer4_nosg.parquet --results-dir steering_results/bandgap
2026-09-07T02:15:32Z	459716	validate_steered	f9529b6	python scripts/eval/validate_steered_cifs.py --workers 16 --results-dir steering_results/density_atomic --after 459647 --input steering_results/energy_above_hull/generated_cifs/steered_manifold_test_d2_residual_s-4_k64_layer10_nosg.parquet --results-dir steering_results/energy_above_hull
2026-09-07T02:15:32Z	459717	validate_steered	f9529b6	python scripts/eval/validate_steered_cifs.py --workers 16 --results-dir steering_results/density_atomic --after 459648 --input steering_results/bandgap/generated_cifs/steered_manifold_test_d2_residual_s5_k64_layer4_nosg.parquet --results-dir steering_results/bandgap
2026-09-07T02:15:32Z	459718	validate_steered	f9529b6	python scripts/eval/validate_steered_cifs.py --workers 16 --results-dir steering_results/density_atomic --after 459649 --input steering_results/energy_above_hull/generated_cifs/steered_manifold_test_d2_residual_s-5_k64_layer10_nosg.parquet --results-dir steering_results/energy_above_hull
2026-09-07T02:15:32Z	459719	validate_steered	f9529b6	python scripts/eval/validate_steered_cifs.py --workers 16 --results-dir steering_results/density_atomic --after 459650 --input steering_results/bandgap/generated_cifs/steered_manifold_test_d2_residual_s6_k64_layer4_nosg.parquet --results-dir steering_results/bandgap
2026-09-07T02:15:32Z	459720	validate_steered	f9529b6	python scripts/eval/validate_steered_cifs.py --workers 16 --results-dir steering_results/density_atomic --after 459651 --input steering_results/energy_above_hull/generated_cifs/steered_manifold_test_d2_residual_s-6_k64_layer10_nosg.parquet --results-dir steering_results/energy_above_hull
2026-09-07T02:15:32Z	459721	validate_steered	f9529b6	python scripts/eval/validate_steered_cifs.py --workers 16 --results-dir steering_results/density_atomic --after 459652 --input steering_results/bandgap/generated_cifs/steered_manifold_test_d2_residual_s7_k64_layer4_nosg.parquet --results-dir steering_results/bandgap
2026-09-07T02:15:32Z	459722	validate_steered	f9529b6	python scripts/eval/validate_steered_cifs.py --workers 16 --results-dir steering_results/density_atomic --after 459653 --input steering_results/energy_above_hull/generated_cifs/steered_manifold_test_d2_residual_s-7_k64_layer10_nosg.parquet --results-dir steering_results/energy_above_hull
2026-09-07T02:15:32Z	459723	validate_steered	f9529b6	python scripts/eval/validate_steered_cifs.py --workers 16 --results-dir steering_results/density_atomic --after 459654 --input steering_results/bandgap/generated_cifs/steered_manifold_test_d2_residual_s8_k64_layer4_nosg.parquet --results-dir steering_results/bandgap
2026-09-07T02:15:32Z	459724	validate_steered	f9529b6	python scripts/eval/validate_steered_cifs.py --workers 16 --results-dir steering_results/density_atomic --after 459655 --input steering_results/energy_above_hull/generated_cifs/steered_manifold_test_d2_residual_s-8_k64_layer10_nosg.parquet --results-dir steering_results/energy_above_hull
2026-09-07T02:15:33Z	459725	validate_steered	f9529b6	python scripts/eval/validate_steered_cifs.py --workers 16 --results-dir steering_results/density_atomic --after 459656 --input steering_results/bandgap/generated_cifs/steered_manifold_test_d2_residual_s9_k64_layer4_nosg.parquet --results-dir steering_results/bandgap
2026-09-07T02:15:33Z	459726	validate_steered	f9529b6	python scripts/eval/validate_steered_cifs.py --workers 16 --results-dir steering_results/density_atomic --after 459657 --input steering_results/energy_above_hull/generated_cifs/steered_manifold_test_d2_residual_s-9_k64_layer10_nosg.parquet --results-dir steering_results/energy_above_hull
2026-09-07T02:15:33Z	459727	validate_steered	f9529b6	python scripts/eval/validate_steered_cifs.py --workers 16 --results-dir steering_results/density_atomic --after 459658 --input steering_results/bandgap/generated_cifs/steered_manifold_test_d2_residual_s10_k64_layer4_nosg.parquet --results-dir steering_results/bandgap
2026-09-07T02:15:33Z	459728	validate_steered	f9529b6	python scripts/eval/validate_steered_cifs.py --workers 16 --results-dir steering_results/density_atomic --after 459659 --input steering_results/energy_above_hull/generated_cifs/steered_manifold_test_d2_residual_s-10_k64_layer10_nosg.parquet --results-dir steering_results/energy_above_hull
2026-09-07T02:15:33Z	459729	validate_steered	f9529b6	python scripts/eval/validate_steered_cifs.py --workers 16 --results-dir steering_results/density_atomic --after 459660 --input steering_results/bandgap/generated_cifs/steered_manifold_test_d3_residual_k64_layer4_nosg.parquet --results-dir steering_results/bandgap
2026-09-07T02:15:33Z	459730	validate_steered	f9529b6	python scripts/eval/validate_steered_cifs.py --workers 16 --results-dir steering_results/density_atomic --after 459661 --input steering_results/energy_above_hull/generated_cifs/steered_manifold_test_d3_residual_s-1_k64_layer10_nosg.parquet --results-dir steering_results/energy_above_hull
2026-09-07T02:15:33Z	459731	validate_steered	f9529b6	python scripts/eval/validate_steered_cifs.py --workers 16 --results-dir steering_results/density_atomic --after 459662 --input steering_results/bandgap/generated_cifs/steered_manifold_test_d3_residual_s2_k64_layer4_nosg.parquet --results-dir steering_results/bandgap
2026-09-07T02:15:33Z	459732	validate_steered	f9529b6	python scripts/eval/validate_steered_cifs.py --workers 16 --results-dir steering_results/density_atomic --after 459663 --input steering_results/energy_above_hull/generated_cifs/steered_manifold_test_d3_residual_s-2_k64_layer10_nosg.parquet --results-dir steering_results/energy_above_hull
2026-09-07T02:15:33Z	459733	validate_steered	f9529b6	python scripts/eval/validate_steered_cifs.py --workers 16 --results-dir steering_results/density_atomic --after 459664 --input steering_results/bandgap/generated_cifs/steered_manifold_test_d3_residual_s3_k64_layer4_nosg.parquet --results-dir steering_results/bandgap
2026-09-07T02:15:33Z	459734	validate_steered	f9529b6	python scripts/eval/validate_steered_cifs.py --workers 16 --results-dir steering_results/density_atomic --after 459665 --input steering_results/energy_above_hull/generated_cifs/steered_manifold_test_d3_residual_s-3_k64_layer10_nosg.parquet --results-dir steering_results/energy_above_hull
2026-09-07T02:15:33Z	459735	validate_steered	f9529b6	python scripts/eval/validate_steered_cifs.py --workers 16 --results-dir steering_results/density_atomic --after 459666 --input steering_results/bandgap/generated_cifs/steered_manifold_test_d3_residual_s4_k64_layer4_nosg.parquet --results-dir steering_results/bandgap
2026-09-07T02:15:33Z	459736	validate_steered	f9529b6	python scripts/eval/validate_steered_cifs.py --workers 16 --results-dir steering_results/density_atomic --after 459667 --input steering_results/energy_above_hull/generated_cifs/steered_manifold_test_d3_residual_s-4_k64_layer10_nosg.parquet --results-dir steering_results/energy_above_hull
2026-09-07T02:15:33Z	459737	validate_steered	f9529b6	python scripts/eval/validate_steered_cifs.py --workers 16 --results-dir steering_results/density_atomic --after 459668 --input steering_results/bandgap/generated_cifs/steered_manifold_test_d3_residual_s5_k64_layer4_nosg.parquet --results-dir steering_results/bandgap
2026-09-07T02:15:33Z	459738	validate_steered	f9529b6	python scripts/eval/validate_steered_cifs.py --workers 16 --results-dir steering_results/density_atomic --after 459669 --input steering_results/energy_above_hull/generated_cifs/steered_manifold_test_d3_residual_s-5_k64_layer10_nosg.parquet --results-dir steering_results/energy_above_hull
2026-09-07T02:15:34Z	459739	validate_steered	f9529b6	python scripts/eval/validate_steered_cifs.py --workers 16 --results-dir steering_results/density_atomic --after 459670 --input steering_results/bandgap/generated_cifs/steered_manifold_test_d3_residual_s6_k64_layer4_nosg.parquet --results-dir steering_results/bandgap
2026-09-07T02:15:34Z	459740	validate_steered	f9529b6	python scripts/eval/validate_steered_cifs.py --workers 16 --results-dir steering_results/density_atomic --after 459671 --input steering_results/energy_above_hull/generated_cifs/steered_manifold_test_d3_residual_s-6_k64_layer10_nosg.parquet --results-dir steering_results/energy_above_hull
2026-09-07T02:15:34Z	459741	validate_steered	f9529b6	python scripts/eval/validate_steered_cifs.py --workers 16 --results-dir steering_results/density_atomic --after 459672 --input steering_results/bandgap/generated_cifs/steered_manifold_test_d3_residual_s7_k64_layer4_nosg.parquet --results-dir steering_results/bandgap
2026-09-07T02:15:34Z	459742	validate_steered	f9529b6	python scripts/eval/validate_steered_cifs.py --workers 16 --results-dir steering_results/density_atomic --after 459673 --input steering_results/energy_above_hull/generated_cifs/steered_manifold_test_d3_residual_s-7_k64_layer10_nosg.parquet --results-dir steering_results/energy_above_hull
2026-09-07T02:15:34Z	459743	validate_steered	f9529b6	python scripts/eval/validate_steered_cifs.py --workers 16 --results-dir steering_results/density_atomic --after 459674 --input steering_results/bandgap/generated_cifs/steered_manifold_test_d3_residual_s8_k64_layer4_nosg.parquet --results-dir steering_results/bandgap
2026-09-07T02:15:34Z	459744	validate_steered	f9529b6	python scripts/eval/validate_steered_cifs.py --workers 16 --results-dir steering_results/density_atomic --after 459675 --input steering_results/energy_above_hull/generated_cifs/steered_manifold_test_d3_residual_s-8_k64_layer10_nosg.parquet --results-dir steering_results/energy_above_hull
2026-09-07T02:15:34Z	459745	validate_steered	f9529b6	python scripts/eval/validate_steered_cifs.py --workers 16 --results-dir steering_results/density_atomic --after 459676 --input steering_results/bandgap/generated_cifs/steered_manifold_test_d3_residual_s9_k64_layer4_nosg.parquet --results-dir steering_results/bandgap
2026-09-07T02:15:34Z	459746	validate_steered	f9529b6	python scripts/eval/validate_steered_cifs.py --workers 16 --results-dir steering_results/density_atomic --after 459677 --input steering_results/energy_above_hull/generated_cifs/steered_manifold_test_d3_residual_s-9_k64_layer10_nosg.parquet --results-dir steering_results/energy_above_hull
2026-09-07T02:15:34Z	459747	validate_steered	f9529b6	python scripts/eval/validate_steered_cifs.py --workers 16 --results-dir steering_results/density_atomic --after 459678 --input steering_results/bandgap/generated_cifs/steered_manifold_test_d3_residual_s10_k64_layer4_nosg.parquet --results-dir steering_results/bandgap
2026-09-07T02:15:34Z	459748	validate_steered	f9529b6	python scripts/eval/validate_steered_cifs.py --workers 16 --results-dir steering_results/density_atomic --after 459679 --input steering_results/energy_above_hull/generated_cifs/steered_manifold_test_d3_residual_s-10_k64_layer10_nosg.parquet --results-dir steering_results/energy_above_hull
2026-09-07T02:16:47Z	459749	validate_steered	f9529b6	python scripts/eval/validate_steered_cifs.py --workers 16 --results-dir steering_results/density_atomic --input steering_results/bandgap/generated_cifs/steered_test_alpha8.0_layer4_nosg.parquet --results-dir steering_results/bandgap
2026-09-07T02:16:47Z	459750	validate_steered	f9529b6	python scripts/eval/validate_steered_cifs.py --workers 16 --results-dir steering_results/density_atomic --input steering_results/bandgap/generated_cifs/steered_test_alpha16.0_layer4_nosg.parquet --results-dir steering_results/bandgap
2026-09-07T02:16:47Z	459751	validate_steered	f9529b6	python scripts/eval/validate_steered_cifs.py --workers 16 --results-dir steering_results/density_atomic --input steering_results/bandgap/generated_cifs/steered_test_alpha32.0_layer4_nosg.parquet --results-dir steering_results/bandgap
2026-09-07T02:16:47Z	459752	validate_steered	f9529b6	python scripts/eval/validate_steered_cifs.py --workers 16 --results-dir steering_results/density_atomic --input steering_results/bandgap/generated_cifs/steered_test_alpha40.0_layer4_nosg.parquet --results-dir steering_results/bandgap
2026-09-07T02:16:47Z	459753	validate_steered	f9529b6	python scripts/eval/validate_steered_cifs.py --workers 16 --results-dir steering_results/density_atomic --input steering_results/bandgap/generated_cifs/steered_test_alpha48.0_layer4_nosg.parquet --results-dir steering_results/bandgap
2026-09-07T02:16:47Z	459754	validate_steered	f9529b6	python scripts/eval/validate_steered_cifs.py --workers 16 --results-dir steering_results/density_atomic --input steering_results/energy_above_hull/generated_cifs/steered_test_alpha-8.0_layer10_nosg.parquet --results-dir steering_results/energy_above_hull
2026-09-07T02:16:47Z	459755	validate_steered	f9529b6	python scripts/eval/validate_steered_cifs.py --workers 16 --results-dir steering_results/density_atomic --input steering_results/energy_above_hull/generated_cifs/steered_test_alpha-16.0_layer10_nosg.parquet --results-dir steering_results/energy_above_hull
2026-09-07T02:16:48Z	459759	validate_steered	f9529b6	python scripts/eval/validate_steered_cifs.py --workers 16 --results-dir steering_results/density_atomic --input steering_results/energy_above_hull/generated_cifs/steered_test_alpha-32.0_layer10_nosg.parquet --results-dir steering_results/energy_above_hull
2026-09-07T02:16:48Z	459760	validate_steered	f9529b6	python scripts/eval/validate_steered_cifs.py --workers 16 --results-dir steering_results/density_atomic --input steering_results/energy_above_hull/generated_cifs/steered_test_alpha-40.0_layer10_nosg.parquet --results-dir steering_results/energy_above_hull
2026-09-07T02:16:48Z	459761	validate_steered	f9529b6	python scripts/eval/validate_steered_cifs.py --workers 16 --results-dir steering_results/density_atomic --input steering_results/energy_above_hull/generated_cifs/steered_test_alpha-48.0_layer10_nosg.parquet --results-dir steering_results/energy_above_hull
2026-09-07T02:16:48Z	459762	validate_steered	f9529b6	python scripts/eval/validate_steered_cifs.py --workers 16 --results-dir steering_results/density_atomic --input steering_results/bandgap/generated_cifs/steered_manifold_test_d2_residual_k64_layer4_nosg.parquet --results-dir steering_results/bandgap
2026-09-07T02:16:48Z	459763	validate_steered	f9529b6	python scripts/eval/validate_steered_cifs.py --workers 16 --results-dir steering_results/density_atomic --input steering_results/energy_above_hull/generated_cifs/steered_manifold_test_d2_residual_s-1_k64_layer10_nosg.parquet --results-dir steering_results/energy_above_hull
2026-09-07T02:16:48Z	459764	validate_steered	f9529b6	python scripts/eval/validate_steered_cifs.py --workers 16 --results-dir steering_results/density_atomic --input steering_results/bandgap/generated_cifs/steered_manifold_test_d2_residual_s2_k64_layer4_nosg.parquet --results-dir steering_results/bandgap
2026-09-07T02:16:48Z	459765	validate_steered	f9529b6	python scripts/eval/validate_steered_cifs.py --workers 16 --results-dir steering_results/density_atomic --input steering_results/energy_above_hull/generated_cifs/steered_manifold_test_d2_residual_s-2_k64_layer10_nosg.parquet --results-dir steering_results/energy_above_hull
2026-09-07T02:16:48Z	459766	validate_steered	f9529b6	python scripts/eval/validate_steered_cifs.py --workers 16 --results-dir steering_results/density_atomic --input steering_results/bandgap/generated_cifs/steered_manifold_test_d2_residual_s3_k64_layer4_nosg.parquet --results-dir steering_results/bandgap
2026-09-07T02:16:48Z	459767	validate_steered	f9529b6	python scripts/eval/validate_steered_cifs.py --workers 16 --results-dir steering_results/density_atomic --input steering_results/energy_above_hull/generated_cifs/steered_manifold_test_d2_residual_s-3_k64_layer10_nosg.parquet --results-dir steering_results/energy_above_hull
2026-09-07T02:16:48Z	459768	validate_steered	f9529b6	python scripts/eval/validate_steered_cifs.py --workers 16 --results-dir steering_results/density_atomic --input steering_results/bandgap/generated_cifs/steered_manifold_test_d2_residual_s4_k64_layer4_nosg.parquet --results-dir steering_results/bandgap
2026-09-07T02:16:48Z	459769	validate_steered	f9529b6	python scripts/eval/validate_steered_cifs.py --workers 16 --results-dir steering_results/density_atomic --input steering_results/energy_above_hull/generated_cifs/steered_manifold_test_d2_residual_s-4_k64_layer10_nosg.parquet --results-dir steering_results/energy_above_hull
2026-09-07T02:16:48Z	459770	validate_steered	f9529b6	python scripts/eval/validate_steered_cifs.py --workers 16 --results-dir steering_results/density_atomic --input steering_results/bandgap/generated_cifs/steered_manifold_test_d2_residual_s5_k64_layer4_nosg.parquet --results-dir steering_results/bandgap
2026-09-07T02:16:48Z	459771	validate_steered	f9529b6	python scripts/eval/validate_steered_cifs.py --workers 16 --results-dir steering_results/density_atomic --input steering_results/energy_above_hull/generated_cifs/steered_manifold_test_d2_residual_s-5_k64_layer10_nosg.parquet --results-dir steering_results/energy_above_hull
2026-09-07T02:16:49Z	459772	validate_steered	f9529b6	python scripts/eval/validate_steered_cifs.py --workers 16 --results-dir steering_results/density_atomic --input steering_results/bandgap/generated_cifs/steered_manifold_test_d2_residual_s6_k64_layer4_nosg.parquet --results-dir steering_results/bandgap
2026-09-07T02:16:49Z	459773	validate_steered	f9529b6	python scripts/eval/validate_steered_cifs.py --workers 16 --results-dir steering_results/density_atomic --input steering_results/energy_above_hull/generated_cifs/steered_manifold_test_d2_residual_s-6_k64_layer10_nosg.parquet --results-dir steering_results/energy_above_hull
2026-09-07T02:16:49Z	459774	validate_steered	f9529b6	python scripts/eval/validate_steered_cifs.py --workers 16 --results-dir steering_results/density_atomic --input steering_results/bandgap/generated_cifs/steered_manifold_test_d2_residual_s7_k64_layer4_nosg.parquet --results-dir steering_results/bandgap
2026-09-07T02:16:49Z	459775	validate_steered	f9529b6	python scripts/eval/validate_steered_cifs.py --workers 16 --results-dir steering_results/density_atomic --input steering_results/energy_above_hull/generated_cifs/steered_manifold_test_d2_residual_s-7_k64_layer10_nosg.parquet --results-dir steering_results/energy_above_hull
2026-09-07T02:16:49Z	459776	validate_steered	f9529b6	python scripts/eval/validate_steered_cifs.py --workers 16 --results-dir steering_results/density_atomic --input steering_results/bandgap/generated_cifs/steered_manifold_test_d2_residual_s8_k64_layer4_nosg.parquet --results-dir steering_results/bandgap
2026-09-07T02:16:49Z	459777	validate_steered	f9529b6	python scripts/eval/validate_steered_cifs.py --workers 16 --results-dir steering_results/density_atomic --input steering_results/energy_above_hull/generated_cifs/steered_manifold_test_d2_residual_s-8_k64_layer10_nosg.parquet --results-dir steering_results/energy_above_hull
2026-09-07T02:16:49Z	459778	validate_steered	f9529b6	python scripts/eval/validate_steered_cifs.py --workers 16 --results-dir steering_results/density_atomic --input steering_results/bandgap/generated_cifs/steered_manifold_test_d2_residual_s9_k64_layer4_nosg.parquet --results-dir steering_results/bandgap
2026-09-07T02:16:49Z	459779	validate_steered	f9529b6	python scripts/eval/validate_steered_cifs.py --workers 16 --results-dir steering_results/density_atomic --input steering_results/energy_above_hull/generated_cifs/steered_manifold_test_d2_residual_s-9_k64_layer10_nosg.parquet --results-dir steering_results/energy_above_hull
2026-09-07T02:16:49Z	459780	validate_steered	f9529b6	python scripts/eval/validate_steered_cifs.py --workers 16 --results-dir steering_results/density_atomic --input steering_results/bandgap/generated_cifs/steered_manifold_test_d2_residual_s10_k64_layer4_nosg.parquet --results-dir steering_results/bandgap
2026-09-07T02:16:49Z	459781	validate_steered	f9529b6	python scripts/eval/validate_steered_cifs.py --workers 16 --results-dir steering_results/density_atomic --input steering_results/energy_above_hull/generated_cifs/steered_manifold_test_d2_residual_s-10_k64_layer10_nosg.parquet --results-dir steering_results/energy_above_hull
2026-09-07T02:16:49Z	459782	validate_steered	f9529b6	python scripts/eval/validate_steered_cifs.py --workers 16 --results-dir steering_results/density_atomic --input steering_results/bandgap/generated_cifs/steered_manifold_test_d3_residual_k64_layer4_nosg.parquet --results-dir steering_results/bandgap
2026-09-07T02:16:49Z	459783	validate_steered	f9529b6	python scripts/eval/validate_steered_cifs.py --workers 16 --results-dir steering_results/density_atomic --input steering_results/energy_above_hull/generated_cifs/steered_manifold_test_d3_residual_s-1_k64_layer10_nosg.parquet --results-dir steering_results/energy_above_hull
2026-09-07T02:16:49Z	459784	validate_steered	f9529b6	python scripts/eval/validate_steered_cifs.py --workers 16 --results-dir steering_results/density_atomic --input steering_results/bandgap/generated_cifs/steered_manifold_test_d3_residual_s2_k64_layer4_nosg.parquet --results-dir steering_results/bandgap
2026-09-07T02:16:49Z	459785	validate_steered	f9529b6	python scripts/eval/validate_steered_cifs.py --workers 16 --results-dir steering_results/density_atomic --input steering_results/energy_above_hull/generated_cifs/steered_manifold_test_d3_residual_s-2_k64_layer10_nosg.parquet --results-dir steering_results/energy_above_hull
2026-09-07T02:16:50Z	459786	validate_steered	f9529b6	python scripts/eval/validate_steered_cifs.py --workers 16 --results-dir steering_results/density_atomic --input steering_results/bandgap/generated_cifs/steered_manifold_test_d3_residual_s3_k64_layer4_nosg.parquet --results-dir steering_results/bandgap
2026-09-07T02:16:50Z	459787	validate_steered	f9529b6	python scripts/eval/validate_steered_cifs.py --workers 16 --results-dir steering_results/density_atomic --input steering_results/energy_above_hull/generated_cifs/steered_manifold_test_d3_residual_s-3_k64_layer10_nosg.parquet --results-dir steering_results/energy_above_hull
2026-09-07T02:16:50Z	459788	validate_steered	f9529b6	python scripts/eval/validate_steered_cifs.py --workers 16 --results-dir steering_results/density_atomic --input steering_results/bandgap/generated_cifs/steered_manifold_test_d3_residual_s4_k64_layer4_nosg.parquet --results-dir steering_results/bandgap
2026-09-07T02:16:50Z	459789	validate_steered	f9529b6	python scripts/eval/validate_steered_cifs.py --workers 16 --results-dir steering_results/density_atomic --input steering_results/energy_above_hull/generated_cifs/steered_manifold_test_d3_residual_s-4_k64_layer10_nosg.parquet --results-dir steering_results/energy_above_hull
2026-09-07T02:16:50Z	459790	validate_steered	f9529b6	python scripts/eval/validate_steered_cifs.py --workers 16 --results-dir steering_results/density_atomic --input steering_results/bandgap/generated_cifs/steered_manifold_test_d3_residual_s5_k64_layer4_nosg.parquet --results-dir steering_results/bandgap
2026-09-07T02:16:50Z	459791	validate_steered	f9529b6	python scripts/eval/validate_steered_cifs.py --workers 16 --results-dir steering_results/density_atomic --input steering_results/energy_above_hull/generated_cifs/steered_manifold_test_d3_residual_s-5_k64_layer10_nosg.parquet --results-dir steering_results/energy_above_hull
2026-09-07T02:16:50Z	459792	validate_steered	f9529b6	python scripts/eval/validate_steered_cifs.py --workers 16 --results-dir steering_results/density_atomic --input steering_results/bandgap/generated_cifs/steered_manifold_test_d3_residual_s6_k64_layer4_nosg.parquet --results-dir steering_results/bandgap
2026-09-07T02:16:50Z	459793	validate_steered	f9529b6	python scripts/eval/validate_steered_cifs.py --workers 16 --results-dir steering_results/density_atomic --input steering_results/energy_above_hull/generated_cifs/steered_manifold_test_d3_residual_s-6_k64_layer10_nosg.parquet --results-dir steering_results/energy_above_hull
2026-09-07T02:16:50Z	459794	validate_steered	f9529b6	python scripts/eval/validate_steered_cifs.py --workers 16 --results-dir steering_results/density_atomic --input steering_results/bandgap/generated_cifs/steered_manifold_test_d3_residual_s7_k64_layer4_nosg.parquet --results-dir steering_results/bandgap
2026-09-07T02:16:50Z	459795	validate_steered	f9529b6	python scripts/eval/validate_steered_cifs.py --workers 16 --results-dir steering_results/density_atomic --input steering_results/energy_above_hull/generated_cifs/steered_manifold_test_d3_residual_s-7_k64_layer10_nosg.parquet --results-dir steering_results/energy_above_hull
2026-09-07T02:16:50Z	459796	validate_steered	f9529b6	python scripts/eval/validate_steered_cifs.py --workers 16 --results-dir steering_results/density_atomic --input steering_results/bandgap/generated_cifs/steered_manifold_test_d3_residual_s8_k64_layer4_nosg.parquet --results-dir steering_results/bandgap
2026-09-07T02:16:50Z	459797	validate_steered	f9529b6	python scripts/eval/validate_steered_cifs.py --workers 16 --results-dir steering_results/density_atomic --input steering_results/energy_above_hull/generated_cifs/steered_manifold_test_d3_residual_s-8_k64_layer10_nosg.parquet --results-dir steering_results/energy_above_hull
2026-09-07T02:16:50Z	459798	validate_steered	f9529b6	python scripts/eval/validate_steered_cifs.py --workers 16 --results-dir steering_results/density_atomic --input steering_results/bandgap/generated_cifs/steered_manifold_test_d3_residual_s9_k64_layer4_nosg.parquet --results-dir steering_results/bandgap
2026-09-07T02:16:51Z	459799	validate_steered	f9529b6	python scripts/eval/validate_steered_cifs.py --workers 16 --results-dir steering_results/density_atomic --input steering_results/energy_above_hull/generated_cifs/steered_manifold_test_d3_residual_s-9_k64_layer10_nosg.parquet --results-dir steering_results/energy_above_hull
2026-09-07T02:16:51Z	459800	validate_steered	f9529b6	python scripts/eval/validate_steered_cifs.py --workers 16 --results-dir steering_results/density_atomic --input steering_results/bandgap/generated_cifs/steered_manifold_test_d3_residual_s10_k64_layer4_nosg.parquet --results-dir steering_results/bandgap
2026-09-07T02:16:51Z	459801	validate_steered	f9529b6	python scripts/eval/validate_steered_cifs.py --workers 16 --results-dir steering_results/density_atomic --input steering_results/energy_above_hull/generated_cifs/steered_manifold_test_d3_residual_s-10_k64_layer10_nosg.parquet --results-dir steering_results/energy_above_hull
2026-09-07T02:17:02Z	459802	predict_bandgap	f9529b6	python scripts/eval/compute_predictions.py --property band_gap --fidelity 0 --results-dir steering_results/bandgap --input steering_results/baseline/validation/steered_test_alpha0.0_layer1_nosg.parquet --results-dir steering_results/baseline
2026-09-07T02:17:02Z	459803	predict_eath	f9529b6	python scripts/eval/compute_predictions.py --property energy_above_hull --results-dir steering_results/energy_above_hull --input steering_results/baseline/validation/steered_test_alpha0.0_layer1_nosg.parquet --results-dir steering_results/baseline
2026-09-07T02:38:04Z	459821	novelty_all	63717e7	python scripts/eval/novelty_steered_cifs.py --input steering_results/bandgap/validation/steered_pca_test_target0.25_t0.25_k64_layer14_nosg.parquet steering_results/bandgap/validation/steered_pca_test_target0.25_t0.5_k64_layer14_nosg.parquet steering_results/bandgap/validation/steered_pca_test_target0.25_t0.75_k64_layer14_nosg.parquet steering_results/bandgap/validation/steered_pca_test_target0.25_t1.0_k64_layer14_nosg.parquet steering_results/bandgap/validation/steered_pca_test_target1.2_t0.25_k64_layer14_nosg.parquet steering_results/bandgap/validation/steered_pca_test_target1.2_t0.5_k64_layer14_nosg.parquet steering_results/bandgap/validation/steered_pca_test_target1.2_t0.75_k64_layer14_nosg.parquet steering_results/bandgap/validation/steered_pca_test_target1.2_t1.0_k64_layer14_nosg.parquet steering_results/bandgap/validation/steered_test_clean_alpha-16.0_layer14_nosg.parquet steering_results/bandgap/validation/steered_test_clean_alpha11.0_layer14.parquet steering_results/bandgap/validation/steered_test_clean_alpha16.0_layer14.parquet steering_results/bandgap/validation/steered_test_clean_alpha16.0_layer14_nosg.parquet steering_results/bandgap/validation/steered_test_clean_alpha25.0_layer14.parquet steering_results/bandgap/validation/steered_test_clean_alpha25.0_layer14_nosg.parquet steering_results/bandgap/validation/steered_test_clean_alpha40.0_layer14.parquet steering_results/bandgap/validation/steered_test_clean_alpha40.0_layer14_nosg.parquet steering_results/bandgap/validation/steered_test_clean_alpha60.0_layer14_nosg.parquet steering_results/bandgap/validation/testset_baseline.parquet steering_results/baseline/validation/steered_test_alpha0.0_layer1.parquet steering_results/baseline/validation/steered_test_alpha0.0_layer1_nosg.parquet steering_results/baseline/validation/steered_test_clean_alpha0.0_layer14_nosg.parquet steering_results/density_atomic/validation/steered_manifold_test_d-2_residual_k64_layer7_nosg.parquet steering_results/density_atomic/validation/steered_manifold_test_d-2_residual_s10_k64_layer7_nosg.parquet steering_results/density_atomic/validation/steered_manifold_test_d-2_residual_s2_k64_layer7_nosg.parquet steering_results/density_atomic/validation/steered_manifold_test_d-2_residual_s3_k64_layer7_nosg.parquet steering_results/density_atomic/validation/steered_manifold_test_d-2_residual_s4_k64_layer7_nosg.parquet steering_results/density_atomic/validation/steered_manifold_test_d-2_residual_s5_k64_layer7_nosg.parquet steering_results/density_atomic/validation/steered_manifold_test_d-2_residual_s6_k64_layer7_nosg.parquet steering_results/density_atomic/validation/steered_manifold_test_d-2_residual_s7_k64_layer7_nosg.parquet steering_results/density_atomic/validation/steered_manifold_test_d-2_residual_s8_k64_layer7_nosg.parquet steering_results/density_atomic/validation/steered_manifold_test_d-2_residual_s9_k64_layer7_nosg.parquet steering_results/density_atomic/validation/steered_manifold_test_d10_k64_layer14.parquet steering_results/density_atomic/validation/steered_manifold_test_d10_residual_k64_layer7_nosg.parquet steering_results/density_atomic/validation/steered_manifold_test_d10_residual_s3_k64_layer7_nosg.parquet steering_results/density_atomic/validation/steered_manifold_test_d10_residual_s6_k64_layer7_nosg.parquet steering_results/density_atomic/validation/steered_manifold_test_d10_residual_s7_k64_layer7_nosg.parquet steering_results/density_atomic/validation/steered_manifold_test_d11_residual_k64_layer7_nosg.parquet steering_results/density_atomic/validation/steered_manifold_test_d11_residual_s3_k64_layer7_nosg.parquet steering_results/density_atomic/validation/steered_manifold_test_d11_residual_s7_k64_layer7_nosg.parquet steering_results/density_atomic/validation/steered_manifold_test_d12_residual_k64_layer7_nosg.parquet steering_results/density_atomic/validation/steered_manifold_test_d12_residual_s3_k64_layer7_nosg.parquet steering_results/density_atomic/validation/steered_manifold_test_d12_residual_s7_k64_layer7_nosg.parquet steering_results/density_atomic/validation/steered_manifold_test_d13_residual_k64_layer7_nosg.parquet steering_results/density_atomic/validation/steered_manifold_test_d13_residual_s3_k64_layer7_nosg.parquet steering_results/density_atomic/validation/steered_manifold_test_d13_residual_s7_k64_layer7_nosg.parquet steering_results/density_atomic/validation/steered_manifold_test_d14_residual_k64_layer7_nosg.parquet steering_results/density_atomic/validation/steered_manifold_test_d14_residual_s3_k64_layer7_nosg.parquet steering_results/density_atomic/validation/steered_manifold_test_d14_residual_s7_k64_layer7_nosg.parquet steering_results/density_atomic/validation/steered_manifold_test_d15_k64_layer14.parquet steering_results/density_atomic/validation/steered_manifold_test_d15_project_k64_layer14.parquet steering_results/density_atomic/validation/steered_manifold_test_d15_project_nomu_k64_layer14.parquet steering_results/density_atomic/validation/steered_manifold_test_d15_residual_k64_layer7_nosg.parquet steering_results/density_atomic/validation/steered_manifold_test_d15_residual_s12_k64_layer14.parquet steering_results/density_atomic/validation/steered_manifold_test_d15_residual_s2_k64_layer7_nosg.parquet steering_results/density_atomic/validation/steered_manifold_test_d15_residual_s3_k64_layer7_nosg.parquet steering_results/density_atomic/validation/steered_manifold_test_d15_residual_s4_k64_layer7_nosg.parquet steering_results/density_atomic/validation/steered_manifold_test_d15_residual_s6_k64_layer14.parquet steering_results/density_atomic/validation/steered_manifold_test_d15_residual_s6_k64_layer7_nosg.parquet steering_results/density_atomic/validation/steered_manifold_test_d15_residual_s7_k64_layer7_nosg.parquet steering_results/density_atomic/validation/steered_manifold_test_d15_residual_s8_k64_layer7_nosg.parquet steering_results/density_atomic/validation/steered_manifold_test_d1_residual_k64_layer7_nosg.parquet steering_results/density_atomic/validation/steered_manifold_test_d1_residual_s3_k64_layer7_nosg.parquet steering_results/density_atomic/validation/steered_manifold_test_d1_residual_s7_k64_layer7_nosg.parquet steering_results/density_atomic/validation/steered_manifold_test_d2_k64_layer14.parquet steering_results/density_atomic/validation/steered_manifold_test_d2_residual_k64_layer7_nosg.parquet steering_results/density_atomic/validation/steered_manifold_test_d2_residual_s10_k64_layer7_nosg.parquet steering_results/density_atomic/validation/steered_manifold_test_d2_residual_s2_k64_layer7_nosg.parquet steering_results/density_atomic/validation/steered_manifold_test_d2_residual_s3_k64_layer7_nosg.parquet steering_results/density_atomic/validation/steered_manifold_test_d2_residual_s4_k64_layer7_nosg.parquet steering_results/density_atomic/validation/steered_manifold_test_d2_residual_s5_k64_layer7_nosg.parquet steering_results/density_atomic/validation/steered_manifold_test_d2_residual_s6_k64_layer7_nosg.parquet steering_results/density_atomic/validation/steered_manifold_test_d2_residual_s7_k64_layer7_nosg.parquet steering_results/density_atomic/validation/steered_manifold_test_d2_residual_s8_k64_layer7_nosg.parquet steering_results/density_atomic/validation/steered_manifold_test_d2_residual_s9_k64_layer7_nosg.parquet steering_results/density_atomic/validation/steered_manifold_test_d3_residual_k64_layer7_nosg.parquet steering_results/density_atomic/validation/steered_manifold_test_d3_residual_s10_k64_layer7_nosg.parquet steering_results/density_atomic/validation/steered_manifold_test_d3_residual_s2_k64_layer7_nosg.parquet steering_results/density_atomic/validation/steered_manifold_test_d3_residual_s3_k64_layer7_nosg.parquet steering_results/density_atomic/validation/steered_manifold_test_d3_residual_s4_k64_layer7_nosg.parquet steering_results/density_atomic/validation/steered_manifold_test_d3_residual_s5_k64_layer7_nosg.parquet steering_results/density_atomic/validation/steered_manifold_test_d3_residual_s6_k64_layer7_nosg.parquet steering_results/density_atomic/validation/steered_manifold_test_d3_residual_s7_k64_layer7_nosg.parquet steering_results/density_atomic/validation/steered_manifold_test_d3_residual_s8_k64_layer7_nosg.parquet steering_results/density_atomic/validation/steered_manifold_test_d3_residual_s9_k64_layer7_nosg.parquet steering_results/density_atomic/validation/steered_manifold_test_d4_residual_k64_layer7_nosg.parquet steering_results/density_atomic/validation/steered_manifold_test_d4_residual_s3_k64_layer7_nosg.parquet steering_results/density_atomic/validation/steered_manifold_test_d4_residual_s7_k64_layer7_nosg.parquet steering_results/density_atomic/validation/steered_manifold_test_d5_k64_layer14.parquet steering_results/density_atomic/validation/steered_manifold_test_d5_residual_k64_layer7_nosg.parquet steering_results/density_atomic/validation/steered_manifold_test_d5_residual_s3_k64_layer7_nosg.parquet steering_results/density_atomic/validation/steered_manifold_test_d5_residual_s6_k64_layer7_nosg.parquet steering_results/density_atomic/validation/steered_manifold_test_d5_residual_s7_k64_layer7_nosg.parquet steering_results/density_atomic/validation/steered_manifold_test_d6_residual_k64_layer7_nosg.parquet steering_results/density_atomic/validation/steered_manifold_test_d6_residual_s3_k64_layer7_nosg.parquet steering_results/density_atomic/validation/steered_manifold_test_d6_residual_s7_k64_layer7_nosg.parquet steering_results/density_atomic/validation/steered_manifold_test_d7_residual_k64_layer7_nosg.parquet steering_results/density_atomic/validation/steered_manifold_test_d7_residual_s3_k64_layer7_nosg.parquet steering_results/density_atomic/validation/steered_manifold_test_d7_residual_s7_k64_layer7_nosg.parquet steering_results/density_atomic/validation/steered_manifold_test_d8_residual_k64_layer7_nosg.parquet steering_results/density_atomic/validation/steered_manifold_test_d8_residual_s3_k64_layer7_nosg.parquet steering_results/density_atomic/validation/steered_manifold_test_d8_residual_s7_k64_layer7_nosg.parquet steering_results/density_atomic/validation/steered_manifold_test_d9_residual_k64_layer7_nosg.parquet steering_results/density_atomic/validation/steered_manifold_test_d9_residual_s3_k64_layer7_nosg.parquet steering_results/density_atomic/validation/steered_manifold_test_d9_residual_s7_k64_layer7_nosg.parquet steering_results/density_atomic/validation/steered_pca_test_target22.5_t0.25_k64_layer14.parquet steering_results/density_atomic/validation/steered_pca_test_target22.5_t0.5_k64_layer14.parquet steering_results/density_atomic/validation/steered_pca_test_target22.5_t0.75_k64_layer14.parquet steering_results/density_atomic/validation/steered_pca_test_target22.5_t1.0_k64_layer14.parquet steering_results/density_atomic/validation/steered_pca_test_target30_t0.25_k64_layer14.parquet steering_results/density_atomic/validation/steered_pca_test_target30_t0.25_k64_layer9.parquet steering_results/density_atomic/validation/steered_pca_test_target30_t0.5_k64_layer14.parquet steering_results/density_atomic/validation/steered_pca_test_target30_t0.5_k64_layer9.parquet steering_results/density_atomic/validation/steered_pca_test_target30_t0.75_k64_layer9.parquet steering_results/density_atomic/validation/steered_pca_test_target30_t1.0_k64_layer14.parquet steering_results/density_atomic/validation/steered_pca_test_target30_t1.0_k64_layer9.parquet steering_results/density_atomic/validation/steered_pca_test_target30_t2.0_k64_layer14.parquet steering_results/density_atomic/validation/steered_pcalocal_test_target30_t0.25_k64_nb256_layer14.parquet steering_results/density_atomic/validation/steered_pcalocal_test_target30_t0.5_k64_nb256_layer14.parquet steering_results/density_atomic/validation/steered_pcalocal_test_target30_t0.75_k64_nb256_layer14.parquet steering_results/density_atomic/validation/steered_test_alpha-16.0_layer7_nosg.parquet steering_results/density_atomic/validation/steered_test_alpha-32.0_layer7_nosg.parquet steering_results/density_atomic/validation/steered_test_alpha-40.0_layer7_nosg.parquet steering_results/density_atomic/validation/steered_test_alpha-48.0_layer7_nosg.parquet steering_results/density_atomic/validation/steered_test_alpha-8.0_layer7_nosg.parquet steering_results/density_atomic/validation/steered_test_alpha16.0_layer7_nosg.parquet steering_results/density_atomic/validation/steered_test_alpha32.0_layer7_nosg.parquet steering_results/density_atomic/validation/steered_test_alpha40.0_layer14.parquet steering_results/density_atomic/validation/steered_test_alpha40.0_layer7_nosg.parquet steering_results/density_atomic/validation/steered_test_alpha48.0_layer7_nosg.parquet steering_results/density_atomic/validation/steered_test_alpha64.0_layer7_nosg.parquet steering_results/density_atomic/validation/steered_test_alpha8.0_layer7_nosg.parquet steering_results/density_atomic/validation/steered_test_alpha80.0_layer14.parquet steering_results/density_atomic/validation/steered_test_alpha80.0_layer7_nosg.parquet steering_results/density_atomic_nocache/validation/steered_manifold_test_d2_residual_s9_k64_layer7_nosg.parquet steering_results/efermi/validation/steered_test_alpha40.0_layer14.parquet steering_results/efermi/validation/steered_test_alpha80.0_layer14.parquet steering_results/energy_above_hull/validation/steered_test_alpha40.0_layer14.parquet steering_results/energy_above_hull/validation/steered_test_alpha80.0_layer14.parquet steering_results/formation_energy_per_atom/validation/steered_test_alpha40.0_layer14.parquet steering_results/formation_energy_per_atom/validation/steered_test_alpha80.0_layer14.parquet steering_results/total_magnetization/validation/steered_test_alpha40.0_layer14.parquet steering_results/total_magnetization/validation/steered_test_alpha80.0_layer14.parquet
2026-09-07T02:48:14Z	459826	novelty_all	2a1a19a	python scripts/eval/novelty_steered_cifs.py --input steering_results/bandgap/validation/steered_pca_test_target0.25_t0.25_k64_layer14_nosg.parquet steering_results/bandgap/validation/steered_pca_test_target1.2_t0.75_k64_layer14_nosg.parquet steering_results/bandgap/validation/steered_test_clean_alpha25.0_layer14.parquet steering_results/baseline/validation/steered_test_alpha0.0_layer1.parquet steering_results/density_atomic/validation/steered_manifold_test_d-2_residual_s3_k64_layer7_nosg.parquet steering_results/density_atomic/validation/steered_manifold_test_d-2_residual_s9_k64_layer7_nosg.parquet steering_results/density_atomic/validation/steered_manifold_test_d11_residual_k64_layer7_nosg.parquet steering_results/density_atomic/validation/steered_manifold_test_d13_residual_k64_layer7_nosg.parquet steering_results/density_atomic/validation/steered_manifold_test_d15_k64_layer14.parquet steering_results/density_atomic/validation/steered_manifold_test_d15_residual_s3_k64_layer7_nosg.parquet steering_results/density_atomic/validation/steered_manifold_test_d1_residual_k64_layer7_nosg.parquet steering_results/density_atomic/validation/steered_manifold_test_d2_residual_s2_k64_layer7_nosg.parquet steering_results/density_atomic/validation/steered_manifold_test_d2_residual_s8_k64_layer7_nosg.parquet steering_results/density_atomic/validation/steered_manifold_test_d3_residual_s4_k64_layer7_nosg.parquet steering_results/density_atomic/validation/steered_manifold_test_d4_residual_k64_layer7_nosg.parquet steering_results/density_atomic/validation/steered_manifold_test_d5_residual_s6_k64_layer7_nosg.parquet steering_results/density_atomic/validation/steered_manifold_test_d7_residual_s3_k64_layer7_nosg.parquet steering_results/density_atomic/validation/steered_manifold_test_d9_residual_s3_k64_layer7_nosg.parquet steering_results/density_atomic/validation/steered_pca_test_target30_t0.25_k64_layer14.parquet steering_results/density_atomic/validation/steered_pca_test_target30_t1.0_k64_layer9.parquet steering_results/density_atomic/validation/steered_test_alpha-32.0_layer7_nosg.parquet steering_results/density_atomic/validation/steered_test_alpha40.0_layer14.parquet steering_results/density_atomic/validation/steered_test_alpha80.0_layer7_nosg.parquet steering_results/formation_energy_per_atom/validation/steered_test_alpha40.0_layer14.parquet
2026-09-07T02:48:14Z	459827	novelty_all	2a1a19a	python scripts/eval/novelty_steered_cifs.py --input steering_results/bandgap/validation/steered_pca_test_target0.25_t0.5_k64_layer14_nosg.parquet steering_results/bandgap/validation/steered_pca_test_target1.2_t1.0_k64_layer14_nosg.parquet steering_results/bandgap/validation/steered_test_clean_alpha25.0_layer14_nosg.parquet steering_results/baseline/validation/steered_test_alpha0.0_layer1_nosg.parquet steering_results/density_atomic/validation/steered_manifold_test_d-2_residual_s4_k64_layer7_nosg.parquet steering_results/density_atomic/validation/steered_manifold_test_d10_k64_layer14.parquet steering_results/density_atomic/validation/steered_manifold_test_d11_residual_s3_k64_layer7_nosg.parquet steering_results/density_atomic/validation/steered_manifold_test_d13_residual_s3_k64_layer7_nosg.parquet steering_results/density_atomic/validation/steered_manifold_test_d15_project_k64_layer14.parquet steering_results/density_atomic/validation/steered_manifold_test_d15_residual_s4_k64_layer7_nosg.parquet steering_results/density_atomic/validation/steered_manifold_test_d1_residual_s3_k64_layer7_nosg.parquet steering_results/density_atomic/validation/steered_manifold_test_d2_residual_s3_k64_layer7_nosg.parquet steering_results/density_atomic/validation/steered_manifold_test_d2_residual_s9_k64_layer7_nosg.parquet steering_results/density_atomic/validation/steered_manifold_test_d3_residual_s5_k64_layer7_nosg.parquet steering_results/density_atomic/validation/steered_manifold_test_d4_residual_s3_k64_layer7_nosg.parquet steering_results/density_atomic/validation/steered_manifold_test_d5_residual_s7_k64_layer7_nosg.parquet steering_results/density_atomic/validation/steered_manifold_test_d7_residual_s7_k64_layer7_nosg.parquet steering_results/density_atomic/validation/steered_manifold_test_d9_residual_s7_k64_layer7_nosg.parquet steering_results/density_atomic/validation/steered_pca_test_target30_t0.25_k64_layer9.parquet steering_results/density_atomic/validation/steered_pca_test_target30_t2.0_k64_layer14.parquet steering_results/density_atomic/validation/steered_test_alpha-40.0_layer7_nosg.parquet steering_results/density_atomic/validation/steered_test_alpha40.0_layer7_nosg.parquet steering_results/density_atomic_nocache/validation/steered_manifold_test_d2_residual_s9_k64_layer7_nosg.parquet steering_results/formation_energy_per_atom/validation/steered_test_alpha80.0_layer14.parquet
2026-09-07T02:48:15Z	459828	novelty_all	2a1a19a	python scripts/eval/novelty_steered_cifs.py --input steering_results/bandgap/validation/steered_pca_test_target0.25_t0.75_k64_layer14_nosg.parquet steering_results/bandgap/validation/steered_test_clean_alpha-16.0_layer14_nosg.parquet steering_results/bandgap/validation/steered_test_clean_alpha40.0_layer14.parquet steering_results/baseline/validation/steered_test_clean_alpha0.0_layer14_nosg.parquet steering_results/density_atomic/validation/steered_manifold_test_d-2_residual_s5_k64_layer7_nosg.parquet steering_results/density_atomic/validation/steered_manifold_test_d10_residual_k64_layer7_nosg.parquet steering_results/density_atomic/validation/steered_manifold_test_d11_residual_s7_k64_layer7_nosg.parquet steering_results/density_atomic/validation/steered_manifold_test_d13_residual_s7_k64_layer7_nosg.parquet steering_results/density_atomic/validation/steered_manifold_test_d15_project_nomu_k64_layer14.parquet steering_results/density_atomic/validation/steered_manifold_test_d15_residual_s6_k64_layer14.parquet steering_results/density_atomic/validation/steered_manifold_test_d1_residual_s7_k64_layer7_nosg.parquet steering_results/density_atomic/validation/steered_manifold_test_d2_residual_s4_k64_layer7_nosg.parquet steering_results/density_atomic/validation/steered_manifold_test_d3_residual_k64_layer7_nosg.parquet steering_results/density_atomic/validation/steered_manifold_test_d3_residual_s6_k64_layer7_nosg.parquet steering_results/density_atomic/validation/steered_manifold_test_d4_residual_s7_k64_layer7_nosg.parquet steering_results/density_atomic/validation/steered_manifold_test_d6_residual_k64_layer7_nosg.parquet steering_results/density_atomic/validation/steered_manifold_test_d8_residual_k64_layer7_nosg.parquet steering_results/density_atomic/validation/steered_pca_test_target22.5_t0.25_k64_layer14.parquet steering_results/density_atomic/validation/steered_pca_test_target30_t0.5_k64_layer14.parquet steering_results/density_atomic/validation/steered_pcalocal_test_target30_t0.25_k64_nb256_layer14.parquet steering_results/density_atomic/validation/steered_test_alpha-48.0_layer7_nosg.parquet steering_results/density_atomic/validation/steered_test_alpha48.0_layer7_nosg.parquet steering_results/efermi/validation/steered_test_alpha40.0_layer14.parquet steering_results/total_magnetization/validation/steered_test_alpha40.0_layer14.parquet
2026-09-07T02:48:15Z	459829	novelty_all	2a1a19a	python scripts/eval/novelty_steered_cifs.py --input steering_results/bandgap/validation/steered_pca_test_target0.25_t1.0_k64_layer14_nosg.parquet steering_results/bandgap/validation/steered_test_clean_alpha11.0_layer14.parquet steering_results/bandgap/validation/steered_test_clean_alpha40.0_layer14_nosg.parquet steering_results/density_atomic/validation/steered_manifold_test_d-2_residual_k64_layer7_nosg.parquet steering_results/density_atomic/validation/steered_manifold_test_d-2_residual_s6_k64_layer7_nosg.parquet steering_results/density_atomic/validation/steered_manifold_test_d10_residual_s3_k64_layer7_nosg.parquet steering_results/density_atomic/validation/steered_manifold_test_d12_residual_k64_layer7_nosg.parquet steering_results/density_atomic/validation/steered_manifold_test_d14_residual_k64_layer7_nosg.parquet steering_results/density_atomic/validation/steered_manifold_test_d15_residual_k64_layer7_nosg.parquet steering_results/density_atomic/validation/steered_manifold_test_d15_residual_s6_k64_layer7_nosg.parquet steering_results/density_atomic/validation/steered_manifold_test_d2_k64_layer14.parquet steering_results/density_atomic/validation/steered_manifold_test_d2_residual_s5_k64_layer7_nosg.parquet steering_results/density_atomic/validation/steered_manifold_test_d3_residual_s10_k64_layer7_nosg.parquet steering_results/density_atomic/validation/steered_manifold_test_d3_residual_s7_k64_layer7_nosg.parquet steering_results/density_atomic/validation/steered_manifold_test_d5_k64_layer14.parquet steering_results/density_atomic/validation/steered_manifold_test_d6_residual_s3_k64_layer7_nosg.parquet steering_results/density_atomic/validation/steered_manifold_test_d8_residual_s3_k64_layer7_nosg.parquet steering_results/density_atomic/validation/steered_pca_test_target22.5_t0.5_k64_layer14.parquet steering_results/density_atomic/validation/steered_pca_test_target30_t0.5_k64_layer9.parquet steering_results/density_atomic/validation/steered_pcalocal_test_target30_t0.5_k64_nb256_layer14.parquet steering_results/density_atomic/validation/steered_test_alpha-8.0_layer7_nosg.parquet steering_results/density_atomic/validation/steered_test_alpha64.0_layer7_nosg.parquet steering_results/efermi/validation/steered_test_alpha80.0_layer14.parquet steering_results/total_magnetization/validation/steered_test_alpha80.0_layer14.parquet
2026-09-07T02:48:15Z	459830	novelty_all	2a1a19a	python scripts/eval/novelty_steered_cifs.py --input steering_results/bandgap/validation/steered_pca_test_target1.2_t0.25_k64_layer14_nosg.parquet steering_results/bandgap/validation/steered_test_clean_alpha16.0_layer14.parquet steering_results/bandgap/validation/steered_test_clean_alpha60.0_layer14_nosg.parquet steering_results/density_atomic/validation/steered_manifold_test_d-2_residual_s10_k64_layer7_nosg.parquet steering_results/density_atomic/validation/steered_manifold_test_d-2_residual_s7_k64_layer7_nosg.parquet steering_results/density_atomic/validation/steered_manifold_test_d10_residual_s6_k64_layer7_nosg.parquet steering_results/density_atomic/validation/steered_manifold_test_d12_residual_s3_k64_layer7_nosg.parquet steering_results/density_atomic/validation/steered_manifold_test_d14_residual_s3_k64_layer7_nosg.parquet steering_results/density_atomic/validation/steered_manifold_test_d15_residual_s12_k64_layer14.parquet steering_results/density_atomic/validation/steered_manifold_test_d15_residual_s7_k64_layer7_nosg.parquet steering_results/density_atomic/validation/steered_manifold_test_d2_residual_k64_layer7_nosg.parquet steering_results/density_atomic/validation/steered_manifold_test_d2_residual_s6_k64_layer7_nosg.parquet steering_results/density_atomic/validation/steered_manifold_test_d3_residual_s2_k64_layer7_nosg.parquet steering_results/density_atomic/validation/steered_manifold_test_d3_residual_s8_k64_layer7_nosg.parquet steering_results/density_atomic/validation/steered_manifold_test_d5_residual_k64_layer7_nosg.parquet steering_results/density_atomic/validation/steered_manifold_test_d6_residual_s7_k64_layer7_nosg.parquet steering_results/density_atomic/validation/steered_manifold_test_d8_residual_s7_k64_layer7_nosg.parquet steering_results/density_atomic/validation/steered_pca_test_target22.5_t0.75_k64_layer14.parquet steering_results/density_atomic/validation/steered_pca_test_target30_t0.75_k64_layer9.parquet steering_results/density_atomic/validation/steered_pcalocal_test_target30_t0.75_k64_nb256_layer14.parquet steering_results/density_atomic/validation/steered_test_alpha16.0_layer7_nosg.parquet steering_results/density_atomic/validation/steered_test_alpha8.0_layer7_nosg.parquet steering_results/energy_above_hull/validation/steered_test_alpha40.0_layer14.parquet
2026-09-07T02:48:15Z	459831	novelty_all	2a1a19a	python scripts/eval/novelty_steered_cifs.py --input steering_results/bandgap/validation/steered_pca_test_target1.2_t0.5_k64_layer14_nosg.parquet steering_results/bandgap/validation/steered_test_clean_alpha16.0_layer14_nosg.parquet steering_results/bandgap/validation/testset_baseline.parquet steering_results/density_atomic/validation/steered_manifold_test_d-2_residual_s2_k64_layer7_nosg.parquet steering_results/density_atomic/validation/steered_manifold_test_d-2_residual_s8_k64_layer7_nosg.parquet steering_results/density_atomic/validation/steered_manifold_test_d10_residual_s7_k64_layer7_nosg.parquet steering_results/density_atomic/validation/steered_manifold_test_d12_residual_s7_k64_layer7_nosg.parquet steering_results/density_atomic/validation/steered_manifold_test_d14_residual_s7_k64_layer7_nosg.parquet steering_results/density_atomic/validation/steered_manifold_test_d15_residual_s2_k64_layer7_nosg.parquet steering_results/density_atomic/validation/steered_manifold_test_d15_residual_s8_k64_layer7_nosg.parquet steering_results/density_atomic/validation/steered_manifold_test_d2_residual_s10_k64_layer7_nosg.parquet steering_results/density_atomic/validation/steered_manifold_test_d2_residual_s7_k64_layer7_nosg.parquet steering_results/density_atomic/validation/steered_manifold_test_d3_residual_s3_k64_layer7_nosg.parquet steering_results/density_atomic/validation/steered_manifold_test_d3_residual_s9_k64_layer7_nosg.parquet steering_results/density_atomic/validation/steered_manifold_test_d5_residual_s3_k64_layer7_nosg.parquet steering_results/density_atomic/validation/steered_manifold_test_d7_residual_k64_layer7_nosg.parquet steering_results/density_atomic/validation/steered_manifold_test_d9_residual_k64_layer7_nosg.parquet steering_results/density_atomic/validation/steered_pca_test_target22.5_t1.0_k64_layer14.parquet steering_results/density_atomic/validation/steered_pca_test_target30_t1.0_k64_layer14.parquet steering_results/density_atomic/validation/steered_test_alpha-16.0_layer7_nosg.parquet steering_results/density_atomic/validation/steered_test_alpha32.0_layer7_nosg.parquet steering_results/density_atomic/validation/steered_test_alpha80.0_layer14.parquet steering_results/energy_above_hull/validation/steered_test_alpha80.0_layer14.parquet
2026-09-07T21:19:48Z	460634	relax_steered	7c065a6	python scripts/eval/relax_steered_cifs.py --results-dir steering_results/bandgap --fmax 0.05 --steps 500 --timeout 60 --checkpoint-every 10 --input steering_results/baseline/validation/steered_test_alpha0.0_layer0_nosg.parquet --results-dir steering_results/baseline
2026-09-07T21:19:48Z	460635	predict_bandgap	7c065a6	python scripts/eval/compute_predictions.py --property band_gap --fidelity 0 --results-dir steering_results/bandgap --input steering_results/baseline/validation/steered_test_alpha0.0_layer0_nosg.parquet --results-dir steering_results/baseline
2026-09-07T21:19:48Z	460636	predict_formation_energy	7c065a6	python scripts/eval/compute_predictions.py --property formation_energy --results-dir steering_results/formation_energy_per_atom --input steering_results/baseline/validation/steered_test_alpha0.0_layer0_nosg.parquet --results-dir steering_results/baseline
2026-09-07T21:19:48Z	460637	predict_bandgap	7c065a6	python scripts/eval/compute_predictions.py --property band_gap --fidelity 0 --results-dir steering_results/bandgap --input steering_results/baseline/validation/steered_test_alpha0.0_layer0.parquet --results-dir steering_results/baseline
2026-09-07T21:19:48Z	460638	predict_formation_energy	7c065a6	python scripts/eval/compute_predictions.py --property formation_energy --results-dir steering_results/formation_energy_per_atom --input steering_results/baseline/validation/steered_test_alpha0.0_layer0.parquet --results-dir steering_results/baseline
2026-09-08T17:47:34Z	462252	predict_bandgap	1c5e3fb	python scripts/eval/compute_predictions.py --property band_gap --fidelity 0 --results-dir steering_results/bandgap --input steering_results/baseline/generated_cifs/steered_test_alpha0.0_layer0.parquet --results-dir steering_results/baseline
2026-09-08T17:47:34Z	462253	predict_bandgap	1c5e3fb	python scripts/eval/compute_predictions.py --property band_gap --fidelity 0 --results-dir steering_results/bandgap --input steering_results/baseline/relaxed/steered_test_alpha0.0_layer0.parquet --results-dir steering_results/baseline
2026-09-08T17:47:34Z	462254	predict_formation_energy	1c5e3fb	python scripts/eval/compute_predictions.py --property formation_energy --results-dir steering_results/formation_energy_per_atom --input steering_results/baseline/generated_cifs/steered_test_alpha0.0_layer0.parquet --results-dir steering_results/baseline
2026-09-08T17:47:34Z	462255	predict_formation_energy	1c5e3fb	python scripts/eval/compute_predictions.py --property formation_energy --results-dir steering_results/formation_energy_per_atom --input steering_results/baseline/relaxed/steered_test_alpha0.0_layer0.parquet --results-dir steering_results/baseline
2026-09-08T17:47:34Z	462256	predict_bandgap	1c5e3fb	python scripts/eval/compute_predictions.py --property band_gap --fidelity 0 --results-dir steering_results/bandgap --input steering_results/baseline/generated_cifs/steered_test_alpha0.0_layer0_nosg.parquet --results-dir steering_results/baseline
2026-09-08T17:47:34Z	462257	predict_bandgap	1c5e3fb	python scripts/eval/compute_predictions.py --property band_gap --fidelity 0 --results-dir steering_results/bandgap --input steering_results/baseline/relaxed/steered_test_alpha0.0_layer0_nosg.parquet --results-dir steering_results/baseline
2026-09-08T17:47:34Z	462258	predict_formation_energy	1c5e3fb	python scripts/eval/compute_predictions.py --property formation_energy --results-dir steering_results/formation_energy_per_atom --input steering_results/baseline/generated_cifs/steered_test_alpha0.0_layer0_nosg.parquet --results-dir steering_results/baseline
2026-09-08T17:47:34Z	462259	predict_formation_energy	1c5e3fb	python scripts/eval/compute_predictions.py --property formation_energy --results-dir steering_results/formation_energy_per_atom --input steering_results/baseline/relaxed/steered_test_alpha0.0_layer0_nosg.parquet --results-dir steering_results/baseline
2026-09-08T17:55:53Z	462286	relax_steered	1c5e3fb	python scripts/eval/relax_steered_cifs.py --results-dir steering_results/bandgap --fmax 0.05 --steps 500 --timeout 60 --checkpoint-every 10 --input steering_results/bandgap/validation/steered_manifold_test_d2_residual_k64_layer4_nosg.parquet --results-dir steering_results/bandgap
2026-09-08T17:55:53Z	462287	relax_steered	1c5e3fb	python scripts/eval/relax_steered_cifs.py --results-dir steering_results/bandgap --fmax 0.05 --steps 500 --timeout 60 --checkpoint-every 10 --input steering_results/bandgap/validation/steered_manifold_test_d2_residual_s10_k64_layer4_nosg.parquet --results-dir steering_results/bandgap
2026-09-08T17:55:54Z	462288	relax_steered	1c5e3fb	python scripts/eval/relax_steered_cifs.py --results-dir steering_results/bandgap --fmax 0.05 --steps 500 --timeout 60 --checkpoint-every 10 --input steering_results/bandgap/validation/steered_manifold_test_d2_residual_s2_k64_layer4_nosg.parquet --results-dir steering_results/bandgap
2026-09-08T17:55:54Z	462289	relax_steered	1c5e3fb	python scripts/eval/relax_steered_cifs.py --results-dir steering_results/bandgap --fmax 0.05 --steps 500 --timeout 60 --checkpoint-every 10 --input steering_results/bandgap/validation/steered_manifold_test_d2_residual_s3_k64_layer4_nosg.parquet --results-dir steering_results/bandgap
2026-09-08T17:55:54Z	462290	relax_steered	1c5e3fb	python scripts/eval/relax_steered_cifs.py --results-dir steering_results/bandgap --fmax 0.05 --steps 500 --timeout 60 --checkpoint-every 10 --input steering_results/bandgap/validation/steered_manifold_test_d2_residual_s4_k64_layer4_nosg.parquet --results-dir steering_results/bandgap
2026-09-08T17:55:54Z	462291	relax_steered	1c5e3fb	python scripts/eval/relax_steered_cifs.py --results-dir steering_results/bandgap --fmax 0.05 --steps 500 --timeout 60 --checkpoint-every 10 --input steering_results/bandgap/validation/steered_manifold_test_d2_residual_s5_k64_layer4_nosg.parquet --results-dir steering_results/bandgap
2026-09-08T17:55:54Z	462292	relax_steered	1c5e3fb	python scripts/eval/relax_steered_cifs.py --results-dir steering_results/bandgap --fmax 0.05 --steps 500 --timeout 60 --checkpoint-every 10 --input steering_results/bandgap/validation/steered_manifold_test_d2_residual_s6_k64_layer4_nosg.parquet --results-dir steering_results/bandgap
2026-09-08T17:55:54Z	462293	relax_steered	1c5e3fb	python scripts/eval/relax_steered_cifs.py --results-dir steering_results/bandgap --fmax 0.05 --steps 500 --timeout 60 --checkpoint-every 10 --input steering_results/bandgap/validation/steered_manifold_test_d2_residual_s7_k64_layer4_nosg.parquet --results-dir steering_results/bandgap
2026-09-08T17:55:54Z	462294	relax_steered	1c5e3fb	python scripts/eval/relax_steered_cifs.py --results-dir steering_results/bandgap --fmax 0.05 --steps 500 --timeout 60 --checkpoint-every 10 --input steering_results/bandgap/validation/steered_manifold_test_d2_residual_s8_k64_layer4_nosg.parquet --results-dir steering_results/bandgap
2026-09-08T17:55:54Z	462295	relax_steered	1c5e3fb	python scripts/eval/relax_steered_cifs.py --results-dir steering_results/bandgap --fmax 0.05 --steps 500 --timeout 60 --checkpoint-every 10 --input steering_results/bandgap/validation/steered_manifold_test_d2_residual_s9_k64_layer4_nosg.parquet --results-dir steering_results/bandgap
2026-09-08T17:55:54Z	462296	relax_steered	1c5e3fb	python scripts/eval/relax_steered_cifs.py --results-dir steering_results/bandgap --fmax 0.05 --steps 500 --timeout 60 --checkpoint-every 10 --input steering_results/bandgap/validation/steered_manifold_test_d3_residual_k64_layer4_nosg.parquet --results-dir steering_results/bandgap
2026-09-08T17:55:54Z	462297	relax_steered	1c5e3fb	python scripts/eval/relax_steered_cifs.py --results-dir steering_results/bandgap --fmax 0.05 --steps 500 --timeout 60 --checkpoint-every 10 --input steering_results/bandgap/validation/steered_manifold_test_d3_residual_s10_k64_layer4_nosg.parquet --results-dir steering_results/bandgap
2026-09-08T17:55:54Z	462298	relax_steered	1c5e3fb	python scripts/eval/relax_steered_cifs.py --results-dir steering_results/bandgap --fmax 0.05 --steps 500 --timeout 60 --checkpoint-every 10 --input steering_results/bandgap/validation/steered_manifold_test_d3_residual_s2_k64_layer4_nosg.parquet --results-dir steering_results/bandgap
2026-09-08T17:55:55Z	462299	relax_steered	1c5e3fb	python scripts/eval/relax_steered_cifs.py --results-dir steering_results/bandgap --fmax 0.05 --steps 500 --timeout 60 --checkpoint-every 10 --input steering_results/bandgap/validation/steered_manifold_test_d3_residual_s3_k64_layer4_nosg.parquet --results-dir steering_results/bandgap
2026-09-08T17:55:55Z	462300	relax_steered	1c5e3fb	python scripts/eval/relax_steered_cifs.py --results-dir steering_results/bandgap --fmax 0.05 --steps 500 --timeout 60 --checkpoint-every 10 --input steering_results/bandgap/validation/steered_manifold_test_d3_residual_s4_k64_layer4_nosg.parquet --results-dir steering_results/bandgap
2026-09-08T17:55:55Z	462301	relax_steered	1c5e3fb	python scripts/eval/relax_steered_cifs.py --results-dir steering_results/bandgap --fmax 0.05 --steps 500 --timeout 60 --checkpoint-every 10 --input steering_results/bandgap/validation/steered_manifold_test_d3_residual_s5_k64_layer4_nosg.parquet --results-dir steering_results/bandgap
2026-09-08T17:55:55Z	462302	relax_steered	1c5e3fb	python scripts/eval/relax_steered_cifs.py --results-dir steering_results/bandgap --fmax 0.05 --steps 500 --timeout 60 --checkpoint-every 10 --input steering_results/bandgap/validation/steered_manifold_test_d3_residual_s6_k64_layer4_nosg.parquet --results-dir steering_results/bandgap
2026-09-08T17:55:55Z	462303	relax_steered	1c5e3fb	python scripts/eval/relax_steered_cifs.py --results-dir steering_results/bandgap --fmax 0.05 --steps 500 --timeout 60 --checkpoint-every 10 --input steering_results/bandgap/validation/steered_manifold_test_d3_residual_s7_k64_layer4_nosg.parquet --results-dir steering_results/bandgap
2026-09-08T17:55:55Z	462304	relax_steered	1c5e3fb	python scripts/eval/relax_steered_cifs.py --results-dir steering_results/bandgap --fmax 0.05 --steps 500 --timeout 60 --checkpoint-every 10 --input steering_results/bandgap/validation/steered_manifold_test_d3_residual_s8_k64_layer4_nosg.parquet --results-dir steering_results/bandgap
2026-09-08T17:55:55Z	462305	relax_steered	1c5e3fb	python scripts/eval/relax_steered_cifs.py --results-dir steering_results/bandgap --fmax 0.05 --steps 500 --timeout 60 --checkpoint-every 10 --input steering_results/bandgap/validation/steered_manifold_test_d3_residual_s9_k64_layer4_nosg.parquet --results-dir steering_results/bandgap
2026-09-08T17:55:55Z	462306	relax_steered	1c5e3fb	python scripts/eval/relax_steered_cifs.py --results-dir steering_results/bandgap --fmax 0.05 --steps 500 --timeout 60 --checkpoint-every 10 --input steering_results/bandgap/validation/steered_test_alpha16.0_layer4_nosg.parquet --results-dir steering_results/bandgap
2026-09-08T17:55:55Z	462307	relax_steered	1c5e3fb	python scripts/eval/relax_steered_cifs.py --results-dir steering_results/bandgap --fmax 0.05 --steps 500 --timeout 60 --checkpoint-every 10 --input steering_results/bandgap/validation/steered_test_alpha32.0_layer4_nosg.parquet --results-dir steering_results/bandgap
2026-09-08T17:55:55Z	462308	relax_steered	1c5e3fb	python scripts/eval/relax_steered_cifs.py --results-dir steering_results/bandgap --fmax 0.05 --steps 500 --timeout 60 --checkpoint-every 10 --input steering_results/bandgap/validation/steered_test_alpha40.0_layer4_nosg.parquet --results-dir steering_results/bandgap
2026-09-08T17:55:55Z	462309	relax_steered	1c5e3fb	python scripts/eval/relax_steered_cifs.py --results-dir steering_results/bandgap --fmax 0.05 --steps 500 --timeout 60 --checkpoint-every 10 --input steering_results/bandgap/validation/steered_test_alpha48.0_layer4_nosg.parquet --results-dir steering_results/bandgap
2026-09-08T17:55:55Z	462310	relax_steered	1c5e3fb	python scripts/eval/relax_steered_cifs.py --results-dir steering_results/bandgap --fmax 0.05 --steps 500 --timeout 60 --checkpoint-every 10 --input steering_results/bandgap/validation/steered_test_alpha8.0_layer4_nosg.parquet --results-dir steering_results/bandgap
2026-09-08T17:55:56Z	462311	relax_steered	1c5e3fb	python scripts/eval/relax_steered_cifs.py --results-dir steering_results/bandgap --fmax 0.05 --steps 500 --timeout 60 --checkpoint-every 10 --input steering_results/energy_above_hull/validation/steered_manifold_test_d2_residual_s-10_k64_layer10_nosg.parquet --results-dir steering_results/energy_above_hull
2026-09-08T17:55:56Z	462312	relax_steered	1c5e3fb	python scripts/eval/relax_steered_cifs.py --results-dir steering_results/bandgap --fmax 0.05 --steps 500 --timeout 60 --checkpoint-every 10 --input steering_results/energy_above_hull/validation/steered_manifold_test_d2_residual_s-1_k64_layer10_nosg.parquet --results-dir steering_results/energy_above_hull
2026-09-08T17:55:56Z	462313	relax_steered	1c5e3fb	python scripts/eval/relax_steered_cifs.py --results-dir steering_results/bandgap --fmax 0.05 --steps 500 --timeout 60 --checkpoint-every 10 --input steering_results/energy_above_hull/validation/steered_manifold_test_d2_residual_s-2_k64_layer10_nosg.parquet --results-dir steering_results/energy_above_hull
2026-09-08T17:55:56Z	462314	relax_steered	1c5e3fb	python scripts/eval/relax_steered_cifs.py --results-dir steering_results/bandgap --fmax 0.05 --steps 500 --timeout 60 --checkpoint-every 10 --input steering_results/energy_above_hull/validation/steered_manifold_test_d2_residual_s-3_k64_layer10_nosg.parquet --results-dir steering_results/energy_above_hull
2026-09-08T17:55:56Z	462315	relax_steered	1c5e3fb	python scripts/eval/relax_steered_cifs.py --results-dir steering_results/bandgap --fmax 0.05 --steps 500 --timeout 60 --checkpoint-every 10 --input steering_results/energy_above_hull/validation/steered_manifold_test_d2_residual_s-4_k64_layer10_nosg.parquet --results-dir steering_results/energy_above_hull
2026-09-08T17:55:56Z	462316	relax_steered	1c5e3fb	python scripts/eval/relax_steered_cifs.py --results-dir steering_results/bandgap --fmax 0.05 --steps 500 --timeout 60 --checkpoint-every 10 --input steering_results/energy_above_hull/validation/steered_manifold_test_d2_residual_s-5_k64_layer10_nosg.parquet --results-dir steering_results/energy_above_hull
2026-09-08T17:55:56Z	462317	relax_steered	1c5e3fb	python scripts/eval/relax_steered_cifs.py --results-dir steering_results/bandgap --fmax 0.05 --steps 500 --timeout 60 --checkpoint-every 10 --input steering_results/energy_above_hull/validation/steered_manifold_test_d2_residual_s-6_k64_layer10_nosg.parquet --results-dir steering_results/energy_above_hull
2026-09-08T17:55:56Z	462318	relax_steered	1c5e3fb	python scripts/eval/relax_steered_cifs.py --results-dir steering_results/bandgap --fmax 0.05 --steps 500 --timeout 60 --checkpoint-every 10 --input steering_results/energy_above_hull/validation/steered_manifold_test_d2_residual_s-7_k64_layer10_nosg.parquet --results-dir steering_results/energy_above_hull
2026-09-08T17:55:56Z	462319	relax_steered	1c5e3fb	python scripts/eval/relax_steered_cifs.py --results-dir steering_results/bandgap --fmax 0.05 --steps 500 --timeout 60 --checkpoint-every 10 --input steering_results/energy_above_hull/validation/steered_manifold_test_d2_residual_s-8_k64_layer10_nosg.parquet --results-dir steering_results/energy_above_hull
2026-09-08T17:55:56Z	462320	relax_steered	1c5e3fb	python scripts/eval/relax_steered_cifs.py --results-dir steering_results/bandgap --fmax 0.05 --steps 500 --timeout 60 --checkpoint-every 10 --input steering_results/energy_above_hull/validation/steered_manifold_test_d2_residual_s-9_k64_layer10_nosg.parquet --results-dir steering_results/energy_above_hull
2026-09-08T17:55:56Z	462321	relax_steered	1c5e3fb	python scripts/eval/relax_steered_cifs.py --results-dir steering_results/bandgap --fmax 0.05 --steps 500 --timeout 60 --checkpoint-every 10 --input steering_results/energy_above_hull/validation/steered_manifold_test_d3_residual_s-10_k64_layer10_nosg.parquet --results-dir steering_results/energy_above_hull
2026-09-08T17:55:56Z	462322	relax_steered	1c5e3fb	python scripts/eval/relax_steered_cifs.py --results-dir steering_results/bandgap --fmax 0.05 --steps 500 --timeout 60 --checkpoint-every 10 --input steering_results/energy_above_hull/validation/steered_manifold_test_d3_residual_s-1_k64_layer10_nosg.parquet --results-dir steering_results/energy_above_hull
2026-09-08T17:55:57Z	462323	relax_steered	1c5e3fb	python scripts/eval/relax_steered_cifs.py --results-dir steering_results/bandgap --fmax 0.05 --steps 500 --timeout 60 --checkpoint-every 10 --input steering_results/energy_above_hull/validation/steered_manifold_test_d3_residual_s-2_k64_layer10_nosg.parquet --results-dir steering_results/energy_above_hull
2026-09-08T17:55:57Z	462324	relax_steered	1c5e3fb	python scripts/eval/relax_steered_cifs.py --results-dir steering_results/bandgap --fmax 0.05 --steps 500 --timeout 60 --checkpoint-every 10 --input steering_results/energy_above_hull/validation/steered_manifold_test_d3_residual_s-3_k64_layer10_nosg.parquet --results-dir steering_results/energy_above_hull
2026-09-08T17:55:57Z	462325	relax_steered	1c5e3fb	python scripts/eval/relax_steered_cifs.py --results-dir steering_results/bandgap --fmax 0.05 --steps 500 --timeout 60 --checkpoint-every 10 --input steering_results/energy_above_hull/validation/steered_manifold_test_d3_residual_s-4_k64_layer10_nosg.parquet --results-dir steering_results/energy_above_hull
2026-09-08T17:55:57Z	462326	relax_steered	1c5e3fb	python scripts/eval/relax_steered_cifs.py --results-dir steering_results/bandgap --fmax 0.05 --steps 500 --timeout 60 --checkpoint-every 10 --input steering_results/energy_above_hull/validation/steered_manifold_test_d3_residual_s-5_k64_layer10_nosg.parquet --results-dir steering_results/energy_above_hull
2026-09-08T17:55:57Z	462327	relax_steered	1c5e3fb	python scripts/eval/relax_steered_cifs.py --results-dir steering_results/bandgap --fmax 0.05 --steps 500 --timeout 60 --checkpoint-every 10 --input steering_results/energy_above_hull/validation/steered_manifold_test_d3_residual_s-6_k64_layer10_nosg.parquet --results-dir steering_results/energy_above_hull
2026-09-08T17:55:57Z	462328	relax_steered	1c5e3fb	python scripts/eval/relax_steered_cifs.py --results-dir steering_results/bandgap --fmax 0.05 --steps 500 --timeout 60 --checkpoint-every 10 --input steering_results/energy_above_hull/validation/steered_manifold_test_d3_residual_s-7_k64_layer10_nosg.parquet --results-dir steering_results/energy_above_hull
2026-09-08T17:55:57Z	462329	relax_steered	1c5e3fb	python scripts/eval/relax_steered_cifs.py --results-dir steering_results/bandgap --fmax 0.05 --steps 500 --timeout 60 --checkpoint-every 10 --input steering_results/energy_above_hull/validation/steered_manifold_test_d3_residual_s-8_k64_layer10_nosg.parquet --results-dir steering_results/energy_above_hull
2026-09-08T17:55:57Z	462330	relax_steered	1c5e3fb	python scripts/eval/relax_steered_cifs.py --results-dir steering_results/bandgap --fmax 0.05 --steps 500 --timeout 60 --checkpoint-every 10 --input steering_results/energy_above_hull/validation/steered_manifold_test_d3_residual_s-9_k64_layer10_nosg.parquet --results-dir steering_results/energy_above_hull
2026-09-08T17:55:57Z	462331	relax_steered	1c5e3fb	python scripts/eval/relax_steered_cifs.py --results-dir steering_results/bandgap --fmax 0.05 --steps 500 --timeout 60 --checkpoint-every 10 --input steering_results/energy_above_hull/validation/steered_test_alpha-16.0_layer10_nosg.parquet --results-dir steering_results/energy_above_hull
2026-09-08T17:55:57Z	462332	relax_steered	1c5e3fb	python scripts/eval/relax_steered_cifs.py --results-dir steering_results/bandgap --fmax 0.05 --steps 500 --timeout 60 --checkpoint-every 10 --input steering_results/energy_above_hull/validation/steered_test_alpha-32.0_layer10_nosg.parquet --results-dir steering_results/energy_above_hull
2026-09-08T17:55:57Z	462333	relax_steered	1c5e3fb	python scripts/eval/relax_steered_cifs.py --results-dir steering_results/bandgap --fmax 0.05 --steps 500 --timeout 60 --checkpoint-every 10 --input steering_results/energy_above_hull/validation/steered_test_alpha-40.0_layer10_nosg.parquet --results-dir steering_results/energy_above_hull
2026-09-08T17:55:57Z	462334	relax_steered	1c5e3fb	python scripts/eval/relax_steered_cifs.py --results-dir steering_results/bandgap --fmax 0.05 --steps 500 --timeout 60 --checkpoint-every 10 --input steering_results/energy_above_hull/validation/steered_test_alpha-48.0_layer10_nosg.parquet --results-dir steering_results/energy_above_hull
2026-09-08T17:55:58Z	462335	relax_steered	1c5e3fb	python scripts/eval/relax_steered_cifs.py --results-dir steering_results/bandgap --fmax 0.05 --steps 500 --timeout 60 --checkpoint-every 10 --input steering_results/energy_above_hull/validation/steered_test_alpha-8.0_layer10_nosg.parquet --results-dir steering_results/energy_above_hull
2026-09-09T21:09:07Z	469143	steer_embeddings_density_l7	1c5e3fb	python scripts/steering/steer_extract_embeddings.py --model CrystaLLM/crystallm_v1_large --pkl CrystaLLM/cifs_v1_test_sample1000.pkl.gz --method manifold --steering-property density_atomic --manifold steering_vectors/manifolds/density_atomic_layer7_k64_w1_max40.parquet --layer 7 --k 64 --delta 2 --variant residual --scale 4 --capture-layers 7,8,9,10,11,12,13,14,15 --n-samples 3 --temperature 1.0 --workers 8 --results-dir steering_results/density_atomic --method linear --alpha 32
2026-09-09T21:09:08Z	469144	steer_embeddings_density_l7	1c5e3fb	python scripts/steering/steer_extract_embeddings.py --model CrystaLLM/crystallm_v1_large --pkl CrystaLLM/cifs_v1_test_sample1000.pkl.gz --method manifold --steering-property density_atomic --manifold steering_vectors/manifolds/density_atomic_layer7_k64_w1_max40.parquet --layer 7 --k 64 --delta 2 --variant residual --scale 4 --capture-layers 7,8,9,10,11,12,13,14,15 --n-samples 3 --temperature 1.0 --workers 8 --results-dir steering_results/density_atomic --delta 2 --scale 4
2026-09-09T21:09:08Z	469145	steer_embeddings_density_l7	1c5e3fb	python scripts/steering/steer_extract_embeddings.py --model CrystaLLM/crystallm_v1_large --pkl CrystaLLM/cifs_v1_test_sample1000.pkl.gz --method manifold --steering-property density_atomic --manifold steering_vectors/manifolds/density_atomic_layer7_k64_w1_max40.parquet --layer 7 --k 64 --delta 2 --variant residual --scale 4 --capture-layers 7,8,9,10,11,12,13,14,15 --n-samples 3 --temperature 1.0 --workers 8 --results-dir steering_results/density_atomic --delta 2 --scale 10
2026-09-09T21:09:08Z	469146	steer_embeddings_density_l7	1c5e3fb	python scripts/steering/steer_extract_embeddings.py --model CrystaLLM/crystallm_v1_large --pkl CrystaLLM/cifs_v1_test_sample1000.pkl.gz --method manifold --steering-property density_atomic --manifold steering_vectors/manifolds/density_atomic_layer7_k64_w1_max40.parquet --layer 7 --k 64 --delta 2 --variant residual --scale 4 --capture-layers 7,8,9,10,11,12,13,14,15 --n-samples 3 --temperature 1.0 --workers 8 --results-dir steering_results/density_atomic --delta 3 --scale 4
2026-09-09T21:09:08Z	469147	steer_embeddings_density_l7	1c5e3fb	python scripts/steering/steer_extract_embeddings.py --model CrystaLLM/crystallm_v1_large --pkl CrystaLLM/cifs_v1_test_sample1000.pkl.gz --method manifold --steering-property density_atomic --manifold steering_vectors/manifolds/density_atomic_layer7_k64_w1_max40.parquet --layer 7 --k 64 --delta 2 --variant residual --scale 4 --capture-layers 7,8,9,10,11,12,13,14,15 --n-samples 3 --temperature 1.0 --workers 8 --results-dir steering_results/density_atomic --delta 3 --scale 10
2026-09-09T21:09:08Z	469148	steer_embeddings_density_l7	1c5e3fb	python scripts/steering/steer_extract_embeddings.py --model CrystaLLM/crystallm_v1_large --pkl CrystaLLM/cifs_v1_test_sample1000.pkl.gz --method manifold --steering-property density_atomic --manifold steering_vectors/manifolds/density_atomic_layer7_k64_w1_max40.parquet --layer 7 --k 64 --delta 2 --variant residual --scale 4 --capture-layers 7,8,9,10,11,12,13,14,15 --n-samples 3 --temperature 1.0 --workers 8 --results-dir steering_results/density_atomic --method linear --alpha 0 --layer 0 --results-dir steering_results/baseline
2026-09-10T18:27:59Z	470734	predict_eath	fa19d38	python scripts/eval/compute_predictions.py --property energy_above_hull --results-dir steering_results/energy_above_hull --input steering_results/energy_above_hull/generated_cifs/steered_manifold_test_d2_residual_s-10_k64_layer10_nosg.parquet --results-dir steering_results/energy_above_hull
2026-09-10T18:27:59Z	470735	predict_eath	fa19d38	python scripts/eval/compute_predictions.py --property energy_above_hull --results-dir steering_results/energy_above_hull --input steering_results/energy_above_hull/relaxed/steered_manifold_test_d2_residual_s-10_k64_layer10_nosg.parquet --results-dir steering_results/energy_above_hull
2026-09-10T18:27:59Z	470736	predict_eath	fa19d38	python scripts/eval/compute_predictions.py --property energy_above_hull --results-dir steering_results/energy_above_hull --input steering_results/energy_above_hull/generated_cifs/steered_manifold_test_d2_residual_s-1_k64_layer10_nosg.parquet --results-dir steering_results/energy_above_hull
2026-09-10T18:27:59Z	470737	predict_eath	fa19d38	python scripts/eval/compute_predictions.py --property energy_above_hull --results-dir steering_results/energy_above_hull --input steering_results/energy_above_hull/relaxed/steered_manifold_test_d2_residual_s-1_k64_layer10_nosg.parquet --results-dir steering_results/energy_above_hull
2026-09-10T18:27:59Z	470738	predict_eath	fa19d38	python scripts/eval/compute_predictions.py --property energy_above_hull --results-dir steering_results/energy_above_hull --input steering_results/energy_above_hull/generated_cifs/steered_manifold_test_d2_residual_s-2_k64_layer10_nosg.parquet --results-dir steering_results/energy_above_hull
2026-09-10T18:27:59Z	470739	predict_eath	fa19d38	python scripts/eval/compute_predictions.py --property energy_above_hull --results-dir steering_results/energy_above_hull --input steering_results/energy_above_hull/relaxed/steered_manifold_test_d2_residual_s-2_k64_layer10_nosg.parquet --results-dir steering_results/energy_above_hull
2026-09-10T18:27:59Z	470740	predict_eath	fa19d38	python scripts/eval/compute_predictions.py --property energy_above_hull --results-dir steering_results/energy_above_hull --input steering_results/energy_above_hull/generated_cifs/steered_manifold_test_d2_residual_s-3_k64_layer10_nosg.parquet --results-dir steering_results/energy_above_hull
2026-09-10T18:28:00Z	470741	predict_eath	fa19d38	python scripts/eval/compute_predictions.py --property energy_above_hull --results-dir steering_results/energy_above_hull --input steering_results/energy_above_hull/relaxed/steered_manifold_test_d2_residual_s-3_k64_layer10_nosg.parquet --results-dir steering_results/energy_above_hull
2026-09-10T18:28:00Z	470742	predict_eath	fa19d38	python scripts/eval/compute_predictions.py --property energy_above_hull --results-dir steering_results/energy_above_hull --input steering_results/energy_above_hull/generated_cifs/steered_manifold_test_d2_residual_s-4_k64_layer10_nosg.parquet --results-dir steering_results/energy_above_hull
2026-09-10T18:28:00Z	470743	predict_eath	fa19d38	python scripts/eval/compute_predictions.py --property energy_above_hull --results-dir steering_results/energy_above_hull --input steering_results/energy_above_hull/relaxed/steered_manifold_test_d2_residual_s-4_k64_layer10_nosg.parquet --results-dir steering_results/energy_above_hull
2026-09-10T18:28:00Z	470744	predict_eath	fa19d38	python scripts/eval/compute_predictions.py --property energy_above_hull --results-dir steering_results/energy_above_hull --input steering_results/energy_above_hull/generated_cifs/steered_manifold_test_d2_residual_s-5_k64_layer10_nosg.parquet --results-dir steering_results/energy_above_hull
2026-09-10T18:28:00Z	470745	predict_eath	fa19d38	python scripts/eval/compute_predictions.py --property energy_above_hull --results-dir steering_results/energy_above_hull --input steering_results/energy_above_hull/relaxed/steered_manifold_test_d2_residual_s-5_k64_layer10_nosg.parquet --results-dir steering_results/energy_above_hull
2026-09-10T18:28:00Z	470746	predict_eath	fa19d38	python scripts/eval/compute_predictions.py --property energy_above_hull --results-dir steering_results/energy_above_hull --input steering_results/energy_above_hull/generated_cifs/steered_manifold_test_d2_residual_s-6_k64_layer10_nosg.parquet --results-dir steering_results/energy_above_hull
2026-09-10T18:28:00Z	470747	predict_eath	fa19d38	python scripts/eval/compute_predictions.py --property energy_above_hull --results-dir steering_results/energy_above_hull --input steering_results/energy_above_hull/relaxed/steered_manifold_test_d2_residual_s-6_k64_layer10_nosg.parquet --results-dir steering_results/energy_above_hull
2026-09-10T18:28:00Z	470748	predict_eath	fa19d38	python scripts/eval/compute_predictions.py --property energy_above_hull --results-dir steering_results/energy_above_hull --input steering_results/energy_above_hull/generated_cifs/steered_manifold_test_d2_residual_s-7_k64_layer10_nosg.parquet --results-dir steering_results/energy_above_hull
2026-09-10T18:28:00Z	470749	predict_eath	fa19d38	python scripts/eval/compute_predictions.py --property energy_above_hull --results-dir steering_results/energy_above_hull --input steering_results/energy_above_hull/relaxed/steered_manifold_test_d2_residual_s-7_k64_layer10_nosg.parquet --results-dir steering_results/energy_above_hull
2026-09-10T18:28:00Z	470750	predict_eath	fa19d38	python scripts/eval/compute_predictions.py --property energy_above_hull --results-dir steering_results/energy_above_hull --input steering_results/energy_above_hull/generated_cifs/steered_manifold_test_d2_residual_s-8_k64_layer10_nosg.parquet --results-dir steering_results/energy_above_hull
2026-09-10T18:28:00Z	470751	predict_eath	fa19d38	python scripts/eval/compute_predictions.py --property energy_above_hull --results-dir steering_results/energy_above_hull --input steering_results/energy_above_hull/relaxed/steered_manifold_test_d2_residual_s-8_k64_layer10_nosg.parquet --results-dir steering_results/energy_above_hull
2026-09-10T18:28:00Z	470752	predict_eath	fa19d38	python scripts/eval/compute_predictions.py --property energy_above_hull --results-dir steering_results/energy_above_hull --input steering_results/energy_above_hull/generated_cifs/steered_manifold_test_d2_residual_s-9_k64_layer10_nosg.parquet --results-dir steering_results/energy_above_hull
2026-09-10T18:28:00Z	470753	predict_eath	fa19d38	python scripts/eval/compute_predictions.py --property energy_above_hull --results-dir steering_results/energy_above_hull --input steering_results/energy_above_hull/relaxed/steered_manifold_test_d2_residual_s-9_k64_layer10_nosg.parquet --results-dir steering_results/energy_above_hull
2026-09-10T18:28:01Z	470754	predict_eath	fa19d38	python scripts/eval/compute_predictions.py --property energy_above_hull --results-dir steering_results/energy_above_hull --input steering_results/energy_above_hull/generated_cifs/steered_manifold_test_d3_residual_s-10_k64_layer10_nosg.parquet --results-dir steering_results/energy_above_hull
2026-09-10T18:28:01Z	470755	predict_eath	fa19d38	python scripts/eval/compute_predictions.py --property energy_above_hull --results-dir steering_results/energy_above_hull --input steering_results/energy_above_hull/relaxed/steered_manifold_test_d3_residual_s-10_k64_layer10_nosg.parquet --results-dir steering_results/energy_above_hull
2026-09-10T18:28:01Z	470756	predict_eath	fa19d38	python scripts/eval/compute_predictions.py --property energy_above_hull --results-dir steering_results/energy_above_hull --input steering_results/energy_above_hull/generated_cifs/steered_manifold_test_d3_residual_s-1_k64_layer10_nosg.parquet --results-dir steering_results/energy_above_hull
2026-09-10T18:28:01Z	470757	predict_eath	fa19d38	python scripts/eval/compute_predictions.py --property energy_above_hull --results-dir steering_results/energy_above_hull --input steering_results/energy_above_hull/relaxed/steered_manifold_test_d3_residual_s-1_k64_layer10_nosg.parquet --results-dir steering_results/energy_above_hull
2026-09-10T18:28:01Z	470758	predict_eath	fa19d38	python scripts/eval/compute_predictions.py --property energy_above_hull --results-dir steering_results/energy_above_hull --input steering_results/energy_above_hull/generated_cifs/steered_manifold_test_d3_residual_s-2_k64_layer10_nosg.parquet --results-dir steering_results/energy_above_hull
2026-09-10T18:28:01Z	470759	predict_eath	fa19d38	python scripts/eval/compute_predictions.py --property energy_above_hull --results-dir steering_results/energy_above_hull --input steering_results/energy_above_hull/relaxed/steered_manifold_test_d3_residual_s-2_k64_layer10_nosg.parquet --results-dir steering_results/energy_above_hull
2026-09-10T18:28:01Z	470760	predict_eath	fa19d38	python scripts/eval/compute_predictions.py --property energy_above_hull --results-dir steering_results/energy_above_hull --input steering_results/energy_above_hull/generated_cifs/steered_manifold_test_d3_residual_s-3_k64_layer10_nosg.parquet --results-dir steering_results/energy_above_hull
2026-09-10T18:28:01Z	470761	predict_eath	fa19d38	python scripts/eval/compute_predictions.py --property energy_above_hull --results-dir steering_results/energy_above_hull --input steering_results/energy_above_hull/relaxed/steered_manifold_test_d3_residual_s-3_k64_layer10_nosg.parquet --results-dir steering_results/energy_above_hull
2026-09-10T18:28:01Z	470762	predict_eath	fa19d38	python scripts/eval/compute_predictions.py --property energy_above_hull --results-dir steering_results/energy_above_hull --input steering_results/energy_above_hull/generated_cifs/steered_manifold_test_d3_residual_s-4_k64_layer10_nosg.parquet --results-dir steering_results/energy_above_hull
2026-09-10T18:28:01Z	470763	predict_eath	fa19d38	python scripts/eval/compute_predictions.py --property energy_above_hull --results-dir steering_results/energy_above_hull --input steering_results/energy_above_hull/relaxed/steered_manifold_test_d3_residual_s-4_k64_layer10_nosg.parquet --results-dir steering_results/energy_above_hull
2026-09-10T18:28:01Z	470764	predict_eath	fa19d38	python scripts/eval/compute_predictions.py --property energy_above_hull --results-dir steering_results/energy_above_hull --input steering_results/energy_above_hull/generated_cifs/steered_manifold_test_d3_residual_s-5_k64_layer10_nosg.parquet --results-dir steering_results/energy_above_hull
2026-09-10T18:28:01Z	470765	predict_eath	fa19d38	python scripts/eval/compute_predictions.py --property energy_above_hull --results-dir steering_results/energy_above_hull --input steering_results/energy_above_hull/relaxed/steered_manifold_test_d3_residual_s-5_k64_layer10_nosg.parquet --results-dir steering_results/energy_above_hull
2026-09-10T18:28:01Z	470766	predict_eath	fa19d38	python scripts/eval/compute_predictions.py --property energy_above_hull --results-dir steering_results/energy_above_hull --input steering_results/energy_above_hull/generated_cifs/steered_manifold_test_d3_residual_s-6_k64_layer10_nosg.parquet --results-dir steering_results/energy_above_hull
2026-09-10T18:28:02Z	470767	predict_eath	fa19d38	python scripts/eval/compute_predictions.py --property energy_above_hull --results-dir steering_results/energy_above_hull --input steering_results/energy_above_hull/relaxed/steered_manifold_test_d3_residual_s-6_k64_layer10_nosg.parquet --results-dir steering_results/energy_above_hull
2026-09-10T18:28:02Z	470768	predict_eath	fa19d38	python scripts/eval/compute_predictions.py --property energy_above_hull --results-dir steering_results/energy_above_hull --input steering_results/energy_above_hull/generated_cifs/steered_manifold_test_d3_residual_s-7_k64_layer10_nosg.parquet --results-dir steering_results/energy_above_hull
2026-09-10T18:28:02Z	470769	predict_eath	fa19d38	python scripts/eval/compute_predictions.py --property energy_above_hull --results-dir steering_results/energy_above_hull --input steering_results/energy_above_hull/relaxed/steered_manifold_test_d3_residual_s-7_k64_layer10_nosg.parquet --results-dir steering_results/energy_above_hull
2026-09-10T18:28:02Z	470770	predict_eath	fa19d38	python scripts/eval/compute_predictions.py --property energy_above_hull --results-dir steering_results/energy_above_hull --input steering_results/energy_above_hull/generated_cifs/steered_manifold_test_d3_residual_s-8_k64_layer10_nosg.parquet --results-dir steering_results/energy_above_hull
2026-09-10T18:28:02Z	470771	predict_eath	fa19d38	python scripts/eval/compute_predictions.py --property energy_above_hull --results-dir steering_results/energy_above_hull --input steering_results/energy_above_hull/relaxed/steered_manifold_test_d3_residual_s-8_k64_layer10_nosg.parquet --results-dir steering_results/energy_above_hull
2026-09-10T18:28:02Z	470772	predict_eath	fa19d38	python scripts/eval/compute_predictions.py --property energy_above_hull --results-dir steering_results/energy_above_hull --input steering_results/energy_above_hull/generated_cifs/steered_manifold_test_d3_residual_s-9_k64_layer10_nosg.parquet --results-dir steering_results/energy_above_hull
2026-09-10T18:28:02Z	470773	predict_eath	fa19d38	python scripts/eval/compute_predictions.py --property energy_above_hull --results-dir steering_results/energy_above_hull --input steering_results/energy_above_hull/relaxed/steered_manifold_test_d3_residual_s-9_k64_layer10_nosg.parquet --results-dir steering_results/energy_above_hull
2026-09-10T18:28:02Z	470774	predict_eath	fa19d38	python scripts/eval/compute_predictions.py --property energy_above_hull --results-dir steering_results/energy_above_hull --input steering_results/energy_above_hull/generated_cifs/steered_test_alpha-16.0_layer10_nosg.parquet --results-dir steering_results/energy_above_hull
2026-09-10T18:28:02Z	470775	predict_eath	fa19d38	python scripts/eval/compute_predictions.py --property energy_above_hull --results-dir steering_results/energy_above_hull --input steering_results/energy_above_hull/relaxed/steered_test_alpha-16.0_layer10_nosg.parquet --results-dir steering_results/energy_above_hull
2026-09-10T18:28:02Z	470776	predict_eath	fa19d38	python scripts/eval/compute_predictions.py --property energy_above_hull --results-dir steering_results/energy_above_hull --input steering_results/energy_above_hull/generated_cifs/steered_test_alpha-32.0_layer10_nosg.parquet --results-dir steering_results/energy_above_hull
2026-09-10T18:28:02Z	470777	predict_eath	fa19d38	python scripts/eval/compute_predictions.py --property energy_above_hull --results-dir steering_results/energy_above_hull --input steering_results/energy_above_hull/relaxed/steered_test_alpha-32.0_layer10_nosg.parquet --results-dir steering_results/energy_above_hull
2026-09-10T18:28:02Z	470778	predict_eath	fa19d38	python scripts/eval/compute_predictions.py --property energy_above_hull --results-dir steering_results/energy_above_hull --input steering_results/energy_above_hull/generated_cifs/steered_test_alpha-40.0_layer10_nosg.parquet --results-dir steering_results/energy_above_hull
2026-09-10T18:28:02Z	470779	predict_eath	fa19d38	python scripts/eval/compute_predictions.py --property energy_above_hull --results-dir steering_results/energy_above_hull --input steering_results/energy_above_hull/relaxed/steered_test_alpha-40.0_layer10_nosg.parquet --results-dir steering_results/energy_above_hull
2026-09-10T18:28:03Z	470780	predict_eath	fa19d38	python scripts/eval/compute_predictions.py --property energy_above_hull --results-dir steering_results/energy_above_hull --input steering_results/energy_above_hull/generated_cifs/steered_test_alpha-48.0_layer10_nosg.parquet --results-dir steering_results/energy_above_hull
2026-09-10T18:28:03Z	470781	predict_eath	fa19d38	python scripts/eval/compute_predictions.py --property energy_above_hull --results-dir steering_results/energy_above_hull --input steering_results/energy_above_hull/relaxed/steered_test_alpha-48.0_layer10_nosg.parquet --results-dir steering_results/energy_above_hull
2026-09-10T18:28:03Z	470782	predict_eath	fa19d38	python scripts/eval/compute_predictions.py --property energy_above_hull --results-dir steering_results/energy_above_hull --input steering_results/energy_above_hull/generated_cifs/steered_test_alpha-8.0_layer10_nosg.parquet --results-dir steering_results/energy_above_hull
2026-09-10T18:28:03Z	470783	predict_eath	fa19d38	python scripts/eval/compute_predictions.py --property energy_above_hull --results-dir steering_results/energy_above_hull --input steering_results/energy_above_hull/relaxed/steered_test_alpha-8.0_layer10_nosg.parquet --results-dir steering_results/energy_above_hull
2026-09-10T18:28:03Z	470784	predict_eath	fa19d38	python scripts/eval/compute_predictions.py --property energy_above_hull --results-dir steering_results/energy_above_hull --input steering_results/energy_above_hull/generated_cifs/steered_test_alpha40.0_layer14.parquet --results-dir steering_results/energy_above_hull
2026-09-10T18:28:03Z	470785	predict_eath	fa19d38	python scripts/eval/compute_predictions.py --property energy_above_hull --results-dir steering_results/energy_above_hull --input steering_results/energy_above_hull/relaxed/steered_test_alpha40.0_layer14.parquet --results-dir steering_results/energy_above_hull
2026-09-10T18:28:03Z	470786	predict_eath	fa19d38	python scripts/eval/compute_predictions.py --property energy_above_hull --results-dir steering_results/energy_above_hull --input steering_results/energy_above_hull/generated_cifs/steered_test_alpha80.0_layer14.parquet --results-dir steering_results/energy_above_hull
2026-09-10T18:28:03Z	470787	predict_eath	fa19d38	python scripts/eval/compute_predictions.py --property energy_above_hull --results-dir steering_results/energy_above_hull --input steering_results/energy_above_hull/relaxed/steered_test_alpha80.0_layer14.parquet --results-dir steering_results/energy_above_hull
2026-09-10T18:28:03Z	470788	predict_eath	fa19d38	python scripts/eval/compute_predictions.py --property energy_above_hull --results-dir steering_results/energy_above_hull --input steering_results/baseline/generated_cifs/steered_test_alpha0.0_layer0_nosg.parquet --results-dir steering_results/baseline
2026-09-10T18:28:03Z	470789	predict_eath	fa19d38	python scripts/eval/compute_predictions.py --property energy_above_hull --results-dir steering_results/energy_above_hull --input steering_results/baseline/relaxed/steered_test_alpha0.0_layer0_nosg.parquet --results-dir steering_results/baseline
2026-09-10T18:42:04Z	470797	predict_formation_energy	73374db	python scripts/eval/compute_predictions.py --property formation_energy --results-dir steering_results/formation_energy_per_atom --input steering_results/energy_above_hull/generated_cifs/steered_manifold_test_d2_residual_s-10_k64_layer10_nosg.parquet --results-dir steering_results/energy_above_hull
2026-09-10T18:42:04Z	470798	predict_formation_energy	73374db	python scripts/eval/compute_predictions.py --property formation_energy --results-dir steering_results/formation_energy_per_atom --input steering_results/energy_above_hull/relaxed/steered_manifold_test_d2_residual_s-10_k64_layer10_nosg.parquet --results-dir steering_results/energy_above_hull
2026-09-10T18:42:04Z	470799	compute_hull	73374db	python scripts/eval/compute_hull.py --input steering_results/energy_above_hull/property_predictions/steered_manifold_test_d2_residual_s-10_k64_layer10_nosg.parquet --results-dir steering_results/energy_above_hull
2026-09-10T18:42:04Z	470800	predict_formation_energy	73374db	python scripts/eval/compute_predictions.py --property formation_energy --results-dir steering_results/formation_energy_per_atom --input steering_results/energy_above_hull/generated_cifs/steered_manifold_test_d2_residual_s-1_k64_layer10_nosg.parquet --results-dir steering_results/energy_above_hull
2026-09-10T18:42:04Z	470801	predict_formation_energy	73374db	python scripts/eval/compute_predictions.py --property formation_energy --results-dir steering_results/formation_energy_per_atom --input steering_results/energy_above_hull/relaxed/steered_manifold_test_d2_residual_s-1_k64_layer10_nosg.parquet --results-dir steering_results/energy_above_hull
2026-09-10T18:42:04Z	470802	compute_hull	73374db	python scripts/eval/compute_hull.py --input steering_results/energy_above_hull/property_predictions/steered_manifold_test_d2_residual_s-1_k64_layer10_nosg.parquet --results-dir steering_results/energy_above_hull
2026-09-10T18:42:05Z	470803	predict_formation_energy	73374db	python scripts/eval/compute_predictions.py --property formation_energy --results-dir steering_results/formation_energy_per_atom --input steering_results/energy_above_hull/generated_cifs/steered_manifold_test_d2_residual_s-2_k64_layer10_nosg.parquet --results-dir steering_results/energy_above_hull
2026-09-10T18:42:05Z	470804	predict_formation_energy	73374db	python scripts/eval/compute_predictions.py --property formation_energy --results-dir steering_results/formation_energy_per_atom --input steering_results/energy_above_hull/relaxed/steered_manifold_test_d2_residual_s-2_k64_layer10_nosg.parquet --results-dir steering_results/energy_above_hull
2026-09-10T18:42:05Z	470805	compute_hull	73374db	python scripts/eval/compute_hull.py --input steering_results/energy_above_hull/property_predictions/steered_manifold_test_d2_residual_s-2_k64_layer10_nosg.parquet --results-dir steering_results/energy_above_hull
2026-09-10T18:42:05Z	470806	predict_formation_energy	73374db	python scripts/eval/compute_predictions.py --property formation_energy --results-dir steering_results/formation_energy_per_atom --input steering_results/energy_above_hull/generated_cifs/steered_manifold_test_d2_residual_s-3_k64_layer10_nosg.parquet --results-dir steering_results/energy_above_hull
2026-09-10T18:42:05Z	470807	predict_formation_energy	73374db	python scripts/eval/compute_predictions.py --property formation_energy --results-dir steering_results/formation_energy_per_atom --input steering_results/energy_above_hull/relaxed/steered_manifold_test_d2_residual_s-3_k64_layer10_nosg.parquet --results-dir steering_results/energy_above_hull
2026-09-10T18:42:05Z	470808	compute_hull	73374db	python scripts/eval/compute_hull.py --input steering_results/energy_above_hull/property_predictions/steered_manifold_test_d2_residual_s-3_k64_layer10_nosg.parquet --results-dir steering_results/energy_above_hull
2026-09-10T18:42:05Z	470809	predict_formation_energy	73374db	python scripts/eval/compute_predictions.py --property formation_energy --results-dir steering_results/formation_energy_per_atom --input steering_results/energy_above_hull/generated_cifs/steered_manifold_test_d2_residual_s-4_k64_layer10_nosg.parquet --results-dir steering_results/energy_above_hull
2026-09-10T18:42:05Z	470810	predict_formation_energy	73374db	python scripts/eval/compute_predictions.py --property formation_energy --results-dir steering_results/formation_energy_per_atom --input steering_results/energy_above_hull/relaxed/steered_manifold_test_d2_residual_s-4_k64_layer10_nosg.parquet --results-dir steering_results/energy_above_hull
2026-09-10T18:42:05Z	470811	compute_hull	73374db	python scripts/eval/compute_hull.py --input steering_results/energy_above_hull/property_predictions/steered_manifold_test_d2_residual_s-4_k64_layer10_nosg.parquet --results-dir steering_results/energy_above_hull
2026-09-10T18:42:05Z	470812	predict_formation_energy	73374db	python scripts/eval/compute_predictions.py --property formation_energy --results-dir steering_results/formation_energy_per_atom --input steering_results/energy_above_hull/generated_cifs/steered_manifold_test_d2_residual_s-5_k64_layer10_nosg.parquet --results-dir steering_results/energy_above_hull
2026-09-10T18:42:05Z	470813	predict_formation_energy	73374db	python scripts/eval/compute_predictions.py --property formation_energy --results-dir steering_results/formation_energy_per_atom --input steering_results/energy_above_hull/relaxed/steered_manifold_test_d2_residual_s-5_k64_layer10_nosg.parquet --results-dir steering_results/energy_above_hull
2026-09-10T18:42:05Z	470814	compute_hull	73374db	python scripts/eval/compute_hull.py --input steering_results/energy_above_hull/property_predictions/steered_manifold_test_d2_residual_s-5_k64_layer10_nosg.parquet --results-dir steering_results/energy_above_hull
2026-09-10T18:42:05Z	470815	predict_formation_energy	73374db	python scripts/eval/compute_predictions.py --property formation_energy --results-dir steering_results/formation_energy_per_atom --input steering_results/energy_above_hull/generated_cifs/steered_manifold_test_d2_residual_s-6_k64_layer10_nosg.parquet --results-dir steering_results/energy_above_hull
2026-09-10T18:42:06Z	470816	predict_formation_energy	73374db	python scripts/eval/compute_predictions.py --property formation_energy --results-dir steering_results/formation_energy_per_atom --input steering_results/energy_above_hull/relaxed/steered_manifold_test_d2_residual_s-6_k64_layer10_nosg.parquet --results-dir steering_results/energy_above_hull
2026-09-10T18:42:06Z	470817	compute_hull	73374db	python scripts/eval/compute_hull.py --input steering_results/energy_above_hull/property_predictions/steered_manifold_test_d2_residual_s-6_k64_layer10_nosg.parquet --results-dir steering_results/energy_above_hull
2026-09-10T18:42:06Z	470818	predict_formation_energy	73374db	python scripts/eval/compute_predictions.py --property formation_energy --results-dir steering_results/formation_energy_per_atom --input steering_results/energy_above_hull/generated_cifs/steered_manifold_test_d2_residual_s-7_k64_layer10_nosg.parquet --results-dir steering_results/energy_above_hull
2026-09-10T18:42:06Z	470819	predict_formation_energy	73374db	python scripts/eval/compute_predictions.py --property formation_energy --results-dir steering_results/formation_energy_per_atom --input steering_results/energy_above_hull/relaxed/steered_manifold_test_d2_residual_s-7_k64_layer10_nosg.parquet --results-dir steering_results/energy_above_hull
2026-09-10T18:42:06Z	470820	compute_hull	73374db	python scripts/eval/compute_hull.py --input steering_results/energy_above_hull/property_predictions/steered_manifold_test_d2_residual_s-7_k64_layer10_nosg.parquet --results-dir steering_results/energy_above_hull
2026-09-10T18:42:06Z	470821	predict_formation_energy	73374db	python scripts/eval/compute_predictions.py --property formation_energy --results-dir steering_results/formation_energy_per_atom --input steering_results/energy_above_hull/generated_cifs/steered_manifold_test_d2_residual_s-8_k64_layer10_nosg.parquet --results-dir steering_results/energy_above_hull
2026-09-10T18:42:06Z	470822	predict_formation_energy	73374db	python scripts/eval/compute_predictions.py --property formation_energy --results-dir steering_results/formation_energy_per_atom --input steering_results/energy_above_hull/relaxed/steered_manifold_test_d2_residual_s-8_k64_layer10_nosg.parquet --results-dir steering_results/energy_above_hull
2026-09-10T18:42:06Z	470823	compute_hull	73374db	python scripts/eval/compute_hull.py --input steering_results/energy_above_hull/property_predictions/steered_manifold_test_d2_residual_s-8_k64_layer10_nosg.parquet --results-dir steering_results/energy_above_hull
2026-09-10T18:42:06Z	470824	predict_formation_energy	73374db	python scripts/eval/compute_predictions.py --property formation_energy --results-dir steering_results/formation_energy_per_atom --input steering_results/energy_above_hull/generated_cifs/steered_manifold_test_d2_residual_s-9_k64_layer10_nosg.parquet --results-dir steering_results/energy_above_hull
2026-09-10T18:42:06Z	470825	predict_formation_energy	73374db	python scripts/eval/compute_predictions.py --property formation_energy --results-dir steering_results/formation_energy_per_atom --input steering_results/energy_above_hull/relaxed/steered_manifold_test_d2_residual_s-9_k64_layer10_nosg.parquet --results-dir steering_results/energy_above_hull
2026-09-10T18:42:06Z	470826	compute_hull	73374db	python scripts/eval/compute_hull.py --input steering_results/energy_above_hull/property_predictions/steered_manifold_test_d2_residual_s-9_k64_layer10_nosg.parquet --results-dir steering_results/energy_above_hull
2026-09-10T18:42:06Z	470827	predict_formation_energy	73374db	python scripts/eval/compute_predictions.py --property formation_energy --results-dir steering_results/formation_energy_per_atom --input steering_results/energy_above_hull/generated_cifs/steered_manifold_test_d3_residual_s-10_k64_layer10_nosg.parquet --results-dir steering_results/energy_above_hull
2026-09-10T18:42:07Z	470828	predict_formation_energy	73374db	python scripts/eval/compute_predictions.py --property formation_energy --results-dir steering_results/formation_energy_per_atom --input steering_results/energy_above_hull/relaxed/steered_manifold_test_d3_residual_s-10_k64_layer10_nosg.parquet --results-dir steering_results/energy_above_hull
2026-09-10T18:42:07Z	470829	compute_hull	73374db	python scripts/eval/compute_hull.py --input steering_results/energy_above_hull/property_predictions/steered_manifold_test_d3_residual_s-10_k64_layer10_nosg.parquet --results-dir steering_results/energy_above_hull
2026-09-10T18:42:07Z	470830	predict_formation_energy	73374db	python scripts/eval/compute_predictions.py --property formation_energy --results-dir steering_results/formation_energy_per_atom --input steering_results/energy_above_hull/generated_cifs/steered_manifold_test_d3_residual_s-1_k64_layer10_nosg.parquet --results-dir steering_results/energy_above_hull
2026-09-10T18:42:07Z	470831	predict_formation_energy	73374db	python scripts/eval/compute_predictions.py --property formation_energy --results-dir steering_results/formation_energy_per_atom --input steering_results/energy_above_hull/relaxed/steered_manifold_test_d3_residual_s-1_k64_layer10_nosg.parquet --results-dir steering_results/energy_above_hull
2026-09-10T18:42:07Z	470832	compute_hull	73374db	python scripts/eval/compute_hull.py --input steering_results/energy_above_hull/property_predictions/steered_manifold_test_d3_residual_s-1_k64_layer10_nosg.parquet --results-dir steering_results/energy_above_hull
2026-09-10T18:42:07Z	470833	predict_formation_energy	73374db	python scripts/eval/compute_predictions.py --property formation_energy --results-dir steering_results/formation_energy_per_atom --input steering_results/energy_above_hull/generated_cifs/steered_manifold_test_d3_residual_s-2_k64_layer10_nosg.parquet --results-dir steering_results/energy_above_hull
2026-09-10T18:42:07Z	470834	predict_formation_energy	73374db	python scripts/eval/compute_predictions.py --property formation_energy --results-dir steering_results/formation_energy_per_atom --input steering_results/energy_above_hull/relaxed/steered_manifold_test_d3_residual_s-2_k64_layer10_nosg.parquet --results-dir steering_results/energy_above_hull
2026-09-10T18:42:07Z	470835	compute_hull	73374db	python scripts/eval/compute_hull.py --input steering_results/energy_above_hull/property_predictions/steered_manifold_test_d3_residual_s-2_k64_layer10_nosg.parquet --results-dir steering_results/energy_above_hull
2026-09-10T18:42:07Z	470836	predict_formation_energy	73374db	python scripts/eval/compute_predictions.py --property formation_energy --results-dir steering_results/formation_energy_per_atom --input steering_results/energy_above_hull/generated_cifs/steered_manifold_test_d3_residual_s-3_k64_layer10_nosg.parquet --results-dir steering_results/energy_above_hull
2026-09-10T18:42:07Z	470837	predict_formation_energy	73374db	python scripts/eval/compute_predictions.py --property formation_energy --results-dir steering_results/formation_energy_per_atom --input steering_results/energy_above_hull/relaxed/steered_manifold_test_d3_residual_s-3_k64_layer10_nosg.parquet --results-dir steering_results/energy_above_hull
2026-09-10T18:42:07Z	470838	compute_hull	73374db	python scripts/eval/compute_hull.py --input steering_results/energy_above_hull/property_predictions/steered_manifold_test_d3_residual_s-3_k64_layer10_nosg.parquet --results-dir steering_results/energy_above_hull
2026-09-10T18:42:07Z	470839	predict_formation_energy	73374db	python scripts/eval/compute_predictions.py --property formation_energy --results-dir steering_results/formation_energy_per_atom --input steering_results/energy_above_hull/generated_cifs/steered_manifold_test_d3_residual_s-4_k64_layer10_nosg.parquet --results-dir steering_results/energy_above_hull
2026-09-10T18:42:08Z	470840	predict_formation_energy	73374db	python scripts/eval/compute_predictions.py --property formation_energy --results-dir steering_results/formation_energy_per_atom --input steering_results/energy_above_hull/relaxed/steered_manifold_test_d3_residual_s-4_k64_layer10_nosg.parquet --results-dir steering_results/energy_above_hull
2026-09-10T18:42:08Z	470841	compute_hull	73374db	python scripts/eval/compute_hull.py --input steering_results/energy_above_hull/property_predictions/steered_manifold_test_d3_residual_s-4_k64_layer10_nosg.parquet --results-dir steering_results/energy_above_hull
2026-09-10T18:42:08Z	470842	predict_formation_energy	73374db	python scripts/eval/compute_predictions.py --property formation_energy --results-dir steering_results/formation_energy_per_atom --input steering_results/energy_above_hull/generated_cifs/steered_manifold_test_d3_residual_s-5_k64_layer10_nosg.parquet --results-dir steering_results/energy_above_hull
2026-09-10T18:42:08Z	470843	predict_formation_energy	73374db	python scripts/eval/compute_predictions.py --property formation_energy --results-dir steering_results/formation_energy_per_atom --input steering_results/energy_above_hull/relaxed/steered_manifold_test_d3_residual_s-5_k64_layer10_nosg.parquet --results-dir steering_results/energy_above_hull
2026-09-10T18:42:08Z	470844	compute_hull	73374db	python scripts/eval/compute_hull.py --input steering_results/energy_above_hull/property_predictions/steered_manifold_test_d3_residual_s-5_k64_layer10_nosg.parquet --results-dir steering_results/energy_above_hull
2026-09-10T18:42:08Z	470845	predict_formation_energy	73374db	python scripts/eval/compute_predictions.py --property formation_energy --results-dir steering_results/formation_energy_per_atom --input steering_results/energy_above_hull/generated_cifs/steered_manifold_test_d3_residual_s-6_k64_layer10_nosg.parquet --results-dir steering_results/energy_above_hull
2026-09-10T18:42:08Z	470846	predict_formation_energy	73374db	python scripts/eval/compute_predictions.py --property formation_energy --results-dir steering_results/formation_energy_per_atom --input steering_results/energy_above_hull/relaxed/steered_manifold_test_d3_residual_s-6_k64_layer10_nosg.parquet --results-dir steering_results/energy_above_hull
2026-09-10T18:42:08Z	470847	compute_hull	73374db	python scripts/eval/compute_hull.py --input steering_results/energy_above_hull/property_predictions/steered_manifold_test_d3_residual_s-6_k64_layer10_nosg.parquet --results-dir steering_results/energy_above_hull
2026-09-10T18:42:08Z	470848	predict_formation_energy	73374db	python scripts/eval/compute_predictions.py --property formation_energy --results-dir steering_results/formation_energy_per_atom --input steering_results/energy_above_hull/generated_cifs/steered_manifold_test_d3_residual_s-7_k64_layer10_nosg.parquet --results-dir steering_results/energy_above_hull
2026-09-10T18:42:08Z	470849	predict_formation_energy	73374db	python scripts/eval/compute_predictions.py --property formation_energy --results-dir steering_results/formation_energy_per_atom --input steering_results/energy_above_hull/relaxed/steered_manifold_test_d3_residual_s-7_k64_layer10_nosg.parquet --results-dir steering_results/energy_above_hull
2026-09-10T18:42:08Z	470850	compute_hull	73374db	python scripts/eval/compute_hull.py --input steering_results/energy_above_hull/property_predictions/steered_manifold_test_d3_residual_s-7_k64_layer10_nosg.parquet --results-dir steering_results/energy_above_hull
2026-09-10T18:42:08Z	470851	predict_formation_energy	73374db	python scripts/eval/compute_predictions.py --property formation_energy --results-dir steering_results/formation_energy_per_atom --input steering_results/energy_above_hull/generated_cifs/steered_manifold_test_d3_residual_s-8_k64_layer10_nosg.parquet --results-dir steering_results/energy_above_hull
2026-09-10T18:42:09Z	470852	predict_formation_energy	73374db	python scripts/eval/compute_predictions.py --property formation_energy --results-dir steering_results/formation_energy_per_atom --input steering_results/energy_above_hull/relaxed/steered_manifold_test_d3_residual_s-8_k64_layer10_nosg.parquet --results-dir steering_results/energy_above_hull
2026-09-10T18:42:09Z	470853	compute_hull	73374db	python scripts/eval/compute_hull.py --input steering_results/energy_above_hull/property_predictions/steered_manifold_test_d3_residual_s-8_k64_layer10_nosg.parquet --results-dir steering_results/energy_above_hull
2026-09-10T18:42:09Z	470854	predict_formation_energy	73374db	python scripts/eval/compute_predictions.py --property formation_energy --results-dir steering_results/formation_energy_per_atom --input steering_results/energy_above_hull/generated_cifs/steered_manifold_test_d3_residual_s-9_k64_layer10_nosg.parquet --results-dir steering_results/energy_above_hull
2026-09-10T18:42:09Z	470855	predict_formation_energy	73374db	python scripts/eval/compute_predictions.py --property formation_energy --results-dir steering_results/formation_energy_per_atom --input steering_results/energy_above_hull/relaxed/steered_manifold_test_d3_residual_s-9_k64_layer10_nosg.parquet --results-dir steering_results/energy_above_hull
2026-09-10T18:42:09Z	470856	compute_hull	73374db	python scripts/eval/compute_hull.py --input steering_results/energy_above_hull/property_predictions/steered_manifold_test_d3_residual_s-9_k64_layer10_nosg.parquet --results-dir steering_results/energy_above_hull
2026-09-10T18:42:09Z	470857	predict_formation_energy	73374db	python scripts/eval/compute_predictions.py --property formation_energy --results-dir steering_results/formation_energy_per_atom --input steering_results/energy_above_hull/generated_cifs/steered_test_alpha-16.0_layer10_nosg.parquet --results-dir steering_results/energy_above_hull
2026-09-10T18:42:09Z	470858	predict_formation_energy	73374db	python scripts/eval/compute_predictions.py --property formation_energy --results-dir steering_results/formation_energy_per_atom --input steering_results/energy_above_hull/relaxed/steered_test_alpha-16.0_layer10_nosg.parquet --results-dir steering_results/energy_above_hull
2026-09-10T18:42:09Z	470859	compute_hull	73374db	python scripts/eval/compute_hull.py --input steering_results/energy_above_hull/property_predictions/steered_test_alpha-16.0_layer10_nosg.parquet --results-dir steering_results/energy_above_hull
2026-09-10T18:42:09Z	470860	predict_formation_energy	73374db	python scripts/eval/compute_predictions.py --property formation_energy --results-dir steering_results/formation_energy_per_atom --input steering_results/energy_above_hull/generated_cifs/steered_test_alpha-32.0_layer10_nosg.parquet --results-dir steering_results/energy_above_hull
2026-09-10T18:42:09Z	470861	predict_formation_energy	73374db	python scripts/eval/compute_predictions.py --property formation_energy --results-dir steering_results/formation_energy_per_atom --input steering_results/energy_above_hull/relaxed/steered_test_alpha-32.0_layer10_nosg.parquet --results-dir steering_results/energy_above_hull
2026-09-10T18:42:09Z	470862	compute_hull	73374db	python scripts/eval/compute_hull.py --input steering_results/energy_above_hull/property_predictions/steered_test_alpha-32.0_layer10_nosg.parquet --results-dir steering_results/energy_above_hull
2026-09-10T18:42:09Z	470863	predict_formation_energy	73374db	python scripts/eval/compute_predictions.py --property formation_energy --results-dir steering_results/formation_energy_per_atom --input steering_results/energy_above_hull/generated_cifs/steered_test_alpha-40.0_layer10_nosg.parquet --results-dir steering_results/energy_above_hull
2026-09-10T18:42:10Z	470864	predict_formation_energy	73374db	python scripts/eval/compute_predictions.py --property formation_energy --results-dir steering_results/formation_energy_per_atom --input steering_results/energy_above_hull/relaxed/steered_test_alpha-40.0_layer10_nosg.parquet --results-dir steering_results/energy_above_hull
2026-09-10T18:42:10Z	470865	compute_hull	73374db	python scripts/eval/compute_hull.py --input steering_results/energy_above_hull/property_predictions/steered_test_alpha-40.0_layer10_nosg.parquet --results-dir steering_results/energy_above_hull
2026-09-10T18:42:10Z	470866	predict_formation_energy	73374db	python scripts/eval/compute_predictions.py --property formation_energy --results-dir steering_results/formation_energy_per_atom --input steering_results/energy_above_hull/generated_cifs/steered_test_alpha-48.0_layer10_nosg.parquet --results-dir steering_results/energy_above_hull
2026-09-10T18:42:10Z	470867	predict_formation_energy	73374db	python scripts/eval/compute_predictions.py --property formation_energy --results-dir steering_results/formation_energy_per_atom --input steering_results/energy_above_hull/relaxed/steered_test_alpha-48.0_layer10_nosg.parquet --results-dir steering_results/energy_above_hull
2026-09-10T18:42:10Z	470868	compute_hull	73374db	python scripts/eval/compute_hull.py --input steering_results/energy_above_hull/property_predictions/steered_test_alpha-48.0_layer10_nosg.parquet --results-dir steering_results/energy_above_hull
2026-09-10T18:42:10Z	470869	predict_formation_energy	73374db	python scripts/eval/compute_predictions.py --property formation_energy --results-dir steering_results/formation_energy_per_atom --input steering_results/energy_above_hull/generated_cifs/steered_test_alpha-8.0_layer10_nosg.parquet --results-dir steering_results/energy_above_hull
2026-09-10T18:42:10Z	470870	predict_formation_energy	73374db	python scripts/eval/compute_predictions.py --property formation_energy --results-dir steering_results/formation_energy_per_atom --input steering_results/energy_above_hull/relaxed/steered_test_alpha-8.0_layer10_nosg.parquet --results-dir steering_results/energy_above_hull
2026-09-10T18:42:10Z	470871	compute_hull	73374db	python scripts/eval/compute_hull.py --input steering_results/energy_above_hull/property_predictions/steered_test_alpha-8.0_layer10_nosg.parquet --results-dir steering_results/energy_above_hull
2026-09-10T18:42:10Z	470872	compute_hull	73374db	python scripts/eval/compute_hull.py --input steering_results/baseline/property_predictions/steered_test_alpha0.0_layer0_nosg.parquet --results-dir steering_results/baseline
