cluster_i,cluster_k,epsilon
0,1,2.802059501097147e-30
0,2,1.155155470122399e-16
0,3,5.8990990939814805e-15
0,4,2.945542612082737e-30
0,5,4.2476502783419084e-30
0,6,8.447064042410832e-30
0,7,4.000111765938231e-23
0,8,1.114722314535379e-29
0,9,5.338041696926114e-31
0,10,6.734988046958894e-30
0,11,4.287069782869332e-30
0,12,5.412733645342228e-30
0,13,4.782453648311535e-30
0,14,3.6919821738452135e-30
0,15,4.31598620429551e-30
0,16,4.146989444146387e-30
0,17,1.0576690760482745e-29
0,18,6.970919540989907e-30
0,19,3.082195431937922e-30
0,20,5.267771255083157e-30
0,21,6.788400976501897e-16
0,22,3.224165705646502e-30
0,23,4.3979365632305904e-30
0,24,8.94864616632327e-30
0,25,8.444533486776563e-30
0,26,2.675187530074594e-30
0,27,4.912608485291502e-16
0,28,7.317665882750708e-31
0,29,3.895044610566513e-30
0,30,6.508044098130233e-30
0,31,2.4677491809769956e-15
0,32,2.3571831737804385e-30
0,33,4.921140605413669e-30
0,34,2.812978810728908e-30
0,35,4.770812952880662e-30
0,36,3.558947667107566e-30
0,37,6.090355400986535e-30
0,38,1.1713631982563207e-29
0,39,2.238430316450985e-30
0,40,4.6137663651281386e-30
0,41,2.6690208484630573e-31
0,42,8.747070087277711e-31
0,43,4.942058521434343e-30
0,44,9.280541983740669e-30
0,45,1.1831325991176836e-15
0,46,4.630380050098219e-30
0,47,7.066434706051415e-30
0,48,2.3733508783542977e-15
0,49,3.849677448755484e-30
0,50,1.3140144780541617e-30
0,51,3.909589265673957e-30
0,52,6.469335146497147e-30
0,53,2.528513282033907e-30
0,54,3.6610013293524926e-30
0,55,6.133517564606151e-30
0,56,5.035014506567455e-30
0,57,1.5304633245513268e-30
0,58,2.3475256266522234e-30
0,59,2.752631969837058e-30
0,60,9.119424595393308e-30
0,61,3.251037512237297e-30
0,62,1.2504310107329384e-30
0,63,3.4335645000437354e-30
0,64,4.076243673356217e-30
0,65,1.8658597110835022e-30
0,66,3.969634905838071e-30
0,67,4.535219722831836e-30
0,68,3.3128153535304314e-30
0,69,5.710624447605019e-30
0,70,5.605643003758821e-30
0,71,2.5736135579841425e-30
0,72,8.145636566585245e-30
0,73,5.0238347829263e-30
0,74,2.1915703456401313e-16
0,75,5.53722844279167e-16
0,76,2.7817425911870547e-15
0,77,4.6597800144017534e-30
0,78,5.9633136680050675e-30
0,79,5.0951984673635775e-30
0,80,8.846830591387747e-30
0,81,2.5638898442094497e-30
0,82,2.967523254330484e-30
0,83,2.2161188582740228e-16
0,84,2.3553878350274135e-15
0,85,6.545766328524494e-30
0,86,4.393703495545495e-30
0,87,4.766559734645808e-30
0,88,2.236057597360186e-30
0,89,3.2566869841532815e-30
0,90,4.505010957231078e-30
0,91,4.1175575160892385e-30
0,92,3.398670081497829e-30
0,93,2.342907591029557e-16
0,94,6.612652036188881e-30
0,95,1.6500586371908995e-15
0,96,1.1305231679427235e-30
0,97,3.990407967889187e-15
0,98,1.5067969086748692e-30
0,99,2.3597809203615576e-30
0,100,2.1881686961145523e-30
0,101,5.94000527716376e-30
0,102,1.4226051782763705e-30
0,103,1.4474814804594572e-15
0,104,4.88312704313112e-30
0,105,7.35380431905852e-30
0,106,7.804974974788614e-16
0,107,3.999481671860646e-30
0,108,5.605623508900774e-30
0,109,9.608313106985345e-30
0,110,3.8440097666240516e-30
0,111,1.2906760923488118e-30
0,112,5.338041696926114e-31
0,113,2.5554259252899278e-30
0,114,7.042269035166114e-30
0,115,6.558731103674877e-30
0,116,2.705578780060363e-15
0,117,5.3022824893945895e-30
0,118,2.168796737743368e-30
0,119,1.7172733963606892e-30
0,120,3.675808463261647e-30
0,121,3.3406493731013716e-30
0,122,5.384399218553567e-30
0,123,1.1184149085954277e-30
0,124,2.861235709229045e-30
0,125,5.7948189494945824e-30
0,126,9.146353174899671e-16
0,127,2.600639555408213e-16
0,128,2.2725707771429738e-30
0,129,2.9086841065086056e-15
0,130,5.258530206249892e-30
0,131,2.4040402597164624e-15
0,132,7.286351681291536e-30
0,133,4.459492368020446e-30
0,134,2.2847135807801095e-30
0,135,1.3780049923995938e-15
0,136,3.7045315435545785e-16
0,137,1.0023519560508585e-30
0,138,5.0311786293376625e-31
0,139,5.1255037503030805e-30
0,140,4.275381998844633e-30
0,141,5.319542858285569e-30
0,142,4.35707714127649e-30
0,143,6.883051609804405e-30
0,144,2.8280007027639986e-30
0,145,6.229014836274483e-30
0,146,1.2765410928177258e-15
0,147,2.152466143140503e-16
0,148,1.308811490058974e-23
0,149,4.5516554327085294e-24
1,2,2.3100138474400822e-30
1,3,2.9373740229760944e-16
1,4,1.1244016429293622e-30
1,5,1.1362747481215143e-30
1,6,1.9386329732327792e-30
1,7,1.6765867116630412e-30
1,8,2.484860347494881e-30
1,9,1.8509459318602842e-31
1,10,2.528603077392875e-30
1,11,2.8915767478178436e-30
1,12,9.301809322479886e-31
1,13,9.923568177908673e-31
1,14,1.4017800264243806e-30
1,15,1.2761208358016705e-30
1,16,9.398494003514223e-31
1,17,3.30632023168569e-30
1,18,2.369635108756085e-30
1,19,8.194887261015018e-31
1,20,6.555122318395457e-31
1,21,6.584883360718355e-31
1,22,1.0021172100022141e-30
1,23,1.4192809321497176e-30
1,24,1.4393070468361682e-30
1,25,1.748686538731344e-30
1,26,6.795720003639904e-31
1,27,1.1460269282305534e-30
1,28,2.20646080487653e-31
1,29,9.553125984311736e-31
1,30,1.1411787054234959e-30
1,31,9.9618941713442e-31
1,32,6.978745837169237e-31
1,33,7.636152983423116e-31
1,34,5.253016893687421e-31
1,35,5.5829768858387e-31
1,36,9.451515642156892e-31
1,37,1.3462402631957666e-30
1,38,2.333160687737953e-30
1,39,8.895558175740352e-31
1,40,1.5512119188531292e-30
1,41,9.254729659301421e-32
1,42,2.446172643331779e-31
1,43,1.2366385904835403e-30
1,44,2.3019755871437255e-30
1,45,9.351382403551961e-31
1,46,1.3550029873070732e-30
1,47,1.3365623442070258e-30
1,48,2.0725038462208117e-30
1,49,1.3734782275490917e-30
1,50,1.2826992828958572e-30
1,51,1.1869826295343688e-30
1,52,1.610268808515733e-30
1,53,4.71748372882759e-31
1,54,8.68070878643024e-31
1,55,1.551828892063604e-30
1,56,1.0132894549078194e-30
1,57,6.737806647207941e-31
1,58,1.2334967876892517e-30
1,59,5.309480275500591e-31
1,60,2.150055034791697e-30
1,61,1.0265083744200602e-30
1,62,5.400509046060051e-31
1,63,7.610194941026385e-31
1,64,9.055913553109087e-31
1,65,6.517096045507136e-31
1,66,1.2620071975092772e-30
1,67,1.0792509387703378e-30
1,68,1.4485726388752535e-30
1,69,9.451833054972623e-31
1,70,8.585226872765382e-31
1,71,1.1599029219287431e-30
1,72,2.7702603749469534e-30
1,73,2.1216658282077236e-30
1,74,1.0418070327708633e-30
1,75,1.0144239920480946e-30
1,76,1.1938179152146415e-30
1,77,8.593618944698544e-31
1,78,1.77191108684913e-30
1,79,9.241566812712148e-31
1,80,3.463816592951117e-30
1,81,5.388809765189766e-31
1,82,1.0919853653651795e-30
1,83,1.2384729901477818e-30
1,84,1.8756193549559325e-30
1,85,1.3207535166346379e-30
1,86,1.0062881641971194e-30
1,87,9.303354938769924e-31
1,88,6.047500843342334e-31
1,89,1.025906106731525e-30
1,90,1.1036034036037998e-30
1,91,7.429432032957087e-31
1,92,1.2004575538580677e-30
1,93,1.172814702211886e-30
1,94,1.0023604396611408e-30
1,95,7.1568212988291515e-31
1,96,3.3095695127458856e-31
1,97,3.2585107832643313e-16
1,98,5.670158573422042e-31
1,99,4.760559507831812e-31
1,100,5.399396637694353e-31
1,101,1.3029365630777603e-30
1,102,4.842762907426786e-31
1,103,2.182133159901152e-30
1,104,6.0265611583109795e-31
1,105,2.3752443101926998e-30
1,106,2.6622836505809943e-30
1,107,1.0078861166010212e-30
1,108,1.2140245435457352e-30
1,109,2.124398415945787e-30
1,110,2.5400727964238964e-30
1,111,2.4240706521103562e-31
1,112,1.8509459318602835e-31
1,113,1.627780217688527e-30
1,114,1.648870549671519e-30
1,115,1.1418311415592412e-30
1,116,2.1380350642477616e-30
1,117,1.2748935341777612e-30
1,118,7.130179936621644e-31
1,119,6.556063170023192e-31
1,120,4.9380205586130495e-31
1,121,9.661866314301705e-31
1,122,2.5675889892220738e-30
1,123,4.479533626109651e-31
1,124,6.9103695371132295e-31
1,125,1.2055486407069545e-30
1,126,1.0023715538979301e-30
1,127,4.165473302778412e-31
1,128,7.711457588845135e-31
1,129,4.687735131751613e-16
1,130,1.9327200817168774e-30
1,131,8.335919409008915e-16
1,132,1.8431213271155273e-30
1,133,8.809327936384143e-31
1,134,5.959815763506171e-31
1,135,1.387778780781444e-16
1,136,1.7474727643520052e-30
1,137,4.32453368697092e-31
1,138,1.031460709493273e-31
1,139,6.313394508375558e-31
1,140,7.859414185583934e-31
1,141,1.3281472570741313e-30
1,142,9.458371782096454e-31
1,143,7.986471745217656e-31
1,144,8.483022736398381e-31
1,145,8.996991406447172e-31
1,146,5.558049685633554e-16
1,147,1.5647775358392531e-30
1,148,6.452095431997706e-31
1,149,7.457894319322675e-31
2,3,5.67633754894814e-16
2,4,2.6279332891556598e-30
2,5,2.8510439328175434e-30
2,6,7.584972706091015e-30
2,7,6.889744304432232e-30
2,8,8.832457601864429e-30
2,9,6.4092726283823704e-31
2,10,8.581438384155766e-30
2,11,7.135264072369246e-30
2,12,5.452411871377747e-30
2,13,5.621851631625383e-30
2,14,4.926301719671214e-30
2,15,4.53899744711128e-30
2,16,2.2661656304232146e-30
2,17,1.106574987847171e-29
2,18,7.984833864110971e-30
2,19,3.508118272982473e-30
2,20,4.3729665796078534e-30
2,21,1.4385011861427739e-30
2,22,2.5083477870265297e-30
2,23,4.516195643040476e-30
2,24,6.2099467042152574e-30
2,25,6.5914425614931e-30
2,26,2.57869642163484e-30
2,27,2.659121760470376e-30
2,28,7.520696349732401e-31
2,29,2.5591912483804592e-30
2,30,5.8987268693748916e-30
2,31,1.3947008350630106e-16
2,32,2.710644550892788e-30
2,33,2.2509574231344242e-30
2,34,2.399136193064332e-30
2,35,2.592198244223446e-30
2,36,3.812440940576383e-30
2,37,3.881038482270217e-30
2,38,8.591422668864248e-30
2,39,4.2458688058087285e-30
2,40,3.655483707440772e-30
2,41,3.2046363141911852e-31
2,42,1.0425646364493155e-30
2,43,5.6771971161542e-30
2,44,6.384701174250746e-30
2,45,3.4705301694048274e-30
2,46,2.9843340842229933e-30
2,47,6.94961766428178e-30
2,48,8.954835780518498e-30
2,49,4.342325666458545e-30
2,50,3.3303143876907146e-30
2,51,4.251880580499558e-30
2,52,4.826517874519569e-30
2,53,2.682802365144362e-30
2,54,3.229449035323809e-30
2,55,5.067240358005324e-30
2,56,3.898247207130416e-30
2,57,2.7699086297774844e-30
2,58,3.9178058044307976e-30
2,59,2.962001643195842e-30
2,60,6.328780379362233e-30
2,61,4.10343131083314e-30
2,62,1.3789913633347544e-30
2,63,1.94400811364277e-30
2,64,5.051093067014292e-30
2,65,2.2211326008076974e-30
2,66,4.168040180191872e-30
2,67,4.837128737879014e-30
2,68,3.645778609523267e-30
2,69,2.8300295419774556e-30
2,70,3.1231181747370262e-30
2,71,4.3879811982539996e-30
2,72,8.534067887038872e-30
2,73,6.123699195166154e-30
2,74,2.692189764601976e-30
2,75,5.8866836687306225e-30
2,76,1.7700955225557647e-30
2,77,3.9441437453761304e-30
2,78,6.332059124521089e-30
2,79,3.8401878471397356e-30
2,80,1.1369061693873645e-29
2,81,1.9217327033344222e-30
2,82,3.171881799531411e-30
2,83,3.0721802130192066e-30
2,84,4.983285693744237e-16
2,85,3.335319957335323e-30
2,86,3.685333394989305e-30
2,87,5.9151214716613804e-30
2,88,1.6887154652392783e-30
2,89,3.846078048664591e-30
2,90,4.519385182838872e-30
2,91,2.208545296902634e-30
2,92,4.218595374192681e-30
2,93,3.959200928063996e-30
2,94,2.1352812181508153e-30
2,95,3.0483460006901076e-30
2,96,1.3457813286760387e-30
2,97,2.15469136355731e-16
2,98,1.6628083972915908e-30
2,99,2.217173377668991e-30
2,100,1.952705592672712e-30
2,101,4.5380413620994546e-30
2,102,1.9444780819246282e-30
2,103,5.069665592563183e-30
2,104,2.3514157851930426e-30
2,105,7.986857889745243e-30
2,106,1.2287715758328497e-29
2,107,3.0242093893137327e-30
2,108,5.408819196920208e-30
2,109,6.402985774582563e-30
2,110,6.248242722277607e-30
2,111,7.267389595698804e-31
2,112,6.40927262838237e-31
2,113,4.285804969404289e-30
2,114,6.811637058787636e-30
2,115,4.119548547517247e-30
2,116,7.612830277599507e-30
2,117,5.07252287056982e-30
2,118,2.628433967314654e-30
2,119,2.0872607225323246e-30
2,120,2.961708628616621e-30
2,121,2.74943148290875e-30
2,122,6.137288473321842e-30
2,123,1.6119897016950513e-30
2,124,1.9019010720403674e-30
2,125,4.687121445916894e-30
2,126,4.306883299275774e-30
2,127,1.715492398316628e-30
2,128,2.627628971414887e-30
2,129,3.212940164695804e-16
2,130,7.131862896979405e-30
2,131,2.8864797820898775e-15
2,132,5.082737607804747e-30
2,133,3.444286649663757e-30
2,134,1.9724977781801533e-30
2,135,4.951473335488087e-16
2,136,6.112671389750804e-30
2,137,1.6021165424830608e-30
2,138,6.639532184162497e-31
2,139,2.3964410021544262e-30
2,140,3.143901696231789e-30
2,141,3.9933879993385824e-30
2,142,3.886805741593786e-30
2,143,3.371195009397056e-30
2,144,2.7711182477826517e-30
2,145,3.0865272256043095e-30
2,146,2.2575198379720868e-15
2,147,6.3749455112625e-30
2,148,3.260661896266445e-30
2,149,3.4977576382392815e-30
3,4,2.6046282324170535e-16
3,5,3.926802457955359e-16
3,6,4.0815798435103014e-16
3,7,8.900286359716984e-16
3,8,8.598070767056065e-16
3,9,4.006674958138627e-31
3,10,4.863169719131259e-16
3,11,6.298742481986135e-16
3,12,5.331671968450009e-16
3,13,6.655101418596687e-16
3,14,5.667848928154243e-16
3,15,1.1527756336890536e-16
3,16,6.73323034589457e-16
3,17,6.0111895760906385e-16
3,18,7.787652659739904e-16
3,19,1.9229626863835572e-16
3,20,7.508207054845368e-16
3,21,4.119254032265985e-16
3,22,2.914335439641038e-16
3,23,2.255140518769849e-16
3,24,5.390058296783055e-16
3,25,4.527096525065987e-16
3,26,1.7207105932290037e-30
3,27,4.895534796445542e-16
3,28,7.989925223150868e-31
3,29,3.355333698927526e-16
3,30,4.476662236260893e-16
3,31,3.5368544184584194e-16
3,32,4.050792900924374e-16
3,33,4.723618431072565e-16
3,34,2.5775104714533963e-16
3,35,1.8619006149354558e-16
3,36,2.636779683484745e-16
3,37,5.917619556360564e-16
3,38,5.754222427281401e-16
3,39,1.3877787807814703e-17
3,40,5.676337548948128e-16
3,41,2.0033374790693135e-31
3,42,4.9637645267026e-31
3,43,2.4980018054066155e-16
3,44,8.971339482507938e-16
3,45,3.852650984125957e-16
3,46,6.620737537031151e-16
3,47,3.7028107958007454e-30
3,48,2.909581724543423e-16
3,49,4.163914543352928e-16
3,50,2.077037090527599e-16
3,51,2.02063640522013e-16
3,52,9.502231875603452e-16
3,53,2.482776576386692e-16
3,54,2.2388016169968717e-16
3,55,4.744904746134199e-16
3,56,2.297182632622192e-16
3,57,1.144391699630563e-16
3,58,1.112389315513585e-16
3,59,1.8706359083664688e-30
3,60,8.724538166977361e-16
3,61,4.718447854656925e-16
3,62,1.1443916996305653e-16
3,63,3.376611507232132e-16
3,64,3.002224531865043e-16
3,65,2.198407153123562e-30
3,66,3.441311612836934e-30
3,67,7.165562944902794e-16
3,68,3.2278911070751803e-16
3,69,4.98828777051635e-16
3,70,4.495310883741305e-16
3,71,1.3597399555105175e-16
3,72,2.844946500601976e-16
3,73,1.7347234759768002e-16
3,74,2.237994986951956e-16
3,75,4.0588451791557737e-16
3,76,7.179960889441209e-16
3,77,4.3205411681840617e-16
3,78,4.823404785853863e-16
3,79,4.525334666067537e-16
3,80,5.395519883720963e-16
3,81,2.1042875501797043e-16
3,82,6.449812927423886e-16
3,83,3.379462171739198e-16
3,84,1.5113947469571726e-15
3,85,3.937478387536522e-16
3,86,4.012577019208138e-16
3,87,1.5838319836915626e-16
3,88,1.144391699630549e-16
3,89,4.570757705052231e-16
3,90,7.352690476632679e-16
3,91,5.662749647834317e-16
3,92,3.592846427591282e-16
3,93,1.1102230246251874e-16
3,94,1.2250243315339506e-15
3,95,3.9558872921343016e-16
3,96,6.5824737766370925e-31
3,97,1.366708283154764e-15
3,98,2.0905473686994236e-30
3,99,2.986950027599039e-16
3,100,1.59660446667873e-30
3,101,3.3147293000679816e-16
3,102,2.65825746107515e-30
3,103,2.3127352531921376e-16
3,104,1.5944364291470336e-16
3,105,7.353918196335455e-16
3,106,7.847364252355703e-16
3,107,6.214088459698987e-16
3,108,3.8841943073686495e-30
3,109,6.473657049138953e-16
3,110,2.7336071744532714e-16
3,111,2.0014830212433647e-16
3,112,4.006674958138627e-31
3,113,2.498001805406582e-16
3,114,8.766723340963179e-16
3,115,4.857225732735065e-16
3,116,5.064853664181376e-16
3,117,1.782634120687406e-16
3,118,1.3929745519725821e-30
3,119,1.6247110168429382e-30
3,120,3.8584243507050013e-16
3,121,1.6883057536160723e-16
3,122,3.5851744578065145e-16
3,123,1.6653345369377323e-16
3,124,3.284083995358298e-16
3,125,4.05112718452082e-16
3,126,8.944301059074097e-16
3,127,2.4864100871503586e-16
3,128,3.531027471662356e-30
3,129,1.797400340361012e-15
3,130,1.6642499816048985e-16
3,131,1.8067964024610204e-15
3,132,7.778992148899946e-16
3,133,1.4833660915170008e-16
3,134,2.0152707718484054e-30
3,135,6.305180421507538e-16
3,136,2.22047807745264e-16
3,137,3.098464821364666e-30
3,138,5.911757512230916e-31
3,139,4.657982882078627e-16
3,140,4.593351965093214e-16
3,141,1.755416734288375e-16
3,142,4.73401555150907e-16
3,143,6.616463658340236e-16
3,144,3.68823588432874e-16
3,145,7.555432717696461e-16
3,146,3.517476670009435e-15
3,147,1.112475393349639e-15
3,148,4.999984961577378e-16
3,149,1.97758476261357e-16
4,5,1.7452775406198864e-30
4,6,1.7131411044632498e-30
4,7,3.1763977476916015e-30
4,8,2.801453353300066e-30
4,9,1.9993193684787857e-31
4,10,2.5696429303777502e-30
4,11,4.2002499911210815e-30
4,12,1.0760662885140224e-30
4,13,1.0782527386312928e-30
4,14,1.5911708182794306e-30
4,15,1.3527920598779448e-30
4,16,1.432471995846403e-30
4,17,3.4724221826092764e-30
4,18,2.5440730738468383e-30
4,19,1.4598658846865685e-30
4,20,1.3400343950951328e-30
4,21,8.037655566090313e-31
4,22,1.4142203039785238e-30
4,23,1.5025895168898799e-30
4,24,1.5460980281985505e-30
4,25,2.139804589455927e-30
4,26,7.867059795833155e-31
4,27,1.702664668347667e-30
4,28,2.884051310110104e-31
4,29,1.394100181929687e-30
4,30,1.8874187310012067e-30
4,31,1.573538586992013e-16
4,32,8.17610134194714e-31
4,33,1.2056428171223992e-30
4,34,1.001937890239407e-30
4,35,8.505905535541677e-31
4,36,1.8482992529051456e-30
4,37,1.8670394384547455e-30
4,38,2.6778202859321515e-30
4,39,1.877569662717976e-30
4,40,2.212324963468129e-30
4,41,9.996596842393929e-32
4,42,2.3270880585366064e-31
4,43,1.4870232098405115e-30
4,44,3.502162665500548e-30
4,45,1.1055251780053226e-30
4,46,1.9802949746293587e-30
4,47,1.332505678937245e-30
4,48,3.9897006728748484e-30
4,49,1.4269049126873313e-30
4,50,1.5943642183073587e-30
4,51,1.348096844324496e-30
4,52,1.912077884385631e-30
4,53,5.461730283853002e-31
4,54,1.0115771017350189e-30
4,55,1.9933234954369004e-30
4,56,1.5762979146637113e-30
4,57,5.649251964803842e-31
4,58,2.1860384034026282e-30
4,59,5.440803246425595e-31
4,60,2.7763790680258653e-30
4,61,1.527455927289226e-30
4,62,8.723917581457111e-31
4,63,1.2166185340195825e-30
4,64,1.758723627100133e-30
4,65,8.474889636393926e-31
4,66,1.5251833315858972e-30
4,67,1.4990436321704932e-30
4,68,2.4095620731420747e-30
4,69,1.5813063799839864e-30
4,70,1.4813196149980593e-30
4,71,2.2143586752955797e-30
4,72,3.433511074343093e-30
4,73,2.514488328630647e-30
4,74,1.7034279285925913e-30
4,75,1.2133729679160568e-30
4,76,1.0654369997820178e-30
4,77,1.6446459757367118e-30
4,78,1.9604464625932595e-30
4,79,1.0197285122849194e-30
4,80,3.873558559993539e-30
4,81,8.58320466232633e-31
4,82,1.0594573847272157e-30
4,83,1.5962713523141455e-30
4,84,3.5608872038429257e-16
4,85,2.2292510928257102e-30
4,86,1.075419483323989e-30
4,87,1.4367184796183143e-30
4,88,8.964437176655184e-31
4,89,1.1028745849673474e-30
4,90,1.1737521274420753e-30
4,91,1.2325189775044672e-30
4,92,1.1591997370891676e-30
4,93,1.888602882238084e-30
4,94,1.1285913353294866e-30
4,95,6.8046978738307815e-31
4,96,3.2213073371444056e-31
4,97,9.235769444768033e-16
4,98,7.503845168414297e-31
4,99,7.078449213473411e-31
4,100,6.660518707396124e-31
4,101,1.5774909206357119e-30
4,102,8.58045297301368e-31
4,103,3.0971165533216935e-30
4,104,6.650378506299916e-31
4,105,3.037799709807068e-30
4,106,2.9119954797394327e-30
4,107,1.3489823760780176e-30
4,108,1.3316968036272309e-30
4,109,2.606787029789938e-30
4,110,3.948600520574538e-30
4,111,4.454339402373051e-31
4,112,1.9993193684787853e-31
4,113,2.6398052519391206e-30
4,114,2.9351077668435267e-30
4,115,1.3660982398205643e-30
4,116,2.43768980467705e-30
4,117,1.3322539727225566e-30
4,118,7.352103343944685e-31
4,119,7.636013561153023e-31
4,120,1.4032624101037947e-30
4,121,1.3435018673809963e-30
4,122,3.7149323317637804e-30
4,123,4.751581626153804e-31
4,124,1.0507049979745714e-30
4,125,1.3807447644621147e-30
4,126,1.3033150636960186e-30
4,127,9.041898710122023e-31
4,128,1.1522670772422468e-30
4,129,4.899989315652794e-16
4,130,2.3751800392555525e-30
4,131,9.004133962875677e-16
4,132,3.05234513868698e-30
4,133,1.150984272331766e-30
4,134,8.009265664889723e-31
4,135,7.496896064510998e-16
4,136,1.8427495895021337e-30
4,137,9.257572040256908e-31
4,138,1.6082831418358006e-31
4,139,1.205156436978102e-30
4,140,1.41547281778256e-30
4,141,2.339145948660548e-30
4,142,8.191009146071631e-31
4,143,9.777567142009041e-31
4,144,1.4405793171023024e-30
4,145,1.862957101918521e-30
4,146,1.0667181255573518e-15
4,147,1.6682181535758517e-30
4,148,1.2919108495314635e-30
4,149,1.464487297044994e-30
5,6,2.339246231389595e-30
5,7,3.7625286327777216e-30
5,8,3.0524426895951767e-30
5,9,2.1667593504349505e-31
5,10,2.9092750655052785e-30
5,11,4.267004264602062e-30
5,12,1.4362992197431479e-30
5,13,1.662196353887385e-30
5,14,1.6606476392222398e-30
5,15,1.5080149363405325e-30
5,16,1.4999275853016412e-30
5,17,3.9414723803558385e-30
5,18,2.6385165782960686e-30
5,19,1.6647083511281195e-30
5,20,1.8628108572615665e-30
5,21,8.208670031755888e-31
5,22,1.5148701610642163e-30
5,23,1.6371912841973838e-30
5,24,1.718616289764234e-30
5,25,2.209905355312209e-30
5,26,8.12709920194085e-31
5,27,1.810972169979309e-30
5,28,3.0878991790973108e-31
5,29,1.5480226872015436e-30
5,30,2.146501980985253e-30
5,31,5.933471101894275e-16
5,32,9.299456298088678e-31
5,33,1.3745653433587285e-30
5,34,9.760794360580049e-31
5,35,9.134299242149937e-31
5,36,2.1588466787145376e-30
5,37,1.9989922049688637e-30
5,38,2.8553836844369356e-30
5,39,2.2749475456447246e-30
5,40,2.2993640058539277e-30
5,41,1.0833796752174753e-31
5,42,2.8810482571731647e-31
5,43,1.5553455819833536e-30
5,44,3.674381249689677e-30
5,45,1.0605441601847256e-30
5,46,1.9360337601784224e-30
5,47,1.6682378778788675e-30
5,48,4.728922460455292e-30
5,49,1.5383523391267118e-30
5,50,1.5641094810862172e-30
5,51,1.4025051894248103e-30
5,52,1.8400713267309498e-30
5,53,8.213939088693817e-31
5,54,1.1176404738222652e-30
5,55,2.006213272876577e-30
5,56,1.5998223167637472e-30
5,57,8.402991113056142e-31
5,58,2.4423380813056283e-30
5,59,7.671935616360783e-31
5,60,2.9753986015437935e-30
5,61,1.7415094342979153e-30
5,62,9.477423213978816e-31
5,63,1.3140247452734818e-30
5,64,2.132762327319656e-30
5,65,8.76432092818003e-31
5,66,1.5571180937144096e-30
5,67,2.001905387061805e-30
5,68,2.5256918237032948e-30
5,69,1.691204308149397e-30
5,70,1.3224667194000187e-30
5,71,2.5585078292735597e-30
5,72,3.526124097351795e-30
5,73,2.632179440850159e-30
5,74,1.843476613415911e-30
5,75,1.724228626748966e-30
5,76,1.4235430676527137e-30
5,77,1.93360679207634e-30
5,78,2.1532707305007155e-30
5,79,1.083334295725801e-30
5,80,4.08590271342234e-30
5,81,8.71427797176479e-31
5,82,1.1118477347396776e-30
5,83,1.5859245671088045e-30
5,84,3.511018284060551e-16
5,85,2.3348718520697532e-30
5,86,1.1617506459687622e-30
5,87,1.9859925123729088e-30
5,88,9.514040444820356e-31
5,89,1.1662973261037336e-30
5,90,1.2163732219568678e-30
5,91,1.4960771539699882e-30
5,92,1.3939101394308169e-30
5,93,2.0765694482330894e-30
5,94,1.015564237747935e-30
5,95,8.48627867337674e-31
5,96,3.8440093064574916e-31
5,97,5.092410696435841e-16
5,98,7.676997162111897e-31
5,99,8.713439064433964e-31
5,100,6.593181322209982e-31
5,101,1.584234098657283e-30
5,102,9.77834070602517e-31
5,103,3.298957513540585e-30
5,104,7.384640100006036e-31
5,105,2.943345811190074e-30
5,106,3.059276371013774e-30
5,107,1.4826110845296233e-30
5,108,1.4497456214046747e-30
5,109,2.853036148351044e-30
5,110,4.203881701889728e-30
5,111,5.361317121094891e-31
5,112,2.16675935043495e-31
5,113,2.8161030747542902e-30
5,114,3.597082670772299e-30
5,115,1.4311345261121026e-30
5,116,2.5820061682297937e-30
5,117,1.5028268820133379e-30
5,118,8.252899453074398e-31
5,119,7.987086672298812e-31
5,120,1.0111585678754789e-30
5,121,1.359677994771416e-30
5,122,3.939168688696446e-30
5,123,4.763947226808392e-31
5,124,1.099497372887672e-30
5,125,1.45050611523048e-30
5,126,1.4079952453107537e-30
5,127,1.095315891814316e-30
5,128,1.2110681926541533e-30
5,129,6.355057114912526e-16
5,130,2.497707463606394e-30
5,131,9.758216603220383e-16
5,132,3.34134790282461e-30
5,133,1.0911639409222634e-30
5,134,7.851362463142422e-31
5,135,2.3714374201337706e-16
5,136,2.0324798222833324e-30
5,137,1.0751371585101096e-30
5,138,2.2727943321174286e-31
5,139,1.1169698720053799e-30
5,140,1.6924082110405712e-30
5,141,2.5771221510227495e-30
5,142,1.1155148105656119e-30
5,143,1.0267513095098447e-30
5,144,1.6857671453651974e-30
5,145,2.288398746524404e-30
5,146,1.2463961013222705e-15
5,147,1.9067859653197937e-30
5,148,1.585546844089144e-30
5,149,1.8132074640791213e-30
6,7,3.220902008052849e-30
6,8,7.170941833710497e-30
6,9,5.216721045326341e-31
6,10,7.042677520095978e-30
6,11,5.076335259940903e-30
6,12,3.9284239134143335e-30
6,13,4.1240356723564225e-30
6,14,4.034353215921975e-30
6,15,3.7147216523476526e-30
6,16,1.6285587558558212e-30
6,17,9.13209001563247e-30
6,18,6.520039289684672e-30
6,19,2.188152259468729e-30
6,20,2.8007959292992747e-30
6,21,6.232656523957703e-16
6,22,2.1102139483213308e-30
6,23,3.8803829484974934e-30
6,24,4.893472953826221e-30
6,25,5.3384007468012765e-30
6,26,2.0374518119277885e-30
6,27,1.9833599735656797e-30
6,28,5.887025672385849e-31
6,29,1.9012135772198043e-30
6,30,4.047882353247522e-30
6,31,5.995446265801326e-16
6,32,2.1860444825947803e-30
6,33,1.3438269517477901e-30
6,34,1.5881921698896652e-30
6,35,1.9872609482548906e-30
6,36,1.771404672839997e-30
6,37,3.0269781558353512e-30
6,38,6.925249787439632e-30
6,39,2.051467571403208e-30
6,40,2.52413923956314e-30
6,41,2.6083605226631706e-31
6,42,8.320219117193289e-31
6,43,4.423700283099299e-30
6,44,4.8765255600163084e-30
6,45,5.809232538144781e-16
6,46,2.360608496526089e-30
6,47,5.213788287131249e-30
6,48,4.321433709440545e-30
6,49,3.681599971389811e-30
6,50,2.6817971544858528e-30
6,51,3.4247998677488544e-30
6,52,3.863520682050394e-30
6,53,1.9759829426149805e-30
6,54,2.477534400767178e-30
6,55,3.975700504889786e-30
6,56,3.023312669802542e-30
6,57,2.2562589816643853e-30
6,58,1.9440938294792112e-30
6,59,2.1708652292108308e-30
6,60,5.0687106946740094e-30
6,61,3.016649842006104e-30
6,62,8.055995128196387e-31
6,63,1.0012173766063327e-30
6,64,3.232286111722108e-30
6,65,1.7913779556022498e-30
6,66,3.3258518070978804e-30
6,67,3.708092214833865e-30
6,68,2.392744983766283e-30
6,69,1.478111338250033e-30
6,70,2.62523165537286e-30
6,71,1.746243028637815e-30
6,72,6.826103817299204e-30
6,73,4.972403781310629e-30
6,74,1.2674947957426527e-30
6,75,4.3270618124742856e-30
6,76,7.133238250515708e-16
6,77,2.4547263018635484e-30
6,78,5.146535576856403e-30
6,79,3.0361881591020937e-30
6,80,9.373362028852589e-30
6,81,1.2016138882228671e-30
6,82,2.7753406451646298e-30
6,83,2.389035126161405e-30
6,84,4.258949278575891e-16
6,85,1.9042996620574058e-30
6,86,2.9754248876293127e-30
6,87,4.0411360938373716e-30
6,88,6.544959805476345e-31
6,89,3.0886573182162647e-30
6,90,3.560180102677422e-30
6,91,1.2673658265647392e-30
6,92,3.509134465358878e-30
6,93,3.111906482491491e-30
6,94,1.823467439913482e-30
6,95,2.4157484503484147e-30
6,96,1.0820828197677595e-30
6,97,4.384700180154353e-16
6,98,1.388222216768004e-30
6,99,1.661757812604813e-30
6,100,1.5321278777181091e-30
6,101,3.7541661017251674e-30
6,102,1.2609009229616709e-30
6,103,2.4436273510564683e-30
6,104,1.6243376187436657e-30
6,105,6.360320982652939e-30
6,106,2.956978516580425e-16
6,107,2.467289482883087e-30
6,108,4.0189701893990264e-30
6,109,5.234089643968455e-30
6,110,3.0333081545607524e-30
6,111,5.196615052754213e-31
6,112,5.21672104532634e-31
6,113,1.5240216376688948e-30
6,114,4.682059735960361e-30
6,115,3.262610531917771e-30
6,116,1.1449174941447023e-16
6,117,4.0703363298099654e-30
6,118,2.137030732185585e-30
6,119,1.6933147215954273e-30
6,120,1.740010567239039e-30
6,121,2.1541844649256828e-30
6,122,4.142701972169427e-30
6,123,1.2991899512555292e-30
6,124,1.4430306491800407e-30
6,125,3.8151322535307836e-30
6,126,3.2140431213787064e-30
6,127,9.97383295382047e-31
6,128,2.1527778029924512e-30
6,129,7.004159514774325e-16
6,130,5.7028890166732126e-30
6,131,2.3494022955827547e-15
6,132,3.1138390789253075e-30
6,133,2.655151775977536e-30
6,134,1.5212074331619918e-30
6,135,6.305260486575247e-16
6,136,5.027417595611739e-30
6,137,6.874124713334834e-31
6,138,4.386917654289204e-31
6,139,1.9213601768410208e-30
6,140,1.9844387823084406e-30
6,141,1.9205324583647627e-30
6,142,3.1575328117067444e-30
6,143,2.699588957908604e-30
6,144,1.856514699033565e-30
6,145,1.5905403224878155e-30
6,146,9.37367264671682e-16
6,147,5.089883993466502e-30
6,148,1.863400526379596e-30
6,149,2.2782096353461533e-30
7,8,4.4331351736791125e-30
7,9,1.70911932427609e-31
7,10,4.1407396462544855e-30
7,11,7.102229820956833e-30
7,12,4.0418426612513844e-30
7,13,4.293501856924011e-30
7,14,3.576051564560955e-30
7,15,1.2290764446328815e-30
7,16,3.0834028498760906e-30
7,17,2.951599371833153e-30
7,18,2.14038417933874e-30
7,19,4.172159020538705e-30
7,20,4.546407324904441e-30
7,21,4.119164726214523e-16
7,22,2.9980873953573782e-30
7,23,3.1403512319141144e-30
7,24,3.171217892542555e-30
7,25,4.040544675902157e-30
7,26,1.2510860938234561e-30
7,27,3.312807958999801e-30
7,28,7.491918832722591e-31
7,29,3.3575020722864656e-30
7,30,6.053754271047604e-30
7,31,4.735382042005023e-16
7,32,2.1742516498261996e-30
7,33,3.132866565323075e-30
7,34,2.2911547137561293e-30
7,35,2.2007168351708182e-30
7,36,5.0726004707668706e-30
7,37,3.1702509357443144e-30
7,38,3.0188923041146478e-30
7,39,5.410766268358324e-30
7,40,4.030005866451917e-30
7,41,8.54559662138045e-32
7,42,4.242089805470769e-31
7,43,4.037836114221121e-30
7,44,8.084038732514825e-30
7,45,1.7123970309139946e-16
7,46,4.020145901517929e-30
7,47,4.1053091792667614e-30
7,48,1.1532088827147994e-29
7,49,1.4011288392922414e-30
7,50,2.0724516852800395e-30
7,51,1.4853422995551307e-30
7,52,2.1828460862646073e-30
7,53,2.1257311825510397e-30
7,54,2.524435488378401e-30
7,55,1.9243770508229048e-30
7,56,3.057469874833732e-30
7,57,1.4726185719981239e-30
7,58,5.448400210974555e-30
7,59,2.15777286210755e-30
7,60,3.983357274166974e-30
7,61,4.2231461924588246e-30
7,62,1.8622245321046872e-30
7,63,2.7299606864289522e-30
7,64,5.538749137310733e-30
7,65,1.7974264039452208e-30
7,66,1.3210810565460633e-30
7,67,4.627891647840876e-30
7,68,4.785034160950854e-30
7,69,3.858596392166399e-30
7,70,2.9957704533930094e-30
7,71,5.9711256454457856e-30
7,72,3.6455431919354414e-30
7,73,2.7024525303056713e-30
7,74,3.6621586801776155e-30
7,75,4.653761942923913e-30
7,76,3.5394417168205776e-16
7,77,4.83284356647697e-30
7,78,3.047002551526554e-30
7,79,2.187130821586531e-30
7,80,5.889485553631968e-30
7,81,2.3333340173762168e-30
7,82,1.4170067516117706e-30
7,83,2.379908062433312e-30
7,84,4.0626986782128477e-16
7,85,4.411008999312992e-30
7,86,1.0202617704785883e-30
7,87,5.370655434173286e-30
7,88,2.3380902583353062e-30
7,89,2.0509945715533426e-30
7,90,2.1479410139653957e-30
7,91,2.5613639783037994e-30
7,92,1.7816213301023375e-30
7,93,4.401351895019505e-30
7,94,1.7466750251161282e-30
7,95,1.746189677967437e-30
7,96,4.8195374646033005e-31
7,97,5.474392620869868e-16
7,98,1.3201838588698896e-30
7,99,2.1543538114057767e-30
7,100,5.635350291779992e-31
7,101,3.2162736775450955e-30
7,102,2.3624324785952433e-30
7,103,6.70357714955791e-30
7,104,2.2529368195884366e-30
7,105,2.435886392909854e-30
7,106,6.944789882335481e-16
7,107,2.6710540050138627e-30
7,108,4.6102850402214395e-30
7,109,4.53559803503375e-30
7,110,8.354607895592197e-30
7,111,1.0185272383128533e-30
7,112,1.7091193242760896e-31
7,113,5.9896393028129815e-30
7,114,8.351405296510946e-30
7,115,2.805242590293984e-30
7,116,4.187778855529697e-16
7,117,2.016061636291509e-30
7,118,1.1235561687225283e-30
7,119,7.2920155935586745e-31
7,120,2.8167516744733677e-30
7,121,2.0133044475087733e-30
7,122,7.283391122389244e-30
7,123,1.0224585086675325e-30
7,124,1.8711431163718957e-30
7,125,3.4116757149530544e-30
7,126,3.2237063648665586e-30
7,127,2.3124672467685212e-30
7,128,2.3469593915901574e-30
7,129,6.603101351262925e-16
7,130,5.938418486865157e-30
7,131,7.697189151941517e-16
7,132,7.176656189146429e-30
7,133,1.2132583901076746e-30
7,134,7.231915777699426e-31
7,135,4.629242127660585e-16
7,136,1.618651927828175e-30
7,137,2.2469374187837946e-30
7,138,6.152761201803528e-31
7,139,2.327764746708606e-30
7,140,3.888551939024574e-30
7,141,5.635487169573042e-30
7,142,1.9869139369239134e-30
7,143,2.4046979910605322e-30
7,144,3.5792359654329586e-30
7,145,4.2652218728332766e-30
7,146,3.0055928090681804e-15
7,147,3.2293646998051464e-30
7,148,3.813220727764728e-30
7,149,4.057577399678221e-30
8,9,6.396931590165942e-31
8,10,8.339557128967673e-30
8,11,7.377192864838324e-30
8,12,4.520005506800638e-30
8,13,4.543086249892486e-30
8,14,4.582962272344715e-30
8,15,4.4976048447117905e-30
8,16,2.1340065792046556e-30
8,17,1.107466829950816e-29
8,18,7.964450987399106e-30
8,19,2.5030931286712175e-30
8,20,3.211468025707734e-30
8,21,2.419924676333923e-16
8,22,2.6636763599727677e-30
8,23,4.21169155756202e-30
8,24,5.8347171194795106e-30
8,25,6.407093567137445e-30
8,26,2.5177339440570557e-30
8,27,2.9800102452260475e-30
8,28,6.7288530416402775e-31
8,29,2.368398714503909e-30
8,30,4.5275735605606484e-30
8,31,3.825842074281554e-16
8,32,2.425740059604724e-30
8,33,1.7899690444176375e-30
8,34,2.1713116632760886e-30
8,35,2.237478352684776e-30
8,36,2.4324698096711698e-30
8,37,4.117885589744865e-30
8,38,8.437076663077055e-30
8,39,2.7128847752232565e-30
8,40,3.771912327788082e-30
8,41,3.198465795082971e-31
8,42,9.692848591551144e-31
8,43,4.9797918597387e-30
8,44,6.059109660827593e-30
8,45,2.5935131261214365e-16
8,46,3.0606867290594445e-30
8,47,6.133855021091691e-30
8,48,5.747425845138251e-30
8,49,4.262940875706159e-30
8,50,3.625109137109796e-30
8,51,4.2199980569150394e-30
8,52,4.7400494200494894e-30
8,53,2.165863745051301e-30
8,54,3.0593113785822317e-30
8,55,5.266051263168801e-30
8,56,3.642176685826607e-30
8,57,2.4528827793553634e-30
8,58,2.7040127032980317e-30
8,59,2.4957655168756252e-30
8,60,6.688886102845063e-30
8,61,3.588045150443487e-30
8,62,1.2898190892777322e-30
8,63,1.6623365967272358e-30
8,64,3.7407214503768865e-30
8,65,2.1497757178899783e-30
8,66,4.269695320760494e-30
8,67,3.9395863572455545e-30
8,68,3.6436120615463e-30
8,69,1.9284690226704803e-30
8,70,2.758050532078544e-30
8,71,2.8675695886513785e-30
8,72,8.831287217838864e-30
8,73,6.360131619731981e-30
8,74,2.3702989612218532e-30
8,75,4.8462201442418146e-30
8,76,5.224052855749915e-16
8,77,2.530707775831519e-30
8,78,6.237920525538622e-30
8,79,3.609290355791559e-30
8,80,1.1405864580832789e-29
8,81,1.4248474127419012e-30
8,82,3.0055287882306096e-30
8,83,3.232667293629996e-30
8,84,5.469855754947232e-16
8,85,3.234672877738911e-30
8,86,3.5155603082866204e-30
8,87,4.495179800063951e-30
8,88,1.1887783859208137e-30
8,89,3.632166622056895e-30
8,90,4.217365572470803e-30
8,91,2.1906790188858613e-30
8,92,4.0537033700811856e-30
8,93,3.7164789474918226e-30
8,94,2.157212083447008e-30
8,95,2.8014109323521175e-30
8,96,1.2728812769006253e-30
8,97,9.773993046164302e-16
8,98,1.6972638639899775e-30
8,99,1.9133735869149312e-30
8,100,1.982231584436245e-30
8,101,4.178349639885597e-30
8,102,1.4050653250720533e-30
8,103,4.445737389870621e-30
8,104,1.9406944369673457e-30
8,105,8.377436559454462e-30
8,106,2.1879704864682117e-16
8,107,3.16542240887223e-30
8,108,4.559619772491673e-30
8,109,6.546110969291217e-30
8,110,5.574089455008214e-30
8,111,7.017984635279184e-31
8,112,6.396931590165941e-31
8,113,3.4079925321398145e-30
8,114,4.876524518518544e-30
8,115,3.83650870016595e-30
8,116,7.621273263121387e-30
8,117,4.843293076537279e-30
8,118,2.532106885017492e-30
8,119,2.1301721832593343e-30
8,120,1.991032089344252e-30
8,121,2.958011267177315e-30
8,122,6.207469658924186e-30
8,123,1.4899197322454668e-30
8,124,2.007418399932167e-30
8,125,4.322698784965827e-30
8,126,3.8744608584968635e-30
8,127,1.0683721405723658e-30
8,128,2.5607297964357213e-30
8,129,3.031947289417027e-16
8,130,6.781353215391701e-30
8,131,2.8809218725785902e-15
8,132,4.227964910902808e-30
8,133,3.4431407952800934e-30
8,134,2.059721733311993e-30
8,135,3.9382425754888934e-16
8,136,6.1431005675741415e-30
8,137,1.0627568110273492e-30
8,138,4.91693645029092e-31
8,139,2.201948623503556e-30
8,140,2.016942532810757e-30
8,141,3.0426397878474403e-30
8,142,3.494440117128951e-30
8,143,3.1448048670172822e-30
8,144,2.0491632188302628e-30
8,145,2.7608798056105675e-30
8,146,1.4602580331020582e-15
8,147,6.06936670708277e-30
8,148,2.2397674264154064e-30
8,149,2.7212877667983547e-30
9,10,6.357730159431926e-31
9,11,5.841431562073448e-31
9,12,3.1613422864998635e-31
9,13,3.2304807179179543e-31
9,14,3.576094601390471e-31
9,15,3.411452068899232e-31
9,16,1.46167805716442e-31
9,17,8.478012741882898e-31
9,18,6.222534205437914e-31
9,19,1.7203977639933533e-31
9,20,1.727562380730983e-31
9,21,1.1755179693231812e-31
9,22,2.0026745275855232e-31
9,23,3.2632142220958614e-31
9,24,4.330266643160503e-31
9,25,4.8479845818564e-31
9,26,1.9332499747138387e-31
9,27,2.074919375765597e-31
9,28,5.082120056479053e-32
9,29,1.7327376681461128e-31
9,30,3.0837211804881375e-31
9,31,2.2765502137303483e-31
9,32,1.8499196240842012e-31
9,33,1.2857457679404635e-31
9,34,1.5183365261941255e-31
9,35,1.751846881274036e-31
9,36,9.749391423830287e-32
9,37,3.050060174458741e-31
9,38,6.522381771898478e-31
9,39,6.522280544487787e-32
9,40,2.797882422405271e-31
9,41,2.4651903288156616e-32
9,42,7.21357825539889e-32
9,43,3.58950356932842e-31
9,44,4.634592648690493e-31
9,45,2.457474534212559e-31
9,46,2.425733039655912e-31
9,47,4.399518756972946e-31
9,48,1.5767615625177955e-31
9,49,3.357478704233094e-31
9,50,2.7670405964856692e-31
9,51,3.2576443195445924e-31
9,52,3.9509654828609704e-31
9,53,1.4922166854651747e-31
9,54,2.356683596602417e-31
9,55,4.10486113831525e-31
9,56,2.994141647178478e-31
9,57,1.8150068430167747e-31
9,58,1.7045948874153345e-31
9,59,1.730029755080382e-31
9,60,4.9669819144673585e-31
9,61,2.7361222483755057e-31
9,62,9.244463733058732e-32
9,63,1.2307641710101627e-31
9,64,2.2238011786110064e-31
9,65,1.6536999458120634e-31
9,66,3.3281496023209075e-31
9,67,2.9258317983090038e-31
9,68,2.613526673390122e-31
9,69,1.2350963356581992e-31
9,70,2.286438203681145e-31
9,71,5.08212005647905e-32
9,72,6.9071570428226566e-31
9,73,4.939555740692627e-31
9,74,1.5799951773218332e-31
9,75,3.354153941782668e-31
9,76,1.2279642332033357e-31
9,77,1.4823206051218534e-31
9,78,4.704999158946772e-31
9,79,2.6612198633859084e-31
9,80,8.748827988914711e-31
9,81,9.668494236359901e-32
9,82,2.5277593904724726e-31
9,83,2.5410600282395253e-31
9,84,5.9147914278439666e-31
9,85,2.4686335332439313e-31
9,86,2.826711464880671e-31
9,87,2.7409657422968923e-31
9,88,7.187203109480992e-32
9,89,2.7426648950055273e-31
9,90,3.3119387996966163e-31
9,91,1.369876481933966e-31
9,92,3.0230008929074477e-31
9,93,2.872413299229255e-31
9,94,1.8863262240476433e-31
9,95,2.047740881197503e-31
9,96,9.567511331016257e-32
9,97,5.138330425982714e-31
9,98,1.3161924165720054e-31
9,99,1.3064578108406238e-31
9,100,1.5452248564431363e-31
9,101,3.44041604813767e-31
9,102,1.0164240112958106e-31
9,103,2.66366068027287e-31
9,104,1.3304036334171772e-31
9,105,5.985596927436379e-31
9,106,8.674493445750218e-31
9,107,2.311655130750075e-31
9,108,3.2328098073002802e-31
9,109,4.9269669687289405e-31
9,110,3.6189796959029e-31
9,111,5.002674858505016e-32
9,112,4.930380657631324e-32
9,113,1.7431527984210492e-31
9,114,3.798248314717704e-31
9,115,3.0532398586419116e-31
9,116,5.793241376096547e-31
9,117,3.6804838696850813e-31
9,118,1.9253751966680739e-31
9,119,1.653699945812064e-31
9,120,1.4616983581075695e-31
9,121,2.243052811992897e-31
9,122,4.58614026790044e-31
9,123,1.1810583820675905e-31
9,124,1.5682321403898685e-31
9,125,3.2599753712343225e-31
9,126,2.8131554433606877e-31
9,127,6.412160972647206e-32
9,128,1.981758516985925e-31
9,129,2.5774210356349523e-31
9,130,4.905551884975208e-31
9,131,2.220446049250314e-16
9,132,3.0287279872565732e-31
9,133,2.677350199595501e-31
9,134,1.6212258177151975e-31
9,135,2.1771971474084033e-31
9,136,4.684799154709651e-31
9,137,4.4441850671614e-32
9,138,2.7561665763534394e-32
9,139,1.7631928085044352e-31
9,140,1.4545145216721919e-31
9,141,2.053529068674686e-31
9,142,2.6546441574183968e-31
9,143,2.1467821979428924e-31
9,144,1.5223035653828323e-31
9,145,1.8031312753507866e-31
9,146,3.26257989714038e-31
9,147,4.351435734010419e-31
9,148,9.768851306314676e-32
9,149,1.6641461273129974e-31
10,11,7.613266938340366e-30
10,12,4.444449179764419e-30
10,13,4.6027243121909125e-30
10,14,4.806144819534886e-30
10,15,4.439916824896708e-30
10,16,2.3024347634598024e-30
10,17,1.1079932977643964e-29
10,18,8.228794746060691e-30
10,19,2.4126765986247253e-30
10,20,3.103581633448241e-30
10,21,1.703734813002042e-30
10,22,2.7138120238089806e-30
10,23,4.6211622960540775e-30
10,24,5.5472744722078974e-30
10,25,6.071472733441289e-30
10,26,2.445405474291182e-30
10,27,2.5199352566139993e-30
10,28,6.790966178553894e-31
10,29,2.6171798522888037e-30
10,30,4.322257237449886e-30
10,31,6.855121832981962e-16
10,32,2.526849542276512e-30
10,33,1.814193418406113e-30
10,34,2.0457427220105967e-30
10,35,2.292253126560363e-30
10,36,2.237772509812627e-30
10,37,3.82677522379562e-30
10,38,8.145700020383535e-30
10,39,2.5312280856544282e-30
10,40,3.805874037513583e-30
10,41,3.178865079715963e-31
10,42,9.595933239614276e-31
10,43,4.9141697664972054e-30
10,44,6.131469191219074e-30
10,45,3.2295185086477306e-30
10,46,3.552762478498662e-30
10,47,5.9309730135852775e-30
10,48,5.389389879627083e-30
10,49,4.4267358247244166e-30
10,50,3.530883121319512e-30
10,51,4.151814633982735e-30
10,52,4.927304099154138e-30
10,53,2.18013794970776e-30
10,54,2.974738447970355e-30
10,55,5.0602182579200064e-30
10,56,3.739571693155021e-30
10,57,2.5698130714744264e-30
10,58,2.6110074631368523e-30
10,59,2.4237077970789544e-30
10,60,6.1640351695371916e-30
10,61,3.520895186977835e-30
10,62,1.258638708352374e-30
10,63,1.6662020562390513e-30
10,64,3.479586761710883e-30
10,65,2.1355758639440418e-30
10,66,4.174766084283984e-30
10,67,4.16210781639229e-30
10,68,3.464006235265804e-30
10,69,1.8358719012615762e-30
10,70,3.0202298605219923e-30
10,71,2.686812828887031e-30
10,72,8.758988001171623e-30
10,73,6.407516044788271e-30
10,74,2.311921237658237e-30
10,75,4.704776202245153e-30
10,76,5.935087479145252e-16
10,77,2.469842307822878e-30
10,78,6.116025063684559e-30
10,79,3.50120655221091e-30
10,80,1.1219769482721279e-29
10,81,1.3259929356137237e-30
10,82,3.5044169784515785e-30
10,83,3.3400226532913756e-30
10,84,3.2958376608028125e-16
10,85,3.065950609161158e-30
10,86,3.678950346632026e-30
10,87,4.372248067617777e-30
10,88,1.3356229892104036e-30
10,89,3.666325355179223e-30
10,90,4.290611125307943e-30
10,91,1.8875054110491194e-30
10,92,4.111973565066442e-30
10,93,3.6587692185767996e-30
10,94,2.6435600536077396e-30
10,95,2.7483440100203945e-30
10,96,1.2614771581726555e-30
10,97,3.4471709787692853e-16
10,98,1.7239197563343338e-30
10,99,1.7579554604618404e-30
10,100,1.903915570498117e-30
10,101,4.662917465468475e-30
10,102,1.3758463476431254e-30
10,103,4.888092383023515e-30
10,104,1.8375167501649793e-30
10,105,7.576932240919353e-30
10,106,1.1229186711353162e-29
10,107,2.9211869820766007e-30
10,108,4.4808799556329964e-30
10,109,6.533377873322621e-30
10,110,5.6512342309022584e-30
10,111,6.480751788295631e-31
10,112,6.357730159431926e-31
10,113,3.424551926315819e-30
10,114,5.1992911382561444e-30
10,115,4.2799755850668715e-30
10,116,7.216881214852358e-30
10,117,4.7855772568799225e-30
10,118,2.528573303021688e-30
10,119,2.1191484765655247e-30
10,120,2.5428609427927467e-30
10,121,2.7700002984940647e-30
10,122,6.320987399913718e-30
10,123,1.5641968454743035e-30
10,124,1.929645727698491e-30
10,125,4.436391275218768e-30
10,126,3.8367811415810525e-30
10,127,1.0129276476577019e-30
10,128,2.549663314376537e-30
10,129,1.2078459888882055e-15
10,130,6.441186602282299e-30
10,131,2.8632671176939803e-15
10,132,3.86537341034964e-30
10,133,3.27567049517556e-30
10,134,1.9643775103702986e-30
10,135,7.905468151562294e-16
10,136,6.116893685872315e-30
10,137,9.450949201457182e-31
10,138,4.764850487066289e-31
10,139,2.211284337052165e-30
10,140,2.136489089828013e-30
10,141,3.208249054960019e-30
10,142,3.688332423644617e-30
10,143,2.9288360367542863e-30
10,144,1.9630878749618813e-30
10,145,2.2878862727225752e-30
10,146,1.3788160125097388e-15
10,147,5.830911636777596e-30
10,148,2.0392720269612093e-30
10,149,2.4270783271749113e-30
11,12,2.6513768774283832e-30
11,13,2.8122753938191707e-30
11,14,4.376515378180122e-30
11,15,3.9205055241654666e-30
11,16,3.4189547439955504e-30
11,17,1.0190972512632496e-29
11,18,7.598450025919697e-30
11,19,3.329692582354336e-30
11,20,2.518646702234597e-30
11,21,2.118644704346337e-30
11,22,3.584423325450021e-30
11,23,4.208743871822546e-30
11,24,4.55162919348566e-30
11,25,5.89188250297537e-30
11,26,2.266558418847283e-30
11,27,3.988024372027456e-30
11,28,7.305348008875741e-31
11,29,3.4187812657202935e-30
11,30,4.141829681749286e-30
11,31,4.119192121837161e-16
11,32,2.1980103248609723e-30
11,33,2.9124852939548395e-30
11,34,2.1991711808283414e-30
11,35,2.249124087875966e-30
11,36,4.13993273490966e-30
11,37,4.856626109414188e-30
11,38,7.798621259905029e-30
11,39,4.028321694851271e-30
11,40,5.684685458487537e-30
11,41,2.920715781036724e-31
11,42,6.918437079286508e-31
11,43,3.426609170207535e-30
11,44,8.611100778050252e-30
11,45,2.6317773461561235e-30
11,46,5.055840419865624e-30
11,47,3.739787955660551e-30
11,48,8.648846319353807e-30
11,49,4.195950974874578e-30
11,50,4.2365828011711744e-30
11,51,3.933605148814231e-30
11,52,5.559792856005876e-30
11,53,1.2387639300797896e-30
11,54,2.807473349670414e-30
11,55,5.588071545609655e-30
11,56,4.181885666707195e-30
11,57,1.6906367677306794e-30
11,58,5.108375659821101e-30
11,59,1.402682152396924e-30
11,60,7.34372792380556e-30
11,61,3.819665577183808e-30
11,62,2.1571775168369456e-30
11,63,2.977782974703354e-30
11,64,3.764315648668809e-30
11,65,2.2733886548413286e-30
11,66,4.3392242068902164e-30
11,67,3.563600127395372e-30
11,68,5.6376124458272256e-30
11,69,3.612132818124027e-30
11,70,3.398230868686394e-30
11,71,4.9487675894810055e-30
11,72,9.660273077168218e-30
11,73,7.022235529797315e-30
11,74,4.177671593017855e-30
11,75,3.0264320225685066e-30
11,76,1.5948138552214787e-16
11,77,3.568560518887967e-30
11,78,5.53669788140445e-30
11,79,2.678893674651675e-30
11,80,1.0980468938941938e-29
11,81,1.821822393797577e-30
11,82,3.2766791136399154e-30
11,83,4.31876078671962e-30
11,84,2.2377260456559033e-16
11,85,5.570458355414241e-30
11,86,3.3926313864673766e-30
11,87,2.726910595898431e-30
11,88,2.092663414365614e-30
11,89,3.0534765710891026e-30
11,90,3.641223068641273e-30
11,91,3.050053418024138e-30
11,92,3.288518399163242e-30
11,93,4.715174774495166e-30
11,94,3.205887189915091e-30
11,95,2.0873651569678593e-30
11,96,9.59887016141751e-31
11,97,5.711957367149637e-16
11,98,1.9989854806761365e-30
11,99,1.700259135010347e-30
11,100,1.9031425654276926e-30
11,101,4.562161758428464e-30
11,102,1.9899284859439558e-30
11,103,7.613614669055434e-30
11,104,1.5461041300041552e-30
11,105,7.015710776309745e-30
11,106,8.99642273127156e-30
11,107,3.409268400958016e-30
11,108,3.290807351203407e-30
11,109,7.154440211807332e-30
11,110,9.721228302486224e-30
11,111,1.0721748031884432e-30
11,112,5.841431562073447e-31
11,113,6.332239420830323e-30
11,114,6.88157431168785e-30
11,115,3.996855950776213e-30
11,116,6.772541304265478e-30
11,117,3.986704576644197e-30
11,118,2.155607257417166e-30
11,119,2.1722385898883406e-30
11,120,1.59291270031104e-30
11,121,3.49331688863061e-30
11,122,9.428039927069431e-30
11,123,1.4096598305269396e-30
11,124,2.7340042930756235e-30
11,125,3.743482380086777e-30
11,126,3.118877357152984e-30
11,127,2.041991358863349e-30
11,128,2.9721991672054458e-30
11,129,6.491204515692527e-16
11,130,6.257855131409525e-30
11,131,2.630746900626424e-15
11,132,7.328447370276214e-30
11,133,3.220424800005895e-30
11,134,2.2305238453672084e-30
11,135,2.514331927660135e-16
11,136,5.458807178532573e-30
11,137,2.104980902880121e-30
11,138,3.1072041761672637e-31
11,139,2.594595425193872e-30
11,140,3.145703643711423e-30
11,141,5.663679025034503e-30
11,142,2.7420118038281124e-30
11,143,2.5457366552253097e-30
11,144,3.2282056752852674e-30
11,145,4.474795362939441e-30
11,146,2.3439497333248134e-15
11,147,4.6729464555053835e-30
11,148,2.7121952183693466e-30
11,149,3.269791231931439e-30
12,13,3.505453923221558e-30
12,14,2.8431569880285487e-30
12,15,2.217826529465263e-30
12,16,1.049725200979261e-30
12,17,5.2015459250241655e-30
12,18,4.051487448013981e-30
12,19,2.2322778143675754e-30
12,20,2.7752226346043845e-30
12,21,5.403335032515483e-31
12,22,1.3806471456880659e-30
12,23,2.2769303776716172e-30
12,24,3.543297614876282e-30
12,25,3.684083368016099e-30
12,26,1.4822727948628332e-30
12,27,1.4120710905728991e-30
12,28,4.678664333505353e-31
12,29,1.5297718817862306e-30
12,30,3.881112375235518e-30
12,31,2.7401556848966136e-30
12,32,1.586093237611351e-30
12,33,1.4526629969461835e-30
12,34,1.5136719617816226e-30
12,35,1.6185287494911035e-30
12,36,2.1624981658771854e-30
12,37,1.7330736760459004e-30
12,38,4.5042868307796845e-30
12,39,2.4473362508680776e-30
12,40,1.0729077040536785e-30
12,41,1.5806711432499315e-31
12,42,5.810295512740035e-31
12,43,3.36168849765145e-30
12,44,4.0800717578673766e-30
12,45,2.044285435637319e-30
12,46,1.4950507715632234e-30
12,47,4.3201936184768086e-30
12,48,5.1929416874669155e-30
12,49,2.074330081999327e-30
12,50,1.4493437382378776e-30
12,51,2.2387895314140784e-30
12,52,2.4865489028612272e-30
12,53,1.6632491070344645e-30
12,54,2.1954087167357816e-30
12,55,2.5073472572097447e-30
12,56,2.375032452623795e-30
12,57,1.5354168944014749e-30
12,58,2.121828829283643e-30
12,59,1.858156908446366e-30
12,60,2.6934185273272774e-30
12,61,2.7886730472690673e-30
12,62,6.118506117596582e-31
12,63,1.0836702804130229e-30
12,64,3.1417149426466337e-30
12,65,1.2605249391401692e-30
12,66,2.0411112112470373e-30
12,67,2.9826169094474115e-30
12,68,1.665618826562539e-30
12,69,1.5607951099853119e-30
12,70,1.9317712631970345e-30
12,71,2.393361421126698e-30
12,72,3.8733510078685624e-30
12,73,2.559026439570671e-30
12,74,1.0917381119997454e-30
12,75,3.69382386836992e-30
12,76,1.3803383846304561e-30
12,77,2.4200186181084313e-30
12,78,3.3172531603825234e-30
12,79,2.26698631677503e-30
12,80,5.997173569720367e-30
12,81,1.3044642543884027e-30
12,82,1.7319035712046225e-30
12,83,1.1711208570900966e-30
12,84,6.327005445533275e-30
12,85,1.584449751891462e-30
12,86,1.9518878659213004e-30
12,87,3.679167831378472e-30
12,88,1.1062183557643469e-30
12,89,2.1131984506500976e-30
12,90,2.736036502381542e-30
12,91,6.327048051689063e-31
12,92,2.1488034503890443e-30
12,93,2.385312999188532e-30
12,94,1.2111009930049663e-30
12,95,1.7171669532116017e-30
12,96,7.33432830431907e-31
12,97,5.302695275805848e-16
12,98,7.919195195561063e-31
12,99,1.3582514348192705e-30
12,100,1.0502035981546302e-30
12,101,2.6372228776688836e-30
12,102,1.2104877124097747e-30
12,103,1.8156071030008873e-30
12,104,1.6768037719631578e-30
12,105,3.870960471039327e-30
12,106,7.844351556524506e-30
12,107,1.6337568189042e-30
12,108,3.4782705199285525e-30
12,109,2.9093399704113977e-30
12,110,2.320170812816745e-30
12,111,3.996857200938105e-31
12,112,3.161342286499862e-31
12,113,1.7935638666617324e-30
12,114,4.418930348856197e-30
12,115,2.3123580184374567e-30
12,116,3.9340221095785974e-30
12,117,2.7672334790151475e-30
12,118,1.4078470022934618e-30
12,119,9.77890178664077e-31
12,120,2.005901841477451e-30
12,121,1.2863318398191824e-30
12,122,2.4575893116503824e-30
12,123,9.610264322808291e-31
12,124,9.271150626189133e-31
12,125,2.7496029594586828e-30
12,126,2.677898940709357e-30
12,127,9.138119621237637e-31
12,128,1.400367576142365e-30
12,129,4.97282773857798e-16
12,130,4.1572509861903035e-30
12,131,1.4237419943471385e-15
12,132,2.8388182019025824e-30
12,133,2.0379155239578344e-30
12,134,9.992790919901369e-31
12,135,2.35513868802566e-16
12,136,3.0923397466706408e-30
12,137,7.838074984149369e-31
12,138,4.154030509940734e-31
12,139,1.4953178228704311e-30
12,140,1.9561612787101863e-30
12,141,2.117204660992864e-30
12,142,2.1846588361781958e-30
12,143,1.7597457460119148e-30
12,144,1.8041543782229153e-30
12,145,1.414607280435442e-30
12,146,1.282250519018569e-15
12,147,3.274896010978908e-30
12,148,1.9251643411154637e-30
12,149,2.0482236357686387e-30
13,14,3.0234237136785842e-30
13,15,2.275452351321999e-30
13,16,1.1536205585868213e-30
13,17,5.349094402871024e-30
13,18,4.203976069805666e-30
13,19,2.277112291284695e-30
13,20,2.920939800961247e-30
13,21,6.612374761382768e-31
13,22,1.484706239967379e-30
13,23,2.5376709150334724e-30
13,24,3.4520963097909375e-30
13,25,3.678453616198492e-30
13,26,1.4397511243112376e-30
13,27,1.3855065726560439e-30
13,28,4.732720618345651e-31
13,29,1.6993898675123056e-30
13,30,3.853219899993844e-30
13,31,2.026658958226467e-16
13,32,1.716698467199929e-30
13,33,1.4186132956903625e-30
13,34,1.5236209651339634e-30
13,35,1.6095525483874084e-30
13,36,2.3642460516516468e-30
13,37,1.691317354352745e-30
13,38,4.492742646509047e-30
13,39,2.6707738214496467e-30
13,40,1.1868992697963793e-30
13,41,1.6152403589589772e-31
13,42,5.932308569787031e-31
13,43,3.491242947955916e-30
13,44,4.056584519029389e-30
13,45,2.055623744632604e-30
13,46,1.5998312884101814e-30
13,47,4.246492574078851e-30
13,48,5.600090774046186e-30
13,49,2.2636402411803086e-30
13,50,1.5457683570718954e-30
13,51,2.243903153429072e-30
13,52,2.641193014555702e-30
13,53,1.731508529165469e-30
13,54,2.0396681393520047e-30
13,55,2.4287448998434233e-30
13,56,2.3296133833665407e-30
13,57,1.6565383888415157e-30
13,58,2.333446718603319e-30
13,59,1.8577793646078745e-30
13,60,2.703426740273924e-30
13,61,2.7526739576836955e-30
13,62,6.6846530645993055e-31
13,63,1.0632372887741656e-30
13,64,3.254125125870295e-30
13,65,1.2897250592444635e-30
13,66,2.020295636245118e-30
13,67,3.272210184586046e-30
13,68,1.8748353065872104e-30
13,69,1.6762960050686558e-30
13,70,2.0086260075749484e-30
13,71,2.611206133163103e-30
13,72,3.927289951053788e-30
13,73,2.6959841310764666e-30
13,74,1.2166309849058772e-30
13,75,3.663434193403688e-30
13,76,1.1443918280278436e-16
13,77,2.5774102692788637e-30
13,78,3.398568840026966e-30
13,79,2.2893664144796075e-30
13,80,6.173926852282285e-30
13,81,1.2504813736236312e-30
13,82,1.9274239014877353e-30
13,83,1.22619200585269e-30
13,84,1.3964271447767995e-16
13,85,1.4929935378176535e-30
13,86,2.0032491228523458e-30
13,87,3.806249177622179e-30
13,88,9.95327003185678e-31
13,89,2.2292881451357064e-30
13,90,2.7636449965521307e-30
13,91,7.281729804989435e-31
13,92,2.2931221844658588e-30
13,93,2.518164985335432e-30
13,94,1.376670253548316e-30
13,95,1.756628636146129e-30
13,96,7.4852744706210876e-31
13,97,3.489694973954315e-16
13,98,8.538456479842002e-31
13,99,1.4065069913009978e-30
13,100,1.000833984281208e-30
13,101,2.690464044245248e-30
13,102,1.2634830842855696e-30
13,103,1.949636165573354e-30
13,104,1.495849182207007e-30
13,105,3.806200871221526e-30
13,106,7.318412873500853e-30
13,107,1.6509829716739442e-30
13,108,3.42990907472047e-30
13,109,3.044595929546613e-30
13,110,2.6409688617800413e-30
13,111,4.560041431742157e-31
13,112,3.230480717917954e-31
13,113,1.990863168845497e-30
13,114,4.679976710486359e-30
13,115,2.4241873958666058e-30
13,116,3.9328133584789364e-30
13,117,2.777417816282176e-30
13,118,1.4399842940724518e-30
13,119,1.0009991148477102e-30
13,120,2.0749892218790607e-30
13,121,1.2536034908485562e-30
13,122,2.4462581081412083e-30
13,123,9.910940291290526e-31
13,124,9.24294524793964e-31
13,125,2.8189158905335707e-30
13,126,2.8319357225070507e-30
13,127,1.0809270038589605e-30
13,128,1.5214166101148392e-30
13,129,3.8623244210454415e-16
13,130,4.267326249435414e-30
13,131,1.4548791757442877e-15
13,132,2.9847104354594705e-30
13,133,1.9015162527021395e-30
13,134,9.40422810251742e-31
13,135,3.666796752514844e-16
13,136,3.1037790558196825e-30
13,137,9.468681428849197e-31
13,138,4.301806993946333e-31
13,139,1.5407209195259565e-30
13,140,2.1098744003220608e-30
13,141,2.1820887466696355e-30
13,142,2.2993887872031334e-30
13,143,1.7983132052912425e-30
13,144,1.822973322494903e-30
13,145,1.6825788760105715e-30
13,146,1.372359863371735e-15
13,147,3.346164316673618e-30
13,148,2.0623628343011366e-30
13,149,2.263090574453013e-30
14,15,2.4829055215977756e-30
14,16,1.3225202442593078e-30
14,17,6.160622560588718e-30
14,18,4.597378437815247e-30
14,19,1.7371600834167334e-30
14,20,2.3355551329061142e-30
14,21,9.331264024036004e-31
14,22,1.4804914525469458e-30
14,23,2.5812894729151825e-30
14,24,3.176639040306173e-30
14,25,3.508138073633886e-30
14,26,1.3908459392659386e-30
14,27,1.5916655344493852e-30
14,28,3.9423258012365872e-31
14,29,1.4129614721395061e-30
14,30,2.965216760514709e-30
14,31,1.8712184860986038e-30
14,32,1.5360453452070496e-30
14,33,1.2166737540865916e-30
14,34,1.1958531507235842e-30
14,35,1.3517073298709113e-30
14,36,1.976058530396546e-30
14,37,2.1410918371787127e-30
14,38,4.6608973326823285e-30
14,39,2.172606717964427e-30
14,40,2.2211803932929147e-30
14,41,1.7880473006952358e-31
14,42,5.591669917223411e-31
14,43,2.974314946528514e-30
14,44,3.322793451325579e-30
14,45,1.8922516667344225e-30
14,46,1.907192300507256e-30
14,47,3.5760468121561316e-30
14,48,4.5627160049499576e-30
14,49,2.5548800128911876e-30
14,50,2.013500094723715e-30
14,51,2.3490792530386115e-30
14,52,2.947313037315507e-30
14,53,1.4268913593378804e-30
14,54,1.7279290652816865e-30
14,55,2.838199098114372e-30
14,56,2.155665919789369e-30
14,57,1.5427289166959117e-30
14,58,2.0742436802722927e-30
14,59,1.5097040607704085e-30
14,60,3.496521262127608e-30
14,61,2.190331546262077e-30
14,62,8.052599112523091e-31
14,63,1.1024509951911547e-30
14,64,2.4730941167393118e-30
14,65,1.2098535792600188e-30
14,66,2.339406740127092e-30
14,67,2.7728356776361357e-30
14,68,2.1208558879063035e-30
14,69,1.400883451478721e-30
14,70,1.82084337214398e-30
14,71,2.2887906145722078e-30
14,72,4.880782778857752e-30
14,73,3.562092730199754e-30
14,74,1.5573814621032554e-30
14,75,2.9415090732675934e-30
14,76,1.2032914827141377e-30
14,77,2.0558142870563105e-30
14,78,3.440779275394902e-30
14,79,2.07019369275463e-30
14,80,6.446707487443897e-30
14,81,9.467787681347082e-31
14,82,2.08321250083161e-30
14,83,1.882745218318018e-30
14,84,4.582356540725193e-30
14,85,1.9712257676273935e-30
14,86,2.1053631133735556e-30
14,87,2.971254628342286e-30
14,88,8.80581151071567e-31
14,89,2.141035878940528e-30
14,90,2.5709788686206333e-30
14,91,1.2730678231934604e-30
14,92,2.3367527156564036e-30
14,93,2.101084229267179e-30
14,94,1.5627030353256859e-30
14,95,1.59958091464503e-30
14,96,7.278899243114257e-31
14,97,3.345093866678461e-16
14,98,9.55188315495484e-31
14,99,1.1119741439740453e-30
14,100,1.0711445853768852e-30
14,101,2.636264071941037e-30
14,102,9.738418239612972e-31
14,103,2.984926784124773e-30
14,104,1.0922581864756186e-30
14,105,4.1884696491330626e-30
14,106,6.389207034646973e-30
14,107,1.6232830300205616e-30
14,108,2.759341413082589e-30
14,109,3.5498320068534614e-30
14,110,3.65700616319548e-30
14,111,4.324652238543648e-31
14,112,3.57609460139047e-31
14,113,2.4068817068004182e-30
14,114,3.796409599767617e-30
14,115,2.3392503138247983e-30
14,116,4.1483632672078645e-30
14,117,2.7191588293445872e-30
14,118,1.4402553802824186e-30
14,119,1.1834509091234273e-30
14,120,1.5323588442651713e-30
14,121,1.5595556648827084e-30
14,122,3.683702248471125e-30
14,123,9.359695807925174e-31
14,124,1.1017995170906517e-30
14,125,2.5843534486015905e-30
14,126,2.4459051141458995e-30
14,127,9.208925022557802e-31
14,128,1.4436279032356115e-30
14,129,4.0792198665315483e-16
14,130,3.7282984474835394e-30
14,131,1.6105298314263773e-15
14,132,2.787603212601549e-30
14,133,1.8504295687239083e-30
14,134,1.1023364596138642e-30
14,135,3.1678569292792174e-16
14,136,3.3924180466200144e-30
14,137,8.651019406271898e-31
14,138,3.337436579246572e-31
14,139,1.3293628623630942e-30
14,140,1.7284486136001544e-30
14,141,2.184701824006027e-30
14,142,2.1870911100713137e-30
14,143,1.5774030660974425e-30
14,144,1.5175149528133939e-30
14,145,1.8288524095632768e-30
14,146,1.165073141396765e-15
14,147,3.219503139369246e-30
14,148,1.5912675582818938e-30
14,149,1.776733852331225e-30
15,16,1.0318615005316822e-30
15,17,5.89440766913152e-30
15,18,4.28186186532993e-30
15,19,1.2012090135878008e-30
15,20,1.2786367228275175e-30
15,21,7.995031033404762e-31
15,22,1.3773838541270661e-30
15,23,2.3260127170140156e-30
15,24,3.031992834938179e-30
15,25,3.370966208048238e-30
15,26,1.3380755402016734e-30
15,27,1.4300175039847194e-30
15,28,3.5544684290443157e-31
15,29,1.1870614466142605e-30
15,30,2.1682968032454733e-30
15,31,1.6081615043307318e-30
15,32,1.2953005189123722e-30
15,33,8.936209595195816e-31
15,34,1.0528715733923111e-30
15,35,1.2200474742385043e-30
15,36,6.754765777307969e-31
15,37,2.1141687513639564e-30
15,38,4.523531027373592e-30
15,39,6.235475182786387e-31
15,40,1.8815942463781286e-30
15,41,1.7057260344496161e-31
15,42,5.054945554140359e-31
15,43,2.543107064887906e-30
15,44,3.1922377020457254e-30
15,45,1.709658261607189e-30
15,46,1.6195655629701864e-30
15,47,3.0888763142275025e-30
15,48,1.5420876853352468e-30
15,49,2.3199956850156494e-30
15,50,1.8770717704672457e-30
15,51,2.2500590683634965e-30
15,52,2.6748114542734317e-30
15,53,1.0667555410523077e-30
15,54,1.6303879080275346e-30
15,55,2.8230439282785978e-30
15,56,2.0609525961630584e-30
15,57,1.29728170005995e-30
15,58,1.1565607584595852e-30
15,59,1.2244724450285361e-30
15,60,3.442216249198046e-30
15,61,1.8897414720490403e-30
15,62,6.2424858977409764e-31
15,63,8.414276981530672e-31
15,64,1.622489903256732e-30
15,65,1.1447450256353394e-30
15,66,2.2889917598049608e-30
15,67,2.0685271634295365e-30
15,68,1.7806513435638872e-30
15,69,8.38753307305291e-31
15,70,1.5636910885151856e-30
15,71,5.2283443871640325e-31
15,72,4.736646227135933e-30
15,73,3.389648545256054e-30
15,74,1.0615799450367543e-30
15,75,2.376977603325263e-30
15,76,1.3271346239094463e-30
15,77,1.125526461265324e-30
15,78,3.278836546350162e-30
15,79,1.8583858628990876e-30
15,80,6.0370288290652936e-30
15,81,6.736301804552018e-31
15,82,1.7276915660151147e-30
15,83,1.719375807705009e-30
15,84,4.256655049191245e-30
15,85,1.734708818701833e-30
15,86,1.9491246704373873e-30
15,87,2.0080352137746538e-30
15,88,5.12030988954973e-31
15,89,1.914031155534869e-30
15,90,2.2750983123526294e-30
15,91,9.667066636304143e-31
15,92,2.1324538023383153e-30
15,93,1.9817233094364922e-30
15,94,1.2453069438002328e-30
15,95,1.4422866889223671e-30
15,96,6.684441064496661e-31
15,97,3.6229756433649896e-30
15,98,9.06077346277342e-31
15,99,9.304675572069462e-31
15,100,1.0665226431459464e-30
15,101,2.372272719176007e-30
15,102,7.097684126407589e-31
15,103,1.7698659337846708e-30
15,104,9.515858782407247e-31
15,105,4.178113836682508e-30
15,106,6.048423875349722e-30
15,107,1.608907009744157e-30
15,108,2.293493407616417e-30
15,109,3.4427125954310746e-30
15,110,2.4034309283821947e-30
15,111,3.4548364073873965e-31
15,112,3.411452068899232e-31
15,113,1.13367748219892e-30
15,114,2.6573056526566752e-30
15,115,2.1200229987208452e-30
15,116,4.0096914660392036e-30
15,117,2.5668211211569367e-30
15,118,1.3415063841586623e-30
15,119,1.1388222002159897e-30
15,120,1.0250247565092944e-30
15,121,1.5405429238517665e-30
15,122,3.100738677876257e-30
15,123,8.11226259305417e-31
15,124,1.072636811950503e-30
15,125,2.2770758226870286e-30
15,126,1.9310056329307517e-30
15,127,4.803607532636399e-31
15,128,1.367043907307097e-30
15,129,6.095177489395182e-16
15,130,3.431500887420506e-30
15,131,1.5363814266286896e-15
15,132,2.0714337339795354e-30
15,133,1.8575029959449214e-30
15,134,1.1168568406393455e-30
15,135,1.521401832300818e-30
15,136,3.243442473738868e-30
15,137,3.6451181467166735e-31
15,138,2.0593156185516493e-31
15,139,1.2181155288668272e-30
15,140,1.021627852460933e-30
15,141,1.3868084065585325e-30
15,142,1.863495965749424e-30
15,143,1.5602966063050575e-30
15,144,1.0504684153516278e-30
15,145,1.277940360139305e-30
15,146,2.0955000055363688e-16
15,147,3.0892650801744623e-30
15,148,7.3991026658635265e-31
15,149,1.1766777934846616e-30
16,17,2.8696498326743017e-30
16,18,1.8487349457221317e-30
16,19,1.4144458136492868e-30
16,20,1.32739325804811e-30
16,21,7.283506762575965e-31
16,22,1.2529345432837825e-30
16,23,1.3996357197638198e-30
16,24,1.0810716757091078e-30
16,25,1.5606653500826266e-30
16,26,5.667395440892696e-31
16,27,1.348866461084834e-30
16,28,2.7836724492301773e-31
16,29,1.229985823258349e-30
16,30,1.950775800615989e-30
16,31,1.1816510524180763e-16
16,32,6.988148928621574e-31
16,33,1.1553601216051878e-30
16,34,8.390901280035523e-31
16,35,7.358426716799357e-31
16,36,1.7096142851920274e-30
16,37,1.504623174874028e-30
16,38,1.8979044103431376e-30
16,39,1.7824441621193303e-30
16,40,1.8882572355440286e-30
16,41,7.308390285822101e-32
16,42,1.7565213410411915e-31
16,43,1.421445934478629e-30
16,44,3.284010398754566e-30
16,45,7.007339287049948e-31
16,46,1.7836878855222065e-30
16,47,1.0334569364349143e-30
16,48,3.877792114859329e-30
16,49,1.1360128438441654e-30
16,50,1.1931650569810379e-30
16,51,9.427482773638828e-31
16,52,1.4932635531476654e-30
16,53,5.659233513962455e-31
16,54,1.0329967221376623e-30
16,55,1.3425952720979862e-30
16,56,1.0996579689372664e-30
16,57,5.400325700740695e-31
16,58,1.9989351226903417e-30
16,59,5.653276783876241e-31
16,60,2.2085883952741797e-30
16,61,1.4683595865898439e-30
16,62,7.631458817688645e-31
16,63,1.0951611319217169e-30
16,64,1.7707292720123272e-30
16,65,7.05769041384264e-31
16,66,1.0549936027541992e-30
16,67,1.4130889991197991e-30
16,68,2.2050268541873655e-30
16,69,1.4496525319357386e-30
16,70,1.2371161395670818e-30
16,71,2.091197508148606e-30
16,72,2.5446767308915023e-30
16,73,2.0354063760517374e-30
16,74,1.5039353788287587e-30
16,75,1.2907917245616067e-30
16,76,1.463495838129757e-30
16,77,1.619237381745307e-30
16,78,1.5481150027129577e-30
16,79,7.132922483997038e-31
16,80,3.0742747932993115e-30
16,81,8.289863407353726e-31
16,82,9.927581182900276e-31
16,83,1.3362084694980365e-30
16,84,2.4887085060305332e-30
16,85,1.8377577869780964e-30
16,86,8.114541417876232e-31
16,87,1.5316722354351993e-30
16,88,9.178949319771892e-31
16,89,7.902015258348042e-31
16,90,7.392328871958768e-31
16,91,1.152157483703677e-30
16,92,1.0274165262137734e-30
16,93,1.584518447023924e-30
16,94,1.066647248455553e-30
16,95,5.492783174007322e-31
16,96,2.379756660290463e-31
16,97,3.692639165456274e-16
16,98,5.890283646396573e-31
16,99,6.564768194749282e-31
16,100,3.9533469667276615e-31
16,101,1.4359907930683833e-30
16,102,8.11369081636716e-31
16,103,3.0083066017178024e-30
16,104,7.994683879909134e-31
16,105,1.831890309978305e-30
16,106,2.059829388068585e-30
16,107,1.1402246563230292e-30
16,108,1.5112273883255816e-30
16,109,2.2622577370375757e-30
16,110,3.54675889378373e-30
16,111,3.821943490963398e-31
16,112,1.46167805716442e-31
16,113,2.429628884716408e-30
16,114,2.8380959668798197e-30
16,115,1.1385772568194758e-30
16,116,1.6197790029702563e-30
16,117,9.87153167220363e-31
16,118,5.787761285190323e-31
16,119,5.746230843405683e-31
16,120,1.3319716303054258e-30
16,121,9.77726100476603e-31
16,122,3.370392003218062e-30
16,123,3.940810852122702e-31
16,124,8.603304149001763e-31
16,125,1.1325089753263422e-30
16,126,9.962491201086495e-31
16,127,7.826577208960883e-31
16,128,8.56164378871391e-31
16,129,5.238750013840899e-16
16,130,2.097472066793988e-30
16,131,6.582812753581315e-16
16,132,2.7478501045592198e-30
16,133,6.081854926457146e-31
16,134,4.943132782015701e-31
16,135,4.811411220373346e-16
16,136,1.3699232772298178e-30
16,137,7.875223573933528e-31
16,138,1.7314326815736012e-31
16,139,1.0497468699832852e-30
16,140,1.2587829096106713e-30
16,141,2.205538757257347e-30
16,142,7.64320560154498e-31
16,143,8.51302519903406e-31
16,144,1.3206275956141768e-30
16,145,1.596789378012009e-30
16,146,1.0319888265530323e-15
16,147,1.3135121813245101e-30
16,148,1.240001128411676e-30
16,149,1.3160453000076635e-30
17,18,1.063344182941731e-29
17,19,2.891709067522565e-30
17,20,2.8158234045346886e-30
17,21,2.1435144645302585e-30
17,22,3.560172259367129e-30
17,23,5.8714124826761614e-30
17,24,7.371155845000799e-30
17,25,8.292181928444607e-30
17,26,3.268928735767424e-30
17,27,3.6065827630187215e-30
17,28,8.826047921244377e-31
17,29,3.0123080600093178e-30
17,30,5.179471020803333e-30
17,31,3.721025344455583e-30
17,32,3.185214535543411e-30
17,33,2.1997331072540618e-30
17,34,2.4366171990242266e-30
17,35,2.983499679072613e-30
17,36,1.6426002751469372e-30
17,37,5.345591958113184e-30
17,38,1.117287690000546e-29
17,39,1.0508729751458777e-30
17,40,5.0047117127890366e-30
17,41,4.239006370941449e-31
17,42,1.2270572337094346e-30
17,43,6.1540443640617746e-30
17,44,8.119351110093286e-30
17,45,4.1600230124657905e-30
17,46,4.314433459972166e-30
17,47,7.317634981310414e-30
17,48,3.0134848120003894e-30
17,49,5.844247998388096e-30
17,50,4.759748228621364e-30
17,51,5.5542981902439554e-30
17,52,6.730306825531921e-30
17,53,2.506285577181153e-30
17,54,3.951897999914288e-30
17,55,6.978724593678989e-30
17,56,5.058526336934925e-30
17,57,3.1457393487139254e-30
17,58,3.116199839198119e-30
17,59,2.8826081017696425e-30
17,60,8.72092278999404e-30
17,61,4.5790553643924334e-30
17,62,1.6500520215522773e-30
17,63,2.1236997983294953e-30
17,64,3.756271453146358e-30
17,65,2.8447435963689866e-30
17,66,5.6875738265878275e-30
17,67,5.008954742198864e-30
17,68,4.6864918863884936e-30
17,69,2.1701843923513084e-30
17,70,3.994827648495639e-30
17,71,1.2178057326326025e-30
17,72,1.1915154115618314e-29
17,73,8.636663682216314e-30
17,74,2.851984918290216e-30
17,75,5.6275300880186615e-30
17,76,2.9848744692647083e-30
17,77,2.718279413467043e-30
17,78,8.118414296246351e-30
17,79,4.5069486640292434e-30
17,80,1.5071360460021626e-29
17,81,1.6312353806200723e-30
17,82,4.406485380471248e-30
17,83,4.461856193182565e-30
17,84,1.0132938962791834e-29
17,85,4.201771838479972e-30
17,86,4.843466881971307e-30
17,87,4.5602563054886706e-30
17,88,1.1981390645256399e-30
17,89,4.6978168900550086e-30
17,90,5.530835572572814e-30
17,91,2.5850729252230907e-30
17,92,5.279704218289767e-30
17,93,4.926615167815701e-30
17,94,3.290466110218337e-30
17,95,3.503300886025279e-30
17,96,1.6313058725529307e-30
17,97,1.9229626863835488e-16
17,98,2.3015164234504264e-30
17,99,2.233651427601633e-30
17,100,2.6033760541932563e-30
17,101,5.9794645531462964e-30
17,102,1.740163909453848e-30
17,103,5.3922203053002175e-30
17,104,2.2245994140555784e-30
17,105,1.0244706320358045e-29
17,106,1.44939143478509e-29
17,107,4.0413501779719255e-30
17,108,5.502392690496611e-30
17,109,8.746953716985826e-30
17,110,6.773377438065491e-30
17,111,8.92327684360071e-31
17,112,8.478012741882896e-31
17,113,3.391955708474293e-30
17,114,6.602742208893623e-30
17,115,5.2641418891731555e-30
17,116,9.903831598828915e-30
17,117,6.2973643149927444e-30
17,118,3.3107559710867146e-30
17,119,2.857264236871157e-30
17,120,2.30405011373371e-30
17,121,3.8431127549729095e-30
17,122,8.260468578939722e-30
17,123,2.0017258544286683e-30
17,124,2.702844805420617e-30
17,125,5.61375471339898e-30
17,126,4.5944787505970844e-30
17,127,1.2067806469703897e-30
17,128,3.405514686352581e-30
17,129,1.1190351423617478e-15
17,130,8.424618101437567e-30
17,131,3.818157502518615e-15
17,132,5.3506351543842246e-30
17,133,4.460397393628714e-30
17,134,2.7359347503489505e-30
17,135,2.6910063914464266e-16
17,136,8.049168381740144e-30
17,137,8.043985527007541e-31
17,138,4.532986097322179e-31
17,139,3.069055177255327e-30
17,140,2.4812030288723597e-30
17,141,3.8118447848697565e-30
17,142,4.576285829524826e-30
17,143,3.828254667065686e-30
17,144,2.6703393121487928e-30
17,145,3.229121868828199e-30
17,146,3.916020579897823e-16
17,147,7.55241293531498e-30
17,148,1.595310976782519e-30
17,149,2.7629088593568128e-30
18,19,2.1791201853019287e-30
18,20,2.3685530426586247e-30
18,21,1.5471694363971423e-30
18,22,2.554992706833186e-30
18,23,4.143384680182651e-30
18,24,5.340907468722044e-30
18,25,6.033989107655734e-30
18,26,2.435940809637183e-30
18,27,2.62393562562296e-30
18,28,6.422156111097572e-31
18,29,2.4904828991042986e-30
18,30,3.8557579020791246e-30
18,31,9.334363910943914e-16
18,32,2.3732107103843738e-30
18,33,1.7177183548204808e-30
18,34,2.0426200548794292e-30
18,35,2.1979657673413567e-30
18,36,1.2197492245093023e-30
18,37,3.7807525238473e-30
18,38,8.146176797116218e-30
18,39,1.1242862288155065e-30
18,40,3.6120818647566586e-30
18,41,3.111267102718957e-31
18,42,9.115162834193012e-31
18,43,4.512976244178639e-30
18,44,5.8622119137991555e-30
18,45,3.1541493476641787e-30
18,46,3.375744964171713e-30
18,47,5.565873626272877e-30
18,48,2.371835545135116e-30
18,49,4.2521489141661744e-30
18,50,3.558064515528477e-30
18,51,4.1128859877457006e-30
18,52,5.061170444290627e-30
18,53,1.915141032762115e-30
18,54,2.9806279965460755e-30
18,55,5.1739115787361715e-30
18,56,3.754789512052762e-30
18,57,2.329851036244008e-30
18,58,2.190247574276382e-30
18,59,2.1970208270365025e-30
18,60,6.092997337291794e-30
18,61,3.480587982530682e-30
18,62,1.1854609117025266e-30
18,63,1.602527239128091e-30
18,64,2.8143381631662216e-30
18,65,2.087105137371569e-30
18,66,4.198234573491365e-30
18,67,3.8058281720966784e-30
18,68,3.270255509133127e-30
18,69,1.4751206357893384e-30
18,70,2.836812287753486e-30
18,71,1.1654324499085345e-30
18,72,8.722922565338735e-30
18,73,6.257987847744659e-30
18,74,2.0633205796561403e-30
18,75,4.189211394737739e-30
18,76,4.977900777247399e-16
18,77,1.843443999738211e-30
18,78,5.909187381244876e-30
18,79,3.366220452826798e-30
18,80,1.0994034616887476e-29
18,81,1.2265864072097147e-30
18,82,3.350836183513972e-30
18,83,3.268831878792125e-30
18,84,4.847303020287368e-16
18,85,3.170541725362563e-30
18,86,3.60817974390372e-30
18,87,3.540078931126108e-30
18,88,9.47662209838131e-31
18,89,3.495411091392016e-30
18,90,4.272660931044164e-30
18,91,1.6699778816244056e-30
18,92,3.832626546271244e-30
18,93,3.618161541145894e-30
18,94,2.65665747082755e-30
18,95,2.5828250022967514e-30
18,96,1.208220150710238e-30
18,97,2.2377260456559014e-16
18,98,1.664848279019927e-30
18,99,1.622870847783219e-30
18,100,1.9459913174670667e-30
18,101,4.436604402499322e-30
18,102,1.2830819073191135e-30
18,103,3.6030585957381084e-30
18,104,1.6485015202225442e-30
18,105,7.435739335781888e-30
18,106,1.1044549794832271e-29
18,107,2.8544987465320343e-30
18,108,4.099628296294933e-30
18,109,6.244124842079905e-30
18,110,4.776114615397181e-30
18,111,6.218473695194036e-31
18,112,6.222534205437913e-31
18,113,2.4958408741449925e-30
18,114,4.825061147495078e-30
18,115,4.096731801532719e-30
18,116,7.139921514263959e-30
18,117,4.620492412472591e-30
18,118,2.431260022467025e-30
18,119,2.088456004514847e-30
18,120,2.1354701810185034e-30
18,121,2.8216913549107387e-30
18,122,5.8111615551574324e-30
18,123,1.531862895928868e-30
18,124,1.9739286253344704e-30
18,125,4.12906596488916e-30
18,126,3.761836907351456e-30
18,127,7.789965306957155e-31
18,128,2.5009499307409416e-30
18,129,3.0222049502402133e-16
18,130,6.1541906340023966e-30
18,131,2.8023802728910367e-15
18,132,3.655287631669192e-30
18,133,3.3741565700920144e-30
18,134,2.043650466838574e-30
18,135,4.464680831191407e-16
18,136,5.938558972313137e-30
18,137,6.377377653971535e-31
18,138,3.63160168201546e-31
18,139,2.1742594056044405e-30
18,140,1.8418572404799364e-30
18,141,2.7315495169547877e-30
18,142,3.37845487944602e-30
18,143,2.623139672640604e-30
18,144,1.827044846626697e-30
18,145,2.2198458452793945e-30
18,146,5.462478683677814e-16
18,147,5.40414055109649e-30
18,148,1.2763647693721166e-30
18,149,2.1247546468537894e-30
19,20,2.1939000549033115e-30
19,21,6.7020258082099695e-31
19,22,1.3467764307810733e-30
19,23,1.4751257497277353e-30
19,24,1.9655879662983986e-30
19,25,2.0782979749101714e-30
19,26,7.884975201659322e-31
19,27,1.500105519438841e-30
19,28,3.5756126695700555e-31
19,29,1.5225494432332995e-30
19,30,2.9803505165940395e-30
19,31,2.0228519524043096e-30
19,32,1.0404394267919e-30
19,33,1.4203211503389874e-30
19,34,1.0974089272127557e-30
19,35,1.0809571971794196e-30
19,36,2.3082867416722764e-30
19,37,1.4443760391990651e-30
19,38,2.3711378345355904e-30
19,39,2.4918017713216568e-30
19,40,1.861978841899552e-30
19,41,8.601988819966766e-32
19,42,3.1591441855170497e-31
19,43,2.1418600348785123e-30
19,44,3.809965946121215e-30
19,45,1.184219176457285e-30
19,46,1.8458827948395693e-30
19,47,2.5310458843413615e-30
19,48,5.339086946532339e-30
19,49,1.1442150867336246e-30
19,50,1.0945463122548405e-30
19,51,1.179627569923481e-30
19,52,1.381433475244943e-30
19,53,1.1091139296522103e-30
19,54,1.3368662435601026e-30
19,55,1.459615097778853e-30
19,56,1.4013814008945446e-30
19,57,8.941507851933441e-31
19,58,2.4752021880175894e-30
19,59,1.1891638932584674e-30
19,60,1.94449501380762e-30
19,61,2.0151292123742227e-30
19,62,8.367946863667447e-31
19,63,1.2433918838486748e-30
19,64,2.648776037573502e-30
19,65,8.427110026656022e-31
19,66,1.160274324962335e-30
19,67,2.1720256743136706e-30
19,68,2.175093334842069e-30
19,69,1.775055405971935e-30
19,70,1.3882423560142142e-30
19,71,2.7313380681665295e-30
19,72,2.4455181412704826e-30
19,73,1.7627381996549118e-30
19,74,1.6537259911284707e-30
19,75,2.4550827936496397e-30
19,76,1.0088080301531856e-30
19,77,2.2529775604339087e-30
19,78,1.7801977006301583e-30
19,79,1.2780954640221614e-30
19,80,3.1788762301573825e-30
19,81,1.1184539904445049e-30
19,82,8.954216297842521e-31
19,83,1.198352602880441e-30
19,84,4.36528339011828e-30
19,85,2.006214099095958e-30
19,86,1.0187372360426202e-30
19,87,2.7131257901757567e-30
19,88,1.1101746089078605e-30
19,89,1.1805479534809815e-30
19,90,1.4460012716987463e-30
19,91,1.091379245735012e-30
19,92,1.1752055166126331e-30
19,93,1.989815976737168e-30
19,94,8.725420354191305e-31
19,95,1.0088683723306656e-30
19,96,3.9210963301123735e-31
19,97,2.232329595709494e-30
19,98,5.890606287879937e-31
19,99,1.0241334340615242e-30
19,100,5.6183407989521095e-31
19,101,1.5633546605347277e-30
19,102,1.0989082796138977e-30
19,103,3.0941011762330457e-30
19,104,1.1850293304384773e-30
19,105,2.0977417668548494e-30
19,106,4.313113024776201e-30
19,107,1.1999354828329957e-30
19,108,2.396676805291047e-30
19,109,2.0403829795910642e-30
19,110,3.80796417120768e-30
19,111,4.337998683014915e-31
19,112,1.7203977639933528e-31
19,113,2.7390369256987054e-30
19,114,3.81464084605217e-30
19,115,1.3470926706522175e-30
19,116,2.0866247365535748e-30
19,117,1.4761066510920195e-30
19,118,7.555065893472093e-31
19,119,5.661298993866378e-31
19,120,1.452114348721577e-30
19,121,9.489985987006997e-31
19,122,3.340069924677243e-30
19,123,5.507199464030536e-31
19,124,8.498001511122736e-31
19,125,1.6953589273548814e-30
19,126,1.6662132257353342e-30
19,127,1.0313745613366115e-30
19,128,1.0427340367615533e-30
19,129,3.8157607864706997e-16
19,130,2.860821244768554e-30
19,131,7.747982728849504e-16
19,132,3.2598607266322524e-30
19,133,1.0524697055972895e-30
19,134,5.899649158124792e-31
19,135,9.114062380312306e-31
19,136,1.658520457061844e-30
19,137,1.0003909375053277e-30
19,138,3.1075090087739446e-31
19,139,1.0542494346831975e-30
19,140,1.784449466405819e-30
19,141,2.5499912910548143e-30
19,142,1.236716607676565e-30
19,143,1.2015082526080569e-30
19,144,1.6873247901239587e-30
19,145,1.8068523803641346e-30
19,146,1.3855565555274892e-15
19,147,1.8754601252630702e-30
19,148,1.789090277517664e-30
19,149,1.8523073013105705e-30
20,21,6.0827050336757345e-31
20,22,1.4658896787598674e-30
20,23,1.8972946552085064e-30
20,24,2.3145148340090046e-30
20,25,2.6052444992163178e-30
20,26,9.334646569212686e-31
20,27,1.4489066258467742e-30
20,28,4.104249667911954e-31
20,29,1.8757623283020464e-30
20,30,3.45277074816255e-30
20,31,3.6168990974128777e-16
20,32,1.4221581974699901e-30
20,33,1.5483507252137422e-30
20,34,1.3986090653816865e-30
20,35,1.2755840641399638e-30
20,36,2.4952684164934163e-30
20,37,1.385165598575412e-30
20,38,2.5859880266049186e-30
20,39,2.798567056731162e-30
20,40,1.5588918150315404e-30
20,41,8.637811903654919e-32
20,42,3.9304037405244032e-31
20,43,2.689628882282965e-30
20,44,3.9685191489538774e-30
20,45,1.673178825387729e-30
20,46,1.8689920445539103e-30
20,47,3.1084338541094228e-30
20,48,5.854834227631158e-30
20,49,1.3986674202339267e-30
20,50,9.882283048030884e-31
20,51,1.3498520996852194e-30
20,52,1.3623902507826269e-30
20,53,1.4191508634152452e-30
20,54,1.5462419893645428e-30
20,55,1.1830350495016162e-30
20,56,1.7076137032550642e-30
20,57,1.2186724698165603e-30
20,58,2.55932393410369e-30
20,59,1.4665586577949267e-30
20,60,1.7151702660226033e-30
20,61,2.422820870736596e-30
20,62,7.951004312037747e-31
20,63,1.1927884800618393e-30
20,64,3.103899903158172e-30
20,65,1.0181539786447489e-30
20,66,9.889460461041979e-31
20,67,2.9457225684234086e-30
20,68,1.7850600368849735e-30
20,69,1.9480571132096347e-30
20,70,1.733259359108957e-30
20,71,2.8778475665613843e-30
20,72,1.9556240255458738e-30
20,73,1.2268684559594191e-30
20,74,1.5165832093744991e-30
20,75,3.0006071290831583e-30
20,76,9.55109769851765e-31
20,77,2.4889821040173758e-30
20,78,2.2851199251012014e-30
20,79,1.6805958058822412e-30
20,80,4.163583443149492e-30
20,81,1.2552170056390022e-30
20,82,1.3199795924538982e-30
20,83,7.770367650027219e-31
20,84,4.961888424519121e-30
20,85,1.7694240804549387e-30
20,86,1.1233388661939706e-30
20,87,3.311673066308661e-30
20,88,1.0838538662568758e-30
20,89,1.599213716749875e-30
20,90,1.856792927273181e-30
20,91,1.0890905763647119e-30
20,92,1.5510564855432573e-30
20,93,2.3152683264817257e-30
20,94,1.0278449345845479e-30
20,95,1.2892309636821407e-30
20,96,4.757887411328443e-31
20,97,5.036317838220678e-16
20,98,6.747391097084041e-31
20,99,1.313758561501924e-30
20,100,5.028691299079465e-31
20,101,1.9158363670536017e-30
20,102,1.22990814962436e-30
20,103,2.6449848371279078e-30
20,104,1.2423459777288817e-30
20,105,2.3252349190316336e-30
20,106,4.725147942804115e-30
20,107,1.3396249892772888e-30
20,108,2.8182730454124478e-30
20,109,2.258911259910159e-30
20,110,3.260909369972566e-30
20,111,5.169231858853893e-31
20,112,1.7275623807309835e-31
20,113,2.4693774776484782e-30
20,114,4.4257743544229475e-30
20,115,1.6492696564985833e-30
20,116,2.312821367809269e-30
20,117,1.7427069756101706e-30
20,118,9.345817331430157e-31
20,119,5.183831283419711e-31
20,120,1.336410944786134e-30
20,121,8.650690127984782e-31
20,122,2.9193358410629558e-30
20,123,7.20161568547449e-31
20,124,7.761089343857052e-31
20,125,2.273849184701836e-30
20,126,2.3743110976351897e-30
20,127,1.1622642810355592e-30
20,128,1.2896185824454598e-30
20,129,4.4377739225398476e-16
20,130,3.714638739391309e-30
20,131,7.780249294119351e-16
20,132,3.3212217059721486e-30
20,133,1.1097643186504445e-30
20,134,4.089113880362771e-31
20,135,2.246316196419043e-16
20,136,1.77987343846842e-30
20,137,1.0667782912344759e-30
20,138,3.7916914984388357e-31
20,139,1.4652433525220388e-30
20,140,1.9465248098458134e-30
20,141,2.75142731826466e-30
20,142,1.6123295205917212e-30
20,143,1.4751859415929048e-30
20,144,1.98657026195287e-30
20,145,2.0968480492272493e-30
20,146,1.4817432793392348e-15
20,147,2.2914598604869398e-30
20,148,2.0315359154197652e-30
20,149,2.334386329379642e-30
21,22,7.241125750540088e-31
21,23,9.891647414632998e-31
21,24,3.52733746439538e-16
21,25,1.494683490070455e-16
21,26,4.292608019856683e-31
21,27,7.7813079216889785e-31
21,28,1.588130754033084e-31
21,29,3.307788355197861e-16
21,30,9.081985686408167e-31
21,31,7.096556030096779e-31
21,32,4.5808458362136515e-31
21,33,2.221598856635666e-16
21,34,3.84105836155489e-31
21,35,4.005693585591044e-31
21,36,8.086958550717453e-31
21,37,9.358549997368144e-31
21,38,4.01618457193909e-16
21,39,8.10159716906571e-31
21,40,1.1292206275404604e-30
21,41,5.877589846615906e-32
21,42,1.467510889197881e-31
21,43,7.47582577671694e-31
21,44,4.64854105887265e-16
21,45,5.554631564053504e-31
21,46,1.0395090011692418e-30
21,47,7.329085014188803e-31
21,48,1.7697969341241992e-30
21,49,9.352136404512686e-31
21,50,8.449224474575308e-31
21,51,7.534723636539587e-31
21,52,1.144407101997655e-30
21,53,3.0903915076244594e-31
21,54,5.980675592719983e-31
21,55,1.0125306676939891e-30
21,56,3.671761068639147e-16
21,57,4.56013498752436e-31
21,58,1.0023195913345741e-30
21,59,2.9931895959162712e-31
21,60,1.705331116242451e-16
21,61,7.467238797131201e-31
21,62,4.173336521807382e-31
21,63,5.88193070799e-31
21,64,7.8333594948885394e-31
21,65,4.44042306804041e-31
21,66,8.150433746494099e-31
21,67,7.210749393876739e-31
21,68,1.1005188663631753e-30
21,69,7.100962012407679e-31
21,70,6.622154832016852e-31
21,71,9.880365073241098e-31
21,72,1.8442928842002708e-30
21,73,1.4317011235895053e-30
21,74,8.134054877784004e-31
21,75,6.759019301695799e-16
21,76,9.447271314904682e-31
21,77,7.403934245588672e-31
21,78,1.117187859231237e-30
21,79,5.4517056540899145e-31
21,80,1.7113203153366268e-16
21,81,4.136417904823342e-31
21,82,8.285040606740945e-31
21,83,8.84914823170703e-31
21,84,1.2378887877097908e-30
21,85,1.023120053898466e-30
21,86,6.728992840217808e-31
21,87,6.562933915954476e-31
21,88,4.711967508483244e-31
21,89,1.5720318354061178e-16
21,90,6.910162036730115e-31
21,91,5.9136823909106066e-31
21,92,7.83113121353183e-31
21,93,8.669418216613374e-31
21,94,7.736882692931268e-31
21,95,4.4959498177592935e-31
21,96,2.0068636216531834e-31
21,97,1.5531388194979369e-30
21,98,3.8886853604596885e-31
21,99,3.268727106273727e-31
21,100,3.3450320663987784e-31
21,101,9.538374889222268e-31
21,102,3.9386625256281784e-31
21,103,1.6692147996318177e-30
21,104,4.600063579871857e-31
21,105,1.3844468924441964e-30
21,106,1.32687183204448e-15
21,107,6.75007912380456e-31
21,108,8.66185682600779e-31
21,109,1.4578532585256444e-30
21,110,1.9516489764039248e-30
21,111,1.9963625956147154e-31
21,112,1.175517969323181e-31
21,113,1.280623928032491e-30
21,114,1.3662505357614064e-30
21,115,1.1464934308770743e-16
21,116,1.3075822217174625e-30
21,117,7.863876282849748e-31
21,118,4.548233203365947e-31
21,119,4.302287073762589e-31
21,120,3.946704609321827e-31
21,121,6.475201587484122e-31
21,122,2.559231611965916e-16
21,123,3.07725461148445e-31
21,124,5.053690760135126e-31
21,125,7.729985323846045e-31
21,126,6.948948354436547e-16
21,127,3.893712118263625e-31
21,128,5.25033132121803e-31
21,129,4.002966042486716e-16
21,130,1.2582703639847864e-30
21,131,5.294062288611202e-16
21,132,6.805866503892069e-16
21,133,5.335189647334748e-31
21,134,3.8621603068744893e-31
21,135,4.649882056557461e-31
21,136,1.0948225741094619e-30
21,137,3.918392059873578e-31
21,138,7.546924649994159e-32
21,139,1.3167271509414579e-15
21,140,6.115356393782042e-31
21,141,1.1396951811453069e-30
21,142,6.630582978423446e-31
21,143,5.115444878116989e-31
21,144,4.171604218265185e-16
21,145,8.451603376742677e-31
21,146,4.775249788392735e-16
21,147,9.793761641614241e-31
21,148,5.42097623930771e-31
21,149,6.257255780166766e-31
22,23,1.5454079571273013e-30
22,24,1.6166725690621366e-30
22,25,1.941861805719466e-30
22,26,7.5720779939332855e-31
22,27,1.3917098699011634e-30
22,28,2.5980065144524335e-31
22,29,1.2119958690760264e-30
22,30,1.845108641616914e-30
22,31,6.731801423047598e-16
22,32,7.48605017207668e-31
22,33,1.1024925883209892e-30
22,34,7.998570636314049e-31
22,35,7.30349714164675e-31
22,36,1.715610427223749e-30
22,37,1.621671767512706e-30
22,38,2.609415330315659e-30
22,39,1.792808565782045e-30
22,40,1.904523048589294e-30
22,41,1.0013372637927616e-31
22,42,2.7607914631805454e-31
22,43,1.4492296071100245e-30
22,44,3.0575351847619757e-30
22,45,9.890669483096878e-31
22,46,1.67552665847472e-30
22,47,1.7176628360334658e-30
22,48,3.772063395550825e-30
22,49,1.4421505668275961e-30
22,50,1.3669733954835294e-30
22,51,1.3063962298662921e-30
22,52,1.7754962922063036e-30
22,53,7.165971979175869e-31
22,54,9.716451961359588e-31
22,55,1.802728973640879e-30
22,56,1.3695907997110325e-30
22,57,7.831599652124177e-31
22,58,1.9417358845317866e-30
22,59,7.394288016703651e-31
22,60,2.445524320584404e-30
22,61,1.3830256862258188e-30
22,62,7.572680326210377e-31
22,63,1.05327296143683e-30
22,64,1.7314690766215955e-30
22,65,7.387840958486525e-31
22,66,1.4151469088626696e-30
22,67,1.5415234586236846e-30
22,68,2.0218572738909063e-30
22,69,1.3709712996776286e-30
22,70,1.1419903026048536e-30
22,71,2.0313286978877924e-30
22,72,3.121430524772375e-30
22,73,2.319089609680293e-30
22,74,1.4785239527175604e-30
22,75,1.4678646729253313e-30
22,76,1.871262036287181e-30
22,77,1.5511682071061554e-30
22,78,1.9169595401132402e-30
22,79,1.0143977511091718e-30
22,80,3.665183797580961e-30
22,81,7.675525546634907e-31
22,82,1.1513135676812058e-30
22,83,1.3977458066652833e-30
22,84,2.5049067093827375e-30
22,85,1.896233372938854e-30
22,86,1.1385556704440787e-30
22,87,1.6856488237670768e-30
22,88,8.441860746114105e-31
22,89,1.1001422568570163e-30
22,90,1.2507095583572063e-30
22,91,1.1278550024109076e-30
22,92,1.2790599002919024e-30
22,93,1.634882958299515e-30
22,94,1.0302627750348172e-30
22,95,7.957461810502501e-31
22,96,3.6684776180760357e-31
22,97,5.823712417406891e-16
22,98,6.454113472939488e-31
22,99,6.671908899226119e-31
22,100,6.304552403367917e-31
22,101,1.4883154146654625e-30
22,102,7.811665242418484e-31
22,103,2.8242367240008244e-30
22,104,9.239066539123414e-31
22,105,2.550255714882025e-30
22,106,3.2483338695416966e-30
22,107,1.1779862633348429e-30
22,108,1.452097794832804e-30
22,109,2.4305326307030364e-30
22,110,3.4350258785394985e-30
22,111,4.064027438171583e-31
22,112,2.002674527585523e-31
22,113,2.3090839234653727e-30
22,114,2.786545081776468e-30
22,115,1.3295447695445935e-30
22,116,2.3072429746064753e-30
22,117,1.4140666248006873e-30
22,118,7.6568845740374775e-31
22,119,7.171434090878145e-31
22,120,9.79341925890618e-31
22,121,1.1418349104319997e-30
22,122,3.260442192269809e-30
22,123,4.690486945492198e-31
22,124,8.978883088331455e-31
22,125,1.2754960373053537e-30
22,126,1.199961983015826e-30
22,127,8.549022003226002e-31
22,128,9.867544630251703e-31
22,129,8.494355024884686e-16
22,130,2.0704744053995322e-30
22,131,9.01924425617855e-16
22,132,2.6616673536200317e-30
22,133,1.090195894218898e-30
22,134,7.216278203866759e-31
22,135,1.3092278833360698e-16
22,136,1.887126503979077e-30
22,137,8.470705552493963e-31
22,138,1.9306235192169423e-31
22,139,9.816898844663438e-31
22,140,1.3397998844466991e-30
22,141,2.116070581569437e-30
22,142,1.07762984210194e-30
22,143,8.853154948462007e-31
22,144,1.2794240111989223e-30
22,145,1.7131213113203924e-30
22,146,9.966918607648694e-16
22,147,1.7147940884092224e-30
22,148,1.2602736929415107e-30
22,149,1.4157546849933442e-30
23,24,2.804115192791436e-30
23,25,3.146793621841564e-30
23,26,1.194277581929696e-30
23,27,1.4718144527932877e-30
23,28,3.709257808570177e-31
23,29,1.327946928049834e-30
23,30,2.3989395776320733e-30
23,31,1.4542319359748116e-30
23,32,1.3868768387639211e-30
23,33,1.0999868400771517e-30
23,34,8.742032972905e-31
23,35,1.2084338713275503e-30
23,36,1.8090861486170112e-30
23,37,2.028395997267741e-30
23,38,4.219440309451522e-30
23,39,1.971475618191791e-30
23,40,2.188128713642294e-30
23,41,1.6316071110479302e-31
23,42,4.958270208527256e-31
23,43,2.6362763268987253e-30
23,44,3.346049944435686e-30
23,45,1.616590301799835e-30
23,46,1.9640865010196024e-30
23,47,2.9320106577575027e-30
23,48,4.0896686283189506e-30
23,49,2.473190075557869e-30
23,50,1.8232782936393427e-30
23,51,2.086982877589915e-30
23,52,2.6609351778265377e-30
23,53,1.226722511904002e-30
23,54,1.4534675204500861e-30
23,55,2.4896609201554402e-30
23,56,1.8871222939219368e-30
23,57,1.4526716055955026e-30
23,58,1.9302104264582373e-30
23,59,1.2512372385026857e-30
23,60,3.3298545297714885e-30
23,61,1.714536074028768e-30
23,62,7.761697369881466e-31
23,63,1.0716204230658493e-30
23,64,2.1196284688118296e-30
23,65,1.0953716450668801e-30
23,66,2.089046320092822e-30
23,67,2.425463240509304e-30
23,68,2.0555454882919995e-30
23,69,1.3612922383075537e-30
23,70,1.688121456991033e-30
23,71,2.087169243724812e-30
23,72,4.48865280038042e-30
23,73,3.396438475522927e-30
23,74,1.500614457322186e-30
23,75,2.52686441130545e-30
23,76,2.210683862492689e-30
23,77,1.834497564757336e-30
23,78,3.1546145109181474e-30
23,79,1.783982043887237e-30
23,80,5.868632470359808e-30
23,81,7.794397963684208e-31
23,82,1.9734378060441352e-30
23,83,1.824107229558001e-30
23,84,4.08785896134063e-30
23,85,1.8897321816218154e-30
23,86,1.9391940728316976e-30
23,87,2.5500772587566306e-30
23,88,8.660032810471432e-31
23,89,1.959262032497359e-30
23,90,2.1233115556465386e-30
23,91,1.1681174540180652e-30
23,92,2.2682724452000905e-30
23,93,1.858815184635005e-30
23,94,1.4795262388762664e-30
23,95,1.4410985721352925e-30
23,96,6.4934281941077875e-31
23,97,5.389157964038494e-16
23,98,9.363098463206354e-31
23,99,9.623506084608188e-31
23,100,9.091425444175674e-31
23,101,2.524217296887399e-30
23,102,8.397042547595556e-31
23,103,3.0998412320305048e-30
23,104,1.0188081961089775e-30
23,105,3.723734285448374e-30
23,106,5.311671537769183e-30
23,107,1.5245254091593118e-30
23,108,2.4091417438366498e-30
23,109,3.555893224921399e-30
23,110,3.595392778133234e-30
23,111,3.7779019627226635e-31
23,112,3.26321422209586e-31
23,113,2.342668160040533e-30
23,114,3.155477675064652e-30
23,115,2.3028037942295586e-30
23,116,3.6697363488616714e-30
23,117,2.4460779796846353e-30
23,118,1.3161648104138346e-30
23,119,1.0935258514693914e-30
23,120,1.2661407317529503e-30
23,121,1.4061511143917788e-30
23,122,3.70122269521563e-30
23,123,8.134120923890994e-31
23,124,1.027624932334518e-30
23,125,2.335787545581115e-30
23,126,1.9712316198706766e-30
23,127,9.141371069963747e-31
23,128,1.3403168800616402e-30
23,129,9.40418540046195e-16
23,130,3.304915990187462e-30
23,131,1.4696210354661026e-15
23,132,2.650548493589104e-30
23,133,1.4978581410256798e-30
23,134,9.438094546132616e-31
23,135,1.1188630228279541e-16
23,136,3.0721414590194106e-30
23,137,8.51296331700908e-31
23,138,2.844241500838682e-31
23,139,1.275148298637218e-30
23,140,1.5417474892167539e-30
23,141,2.141466548572826e-30
23,142,2.0310142903343097e-30
23,143,1.6223337309333365e-30
23,144,1.2752202483490022e-30
23,145,1.5959067098650785e-30
23,146,1.0429829245191513e-15
23,147,3.092916710474968e-30
23,148,1.4996830570027397e-30
23,149,1.672014511629231e-30
24,25,4.544850670041374e-30
24,26,1.8098843783279316e-30
24,27,1.7121028752713846e-30
24,28,4.807488155677792e-31
24,29,1.319297894011689e-30
24,30,3.6846145370548204e-30
24,31,7.853226526452595e-16
24,32,1.693333956045137e-30
24,33,1.313004760369044e-30
24,34,1.4824089841780933e-30
24,35,1.7660179228402152e-30
24,36,1.7455149365759966e-30
24,37,2.5822524772212715e-30
24,38,5.947090904482204e-30
24,39,1.8851587540159827e-30
24,40,2.1156311082697192e-30
24,41,2.1651333215802515e-31
24,42,6.891982734692599e-31
24,43,3.59829555625155e-30
24,44,4.133143405802567e-30
24,45,2.308026581781756e-30
24,46,1.8340998520922503e-30
24,47,4.665891285973428e-30
24,48,4.006353819430795e-30
24,49,2.8575103480841298e-30
24,50,2.2114904145701477e-30
24,51,2.9238341947659505e-30
24,52,3.343187109018988e-30
24,53,1.6351673535554303e-30
24,54,2.3477594698705997e-30
24,55,3.6062996553170696e-30
24,56,2.8744494816403907e-30
24,57,1.7096592270037773e-30
24,58,1.634002643331002e-30
24,59,1.901925554020236e-30
24,60,4.19833261987999e-30
24,61,2.7281358049670895e-30
24,62,7.140271902824865e-31
24,63,1.058254821114276e-30
24,64,2.7916878828023127e-30
24,65,1.4835000769881966e-30
24,66,2.903257908228323e-30
24,67,2.8083690679468232e-30
24,68,2.0490808216861272e-30
24,69,1.3468967585642179e-30
24,70,2.174114119085951e-30
24,71,1.8364346599901707e-30
24,72,5.838425906977943e-30
24,73,4.049526087078035e-30
24,74,1.255026759083468e-30
24,75,3.858726491566963e-30
24,76,1.2662293152120453e-16
24,77,2.0315385536586464e-30
24,78,4.2208704135645804e-30
24,79,2.5641334133890522e-30
24,80,7.696749658501519e-30
24,81,1.1985710317142451e-30
24,82,2.0938325662643592e-30
24,83,1.9900355460275348e-30
24,84,4.843700871766944e-16
24,85,2.180099413448001e-30
24,86,2.5069581867849485e-30
24,87,3.434322990061802e-30
24,88,9.441376315484103e-31
24,89,2.488152087810333e-30
24,90,3.1036116117340397e-30
24,91,1.1031168186227155e-30
24,92,2.6793287698748375e-30
24,93,2.5823730044602582e-30
24,94,1.437889457770048e-30
24,95,1.974734719377912e-30
24,96,8.96030254150856e-31
24,97,2.9449206304277984e-16
24,98,1.0952822053187025e-30
24,99,1.3684346711054897e-30
24,100,1.413962171367251e-30
24,101,3.059403421197287e-30
24,102,1.0694870119587356e-30
24,103,2.2531580389887723e-30
24,104,1.7122516510162407e-30
24,105,5.379670854773668e-30
24,106,8.88226109016158e-30
24,107,2.0367986414432926e-30
24,108,3.457993706642654e-30
24,109,4.1200530895361075e-30
24,110,2.8751268940820696e-30
24,111,4.135955833952254e-31
24,112,4.330266643160502e-31
24,113,1.8233951505817837e-30
24,114,3.8177912077146085e-30
24,115,2.691815275963147e-30
24,116,5.3226711837882486e-30
24,117,3.438767949324188e-30
24,118,1.747657166429105e-30
24,119,1.4103996371394517e-30
24,120,1.7866018320201304e-30
24,121,1.910618711601558e-30
24,122,3.526826456133209e-30
24,123,1.0690193759870648e-30
24,124,1.3170044042523337e-30
24,125,3.0740885570894553e-30
24,126,2.6540634404582184e-30
24,127,7.306703351351614e-31
24,128,1.7339371468442238e-30
24,129,7.468039970257421e-16
24,130,4.6099363825725814e-30
24,131,1.9501787240552538e-15
24,132,2.6799001674688166e-30
24,133,2.568965418129099e-30
24,134,1.4444519097589954e-30
24,135,6.734034767270854e-16
24,136,4.160589799922182e-30
24,137,6.5350745985023965e-31
24,138,3.7720667533727966e-31
24,139,1.6747401838801643e-30
24,140,1.6297449405032553e-30
24,141,1.7671148432089683e-30
24,142,2.504103806844355e-30
24,143,2.1649093308035273e-30
24,144,1.5707318890225112e-30
24,145,1.525809038753507e-30
24,146,9.77288459742536e-16
24,147,4.1837093115997556e-30
24,148,1.6564989859015737e-30
24,149,1.7669833169706735e-30
25,26,1.9612255108542344e-30
25,27,2.1958615794621294e-30
25,28,5.11582284274426e-31
25,29,1.621047116193341e-30
25,30,3.805351059059123e-30
25,31,5.604721233588079e-16
25,32,1.8549758101256145e-30
25,33,1.3916488165957257e-30
25,34,1.5708657070744649e-30
25,35,1.843711589413124e-30
25,36,2.288204605976904e-30
25,37,3.053647863804876e-30
25,38,6.591676664477007e-30
25,39,2.4682123094013556e-30
25,40,2.8925725023671e-30
25,41,2.4239922909281997e-31
25,42,7.415797162987503e-31
25,43,3.827982228514966e-30
25,44,4.4884257379257815e-30
25,45,2.523890963515861e-30
25,46,2.3779546226110225e-30
25,47,4.860924651441359e-30
25,48,5.1963470244423674e-30
25,49,3.244716574221538e-30
25,50,2.6767389432468132e-30
25,51,3.238827933882877e-30
25,52,3.833402522573027e-30
25,53,1.7373340370372442e-30
25,54,2.4654711523373224e-30
25,55,4.110323567736965e-30
25,56,3.0791151828591983e-30
25,57,1.8698777177861878e-30
25,58,2.4306175268468173e-30
25,59,1.9796886356254078e-30
25,60,4.9539626578593585e-30
25,61,2.869434615869761e-30
25,62,1.0368115000748326e-30
25,63,1.4108932549302586e-30
25,64,2.9812922167966868e-30
25,65,1.6309936399299116e-30
25,66,3.294313173491322e-30
25,67,3.1086781358952774e-30
25,68,2.8051853732530647e-30
25,69,1.685069271943243e-30
25,70,2.3352000493035682e-30
25,71,2.6227580623879713e-30
25,72,6.76649770056832e-30
25,73,4.771720681802893e-30
25,74,1.960291547332652e-30
25,75,3.941053854295903e-30
25,76,1.7880282931348576e-16
25,77,2.3590881777906546e-30
25,78,4.660021669324461e-30
25,79,2.748942043755728e-30
25,80,8.618114477513643e-30
25,81,1.2216528298898903e-30
25,82,2.3914567215907584e-30
25,83,2.467827421411322e-30
25,84,6.691633974340748e-16
25,85,2.8477392895575955e-30
25,86,2.7787353700198275e-30
25,87,3.643650023154193e-30
25,88,1.0040518227598981e-30
25,89,2.731747323352036e-30
25,90,3.367612247060162e-30
25,91,1.6327945069586275e-30
25,92,2.9700555205724543e-30
25,93,2.837109437338377e-30
25,94,1.722332219866875e-30
25,95,2.113505187838374e-30
25,96,9.70985057476712e-31
25,97,4.1239744319229923e-16
25,98,1.2738340910224078e-30
25,99,1.434051871938209e-30
25,100,1.5669280015754141e-30
25,101,3.357852858769118e-30
25,102,1.1443482305697104e-30
25,103,3.446037064413313e-30
25,104,1.653785236426597e-30
25,105,5.972777048533391e-30
25,106,9.257955365797742e-30
25,107,2.288716717963456e-30
25,108,3.594523880409456e-30
25,109,4.805101072358194e-30
25,110,4.4891890426697965e-30
25,111,5.580172666229407e-31
25,112,4.8479845818563985e-31
25,113,2.874361763899751e-30
25,114,4.1598629760374905e-30
25,115,2.9329974069071467e-30
25,116,5.832353294399137e-30
25,117,3.7232113270795166e-30
25,118,1.915587693807706e-30
25,119,1.612932962526689e-30
25,120,1.7153519874123442e-30
25,121,2.256071775689388e-30
25,122,4.721048598393362e-30
25,123,1.171796589211765e-30
25,124,1.5907394880219517e-30
25,125,3.30269309049353e-30
25,126,2.911229936376766e-30
25,127,1.0791958827027126e-30
25,128,1.9464882316730136e-30
25,129,7.881068500304279e-16
25,130,4.96453049709276e-30
25,131,2.1833381556346402e-15
25,132,3.4238262492194726e-30
25,133,2.7828993454309245e-30
25,134,1.6462920836018527e-30
25,135,4.912423251631724e-16
25,136,4.623496530914934e-30
25,137,1.0666890886353751e-30
25,138,4.0383991785795315e-31
25,139,1.791517565275352e-30
25,140,1.88072950577621e-30
25,141,2.5770233430093782e-30
25,142,2.7058725673495933e-30
25,143,2.2485091113868312e-30
25,144,1.6575024290982877e-30
25,145,2.312137660146375e-30
25,146,1.3228560374125584e-15
25,147,4.4279726340355854e-30
25,148,1.875259662058574e-30
25,149,1.9945351414894603e-30
26,27,8.09950659994324e-31
26,28,2.02796497807713e-31
26,29,6.364028113352958e-31
26,30,1.4632790910601052e-30
26,31,1.1330682856811528e-30
26,32,7.253931942307059e-31
26,33,5.500241377391477e-31
26,34,6.702609820036981e-31
26,35,7.40121290256498e-31
26,36,6.520423702927085e-31
26,37,1.1795047254181629e-30
26,38,2.613272584605152e-30
26,39,7.255857125051386e-31
26,40,1.0807060122877112e-30
26,41,9.666249873569193e-32
26,42,2.9466007708216515e-31
26,43,1.4909158307934265e-30
26,44,1.797376831510825e-30
26,45,1.0005537067508405e-30
26,46,9.192801816801267e-31
26,47,1.96383376184887e-30
26,48,1.5809428015203007e-30
26,49,1.2796957691158145e-30
26,50,1.0591782957575596e-30
26,51,1.3023188338367253e-30
26,52,1.539244706440273e-30
26,53,6.653059046823785e-31
26,54,1.0221692686202e-30
26,55,1.647770571912445e-30
26,56,1.2519766506366713e-30
26,57,7.134844745973228e-31
26,58,7.361741514979409e-31
26,59,7.848053777802199e-31
26,60,1.9050758408013224e-30
26,61,1.1813907735899113e-30
26,62,3.681816074424749e-31
26,63,5.017875133363513e-31
26,64,1.0851519199435824e-30
26,65,6.507182825758658e-31
26,66,1.3201556271618216e-30
26,67,1.1778298458777647e-30
26,68,1.0197608353754434e-30
26,69,5.116033134371372e-31
26,70,8.980854997897912e-31
26,71,7.7542888968355225e-31
26,72,2.6909743719948906e-30
26,73,1.8788167811900825e-30
26,74,6.673204368713502e-31
26,75,1.5461974204158758e-30
26,76,6.1497057018291535e-31
26,77,7.393807808852956e-31
26,78,1.8488304364114224e-30
26,79,1.1004601049890456e-30
26,80,3.408336921154008e-30
26,81,4.693914945738436e-31
26,82,9.414405752117616e-31
26,83,9.640447054617716e-31
26,84,2.7103247217522135e-30
26,85,1.032110099002099e-30
26,86,1.1185186853121597e-30
26,87,1.3519828433271837e-30
26,88,4.015194596703325e-31
26,89,1.0832175747479843e-30
26,90,1.3796669865527449e-30
26,91,5.544209771597372e-31
26,92,1.1602340390198981e-30
26,93,1.1358612601980482e-30
26,94,6.952634605922214e-31
26,95,8.32065156525329e-31
26,96,3.8661110226487106e-31
26,97,1.9815818788870413e-30
26,98,5.033679664711458e-31
26,99,5.5051186417224135e-31
26,100,6.355315208975286e-31
26,101,1.3427867172986152e-30
26,102,4.263740413540276e-31
26,103,1.2228825806148713e-30
26,104,7.007294414223571e-31
26,105,2.374970307785434e-30
26,106,3.830508911336727e-30
26,107,8.944251537472491e-31
26,108,1.4232681273800268e-30
26,109,1.857503300612007e-30
26,110,1.5524228195837832e-30
26,111,1.9763489869813265e-31
26,112,1.9332499747138383e-31
26,113,9.427416467391157e-31
26,114,1.5502400094645156e-30
26,115,1.1950380913587027e-30
26,116,2.3156043225502373e-30
26,117,1.4858486825209817e-30
26,118,7.610476779956915e-31
26,119,6.413130531455048e-31
26,120,7.780960705519451e-31
26,121,8.878334167001762e-31
26,122,1.76548525157098e-30
26,123,4.719371307887372e-31
26,124,6.200010187018059e-31
26,125,1.3017114955697745e-30
26,126,1.1953460086648507e-30
26,127,2.706743266235472e-31
26,128,7.77411670421676e-31
26,129,2.220446049250315e-16
26,130,1.9559279351988967e-30
26,131,8.70658386573527e-16
26,132,1.1883117581231246e-30
26,133,1.141586188665778e-30
26,134,6.619838840465653e-31
26,135,8.762737721936478e-31
26,136,1.849945800101415e-30
26,137,2.7241595226999977e-31
26,138,1.4770507362774377e-31
26,139,7.090954116304317e-31
26,140,6.365581114319267e-31
26,141,8.575860029141373e-31
26,142,1.0542792747840749e-30
26,143,8.54615604448985e-31
26,144,6.292065863623522e-31
26,145,7.466741413907744e-31
26,146,4.041272810440269e-16
26,147,1.7427110986980043e-30
26,148,6.1618520086639705e-31
26,149,7.142148730649381e-31
27,28,2.91885064753443e-31
27,29,1.3914182609196299e-30
27,30,2.0633866701011844e-30
27,31,4.41711150446283e-16
27,32,8.230199362646082e-31
27,33,1.2529271319726403e-30
27,34,7.39094207249723e-31
27,35,7.990268538236476e-31
27,36,1.8619305405180293e-30
27,37,1.9104726366067796e-30
27,38,2.8226657374756695e-30
27,39,1.8958355029808948e-30
27,40,2.1664422561953214e-30
27,41,1.0374596878827985e-31
27,42,2.6869134054362374e-31
27,43,1.3444948332673999e-30
27,44,3.3748656925083465e-30
27,45,1.107638000575843e-30
27,46,1.704295427054966e-30
27,47,1.766418855215799e-30
27,48,4.131064652691594e-30
27,49,1.394999040219858e-30
27,50,1.579621210133031e-30
27,51,1.382938618541466e-30
27,52,1.752073245903331e-30
27,53,6.876090240030866e-31
27,54,1.030767067669813e-30
27,55,1.9981144199958705e-30
27,56,1.4597708814208906e-30
27,57,6.305692360782038e-31
27,58,2.172727527273617e-30
27,59,7.49339619247035e-31
27,60,2.8798768579860555e-30
27,61,1.597059213868806e-30
27,62,8.628991778337243e-31
27,63,1.1975399209722811e-30
27,64,1.8541950966250844e-30
27,65,8.244025401902825e-31
27,66,1.537663575692558e-30
27,67,1.619247719174294e-30
27,68,2.2773586961593574e-30
27,69,1.5197983060345596e-30
27,70,1.0618427679710181e-30
27,71,2.2457937681159387e-30
27,72,3.392214454641927e-30
27,73,2.488901855632471e-30
27,74,1.6796702523183108e-30
27,75,1.5528341238819095e-30
27,76,2.314929819726181e-16
27,77,1.7491353120739744e-30
27,78,2.0384680562407995e-30
27,79,1.055162096062937e-30
27,80,3.902625846988377e-30
27,81,8.725477209337502e-31
27,82,9.201419389467592e-31
27,83,1.5123438169334736e-30
27,84,3.9987563280580987e-16
27,85,2.095310550551489e-30
27,86,1.0928763576197877e-30
27,87,1.6948126749776557e-30
27,88,9.38638720027909e-31
27,89,1.1199798995571251e-30
27,90,1.2570539480806162e-30
27,91,1.3575125694634312e-30
27,92,1.202413359615878e-30
27,93,1.83996224475629e-30
27,94,9.684051359954713e-31
27,95,7.627577386751296e-31
27,96,3.6172128709315332e-31
27,97,6.935791218085294e-16
27,98,7.244899858997002e-31
27,99,7.517622650252393e-31
27,100,6.890881648506576e-31
27,101,1.3767790915290532e-30
27,102,8.711312515968968e-31
27,103,3.1277320994711236e-30
27,104,8.754411278275106e-31
27,105,3.0021154344952925e-30
27,106,3.443077934194897e-30
27,107,1.435380369101872e-30
27,108,1.6008205296519375e-30
27,109,2.688299673943718e-30
27,110,3.9289843419332765e-30
27,111,4.631703420485261e-31
27,112,2.0749193757655965e-31
27,113,2.608025733885439e-30
27,114,3.231411555613257e-30
27,115,1.3615000147289763e-30
27,116,2.516963724626651e-30
27,117,1.4436455868062484e-30
27,118,7.653959553944212e-31
27,119,7.656539618235017e-31
27,120,1.0802692175150683e-30
27,121,1.337048915966456e-30
27,122,3.6464661002107105e-30
27,123,4.501557111669101e-31
27,124,1.0107296615374591e-30
27,125,1.4348645998827458e-30
27,126,1.2147159802583266e-30
27,127,8.872675755755102e-31
27,128,1.0896204364646879e-30
27,129,4.590204191335083e-16
27,130,2.3403515816024285e-30
27,131,9.344606127521766e-16
27,132,3.081342649064589e-30
27,133,1.1944817828932462e-30
27,134,7.983278025305623e-31
27,135,2.6945789820192476e-16
27,136,1.9509960914579356e-30
27,137,8.828331016229196e-31
27,138,1.9459543749194159e-31
27,139,8.807241777561116e-31
27,140,1.582799929624952e-30
27,141,2.2211715855910794e-30
27,142,9.194361872668782e-31
27,143,8.913144458341e-31
27,144,1.6445466550901818e-30
27,145,1.9616447918828188e-30
27,146,1.10372045286546e-15
27,147,1.7807600134268074e-30
27,148,1.283136669958609e-30
27,149,1.4619791267426596e-30
28,29,2.7046438937246526e-31
28,30,5.645746824486728e-31
28,31,4.05399820741792e-31
28,32,2.1989257136014726e-31
28,33,2.6713719859135042e-31
28,34,2.0809365287643046e-31
28,35,2.149490590943749e-31
28,36,4.078904024790597e-31
28,37,3.3431603773557117e-31
28,38,6.705383891117538e-31
28,39,4.4110932802360665e-31
28,40,3.9660304119881626e-31
28,41,2.5410600282395265e-32
28,42,8.144426201375319e-32
28,43,4.574826519180403e-31
28,44,7.090712204048729e-31
28,45,2.767461059669084e-31
28,46,3.5955148287752264e-31
28,47,5.690183747667486e-31
28,48,9.529770651763434e-31
28,49,3.5794566045215286e-31
28,50,2.9583911945124642e-31
28,51,3.347775977085788e-31
28,52,4.046312317538622e-31
28,53,2.269549599978147e-31
28,54,2.862213645414807e-31
28,55,4.119413939661749e-31
28,56,3.119399953451929e-31
28,57,2.2106849042920274e-31
28,58,4.433396804769443e-31
28,59,2.4894851288574826e-31
28,60,5.27677482083796e-31
28,61,3.842318846438601e-31
28,62,1.592303431731143e-31
28,63,2.3642189366818385e-31
28,64,4.85504776200897e-31
28,65,1.7320837924061162e-31
28,66,3.3598708017817295e-31
28,67,4.194711509588845e-31
28,68,4.153217152344036e-31
28,69,3.1574566262956767e-31
28,70,2.5922274813569016e-31
28,71,4.872188732575016e-31
28,72,7.0752484607028495e-31
28,73,5.231771424596775e-31
28,74,3.151916146790095e-31
28,75,4.9902114736749595e-31
28,76,3.7714651998380526e-31
28,77,4.05214614032362e-31
28,78,4.92796425084414e-31
28,79,3.0423316951840823e-31
28,80,9.078844070447831e-31
28,81,2.135233254248444e-31
28,82,2.7719646364096865e-31
28,83,2.9789146738466456e-31
28,84,8.714191430335445e-31
28,85,3.803091697609692e-31
28,86,2.9335450215170986e-31
28,87,5.242048871423177e-31
28,88,2.214003797844032e-31
28,89,3.026490295795636e-31
28,90,3.6386122857293514e-31
28,91,2.2562848266743635e-31
28,92,3.327869186140211e-31
28,93,3.5112493836831053e-31
28,94,2.253428117830174e-31
28,95,2.377110015308812e-31
28,96,1.0493423203813082e-31
28,97,5.839471832101621e-31
28,98,1.3936459112341102e-31
28,99,1.928242112429018e-31
28,100,1.5607414228402373e-31
28,101,3.6316117767479513e-31
28,102,1.9735310620183262e-31
28,103,6.441869628748319e-31
28,104,2.5329771080899446e-31
28,105,6.117615684378091e-31
28,106,1.0140857097779223e-30
28,107,2.4251529341681823e-31
28,108,4.766764593435053e-31
28,109,5.320175725961519e-31
28,110,7.446155549077152e-31
28,111,7.819133670385949e-32
28,112,5.082120056479053e-32
28,113,5.195168159905808e-31
28,114,6.8857779043167e-31
28,115,3.2281154332324973e-31
28,116,5.958884843356984e-31
28,117,3.936716341593354e-31
28,118,2.0527356889173943e-31
28,119,1.6957619646939347e-31
28,120,2.883161305441091e-31
28,121,2.339013994315414e-31
28,122,6.975067201838193e-31
28,123,1.297021469753602e-31
28,124,1.7771968834348626e-31
28,125,3.7425676015675354e-31
28,126,3.558581971520803e-31
28,127,1.7953734979485026e-31
28,128,2.0552978893632765e-31
28,129,1.5700924586837744e-16
28,130,5.68334289855228e-31
28,131,2.2887833992611197e-16
28,132,5.951477147096796e-31
28,133,2.7856030318957947e-31
28,134,1.6221147129583937e-31
28,135,2.345788048071538e-31
28,136,4.835341401793873e-31
28,137,1.7393795940179468e-31
28,138,5.976073999731308e-32
28,139,1.981022476823121e-31
28,140,3.177585808874406e-31
28,141,4.800821985618058e-31
28,142,3.0860570520129654e-31
28,143,2.5066852138173734e-31
28,144,3.0925632649229155e-31
28,145,3.279182297836866e-31
28,146,2.482534153247275e-16
28,147,4.789944144854231e-31
28,148,3.189692957059334e-31
28,149,3.3028227368267595e-31
29,30,2.106121479716243e-30
29,31,6.275768268723671e-16
29,32,8.664061431400744e-31
29,33,1.1650959804967667e-30
29,34,9.862046726627112e-31
29,35,8.044046586935424e-31
29,36,1.9232779902401306e-30
29,37,1.4958599120263974e-30
29,38,2.166356749786032e-30
29,39,2.0462967670025243e-30
29,40,1.839447111835472e-30
29,41,8.663688340730565e-32
29,42,2.605602949113002e-31
29,43,1.7715553064638363e-30
29,44,3.161096039383718e-30
29,45,1.0738779448221795e-30
29,46,1.7168488426483853e-30
29,47,1.7102198840949917e-30
29,48,4.2918127838243275e-30
29,49,1.2705263258478532e-30
29,50,1.2652063031265083e-30
29,51,1.1149447235621417e-30
29,52,1.596514658387154e-30
29,53,8.352791250625241e-31
29,54,8.47428201250272e-31
29,55,1.4953699378165965e-30
29,56,1.216421098705412e-30
29,57,7.987123096446122e-31
29,58,2.105142176401319e-30
29,59,8.121169387352585e-31
29,60,2.1379416153983036e-30
29,61,1.5042627257230048e-30
29,62,7.639287462894818e-31
29,63,1.088422381920881e-30
29,64,2.0240109056335784e-30
29,65,6.928281379713521e-31
29,66,1.1903922132962742e-30
29,67,1.846341104415762e-30
29,68,2.1832943872760046e-30
29,69,1.5488306198231324e-30
29,70,1.1718896902098633e-30
29,71,2.2606376494319866e-30
29,72,2.6505691821933995e-30
29,73,2.0778759151933846e-30
29,74,1.5046075821455474e-30
29,75,1.6982865455476675e-30
29,76,6.389907575317363e-16
29,77,1.762415974752919e-30
29,78,1.6371771180250517e-30
29,79,1.0179049437474855e-30
29,80,3.184811052764757e-30
29,81,8.846533067890046e-31
29,82,1.0734315662050879e-30
29,83,1.3089953490169654e-30
29,84,4.3543978116947907e-16
29,85,1.8962800311748235e-30
29,86,1.0582266241239045e-30
29,87,1.9915062443954956e-30
29,88,8.636607342347187e-31
29,89,1.1035519579492831e-30
29,90,1.2420269515342643e-30
29,91,1.0472941581188553e-30
29,92,1.185044081443747e-30
29,93,1.7108370228920245e-30
29,94,1.0327291562547914e-30
29,95,7.714090784946927e-31
29,96,3.3711211726477773e-31
29,97,7.47770457715411e-16
29,98,5.87255398684747e-31
29,99,8.517895305919397e-31
29,100,5.069945700105092e-31
29,101,1.3064241422680472e-30
29,102,8.75314677140026e-31
29,103,2.778092344089124e-30
29,104,7.32057063226568e-31
29,105,2.1889521863541063e-30
29,106,2.6659455537499485e-30
29,107,1.0670889161439294e-30
29,108,1.55836475859954e-30
29,109,2.268397850835652e-30
29,110,3.4722436558568015e-30
29,111,4.091952090403709e-31
29,112,1.7327376681461126e-31
29,113,2.408023969165532e-30
29,114,3.0513650181849912e-30
29,115,2.6397421956106323e-30
29,116,1.872685772438272e-30
29,117,1.219144823074836e-30
29,118,6.799408869428872e-31
29,119,6.156776615442299e-31
29,120,2.210616841352345e-30
29,121,1.0090722468214846e-30
29,122,3.138586213811847e-30
29,123,4.53164632489614e-31
29,124,8.244417104644628e-31
29,125,1.5163726688297021e-30
29,126,1.5065371631036841e-30
29,127,9.211111129270497e-31
29,128,9.659028406819087e-31
29,129,4.681182718980431e-16
29,130,2.2585298918697165e-30
29,131,7.803556716593659e-16
29,132,2.8065291498017168e-30
29,133,8.551157453087672e-31
29,134,5.815276381335082e-31
29,135,1.1071831179268629e-15
29,136,1.627346583102778e-30
29,137,9.035630526282762e-31
29,138,2.2827094313284467e-31
29,139,1.1375032393143795e-30
29,140,1.4637161547117488e-30
29,141,2.4588795808256838e-30
29,142,1.07754131556306e-30
29,143,1.0587603760559272e-30
29,144,1.5023906738134e-30
29,145,1.723228147710767e-30
29,146,1.1201962574770126e-15
29,147,1.553456352335291e-30
29,148,1.4439711821708977e-30
29,149,1.6181898734676447e-30
30,31,4.4196400207422717e-16
30,32,1.7090375947137233e-30
30,33,2.1209540582145734e-30
30,34,1.7202312973086862e-30
30,35,1.7947692058732178e-30
30,36,3.268004501306771e-30
30,37,1.895040444567643e-30
30,38,4.408961109384827e-30
30,39,3.56810913055569e-30
30,40,2.3730651827121817e-30
30,41,1.5418605902440692e-31
30,42,5.801492563589738e-31
30,43,3.583557212974199e-30
30,44,5.6181590028063995e-30
30,45,2.162019635625072e-30
30,46,2.50170721875508e-30
30,47,4.549630901560297e-30
30,48,7.72158845149354e-30
30,49,2.1266669260029e-30
30,50,1.5471900672569827e-30
30,51,2.1614188202912866e-30
30,52,2.4216501543392723e-30
30,53,1.85963590681547e-30
30,54,2.3780909297724212e-30
30,55,2.4100045071342105e-30
30,56,2.452109842691597e-30
30,57,1.5867476983558445e-30
30,58,3.413945526609393e-30
30,59,2.0532528977525114e-30
30,60,2.7334914979254576e-30
30,61,3.2569645549292405e-30
30,62,1.0979357001579199e-30
30,63,1.755940309693716e-30
30,64,4.0768858834149035e-30
30,65,1.3559868597169871e-30
30,66,1.9786792785594687e-30
30,67,3.40213316650112e-30
30,68,2.9133343868767054e-30
30,69,2.4827171469136773e-30
30,70,2.1729659076691278e-30
30,71,3.842557226845371e-30
30,72,3.921819661238787e-30
30,73,2.790559389564927e-30
30,74,2.178195394579017e-30
30,75,4.227537944869635e-30
30,76,7.01620089557511e-16
30,77,3.3424662884222074e-30
30,78,3.273052004931094e-30
30,79,2.321282147580577e-30
30,80,5.982887874815901e-30
30,81,1.7849193674340036e-30
30,82,1.7673694835566205e-30
30,83,1.61853944046688e-30
30,84,2.2247786310271873e-16
30,85,2.6604218934575355e-30
30,86,1.8693920989930402e-30
30,87,4.3877955550000486e-30
30,88,1.724834775241039e-30
30,89,2.1316109866186234e-30
30,90,2.6618966325623316e-30
30,91,1.3622759977810336e-30
30,92,2.126040849739993e-30
30,93,2.8778675759447418e-30
30,94,1.376702900375189e-30
30,95,1.782962538361207e-30
30,96,7.236565770884378e-31
30,97,3.799321641185744e-16
30,98,7.978380989394224e-31
30,99,1.6380496879614433e-30
30,100,9.932641947120138e-31
30,101,2.6922169165046202e-30
30,102,1.6276390730832242e-30
30,103,4.330669717756877e-30
30,104,2.0746433894105397e-30
30,105,3.755044455379484e-30
30,106,8.043873863085081e-30
30,107,1.826988359200487e-30
30,108,4.0523999055397816e-30
30,109,2.923281475425739e-30
30,110,5.0411893020790505e-30
30,111,5.657996122950089e-31
30,112,3.083721180488138e-31
30,113,3.7240981844182174e-30
30,114,5.682559827058746e-30
30,115,2.3060827523668857e-30
30,116,3.9511941410863844e-30
30,117,2.733951822827898e-30
30,118,1.392170612781678e-30
30,119,9.670273082505633e-31
30,120,2.378056920401264e-30
30,121,1.2363859082337983e-30
30,122,4.491739126545064e-30
30,123,9.796004618699365e-31
30,124,1.0786519067181434e-30
30,125,2.9737599083767054e-30
30,126,2.78948346316387e-30
30,127,1.3720394981922412e-30
30,128,1.5011389935174301e-30
30,129,7.14739755259712e-16
30,130,4.658480624444046e-30
30,131,1.3887845559360892e-15
30,132,4.531380393160577e-30
30,133,1.9461566366259806e-30
30,134,9.539527477698739e-31
30,135,6.158048823041432e-16
30,136,3.0218202520904596e-30
30,137,1.282635540822835e-30
30,138,5.012536105313976e-31
30,139,1.6625158777723208e-30
30,140,2.6021674352635423e-30
30,141,3.608935676271019e-30
30,142,2.237981096062041e-30
30,143,1.9577914628681924e-30
30,144,2.5072052282108957e-30
30,145,2.2799662787735307e-30
30,146,1.989370112050882e-15
30,147,3.3338937101992636e-30
30,148,2.6336343018476896e-30
30,149,2.647161738363555e-30
31,32,1.0460687153113413e-30
31,33,4.59128078537419e-16
31,34,1.146624661167767e-16
31,35,1.2244167793382565e-30
31,36,3.2221058496676446e-16
31,37,4.766829465344594e-16
31,38,4.609144279886064e-16
31,39,2.352911461558078e-30
31,40,1.8757332685588743e-30
31,41,1.1382751068651741e-31
31,42,3.9229417492137053e-31
31,43,2.3347244695265464e-30
31,44,3.5593549858678383e-16
31,45,2.558937633260448e-16
31,46,4.0792573279994186e-16
31,47,3.29112956822332e-30
31,48,5.182714610364998e-30
31,49,2.618455766672132e-16
31,50,1.327697540815166e-30
31,51,1.6430964505646174e-30
31,52,7.785499315577034e-16
31,53,1.1967142057930422e-30
31,54,2.1175592102311034e-30
31,55,2.167637530568522e-30
31,56,1.986996825864054e-16
31,57,9.703620902851791e-31
31,58,2.359721256636785e-30
31,59,1.4098922042585532e-30
31,60,4.518280880211189e-16
31,61,2.4082139375055066e-30
31,62,8.141843299788754e-31
31,63,1.3333998467334682e-30
31,64,2.6806637945062772e-30
31,65,8.765589391761551e-31
31,66,1.6415291860479062e-30
31,67,2.297444613877828e-16
31,68,1.9844727809986722e-30
31,69,5.119756951759297e-16
31,70,2.983119181206856e-16
31,71,2.6220333920860603e-30
31,72,1.1188630228279536e-16
31,73,2.1672074634621683e-30
31,74,1.6102615275581973e-30
31,75,2.927522545177607e-16
31,76,3.338038698621125e-30
31,77,2.5776849077477093e-16
31,78,2.2446928949665955e-30
31,79,1.3183898417423754e-16
31,80,5.804354680617723e-16
31,81,1.3559587496296754e-30
31,82,1.0458330526112473e-30
31,83,1.2630976747437958e-30
31,84,1.214965526678366e-15
31,85,3.0022371100971193e-16
31,86,1.1191319479665125e-16
31,87,2.8336201564168778e-30
31,88,1.4238466596320743e-30
31,89,4.575462653709372e-16
31,90,8.333897564733111e-17
31,91,1.1669984841539904e-30
31,92,1.3948976348784868e-30
31,93,1.8716688763961553e-30
31,94,1.0019663435923093e-30
31,95,1.1696005178828024e-30
31,96,4.968539890571673e-31
31,97,6.378245718755408e-16
31,98,6.531554643258077e-31
31,99,2.225070269191176e-16
31,100,8.851800725018712e-31
31,101,1.6883057536160668e-16
31,102,1.0833886157416339e-30
31,103,1.368565516478475e-16
31,104,2.0384760569872802e-30
31,105,1.7567876183194484e-16
31,106,4.645434730438967e-16
31,107,1.2799391231399988e-16
31,108,3.0504743541551858e-30
31,109,4.156427857222963e-16
31,110,3.783116669589902e-30
31,111,4.34462228903516e-31
31,112,2.276550213730348e-31
31,113,2.694124251174021e-30
31,114,1.363717750324066e-16
31,115,3.477763656540196e-16
31,116,1.0794734123602714e-15
31,117,1.9246702281788896e-30
31,118,9.528318281907058e-31
31,119,7.436018731388593e-31
31,120,8.217537263382313e-17
31,121,1.2374661917930143e-30
31,122,6.391326102781152e-16
31,123,6.642653065395312e-31
31,124,1.2719202621568986e-16
31,125,4.881451447769504e-16
31,126,7.130283263179467e-16
31,127,9.740401802034105e-31
31,128,1.0584832236030068e-30
31,129,1.4684288211548077e-15
31,130,2.2914771941507714e-16
31,131,1.0270214722818796e-15
31,132,7.089313395027029e-16
31,133,1.7791516155739966e-30
31,134,9.285819554329554e-31
31,135,2.3055512673781007e-16
31,136,2.2425620553003556e-16
31,137,9.52905877814276e-31
31,138,3.2469110251142456e-31
31,139,4.977175294248816e-16
31,140,1.781044166365174e-30
31,141,1.5781217187960317e-16
31,142,2.2971826326221883e-16
31,143,1.7826341206873967e-16
31,144,7.232465569645735e-16
31,145,1.810560428136074e-30
31,146,1.452213987720552e-15
31,147,2.077055200774856e-16
31,148,1.6897388851902797e-30
31,149,1.7011633381672664e-30
32,33,7.187372759825056e-31
32,34,6.6472451363058635e-31
32,35,7.3324170827164545e-31
32,36,1.2211665321843944e-30
32,37,1.0876797171601839e-30
32,38,2.4175833557839785e-30
32,39,1.3533514050427541e-30
32,40,1.1219435182790102e-30
32,41,9.249598120421006e-32
32,42,3.006302370964313e-31
32,43,1.6614374650369953e-30
32,44,1.7921266114478278e-30
32,45,1.0297538175482775e-30
32,46,9.435110948383285e-31
32,47,1.953852725425244e-30
32,48,2.8071453862881682e-30
32,49,1.3340279342545355e-30
32,50,1.0074851536730186e-30
32,51,1.2185886553925722e-30
32,52,1.4991475813571287e-30
32,53,8.171698517869096e-31
32,54,9.086505239751533e-31
32,55,1.4414559564335212e-30
32,56,1.1299226461333246e-30
32,57,8.543399653048115e-31
32,58,1.255267440922441e-30
32,59,8.452230444293677e-31
32,60,1.7765491504138565e-30
32,61,1.2287674976427861e-30
32,62,4.43024218242575e-31
32,63,6.222159793542212e-31
32,64,1.4966634051839584e-30
32,65,6.400724853671055e-31
32,66,1.193421252866842e-30
32,67,1.633074199684728e-30
32,68,1.158786523191424e-30
32,69,8.594221200087754e-31
32,70,9.881040916709394e-31
32,71,1.393824290527866e-30
32,72,2.4745733812303898e-30
32,73,1.7991809867233864e-30
32,74,8.62610062169773e-31
32,75,1.658827728914104e-30
32,76,5.917704507175443e-31
32,77,1.2375887909717595e-30
32,78,1.8076231256357215e-30
32,79,1.1192646011258667e-30
32,80,3.364217459426424e-30
32,81,5.443278139550028e-31
32,82,1.1027274251195739e-30
32,83,9.354058452988413e-31
32,84,2.5468890703358055e-30
32,85,1.0829592680207133e-30
32,86,1.089913570528377e-30
32,87,1.7458620120020877e-30
32,88,4.708676507199793e-31
32,89,1.1523569102516366e-30
32,90,1.3634711884247188e-30
32,91,7.21614984699812e-31
32,92,1.2495083233004443e-30
32,93,1.192290691637957e-30
32,94,8.086085175741033e-31
32,95,8.701151311040033e-31
32,96,3.878007375321312e-31
32,97,1.9536626629741133e-30
32,98,4.898014914681958e-31
32,99,6.548216954909956e-31
32,100,5.483194557229159e-31
32,101,1.3826458017157727e-30
32,102,5.907011003895549e-31
32,103,1.5346532599496406e-30
32,104,6.062959959627051e-31
32,105,2.17518373730627e-30
32,106,3.3446516087627866e-30
32,107,8.387877413452155e-31
32,108,1.5481972754283295e-30
32,109,1.8073178437166722e-30
32,110,1.9578901873829252e-30
32,111,2.737995415991012e-31
32,112,1.8499196240842005e-31
32,113,1.3307679805594691e-30
32,114,2.2757932837135632e-30
32,115,1.2113797259003707e-30
32,116,2.16095012138781e-30
32,117,1.4345862600003577e-30
32,118,7.606097772393088e-31
32,119,6.045335557886269e-31
32,120,8.164406291088384e-31
32,121,7.874015093355089e-31
32,122,1.878832044084897e-30
32,123,5.0096759754168784e-31
32,124,5.592137738896164e-31
32,125,1.4159318064276617e-30
32,126,1.3736743955527372e-30
32,127,5.976201650531303e-31
32,128,7.767162320338205e-31
32,129,2.2548736224414645e-16
32,130,2.0609494188311095e-30
32,131,8.3312973296909805e-16
32,132,1.607379055132919e-30
32,133,9.503879965728883e-31
32,134,5.589696238746875e-31
32,135,8.585936847645097e-31
32,136,1.7630474548352307e-30
32,137,5.532443088204076e-31
32,138,1.973413127769442e-31
32,139,7.238489255815588e-31
32,140,1.0480914797311424e-30
32,141,1.2506534434181062e-30
32,142,1.188577566756632e-30
32,143,8.781027326259374e-31
32,144,9.148587459623844e-31
32,145,1.1468844343398944e-30
32,146,7.057233761315693e-16
32,147,1.7362940401130308e-30
32,148,9.95788426460263e-31
32,149,1.1313202549570418e-30
33,34,7.751275902592774e-31
33,35,7.259735949238747e-31
33,36,1.7145958990323265e-30
33,37,1.3013514883438059e-30
33,38,1.703843316479276e-30
33,39,1.787199681664808e-30
33,40,1.608580260082315e-30
33,41,6.428728839702318e-32
33,42,1.956909210682503e-31
33,43,1.315518226991921e-30
33,44,2.9100747956630365e-30
33,45,8.026156056643279e-31
33,46,1.5031189070466699e-30
33,47,1.6547534910576905e-30
33,48,3.877788227394361e-30
33,49,8.431457999916756e-31
33,50,9.990833842532765e-31
33,51,8.824160380259777e-31
33,52,1.0870582887342022e-30
33,53,6.979395465825739e-31
33,54,1.1036044584816912e-30
33,55,1.3021486560830305e-30
33,56,1.0941204290025409e-30
33,57,5.190593740539763e-31
33,58,1.8907144604150843e-30
33,59,7.688826875680803e-31
33,60,1.7604362127668973e-30
33,61,1.5055886212038172e-30
33,62,6.903897101236048e-31
33,63,9.96820233206423e-31
33,64,1.852552126094056e-30
33,65,6.248333476511043e-31
33,66,9.74132262485057e-31
33,67,1.5408691249963154e-30
33,68,1.780633202813015e-30
33,69,1.3150443237627586e-30
33,70,1.0096371118057963e-30
33,71,2.0377682111860226e-30
33,72,2.1692429074278724e-30
33,73,1.566384018465538e-30
33,74,1.3570456888435154e-30
33,75,1.5979353938301056e-30
33,76,1.5701164162106305e-16
33,77,1.632635018280652e-30
33,78,1.2333445626459643e-30
33,79,8.148348196638424e-31
33,80,2.3447515794449107e-30
33,81,8.77149126726066e-31
33,82,7.126750835441151e-31
33,83,1.0592417327570139e-30
33,84,3.6936169595063704e-16
33,85,1.641984082253784e-30
33,86,6.9944312597306715e-31
33,87,1.758085304879556e-30
33,88,9.108474824849116e-31
33,89,6.971887175133348e-31
33,90,9.485847848472115e-31
33,91,1.0421033130687059e-30
33,92,7.329049063224988e-31
33,93,1.513213923534186e-30
33,94,8.10169727765454e-31
33,95,6.185934290267772e-31
33,96,2.500350165256952e-31
33,97,5.236874749294736e-16
33,98,5.133369781442083e-31
33,99,7.329527614051767e-31
33,100,4.702277590705159e-31
33,101,1.1590632452047954e-30
33,102,7.997598630643006e-31
33,103,2.64668129950619e-30
33,104,1.0459329981344627e-30
33,105,1.8689904317689285e-30
33,106,3.2290086560439864e-30
33,107,1.0134931736983036e-30
33,108,1.758737044282703e-30
33,109,1.869826474650414e-30
33,110,3.1471902872552467e-30
33,111,3.801069684613486e-31
33,112,1.285745767940463e-31
33,113,2.1971091703493556e-30
33,114,2.8814947631425967e-30
33,115,1.0357347372459563e-30
33,116,1.5900609657902952e-30
33,117,9.558860426250106e-31
33,118,4.824633997718282e-31
33,119,4.73113633347485e-31
33,120,1.1167816071706268e-30
33,121,8.969965085362178e-31
33,122,2.8651304031146924e-30
33,123,3.553760903630994e-31
33,124,7.339371681177426e-31
33,125,1.1298560982041269e-30
33,126,1.1041515985528607e-30
33,127,7.860559789727964e-31
33,128,8.396397698863905e-31
33,129,7.212232504608292e-16
33,130,2.0015297086764676e-30
33,131,5.790484161389865e-16
33,132,2.5459635010405296e-30
33,133,8.864784647554585e-31
33,134,5.3910593786194e-31
33,135,3.7042459024127786e-16
33,136,1.2861864565551569e-30
33,137,7.710115532162128e-31
33,138,2.0186345604887025e-31
33,139,8.844947061399734e-31
33,140,1.3183465157555287e-30
33,141,2.0944677402856012e-30
33,142,7.360630532395473e-31
33,143,7.800418086399741e-31
33,144,1.2671961108051367e-30
33,145,1.6184897858428484e-30
33,146,1.0236000785117217e-15
33,147,1.2530964850365138e-30
33,148,1.2231250524384621e-30
33,149,1.3193003676028214e-30
34,35,6.452288563057885e-31
34,36,1.2640321888482964e-30
34,37,9.573348638811041e-31
34,38,2.0671847057432846e-30
34,39,1.4043157134099031e-30
34,40,1.1094383333421732e-30
34,41,7.591682630970629e-32
34,42,2.5223669619392386e-31
34,43,1.626134977057281e-30
34,44,2.1456904440828888e-30
34,45,9.445257655452954e-31
34,46,1.194360443263908e-30
34,47,1.8683048718746618e-30
34,48,2.954606022017056e-30
34,49,9.58881163255103e-31
34,50,8.729350035301312e-31
34,51,1.053005109344263e-30
34,52,1.3164243970461099e-30
34,53,7.071971639057224e-31
34,54,9.655961424326575e-31
34,55,1.3529831814852426e-30
34,56,9.922539949631378e-31
34,57,6.456420615644801e-31
34,58,1.3549105415351101e-30
34,59,8.031919477254197e-31
34,60,1.4845439418246145e-30
34,61,1.2188006679964045e-30
34,62,4.617338190783824e-31
34,63,6.648272774541966e-31
34,64,1.5779475460988532e-30
34,65,5.386590958139003e-31
34,66,1.057905740985355e-30
34,67,1.3217358922768247e-30
34,68,1.411321890464605e-30
34,69,1.1296900161290807e-30
34,70,9.38307960809296e-31
34,71,1.4912780386168612e-30
34,72,2.1138599206002364e-30
34,73,1.5438779546854523e-30
34,74,9.119581672742818e-31
34,75,1.479419749947782e-30
34,76,1.0734738932604893e-30
34,77,1.2554939845689923e-30
34,78,1.4997786787883858e-30
34,79,1.0084953582771236e-30
34,80,2.642442751534903e-30
34,81,6.99815642467202e-31
34,82,7.105948980002513e-31
34,83,8.105614247440152e-31
34,84,2.456268074284495e-30
34,85,1.2257233028978056e-30
34,86,9.101944378094967e-31
34,87,1.6597731224959902e-30
34,88,5.871820980663352e-31
34,89,9.610240504907732e-31
34,90,1.2334408778892257e-30
34,91,5.908307836984065e-31
34,92,1.00690407176742e-30
34,93,1.10632934251714e-30
34,94,6.436131155733187e-31
34,95,7.60332985323224e-31
34,96,3.227618635594206e-31
34,97,5.002865512236695e-16
34,98,4.072621817214361e-31
34,99,6.340869974257037e-31
34,100,5.297075167005549e-31
34,101,1.0384950122689846e-30
34,102,6.088625458656764e-31
34,103,1.6404657806671436e-30
34,104,7.556407963151617e-31
34,105,2.1114737770934866e-30
34,106,3.3668865342285256e-30
34,107,6.929571643261366e-31
34,108,1.529900554146129e-30
34,109,1.508988802248659e-30
34,110,2.0728505694362543e-30
34,111,2.523948789684243e-31
34,112,1.5183365261941255e-31
34,113,1.4817120022369979e-30
34,114,2.0205482729296573e-30
34,115,1.5491975722365594e-30
34,116,1.810709696497274e-30
34,117,1.2010920320079771e-30
34,118,6.208796370047727e-31
34,119,4.979964084040573e-31
34,120,1.6635160886351007e-30
34,121,7.510709007718e-31
34,122,1.8324180354814288e-30
34,123,4.071338364283016e-31
34,124,5.5655636632976145e-31
34,125,1.1288278068152545e-30
34,126,1.3881701490507177e-30
34,127,5.927182070702999e-31
34,128,6.370240300692072e-31
34,129,3.9350319887992505e-16
34,130,1.9273473566461144e-30
34,131,6.83797981359088e-16
34,132,1.81425055823017e-30
34,133,9.949852732588278e-31
34,134,5.5882670576978985e-31
34,135,6.894691135383656e-16
34,136,1.4128449226163318e-30
34,137,5.820071512059803e-31
34,138,1.8891955186008977e-31
34,139,8.811884044237532e-31
34,140,8.539997064257088e-31
34,141,1.5394538054324602e-30
34,142,9.493440717768878e-31
34,143,8.315221378793547e-31
34,144,8.81997917612196e-31
34,145,1.0531446851460252e-30
34,146,7.551608150142994e-16
34,147,1.4733218987933185e-30
34,148,1.0335211420537973e-30
34,149,1.2295226860431837e-30
35,36,1.228367198328836e-30
35,37,1.0587330413344634e-30
35,38,2.4921441114049815e-30
35,39,1.3393006024706593e-30
35,40,1.119749800403759e-30
35,41,8.75923440637018e-32
35,42,2.855251986134722e-31
35,43,1.5625450197521195e-30
35,44,1.956728081973664e-30
35,45,9.250441712633844e-31
35,46,1.0413348958423387e-30
35,47,2.0107036857090576e-30
35,48,2.8451880906095267e-30
35,49,1.152571336431778e-30
35,50,8.93229812786129e-31
35,51,1.1863661910597459e-30
35,52,1.4064201172920107e-30
35,53,7.825967140165718e-31
35,54,9.92427094819454e-31
35,55,1.4820697418470842e-30
35,56,1.2451221107353167e-30
35,57,7.315119464453388e-31
35,58,1.290258581783612e-30
35,59,8.548674582614264e-31
35,60,1.6752248798556606e-30
35,61,1.23097029134697e-30
35,62,4.523749579115433e-31
35,63,6.417866513336945e-31
35,64,1.4979659951361938e-30
35,65,6.072190899648131e-31
35,66,1.1878797833013275e-30
35,67,1.3612191169169804e-30
35,68,1.1666444428420833e-30
35,69,9.219505466077222e-31
35,70,1.0064391999102033e-30
35,71,1.4284712061784069e-30
35,72,2.4295801552802023e-30
35,73,1.6665001759817547e-30
35,74,8.879404264952225e-31
35,75,1.7577200929355236e-30
35,76,5.503822100434024e-31
35,77,1.2672587576707892e-30
35,78,1.6931020989418607e-30
35,79,1.0810159421591258e-30
35,80,3.0411464812001357e-30
35,81,6.023334091355926e-31
35,82,8.79184286706877e-31
35,83,8.784875910884792e-31
35,84,3.197469856128037e-30
35,85,1.161851177225389e-30
35,86,1.114314378601637e-30
35,87,1.7204261990630783e-30
35,88,5.4807327980394065e-31
35,89,1.0323252786977236e-30
35,90,1.3118646171500566e-30
35,91,6.52527697481619e-31
35,92,1.0671560114860476e-30
35,93,1.1094076653686667e-30
35,94,6.3033733440396755e-31
35,95,8.17016769325059e-31
35,96,3.6771628336139407e-31
35,97,6.212635494839161e-16
35,98,4.493351799486213e-31
35,99,6.134916872134597e-31
35,100,5.775502090438397e-31
35,101,1.4265181872556525e-30
35,102,5.977202717448222e-31
35,103,1.5748900482161428e-30
35,104,7.723573889354624e-31
35,105,1.9829215460942027e-30
35,106,3.9300291056995446e-30
35,107,7.903469000470024e-31
35,108,1.5847420766435727e-30
35,109,1.7550369845672406e-30
35,110,2.024894169024624e-30
35,111,2.4300081391526677e-31
35,112,1.7518468812740352e-31
35,113,1.4144818180796523e-30
35,114,2.1666175037849684e-30
35,115,1.3935226632489047e-30
35,116,2.0754669879393482e-30
35,117,1.4311680837749514e-30
35,118,7.120227177733381e-31
35,119,5.7387305284650525e-31
35,120,1.016698785351327e-30
35,121,7.773053370454653e-31
35,122,1.8657538534328263e-30
35,123,4.526292783934344e-31
35,124,5.865245233458458e-31
35,125,1.3169824025351002e-30
35,126,1.1601224329109478e-30
35,127,5.573633565844368e-31
35,128,7.008459560442374e-31
35,129,1.7772239894833402e-16
35,130,1.8555924168423533e-30
35,131,7.889616961715917e-16
35,132,1.6823709912950562e-30
35,133,1.0489860329385999e-30
35,134,5.996766267853702e-31
35,135,8.260777430971298e-31
35,136,1.6756781749918398e-30
35,137,5.409409395537521e-31
35,138,1.9470425783876623e-31
35,139,7.963349421440187e-31
35,140,1.0471496762825917e-30
35,141,1.3425772501023845e-30
35,142,1.0815946200876677e-30
35,143,9.239849311052079e-31
35,144,8.954270789167977e-31
35,145,1.0336061250993463e-30
35,146,7.276958217941974e-16
35,147,1.6799082472089593e-30
35,148,9.914836761479692e-31
35,149,1.0234312987706153e-30
36,37,1.7884552682196405e-30
36,38,1.7255547889500294e-30
36,39,3.0753613765826953e-30
36,40,2.301295848068643e-30
36,41,4.8746957119151435e-32
36,42,2.2719073219730767e-31
36,43,2.194922660456611e-30
36,44,4.4917827813463534e-30
36,45,1.1543721373817964e-30
36,46,2.300801034116033e-30
36,47,2.153167523863145e-30
36,48,6.476431766541361e-30
36,49,9.771905036418741e-31
36,50,1.2241527922953143e-30
36,51,8.283433133979723e-31
36,52,1.2813153059541718e-30
36,53,1.171885254231195e-30
36,54,1.2530977083540658e-30
36,55,1.2332250550301824e-30
36,56,1.8232791560333103e-30
36,57,8.148723568812997e-31
36,58,3.0951297809180083e-30
36,59,1.151713131367603e-30
36,60,2.2225420531616116e-30
36,61,2.2597595460100617e-30
36,62,1.0556957998387325e-30
36,63,1.530686030917959e-30
36,64,3.056514887065506e-30
36,65,1.0048408894552666e-30
36,66,8.330958463706321e-31
36,67,2.5956832395776516e-30
36,68,2.7223781815955126e-30
36,69,2.1932699108142257e-30
36,70,1.6765388977935792e-30
36,71,3.369695885080926e-30
36,72,2.2305292181611315e-30
36,73,1.5526505722232233e-30
36,74,2.0746878004522026e-30
36,75,2.5834832937241488e-30
36,76,1.0698168776186266e-30
36,77,2.7047435209492054e-30
36,78,1.647560995598134e-30
36,79,1.1345999426993944e-30
36,80,3.230483437704709e-30
36,81,1.242186123513506e-30
36,82,7.457282280660903e-31
36,83,1.355655940207454e-30
36,84,6.769336061679769e-16
36,85,2.58384132058348e-30
36,86,6.023490354360891e-31
36,87,2.9602129506910833e-30
36,88,1.236725637672203e-30
36,89,1.1597992872895586e-30
36,90,1.1290647439158405e-30
36,91,1.3848844954927698e-30
36,92,9.817590419666112e-31
36,93,2.525960839067322e-30
36,94,9.420542116496765e-31
36,95,9.395503408693355e-31
36,96,2.5829699520425017e-31
36,97,5.628636387720388e-16
36,98,7.961397998905117e-31
36,99,1.1938828209769824e-30
36,100,3.6451751888336895e-31
36,101,1.745826728191074e-30
36,102,1.3186702616126961e-30
36,103,3.620249987803537e-30
36,104,1.168079672671867e-30
36,105,1.5860365909307782e-30
36,106,3.3505858657924506e-30
36,107,1.4755368286962276e-30
36,108,2.4108470242716043e-30
36,109,2.512980808554387e-30
36,110,4.7059300731370916e-30
36,111,5.889431365235459e-31
36,112,9.749391423830283e-32
36,113,3.353449938839284e-30
36,114,4.6176647232060264e-30
36,115,1.4936099509197345e-30
36,116,1.2615474278834848e-30
36,117,1.0857295098095535e-30
36,118,5.987615187685608e-31
36,119,4.3210315375030425e-31
36,120,1.5242451373124507e-30
36,121,1.2122313287741668e-30
36,122,4.0252946927002334e-30
36,123,5.486704660679331e-31
36,124,1.0825347352160943e-30
36,125,1.8441219366779844e-30
36,126,1.821515133896127e-30
36,127,1.3676282424474506e-30
36,128,1.4263640167508235e-30
36,129,5.450014180468905e-16
36,130,3.278961631517444e-30
36,131,4.3907355583451204e-16
36,132,4.029534902871957e-30
36,133,6.853847433649537e-31
36,134,4.93543160368921e-31
36,135,3.1798006553922487e-16
36,136,9.201638565926292e-31
36,137,1.3372142698529376e-30
36,138,3.3859896450964293e-31
36,139,1.2865276124708267e-30
36,140,2.2427544113107985e-30
36,141,3.1074182007561358e-30
36,142,1.1548874186191261e-30
36,143,1.3645176754103926e-30
36,144,1.995383623548487e-30
36,145,2.4405042279056426e-30
36,146,1.6805417382357053e-15
36,147,1.8654546610583823e-30
36,148,2.194489415675429e-30
36,149,2.3604457925542937e-30
37,38,4.100888916022501e-30
37,39,1.7800270554157612e-30
37,40,2.5311616012161055e-30
37,41,1.5250300872293707e-31
37,42,4.057752328980302e-31
37,43,1.9878117819502367e-30
37,44,3.758222704105061e-30
37,45,1.436914447593657e-30
37,46,2.0799954889926714e-30
37,47,2.4437144667766992e-30
37,48,3.88203093901924e-30
37,49,2.031913652428554e-30
37,50,1.964858583039242e-30
37,51,2.0153938191178713e-30
37,52,2.4764305653891752e-30
37,53,8.03903547609462e-31
37,54,1.4304314672918837e-30
37,55,2.76701461070247e-30
37,56,1.9231360222789806e-30
37,57,9.53000515437631e-31
37,58,2.205102577702568e-30
37,59,9.55371253702724e-31
37,60,3.68172825473732e-30
37,61,1.780356688787751e-30
37,62,9.559636689133961e-31
37,63,1.286197706149751e-30
37,64,1.7281729684545626e-30
37,65,1.0801252097383118e-30
37,66,2.175118442612756e-30
37,67,1.700497137707941e-30
37,68,2.4962924005513755e-30
37,69,1.506170220587238e-30
37,70,1.3909528216787807e-30
37,71,2.1639143731376567e-30
37,72,4.702358746469544e-30
37,73,3.397007013677415e-30
37,74,1.8308115476497362e-30
37,75,1.8986788558565358e-30
37,76,8.979173849667018e-31
37,77,1.6092131065606156e-30
37,78,2.950438547155339e-30
37,79,1.5343089010485548e-30
37,80,5.447997990531377e-30
37,81,8.460823389834067e-31
37,82,1.3898954368932606e-30
37,83,1.921809153096415e-30
37,84,3.362378043474544e-16
37,85,2.3866482780876048e-30
37,86,1.6926944546712545e-30
37,87,1.7391068169462486e-30
37,88,9.204214204621188e-31
37,89,1.600274799429627e-30
37,90,1.84866656801139e-30
37,91,1.5612240590780976e-30
37,92,1.7773691156688777e-30
37,93,2.124447122910852e-30
37,94,1.241172896986019e-30
37,95,1.1576642953723906e-30
37,96,5.47341997129376e-31
37,97,3.475036931870194e-16
37,98,9.326344502969145e-31
37,99,8.380746700112048e-31
37,100,9.816026612494963e-31
37,101,2.0751540446877734e-30
37,102,8.6318604171091e-31
37,103,3.3863568117909606e-30
37,104,8.219181562666892e-31
37,105,3.9805606087325135e-30
37,106,5.026436181665502e-30
37,107,1.7131190953885688e-30
37,108,1.757050838804722e-30
37,109,3.5891103149417e-30
37,110,4.258304880572775e-30
37,111,5.090320086645466e-31
37,112,3.0500601744587406e-31
37,113,2.7309187114410986e-30
37,114,3.1724489928965086e-30
37,115,1.90790683424218e-30
37,116,3.6075423802082525e-30
37,117,2.1944797914223825e-30
37,118,1.1444775620382487e-30
37,119,1.0826615436834197e-30
37,120,8.225659790520804e-31
37,121,1.668700728406837e-30
37,122,4.2333075170650525e-30
37,123,6.574643610874582e-31
37,124,1.2445116491865313e-30
37,125,1.8994042412830045e-30
37,126,1.4948707191486001e-30
37,127,8.784420724515977e-31
37,128,1.3654300484662237e-30
37,129,2.552343636129318e-16
37,130,3.045234500980388e-30
37,131,1.373624986514998e-15
37,132,3.2081113723370576e-30
37,133,1.676076317774706e-30
37,134,1.0979861900700419e-30
37,135,2.568855464698352e-16
37,136,2.869877539404939e-30
37,137,8.79511749751017e-31
37,138,1.9656657180321165e-31
37,139,1.1942252068891094e-30
37,140,1.3851726613275784e-30
37,141,2.5097495008948945e-30
37,142,1.408225378880034e-30
37,143,1.423412382375268e-30
37,144,1.4976847386129111e-30
37,145,2.1476443931106782e-30
37,146,1.0452209193367676e-15
37,147,2.72157470199295e-30
37,148,1.1926912932893039e-30
37,149,1.3757081099174671e-30
38,39,1.8842497610128742e-30
38,40,3.69954093924876e-30
38,41,3.26119088594924e-31
38,42,9.684563082022981e-31
38,43,4.844655171346035e-30
38,44,6.0938954547476664e-30
38,45,2.7896300674937405e-16
38,46,3.0874073941896185e-30
38,47,6.1416078966973395e-30
38,48,3.966622607234801e-30
38,49,4.363478585337371e-30
38,50,3.571294297737734e-30
38,51,4.348585033750093e-30
38,52,5.2610101134231464e-30
38,53,2.0955607962519344e-30
38,54,3.2317644996379696e-30
38,55,5.539389112436429e-30
38,56,4.1671021383095914e-30
38,57,2.3804045418568338e-30
38,58,2.330899985840233e-30
38,59,2.42892692370599e-30
38,60,6.658243677283477e-30
38,61,3.7111337621010765e-30
38,62,1.2652943254745589e-30
38,63,1.736015741275208e-30
38,64,3.164623442517632e-30
38,65,2.188278573242039e-30
38,66,4.449161395879621e-30
38,67,3.848878770729802e-30
38,68,3.5285163866813126e-30
38,69,1.6823943464628364e-30
38,70,3.103442630479936e-30
38,71,1.9932253506468188e-30
38,72,9.163437697743205e-30
38,73,6.455119460626732e-30
38,74,2.2473793184384038e-30
38,75,4.8169859304803144e-30
38,76,3.7470429027448225e-16
38,77,2.3427150849006135e-30
38,78,6.229149006787346e-30
38,79,3.580330849681609e-30
38,80,1.1494423203030248e-29
38,81,1.3364086780133156e-30
38,82,3.192743432182702e-30
38,83,3.3142108136655226e-30
38,84,5.906219173517307e-16
38,85,3.583891859032206e-30
38,86,3.8192835298296584e-30
38,87,4.0493242789668246e-30
38,88,1.0389567793527388e-30
38,89,3.621690293637702e-30
38,90,4.460602467769567e-30
38,91,1.9940676999127592e-30
38,92,3.921269657621126e-30
38,93,3.8265437186673486e-30
38,94,2.3518613978837222e-30
38,95,2.7389824110843294e-30
38,96,1.2789800891321801e-30
38,97,1.0569520808929645e-15
38,98,1.7251499887279908e-30
38,99,1.764836919200509e-30
38,100,2.1034292643698945e-30
38,101,4.611495313514629e-30
38,102,1.3602142557845287e-30
38,103,3.710488585985333e-30
38,104,2.02050685553372e-30
38,105,7.874706311781777e-30
38,106,1.77366230299754e-16
38,107,3.0565658421129583e-30
38,108,4.4310588127047805e-30
38,109,6.58560812643059e-30
38,110,5.076786685731355e-30
38,111,6.924733286685326e-31
38,112,6.522381771898478e-31
38,113,2.8192175067506188e-30
38,114,5.176728127766092e-30
38,115,4.209553099330546e-30
38,116,6.829944988903983e-16
38,117,4.9645325116759104e-30
38,118,2.54821220878384e-30
38,119,2.181663110498915e-30
38,120,2.485053396046712e-30
38,121,3.0028848029575733e-30
38,122,6.07511163133625e-30
38,123,1.5483346783744742e-30
38,124,2.135316520522862e-30
38,125,4.300644936832677e-30
38,126,3.71590928508051e-30
38,127,9.098512767994445e-31
38,128,2.6297801060144445e-30
38,129,6.179342156448482e-16
38,130,6.424947104729591e-30
38,131,2.9374196117490123e-15
38,132,4.1902506301233796e-30
38,133,3.706216483395774e-30
38,134,2.2144680544871775e-30
38,135,4.7729806022726e-16
38,136,6.1706387393374805e-30
38,137,9.048951891341936e-31
38,138,4.288125846197631e-31
38,139,2.4829332239742825e-30
38,140,1.9998445541333848e-30
38,141,3.014272463946976e-30
38,142,3.507303634931875e-30
38,143,2.9909927234115605e-30
38,144,2.03452364924163e-30
38,145,2.694607889446129e-30
38,146,9.913531085148428e-16
38,147,5.8513560512271505e-30
38,148,1.6471482239636296e-30
38,149,2.1924777395592213e-30
39,40,2.2751159461470675e-30
39,41,3.261140272243894e-32
39,42,2.574612262487023e-31
39,43,2.4993557202331812e-30
39,44,4.761877468630717e-30
39,45,1.3115726772759846e-30
39,46,2.380150512808854e-30
39,47,2.455375276823145e-30
39,48,6.970189710661972e-30
39,49,1.0227155938144522e-30
39,50,1.1472106853175805e-30
39,51,9.319069090034187e-31
39,52,1.240286338465592e-30
39,53,1.3211388810512161e-30
39,54,1.3295572037401464e-30
39,55,9.694164581793178e-31
39,56,1.9236794171068858e-30
39,57,9.440550652913867e-31
39,58,3.266150375342565e-30
39,59,1.3041763010724297e-30
39,60,2.206625393545056e-30
39,61,2.45004652483571e-30
39,62,1.0821214814442845e-30
39,63,1.580272807904903e-30
39,64,3.351532164597741e-30
39,65,1.0800251017298162e-30
39,66,5.63842489530493e-31
39,67,2.8812912020866386e-30
39,68,2.804985584581584e-30
39,69,2.333252418359547e-30
39,70,1.8252308149681003e-30
39,71,3.584465645518996e-30
39,72,1.878958095738846e-30
39,73,1.2363436733778773e-30
39,74,2.1201380611764994e-30
39,75,2.8785860575353242e-30
39,76,6.310347374986473e-31
39,77,2.908546581968097e-30
39,78,1.842575792440785e-30
39,79,1.2940236276497762e-30
39,80,3.511029793443497e-30
39,81,1.3252674002003922e-30
39,82,8.49235225344702e-31
39,83,1.2639940943728905e-30
39,84,4.855818014379191e-30
39,85,2.6114653661376866e-30
39,86,5.95141338851205e-31
39,87,3.3115944788316464e-30
39,88,1.2876866167119482e-30
39,89,1.3261427187111788e-30
39,90,1.3020758150135912e-30
39,91,1.3750919456213974e-30
39,92,1.1409309833649032e-30
39,93,2.6921870162041744e-30
39,94,9.070407153021999e-31
39,95,1.0807318799473181e-30
39,96,2.824448422610745e-31
39,97,2.305551267378101e-16
39,98,8.229054511593335e-31
39,99,1.3075096521776149e-30
39,100,2.3340200376005945e-31
39,101,1.89207721895257e-30
39,102,1.4192288009064727e-30
39,103,3.637394061885164e-30
39,104,1.2611023036778276e-30
39,105,1.262397550086243e-30
39,106,3.556780572513448e-30
39,107,1.5289978648631802e-30
39,108,2.6655482520630896e-30
39,109,2.5983715721059235e-30
39,110,4.767570446949705e-30
39,111,6.152344684758277e-31
39,112,6.522280544487786e-32
39,113,3.4435189835578944e-30
39,114,4.959410742017702e-30
39,115,1.5980720940390466e-30
39,116,1.325336887239435e-30
39,117,1.2348560449062738e-30
39,118,6.856593723884695e-31
39,119,3.65931666623652e-31
39,120,1.6097412371344306e-30
39,121,1.1812034468867552e-30
39,122,4.0340051333989946e-30
39,123,6.132090406254633e-31
39,124,1.0926996831250247e-30
39,125,2.0697567455720838e-30
39,126,2.0668684618672004e-30
39,127,1.4553034478498424e-30
39,128,1.5095919630414126e-30
39,129,3.8857805861880533e-16
39,130,3.61245707626808e-30
39,131,2.9373740229761053e-16
39,132,4.218045688750553e-30
39,133,7.172865561163731e-31
39,134,3.4265843178636343e-31
39,135,1.002549473674816e-30
39,136,7.2257186922894215e-31
39,137,1.408322086383875e-30
39,138,3.7901181893817243e-31
39,139,1.3689687330880203e-30
39,140,2.3750637995916015e-30
39,141,3.2289793359980204e-30
39,142,1.276699079827364e-30
39,143,1.5154702976770091e-30
39,144,2.161092054835658e-30
39,145,2.53186397534529e-30
39,146,1.796892192582851e-15
39,147,2.086241635592515e-30
39,148,2.381109610269529e-30
39,149,2.5642619791187852e-30
40,41,1.3989412112026353e-31
40,42,3.1505756159189943e-31
40,43,1.7270078609254484e-30
40,44,4.668283353643993e-30
40,45,1.3437657981860131e-30
40,46,2.6536764423346616e-30
40,47,1.5735472180354153e-30
40,48,4.939495817318637e-30
40,49,2.0369304016031678e-30
40,50,2.1627120422631814e-30
40,51,1.8629788924312274e-30
40,52,2.6806277278921758e-30
40,53,5.911262066989772e-31
40,54,1.4513999198648887e-30
40,55,2.681789381354454e-30
40,56,1.9951828130417824e-30
40,57,8.179197239438811e-31
40,58,2.8138397264859942e-30
40,59,6.097442698235327e-31
40,60,3.790494496685424e-30
40,61,2.053608171535053e-30
40,62,1.1590141440446244e-30
40,63,1.6038903440873837e-30
40,64,2.1675992327063528e-30
40,65,1.1631630223326932e-30
40,66,2.0857723995556336e-30
40,67,1.9366611451463114e-30
40,68,3.0471930214092632e-30
40,69,1.97911219791096e-30
40,70,1.713285151476791e-30
40,71,2.783218945832802e-30
40,72,4.74535241407093e-30
40,73,3.541953345630888e-30
40,74,2.25531876877179e-30
40,75,1.4849286245101328e-30
40,76,1.20632316910026e-30
40,77,2.0498628359007384e-30
40,78,2.7450125812855806e-30
40,79,1.2723056440299155e-30
40,80,5.469860104717576e-30
40,81,1.0544995304815686e-30
40,82,1.605195774053894e-30
40,83,2.225078962433184e-30
40,84,3.2554920992550396e-30
40,85,2.8924078822553458e-30
40,86,1.5482019874673588e-30
40,87,1.5904219779741822e-30
40,88,1.1924547195251848e-30
40,89,1.474757109561227e-30
40,90,1.609550490234168e-30
40,91,1.692893267312831e-30
40,92,1.6487688958302136e-30
40,93,2.4661603702736065e-30
40,94,1.6392220506410873e-30
40,95,9.897618306147785e-31
40,96,4.417159119020891e-31
40,97,6.383782391594652e-16
40,98,1.0146807455898495e-30
40,99,9.291648420019704e-31
40,100,8.76910147747886e-31
40,101,2.2563016240041873e-30
40,102,1.1027202060363532e-30
40,103,4.2524092415639574e-30
40,104,8.932330554604828e-31
40,105,3.565771094928091e-30
40,106,3.957223279407881e-30
40,107,1.8171282035848515e-30
40,108,1.861353448376094e-30
40,109,3.725983060333389e-30
40,110,5.2857090139170164e-30
40,111,5.753152371181874e-31
40,112,2.79788242240527e-31
40,113,3.4859337056213664e-30
40,114,3.857929306336587e-30
40,115,1.944794685061931e-30
40,116,3.2524893581677524e-30
40,117,1.870371234745665e-30
40,118,1.0466442219762375e-30
40,119,1.0677805831417223e-30
40,120,9.367164194647046e-31
40,121,1.770691638684937e-30
40,122,5.070424812615492e-30
40,123,6.869967519284304e-31
40,124,1.3993832868376918e-30
40,125,1.8781882608251315e-30
40,126,1.4805262228910507e-30
40,127,1.1084230718215087e-30
40,128,1.4868998037931827e-30
40,129,4.050792900924362e-16
40,130,3.259229272220853e-30
40,131,1.2600542234970842e-15
40,132,3.991897031927403e-30
40,133,1.4496784283489365e-30
40,134,1.0522189251995236e-30
40,135,1.2738115944464633e-16
40,136,2.6130985797477056e-30
40,137,1.1320625220580066e-30
40,138,1.7629115245766733e-31
40,139,1.3731521824980968e-30
40,140,1.7462900807535948e-30
40,141,3.1452394149898956e-30
40,142,1.2680087233056722e-30
40,143,1.305764437535038e-30
40,144,1.802777409803519e-30
40,145,2.4234464401756787e-30
40,146,1.3346507429150723e-15
40,147,2.2625676328499588e-30
40,148,1.5210119234885064e-30
40,149,1.7664612043886653e-30
41,42,3.606789127699445e-32
41,43,1.79475178466421e-31
41,44,2.3172963243452467e-31
41,45,1.2287372671062794e-31
41,46,1.212866519827956e-31
41,47,2.199759378486473e-31
41,48,7.883807812588978e-32
41,49,1.678739352116547e-31
41,50,1.3835202982428346e-31
41,51,1.6288221597722962e-31
41,52,1.9754827414304852e-31
41,53,7.461083427325873e-32
41,54,1.1783417983012084e-31
41,55,2.052430569157625e-31
41,56,1.497070823589239e-31
41,57,9.075034215083873e-32
41,58,8.522974437076672e-32
41,59,8.65014877540191e-32
41,60,2.4834909572336792e-31
41,61,1.3680611241877528e-31
41,62,4.622231866529366e-32
41,63,6.153820855050813e-32
41,64,1.1119005893055032e-31
41,65,8.268499729060317e-32
41,66,1.6640748011604537e-31
41,67,1.4629158991545019e-31
41,68,1.306763336695061e-31
41,69,6.175481678290996e-32
41,70,1.1432191018405725e-31
41,71,2.541060028239525e-32
41,72,3.4535785214113283e-31
41,73,2.4697778703463133e-31
41,74,7.899975886609166e-32
41,75,1.677076970891334e-31
41,76,6.139821166016678e-32
41,77,7.411603025609267e-32
41,78,2.352499579473386e-31
41,79,1.3306099316929542e-31
41,80,4.374413994457356e-31
41,81,4.8342471181799506e-32
41,82,1.2638796952362363e-31
41,83,1.2705300141197627e-31
41,84,2.9573957139219833e-31
41,85,1.2343167666219657e-31
41,86,1.4133557324403356e-31
41,87,1.3704828711484461e-31
41,88,3.593601554740496e-32
41,89,1.3713324475027636e-31
41,90,1.6559693998483082e-31
41,91,6.84938240966983e-32
41,92,1.5115004464537238e-31
41,93,1.4362066496146275e-31
41,94,9.431631120238216e-32
41,95,1.0238704405987514e-31
41,96,4.7837556655081284e-32
41,97,2.569165212991357e-31
41,98,6.580962082860027e-32
41,99,6.532289054203119e-32
41,100,7.726124282215682e-32
41,101,1.720208024068835e-31
41,102,5.082120056479053e-32
41,103,1.331830340136435e-31
41,104,6.652018167085886e-32
41,105,2.9927984637181896e-31
41,106,4.337246722875109e-31
41,107,1.1558275653750376e-31
41,108,1.6164049036501401e-31
41,109,2.4634834843644702e-31
41,110,1.80948984795145e-31
41,111,2.501337429252508e-32
41,112,2.465190328815662e-32
41,113,8.715763992105246e-32
41,114,1.899124157358852e-31
41,115,1.5266199293209558e-31
41,116,2.8966206880482734e-31
41,117,1.8402419348425406e-31
41,118,9.626875983340369e-32
41,119,8.26849972906032e-32
41,120,7.308491790537847e-32
41,121,1.1215264059964485e-31
41,122,2.29307013395022e-31
41,123,5.905291910337952e-32
41,124,7.841160701949342e-32
41,125,1.6299876856171613e-31
41,126,1.4065777216803438e-31
41,127,3.206080486323603e-32
41,128,9.908792584929625e-32
41,129,1.2887105178174761e-31
41,130,2.452775942487604e-31
41,131,1.110223024625157e-16
41,132,1.5143639936282866e-31
41,133,1.3386750997977505e-31
41,134,8.106129088575988e-32
41,135,1.0885985737042017e-31
41,136,2.3423995773548253e-31
41,137,2.2220925335807e-32
41,138,1.3780832881767197e-32
41,139,8.815964042522176e-32
41,140,7.272572608360959e-32
41,141,1.026764534337343e-31
41,142,1.3273220787091984e-31
41,143,1.0733910989714462e-31
41,144,7.611517826914162e-32
41,145,9.015656376753933e-32
41,146,1.63128994857019e-31
41,147,2.1757178670052093e-31
41,148,4.884425653157338e-32
41,149,8.320730636564987e-32
42,43,6.126681775875068e-31
42,44,6.8402784691888175e-31
42,45,3.9358010523535807e-31
42,46,3.066009672306135e-31
42,47,7.630897867287488e-31
42,48,5.391350233106788e-31
42,49,4.90300755859434e-31
42,50,3.6551262561697332e-31
42,51,4.828235954764872e-31
42,52,5.573200099176301e-31
42,53,2.7860564019749675e-31
42,54,3.7331627816910576e-31
42,55,5.686694329946301e-31
42,56,4.513574202897526e-31
42,57,3.0419925477192195e-31
42,58,2.5305897909065826e-31
42,59,3.1392092622009495e-31
42,60,6.686540751596524e-31
42,61,4.509219231803382e-31
42,62,1.0679323454018608e-31
42,63,1.5355935324946466e-31
42,64,4.507057449509782e-31
42,65,2.499277463471208e-31
42,66,4.685668980495011e-31
42,67,5.1098338856449205e-31
42,68,3.16458058763104e-31
42,69,1.9233228166841356e-31
42,70,3.5553875194253854e-31
42,71,1.9280372197959495e-31
42,72,9.422039722496442e-31
42,73,6.635252317018041e-31
42,74,1.5853946645222165e-31
42,75,6.122347578155384e-31
42,76,1.758384816733641e-31
42,77,3.128875911796573e-31
42,78,7.087621272320296e-31
42,79,4.316280945610877e-31
42,80,1.2941994543088554e-30
42,81,1.760805867525769e-31
42,82,3.7643804879763634e-31
42,83,3.173591010270588e-31
42,84,1.0494410137055168e-30
42,85,2.8490800411707077e-31
42,86,4.209015713884223e-31
42,87,5.666947677952813e-31
42,88,1.1326816457870996e-31
42,89,4.314986982251619e-31
42,90,5.2424563266274815e-31
42,91,1.3576029305899047e-31
42,92,4.675136544602261e-31
42,93,4.364590861910491e-31
42,94,2.5230577380879064e-31
42,95,3.347769658535882e-31
42,96,1.5125857023966396e-31
42,97,6.242944682946135e-31
42,98,1.839965197274196e-31
42,99,2.275027939512237e-31
42,100,2.2366214944157924e-31
42,101,5.2174362479755165e-31
42,102,1.7777578318195602e-31
42,103,1.9939354913249224e-31
42,104,2.413941036008316e-31
42,105,8.73484900579667e-31
42,106,1.4016629373656027e-30
42,107,3.3260310572146982e-31
42,108,5.714946098013709e-31
42,109,6.864362643592792e-31
42,110,3.2979341388185747e-31
42,111,6.707067454839226e-32
42,112,7.213578255398888e-32
42,113,9.403820151744884e-32
42,114,6.562613126840901e-31
42,115,4.640662509067723e-31
42,116,8.58780472626369e-31
42,117,5.702205360025091e-31
42,118,2.9571687100888127e-31
42,119,2.3253550557916335e-31
42,120,2.8636576815503133e-31
42,121,2.9916795732295563e-31
42,122,5.337895576653078e-31
42,123,1.8586864329787996e-31
42,124,2.038137081227613e-31
42,125,5.24470323920328e-31
42,126,4.766972935424404e-31
42,127,1.133056408738961e-31
42,128,2.9374828565834212e-31
42,129,2.945685802432229e-31
42,130,7.824986607774479e-31
42,131,3.2487068343022366e-16
42,132,4.115890069801902e-31
42,133,4.001287446783575e-31
42,134,2.2239185171267107e-31
42,135,3.3853389839098223e-31
42,136,6.9132386337752444e-31
42,137,6.598639163918606e-32
42,138,6.156886265049056e-32
42,139,2.7093879219999556e-31
42,140,2.709579222977188e-31
42,141,2.5952193752279005e-31
42,142,4.336216987692853e-31
42,143,3.4655202748505184e-31
42,144,2.5095930754052227e-31
42,145,2.145307492256015e-31
42,146,1.1102230246251605e-16
42,147,6.851638799024569e-31
42,148,2.4550678492292024e-31
42,149,3.101253525077727e-31
43,44,3.9307013973615615e-30
43,45,2.0934481478441193e-30
43,46,1.564754884219123e-30
43,47,4.1950386672669764e-30
43,48,5.272339969668225e-30
43,49,2.493268314544663e-30
43,50,1.7728595820532536e-30
43,51,2.412755406919051e-30
43,52,2.698085808475298e-30
43,53,1.6548477785649776e-30
43,54,1.9611460713070577e-30
43,55,2.740208866751978e-30
43,56,2.3160527941910132e-30
43,57,1.6666320904731508e-30
43,58,2.2035464553760477e-30
43,59,1.806537324789934e-30
43,60,3.319578286570478e-30
43,61,2.5840620851359778e-30
43,62,6.7532429836737635e-31
43,63,1.0384594254748364e-30
43,64,3.081523847185606e-30
43,65,1.304232140769867e-30
43,66,2.281833404688793e-30
43,67,3.059490702946867e-30
43,68,2.790560580971316e-30
43,69,1.60510051051604e-30
43,70,1.9249990446186042e-30
43,71,2.48968526425924e-30
43,72,4.5976499650962116e-30
43,73,3.295406578865261e-30
43,74,1.3235041303137267e-30
43,75,3.5341328150263395e-30
43,76,1.3364842739095419e-30
43,77,2.3549549159990324e-30
43,78,3.610684253875036e-30
43,79,2.2914773007489333e-30
43,80,6.574337193498416e-30
43,81,1.188783730566265e-30
43,82,1.934538790768439e-30
43,83,1.5690989776242397e-30
43,84,5.929286664694171e-30
43,85,1.5290532449643998e-30
43,86,2.0964626529402925e-30
43,87,3.625728581581068e-30
43,88,9.9123625619228e-31
43,89,2.2702086645086106e-30
43,90,2.7194261144299113e-30
43,91,1.0314041230228599e-30
43,92,2.435799176775974e-30
43,93,2.4165101108142656e-30
43,94,1.2289516146042583e-30
43,95,1.7979652952590636e-30
43,96,7.837353691828954e-31
43,97,1.2914372585829534e-16
43,98,9.281563675654582e-31
43,99,1.3388059507023219e-30
43,100,1.0875988997014947e-30
43,101,2.6946270608279456e-30
43,102,1.18540129637903e-30
43,103,2.5108139036588644e-30
43,104,1.4303235081768734e-30
43,105,4.353080661583072e-30
43,106,7.276504150162346e-30
43,107,1.6989164267287263e-30
43,108,3.309161980607445e-30
43,109,3.395883948489358e-30
43,110,3.033958617232189e-30
43,111,4.092666160168088e-31
43,112,3.589503569328419e-31
43,113,2.175505378731962e-30
43,114,4.299328400049467e-30
43,115,2.4526084579505688e-30
43,116,4.3425036199315015e-30
43,117,2.923593127611047e-30
43,118,1.5183103802458199e-30
43,119,1.1437122702344358e-30
43,120,2.662835730756181e-30
43,121,1.4460212766895226e-30
43,122,3.0345859213504842e-30
43,123,9.778883637420205e-31
43,124,9.737315148418768e-31
43,125,2.8282779406283277e-30
43,126,2.7276935355951686e-30
43,127,9.88527036758949e-31
43,128,1.5436150676831467e-30
43,129,3.4555412969896364e-16
43,130,4.260107646663423e-30
43,131,1.6165686937272548e-15
43,132,2.778258682687133e-30
43,133,1.970820419275846e-30
43,134,1.0597116620560395e-30
43,135,1.0194508292505992e-15
43,136,3.4763779060500184e-30
43,137,8.752083348556349e-31
43,138,4.078168108773944e-31
43,139,1.4675474591848807e-30
43,140,1.9426521914621894e-30
43,141,2.124278940464614e-30
43,142,2.326544552125074e-30
43,143,1.8928234643539123e-30
43,144,1.644686724105589e-30
43,145,1.599938477539282e-30
43,146,1.3045858698663744e-15
43,147,3.6001931019223845e-30
43,148,1.9341261742325165e-30
43,149,2.1394512856332426e-30
44,45,6.264441717312673e-16
44,46,4.375489585782697e-30
44,47,4.871485728740621e-30
44,48,1.0391923388744932e-29
44,49,3.195203683087476e-30
44,50,3.1356755385612432e-30
44,51,3.051487088102505e-30
44,52,4.014430129973874e-30
44,53,1.9673186790797497e-30
44,54,2.581031328330598e-30
44,55,4.1112030248648176e-30
44,56,2.9658690519822742e-30
44,57,1.7621941553646185e-30
44,58,5.109181243488167e-30
44,59,2.1846985487719745e-30
44,60,5.58384631360378e-30
44,61,3.815754178312974e-30
44,62,1.8920181472824316e-30
44,63,2.7447249288004547e-30
44,64,4.975710353366948e-30
44,65,1.7477984268155047e-30
44,66,3.256199773442201e-30
44,67,3.78144837350427e-30
44,68,5.0634432626173244e-30
44,69,3.697554198718604e-30
44,70,2.8630111264062734e-30
44,71,5.470322995142773e-30
44,72,7.16866228852712e-30
44,73,5.3066164992992034e-30
44,74,3.740495085889288e-30
44,75,4.466419689576655e-30
44,76,8.301721237905567e-16
44,77,4.326720794476027e-30
44,78,4.4033209004511e-30
44,79,2.566732659913435e-30
44,80,8.368977314264281e-30
44,81,2.2337771097087516e-30
44,82,2.4893758123100955e-30
44,83,3.347817281382561e-30
44,84,5.006112603741446e-16
44,85,4.603249601113827e-30
44,86,2.6587707490801204e-30
44,87,4.8893778000107464e-30
44,88,2.390465248098775e-30
44,89,2.5229644077200595e-30
44,90,3.0876300491521104e-30
44,91,2.6395579184924627e-30
44,92,2.7876241527904924e-30
44,93,3.978548648083114e-30
44,94,2.5398677645100478e-30
44,95,1.7568799591003592e-16
44,96,8.91157146891121e-31
44,97,3.6923131765643974e-16
44,98,1.50185224643202e-30
44,99,1.8409403740199076e-30
44,100,1.4682051396730157e-30
44,101,3.468203260127352e-30
44,102,2.1397449676801123e-30
44,103,7.361382689826658e-30
44,104,2.3872436198834966e-30
44,105,5.607415522700895e-30
44,106,4.888104783303462e-16
44,107,2.7263664302833756e-30
44,108,4.50416552857845e-30
44,109,5.572945947394454e-30
44,110,8.796246117357884e-30
44,111,9.12727377490919e-31
44,112,4.634592648690492e-31
44,113,6.107045279138202e-30
44,114,7.258271321570355e-30
44,115,2.9457913632113735e-30
44,116,1.9242337565178798e-16
44,117,3.4268179730544276e-30
44,118,1.7761613973284066e-30
44,119,1.6408467085767206e-30
44,120,2.9961610056919647e-30
44,121,2.5660568584847477e-30
44,122,8.171366471124592e-30
44,123,1.0775890542308394e-30
44,124,2.1168566535269273e-30
44,125,3.2321876034148866e-30
44,126,1.5964405750710586e-16
44,127,2.000553593795285e-30
44,128,2.193633584678481e-30
44,129,1.0755789168661467e-15
44,130,5.324847847172152e-30
44,131,2.087234972565655e-15
44,132,6.922968546978155e-30
44,133,2.5437128208399357e-30
44,134,1.628435531906199e-30
44,135,3.259249507096819e-16
44,136,4.3970115675515916e-30
44,137,1.9952918864122728e-30
44,138,5.593587267437788e-31
44,139,2.371655848868853e-30
44,140,3.3443988946647584e-30
44,141,5.537557646929183e-30
44,142,2.5668389898156666e-30
44,143,2.3364060953398897e-30
44,144,3.5110932943788176e-30
44,145,3.8415923079018466e-30
44,146,2.739626548150981e-15
44,147,4.1594304642471406e-30
44,148,3.3632831734278334e-30
44,149,3.4298630327869e-30
45,46,1.1611187586841091e-30
45,47,2.6216309292048522e-30
45,48,2.7649236170568373e-30
45,49,1.6805472386833018e-30
45,50,1.4146108551134774e-30
45,51,1.6460194801155018e-30
45,52,1.8589277171866967e-30
45,53,9.708591845547746e-31
45,54,1.2888663463278654e-30
45,55,1.9863641867579118e-30
45,56,1.4832629809884945e-30
45,57,1.0342079794828272e-30
45,58,1.1695269606911028e-30
45,59,1.0911799234603625e-30
45,60,2.362087920075411e-30
45,61,1.5951476746292246e-30
45,62,4.459302365672361e-31
45,63,5.992404806403793e-31
45,64,1.7177749227164344e-30
45,65,8.438005054474638e-31
45,66,1.617326456025167e-30
45,67,1.8233104309445017e-30
45,68,1.3238952407520408e-30
45,69,9.20238146320685e-31
45,70,1.2729921636930737e-30
45,71,1.3233674914731184e-30
45,72,3.2933321816266385e-30
45,73,2.3437055553650602e-30
45,74,8.472251723831062e-31
45,75,2.1544487836458033e-30
45,76,8.562834303051835e-31
45,77,1.2601150454960482e-30
45,78,2.405081573786227e-30
45,79,1.4924690204465382e-30
45,80,6.206486903128489e-17
45,81,8.341003384148127e-31
45,82,1.3288682376908672e-30
45,83,1.1778163713455295e-30
45,84,4.193306189558344e-16
45,85,1.1382920203930475e-30
45,86,1.3604408957274923e-30
45,87,2.0580468032525692e-30
45,88,5.612106855698267e-31
45,89,1.458575360990886e-30
45,90,1.7877373633110444e-30
45,91,6.979805181717072e-31
45,92,1.596039170198987e-30
45,93,1.4760433578699829e-30
45,94,9.257130415733787e-31
45,95,1.1371115652968226e-30
45,96,5.104798414804061e-31
45,97,5.338891569913953e-16
45,98,6.313657255084655e-31
45,99,8.343170241822708e-31
45,100,7.688387675910506e-31
45,101,1.6840625494389865e-30
45,102,6.510803361069023e-31
45,103,1.626408176599969e-30
45,104,8.497731378098851e-31
45,105,3.183561730630189e-30
45,106,7.50606248556272e-17
45,107,1.15561635630368e-30
45,108,1.985931527233612e-30
45,109,2.3218213379082643e-30
45,110,2.00821090217667e-30
45,111,2.284516619039873e-31
45,112,2.457474534212558e-31
45,113,1.3168130292192377e-30
45,114,2.3434817372713614e-30
45,115,1.4860243760186861e-30
45,116,2.9726516385488506e-30
45,117,1.892016132815604e-30
45,118,9.982646360488283e-31
45,119,8.012253956725244e-31
45,120,1.3152813011704752e-30
45,121,1.0950375261148446e-30
45,122,2.1298472901363685e-30
45,123,6.3859131847728635e-31
45,124,7.150758977062072e-31
45,125,1.827696810015807e-30
45,126,1.761977740961172e-30
45,127,5.10249919368175e-31
45,128,9.915343942340952e-31
45,129,2.860979249076397e-16
45,130,2.8255107628417838e-30
45,131,1.1067481396552167e-15
45,132,1.5299084359179787e-30
45,133,1.3730271290668957e-30
45,134,7.796389194593125e-31
45,135,8.20551709862198e-16
45,136,2.409410278030512e-30
45,137,4.671888092207868e-31
45,138,2.2951490514924143e-31
45,139,9.233049197288467e-31
45,140,1.0130011270877064e-30
45,141,1.4982477503938214e-30
45,142,1.4594471752954626e-30
45,143,1.1336710228242602e-30
45,144,1.1379373278284174e-30
45,145,9.43814789102038e-31
45,146,6.922220526417414e-16
45,147,2.2527322624436196e-30
45,148,1.0237841861757622e-30
45,149,1.2536547413118826e-30
46,47,1.811124201372901e-30
46,48,5.070184220979433e-30
46,49,1.8083189993275966e-30
46,50,1.8414100343087547e-30
46,51,1.6054978071568526e-30
46,52,2.486663681045535e-30
46,53,7.891806392360909e-31
46,54,1.2369868582573181e-30
46,55,2.2696467250247797e-30
46,56,1.780264082566041e-30
46,57,8.850558564174098e-31
46,58,2.6721690723543845e-30
46,59,8.046340684394698e-31
46,60,3.028898075862889e-30
46,61,1.7834224025332712e-30
46,62,1.0291002691474263e-30
46,63,1.4782737617628043e-30
46,64,2.303622559863766e-30
46,65,9.971965481253497e-31
46,66,1.7661524852347624e-30
46,67,1.7755649232099826e-30
46,68,2.624299824656392e-30
46,69,2.0329831284209272e-30
46,70,1.7635709998725173e-30
46,71,2.7608269146199022e-30
46,72,4.019567416034165e-30
46,73,3.0164210366434856e-30
46,74,2.032137076792818e-30
46,75,1.74868832051654e-30
46,76,1.9682292785766982e-30
46,77,2.1023698651375834e-30
46,78,2.285128761600194e-30
46,79,1.1381873516431664e-30
46,80,4.644237616993305e-30
46,81,1.0785213611891128e-30
46,82,1.674074138883505e-30
46,83,1.9983107846507684e-30
46,84,3.223844618327514e-30
46,85,2.6476407809068178e-30
46,86,1.4157821307751588e-30
46,87,2.032877939614953e-30
46,88,1.180813176231565e-30
46,89,1.2880466926012573e-30
46,90,1.5121655134640089e-30
46,91,1.305141412129332e-30
46,92,1.5068112774974184e-30
46,93,2.1850623206225908e-30
46,94,1.7718946012399556e-30
46,95,9.020199850916656e-31
46,96,4.1469431655151545e-31
46,97,6.309816699028987e-16
46,98,8.65734794760244e-31
46,99,8.785793726781376e-31
46,100,7.545775418717221e-31
46,101,2.135735465464268e-30
46,102,1.0636085460885018e-30
46,103,3.946848905941741e-30
46,104,1.035571627392995e-30
46,105,2.8344182167729573e-30
46,106,3.662354401629687e-30
46,107,1.4597011376107134e-30
46,108,1.8748420796952837e-30
46,109,3.120245002422336e-30
46,110,4.786116055290266e-30
46,111,4.893003666502439e-31
46,112,2.425733039655911e-31
46,113,3.272924707912679e-30
46,114,3.4263848762671e-30
46,115,1.8765052841946064e-30
46,116,2.6712422325614002e-30
46,117,1.6337528615666786e-30
46,118,9.170473541273095e-31
46,119,9.066815055770957e-31
46,120,1.0027991842410212e-30
46,121,1.4601866213137706e-30
46,122,4.47595647135285e-30
46,123,6.390862149660737e-31
46,124,1.216207080100949e-30
46,125,1.5825837422488208e-30
46,126,1.4419011427383125e-30
46,127,1.0882004338409124e-30
46,128,1.309481445732963e-30
46,129,8.778797778219428e-16
46,130,2.843601428309632e-30
46,131,1.0924530413494668e-15
46,132,3.692631473213993e-30
46,133,1.2722944343128755e-30
46,134,8.954250676352306e-31
46,135,1.2738115944464695e-16
46,136,2.3139167211172878e-30
46,137,1.1163193265570815e-30
46,138,2.3027475857134208e-31
46,139,1.360777077836964e-30
46,140,1.5312396760638345e-30
46,141,3.0539427174420272e-30
46,142,1.2798835063824362e-30
46,143,1.2576479867896339e-30
46,144,1.566288363612086e-30
46,145,2.0418413866054105e-30
46,146,1.3456322795593014e-15
46,147,1.967220214136649e-30
46,148,1.690901558275694e-30
46,149,1.8487350676821758e-30
47,48,5.1958027063468096e-30
47,49,2.8667777445780132e-30
47,50,2.0732019616984608e-30
47,51,3.0506503955695426e-30
47,52,3.380216594329813e-30
47,53,1.9972729971613563e-30
47,54,2.7469714923491793e-30
47,55,3.5321031100433616e-30
47,56,3.0536828384874406e-30
47,57,1.947765950334657e-30
47,58,2.084707485451616e-30
47,59,2.290039826969725e-30
47,60,3.9060573158486896e-30
47,61,3.348106308829816e-30
47,62,6.612556734376457e-31
47,63,1.2318740297045034e-30
47,64,3.569522693006088e-30
47,65,1.624273167153217e-30
47,66,2.871104277632291e-30
47,67,3.480391220754779e-30
47,68,1.9351077719025354e-30
47,69,1.6068418883908047e-30
47,70,2.3500483303288885e-30
47,71,2.245175210640867e-30
47,72,5.54828132190889e-30
47,73,3.743188714752195e-30
47,74,1.0220517896575379e-30
47,75,4.522601047349464e-30
47,76,1.6788951640652514e-30
47,77,2.558134277243126e-30
47,78,4.454985283838792e-30
47,79,2.904432206475215e-30
47,80,8.035022528880371e-30
47,81,1.4911607959481766e-30
47,82,2.2188972738775724e-30
47,83,1.7343536176819188e-30
47,84,7.893555160321154e-30
47,85,2.0611833063817057e-30
47,86,2.6188272787854524e-30
47,87,4.3112960833721095e-30
47,88,1.2378276782171122e-30
47,89,2.748694823327245e-30
47,90,3.5137409143350984e-30
47,91,6.579444999570308e-31
47,92,2.8705396928809916e-30
47,93,2.9228446396323715e-30
47,94,1.4412295996323562e-30
47,95,2.220508230828042e-30
47,96,9.75296369416046e-31
47,97,3.336117839725776e-30
47,98,1.084352453231851e-30
47,99,1.6278017872515934e-30
47,100,1.4469189650255224e-30
47,101,3.348110805711301e-30
47,102,1.3623526472709438e-30
47,103,1.5247780649996107e-30
47,104,2.054479554604177e-30
47,105,5.443658017376679e-30
47,106,1.0095514897644484e-29
47,107,2.119613016531216e-30
47,108,4.222544578929452e-30
47,109,4.037366554670549e-30
47,110,1.8112512372784294e-30
47,111,4.371937602738613e-31
47,112,4.399518756972946e-31
47,113,1.4427620080956529e-30
47,114,4.880666321227987e-30
47,115,2.9759009409218185e-30
47,116,5.3997525265154735e-30
47,117,3.689348920175859e-30
47,118,1.8766112293476294e-30
47,119,1.383584640542521e-30
47,120,2.3802984705946652e-30
47,121,1.8253792174635084e-30
47,122,3.077734874150122e-30
47,123,1.2202206264879915e-30
47,124,1.2626948031726687e-30
47,125,3.452550717634647e-30
47,126,3.298737297707269e-30
47,127,8.697251905731827e-31
47,128,1.831433034351109e-30
47,129,5.900916318210357e-16
47,130,5.2369850700323295e-30
47,131,1.981367103451288e-15
47,132,3.0888642386793636e-30
47,133,2.7340606736146306e-30
47,134,1.404881418286366e-30
47,135,2.1884506622294276e-30
47,136,4.269729313442691e-30
47,137,6.323924777994198e-31
47,138,4.8075719485449855e-31
47,139,1.8496861024827594e-30
47,140,2.1067840412197745e-30
47,141,2.150030258970159e-30
47,142,2.793834713459814e-30
47,143,2.2885768634375343e-30
47,144,1.9874272175510157e-30
47,145,1.3894592088315971e-30
47,146,1.2462222543165703e-15
47,147,4.41118880819149e-30
47,148,2.0965533721161505e-30
47,149,2.2886146703340715e-30
48,49,2.124356534458449e-30
48,50,2.4844892988614265e-30
48,51,1.9427539868206517e-30
48,52,2.7609606095325948e-30
48,53,2.7700541820574896e-30
48,54,3.090630562140531e-30
48,55,1.988911385255534e-30
48,56,3.95885346067634e-30
48,57,1.967333503429129e-30
48,58,6.928120776864487e-30
48,59,2.773641506019909e-30
48,60,4.847945383748687e-30
48,61,5.300792034843159e-30
48,62,2.3173986666018024e-30
48,63,3.421392467142277e-30
48,64,7.123866294349423e-30
48,65,2.2992282297844487e-30
48,66,1.19944110647245e-30
48,67,5.9683226436643155e-30
48,68,6.043484069894649e-30
48,69,4.946804499063185e-30
48,70,3.8390729988237805e-30
48,71,7.615764716636955e-30
48,72,3.947082139413436e-30
48,73,3.0074675854494814e-30
48,74,4.56076376340857e-30
48,75,6.084815990427237e-30
48,76,2.554900931299892e-30
48,77,6.1849468320041205e-30
48,78,3.883122614623261e-30
48,79,2.720724634181769e-30
48,80,7.472268372840899e-30
48,81,2.9344584483051678e-30
48,82,1.796165176585676e-30
48,83,2.9133056910259555e-30
48,84,1.0645789504424876e-29
48,85,5.52689154183498e-30
48,86,1.2638164283280083e-30
48,87,6.98981899253054e-30
48,88,2.9369763960706412e-30
48,89,2.7502822383356904e-30
48,90,2.724767992591821e-30
48,91,2.9703009702377124e-30
48,92,2.377806819062123e-30
48,93,5.630871528546253e-30
48,94,2.2075423270222967e-30
48,95,2.272086566283659e-30
48,96,5.94462919425018e-31
48,97,2.1758162938416642e-16
48,98,1.679082217015544e-30
48,99,2.750464375775141e-30
48,100,3.335794613625811e-31
48,101,4.071961906571128e-30
48,102,3.0231781560820793e-30
48,103,8.293172576566356e-30
48,104,2.836512780600075e-30
48,105,2.6579272877177958e-30
48,106,7.888762468709448e-30
48,107,3.3122266467529624e-30
48,108,5.8309757613387194e-30
48,109,5.583184544329028e-30
48,110,1.0395950261269855e-29
48,111,1.257075801614869e-30
48,112,1.5767615625177953e-31
48,113,7.514699418443947e-30
48,114,1.052997383282033e-29
48,115,3.444286059352972e-30
48,116,2.7727833534309045e-30
48,117,2.5951033539123233e-30
48,118,1.4454654728049307e-30
48,119,8.07116944369339e-31
48,120,3.6033387729119736e-30
48,121,2.4611183913221183e-30
48,122,8.985410530265054e-30
48,123,1.3099964886376164e-30
48,124,2.3216417388159988e-30
48,125,4.3439058494820714e-30
48,126,4.2754027335674614e-30
48,127,2.9863937174471114e-30
48,128,3.0681530978058464e-30
48,129,1.089229541460911e-15
48,130,7.630093653773868e-30
48,131,7.10110278540727e-16
48,132,9.050866454045305e-30
48,133,1.5237638008529767e-30
48,134,5.64740989829704e-31
48,135,4.472660787234034e-16
48,136,1.634624617176675e-30
48,137,2.8926813394404494e-30
48,138,8.000529196111884e-31
48,139,2.8735690227681153e-30
48,140,4.995702907011286e-30
48,141,7.011676099957761e-30
48,142,2.676097042856315e-30
48,143,3.16453327257307e-30
48,144,4.6360982476053895e-30
48,145,5.2058804910216574e-30
48,146,3.83449706163384e-15
48,147,4.345678102032116e-30
48,148,4.978099940162039e-30
48,149,5.285308245000827e-30
49,50,1.9509844358372732e-30
49,51,2.1910838126405418e-30
49,52,2.8592571733239966e-30
49,53,1.0496025316255593e-30
49,54,1.5523484639186623e-30
49,55,2.7404350377482322e-30
49,56,2.008915088403068e-30
49,57,1.3568209026100337e-30
49,58,1.2526956403501834e-30
49,59,1.1487482209405824e-30
49,60,3.378623057238005e-30
49,61,1.8144895385144975e-30
49,62,6.647883716257379e-31
49,63,9.100296777899483e-31
49,64,1.556700716623073e-30
49,65,1.1262892131798213e-30
49,66,2.2353579398524608e-30
49,67,2.1910712369784257e-30
49,68,1.854753390246852e-30
49,69,9.664407123298989e-31
49,70,1.679504107331529e-30
49,71,1.0138398098633934e-30
49,72,4.701899935886646e-30
49,73,3.441196325751058e-30
49,74,1.187885283690528e-30
49,75,2.1929536990659756e-30
49,76,1.9951050848737115e-30
49,77,1.2306060003670432e-30
49,78,3.191807933731277e-30
49,79,1.7955932087430117e-30
49,80,6.112556846027555e-30
49,81,6.585440594095523e-31
49,82,1.9890382013717853e-30
49,83,1.8218481673602025e-30
49,84,3.661007404014916e-30
49,85,1.834050782867553e-30
49,86,1.9395767241935846e-30
49,87,1.9492446378333726e-30
49,88,5.5704853786783306e-31
49,89,1.929506009080689e-30
49,90,2.2475646069234653e-30
49,91,8.885913802909095e-31
49,92,2.1760562717456397e-30
49,93,1.9327816694238194e-30
49,94,1.559425323799977e-30
49,95,1.4052137425333275e-30
49,96,6.500498036242228e-31
49,97,2.0062885096040697e-16
49,98,9.189394366577884e-31
49,99,8.882667580068842e-31
49,100,1.018223445497301e-30
49,101,2.4181325692413223e-30
49,102,6.906829868702448e-31
49,103,2.2156527029804894e-30
49,104,8.766990324415194e-31
49,105,3.941324475653544e-30
49,106,5.5705976864710365e-30
49,107,1.560886494018019e-30
49,108,2.26132735273709e-30
49,109,3.353575675942082e-30
49,110,2.780821915158553e-30
49,111,3.3402754596486428e-31
49,112,3.357478704233094e-31
49,113,1.546691237613059e-30
49,114,2.648746044046875e-30
49,115,2.0599813999271496e-30
49,116,3.9389192965300595e-30
49,117,2.4640080823332574e-30
49,118,1.3220854432362361e-30
49,119,1.1300872045143579e-30
49,120,9.118464667137477e-31
49,121,1.5068433552607572e-30
49,122,3.309760570385004e-30
49,123,8.404320302032119e-31
49,124,1.07664925154096e-30
49,125,2.279400395260451e-30
49,126,1.9815556779602028e-30
49,127,6.6661808418186235e-31
49,128,1.3453905705214789e-30
49,129,9.184816128566519e-16
49,130,3.3733263147465156e-30
49,131,1.5120739841288546e-15
49,132,2.1824327154436268e-30
49,133,1.7444474890866224e-30
49,134,1.0784931424222849e-30
49,135,1.671106944322077e-16
49,136,3.1669451410330876e-30
49,137,5.841607287329865e-31
49,138,2.0248579085662525e-31
49,139,1.2363135769455648e-30
49,140,1.03613728491152e-30
49,141,1.4967934969662505e-30
49,142,1.9372655663949616e-30
49,143,1.4397375626252598e-30
49,144,1.1301536432105144e-30
49,145,1.2338642421145379e-30
49,146,4.51188203659771e-16
49,147,2.9196966760394672e-30
49,148,9.261389186710337e-31
49,149,1.1922963096107728e-30
50,51,1.821620127048948e-30
50,52,2.4099582058659918e-30
50,53,6.844632857519566e-31
50,54,1.283668256101342e-30
50,55,2.447171034818392e-30
50,56,1.6948514436230963e-30
50,57,9.198669512627606e-31
50,58,1.6443752188931752e-30
50,59,7.966419052326056e-31
50,60,3.1199994223011927e-30
50,61,1.5550252443022613e-30
50,62,7.607411727977616e-31
50,63,1.0350646092086015e-30
50,64,1.1406262588298082e-30
50,65,9.654315434753872e-31
50,66,1.9481883502123107e-30
50,67,1.5435314945095714e-30
50,68,2.0544553574239733e-30
50,69,1.1927704793367674e-30
50,70,1.28315872077258e-30
50,71,1.4644425548860927e-30
50,72,4.189830468509272e-30
50,73,3.0665456146181155e-30
50,74,1.4428126743307346e-30
50,75,1.4623337980746223e-30
50,76,7.491890198341278e-31
50,77,1.0569758471527672e-30
50,78,2.6050346479108236e-30
50,79,1.3996505979898418e-30
50,80,5.0962257854817796e-30
50,81,6.108324090309112e-31
50,82,1.4932554732061746e-30
50,83,1.7512377497149972e-30
50,84,2.812685902448001e-30
50,85,1.9791416699518053e-30
50,86,1.5092662240298715e-30
50,87,1.1967633667067582e-30
50,88,6.906043090054304e-31
50,89,1.4957936465762775e-30
50,90,1.7703718816332225e-30
50,91,1.0574271169370315e-30
50,92,1.6632528981427133e-30
50,93,1.7889757442803063e-30
50,94,1.3275937804622022e-30
50,95,1.0463318994407275e-30
50,96,4.953269473239346e-31
50,97,5.295426355276014e-16
50,98,8.222879295299394e-31
50,99,6.996843334310968e-31
50,100,8.726517606829617e-31
50,101,1.873260527673231e-30
50,102,6.657252856166398e-31
50,103,2.6423222040001768e-30
50,104,6.132767568523207e-31
50,105,3.567012556977135e-30
50,106,4.278427304154971e-30
50,107,1.442007768025379e-30
50,108,1.6032309824200572e-30
50,109,2.9360187230765643e-30
50,110,3.3887283927397794e-30
50,111,3.6391307450299907e-31
50,112,2.767040596485669e-31
50,113,2.1071076496607297e-30
50,114,2.29913936566089e-30
50,115,1.6411118480585908e-30
50,116,3.270834274509707e-30
50,117,1.9178244681725766e-30
50,118,1.0446777659938342e-30
50,119,9.753406971048951e-31
50,120,5.993492236926818e-31
50,121,1.4648714152153445e-30
50,122,3.5020320712379655e-30
50,123,6.637651419080131e-31
50,124,1.0570027500571122e-30
50,125,1.76464454019472e-30
50,126,1.6378398911537005e-30
50,127,6.116480687582607e-31
50,128,1.1963006930617161e-30
50,129,1.2648025775023727e-16
50,130,2.8199897691323444e-30
50,131,1.24616429992519e-15
50,132,2.527165477175362e-30
50,133,1.4754284769501603e-30
50,134,9.695351068517779e-31
50,135,1.1581079971313476e-30
50,136,2.6212342300947012e-30
50,137,6.41813294581868e-31
50,138,1.276977211640115e-31
50,139,9.391820513141574e-31
50,140,1.0377448442018512e-30
50,141,1.814772671203597e-30
50,142,1.3533061023418833e-30
50,143,1.0298190019186388e-30
50,144,1.1116093505605738e-30
50,145,1.444588441214071e-30
50,146,6.783101530377605e-16
50,147,2.2459071265540082e-30
50,148,7.735424472496807e-31
50,149,1.1337376514711959e-30
51,52,2.6225756475372137e-30
51,53,1.0349847514289169e-30
51,54,1.6134977375356014e-30
51,55,2.7631565232919118e-30
51,56,2.0487835850831714e-30
51,57,1.1982093897248152e-30
51,58,1.1640604138455715e-30
51,59,1.2059164961765907e-30
51,60,3.2611731964430156e-30
51,61,1.8677689260993873e-30
51,62,6.3070401612156935e-31
51,63,8.700668073879842e-31
51,64,1.58841435318627e-30
51,65,1.0928519133491879e-30
51,66,2.2208819208005845e-30
51,67,1.9492380625969757e-30
51,68,1.7527335178022186e-30
51,69,8.341856005978368e-31
51,70,1.5141016786602633e-30
51,71,9.77057238699116e-31
51,72,4.580320642257081e-30
51,73,3.233988460257795e-30
51,74,1.1209539748961745e-30
51,75,2.345342155313281e-30
51,76,8.225761035442741e-31
51,77,1.0120735314022588e-30
51,78,3.103975771332785e-30
51,79,1.7896415286155862e-30
51,80,5.763577017491201e-30
51,81,6.68283282180589e-31
51,82,1.6408689837559715e-30
51,83,1.6727651700581334e-30
51,84,4.104742835366054e-30
51,85,1.782855905677769e-30
51,86,1.8752257770842507e-30
51,87,1.998944646496328e-30
51,88,5.2672216961532755e-31
51,89,1.8117388841856414e-30
51,90,2.2448299418014113e-30
51,91,9.375106798274699e-31
51,92,1.9721333817845813e-30
51,93,1.9083674872595857e-30
51,94,1.2361188469346139e-30
51,95,1.3656641345574386e-30
51,96,6.379196279252176e-31
51,97,1.6004645656917936e-16
51,98,8.62861654175018e-31
51,99,8.823451491870053e-31
51,100,1.0482914937635095e-30
51,101,2.2653549601606375e-30
51,102,6.779464545168402e-31
51,103,1.8714650080602763e-30
51,104,9.68015505049565e-31
51,105,3.9741609873063545e-30
51,106,5.997366610983886e-30
51,107,1.518360338839879e-30
51,108,2.203335932619943e-30
51,109,3.198602252792349e-30
51,110,2.5455042304963896e-30
51,111,3.3897431909499467e-31
51,112,3.2576443195445916e-31
51,113,1.4174806463819658e-30
51,114,2.510129705714003e-30
51,115,2.0091262998531806e-30
51,116,3.8606018699534796e-30
51,117,2.453123386824341e-30
51,118,1.2723499439353283e-30
51,119,1.09031341312982e-30
51,120,1.0687577898990802e-30
51,121,1.5040352469863785e-30
51,122,3.0476532387191302e-30
51,123,7.8537876891558145e-31
51,124,1.0593988210719861e-30
51,125,2.160422994362252e-30
51,126,1.925199318529428e-30
51,127,4.386639187021367e-31
51,128,1.3133891389483389e-30
51,129,3.376611507232132e-16
51,130,3.2507584411187515e-30
51,131,1.4671125743606643e-15
51,132,2.0367782150648766e-30
51,133,1.8454867614683516e-30
51,134,1.1041792941122833e-30
51,135,1.4497002737025954e-30
51,136,3.103707128423848e-30
51,137,4.49939355757988e-31
51,138,2.118782475081129e-31
51,139,1.1742862422641205e-30
51,140,9.799299197513502e-31
51,141,1.4460342033617628e-30
51,142,1.755968023223388e-30
51,143,1.410423939014102e-30
51,144,1.0100981071263181e-30
51,145,1.2817404463129637e-30
51,146,4.835368602791424e-16
51,147,2.8814864194178842e-30
51,148,8.180438857641529e-31
51,149,1.1463412449727558e-30
52,53,1.155222767905152e-30
52,54,1.8862036413968735e-30
52,55,3.392396829598698e-30
52,56,2.5136321029519945e-30
52,57,1.4256269291712141e-30
52,58,1.828627767522039e-30
52,59,1.3176164842661834e-30
52,60,4.089528956605133e-30
52,61,2.2065569884515026e-30
52,62,8.94740657592605e-31
52,63,1.2667901846792743e-30
52,64,1.624760422712278e-30
52,65,1.3340929459561637e-30
52,66,2.723262313384788e-30
52,67,2.3753419673954827e-30
52,68,2.4048702613575e-30
52,69,1.4587720562121618e-30
52,70,2.072829014327516e-30
52,71,1.569460994385106e-30
52,72,5.740924249879685e-30
52,73,4.136925546597727e-30
52,74,1.6685031146554394e-30
52,75,2.5648994815133668e-30
52,76,1.244757399152682e-30
52,77,1.328248776818268e-30
52,78,3.6772613162748874e-30
52,79,2.075736859847918e-30
52,80,7.173141748167965e-30
52,81,7.903097761889979e-31
52,82,2.3851238546939677e-30
52,83,2.3263313025553286e-30
52,84,3.969817157840808e-30
52,85,2.430717745430763e-30
52,86,2.3723442031299863e-30
52,87,2.1048506906124963e-30
52,88,8.25531203236074e-31
52,89,2.247685942766048e-30
52,90,2.7701126399540453e-30
52,91,1.1058941292814558e-30
52,92,2.3662146445834525e-30
52,93,2.351843604236292e-30
52,94,2.2240866924304307e-30
52,95,1.5733489363509565e-30
52,96,7.442271820810129e-31
52,97,1.8891767858494808e-16
52,98,1.0984785810784224e-30
52,99,9.99108629480105e-31
52,100,1.2544814051608703e-30
52,101,2.893593463805895e-30
52,102,8.229657436845844e-31
52,103,3.1408512541595233e-30
52,104,1.0494214092817381e-30
52,105,4.5429466288080226e-30
52,106,6.797530897503184e-30
52,107,1.8283125114265066e-30
52,108,2.457867609305913e-30
52,109,3.9287882196703704e-30
52,110,3.9581034887289155e-30
52,111,4.2247214001246095e-31
52,112,3.9509654828609704e-31
52,113,2.4290735197890115e-30
52,114,3.075967605908337e-30
52,115,2.6241166801008282e-30
52,116,4.6801948540510425e-30
52,117,2.8710192999963163e-30
52,118,1.5172227421548408e-30
52,119,1.3523899794264953e-30
52,120,1.695049374684884e-30
52,121,1.8648405571576678e-30
52,122,4.3001604495367656e-30
52,123,1.0027683932717994e-30
52,124,1.3864405152937416e-30
52,125,2.5439580653324018e-30
52,126,2.4635296847522962e-30
52,127,6.125161044263666e-31
52,128,1.6245337768765327e-30
52,129,5.185169430563072e-16
52,130,3.7485794140439355e-30
52,131,1.779356667636637e-15
52,132,2.955278881289794e-30
52,133,2.1735859046526344e-30
52,134,1.349815380702875e-30
52,135,5.224600065368006e-16
52,136,3.656624739782362e-30
52,137,6.77919463249152e-31
52,138,2.2087428915495523e-31
52,139,1.5697327395746881e-30
52,140,1.1467678959054965e-30
52,141,2.15991181941625e-30
52,142,2.1775131971089052e-30
52,143,1.5475580340034856e-30
52,144,1.3854000065750157e-30
52,145,1.5483427288391193e-30
52,146,7.368655296842899e-16
52,147,3.217001781251421e-30
52,148,9.669199869090571e-31
52,149,1.2411567169621395e-30
53,54,9.335857621383715e-31
53,55,1.0890551904526522e-30
53,56,1.120818646608886e-30
53,57,7.863074308326852e-31
53,58,1.1587545622259391e-30
53,59,8.830411675711623e-31
53,60,1.283093498656055e-30
53,61,1.3017724548058667e-30
53,62,3.389045788898246e-31
53,63,5.35746067532333e-31
53,64,1.5786216704876706e-30
53,65,6.115451781603577e-31
53,66,9.184060846096698e-31
53,67,1.5751916290188866e-30
53,68,9.14454885156383e-31
53,69,8.177087607383002e-31
53,70,9.71780104698672e-31
53,71,1.3014480299935808e-30
53,72,1.7871741251465623e-30
53,73,1.231922663899373e-30
53,74,6.223270823910696e-31
53,75,1.771750202678441e-30
53,76,3.732901510458818e-31
53,77,1.2844797167046159e-30
53,78,1.588323368119842e-30
53,79,1.071042934062521e-30
53,80,2.8604935208325216e-30
53,81,6.04741706509991e-31
53,82,8.806624119383608e-31
53,83,5.546525017904843e-31
53,84,2.9318326059418016e-30
53,85,7.337447275796936e-31
53,86,9.285144683354734e-31
53,87,1.8387197379682767e-30
53,88,4.838482775457434e-31
53,89,1.0452666918704426e-30
53,90,1.2598633815027923e-30
53,91,4.410594439432079e-31
53,92,1.0788513478891515e-30
53,93,1.2176727710215832e-30
53,94,5.655285979834603e-31
53,95,8.320707707604117e-31
53,96,3.5032483578735175e-31
53,97,4.088798799586066e-16
53,98,4.0652367836159135e-31
53,99,6.7598100740805535e-31
53,100,4.512197129995237e-31
53,101,1.29553497765191e-30
53,102,6.172239134760096e-31
53,103,1.0048834706741246e-30
53,104,7.149985024844997e-31
53,105,1.7944673215712754e-30
53,106,3.4238329389668036e-30
53,107,7.82985221806996e-31
53,108,1.632449740888514e-30
53,109,1.451257562004475e-30
53,110,1.3386281446199997e-30
53,111,2.312364719366086e-31
53,112,1.4922166854651747e-31
53,113,9.93774325887619e-31
53,114,2.3188649126157854e-30
53,115,1.1793241393759518e-30
53,116,1.8183595504550216e-30
53,117,1.3067068935771249e-30
53,118,6.741773328565846e-31
53,119,4.603420253716488e-31
53,120,9.610365694305929e-31
53,121,5.763921659703752e-31
53,122,1.1965510010800567e-30
53,123,4.606228992743694e-31
53,124,4.223057108121196e-31
53,125,1.3633966688911077e-30
53,126,1.3064680293541072e-30
53,127,5.3600049391389945e-31
53,128,7.316231009968896e-31
53,129,9.714451465470122e-17
53,130,2.034138962986401e-30
53,131,6.720346508617002e-16
53,132,1.464146602728309e-30
53,133,8.585210865751143e-31
53,134,4.15832961513501e-31
53,135,7.947959330119262e-31
53,136,1.4479911284944263e-30
53,137,4.702923479793106e-31
53,138,2.0812608409242467e-31
53,139,7.101401456191071e-31
53,140,1.0658892961718455e-30
53,141,1.086973527511267e-30
53,142,1.0968040119545225e-30
53,143,8.718558927289253e-31
53,144,9.15052153408819e-31
53,145,8.848713580710515e-31
53,146,6.822736016865934e-16
53,147,1.6086988456268442e-30
53,148,1.0086613837268188e-30
53,149,1.1067986909884572e-30
54,55,2.0269074641451588e-30
54,56,1.6423343516563086e-30
54,57,8.896060871997292e-31
54,58,1.3810369924700586e-30
54,59,1.1222764064411003e-30
54,60,2.3075974312729786e-30
54,61,1.8130893916056658e-30
54,62,5.268008756291353e-31
54,63,8.908553503290996e-31
54,64,1.772784456062754e-30
54,65,8.020632739791148e-31
54,66,1.6146397458333207e-30
54,67,1.5692829934982793e-30
54,68,1.4060501842903393e-30
54,69,9.516129984143628e-31
54,70,1.135370826258371e-30
54,71,1.518746940223595e-30
54,72,3.2562164127660014e-30
54,73,2.2773032485018804e-30
54,74,1.0303193343463763e-30
54,75,2.234200752650597e-30
54,76,1.96252655369101e-30
54,77,1.402176468695953e-30
54,78,2.2608942739241738e-30
54,79,1.4366553854234353e-30
54,80,4.1666507539039185e-30
54,81,9.094259963416543e-31
54,82,1.1540284959204975e-30
54,83,1.1933329177023427e-30
54,84,3.8535286759815915e-30
54,85,1.3314538330319595e-30
54,86,1.3830389258215281e-30
54,87,2.0299106256104154e-30
54,88,9.675464187606366e-31
54,89,1.3483543951066252e-30
54,90,1.828399880867578e-30
54,91,8.602104674754322e-31
54,92,1.4101960432144744e-30
54,93,1.403485952095601e-30
54,94,8.555031737672206e-31
54,95,1.054515131830798e-30
54,96,4.845250636002728e-31
54,97,2.5022346611412875e-30
54,98,6.084704817884517e-31
54,99,7.645135983634455e-31
54,100,8.041375284432997e-31
54,101,1.672005680421241e-30
54,102,6.727149091780283e-31
54,103,2.3849254373626717e-30
54,104,1.3640935724528067e-30
54,105,2.8940358610614753e-30
54,106,5.439849057558976e-30
54,107,1.0799091349482886e-30
54,108,2.2114147432975614e-30
54,109,2.261479909197651e-30
54,110,2.518661719477559e-30
54,111,2.891809678535453e-31
54,112,2.3566835966024164e-31
54,113,1.700172150991473e-30
54,114,2.4677100245319053e-30
54,115,1.4806745174543489e-30
54,116,2.8594817779208457e-30
54,117,1.857762945321446e-30
54,118,9.39675569595294e-31
54,119,7.76230949887582e-31
54,120,1.4194525322283697e-30
54,121,1.0771814442883172e-30
54,122,2.516379821138605e-30
54,123,6.059510141193002e-31
54,124,7.501790476826071e-31
54,125,1.648315066496849e-30
54,126,1.661509286051679e-30
54,127,4.800338170472148e-31
54,128,9.459365047606644e-31
54,129,8.026353882040895e-16
54,130,2.4668994845776415e-30
54,131,1.061355936748881e-15
54,132,1.8929964867832373e-30
54,133,1.5139731153452429e-30
54,134,8.24774563713569e-31
54,135,1.0889465359602049e-30
54,136,2.2668758953268853e-30
54,137,4.098211703558465e-31
54,138,2.293153394842773e-31
54,139,9.64215170339202e-31
54,140,1.0565326776244381e-30
54,141,1.6686389113965345e-30
54,142,1.3266837859941466e-30
54,143,1.0413283554211125e-30
54,144,1.2055521842917319e-30
54,145,1.0340220454775152e-30
54,146,8.003826883134124e-16
54,147,2.138114896313867e-30
54,148,1.0538146722693477e-30
54,149,1.0059990121431864e-30
55,56,2.732919577617846e-30
55,57,1.305940379334761e-30
55,58,1.811605867619483e-30
55,59,1.3324637906961319e-30
55,60,4.375147380917838e-30
55,61,2.3455064671291474e-30
55,62,9.433932423453125e-31
55,63,1.3187463743285927e-30
55,64,1.6615338647679412e-30
55,65,1.391012058529357e-30
55,66,2.9132109222477106e-30
55,67,2.202292060756557e-30
55,68,2.5775831958464955e-30
55,69,1.2974946692421189e-30
55,70,1.9024057934894123e-30
55,71,1.3021678279702498e-30
55,72,6.0799223333051974e-30
55,73,4.249322612857635e-30
55,74,1.7237500754243557e-30
55,75,2.6777818531879184e-30
55,76,1.2099955295259195e-30
55,77,1.0864002113055856e-30
55,78,3.86577332847175e-30
55,79,2.13565619898591e-30
55,80,7.244284176697056e-30
55,81,8.039552284872858e-31
55,82,1.968236681770806e-30
55,83,2.2829996415406618e-30
55,84,4.848042691164033e-30
55,85,2.7238640029024305e-30
55,86,2.342763553145914e-30
55,87,1.9164093973695747e-30
55,88,7.872345036386176e-31
55,89,2.178068047854907e-30
55,90,2.7545101872230656e-30
55,91,1.4521690372801666e-30
55,92,2.3395130982180415e-30
55,93,2.5491024579376937e-30
55,94,1.6090026285011465e-30
55,95,1.5957744949436073e-30
55,96,7.632249343237292e-31
55,97,2.498016863724724e-16
55,98,1.1528208927145914e-30
55,99,1.0394550856266805e-30
55,100,1.3773379510357218e-30
55,101,2.805404959682806e-30
55,102,8.617273596348573e-31
55,103,2.759888580744693e-30
55,104,1.227245117006562e-30
55,105,5.1235277082504156e-30
55,106,7.460891723322191e-30
55,107,2.001610530889199e-30
55,108,2.4453708393034702e-30
55,109,4.179376314810883e-30
55,110,3.8548262918900045e-30
55,111,5.176468179209412e-31
55,112,4.104861138315249e-31
55,113,2.1998043685545048e-30
55,114,3.1352804289677624e-30
55,115,2.4861910283804357e-30
55,116,4.907159436437829e-30
55,117,3.0124029498558785e-30
55,118,1.5512985638608582e-30
55,119,1.4114424410543617e-30
55,120,1.193118006909586e-30
55,121,2.0847042368909775e-30
55,122,4.364671340772958e-30
55,123,9.467409397145805e-31
55,124,1.4938205019065033e-30
55,125,2.5841177392417693e-30
55,126,2.2902305396920706e-30
55,127,7.370484250146493e-31
55,128,1.748762573550057e-30
55,129,4.902612130890311e-16
55,130,3.979114798198891e-30
55,131,1.8486651092924196e-15
55,132,3.0465268503537004e-30
55,133,2.4304593383382695e-30
55,134,1.499790640510924e-30
55,135,1.7958805181976342e-30
55,136,3.907716798833784e-30
55,137,7.212874449341137e-31
55,138,1.8744604315486926e-31
55,139,1.5093189189243658e-30
55,140,1.2811667688426703e-30
55,141,2.15836118984183e-30
55,142,2.0062310713630226e-30
55,143,1.7200805010740404e-30
55,144,1.3836610472710365e-30
55,145,2.0657942689842497e-30
55,146,5.545908510953285e-16
55,147,3.538589623093212e-30
55,148,8.843492838463043e-31
55,149,1.459346897828335e-30
56,57,1.123973534607455e-30
56,58,1.961933029731425e-30
56,59,1.233632888082098e-30
56,60,3.0006817256812713e-30
56,61,1.851561693368805e-30
56,62,7.707591585527241e-31
56,63,1.1430529913901749e-30
56,64,1.9568763234632814e-30
56,65,1.0042818556714086e-30
56,66,2.1286350584111087e-30
56,67,2.001343128722449e-30
56,68,2.1186997116250607e-30
56,69,1.366002381395535e-30
56,70,1.6133445993956212e-30
56,71,2.0657301720246407e-30
56,72,4.3857896681153606e-30
56,73,2.9780890168462032e-30
56,74,1.4905182301996395e-30
56,75,2.5407762978393255e-30
56,76,1.7376700034628562e-16
56,77,1.774049453402719e-30
56,78,2.8082127717819963e-30
56,79,1.694441800204482e-30
56,80,5.248322398825411e-30
56,81,8.160254799317456e-31
56,82,1.5242350199360821e-30
56,83,1.6099041576667263e-30
56,84,2.8911132732289425e-16
56,85,2.354291618456896e-30
56,86,1.8207220397439075e-30
56,87,2.335475514512009e-30
56,88,6.809633597033921e-31
56,89,1.6596787944638213e-30
56,90,2.1932612569512286e-30
56,91,1.0973689058790992e-30
56,92,1.717340068627358e-30
56,93,1.8592757260936442e-30
56,94,1.183048774827651e-30
56,95,1.2621486383146966e-30
56,96,5.918039255427203e-31
56,97,4.670370469930697e-16
56,98,8.348672587346117e-31
56,99,8.48916055583092e-31
56,100,1.0423143425929212e-30
56,101,2.242998093652072e-30
56,102,7.978486788462854e-31
56,103,2.27259503906898e-30
56,104,1.1773800656901634e-30
56,105,3.511335959915514e-30
56,106,6.175188712624582e-30
56,107,1.3774418011685992e-30
56,108,2.24600210434629e-30
56,109,2.851652838820698e-30
56,110,3.2738475241530844e-30
56,111,4.729954638457989e-31
56,112,2.9941416471784776e-31
56,113,2.154595119106514e-30
56,114,3.034184581506591e-30
56,115,1.968280470145643e-30
56,116,3.632539459322232e-30
56,117,2.3149423465788933e-30
56,118,1.162492169836333e-30
56,119,1.0086477948113546e-30
56,120,1.3157510220757283e-30
56,121,1.525057246932349e-30
56,122,3.213429747912067e-30
56,123,7.373067759286989e-31
56,124,1.123750624106898e-30
56,125,2.0558357715431257e-30
56,126,1.838745197678291e-30
56,127,9.674785524761002e-31
56,128,1.2947567473718058e-30
56,129,8.416680947940441e-16
56,130,2.880208462590536e-30
56,131,1.348441520652748e-15
56,132,2.631788731778409e-30
56,133,1.895715026240856e-30
56,134,1.132141488867821e-30
56,135,4.693893752929429e-16
56,136,2.882680375964962e-30
56,137,9.52496499758145e-31
56,138,2.6244593157599012e-31
56,139,1.3225168397360936e-30
56,140,1.536515850040529e-30
56,141,1.864072992573363e-30
56,142,1.6851743582573038e-30
56,143,1.3107360821881884e-30
56,144,1.2710558983332949e-30
56,145,1.8635600850159023e-30
56,146,1.006833266349609e-15
56,147,2.625304946466557e-30
56,148,1.4247405348360774e-30
56,149,1.5975590494673124e-30
57,58,8.255105797872468e-31
57,59,8.32743918631866e-31
57,60,1.618995948000668e-30
57,61,1.1669551153452767e-30
57,62,2.702277183210854e-31
57,63,3.777446114840952e-31
57,64,1.3185345280046216e-30
57,65,6.469457757372392e-31
57,66,1.116694658330156e-30
57,67,1.529471909699004e-30
57,68,7.862923857508655e-31
57,69,5.9461492525870325e-31
57,70,9.768759538133793e-31
57,71,8.286480397880627e-31
57,72,2.2842088739114655e-30
57,73,1.6700161421384128e-30
57,74,3.8346740202103885e-31
57,75,1.6289306706434042e-30
57,76,7.993616181750948e-31
57,77,1.0033927312301138e-30
57,78,1.8172531060509627e-30
57,79,1.1213241235891662e-30
57,80,3.349974829324099e-30
57,81,4.7370296498324235e-31
57,82,1.0945407641777746e-30
57,83,7.902841693816691e-31
57,84,2.5942799780423375e-30
57,85,5.611642494550488e-31
57,86,1.078016109398335e-30
57,87,1.63054443989046e-30
57,88,3.239047976051372e-31
57,89,1.1698658132797495e-30
57,90,1.3380725676194987e-30
57,91,2.8845921719301534e-31
57,92,1.2860767438667432e-30
57,93,1.1704334717776949e-30
57,94,7.3306509955232245e-31
57,95,8.8609687523671e-31
57,96,3.9146633502051757e-31
57,97,1.3658618746858501e-30
57,98,4.98797440441506e-31
57,99,6.299151236265684e-31
57,100,5.12210454334825e-31
57,101,1.388708732631516e-30
57,102,5.098589237047808e-31
57,103,8.655265517240556e-31
57,104,5.972992924549534e-31
57,105,2.1194985716955313e-30
57,106,3.304099479429993e-30
57,107,8.371273966429962e-31
57,108,1.5333076430368266e-30
57,109,1.783306487032653e-30
57,110,9.303162233623903e-31
57,111,2.0278075553457817e-31
57,112,1.815006843016774e-31
57,113,5.759280229723434e-31
57,114,1.9296124877451215e-30
57,115,1.223194377357296e-30
57,116,2.1246448321663077e-30
57,117,1.4412138753488805e-30
57,118,7.668252909191109e-31
57,119,5.7821945660784515e-31
57,120,7.531545827911571e-31
57,121,7.075980199752261e-31
57,122,1.3110793078553912e-30
57,123,4.969196118795029e-31
57,124,4.7091869859987146e-31
57,125,1.4254634743126022e-30
57,126,1.3229767370960418e-30
57,127,4.247560507712927e-31
57,128,7.966704292372805e-31
57,129,3.1888728582940676e-16
57,130,2.089382255026992e-30
57,131,8.174064141885251e-16
57,132,1.0922353147872748e-30
57,133,9.022373808474124e-31
57,134,4.856427361889942e-31
57,135,8.703403132147583e-31
57,136,1.736255966746321e-30
57,137,3.134981368704255e-31
57,138,1.8036949495706894e-31
57,139,7.158934410345682e-31
57,140,8.443048871870406e-31
57,141,7.158443921821066e-31
57,142,1.2033215236232418e-30
57,143,9.173201742495592e-31
57,144,7.298300031427331e-31
57,145,6.168957357051117e-31
57,146,4.458205583648692e-16
57,147,1.7943569852414058e-30
57,148,7.906186119255726e-31
57,149,9.636609898399379e-31
58,59,1.1327850900510944e-30
58,60,2.990430422711504e-30
58,61,2.4287159590544337e-30
58,62,1.2210390112621947e-30
58,63,1.7528741975420442e-30
58,64,3.205712120983012e-30
58,65,1.1128322569623534e-30
58,66,1.3374687427267954e-30
58,67,2.667102363056888e-30
58,68,3.1757873317242425e-30
58,69,2.421825894131274e-30
58,70,1.8211501818469107e-30
58,71,3.66525998464485e-30
58,72,3.2884153482609105e-30
58,73,2.4663716537960046e-30
58,74,2.406198729357436e-30
58,75,2.5767760838168495e-30
58,76,1.353236616939383e-30
58,77,2.859977136140213e-30
58,78,1.886250345187669e-30
58,79,1.0932742116378003e-30
58,80,3.8949605546641214e-30
58,81,1.3496631851261175e-30
58,82,1.0163065229398231e-30
58,83,1.819190221000942e-30
58,84,4.554295728386644e-30
58,85,2.9844278769960776e-30
58,86,9.480656756675746e-31
58,87,2.9837089289038113e-30
58,88,1.4171518706091379e-30
58,89,1.166503476024916e-30
58,90,1.1019461978787072e-30
58,91,1.6567483266489477e-30
58,92,1.0709951118573399e-30
58,93,2.7515665635599636e-30
58,94,1.275737773061908e-30
58,95,9.312538350446421e-31
58,96,3.1623500480764262e-31
58,97,3.476132017076715e-30
58,98,9.048394532785523e-31
58,99,1.2358864631947101e-30
58,100,5.374167256359274e-31
58,101,1.9448000085646085e-30
58,102,1.419368330465836e-30
58,103,4.390785535315933e-30
58,104,1.2296354583120405e-30
58,105,2.1827841500966995e-30
58,106,3.1301859925601013e-30
58,107,1.6934340180423413e-30
58,108,2.4774298182016275e-30
58,109,3.0955519578120768e-30
58,110,5.53204743725615e-30
58,111,6.44813037715622e-31
58,112,1.7045948874153342e-31
58,113,3.877398413628029e-30
58,114,4.92571898672479e-30
58,115,1.6332749446408065e-30
58,116,1.966283048743663e-30
58,117,1.170757002359998e-30
58,118,6.466804702890904e-31
58,119,7.006509888672711e-31
58,120,1.529559756073892e-30
58,121,1.4760725076711249e-30
58,122,4.909262124348141e-30
58,123,5.724482103580398e-31
58,124,1.2970646113351879e-30
58,125,1.9111554323257217e-30
58,126,1.846116638041885e-30
58,127,1.4566494467701423e-30
58,128,1.5354971097723626e-30
58,129,6.001340989000418e-16
58,130,3.492556599101428e-30
58,131,7.676812899781356e-16
58,132,4.539931374398384e-30
58,133,9.198916353872467e-31
58,134,7.033601595816289e-31
58,135,9.048203962935477e-31
58,136,1.5853817979247e-30
58,137,1.4423353388983236e-30
58,138,3.4044149428347435e-31
58,139,1.3685580390094533e-30
58,140,2.3475779162238787e-30
58,141,3.5212709673975805e-30
58,142,1.1098156431132785e-30
58,143,1.4173312345877504e-30
58,144,2.2155259437552575e-30
58,145,2.7065579529135926e-30
58,146,1.817513422402429e-15
58,147,1.8610050665725593e-30
58,148,2.295910640411246e-30
58,149,2.4765106113761327e-30
59,60,1.5155168430907197e-30
59,61,1.4479222449563327e-30
59,62,3.252931452317998e-31
59,63,5.738372350905028e-31
59,64,1.683507772386607e-30
59,65,6.780881896822554e-31
59,66,1.0992700473587905e-30
59,67,1.5696477276573844e-30
59,68,8.953682635596763e-31
59,69,8.429393222242435e-31
59,70,1.0121096285561061e-30
59,71,1.2813951772179537e-30
59,72,2.1188384149849794e-30
59,73,1.440972943896584e-30
59,74,5.952855978312403e-31
59,75,1.963721395444867e-30
59,76,5.903323189789801e-31
59,77,1.2781351896529897e-30
59,78,1.8038331328397928e-30
59,79,1.2041043536386254e-30
59,80,3.238208262806773e-30
59,81,6.8831255484081075e-31
59,82,9.09722956533856e-31
59,83,6.586938142464917e-31
59,84,3.404782466206533e-30
59,85,8.372833701434782e-31
59,86,1.0382554514622251e-30
59,87,1.9672378893181398e-30
59,88,5.880240362944798e-31
59,89,1.140718359751349e-30
59,90,1.4251871102751635e-30
59,91,3.3846792916038665e-31
59,92,1.1844815521513997e-30
59,93,1.2770653064205891e-30
59,94,5.7278555111721115e-31
59,95,9.32104437602351e-31
59,96,3.971482170303988e-31
59,97,1.2483837341055297e-30
59,98,4.385096784799113e-31
59,99,7.272716910568374e-31
59,100,5.517769410461324e-31
59,101,1.3850019934273172e-30
59,102,6.456960669701801e-31
59,103,1.0999091678202491e-30
59,104,8.713025032863522e-31
59,105,2.1314277997732775e-30
59,106,4.0670784382269996e-30
59,107,8.752878814935503e-31
59,108,1.8405500391142875e-30
59,109,1.6260098321940252e-30
59,110,1.2904065200296602e-30
59,111,2.02057043601298e-31
59,112,1.730029755080382e-31
59,113,1.0080791389829733e-30
59,114,2.296737462298166e-30
59,115,1.2273045518487353e-30
59,116,2.1288161648487123e-30
59,117,1.4924656504164721e-30
59,118,7.630819086740769e-31
59,119,5.376660855964576e-31
59,120,1.0489104806367195e-30
59,121,6.941934919662227e-31
59,122,1.298222067392289e-30
59,123,5.069984279931745e-31
59,124,4.9009239251707925e-31
59,125,1.4641450373839125e-30
59,126,1.4087887753034975e-30
59,127,4.7821740861052585e-31
59,128,7.677785030944085e-31
59,129,1.5700924586837744e-16
59,130,2.2435165718997416e-30
59,131,7.791361360319885e-16
59,132,1.5288127382376815e-30
59,133,1.0554192883308697e-30
59,134,5.196990933964337e-31
59,135,8.959646365463836e-31
59,136,1.6824775368302406e-30
59,137,3.99790057921747e-31
59,138,2.21778469094142e-31
59,139,7.82015565257252e-31
59,140,1.022742882066176e-30
59,141,1.1366701426508145e-30
59,142,1.1757519806114553e-30
59,143,9.777702414579318e-31
59,144,9.44491635700355e-31
59,145,7.096801097120531e-31
59,146,6.866350197783367e-16
59,147,1.819163508633007e-30
59,148,1.0362890737135012e-30
59,149,1.0967439400834528e-30
60,61,2.760894584534136e-30
60,62,1.3751173588011637e-30
60,63,1.827915259537921e-30
60,64,2.1350212216492638e-30
60,65,1.7204665485949002e-30
60,66,3.47936941762332e-30
60,67,2.7408399005940007e-30
60,68,3.7360326095125315e-30
60,69,2.094134601971415e-30
60,70,2.2750447543690053e-30
60,71,2.7677982947992754e-30
60,72,7.46360779048047e-30
60,73,5.4326000897305275e-30
60,74,2.5993522560926493e-30
60,75,2.9763635673469915e-30
60,76,2.371437420133772e-16
60,77,2.02977012035284e-30
60,78,4.78475334689458e-30
60,79,2.513253919454982e-30
60,80,8.974896328554484e-30
60,81,1.1108028872290756e-30
60,82,2.362791867953981e-30
60,83,3.003168747315421e-30
60,84,3.9764161172207255e-16
60,85,3.464091668796264e-30
60,86,2.7525699752583622e-30
60,87,2.4797158876814355e-30
60,88,1.2459379661755074e-30
60,89,2.646955799137629e-30
60,90,3.0338152808907717e-30
60,91,2.2347933522021366e-30
60,92,2.9632371387867345e-30
60,93,3.2090084178977196e-30
60,94,2.004729289309688e-30
60,95,1.9159246649203655e-30
60,96,9.014359406198536e-31
60,97,4.0626616427409625e-16
60,98,1.461621577097257e-30
60,99,1.3228506911128175e-30
60,100,1.5658953155454945e-30
60,101,3.326158441666554e-30
60,102,1.1932301487318055e-30
60,103,4.835194607334249e-30
60,104,1.2482262056776506e-30
60,105,6.365898204918375e-30
60,106,7.915098435304288e-30
60,107,2.681261891203581e-30
60,108,2.9225197691600396e-30
60,109,5.612442155196846e-30
60,110,6.087335713663115e-30
60,111,7.163303643921135e-31
60,112,4.966981914467357e-31
60,113,3.7831547574133856e-30
60,114,4.423959710811068e-30
60,115,2.964177877658889e-30
60,116,5.937040890302128e-30
60,117,3.575512124695333e-30
60,118,1.8820084687345384e-30
60,119,1.7413831288743733e-30
60,120,1.3031122709344317e-30
60,121,2.587617340067934e-30
60,122,6.2978750101433745e-30
60,123,1.0951573739440553e-30
60,124,1.8969149466471785e-30
60,125,3.1159395633609567e-30
60,126,2.4556272365594277e-30
60,127,1.1470433421474931e-30
60,128,2.1236966852129307e-30
60,129,4.2367047432750165e-16
60,130,4.949636895752533e-30
60,131,2.2369297899151196e-15
60,132,4.643948039175081e-30
60,133,2.654913387254847e-30
60,134,1.7277603840979233e-30
60,135,4.779784928769659e-16
60,136,4.6471625740385024e-30
60,137,1.1575518490072579e-30
60,138,2.6949444911525187e-31
60,139,1.870542824481081e-30
60,140,1.864464881031696e-30
60,141,3.38171181286622e-30
60,142,2.3954037886363473e-30
60,143,2.2662068889620382e-30
60,144,2.1514291022173227e-30
60,145,2.9460715401674e-30
60,146,1.3141099971596041e-15
60,147,4.3608952741262376e-30
60,148,1.5105743937080308e-30
60,149,1.8756298238690125e-30
61,62,8.655621648706184e-31
61,63,1.2657576368165316e-30
61,64,2.7405897110717497e-30
61,65,9.618754845598386e-31
61,66,1.8680469945149817e-30
61,67,2.4479680820811313e-30
61,68,2.2591522283868802e-30
61,69,1.6694267214175728e-30
61,70,1.4927691691122072e-30
61,71,2.6893428412798984e-30
61,72,3.816125827747991e-30
61,73,2.681539976200919e-30
61,74,1.6987749417746307e-30
61,75,2.8427855841662958e-30
61,76,1.739049440025595e-30
61,77,2.2933742474001666e-30
61,78,2.6537613405590485e-30
61,79,1.7629679327667684e-30
61,80,4.898499604206436e-30
61,81,1.211719620873595e-30
61,82,1.3989554093951286e-30
61,83,1.4861131263469503e-30
61,84,4.693416396389263e-30
61,85,2.022386584370394e-30
61,86,1.600782045745472e-30
61,87,2.965965143346422e-30
61,88,1.1961316333385726e-30
61,89,1.6417257602517934e-30
61,90,2.1860414237901934e-30
61,91,1.3388800757946296e-30
61,92,1.700429036168461e-30
61,93,1.973820990305471e-30
61,94,1.0230614360972855e-30
61,95,1.306576751010397e-30
61,96,5.776540954503855e-31
61,97,1.279468816630227e-16
61,98,7.221672475805551e-31
61,99,1.1126876089933251e-30
61,100,9.15588643396366e-31
61,101,2.002958926982405e-30
61,102,1.1065296160738749e-30
61,103,3.298579794652111e-30
61,104,1.4457440153281134e-30
61,105,3.364886398885692e-30
61,106,6.127593692283338e-30
61,107,1.2937349767611756e-30
61,108,2.8181973422762748e-30
61,109,2.6624175720487905e-30
61,110,3.928421193436781e-30
61,111,4.769422844411013e-31
61,112,2.736122248375506e-31
61,113,2.7434974640358762e-30
61,114,4.099601002434833e-30
61,115,1.7522478437813545e-30
61,116,3.314176801528812e-30
61,117,2.1762648184840998e-30
61,118,1.113649268801785e-30
61,119,9.021125321383105e-31
61,120,1.7308653145501307e-30
61,121,1.3020200960289972e-30
61,122,3.616367119431409e-30
61,123,7.500972437331038e-31
61,124,9.652622468528576e-31
61,125,2.0961756436829383e-30
61,126,2.157238167958693e-30
61,127,9.935319585272696e-31
61,128,1.0960067251715493e-30
61,129,6.777420539824539e-16
61,130,3.2032473905903754e-30
61,131,1.232239913822406e-15
61,132,3.230819405951527e-30
61,133,1.697635850530182e-30
61,134,9.513038312536906e-31
61,135,1.2854315881351493e-30
61,136,2.6322464238824792e-30
61,137,9.524041155970462e-31
61,138,3.3944743012394e-31
61,139,1.2612762512238363e-30
61,140,1.8137782561489687e-30
61,141,2.6283304208910146e-30
61,142,1.666230030332099e-30
61,143,1.261301746155038e-30
61,144,1.791359532861975e-30
61,145,1.985209003450603e-30
61,146,1.3799853365199579e-15
61,147,2.50368109407612e-30
61,148,1.7279943929184576e-30
61,149,1.8137446538205634e-30
62,63,6.618916956490892e-31
62,64,1.0367455502553645e-30
62,65,4.379997217564607e-31
62,66,7.162039313703274e-31
62,67,8.913968297407218e-31
62,68,1.2399164002315269e-30
62,69,8.50070031473563e-31
62,70,6.658239646737222e-31
62,71,1.2653923902122402e-30
62,72,1.662551313721834e-30
62,73,1.2225025855075325e-30
62,74,9.267031751699067e-31
62,75,7.444093100047416e-31
62,76,3.586392928206543e-31
62,77,9.548070375890368e-31
62,78,9.380303226800588e-31
62,79,4.206410136124724e-31
62,80,1.8613272325015567e-30
62,81,4.611722805040918e-31
62,82,4.971391251760969e-31
62,83,8.012224819001078e-31
62,84,1.3698255693111587e-30
62,85,1.1658371671323168e-30
62,86,5.154731571051761e-31
62,87,8.757837013969731e-31
62,88,5.055148385741881e-31
62,89,4.890702922360233e-31
62,90,5.316609892204147e-31
62,91,6.942976029013916e-31
62,92,5.23283724729305e-31
62,93,1.0183281713113062e-30
62,94,5.416450142716392e-31
62,95,3.2097889873013184e-31
62,96,1.466750096621708e-31
62,97,1.6590606156380264e-30
62,98,3.8009856575940423e-31
62,99,4.147929455572744e-31
62,100,3.0218592498536244e-31
62,101,7.998058782920802e-31
62,102,4.884089387381154e-31
62,103,1.7015328804369817e-30
62,104,3.960965198661209e-31
62,105,1.1888457665789176e-30
62,106,1.3428584573326271e-30
62,107,6.959888744166933e-31
62,108,7.843124421795348e-31
62,109,1.3672117954196577e-30
62,110,2.1421208240101303e-30
62,111,2.4847632417383785e-31
62,112,9.24446373305873e-32
62,113,1.4494813022303368e-30
62,114,1.7363360924260043e-30
62,115,6.877250514091686e-31
62,116,1.087864646686356e-30
62,117,6.235788184248008e-31
62,118,3.4250659914833047e-31
62,119,3.641598083759397e-31
62,120,4.789659035307584e-31
62,121,6.573841100258583e-31
62,122,1.9824109111360682e-30
62,123,2.276414171426328e-31
62,124,5.411586094040552e-31
62,125,6.918279175648613e-31
62,126,5.6932484720732885e-31
62,127,5.0549852487502985e-31
62,128,5.870008423654642e-31
62,129,1.318389841742374e-16
62,130,1.2647421792706103e-30
62,131,4.163336342344339e-16
62,132,1.6764569264721976e-30
62,133,5.1040894748451195e-31
62,134,3.726254671295975e-31
62,135,4.064042230501396e-31
62,136,8.626407162459482e-31
62,137,5.0621900193555135e-31
62,138,9.943465573281533e-32
62,139,5.255690026099806e-31
62,140,8.021627859326787e-31
62,141,1.3088146405385983e-30
62,142,4.0172170121074715e-31
62,143,4.955398967733954e-31
62,144,7.927886748210003e-31
62,145,1.0550374201733878e-30
62,146,6.181460191301306e-16
62,147,7.716473200216809e-31
62,148,7.307291325320092e-31
62,149,8.213886794505164e-31
63,64,1.5648531664056726e-30
63,65,6.0505994164044115e-31
63,66,9.812646671986393e-31
63,67,1.2895435526408054e-30
63,68,1.729197757749198e-30
63,69,1.236503881688169e-30
63,70,9.477375583351026e-31
63,71,1.841785370198536e-30
63,72,2.2400334762065597e-30
63,73,1.616701768762089e-30
63,74,1.3015085360583767e-30
63,75,1.1975619902868086e-30
63,76,1.4445423649242894e-30
63,77,1.4194706541345268e-30
63,78,1.2099386939083763e-30
63,79,6.031382246225988e-31
63,80,2.472023526372386e-30
63,81,7.362136512746783e-31
63,82,7.597217595562703e-31
63,83,1.1101072407289873e-30
63,84,2.44303437657813e-30
63,85,1.641091395920557e-30
63,86,7.215660829662942e-31
63,87,1.3795921126124454e-30
63,88,7.990413709220956e-31
63,89,6.5079861872834134e-31
63,90,8.381154977687619e-31
63,91,9.375165051930993e-31
63,92,6.655098565720439e-31
63,93,1.4317409156403644e-30
63,94,8.637220473531644e-31
63,95,4.356540035528933e-31
63,96,2.054972909644117e-31
63,97,1.618414262284736e-16
63,98,5.252627596586898e-31
63,99,6.023353492726883e-31
63,100,4.530378868147275e-31
63,101,1.1087515407664488e-30
63,102,7.130703894557954e-31
63,103,2.4819609234707816e-30
63,104,8.789445161340252e-31
63,105,1.5548704803499168e-30
63,106,2.6697881529237265e-30
63,107,9.460755704283832e-31
63,108,1.4318624339811944e-30
63,109,1.8207253951132604e-30
63,110,3.027980243924564e-30
63,111,3.494786965710982e-31
63,112,1.2307641710101625e-31
63,113,2.083891258882636e-30
63,114,2.5036598126420064e-30
63,115,9.30789108157573e-31
63,116,1.4977002682758806e-30
63,117,8.47156592721548e-31
63,118,4.43929672908848e-31
63,119,4.8248801502396855e-31
63,120,8.903778741544041e-31
63,121,9.05243858074507e-31
63,122,2.7669359978119556e-30
63,123,3.21566651541029e-31
63,124,7.451630963120834e-31
63,125,9.622454903588518e-31
63,126,8.296254323878483e-31
63,127,7.279729997299984e-31
63,128,8.423860453741172e-31
63,129,6.5033392636970495e-16
63,130,1.791772657016736e-30
63,131,5.542869061942328e-16
63,132,2.3889982390012785e-30
63,133,8.314617564981763e-31
63,134,5.448396652399033e-31
63,135,5.502906375626741e-31
63,136,1.1617036356875982e-30
63,137,7.298093372199032e-31
63,138,1.5757469971882718e-31
63,139,7.254480550240602e-31
63,140,1.1685212072424854e-30
63,141,1.8758491950243726e-30
63,142,5.719760473690955e-31
63,143,7.0055269820718505e-31
63,144,1.1485734988925534e-30
63,145,1.4767802465093952e-30
63,146,9.09709897221744e-16
63,147,1.071963436248733e-30
63,148,1.0760891097449997e-30
63,149,1.1920852040867448e-30
64,65,1.1719934309034923e-30
64,66,1.3746395282435481e-30
64,67,3.0846039256196232e-30
64,68,2.683879188013014e-30
64,69,2.3248240763648315e-30
64,70,1.9338755622650206e-30
64,71,3.5781170206861396e-30
64,72,2.74201697371533e-30
64,73,1.984908773260508e-30
64,74,2.0356108676858378e-30
64,75,3.4637542005636556e-30
64,76,1.2004538286816976e-30
64,77,3.0217259914422266e-30
64,78,2.551265708460026e-30
64,79,1.818146185111023e-30
64,80,4.553781012696149e-30
64,81,1.4921692107856671e-30
64,82,1.2290495926364667e-30
64,83,1.2881134444653578e-30
64,84,6.002904352133558e-30
64,85,2.435369328123398e-30
64,86,1.3044356290733902e-30
64,87,3.828281006789712e-30
64,88,1.4255730381186198e-30
64,89,1.7280951119101685e-30
64,90,1.9868381981180632e-30
64,91,1.3498100949834603e-30
64,92,1.7387630048074305e-30
64,93,2.6865065066201597e-30
64,94,9.985850598421898e-31
64,95,1.481164654583935e-30
64,96,5.524878697927801e-31
64,97,2.7230185981536865e-16
64,98,7.598159305469443e-31
64,99,1.4414698008552368e-30
64,100,6.745706367855092e-31
64,101,2.1672552673736972e-30
64,102,1.4771088058673231e-30
64,103,3.7677145351214306e-30
64,104,1.569705016036913e-30
64,105,2.9611836877959237e-30
64,106,5.697795954835573e-30
64,107,1.5765005450056045e-30
64,108,3.302892635055051e-30
64,109,2.5952075967829385e-30
64,110,4.6212386288646925e-30
64,111,5.679267026203788e-31
64,112,2.223801178611006e-31
64,113,3.391180125856382e-30
64,114,5.122620310893037e-30
64,115,1.85838349195689e-30
64,116,2.7895714576155615e-30
64,117,2.0575740781896922e-30
64,118,1.0729239267452983e-30
64,119,6.88138856071542e-31
64,120,1.9136753618964594e-30
64,121,1.0590485023125781e-30
64,122,4.035436904141386e-30
64,123,7.815204717788762e-31
64,124,1.024604159395007e-30
64,125,2.4221964012421297e-30
64,126,2.4491586279517377e-30
64,127,1.3711675622975542e-30
64,128,1.4468858762000656e-30
64,129,4.613190423717507e-16
64,130,4.0901393311091735e-30
64,131,1.0015110159338604e-15
64,132,4.182150658223586e-30
64,133,1.3328661975057867e-30
64,134,6.428589519121729e-31
64,135,1.3248967844651577e-30
64,136,2.177410839556545e-30
64,137,1.2999421210205131e-30
64,138,4.376511568163885e-31
64,139,1.4976866957733858e-30
64,140,2.3737026945342894e-30
64,141,3.2809593462559275e-30
64,142,1.792864941773767e-30
64,143,1.7607380874761033e-30
64,144,2.2267212754852454e-30
64,145,2.3386121143717734e-30
64,146,1.829185089700862e-15
64,147,2.8081450824532093e-30
64,148,2.4460777159130752e-30
64,149,2.5802780922619083e-30
65,66,1.1218847571851767e-30
65,67,1.1114526129046065e-30
65,68,1.1572373446720966e-30
65,69,7.856695231626488e-31
65,70,7.684623684050264e-31
65,71,1.1929696799109995e-30
65,72,2.3558085192064302e-30
65,73,1.6960002686128186e-30
65,74,8.510927434903874e-31
65,75,1.3337685943830825e-30
65,76,4.1528917653412625e-31
65,77,9.711043833578387e-31
65,78,1.5801020110938753e-30
65,79,9.226461670650474e-31
65,80,2.934468656355833e-30
65,81,4.664673336231232e-31
65,82,8.481007768840616e-31
65,83,9.278242573065109e-31
65,84,2.2694408327784424e-30
65,85,1.1016370888196077e-30
65,86,9.488456465463174e-31
65,87,1.3374230331188381e-30
65,88,4.707214906106794e-31
65,89,9.332191906011251e-31
65,90,1.1319720373825874e-30
65,91,6.433347036172446e-31
65,92,1.0225413818069331e-30
65,93,9.743760593309683e-31
65,94,6.607565572260047e-31
65,95,7.139977410670345e-31
65,96,3.272676729835323e-31
65,97,1.885340856531359e-30
65,98,4.515849489306384e-31
65,99,4.976417467124963e-31
65,100,5.184701198172236e-31
65,101,1.154798791490932e-30
65,102,4.7205933383904715e-31
65,103,1.58057403656379e-30
65,104,5.371752974615299e-31
65,105,2.0078594786238868e-30
65,106,3.001126769757359e-30
65,107,7.872171021652773e-31
65,108,1.23557398589588e-30
65,109,1.686014639811231e-30
65,110,1.9852862285017723e-30
65,111,2.186817634347782e-31
65,112,1.6536999458120634e-31
65,113,1.3239387912039548e-30
65,114,1.6533351508317533e-30
65,115,1.0254350793104996e-30
65,116,1.9437607638484784e-30
65,117,1.2461985382230004e-30
65,118,6.497376478137701e-31
65,119,5.57985962696331e-31
65,120,6.681722623349975e-31
65,121,7.847942708346228e-31
65,122,1.9354685245438094e-30
65,123,4.0142867305044876e-31
65,124,5.7426152782087265e-31
65,125,1.1207768019143457e-30
65,126,1.0142811456221335e-30
65,127,4.600515220727621e-31
65,128,6.6741709227110205e-31
65,129,1.0235215906109374e-30
65,130,1.6723599631098594e-30
65,131,7.447602459741821e-16
65,132,1.5203644369110023e-30
65,133,8.988255194459048e-31
65,134,5.505339402999285e-31
65,135,7.370921782125615e-31
65,136,1.571649327608456e-30
65,137,4.565813395081925e-31
65,138,1.5093936366180085e-31
65,139,5.915058402964354e-31
65,140,7.769925718828438e-31
65,141,1.1867853028013001e-30
65,142,9.256736252964871e-31
65,143,7.390811521239654e-31
65,144,7.2822454471803785e-31
65,145,9.203986726983453e-31
65,146,5.97873396028182e-16
65,147,1.4815127458900441e-30
65,148,7.816032138263204e-31
65,149,8.20354121153125e-31
66,67,1.8391125495224923e-30
66,68,1.9766404955768922e-30
66,69,9.619587512318296e-31
66,70,1.5377912101044325e-30
66,71,8.191623414878892e-31
66,72,4.838250929619799e-30
66,73,3.417695164371893e-30
66,74,1.2866351176506658e-30
66,75,2.174000411392865e-30
66,76,8.434870653356245e-31
66,77,8.929294588268722e-31
66,78,3.1454812983113336e-30
66,79,1.746044806139785e-30
66,80,5.8855522439293524e-30
66,81,6.468616317209959e-31
66,82,1.6326688368060124e-30
66,83,1.8131504219861338e-30
66,84,3.886661798877009e-30
66,85,2.0083044573726605e-30
66,86,1.9025469765389028e-30
66,87,1.6296432223461555e-30
66,88,5.845585767705313e-31
66,89,1.791426125342948e-30
66,90,2.223793598422329e-30
66,91,1.0763283517168491e-30
66,92,1.9470209902885086e-30
66,93,2.0077584401013676e-30
66,94,1.2834017010445047e-30
66,95,1.3210402023978054e-30
66,96,6.267097682391419e-31
66,97,3.737074436122023e-30
66,98,9.150811219138326e-31
66,99,8.461893333820678e-31
66,100,1.086160992321663e-30
66,101,2.293296989355221e-30
66,102,6.869963584484725e-31
66,103,2.11645702233545e-30
66,104,9.259215069004724e-31
66,105,4.0876205517421134e-30
66,106,5.932880899817448e-30
66,107,1.5970625797365044e-30
66,108,2.039036359369311e-30
66,109,3.368096338916667e-30
66,110,2.910606644176065e-30
66,111,3.8217519858017194e-31
66,112,3.328149602320906e-31
66,113,1.5989286008390943e-30
66,114,2.526247488924026e-30
66,115,2.0332286742037472e-30
66,116,3.943315206006066e-30
66,117,2.4513278235739543e-30
66,118,1.2716957130556108e-30
66,119,1.1356419008947375e-30
66,120,9.61788247455755e-31
66,121,1.622048533341279e-30
66,122,3.403101078851921e-30
66,123,7.767480218824318e-31
66,124,1.155737120160577e-30
66,125,2.1264292139087066e-30
66,126,1.8465232389535454e-30
66,127,5.0599396820150126e-31
66,128,1.3788282359616742e-30
66,129,2.482534153247282e-16
66,130,3.2418600156437975e-30
66,131,1.4988653308845705e-15
66,132,2.312605140420009e-30
66,133,1.8986332580019342e-30
66,134,1.1692486423309372e-30
66,135,1.4542379695832348e-30
66,136,3.162868239467773e-30
66,137,4.7710663132933025e-31
66,138,1.5912259497459045e-31
66,139,1.2062369448293638e-30
66,140,9.897287009782674e-31
66,141,1.6093523813987476e-30
66,142,1.683032204629086e-30
66,143,1.3985669428436184e-30
66,144,1.0727470179015195e-30
66,145,1.476413292827297e-30
66,146,3.330669073875462e-16
66,147,2.86836072398824e-30
66,148,6.414525986372133e-31
66,149,1.1238089356094487e-30
67,68,2.340679310575416e-30
67,69,1.8140718344827725e-30
67,70,1.8520857682476096e-30
67,71,2.9693327071234873e-30
67,72,3.783347980190842e-30
67,73,2.7549514971029995e-30
67,74,1.7229833377004076e-30
67,75,3.1228068714920876e-30
67,76,2.423666966934874e-16
67,77,2.5960563366018233e-30
67,78,2.9624487170311305e-30
67,79,1.9632524798947662e-30
67,80,5.4979700063904505e-30
67,81,1.1315178201241294e-30
67,82,1.882056444130138e-30
67,83,1.4332527313244818e-30
67,84,2.5814178083862015e-16
67,85,2.0651257354414594e-30
67,86,1.7645879997973916e-30
67,87,3.448416307842753e-30
67,88,9.800730892813377e-31
67,89,2.00471886931267e-30
67,90,2.349829567957563e-30
67,91,1.4166228547154878e-30
67,92,2.1064144975616635e-30
67,93,2.4374828244301045e-30
67,94,1.317252737975138e-30
67,95,1.5079149105847344e-30
67,96,6.479455504751779e-31
67,97,1.8463195827281387e-16
67,98,8.070337539775454e-31
67,99,1.3044640390392547e-30
67,100,8.50010796737013e-31
67,101,2.3630690807980382e-30
67,102,1.2392419151596951e-30
67,103,2.9198801481005238e-30
67,104,1.1584127641460863e-30
67,105,3.392827045128638e-30
67,106,5.588364730503941e-30
67,107,1.4309203500909553e-30
67,108,2.8932355026239365e-30
67,109,2.802115207368976e-30
67,110,3.788589508680271e-30
67,111,5.952331356243745e-31
67,112,2.925831798309003e-31
67,113,2.6618106322349278e-30
67,114,4.811053387168761e-30
67,115,2.0574465260062017e-30
67,116,3.443577373843583e-30
67,117,2.3585101754188743e-30
67,118,1.256115829801443e-30
67,119,9.370217087278699e-31
67,120,1.6447913291557996e-30
67,121,1.2016060958750407e-30
67,122,3.374917495003686e-30
67,123,8.741256197445565e-31
67,124,9.331515697235457e-31
67,125,2.554286216333362e-30
67,126,2.6107785117823705e-30
67,127,1.2880072870188674e-30
67,128,1.4514051123304652e-30
67,129,5.174043597954732e-16
67,130,3.7753993306890116e-30
67,131,1.3176774996613182e-15
67,132,3.365971884903317e-30
67,133,1.5031931913210203e-30
67,134,8.49897708577374e-31
67,135,1.2794688166302246e-16
67,136,2.8034612954038918e-30
67,137,1.1836960208753787e-30
67,138,3.935215631696989e-31
67,139,1.4046464207975976e-30
67,140,2.2244703014768653e-30
67,141,2.6034809536495035e-30
67,142,2.082702027948357e-30
67,143,1.511310961077389e-30
67,144,1.9728309677808216e-30
67,145,2.461329716900857e-30
67,146,1.5033598460783025e-15
67,147,2.914414998600984e-30
67,148,2.0881765177587838e-30
67,149,2.3856719069395187e-30
68,69,2.361777829421621e-30
68,70,2.10172575766424e-30
68,71,3.2876117661940286e-30
68,72,4.543373271239883e-30
68,73,3.448481177567882e-30
68,74,2.4229209280512433e-30
68,75,1.9639651589513528e-30
68,76,1.1830035893959497e-30
68,77,2.4965206773678745e-30
68,78,2.609444410060412e-30
68,79,1.2186317762280919e-30
68,80,5.231536958877831e-30
68,81,1.315875348955353e-30
68,82,1.3788410708115593e-30
68,83,2.124099321207476e-30
68,84,3.4081119941352434e-30
68,85,3.0158875453919658e-30
68,86,1.4429338752136611e-30
68,87,2.3264458846041277e-30
68,88,1.312104119564918e-30
68,89,1.3407072298547788e-30
68,90,1.4943576402291342e-30
68,91,1.8423482292168153e-30
68,92,1.4931598273771607e-30
68,93,2.6559476040331562e-30
68,94,1.3922727807085981e-30
68,95,9.175207113118882e-31
68,96,4.310389945851392e-31
68,97,3.2398021848425396e-16
68,98,1.0077736671686968e-30
68,99,9.670402841609157e-31
68,100,8.413227980030572e-31
68,101,2.1260610734235818e-30
68,102,1.2692906233583242e-30
68,103,4.4223421900035574e-30
68,104,1.034546699337039e-30
68,105,3.377133087418105e-30
68,106,3.87643519066756e-30
68,107,1.909204281710878e-30
68,108,2.0255154070838216e-30
68,109,3.4814628108351195e-30
68,110,5.6226566704676766e-30
68,111,6.473851933547261e-31
68,112,2.613526673390122e-31
68,113,3.778966968187562e-30
68,114,4.616497316212613e-30
68,115,2.772582600180071e-30
68,116,3.1349806567302982e-30
68,117,1.789595395266213e-30
68,118,9.672659223098178e-31
68,119,1.0030243763278347e-30
68,120,3.1813810924908944e-30
68,121,1.7685991219972423e-30
68,122,5.317840264030804e-30
68,123,6.063150202772369e-31
68,124,1.495433660387615e-30
68,125,1.9201264779976255e-30
68,126,1.688590277053771e-30
68,127,1.306726391625364e-30
68,128,1.5348506321756613e-30
68,129,8.786614147158588e-17
68,130,3.3344698729283474e-30
68,131,1.1770277752402611e-15
68,132,4.4250333279139505e-30
68,133,1.4027563627758664e-30
68,134,1.015993135072178e-30
68,135,1.3421334795710235e-15
68,136,2.4767042687554097e-30
68,137,1.310511684331764e-30
68,138,2.65269188933474e-31
68,139,1.5061465488211351e-30
68,140,2.2727223822056842e-30
68,141,3.2310582816382754e-30
68,142,1.250818800636998e-30
68,143,1.240057980427686e-30
68,144,2.2504155477369953e-30
68,145,2.739859837190369e-30
68,146,1.6062739095271886e-15
68,147,2.1783469754668792e-30
68,148,1.9089374306731857e-30
68,149,2.125297505199994e-30
69,70,1.4158692797039948e-30
69,71,2.6053796047270708e-30
69,72,2.3085860817908794e-30
69,73,1.7686141967755505e-30
69,74,1.6849983296819998e-30
69,75,1.9009485178944848e-30
69,76,1.2432947080671824e-30
69,77,2.0272867527394876e-30
69,78,1.2557251250394523e-30
69,79,8.931537699463539e-31
69,80,2.758480278926655e-30
69,81,9.73879311286614e-31
69,82,8.25022031510822e-31
69,83,1.3248373723592154e-30
69,84,1.4156874379065311e-16
69,85,2.1325439114613212e-30
69,86,7.208581334662022e-31
69,87,2.179042349128671e-30
69,88,1.0217227517427273e-30
69,89,8.511571888883599e-31
69,90,8.037977868451466e-31
69,91,1.0716996208021334e-30
69,92,8.094653517042474e-31
69,93,1.9251194733883934e-30
69,94,1.1019049430783843e-30
69,95,7.641004739494995e-31
69,96,2.3928855837420072e-31
69,97,9.70180453354247e-16
69,98,6.3843273942356135e-31
69,99,9.055808377348657e-31
69,100,4.094834039322247e-31
69,101,1.3870726335582385e-30
69,102,1.0099788073522406e-30
69,103,3.078953632711472e-30
69,104,9.330455186366443e-31
69,105,1.9642942724287275e-30
69,106,2.7486163320391315e-30
69,107,1.155582507801062e-30
69,108,1.8233455896269697e-30
69,109,2.0883605518755046e-30
69,110,3.898104845097658e-30
69,111,4.333853273077551e-31
69,112,1.2350963356581992e-31
69,113,2.763965714750593e-30
69,114,3.3254107163654586e-30
69,115,2.053371755214722e-30
69,116,1.658230887110869e-30
69,117,8.625363129231856e-31
69,118,4.628194147608008e-31
69,119,4.926174854064296e-31
69,120,1.6028202118590942e-30
69,121,1.0319832389933229e-30
69,122,3.424099240345504e-30
69,123,4.191394487225236e-31
69,124,9.149811918563747e-31
69,125,1.3149938526184717e-30
69,126,1.4813872646745219e-30
69,127,1.0243682914536402e-30
69,128,1.089865648238086e-30
69,129,4.783309287441108e-16
69,130,2.5823231717649756e-30
69,131,5.562379397036934e-16
69,132,3.225283414559985e-30
69,133,7.110222631672391e-31
69,134,5.173935178926754e-31
69,135,5.474282680061304e-16
69,136,1.18039709243706e-30
69,137,1.0229214606538849e-30
69,138,2.474453944746089e-31
69,139,1.2385677834620035e-30
69,140,1.6186216600399817e-30
69,141,2.5588129692308836e-30
69,142,8.039622109309448e-31
69,143,1.2270943869409602e-30
69,144,1.5398560781626966e-30
69,145,1.809693848155174e-30
69,146,1.292796196521032e-15
69,147,1.4823619617442217e-30
69,148,1.678704391986897e-30
69,149,1.8161414891252723e-30
70,71,1.9760502834242256e-30
70,72,3.290933782325854e-30
70,73,2.4330053814298036e-30
70,74,1.311944921833239e-30
70,75,2.0980393548960347e-30
70,76,1.7776472489119194e-16
70,77,1.5992369341745496e-30
70,78,2.153258700508295e-30
70,79,1.355540516654857e-30
70,80,4.2210292662636484e-30
70,81,7.621719764885274e-31
70,82,1.4632912684740108e-30
70,83,1.3529668338596083e-30
70,84,4.2116374510924993e-16
70,85,1.7059608363128182e-30
70,86,1.4572583385022302e-30
70,87,2.1185529934810804e-30
70,88,7.520363570805823e-31
70,89,1.3595173510809964e-30
70,90,1.670210798644333e-30
70,91,8.89680843249565e-31
70,92,1.4256416451073683e-30
70,93,1.4667145197861652e-30
70,94,1.228511705466053e-30
70,95,1.0072732920946886e-30
70,96,4.617331866490368e-31
70,97,9.342544893102174e-16
70,98,6.239467468678443e-31
70,99,8.112496006674426e-31
70,100,7.07783009658573e-31
70,101,1.9636995223887893e-30
70,102,7.843256342399727e-31
70,103,2.46340593117162e-30
70,104,8.01082984957789e-31
70,105,2.4292545544423667e-30
70,106,4.308235532895957e-30
70,107,1.0385156821785229e-30
70,108,1.8565096669666355e-30
70,109,2.2172760932794863e-30
70,110,3.048568463545831e-30
70,111,3.390664663439981e-31
70,112,2.286438203681144e-31
70,113,2.09968929575938e-30
70,114,2.777406015703929e-30
70,115,1.9360323847228837e-30
70,116,2.808828776842207e-30
70,117,1.7694054574721178e-30
70,118,9.102174411220115e-31
70,119,7.681450985594192e-31
70,120,1.374167206262281e-30
70,121,1.015176887440991e-30
70,122,2.9394351299021496e-30
70,123,6.039099036020059e-31
70,124,8.646791656250005e-31
70,125,1.7890325818848322e-30
70,126,1.5321020321075623e-30
70,127,7.842735801648434e-31
70,128,9.164981637440131e-31
70,129,2.1909770392190743e-16
70,130,2.391979900299183e-30
70,131,1.0297202242104075e-15
70,132,2.4387658321757343e-30
70,133,1.2260743925826556e-30
70,134,7.5151783688113765e-31
70,135,6.670006125585271e-16
70,136,2.2048448301635407e-30
70,137,7.6881807206944885e-31
70,138,2.4106372663857914e-31
70,139,1.27531913544627e-30
70,140,1.314854078621847e-30
70,141,2.074524806917673e-30
70,142,1.5054212436407536e-30
70,143,9.987573218082042e-31
70,144,1.1533884679008348e-30
70,145,1.4440046765609454e-30
70,146,9.902616200563004e-16
70,147,1.976614476421284e-30
70,148,1.3146045512018268e-30
70,149,1.4750270676201612e-30
71,72,2.510517683651425e-30
71,73,1.852673651948876e-30
71,74,2.4932047281371274e-30
71,75,2.8965100719175863e-30
71,76,1.0357504567156581e-30
71,77,3.1612599182277545e-30
71,78,1.9407825272177332e-30
71,79,1.2389983927433083e-30
71,80,3.8809127837345666e-30
71,81,1.4947963399828236e-30
71,82,9.077243407333384e-31
71,83,1.67874287686268e-30
71,84,5.168477680693001e-30
71,85,3.050561123385592e-30
71,86,5.264522600755309e-31
71,87,3.362062782007881e-30
71,88,1.5302831214007679e-30
71,89,1.298829825576967e-30
71,90,1.1979369637099711e-30
71,91,1.6630698606076102e-30
71,92,1.0577637069849686e-30
71,93,2.9522652232454335e-30
71,94,1.2187039332080114e-30
71,95,1.0423304298555745e-30
71,96,1.8795248209884859e-31
71,97,2.99871184736576e-30
71,98,9.169211314647326e-31
71,99,1.3772323251262504e-30
71,100,2.050913640614861e-31
71,101,2.086429408596364e-30
71,102,1.5570207853956414e-30
71,103,4.507505506313334e-30
71,104,1.3939578335356278e-30
71,105,1.4316590426861821e-30
71,106,3.541613649725489e-30
71,107,1.7654198838399844e-30
71,108,2.8282257686242484e-30
71,109,3.060200547491528e-30
71,110,5.69972283724675e-30
71,111,6.793285727636298e-31
71,112,5.08212005647905e-32
71,113,4.065208789202878e-30
71,114,5.4187981311117635e-30
71,115,1.7557701956180635e-30
71,116,1.3144254471491143e-30
71,117,1.1386854369940395e-30
71,118,6.7261630479544655e-31
71,119,4.971718252529182e-31
71,120,1.743550993515082e-30
71,121,1.4080080897468905e-30
71,122,4.952904119718795e-30
71,123,6.4046964418256395e-31
71,124,1.2942936225523452e-30
71,125,2.1357063246951928e-30
71,126,2.051320247122905e-30
71,127,1.565857829074703e-30
71,128,1.6143556820338068e-30
71,129,4.475452091311811e-16
71,130,3.852020410851764e-30
71,131,2.288783399261117e-16
71,132,4.8267300229612284e-30
71,133,7.592650429948751e-31
71,134,4.428501238555844e-31
71,135,1.0006726762234535e-30
71,136,5.090684035943611e-31
71,137,1.536233172427853e-30
71,138,3.838205941278839e-31
71,139,1.4825170076543982e-30
71,140,2.573182588675161e-30
71,141,3.739955209395227e-30
71,142,1.1629927767592605e-30
71,143,1.5635931496137975e-30
71,144,2.4135898598683072e-30
71,145,2.8375372692636623e-30
71,146,1.9894154992800432e-15
71,147,2.0249181863731625e-30
71,148,2.525062139545681e-30
71,149,2.7004999640005912e-30
72,73,7.328161961613337e-30
72,74,3.0631474678156332e-30
72,75,4.1799086830920804e-30
72,76,1.7046326572944504e-30
72,77,2.08940701259576e-30
72,78,6.523012066253947e-30
72,79,3.512439389043318e-30
72,80,1.23061329978449e-29
72,81,1.3571105658450458e-30
72,82,3.485020671310928e-30
72,83,3.988743805040487e-30
72,84,3.9259977185645536e-16
72,85,4.4799208928632954e-30
72,86,3.939395866738815e-30
72,87,3.0878428417489778e-30
72,88,1.3517791865503004e-30
72,89,3.677962495522746e-30
72,90,4.473358035849611e-30
72,91,2.5272303314222086e-30
72,92,4.045039552914299e-30
72,93,4.283970327855695e-30
72,94,2.829738945264859e-30
72,95,2.6759019611477165e-30
72,96,1.2688681509811997e-30
72,97,7.06550124653109e-16
72,98,1.9641588683366977e-30
72,99,1.7166556763362196e-30
72,100,2.2218035535990734e-30
72,101,4.844977499475112e-30
72,102,1.4858443628070587e-30
72,103,5.312461296997833e-30
72,104,1.7437717464118993e-30
72,105,8.444712772430993e-30
72,106,1.1698005146144855e-29
72,107,3.410378356351665e-30
72,108,4.071364750369386e-30
72,109,7.25754910330652e-30
72,110,7.047535265038097e-30
72,111,8.626521411329651e-31
72,112,6.907157042822655e-31
72,113,4.098810003844652e-30
72,114,5.4662207742716374e-30
72,115,4.273967376477234e-30
72,116,8.119255937787916e-30
72,117,4.999347891633529e-30
72,118,2.619943994064118e-30
72,119,2.3919127587756152e-30
72,120,1.8071093950545676e-30
72,121,3.455800006801694e-30
72,122,7.780784760294489e-30
72,123,1.6013147589396663e-30
72,124,2.509931613890555e-30
72,125,4.3827829598594314e-30
72,126,3.68229742625359e-30
72,127,1.2647219437285401e-30
72,128,2.913488886554775e-30
72,129,3.964289135040477e-16
72,130,6.727815261526568e-30
72,131,3.110706988424563e-15
72,132,5.343464009838629e-30
72,133,3.821309230810903e-30
72,134,2.427835498891595e-30
72,135,2.700435738633667e-16
72,136,6.545984330438895e-30
72,137,1.2586965902170348e-30
72,138,2.9934833497968215e-31
72,139,2.56811763383187e-30
72,140,2.14519850897854e-30
72,141,3.9772576475493776e-30
72,142,3.445024269058674e-30
72,143,2.8989843686266468e-30
72,144,2.383909304680432e-30
72,145,3.457181414736851e-30
72,146,1.0981005136966497e-15
72,147,5.859229610522539e-30
72,148,1.3339424577285905e-30
72,149,2.3584970630965926e-30
73,74,2.2611276019789802e-30
73,75,2.793771737440984e-30
73,76,1.4914391939179244e-30
73,77,1.628405481595942e-30
73,78,4.685650709566129e-30
73,79,2.469908837757506e-30
73,80,8.9138424714171e-30
73,81,1.0178047017337734e-30
73,82,2.61641836024841e-30
73,83,2.9529337691130743e-30
73,84,5.1739154297288535e-30
73,85,3.0972851945932636e-30
73,86,2.7951597161458208e-30
73,87,2.0715884622455187e-30
73,88,1.0331049828158257e-30
73,89,2.6541202744241e-30
73,90,3.0976616978126458e-30
73,91,1.8302412868058084e-30
73,92,2.9774687566041816e-30
73,93,3.04793750087686e-30
73,94,2.162695316678068e-30
73,95,1.907450703673771e-30
73,96,8.96871691140913e-31
73,97,2.2247786310271883e-16
73,98,1.4272087060527642e-30
73,99,1.2304920206292691e-30
73,100,1.529050446555678e-30
73,101,3.496659110579821e-30
73,102,1.0874024536155983e-30
73,103,4.280500943375214e-30
73,104,1.1669483612724712e-30
73,105,6.015191029641908e-30
73,106,7.86876466553069e-30
73,107,2.488363074936342e-30
73,108,2.9385671186934528e-30
73,109,5.3469280786837596e-30
73,110,5.357013396830434e-30
73,111,6.065130583223072e-31
73,112,4.939555740692626e-31
73,113,3.1513277089757613e-30
73,114,3.998182818306945e-30
73,115,3.1522237983025034e-30
73,116,5.742618606625126e-30
73,117,3.526214769169662e-30
73,118,1.8816452508904936e-30
73,119,1.7210457155741883e-30
73,120,2.2307108886316767e-30
73,121,2.451632938751578e-30
73,122,5.843330595178832e-30
73,123,1.1522390319804765e-30
73,124,1.7803426937755062e-30
73,125,3.157080982908857e-30
73,126,2.5762180359089097e-30
73,127,8.758925471600085e-31
73,128,2.061818357300166e-30
73,129,2.9381934884747987e-16
73,130,4.8733377684522716e-30
73,131,2.2245781393159115e-15
73,132,3.958092247454917e-30
73,133,2.571220322673508e-30
73,134,1.6704801377778277e-30
73,135,1.2226294416042007e-15
73,136,4.664166850898114e-30
73,137,8.420281269425655e-31
73,138,1.9298995021669187e-31
73,139,1.815700669151892e-30
73,140,1.5564894589971541e-30
73,141,2.9008980082402368e-30
73,142,2.489457983336678e-30
73,143,2.0813853424929294e-30
73,144,1.837103745696949e-30
73,145,2.352993079402616e-30
73,146,8.151520804141009e-16
73,147,4.1665750293024535e-30
73,148,8.307930030775415e-31
73,149,1.645571357049581e-30
74,75,1.4258889310024888e-30
74,76,8.264163203827749e-31
74,77,1.8788740057790087e-30
74,78,1.708925492840618e-30
74,79,7.509299766602776e-31
74,80,3.4552804309174126e-30
74,81,9.205514598221483e-31
74,82,9.139185586264815e-31
74,83,1.5428514225894273e-30
74,84,2.7697271106367673e-30
74,85,2.2802794452103085e-30
74,86,8.834505189944995e-31
74,87,1.6596944530270404e-30
74,88,1.0108897741699362e-30
74,89,9.001066314447216e-31
74,90,9.033185682720341e-31
74,91,1.3318948042959962e-30
74,92,9.058027048952498e-31
74,93,1.9909997739074316e-30
74,94,1.0690371439436804e-30
74,95,5.922786326079062e-31
74,96,2.245371182116416e-31
74,97,3.1035430813070133e-30
74,98,7.313584501881591e-31
74,99,8.107444784790608e-31
74,100,5.29276521744045e-31
74,101,1.5433178952392955e-30
74,102,9.633008556193638e-31
74,103,3.36009873151703e-30
74,104,8.021627524493007e-31
74,105,2.08925522310993e-30
74,106,2.2393483193085366e-30
74,107,1.3420769783001133e-30
74,108,1.580236731812743e-30
74,109,2.6030586210908653e-30
74,110,4.209303738535754e-30
74,111,4.803549652252961e-31
74,112,1.5799951773218332e-31
74,113,2.863418480343894e-30
74,114,3.389063159393364e-30
74,115,1.3142590493655949e-30
74,116,1.8936806738919627e-30
74,117,1.058265744067867e-30
74,118,6.005667362048058e-31
74,119,6.599477871306817e-31
74,120,9.489705116061487e-31
74,121,1.2530799228773394e-30
74,122,3.8708581705337376e-30
74,123,4.3774951685883075e-31
74,124,1.0456214494468856e-30
74,125,1.3452324850179737e-30
74,126,1.1151958241222637e-30
74,127,9.871743649417112e-31
74,128,1.1409763282955132e-30
74,129,3.310368768515582e-16
74,130,2.4829558445541794e-30
74,131,7.115665691833791e-16
74,132,3.300480065411966e-30
74,133,9.107087334947364e-31
74,134,6.791565442691009e-31
74,135,7.455229166711677e-31
74,136,1.4690817845396911e-30
74,137,9.921794476439184e-31
74,138,1.8614318959482713e-31
74,139,1.0211373640075003e-30
74,140,1.566901919095236e-30
74,141,2.578325624928975e-30
74,142,6.520807159854763e-31
74,143,9.697763460495125e-31
74,144,1.5559918990433802e-30
74,145,2.036177231094479e-30
74,146,1.2179488459765704e-15
74,147,1.4028642448386365e-30
74,148,1.430618837678906e-30
74,149,1.603372585682339e-30
75,76,3.5252466428198266e-16
75,77,2.7827334511403265e-30
75,78,3.490955611631356e-30
75,79,2.351472845340699e-30
75,80,6.249560058581687e-30
75,81,1.5110531089471523e-30
75,82,1.7340917311960083e-30
75,83,1.2986444601334702e-30
75,84,2.5133742693021506e-16
75,85,1.7843616910021703e-30
75,86,2.056857495107254e-30
75,87,4.002296411772046e-30
75,88,1.2016910126132995e-30
75,89,2.2040017088716345e-30
75,90,2.7483553586865635e-30
75,91,8.256149200948116e-31
75,92,2.2685375875031676e-30
75,93,2.5772950407305637e-30
75,94,1.1028705657099694e-30
75,95,1.8265515179187737e-30
75,96,7.726113885669401e-31
75,97,5.066818149359798e-16
75,98,8.469646446347888e-31
75,99,1.4894005596481178e-30
75,100,1.1090538748979198e-30
75,101,2.790634043330669e-30
75,102,1.346594710197746e-30
75,103,2.4425317612298683e-30
75,104,1.8051551123881456e-30
75,105,4.08226787359129e-30
75,106,8.39136949314397e-30
75,107,1.741786601888135e-30
75,108,3.6737726722866944e-30
75,109,3.186089696013207e-30
75,110,3.18784673140719e-30
75,111,4.429073492943717e-31
75,112,3.354153941782668e-31
75,113,2.4003907956199697e-30
75,114,4.7651565063852404e-30
75,115,2.460509252392027e-30
75,116,4.2085742110324095e-30
75,117,2.9460942077518908e-30
75,118,1.4837053944001058e-30
75,119,1.044226116272298e-30
75,120,2.119390379659669e-30
75,121,1.3671885503209812e-30
75,122,2.690312056434771e-30
75,123,9.809429345735625e-31
75,124,9.621087962857829e-31
75,125,2.975674637583767e-30
75,126,2.6222717049580634e-30
75,127,1.1641900451980644e-30
75,128,1.520579418695557e-30
75,129,7.8602692457664945e-16
75,130,4.428711389884213e-30
75,131,1.5105766442355715e-15
75,132,3.3751832868853075e-30
75,133,2.129309223806707e-30
75,134,1.0779056712322745e-30
75,135,1.0167788324641044e-15
75,136,3.288029453152491e-30
75,137,1.0602834120674337e-30
75,138,4.522441354010773e-31
75,139,1.5057504441105114e-30
75,140,2.203612915780066e-30
75,141,2.712805423050691e-30
75,142,2.335284943104994e-30
75,143,2.0181364902969355e-30
75,144,2.0563081159487774e-30
75,145,1.6961892754704496e-30
75,146,1.5135062192981513e-15
75,147,3.6405825249903265e-30
75,148,2.242370007118532e-30
75,149,2.3158385154232906e-30
76,77,1.4145609573935953e-30
76,78,1.2382996085257706e-30
76,79,5.563907521828794e-16
76,80,6.685239565574667e-16
76,81,1.058574536916434e-30
76,82,1.3176994735673307e-30
76,83,8.897265616788295e-31
76,84,4.063300457328203e-16
76,85,2.521641614851887e-30
76,86,8.130705200494063e-31
76,87,8.037604605818561e-31
76,88,1.36583274358579e-30
76,89,2.3193453981493587e-16
76,90,1.1366801864894306e-30
76,91,6.253358158736776e-31
76,92,1.6221917037802022e-30
76,93,7.085355435526745e-31
76,94,1.1681495617811344e-30
76,95,5.379235503154854e-31
76,96,2.333934068155098e-31
76,97,2.3180158009248314e-16
76,98,8.270673838551605e-31
76,99,6.389958687110961e-31
76,100,5.352093506063832e-31
76,101,2.559000120916066e-16
76,102,2.9164151761034042e-31
76,103,2.9002613080520633e-30
76,104,2.4301924325188582e-30
76,105,1.1443916996305547e-16
76,106,1.4039390490097854e-15
76,107,8.154749323250802e-31
76,108,2.641886505767165e-30
76,109,2.298458245825259e-30
76,110,2.012640285369382e-30
76,111,5.885620869774276e-31
76,112,1.2279642332033354e-31
76,113,1.2495564126884003e-30
76,114,1.3016492095060704e-30
76,115,1.427794424839335e-15
76,116,4.372511199414161e-16
76,117,9.096695729891044e-31
76,118,5.296805925596524e-31
76,119,4.214920942125936e-31
76,120,2.3073023493547784e-30
76,121,1.0806454940431255e-30
76,122,3.543764515824944e-16
76,123,3.4306413086420434e-31
76,124,6.152663622991882e-31
76,125,1.063831155036923e-15
76,126,4.749470842267071e-16
76,127,9.573116380203445e-31
76,128,8.034134061661875e-31
76,129,2.1798400186804518e-15
76,130,1.4081998701353345e-30
76,131,5.530259263078842e-16
76,132,4.65074155377946e-16
76,133,1.2681647139247126e-30
76,134,5.75457592851422e-31
76,135,9.520455767771377e-16
76,136,1.1424100808820017e-30
76,137,6.0391249994984525e-31
76,138,8.98165437475614e-32
76,139,2.084286679525373e-16
76,140,1.0712267142162314e-30
76,141,1.705691187922561e-30
76,142,7.940567625605436e-16
76,143,3.947858670158483e-16
76,144,4.0980639237286565e-16
76,145,7.511024125405352e-31
76,146,3.69589747295112e-16
76,147,2.214204971866646e-30
76,148,1.2901353675003692e-30
76,149,9.96728120067792e-31
77,78,1.791347701837894e-30
77,79,1.3473560695692177e-30
77,80,3.2694100431209986e-30
77,81,1.2501209376673606e-30
77,82,1.061680375556544e-30
77,83,1.249118727072021e-30
77,84,4.84980120173375e-30
77,85,2.2519636086275882e-30
77,86,1.0677557424257217e-30
77,87,3.079469436363924e-30
77,88,1.2472553794851383e-30
77,89,1.3157039603789875e-30
77,90,1.4110859960379918e-30
77,91,1.2834571955138844e-30
77,92,1.237124228645016e-30
77,93,2.3438874522249205e-30
77,94,9.496271991404583e-31
77,95,1.0480988235321713e-30
77,96,3.7644100864588813e-31
77,97,9.726339438262533e-16
77,98,6.8173236621423175e-31
77,99,1.1743303326949909e-30
77,100,3.9391793884599656e-31
77,101,1.818074059824805e-30
77,102,1.2698274917430945e-30
77,103,3.5120698964251494e-30
77,104,1.2500674548783543e-30
77,105,1.521158871221246e-30
77,106,4.127547077185399e-30
77,107,1.4154945906330713e-30
77,108,2.5846304552232796e-30
77,109,2.3204762478929525e-30
77,110,4.292596032473699e-30
77,111,5.207974884588536e-31
77,112,1.4823206051218534e-31
77,113,3.1026881548639167e-30
77,114,4.547676899945885e-30
77,115,1.7772968806039167e-30
77,116,1.8669704152435307e-30
77,117,1.4661392597029024e-30
77,118,7.437017643417677e-31
77,119,4.764941273360798e-31
77,120,1.6325283596286075e-30
77,121,1.0030060732644637e-30
77,122,3.7824607801700494e-30
77,123,5.945976272415285e-31
77,124,9.524745763847108e-31
77,125,1.9900223713728665e-30
77,126,1.8489495831847443e-30
77,127,1.2296672871088309e-30
77,128,1.2710516133231644e-30
77,129,5.540697006111459e-16
77,130,3.220788775251926e-30
77,131,6.675778524870392e-16
77,132,3.735061180137189e-30
77,133,8.115937912705277e-31
77,134,4.007723304306558e-31
77,135,2.498062038134449e-16
77,136,1.4063053235091372e-30
77,137,1.1802683881759951e-30
77,138,3.5304274955633567e-31
77,139,1.3390241010142787e-30
77,140,2.2099640373880766e-30
77,141,2.933940251678596e-30
77,142,1.4230123539374575e-30
77,143,1.340930217595469e-30
77,144,1.9522721567133967e-30
77,145,2.153057719466126e-30
77,146,1.6007653766268253e-15
77,147,2.0840617925482793e-30
77,148,2.0908095726684477e-30
77,149,2.190139171772834e-30
78,79,2.609954593702599e-30
78,80,8.335387594956138e-30
78,81,9.9383566805321e-31
78,82,2.3758375978497378e-30
78,83,2.4029558199958407e-30
78,84,6.0780185352688675e-30
78,85,2.3910603266557028e-30
78,86,2.6826535793501694e-30
78,87,3.1937134173812316e-30
78,88,7.879177636416515e-31
78,89,2.6623902833513384e-30
78,90,3.1850873400167945e-30
78,91,1.5685105579858475e-30
78,92,2.9438454725115682e-30
78,93,2.730097612484302e-30
78,94,1.713280723921236e-30
78,95,2.023759036484086e-30
78,96,9.322366355447447e-31
78,97,2.498001805406604e-16
78,98,1.250276264374025e-30
78,99,1.3291320591445448e-30
78,100,1.4590643894114187e-30
78,101,3.2566565985248306e-30
78,102,1.0114465466621212e-30
78,103,3.178689218142835e-30
78,104,1.3636870442466756e-30
78,105,5.801466300486628e-30
78,106,8.402953051549219e-30
78,107,2.2287395534755787e-30
78,108,3.304106127076234e-30
78,109,4.764114689407164e-30
78,110,4.007882770111543e-30
78,111,5.035809043090176e-31
78,112,4.704999158946771e-31
78,113,2.373884830567457e-30
78,114,3.728921753842005e-30
78,115,2.912262556740405e-30
78,116,5.537216290938851e-30
78,117,3.556897430030877e-30
78,118,1.858140450192961e-30
78,119,1.5689371733037187e-30
78,120,1.5892425037961782e-30
78,121,2.126445855637892e-30
78,122,4.534503381715096e-30
78,123,1.133615994240302e-30
78,124,1.4828378510617931e-30
78,125,3.174994165409412e-30
78,126,2.8171946511589812e-30
78,127,7.533114514239581e-31
78,128,1.8840037699504684e-30
78,129,1.3597399555105084e-16
78,130,4.792463841500036e-30
78,131,2.118943245901119e-15
78,132,3.0235451970852354e-30
78,133,2.5318496010008512e-30
78,134,1.5188163206210735e-30
78,135,1.28134900694156e-16
78,136,4.476564793175807e-30
78,137,7.323002085223799e-31
78,138,3.4775329622489262e-31
78,139,1.671600641555557e-30
78,140,1.5183360837404932e-30
78,141,2.270503414190567e-30
78,142,2.6059190348498638e-30
78,143,2.157785317840156e-30
78,144,1.455953350199601e-30
78,145,2.0035205963171078e-30
78,146,9.893217867496885e-16
78,147,4.28786144368697e-30
78,148,1.450054813008534e-30
78,149,1.792934558286438e-30
79,80,4.797416713048874e-30
79,81,7.357027928701668e-31
79,82,1.3981464848226098e-30
79,83,1.2039946280334581e-30
79,84,1.7028591979410373e-16
79,85,1.144011671873081e-30
79,86,1.5564035635660657e-30
79,87,2.2339463335785668e-30
79,88,5.829156667272956e-31
79,89,1.593967875664259e-30
79,90,1.981232306561352e-30
79,91,7.624293549425229e-31
79,92,1.7108215517699545e-30
79,93,1.6191630967232875e-30
79,94,9.690990359430238e-31
79,95,1.2395753847075196e-30
79,96,5.588306351935818e-31
79,97,7.033849144347034e-16
79,98,6.7528509610506096e-31
79,99,8.734551553650641e-31
79,100,8.39355731386851e-31
79,101,1.9413163872932215e-30
79,102,7.004635902413286e-31
79,103,1.4456852174400417e-30
79,104,9.699281469645508e-31
79,105,3.325686030200468e-30
79,106,5.275128457189623e-30
79,107,1.2318398407632759e-30
79,108,2.1908924254455406e-30
79,109,2.5228585671989208e-30
79,110,1.760120352620825e-30
79,111,2.4789435986321937e-31
79,112,2.661219863385908e-31
79,113,1.1130612728808556e-30
79,114,2.6337626670395668e-30
79,115,1.7392855211830777e-30
79,116,3.194153663393271e-30
79,117,2.1039102790087537e-30
79,118,1.0888927919587462e-30
79,119,8.607437416444965e-31
79,120,1.2220100419991208e-30
79,121,1.1356072810005443e-30
79,122,2.0933148461249887e-30
79,123,6.967058361342535e-31
79,124,7.692559617568012e-31
79,125,1.9644683939267e-30
79,126,1.8699736783470806e-30
79,127,4.749229151613252e-31
79,128,1.077694697838864e-30
79,129,2.4552312978479334e-16
79,130,2.9415803096613e-30
79,131,1.1985068785095747e-15
79,132,1.5911252003206858e-30
79,133,1.515053590676198e-30
79,134,8.416566869415401e-31
79,135,1.7166751997586144e-16
79,136,2.5539887632122634e-30
79,137,4.018246426637269e-31
79,138,2.4779905236510325e-31
79,139,1.022817192785259e-30
79,140,1.1221089794375683e-30
79,141,1.1625971519757184e-30
79,142,1.615093043573092e-30
79,143,1.2601096717057544e-30
79,144,1.0376409508643272e-30
79,145,9.824738811707867e-31
79,146,6.671094469542962e-16
79,147,2.504546295375298e-30
79,148,1.0452620887516027e-30
79,149,1.2950571070867336e-30
80,81,1.8170143678984427e-30
80,82,4.7172783173305e-30
80,83,4.7203890406336924e-30
80,84,5.42832645933576e-16
80,85,4.759372075607393e-30
80,86,4.9601701409203014e-30
80,87,5.690438847109855e-30
80,88,1.682796186404312e-30
80,89,4.975765962832403e-30
80,90,5.947654040665639e-30
80,91,2.7436843502263424e-30
80,92,5.446096713254248e-30
80,93,5.0797862969274556e-30
80,94,3.620031129578696e-30
80,95,3.6805365694198816e-30
80,96,1.7085982919547654e-30
80,97,5.645192404176415e-16
80,98,2.3630039107847274e-30
80,99,2.4136699224972657e-30
80,100,2.7098295840595057e-30
80,101,6.052071664708389e-30
80,102,1.821316632662424e-30
80,103,6.55857371838082e-30
80,104,2.380231684949277e-30
80,105,1.0613395441610416e-29
80,106,2.475934179115416e-16
80,107,4.1382738946197446e-30
80,108,5.9542960818032066e-30
80,109,8.670404673401693e-30
80,110,8.182520740356931e-30
80,111,9.222056068045128e-31
80,112,8.748827988914711e-31
80,113,5.000091096101012e-30
80,114,6.76174670995268e-30
80,115,5.1596050789271725e-30
80,116,1.1548622343646624e-16
80,117,6.488086138876067e-30
80,118,3.428813432811409e-30
80,119,2.9426720750063645e-30
80,120,2.596421842289723e-30
80,121,4.024440371742475e-30
80,122,8.96482156402782e-30
80,123,2.1451284042950377e-30
80,124,2.8396212911817235e-30
80,125,5.900449843019465e-30
80,126,5.266802344576035e-30
80,127,1.4736403274226521e-30
80,128,3.513878573658169e-30
80,129,6.241113726195876e-16
80,130,8.897151906560923e-30
80,131,3.940121847080488e-15
80,132,6.0966536921646394e-30
80,133,4.672542352935974e-30
80,134,2.849480599486044e-30
80,135,6.803323622689115e-16
80,136,8.318907317026555e-30
80,137,1.4929945177485174e-30
80,138,6.208597250762479e-31
80,139,3.1465183416632054e-30
80,140,2.7044255614389833e-30
80,141,4.4614223763779895e-30
80,142,4.887012083151651e-30
80,143,3.6809745439991986e-30
80,144,2.8915128776071956e-30
80,145,3.561215158177187e-30
80,146,1.942447268553562e-15
80,147,7.595797523961493e-30
80,148,2.6589124014343955e-30
80,149,3.2820585973608184e-30
81,82,5.549113124467979e-31
81,83,7.0810934948925824e-31
81,84,2.716746385933155e-30
81,85,1.1251430646341596e-30
81,86,5.617710427729755e-31
81,87,1.4999181051362075e-30
81,88,7.241395230843928e-31
81,89,6.416549565618129e-31
81,90,8.258402944575941e-31
81,91,6.219623285176296e-31
81,92,6.430265440081332e-31
81,93,1.0374176029154066e-30
81,94,5.931529098260929e-31
81,95,5.661461192263602e-31
81,96,2.1892920814607684e-31
81,97,2.6007115286173867e-16
81,98,3.055543644463091e-31
81,99,5.993924756142439e-31
81,100,3.2051082695215787e-31
81,101,8.95249658139592e-31
81,102,6.085640390771582e-31
81,103,1.9345913843768735e-30
81,104,8.329375759664497e-31
81,105,1.2487129012193377e-30
81,106,2.720752490117798e-30
81,107,6.913405532583326e-31
81,108,1.4880055258772705e-30
81,109,1.2751691383449331e-30
81,110,2.1611717050846532e-30
81,111,2.278417285748667e-31
81,112,9.668494236359899e-32
81,113,1.5662912545441086e-30
81,114,2.0974668932349263e-30
81,115,1.0626462376568812e-30
81,116,1.2298563550601653e-30
81,117,8.290404564520441e-31
81,118,4.221438032629729e-31
81,119,3.1898656340103967e-31
81,120,1.2508247606237453e-30
81,121,4.979927426697547e-31
81,122,1.977565403693635e-30
81,123,3.1497106270421035e-31
81,124,4.5355999544636685e-31
81,125,9.787988068377593e-31
81,126,9.331465146859694e-31
81,127,5.104223648971277e-31
81,128,4.798900628726835e-31
81,129,3.972449072051481e-16
81,130,1.633928925002757e-30
81,131,4.354302704010426e-16
81,132,1.8333309380314517e-30
81,133,6.3667264383723104e-31
81,134,3.229611393001598e-31
81,135,7.771843609245723e-16
81,136,9.471130922600911e-31
81,137,4.848950464501398e-31
81,138,1.720153844219644e-31
81,139,6.593564221321937e-31
81,140,9.220551056557323e-31
81,141,1.6386498988953267e-30
81,142,6.688263723912643e-31
81,143,6.676121814393223e-31
81,144,1.0106632765335413e-30
81,145,9.154196506675543e-31
81,146,7.676318680345087e-16
81,147,1.0305874920585908e-30
81,148,9.511806268165243e-31
81,149,9.458873057281117e-31
82,83,1.4486382561617164e-30
82,84,2.5193072771750645e-30
82,85,1.2598486062671073e-30
82,86,1.5403185735600436e-30
82,87,1.618088953673157e-30
82,88,5.279316324138909e-31
82,89,1.5287410954305629e-30
82,90,1.8225261905873186e-30
82,91,5.210417194577185e-31
82,92,1.6868006946333485e-30
82,93,1.4374761151997636e-30
82,94,1.5884439730120228e-30
82,95,1.0743176428058153e-30
82,96,4.965904267314344e-31
82,97,3.6612118776349394e-16
82,98,7.076076815822369e-31
82,99,6.6839320372631935e-31
82,100,7.223266047390316e-31
82,101,2.0186452493626053e-30
82,102,5.2979428247308605e-31
82,103,2.0548735176945553e-30
82,104,6.135721035323772e-31
82,105,2.7254208390641733e-30
82,106,4.112186929429135e-30
82,107,1.133881190491274e-30
82,108,1.7602699098312944e-30
82,109,2.4422657683290675e-30
82,110,2.2764023206158327e-30
82,111,2.516723391750118e-31
82,112,2.5277593904724726e-31
82,113,1.3667460835350456e-30
82,114,2.2286748141336392e-30
82,115,1.744157305328627e-30
82,116,2.8992976124290917e-30
82,117,1.842422184600904e-30
82,118,1.008447943188844e-30
82,119,8.457544764254587e-31
82,120,9.694071341797135e-31
82,121,1.0688838809424173e-30
82,122,2.552754257627414e-30
82,123,7.007565693782929e-31
82,124,7.739900087678718e-31
82,125,1.8378414445578236e-30
82,126,1.7215998860850164e-30
82,127,3.8514544818310027e-31
82,128,1.0183330765639078e-30
82,129,5.112698325756727e-16
82,130,2.540047395872367e-30
82,131,1.1384016249014108e-15
82,132,1.5613964162146582e-30
82,133,1.213212367532466e-30
82,134,7.402674267184604e-31
82,135,4.02276352246981e-16
82,136,2.4026525131997003e-30
82,137,2.910300820045123e-31
82,138,1.7418483914581846e-31
82,139,9.865472342590346e-31
82,140,9.129755962187896e-31
82,141,1.2853641021098873e-30
82,142,1.6287745149658312e-30
82,143,9.684248167831822e-31
82,144,9.01786879907019e-31
82,145,7.278226389016357e-31
82,146,4.627779271052811e-16
82,147,2.164400934579436e-30
82,148,6.761394441090026e-31
82,149,9.307820861849368e-31
83,84,2.4726440280976664e-30
83,85,2.032071800608562e-30
83,86,1.438586877446458e-30
83,87,9.93500051962931e-31
83,88,8.122515847664382e-31
83,89,1.3420284544140286e-30
83,90,1.5547213517746947e-30
83,91,1.087214544326176e-30
83,92,1.498062709028869e-30
83,93,1.76803976854488e-30
83,94,1.3948839542409263e-30
83,95,9.330905338592305e-31
83,96,4.355400325925315e-31
83,97,3.203724395869024e-30
83,98,8.02747729939609e-31
83,99,6.409700455236697e-31
83,100,7.9189531152522e-31
83,101,1.9009331199408655e-30
83,102,7.172745739256205e-31
83,103,2.999487020290628e-30
83,104,6.225950350394549e-31
83,105,3.0681114080835073e-30
83,106,3.853600481434133e-30
83,107,1.3755048724142022e-30
83,108,1.481008930799635e-30
83,109,2.9340366405652803e-30
83,110,3.677758661405356e-30
83,111,3.6557842134893573e-31
83,112,2.5410600282395257e-31
83,113,2.3616480045950404e-30
83,114,2.435001835337541e-30
83,115,1.637317778180362e-30
83,116,2.9327904392727514e-30
83,117,1.7539667738546112e-30
83,118,9.529167767035713e-31
83,119,9.189715008038913e-31
83,120,6.307289445488971e-31
83,121,1.3822318297971522e-30
83,122,3.6834292282166505e-30
83,123,6.104007350199401e-31
83,124,1.0507942119025206e-30
83,125,1.611978269349046e-30
83,126,1.3055184130405627e-30
83,127,6.416212697850446e-31
83,128,1.1457272657644576e-30
83,129,2.001483021243352e-16
83,130,2.5923513643994885e-30
83,131,1.1443916996305594e-15
83,132,2.6853687375519174e-30
83,133,1.317826272570718e-30
83,134,8.974162905001962e-31
83,135,1.052406736412441e-30
83,136,2.3827045126783535e-30
83,137,6.721178872766981e-31
83,138,1.1131527247671456e-31
83,139,9.998835222681417e-31
83,140,1.0409721339639425e-30
83,141,2.070193986084689e-30
83,142,1.2241624390436273e-30
83,143,1.0394548935060722e-30
83,144,1.1675538576385877e-30
83,145,1.4558777801269346e-30
83,146,7.89083741449786e-16
83,147,2.0544020205952557e-30
83,148,8.672298694595488e-31
83,149,1.036179331746469e-30
84,85,3.8137613547720934e-30
84,86,3.4376072523169624e-30
84,87,6.854018368286632e-30
84,88,2.4661788621287658e-30
84,89,1.4304896245381975e-16
84,90,2.2441759317135174e-16
84,91,1.678570365142559e-30
84,92,3.8339930682465575e-30
84,93,4.208779664702107e-30
84,94,2.3453091943168704e-30
84,95,3.172416111264816e-30
84,96,1.3300244019840322e-30
84,97,1.2286723608196005e-15
84,98,1.4518961804635872e-30
84,99,2.4960258306460722e-30
84,100,1.9659372866662153e-30
84,101,2.723239613421138e-16
84,102,2.3291264762220906e-30
84,103,5.542956250643343e-30
84,104,3.562912911608841e-30
84,105,9.750072864489968e-16
84,106,3.5171705636835695e-16
84,107,3.027351722739197e-30
84,108,6.509827459359876e-30
84,109,3.734131425024954e-16
84,110,6.665131113712479e-30
84,111,5.549324445498598e-31
84,112,5.914791427843965e-31
84,113,4.935746330839599e-30
84,114,4.456247668830302e-16
84,115,3.0562657329293406e-16
84,116,3.354436718747633e-16
84,117,5.1776217321131844e-30
84,118,2.5527083770777363e-30
84,119,1.866739106196531e-30
84,120,1.1231769368048212e-16
84,121,2.5516359145910613e-30
84,122,2.419923704820556e-16
84,123,1.5743216831432056e-30
84,124,1.7044945683157242e-30
84,125,4.8580001011309184e-17
84,126,1.1569448177632052e-16
84,127,1.807077739228785e-30
84,128,2.4873855852801937e-30
84,129,1.0374143149355515e-15
84,130,7.487414144283798e-30
84,131,2.6635192189854244e-15
84,132,2.862359443830084e-16
84,133,3.759598176507975e-30
84,134,1.9200899407187705e-30
84,135,8.913170603436976e-16
84,136,5.98319099735581e-30
84,137,1.6146194892060746e-30
84,138,7.718470663657165e-31
84,139,2.3389836998737296e-16
84,140,3.87529022807045e-30
84,141,4.768898608523975e-30
84,142,4.779289107395686e-16
84,143,3.7904403014692614e-16
84,144,3.7056552056931913e-16
84,145,2.2575122966917223e-30
84,146,2.702162449161435e-15
84,147,3.433350410216455e-16
84,148,4.0103007431765555e-30
84,149,3.512953316736877e-30
85,86,1.4465544702234308e-30
85,87,2.032985500295738e-30
85,88,1.2340125234757853e-30
85,89,1.3073165715356744e-30
85,90,1.6397073460646286e-30
85,91,1.6096345567900863e-30
85,92,1.2511202246325635e-30
85,93,2.588689480415193e-30
85,94,1.4637951046025847e-30
85,95,8.179992337432364e-31
85,96,3.9362180740093385e-31
85,97,2.5438405243138e-16
85,98,1.0219761823615076e-30
85,99,9.750536818680772e-31
85,100,9.500036510642608e-31
85,101,2.0064459236378938e-30
85,102,1.1730242680995233e-30
85,103,4.069051041933669e-30
85,104,1.4467713428990639e-30
85,105,3.221436442292415e-30
85,106,4.938187514275028e-30
85,107,1.67176477609443e-30
85,108,2.1059369753571667e-30
85,109,3.339208241724466e-30
85,110,5.229957468976115e-30
85,111,6.424463553909218e-31
85,112,2.4686335332439313e-31
85,113,3.5383350137205445e-30
85,114,3.9797878591689644e-30
85,115,1.713763013451284e-30
85,116,3.0870475208357557e-30
85,117,1.716028801362152e-30
85,118,8.707323489297945e-31
85,119,9.5711757720314e-31
85,120,1.231971054858131e-30
85,121,1.7963723674501988e-30
85,122,4.799064283621403e-30
85,123,5.812632471588019e-31
85,124,1.4160450370062897e-30
85,125,1.712204667827538e-30
85,126,1.631442279120952e-30
85,127,1.2990396625320578e-30
85,128,1.6451164934589782e-30
85,129,1.2028177797512989e-15
85,130,3.1047884969568035e-30
85,131,1.1117737060431684e-15
85,132,4.101526588076407e-30
85,133,1.755412760056916e-30
85,134,1.1402853477660716e-30
85,135,1.0483242697352603e-16
85,136,2.347870875282443e-30
85,137,1.322056211051051e-30
85,138,2.2910404417712928e-31
85,139,1.3099077849122284e-30
85,140,1.927265925491156e-30
85,141,3.145594224044933e-30
85,142,9.691588727605986e-31
85,143,1.2828052891882865e-30
85,144,1.8489852458935797e-30
85,145,2.6282761986600998e-30
85,146,1.4732858499194998e-15
85,147,2.2645927562172694e-30
85,148,1.827430740084559e-30
85,149,2.103075016097965e-30
86,87,1.7139426322527066e-30
86,88,4.388093837612156e-31
86,89,1.6070684555566306e-30
86,90,1.9837690467844926e-30
86,91,7.681890168617753e-31
86,92,1.729074220315004e-30
86,93,1.642905500963555e-30
86,94,1.19144482193064e-30
86,95,1.1885394603543283e-30
86,96,5.558577053776887e-31
86,97,5.526013298434487e-16
86,98,7.466782287634282e-31
86,99,7.3652381082332755e-31
86,100,8.913743980202847e-31
86,101,2.14690160675774e-30
86,102,5.910541045475499e-31
86,103,1.527663489623045e-30
86,104,8.255609187842844e-31
86,105,3.2237939249424106e-30
86,106,5.2949876155196684e-30
86,107,1.2702113332763612e-30
86,108,1.9157051601810427e-30
86,109,2.8592032459439628e-30
86,110,2.058358519441172e-30
86,111,2.78312549844885e-31
86,112,2.8267114648806703e-31
86,113,1.0068744409041802e-30
86,114,2.365759313532668e-30
86,115,2.0850569332644414e-30
86,116,3.268629476920712e-30
86,117,2.150897416571544e-30
86,118,1.110926639921981e-30
86,119,9.423959522942664e-31
86,120,1.1916309806926068e-30
86,121,1.2342895335273361e-30
86,122,2.5459798446568147e-30
86,123,7.010235515765808e-31
86,124,8.992221826696448e-31
86,125,1.89659493739341e-30
86,126,1.6704431766478342e-30
86,127,3.5487061985869756e-31
86,128,1.1332338033918135e-30
86,129,3.689686387624289e-16
86,130,2.7111272888252776e-30
86,131,1.2730376699920504e-15
86,132,1.6149608737740526e-30
86,133,1.5627197701150357e-30
86,134,9.309381986821055e-31
86,135,2.292986861754156e-16
86,136,2.65733337918439e-30
86,137,2.808104660471604e-31
86,138,1.7799145266654913e-31
86,139,1.1308632767473192e-30
86,140,8.907005650512312e-31
86,141,1.4089475256005648e-30
86,142,1.6025626288485875e-30
86,143,1.2639070675250112e-30
86,144,8.163978203158283e-31
86,145,1.0302418028758707e-30
86,146,2.6766507790745767e-16
86,147,2.4832384353528906e-30
86,148,6.121549216434059e-31
86,149,9.111577793958748e-31
87,88,1.2980690735580151e-30
87,89,2.1429106699276747e-30
87,90,2.523511769561877e-30
87,91,9.301628264220053e-31
87,92,2.1640413543517796e-30
87,93,2.8209632997146235e-30
87,94,1.0053589098474028e-30
87,95,1.778972718319939e-30
87,96,6.9875423993348235e-31
87,97,1.1123893155135895e-16
87,98,8.533472878236319e-31
87,99,1.5710253085201513e-30
87,100,8.219935031368298e-31
87,101,2.6286586740125476e-30
87,102,1.5045859165749775e-30
87,103,2.842500633840193e-30
87,104,1.6957165555657274e-30
87,105,3.3929076485644654e-30
87,106,7.102236014940555e-30
87,107,1.7286501958500822e-30
87,108,3.71696838080293e-30
87,109,2.9993213480072122e-30
87,110,3.643831837549606e-30
87,111,5.2213822495457045e-31
87,112,2.7409657422968914e-31
87,113,2.7800848520763803e-30
87,114,5.301091331851435e-30
87,115,2.3109213392079616e-30
87,116,3.474273485288073e-30
87,117,2.6163540177491357e-30
87,118,1.3517918793263874e-30
87,119,8.268827671109935e-31
87,120,2.1360589240949234e-30
87,121,1.1488876981854381e-30
87,122,3.200525978026481e-30
87,123,9.52585177266429e-31
87,124,9.520177495028301e-31
87,125,2.8973071267219505e-30
87,126,2.820425816379499e-30
87,127,1.324723249863534e-30
87,128,1.6101173833032965e-30
87,129,1.3597399555105172e-16
87,130,4.572700254218491e-30
87,131,1.2344212295643587e-15
87,132,3.843280008682765e-30
87,133,1.6758759175866713e-30
87,134,7.036458226894866e-31
87,135,1.6425943774870685e-30
87,136,2.7010465346686194e-30
87,137,1.1947347860534662e-30
87,138,4.854789742456656e-31
87,139,1.580494656484222e-30
87,140,2.4586588747566978e-30
87,141,2.8799601325975237e-30
87,142,2.244648471093306e-30
87,143,2.0010889293667812e-30
87,144,2.2005215408483345e-30
87,145,2.0121420456398327e-30
87,146,1.749757363920037e-15
87,147,3.409257164390399e-30
87,148,2.5134670029551476e-30
87,149,2.6576581164159858e-30
88,89,4.715009062450657e-31
88,90,6.645937057454418e-31
88,91,6.617631683889471e-31
88,92,5.095652044625001e-31
88,93,1.0470301027071479e-30
88,94,6.72239765940753e-31
88,95,4.392972602178131e-31
88,96,1.4020291459367404e-31
88,97,1.2987629853794295e-30
88,98,3.50998765365291e-31
88,99,5.228690693358443e-31
88,100,2.945371824138786e-31
88,101,9.34032281074347e-31
88,102,6.0605798801597405e-31
88,103,2.1468420147708693e-30
88,104,9.292989381532993e-31
88,105,9.009928379722063e-31
88,106,2.6777952873459097e-30
88,107,7.355777585604904e-31
88,108,1.5040844578357654e-30
88,109,1.349074194908596e-30
88,110,2.401034251919043e-30
88,111,2.3313997857863213e-31
88,112,7.187203109480995e-32
88,113,1.71046402148941e-30
88,114,2.0688545985600565e-30
88,115,7.868601831227956e-31
88,116,9.15289705027567e-31
88,117,5.709915638231408e-31
88,118,3.1132981658196694e-31
88,119,2.8894309082509386e-31
88,120,9.361972036735147e-31
88,121,5.785749908906152e-31
88,122,2.2117842092139033e-30
88,123,2.864556108342433e-31
88,124,5.151752912431371e-31
88,125,8.008533990005385e-31
88,126,7.298328094334112e-31
88,127,5.170809582349306e-31
88,128,5.29025844672978e-31
88,129,5.538958748184412e-16
88,130,1.5181665380345708e-30
88,131,3.236828524569469e-16
88,132,1.9335688200652553e-30
88,133,5.987348457829237e-31
88,134,3.329486161213727e-31
88,135,3.195911153732876e-31
88,136,6.969609597780604e-31
88,137,5.061502572309343e-31
88,138,1.48610842446217e-31
88,139,6.315476176923491e-31
88,140,9.28011564752222e-31
88,141,1.588917508254036e-30
88,142,4.75708164230984e-31
88,143,6.353540837364822e-31
88,144,1.014618580940948e-30
88,145,9.405140089402629e-31
88,146,7.756988222726542e-16
88,147,7.771631589957307e-31
88,148,9.002924630409e-31
88,149,8.578591799415911e-31
89,90,1.958627486137214e-30
89,91,7.703652155710792e-31
89,92,1.7987441378524873e-30
89,93,1.6175756467364023e-30
89,94,1.1242978089196673e-30
89,95,1.2389988059861063e-30
89,96,5.621022189702448e-31
89,97,3.9745993972772053e-16
89,98,7.2006618872389726e-31
89,99,8.402406239725367e-31
89,100,8.351170456085121e-31
89,101,1.977145691090231e-30
89,102,6.6873229012890485e-31
89,103,1.6736063087485386e-30
89,104,8.35560855773638e-31
89,105,3.308120214888265e-30
89,106,8.228423156434645e-16
89,107,1.2513133497885257e-30
89,108,2.0905383178482784e-30
89,109,2.7154868562275683e-30
89,110,2.1034021037355344e-30
89,111,2.601238450648586e-31
89,112,2.7426648950055264e-31
89,113,1.3129986947211268e-30
89,114,2.537716464768399e-30
89,115,1.8155753806603477e-30
89,116,3.2278890475171515e-30
89,117,2.1063014651919964e-30
89,118,1.1095909461475637e-30
89,119,8.989989526238989e-31
89,120,1.1647515040788795e-30
89,121,1.174395070686946e-30
89,122,2.3986952050839623e-30
89,123,7.062628945553596e-31
89,124,8.146853543258754e-31
89,125,1.955975661175528e-30
89,126,1.830256471871216e-30
89,127,5.889241677938714e-31
89,128,1.1101813287231758e-30
89,129,4.821907221589283e-16
89,130,2.9007641476899956e-30
89,131,1.235186459914904e-15
89,132,1.6007398055917238e-30
89,133,1.4644050383923434e-30
89,134,8.525603192537386e-31
89,135,4.098208489239163e-16
89,136,2.592458151622845e-30
89,137,5.271934205711698e-31
89,138,2.3640903489214157e-31
89,139,1.0266176842966067e-30
89,140,1.1024982788718461e-30
89,141,1.2431926138500076e-30
89,142,1.6494935827660814e-30
89,143,1.2815519862511526e-30
89,144,9.885194401330261e-31
89,145,1.044500297611286e-30
89,146,6.668562245034637e-16
89,147,2.53385501370611e-30
89,148,1.0528134018885725e-30
89,149,1.2608952888155017e-30
90,91,7.628867612118363e-31
90,92,2.0543053351085103e-30
90,93,1.9722485102535704e-30
90,94,1.4881890393683297e-30
90,95,1.4788272154707689e-30
90,96,6.826773874831354e-31
90,97,1.296292357640767e-16
90,98,8.375956096897341e-31
90,99,9.95529681150285e-31
90,100,1.081031868866095e-30
90,101,2.4308437903581212e-30
90,102,7.9234717121022e-31
90,103,1.3966002490078667e-30
90,104,1.1570396275935811e-30
90,105,3.896782885889807e-30
90,106,6.696730673249327e-30
90,107,1.49098683571713e-30
90,108,2.5859349502119396e-30
90,109,3.0152803124896842e-30
90,110,1.984071944780177e-30
90,111,3.2169904226310027e-31
90,112,3.311938799696615e-31
90,113,1.1459067927256554e-30
90,114,3.056399157791584e-30
90,115,2.1760911322962132e-30
90,116,3.953640940855135e-30
90,117,2.581378900144817e-30
90,118,1.3333440419972997e-30
90,119,1.079489782729905e-30
90,120,1.6141133210929615e-30
90,121,1.434140480946181e-30
90,122,2.6371896477621163e-30
90,123,8.80692306579373e-31
90,124,1.0125713848843318e-30
90,125,2.35876098529144e-30
90,126,2.3454075751327313e-30
90,127,5.02352573971655e-31
90,128,1.3255166529951275e-30
90,129,4.2166628311846053e-16
90,130,3.443623111323989e-30
90,131,1.4915646344187573e-15
90,132,1.8351008779637704e-30
90,133,1.961471105206494e-30
90,134,1.1062880786544274e-30
90,135,3.986093432059049e-16
90,136,3.169127616769097e-30
90,137,4.487608062771207e-31
90,138,2.766367184283759e-31
90,139,1.293481032633064e-30
90,140,1.2441721285717484e-30
90,141,1.202279311335166e-30
90,142,1.955795751631536e-30
90,143,1.418520567164713e-30
90,144,1.1559697614587365e-30
90,145,1.0340348295971987e-30
90,146,6.454663393389082e-16
90,147,2.9303869096258587e-30
90,148,1.0930549339601676e-30
90,149,1.358430293643175e-30
91,92,8.04319234550915e-31
91,93,1.4827279165690664e-30
91,94,7.482160881484167e-31
91,95,4.492848706142832e-31
91,96,1.9635742803118952e-31
91,97,3.199823890879975e-30
91,98,5.60545851855526e-31
91,99,6.427935807770228e-31
91,100,4.46779049578626e-31
91,101,1.1499425638953881e-30
91,102,6.555414292837033e-31
91,103,2.4296065304167202e-30
91,104,5.33259658641167e-31
91,105,2.01632833354797e-30
91,106,1.9236023947335796e-30
91,107,1.1859721308104706e-30
91,108,1.0473976993338951e-30
91,109,2.26961603705255e-30
91,110,3.024548714250273e-30
91,111,4.245342122166979e-31
91,112,1.369876481933966e-31
91,113,1.959508374376847e-30
91,114,2.7019794062400918e-30
91,115,1.0931030756279337e-30
91,116,1.642608934583594e-30
91,117,9.73145797739736e-31
91,118,5.128679919559539e-31
91,119,5.499892006826944e-31
91,120,6.273905656816051e-31
91,121,9.982658801341376e-31
91,122,2.9309502350374536e-30
91,123,2.838034983965118e-31
91,124,8.226505516184222e-31
91,125,1.08700339464906e-30
91,126,7.977376861379179e-31
91,127,7.208783253215981e-31
91,128,8.420889381794534e-31
91,129,5.551115123125779e-17
91,130,1.838974004225482e-30
91,131,6.169375213581417e-16
91,132,2.3734218655695983e-30
91,133,7.5864364555145705e-31
91,134,5.564935643218921e-31
91,135,6.820859974145688e-31
91,136,1.2810760207053439e-30
91,137,6.730892875511675e-31
91,138,1.0270500293807625e-31
91,139,8.80672817602876e-31
91,140,1.1555292503012672e-30
91,141,1.8812364713260878e-30
91,142,4.446798954172265e-31
91,143,8.530269489892434e-31
91,144,1.1883600336472464e-30
91,145,1.818839591810326e-30
91,146,8.056590715104674e-16
91,147,1.375068047174336e-30
91,148,8.726415025293033e-31
91,149,1.0909239634924811e-30
92,93,1.7563961214308356e-30
92,94,1.205556463080535e-30
92,95,1.3507919210920128e-30
92,96,6.117970318766923e-31
92,97,2.5438405243138006e-16
92,98,8.194325664424902e-31
92,99,9.0043792917675e-31
92,100,8.875064024127904e-31
92,101,2.141515277629504e-30
92,102,6.8229934977941685e-31
92,103,1.941818042655255e-30
92,104,8.495577635241508e-31
92,105,3.687952388215816e-30
92,106,5.164942512971959e-30
92,107,1.4087580900333621e-30
92,108,2.214892483142109e-30
92,109,3.0700128091886637e-30
92,110,2.228011741017383e-30
92,111,3.072079242557632e-31
92,112,3.0230008929074473e-31
92,113,1.2504527319945556e-30
92,114,2.534327827981688e-30
92,115,1.9037078386299865e-30
92,116,3.5171313043341894e-30
92,117,2.288411293830756e-30
92,118,1.2208530540242352e-30
92,119,9.9497985331426e-31
92,120,1.0850878657448167e-30
92,121,1.2865990077548174e-30
92,122,2.697340167811131e-30
92,123,7.564390811882115e-31
92,124,8.670481876766083e-31
92,125,2.1305015357600434e-30
92,126,1.9245164821814864e-30
92,127,5.63703475359031e-31
92,128,1.228818507026684e-30
92,129,6.743591091684275e-16
92,130,3.202031054579052e-30
92,131,1.3614385694838666e-15
92,132,1.7249328144819667e-30
92,133,1.5284495966120113e-30
92,134,8.99418911786271e-31
92,135,2.720420323748108e-16
92,136,2.873810605049583e-30
92,137,4.20796255777109e-31
92,138,2.3455453581074956e-31
92,139,1.0794911249393364e-30
92,140,1.0506887676540963e-30
92,141,1.1991726686720203e-30
92,142,1.787792204853498e-30
92,143,1.4565079299411159e-30
92,144,9.82298151107236e-31
92,145,9.533363498488798e-31
92,146,5.558049685633563e-16
92,147,2.8318754413686658e-30
92,148,9.894109153815222e-31
92,149,1.2873464288262132e-30
93,94,1.1451672539532675e-30
93,95,1.2595532514023278e-30
93,96,5.676653515333288e-31
93,97,3.790189845458372e-30
93,98,8.619998826703968e-31
93,99,1.066401262322411e-30
93,100,9.279093648538814e-31
93,101,1.9857836922272766e-30
93,102,1.1437405969419564e-30
93,103,3.426276978555734e-30
93,104,1.0265233170846163e-30
93,105,3.528868086841166e-30
93,106,5.256761382282279e-30
93,107,1.4975969170591417e-30
93,108,2.363447148452208e-30
93,109,3.0815788939861095e-30
93,110,4.51611480036951e-30
93,111,5.654823482370138e-31
93,112,2.8724132992292546e-31
93,113,3.0831477325180484e-30
93,114,4.081271294013886e-30
93,115,1.7653280408233862e-30
93,116,3.3921595712139224e-30
93,117,2.1576999464059707e-30
93,118,1.1203552533509563e-30
93,119,9.872224960940231e-31
93,120,1.3423282053264122e-30
93,121,1.5405167380499856e-30
93,122,4.123697104528103e-30
93,123,6.980875892205005e-31
93,124,1.2013910211221838e-30
93,125,1.988087071940795e-30
93,126,1.9051471795776724e-30
93,127,1.227368347705121e-30
93,128,1.3413713614292736e-30
93,129,3.1031676915591013e-16
93,130,3.000677335691444e-30
93,131,1.2936199464062936e-15
93,132,3.64832966611557e-30
93,133,1.6090957367576794e-30
93,134,1.0248929791890675e-30
93,135,1.2756059753265023e-30
93,136,2.7295967174330994e-30
93,137,1.2072116006234145e-30
93,138,3.2240126551584652e-31
93,139,1.1255199021866308e-30
93,140,1.960550328778885e-30
93,141,2.79222601969879e-30
93,142,1.6393629319574945e-30
93,143,1.3060301998927206e-30
93,144,1.790723763967339e-30
93,145,2.383164276950215e-30
93,146,1.4605341510568333e-15
93,147,2.5620055888536405e-30
93,148,1.914648239957069e-30
93,149,2.095580474791446e-30
94,95,7.418279561600465e-31
94,96,3.4024479552895426e-31
94,97,1.253330208241562e-16
94,98,5.751784764451858e-31
94,99,4.075657007889516e-31
94,100,5.528405908667113e-31
94,101,1.5894589603180926e-30
94,102,4.957066264620467e-31
94,103,2.3149188934122127e-30
94,104,6.614929312972346e-31
94,105,2.0023279656487035e-30
94,106,2.930147276412986e-30
94,107,9.273742612428959e-31
94,108,1.2255202427390638e-30
94,109,2.0198026809648643e-30
94,110,2.6233915359904508e-30
94,111,2.473984205936984e-31
94,112,1.8863262240476426e-31
94,113,1.750499719603825e-30
94,114,1.5667926627179103e-30
94,115,1.3591793796745941e-30
94,116,2.107339962131547e-30
94,117,1.2889299157691617e-30
94,118,7.258187124463548e-31
94,119,6.65815815074952e-31
94,120,7.055683153531189e-31
94,121,9.223969973166604e-31
94,122,2.6096240870823178e-30
94,123,5.656638417123049e-31
94,124,7.3307421472402205e-31
94,125,1.2861631224614353e-30
94,126,1.5395036177927172e-30
94,127,4.061913571745662e-31
94,128,7.812797086991052e-31
94,129,4.344434768182717e-16
94,130,1.8451105817921764e-30
94,131,8.495258079720163e-16
94,132,1.8992646647755e-30
94,133,9.197667691391163e-31
94,134,6.035880741720196e-31
94,135,7.482002155394349e-31
94,136,1.7671064727550404e-30
94,137,4.11128694768279e-31
94,138,1.132569647427618e-31
94,139,7.80630387592108e-31
94,140,7.025359151332902e-31
94,141,1.4881558481704383e-30
94,142,1.2150609095627518e-30
94,143,7.65415069955292e-31
94,144,8.337454631517291e-31
94,145,8.793416672934913e-31
94,146,5.843521020239907e-16
94,147,1.5747904421101794e-30
94,148,7.95841461909058e-31
94,149,5.9323092298235024e-31
95,96,4.326105481168169e-31
95,97,1.5800274334365055e-16
95,98,5.278683297395173e-31
95,99,6.92008342079997e-31
95,100,6.250200518615163e-31
95,101,1.4750997688788725e-30
95,102,5.585452534600725e-31
95,103,1.2073930487760843e-30
95,104,7.299933659344224e-31
95,105,2.5030989736724864e-30
95,106,1.6740811818866064e-16
95,107,9.516110752336055e-31
95,108,1.6974628709153262e-30
95,109,1.9766122462514517e-30
95,110,1.429938902737855e-30
95,111,1.9290566625044475e-31
95,112,2.0477408811975024e-31
95,113,9.696628959727795e-31
95,114,1.9577797809000773e-30
95,115,1.314313006880766e-30
95,116,2.4338825528055242e-30
95,117,1.62334638453956e-30
95,118,8.443660776690968e-31
95,119,6.607670440238771e-31
95,120,8.489641563648564e-31
95,121,8.459262710705725e-31
95,122,1.6229089395808183e-30
95,123,5.277184701978368e-31
95,124,5.752436754206423e-31
95,125,1.5099425453577963e-30
95,126,1.389728344145402e-30
95,127,4.220172495378093e-31
95,128,8.425780804366466e-31
95,129,1.5647167289328318e-16
95,130,2.292199365604482e-30
95,131,9.222205069512409e-16
95,132,1.300764506449682e-30
95,133,1.1149724391599165e-30
95,134,6.201577374926792e-31
95,135,9.698851821252383e-31
95,136,1.9617649803542374e-30
95,137,3.4959451258265517e-31
95,138,1.9736716852496175e-31
95,139,7.705995546208257e-31
95,140,8.478320517523265e-31
95,141,9.432041425589524e-31
95,142,1.246579469041834e-30
95,143,1.0368706552418777e-30
95,144,7.78860258075674e-31
95,145,6.090779459061818e-31
95,146,5.523289809442729e-16
95,147,1.994289860013012e-30
95,148,9.03492814727788e-31
95,149,1.025179619543647e-30
96,97,8.64363378065806e-31
96,98,2.4533784643617238e-31
96,99,2.883460297966403e-31
96,100,2.9736664925373616e-31
96,101,6.837767953620848e-31
96,102,2.225449145113314e-31
96,103,3.084637452445912e-31
96,104,3.03847399181246e-31
96,105,1.1585169767827065e-30
96,106,1.8169201272359803e-30
96,107,4.398984820343775e-31
96,108,7.2458625395016065e-31
96,109,9.16839339306065e-31
96,110,4.816413595408387e-31
96,111,8.88299244824153e-32
96,112,9.567511331016254e-32
96,113,1.5202106610344687e-31
96,114,8.254712692448258e-31
96,115,6.08138550913313e-31
96,116,1.135086000423786e-30
96,117,7.461097609303723e-31
96,118,3.8753205919233204e-31
96,119,3.109919169448808e-31
96,120,3.5554252887851757e-31
96,121,4.0390046159105366e-31
96,122,7.392053727848191e-31
96,123,2.4190816140893774e-31
96,124,2.7596471073854274e-31
96,125,6.787311280409993e-31
96,126,6.1040643424197304e-31
96,127,1.3688383437993554e-31
96,128,3.858309145690425e-31
96,129,4.128036697625232e-31
96,130,1.0123958026657153e-30
96,131,4.308824046522783e-16
96,132,5.378328412856124e-31
96,133,5.277416793995697e-31
96,134,2.9931485780321713e-31
96,135,4.421310899810169e-31
96,136,9.150689389529826e-31
96,137,7.332319679014884e-32
96,138,7.505324414911069e-32
96,139,3.52808948419165e-31
96,140,3.340559805327314e-31
96,141,3.403379063756091e-31
96,142,5.608287951873301e-31
96,143,4.477704229572148e-31
96,144,3.1638591537478104e-31
96,145,2.8991589409055255e-31
96,146,1.1102230246251617e-16
96,147,8.92514526262354e-31
96,148,2.888235530352952e-31
96,149,3.8421833436650196e-31
97,98,1.6346042278984978e-30
97,99,2.081957271676468e-16
97,100,1.6588116524881916e-30
97,101,8.441885244031913e-16
97,102,1.3994839910985992e-30
97,103,6.431871827503859e-16
97,104,1.2738115944464646e-16
97,105,1.1036113885016287e-15
97,106,1.0391094981744695e-15
97,107,3.519907395583895e-16
97,108,2.8428940027451804e-30
97,109,7.651762804451473e-16
97,110,7.900594249649224e-16
97,111,1.009072187004996e-30
97,112,5.138330425982713e-31
97,113,4.219591673209074e-30
97,114,1.104450735996753e-15
97,115,1.4525509981838254e-15
97,116,4.855848988077036e-16
97,117,2.226941760980094e-16
97,118,1.9060830858435218e-30
97,119,1.8666801870199876e-30
97,120,4.694406606659777e-16
97,121,2.3058122978083124e-16
97,122,4.400123617661066e-16
97,123,9.841128662034183e-31
97,124,1.7772239894833358e-16
97,125,7.169929221446771e-16
97,126,8.734001082269598e-16
97,127,1.5404459342384002e-30
97,128,2.3984855487276832e-30
97,129,4.657959649704975e-16
97,130,6.80577807179407e-16
97,131,2.322069128223422e-15
97,132,9.17516220975855e-16
97,133,1.217770937893566e-16
97,134,1.8981981902535942e-30
97,135,4.949514848673382e-16
97,136,2.9901721968505027e-16
97,137,1.3683920752801376e-30
97,138,1.0981737416833072e-31
97,139,8.812519460796048e-16
97,140,5.481286995992908e-16
97,141,8.250648313349796e-16
97,142,4.2576772542719666e-16
97,143,5.627807642590659e-16
97,144,4.2463536245025057e-16
97,145,2.4835037038225075e-16
97,146,1.3937251804013815e-15
97,147,6.359601310784494e-17
97,148,2.5018537765542056e-16
97,149,1.0093228825038897e-15
98,99,3.3525483938297347e-31
98,100,4.147431149360624e-31
98,101,9.309534400307914e-31
98,102,3.492986062013097e-31
98,103,1.304454456601507e-30
98,104,3.7505325444367552e-31
98,105,1.6018930365895717e-30
98,106,2.162755498209134e-30
98,107,6.6832801383890545e-31
98,108,8.42423411045838e-31
98,109,1.4313443288763784e-30
98,110,1.679221546765026e-30
98,111,2.0560776336416256e-31
98,112,1.3161924165720054e-31
98,113,1.0828978546952473e-30
98,114,1.217973661665623e-30
98,115,8.216927752912498e-31
98,116,1.5291198719604314e-30
98,117,9.495289588116489e-31
98,118,5.0573739852218e-31
98,119,4.577921563590667e-31
98,120,3.7583803868762338e-31
98,121,6.7878174026204395e-31
98,122,1.6760434514065937e-30
98,123,3.087849676688914e-31
98,124,5.085569848135019e-31
98,125,8.501878530012858e-31
98,126,7.0768273689311955e-31
98,127,4.207817822102582e-31
98,128,5.661861648458154e-31
98,129,3.9246561195588506e-16
98,130,1.2937312553256661e-30
98,131,5.927603676821559e-16
98,132,1.279490034985652e-30
98,133,7.119615363367588e-31
98,134,4.612253033795064e-31
98,135,5.632415862751558e-31
98,136,1.2420004914212825e-30
98,137,4.184501690059763e-31
98,138,9.580927329911836e-32
98,139,4.854748500936211e-31
98,140,6.079659318990132e-31
98,141,9.639006377043527e-31
98,142,7.031971697680764e-31
98,143,5.698271837587994e-31
98,144,5.674384479332801e-31
98,145,8.470244333147673e-31
98,146,4.384288374548355e-16
98,147,1.1316899860556755e-30
98,148,6.073497544834689e-31
98,149,6.856850023802079e-31
99,100,4.037730023124492e-31
99,101,9.482126560497408e-31
99,102,5.732524000255064e-31
99,103,1.4724752095272821e-30
99,104,6.026632715845646e-31
99,105,1.7246139714487296e-30
99,106,2.649619528348946e-30
99,107,6.469471789727576e-31
99,108,1.3629337320725315e-30
99,109,1.2950865938267303e-30
99,110,1.8264085287222576e-30
99,111,2.419673833778975e-31
99,112,1.3064578108406236e-31
99,113,1.3023527037504622e-30
99,114,2.0328177930866086e-30
99,115,8.289905002220587e-31
99,116,1.6106812795649237e-30
99,117,1.0655233619480621e-30
99,118,5.560983201327894e-31
99,119,4.204567235350596e-31
99,120,8.358818868634125e-31
99,121,5.811458130194889e-31
99,122,1.6244718069373113e-30
99,123,3.6450312514853513e-31
99,124,4.263854442357059e-31
99,125,1.0986542865196206e-30
99,126,1.0977214245079189e-30
99,127,5.4710603055214975e-31
99,128,6.0486820511739094e-31
99,129,2.159991965327204e-16
99,130,1.779262327370243e-30
99,131,5.883762910077111e-16
99,132,1.616302837103191e-30
99,133,7.328822965111122e-31
99,134,4.077377273335548e-31
99,135,4.0910084361480697e-16
99,136,1.2560168759875595e-30
99,137,5.175932162371888e-31
99,138,1.7898705437181741e-31
99,139,6.468478366227617e-31
99,140,9.137764901555691e-31
99,141,1.3723595373487652e-30
99,142,8.594550644335855e-31
99,143,7.708297085773614e-31
99,144,8.98403666087307e-31
99,145,1.017424207052491e-30
99,146,7.027236119578175e-16
99,147,1.3734539776871817e-30
99,148,9.553719763404189e-31
99,149,1.0490075534012995e-30
100,101,1.0559644514396233e-30
100,102,3.171994437511555e-31
100,103,7.218264715811773e-31
100,104,5.210716720153066e-31
100,105,1.918561262701044e-30
100,106,3.0018650122223254e-30
100,107,7.259310702875091e-31
100,108,9.986918507113908e-31
100,109,1.4965836001319761e-30
100,110,1.120566501950294e-30
100,111,1.750591268699678e-31
100,112,1.5452248564431363e-31
100,113,5.601927350544359e-31
100,114,1.1533588423328096e-30
100,115,9.39106364308261e-31
100,116,1.8617010623044516e-30
100,117,1.163016249791826e-30
100,118,5.9285050796353255e-31
100,119,5.2061184192456575e-31
100,120,5.239256120433948e-31
100,121,7.542434782067502e-31
100,122,1.4357112667341316e-30
100,123,3.637067882764939e-31
100,124,5.3035064879407165e-31
100,125,9.934096639126661e-31
100,126,9.053196653687294e-31
100,127,2.164010988279013e-31
100,128,6.3975249357834355e-31
100,129,2.220717083251846e-16
100,130,1.5086626089796448e-30
100,131,6.959074087680942e-16
100,132,1.0004751365587006e-30
100,133,9.432668856348154e-31
100,134,5.608841874384181e-31
100,135,6.882033699655265e-31
100,136,1.4784474379785735e-30
100,137,1.8908562705335606e-31
100,138,8.180413133760011e-32
100,139,5.695096148068568e-31
100,140,4.680388801651808e-31
100,141,6.5606266088949285e-31
100,142,7.834276731941071e-31
100,143,6.558296778014437e-31
100,144,4.983552792139528e-31
100,145,6.513342846489102e-31
100,146,2.6020852139651438e-17
100,147,1.3576523120887723e-30
100,148,3.578680165832027e-31
100,149,5.400068951181504e-31
101,102,8.574364040477724e-31
101,103,3.143608555282449e-30
101,104,1.1503708989930439e-30
101,105,3.712926351752619e-30
101,106,6.54223332510261e-30
101,107,1.5330573214146175e-30
101,108,2.519640512663103e-30
101,109,3.541676461744459e-30
101,110,3.698226859921553e-30
101,111,3.7468764319745585e-31
101,112,3.4404160481376692e-31
101,113,2.4183603812682207e-30
101,114,3.325850507334376e-30
101,115,2.620665142156216e-30
101,116,3.9018925734874976e-30
101,117,2.6381386850533327e-30
101,118,1.3616133522804464e-30
101,119,1.1526171014799154e-30
101,120,1.6184672313448387e-30
101,121,1.488383140538175e-30
101,122,3.776877328592387e-30
101,123,8.70983451464838e-31
101,124,1.128958641088243e-30
101,125,2.4493597599071916e-30
101,126,2.0687753954801775e-30
101,127,7.700924352841564e-31
101,128,1.3776350471849619e-30
101,129,5.902192688325354e-16
101,130,3.289845784370389e-30
101,131,1.5494256432392293e-15
101,132,2.6982620505100833e-30
101,133,1.836959600985865e-30
101,134,1.1025588592601908e-30
101,135,2.4708698718685145e-16
101,136,3.272804881221598e-30
101,137,7.5523652339544e-31
101,138,2.9392303060989138e-31
101,139,1.470733106957259e-30
101,140,1.5178746186381487e-30
101,141,2.3592764057812388e-30
101,142,2.0764426221306843e-30
101,143,1.5561669353641518e-30
101,144,1.3388683343196958e-30
101,145,1.5635812691101172e-30
101,146,1.0594716229505598e-15
101,147,3.0286253502354064e-30
101,148,1.3834649711772759e-30
101,149,1.446104933643053e-30
102,103,1.768447072072146e-30
102,104,6.08342307799207e-31
102,105,1.2312999999661344e-30
102,106,2.2178058056525532e-30
102,107,6.8625088522683676e-31
102,108,1.2789491994257763e-30
102,109,1.215034309553149e-30
102,110,2.212449090446177e-30
102,111,2.5748362367441856e-31
102,112,1.0164240112958104e-31
102,113,1.574282531132062e-30
102,114,2.164299659926979e-30
102,115,7.3779507341585e-31
102,116,1.2057085398346772e-30
102,117,8.294924611825075e-31
102,118,4.280796239768506e-31
102,119,3.425112409595098e-31
102,120,7.706800872425504e-31
102,121,5.7505069456947125e-31
102,122,1.9477042072036663e-30
102,123,3.015832965162795e-31
102,124,5.051888507245077e-31
102,125,9.461261468250729e-31
102,126,9.33022487675331e-31
102,127,5.995982508237488e-31
102,128,6.077720365634131e-31
102,129,8.946205481305918e-31
102,130,1.5914515260321497e-30
102,131,4.577566798522239e-16
102,132,1.867451172470693e-30
102,133,5.628083632675674e-31
102,134,3.4173328791193704e-31
102,135,5.118902459386058e-31
102,136,9.71274269589692e-31
102,137,5.831925991588256e-31
102,138,1.7233475067973305e-31
102,139,5.907413639082945e-31
102,140,1.0190184181062415e-30
102,141,1.4550700460804232e-30
102,142,6.99810100605124e-31
102,143,6.645519121919555e-31
102,144,9.534953810303044e-31
102,145,1.077163434446253e-30
102,146,7.8504622934188815e-16
102,147,1.0568821522065061e-30
102,148,1.0131419473862268e-30
102,149,1.0649801885209088e-30
103,104,1.9756066087172874e-30
103,105,3.581087882326226e-30
103,106,4.84775495536094e-30
103,107,2.538173622299242e-30
103,108,3.612886398145175e-30
103,109,5.082706761887443e-30
103,110,8.011211605413085e-30
103,111,8.10568222708248e-31
103,112,2.663660680272869e-31
103,113,5.463916436877718e-30
103,114,6.1729356943410654e-30
103,115,2.674467690493297e-30
103,116,2.9691792514531287e-30
103,117,1.8119897634699478e-30
103,118,1.1652892145751727e-30
103,119,1.182931256757472e-30
103,120,2.007447807980608e-30
103,121,2.161780392148744e-30
103,122,7.576081185298943e-30
103,123,8.91004997350297e-31
103,124,1.84637990150892e-30
103,125,2.5039434858118775e-30
103,126,1.8278958300990462e-30
103,127,1.6113048870803214e-30
103,128,1.7957834920757986e-30
103,129,9.819760750487906e-16
103,130,4.69652580133143e-30
103,131,1.1996061247118335e-15
103,132,6.107169063422312e-30
103,133,1.1827256869557958e-30
103,134,9.878514228694509e-31
103,135,1.3168196667329146e-16
103,136,2.430689760797426e-30
103,137,1.5916826323652215e-30
103,138,3.106631208727208e-31
103,139,2.0407823749605745e-30
103,140,2.6917728830140556e-30
103,141,5.031811652394165e-30
103,142,1.3933408764600843e-30
103,143,1.8920048539277235e-30
103,144,2.962170831594972e-30
103,145,3.313086900965955e-30
103,146,2.2228733354196984e-15
103,147,2.496148865338626e-30
103,148,2.38636150572429e-30
103,149,2.5347433822709856e-30
104,105,1.7405874436667403e-30
104,106,4.469389591578158e-30
104,107,7.338092887315195e-31
104,108,1.9394804206865564e-30
104,109,1.2899880693788757e-30
104,110,1.9006301779517292e-30
104,111,2.732222769225454e-31
104,112,1.3304036334171768e-31
104,113,1.4163877331387945e-30
104,114,2.076604897466608e-30
104,115,1.0274485895184693e-30
104,116,1.6951296595603218e-30
104,117,1.1990093206103191e-30
104,118,5.838740549159945e-31
104,119,4.197535187807406e-31
104,120,1.2669618460207354e-30
104,121,6.965145676642914e-31
104,122,1.8589205139541036e-30
104,123,3.974643859956134e-31
104,124,4.499120150662489e-31
104,125,1.1152641296448325e-30
104,126,1.0701096824894347e-30
104,127,5.0323970965238515e-31
104,128,5.67399221575645e-31
104,129,1.0764906165581748e-15
104,130,1.7653608033461375e-30
104,131,5.991605307709955e-16
104,132,1.681979096924483e-30
104,133,1.0924933718316502e-30
104,134,5.256394947954166e-31
104,135,6.952108409312062e-31
104,136,1.310305212597854e-30
104,137,4.728509194348773e-31
104,138,1.9312228893159917e-31
104,139,7.359420973907625e-31
104,140,9.697079142399884e-31
104,141,1.4047952794888677e-30
104,142,8.732224665316094e-31
104,143,8.899231214995179e-31
104,144,1.0630746142468719e-30
104,145,8.090795363003584e-31
104,146,7.327682229021416e-16
104,147,1.5374835374476761e-30
104,148,9.829232279737867e-31
104,149,9.096287716621703e-31
105,106,1.0419004121513086e-29
105,107,3.0526829443311482e-30
105,108,3.917357420575904e-30
105,109,6.010792826253021e-30
105,110,4.748118563967668e-30
105,111,6.686075198886003e-31
105,112,5.985596927436379e-31
105,113,2.5361439684986522e-30
105,114,4.334040386472383e-30
105,115,3.534533069182763e-30
105,116,7.26088644842219e-30
105,117,4.433585048308451e-30
105,118,2.3255650232408397e-30
105,119,2.0137626977692992e-30
105,120,1.8338454607028923e-30
105,121,2.9357474125843106e-30
105,122,5.770214147619989e-30
105,123,1.3624177247518588e-30
105,124,1.9603224500016603e-30
105,125,3.923187948537078e-30
105,126,3.6138096357235226e-30
105,127,8.855920627918852e-31
105,128,2.4206308034062684e-30
105,129,7.716848701410008e-16
105,130,6.3015397585165496e-30
105,131,2.6956732091992475e-15
105,132,4.1573907159065975e-30
105,133,3.366243573680468e-30
105,134,2.0281160770706448e-30
105,135,1.002820220471296e-15
105,136,5.725416455054121e-30
105,137,7.215758188281299e-31
105,138,3.5207462034499966e-31
105,139,2.0430092033026377e-30
105,140,1.854846600017733e-30
105,141,2.4247518390141075e-30
105,142,3.016371551715196e-30
105,143,2.7201691148950614e-30
105,144,2.0907273780245156e-30
105,145,2.6187435512738132e-30
105,146,6.861439899215468e-16
105,147,5.563072641745547e-30
105,148,1.5481973053362496e-30
105,149,2.5923497529747805e-30
106,107,3.959183638134359e-30
106,108,7.595113089345509e-30
106,109,8.100106621326911e-30
106,110,5.318412377214576e-30
106,111,8.686130375399089e-31
106,112,8.674493445750216e-31
106,113,3.482855686194451e-30
106,114,8.209121487098043e-30
106,115,6.06079244708976e-30
106,116,1.3460604668784574e-16
106,117,7.072551507538762e-30
106,118,3.51269470662688e-30
106,119,2.806065393157528e-30
106,120,4.9953494121093136e-30
106,121,3.8531379271225055e-30
106,122,6.59973594250642e-30
106,123,2.2211636167561633e-30
106,124,2.6945597060396623e-30
106,125,6.0773909703807794e-30
106,126,3.3426876101791296e-16
106,127,1.1804218282279719e-30
106,128,3.47079669882271e-30
106,129,2.2738904933909457e-15
106,130,8.964857152556846e-30
106,131,3.906644544990851e-15
106,132,5.102836956818214e-30
106,133,5.651916546965438e-30
106,134,3.0522703392438126e-30
106,135,4.512949053766843e-16
106,136,8.428516627654157e-30
106,137,7.906109431766903e-31
106,138,7.829408262040746e-31
106,139,1.1449174941446969e-16
106,140,3.588332700950838e-30
106,141,3.856244457268635e-30
106,142,4.900922611775222e-30
106,143,4.2967723635948105e-30
106,144,4.0826234220899283e-16
106,145,2.861032628771121e-30
106,146,1.9557320475352577e-15
106,147,8.322855426441403e-30
106,148,3.384360212105623e-30
106,149,3.225153682762393e-30
107,108,1.5953224639380036e-30
107,109,2.5492317712512774e-30
107,110,3.1398719538503527e-30
107,111,3.8286955205095925e-31
107,112,2.3116551307500747e-31
107,113,2.049025189777928e-30
107,114,2.6278702923692267e-30
107,115,1.3653722590873692e-30
107,116,2.7659930067441145e-30
107,117,1.6968235595520088e-30
107,118,8.895367247659203e-31
107,119,7.98857584522952e-31
107,120,9.424815732431947e-31
107,121,1.1994182199091495e-30
107,122,3.071195342606152e-30
107,123,5.28883163998095e-31
107,124,8.781537793693214e-31
107,125,1.4977627332277754e-30
107,126,1.302325745229999e-30
107,127,6.865923508427627e-31
107,128,9.672803397850607e-31
107,129,2.3683899516396804e-16
107,130,2.3421944369761848e-30
107,131,1.0410769185455138e-15
107,132,2.3960314193602857e-30
107,133,1.2432255372460533e-30
107,134,7.8881029998836885e-31
107,135,1.38777878078144e-16
107,136,2.19700936747404e-30
107,137,6.732345741232247e-31
107,138,1.962961751810357e-31
107,139,8.184875827921956e-31
107,140,1.2245391805695321e-30
107,141,1.7909978998923915e-30
107,142,1.206259030666062e-30
107,143,1.0788531074907534e-30
107,144,1.189362258830938e-30
107,145,1.60908928716117e-30
107,146,8.7792776681443e-16
107,147,2.0972456372959153e-30
107,148,1.056319958389309e-30
107,149,1.1155295172916862e-30
108,109,3.1068894616791836e-30
108,110,3.735176445322348e-30
108,111,4.085271600090971e-31
108,112,3.2328098073002802e-31
108,113,2.760571290698721e-30
108,114,4.482312302151167e-30
108,115,2.232723453290313e-30
108,116,3.901471266226221e-30
108,117,2.7141747179979763e-30
108,118,1.3948466444254294e-30
108,119,1.0226857600939318e-30
108,120,2.1533367512685234e-30
108,121,1.281350124290434e-30
108,122,3.572240606875647e-30
108,123,9.223059699067518e-31
108,124,8.872543012479974e-31
108,125,2.6709400134777986e-30
108,126,2.5807360874507043e-30
108,127,9.462181154106306e-31
108,128,1.4175179843307453e-30
108,129,1.0642553266458813e-15
108,130,4.112183716276959e-30
108,131,1.4559281043517235e-15
108,132,3.3611661971426894e-30
108,133,1.916017739353726e-30
108,134,9.462539102236204e-31
108,135,1.632250059678038e-30
108,136,3.117142824014223e-30
108,137,8.234822124165497e-31
108,138,4.21827228522417e-31
108,139,1.4611201083830473e-30
108,140,2.0073803608975316e-30
108,141,2.75593980817682e-30
108,142,2.15315363493246e-30
108,143,1.78614090322536e-30
108,144,1.999143504707887e-30
108,145,1.470093962431953e-30
108,146,1.4946834900704562e-15
108,147,3.323118799652429e-30
108,148,2.0510696186788594e-30
108,149,2.0716895212827584e-30
109,110,6.14073695479621e-30
109,111,7.214557322872654e-31
109,112,4.926966968728939e-31
109,113,3.880380797144002e-30
109,114,4.5683926847330015e-30
109,115,3.496866810708621e-30
109,116,5.554628974599337e-30
109,117,3.606925894675114e-30
109,118,1.898486234597147e-30
109,119,1.7106136266924034e-30
109,120,1.7984454773367576e-30
109,121,2.425883162182826e-30
109,122,6.2554094328094874e-30
109,123,1.1000756228598191e-30
109,124,1.8086010607996574e-30
109,125,3.1054509378754254e-30
109,126,2.5081192841200134e-30
109,127,1.2291945743992798e-30
109,128,2.0347963448163386e-30
109,129,8.925046918636109e-16
109,130,4.762676118941856e-30
109,131,2.2189086604434406e-15
109,132,4.520268723286373e-30
109,133,2.5130449760465726e-30
109,134,1.6315095648770243e-30
109,135,5.266250649290603e-16
109,136,4.600016259328963e-30
109,137,1.2208130024211747e-30
109,138,3.3387318211851292e-31
109,139,1.9518769507559184e-30
109,140,1.872440238729369e-30
109,141,3.8290312158856184e-30
109,142,2.5342185648433663e-30
109,143,2.3997485195658136e-30
109,144,2.007336446377962e-30
109,145,3.0246307344955223e-30
109,146,1.4936684357067953e-15
109,147,4.4420565558918755e-30
109,148,1.7939416292596584e-30
109,149,1.9866500263355853e-30
110,111,1.0568544574080733e-30
110,112,3.618979695902898e-31
110,113,6.69648888296797e-30
110,114,7.691002220403018e-30
110,115,3.1376508892270332e-30
110,116,4.207649697490551e-30
110,117,2.4216509773644665e-30
110,118,1.4340801127293813e-30
110,119,1.5376521216732344e-30
110,120,2.252301158635236e-30
110,121,2.8611696547348258e-30
110,122,9.131215358948426e-30
110,123,1.0573653918866053e-30
110,124,2.39984234923993e-30
110,125,3.1256392690463353e-30
110,126,2.4890825154097377e-30
110,127,2.1857851445516083e-30
110,128,2.5344621042913975e-30
110,129,4.941374361064363e-16
110,130,5.7812118637988474e-30
110,131,1.6298435609929692e-15
110,132,7.642160414138858e-30
110,133,1.873491647090689e-30
110,134,1.4727657765928864e-30
110,135,1.2780568587052082e-16
110,136,3.33070059516255e-30
110,137,2.2088914028318077e-30
110,138,4.036987333693894e-31
110,139,2.3740436853589572e-30
110,140,3.5837470500939275e-30
110,141,5.984418252764196e-30
110,142,1.599742920259761e-30
110,143,2.2540375267918734e-30
110,144,3.5935449962281224e-30
110,145,4.447786184507642e-30
110,146,2.7843507425964456e-15
110,147,3.196016576489273e-30
110,148,3.217116547113447e-30
110,149,3.5369201574186355e-30
111,112,5.002674858505015e-32
111,113,7.057439608113275e-31
111,114,1.0221282211752487e-30
111,115,3.4712055482506326e-31
111,116,5.9764428559287e-31
111,117,3.5296602482028266e-31
111,118,1.8593207386177066e-31
111,119,1.8728885514300215e-31
111,120,2.7672266468785037e-31
111,121,3.585964068496711e-31
111,122,9.772078469040913e-31
111,123,1.120049639468463e-31
111,124,2.8799340364084997e-31
111,125,3.8083623022927966e-31
111,126,3.9124025318797885e-31
111,127,3.1723845090842434e-31
111,128,3.4728571668444343e-31
111,129,2.7755575615628894e-16
111,130,6.411389027797088e-31
111,131,2.2530044628618944e-16
111,132,8.658520073716148e-31
111,133,3.1802487763088506e-31
111,134,2.1233240505814943e-31
111,135,2.268555746507752e-31
111,136,4.711730182202386e-31
111,137,3.036275884675731e-31
111,138,6.021133203811173e-32
111,139,2.9989694752281094e-31
111,140,4.820193374348037e-31
111,141,6.671762067258926e-31
111,142,2.702352354742609e-31
111,143,2.69519099666823e-31
111,144,4.433724377831885e-31
111,145,6.743500948004961e-31
111,146,3.2906748718640126e-16
111,147,4.517994913207355e-31
111,148,4.368890572897134e-31
111,149,5.126534637439592e-31
112,113,1.7431527984210488e-31
112,114,3.7982483147177032e-31
112,115,3.053239858641911e-31
112,116,5.793241376096546e-31
112,117,3.6804838696850804e-31
112,118,1.9253751966680734e-31
112,119,1.653699945812064e-31
112,120,1.4616983581075693e-31
112,121,2.2430528119928966e-31
112,122,4.58614026790044e-31
112,123,1.1810583820675902e-31
112,124,1.5682321403898683e-31
112,125,3.2599753712343217e-31
112,126,2.8131554433606873e-31
112,127,6.412160972647205e-32
112,128,1.981758516985925e-31
112,129,2.5774210356349523e-31
112,130,4.905551884975207e-31
112,131,2.2204460492503136e-16
112,132,3.028727987256573e-31
112,133,2.6773501995955e-31
112,134,1.621225817715197e-31
112,135,2.177197147408403e-31
112,136,4.68479915470965e-31
112,137,4.4441850671613997e-32
112,138,2.756166576353439e-32
112,139,1.763192808504435e-31
112,140,1.4545145216721914e-31
112,141,2.0535290686746857e-31
112,142,2.654644157418396e-31
112,143,2.1467821979428924e-31
112,144,1.5223035653828316e-31
112,145,1.8031312753507864e-31
112,146,3.2625798971403794e-31
112,147,4.351435734010419e-31
112,148,9.768851306314674e-32
112,149,1.6641461273129972e-31
113,114,5.381012231234552e-30
113,115,2.0237149704088983e-30
113,116,2.1979885781310034e-30
113,117,1.3049655400063545e-30
113,118,8.23822909044556e-31
113,119,8.700364499786022e-31
113,120,1.6489383337405552e-30
113,121,1.806099327494411e-30
113,122,6.0855720264606294e-30
113,123,7.0186053887615465e-31
113,124,1.5684545523975165e-30
113,125,2.102414152007987e-30
113,126,1.7762850797925235e-30
113,127,1.5291407772503345e-30
113,128,1.682317260976199e-30
113,129,2.220446049250299e-16
113,130,3.977775754864235e-30
113,131,7.850462293418876e-16
113,132,5.293883459928103e-30
113,133,1.0336617604654636e-30
113,134,8.213924468816621e-31
113,135,1.0243083430296597e-30
113,136,1.6026457292472668e-30
113,137,1.5404500088655516e-30
113,138,3.0937537944075382e-31
113,139,1.5853434225635305e-30
113,140,2.4924415344847692e-30
113,141,4.163692864980032e-30
113,142,1.0230581455236252e-30
113,143,1.569154166165508e-30
113,144,2.510327987160074e-30
113,145,2.9685227901755062e-30
113,146,2.002300767924468e-15
113,147,2.0220206899779926e-30
113,148,2.347302357014797e-30
113,149,2.5079331836469488e-30
114,115,3.227477512584284e-30
114,116,4.3962081490665724e-30
114,117,3.1076281627058155e-30
114,118,1.5912263376671325e-30
114,119,1.27257177228068e-30
114,120,3.0734052291556774e-30
114,121,2.048294374977271e-30
114,122,6.897606277594826e-30
114,123,1.1383669922561404e-30
114,124,1.803605657783623e-30
114,125,3.5923657337454555e-30
114,126,3.4749007156066864e-30
114,127,2.1427919349118656e-30
114,128,2.1387017804639206e-30
114,129,2.7606540264166286e-16
114,130,5.423523393740378e-30
114,131,1.7105789694823273e-15
114,132,6.471257957553945e-30
114,133,2.02663609747272e-30
114,134,1.2298575415570901e-30
114,135,6.807369673698301e-16
114,136,3.602078730197058e-30
114,137,2.0389823846411995e-30
114,138,6.097967036138545e-31
114,139,2.2072426518403578e-30
114,140,3.8704932877365144e-30
114,141,5.0553587957259254e-30
114,142,2.7144247247229457e-30
114,143,2.0401128714642386e-30
114,144,3.496629228583808e-30
114,145,4.2948717311983664e-30
114,146,2.738219108293753e-15
114,147,3.7211846538215974e-30
114,148,3.461718022703444e-30
114,149,3.743522545801569e-30
115,116,3.361030170250856e-30
115,117,2.3653232608098106e-30
115,118,1.2099350318573067e-30
115,119,1.0204771389516614e-30
115,120,3.512362280312701e-30
115,121,1.3370381225771411e-30
115,122,3.194896591652824e-30
115,123,7.581517823991665e-31
115,124,9.804322140100742e-31
115,125,2.1830047520008035e-30
115,126,2.002911326399169e-30
115,127,6.553404726830963e-31
115,128,1.2223656546415963e-30
115,129,5.296335491639482e-16
115,130,2.9139264910707512e-30
115,131,1.375056988965247e-15
115,132,2.276691372177723e-30
115,133,1.6445931416897122e-30
115,134,9.782104339976567e-31
115,135,1.6307138839929458e-15
115,136,2.8446227341459274e-30
115,137,6.370979210254101e-31
115,138,2.5702150063315736e-31
115,139,1.804338664813187e-30
115,140,1.6320646598929114e-30
115,141,3.0974318356503385e-30
115,142,1.892807092928595e-30
115,143,1.5727704516455112e-30
115,144,1.5085432582799586e-30
115,145,1.429420943261882e-30
115,146,8.945052445110824e-16
115,147,2.795212862027788e-30
115,148,1.1830621413573413e-30
115,149,1.3857365174261574e-30
116,117,4.355482105677969e-30
116,118,2.2645097690963097e-30
116,119,1.9360053841912497e-30
116,120,1.8315489533256582e-30
116,121,2.693393225540086e-30
116,122,5.352701885829676e-30
116,123,1.387209136075701e-30
116,124,1.8723246094504502e-30
116,125,3.8796497817845754e-30
116,126,3.37826172270285e-30
116,127,7.463645173189866e-31
116,128,2.332770875926973e-30
116,129,4.897330531901781e-16
116,130,5.9116733192333464e-30
116,131,2.609043970265576e-15
116,132,3.819103846613815e-30
116,133,3.272737705816454e-30
116,134,1.957118522959691e-30
116,135,9.314156663108196e-16
116,136,5.511783441166999e-30
116,137,6.870514919449168e-31
116,138,3.630091629497505e-31
116,139,2.1471678533005525e-30
116,140,1.7416705317830803e-30
116,141,2.2744525565624e-30
116,142,3.1560908080361916e-30
116,143,2.5007104573353272e-30
116,144,2.0255472317094792e-30
116,145,2.2305855088163783e-30
116,146,6.418031443685512e-16
116,147,5.141736477467637e-30
116,148,1.3561198980364955e-30
116,149,2.098537287259145e-30
117,118,1.4705254562250932e-30
117,119,1.2094013773858635e-30
117,120,1.4185697949912766e-30
117,121,1.6024901435297268e-30
117,122,3.1021730416259372e-30
117,123,9.038864237895015e-31
117,124,1.115512756743474e-30
117,125,2.544730480268214e-30
117,126,2.2160527562978667e-30
117,127,4.971249981142199e-31
117,128,1.4732693781617465e-30
117,129,1.3668035872266473e-16
117,130,3.761035523183936e-30
117,131,1.6575425784056853e-15
117,132,2.0947979213335366e-30
117,133,2.0601845068510536e-30
117,134,1.1919745980882572e-30
117,135,1.6844493402901137e-30
117,136,3.5126204043166054e-30
117,137,3.9122168923008376e-31
117,138,2.825189194680328e-31
117,139,1.3616111637564054e-30
117,140,1.2638072544105123e-30
117,141,1.4425699773721338e-30
117,142,2.0964300532512842e-30
117,143,1.732151120417156e-30
117,144,1.16691611998625e-30
117,145,1.2775865640007694e-30
117,146,6.138078244619846e-16
117,147,3.413456565946678e-30
117,148,1.1218489783188657e-30
117,149,1.3656943674851063e-30
118,119,6.356669186776332e-31
118,120,6.878240530816878e-31
118,121,8.374163561977721e-31
118,122,1.7156449594216496e-30
118,123,4.757999484190606e-31
118,124,5.784492323914982e-31
118,125,1.329806758467495e-30
118,126,1.1803065655168579e-30
118,127,2.680994015094403e-31
118,128,7.715542616639316e-31
118,129,1.5700924586837715e-16
118,130,1.9833420603482868e-30
118,131,8.671119018262737e-16
118,132,1.1140081445166747e-30
118,133,1.03625394489003e-30
118,134,6.073884807368072e-31
118,135,8.708113138020243e-31
118,136,1.8339341237640257e-30
118,137,2.231982452279227e-31
118,138,1.4652558796413802e-31
118,139,6.948122231349739e-31
118,140,6.45396032306811e-31
118,141,7.840167321815468e-31
118,142,1.0998501996101253e-30
118,143,8.7827055507113e-31
118,144,6.095084975073768e-31
118,145,6.471692764318217e-31
118,146,3.554447978966678e-16
118,147,1.758021729325855e-30
118,148,5.945145965026899e-31
118,149,7.413232819537675e-31
119,120,4.486040904830317e-31
119,121,7.914014196909194e-31
119,122,1.7495132510972418e-30
119,123,3.8819309877896176e-31
119,124,5.652870509383894e-31
119,125,1.065564515718165e-30
119,126,9.002215083851778e-31
119,127,2.549111076916035e-31
119,128,6.7706561631082145e-31
119,129,9.686042556611183e-31
119,130,1.62081737743913e-30
119,131,7.447602459741824e-16
119,132,1.1689137162832936e-30
119,133,8.926841495398003e-31
119,134,5.5879557095260195e-31
119,135,7.169976324079392e-31
119,136,1.566263568834326e-30
119,137,2.4126041011625574e-31
119,138,8.273112537558257e-32
119,139,5.9503315373085875e-31
119,140,4.853357476487966e-31
119,141,8.433673664296122e-31
119,142,8.549776094853406e-31
119,143,7.028715247997453e-31
119,144,5.365864369140081e-31
119,145,7.213468119865576e-31
119,146,2.2204460492503116e-16
119,147,1.4251731739024118e-30
119,148,2.9328374412707958e-31
119,149,5.419638563219258e-31
120,121,6.039026795198104e-31
120,122,2.2194150927715587e-30
120,123,5.019762904068451e-31
120,124,7.88942121798381e-31
120,125,1.3422093583832597e-30
120,126,1.8053944730051705e-30
120,127,5.851866656616266e-31
120,128,6.8474928811900855e-31
120,129,7.00604967475532e-16
120,130,1.841543545594085e-30
120,131,6.58290418090132e-16
120,132,2.024695733834815e-30
120,133,1.1160645847141287e-30
120,134,4.950566782040333e-31
120,135,1.7005528830338773e-15
120,136,1.2939489236481622e-30
120,137,5.300867255283509e-31
120,138,2.441362330643279e-31
120,139,1.5074672424803894e-30
120,140,1.517547030670338e-30
120,141,2.177945009944863e-30
120,142,1.4183971256690925e-30
120,143,1.2310124415437384e-30
120,144,1.425265815744163e-30
120,145,9.445785276145239e-31
120,146,9.195081743237255e-16
120,147,1.6719873507852136e-30
120,148,1.2101425781010125e-30
120,149,1.118299234371509e-30
121,122,2.88403579162531e-30
121,123,5.032792272731451e-31
121,124,9.090339798439001e-31
121,125,1.3985738104071301e-30
121,126,1.2192441951629281e-30
121,127,6.399557859351205e-31
121,128,1.0260727340925105e-30
121,129,5.353301558149148e-16
121,130,2.2367842375667692e-30
121,131,1.0101811808263556e-15
121,132,2.1960685069760784e-30
121,133,1.3249784157238579e-30
121,134,8.458221842450487e-31
121,135,9.725182243836117e-31
121,136,2.131413453168079e-30
121,137,6.49974346395262e-31
121,138,1.2782773480683996e-31
121,139,8.078075238559531e-31
121,140,9.91280298821553e-31
121,141,1.5510898278618513e-30
121,142,1.0487373484033432e-30
121,143,9.161184161784044e-31
121,144,9.804886148198086e-31
121,145,1.4791830604612947e-30
121,146,6.622191845129327e-16
121,147,1.9171240614113607e-30
121,148,8.339038290949355e-31
121,149,1.0566549038293642e-30
122,123,1.1025484970647679e-30
122,124,2.3296515026853937e-30
122,125,3.1028201427289524e-30
122,126,2.2479379080032743e-30
122,127,1.8748145703786793e-30
122,128,2.4099074182139312e-30
122,129,7.810571982555481e-16
122,130,5.48970489354274e-30
122,131,2.0654139601585266e-15
122,132,6.895610970081516e-30
122,133,2.3733680137448107e-30
122,134,1.7041582104164903e-30
122,135,6.696302257977588e-16
122,136,4.282334539828053e-30
122,137,1.88122951092704e-30
122,138,3.626152741435234e-31
122,139,2.3652471878644673e-30
122,140,3.012374319611514e-30
122,141,5.520061131475828e-30
122,142,2.0487796332362395e-30
122,143,2.2169799956450268e-30
122,144,3.259642261116259e-30
122,145,4.089801025723495e-30
122,146,2.4176444710132263e-15
122,147,3.751403872412979e-30
122,148,2.635273722133387e-30
122,149,2.9511673798827136e-30
123,124,3.551538241365088e-31
123,125,8.53465990698367e-31
123,126,8.204898724593571e-31
123,127,2.3023278995599324e-31
123,128,4.748706808798415e-31
123,129,1.1102230246251542e-16
123,130,1.2386415846702972e-30
123,131,5.319014089382402e-16
123,132,7.774333369931573e-31
123,133,6.430703898144214e-31
123,134,3.7024941522872643e-31
123,135,5.339711643746205e-31
123,136,1.1258813847686221e-30
123,137,2.142224219458685e-31
123,138,1.0623362273870582e-31
123,139,4.469759646891201e-31
123,140,4.872831514994243e-31
123,141,6.186276894314548e-31
123,142,7.15715462088908e-31
123,143,4.8987039729374e-31
123,144,4.449736190517159e-31
123,145,3.8021212338641265e-31
123,146,3.330669073875473e-16
123,147,1.0355805310872681e-30
123,148,4.720146698782176e-31
123,149,5.285722743324223e-31
124,125,9.751661745084768e-31
124,126,8.522405405397686e-31
124,127,5.433063437075507e-31
124,128,7.70635871374913e-31
124,129,2.6076304204971614e-16
124,130,1.581362992972128e-30
124,131,7.062689683090248e-16
124,132,1.8422474798135005e-30
124,133,9.244461296621435e-31
124,134,6.05468419670753e-31
124,135,2.665835984225004e-16
124,136,1.4762592155657462e-30
124,137,5.525100799380278e-31
124,138,1.090765265505262e-31
124,139,6.684864395712348e-31
124,140,8.345141818746117e-31
124,141,1.3935907308686318e-30
124,142,7.28542967962485e-31
124,143,6.774490731043213e-31
124,144,8.426323553665147e-31
124,145,1.2186169138606348e-30
124,146,6.218735665977106e-16
124,147,1.3181562798220936e-30
124,148,7.431305855066034e-31
124,149,8.67580877994665e-31
125,126,2.2038893650784475e-30
125,127,8.658189031478634e-31
125,128,1.3295555622559662e-30
125,129,3.760470797209205e-16
125,130,3.585107723646813e-30
125,131,1.4681623867127891e-15
125,132,2.5336851598891252e-30
125,133,1.7469422226625558e-30
125,134,1.010530345371058e-30
125,135,5.843521020239901e-16
125,136,3.1561432417293126e-30
125,137,8.060867153903398e-31
125,138,3.2533447579568785e-31
125,139,1.2366158246156294e-30
125,140,1.6552100418058596e-30
125,141,1.936357135051306e-30
125,142,2.0897268662682607e-30
125,143,1.5369873425659629e-30
125,144,1.679646180705508e-30
125,145,1.5993561870033822e-30
125,146,1.0952907204750763e-15
125,147,3.0404583892161704e-30
125,148,1.5522540067575485e-30
125,149,1.707922967365592e-30
126,127,9.128397054481186e-31
126,128,1.1899848011520811e-30
126,129,6.936464865884791e-16
126,130,3.478231498056856e-30
126,131,1.2669325806454478e-15
126,132,2.334617450284809e-30
126,133,1.670704619366218e-30
126,134,9.16312940995554e-31
126,135,6.467425088352015e-16
126,136,2.6961855999249107e-30
126,137,8.401711441943471e-31
126,138,3.1876693489566177e-31
126,139,1.3685571477932194e-30
126,140,1.5273141995108976e-30
126,141,1.8206653718992192e-30
126,142,1.8100910979782326e-30
126,143,1.3649610144883862e-30
126,144,1.3989975163090906e-30
126,145,1.5451675626212781e-30
126,146,1.0502515067350214e-15
126,147,2.5986031067838735e-30
126,148,1.56120611731503e-30
126,149,1.912621091461784e-30
127,128,7.535490690399024e-31
127,129,4.902612130890301e-16
127,130,1.4860228875536244e-30
127,131,2.88778057670536e-16
127,132,1.8684246589238364e-30
127,133,4.2452316590472724e-31
127,134,2.9664245650155434e-31
127,135,4.337442518694492e-31
127,136,6.023351153913243e-31
127,137,6.819091466544274e-31
127,138,1.5120461203914984e-31
127,139,5.930332626143672e-31
127,140,1.0710692918656113e-30
127,141,1.4017797797179729e-30
127,142,5.558246177031813e-31
127,143,6.693178074276851e-31
127,144,9.41396107812359e-31
127,145,1.2930880095453579e-30
127,146,7.661745539035022e-16
127,147,9.95579403554329e-31
127,148,1.0614871507844983e-30
127,149,1.1892008889456411e-30
128,129,4.57756679852224e-16
128,130,1.977114496194484e-30
128,131,8.925046918636124e-16
128,132,2.0325828548789652e-30
128,133,1.1111950416090777e-30
128,134,7.072548580212569e-31
128,135,8.714884513329123e-31
128,136,1.881220981775262e-30
128,137,7.375139564184908e-31
128,138,1.8204551522875125e-31
128,139,7.180485784231896e-31
128,140,1.108723021688234e-30
128,141,1.4867008916994487e-30
128,142,1.1123543970565446e-30
128,143,8.904368351197979e-31
128,144,9.593197006807087e-31
128,145,1.4045712985519729e-30
128,146,7.771561172376098e-16
128,147,1.7552136053391492e-30
128,148,1.1267537052168686e-30
128,149,1.2574108002183062e-30
129,130,4.739860095807771e-16
129,131,1.2213299778367283e-15
129,132,4.970520100335829e-16
129,133,5.671670379714238e-16
129,134,2.4825341532472776e-16
129,135,1.5944364291470395e-16
129,136,3.937478387536528e-16
129,137,3.510833468576704e-16
129,138,1.1910786132724731e-31
129,139,5.20706083105686e-16
129,140,5.324442579404922e-16
129,141,4.827396019292953e-16
129,142,4.148891394639619e-16
129,143,6.645199914878125e-16
129,144,6.773245527922278e-16
129,145,4.775249788392745e-16
129,146,1.2307975368083223e-15
129,147,1.0731981433976558e-15
129,148,6.504819819040922e-16
129,149,5.850520484249434e-16
130,131,2.2092641641220984e-15
130,132,4.6363217237125866e-30
130,133,2.6443606773543565e-30
130,134,1.559050142113648e-30
130,135,3.015875509519983e-16
130,136,4.7387742724845475e-30
130,137,1.432664173302229e-30
130,138,5.173479430747257e-31
130,139,1.89091056152886e-30
130,140,2.4367736606037963e-30
130,141,3.781150494747735e-30
130,142,2.889878207344732e-30
130,143,2.3918624093154915e-30
130,144,2.397745533104566e-30
130,145,2.7184580865427633e-30
130,146,1.957555314760552e-15
130,147,4.62094567473639e-30
130,148,2.6726883568474278e-30
130,149,2.976759497990845e-30
131,132,1.36401782348153e-15
131,133,1.2057713361238623e-15
131,134,7.301351988545593e-16
131,135,9.850352688550514e-16
131,136,2.109845972745601e-15
131,137,2.001483021243361e-16
131,138,1.2412670766236373e-16
131,139,7.940714475362917e-16
131,140,6.550551057807861e-16
131,141,9.248272748477798e-16
131,142,1.1955454438150762e-15
131,143,9.66824750670123e-16
131,144,6.855845769802903e-16
131,145,8.120581339769894e-16
131,146,1.6276461395684085e-15
131,147,1.959712435021599e-15
131,148,4.3994995102956587e-16
131,149,7.494647878856872e-16
132,133,1.7038255715718625e-30
132,134,1.2100856645997269e-30
132,135,5.024984080730529e-16
132,136,2.817236434600152e-30
132,137,1.8673202612964406e-30
132,138,4.382429149859768e-31
132,139,1.944481361903479e-30
132,140,3.0415759419172414e-30
132,141,4.818848738884933e-30
132,142,1.4808235522334011e-30
132,143,1.882837695297732e-30
132,144,2.974123660639195e-30
132,145,3.6630510489502974e-30
132,146,2.3901342115642868e-15
132,147,2.5506035609428144e-30
132,148,2.9306352540036492e-30
132,149,3.1314449682591615e-30
133,134,1.0020259557116811e-30
133,135,2.2465841093780107e-16
133,136,2.5775180964170714e-30
133,137,4.132835885551182e-31
133,138,1.784186011206226e-31
133,139,1.0192084615373454e-30
133,140,8.469874577475765e-31
133,141,1.0958609793962405e-30
133,142,1.3833329929581024e-30
133,143,1.1621244510131984e-30
133,144,9.079711428716338e-31
133,145,1.167974377783581e-30
133,146,3.8081823067227103e-16
133,147,2.4073081469137373e-30
133,148,7.457247493190678e-31
133,149,9.734074947707326e-31
134,135,7.119396626525533e-31
134,136,1.5479353496268272e-30
134,137,2.9172480895865e-31
134,138,6.34863430405181e-32
134,139,6.080798770615783e-31
134,140,5.2170650561639515e-31
134,141,8.227488938230839e-31
134,142,7.693308058273344e-31
134,143,6.74129057119753e-31
134,144,5.5873147060531645e-31
134,145,8.227330086867722e-31
134,146,1.5700924586837688e-16
134,147,1.3963896993321555e-30
134,148,3.8756924543145003e-31
134,149,6.009354535939312e-31
135,136,2.1138016631127723e-16
135,137,4.104254965444912e-31
135,138,1.8053130637520715e-31
135,139,6.962791934639986e-16
135,140,2.0455030687293697e-16
135,141,1.3224783626056794e-15
135,142,6.393203285111312e-16
135,143,3.749571788088183e-16
135,144,6.364544169214184e-16
135,145,9.46668919521417e-31
135,146,1.0352754510471377e-15
135,147,2.496314698972861e-16
135,148,7.94328946482715e-31
135,149,9.167543067797065e-31
136,137,4.1974686957303365e-31
136,138,2.7585048199135737e-31
136,139,1.6394466570028816e-30
136,140,1.398026363063092e-30
136,141,1.891158265417294e-30
136,142,2.538847524493008e-30
136,143,2.041157492453483e-30
136,144,1.4919732785605254e-30
136,145,1.701878784613829e-30
136,146,2.2548736224414734e-16
136,147,4.1604385971912465e-30
136,148,9.948078726798791e-31
136,149,1.6292211540909044e-30
137,138,1.3562923102711434e-31
137,139,5.727401915256383e-31
137,140,1.0276694405634249e-30
137,141,1.387725165722827e-30
137,142,4.2663686986515135e-31
137,143,6.299539842650208e-31
137,144,9.110453854846342e-31
137,145,1.2311937098042073e-30
137,146,7.468261590855961e-16
137,147,8.933704387640014e-31
137,148,1.0209549665853159e-30
137,149,1.1398805706712898e-30
138,139,1.804551522598892e-31
138,140,2.823184398500873e-31
138,141,3.2796839016530857e-31
138,142,2.473949048043259e-31
138,143,2.2339180874162974e-31
138,144,2.5312452954422056e-31
138,145,2.310429806391559e-31
138,146,2.0014830212433634e-16
138,147,3.732793028780543e-31
138,148,2.8691838988772687e-31
138,149,3.0376280828718e-31
139,140,8.718006220827378e-31
139,141,1.880539681789165e-30
139,142,1.0523806650988136e-30
139,143,9.102119730958142e-31
139,144,1.0331668363155454e-30
139,145,1.3126818547132208e-30
139,146,7.487277582053104e-16
139,147,1.5692002992595503e-30
139,148,9.40941232507448e-31
139,149,1.3003071571814684e-30
140,141,2.149639887558475e-30
140,142,1.1806964185822325e-30
140,143,1.0084742356681614e-30
140,144,1.6465944596564882e-30
140,145,1.9976892641136648e-30
140,146,1.2890664668733375e-15
140,147,1.6536316567429484e-30
140,148,1.7066119926255175e-30
140,149,1.861037060956776e-30
141,142,1.0566601922257052e-30
141,143,1.60425830840571e-30
141,144,2.3484605711611633e-30
141,145,2.8406903485911365e-30
141,146,1.8610729195778454e-15
141,147,1.7907523506574356e-30
141,148,2.1753707228003957e-30
141,149,2.4109123188439033e-30
142,143,1.2833295754112765e-30
142,144,1.0192299013056164e-30
142,145,8.250118648154295e-31
142,146,6.214088459698995e-16
142,147,2.5198213641737584e-30
142,148,1.0760941709665651e-30
142,149,1.2460272324622482e-30
143,144,9.682976176469126e-31
143,145,1.1775342067668093e-30
143,146,7.921287621853927e-16
143,147,2.4018045914987084e-30
143,148,1.2407372729487971e-30
143,149,1.311818389457081e-30
144,145,1.8691420932908208e-30
144,146,1.2161586964358247e-15
144,147,1.4005938282075074e-30
144,148,1.4952849917278716e-30
144,149,1.611602244106266e-30
145,146,1.3721476282211629e-15
145,147,1.907953753133839e-30
145,148,1.732996787728064e-30
145,149,2.0686835676543304e-30
146,147,1.029391400489561e-15
146,148,1.267872825723114e-15
146,149,1.3394761424494109e-15
147,148,1.7968802049731366e-30
147,149,1.952212741067815e-30
148,149,1.876381647993706e-30
