cluster_i,cluster_k,epsilon
0,1,8.64684699501601e-31
0,2,1.0193883218223316e-30
0,3,9.15751910792399e-31
0,4,4.616783520023101e-31
0,5,3.959967642512852e-31
0,6,8.579415415566757e-31
0,7,1.3512379995882235e-30
0,8,1.4563077375686323e-30
0,9,1.3434032877477883e-30
0,10,1.6795478515215967e-30
0,11,5.1966594773910164e-31
0,12,4.3184097659476765e-32
0,13,8.486322331950768e-31
0,14,1.2685006241585532e-30
0,15,1.0254995756358348e-30
0,16,2.1677797545656786e-16
0,17,5.399240870331473e-31
0,18,8.350305016147798e-31
0,19,0.0
0,20,6.360872516567147e-31
0,21,9.488396109290095e-31
0,22,5.841695756293513e-31
0,23,3.4913104029578026e-31
0,24,9.085975186358757e-31
0,25,6.8329960734843775e-31
0,26,1.3406801708340915e-30
0,27,5.509529026780347e-31
0,28,5.173717701486723e-31
0,29,1.3302225098201578e-30
0,30,9.292111844145893e-31
0,31,7.626598472479636e-31
0,32,1.0100009705310892e-30
0,33,2.814094379400129e-31
0,34,4.289118302214777e-30
0,35,9.19049258346552e-31
0,36,2.067500416839728e-31
0,37,7.226782876065289e-31
0,38,9.05944978769375e-31
0,39,3.744431865468911e-16
0,40,6.108121049793895e-31
0,41,6.646840980850292e-31
0,42,1.3099731496327866e-30
0,43,6.120425780529307e-31
0,44,1.3030702038815148e-30
0,45,7.541038232866114e-31
0,46,1.2277372324818058e-30
0,47,1.2762639803134424e-30
0,48,8.903540587630936e-31
0,49,5.897508816302632e-31
0,50,2.940358901613591e-31
0,51,8.269229738550816e-31
0,52,1.0882028925781795e-30
0,53,7.613099896549515e-31
0,54,1.284314941863075e-30
0,55,9.613391110304287e-31
0,56,2.7202902690256263e-31
0,57,6.416756336682423e-31
0,58,5.59488787086511e-31
0,59,5.0878047576008466e-31
0,60,1.2625514199844265e-30
0,61,5.674488377155259e-16
0,62,6.01825019713511e-31
0,63,9.119062991531213e-31
0,64,9.504000826994071e-31
0,65,5.9505375396674125e-31
0,66,1.6268893543721006e-31
0,67,1.6600072508622305e-30
0,68,1.6053881099877472e-30
0,69,8.58995322328387e-31
0,70,8.11542224510323e-31
0,71,5.3304525758046895e-31
0,72,4.423222624230638e-31
0,73,6.923153690378047e-31
0,74,5.710207992783614e-31
0,75,7.023433700496067e-31
0,76,8.77689929839921e-31
0,77,3.7793719630959425e-31
0,78,1.1069836762916187e-30
0,79,6.680076658289803e-31
0,80,4.333271504985638e-31
0,81,5.728967201310211e-31
0,82,8.634357267225868e-31
0,83,9.086569000684385e-31
0,84,1.3098504345532495e-30
0,85,4.95176503518203e-31
0,86,5.763497463219948e-31
0,87,8.188467407120278e-31
0,88,6.004449063730079e-16
0,89,9.607623510617256e-31
0,90,6.962916009704487e-31
0,91,9.548431070813915e-31
0,92,1.2077456335699852e-30
0,93,6.717682635184449e-31
0,94,4.582945361507709e-31
0,95,1.5297801106586117e-31
0,96,5.301753140195558e-31
0,97,7.4782660918968965e-31
0,98,7.03565593898521e-31
0,99,4.3226323446612424e-16
0,100,1.4343945909749483e-31
0,101,4.76662712611867e-31
0,102,1.5677053661236985e-30
0,103,4.726559632008483e-31
0,104,9.127833580626826e-31
0,105,3.616323390373313e-31
0,106,2.0347294705665666e-30
0,107,3.5740156901921295e-31
0,108,4.742588240266772e-31
0,109,1.159706926940153e-30
0,110,6.7945681621759955e-31
0,111,6.541056721049024e-31
0,112,5.329004755840983e-31
0,113,1.0477058897466563e-31
0,114,1.2288444342730893e-30
0,115,4.718447854656917e-16
0,116,3.2953309826648526e-31
0,117,4.645640085553672e-31
0,118,9.718665719723087e-31
0,119,7.73188432608518e-31
0,120,7.202934661165065e-31
0,121,5.967797825595256e-31
0,122,6.254420578456996e-31
0,123,5.381203631029861e-31
0,124,6.319746070725632e-31
0,125,9.006262857429001e-31
0,126,1.1227294776311486e-30
0,127,6.870935714988686e-32
0,128,1.0843729828447177e-30
0,129,3.6873507242397083e-31
0,130,1.4372136222253124e-30
0,131,1.502174340450741e-30
0,132,9.835371764471371e-31
0,133,3.3273800605530267e-31
0,134,6.0627239230604104e-31
0,135,8.658189840471257e-31
0,136,7.669944432827683e-31
0,137,3.354118096886313e-31
0,138,7.5745423488392026e-31
0,139,7.583146837035949e-31
0,140,9.513833650537893e-31
0,141,1.3152547077738402e-30
0,142,6.585331987134724e-31
0,143,5.082932981075415e-31
0,144,5.6547710828761335e-31
0,145,9.74687569993706e-31
0,146,4.318981499598258e-32
0,147,4.466182725649137e-31
0,148,5.741853410728584e-31
0,149,2.289143040587977e-31
1,2,1.9516251321023124e-30
1,3,4.0444034200146403e-16
1,4,1.2394711286409368e-30
1,5,1.445421372618202e-30
1,6,2.587815205604907e-30
1,7,5.351509570328628e-16
1,8,4.100787920624823e-30
1,9,2.8824940195059102e-30
1,10,4.8616735134441945e-30
1,11,8.98797313032662e-31
1,12,1.1370901730467442e-31
1,13,1.813904896982186e-30
1,14,3.8357999655013225e-30
1,15,3.60846300420097e-30
1,16,7.961113463067229e-16
1,17,1.136347917731524e-30
1,18,2.1886044242410315e-30
1,19,0.0
1,20,1.7256962158538735e-30
1,21,2.654106654988651e-30
1,22,1.3105202412576843e-30
1,23,7.701039089749336e-31
1,24,1.8106389962689973e-30
1,25,1.5781890244552074e-30
1,26,2.7326207694634075e-30
1,27,8.916915134898632e-31
1,28,1.5576997773853268e-30
1,29,3.8033533155785815e-30
1,30,2.319514974165901e-30
1,31,2.7103168464079335e-30
1,32,2.6725903649862062e-30
1,33,1.3626371967593179e-30
1,34,1.2262044888523277e-29
1,35,3.231519906700118e-30
1,36,5.055406799632959e-31
1,37,1.4303142925092548e-30
1,38,2.4052890725930432e-30
1,39,7.450531306467664e-16
1,40,1.2366654894676384e-30
1,41,1.8871320101164227e-30
1,42,1.5998041841121526e-30
1,43,2.4751469974155888e-30
1,44,2.4908890586705715e-30
1,45,2.0005038248642374e-30
1,46,2.6923836574636886e-30
1,47,2.5556680851271962e-30
1,48,1.7418172483530062e-30
1,49,5.972690967638666e-16
1,50,9.532712883125075e-31
1,51,2.1251276538205466e-30
1,52,3.0231985927000095e-30
1,53,2.18417615987652e-30
1,54,3.839403255805676e-30
1,55,2.860782400056198e-30
1,56,6.186904135306277e-31
1,57,2.662934223072587e-30
1,58,1.3148771270093646e-30
1,59,2.505499581744755e-30
1,60,3.550791296874471e-30
1,61,4.605649992297363e-16
1,62,9.888921174191365e-31
1,63,3.314649292758445e-30
1,64,2.717505955435443e-30
1,65,1.571485293425896e-30
1,66,3.701830284007707e-31
1,67,3.0924821551785693e-16
1,68,4.401925798614645e-30
1,69,4.525334666067526e-16
1,70,2.5434750926860943e-30
1,71,1.0877036853211645e-30
1,72,8.976426049844713e-31
1,73,9.524359020563764e-31
1,74,1.2470909501043305e-30
1,75,1.9676284678884713e-30
1,76,2.5429120257507375e-30
1,77,1.5484822983883717e-30
1,78,5.9173171394497736e-30
1,79,2.04542500797252e-30
1,80,1.2024873092285878e-30
1,81,1.9211865313127235e-30
1,82,2.180193658327852e-30
1,83,1.676845036645147e-30
1,84,2.8542313871940286e-30
1,85,1.6945068477575675e-30
1,86,1.6049942467985288e-16
1,87,3.1517141976489654e-30
1,88,8.304924098404528e-16
1,89,1.9518918974102612e-30
1,90,2.4756421934949666e-30
1,91,1.876539878568458e-30
1,92,3.320764947691577e-30
1,93,2.2068938786360584e-30
1,94,4.110526017841542e-16
1,95,4.5663368938867694e-31
1,96,1.3807073524752244e-30
1,97,3.6377947785715353e-16
1,98,1.1767698138646471e-30
1,99,1.1382020297301854e-15
1,100,4.034065133782087e-31
1,101,1.4156453745793303e-30
1,102,2.9409602611921292e-30
1,103,1.2040517435666516e-30
1,104,1.8466867326498068e-30
1,105,1.5357258669798892e-30
1,106,4.013648402524706e-30
1,107,2.12971232087892e-30
1,108,1.3599931448429947e-30
1,109,2.3720835867545583e-30
1,110,2.5665533414339806e-30
1,111,1.4032021966799798e-30
1,112,1.4635451821091672e-30
1,113,3.3697236236185903e-31
1,114,2.2846414700066958e-30
1,115,1.5175886055670247e-15
1,116,1.6004645656917931e-16
1,117,2.492892540264101e-30
1,118,1.9911487016458352e-30
1,119,2.4840638033002747e-30
1,120,3.1318275289637607e-16
1,121,1.1187025256267816e-30
1,122,1.3573337244784196e-30
1,123,6.866261966602369e-31
1,124,1.3307032058402647e-30
1,125,2.445594045992034e-30
1,126,3.678727913862972e-30
1,127,3.543628233469706e-31
1,128,2.8982097775279578e-30
1,129,1.0040785550103304e-30
1,130,2.0697252790071378e-30
1,131,4.434924322473933e-30
1,132,1.2380424632589192e-30
1,133,1.9098191364470308e-30
1,134,1.437202153193736e-30
1,135,1.2736074856242763e-30
1,136,1.3740330159903438e-30
1,137,7.22355948675792e-31
1,138,3.418405245959603e-30
1,139,1.927780451170947e-30
1,140,2.1969702902982712e-30
1,141,2.9322850525868883e-30
1,142,3.412264865002565e-30
1,143,1.1828334849945911e-30
1,144,1.581050078225466e-30
1,145,1.5483242481298274e-30
1,146,1.1372407175181845e-31
1,147,1.0067017487353373e-15
1,148,1.4532452324021945e-30
1,149,1.2182871223474246e-30
2,3,2.4283198458629854e-30
2,4,1.0307781355459244e-30
2,5,1.2511451221191151e-30
2,6,2.688431406136736e-30
2,7,2.6538589417363963e-30
2,8,3.410693421357946e-30
2,9,3.0309142196840534e-30
2,10,4.548804938055144e-30
2,11,1.2534325908550118e-30
2,12,1.4157520336953696e-31
2,13,2.310404017215613e-30
2,14,3.595800901630685e-30
2,15,3.0458961296201725e-30
2,16,3.7056552056931963e-16
2,17,1.1044744332142082e-30
2,18,2.0023527285372456e-30
2,19,0.0
2,20,1.4801722411430654e-30
2,21,2.737261973892344e-30
2,22,1.5034539133542392e-30
2,23,9.311221949342824e-31
2,24,2.4092386189327617e-30
2,25,1.994270860812767e-30
2,26,3.2122093562124184e-30
2,27,9.075823151189279e-31
2,28,1.2026116208703354e-30
2,29,3.600834392310463e-30
2,30,2.2814884058198475e-30
2,31,2.1065660527684724e-30
2,32,2.6276632282228064e-30
2,33,1.346833106845281e-30
2,34,4.192395450406743e-16
2,35,2.6404346172415685e-30
2,36,5.106431547503596e-31
2,37,1.7613202527421663e-30
2,38,2.069195025332733e-30
2,39,4.302673772251665e-16
2,40,1.3741166894826452e-30
2,41,1.7214022960281137e-30
2,42,2.1946469424468295e-30
2,43,2.183635033992473e-30
2,44,3.253125668242501e-30
2,45,1.84153108471209e-30
2,46,3.3140495190592034e-30
2,47,3.2852727121164406e-30
2,48,2.1492685679691074e-30
2,49,4.791386632661747e-16
2,50,1.0885886200399006e-30
2,51,2.107114121395379e-30
2,52,2.793438153576484e-30
2,53,1.9113969110373254e-30
2,54,3.372904785073944e-30
2,55,2.3238536586962024e-30
2,56,7.357444011627242e-31
2,57,2.125310663509004e-30
2,58,1.5907837824714086e-30
2,59,2.0688987523570008e-30
2,60,3.2910416545862255e-30
2,61,6.860825864794939e-16
2,62,9.238120160951707e-31
2,63,3.603026667131096e-30
2,64,2.5213006110527583e-30
2,65,1.4752022592452837e-30
2,66,3.4463774067548353e-31
2,67,2.1722347008063388e-16
2,68,4.146046422855929e-30
2,69,2.7309259033611745e-30
2,70,2.6388913182674648e-30
2,71,1.1490281377209894e-30
2,72,1.0192372704430836e-30
2,73,1.2091110132024147e-30
2,74,1.4041287280419039e-30
2,75,2.004143258253668e-30
2,76,2.7891162939657536e-30
2,77,1.3784270421525702e-30
2,78,4.6372122644834805e-30
2,79,2.0353793732372557e-30
2,80,1.2396836627028585e-30
2,81,1.594838507943498e-30
2,82,1.9834421155042358e-30
2,83,2.071408747496668e-30
2,84,3.808245378455581e-30
2,85,1.3814686073536792e-30
2,86,9.319709888990417e-31
2,87,2.661481437528707e-30
2,88,3.4714440196847755e-16
2,89,2.20310586197673e-30
2,90,2.7232460992255488e-30
2,91,2.519157152385732e-30
2,92,3.540904338515315e-30
2,93,2.3041948279513784e-30
2,94,1.4747245174667919e-30
2,95,5.189997744770823e-31
2,96,1.6341652353202246e-30
2,97,2.8378424836858104e-30
2,98,1.714432529038891e-30
2,99,1.4171363683753035e-15
2,100,3.8359729066271947e-31
2,101,1.3432112467091698e-30
2,102,3.948486484979218e-30
2,103,1.4559482801925233e-30
2,104,2.4036246785374917e-30
2,105,1.3225375928666016e-30
2,106,5.525072025409362e-30
2,107,1.8999218241037964e-30
2,108,1.191674535452661e-30
2,109,2.83867557124204e-30
2,110,2.1441985599750028e-30
2,111,1.517307301814508e-30
2,112,1.2551076403565751e-30
2,113,3.0089905027404077e-31
2,114,3.0873053174482652e-30
2,115,1.3551288506903065e-15
2,116,1.3679324101503302e-30
2,117,2.0192013779993514e-30
2,118,2.301561240485045e-30
2,119,2.0605123688835122e-30
2,120,2.0664483445821854e-30
2,121,1.5191662311267688e-30
2,122,1.7898014246410135e-30
2,123,9.153969973542826e-31
2,124,1.7594066141867788e-30
2,125,2.0846443539679728e-30
2,126,3.19343205645307e-30
2,127,3.2452293333748645e-31
2,128,2.576827000614777e-30
2,129,8.851408161773509e-31
2,130,2.1206713702971324e-30
2,131,4.132256008932858e-30
2,132,1.5455153594830267e-30
2,133,1.554073344930734e-30
2,134,1.6217381067722273e-30
2,135,1.7862169185130317e-30
2,136,1.486956394650968e-30
2,137,8.032974088530204e-31
2,138,2.833092065676252e-30
2,139,2.0850437303454555e-30
2,140,2.031250688075323e-30
2,141,3.070102351898361e-30
2,142,2.7621990298591762e-30
2,143,1.192959165576227e-30
2,144,1.8786812930670214e-30
2,145,2.1090599544724244e-30
2,146,1.415939471461217e-31
2,147,1.7612356273496717e-16
2,148,1.5655120791420483e-30
2,149,1.0294635898233879e-30
3,4,9.297067562354275e-31
3,5,1.1488797651561047e-30
3,6,2.6248540564497167e-30
3,7,2.738417193692677e-30
3,8,2.8510805701931908e-30
3,9,2.8522103438430937e-30
3,10,4.2073126864659656e-30
3,11,1.3349782157688575e-30
3,12,1.4098275357062461e-31
3,13,2.4169078644535853e-30
3,14,3.396921678949239e-30
3,15,1.9977380815454477e-30
3,16,2.9668621420861034e-16
3,17,1.1773806909622652e-30
3,18,2.106851242839485e-30
3,19,0.0
3,20,1.1748067950124324e-30
3,21,2.9786792242102715e-30
3,22,1.4340510297329313e-30
3,23,8.937389345856111e-31
3,24,2.6054362025723476e-30
3,25,2.242497155093659e-30
3,26,3.40604670063977e-30
3,27,8.313632260481551e-31
3,28,7.468692982107173e-31
3,29,3.636732037925456e-30
3,30,2.2280792904134382e-30
3,31,2.0737540525535072e-30
3,32,2.331389334768949e-30
3,33,1.1508177270316617e-30
3,34,9.579710275605761e-16
3,35,2.449336100791052e-30
3,36,5.38169955027209e-31
3,37,1.9204685880083597e-30
3,38,1.6800115183674547e-30
3,39,5.174945011949837e-16
3,40,1.4307385253932311e-30
3,41,1.828891841422246e-30
3,42,2.2332573206194906e-30
3,43,1.9976410743726178e-30
3,44,3.123727234183822e-30
3,45,1.7910679509734582e-30
3,46,3.3685831814030304e-30
3,47,3.236861287464659e-30
3,48,2.307796178979877e-30
3,49,6.538780067061177e-16
3,50,1.1179401593987912e-30
3,51,1.906093425773109e-30
3,52,2.9048956192085152e-30
3,53,2.0088915932418153e-30
3,54,2.9965880510964344e-30
3,55,2.2360698545209327e-30
3,56,7.593540338236902e-31
3,57,1.9119477069861183e-30
3,58,1.5671277599300223e-30
3,59,1.4617624839440618e-30
3,60,3.348089120689693e-30
3,61,3.2414736699297117e-16
3,62,1.2273795588906833e-30
3,63,3.39720525340643e-30
3,64,2.383028158202585e-30
3,65,1.4587714776293911e-30
3,66,3.7379191808993145e-31
3,67,1.5838319836915754e-16
3,68,3.320258824515898e-30
3,69,2.1797019253118238e-30
3,70,2.1595424602113045e-30
3,71,1.0947261194642638e-30
3,72,1.21229631973235e-30
3,73,1.4833926168658088e-30
3,74,1.2638814329851592e-30
3,75,1.9488225405148082e-30
3,76,2.72509882008156e-30
3,77,1.2079832712517692e-30
3,78,3.387960625286e-30
3,79,1.8963485577034242e-30
3,80,1.3226123818898064e-30
3,81,1.4991815964286216e-30
3,82,1.9190705299342917e-30
3,83,2.0985050965802323e-30
3,84,3.9765407445933714e-30
3,85,1.399411145340779e-30
3,86,8.25029366821254e-31
3,87,2.2221047805003353e-30
3,88,7.01592176837029e-16
3,89,2.3603386937968585e-30
3,90,2.9365343309917092e-30
3,91,2.7286714295795025e-30
3,92,2.5360682825383606e-30
3,93,2.3078924773267733e-30
3,94,1.249603092074724e-16
3,95,5.023582083373193e-31
3,96,1.6241879290336852e-30
3,97,2.0762336569012195e-30
3,98,1.5782443647069424e-30
3,99,1.4112060773604022e-15
3,100,3.654808642591895e-31
3,101,1.3844040969553218e-30
3,102,4.409634813566194e-30
3,103,1.402474212601905e-30
3,104,2.5100726995704333e-30
3,105,1.0970110317774138e-30
3,106,5.786849660351098e-30
3,107,1.460299471910885e-30
3,108,1.0170432897645299e-30
3,109,2.8041562203322296e-30
3,110,1.9373389641193443e-30
3,111,1.4495494686558148e-30
3,112,1.213164004477361e-30
3,113,2.680454471102569e-31
3,114,3.42014309676259e-30
3,115,1.2071693757241114e-15
3,116,1.1420365224449228e-30
3,117,1.4457144139366721e-30
3,118,2.4984041006332497e-30
3,119,1.7655922380654007e-30
3,120,2.037857581961312e-30
3,121,1.637179886678221e-30
3,122,1.885673463408938e-30
3,123,9.432608949268391e-31
3,124,1.909866705340291e-30
3,125,2.2604974445406383e-30
3,126,2.784124119943791e-30
3,127,2.630941635075794e-31
3,128,2.663689329482585e-30
3,129,7.948594920081033e-31
3,130,2.1040644465497268e-30
3,131,3.917590992405746e-30
3,132,1.7382162018696304e-30
3,133,1.2709133155405272e-30
3,134,1.700519714507364e-30
3,135,1.6626636767869744e-30
3,136,1.5467326240980149e-30
3,137,8.496880131939874e-31
3,138,2.173123187842297e-30
3,139,1.9028735156371124e-30
3,140,1.8249259842004505e-30
3,141,3.309925258550318e-30
3,142,2.1461691907074817e-30
3,143,1.1545885006836358e-30
3,144,1.8495395101569874e-30
3,145,2.305288513324539e-30
3,146,1.4100141891012147e-31
3,147,3.55512521017773e-16
3,148,1.5977197533355668e-30
3,149,7.040809584259533e-31
4,5,7.3659994652776245e-31
4,6,1.3937645343686288e-30
4,7,1.4839237086473512e-30
4,8,1.912487207039591e-30
4,9,1.220142375845719e-30
4,10,2.3147553875468688e-30
4,11,4.52568058020996e-31
4,12,5.948809469473713e-32
4,13,9.531531753599804e-31
4,14,1.9283665834103938e-30
4,15,1.9351721505797573e-30
4,16,5.104687272258658e-16
4,17,6.868069409064203e-31
4,18,1.1800284847412346e-30
4,19,0.0
4,20,9.632796850847855e-31
4,21,1.2668522187264649e-30
4,22,7.1374657380575785e-31
4,23,3.980358977011063e-31
4,24,8.387773767182076e-31
4,25,1.000688715308401e-30
4,26,1.3116017596928251e-30
4,27,5.696281535325542e-31
4,28,9.034873529787449e-31
4,29,2.0995234528362206e-30
4,30,1.1648201317120742e-30
4,31,1.1689237544093217e-30
4,32,1.4137595591865865e-30
4,33,7.256174735548844e-31
4,34,7.82050785226724e-30
4,35,1.5364601550155553e-30
4,36,2.4658787528506504e-31
4,37,8.142626349177146e-31
4,38,1.1929176020542071e-30
4,39,2.48568759315142e-16
4,40,6.461142545233611e-31
4,41,1.0121569548234448e-30
4,42,9.63002363513624e-31
4,43,1.2135211866693078e-30
4,44,1.2435130902214918e-30
4,45,1.217692591392084e-30
4,46,1.4792874528185442e-30
4,47,1.1662203431379618e-30
4,48,9.44388294621838e-31
4,49,8.149999037734135e-31
4,50,5.156745651979563e-31
4,51,1.1165537907368944e-30
4,52,1.5258239235491155e-30
4,53,1.0303731210700596e-30
4,54,1.74448010108289e-30
4,55,8.940132200203956e-31
4,56,3.2269121819204916e-31
4,57,1.2707463625980119e-30
4,58,6.7920026071083155e-31
4,59,1.351077180354074e-30
4,60,1.7046588164288457e-30
4,61,2.2377260456559043e-16
4,62,5.592681007384231e-31
4,63,1.7850849904185742e-30
4,64,1.3599286708083877e-30
4,65,6.233969046172021e-31
4,66,1.9628646954403225e-31
4,67,1.9462652666532203e-30
4,68,2.555510706439296e-30
4,69,1.5533284208380585e-30
4,70,1.3545963329052091e-30
4,71,6.857833040946489e-31
4,72,5.777499888150103e-31
4,73,4.809618660166403e-31
4,74,6.738680235022315e-31
4,75,1.052642949792558e-30
4,76,1.3934026436825174e-30
4,77,8.349208211636109e-31
4,78,2.723658992713053e-30
4,79,1.1364977615884051e-30
4,80,6.393570759233259e-31
4,81,9.812370557400097e-31
4,82,1.1171925392477108e-30
4,83,7.49810094369142e-31
4,84,1.4969720726785434e-30
4,85,6.457089952379875e-31
4,86,6.384183703747245e-31
4,87,1.5910130220759563e-30
4,88,4.720615760976052e-16
4,89,1.1500248363767258e-30
4,90,1.3724353189990249e-30
4,91,8.854185481875267e-31
4,92,1.7256470338685886e-30
4,93,1.2357666419037783e-30
4,94,8.17243726609744e-31
4,95,2.4111690403457446e-31
4,96,7.3620834658714625e-31
4,97,1.7795064640809367e-30
4,98,8.192176476297221e-31
4,99,5.954626267229891e-16
4,100,2.0111720162495423e-31
4,101,7.011860822200543e-31
4,102,1.5040305216713838e-30
4,103,6.2075849703347105e-31
4,104,9.699837076368615e-31
4,105,8.02691157467787e-31
4,106,2.094732929834879e-30
4,107,1.0987525254302636e-30
4,108,7.5172952975089e-31
4,109,1.15519292036028e-30
4,110,1.2158791398119606e-30
4,111,7.272516957855526e-31
4,112,7.8791530034891145e-31
4,113,1.6934871857835544e-31
4,114,1.1528383189378977e-30
4,115,7.626788258851528e-16
4,116,8.256355283456576e-31
4,117,1.2804436284716577e-30
4,118,1.1483282079096815e-30
4,119,1.309295054195376e-30
4,120,8.11609204174353e-31
4,121,5.495694531880752e-31
4,122,7.209620552456478e-31
4,123,4.196105416994003e-31
4,124,6.167144724420245e-31
4,125,1.3728318712354656e-30
4,126,1.8658456068969084e-30
4,127,1.864208860596899e-31
4,128,1.4835413013961792e-30
4,129,5.7339642095302544e-31
4,130,1.2158388067627182e-30
4,131,2.1661331098319548e-30
4,132,7.941648747045087e-31
4,133,9.129953395384879e-31
4,134,7.632629428877881e-31
4,135,6.908337042272931e-31
4,136,7.583793684410468e-31
4,137,3.5861033504109898e-31
4,138,1.778741328015894e-30
4,139,9.1231271950099e-31
4,140,1.0645928223287424e-30
4,141,1.5619009850961115e-30
4,142,1.6707240434882328e-30
4,143,6.023795883136025e-31
4,144,8.373277328032431e-31
4,145,8.903363270280291e-31
4,146,5.949597059058521e-32
4,147,7.154899857806831e-31
4,148,7.812736557524875e-31
4,149,6.833771839378397e-31
5,6,1.2713156306764863e-30
5,7,1.3994761735593283e-30
5,8,2.247846602329164e-30
5,9,1.5408451984424658e-30
5,10,2.9167013155693944e-30
5,11,3.245606572034359e-31
5,12,1.493223403210076e-32
5,13,7.710886285655578e-31
5,14,2.3784926955692825e-30
5,15,1.989949993077385e-30
5,16,2.5438405243138105e-16
5,17,6.912169772959427e-31
5,18,1.278069433443166e-30
5,19,0.0
5,20,1.033706036822678e-30
5,21,1.662237257511851e-30
5,22,5.2211688767670515e-31
5,23,3.789343361000422e-31
5,24,7.98289909125687e-31
5,25,9.725728087108081e-31
5,26,1.5626596161448848e-30
5,27,5.06239384621984e-31
5,28,7.559126694951002e-31
5,29,2.413662257938851e-30
5,30,1.3847709020209915e-30
5,31,1.5414839486524554e-30
5,32,1.591205810252796e-30
5,33,4.790326199120599e-31
5,34,2.6286298493872918e-30
5,35,1.851344694808928e-30
5,36,3.0456211813208e-31
5,37,8.409210271201793e-31
5,38,1.3152664091907855e-30
5,39,1.868149484067712e-30
5,40,8.174113301073164e-31
5,41,1.1663173641549443e-30
5,42,8.165513135693626e-31
5,43,1.4845835360967393e-30
5,44,8.368182800713514e-31
5,45,1.2008859391268443e-30
5,46,1.6314768048321922e-30
5,47,1.4883744762446197e-30
5,48,9.201989841645727e-31
5,49,5.483380711771957e-31
5,50,3.68204401283956e-31
5,51,1.0526771814274256e-30
5,52,1.753082463496039e-30
5,53,1.0839954972264626e-30
5,54,2.2347404872177743e-30
5,55,1.4672626259527724e-30
5,56,2.6894676229441067e-31
5,57,1.5002699260446552e-30
5,58,4.834372414781809e-31
5,59,1.2899460159691832e-30
5,60,2.1894977750787765e-30
5,61,1.3931204153327073e-30
5,62,5.457929674273682e-31
5,63,1.0984606456841985e-30
5,64,1.6544683106834814e-30
5,65,8.758273742695285e-31
5,66,2.1697118729194505e-31
5,67,1.9314602393886177e-30
5,68,2.5694075946735424e-30
5,69,1.8710165042305382e-30
5,70,8.524923897913107e-31
5,71,6.626144817195137e-31
5,72,5.420654636841442e-31
5,73,5.069089357230421e-31
5,74,4.229419257679226e-31
5,75,8.790924539520723e-31
5,76,8.994987882670573e-31
5,77,6.780822667446603e-31
5,78,2.8556169636760583e-30
5,79,1.2605090627798606e-30
5,80,7.754609204985197e-31
5,81,1.0807785279380942e-30
5,82,1.2891677156647669e-30
5,83,9.178373764112958e-31
5,84,5.521689013585643e-31
5,85,8.993141396260069e-31
5,86,5.9894286093067535e-31
5,87,1.8703595337391628e-30
5,88,5.553933333394643e-16
5,89,1.1531244238277752e-30
5,90,4.539478257605887e-31
5,91,9.357146560978506e-31
5,92,2.067242521791228e-30
5,93,8.028140032012347e-31
5,94,1.0377691050358638e-30
5,95,1.5474901310113552e-31
5,96,4.108152446433777e-31
5,97,1.9595117866221397e-30
5,98,7.55323606357414e-31
5,99,1.4946834900704467e-16
5,100,2.459574249093749e-31
5,101,5.90265137045751e-31
5,102,1.67438386803241e-30
5,103,3.7218282312069867e-31
5,104,1.0561219061243529e-30
5,105,7.743500523607448e-31
5,106,1.0128831220769066e-30
5,107,1.0199062799172211e-30
5,108,8.200274010506668e-31
5,109,1.4130677326649367e-30
5,110,1.63875948715389e-30
5,111,8.548156293597874e-31
5,112,8.93416383575168e-31
5,113,2.0365814472659524e-31
5,114,9.562466195619556e-31
5,115,9.171947447016612e-16
5,116,6.693448662007675e-31
5,117,1.3685728106326985e-30
5,118,1.2824209153814225e-30
5,119,1.3993897525620339e-30
5,120,3.0984805322852316e-31
5,121,5.732089266688975e-31
5,122,5.486384673410346e-31
5,123,3.5843673684190707e-31
5,124,5.121799732396321e-31
5,125,1.4752942599155497e-30
5,126,2.18539895993184e-30
5,127,1.557598359280533e-31
5,128,1.712825712521171e-30
5,129,5.944394852149454e-31
5,130,1.0751836806024647e-30
5,131,2.6970095112208953e-30
5,132,6.417956558486517e-31
5,133,1.1606035101762568e-30
5,134,7.463410741006138e-31
5,135,7.036983875188192e-31
5,136,6.649168977007568e-31
5,137,4.351321902250373e-31
5,138,1.7521219486829464e-30
5,139,1.192982185356526e-30
5,140,1.2272974039364574e-30
5,141,1.7667824655189675e-30
5,142,1.9766896204737677e-30
5,143,7.036565902023091e-31
5,144,4.79590633075669e-31
5,145,7.136812954978407e-31
5,146,1.4934210977582366e-32
5,147,5.4136837562023565e-31
5,148,6.970538951086449e-31
5,149,6.466865533896403e-31
6,7,2.3619711108298273e-30
6,8,3.4162868460564136e-30
6,9,2.420734648234758e-30
6,10,3.9677342065337905e-30
6,11,1.3848268659962808e-30
6,12,1.9300683085131533e-31
6,13,3.008043532169983e-30
6,14,3.1989242008144665e-30
6,15,4.0246163357587334e-30
6,16,2.9893669801409443e-16
6,17,9.409431710643688e-31
6,18,2.8245382955313084e-30
6,19,0.0
6,20,1.6130353065048413e-30
6,21,2.3276279062005704e-30
6,22,2.1015944926267144e-30
6,23,7.183035667726184e-31
6,24,2.758726951119407e-30
6,25,2.326750432697974e-30
6,26,2.8421427168734467e-30
6,27,7.4216292645466474e-31
6,28,1.604158108815736e-30
6,29,3.399175631345882e-30
6,30,1.9048511621314323e-30
6,31,2.3144293480793183e-30
6,32,2.2157294832706707e-30
6,33,2.0408332879211008e-30
6,34,2.098093702712162e-29
6,35,3.6623632737424356e-30
6,36,4.636406111840969e-31
6,37,1.8057656681990097e-30
6,38,1.9555462727471552e-30
6,39,2.506900506557565e-16
6,40,1.4593338322636919e-30
6,41,1.5700025822964122e-30
6,42,2.3347167797457634e-30
6,43,2.3854477264966158e-30
6,44,4.1522378564676556e-30
6,45,1.9286193585611082e-30
6,46,4.034917338614261e-30
6,47,2.715050463116422e-30
6,48,2.8155133514928056e-30
6,49,2.699949877123268e-30
6,50,1.5580571619984772e-30
6,51,3.0530793430294266e-30
6,52,2.81225118387107e-30
6,53,2.79018679799041e-30
6,54,3.0909520145932518e-30
6,55,1.9478812631101186e-30
6,56,1.0204495406850045e-30
6,57,3.022087309324701e-30
6,58,2.1804070846943903e-30
6,59,3.0009749572764498e-30
6,60,2.975079823192006e-30
6,61,1.6199010924212617e-16
6,62,9.129377059154248e-31
6,63,5.27738973491844e-30
6,64,2.2584039024146297e-30
6,65,1.1576481744720275e-30
6,66,4.565507807942829e-31
6,67,3.281614415807941e-30
6,68,4.031379366067811e-30
6,69,3.407183233584715e-30
6,70,3.716758664573772e-30
6,71,9.794022281146371e-31
6,72,1.3614591647798716e-30
6,73,1.4520683055022352e-30
6,74,1.951595288487569e-30
6,75,2.9408494668187684e-30
6,76,4.0190811880314604e-30
6,77,2.0263001507349247e-30
6,78,6.882101630118563e-30
6,79,2.2869308582532926e-30
6,80,1.078473213662568e-30
6,81,1.9108107713158756e-30
6,82,2.0429807036873286e-30
6,83,2.0983900389303158e-30
6,84,4.8681740670302064e-30
6,85,1.1383320800161648e-30
6,86,1.2148002752294894e-30
6,87,2.8525344533106343e-30
6,88,3.703055657701779e-16
6,89,2.5645943199929275e-30
6,90,3.889987127745655e-30
6,91,2.7472982846044046e-30
6,92,3.0148018657925847e-30
6,93,3.5127846738684234e-30
6,94,1.4223468361815448e-30
6,95,7.425209648635396e-31
6,96,2.2871093562784812e-30
6,97,3.760184873386974e-30
6,98,1.682491898689356e-30
6,99,1.9319555461299986e-15
6,100,3.3313975946789686e-31
6,101,2.0463258962025223e-30
6,102,4.587568862057581e-30
6,103,2.019776084866129e-30
6,104,2.271405844002164e-30
6,105,2.0057963806392638e-30
6,106,6.788703863727782e-30
6,107,2.8676997827493677e-30
6,108,1.2111961888949202e-30
6,109,2.5678600185390886e-30
6,110,2.3137364102464773e-30
6,111,1.439145369000741e-30
6,112,1.4475830662265315e-30
6,113,2.836308339057603e-31
6,114,3.624206926366813e-30
6,115,1.2773597178887658e-15
6,116,2.1339082970660704e-30
6,117,2.6553228746464363e-30
6,118,2.612072995985028e-30
6,119,2.4399259630951224e-30
6,120,2.6743339270683645e-30
6,121,1.7978461379264012e-30
6,122,2.3283970214798187e-30
6,123,1.0633614524884558e-30
6,124,2.0625175972127947e-30
6,125,2.0646099003918342e-30
6,126,3.1964533171540285e-30
6,127,4.934547380769799e-31
6,128,2.3189085616976504e-30
6,129,9.76292639929377e-31
6,130,1.9302016455182637e-30
6,131,3.632854593956555e-30
6,132,1.8316391594575357e-30
6,133,1.951866406460518e-30
6,134,2.3361256047640447e-30
6,135,1.791056600140785e-30
6,136,1.9309154023577462e-30
6,137,7.115859219386636e-31
6,138,4.282234269146606e-30
6,139,1.614389042416095e-30
6,140,1.721505964955882e-30
6,141,4.0098065663117635e-30
6,142,3.706053690511874e-30
6,143,9.887874490442481e-31
6,144,2.624954644511531e-30
6,145,2.4017775879117967e-30
6,146,1.9303238389189525e-31
6,147,2.0799045159477185e-30
6,148,2.2260199469611178e-30
6,149,1.5113717168989997e-30
7,8,4.18162101930723e-30
7,9,3.460028018923329e-30
7,10,5.3847391274624175e-30
7,11,1.3605719469412516e-30
7,12,1.1680987647767383e-31
7,13,2.3358460586492533e-30
7,14,4.3136465335108404e-30
7,15,2.966615702142197e-30
7,16,9.457791299614593e-16
7,17,1.4625179512083357e-30
7,18,2.2963782370661063e-30
7,19,0.0
7,20,1.8715517524722966e-30
7,21,3.1783147983653326e-30
7,22,1.375666538246559e-30
7,23,7.726196894410745e-31
7,24,2.4526048271365493e-30
7,25,2.350811638865544e-30
7,26,3.8597897150487536e-30
7,27,1.397992092242151e-30
7,28,1.4723381983479505e-30
7,29,4.477048066814048e-30
7,30,2.8485945719988483e-30
7,31,2.4581205198170985e-30
7,32,2.379055086529301e-16
7,33,8.998578568716851e-31
7,34,8.158808866018609e-16
7,35,2.8710860040342566e-30
7,36,6.340816017728284e-31
7,37,1.996752906040514e-30
7,38,2.619540410518642e-30
7,39,5.827250917759691e-16
7,40,1.6655114805892117e-30
7,41,2.3104836683634264e-30
7,42,2.9060307679545138e-30
7,43,2.215597364088002e-30
7,44,2.9341746993733278e-30
7,45,2.4591238642412593e-30
7,46,2.3964939709797244e-16
7,47,3.5433314192573255e-30
7,48,2.2861418087733692e-30
7,49,3.979631088492133e-16
7,50,8.788846424392179e-31
7,51,1.8637454746427286e-30
7,52,3.387362706471452e-30
7,53,2.012653396766346e-30
7,54,4.020204586130423e-30
7,55,2.6938195161603264e-30
7,56,7.4099020729062485e-31
7,57,2.2303121248076922e-30
7,58,1.4150388917032779e-30
7,59,1.9059450322998058e-30
7,60,3.9891068233001736e-30
7,61,4.187264588154811e-16
7,62,1.4716876626193874e-30
7,63,2.6223596022754492e-30
7,64,3.081062571113948e-30
7,65,1.706486623343303e-30
7,66,4.138298121184509e-31
7,67,1.6954204322226225e-16
7,68,4.962812630825662e-30
7,69,2.82047330459419e-30
7,70,1.7018079530272307e-30
7,71,1.6285274152584095e-30
7,72,8.441528768080328e-17
7,73,1.2341364404222273e-30
7,74,1.0763040635894264e-30
7,75,1.7444942609066906e-30
7,76,2.310201700964605e-30
7,77,1.1122875926339658e-30
7,78,3.9087167070792305e-30
7,79,2.1822503873535416e-30
7,80,1.486010987569622e-30
7,81,1.7259233679887684e-30
7,82,2.493205014253732e-30
7,83,2.389567889665792e-30
7,84,3.547012142532144e-30
7,85,1.539829685479391e-30
7,86,1.3116252240759763e-30
7,87,2.9938197267849328e-30
7,88,9.355355825219187e-16
7,89,2.6859876620557597e-30
7,90,2.1776375372215433e-30
7,91,2.6418223915151147e-30
7,92,3.619564604667067e-30
7,93,2.8654074802341264e-16
7,94,1.5722232489814984e-16
7,95,4.132668735677094e-31
7,96,1.3819814635725904e-30
7,97,2.81097114320382e-30
7,98,2.097307413604043e-30
7,99,1.1692409419314822e-15
7,100,4.6895035724185716e-31
7,101,1.2446857990021385e-30
7,102,4.489725652174524e-30
7,103,1.2135287330851879e-30
7,104,2.7146485765194858e-30
7,105,1.125533130707976e-30
7,106,5.460872320318983e-30
7,107,1.2832672946366448e-30
7,108,1.5177335938190028e-30
7,109,3.2090465983182146e-30
7,110,2.2450528435325662e-30
7,111,1.7730149908591136e-30
7,112,1.5049890404603987e-30
7,113,3.5869183643285317e-31
7,114,3.1886425175198015e-30
7,115,1.615404420899837e-15
7,116,9.940670907384704e-31
7,117,1.886669933577074e-30
7,118,2.8186849263274976e-30
7,119,2.50484756664153e-30
7,120,1.8021712686617106e-30
7,121,1.5914263970357622e-30
7,122,1.7579943782508278e-30
7,123,1.1745818433258264e-30
7,124,1.720127982376432e-30
7,125,2.9549431225364505e-30
7,126,3.772937565322604e-30
7,127,2.1551767570198384e-31
7,128,3.343084614555856e-30
7,129,1.142815822740073e-30
7,130,3.2709012773822814e-30
7,131,4.9423854364892385e-30
7,132,3.936315143970062e-16
7,133,1.3679366799565489e-30
7,134,1.5542611180394895e-30
7,135,2.0638849698434002e-30
7,136,1.8564031520703485e-30
7,137,9.832888132566481e-31
7,138,2.4554755874048005e-30
7,139,2.2782242181705708e-30
7,140,2.6661806826336076e-30
7,141,3.670439753256144e-30
7,142,2.3631174081557053e-30
7,143,1.5230774482313874e-30
7,144,1.5487614741187988e-30
7,145,2.5659705601455737e-30
7,146,1.1682534146148088e-31
7,147,7.124055451783782e-16
7,148,1.5543909780252432e-30
7,149,9.357776065665836e-31
8,9,5.129086902030272e-30
8,10,8.497523442777184e-30
8,11,1.0832579720112547e-30
8,12,7.779118718500105e-32
8,13,1.8568892308310993e-30
8,14,6.45075275995753e-30
8,15,5.491708332697807e-30
8,16,5.801995255255829e-16
8,17,1.9515000986499964e-30
8,18,3.654657703421879e-30
8,19,0.0
8,20,2.923996936080735e-30
8,21,4.3004631337579634e-30
8,22,1.6803871736873273e-30
8,23,1.2373528016404505e-30
8,24,2.251127012236292e-30
8,25,2.179516199409047e-30
8,26,4.554038236538222e-30
8,27,1.694294530003187e-30
8,28,2.6615679457679983e-30
8,29,6.189166924410471e-30
8,30,4.066325185852948e-30
8,31,4.4306524128311704e-30
8,32,4.6432666521035005e-30
8,33,1.56163571599951e-30
8,34,8.299789820783242e-30
8,35,5.156669630149654e-30
8,36,8.831102928031064e-31
8,37,1.7490382085171035e-30
8,38,4.384228420797554e-30
8,39,5.4316407538355645e-30
8,40,2.0785651937507147e-30
8,41,3.0478442152172734e-30
8,42,2.5872923001372462e-30
8,43,4.207708698371558e-30
8,44,1.938853803136725e-30
8,45,3.489223025274212e-30
8,46,4.510651718980368e-30
8,47,4.3513333802096085e-30
8,48,2.746858010871455e-30
8,49,1.8244735818517774e-30
8,50,1.029537929061183e-30
8,51,2.7611890741660073e-30
8,52,5.263290082996675e-30
8,53,3.5427464298069926e-30
8,54,6.669140689934336e-30
8,55,5.026034771982048e-30
8,56,8.34450614895451e-31
8,57,4.205856839768741e-30
8,58,1.3822721993422658e-30
8,59,3.839294647059467e-30
8,60,5.939662272356538e-30
8,61,3.691272293433669e-30
8,62,1.761079627736969e-30
8,63,3.415467916794375e-30
8,64,4.6610337475073984e-30
8,65,2.77960589689234e-30
8,66,6.542626924438131e-31
8,67,5.1894342502272196e-30
8,68,8.250737224821229e-30
8,69,5.81128194446934e-30
8,70,2.1978893359434533e-30
8,71,1.9417355546053944e-30
8,72,1.2519186318336547e-30
8,73,1.1127188270037461e-30
8,74,1.3359534633164255e-30
8,75,3.0029031959160476e-30
8,76,3.036944878582487e-30
8,77,1.965251085322714e-30
8,78,9.056739660245181e-30
8,79,3.535592987067049e-30
8,80,1.9229739193180623e-30
8,81,3.1120343018809395e-30
8,82,3.7209867641993655e-30
8,83,2.869489655902707e-30
8,84,1.9882715084678095e-30
8,85,2.8753392347362965e-30
8,86,2.3004009401010744e-30
8,87,5.262632257929975e-30
8,88,7.826126665330558e-16
8,89,3.236457282425843e-30
8,90,1.7240302958895174e-30
8,91,2.6908540963965685e-30
8,92,5.787961705364371e-30
8,93,2.447969773381331e-30
8,94,2.7512576907624e-30
8,95,4.7837030876641935e-31
8,96,1.47050089867378e-30
8,97,5.532377877487734e-30
8,98,1.896520622562601e-30
8,99,7.786725208595135e-16
8,100,6.921872253107312e-31
8,101,1.9553371645750606e-30
8,102,4.644714500223321e-30
8,103,9.915135645694915e-31
8,104,2.7798570206124733e-30
8,105,2.2697028104215662e-30
8,106,3.241025891410919e-30
8,107,2.857861820072812e-30
8,108,2.2406071581388567e-30
8,109,3.805126230417392e-30
8,110,3.963338697494738e-30
8,111,2.4888717694792947e-30
8,112,2.3229142465992348e-30
8,113,5.762511452640581e-31
8,114,2.1091660145328933e-30
8,115,2.595204443083035e-15
8,116,2.264575266917451e-30
8,117,3.902142061730985e-30
8,118,3.326264426612305e-30
8,119,4.266469308647062e-30
8,120,1.1196630901577787e-30
8,121,1.7747516476960606e-30
8,122,1.5559607700341901e-30
8,123,1.2962379154736971e-30
8,124,1.4751836642394599e-30
8,125,4.013318384521894e-30
8,126,6.3067975133896584e-30
8,127,4.708357746022601e-31
8,128,4.985104617970681e-30
8,129,1.7284097571536343e-30
8,130,3.958731311842787e-30
8,131,7.585249134945457e-30
8,132,2.2887406870637577e-30
8,133,2.787359401319846e-30
8,134,1.9937411922545044e-30
8,135,1.806447649739268e-30
8,136,2.3145616358269636e-30
8,137,1.2322123882118723e-30
8,138,5.0503388203308276e-30
8,139,3.3363006458770084e-30
8,140,3.953664708346822e-30
8,141,4.622150301557398e-30
8,142,4.951580368326549e-30
8,143,2.0856153279336757e-30
8,144,1.3547675435381336e-30
8,145,2.2732040600061178e-30
8,146,7.780148630941093e-32
8,147,1.6619493343344236e-30
8,148,2.1877209635215453e-30
8,149,1.8376690505681188e-30
9,10,6.285676680200818e-30
9,11,1.3705669140756379e-30
9,12,1.3097112988346788e-31
9,13,2.1874679757497978e-30
9,14,4.7373450093180116e-30
9,15,3.542590464694944e-30
9,16,1.056171682913853e-15
9,17,1.4359059150611911e-30
9,18,2.6348588741029314e-30
9,19,0.0
9,20,1.9609358407096772e-30
9,21,3.471631322763047e-30
9,22,1.3641594217189317e-30
9,23,9.58651364771553e-31
9,24,2.767142402815181e-30
9,25,1.970157269897846e-30
9,26,4.086823563414804e-30
9,27,1.2503581394533536e-30
9,28,1.690115301947317e-30
9,29,4.4833870734205486e-30
9,30,3.131301760654203e-30
9,31,2.979667785209499e-30
9,32,3.438743293919059e-30
9,33,1.2282104546271846e-30
9,34,1.2741731389214578e-29
9,35,3.521745820695703e-30
9,36,6.671072215903387e-31
9,37,1.8541074477057627e-30
9,38,3.0743340361292254e-30
9,39,4.3670952902695525e-16
9,40,1.5950777287623248e-30
9,41,2.229157690104142e-30
9,42,2.3934130223349466e-30
9,43,2.7178245414387648e-30
9,44,3.068367715844977e-30
9,45,2.383617880154326e-30
9,46,3.576410841212353e-30
9,47,3.999139160823135e-30
9,48,2.3698261313796378e-30
9,49,4.3199840667074967e-16
9,50,1.0240628530688151e-30
9,51,1.8344492234760065e-30
9,52,3.7596890969412164e-30
9,53,2.5555328385962027e-30
9,54,4.8506241007542964e-30
9,55,3.9348605590226846e-30
9,56,6.927784968749247e-31
9,57,2.6800601024651116e-30
9,58,1.470303528104197e-30
9,59,2.3553455095054637e-30
9,60,4.442386026154283e-30
9,61,6.644330602116089e-16
9,62,1.4161460704604453e-30
9,63,3.3312036984560216e-30
9,64,3.399875997591e-30
9,65,2.1623363542765892e-30
9,66,4.879900413292034e-31
9,67,4.469076391756199e-30
9,68,5.38387697198775e-30
9,69,3.8470938576579496e-30
9,70,2.504990404842145e-30
9,71,1.4526127277554627e-30
9,72,1.1724623127902917e-30
9,73,1.3633070275771679e-30
9,74,1.4566257092829443e-30
9,75,2.0651076495393148e-30
9,76,2.569336017709147e-30
9,77,1.2992623227610675e-30
9,78,5.5836534644730584e-30
9,79,2.4675982575491435e-30
9,80,1.5115699561855296e-30
9,81,2.0222538750483798e-30
9,82,2.7604471455182063e-30
9,83,2.534691762097383e-30
9,84,3.726196206267859e-30
9,85,2.354395683186582e-30
9,86,1.5672580614744546e-30
9,87,3.503469219291804e-30
9,88,4.379755957367569e-16
9,89,2.6491066672787718e-30
9,90,2.6129290805194305e-30
9,91,2.9250324163856546e-30
9,92,4.3628657270546014e-30
9,93,2.1432710564654426e-30
9,94,1.91997875007654e-30
9,95,4.68592585701648e-31
9,96,1.5196912723645704e-30
9,97,3.46026343415104e-30
9,98,1.6934256448105774e-30
9,99,1.3109919459596892e-15
9,100,5.158526325622408e-31
9,101,1.2743514175825737e-30
9,102,4.496105572648851e-30
9,103,1.2681332790488706e-30
9,104,2.7591691876085922e-30
9,105,1.3979377108460663e-30
9,106,5.508819755962736e-30
9,107,1.824951753571335e-30
9,108,1.6188929282447794e-30
9,109,3.472375322534754e-30
9,110,2.6475559680072036e-30
9,111,1.8408535610575426e-30
9,112,1.625201853753324e-30
9,113,4.052244477168476e-31
9,114,3.399380943091529e-30
9,115,1.8249686717390107e-15
9,116,1.4648851377562794e-30
9,117,2.4197670085439056e-30
9,118,2.8090011169413763e-30
9,119,2.8376630186026048e-30
9,120,2.0400691611503804e-30
9,121,1.7957747843633276e-30
9,122,1.7437217432180447e-30
9,123,1.0680637229002222e-30
9,124,2.0123528955736918e-30
9,125,2.8041940632796343e-30
9,126,4.3675386834388525e-30
9,127,3.0768662446357377e-31
9,128,3.587823753495324e-30
9,129,1.180923905033257e-30
9,130,3.0150100832853852e-30
9,131,5.627291076566777e-30
9,132,1.7785623821492197e-30
9,133,1.7191940974473136e-30
9,134,1.632368385002203e-30
9,135,1.966250438132283e-30
9,136,1.834441979262739e-30
9,137,1.030902819047528e-30
9,138,3.1566805646499e-30
9,139,2.687423050007971e-30
9,140,2.961939486253126e-30
9,141,3.522029432241261e-30
9,142,3.0014720386240163e-30
9,143,1.622339505957062e-30
9,144,1.73996720643695e-30
9,145,2.3835992208140895e-30
9,146,1.3098846973917117e-31
9,147,1.193157695870087e-30
9,148,1.5742080731453994e-30
9,149,1.1527529794213583e-30
10,11,1.5032964868219852e-30
10,12,6.165394950628415e-32
10,13,2.560025076044258e-30
10,14,8.345078455971244e-30
10,15,6.334881826839e-30
10,16,7.789048458718576e-16
10,17,2.4843562515658646e-30
10,18,4.404133611445762e-30
10,19,0.0
10,20,3.510991357346177e-30
10,21,5.8607612250002095e-30
10,22,1.823061254964616e-30
10,23,1.5131308523576781e-30
10,24,3.246754661128137e-30
10,25,3.18606112015948e-30
10,26,6.138828201920445e-30
10,27,1.9827387724285092e-30
10,28,2.766531890231535e-30
10,29,8.070595151202869e-30
10,30,5.181425258235087e-30
10,31,5.324795341187826e-30
10,32,5.7406556299121866e-30
10,33,1.3398896188269502e-30
10,34,1.2948766711706044e-15
10,35,6.191468297303306e-30
10,36,1.116945862315399e-30
10,37,2.74410250113967e-30
10,38,5.061491920770876e-30
10,39,2.675807447260235e-16
10,40,2.750194157764419e-30
10,41,4.062099561877844e-30
10,42,2.8311988056408395e-30
10,43,5.030263296145394e-30
10,44,2.223584206252488e-30
10,45,4.23426265009311e-30
10,46,5.6044727715009064e-30
10,47,5.8775037596466354e-30
10,48,3.352027888853173e-30
10,49,5.341152734464199e-16
10,50,1.1522046709866603e-30
10,51,3.1397299294244675e-30
10,52,6.419151945045072e-30
10,53,4.1237816994082766e-30
10,54,8.161444640287764e-30
10,55,5.9173756740255714e-30
10,56,9.771884589103353e-31
10,57,4.912328643320987e-30
10,58,1.615354443512864e-30
10,59,4.235444141486764e-30
10,60,7.666584769504344e-30
10,61,4.571383117046383e-16
10,62,2.178127942353613e-30
10,63,3.1438353988798882e-30
10,64,5.904160678640659e-30
10,65,3.409525565277394e-30
10,66,7.703845792907521e-31
10,67,2.949029909160634e-17
10,68,9.507976453317994e-30
10,69,6.606336210782181e-30
10,70,1.666880418924536e-30
10,71,2.456693881730123e-30
10,72,1.6702042554645002e-30
10,73,1.513519538711987e-30
10,74,1.3237802239955602e-30
10,75,3.225817002266612e-30
10,76,3.160248320485332e-30
10,77,2.0751327952755418e-30
10,78,9.553326590176683e-30
10,79,4.365440508637241e-30
10,80,2.6362812009986608e-30
10,81,3.6765692939885136e-30
10,82,4.608806665327969e-30
10,83,3.672547052250523e-30
10,84,2.877366172831289e-30
10,85,3.477644458790615e-30
10,86,2.4083985171416793e-30
10,87,6.371602924252683e-30
10,88,4.526398512021944e-16
10,89,4.1352511351190755e-30
10,90,1.2724923146527994e-30
10,91,3.790287620752999e-30
10,92,7.362110381511404e-30
10,93,2.185665244539305e-30
10,94,3.499257155146658e-30
10,95,4.860084675818057e-31
10,96,1.5528156376113083e-30
10,97,6.355124754468692e-30
10,98,2.6528465033436672e-30
10,99,6.171423527556109e-16
10,100,8.878414904736786e-31
10,101,2.0384359404463875e-30
10,102,6.395135861745458e-30
10,103,6.222790286246059e-31
10,104,4.013803161310561e-30
10,105,2.5071440740917056e-30
10,106,4.881722443816375e-30
10,107,2.931839046671783e-30
10,108,2.8286956225278828e-30
10,109,5.191301064366235e-30
10,110,5.02096902178401e-30
10,111,3.09501737193603e-30
10,112,2.925773062572404e-30
10,113,7.17993709157875e-31
10,114,3.517620091098833e-30
10,115,3.233556201017768e-15
10,116,2.2003834041246045e-30
10,117,4.366433299911946e-30
10,118,4.476087292807576e-30
10,119,4.9907833319892124e-30
10,120,1.4923769006819287e-30
10,121,2.3300044432764452e-30
10,122,2.0646349116360947e-30
10,123,1.4020840451861182e-30
10,124,2.203312259332627e-30
10,125,5.101145089624343e-30
10,126,7.699695913787188e-30
10,127,4.736238846898646e-31
10,128,6.1727288273040144e-30
10,129,2.0788540372194593e-30
10,130,4.259459795365081e-30
10,131,9.652554710546588e-30
10,132,2.621412894349337e-30
10,133,3.3744682087372125e-30
10,134,2.371499241575807e-30
10,135,2.5561347234172577e-30
10,136,2.641067453580399e-30
10,137,1.632030681859269e-30
10,138,5.533884019461268e-30
10,139,4.335936514538439e-30
10,140,4.74794145480659e-30
10,141,5.928899456720387e-30
10,142,5.7652883976148974e-30
10,143,2.6641170536368825e-30
10,144,1.3714947915572005e-30
10,145,2.9568514162512305e-30
10,146,6.166211214937142e-32
10,147,1.1125250969380255e-16
10,148,2.5194733967376262e-30
10,149,2.048315796917834e-30
11,12,7.440327242904924e-32
11,13,1.2614642144499843e-30
11,14,1.1854972342981191e-30
11,15,7.2365793732171115e-31
11,16,1.7699993484307694e-30
11,17,4.594015738585579e-31
11,18,1.0695656874637588e-30
11,19,0.0
11,20,4.781532904134897e-31
11,21,1.1919402596478623e-30
11,22,7.65903633051676e-31
11,23,3.530871164389098e-31
11,24,1.3147893053436982e-30
11,25,1.087323227186673e-30
11,26,1.5970535406001433e-30
11,27,4.333700134637788e-31
11,28,2.9413805969641416e-31
11,29,1.582765050918644e-30
11,30,9.147616386860232e-31
11,31,7.5567789077682415e-31
11,32,9.455453542302033e-31
11,33,5.878411276164504e-31
11,34,8.377249173247734e-30
11,35,1.1950930287201854e-30
11,36,2.447149004571605e-31
11,37,8.846497562323012e-31
11,38,6.4237725592082315e-31
11,39,1.5438448639967695e-30
11,40,7.062698693989877e-31
11,41,7.260469912292527e-31
11,42,1.2250034615262606e-30
11,43,6.484943718667835e-31
11,44,1.6889429372228083e-30
11,45,8.002857213388395e-31
11,46,1.715048653320052e-30
11,47,1.5449202535977865e-30
11,48,1.1805039154999431e-30
11,49,9.767272692986702e-31
11,50,5.763193379163859e-31
11,51,1.020586769675585e-30
11,52,1.2601645249149125e-30
11,53,1.01802657684082e-30
11,54,1.0403799649177451e-30
11,55,7.922289614789338e-31
11,56,4.005805272651978e-31
11,57,9.305011320541645e-31
11,58,8.361013863762965e-31
11,59,7.125708105623766e-31
11,60,1.4191145125985834e-30
11,61,8.613346028102038e-31
11,62,5.585161562840204e-31
11,63,1.7766200763781547e-30
11,64,9.183401913777466e-31
11,65,5.889490355076528e-31
11,66,1.854717643260666e-31
11,67,1.811547206497872e-30
11,68,1.1555156060362596e-30
11,69,7.381825708258777e-31
11,70,1.1316604592044226e-30
11,71,5.214543506797698e-31
11,72,5.594752046180183e-31
11,73,6.736148920574035e-31
11,74,6.742601482663354e-31
11,75,1.0208791607277385e-30
11,76,1.4338740206306902e-30
11,77,6.294399447626827e-31
11,78,1.6555660257030742e-30
11,79,8.68919976455362e-31
11,80,5.472245740689999e-31
11,81,5.498390580503513e-31
11,82,8.871544760970994e-31
11,83,1.0810858304411615e-30
11,84,2.077552882372899e-30
11,85,4.309625134121954e-31
11,86,3.9370580427272062e-31
11,87,6.220404845914067e-31
11,88,2.7755575615628894e-16
11,89,1.1871634810526004e-30
11,90,1.4780691893140425e-30
11,91,1.3435235809590011e-30
11,92,8.188103460780573e-31
11,93,1.1814248230384218e-30
11,94,3.9928994628433655e-31
11,95,2.6520203547075696e-31
11,96,8.569092900747095e-31
11,97,7.350065547342521e-31
11,98,8.359495631543487e-31
11,99,7.447602459741821e-16
11,100,1.3630935233651323e-31
11,101,7.0877407887649955e-31
11,102,2.204672706126009e-30
11,103,7.450399222545186e-31
11,104,1.2060198623637775e-30
11,105,5.777610571559427e-31
11,106,3.033762654568926e-30
11,107,7.111852968268596e-31
11,108,3.967963306104011e-31
11,109,1.3769831144331554e-30
11,110,5.031158337641464e-31
11,111,7.099739873084629e-31
11,112,5.21436682046089e-31
11,113,8.628166150854818e-32
11,114,1.7239638179587203e-30
11,115,3.885780586188049e-16
11,116,5.830060539038476e-31
11,117,2.8616410562064465e-31
11,118,1.2399313404554694e-30
11,119,7.539057222044081e-31
11,120,1.0828938215728978e-30
11,121,8.312270268262109e-31
11,122,9.811594030664621e-31
11,123,5.065081241166058e-31
11,124,9.58502266538639e-31
11,125,9.57074147645681e-31
11,126,9.357238399035134e-31
11,127,1.3316693984812822e-31
11,128,1.0313903348914701e-30
11,129,3.6574086499680997e-31
11,130,1.1612844278725187e-30
11,131,1.414508848413426e-30
11,132,8.970323196466085e-31
11,133,2.3658920802078556e-31
11,134,8.873479758644829e-31
11,135,9.18825763750102e-31
11,136,8.20088574322953e-31
11,137,3.973657895892529e-31
11,138,1.1246036296423158e-30
11,139,8.313846358185344e-31
11,140,8.27822683404582e-31
11,141,1.7050165348852218e-30
11,142,5.985330774220728e-31
11,143,4.841629063149896e-31
11,144,9.760851594265708e-31
11,145,1.1979908699294462e-30
11,146,7.441312301221912e-32
11,147,6.305668909506365e-31
11,148,8.395981142582082e-31
11,149,3.6125773253508533e-31
12,13,1.579416028265021e-31
12,14,3.301499664523294e-32
12,15,1.4086700284069188e-31
12,16,3.6000045555148373e-31
12,17,3.564651311042004e-32
12,18,1.3640599945325693e-31
12,19,0.0
12,20,3.9996565054766715e-32
12,21,1.0225751703885875e-31
12,22,1.0469689336018668e-31
12,23,3.6471098184997e-32
12,24,1.484172205405451e-31
12,25,1.2329036084976593e-31
12,26,1.4187654703150748e-31
12,27,2.772846248329833e-32
12,28,4.866325416161629e-32
12,29,1.5904947721057208e-31
12,30,5.573351982441303e-32
12,31,8.349472940446104e-32
12,32,6.221646179947179e-32
12,33,9.557273389649201e-32
12,34,1.0980620743382856e-30
12,35,1.6246607583073512e-31
12,36,2.468699523392712e-32
12,37,9.427932098068708e-32
12,38,2.2011513885480287e-32
12,39,1.1796823357814197e-31
12,40,7.605450217863767e-32
12,41,5.642333327141188e-32
12,42,1.24034635492239e-31
12,43,8.181364969313552e-32
12,44,2.1541549291712394e-31
12,45,8.820963911432448e-32
12,46,2.0968425138960026e-31
12,47,1.409185895933573e-31
12,48,1.465156795175992e-31
12,49,1.3691410958267058e-31
12,50,7.925685175988491e-32
12,51,1.43336053869227e-31
12,52,1.3652935464441388e-31
12,53,1.3556496068827978e-31
12,54,3.572562481751094e-32
12,55,5.226281911235265e-32
12,56,5.209705116278197e-32
12,57,1.3272240950282142e-31
12,58,1.1091384993319332e-31
12,59,1.2268082119991864e-31
12,60,1.3044171376231014e-31
12,61,7.2942196369994e-32
12,62,4.3068470618847564e-32
12,63,2.598297589200361e-31
12,64,6.150470508752481e-32
12,65,4.6398592314051005e-32
12,66,2.2611876858684444e-32
12,67,1.5903625830638583e-31
12,68,6.460270592827132e-32
12,69,1.1659356873562128e-31
12,70,1.7571648318176633e-31
12,71,3.931188038865912e-32
12,72,7.098419545173498e-32
12,73,7.812755907691785e-32
12,74,9.516017374810294e-32
12,75,1.4395285443780715e-31
12,76,2.0074430190127622e-31
12,77,9.49269647854584e-32
12,78,2.8936019885963305e-31
12,79,1.0653829552226475e-31
12,80,4.866325416161628e-32
12,81,7.432896121933772e-32
12,82,9.602419004091913e-32
12,83,1.1225961440175592e-31
12,84,2.579287361197205e-31
12,85,1.5928788982748678e-32
12,86,5.090269068317993e-32
12,87,5.972893612840301e-32
12,88,1.6639388034742582e-31
12,89,1.3505355379519289e-31
12,90,2.0183145475006706e-31
12,91,1.4782807670278058e-31
12,92,2.3446542530972318e-32
12,93,1.739246258512863e-31
12,94,1.9995278654662335e-32
12,95,3.720163621452462e-32
12,96,1.1642252915997877e-31
12,97,1.3091241159767266e-31
12,98,8.861744640330108e-32
12,99,9.990231464587131e-17
12,100,5.5456924966596676e-33
12,101,1.003543454630939e-31
12,102,2.4589866463091746e-31
12,103,1.025578334477065e-31
12,104,1.1819612881886278e-31
12,105,8.959340419260455e-32
12,106,3.6192017338550345e-31
12,107,1.2487047517578449e-31
12,108,3.527214108222851e-32
12,109,1.3668413367821062e-31
12,110,3.999055730932468e-32
12,111,7.362415910146728e-32
12,112,6.28647725429329e-32
12,113,0.0
12,114,1.950670703920947e-31
12,115,7.052064934543471e-32
12,116,9.683957109987718e-32
12,117,7.906259447817826e-32
12,118,1.3804486318360144e-31
12,119,9.362206471361115e-32
12,120,1.3973587341879477e-31
12,121,9.586391587947485e-32
12,122,1.2236902250728104e-31
12,123,5.655518851370546e-32
12,124,1.1091384993319332e-31
12,125,9.186034104972791e-32
12,126,6.706620345131329e-32
12,127,2.2182769986638673e-32
12,128,6.878727711957237e-32
12,129,3.99372224670683e-32
12,130,1.0270766235658866e-31
12,131,6.891530590549757e-32
12,132,9.765833161557537e-32
12,133,5.545692496659667e-32
12,134,1.175192955824277e-31
12,135,9.517973981031954e-32
12,136,9.882636804137753e-32
12,137,3.7201636214524614e-32
12,138,1.8558862436390316e-31
12,139,7.574744023047469e-32
12,140,6.304796313779948e-32
12,141,2.0429051762203066e-31
12,142,1.2427448655800811e-31
12,143,2.286547593092313e-32
12,144,1.3354356860963326e-31
12,145,1.286612611093013e-31
12,146,9.981793831147043e-33
12,147,9.794802795059143e-32
12,148,1.1146703964882607e-31
12,149,6.206469878083107e-32
13,14,2.201448882086661e-30
13,15,2.321434138796379e-30
13,16,6.697161665278737e-16
13,17,7.827441672143313e-31
13,18,2.116386466089817e-30
13,19,0.0
13,20,8.927920700523462e-31
13,21,2.1462188333581454e-30
13,22,1.6298958383529836e-30
13,23,1.1537650106380371e-30
13,24,2.4388805894466695e-30
13,25,2.3160049969374635e-30
13,26,2.695347886477366e-30
13,27,6.4533621994235025e-31
13,28,9.0502726230464e-31
13,29,2.8518647621443538e-30
13,30,1.457757841233892e-30
13,31,1.3885846208358197e-30
13,32,1.6455170509005892e-30
13,33,1.4789580564703612e-30
13,34,1.9747584956491942e-29
13,35,2.5352636092389415e-30
13,36,4.544635812467825e-31
13,37,1.9002864818218665e-30
13,38,1.1093171332629998e-30
13,39,1.2979562386800915e-15
13,40,1.3337464238507734e-30
13,41,1.3440255070007201e-30
13,42,2.1816995004241634e-30
13,43,1.4037479563598007e-30
13,44,3.392827073081524e-30
13,45,1.5079083391037419e-30
13,46,3.4081271412465265e-30
13,47,2.5633288917893518e-30
13,48,2.3553012027630974e-30
13,49,6.097176697299202e-16
13,50,1.2540214395289498e-30
13,51,2.1974920149854986e-30
13,52,2.277052489234782e-30
13,53,2.102786219941998e-30
13,54,1.8833265354756433e-30
13,55,1.2182613547933384e-30
13,56,8.347950730706872e-31
13,57,2.1482304071999536e-30
13,58,1.7439021103761484e-30
13,59,1.962911399790157e-30
13,60,2.306883985985474e-30
13,61,2.658944764964782e-16
13,62,8.715489149023612e-31
13,63,3.999988116296911e-30
13,64,1.5481938634970348e-30
13,65,8.921722706650243e-31
13,66,3.55302760076259e-31
13,67,4.16333690703293e-16
13,68,2.4632413904444996e-30
13,69,3.52457438471137e-16
13,70,2.6502533794059156e-30
13,71,9.206069355777063e-31
13,72,1.1797247132784776e-30
13,73,1.250132746421576e-30
13,74,1.41807062910947e-30
13,75,2.269329392496559e-30
13,76,3.130959119124442e-30
13,77,1.483416124906309e-30
13,78,4.686273665088673e-30
13,79,1.691373664507537e-30
13,80,1.0290007433040768e-30
13,81,2.0579456546875396e-30
13,82,1.7503082739114814e-30
13,83,1.907493813536526e-30
13,84,4.1968903012517815e-30
13,85,7.844734025661282e-31
13,86,1.0071671935400225e-30
13,87,1.5513265189677791e-30
13,88,4.627259032810366e-16
13,89,2.1815699515653833e-30
13,90,3.2980792466845694e-30
13,91,2.496970408208537e-30
13,92,1.7179387575075383e-30
13,93,2.7571486425044642e-30
13,94,3.750095925057912e-16
13,95,5.819405384962972e-31
13,96,1.8303043182593057e-30
13,97,2.1734497184536605e-30
13,98,1.682078112179691e-30
13,99,1.5809603950255357e-15
13,100,2.3678288797524753e-31
13,101,1.607018277196002e-30
13,102,4.087019503682338e-30
13,103,1.6267082720108513e-30
13,104,2.1832171675331606e-30
13,105,1.385340601340172e-30
13,106,5.943742005791639e-30
13,107,1.937101239368076e-30
13,108,8.086745941705908e-31
13,109,2.4134384352153353e-30
13,110,1.3058008785603688e-30
13,111,1.3027239470154982e-30
13,112,1.2518403416680972e-30
13,113,1.7368428766676227e-31
13,114,3.2688371940478605e-30
13,115,7.82204493216141e-16
13,116,3.2191189470235587e-16
13,117,1.4769151214733843e-30
13,118,2.289303493291957e-30
13,119,1.4546263313872552e-30
13,120,2.265886614032665e-30
13,121,1.5718019302926534e-30
13,122,2.0034652756600596e-30
13,123,9.231200717826882e-31
13,124,1.7827430123318595e-30
13,125,1.7938172180012784e-30
13,126,1.8141932199822197e-30
13,127,3.431814187073678e-31
13,128,1.7538296012129765e-30
13,129,6.354859306660179e-31
13,130,1.8243364077093072e-30
13,131,2.4962147781245857e-30
13,132,1.713789533091051e-30
13,133,1.0898812640019687e-30
13,134,1.8577389806068356e-30
13,135,1.654904932947443e-30
13,136,1.5564231049152006e-30
13,137,6.768750754744785e-31
13,138,2.9289071908503163e-30
13,139,1.4207268183097786e-30
13,140,1.676344491198098e-30
13,141,3.257061832798279e-30
13,142,2.144375293568941e-30
13,143,7.773771796122063e-31
13,144,2.096728158531057e-30
13,145,2.217936894113031e-30
13,146,1.5796251342416577e-31
13,147,3.966869215165287e-16
13,148,1.7513405469374456e-30
13,149,9.62977543065387e-31
14,15,4.950463768007948e-30
14,16,2.7656193191040846e-16
14,17,2.008021740826634e-30
14,18,3.464931789456317e-30
14,19,0.0
14,20,2.7924029334231973e-30
14,21,4.755600019399132e-30
14,22,1.401757028338059e-30
14,23,1.1227360471206894e-30
14,24,2.605786082859765e-30
14,25,2.7496288432918968e-30
14,26,4.88962502847298e-30
14,27,1.5463755118060581e-30
14,28,2.072826439347641e-30
14,29,6.633399389711075e-30
14,30,4.094592933817167e-30
14,31,4.151021057899392e-30
14,32,4.5922680423701585e-30
14,33,9.508517029969432e-31
14,34,5.178843222973503e-16
14,35,4.840816504840119e-30
14,36,8.875575035422713e-31
14,37,2.3419600438529297e-30
14,38,3.847651025763353e-30
14,39,5.653199161066602e-30
14,40,2.2278115008166617e-30
14,41,3.282354103555828e-30
14,42,2.1766087393378574e-30
14,43,3.9468466633109424e-30
14,44,1.6459800409282877e-30
14,45,3.41038966909123e-30
14,46,4.616681812147122e-30
14,47,4.613296916134317e-30
14,48,2.6661989530429694e-30
14,49,1.2805036976833579e-30
14,50,9.404078947972772e-31
14,51,2.4858096428290042e-30
14,52,5.0551915681609654e-30
14,53,3.0205488157328982e-30
14,54,6.33839057127338e-30
14,55,4.302190872985426e-30
14,56,7.72773033252307e-31
14,57,3.847058161224971e-30
14,58,1.2835782368006445e-30
14,59,3.272691085539493e-30
14,60,6.116342329809768e-30
14,61,2.221817818891995e-16
14,62,1.7361067376869136e-30
14,63,2.401300716114482e-30
14,64,4.693097870922475e-30
14,65,2.598932685777635e-30
14,66,6.017215132932884e-31
14,67,5.828950646756087e-30
14,68,7.36275085586711e-30
14,69,4.981990482520494e-30
14,70,1.1478224238029174e-30
14,71,1.983760244883378e-30
14,72,1.3210276248605937e-30
14,73,1.2153813895289688e-30
14,74,8.88319788533371e-31
14,75,2.4078225901872654e-30
14,76,2.4640295361108284e-30
14,77,1.693661732306322e-30
14,78,7.210630549374135e-30
14,79,3.458392373490585e-30
14,80,2.174072097655803e-30
14,81,2.8899760590858863e-30
14,82,3.643013446102658e-30
14,83,2.852260245947231e-30
14,84,2.2497167250548006e-30
14,85,2.5640593547524822e-30
14,86,1.728480561030186e-30
14,87,5.030538727924241e-30
14,88,4.250886696115687e-16
14,89,3.366199420985629e-30
14,90,1.0163872164062544e-30
14,91,3.02397889740445e-30
14,92,5.719280912766922e-30
14,93,1.624067595991792e-30
14,94,2.8004085012793788e-30
14,95,3.8195317031597813e-31
14,96,1.1902368404003671e-30
14,97,4.9716781482302966e-30
14,98,2.2097332728067256e-30
14,99,3.304727899675112e-16
14,100,7.068944311456162e-31
14,101,1.5781105513412424e-30
14,102,5.168994402219228e-30
14,103,4.942719232056883e-31
14,104,3.2857361441612484e-30
14,105,1.947658926376809e-30
14,106,3.916727397416347e-30
14,107,2.239487078385518e-30
14,108,2.2368216506334376e-30
14,109,4.172634984405085e-30
14,110,4.0441754089118e-30
14,111,2.44425142647598e-30
14,112,2.3712560813795163e-30
14,113,5.689331360691342e-31
14,114,2.914097229417566e-30
14,115,2.5622470595996818e-15
14,116,1.6057694938813628e-30
14,117,3.389077294768883e-30
14,118,3.623170028509562e-30
14,119,3.892905575964061e-30
14,120,9.937391316333271e-31
14,121,1.7974691999094523e-30
14,122,1.6818863871999274e-30
14,123,1.0559298222988496e-30
14,124,1.7436965025512854e-30
14,125,4.153345527901269e-30
14,126,6.056943529666534e-30
14,127,3.5860328490255283e-31
14,128,4.9563657368854814e-30
14,129,1.6549232381347877e-30
14,130,3.170560924378831e-30
14,131,7.659367966281265e-30
14,132,2.0003855930669e-30
14,133,2.703247921334368e-30
14,134,1.871698373374155e-30
14,135,2.0761168536804996e-30
14,136,2.01193577740812e-30
14,137,1.3054443553965505e-30
14,138,4.30630626435694e-30
14,139,3.40531480326598e-30
14,140,3.660721626575129e-30
14,141,4.82158436313183e-30
14,142,4.5843565856118786e-30
14,143,2.1095409270742087e-30
14,144,1.1689514106347123e-30
14,145,2.406959052456039e-30
14,146,3.301936764881504e-32
14,147,1.0537975458684217e-30
14,148,1.9681808601636224e-30
14,149,1.6053238029058777e-30
15,16,5.363214022018666e-16
15,17,1.4311515341514192e-30
15,18,3.410167059298381e-30
15,19,0.0
15,20,2.5185750119940286e-30
15,21,3.14338420231206e-30
15,22,1.9453654168803137e-30
15,23,9.314832416468337e-31
15,24,1.7549148848238607e-30
15,25,1.8747434740405668e-30
15,26,2.8078364461978714e-30
15,27,1.1438799198324599e-30
15,28,2.3174291702521194e-30
15,29,5.3221334031330494e-30
15,30,2.877448369313304e-30
15,31,3.5358641136627074e-30
15,32,3.5176450600991756e-30
15,33,2.044829228861626e-30
15,34,4.576549779001072e-16
15,35,4.886688347667583e-30
15,36,6.520575395396526e-31
15,37,1.5667943524168476e-30
15,38,3.2132290082801845e-30
15,39,5.312220675963475e-16
15,40,1.783187933121366e-30
15,41,2.3669382360050294e-30
15,42,1.551742047369943e-30
15,43,3.568951991901592e-30
15,44,3.1261758462191868e-30
15,45,2.9571219277920234e-30
15,46,4.0465534581092324e-30
15,47,2.762486183011463e-30
15,48,2.637199703801188e-30
15,49,4.695944831791987e-16
15,50,1.3437117443838292e-30
15,51,3.2882330250842994e-30
15,52,4.15969516456074e-30
15,53,3.142523687802965e-30
15,54,5.007092780856568e-30
15,55,3.2156623699461196e-30
15,56,9.161280296931739e-31
15,57,3.926557650765692e-30
15,58,1.8702774291246205e-30
15,59,3.845795621741128e-30
15,60,4.715197061907693e-30
15,61,1.6533798604867669e-15
15,62,1.0749135281885752e-30
15,63,4.791716295658335e-30
15,64,3.581250687593107e-30
15,65,1.8393013388800877e-30
15,66,5.545660648866839e-31
15,67,4.5780926836177115e-16
15,68,6.383852432979975e-30
15,69,2.3110941095143205e-16
15,70,3.531912667309559e-30
15,71,1.4308039389276904e-30
15,72,1.3582742889111397e-30
15,73,1.9544605190928585e-30
15,74,1.7811375468097953e-30
15,75,3.0348581933393926e-30
15,76,3.670313380947086e-30
15,77,2.2767054214493673e-30
15,78,8.581550529160954e-30
15,79,3.1789689758057934e-30
15,80,1.5051004082888075e-30
15,81,2.776880682869885e-30
15,82,3.067146342078605e-30
15,83,1.9050256540275567e-30
15,84,3.1026941020439958e-30
15,85,1.7982284877449414e-30
15,86,1.6692154220074944e-30
15,87,4.4820000813802155e-30
15,88,6.161694076562141e-16
15,89,2.8013880259227422e-30
15,90,2.7506411915498124e-30
15,91,1.91694646102349e-30
15,92,5.283832045860505e-30
15,93,3.1819783520396444e-30
15,94,8.4626253622963e-16
15,95,6.561045434197225e-31
15,96,1.9132697215229694e-30
15,97,5.27731089237023e-30
15,98,1.8174857838834322e-30
15,99,1.410047438240344e-15
15,100,5.113449556972539e-31
15,101,2.0684512029090774e-30
15,102,3.846043189581448e-30
15,103,1.6387302115722403e-30
15,104,1.8424617534466886e-30
15,105,2.373964540236434e-30
15,106,4.1526578294153165e-30
15,107,3.291022206917558e-30
15,108,2.0289480248726835e-30
15,109,2.7808566623687126e-30
15,110,3.581577967689771e-30
15,111,1.9425528327278385e-30
15,112,2.147292580060407e-30
15,113,4.527428333434378e-31
15,114,2.0133288430459645e-30
15,115,2.0389724555401706e-15
15,116,2.3553268369593802e-30
15,117,3.768698081473059e-30
15,118,2.958870463260131e-30
15,119,3.626074274716081e-30
15,120,1.921601314713825e-30
15,121,1.4732898111361556e-30
15,122,1.7702422830906067e-30
15,123,8.6097865716227e-31
15,124,1.2691799063506737e-30
15,125,3.265479875420049e-30
15,126,5.1001037088605854e-30
15,127,5.459642398114821e-31
15,128,3.55163602923418e-30
15,129,1.4756915065628267e-30
15,130,2.4378071251119553e-30
15,131,5.7006789741872985e-30
15,132,1.6158963001331426e-30
15,133,2.8160343246403997e-30
15,134,2.2133452432967266e-30
15,135,1.4537252205799127e-30
15,136,1.9765266274350728e-30
15,137,8.709485620001362e-31
15,138,5.239162083240334e-30
15,139,2.70971800181432e-30
15,140,2.8303739905088167e-30
15,141,4.405021593824088e-30
15,142,5.092568956597412e-30
15,143,1.4165391775578553e-30
15,144,2.1660086437665273e-30
15,145,1.612759273661903e-30
15,146,1.408856528554301e-31
15,147,3.132701194315894e-16
15,148,2.2214751304142082e-30
15,149,1.942691644269812e-30
16,17,3.780901349177783e-16
16,18,6.571923821005459e-16
16,19,0.0
16,20,2.9901721968505185e-16
16,21,7.300596728861413e-30
16,22,4.0275482562722346e-16
16,23,4.35101881538765e-16
16,24,6.213095406557864e-16
16,25,7.406111315403532e-16
16,26,1.846319582728107e-16
16,27,1.5700924586837927e-16
16,28,2.48253415324728e-16
16,29,6.046663849268951e-16
16,30,2.7894008272968685e-16
16,31,6.900907905498629e-16
16,32,6.999609225566424e-16
16,33,5.471193404576408e-30
16,34,7.06746225755926e-15
16,35,3.0664887010178837e-16
16,36,1.1443916996305537e-16
16,37,6.068260091384023e-16
16,38,3.34221388864413e-16
16,39,1.1375730940597682e-15
16,40,3.079024220633245e-16
16,41,2.9630053243378273e-16
16,42,4.1633363423443257e-16
16,43,4.3227693999815604e-16
16,44,3.7700614039532205e-16
16,45,4.710788446131093e-16
16,46,5.664131156218547e-16
16,47,5.67464084063075e-16
16,48,5.09713595559151e-16
16,49,1.1739041798450474e-15
16,50,3.780316828207192e-30
16,51,4.642840822444195e-16
16,52,1.675513002187138e-16
16,53,7.416505862715888e-16
16,54,5.007555079669235e-16
16,55,1.1763420697408627e-15
16,56,1.266229315212045e-16
16,57,1.0102467385738876e-15
16,58,4.520644332496796e-30
16,59,4.0378460452886588e-16
16,60,2.77555756156288e-16
16,61,2.624357259954394e-16
16,62,3.4219372226485936e-16
16,63,5.266707322800215e-16
16,64,8.453490798927835e-30
16,65,4.2998752849492307e-16
16,66,1.5959455978986603e-16
16,67,1.1933901520002973e-15
16,68,2.7755575615629614e-16
16,69,6.569633936051307e-16
16,70,8.047322186915436e-16
16,71,3.402181501003047e-16
16,72,6.702590795003289e-16
16,73,3.6602254268888605e-16
16,74,5.045868990055064e-16
16,75,7.117864469033988e-16
16,76,3.554447978966705e-16
16,77,2.989568304650718e-16
16,78,1.0228221476831231e-15
16,79,3.3313917969118504e-16
16,80,2.543840524313803e-16
16,81,6.158072874815506e-16
16,82,4.679511028695507e-16
16,83,4.2638924323926507e-16
16,84,7.889922092610058e-16
16,85,1.216505068227047e-15
16,86,7.711860470360968e-16
16,87,1.0870704617246185e-29
16,88,2.6159485674203926e-15
16,89,4.200180744990313e-16
16,90,5.133521315515033e-16
16,91,5.509761405760118e-16
16,92,5.703416235967753e-16
16,93,6.678032013138414e-16
16,94,5.1000818868186825e-30
16,95,1.7157804680709596e-30
16,96,1.1188630228279487e-16
16,97,1.1796438515323973e-16
16,98,7.069423850800858e-16
16,99,4.141639429359303e-15
16,100,1.1780454514920692e-30
16,101,2.498001805406577e-16
16,102,4.229880516439863e-16
16,103,1.1102230246251372e-16
16,104,4.2007538746572745e-16
16,105,6.1205904633461994e-30
16,106,9.074842391027965e-16
16,107,1.1527756336890375e-16
16,108,4.554367738890941e-16
16,109,6.776354823874899e-16
16,110,7.551092545234989e-30
16,111,4.509747244882925e-16
16,112,4.484050470211367e-16
16,113,1.0753247675529859e-30
16,114,4.2520988273652997e-16
16,115,4.842832222453896e-15
16,116,2.7511642410880675e-16
16,117,9.490856397422046e-30
16,118,7.481144577128109e-16
16,119,9.68215034701421e-30
16,120,8.45757310150559e-16
16,121,5.865315305387846e-16
16,122,3.6082248300317523e-16
16,123,3.249755241061175e-30
16,124,4.19100001107274e-16
16,125,5.400425713691394e-16
16,126,5.558049685633553e-16
16,127,1.4187241991702805e-30
16,128,5.476013991409188e-16
16,129,2.52198103547911e-16
16,130,2.543840524313789e-16
16,131,6.633179726627455e-16
16,132,5.574592663047524e-16
16,133,5.923517081354617e-30
16,134,7.024399869016116e-16
16,135,3.7367087251761463e-16
16,136,4.2258946282805834e-16
16,137,2.0952286809783218e-30
16,138,5.404547623905517e-16
16,139,5.446037196307361e-16
16,140,4.003651963758666e-16
16,141,4.0460356557118786e-16
16,142,2.2761264355043444e-16
16,143,3.378845832255741e-30
16,144,5.353301558149154e-16
16,145,4.630379585508178e-16
16,146,3.6004811762753005e-31
16,147,3.5975337699988483e-16
16,148,6.09867823655413e-30
16,149,1.5700924586837951e-16
17,18,1.0221839627071876e-30
17,19,0.0
17,20,8.631221982660858e-31
17,21,1.4852000032614347e-30
17,22,4.808262076456622e-31
17,23,3.489809015865795e-31
17,24,9.642126002761573e-31
17,25,9.117041309260018e-31
17,26,1.585860694558225e-30
17,27,5.814733580242048e-31
17,28,7.541374238746844e-31
17,29,2.0182685700543567e-30
17,30,1.2631408323561155e-30
17,31,1.2755238335572543e-30
17,32,1.3918713021945097e-30
17,33,3.601277706935775e-31
17,34,4.381729569565914e-30
17,35,1.3728624040614612e-30
17,36,2.7396577179570653e-31
17,37,8.221088776335463e-31
17,38,1.1951035395689623e-30
17,39,1.8370126612786208e-30
17,40,6.886727209781255e-31
17,41,1.0284230672476726e-30
17,42,1.0115011594421175e-30
17,43,1.1448233924358838e-30
17,44,8.003043554969677e-31
17,45,1.0916646071814028e-30
17,46,1.4336049549667383e-30
17,47,1.4627903540539929e-30
17,48,8.648624394998141e-31
17,49,5.2706778530561755e-31
17,50,3.6483407003855933e-31
17,51,7.449675822895515e-31
17,52,1.5439044494459325e-30
17,53,9.309749010037727e-31
17,54,1.8732605669782016e-30
17,55,1.2974694923022495e-30
17,56,2.611704450215817e-31
17,57,1.1176117887354868e-30
17,58,4.349186698831477e-31
17,59,9.816458707352088e-31
17,60,1.852189099779414e-30
17,61,6.663157608384573e-16
17,62,6.957108182428967e-31
17,63,9.777939145364577e-31
17,64,1.4159264151180169e-30
17,65,8.084131568130746e-31
17,66,1.825251136584027e-31
17,67,1.959978326917309e-30
17,68,2.386312826459846e-30
17,69,1.4248346606519083e-30
17,70,7.786515393217789e-31
17,71,6.651890336923723e-31
17,72,6.191981810722261e-31
17,73,8.722631020494567e-31
17,74,3.7191595681148753e-31
17,75,7.005472216962403e-31
17,76,8.789658441560362e-31
17,77,6.666350672824913e-31
17,78,2.1435012650882228e-30
17,79,1.0047806654061399e-30
17,80,6.721408988819949e-31
17,81,8.482854048686402e-31
17,82,1.0947768893736678e-30
17,83,9.195888206672735e-31
17,84,1.138028186613969e-30
17,85,7.956788731135407e-31
17,86,6.314623720615017e-31
17,87,1.470449548054073e-30
17,88,6.065482401479468e-16
17,89,1.1427818547478153e-30
17,90,1.1451620456593727e-30
17,91,1.052687643874452e-30
17,92,1.6519593510544808e-30
17,93,8.705554533058373e-31
17,94,8.219306791020035e-31
17,95,1.2853198035452278e-31
17,96,4.267464196059627e-31
17,97,1.4328975893000737e-30
17,98,7.339665454548942e-31
17,99,3.568136858167707e-16
17,100,2.145041483952797e-31
17,101,5.771266134244171e-31
17,102,1.745352271699852e-30
17,103,3.2038767658869042e-31
17,104,1.0823247847024354e-30
17,105,5.642726752155494e-31
17,106,1.7205324239613086e-30
17,107,6.164870351430697e-31
17,108,6.70246712447002e-31
17,109,1.3249796884854835e-30
17,110,1.1585640292046533e-30
17,111,7.57086339098026e-31
17,112,6.975920015920337e-31
17,113,1.6963977531150918e-31
17,114,1.2392916152934692e-30
17,115,7.639896288801277e-16
17,116,4.988848681942097e-31
17,117,9.747087084813025e-31
17,118,1.1267867578006667e-30
17,119,1.1812495134247059e-30
17,120,6.463902418806579e-31
17,121,6.1541438785251825e-31
17,122,6.036929772276082e-31
17,123,4.585623697291376e-31
17,124,6.838278579143827e-31
17,125,1.3555640686448154e-30
17,126,1.798822757307847e-30
17,127,1.0595109452277605e-31
17,128,1.6130779196541407e-30
17,129,5.174342112178584e-31
17,130,1.3139811882417747e-30
17,131,2.304821731108679e-30
17,132,8.892775751183252e-31
17,133,7.4929589755358895e-31
17,134,6.121025387780531e-31
17,135,6.952153342323863e-31
17,136,7.069358127606662e-31
17,137,4.128655805458325e-31
17,138,1.2283009627383323e-30
17,139,1.0122832757259119e-30
17,140,1.1284607932996773e-30
17,141,1.5262642812165622e-30
17,142,1.28480086772311e-30
17,143,6.5954279071945514e-31
17,144,4.744276848170207e-31
17,145,8.926242946972736e-31
17,146,3.56512325122776e-32
17,147,3.4978487063382867e-31
17,148,6.152072238374736e-31
17,149,4.663341493607995e-31
18,19,0.0
18,20,1.5716975400145062e-30
18,21,2.4451573167462828e-30
18,22,1.4911354397019265e-30
18,23,7.414669010092264e-31
18,24,2.1113897975466742e-30
18,25,1.7104807122142575e-30
18,26,2.727960049918845e-30
18,27,8.394347356575943e-31
18,28,1.4513879057957875e-30
18,29,3.43354088366539e-30
18,30,2.131822202506107e-30
18,31,2.29314308957879e-30
18,32,2.439048338128512e-30
18,33,1.478167475341129e-30
18,34,1.4603270582253969e-29
18,35,2.9812127052438295e-30
18,36,4.591476920303503e-31
18,37,1.417263958371748e-30
18,38,2.1662971665823833e-30
18,39,4.3546483233445423e-16
18,40,1.176024551601124e-30
18,41,1.6578749419123757e-30
18,42,1.8206073812992866e-30
18,43,2.302907587291075e-30
18,44,2.9667052337429792e-30
18,45,1.8426433028400054e-30
18,46,2.8454299786318604e-30
18,47,2.6599258748557928e-30
18,48,1.9954440142360802e-30
18,49,5.551115123125769e-17
18,50,1.1006269963761434e-30
18,51,2.2421513615470654e-30
18,52,2.7035876957311356e-30
18,53,2.0375397447909187e-30
18,54,3.4072956996856506e-30
18,55,2.4646311971779473e-30
18,56,7.14743370466923e-31
18,57,2.451865392187703e-30
18,58,1.5409432661556167e-30
18,59,2.4137361764866015e-30
18,60,3.167863651713103e-30
18,61,3.805652793121305e-16
18,62,9.561110423595239e-31
18,63,3.768018240025884e-30
18,64,2.4522151955251986e-30
18,65,1.3939597484243358e-30
18,66,3.4315318301065065e-31
18,67,3.0399702705365432e-30
18,68,4.2649017416196435e-30
18,69,3.1164902421333037e-30
18,70,2.755964615834666e-30
18,71,1.0313974759830295e-30
18,72,9.914275337486557e-31
18,73,1.1319677803971065e-30
18,74,1.43460534911558e-30
18,75,2.1105268787477564e-30
18,76,2.8586955360865528e-30
18,77,1.4998687051704615e-30
18,78,5.5043899188497875e-30
18,79,1.9666341224176926e-30
18,80,1.107446405327062e-30
18,81,1.710336219713367e-30
18,82,1.9454606769055863e-30
18,83,1.6870749438966763e-30
18,84,3.4819337664482336e-30
18,85,1.4397699922650077e-30
18,86,1.1343239721822747e-30
18,87,2.8346088162027218e-30
18,88,5.542543307831851e-16
18,89,1.87695719786137e-30
18,90,2.76857046237745e-30
18,91,2.128659558183191e-30
18,92,3.181592680385027e-30
18,93,2.495922692921207e-30
18,94,1.4882938275729498e-30
18,95,5.248572192786393e-31
18,96,1.6138631192445946e-30
18,97,3.2498489078697954e-30
18,98,1.2650403499136988e-30
18,99,1.3653937842859996e-15
18,100,3.6644638580699544e-31
18,101,1.4660588351255073e-30
18,102,3.4376225042613335e-30
18,103,1.4168816733752824e-30
18,104,1.945645828585694e-30
18,105,1.5262693369837487e-30
18,106,4.9202891365125804e-30
18,107,2.164120532192679e-30
18,108,1.2029318789336955e-30
18,109,2.2662420429366584e-30
18,110,2.2573629296381152e-30
18,111,1.3055598074281152e-30
18,112,1.3101241054007702e-30
18,113,3.029433317681188e-31
18,114,2.7363876318662007e-30
18,115,1.364335476065277e-15
18,116,1.6005682834476313e-30
18,117,2.3200385555300606e-30
18,118,1.9213112291526286e-30
18,119,2.2629372954498104e-30
18,120,1.903444818341438e-30
18,121,1.3287925348170129e-30
18,122,1.6406603397149947e-30
18,123,7.823489049588677e-31
18,124,1.576802043100599e-30
18,125,2.118962877660764e-30
18,126,3.3037322995816094e-30
18,127,3.668861420966441e-31
18,128,2.5689599362507243e-30
18,129,9.169632361296602e-31
18,130,1.914830560661901e-30
18,131,3.992517837066064e-30
18,132,1.3672108492545642e-30
18,133,1.7247243913183363e-30
18,134,1.6535885145669812e-30
18,135,1.3983058535913095e-30
18,136,1.3778588622641419e-30
18,137,6.9207393573023724e-31
18,138,3.33602537291057e-30
18,139,1.8042525630557443e-30
18,140,1.966755722230632e-30
18,141,2.8615555438134698e-30
18,142,3.1310059794189546e-30
18,143,1.1001908372391878e-30
18,144,1.8600685574176267e-30
18,145,1.823375426060255e-30
18,146,1.3642405885573504e-31
18,147,1.5009946336738149e-30
18,148,1.58129544788707e-30
18,149,1.2076108921312958e-30
19,20,0.0
19,21,0.0
19,22,0.0
19,23,0.0
19,24,0.0
19,25,0.0
19,26,0.0
19,27,0.0
19,28,0.0
19,29,0.0
19,30,0.0
19,31,0.0
19,32,0.0
19,33,0.0
19,34,0.0
19,35,0.0
19,36,0.0
19,37,0.0
19,38,0.0
19,39,0.0
19,40,0.0
19,41,0.0
19,42,0.0
19,43,0.0
19,44,0.0
19,45,0.0
19,46,0.0
19,47,0.0
19,48,0.0
19,49,0.0
19,50,0.0
19,51,0.0
19,52,0.0
19,53,0.0
19,54,0.0
19,55,0.0
19,56,0.0
19,57,0.0
19,58,0.0
19,59,0.0
19,60,0.0
19,61,0.0
19,62,0.0
19,63,0.0
19,64,0.0
19,65,0.0
19,66,0.0
19,67,0.0
19,68,0.0
19,69,0.0
19,70,0.0
19,71,0.0
19,72,0.0
19,73,0.0
19,74,0.0
19,75,0.0
19,76,0.0
19,77,0.0
19,78,0.0
19,79,0.0
19,80,0.0
19,81,0.0
19,82,0.0
19,83,0.0
19,84,0.0
19,85,0.0
19,86,0.0
19,87,0.0
19,88,0.0
19,89,0.0
19,90,0.0
19,91,0.0
19,92,0.0
19,93,0.0
19,94,0.0
19,95,0.0
19,96,0.0
19,97,0.0
19,98,0.0
19,99,0.0
19,100,0.0
19,101,0.0
19,102,0.0
19,103,0.0
19,104,0.0
19,105,0.0
19,106,0.0
19,107,0.0
19,108,0.0
19,109,0.0
19,110,0.0
19,111,0.0
19,112,0.0
19,113,0.0
19,114,0.0
19,115,0.0
19,116,0.0
19,117,0.0
19,118,0.0
19,119,0.0
19,120,0.0
19,121,0.0
19,122,0.0
19,123,0.0
19,124,0.0
19,125,0.0
19,126,0.0
19,127,0.0
19,128,0.0
19,129,0.0
19,130,0.0
19,131,0.0
19,132,0.0
19,133,0.0
19,134,0.0
19,135,0.0
19,136,0.0
19,137,0.0
19,138,0.0
19,139,0.0
19,140,0.0
19,141,0.0
19,142,0.0
19,143,0.0
19,144,0.0
19,145,0.0
19,146,0.0
19,147,0.0
19,148,0.0
19,149,0.0
20,21,1.845388518601132e-30
20,22,7.421598324153638e-31
20,23,4.76571781129934e-31
20,24,8.815280839173034e-31
20,25,1.0426645572667741e-30
20,26,1.8740643271670148e-30
20,27,7.56888841407246e-31
20,28,1.1319938176928662e-30
20,29,2.8446827924227122e-30
20,30,1.7056190797420217e-30
20,31,1.795666800245505e-30
20,32,1.990384680648047e-30
20,33,7.190726214772272e-31
20,34,3.637138616273987e-30
20,35,2.204467968175756e-30
20,36,3.650672037927519e-31
20,37,8.753749560034124e-31
20,38,1.7750360124651158e-30
20,39,2.4245496952735995e-30
20,40,9.116671178616596e-31
20,41,1.3699114668783838e-30
20,42,1.3064807774115912e-30
20,43,1.7741061436645075e-30
20,44,1.1940359471568738e-30
20,45,1.5791161138567985e-30
20,46,1.983523039623684e-30
20,47,1.7538259771735852e-30
20,48,1.1600972044674833e-30
20,49,7.490817248638412e-31
20,50,4.697226466093259e-31
20,51,1.326953443386649e-30
20,52,2.2074530615312007e-30
20,53,1.3730149089204879e-30
20,54,2.7096136851001196e-30
20,55,1.7491863932719413e-30
20,56,3.5580534070185324e-31
20,57,1.7814365632233625e-30
20,58,6.462765627492731e-31
20,59,1.700196515485233e-30
20,60,2.532963685697254e-30
20,61,1.6129405016172685e-30
20,62,7.237746408175119e-31
20,63,1.6176645274074178e-30
20,64,1.989193014039516e-30
20,65,1.0524711582342318e-30
20,66,2.6710391032556018e-31
20,67,2.3386201849873697e-30
20,68,3.530838069787926e-30
20,69,2.3179817959955334e-30
20,70,1.2865512295682664e-30
20,71,8.822825937256847e-31
20,72,5.828429475293779e-31
20,73,5.207294182017184e-31
20,74,6.310194088640835e-31
20,75,1.2084502201641634e-30
20,76,1.3549920356043405e-30
20,77,9.251289381002217e-31
20,78,3.673786232583629e-30
20,79,1.5544603956111765e-30
20,80,8.66614446559058e-31
20,81,1.3382080866405237e-30
20,82,1.586560319129256e-30
20,83,1.1350370520331895e-30
20,84,9.641584150004044e-31
20,85,9.935471302419546e-31
20,86,8.698045618256334e-31
20,87,2.2784540876652035e-30
20,88,6.087272963323596e-16
20,89,1.4586002861341593e-30
20,90,7.140554343675003e-31
20,91,1.0813178547200672e-30
20,92,2.514944337598874e-30
20,93,1.0506939255692033e-30
20,94,1.1983991676784768e-30
20,95,2.217402428159374e-31
20,96,6.280470400798938e-31
20,97,2.4333495664272917e-30
20,98,9.26467993724725e-31
20,99,4.003567404473502e-16
20,100,2.9459582628674316e-31
20,101,8.039638653556316e-31
20,102,1.9902345436813516e-30
20,103,5.437765023312944e-31
20,104,1.2184572803599107e-30
20,105,1.0039449439463276e-30
20,106,1.5423547793625825e-30
20,107,1.3043427878507724e-30
20,108,1.0023415948514354e-30
20,109,1.5967887054005404e-30
20,110,1.7868164453605596e-30
20,111,1.0439096479731552e-30
20,112,1.0580409241236043e-30
20,113,2.4675123881917177e-31
20,114,9.492456423000234e-31
20,115,1.1112687871992308e-15
20,116,9.187802717249015e-31
20,117,1.71746678157102e-30
20,118,1.5107366740182727e-30
20,119,1.818371554892506e-30
20,120,5.788783777448282e-31
20,121,6.663406523346487e-31
20,122,6.586254743874166e-31
20,123,5.8686760116731635e-31
20,124,5.990542435201589e-31
20,125,1.809173891600136e-30
20,126,2.6861745634400308e-30
20,127,2.12547347508565e-31
20,128,2.103643306355535e-30
20,129,7.636515681454374e-31
20,130,1.7326859086141246e-30
20,131,3.1967893015258384e-30
20,132,1.0441011338205065e-30
20,133,1.3034203399853028e-30
20,134,8.673630206584323e-31
20,135,8.244157442917002e-31
20,136,9.742038186573228e-31
20,137,5.195570826515735e-31
20,138,2.2397795125931866e-30
20,139,1.384273716342378e-30
20,140,1.6039474277433962e-30
20,141,2.098378008577572e-30
20,142,2.297410911145923e-30
20,143,8.76922870333793e-31
20,144,7.08801765380862e-31
20,145,1.0038785669572817e-30
20,146,4.000186037952487e-32
20,147,7.343871179423266e-31
20,148,9.369116680604805e-31
20,149,8.414436160028137e-31
21,22,1.01353876933412e-30
21,23,8.090343246686797e-31
21,24,2.4743456566632586e-30
21,25,2.416950712134494e-30
21,26,3.881196303345631e-30
21,27,1.0512650605347926e-30
21,28,1.3467761744487139e-30
21,29,4.784900408359626e-30
21,30,2.9431533285669386e-30
21,31,2.8639255431696564e-30
21,32,3.2187825907347746e-30
21,33,8.561096026042473e-31
21,34,1.3840001911362462e-29
21,35,3.3251753210735755e-30
21,36,6.617899003057309e-31
21,37,2.201999380315464e-30
21,38,2.557236386572023e-30
21,39,4.060506230920743e-30
21,40,1.6738732712201437e-30
21,41,2.387410472976084e-30
21,42,1.8385631482821776e-30
21,43,2.6662645423468684e-30
21,44,2.2071007185052662e-30
21,45,2.3474639006113917e-30
21,46,3.5975857603165e-30
21,47,3.6298017273192014e-30
21,48,2.211855695910801e-30
21,49,1.3712652916246374e-30
21,50,9.769516585880474e-31
21,51,1.617916915319276e-30
21,52,3.587144511771013e-30
21,53,2.126559632008236e-30
21,54,4.374870268348566e-30
21,55,3.01857685488652e-30
21,56,6.122103514605233e-31
21,57,2.613419455453345e-30
21,58,1.1366603318603989e-30
21,59,2.0816409299253542e-30
21,60,4.418933067162897e-30
21,61,2.806294269103006e-30
21,62,1.3092030774579816e-30
21,63,2.482484306590105e-30
21,64,3.308148006521346e-30
21,65,1.8815010659573365e-30
21,66,4.322078929856112e-31
21,67,4.521640469448989e-30
21,68,4.812191720807505e-30
21,69,3.268793199049577e-30
21,70,1.376081440321169e-30
21,71,1.3963166909350565e-30
21,72,1.3113411614462402e-30
21,73,1.3957059986207874e-30
21,74,7.192303327510589e-31
21,75,1.6799836283834285e-30
21,76,2.0464601581796096e-30
21,77,1.0958217493212282e-30
21,78,4.607598926506331e-30
21,79,2.428938811049967e-30
21,80,1.6723809904112818e-30
21,81,1.9375230222676307e-30
21,82,2.569378455828885e-30
21,83,2.199475812774302e-30
21,84,3.195210469169936e-30
21,85,1.854783062210627e-30
21,86,1.1304734205023248e-30
21,87,3.3674677092345075e-30
21,88,7.108895957933343e-16
21,89,2.5353403838848856e-30
21,90,2.7523271998715756e-30
21,91,2.7482488996222332e-30
21,92,3.8930477359411085e-30
21,93,2.034273090850604e-30
21,94,1.9570594751148685e-30
21,95,3.643164592926267e-31
21,96,1.1972617084222374e-30
21,97,3.2042521106662624e-30
21,98,1.6857518317258903e-30
21,99,1.023575053304182e-15
21,100,5.035123865650971e-31
21,101,1.1176597368281031e-30
21,102,4.342993276662846e-30
21,103,9.448454832666356e-31
21,104,2.762630693631023e-30
21,105,1.2547061053094846e-30
21,106,4.7071022542029255e-30
21,107,1.3997946117730423e-30
21,108,1.5261695490957373e-30
21,109,3.286186270250128e-30
21,110,2.7806109114758602e-30
21,111,1.740197845064809e-30
21,112,1.670112353677664e-30
21,113,3.9153090004180535e-31
21,114,3.2722329490825106e-30
21,115,1.7632984155323099e-15
21,116,1.0777179063413715e-30
21,117,2.150463737580896e-30
21,118,2.7874736421929344e-30
21,119,2.5883846206952646e-30
21,120,1.5426256209250284e-30
21,121,1.5696187539642579e-30
21,122,1.6339766145771116e-30
21,123,8.139200376549336e-31
21,124,1.769422342273847e-30
21,125,2.949171190232273e-30
21,126,4.111910489396069e-30
21,127,2.295089981303535e-31
21,128,3.519743829856199e-30
21,129,1.1157620556425824e-30
21,130,2.124575161262209e-30
21,131,5.442323727138361e-30
21,132,1.5933166141477897e-30
21,133,1.7716177209834724e-30
21,134,1.5181369426742604e-30
21,135,1.6728342220220624e-30
21,136,1.4100593525406944e-30
21,137,9.999160244179489e-31
21,138,2.7543797665164176e-30
21,139,2.5082698235316044e-30
21,140,2.5358671004172922e-30
21,141,3.5787060475693466e-30
21,142,2.941537993411211e-30
21,143,1.5210668404443017e-30
21,144,1.3616306798830074e-30
21,145,2.082869175931895e-30
21,146,1.0227105537048654e-31
21,147,7.770888870178508e-31
21,148,1.4267654806582646e-30
21,149,1.019463526863191e-30
22,23,4.18038880676821e-31
22,24,1.5060765296069157e-30
22,25,1.2764389741069837e-30
22,26,1.5205198208441785e-30
22,27,5.005624840773866e-31
22,28,8.51439546886895e-31
22,29,1.670401040609523e-30
22,30,9.160792826931077e-31
22,31,1.155999580058287e-30
22,32,1.0934387387005527e-30
22,33,1.0783522515571872e-30
22,34,5.419909246539613e-16
22,35,1.8700894211344417e-30
22,36,2.5318946202388965e-31
22,37,9.11722335644886e-31
22,38,1.0229802038290495e-30
22,39,2.0026854743534769e-16
22,40,8.263853655458044e-31
22,41,7.147486236532312e-31
22,42,1.4293894626711722e-30
22,43,1.1761033239160645e-30
22,44,2.3563063194996866e-30
22,45,1.0104652560487325e-30
22,46,2.2025724231306136e-30
22,47,1.5577827659435323e-30
22,48,1.5112445664243992e-30
22,49,1.6939998869943791e-16
22,50,8.334376474972753e-31
22,51,1.636264275691103e-30
22,52,1.4490416911058655e-30
22,53,1.4822509263109567e-30
22,54,1.400605638718813e-30
22,55,9.973027112934104e-31
22,56,5.5416397537037695e-31
22,57,1.5681733736716251e-30
22,58,1.1899553203503163e-30
22,59,1.5385507393465986e-30
22,60,1.3809511753037423e-30
22,61,3.9836745275876646e-16
22,62,5.195679115889573e-31
22,63,2.813535641626053e-30
22,64,1.0158463670215581e-30
22,65,5.550432585204369e-31
22,66,2.41958525731946e-31
22,67,1.6938070081292082e-30
22,68,2.2412974608982583e-30
22,69,1.679354190193998e-30
22,70,2.010169327152581e-30
22,71,5.462165398211978e-31
22,72,7.3294484527210465e-31
22,73,7.756995925699904e-31
22,74,1.0728971764327463e-30
22,75,1.5677429957693402e-30
22,76,2.1448769439139958e-30
22,77,1.0648975382851739e-30
22,78,3.586258835337515e-30
22,79,1.1941635611410151e-30
22,80,4.920096773956289e-31
22,81,9.338289034234227e-31
22,82,1.0783112328573221e-30
22,83,1.2267909288086653e-30
22,84,2.652402789845965e-30
22,85,5.591160509501532e-31
22,86,6.8478003662813745e-31
22,87,1.3092572469116064e-30
22,88,4.619448428525919e-16
22,89,1.406330811645512e-30
22,90,2.0751442563288474e-30
22,91,1.4704185739230065e-30
22,92,1.4048557262188144e-30
22,93,1.8737683202763268e-30
22,94,6.106406837085706e-31
22,95,3.9924323143166995e-31
22,96,1.2315563712050202e-30
22,97,1.838969425085394e-30
22,98,9.995688157260035e-31
22,99,1.0479926689517747e-15
22,100,1.5097727488768949e-31
22,101,1.0818615852501465e-30
22,102,2.5065250848369197e-30
22,103,1.1058018274246954e-30
22,104,1.2090756952855026e-30
22,105,1.0431048614330508e-30
22,106,3.7449721993764835e-30
22,107,1.4879701147414147e-30
22,108,5.282590413705975e-31
22,109,1.4819364714118139e-30
22,110,9.726818657817319e-31
22,111,8.173964426188112e-31
22,112,7.425350322341432e-31
22,113,1.276494976555874e-31
22,114,1.981239992940772e-30
22,115,5.748822300757347e-16
22,116,1.1264619674759595e-30
22,117,1.2866235144994718e-30
22,118,1.458049658550102e-30
22,119,1.2230701432199778e-30
22,120,1.4511662955009853e-30
22,121,9.820172927182682e-31
22,122,1.2684602106751958e-30
22,123,5.962519030944544e-31
22,124,1.1146161165394466e-30
22,125,9.757405680739714e-31
22,126,1.4636675865417442e-30
22,127,2.5798296048215374e-31
22,128,1.1095729209044519e-30
22,129,4.81788442078213e-31
22,130,1.2675568363334468e-30
22,131,1.6086434391103445e-30
22,132,1.0000493036044628e-30
22,133,9.065190088349265e-31
22,134,1.2614077037675007e-30
22,135,1.1005906404085689e-30
22,136,1.0519739260836047e-30
22,137,3.8645688443266634e-31
22,138,2.2256971942946464e-30
22,139,7.731589980594255e-31
22,140,8.946148190325216e-31
22,141,2.1938284706678836e-30
22,142,1.7992924642688728e-30
22,143,4.949612561504155e-31
22,144,1.4166232295495216e-30
22,145,1.3458740753840765e-30
22,146,1.0471075465179394e-31
22,147,1.1332169483596897e-30
22,148,1.1922160612796078e-30
22,149,7.715704393108589e-31
23,24,7.711091560440861e-31
23,25,4.28246097423475e-31
23,26,9.924472191704923e-31
23,27,3.123208558984214e-31
23,28,4.123472929301967e-31
23,29,1.0925440750572956e-30
23,30,7.442138506801512e-31
23,31,8.70565470109876e-31
23,32,1.022127599955499e-30
23,33,3.5567552457992855e-31
23,34,2.676369610212789e-30
23,35,8.219099781407543e-31
23,36,1.576667832032501e-31
23,37,2.968724649085045e-31
23,38,7.372795848456521e-31
23,39,8.635508522760759e-16
23,40,8.85457036041226e-31
23,41,5.122431179575625e-31
23,42,6.916834846601693e-31
23,43,1.3028913960501941e-30
23,44,8.829788471801336e-31
23,45,5.7952362369950005e-31
23,46,1.0734322104210859e-30
23,47,1.4393253890793044e-30
23,48,7.07406788055867e-31
23,49,8.376377255417722e-31
23,50,2.6807168709015647e-31
23,51,6.418064235348509e-31
23,52,1.3322710156281653e-30
23,53,7.659679805043152e-31
23,54,1.0624217343442048e-30
23,55,1.0164714407072765e-30
23,56,1.8476835073302037e-31
23,57,7.062149332001732e-31
23,58,4.251454565288523e-31
23,59,7.4888705105955965e-31
23,60,1.0535812248743757e-30
23,61,4.528924144620225e-16
23,62,4.244081135200537e-31
23,63,9.940005804958516e-31
23,64,8.064628105252516e-31
23,65,5.6360067685435914e-31
23,66,1.2872175241532186e-31
23,67,7.871037466458083e-31
23,68,2.262465275760343e-30
23,69,9.429786291574596e-31
23,70,8.756045282871087e-31
23,71,3.49531078900658e-31
23,72,4.18224877054449e-31
23,73,6.343068110345219e-31
23,74,4.8897562980436585e-31
23,75,6.664771510448666e-31
23,76,7.310400938426151e-31
23,77,4.944615589174893e-31
23,78,1.4466978620179125e-30
23,79,8.648087704848043e-31
23,80,3.5037635402523393e-31
23,81,1.470946200283488e-30
23,82,9.219027293922397e-31
23,83,7.76167477194671e-31
23,84,9.964005474710578e-31
23,85,6.690688584837863e-31
23,86,5.2792345549645385e-31
23,87,8.551756341200398e-31
23,88,2.2887833992611217e-16
23,89,6.000456811983562e-31
23,90,6.167901815031336e-31
23,91,6.897371579495829e-31
23,92,1.365936203866085e-30
23,93,6.082461653517403e-31
23,94,4.630331729028037e-31
23,95,1.3365866783329465e-31
23,96,4.243483432613961e-31
23,97,8.877531456343475e-31
23,98,9.05623992273022e-31
23,99,3.6506759942727986e-16
23,100,1.220938141522531e-31
23,101,4.392162264511854e-31
23,102,1.2420200849837238e-30
23,103,3.687175182270705e-31
23,104,6.458534110392889e-31
23,105,3.7869459262407674e-31
23,106,1.4512249261622846e-30
23,107,5.328128579583593e-31
23,108,3.0820917017306425e-31
23,109,7.901600738208247e-31
23,110,6.609448408786284e-31
23,111,8.747223946818157e-31
23,112,8.737814524712706e-31
23,113,9.693226647731558e-32
23,114,8.841940602658441e-31
23,115,4.365441191874162e-16
23,116,3.6627280933643233e-31
23,117,6.279905989184759e-31
23,118,7.6821882280066805e-31
23,119,6.847633555587373e-31
23,120,7.2267507400329e-31
23,121,5.264361327855765e-31
23,122,4.447812605340144e-31
23,123,2.963853239161432e-31
23,124,5.42148530881414e-31
23,125,5.8374596521879085e-31
23,126,1.0472775779644072e-30
23,127,8.909608510217865e-32
23,128,1.0153084489315781e-30
23,129,3.64278254228204e-31
23,130,7.924911103348134e-31
23,131,1.3355246408408975e-30
23,132,6.779799354246101e-31
23,133,4.744901441136352e-31
23,134,6.549826096910118e-31
23,135,5.723181080322894e-31
23,136,5.659726466132558e-31
23,137,2.443726399755071e-31
23,138,8.444322980747326e-31
23,139,7.042051305257761e-31
23,140,1.0672636780625899e-30
23,141,8.44585920112772e-31
23,142,8.415988056586512e-31
23,143,3.8543721705913374e-31
23,144,5.156442257146006e-31
23,145,6.1331263629009244e-31
23,146,3.6475926757373446e-32
23,147,7.407107752848738e-31
23,148,4.065622037836245e-31
23,149,3.1969895311824376e-31
24,25,2.0206502816277365e-30
24,26,3.0816513668000738e-30
24,27,7.199491766138657e-31
24,28,6.638006466970298e-31
24,29,3.0521124798268345e-30
24,30,1.8516808279797026e-30
24,31,1.580410059154807e-30
24,32,1.9531702827175927e-30
24,33,1.2584037890979843e-30
24,34,1.5636147210798502e-29
24,35,2.3387287484427982e-30
24,36,4.667826389353815e-31
24,37,1.6958919279215277e-30
24,38,1.3226486958252808e-30
24,39,3.867674375335733e-16
24,40,1.29631768503589e-30
24,41,1.4309779812567257e-30
24,42,2.1665348283211165e-30
24,43,1.4064092269711082e-30
24,44,3.277610792003531e-30
24,45,1.5264106899700863e-30
24,46,3.317511712345642e-30
24,47,2.9866702411003392e-30
24,48,2.3162737837455975e-30
24,49,4.337370033168865e-16
24,50,1.1606934853569985e-30
24,51,2.0384577265798823e-30
24,52,2.5307976377322016e-30
24,53,2.042514836938745e-30
24,54,2.3456942464402766e-30
24,55,1.960408537953227e-30
24,56,7.737596614235942e-31
24,57,1.7813075864202917e-30
24,58,1.645053624898121e-30
24,59,1.5484456633522796e-30
24,60,2.818925381629581e-30
24,61,3.423199211750168e-16
24,62,1.0797667457525253e-30
24,63,3.7018988892884214e-30
24,64,1.889757742157314e-30
24,65,1.2643545425049067e-30
24,66,3.675926656776477e-31
24,67,2.462427457482464e-16
24,68,2.4340059595719574e-30
24,69,1.9466825145565457e-16
24,70,2.546840162814921e-30
24,71,9.26767313289949e-31
24,72,1.1630853873733205e-30
24,73,1.4274511481137147e-30
24,74,1.4323903754680381e-30
24,75,2.0415854075720226e-30
24,76,2.8960843619762302e-30
24,77,1.3234345212559933e-30
24,78,3.474775681197141e-30
24,79,1.711959551902671e-30
24,80,1.0868283793304398e-30
24,81,1.1950579956230082e-30
24,82,1.7084767876842e-30
24,83,2.014373404934154e-30
24,84,4.0591731743591985e-30
24,85,1.216809620132199e-30
24,86,6.8298989936061745e-31
24,87,1.6131834634710582e-30
24,88,3.0784011008452287e-16
24,89,2.3042854732918243e-30
24,90,2.964529482613184e-30
24,91,2.643186150389072e-30
24,92,1.883930849173761e-30
24,93,2.4288490228452004e-30
24,94,2.9591275900874126e-16
24,95,5.336823533773046e-31
24,96,1.712542537332467e-30
24,97,1.6534133132442263e-30
24,98,1.4799261355542499e-30
24,99,1.485623441925715e-15
24,100,2.8817891036179808e-31
24,101,1.4017464872232125e-30
24,102,4.252959761385149e-30
24,103,1.4728274782069892e-30
24,104,2.307109744987428e-30
24,105,1.1866687466118922e-30
24,106,5.847696078219368e-30
24,107,1.5853674721278552e-30
24,108,7.842126874950739e-31
24,109,2.619076456113347e-30
24,110,1.3154210280377856e-30
24,111,1.298289916589079e-30
24,112,1.0088454322526831e-30
24,113,2.014305394465376e-31
24,114,3.387899429773418e-30
24,115,9.07162502392465e-16
24,116,2.220540296209151e-16
24,117,1.1518850191203064e-30
24,118,2.3611433362778004e-30
24,119,1.4613611349829147e-30
24,120,2.1555833298010747e-30
24,121,1.627748454773217e-30
24,122,1.8957795970808402e-30
24,123,9.427111309799713e-31
24,124,1.9385040872196698e-30
24,125,1.837882458422184e-30
24,126,2.1153905106558748e-30
24,127,2.8711701007285363e-31
24,128,2.167844171597281e-30
24,129,6.783314420478432e-31
24,130,1.973881174018868e-30
24,131,3.0890681461204993e-30
24,132,1.7052159894120522e-30
24,133,8.984178836451487e-31
24,134,1.7614853505586233e-30
24,135,1.6656304109373317e-30
24,136,1.5726361660308875e-30
24,137,7.640733450994161e-31
24,138,2.3322708516479467e-30
24,139,1.6470455390900887e-30
24,140,1.55980838769073e-30
24,141,3.2424745135796275e-30
24,142,1.6869038998761958e-30
24,143,9.530673816983389e-31
24,144,1.9588904692789392e-30
24,145,2.2493822735981067e-30
24,146,1.484368701624911e-31
24,147,4.719755093839372e-16
24,148,1.6512396055134812e-30
24,149,7.826001931312479e-31
25,26,2.67454252464405e-30
25,27,6.53502947854183e-31
25,28,7.74116770803713e-31
25,29,3.212704135973304e-30
25,30,1.698507044909893e-30
25,31,1.4840732975870717e-30
25,32,1.924181356082725e-30
25,33,1.0929762065652394e-30
25,34,1.9268469423858393e-29
25,35,1.9829779164628333e-30
25,36,4.67838711409187e-31
25,37,1.9547984799547854e-30
25,38,1.2955561910240282e-30
25,39,2.879355410560351e-30
25,40,1.2512186842339529e-30
25,41,1.5683977901221133e-30
25,42,1.9289623303597786e-30
25,43,1.4330719400662669e-30
25,44,2.5860060841099682e-30
25,45,1.6476478058655864e-30
25,46,3.0354533777663013e-30
25,47,2.3972848339845713e-30
25,48,2.013423371136519e-30
25,49,2.103588038709964e-30
25,50,1.0152972053035539e-30
25,51,1.4609212090458754e-30
25,52,2.1745349410966328e-30
25,53,1.588436156094169e-30
25,54,2.2879197339833414e-30
25,55,1.4233354386013847e-30
25,56,6.751902389308988e-31
25,57,1.870376867409818e-30
25,58,1.3186036969000838e-30
25,59,1.4381306870385116e-30
25,60,2.5671741945795373e-30
25,61,1.688092752664332e-30
25,62,8.678839448344925e-31
25,63,2.8937597297715302e-30
25,64,1.8905037972720457e-30
25,65,9.666316757555638e-31
25,66,3.2196564075824154e-31
25,67,3.42389201741534e-30
25,68,2.5404097607902477e-30
25,69,1.84285852356645e-30
25,70,1.5662283409320913e-30
25,71,1.013648890957594e-30
25,72,1.15341044750165e-30
25,73,9.868356235032564e-31
25,74,8.90857472412673e-31
25,75,1.86200369079223e-30
25,76,2.3969003967892263e-30
25,77,1.0777517686039094e-30
25,78,3.900438258540275e-30
25,79,1.5652009795078373e-30
25,80,1.1871891111303327e-30
25,81,1.0808087997128853e-30
25,82,1.5795834734189242e-30
25,83,1.6129908613841116e-30
25,84,3.506396579725781e-30
25,85,9.818000361193075e-31
25,86,9.380242610455442e-31
25,87,1.8302027250239766e-30
25,88,3.5108334685766973e-16
25,89,1.893228364749878e-30
25,90,2.9065150930786028e-30
25,91,2.2584421866265603e-30
25,92,2.1677164017723563e-30
25,93,2.323372693016628e-30
25,94,1.0957065845797415e-30
25,95,4.444102903493081e-31
25,96,1.4147471023982394e-30
25,97,1.8504661321235576e-30
25,98,1.6778566973374983e-30
25,99,1.2341091523935091e-15
25,100,2.8988019359696758e-31
25,101,1.3190917783312848e-30
25,102,3.579344812129786e-30
25,103,1.2634923314754508e-30
25,104,2.176710422112338e-30
25,105,1.0097505554668957e-30
25,106,4.982259878454678e-30
25,107,1.4049215657606388e-30
25,108,9.412650588443767e-31
25,109,2.3345412408429122e-30
25,110,1.5484678574835576e-30
25,111,1.1732789230902152e-30
25,112,1.1207568646416722e-30
25,113,2.1590215854394524e-31
25,114,2.8022399339248068e-30
25,115,9.723368807669977e-16
25,116,1.220476683765702e-30
25,117,1.3114559939470529e-30
25,118,2.1176000547888774e-30
25,119,1.3984246943739398e-30
25,120,1.8456300521815366e-30
25,121,1.3492457976323482e-30
25,122,1.7208918891713506e-30
25,123,7.5790078483634794e-31
25,124,1.4335652527692852e-30
25,125,1.9709050364014052e-30
25,126,2.2205696311006604e-30
25,127,2.4931718604091843e-31
25,128,2.083072142842319e-30
25,129,6.909499890528434e-31
25,130,1.5230167856528659e-30
25,131,3.0650928582374645e-30
25,132,1.501727172668347e-30
25,133,1.0304693423377487e-30
25,134,1.4919454602983997e-30
25,135,1.4169864953823356e-30
25,136,1.184263254150529e-30
25,137,6.747503005684808e-31
25,138,2.3324368350296622e-30
25,139,1.5563246445802876e-30
25,140,1.4406414549893493e-30
25,141,2.748342964020046e-30
25,142,1.7909305523333625e-30
25,143,9.024448626075735e-31
25,144,1.660511674355642e-30
25,145,1.9285579581903188e-30
25,146,1.2330668381398438e-31
25,147,1.1171470773813024e-30
25,148,1.3662016948314756e-30
25,149,6.944782037930848e-31
26,27,1.308731698098657e-30
26,28,1.2983623022335863e-30
26,29,5.0209970944793915e-30
26,30,3.232316906712891e-30
26,31,2.8689772203973364e-30
26,32,3.462235570022984e-30
26,33,1.0016202303621582e-30
26,34,1.6618181599525576e-29
26,35,3.363705637390731e-30
26,36,7.271800800430928e-31
26,37,2.3012808666700885e-30
26,38,2.7547440200244687e-30
26,39,1.777223989483335e-16
26,40,1.873591977856459e-30
26,41,2.5099051882066786e-30
26,42,2.817553043244618e-30
26,43,2.606789555372797e-30
26,44,3.3314840644890844e-30
26,45,2.5485662505726882e-30
26,46,4.15938386101419e-30
26,47,4.308040076184694e-30
26,48,2.692484178580343e-30
26,49,1.8586789560826757e-30
26,50,1.144585220334248e-30
26,51,2.032419466628862e-30
26,52,3.921876268254592e-30
26,53,2.458681504863301e-30
26,54,4.530949967103089e-30
26,55,3.250374472137836e-30
26,56,8.38992376999608e-31
26,57,2.5732391136093278e-30
26,58,1.6598836012275606e-30
26,59,1.9288997735898158e-30
26,60,4.678392486910282e-30
26,61,1.8619006149354553e-16
26,62,1.6128334689425925e-30
26,63,3.2265733317944105e-30
26,64,3.47423819437287e-30
26,65,2.061936623102175e-30
26,66,4.893206002005019e-31
26,67,5.203541435266497e-30
26,68,5.087084703930719e-30
26,69,3.185947151906461e-30
26,70,1.9173593241493648e-30
26,71,1.6235961342550553e-30
26,72,1.2929085896553315e-30
26,73,1.5464757602591924e-30
26,74,1.2413285821455997e-30
26,75,2.126317852824043e-30
26,76,2.7990485865047778e-30
26,77,1.2515999892378658e-30
26,78,4.258570531944383e-30
26,79,2.5579780439438862e-30
26,80,1.7462449291397033e-30
26,81,1.9252888653943504e-30
26,82,2.769022272216192e-30
26,83,2.7572570057622904e-30
26,84,4.299867973137979e-30
26,85,1.9140993148280177e-30
26,86,1.2519536126604383e-30
26,87,3.27619325346525e-30
26,88,5.26625020286505e-16
26,89,3.029394130517759e-30
26,90,2.871307098955222e-30
26,91,3.297853648189281e-30
26,92,3.899967049788113e-30
26,93,2.1599008915729328e-30
26,94,1.9170889059678375e-30
26,95,5.030719287220226e-31
26,96,1.6773299771973335e-30
26,97,2.9596351250430376e-30
26,98,2.0704513595965538e-30
26,99,1.4201527515596057e-15
26,100,5.313066350633295e-31
26,101,1.4257854846563237e-30
26,102,5.352876315757156e-30
26,103,1.377734990348376e-30
26,104,3.223430629860672e-30
26,105,1.2692690770614227e-30
26,106,6.473684056433326e-30
26,107,1.2453507167352864e-30
26,108,1.5473717711329661e-30
26,109,3.769808022760348e-30
26,110,2.5506521847714432e-30
26,111,1.9925972249312426e-30
26,112,1.6685969123142467e-30
26,113,3.979894038376139e-31
26,114,3.9298361124853e-30
26,115,1.792384930820484e-15
26,116,1.007072600994447e-30
26,117,1.8979366883829207e-30
26,118,3.2100671626262405e-30
26,119,2.68682518078086e-30
26,120,2.154639977815123e-30
26,121,1.956210792905035e-30
26,122,2.1037751451570027e-30
26,123,1.1846819744503129e-30
26,124,2.2040343545406803e-30
26,125,3.140915978860542e-30
26,126,4.1754334136596015e-30
26,127,2.270871958095122e-31
26,128,3.77790155376645e-30
26,129,1.1962445625501068e-30
26,130,3.079102117940393e-30
26,131,5.6626671404241165e-30
26,132,2.132213959718969e-30
26,133,1.5141894841067114e-30
26,134,1.8598303016084768e-30
26,135,2.1942849107572636e-30
26,136,1.9329078767874635e-30
26,137,1.1448721409981745e-30
26,138,2.5316182110785915e-30
26,139,2.684168531519098e-30
26,140,2.8499515865861575e-30
26,141,4.168113338024439e-30
26,142,2.5377821546846496e-30
26,143,1.694377795745709e-30
26,144,1.8706836792603704e-30
26,145,2.822499887340988e-30
26,146,1.4189533070433214e-31
26,147,1.077598284264407e-30
26,148,1.831238200883246e-30
26,149,9.224820529326983e-31
27,28,6.865912785670901e-31
27,29,1.5565957529536221e-30
27,30,1.0433497183803747e-30
27,31,9.07274074878955e-31
27,32,1.2219617093140181e-30
27,33,2.5465385160430166e-31
27,34,3.357875720621077e-30
27,35,1.0172297579698126e-30
27,36,2.254970735320775e-31
27,37,6.1680760432699e-31
27,38,1.0826908477141506e-30
27,39,1.6700110605260553e-30
27,40,5.7618942501483785e-31
27,41,7.833855797740391e-31
27,42,1.200538549019149e-30
27,43,8.652685818756664e-31
27,44,8.784782136805535e-31
27,45,9.495890754391642e-31
27,46,1.1587985486312156e-30
27,47,1.2369751759568916e-30
27,48,7.999675780280813e-31
27,49,4.305982749533201e-31
27,50,2.0430874786166336e-31
27,51,6.6585589542675055e-31
27,52,1.271785341417385e-30
27,53,7.292893974582689e-31
27,54,1.5076545509867319e-30
27,55,9.637676914671787e-31
27,56,2.3489659678771396e-31
27,57,8.029376557086778e-31
27,58,4.036660758303582e-31
27,59,7.752633765163261e-31
27,60,1.3950848072897751e-30
27,61,8.934944429415825e-31
27,62,5.388484425240629e-31
27,63,5.920691848439664e-31
27,64,1.1255662787714004e-30
27,65,6.1653206036247594e-31
27,66,1.5503223670222875e-31
27,67,1.612637192018441e-30
27,68,2.1511324134176574e-30
27,69,1.1060353323096768e-30
27,70,3.976803547706477e-31
27,71,6.122973609700774e-31
27,72,4.398046122642146e-31
27,73,4.358779134444302e-31
27,74,3.6363242405136714e-31
27,75,6.479200452663903e-31
27,76,7.804865318682601e-31
27,77,4.465090483806983e-31
27,78,1.564933861208958e-30
27,79,8.301922811995935e-31
27,80,4.874567390583413e-31
27,81,6.634036059551474e-31
27,82,8.841897484471417e-31
27,83,8.502931980127472e-31
27,84,9.391140556271775e-31
27,85,5.235420151054983e-31
27,86,6.106449227457083e-31
27,87,1.1318563735590746e-30
27,88,5.606351459942523e-16
27,89,9.258191212416242e-31
27,90,6.500042458097171e-31
27,91,7.948253383957474e-31
27,92,1.3481795929832015e-30
27,93,6.557023561916245e-31
27,94,5.991032603166019e-31
27,95,1.0240153069208022e-31
27,96,3.945898294211354e-31
27,97,1.0941114502001291e-30
27,98,7.143315092961037e-31
27,99,2.7755575615628943e-16
27,100,1.6956914040809e-31
27,101,4.3980856401856415e-31
27,102,1.4143962272850631e-30
27,103,3.161584584028164e-31
27,104,8.593161751182233e-31
27,105,4.369441921132098e-31
27,106,1.5242651777546474e-30
27,107,4.534347073067994e-31
27,108,5.493465352655044e-31
27,109,1.0398900782287477e-30
27,110,8.273014877592535e-31
27,111,6.725248705127824e-31
27,112,5.167288302486814e-31
27,113,1.3346791783438213e-31
27,114,8.90767106210894e-31
27,115,6.010860650248396e-16
27,116,4.355955735084074e-31
27,117,7.612821055773093e-31
27,118,9.354478983755597e-31
27,119,9.884959488640102e-31
27,120,4.894561286941551e-31
27,121,4.9993022951234115e-31
27,122,4.979143761988212e-31
27,123,5.131342739764581e-31
27,124,4.88825370085653e-31
27,125,1.041568044053589e-30
27,126,1.4286925146747187e-30
27,127,7.968877361561036e-32
27,128,1.2530108187636595e-30
27,129,4.436049249337601e-31
27,130,1.4329737852618528e-30
27,131,1.7851153120152912e-30
27,132,9.310054722303956e-31
27,133,4.864426408682906e-31
27,134,4.7466086730077725e-31
27,135,7.293470163161339e-31
27,136,7.171779761687243e-31
27,137,3.394378557773095e-31
27,138,9.462560898651e-31
27,139,8.085657921830123e-31
27,140,1.0159531953280807e-30
27,141,1.2564632752164421e-30
27,142,8.779124982714428e-31
27,143,5.634955331653369e-31
27,144,3.819996460305235e-31
27,145,8.74631760065676e-31
27,146,2.773213357889597e-32
27,147,2.7842735447945023e-31
27,148,5.3865554836262185e-31
27,149,3.7283910939351162e-31
28,29,2.21430813808454e-30
28,30,1.3215821831938482e-30
28,31,1.5003854608375228e-30
28,32,1.654317782648033e-30
28,33,8.40078824002038e-31
28,34,5.529326627937365e-30
28,35,1.9478644593198865e-30
28,36,3.0807695432506064e-31
28,37,7.642976761478467e-31
28,38,1.63763621822661e-30
28,39,1.8875118719238138e-30
28,40,6.898166965661355e-31
28,41,1.0160607547937677e-30
28,42,1.0524820768918732e-30
28,43,1.5258224765467242e-30
28,44,8.369891528203568e-31
28,45,1.4641402332118518e-30
28,46,1.859273200240206e-30
28,47,1.1768738285282158e-30
28,48,1.237670280630371e-30
28,49,8.686261388057586e-31
28,50,5.6643578796139695e-31
28,51,1.2057877108011267e-30
28,52,1.981920332653992e-30
28,53,1.3892128065624229e-30
28,54,2.219842501977304e-30
28,55,1.5165798968329198e-30
28,56,3.7724349822636163e-31
28,57,1.587249435665145e-30
28,58,6.726272391930439e-31
28,59,1.6949089303677636e-30
28,60,1.907123904679545e-30
28,61,1.1977097368519232e-30
28,62,5.440515973355589e-31
28,63,1.907839953958256e-30
28,64,1.5591589254856132e-30
28,65,8.681465419076566e-31
28,66,2.5674444789129117e-31
28,67,1.617970375386988e-30
28,68,3.309497147573015e-30
28,69,2.1537808214373397e-30
28,70,1.3409275990647313e-30
28,71,7.137200138262436e-31
28,72,7.0927439143822985e-31
28,73,4.7288843620533815e-31
28,74,6.925737617122281e-31
28,75,1.3713626021601983e-30
28,76,1.6666128827314703e-30
28,77,9.969790619378266e-31
28,78,3.7396757489189374e-30
28,79,1.411706277432952e-30
28,80,6.15286759514726e-31
28,81,1.201383425709499e-30
28,82,1.3591227564185724e-30
28,83,8.84929741772391e-31
28,84,1.0580541730186916e-30
28,85,7.683611547899812e-31
28,86,9.567774291833665e-31
28,87,1.9196156596451752e-30
28,88,5.468975410105043e-16
28,89,1.2847995357831637e-30
28,90,1.5358515912308076e-30
28,91,8.685489688299317e-31
28,92,2.0461032569993098e-30
28,93,1.5024056129754906e-30
28,94,9.180970755219412e-31
28,95,2.5638909770866376e-31
28,96,8.114925468386605e-31
28,97,2.1940537401190915e-30
28,98,6.657997279051933e-31
28,99,4.871083751574248e-16
28,100,2.2249859379121095e-31
28,101,9.205942393994324e-31
28,102,1.5758925187904878e-30
28,103,5.0354709367390386e-31
28,104,7.789701767475752e-31
28,105,9.946340333033798e-31
28,106,1.1671345509569343e-30
28,107,1.3180870095254079e-30
28,108,8.263042898877545e-31
28,109,1.085373614417068e-30
28,110,1.3325705129789947e-30
28,111,8.636810417926931e-31
28,112,8.82444385235575e-31
28,113,1.9716707217773617e-31
28,114,5.116241780104809e-31
28,115,8.879615527893847e-16
28,116,1.1109537616988802e-30
28,117,1.6073254769989467e-30
28,118,1.2221678747511634e-30
28,119,1.6920391570927198e-30
28,120,6.593775351792391e-31
28,121,5.884080435520523e-31
28,122,7.066329132650304e-31
28,123,5.998010849546248e-31
28,124,5.4947664764526295e-31
28,125,1.4776362608481325e-30
28,126,2.239491781076555e-30
28,127,2.245659818624859e-31
28,128,1.702429271370256e-30
28,129,6.8172089206288205e-31
28,130,1.66590130638391e-30
28,131,2.45154162559115e-30
28,132,1.0380670759781707e-30
28,133,9.894193599594433e-31
28,134,8.360244732153431e-31
28,135,5.117724747392482e-31
28,136,1.0051097697294473e-30
28,137,3.901757738568761e-31
28,138,2.2622262436975043e-30
28,139,1.08573183303186e-30
28,140,1.4001704635396421e-30
28,141,1.791501079870605e-30
28,142,1.8912308165348e-30
28,143,6.683589473764321e-31
28,144,8.238082914930227e-31
28,145,7.385539420218921e-31
28,146,4.866969690824269e-32
28,147,7.775503376561629e-31
28,148,9.851007605939973e-31
28,149,8.40551574899938e-31
29,30,4.0279622643920606e-30
29,31,3.99890303485513e-30
29,32,4.5872950374181616e-30
29,33,1.7126648676507195e-30
29,34,1.9706837102375424e-29
29,35,4.7808444599804115e-30
29,36,8.819077461105521e-31
29,37,2.749395112099892e-30
29,38,3.713722864266464e-30
29,39,3.480012676923747e-16
29,40,2.2654499876515762e-30
29,41,3.3162679530922905e-30
29,42,2.7667414145094323e-30
29,43,3.899559678549369e-30
29,44,3.447633221372378e-30
29,45,3.48994147363283e-30
29,46,4.7388078005152324e-30
29,47,4.66426619449367e-30
29,48,2.784562392385794e-30
29,49,2.1544120403120693e-16
29,50,1.264474703464871e-30
29,51,2.8076548345799152e-30
29,52,4.94897514527799e-30
29,53,2.8086011836431004e-30
29,54,6.1067909774606814e-30
29,55,3.8012674839783105e-30
29,56,8.495389624321975e-31
29,57,3.8404960411886235e-30
29,58,1.7490601155424977e-30
29,59,3.526707431336221e-30
29,60,6.0092413462008175e-30
29,61,4.1223687786013107e-16
29,62,1.791053388872289e-30
29,63,4.2104875967491105e-30
29,64,4.6280029539891535e-30
29,65,2.428615166611575e-30
29,66,5.934787505540053e-31
29,67,3.846561065489711e-16
29,68,7.342100621465314e-30
29,69,4.86553033875415e-30
29,70,3.0768227034499816e-30
29,71,2.0503082480307354e-30
29,72,1.4627565036097029e-30
29,73,1.5130614629999898e-30
29,74,1.5645958618083748e-30
29,75,2.4884522547720274e-30
29,76,3.20676431062318e-30
29,77,1.9479964518252216e-30
29,78,7.612266795101883e-30
29,79,3.455561038085613e-30
29,80,2.240802493399988e-30
29,81,2.895504081607547e-30
29,82,3.592718082968993e-30
29,83,2.8680504177412437e-30
29,84,4.445997581236567e-30
29,85,2.33394647910629e-30
29,86,1.6612840384972818e-30
29,87,5.021306316861575e-30
29,88,6.234418546802804e-16
29,89,3.447671122148278e-30
29,90,3.369758315631685e-30
29,91,3.391301273828728e-30
29,92,5.656821378318263e-30
29,93,2.8168648689367093e-30
29,94,2.7746271021488568e-30
29,95,5.898060036123788e-31
29,96,1.8397665472926217e-30
29,97,5.1687228536701246e-30
29,98,2.4655978942856338e-30
29,99,1.5920499717585387e-15
29,100,6.977896765066304e-31
29,101,1.6951570193968516e-30
29,102,5.5943904085555864e-30
29,103,1.62060054011166e-30
29,104,3.57273862650418e-30
29,105,2.0976134291329816e-30
29,106,6.54522064085491e-30
29,107,2.7773736336420488e-30
29,108,2.25721450024737e-30
29,109,4.245553742044066e-30
29,110,4.065487778820607e-30
29,111,2.4216085208038207e-30
29,112,2.412478601360927e-30
29,113,5.6164311830514305e-31
29,114,3.949416461837409e-30
29,115,2.529415738314247e-15
29,116,1.9581519911059648e-30
29,117,3.618470812923308e-30
29,118,3.722302079879555e-30
29,119,3.873399837945855e-30
29,120,2.283550204626936e-30
29,121,1.942493899582995e-30
29,122,2.1667965736256794e-30
29,123,1.141706859920995e-30
29,124,2.1441030203534954e-30
29,125,4.2280141663537625e-30
29,126,5.9772988520522616e-30
29,127,4.570137371102265e-31
29,128,4.927085484373619e-30
29,129,1.6773763405339083e-30
29,130,3.184438477478831e-30
29,131,7.515649663636211e-30
29,132,2.1957568741768414e-30
29,133,2.826540570149653e-30
29,134,1.859768136777686e-30
29,135,2.2865048813391648e-30
29,136,1.9809579501682544e-30
29,137,1.317180592690043e-30
29,138,4.6868624811445764e-30
29,139,3.3361856324654955e-30
29,140,3.549250818016166e-30
29,141,4.880257549575521e-30
29,142,4.909297308884306e-30
29,143,2.0902264501448803e-30
29,144,2.106391153182503e-30
29,145,2.8700508320462653e-30
29,146,1.590705344846978e-31
29,147,1.7234622993124436e-30
29,148,1.9375415288578777e-30
29,149,1.7611434997612568e-30
30,31,2.504909002433222e-30
30,32,2.8776620067655517e-30
30,33,5.661596260619028e-31
30,34,5.7905199615574605e-30
30,35,2.8703662690397716e-30
30,36,5.595885269125513e-31
30,37,1.457506652172162e-30
30,38,2.455743066312545e-30
30,39,3.641305301163035e-30
30,40,1.3834431580554913e-30
30,41,2.0153183613112107e-30
30,42,1.7041726660794327e-30
30,43,2.3518049368333307e-30
30,44,1.5004164347098651e-30
30,45,2.123755014018067e-30
30,46,2.8973245929050888e-30
30,47,3.0582822905967105e-30
30,48,1.747376020608171e-30
30,49,8.024095286148352e-31
30,50,5.841355862619468e-31
30,51,1.486431907099612e-30
30,52,3.170563924028278e-30
30,53,1.908358666060449e-30
30,54,3.924669545610262e-30
30,55,2.7594028515927986e-30
30,56,5.092669077126668e-31
30,57,2.2546697232027986e-30
30,58,8.69734981632177e-31
30,59,1.930224444479694e-30
30,60,3.765681666347971e-30
30,61,2.3793341282134724e-30
30,62,1.180185886758178e-30
30,63,1.4308544382048697e-30
30,64,2.9006926494409023e-30
30,65,1.6648679939602348e-30
30,66,3.7893993068777663e-31
30,67,3.756829873777212e-30
30,68,4.65391528884421e-30
30,69,2.9937502031084244e-30
30,70,9.591629659640412e-31
30,71,1.2782946516986571e-30
30,72,8.05418655160272e-31
30,73,9.011282388886222e-31
30,74,6.488325257935239e-31
30,75,1.5188108066648713e-30
30,76,1.596814754457447e-30
30,77,1.0091744341185407e-30
30,78,4.223407675817325e-30
30,79,2.102453680557951e-30
30,80,1.3299163530288143e-30
30,81,1.7298804942097505e-30
30,82,2.2568053459789858e-30
30,83,1.9216939461501915e-30
30,84,2.0231900195545396e-30
30,85,1.607405728164666e-30
30,86,1.1307947846725166e-30
30,87,3.0094578100407785e-30
30,88,2.2887833992611074e-16
30,89,2.161845997889861e-30
30,90,1.1161452966616261e-30
30,91,2.0713074428796807e-30
30,92,3.46288822751121e-30
30,93,9.439898216381224e-31
30,94,1.6719163097968567e-30
30,95,2.431824807617199e-31
30,96,8.425992870741197e-31
30,97,2.906267860738898e-30
30,98,1.4068202517431635e-30
30,99,5.578801654593745e-16
30,100,4.392031492025833e-31
30,101,9.87397781452156e-31
30,102,3.455651523322437e-30
30,103,5.056844626399197e-31
30,104,2.1598723042838403e-30
30,105,1.1450840656154484e-30
30,106,3.2385820397792144e-30
30,107,1.2321643586032701e-30
30,108,1.3539418219390063e-30
30,109,2.6821385432245784e-30
30,110,2.3260419773402157e-30
30,111,1.5494749951593897e-30
30,112,1.4046514976326262e-30
30,113,3.4759402180855703e-31
30,114,2.1570029149999147e-30
30,115,1.5654243070932301e-15
30,116,9.41936695562625e-31
30,117,1.9623900135092237e-30
30,118,2.282400742180368e-30
30,119,2.3971516040312407e-30
30,120,9.945549782000375e-31
30,121,1.2397012376640374e-30
30,122,1.1602991365028314e-30
30,123,7.812674190866458e-31
30,124,1.2767022807052325e-30
30,125,2.5580882110490205e-30
30,126,3.696815050799484e-30
30,127,2.0562488803791867e-31
30,128,3.107442759947609e-30
30,129,1.0249417018279153e-30
30,130,2.302764848823175e-30
30,131,4.727365973651157e-30
30,132,1.4242811298381414e-30
30,133,1.49019782121889e-30
30,134,1.1696760472887558e-30
30,135,1.4025747345143996e-30
30,136,1.3719666873767215e-30
30,137,8.415502701077626e-31
30,138,2.4819202332029106e-30
30,139,2.1185879818875173e-30
30,140,2.356002566062377e-30
30,141,3.001351197410123e-30
30,142,2.5534523536684858e-30
30,143,1.3512384550006579e-30
30,144,8.05414200789332e-31
30,145,1.7338261320575513e-30
30,146,5.574089863524296e-32
30,147,5.980141327477712e-31
30,148,1.2571924007134881e-30
30,149,9.321286167853378e-31
31,32,2.7940544148214392e-30
31,33,1.1664961182201954e-30
31,34,9.572796073651826e-30
31,35,3.3689880761564185e-30
31,36,5.541004679637229e-31
31,37,1.3019541765592407e-30
31,38,2.5509542458196325e-30
31,39,4.313849567108434e-16
31,40,1.3791333025761433e-30
31,41,1.9623511493816438e-30
31,42,1.4434082515745816e-30
31,43,2.8181055767768273e-30
31,44,2.0602610706829826e-30
31,45,2.047003841264679e-30
31,46,2.8818596241249187e-30
31,47,2.750250487737896e-30
31,48,1.6042273667906368e-30
31,49,3.076090791575815e-16
31,50,7.502141660455159e-31
31,51,1.9555430069017022e-30
31,52,3.2247506995937986e-30
31,53,2.368439240610612e-30
31,54,4.1695136080410174e-30
31,55,3.23763665485548e-30
31,56,5.538381611065909e-31
31,57,2.9309610432966394e-30
31,58,1.0672888911598593e-30
31,59,2.4947657062459124e-30
31,60,3.8931546940632474e-30
31,61,8.369083473060629e-16
31,62,1.113911791418503e-30
31,63,2.6935132547980177e-30
31,64,2.9428787087695905e-30
31,65,1.7845628526020315e-30
31,66,3.94157529864762e-31
31,67,4.730677610634347e-16
31,68,4.817404626932228e-30
31,69,1.466546861134321e-16
31,70,1.945253878809286e-30
31,71,1.1318644711002814e-30
31,72,7.713854908105891e-31
31,73,1.4052261876405188e-30
31,74,9.833212227211182e-31
31,75,1.8384924730945654e-30
31,76,2.030006444126893e-30
31,77,1.4240952232048759e-30
31,78,6.245134682553811e-30
31,79,2.1978545300456793e-30
31,80,1.27292976876355e-30
31,81,2.044260485703876e-30
31,82,2.3015037507828012e-30
31,83,1.82615367779946e-30
31,84,2.1094728650928856e-30
31,85,1.9843801451925713e-30
31,86,1.4100088074858145e-30
31,87,3.3734636644607074e-30
31,88,5.91637989350944e-16
31,89,2.0501614953709687e-30
31,90,1.6334360964631514e-30
31,91,1.755244872905054e-30
31,92,3.450286128090587e-30
31,93,1.766460918510302e-30
31,94,1.9296995643077807e-16
31,95,3.685445395047086e-31
31,96,1.0614643796627493e-30
31,97,3.657526807911567e-30
31,98,1.209194990320607e-30
31,99,8.357637127871244e-16
31,100,4.368729133825361e-31
31,101,1.3035082923644904e-30
31,102,2.9651855286389396e-30
31,103,9.939773661924554e-31
31,104,1.8406817828048108e-30
31,105,1.5060521688062086e-30
31,106,3.077788254548395e-30
31,107,2.042422705204529e-30
31,108,1.3659252400288216e-30
31,109,2.538719831583042e-30
31,110,2.7763483023346434e-30
31,111,1.5780285565087035e-30
31,112,1.5032357917665852e-30
31,113,3.640862476202139e-31
31,114,1.8483630791639464e-30
31,115,1.6396986891131182e-15
31,116,1.2586013583571667e-16
31,117,2.5654423065489712e-30
31,118,2.094193435870514e-30
31,119,2.6022720212441565e-30
31,120,1.237522744772081e-30
31,121,1.1221387912570534e-30
31,122,1.0432001951642787e-30
31,123,6.346737628972562e-31
31,124,1.0759050579348409e-30
31,125,2.604345432584566e-30
31,126,3.9665623732458816e-30
31,127,3.279609035642615e-31
31,128,3.1171615942407122e-30
31,129,1.0405278205616696e-30
31,130,1.938736502099846e-30
31,131,4.825449502562596e-30
31,132,1.2008882800547272e-30
31,133,2.0198155587207972e-30
31,134,1.4990055722101852e-30
31,135,1.1649052017326005e-30
31,136,1.2870438429970563e-30
31,137,7.736696068490935e-31
31,138,3.322171262633516e-30
31,139,2.05866659087409e-30
31,140,2.297112154049417e-30
31,141,3.058930617135761e-30
31,142,3.567223354356706e-30
31,143,1.2680220239152522e-30
31,144,1.1834453221288275e-30
31,145,1.3868728383691707e-30
31,146,8.350578364642372e-32
31,147,2.1356834447328178e-16
31,148,1.355849104995279e-30
31,149,1.1650600900646062e-30
32,33,8.201405799030918e-31
32,34,8.741452620115044e-30
32,35,3.3054790878670676e-30
32,36,6.167082389157433e-31
32,37,1.592563877482523e-30
32,38,2.8287066301646937e-30
32,39,4.1504867874602917e-16
32,40,1.584365716499191e-30
32,41,2.238446094235008e-30
32,42,1.9927655333490926e-30
32,43,2.7820032950339483e-30
32,44,1.4581085808225014e-30
32,45,2.4669364014411563e-30
32,46,3.324566557627556e-30
32,47,3.404984142487324e-30
32,48,1.863555206758458e-30
32,49,5.725141044158098e-16
32,50,6.231421077234483e-31
32,51,1.7445255654450152e-30
32,52,3.629098541130674e-30
32,53,2.0225884567600724e-30
32,54,4.408170962457947e-30
32,55,3.0463061271663676e-30
32,56,5.538548087333876e-31
32,57,2.590174131316467e-30
32,58,9.136957635811731e-31
32,59,2.3408913646225957e-30
32,60,4.166024181640143e-30
32,61,4.080973846855833e-16
32,62,1.2326981535723013e-30
32,63,1.767272077816778e-30
32,64,3.25160053674675e-30
32,65,1.8104353779388948e-30
32,66,4.221536437847294e-31
32,67,2.80537558302024e-16
32,68,5.6615204064634835e-30
32,69,3.837308709376361e-16
32,70,1.2860765012106293e-30
32,71,1.465591115179113e-30
32,72,8.931777375006546e-31
32,73,8.306559436656996e-31
32,74,7.412292641942288e-31
32,75,1.7849442718566985e-30
32,76,1.8710460670251965e-30
32,77,1.1998236606781102e-30
32,78,5.0491195230598945e-30
32,79,2.4959644063535086e-30
32,80,1.4787556054129269e-30
32,81,2.056010349560621e-30
32,82,2.52755915220147e-30
32,83,2.0784926677307022e-30
32,84,2.0760881696564688e-30
32,85,1.761511752099252e-30
32,86,2.2422978710340707e-16
32,87,3.4730986446914175e-30
32,88,7.807200045327645e-16
32,89,2.323041577945708e-30
32,90,1.5379299235291054e-30
32,91,2.1611562182374273e-30
32,92,4.129785335941326e-30
32,93,1.3694885333418543e-30
32,94,1.2819671774183213e-15
32,95,2.6542665580136054e-31
32,96,8.898803870381473e-31
32,97,3.4524374278146625e-30
32,98,1.7315718642394667e-30
32,99,6.227729759817241e-16
32,100,4.898837394386046e-31
32,101,1.1084381979942877e-30
32,102,3.680131184155759e-30
32,103,6.111097718590607e-31
32,104,2.334023400206673e-30
32,105,1.3711136355864337e-30
32,106,3.333252853233375e-30
32,107,1.5897640473751748e-30
32,108,1.5287075790494622e-30
32,109,2.8421372672320395e-30
32,110,2.6827291650934538e-30
32,111,1.7922203571093803e-30
32,112,1.6171576491731602e-30
32,113,3.9405453846266904e-31
32,114,2.153665998482409e-30
32,115,1.7746638725841299e-15
32,116,3.1101903594858497e-16
32,117,2.383108421887624e-30
32,118,2.560566485650788e-30
32,119,2.7749625549019916e-30
32,120,1.1468468583161329e-30
32,121,1.281629718013719e-30
32,122,1.2180182919548953e-30
32,123,9.136554669940711e-31
32,124,1.2825600062395962e-30
32,125,2.8096924351490483e-30
32,126,4.213251007837508e-30
32,127,2.6396024647095324e-31
32,128,3.470928645251628e-30
32,129,1.1883217154449657e-30
32,130,2.7410221528914824e-30
32,131,5.281656465005459e-30
32,132,1.654653745237466e-30
32,133,1.7866490868253612e-30
32,134,1.271511077258305e-30
32,135,1.535810364456767e-30
32,136,1.6462771671836565e-30
32,137,9.149351584844146e-31
32,138,3.0110136241029207e-30
32,139,2.4040576346708944e-30
32,140,2.6401954902293178e-30
32,141,3.301145747904509e-30
32,142,3.06495416212218e-30
32,143,1.4962931118541685e-30
32,144,8.614779117033247e-31
32,145,1.896051866673901e-30
32,146,6.222469891608619e-32
32,147,5.344475827507862e-16
32,148,1.4140282508276199e-30
32,149,1.1549950577096903e-30
33,34,1.0343327622545666e-29
33,35,1.9270042559374784e-30
33,36,2.4063098494040435e-31
33,37,7.853980900911713e-31
33,38,8.20755633715586e-31
33,39,9.181110582188583e-31
33,40,7.268175181731496e-31
33,41,5.853983251633235e-31
33,42,9.655091818673274e-31
33,43,1.197750059665074e-30
33,44,2.0016701528173595e-30
33,45,1.0316110127667893e-30
33,46,2.079598405376208e-30
33,47,1.0431752584617454e-30
33,48,1.4262118110498168e-30
33,49,1.388693019118358e-30
33,50,8.014492512966807e-31
33,51,1.5552070581791209e-30
33,52,1.5124052215606743e-30
33,53,1.4738883664834274e-30
33,54,1.158002667021197e-30
33,55,8.671516435648275e-31
33,56,5.17025888155631e-31
33,57,1.6034693457038086e-30
33,58,1.0922327903360973e-30
33,59,1.5920231668492784e-30
33,60,1.4093492403740566e-30
33,61,7.975098772115349e-31
33,62,2.5180010559396952e-31
33,63,2.7223020688652187e-30
33,64,8.54222721480493e-31
33,65,4.993058826865097e-31
33,66,2.4031394602142094e-31
33,67,1.1548730293430872e-30
33,68,1.779997700875084e-30
33,69,1.7586305535969785e-30
33,70,1.896058682059668e-30
33,71,3.4708883317720875e-31
33,72,7.059173564333827e-31
33,73,6.695740361798094e-31
33,74,9.84114695626481e-31
33,75,1.5510095683474531e-30
33,76,2.0826201471924316e-30
33,77,1.074136916146508e-30
33,78,3.714876273478281e-30
33,79,1.2181184822596222e-30
33,80,4.272408420080356e-31
33,81,9.93056417690835e-31
33,82,1.0776941267448965e-30
33,83,9.736610505021732e-31
33,84,2.320246106270648e-30
33,85,4.054662497817678e-31
33,86,6.742732344949118e-31
33,87,1.2778107325576822e-30
33,88,1.5700924586837705e-16
33,89,1.2971376846906753e-30
33,90,1.9993696660219435e-30
33,91,1.244598860926344e-30
33,92,1.1154757493031449e-30
33,93,1.84191446346728e-30
33,94,5.402908929844036e-31
33,95,3.800219565263974e-31
33,96,1.1629301376529875e-30
33,97,1.9182105893694034e-30
33,98,7.769268707661051e-31
33,99,9.566618574882208e-16
33,100,9.657338690702916e-32
33,101,1.0748987710345417e-30
33,102,2.152490480333779e-30
33,103,1.0080085711521117e-30
33,104,8.929294669662049e-31
33,105,1.0604733309119827e-30
33,106,3.1413841935423423e-30
33,107,1.5119747863706288e-30
33,108,5.341447957681314e-31
33,109,1.1432169625462855e-30
33,110,9.685614759791547e-31
33,111,7.454984086531709e-31
33,112,7.5329291576253066e-31
33,113,1.018290723632976e-31
33,114,1.5978520529437714e-30
33,115,4.585973723508306e-16
33,116,1.1526226782175822e-30
33,117,1.3370854630603377e-30
33,118,1.2991701526917694e-30
33,119,1.2659975317173377e-30
33,120,1.3059536226162952e-30
33,121,8.569554290960643e-31
33,122,1.1433634462764025e-30
33,123,5.1675274533564e-31
33,124,9.56170569897554e-31
33,125,1.0223679610886361e-30
33,126,1.3565798632107112e-30
33,127,2.605141549058133e-31
33,128,8.492913017852513e-31
33,129,4.970393736536348e-31
33,130,9.149228468562273e-31
33,131,1.1939899449625968e-30
33,132,8.73985445800403e-31
33,133,9.330208489199231e-31
33,134,1.1857071890291614e-30
33,135,7.794994020312111e-31
33,136,9.877105205373094e-31
33,137,3.097798379919169e-31
33,138,2.289754791139679e-30
33,139,7.586613197218545e-31
33,140,7.538780980130573e-31
33,141,2.0407440231732675e-30
33,142,1.8436168316905914e-30
33,143,2.2085576170658077e-31
33,144,1.3246272833988932e-30
33,145,1.0542346912860432e-30
33,146,9.558538719967728e-32
33,147,1.0767335056876612e-30
33,148,1.1548541229148397e-30
33,149,7.978353856967332e-31
34,35,9.547708654454015e-16
34,36,3.480794229301317e-30
34,37,1.9812857052867847e-15
34,38,3.71531750225857e-30
34,39,1.902799709043509e-15
34,40,9.88948611156592e-30
34,41,9.075650758359063e-30
34,42,1.528257421216905e-29
34,43,1.695938634819195e-15
34,44,2.2837444855347255e-29
34,45,1.1652424978003411e-29
34,46,2.4453481594967357e-29
34,47,1.4071042892939522e-29
34,48,1.713155809016701e-29
34,49,2.3381601905056256e-15
34,50,9.051622595090002e-30
34,51,6.158003368261274e-16
34,52,1.508946132352575e-29
34,53,1.4694914721250158e-29
34,54,8.042875673032146e-16
34,55,5.136277782067818e-16
34,56,6.044176824673723e-30
34,57,2.0890284359023982e-16
34,58,1.1801906643970116e-29
34,59,1.3157152604607443e-29
34,60,1.3622319524650804e-29
34,61,2.0773472972505316e-15
34,62,5.507983603302307e-30
34,63,2.700161804939406e-29
34,64,7.22667413560828e-30
34,65,4.687553688447999e-30
34,66,2.6960599014583776e-30
34,67,2.4510722209827406e-15
34,68,8.730299199337534e-30
34,69,7.479378332881748e-16
34,70,1.41655956143636e-29
34,71,6.42628393287561e-30
34,72,1.02509872966928e-29
34,73,8.184287229725748e-30
34,74,8.501183775603997e-30
34,75,1.7119141169856598e-29
34,76,3.853560234393512e-16
34,77,9.637532444884652e-30
34,78,5.794834233402236e-16
34,79,1.2046084507739628e-29
34,80,7.427824264461147e-30
34,81,8.385712907435552e-30
34,82,1.2146831465412683e-29
34,83,4.0305421537654286e-15
34,84,2.9914590727394675e-29
34,85,8.934608967431449e-30
34,86,3.149621937502337e-15
34,87,6.0100450522682655e-30
34,88,2.737254242892759e-15
34,89,1.40732229568958e-29
34,90,2.5692946623882326e-29
34,91,4.0354457093774293e-16
34,92,3.9661178499384134e-16
34,93,2.1932890878528293e-29
34,94,1.2639056977748457e-15
34,95,4.05464281099813e-30
34,96,4.4152469537298533e-16
34,97,9.634062131311387e-16
34,98,1.3202748274699714e-29
34,99,1.0991357690065939e-14
34,100,8.403538582086032e-31
34,101,1.4456561823950428e-15
34,102,2.7687968888280163e-29
34,103,1.1451739374831982e-29
34,104,1.4753458236499725e-29
34,105,9.548073519040378e-30
34,106,4.1382082742559394e-29
34,107,1.3183435103086165e-29
34,108,5.984660044733227e-30
34,109,1.5352414988384914e-29
34,110,2.359581536746594e-30
34,111,8.07848521515511e-30
34,112,8.45307129333669e-30
34,113,3.2192828178457057e-31
34,114,3.353387508222858e-15
34,115,1.449836089885016e-15
34,116,7.357014161126563e-16
34,117,7.742854247015246e-30
34,118,1.5297416549682683e-16
34,119,1.0378623061288733e-29
34,120,5.974831893198878e-16
34,121,1.566049997395023e-20
34,122,1.4665932126356857e-29
34,123,6.300416417477e-30
34,124,1.1197322482236255e-29
34,125,1.3305516076560547e-29
34,126,5.629815767654385e-30
34,127,2.355231485223449e-30
34,128,1.066010581430355e-29
34,129,4.874906593613113e-30
34,130,1.2309253109913252e-29
34,131,1.0259172843086203e-29
34,132,1.2124335188408062e-29
34,133,4.42013358233907e-30
34,134,1.372296813429313e-29
34,135,1.1721025792625543e-16
34,136,1.0538994002777905e-29
34,137,4.291123176052274e-30
34,138,2.2448042193750442e-29
34,139,9.902499379530762e-30
34,140,9.683709290068474e-30
34,141,2.2085228592863184e-29
34,142,1.5593516333567213e-20
34,143,3.1013071831714663e-30
34,144,1.4805166291292465e-29
34,145,1.5658012903131022e-29
34,146,1.0982074517045736e-30
34,147,8.166472453013191e-16
34,148,1.2229069091000755e-29
34,149,6.620417180768149e-30
35,36,6.353189284569942e-31
35,37,1.8260946317104687e-30
35,38,2.9778413934098595e-30
35,39,5.581498056676063e-16
35,40,1.613076843375843e-30
35,41,2.2558455795819416e-30
35,42,1.972624488685068e-30
35,43,3.269097490611971e-30
35,44,3.4556676911439316e-30
35,45,2.4729268708639978e-30
35,46,3.589165680780917e-30
35,47,3.180354894084518e-30
35,48,2.4285400722535894e-30
35,49,1.6656958984559149e-16
35,50,1.3513636522366927e-30
35,51,2.9445921775708687e-30
35,52,3.769702104350498e-30
35,53,2.878660268785113e-30
35,54,4.8838641214377475e-30
35,55,3.500067605564423e-30
35,56,9.03086500753113e-31
35,57,3.608736766871e-30
35,58,1.888463425176607e-30
35,59,3.337490340234193e-30
35,60,4.505174612511852e-30
35,61,5.490064082473005e-16
35,62,1.1156983259862542e-30
35,63,4.679569483913566e-30
35,64,3.426047487861581e-30
35,65,1.930654347481086e-30
35,66,4.832572708227973e-31
35,67,5.031535492555313e-16
35,68,5.5787963654363545e-30
35,69,4.59063777593506e-30
35,70,3.2432459157458245e-30
35,71,1.3091168147419315e-30
35,72,1.1441273739039507e-30
35,73,1.2526080679815144e-30
35,74,1.6944712820519788e-30
35,75,2.812600445725377e-30
35,76,3.546024023565532e-30
35,77,1.909702932262882e-30
35,78,7.898945167470261e-30
35,79,2.7538423572741905e-30
35,80,1.498457267565756e-30
35,81,2.4783540688458605e-30
35,82,2.7909255342315607e-30
35,83,2.049521317764715e-30
35,84,4.045289270227982e-30
35,85,2.0644032493899217e-30
35,86,1.5606297011863721e-30
35,87,4.069698335949653e-30
35,88,4.452261667131186e-16
35,89,2.272314253999975e-30
35,90,3.2990357993522214e-30
35,91,2.425020679282808e-30
35,92,4.56624910902504e-30
35,93,3.178832080240787e-30
35,94,2.1395778308360504e-30
35,95,6.540244549887249e-31
35,96,1.9730501568640107e-30
35,97,4.68054612662436e-30
35,98,1.533920322656848e-30
35,99,1.6262493657593073e-15
35,100,5.052419993118673e-31
35,101,1.9671953749637144e-30
35,102,3.870437790441522e-30
35,103,1.7515932670270347e-30
35,104,2.3327857352387597e-30
35,105,2.107974561296586e-30
35,106,5.631211564997509e-30
35,107,2.9698873662171045e-30
35,108,1.7569176475004166e-30
35,109,2.9347387957820752e-30
35,110,3.343241978448188e-30
35,111,1.7905097395747924e-30
35,112,1.9103201187178284e-30
35,113,4.270168467658218e-31
35,114,3.1043387358790126e-30
35,115,1.9231129119754805e-15
35,116,2.1683151603496115e-30
35,117,3.3274776848245625e-30
35,118,2.5251482014729057e-30
35,119,3.1895837266111276e-30
35,120,2.24877971558291e-30
35,121,1.4983743913437607e-30
35,122,1.9570955477774534e-30
35,123,8.801013265125443e-31
35,124,1.7382825250325185e-30
35,125,2.960707774250247e-30
35,126,4.691932889224458e-30
35,127,4.948153753402061e-31
35,128,3.4908042283222745e-30
35,129,1.2682392744594412e-30
35,130,2.0337708735331235e-30
35,131,5.600943424318945e-30
35,132,1.5709493357229817e-30
35,133,2.544606448074568e-30
35,134,2.120705096140932e-30
35,135,1.5204542675113773e-30
35,136,1.7195956315111018e-30
35,137,8.932061155135368e-31
35,138,4.664225854678356e-30
35,139,2.5680762816914814e-30
35,140,2.6989797705875716e-30
35,141,3.832825028994448e-30
35,142,4.5382237273458216e-30
35,143,1.4533110818077348e-30
35,144,2.2475520778676925e-30
35,145,2.0346180125334137e-30
35,146,1.6248758544368634e-31
35,147,1.9513395705904747e-30
35,148,2.03634597302687e-30
35,149,1.670038092984934e-30
36,37,3.9794186957343185e-31
36,38,5.288136091524201e-31
36,39,7.991620438316706e-31
36,40,3.0896721425385736e-31
36,41,4.412981133047313e-31
36,42,4.402044582218189e-31
36,43,5.1939946998428545e-31
36,44,5.344225000815034e-31
36,45,4.540688168218215e-31
36,46,6.673260121999875e-31
36,47,6.8104300488162e-31
36,48,4.206067280965543e-31
36,49,3.911778083726639e-31
36,50,2.016819686064093e-31
36,51,3.3105303978009692e-31
36,52,6.8071012094202555e-31
36,53,4.192465479498765e-31
36,54,8.483315938426756e-31
36,55,6.097263806609778e-31
36,56,1.3521061638331155e-31
36,57,5.11242080029149e-31
36,58,2.687383098345716e-31
36,59,4.510720995735145e-31
36,60,8.190063795294574e-31
36,61,5.184603246828215e-31
36,62,2.5811039168158472e-31
36,63,5.995112465872398e-31
36,64,6.253620426103389e-31
36,65,3.5816665535665013e-31
36,66,8.118033366781746e-32
36,67,8.585002835666498e-31
36,68,9.994793935972777e-31
36,69,6.916115736634772e-31
36,70,3.540544451382417e-31
36,71,2.7918670119117025e-31
36,72,2.2791901551134463e-31
36,73,2.3554343682274455e-31
36,74,1.9465949777028258e-31
36,75,3.7493763539760147e-31
36,76,4.8129287192344145e-31
36,77,2.361389297214141e-31
36,78,1.0875832790495998e-30
36,79,4.535393665847734e-31
36,80,3.0073456248568983e-31
36,81,3.7969315076522746e-31
36,82,4.858509676895991e-31
36,83,4.26166310976606e-31
36,84,7.051199008989425e-31
36,85,3.5961570911329598e-31
36,86,2.6114387612779252e-31
36,87,6.570002244054721e-31
36,88,1.5944364291470365e-16
36,89,4.8386751056397045e-31
36,90,5.712624841342868e-31
36,91,5.1312087851400445e-31
36,92,7.470284235445256e-31
36,93,4.609700237621592e-31
36,94,3.6520963997541567e-31
36,95,8.917081217578693e-32
36,96,2.8332095318204136e-31
36,97,6.617153819259104e-31
36,98,3.5169666873859544e-31
36,99,2.47111343930682e-16
36,100,9.483579466330849e-32
36,101,2.6078924649883293e-31
36,102,8.338650052344005e-31
36,103,2.523918617875867e-31
36,104,5.179993186854116e-31
36,105,2.6898757817295795e-31
36,106,1.0324945621319551e-30
36,107,3.6126519543025254e-31
36,108,2.9071010854215986e-31
36,109,6.067291338878605e-31
36,110,5.1966969848438975e-31
36,111,3.3351424419157623e-31
36,112,3.060324589074282e-31
36,113,7.497583681086727e-32
36,114,6.1464120950521755e-31
36,115,3.376611507232131e-16
36,116,2.9231732247174945e-31
36,117,4.622912267878781e-31
36,118,5.186570607093374e-31
36,119,5.176459058931821e-31
36,120,3.6169965226023465e-31
36,121,2.966908604871867e-31
36,122,3.438067875337112e-31
36,123,1.7934199459106175e-31
36,124,3.319393183097188e-31
36,125,5.540664909852447e-31
36,126,7.989411691913705e-31
36,127,6.034233433922221e-32
36,128,6.681221858188545e-31
36,129,2.1858887818227736e-31
36,130,5.068085102920188e-31
36,131,1.0223610695788202e-30
36,132,3.328226507804354e-31
36,133,3.511940937349578e-31
36,134,2.936587351251929e-31
36,135,3.42494599577612e-31
36,136,2.9655562326777755e-31
36,137,1.866902440078009e-31
36,138,6.011378067084159e-31
36,139,4.614149863425451e-31
36,140,5.017681088557979e-31
36,141,6.702791834785227e-31
36,142,6.063777124787353e-31
36,143,2.9114765387676955e-31
36,144,3.279342302841975e-31
36,145,4.3799235538873425e-31
36,146,2.4690263656025056e-32
36,147,2.4788831281638546e-31
36,148,2.810824502873041e-31
36,149,2.1614591104485613e-31
37,38,1.1198863180705005e-30
37,39,4.322212449724799e-16
37,40,1.0531743401347355e-30
37,41,1.3371458921167452e-30
37,42,1.4680874362416008e-30
37,43,1.089845399713299e-30
37,44,2.0000141260531888e-30
37,45,1.3913780801012493e-30
37,46,2.6133552644216874e-30
37,47,1.9876823464414406e-30
37,48,1.750911286915676e-30
37,49,3.424750116624315e-16
37,50,8.536689114824295e-31
37,51,1.000733308259707e-30
37,52,1.8637051696304137e-30
37,53,1.2866526144376602e-30
37,54,1.9136812343371383e-30
37,55,1.1189920673425612e-30
37,56,4.942752259485477e-31
37,57,1.4214162530756192e-30
37,58,9.740709009537687e-31
37,59,1.0465360037077209e-30
37,60,2.2146583196429927e-30
37,61,3.608224830031756e-16
37,62,6.624254897303283e-31
37,63,2.26573164215607e-30
37,64,1.6093432600282133e-30
37,65,8.898910384074204e-31
37,66,2.7920977663374957e-31
37,67,6.47860578719125e-16
37,68,2.0213074411617034e-30
37,69,1.1551531778170752e-30
37,70,1.2490683356442356e-30
37,71,8.434702654179505e-31
37,72,1.1822787700694568e-30
37,73,1.0065612875944946e-30
37,74,6.82547428221576e-31
37,75,1.450751814565034e-30
37,76,1.8591110538124732e-30
37,77,8.728906314654823e-31
37,78,2.4961609819342174e-30
37,79,1.3722653823586097e-30
37,80,1.0414138697897012e-30
37,81,9.483657084543137e-31
37,82,1.5244829664451105e-30
37,83,1.3288197289627979e-30
37,84,2.7369501178003408e-30
37,85,8.4004299925513e-31
37,86,7.040524611176746e-31
37,87,1.4573756766120786e-30
37,88,9.1150764012632e-16
37,89,1.6171303643555756e-30
37,90,2.6269887092579585e-30
37,91,1.9351628079656353e-30
37,92,2.0155998468489167e-30
37,93,1.994711779521846e-30
37,94,9.245628779984352e-31
37,95,3.348080445635826e-31
37,96,1.0858946859088257e-30
37,97,1.2994574975805656e-30
37,98,1.3054662385298627e-30
37,99,9.437150812259326e-16
37,100,2.468752538022904e-31
37,101,9.271867208854224e-31
37,102,2.9258215895831102e-30
37,103,9.028106490509977e-31
37,104,1.8637991152927376e-30
37,105,7.280938697743668e-31
37,106,3.8762073729328316e-30
37,107,9.889444058542289e-31
37,108,8.362136505566333e-31
37,109,2.0701946117517843e-30
37,110,1.2932816784956344e-30
37,111,8.773021615789093e-31
37,112,1.0545621297688565e-30
37,113,1.7882091001007182e-31
37,114,2.5207464612719592e-30
37,115,8.053377836874129e-16
37,116,1.0306364808541918e-30
37,117,8.643599647960766e-31
37,118,1.855138664377107e-30
37,119,1.183299688258845e-30
37,120,1.3587503166864771e-30
37,121,1.0899914738818665e-30
37,122,1.3457083665815798e-30
37,123,6.357345995194531e-31
37,124,1.2630361541603179e-30
37,125,1.702980085772428e-30
37,126,1.8129542823669166e-30
37,127,1.6891956275658809e-31
37,128,1.6893605978726615e-30
37,129,5.902832787621779e-31
37,130,1.4265562839758267e-30
37,131,2.6079409248377746e-30
37,132,1.1956868634897499e-30
37,133,7.494059865147808e-31
37,134,1.1269516700563029e-30
37,135,1.2512303821452207e-30
37,136,9.935866995765931e-31
37,137,5.801474701441908e-31
37,138,1.9044488298732373e-30
37,139,1.4483187206889721e-30
37,140,1.4243696794768086e-30
37,141,2.249922699868553e-30
37,142,1.1791507682322986e-30
37,143,7.733562322104475e-31
37,144,1.2512271965122136e-30
37,145,1.4617317498729536e-30
37,146,9.42918030431314e-32
37,147,7.39257086361085e-31
37,148,1.0608240701804586e-30
37,149,5.683844515973685e-31
38,39,3.462240266919488e-30
38,40,1.24215674576657e-30
38,41,1.8308707853713865e-30
38,42,1.6377304624852982e-30
38,43,2.4451358830393475e-30
38,44,7.997744146417389e-31
38,45,2.156349434874833e-30
38,46,2.699426827684861e-30
38,47,2.6218147915223873e-30
38,48,1.688104870103917e-30
38,49,9.183294956065828e-31
38,50,5.638226532352879e-31
38,51,1.58356482076978e-30
38,52,3.1625039436873695e-30
38,53,2.0519521520617037e-30
38,54,3.955585521806288e-30
38,55,2.904212353372527e-30
38,56,4.945756859983676e-31
38,57,2.3798076166613716e-30
38,58,7.866392568456681e-31
38,59,2.2325217322269197e-30
38,60,3.5100884388282895e-30
38,61,3.359322356435558e-16
38,62,1.074131577785692e-30
38,63,1.7574105800852212e-30
38,64,2.7881833105769257e-30
38,65,1.6336764075086127e-30
38,66,3.9168233268582647e-31
38,67,3.1797877928536986e-30
38,68,5.0628191376484355e-30
38,69,3.3584662737141274e-30
38,70,1.0389401877841346e-30
38,71,1.2171338603606858e-30
38,72,7.870211816867617e-31
38,73,6.669181186252417e-31
38,74,7.866091070571936e-31
38,75,1.769789874606114e-30
38,76,1.8134846357247457e-30
38,77,1.1428956374931835e-30
38,78,5.1170639812173976e-30
38,79,2.1208090246637757e-30
38,80,1.1501731671457326e-30
38,81,1.8171907258314328e-30
38,82,2.223658648016085e-30
38,83,1.727133858419109e-30
38,84,1.0169106476052458e-30
38,85,1.6301486603855016e-30
38,86,1.3792156289590962e-30
38,87,3.0996702051798492e-30
38,88,5.239209533162318e-16
38,89,1.979560375933705e-30
38,90,1.0741603049011977e-30
38,91,1.6153844460867055e-30
38,92,3.512194038063559e-30
38,93,1.4348704563527354e-30
38,94,1.6149309792028632e-30
38,95,2.590836752113439e-31
38,96,8.659720637469302e-31
38,97,3.195699806377777e-30
38,98,1.2035248976241157e-30
38,99,2.2033036935636058e-16
38,100,4.148933152963669e-31
38,101,1.1408049201412426e-30
38,102,2.81660167069842e-30
38,103,3.2899056482874136e-31
38,104,1.6909005554016822e-30
38,105,1.3014088468702725e-30
38,106,1.7114949060609003e-30
38,107,1.5547065027664e-30
38,108,1.3483119620360974e-30
38,109,2.264526961506299e-30
38,110,2.2838410289310297e-30
38,111,1.4952058734881285e-30
38,112,1.3648696034300832e-30
38,113,3.433759720366053e-31
38,114,1.1373580838650658e-30
38,115,1.5464278997120383e-15
38,116,1.3026373994336822e-30
38,117,2.2548388836349985e-30
38,118,2.0225390962679644e-30
38,119,2.5551090365627517e-30
38,120,6.300734141038233e-31
38,121,1.0468443171802196e-30
38,122,9.293757785578575e-31
38,123,8.341275618006276e-31
38,124,8.743175147247819e-31
38,125,2.4188659133765667e-30
38,126,3.748866687072793e-30
38,127,2.60947374625416e-31
38,128,2.994192052559132e-30
38,129,1.0520200041891887e-30
38,130,2.5307666213740753e-30
38,131,4.514497865354139e-30
38,132,1.4638702134669806e-30
38,133,1.5404160597693736e-30
38,134,1.122538734072119e-30
38,135,1.133962130360808e-30
38,136,1.4413655258318777e-30
38,137,7.4562735935969725e-31
38,138,2.8949431222565763e-30
38,139,1.9976559241261257e-30
38,140,2.3987742231260537e-30
38,141,2.7633649181681463e-30
38,142,2.7572208385259156e-30
38,143,1.2689325549467496e-30
38,144,6.89746929671467e-31
38,145,1.4079182862888826e-30
38,146,2.2014428088594548e-32
38,147,8.841822974673733e-31
38,148,1.306421816325381e-30
38,149,1.0714963017657263e-30
39,40,8.196416978479417e-16
39,41,2.086401656454356e-16
39,42,3.1953623749702405e-30
39,43,1.0530900294977146e-15
39,44,5.683119316658225e-16
39,45,3.151974468705945e-30
39,46,8.353576445049612e-16
39,47,8.838382062470487e-16
39,48,7.2994403842193725e-16
39,49,6.977816390137171e-16
39,50,9.311914990979762e-31
39,51,2.1711351686622112e-30
39,52,1.0187720237662681e-15
39,53,5.635502258849626e-16
39,54,2.2548736224414546e-16
39,55,3.580260812582271e-16
39,56,8.081352717327503e-31
39,57,2.224778631027183e-16
39,58,1.5053460478804718e-30
39,59,4.200324034738543e-16
39,60,5.048361435422502e-30
39,61,1.955685116924191e-15
39,62,1.367804218184533e-30
39,63,1.1231580982095301e-16
39,64,3.997909517752795e-30
39,65,1.1471494322072138e-16
39,66,5.20733293505009e-31
39,67,8.214974308253646e-16
39,68,1.2707157743092523e-15
39,69,1.9702865153160497e-16
39,70,6.926740195759257e-16
39,71,2.009827806005412e-30
39,72,3.831510959494979e-16
39,73,2.222342593107111e-16
39,74,1.1569448177631968e-16
39,75,5.730787064327494e-16
39,76,5.6063518792863e-16
39,77,4.817411735555322e-16
39,78,4.677452743560218e-16
39,79,3.7604707972092177e-16
39,80,1.9127419303952813e-30
39,81,1.5546568176875545e-15
39,82,9.19841928194099e-16
39,83,4.839474334053654e-16
39,84,3.848783876406046e-30
39,85,1.8985702117576044e-30
39,86,2.5598782462799957e-16
39,87,3.994163861156964e-30
39,88,1.1147356631444667e-15
39,89,3.5469899015516737e-16
39,90,1.3018518929051687e-16
39,91,3.855937551660799e-16
39,92,8.341693406659758e-16
39,93,4.4285421263592223e-16
39,94,2.9634972208598817e-16
39,95,4.247919017312627e-31
39,96,1.4573505428210342e-30
39,97,3.77210650933478e-30
39,98,8.300144269932467e-16
39,99,1.5692719934629639e-15
39,100,6.0739498290234055e-31
39,101,4.460499977592473e-16
39,102,6.261943282059018e-16
39,103,1.205681540863053e-30
39,104,3.526359319156367e-30
39,105,1.5040866722246373e-30
39,106,1.475229079552584e-16
39,107,1.5703600578588834e-30
39,108,3.50053271248302e-16
39,109,4.44670952211316e-16
39,110,3.006452586112657e-30
39,111,7.323738727670763e-16
39,112,9.568191240389292e-16
39,113,4.717218549591183e-31
39,114,8.88479938719253e-16
39,115,2.124446370216405e-15
39,116,1.084202172487546e-19
39,117,2.5396048215225234e-30
39,118,4.510281037539692e-16
39,119,3.285463586054064e-30
39,120,7.700067030605296e-16
39,121,2.8305244335018344e-16
39,122,1.9790171391008817e-30
39,123,1.3318395834714737e-30
39,124,1.9312263738500666e-30
39,125,4.2525853522058912e-16
39,126,4.972850344862458e-30
39,127,2.6668687661700508e-31
39,128,5.331897728912852e-16
39,129,2.2253238365270106e-16
39,130,2.9373772244579676e-16
39,131,2.2410183525673157e-16
39,132,4.3408660449215007e-16
39,133,1.8418902496955675e-30
39,134,5.095718837926681e-16
39,135,5.42666311428082e-16
39,136,5.744214025652355e-16
39,137,1.2214390539531088e-30
39,138,4.414794563419541e-16
39,139,2.963687610498283e-16
39,140,1.0314473817308897e-15
39,141,1.7109905748153701e-16
39,142,4.163336342344312e-17
39,143,1.933125186619336e-30
39,144,1.626223241230547e-30
39,145,2.189877978683792e-16
39,146,1.1798385192204442e-31
39,147,7.00875500393192e-16
39,148,1.8563776450672883e-30
39,149,1.3339290338484449e-30
40,41,1.1241053890982088e-30
40,42,1.396584569539675e-30
40,43,1.5404801043954957e-30
40,44,1.8172039135755137e-30
40,45,1.1468612673881652e-30
40,46,1.762850931959058e-30
40,47,1.875065247860342e-30
40,48,1.178094355839735e-30
40,49,1.2533302082415615e-16
40,50,5.628458249748985e-31
40,51,1.2416100812835023e-30
40,52,1.7608907226136718e-30
40,53,9.991022822286994e-31
40,54,2.033209317876947e-30
40,55,1.3930704731835593e-30
40,56,4.242459892811832e-31
40,57,1.35156474237293e-30
40,58,8.822805444870916e-31
40,59,1.2110273892385198e-30
40,60,2.038004868530729e-30
40,61,4.135487626164372e-16
40,62,7.119198557528126e-31
40,63,1.87574946674137e-30
40,64,1.5530571535515091e-30
40,65,8.577232144457916e-31
40,66,2.0082655082367284e-31
40,67,2.2644749320506745e-30
40,68,2.739903703400408e-30
40,69,1.701360435913117e-30
40,70,1.32475917393414e-30
40,71,7.183682305036965e-31
40,72,5.7122527794134304e-31
40,73,6.97202438421984e-31
40,74,7.684017902929699e-31
40,75,1.0699287938051258e-30
40,76,1.4514827616076027e-30
40,77,6.611221560614676e-31
40,78,2.7824497477580437e-30
40,79,1.2438191995275982e-30
40,80,7.75273830475017e-31
40,81,1.3855800364186524e-30
40,82,1.180304637882687e-30
40,83,1.1773598116990785e-30
40,84,2.0862554284044912e-30
40,85,8.361846737593745e-31
40,86,6.466429220950619e-31
40,87,1.6568613188178278e-30
40,88,5.367672863358302e-16
40,89,1.2673656379424832e-30
40,90,1.4169853957634742e-30
40,91,1.3667932146909999e-30
40,92,2.0030777780464345e-30
40,93,1.2592117896332366e-30
40,94,9.305767957008123e-31
40,95,2.7857047851357397e-31
40,96,8.726123819888967e-31
40,97,1.749111256676021e-30
40,98,9.893675684838303e-31
40,99,7.612886893384984e-16
40,100,2.357331902732965e-31
40,101,7.606427078417166e-31
40,102,2.2924256347291245e-30
40,103,8.291665285813489e-31
40,104,1.3600845582805319e-30
40,105,7.51581804521167e-31
40,106,3.0835148538988912e-30
40,107,1.0976670483714579e-30
40,108,7.165832746225635e-31
40,109,1.5420734737694137e-30
40,110,1.4216261039731839e-30
40,111,9.807645904245087e-31
40,112,8.379979886418275e-31
40,113,1.8632812340179415e-31
40,114,1.720673605216229e-30
40,115,8.391472671209644e-16
40,116,7.530590349407051e-31
40,117,1.2361620287951802e-30
40,118,1.3490613450811934e-30
40,119,1.2589354115371196e-30
40,120,1.1119645633935818e-30
40,121,8.374577656942226e-31
40,122,9.96792897784214e-31
40,123,5.551673083301191e-31
40,124,9.171028725113732e-31
40,125,1.3903487931259352e-30
40,126,1.973699344648238e-30
40,127,1.8038044527746755e-31
40,128,1.6777644346138744e-30
40,129,5.4393328607894364e-31
40,130,1.404098002222234e-30
40,131,2.5275239058163735e-30
40,132,1.0384126151040596e-30
40,133,1.0306655537690039e-30
40,134,9.64167160740967e-31
40,135,9.893814625433123e-31
40,136,8.634893266007752e-31
40,137,4.757986677996736e-31
40,138,1.6378014345696356e-30
40,139,1.1678437097304994e-30
40,140,1.1966836520551076e-30
40,141,1.787916974846411e-30
40,142,1.7881406495737787e-30
40,143,7.237965606855227e-31
40,144,1.0057573084832467e-30
40,145,1.2947511699071398e-30
40,146,7.606457137552506e-32
40,147,9.311239454964218e-31
40,148,8.436961324805408e-31
40,149,5.960846335305634e-31
41,42,1.305930453855086e-30
41,43,1.8526101979118773e-30
41,44,1.3215278103515282e-30
41,45,1.7169979909307468e-30
41,46,2.319288902868245e-30
41,47,2.2802942504075878e-30
41,48,1.3884064681555796e-30
41,49,3.757268488191712e-16
41,50,5.0415410927019005e-31
41,51,1.2124493462191307e-30
41,52,2.5413088817654493e-30
41,53,1.4888068730394146e-30
41,54,3.0120867567662352e-30
41,55,1.9332523009335046e-30
41,56,4.02626672802619e-31
41,57,1.841372143206026e-30
41,58,6.877309025109749e-31
41,59,1.6077647393336202e-30
41,60,2.99266293279348e-30
41,61,2.7807568622076167e-16
41,62,9.410486571536205e-31
41,63,1.343129145188297e-30
41,64,2.2941938607958658e-30
41,65,1.230476307722576e-30
41,66,2.935467681410493e-31
41,67,2.6964210477252283e-16
41,68,3.523055808036268e-30
41,69,2.3155602519278527e-30
41,70,1.0010093389976814e-30
41,71,1.023363292263814e-30
41,72,8.396482394318631e-31
41,73,7.56697559340794e-31
41,74,4.809328266467067e-31
41,75,1.1261236854574377e-30
41,76,1.2312374479927446e-30
41,77,8.460463115577468e-31
41,78,3.4683617413041266e-30
41,79,1.6025819856563337e-30
41,80,1.112503603520879e-30
41,81,1.381416567574967e-30
41,82,1.7860615420570214e-30
41,83,1.4101833631743267e-30
41,84,1.805320945069096e-30
41,85,1.1731975188994771e-30
41,86,8.494034497165952e-31
41,87,2.421480260351501e-30
41,88,2.9439233600320823e-16
41,89,1.7664150802946647e-30
41,90,1.2802040032064565e-30
41,91,1.6284893666821213e-30
41,92,2.683530444580126e-30
41,93,9.80153237518382e-31
41,94,1.3577301874650765e-30
41,95,2.0095464514721476e-31
41,96,6.691920469038444e-31
41,97,2.389229786733184e-30
41,98,1.1720647769315981e-30
41,99,5.647850449853791e-16
41,100,3.4704886957361317e-31
41,101,7.959104863465091e-31
41,102,2.7629464691210635e-30
41,103,5.5864909835809855e-31
41,104,1.756164497431556e-30
41,105,9.361995317165759e-31
41,106,2.798799577813774e-30
41,107,1.1106162304316678e-30
41,108,1.1543003253346825e-30
41,109,2.1331941274773934e-30
41,110,1.945690980233944e-30
41,111,1.1901411374859786e-30
41,112,1.1743640923212206e-30
41,113,2.7609641597998246e-31
41,114,1.802307175546213e-30
41,115,1.243427716125779e-15
41,116,7.916301443386556e-31
41,117,1.632873958053583e-30
41,118,1.953337930679814e-30
41,119,1.8778314729594226e-30
41,120,8.586570207840594e-31
41,121,9.316290942356462e-31
41,122,9.758411662533242e-31
41,123,5.591364590456491e-31
41,124,9.863858908740317e-31
41,125,2.1293018186866333e-30
41,126,2.9207157406601274e-30
41,127,1.7973417642313293e-31
41,128,2.5350783077536404e-30
41,129,8.207048484340154e-31
41,130,1.618387535702832e-30
41,131,3.730989918069825e-30
41,132,1.1474930874449669e-30
41,133,1.2949227156086249e-30
41,134,9.244644689081928e-31
41,135,1.1342121630992788e-30
41,136,1.0377083089280607e-30
41,137,6.60062233230437e-31
41,138,2.0883004965896148e-30
41,139,1.6239081349696385e-30
41,140,1.7777546276452255e-30
41,141,2.4599143615741847e-30
41,142,2.2220057926066918e-30
41,143,1.0474323302175575e-30
41,144,7.714964595797878e-31
41,145,1.346685810099022e-30
41,146,5.643080340974003e-32
41,147,6.042119313790101e-16
41,148,9.651916288439855e-31
41,149,7.726257727338073e-31
42,43,1.1776788362045251e-30
42,44,3.204349340744973e-30
42,45,1.4698247857960706e-30
42,46,2.8477102183277143e-30
42,47,2.809235237725787e-30
42,48,2.0219960092881905e-30
42,49,1.8104701158459924e-30
42,50,9.024966837589773e-31
42,51,2.0454446702693246e-30
42,52,2.1055379468665276e-30
42,53,1.686940804792697e-30
42,54,2.121672114509293e-30
42,55,1.4105687819065817e-30
42,56,7.198018215086775e-31
42,57,1.6892842862848515e-30
42,58,1.4845222959361989e-30
42,59,1.172571264661381e-30
42,60,2.475004371259448e-30
42,61,1.5181232451682941e-30
42,62,1.1355824760159255e-30
42,63,2.8050026358859445e-30
42,64,1.71103620817307e-30
42,65,9.949996090725416e-31
42,66,3.1993072661264163e-31
42,67,3.4002534450556515e-30
42,68,3.1314352960736687e-30
42,69,1.3688224857320426e-30
42,70,1.9040418277093734e-30
42,71,1.1462334087304346e-30
42,72,1.0160959769339783e-30
42,73,1.2169446206020596e-30
42,74,1.2703955429182109e-30
42,75,1.6954035818401117e-30
42,76,2.362485365914214e-30
42,77,1.0045255881872465e-30
42,78,2.960499422972143e-30
42,79,1.4253494458363697e-30
42,80,9.019756732306265e-31
42,81,9.608430205478506e-31
42,82,1.5234477914291595e-30
42,83,2.1152441157715206e-30
42,84,3.5074655014419726e-30
42,85,6.697537924986398e-31
42,86,1.2169610357420013e-30
42,87,1.1972167674775424e-30
42,88,1.4282585461404376e-15
42,89,2.0566632193008624e-30
42,90,2.385702387006527e-30
42,91,2.1542400700546986e-30
42,92,1.6831810462489364e-30
42,93,1.9062657751007972e-30
42,94,6.84539211691778e-31
42,95,4.419014213111511e-31
42,96,1.4306553676862843e-30
42,97,1.4182388926447861e-30
42,98,1.7777831185605683e-30
42,99,1.2415591764005742e-15
42,100,2.5108292857848073e-31
42,101,1.2195116495866822e-30
42,102,3.7742186001861505e-30
42,103,1.3507820690721646e-30
42,104,2.0480064300535265e-30
42,105,9.625235165145855e-31
42,106,5.2799212684015154e-30
42,107,1.1831269960624223e-30
42,108,8.212414734189216e-31
42,109,2.432581250181874e-30
42,110,1.5233165519802157e-30
42,111,1.4647469428458322e-30
42,112,8.71130228277378e-31
42,113,1.681829833712855e-31
42,114,2.889031264148938e-30
42,115,7.5742882124098e-16
42,116,9.988630986797772e-31
42,117,8.810939521956465e-31
42,118,2.177007574761589e-30
42,119,1.3760057253219173e-30
42,120,1.8780004522591717e-30
42,121,1.4289509182492675e-30
42,122,1.674746424294624e-30
42,123,1.1964649352846396e-30
42,124,1.4999715435526923e-30
42,125,1.7529247295696047e-30
42,126,1.810052074347857e-30
42,127,2.2283576684440297e-31
42,128,1.9659535893885388e-30
42,129,7.3723300646535225e-31
42,130,3.077029851221363e-30
42,131,2.5391484845861198e-30
42,132,2.1757226173282073e-30
42,133,7.012644677222278e-31
42,134,1.5728852067284404e-30
42,135,1.9599437338084876e-30
42,136,1.6312229194825873e-30
42,137,7.063621537176982e-31
42,138,1.8825896437285335e-30
42,139,1.468856751792279e-30
42,140,1.734731990343501e-30
42,141,3.136090320019475e-30
42,142,1.6026609759999813e-30
42,143,9.67123119953661e-31
42,144,1.631554389909999e-30
42,145,2.3100631631227918e-30
42,146,1.2405105699431777e-31
42,147,1.1847144723579028e-30
42,148,1.4252008009969635e-30
42,149,5.698587141256556e-31
43,44,1.847049445143006e-30
43,45,2.0363477890684294e-30
43,46,2.8914143537682963e-30
43,47,2.8240941903701203e-30
43,48,1.5415296457850336e-30
43,49,6.39132610278115e-16
43,50,7.754617296730948e-31
43,51,1.9620510505283078e-30
43,52,3.1717178454966116e-30
43,53,2.1235762819534028e-30
43,54,3.9021509359920394e-30
43,55,2.8565319940342464e-30
43,56,5.548636401816258e-31
43,57,2.7705140497544926e-30
43,58,1.0688756807054673e-30
43,59,2.4945760562570063e-30
43,60,3.669863082394169e-30
43,61,3.87399136442475e-16
43,62,9.250266233686178e-31
43,63,2.724977038121262e-30
43,64,2.8019927965889476e-30
43,65,1.588389150344709e-30
43,66,3.8129642607902293e-31
43,67,3.6427541243819394e-16
43,68,5.1385021033037745e-30
43,69,3.603552568230586e-30
43,70,1.880334962113839e-30
43,71,1.0940735043694483e-30
43,72,8.611350942592077e-31
43,73,7.851719960103824e-31
43,74,1.0061106468825313e-30
43,75,1.9042383005520083e-30
43,76,2.113504093777459e-30
43,77,1.3619087703985837e-30
43,78,5.914497088976938e-30
43,79,2.293167505627084e-30
43,80,1.212760661685994e-30
43,81,2.1961384747078034e-30
43,82,2.240151251788185e-30
43,83,1.5957160201075953e-30
43,84,1.9902003619297966e-30
43,85,1.688976883152778e-30
43,86,1.329467323577448e-30
43,87,3.269299526610793e-30
43,88,4.516681628798054e-16
43,89,1.8664331257900987e-30
43,90,1.7513316887240327e-30
43,91,1.5320000855187341e-30
43,92,3.5433675445507385e-30
43,93,1.817189024766826e-30
43,94,1.1897724610717049e-16
43,95,3.7656782131156236e-31
43,96,1.0992380884132314e-30
43,97,3.591051250463392e-30
43,98,1.3314177359144945e-30
43,99,8.189364779299088e-16
43,100,4.133325748731767e-31
43,101,1.2608823203759473e-30
43,102,2.7902394171050195e-30
43,103,9.526045261222774e-31
43,104,1.6967978120513463e-30
43,105,1.5100323315588341e-30
43,106,2.7888146335204042e-30
43,107,2.0413273328648293e-30
43,108,1.3111231466165003e-30
43,109,2.1662971031804378e-30
43,110,2.651339850587634e-30
43,111,1.6232016497089187e-30
43,112,1.5135371388630252e-30
43,113,3.4861694103697777e-31
43,114,1.573886234609993e-30
43,115,1.5700311257491763e-15
43,116,1.4994363890256353e-30
43,117,2.5368602956628553e-30
43,118,2.120431395919389e-30
43,119,2.5516113169295206e-30
43,120,1.1582275878615937e-30
43,121,9.713782305738366e-31
43,122,1.0484950548496557e-30
43,123,5.770976533176236e-31
43,124,9.040573560431556e-31
43,125,2.3640822520211855e-30
43,126,3.813003914439608e-30
43,127,3.328369366695505e-31
43,128,2.9734139039636216e-30
43,129,1.0325141188244662e-30
43,130,1.784711461171931e-30
43,131,4.555420213512471e-30
43,132,1.1048123277205262e-30
43,133,1.949600384233623e-30
43,134,1.4585540946432533e-30
43,135,1.052757833656893e-30
43,136,1.2267136796793875e-30
43,137,7.209389684193608e-31
43,138,3.3236985792289066e-30
43,139,2.013478741331151e-30
43,140,2.1995307890593426e-30
43,141,2.940726369924885e-30
43,142,3.436947401346151e-30
43,143,1.1882906293822427e-30
43,144,1.1966506113735517e-30
43,145,1.1599120258360843e-30
43,146,8.182448136941026e-32
43,147,1.3405720343779907e-16
43,148,1.3753799408554832e-30
43,149,1.2075582170465824e-30
44,45,1.756215597450031e-30
44,46,4.5358218584827494e-30
44,47,3.4157911561987325e-30
44,48,3.132027604973199e-30
44,49,3.488832538280642e-16
44,50,1.6267013830713983e-30
44,51,3.3761230037591994e-30
44,52,2.770277869171775e-30
44,53,2.9267305930024192e-30
44,54,1.464851131939037e-30
44,55,1.3537954449441958e-30
44,56,1.142545899595413e-30
44,57,2.8654690193834273e-30
44,58,2.4770659631159763e-30
44,59,2.5055474470634156e-30
44,60,3.0107175266658257e-30
44,61,2.9504581591051795e-16
44,62,1.0688417502263187e-30
44,63,5.467782402326243e-30
44,64,1.50068618440476e-30
44,65,1.0952207080961485e-30
44,66,4.887336990793013e-31
44,67,3.774049075407646e-30
44,68,1.2526288756288863e-30
44,69,2.537855000821566e-30
44,70,3.949590331357522e-30
44,71,9.97192046227048e-31
44,72,1.3960368628812221e-30
44,73,1.666378881104623e-30
44,74,2.2079374786813386e-30
44,75,3.017731550272717e-30
44,76,4.218064674708969e-30
44,77,1.9623552976697488e-30
44,78,6.042334343970598e-30
44,79,2.2016246848836563e-30
44,80,1.0422556449169298e-30
44,81,1.532232880901551e-30
44,82,2.149813564784269e-30
44,83,2.702184981347025e-30
44,84,5.6008547255040425e-30
44,85,7.819920127103562e-31
44,86,1.1441729781890721e-30
44,87,1.335918016765266e-30
44,88,9.837579971998142e-16
44,89,3.0071973396733644e-30
44,90,3.931320612482605e-30
44,91,3.187148543993004e-30
44,92,1.3097198785911787e-30
44,93,3.507890854403311e-30
44,94,6.495273991662633e-31
44,95,7.978933302362302e-31
44,96,2.4896620886671162e-30
44,97,2.9358347047565564e-30
44,98,2.122210563125796e-30
44,99,2.156261280639171e-15
44,100,1.941653785135921e-31
44,101,2.0775901367606473e-30
44,102,5.4014597090384604e-30
44,103,2.2937290601513285e-30
44,104,2.6675723342083124e-30
44,105,1.8998961166350126e-30
44,106,8.060995654487381e-30
44,107,2.6614925328722574e-30
44,108,7.450069204943223e-31
44,109,3.2670703840008945e-30
44,110,1.7719949559506982e-30
44,111,1.793144265173191e-30
44,112,1.2905181501871758e-30
44,113,1.191862800311205e-31
44,114,4.3371287789613e-30
44,115,5.3676728633583e-16
44,116,1.917394712682313e-30
44,117,1.7891560098001266e-30
44,118,3.1499511049730143e-30
44,119,1.8933509768616425e-30
44,120,3.0480467092732015e-30
44,121,2.10531547923347e-30
44,122,2.6471695850868564e-30
44,123,1.3317383910675533e-30
44,124,2.39356465263158e-30
44,125,1.946740105567975e-30
44,126,1.449449866530178e-30
44,127,4.698972147583559e-31
44,128,1.5455729574664798e-30
44,129,8.805420438128054e-31
44,130,2.7246551504183075e-30
44,131,2.0628542653251932e-30
44,132,2.2121556907693944e-30
44,133,1.5625953492192702e-30
44,134,2.5849641699391454e-30
44,135,2.4773092879695675e-30
44,136,2.2463731511094986e-30
44,137,8.550390092378482e-31
44,138,3.79921168217888e-30
44,139,1.6958733064299518e-30
44,140,1.6002339209877675e-30
44,141,4.6430165125861795e-30
44,142,3.191607425394225e-30
44,143,7.499006643279294e-31
44,144,2.873114398635841e-30
44,145,2.950701015294765e-30
44,146,2.1544401274104814e-31
44,147,2.234411904573207e-30
44,148,2.3877560901012275e-30
44,149,1.2364458622508593e-30
45,46,2.4085094564899258e-30
45,47,2.3680663261549605e-30
45,48,1.431067704966958e-30
45,49,1.2565292451435257e-30
45,50,7.749377677200335e-31
45,51,1.4937711765339477e-30
45,52,2.6636259088193554e-30
45,53,1.616851203828651e-30
45,54,3.2184473947116975e-30
45,55,1.9725018872218368e-30
45,56,4.525164803674712e-31
45,57,1.9974139498028054e-30
45,58,9.23317595770928e-31
45,59,2.0516010914247766e-30
45,60,3.0464175584003084e-30
45,61,1.965630328828012e-30
45,62,9.442182056912456e-31
45,63,2.5072103007749647e-30
45,64,2.4177463767555997e-30
45,65,1.2509675579731222e-30
45,66,3.17406598115577e-31
45,67,3.196219125944828e-30
45,68,4.363319014531537e-30
45,69,2.6474606400539087e-30
45,70,1.7372036913794077e-30
45,71,1.1420681493836143e-30
45,72,8.590013643824852e-31
45,73,7.981630576954572e-31
45,74,8.703400929674748e-31
45,75,1.583079418193307e-30
45,76,2.029049025883365e-30
45,77,1.1937314502016494e-30
45,78,4.3192724609884974e-30
45,79,1.855471334050447e-30
45,80,1.1135503641862359e-30
45,81,1.571727694544182e-30
45,82,1.9066188000225108e-30
45,83,1.4900424878094688e-30
45,84,2.3768353680916358e-30
45,85,1.1395927103217264e-30
45,86,1.0918699730700432e-30
45,87,2.6655014193133447e-30
45,88,5.795534335168177e-16
45,89,1.8301951725221235e-30
45,90,2.2478239127143864e-30
45,91,1.6965209150048093e-30
45,92,3.016590368980578e-30
45,93,1.9062087842555086e-30
45,94,1.4058192356670875e-30
45,95,3.3977956530567476e-31
45,96,1.070676732720922e-30
45,97,2.796300449001494e-30
45,98,1.3172392811467403e-30
45,99,8.829589126839106e-16
45,100,3.6253280553659665e-31
45,101,1.066070257798646e-30
45,102,2.815951304966626e-30
45,103,8.644836047074846e-31
45,104,1.798754076855129e-30
45,105,1.1900805969286664e-30
45,106,3.3826934205144e-30
45,107,1.5624362284477518e-30
45,108,1.2178942238291816e-30
45,109,2.136045922006959e-30
45,110,1.9906625778091828e-30
45,111,1.2899371602421769e-30
45,112,1.2477226777578067e-30
45,113,2.958870301583112e-31
45,114,2.0407101684758766e-30
45,115,1.3325567187647335e-15
45,116,1.282716011607186e-30
45,117,2.000304469780836e-30
45,118,1.91750264312377e-30
45,119,2.1864214608507436e-30
45,120,1.2298252061790866e-30
45,121,9.749156077642728e-31
45,122,1.143077757108421e-30
45,123,6.878111105514695e-31
45,124,1.091356250720115e-30
45,125,2.2418699832730717e-30
45,126,3.193099113397163e-30
45,127,2.6639580563501977e-31
45,128,2.591256883182808e-30
45,129,9.340796194937883e-31
45,130,2.0794121865342088e-30
45,131,3.8776898025579246e-30
45,132,1.238174685747786e-30
45,133,1.359782734641206e-30
45,134,1.026083249876904e-30
45,135,1.198784884895446e-30
45,136,1.2226968042294386e-30
45,137,6.7404598690497765e-31
45,138,2.6774286139965387e-30
45,139,1.698723272847317e-30
45,140,1.9634073707873943e-30
45,141,2.5356379204532067e-30
45,142,2.4619629763434408e-30
45,143,1.1086078785238765e-30
45,144,1.1882367733127587e-30
45,145,1.463951505818208e-30
45,146,8.822131758434482e-32
45,147,9.462850904186375e-31
45,148,1.1585201287103141e-30
45,149,1.0203508472233317e-30
46,47,3.970917530657203e-30
46,48,3.1372650701947933e-30
46,49,5.504105645040338e-16
46,50,1.7016997656488393e-30
46,51,2.9403352078627494e-30
46,52,3.5744606557747884e-30
46,53,2.9190776392867604e-30
46,54,4.3184807722525256e-30
46,55,2.8719074749767415e-30
46,56,1.081208099649827e-30
46,57,3.038033775966138e-30
46,58,2.2890242022201737e-30
46,59,3.0559482036712347e-30
46,60,4.235829491829987e-30
46,61,8.847293810242664e-16
46,62,1.4006847982477636e-30
46,63,5.461549650505114e-30
46,64,3.23494726060993e-30
46,65,1.7886984425409985e-30
46,66,4.782301170121159e-31
46,67,3.2899432042903513e-16
46,68,5.470388500347497e-30
46,69,4.933946668610556e-16
46,70,3.7786902493262615e-30
46,71,1.490049308154893e-30
46,72,1.6682268507095896e-30
46,73,1.6690129059200366e-30
46,74,1.9778834041293154e-30
46,75,3.0984519805392277e-30
46,76,4.259806708779265e-30
46,77,2.138918178671319e-30
46,78,7.260011874666001e-30
46,79,2.4359080169721183e-30
46,80,1.6535249475170766e-30
46,81,2.1002641199476985e-30
46,82,2.5064776027232646e-30
46,83,2.611816549766204e-30
46,84,5.549279265406064e-30
46,85,1.6983488972341574e-30
46,86,5.577117849000798e-16
46,87,3.523309054460367e-30
46,88,7.567393158703153e-16
46,89,2.9990983924117625e-30
46,90,4.560180840498974e-30
46,91,3.4871630870304394e-30
46,92,3.930305611670032e-30
46,93,3.6811945957615445e-30
46,94,7.903107735325498e-16
46,95,7.79291936813497e-31
46,96,2.447027342492055e-30
46,97,3.9848893847420115e-30
46,98,2.215437092148216e-30
46,99,2.098892824784674e-15
46,100,4.911925370391099e-31
46,101,2.097492387752738e-30
46,102,5.489621401371692e-30
46,103,2.1240511077352607e-30
46,104,3.199187033497135e-30
46,105,2.0078963455207053e-30
46,106,7.848953960309255e-30
46,107,2.8572681810022862e-30
46,108,1.5289542385893255e-30
46,109,3.6102563561323614e-30
46,110,2.7866407317941432e-30
46,111,1.8293083030979116e-30
46,112,1.6340652060294696e-30
46,113,3.8983124748710697e-31
46,114,4.414157426299746e-30
46,115,1.7556438609203113e-15
46,116,1.2509268882771026e-16
46,117,2.8478542730852758e-30
46,118,3.1391103626589795e-30
46,119,2.8063147716722052e-30
46,120,2.9692057008917983e-30
46,121,2.0993779402410362e-30
46,122,2.6355582061637898e-30
46,123,1.2227087236942774e-30
46,124,2.463960330488057e-30
46,125,2.8934586378793225e-30
46,126,4.172462294348842e-30
46,127,4.9467092400397725e-31
46,128,3.584543714977251e-30
46,129,1.1641297700010981e-30
46,130,2.631276201082957e-30
46,131,5.27965950094934e-30
46,132,2.123321590052023e-30
46,133,2.0610631656943556e-30
46,134,2.3964916313142355e-30
46,135,2.2489322490235844e-30
46,136,2.0648299764174927e-30
46,137,1.0405717482186407e-30
46,138,4.3882214728466576e-30
46,139,2.476569073088033e-30
46,140,2.5478617457114492e-30
46,141,4.277340201482982e-30
46,142,3.798731503847973e-30
46,143,1.517165199028799e-30
46,144,2.793977035201975e-30
46,145,2.8880353535101137e-30
46,146,2.097120124287359e-31
46,147,5.690639993910581e-16
46,148,2.3398859647986535e-30
46,149,1.521207589427079e-30
47,48,2.5432008168306898e-30
47,49,1.3895124214083877e-16
47,50,1.0694106640556718e-30
47,51,2.091355852595071e-30
47,52,3.8402521222203925e-30
47,53,2.394233084031392e-30
47,54,4.291779792759769e-30
47,55,3.2404458857888524e-30
47,56,8.085759253265162e-31
47,57,2.4092385513708116e-30
47,58,1.6613792000744275e-30
47,59,1.8793317134835785e-30
47,60,4.401259194393676e-30
47,61,5.322181381452085e-16
47,62,1.4644093226593668e-30
47,63,3.2403141452347034e-30
47,64,3.277795229951194e-30
47,65,1.9994271600916764e-30
47,66,4.699586549373884e-31
47,67,1.5717267218381327e-16
47,68,5.268321402027476e-30
47,69,3.1224775179794392e-30
47,70,2.3159457292138432e-30
47,71,1.5107508346417598e-30
47,72,1.1996855140169389e-30
47,73,1.475578902399483e-30
47,74,1.4136276157158621e-30
47,75,2.1005546999413793e-30
47,76,2.7737402183649218e-30
47,77,1.2106252475711642e-30
47,78,4.11605647309114e-30
47,79,2.6233066641300666e-30
47,80,1.61623656724183e-30
47,81,2.2502593146585622e-30
47,82,2.5495927383525272e-30
47,83,2.7259246372348473e-30
47,84,4.1732547049610886e-30
47,85,1.9247033598256193e-30
47,86,1.2029218726708278e-30
47,87,3.1317582796181374e-30
47,88,5.585082254393005e-16
47,89,2.794199796572116e-30
47,90,2.560466378544151e-30
47,91,3.1355611636067124e-30
47,92,4.0203845601399184e-30
47,93,2.0512849300718345e-30
47,94,1.8252867432913696e-30
47,95,4.983292500135337e-31
47,96,1.6613315172396093e-30
47,97,2.870353620418406e-30
47,98,2.0904370733778617e-30
47,99,1.4105638101867663e-15
47,100,5.0114983382050615e-31
47,101,1.3614092723677124e-30
47,102,5.0786989184906016e-30
47,103,1.4063412998644672e-30
47,104,3.046193257032549e-30
47,105,1.194750703449929e-30
47,106,6.282631819220586e-30
47,107,1.415493921656193e-30
47,108,1.3800115328820116e-30
47,109,3.558679232845107e-30
47,110,2.4746844312518924e-30
47,111,2.0613634910319397e-30
47,112,1.5515431825211347e-30
47,113,3.7707642650397424e-31
47,114,3.674478686913286e-30
47,115,1.6982012538934976e-15
47,116,9.608231384912698e-31
47,117,1.9035517194227877e-30
47,118,2.99986392115813e-30
47,119,2.5369829311768888e-30
47,120,2.200863470141867e-30
47,121,1.9072179391593114e-30
47,122,2.0034163361932043e-30
47,123,1.1780418290306363e-30
47,124,2.1343622889377017e-30
47,125,2.7523509172049176e-30
47,126,3.969194960080409e-30
47,127,2.4195617788122583e-31
47,128,3.5088899013850075e-30
47,129,1.135641758699447e-30
47,130,2.9770931715968823e-30
47,131,5.3630197226245045e-30
47,132,2.106135249214102e-30
47,133,1.5613327682782024e-30
47,134,1.8176787354467873e-30
47,135,2.1339432213643108e-30
47,136,1.864163842582925e-30
47,137,1.0800193792131574e-30
47,138,2.384226550448642e-30
47,139,2.6378677304412038e-30
47,140,2.6880194858579716e-30
47,141,3.8995984564380924e-30
47,142,2.5933958886816004e-30
47,143,1.5984615810383673e-30
47,144,1.8468187009689665e-30
47,145,2.69850630313132e-30
47,146,1.4093724643789726e-31
47,147,3.535571325731642e-16
47,148,1.764139247032395e-30
47,149,9.136451056449862e-31
48,49,1.8939497609270362e-16
48,50,1.1897936428774428e-30
48,51,2.0815114706723407e-30
48,52,2.1239188940952752e-30
48,53,1.987592980172166e-30
48,54,2.5632047399286e-30
48,55,1.8146055752122083e-30
48,56,7.5851547344269475e-31
48,57,1.974893880936161e-30
48,58,1.6071909423753002e-30
48,59,1.9888863305551354e-30
48,60,2.5232497382310126e-30
48,61,6.027259209292744e-16
48,62,9.703733844111051e-31
48,63,3.8352221570679366e-30
48,64,1.887761224704476e-30
48,65,1.1022737359655692e-30
48,66,3.3516034342183516e-31
48,67,3.3431169639749115e-16
48,68,3.208943314847597e-30
48,69,2.267253754063123e-30
48,70,2.607073014771717e-30
48,71,9.210342142804126e-31
48,72,1.207639604117498e-30
48,73,1.2997943158335267e-30
48,74,1.3939823178707392e-30
48,75,2.1353628086712863e-30
48,76,2.967954078828652e-30
48,77,1.4313512452090402e-30
48,78,4.631883263013729e-30
48,79,1.6017127505101294e-30
48,80,1.0067973733469067e-30
48,81,1.4348335490183767e-30
48,82,1.6171880217768123e-30
48,83,1.788481120921917e-30
48,84,3.861695056794699e-30
48,85,1.0244648722142759e-30
48,86,9.959120309804122e-31
48,87,2.0251576809315723e-30
48,88,8.897491239896627e-16
48,89,2.0610379006805943e-30
48,90,3.225274878453575e-30
48,91,2.3656312685085353e-30
48,92,2.3695165653296225e-30
48,93,2.6910624794308974e-30
48,94,1.0803500942492758e-30
48,95,5.431053608035249e-31
48,96,1.7088577121851983e-30
48,97,2.4043126368212864e-30
48,98,1.398942630162219e-30
48,99,1.4665894382623723e-15
48,100,2.877966533697358e-31
48,101,1.5094250163546879e-30
48,102,3.8279237602734154e-30
48,103,1.4791541976584557e-30
48,104,2.0577739111315944e-30
48,105,1.347767073068951e-30
48,106,5.4523803723617885e-30
48,107,1.9106576719800972e-30
48,108,9.599951050379269e-31
48,109,2.3209648613195858e-30
48,110,1.576559097173993e-30
48,111,1.1641826820123243e-30
48,112,1.0508049531054527e-30
48,113,2.2473019543061788e-31
48,114,3.0981392829677345e-30
48,115,1.0120948244002298e-15
48,116,1.5481201710068155e-30
48,117,1.7269878513084223e-30
48,118,2.1491841976688575e-30
48,119,1.697720809595581e-30
48,120,2.056921282829733e-30
48,121,1.4621853568671259e-30
48,122,1.821994310586366e-30
48,123,8.562436809071472e-31
48,124,1.7303171251883496e-30
48,125,1.8005857408918565e-30
48,126,2.4110411627576404e-30
48,127,3.3418577197854237e-31
48,128,2.032670989532601e-30
48,129,6.833100667667923e-31
48,130,2.008930339133514e-30
48,131,3.0733303294336535e-30
48,132,1.5253480296990077e-30
48,133,1.2191932188555107e-30
48,134,1.7147361890918055e-30
48,135,1.5294805415609902e-30
48,136,1.4558861622776904e-30
48,137,6.695841612621786e-31
48,138,2.906246040024676e-30
48,139,1.4697088404636247e-30
48,140,1.6399996143667455e-30
48,141,2.9983521492853394e-30
48,142,2.2924893249391175e-30
48,143,9.230916442810563e-31
48,144,1.954412213870715e-30
48,145,2.0295026742690095e-30
48,146,1.4653507738599477e-31
48,147,1.40489469771687e-30
48,148,1.6317704024903013e-30
48,149,1.0194125213102476e-30
49,50,1.099118875371301e-30
49,51,2.0018813611472167e-30
49,52,4.959367812134951e-16
49,53,6.209826979828262e-16
49,54,5.157499592483387e-16
49,55,1.728696754022758e-30
49,56,7.418784403230433e-31
49,57,2.284669359368684e-30
49,58,1.5355262686425604e-30
49,59,6.811457500920217e-16
49,60,1.697128753409654e-30
49,61,5.705104386437139e-16
49,62,4.721892939774426e-31
49,63,3.563746432839357e-30
49,64,9.13942598112253e-31
49,65,7.662560118926554e-31
49,66,3.121240799995484e-31
49,67,4.3556271157969843e-16
49,68,1.8032871229799776e-30
49,69,2.20767697685206e-30
49,70,2.4192446856202948e-30
49,71,7.398755504334505e-31
49,72,8.643071559240977e-16
49,73,1.0131114178866789e-30
49,74,2.727049307276824e-16
49,75,4.1098327638408197e-16
49,76,2.802488482184381e-30
49,77,3.116328247244284e-16
49,78,3.4443763524657634e-16
49,79,9.272255196210974e-16
49,80,7.329170057035903e-31
49,81,3.549028126713315e-16
49,82,3.248706834302234e-16
49,83,1.0007790978631659e-16
49,84,3.535756637692435e-30
49,85,1.526237520429229e-30
49,86,1.3092278833360675e-16
49,87,1.3528259240003477e-30
49,88,3.0668934767186876e-16
49,89,1.6725469333392308e-16
49,90,2.870810585148535e-30
49,91,1.9862002649855536e-30
49,92,3.10626930921645e-16
49,93,5.288602614808907e-16
49,94,3.207720967825551e-16
49,95,5.20077168305066e-31
49,96,1.6094302805453185e-30
49,97,2.2453241068552853e-30
49,98,3.7199303598401844e-16
49,99,1.3471630961032121e-15
49,100,1.3356468510009152e-31
49,101,1.547608879078318e-30
49,102,5.434642527654738e-16
49,103,1.4706226330619245e-30
49,104,1.6931231168838846e-30
49,105,1.325620098960485e-30
49,106,1.2412670766236388e-16
49,107,1.8839638801460396e-30
49,108,7.667163780288938e-16
49,109,2.180025418382966e-30
49,110,1.1241936996814267e-30
49,111,1.4700127511912589e-30
49,112,1.1117791009970523e-30
49,113,1.1522229000869556e-31
49,114,2.4279324435085347e-30
49,115,5.189150623479369e-16
49,116,1.4745630094018692e-30
49,117,1.4892388569400325e-30
49,118,5.930623543049404e-16
49,119,1.4395802081792774e-30
49,120,8.969178836922206e-16
49,121,1.3503620421186194e-30
49,122,1.737249839843942e-30
49,123,7.582551960426848e-31
49,124,1.3828598781557351e-30
49,125,3.3018127129573805e-16
49,126,1.4087372211497553e-30
49,127,3.287649460374487e-31
49,128,2.264462072310111e-16
49,129,5.818057935852437e-31
49,130,1.301145426420362e-30
49,131,4.864994797916032e-16
49,132,8.918638371939182e-16
49,133,1.0836367077105182e-30
49,134,1.387778780781466e-17
49,135,2.371437420133775e-16
49,136,4.328925881259877e-16
49,137,4.846160256250206e-31
49,138,1.594813855221479e-16
49,139,1.1610990315520326e-16
49,140,9.121822454969573e-31
49,141,2.2938397648582767e-16
49,142,2.173556050134171e-30
49,143,4.224820897240097e-31
49,144,1.8432563416671183e-30
49,145,4.0149761686118567e-16
49,146,1.369322362561292e-31
49,147,3.069032561862632e-16
49,148,1.5553463279572229e-30
49,149,9.157130869488364e-31
50,51,1.1129157831956984e-30
50,52,1.1440780308236747e-30
50,53,1.1073552381176223e-30
50,54,8.966555044601282e-31
50,55,6.1351747980724035e-31
50,56,4.099941212219004e-31
50,57,1.114332316474234e-30
50,58,8.623937930799608e-31
50,59,1.1028311381861352e-30
50,60,9.785150159577369e-31
50,61,5.775950670516656e-31
50,62,3.346708729365908e-31
50,63,2.12390233678293e-30
50,64,6.481592536901296e-31
50,65,3.9234203237643514e-31
50,66,1.845062876048644e-31
50,67,1.2781723695268807e-30
50,68,1.176735686176119e-30
50,69,1.145941698091517e-30
50,70,1.4131663636026372e-30
50,71,3.03264796604498e-31
50,72,6.388810468488931e-31
50,73,6.464579166127832e-31
50,74,7.443519918661694e-31
50,75,1.1940958820409155e-30
50,76,1.6478093177923424e-30
50,77,8.038871295947707e-31
50,78,2.580038897397636e-30
50,79,8.992609541447853e-31
50,80,4.367163294291918e-31
50,81,6.664777108294988e-31
50,82,7.800108361134362e-31
50,83,8.193659144654928e-31
50,84,2.0371860896263365e-30
50,85,3.728383243369769e-31
50,86,4.699253644093898e-31
50,87,8.40205550309951e-31
50,88,2.2591401799415097e-16
50,89,1.0661352338982458e-30
50,90,1.7609798016356708e-30
50,91,1.195687908297627e-30
50,92,8.266382439063703e-31
50,93,1.4807613511731462e-30
50,94,4.101528998016364e-31
50,95,2.9922046668239627e-31
50,96,9.373566578712961e-31
50,97,1.252568269518313e-30
50,98,6.46757316859966e-31
50,99,7.933434980043314e-16
50,100,9.831063500865354e-32
50,101,8.279340369551698e-31
50,102,1.911559465869092e-30
50,103,7.996524516835458e-31
50,104,9.579364530406684e-31
50,105,7.570184462082535e-31
50,106,2.797140673315632e-30
50,107,1.0716853672447327e-30
50,108,3.4657359785820397e-31
50,109,1.0428120338150314e-30
50,110,6.79036837329227e-31
50,111,5.414204492221331e-31
50,112,5.328939857396007e-31
50,113,8.041443673161197e-32
50,114,1.5467401161342433e-30
50,115,3.621544272996962e-16
50,116,8.583567947507392e-31
50,117,8.668085019749662e-31
50,118,1.074516623189619e-30
50,119,8.536498853283034e-31
50,120,1.0980061496423623e-30
50,121,7.477998744634071e-31
50,122,9.704213522320308e-31
50,123,4.4590244762436215e-31
50,124,8.876170934917675e-31
50,125,7.4618878460714435e-31
50,126,9.169404390881454e-31
50,127,1.877649706265121e-31
50,128,6.903805101815024e-31
50,129,3.3698904056972777e-31
50,130,7.620883301501048e-31
50,131,1.0707363629322613e-30
50,132,7.692721063081059e-31
50,133,5.976529068893819e-31
50,134,9.256048948135863e-31
50,135,6.627855674164459e-31
50,136,7.784080946071554e-31
50,137,2.9282629619541785e-31
50,138,1.6320775321132197e-30
50,139,6.126192784737155e-31
50,140,4.9209145647683585e-31
50,141,1.575085269828113e-30
50,142,1.1860585799868715e-30
50,143,3.0059209023186e-31
50,144,1.0666714308820951e-30
50,145,9.679651883587186e-31
50,146,7.926734493020598e-32
50,147,7.887740848133702e-31
50,148,9.000229830021292e-31
50,149,5.589399045498012e-31
51,52,2.16198457301894e-30
51,53,2.1304477246569885e-30
51,54,2.4835815048792166e-30
51,55,1.659505851359523e-30
51,56,7.747502752366241e-31
51,57,2.4310867710717628e-30
51,58,1.7081348770221716e-30
51,59,2.3517644786215266e-30
51,60,2.4582765822703726e-30
51,61,2.2586739177556126e-16
51,62,7.952584529112706e-31
51,63,3.989842636066698e-30
51,64,1.792247158414742e-30
51,65,9.449641915425285e-31
51,66,3.6051356886032593e-31
51,67,2.317548627505157e-30
51,68,3.2178766015790546e-30
51,69,2.754706933036591e-30
51,70,3.057024825264541e-30
51,71,7.688419090028694e-31
51,72,9.348983877933414e-31
51,73,1.1354596108759833e-30
51,74,1.6217191522128545e-30
51,75,2.1734077760704855e-30
51,76,2.952798134902419e-30
51,77,1.545039686892114e-30
51,78,5.348612337355958e-30
51,79,1.7814577306327722e-30
51,80,7.590486114441927e-31
51,81,1.53614479439098e-30
51,82,1.6280783629283245e-30
51,83,1.7003093471989288e-30
51,84,3.524748349887221e-30
51,85,9.397172775283949e-31
51,86,9.22344918606034e-31
51,87,2.324038700220659e-30
51,88,5.539936585379477e-16
51,89,1.937189966227248e-30
51,90,2.4137436781499593e-30
51,91,1.866261706429478e-30
51,92,2.3651545056206e-30
51,93,2.531646394484543e-30
51,94,1.1455008850271314e-30
51,95,5.609985448648667e-31
51,96,1.69146915414649e-30
51,97,3.0851587428683242e-30
51,98,1.3173264954877736e-30
51,99,1.4347620911218853e-15
51,100,2.5901318764607824e-31
51,101,1.5193113966849763e-30
51,102,3.387550479927785e-30
51,103,1.582937879344061e-30
51,104,1.5032633010896599e-30
51,105,1.5741480617464338e-30
51,106,5.041601527993507e-30
51,107,2.282429663835608e-30
51,108,9.768332411591783e-31
51,109,1.909396783775831e-30
51,110,1.9833451982951908e-30
51,111,1.2187164930092094e-30
51,112,1.1720516010407744e-30
51,113,2.2662033923048884e-31
51,114,2.6902543341350286e-30
51,115,1.0206072753130057e-15
51,116,1.574288946696464e-30
51,117,2.16954593181745e-30
51,118,2.056540545336226e-30
51,119,1.9217548216757594e-30
51,120,2.005247022376539e-30
51,121,1.344184444818038e-30
51,122,1.6909842154377083e-30
51,123,8.538304231606428e-31
51,124,1.4760687619806743e-30
51,125,1.6741180638772235e-30
51,126,2.584977688128239e-30
51,127,3.848963714122555e-31
51,128,1.8505862488397738e-30
51,129,7.870920102573573e-31
51,130,1.795348613032567e-30
51,131,2.8542438284801983e-30
51,132,1.5033192480270204e-30
51,133,1.6990415508810725e-30
51,134,1.8523673602260556e-30
51,135,1.5783901422188633e-30
51,136,1.493683581220619e-30
51,137,5.1084094653901596e-31
51,138,3.323311401861456e-30
51,139,1.2582745310452624e-30
51,140,1.3932786074332578e-30
51,141,3.246192793435149e-30
51,142,3.198189276899406e-30
51,143,7.699227584634091e-31
51,144,1.9820166871574585e-30
51,145,1.8534912153765154e-30
51,146,1.4335503077271236e-31
51,147,1.6750019031502728e-30
51,148,1.666493971380927e-30
51,149,1.1826661434824595e-30
52,53,2.4541924482949296e-30
52,54,4.9212731921948146e-30
52,55,3.46174772664789e-30
52,56,6.961549775533999e-31
52,57,3.038204016068174e-30
52,58,1.4596082024355244e-30
52,59,2.9082875089081732e-30
52,60,4.629941060877752e-30
52,61,4.441468043557225e-16
52,62,1.4396516498605937e-30
52,63,3.7415310575234675e-30
52,64,3.589000996145752e-30
52,65,2.0482710381446245e-30
52,66,4.71566945298288e-31
52,67,2.992586547019267e-16
52,68,6.243080838341978e-30
52,69,4.119758637555496e-30
52,70,2.538387177453321e-30
52,71,1.5443704165817136e-30
52,72,1.192811836917909e-30
52,73,1.446210198888554e-30
52,74,1.282491345985977e-30
52,75,2.2871465630877197e-30
52,76,2.9349476709337045e-30
52,77,1.640464239515501e-30
52,78,6.578287050206126e-30
52,79,2.6920417232256043e-30
52,80,1.6176396501838055e-30
52,81,2.3362464316250127e-30
52,82,2.7899511617848056e-30
52,83,2.356176353719404e-30
52,84,3.684600267576106e-30
52,85,2.0042328565228393e-30
52,86,1.5680592002408923e-30
52,87,3.925623170578594e-30
52,88,5.733411988689124e-16
52,89,2.578204289871867e-30
52,90,3.1341990597335453e-30
52,91,2.671115011292412e-30
52,92,4.4002197228386756e-30
52,93,2.6552073284649888e-30
52,94,1.1274368112207327e-16
52,95,5.15180463229313e-31
52,96,1.6128795916743022e-30
52,97,4.1030504427690376e-30
52,98,1.737824968718212e-30
52,99,1.366628542375382e-15
52,100,5.399566070302267e-31
52,101,1.5931992221934777e-30
52,102,4.368096951214274e-30
52,103,1.347388905423743e-30
52,104,2.6743399371445607e-30
52,105,1.7285025912943606e-30
52,106,5.274755107883196e-30
52,107,2.3053717824601373e-30
52,108,1.684099736684955e-30
52,109,3.199966464471144e-30
52,110,3.010109054345105e-30
52,111,1.9598134340237657e-30
52,112,1.771825748108894e-30
52,113,4.3742580781593615e-31
52,114,3.171427359247897e-30
52,115,1.969990705082089e-15
52,116,1.819912491354821e-30
52,117,2.9086355592496887e-30
52,118,2.818167860581427e-30
52,119,3.144352123028634e-30
52,120,1.9614838667110765e-30
52,121,1.589458299147604e-30
52,122,1.7363172865002942e-30
52,123,9.28172345308017e-31
52,124,1.8139997765512732e-30
52,125,3.115376837149529e-30
52,126,4.714334149275824e-30
52,127,3.8916717893758098e-31
52,128,3.9362368476977055e-30
52,129,1.303984124280633e-30
52,130,2.7947535073292465e-30
52,131,5.835507324943241e-30
52,132,1.752958315856937e-30
52,133,2.079204455554907e-30
52,134,1.603972037067785e-30
52,135,1.69152199642783e-30
52,136,1.6801299878436714e-30
52,137,1.0169028629682057e-30
52,138,3.873581019422443e-30
52,139,2.590436065741125e-30
52,140,2.9037337346854144e-30
52,141,3.636132102922589e-30
52,142,3.694623478615554e-30
52,143,1.641098113023588e-30
52,144,1.829236536233801e-30
52,145,2.2014640501029955e-30
52,146,1.365474303784394e-31
52,147,8.018027515122735e-16
52,148,1.6459407116809084e-30
52,149,1.4290767982548042e-30
53,54,3.2101250345539424e-30
53,55,2.678111228124474e-30
53,56,7.158584669389128e-31
53,57,2.477979532682565e-30
53,58,1.5243870256367105e-30
53,59,2.362827972616837e-30
53,60,2.840128875354952e-30
53,61,6.525881235148454e-16
53,62,9.790257346316398e-31
53,63,3.7336852389244326e-30
53,64,2.1741314367471557e-30
53,65,1.4069718189731284e-30
53,66,3.353372117282033e-31
53,67,1.6725694233307355e-16
53,68,3.7665334602859876e-30
53,69,3.1242468785277756e-30
53,70,2.6271974209930676e-30
53,71,8.483911287846074e-31
53,72,1.0168373034277437e-30
53,73,1.2115025566613765e-30
53,74,1.3628426477696178e-30
53,75,2.1323560280108452e-30
53,76,2.864501514191859e-30
53,77,1.5034659968519557e-30
53,78,5.728058239502986e-30
53,79,1.761795973836719e-30
53,80,9.094834021915994e-31
53,81,1.6708219551233517e-30
53,82,1.7527870430749964e-30
53,83,1.5607703861415388e-30
53,84,3.427781300253324e-30
53,85,1.672608483648722e-30
53,86,1.2517436048594099e-30
53,87,2.5728551058776286e-30
53,88,4.554367738890934e-16
53,89,1.8463480271295407e-30
53,90,2.8026813274244243e-30
53,91,2.0432821310554043e-30
53,92,2.739930357634243e-30
53,93,2.5148836574582802e-30
53,94,1.318662406030592e-30
53,95,5.23877918387577e-31
53,96,1.6125473508664257e-30
53,97,3.0690572261879473e-30
53,98,1.1820470520750889e-30
53,99,1.3569751728858692e-15
53,100,3.2345616717652725e-31
53,101,1.504430517198707e-30
53,102,3.309075964032601e-30
53,103,1.413218558234682e-30
53,104,1.7300824900552533e-30
53,105,1.4939438734393042e-30
53,106,4.796426352261157e-30
53,107,2.1240889345282283e-30
53,108,1.1582406449201344e-30
53,109,2.049949672614494e-30
53,110,1.998173389584274e-30
53,111,1.1977611360861855e-30
53,112,1.1893297352834895e-30
53,113,2.7028092156137584e-31
53,114,2.6588602519574e-30
53,115,1.2172370576291669e-15
53,116,1.626408514870632e-30
53,117,2.1833371254331253e-30
53,118,1.907525593376296e-30
53,119,2.1122166062813047e-30
53,120,1.8853750417989083e-30
53,121,1.2951437317024922e-30
53,122,1.629312191371649e-30
53,123,7.532061816289262e-31
53,124,1.5593280011826309e-30
53,125,1.8949353788911964e-30
53,126,2.9985034916048793e-30
53,127,3.6213664779109754e-31
53,128,2.3104157220050664e-30
53,129,8.133489170458006e-31
53,130,1.7292341288438413e-30
53,131,3.582317936897485e-30
53,132,1.310434778450637e-30
53,133,1.5682420385110451e-30
53,134,1.6333135602633114e-30
53,135,1.279658409082332e-30
53,136,1.3531439337733877e-30
53,137,6.128975142478436e-31
53,138,3.300224658413173e-30
53,139,1.5831435776260997e-30
53,140,1.8271988938508214e-30
53,141,2.812782023372774e-30
53,142,2.9041173073937808e-30
53,143,9.735823095191882e-31
53,144,1.846217806907756e-30
53,145,1.7180322640979886e-30
53,146,1.355829087418611e-31
53,147,1.4760420697993495e-30
53,148,1.582540090948182e-30
53,149,1.1383660207495209e-30
54,55,4.671738455925031e-30
54,56,7.524746371466648e-31
54,57,3.902499880072228e-30
54,58,1.2405964026906505e-30
54,59,3.354221539565612e-30
54,60,5.840255116757765e-30
54,61,3.0539017265942207e-16
54,62,1.6339800073549144e-30
54,63,2.647461267566359e-30
54,64,4.503882384640704e-30
54,65,2.6311171640623335e-30
54,66,5.967918992550103e-31
54,67,1.3895124230606828e-16
54,68,7.281917876053137e-30
54,69,5.2818732344604495e-30
54,70,1.4169312585778747e-30
54,71,1.8359268375504844e-30
54,72,1.1514526659149082e-30
54,73,1.0570215742675345e-30
54,74,1.0815376557305281e-30
54,75,2.5864515620843235e-30
54,76,2.4894169821720093e-30
54,77,1.6645167969287183e-30
54,78,7.848111488655567e-30
54,79,3.316774335256965e-30
54,80,1.9587773003544257e-30
54,81,2.8734002541032693e-30
54,82,3.555843747863078e-30
54,83,2.7597954905311065e-30
54,84,1.8216586597087782e-30
54,85,2.7371281177995136e-30
54,86,1.9132826150930947e-30
54,87,4.9569482432517596e-30
54,88,5.774310535657396e-16
54,89,3.118674887100778e-30
54,90,9.036610936597514e-31
54,91,2.754375619636977e-30
54,92,5.601639084033652e-30
54,93,1.7815406886343896e-30
54,94,2.6881513194318523e-30
54,95,3.8999493785206864e-31
54,96,1.2165606298126082e-30
54,97,5.043963618170921e-30
54,98,1.9184181668798223e-30
54,99,3.5760557644884725e-16
54,100,6.740961336536198e-31
54,101,1.6561345035336466e-30
54,102,4.665641395514155e-30
54,103,6.191584447814083e-31
54,104,2.8928711427360655e-30
54,105,2.0053353641114304e-30
54,106,3.150659471230131e-30
54,107,2.428967157523354e-30
54,108,2.1653506342034774e-30
54,109,3.895354024598841e-30
54,110,3.8998176291747075e-30
54,111,2.3394517432130757e-30
54,112,2.2612958777067406e-30
54,113,5.516465853389379e-31
54,114,2.336440771532124e-30
54,115,2.484395356172648e-15
54,116,1.8386767896936343e-30
54,117,3.4959875234278565e-30
54,118,3.2944725216344e-30
54,119,3.89243967689306e-30
54,120,1.0572743039373959e-30
54,121,1.7462453029161738e-30
54,122,1.5096116132632874e-30
54,123,1.0776775979518717e-30
54,124,1.5479921449029808e-30
54,125,3.8753504385538345e-30
54,126,5.9568321255261196e-30
54,127,3.909306494897925e-31
54,128,4.742088935412754e-30
54,129,1.5956699331549037e-30
54,130,3.315538552990274e-30
54,131,7.380955078697726e-30
54,132,1.9243435554317646e-30
54,133,2.6795011051344028e-30
54,134,1.840174216148563e-30
54,135,1.8342407265883725e-30
54,136,2.0492167382367487e-30
54,137,1.2169841239435895e-30
54,138,4.439500464205813e-30
54,139,3.287116932439234e-30
54,140,3.6677371365511185e-30
54,141,4.4781400902057866e-30
54,142,4.611589256167571e-30
54,143,2.0090079295145972e-30
54,144,1.0422064421632043e-30
54,145,2.2070307624886556e-30
54,146,3.5730354693322466e-32
54,147,1.2641659681435709e-30
54,148,1.9576770819479024e-30
54,149,1.6254554490208797e-30
55,56,5.331726317061826e-31
55,57,3.037386311961303e-30
55,58,8.496678312060925e-31
55,59,2.29151194713155e-30
55,60,4.098129284833169e-30
55,61,1.3947004136484305e-16
55,62,1.2339385002285456e-30
55,63,2.011888666058481e-30
55,64,3.093467457805772e-30
55,65,2.1310686493389373e-30
55,66,4.610816016526341e-31
55,67,3.4979066878176694e-30
55,68,4.921978889446005e-30
55,69,4.1317027377801635e-30
55,70,1.0235499873373644e-30
55,71,1.1349804572727052e-30
55,72,9.816266172652804e-31
55,73,1.0694810645518553e-30
55,74,1.040739272774811e-30
55,75,2.0832550075778413e-30
55,76,1.6384689258406842e-30
55,77,1.0253679833314333e-30
55,78,6.1515270414309626e-30
55,79,2.2341086271484638e-30
55,80,1.2721172391406081e-30
55,81,2.105888028175826e-30
55,82,2.4873488800595167e-30
55,83,2.125150239119735e-30
55,84,1.7423955452785347e-30
55,85,2.677301550216837e-30
55,86,1.7483372078172305e-30
55,87,3.3934941280570354e-30
55,88,2.1183523716375065e-16
55,89,2.0168921852862492e-30
55,90,9.768594145247785e-31
55,91,2.1200374291254097e-30
55,92,3.783645802287698e-30
55,93,1.495856409087123e-30
55,94,1.8392447954983503e-30
55,95,2.7289555111408734e-31
55,96,8.785461106405273e-31
55,97,3.466270886948279e-30
55,98,1.2004969754858418e-30
55,99,5.23139221524659e-16
55,100,4.636741204581415e-31
55,101,1.240390266510287e-30
55,102,3.2331713556249974e-30
55,103,6.065134061022529e-31
55,104,1.961439495455153e-30
55,105,1.3811353234425226e-30
55,106,2.645234662456459e-30
55,107,1.7358417752629603e-30
55,108,1.4473651972959022e-30
55,109,2.8286590309969037e-30
55,110,2.656455477352049e-30
55,111,1.7043181443241828e-30
55,112,1.5111782908228684e-30
55,113,3.7829657012630997e-31
55,114,1.9272894130248627e-30
55,115,1.7036962922563873e-15
55,116,1.4655366911045757e-30
55,117,2.4046418958421082e-30
55,118,2.2244971606875443e-30
55,119,2.6692462008408946e-30
55,120,1.3359269533627781e-30
55,121,1.5129018403259686e-30
55,122,1.091492467448369e-30
55,123,7.428305699160449e-31
55,124,1.312226527765667e-30
55,125,2.4743999873780303e-30
55,126,4.172486142260877e-30
55,127,2.7477961321282574e-31
55,128,3.329915084113039e-30
55,129,1.0459307263752294e-30
55,130,2.2807524372482326e-30
55,131,5.221268200040447e-30
55,132,1.4050041388578225e-30
55,133,1.8245799056947382e-30
55,134,1.5740063405913549e-30
55,135,1.1823219727406894e-30
55,136,1.4841358116122873e-30
55,137,8.43988810936032e-31
55,138,3.054404684483903e-30
55,139,2.4029102499061283e-30
55,140,2.6648599237423432e-30
55,141,2.8860917136753156e-30
55,142,3.1462596733345762e-30
55,143,1.3882891014697932e-30
55,144,7.363273998492936e-31
55,145,1.5718622426653939e-30
55,146,5.226973842153827e-32
55,147,1.1644378789430648e-30
55,148,1.3428499108356278e-30
55,149,1.0470767018613787e-30
56,57,7.6533423395287034e-31
56,58,5.862096216090059e-31
56,59,7.162903894968971e-31
56,60,7.368537914413366e-31
56,61,1.570092458683774e-16
56,62,3.08882832586928e-31
56,63,1.3585406767339159e-30
56,64,5.507674852185845e-31
56,65,3.1582561296192184e-31
56,66,1.166230460855006e-31
56,67,9.89995667568102e-31
56,68,9.761733709761345e-31
56,69,8.117449611421566e-31
56,70,9.134552881749163e-31
56,71,2.8879222977239825e-31
56,72,3.508048489691543e-31
56,73,4.036932241085984e-31
56,74,4.94384840184162e-31
56,75,7.649401693867927e-31
56,76,1.0452836270214933e-30
56,77,5.015021145662441e-31
56,78,1.7288567286391016e-30
56,79,5.571929729474941e-31
56,80,2.8722988722072455e-31
56,81,4.476020187235265e-31
56,82,4.986928999026795e-31
56,83,6.1785108628611714e-31
56,84,1.3504851019247011e-30
56,85,3.0479903134565407e-31
56,86,3.1971564025046293e-31
56,87,6.426432575014906e-31
56,88,1.0007415106216805e-16
56,89,6.92425076681141e-31
56,90,1.0266410456457525e-30
56,91,7.709333511443689e-31
56,92,6.762428834852107e-31
56,93,9.18252118190689e-31
56,94,3.215901853470336e-31
56,95,1.9562133926096138e-31
56,96,6.075454623052732e-31
56,97,8.654471653180594e-31
56,98,5.226181708248353e-31
56,99,5.214799211354907e-16
56,100,8.364758640001352e-32
56,101,5.4085115528273475e-31
56,102,1.3061449210325035e-30
56,103,5.481202933620101e-31
56,104,6.555255064577293e-31
56,105,4.949876168027463e-31
56,106,1.915780312986932e-30
56,107,7.04758373970781e-31
56,108,2.664574610509962e-31
56,109,7.455624998669475e-31
56,110,4.880401927034137e-31
56,111,4.052759850959169e-31
56,112,3.429349611716535e-31
56,113,6.701793449327116e-32
56,114,1.0261883259866268e-30
56,115,3.018219448110364e-16
56,116,5.361773331254233e-31
56,117,6.04477829549685e-31
56,118,7.245302232443942e-31
56,119,5.655394894527426e-31
56,120,7.34343249881245e-31
56,121,5.054083034145952e-31
56,122,6.44303758214422e-31
56,123,3.0180426132211122e-31
56,124,5.652653306113992e-31
56,125,5.284832007028596e-31
56,126,7.363644138525221e-31
56,127,1.2269840568929013e-31
56,128,6.1230894377376725e-31
56,129,2.1973023203899006e-31
56,130,6.234911506845289e-31
56,131,8.9147395967662e-31
56,132,5.443887954743365e-31
56,133,4.277377155820812e-31
56,134,6.254313347045789e-31
56,135,5.334171242485901e-31
56,136,5.148100430051084e-31
56,137,2.1066845806838693e-31
56,138,1.0526536219260564e-30
56,139,4.278255392430336e-31
56,140,4.573893767535487e-31
56,141,1.079295766963655e-30
56,142,8.355828383069826e-31
56,143,2.7121761433555987e-31
56,144,6.974198597767956e-31
56,145,7.161445757665483e-31
56,146,5.210394852520475e-32
56,147,5.355090381937308e-31
56,148,5.8412479661986735e-31
56,149,3.5745727077412004e-31
57,58,1.5651657733853105e-30
57,59,2.782139488319322e-30
57,60,3.631454057020436e-30
57,61,2.001558195726333e-16
57,62,9.407797905421239e-31
57,63,3.834214776389793e-30
57,64,2.7321732621555883e-30
57,65,1.5786437557772322e-30
57,66,3.978041602129022e-31
57,67,3.116304197690753e-30
57,68,4.584906606535477e-30
57,69,3.8728553020097226e-30
57,70,2.6013668253224104e-30
57,71,1.0475703436261916e-30
57,72,9.234182369463114e-31
57,73,1.0414456260908614e-30
57,74,1.3776705004126622e-30
57,75,2.379103831642949e-30
57,76,2.9081899191023317e-30
57,77,1.5834636721336195e-30
57,78,6.841980466772865e-30
57,79,2.2334432697038176e-30
57,80,1.1881477058788785e-30
57,81,2.047817665461547e-30
57,82,2.2230840196759343e-30
57,83,1.6367517215480692e-30
57,84,3.306289525675014e-30
57,85,1.9043498677096238e-30
57,86,1.4421617236679975e-30
57,87,3.30208834535123e-30
57,88,4.783812555293263e-16
57,89,1.9055745277481884e-30
57,90,2.72754453131996e-30
57,91,1.849756512342616e-30
57,92,3.422894245363556e-30
57,93,2.6503234329067382e-30
57,94,1.7239660986836145e-30
57,95,5.417745534901696e-31
57,96,1.626729861864149e-30
57,97,3.873102523539394e-30
57,98,1.4819378959901951e-30
57,99,1.3285218663180022e-15
57,100,4.000078106574923e-31
57,101,1.6416745355268107e-30
57,102,3.054711834128557e-30
57,103,1.4814991846046646e-30
57,104,1.788208939342146e-30
57,105,1.753614695744986e-30
57,106,4.5709144640236565e-30
57,107,2.4829608286054477e-30
57,108,1.3582821336151643e-30
57,109,2.2801678001880615e-30
57,110,2.7438166848221055e-30
57,111,1.5042723842743617e-30
57,112,1.5155418535583808e-30
57,113,3.419082769285691e-31
57,114,2.412106326502085e-30
57,115,1.539817988570393e-15
57,116,1.8347675711977713e-30
57,117,2.744836402741282e-30
57,118,2.028381482021881e-30
57,119,2.5954814289457073e-30
57,120,1.8925661448383724e-30
57,121,1.251600978596002e-30
57,122,1.6469158549375594e-30
57,123,7.108233256709169e-31
57,124,1.312989641241131e-30
57,125,2.3957260486560314e-30
57,126,3.781055184759073e-30
57,127,4.124149880166125e-31
57,128,2.8307519014415455e-30
57,129,1.025860452101657e-30
57,130,1.5541774667459319e-30
57,131,4.448430124995423e-30
57,132,1.3086877338379071e-30
57,133,2.1126408131556165e-30
57,134,1.8175405433838013e-30
57,135,1.2071184446508862e-30
57,136,1.4142677440938718e-30
57,137,6.958244744555657e-31
57,138,3.866505565039247e-30
57,139,1.946107794464262e-30
57,140,2.1018889842964656e-30
57,141,3.1874150756152975e-30
57,142,3.789546058655316e-30
57,143,1.135091055638478e-30
57,144,1.839062566314411e-30
57,145,1.6931678620545826e-30
57,146,1.327399812182935e-31
57,147,1.7062374001058927e-30
57,148,1.6934696417975667e-30
57,149,1.3578291017022935e-30
58,59,1.4701621600719387e-30
58,60,1.4854649964109695e-30
58,61,8.392390794772919e-31
58,62,5.591313252690761e-31
58,63,2.909015013172779e-30
58,64,9.091791767452932e-31
58,65,5.58435049331905e-31
58,66,2.512315736580265e-31
58,67,1.8702987538365728e-30
58,68,1.5669964897111794e-30
58,69,1.565113155779019e-30
58,70,2.0421055887733787e-30
58,71,5.030700393671349e-31
58,72,7.290371142795131e-31
58,73,8.543134838686631e-31
58,74,1.105254839832412e-30
58,75,1.602517890131034e-30
58,76,2.2230069127243534e-30
58,77,1.0694646707710419e-30
58,78,3.469155094429497e-30
58,79,1.1711380746007607e-30
58,80,5.345276776987717e-31
58,81,8.955318928311176e-31
58,82,1.0572613469600222e-30
58,83,1.3034317427290303e-30
58,84,2.8455750644321134e-30
58,85,4.924208241510193e-31
58,86,6.015199541222528e-31
58,87,1.1395418251034912e-30
58,88,1.5700924586837877e-16
58,89,1.493250038733322e-30
58,90,2.0981002767396228e-30
58,91,1.606659578120355e-30
58,92,1.1338919509549638e-30
58,93,1.902542341105257e-30
58,94,5.496003116265197e-31
58,95,4.1696016851530305e-31
58,96,1.2928647410172353e-30
58,97,1.750210395539357e-30
58,98,1.0291959580675577e-30
58,99,1.1102230246251558e-15
58,100,1.388493021532867e-31
58,101,1.1221994889706484e-30
58,102,2.73357792772202e-30
58,103,1.1684909101530043e-30
58,104,1.3202844873092658e-30
58,105,1.0436557428827113e-30
58,106,4.039829562835491e-30
58,107,1.4844883666421648e-30
58,108,4.707786138370057e-31
58,109,1.5554264419181021e-30
58,110,9.363237215235187e-31
58,111,8.610157572229058e-31
58,112,7.023433390106542e-31
58,113,1.1101912868508838e-31
58,114,2.1604229246214967e-30
58,115,4.999857065771614e-16
58,116,1.0935860044278144e-30
58,117,1.185160297753e-30
58,118,1.5413075174097512e-30
58,119,1.102857691386987e-30
58,120,1.5584806653650395e-30
58,121,1.0663725143450033e-30
58,122,1.3505539471151302e-30
58,123,6.425325378595693e-31
58,124,1.2094872187243077e-30
58,125,9.958172747077218e-31
58,126,1.2478214917311988e-30
58,127,2.589586588224266e-31
58,128,9.948072492009614e-31
58,129,4.592198329603748e-31
58,130,1.2497781610526222e-30
58,131,1.4790952179970687e-30
58,132,1.1160612844268879e-30
58,133,8.860524421167246e-31
58,134,1.3337694103194464e-30
58,135,1.1393533864790827e-30
58,136,1.1145362169151659e-30
58,137,4.237721576308057e-31
58,138,2.1622599844454036e-30
58,139,8.462545629957228e-31
58,140,7.788270629989862e-31
58,141,2.3255178723326884e-30
58,142,1.7636982745664533e-30
58,143,4.6031667996466045e-31
58,144,1.4901126207659737e-30
58,145,1.4699819208693879e-30
58,146,1.1092853431558389e-31
58,147,1.1490666950789958e-30
58,148,1.2428844718400846e-30
58,149,7.355657989506188e-31
59,60,3.1383069148800177e-30
59,61,1.4946834900704554e-16
59,62,7.016021288345726e-31
59,63,3.8259060111813436e-30
59,64,2.3951246401582474e-30
59,65,1.2820056624083384e-30
59,66,3.967119677605325e-31
59,67,2.4051914677149955e-30
59,68,4.6336448834339825e-30
59,69,3.4876080561632596e-30
59,70,2.7443411727268102e-30
59,71,9.520886393176109e-31
59,72,1.098535586911924e-30
59,73,7.970560578559886e-31
59,74,1.3819373826475201e-30
59,75,2.321887497705404e-30
59,76,2.9638949060458075e-30
59,77,1.701082061668941e-30
59,78,6.364395617023508e-30
59,79,2.2132746064822492e-30
59,80,9.830096679277868e-31
59,81,1.943389510681964e-30
59,82,2.0969021937078586e-30
59,83,1.3799675133440517e-30
59,84,2.868831963842453e-30
59,85,1.2594100855049862e-30
59,86,1.3117640580134452e-30
59,87,3.0419305560936963e-30
59,88,2.7173212638273575e-16
59,89,2.021726267407215e-30
59,90,2.668779521973036e-30
59,91,1.520363172369302e-30
59,92,3.137094399634907e-30
59,93,2.6134036648258362e-30
59,94,1.4974897579346095e-30
59,95,5.251058278200337e-31
59,96,1.5825569270157477e-30
59,97,3.682425553581325e-30
59,98,1.0813569621483784e-30
59,99,1.2280077957632044e-15
59,100,3.4088513144189093e-31
59,101,1.5768875464210072e-30
59,102,2.7775125846255308e-30
59,103,1.3200656499930836e-30
59,104,1.2593590120259832e-30
59,105,1.7327938223405623e-30
59,106,3.809071820292088e-30
59,107,2.4190631096526524e-30
59,108,1.2924993604430247e-30
59,109,1.828072903394888e-30
59,110,2.3365603960568486e-30
59,111,1.3657187452630831e-30
59,112,1.444952477821808e-30
59,113,3.0350700601735023e-31
59,114,1.93515272288108e-30
59,115,1.366874039204074e-15
59,116,1.8234968116621974e-30
59,117,2.6361250167764776e-30
59,118,2.0131594384669253e-30
59,119,2.5469295357249066e-30
59,120,1.698853775970997e-30
59,121,1.086122454765216e-30
59,122,1.484231572771318e-30
59,123,7.122156057208227e-31
59,124,1.1728697929017073e-30
59,125,2.2234681789818986e-30
59,126,3.450842947862753e-30
59,127,4.083526613762323e-31
59,128,2.4711563856994713e-30
59,129,1.0157732766582244e-30
59,130,1.7067002025043202e-30
59,131,3.790752122440815e-30
59,132,1.3416178260740364e-30
59,133,1.8723856460932573e-30
59,134,1.6734138465131608e-30
59,135,1.0226124403198933e-30
59,136,1.4835879218501994e-30
59,137,5.821914853437833e-31
59,138,3.833924681966158e-30
59,139,1.668549160894943e-30
59,140,1.9158627232667778e-30
59,141,3.1308083718543865e-30
59,142,3.478505429171817e-30
59,143,9.530615892297868e-31
59,144,1.7735989309582312e-30
59,145,1.2344807490399197e-30
59,146,1.2269706346444714e-31
59,147,1.577480090955161e-30
59,148,1.7013071068617485e-30
59,149,1.3809000563246227e-30
60,61,2.0014830212433593e-16
60,62,1.6870042710905373e-30
60,63,3.4030507073528676e-30
60,64,4.291746498680499e-30
60,65,2.4412566589955833e-30
60,66,5.511990603084434e-31
60,67,5.4516623685402135e-30
60,68,6.629721232932909e-30
60,69,4.724572045914409e-30
60,70,2.5704518309654752e-30
60,71,1.7846867709892718e-30
60,72,1.2344881716919045e-30
60,73,1.470673097670036e-30
60,74,1.3491640651648003e-30
60,75,2.2281738319851756e-30
60,76,2.530920954773388e-30
60,77,1.6251799567970702e-30
60,78,7.139935009423332e-30
60,79,3.138863267692404e-30
60,80,1.993530295755183e-30
60,81,2.674914262347567e-30
60,82,3.3238589120144655e-30
60,83,2.734008840842331e-30
60,84,3.7182212741015306e-30
60,85,2.4482078195854154e-30
60,86,1.6110377052328167e-30
60,87,4.6330818494879886e-30
60,88,4.3709524189038743e-16
60,89,3.112507514711977e-30
60,90,2.3978264830669922e-30
60,91,3.0870765196832288e-30
60,92,5.166720438035565e-30
60,93,2.1838437501645544e-30
60,94,2.5741210980641066e-30
60,95,4.784964135288326e-31
60,96,1.5030912453363683e-30
60,97,4.720643502658954e-30
60,98,1.9883785524657342e-30
60,99,1.3056926080711275e-15
60,100,6.4735049417328e-31
60,101,1.4796891450290829e-30
60,102,5.07596793935178e-30
60,103,1.3536812403241615e-30
60,104,3.172616558348107e-30
60,105,1.8791360702720126e-30
60,106,5.597541641795519e-30
60,107,2.4621839762761234e-30
60,108,2.0227556143045213e-30
60,109,3.9285131662484204e-30
60,110,3.779710736656783e-30
60,111,2.2341925056852775e-30
60,112,2.1610971978505516e-30
60,113,5.200689874143835e-31
60,114,3.479210796918378e-30
60,115,2.3421824979263703e-15
60,116,1.7030825741301108e-30
60,117,3.283476632270197e-30
60,118,3.324001811501576e-30
60,119,3.5533108667004746e-30
60,120,1.9138486104619777e-30
60,121,1.824993015255317e-30
60,122,1.8182127526361764e-30
60,123,1.0725278757549748e-30
60,124,1.9841038330485223e-30
60,125,3.773343578522052e-30
60,126,5.547724322595677e-30
60,127,3.939774539342523e-31
60,128,4.5541674263229914e-30
60,129,1.4903264617033729e-30
60,130,2.9648278770221462e-30
60,131,7.0325742089053e-30
60,132,1.9882403887486028e-30
60,133,2.622011266240296e-30
60,134,1.7503025411897447e-30
60,135,2.0067834207655187e-30
60,136,1.862666502709191e-30
60,137,1.2195609368147331e-30
60,138,4.18733315081592e-30
60,139,3.121402532298383e-30
60,140,3.3452457773692464e-30
60,141,4.400283416790366e-30
60,142,4.5091437573878476e-30
60,143,1.9403881853566492e-30
60,144,1.7251286447103215e-30
60,145,2.5593650451614396e-30
60,146,1.30458983526237e-31
60,147,1.4873437160632308e-30
60,148,1.788561970370927e-30
60,149,1.5423048569579443e-30
61,62,4.769196226117482e-16
61,63,4.636095143475976e-16
61,64,2.7172298671389498e-30
61,65,6.639618695905945e-16
61,66,3.477062063035191e-31
61,67,1.0315305276215433e-15
61,68,8.007209973197049e-16
61,69,4.783309287441106e-16
61,70,5.584408708582342e-16
61,71,1.153531362017819e-30
61,72,4.234751010535263e-16
61,73,1.1970547304143602e-15
61,74,3.2308729932603056e-16
61,75,4.640020505598287e-16
61,76,2.292986861754152e-16
61,77,4.209913337970695e-16
61,78,5.369466571967554e-16
61,79,3.219115842435396e-16
61,80,1.2817468983996219e-30
61,81,1.4033044459902323e-16
61,82,5.34069494320495e-16
61,83,2.6658359842250033e-16
61,84,2.2382638959330255e-16
61,85,1.4764735855545264e-30
61,86,3.5108334685766997e-16
61,87,2.9153134356113688e-30
61,88,7.317801447609952e-16
61,89,6.237289866329936e-16
61,90,2.0955718073491794e-16
61,91,4.299875284949256e-16
61,92,1.3104481255823383e-15
61,93,8.729021241411462e-16
61,94,1.626736363302103e-30
61,95,2.6287656359284907e-31
61,96,8.462336798089215e-31
61,97,1.3597399555105192e-16
61,98,6.276751178071754e-16
61,99,7.400921819235708e-16
61,100,4.100890650845282e-31
61,101,5.026778471040308e-16
61,102,7.107731760573231e-16
61,103,7.444845265449956e-31
61,104,4.526797389797801e-16
61,105,1.1569328963917425e-30
61,106,3.043636481661794e-16
61,107,1.4636692802016633e-30
61,108,3.6042193988285277e-16
61,109,7.774348620928473e-16
61,110,2.376983033263544e-30
61,111,4.100997834596054e-16
61,112,2.0751935466878374e-16
61,113,3.2872414110732177e-31
61,114,6.889451609484121e-16
61,115,1.4804419193986213e-15
61,116,2.3097242142629576e-16
61,117,2.0285117676057535e-30
61,118,4.520411121784007e-16
61,119,2.2388442461633466e-30
61,120,7.334270534503702e-16
61,121,2.6037037858103325e-16
61,122,1.113504911901827e-30
61,123,6.616090895810036e-31
61,124,1.1948208578313567e-30
61,125,6.97324314627935e-16
61,126,3.494838252957366e-30
61,127,2.3336701310237204e-31
61,128,1.0394222195780827e-15
61,129,1.734723475976806e-16
61,130,4.871114640552461e-16
61,131,7.366020727519668e-16
61,132,4.973304264851793e-16
61,133,1.6275187237816143e-30
61,134,4.0436549343196424e-16
61,135,6.616372696144689e-16
61,136,2.3138896355264035e-16
61,137,7.719677937521846e-31
61,138,7.423724743415792e-16
61,139,5.554583486552657e-16
61,140,1.7554167342883481e-16
61,141,4.426511606598144e-16
61,142,3.964289135040461e-16
61,143,1.2290422873743745e-30
61,144,9.568792811816483e-31
61,145,5.855045090355218e-16
61,146,7.295185351474689e-32
61,147,3.056265732929335e-16
61,148,1.1326524617186472e-30
61,149,1.241267076623634e-16
62,63,1.0717543212355974e-30
62,64,1.253650247089571e-30
62,65,8.24713947647574e-31
62,66,1.8274648670541717e-31
62,67,2.0208084982738923e-30
62,68,2.011463012142205e-30
62,69,1.1679478820689332e-30
62,70,7.782883739068152e-31
62,71,6.154985252180542e-31
62,72,4.4385734158735315e-31
62,73,8.969489888929446e-31
62,74,5.3605536010409435e-31
62,75,7.216529886447642e-31
62,76,9.365733565038486e-31
62,77,5.602942933745721e-31
62,78,1.661378960017564e-30
62,79,8.07576284995027e-31
62,80,5.943957517369171e-31
62,81,6.885144883734906e-31
62,82,9.91100261265248e-31
62,83,9.97415322674119e-31
62,84,1.3725657680723828e-30
62,85,6.90197907005608e-31
62,86,5.859297606999988e-31
62,87,1.1714286469488743e-30
62,88,3.4777636565401945e-16
62,89,1.1601149918016987e-30
62,90,7.560515095325852e-31
62,91,1.0921368088406299e-30
62,92,1.1321324620912075e-30
62,93,7.382973763281149e-31
62,94,6.663025750320818e-31
62,95,1.5650665905902218e-31
62,96,5.491509983012512e-31
62,97,1.0670190674290164e-30
62,98,6.959123520427883e-31
62,99,4.3110583344855005e-16
62,100,1.9104834732150238e-31
62,101,6.3016155772316435e-31
62,102,1.9544474464534552e-30
62,103,4.174532297942165e-31
62,104,1.0745182682443188e-30
62,105,4.540328114053026e-31
62,106,2.144597517415848e-30
62,107,3.5973484789830777e-31
62,108,5.689594660252716e-31
62,109,1.2684477458710222e-30
62,110,8.798666221637407e-31
62,111,7.53384274678714e-31
62,112,5.8144748829988695e-31
62,113,1.4367798815156692e-31
62,114,1.364566438643912e-30
62,115,6.470681339007395e-16
62,116,3.523452738936403e-31
62,117,6.617716889244428e-31
62,118,1.1221887095971461e-30
62,119,1.0007866535712662e-30
62,120,7.625426948938915e-31
62,121,6.917821815233442e-31
62,122,6.846315389352523e-31
62,123,4.8326117437240345e-31
62,124,7.425696965818191e-31
62,125,1.2876464654749153e-30
62,126,1.5176890635966134e-30
62,127,7.27180237307471e-32
62,128,1.5725737132004257e-30
62,129,4.528272192842029e-31
62,130,1.3482329035491501e-30
62,131,2.040890179567742e-30
62,132,9.64357191712478e-31
62,133,4.912816782067925e-31
62,134,7.325528033775778e-31
62,135,7.754237755523691e-31
62,136,7.635565784894108e-31
62,137,4.081081354426331e-31
62,138,8.737858089742783e-31
62,139,8.635101406516839e-31
62,140,1.0609396371936988e-30
62,141,1.5482279547147228e-30
62,142,8.995060296411456e-31
62,143,6.258608507819704e-31
62,144,5.7353962727947945e-31
62,145,1.0900046468251971e-30
62,146,4.3074172646970515e-32
62,147,4.360770304839056e-31
62,148,6.440264780250433e-31
62,149,3.1434136990103277e-31
63,64,1.8885513934158392e-30
63,65,1.1521118739229695e-30
63,66,6.168554654275882e-31
63,67,3.530928891729142e-30
63,68,3.826003510621158e-30
63,69,4.005546518253508e-30
63,70,5.0287400051581855e-30
63,71,8.216554611221191e-31
63,72,1.955011511608988e-30
63,73,2.0773765614907258e-30
63,74,2.6333262069221373e-30
63,75,3.9499135666604655e-30
63,76,5.466283087983521e-30
63,77,2.7346350766250473e-30
63,78,8.786665649661542e-30
63,79,3.0125338592788798e-30
63,80,1.1316163409110857e-30
63,81,2.3282733146484037e-30
63,82,2.6309654470495195e-30
63,83,2.672432266811617e-30
63,84,6.491228877379038e-30
63,85,1.2090249959383328e-30
63,86,1.5277646800094103e-30
63,87,2.8279735859850573e-30
63,88,3.453450619397635e-16
63,89,3.516946698379721e-30
63,90,5.364051390610117e-30
63,91,3.6488125225257164e-30
63,92,2.3636665959257587e-30
63,93,4.7755780587477205e-30
63,94,1.2160576585177356e-30
63,95,9.99308489330801e-31
63,96,3.0926674421375427e-30
63,97,4.4603728237619975e-30
63,98,2.0289854319844247e-30
63,99,2.6008382272329467e-15
63,100,2.4726202711515665e-31
63,101,2.733301696571475e-30
63,102,6.09950441601487e-30
63,103,2.673957239489195e-30
63,104,2.7202022391470123e-30
63,105,2.618203257128099e-30
63,106,8.928785443829252e-30
63,107,3.724235707554659e-30
63,108,1.1854180200027063e-30
63,109,3.1927594434265744e-30
63,110,2.2091770853078508e-30
63,111,1.8641701184772024e-30
63,112,1.808622585087158e-30
63,113,2.3207511769672674e-31
63,114,4.804275273219877e-30
63,115,1.045173413580943e-15
63,116,2.8372165559395835e-30
63,117,3.0611753973771772e-30
63,118,3.5375944488973924e-30
63,119,2.9473036129644257e-30
63,120,3.581591723239419e-30
63,121,2.4002340603557298e-30
63,122,3.098885252565226e-30
63,123,1.4206898196019328e-30
63,124,2.8396595502626227e-30
63,125,2.446469492883345e-30
63,126,2.9888129457425737e-30
63,127,6.4809707122844385e-31
63,128,1.8543397061020878e-30
63,129,1.1834589098043434e-30
63,130,2.449090887510047e-30
63,131,2.8200250522119958e-30
63,132,2.424182533698128e-30
63,133,2.1512809401443516e-30
63,134,3.1209648433656977e-30
63,135,2.2120477641292767e-30
63,136,2.621453819486725e-30
63,137,8.781908250651203e-31
63,138,5.555452175351188e-30
63,139,1.872521441237127e-30
63,140,1.6540491155729563e-30
63,141,5.344675030077683e-30
63,142,4.325409183123083e-30
63,143,7.207142768378123e-31
63,144,3.5502940979402584e-30
63,145,3.0621300515191024e-30
63,146,2.598641589479743e-31
63,147,2.728867990539042e-30
63,148,3.000585081144809e-30
63,149,1.9356891655161024e-30
64,65,1.8514797684295233e-30
64,66,4.271696649628629e-31
64,67,4.106313234020285e-30
64,68,5.33099811798236e-30
64,69,3.6042397453209385e-30
64,70,1.3219784458702987e-30
64,71,1.4101283804547467e-30
64,72,9.015445133068048e-31
64,73,8.808688907547388e-31
64,74,7.0939268556445245e-31
64,75,1.7515985522209324e-30
64,76,1.792763039146255e-30
64,77,1.2343679966203692e-30
64,78,5.33181999972497e-30
64,79,2.437942112004976e-30
64,80,1.5069793331714299e-30
64,81,2.0585707661683667e-30
64,82,2.5755118061612707e-30
64,83,2.044818946185343e-30
64,84,2.0218902570376927e-30
64,85,1.8160000795972573e-30
64,86,1.285303960238257e-30
64,87,3.572177089280554e-30
64,88,3.1401849173675523e-16
64,89,2.3794938602520142e-30
64,90,1.204739762200277e-30
64,91,2.1641126081779264e-30
64,92,4.032602362157776e-30
64,93,1.2593406927693273e-30
64,94,1.9633264307185216e-30
64,95,2.7460601063201307e-31
64,96,8.632749178877888e-31
64,97,3.584934446606445e-30
64,98,1.5426585269461411e-30
64,99,6.156484492430793e-16
64,100,4.981355785289894e-31
64,101,1.1473624337902462e-30
64,102,3.672626184063025e-30
64,103,6.2455433735169385e-31
64,104,2.3199918547182743e-30
64,105,1.4175082766311699e-30
64,106,3.243963753292441e-30
64,107,1.703035010032543e-30
64,108,1.5763014048844774e-30
64,109,2.930599919101228e-30
64,110,2.8252114684928407e-30
64,111,1.7317320825699627e-30
64,112,1.6578022809911744e-30
64,113,4.02213858145775e-31
64,114,2.1745821324404105e-30
64,115,1.8114101816685626e-15
64,116,1.2364955728905036e-30
64,117,2.473108178217729e-30
64,118,2.5320982375133497e-30
64,119,2.7924834982453128e-30
64,120,9.651262042790983e-31
64,121,1.28774983561924e-30
64,122,1.2053292880791789e-30
64,123,7.978362935754984e-31
64,124,1.2845520453764712e-30
64,125,2.919583906715752e-30
64,126,4.300584945988776e-30
64,127,2.7565175724081346e-31
64,128,3.507983886836556e-30
64,129,1.177290681298972e-30
64,130,2.3937742628168075e-30
64,131,5.394986795918905e-30
64,132,1.4755687163059817e-30
64,133,1.9135082089487078e-30
64,134,1.3083412737324907e-30
64,135,1.4792537287847593e-30
64,136,1.4702156849549557e-30
64,137,9.215483707450925e-31
64,138,3.1346355150081746e-30
64,139,2.388096475687283e-30
64,140,2.625433907414619e-30
64,141,3.377877370250104e-30
64,142,3.289751136082659e-30
64,143,1.4970113909154878e-30
64,144,8.220819609977393e-31
64,145,1.780960453725968e-30
64,146,6.151284797147364e-32
64,147,8.875453096214276e-31
64,148,1.4085789837558734e-30
64,149,1.1682708683096875e-30
65,66,2.545743785921421e-31
65,67,2.278125768549952e-30
65,68,2.9326172656669025e-30
65,69,2.1716167446480037e-30
65,70,8.339856341622417e-31
65,71,7.38863619230464e-31
65,72,5.4457343173841055e-31
65,73,9.232407234367622e-31
65,74,5.262107559594234e-31
65,75,1.0545279133621413e-30
65,76,9.733962228704144e-31
65,77,6.9074519595565335e-31
65,78,3.208100092540392e-30
65,79,1.3295924088593148e-30
65,80,8.151252509960004e-31
65,81,1.1575689045255538e-30
65,82,1.447152845867015e-30
65,83,1.2578091846610994e-30
65,84,1.4344405157129158e-30
65,85,1.2902370258245844e-30
65,86,8.684042127159066e-31
65,87,1.95808161403332e-30
65,88,2.095500005536356e-16
65,89,1.3281061967032733e-30
65,90,9.942106894201015e-31
65,91,1.3635894211512842e-30
65,92,2.260862668725077e-30
65,93,7.90834572099512e-31
65,94,1.081724907075514e-30
65,95,1.6407295499023908e-31
65,96,5.601523240439305e-31
65,97,1.9395151848203336e-30
65,98,8.032930946491766e-31
65,99,4.64439612620813e-16
65,100,2.7979871496978717e-31
65,101,6.881119387351163e-31
65,102,2.17643203966862e-30
65,103,4.402615450628606e-31
65,104,1.3382600567261799e-30
65,105,7.662595636469725e-31
65,106,2.177419140626575e-30
65,107,9.219536028135616e-31
65,108,8.397603806197942e-31
65,109,1.722820886188894e-30
65,110,1.5291102268455264e-30
65,111,9.934514703186999e-31
65,112,8.780859120645692e-31
65,113,2.232377956836248e-31
65,114,1.461521259018265e-30
65,115,1.005373653455784e-15
65,116,7.485152381213255e-31
65,117,1.333388485064363e-30
65,118,1.4097868696121102e-30
65,119,1.5453957792753382e-30
65,120,7.679301610095942e-31
65,121,8.568578971689507e-31
65,122,7.358651172155596e-31
65,123,4.777866109834731e-31
65,124,8.864115953012091e-31
65,125,1.5676219243082865e-30
65,126,2.4097874836373354e-30
65,127,1.4954089539999222e-31
65,128,2.0120288197100958e-30
65,129,6.2951127764530485e-31
65,130,1.409375194809066e-30
65,131,3.068390640788033e-30
65,132,9.125824771646864e-31
65,133,1.0125208839545558e-30
65,134,8.353306286250972e-31
65,135,8.411170340831345e-31
65,136,8.751905276378342e-31
65,137,5.311489334057896e-31
65,138,1.6644657736368453e-30
65,139,1.3977379236315856e-30
65,140,1.529649111191065e-30
65,141,1.8374160096936783e-30
65,142,1.74492819451017e-30
65,143,8.526018894815859e-31
65,144,6.117483473684673e-31
65,145,1.0725769521346286e-30
65,146,4.6404735231931267e-32
65,147,5.789078386686347e-31
65,148,7.921638147037125e-31
65,149,5.989915570311759e-31
66,67,5.542269962354289e-31
66,68,7.401044282421827e-31
66,69,5.2788191875033825e-31
66,70,4.581693613055722e-31
66,71,1.8186054191294326e-31
66,72,1.818131853359042e-31
66,73,1.9942243943790146e-31
66,74,2.4094206861324036e-31
66,75,3.4936962782874595e-31
66,76,4.717761448335579e-31
66,77,2.459315220677135e-31
66,78,9.197579490947375e-31
66,79,3.2474964054084815e-31
66,80,1.9653345536114938e-31
66,81,2.8621184040220604e-31
66,82,3.353881110774782e-31
66,83,3.026692493847491e-31
66,84,5.8737197542494735e-31
66,85,2.687905691023752e-31
66,86,2.2839300099060956e-31
66,87,4.798192249750752e-31
66,88,1.50111226593252e-16
66,89,3.2680704287484383e-31
66,90,4.983046673401522e-31
66,91,3.7343914760965984e-31
66,92,5.268922780770483e-31
66,93,4.240983568099994e-31
66,94,2.5392197426576642e-31
66,95,8.58179556503109e-32
66,96,2.6647806141767152e-31
66,97,5.33364340066102e-31
66,98,2.1547128048540425e-31
66,99,2.2633986948989e-16
66,100,6.419375214829477e-32
66,101,2.4124630687506826e-31
66,102,5.9852261455055425e-31
66,103,2.2964286685828393e-31
66,104,3.4456443530038702e-31
66,105,2.468634855478681e-31
66,106,8.31858545452806e-31
66,107,3.476007878326915e-31
66,108,2.061070759515758e-31
66,109,4.040687315000575e-31
66,110,3.757027496672462e-31
66,111,2.261385291490481e-31
66,112,2.188643104674539e-31
66,113,5.233995887132222e-32
66,114,4.769416521175604e-31
66,115,2.357182192694739e-16
66,116,2.713532192379299e-31
66,117,3.81491239837471e-31
66,118,3.427120311293015e-31
66,119,3.8741651800303703e-31
66,120,3.1648094074095797e-31
66,121,2.297397380405432e-31
66,122,2.7573424471464148e-31
66,123,1.3756822391238953e-31
66,124,2.736484747495535e-31
66,125,3.742504782368966e-31
66,126,5.681522258347769e-31
66,127,5.922511782464941e-32
66,128,4.552634326153488e-31
66,129,1.5668799579120492e-31
66,130,3.859377177370821e-31
66,131,6.963117158960955e-31
66,132,2.407231049228396e-31
66,133,2.7920354272711897e-31
66,134,2.685009560099282e-31
66,135,2.4156869341815356e-31
66,136,2.296586262879962e-31
66,137,1.2381848834571884e-31
66,138,5.4595086373553e-31
66,139,3.0899836931030126e-31
66,140,3.559210984130116e-31
66,141,4.625553403617787e-31
66,142,5.049992058380882e-31
66,143,1.9638495137009576e-31
66,144,3.0617503688609434e-31
66,145,3.156693922246997e-31
66,146,2.2614870546547244e-32
66,147,2.3783422217131904e-31
66,148,2.5858886841731332e-31
66,149,1.9678972509071465e-31
67,68,5.699085815951957e-30
67,69,3.48040448554987e-16
67,70,2.1190836750038107e-30
67,71,2.0628365697145616e-30
67,72,2.786162483075205e-16
67,73,1.9576580427425963e-30
67,74,1.3015032859878775e-30
67,75,5.40945928271069e-16
67,76,3.1061051922954473e-30
67,77,2.11302297356088e-16
67,78,4.043059534929784e-16
67,79,2.9375789107818156e-16
67,80,2.1118578567009184e-30
67,81,2.323137068121556e-30
67,82,3.446142918427946e-30
67,83,5.694969628662708e-16
67,84,4.879517231280291e-30
67,85,2.0833224571935818e-30
67,86,1.5398512923014983e-30
67,87,3.955313666195683e-30
67,88,7.47228991007552e-16
67,89,3.717235479811781e-30
67,90,3.2535587792178816e-30
67,91,3.699490884022651e-30
67,92,4.671272446551088e-16
67,93,6.971624666144626e-16
67,94,7.412548740317326e-16
67,95,5.6380979015746205e-31
67,96,1.870804040833474e-30
67,97,3.64636047644532e-30
67,98,3.3171002012549724e-16
67,99,1.5492293833782085e-15
67,100,6.273753913225034e-31
67,101,1.6997772196660105e-30
67,102,3.9650481557322963e-16
67,103,1.5911650292227036e-30
67,104,3.7448863428946995e-30
67,105,1.4904180964995907e-30
67,106,7.393780339640805e-30
67,107,1.5687753698713028e-30
67,108,1.6786531058802933e-16
67,109,4.4402216725744144e-30
67,110,3.093844356959381e-30
67,111,2.1903093423743526e-30
67,112,2.1814537629943336e-30
67,113,4.7505739291454765e-31
67,114,4.612082017398969e-30
67,115,2.1394682977095565e-15
67,116,3.33212654505468e-16
67,117,2.3781433243432144e-30
67,118,1.7347234759764728e-18
67,119,3.2042294849650305e-30
67,120,3.9812566631405853e-16
67,121,2.1536469356445333e-30
67,122,2.436122133628219e-30
67,123,1.3642098431681712e-30
67,124,2.3968082120073753e-30
67,125,1.5266552195117265e-16
67,126,4.947114888445435e-30
67,127,2.640156966103883e-31
67,128,6.15374662555374e-16
67,129,1.4862463131619489e-30
67,130,3.704358824780511e-30
67,131,2.2388816864775954e-16
67,132,2.8059688454805906e-16
67,133,1.8955357628329928e-30
67,134,1.6890185700943524e-16
67,135,2.6982533586815703e-30
67,136,2.0770552007748536e-16
67,137,1.324861167091918e-30
67,138,4.479224442109017e-16
67,139,3.027771450364303e-30
67,140,3.5018218616617096e-30
67,141,4.9535730743819575e-30
67,142,3.221883246352436e-30
67,143,1.987844348421377e-30
67,144,2.1283617029494128e-30
67,145,4.619977688291362e-16
67,146,1.5905731383040148e-31
67,147,4.861220633355639e-16
67,148,2.0810696718619944e-30
67,149,1.1644927559052766e-30
68,69,6.283055630940652e-30
68,70,2.646015470505851e-30
68,71,2.4270722846969013e-30
68,72,1.7925707570867783e-30
68,73,1.178888144931549e-30
68,74,1.594746468685718e-30
68,75,3.488032081907505e-30
68,76,3.8881225580152344e-30
68,77,2.482894095962025e-30
68,78,9.776373548418593e-30
68,79,4.4637006033347766e-30
68,80,2.2144469359728012e-30
68,81,3.977211029299577e-30
68,82,4.308711177882411e-30
68,83,3.236703356016682e-30
68,84,1.7747050032514692e-30
68,85,2.688947179937498e-30
68,86,2.7031328312579336e-30
68,87,6.025483923263453e-30
68,88,1.069580472412436e-15
68,89,3.788142680584871e-30
68,90,2.4726167882885487e-30
68,91,2.8313516170050138e-30
68,92,6.84758687984508e-30
68,93,3.220916041267825e-30
68,94,3.095981144173095e-30
68,95,5.425566364365217e-31
68,96,1.7659036964723495e-30
68,97,6.319187208527419e-30
68,98,2.669266748532264e-30
68,99,6.466587501728211e-16
68,100,7.893294367904077e-31
68,101,2.1704627821280466e-30
68,102,5.394526583721511e-30
68,103,7.521608728209885e-31
68,104,3.17879881189665e-30
68,105,2.6145795794129354e-30
68,106,3.043295087074445e-30
68,107,3.182388439337467e-30
68,108,2.4897943700993234e-30
68,109,3.918630118153894e-30
68,110,4.397798033407048e-30
68,111,3.136268618407117e-30
68,112,2.8781148518256507e-30
68,113,6.600330232418747e-31
68,114,1.96076509596139e-30
68,115,2.9725244775243297e-15
68,116,2.5878307148575938e-30
68,117,4.499077415180572e-30
68,118,4.147566394090688e-30
68,119,5.010776667762106e-30
68,120,1.0853279884796279e-30
68,121,1.7914958636095285e-30
68,122,1.7785295454685804e-30
68,123,1.6306169358425113e-30
68,124,1.5889603302363923e-30
68,125,4.622960672110261e-30
68,126,7.218491996366841e-30
68,127,5.39367666387423e-31
68,128,5.86573409680988e-30
68,129,2.117657969030913e-30
68,130,4.9032372861603136e-30
68,131,8.508764692186105e-30
68,132,2.930773979643446e-30
68,133,3.007820315208558e-30
68,134,2.3097820404489104e-30
68,135,2.172745892703198e-30
68,136,2.773889867168205e-30
68,137,1.4042110032992876e-30
68,138,5.764494360145003e-30
68,139,3.766084744255855e-30
68,140,4.563000034197849e-30
68,141,5.4531394532031714e-30
68,142,5.4590166098022194e-30
68,143,2.4068600371019527e-30
68,144,1.5952677080507806e-30
68,145,2.584052097230965e-30
68,146,6.461125897045577e-32
68,147,2.263185877352097e-30
68,148,2.592104882551666e-30
68,149,2.2138318780784446e-30
69,70,2.717129429807631e-30
69,71,1.3508419547127129e-30
69,72,8.190560087118518e-16
69,73,9.241974758802829e-31
69,74,1.4424307957500137e-30
69,75,3.5139713308680875e-16
69,76,3.1107473486075476e-30
69,77,1.878656238675796e-30
69,78,8.500151101340561e-30
69,79,2.9149452872921308e-30
69,80,1.4627973197895401e-30
69,81,2.670199618518536e-30
69,82,2.9714167610939317e-30
69,83,2.173244913855766e-30
69,84,2.623204703140125e-30
69,85,2.4600719838116994e-30
69,86,1.8971412109070077e-30
69,87,4.340653061853858e-30
69,88,4.841339424497386e-16
69,89,2.4440204624200504e-30
69,90,2.4342790229127455e-30
69,91,1.900610951133642e-30
69,92,4.5998806865472484e-30
69,93,2.3754946299780563e-16
69,94,2.2333817349708768e-30
69,95,5.547286414494556e-31
69,96,1.626754640295472e-30
69,97,4.9248473083721346e-30
69,98,1.1124253758154963e-16
69,99,1.1670757494349963e-15
69,100,5.247536757758813e-31
69,101,1.8811980395460098e-30
69,102,3.420734445153585e-30
69,103,1.3721815732371704e-30
69,104,1.9152723842382255e-30
69,105,2.1338396269394436e-30
69,106,3.519768903817055e-30
69,107,2.916462553598773e-30
69,108,1.7919797111119166e-30
69,109,2.9128397318627656e-30
69,110,3.4297611481000456e-30
69,111,1.978243607735211e-30
69,112,1.9591508991567012e-30
69,113,4.524963284954017e-31
69,114,1.8747238122066823e-30
69,115,2.0378622963984097e-15
69,116,2.2003671223948457e-30
69,117,3.495092401225772e-30
69,118,2.579367463916174e-30
69,119,3.471303480569831e-30
69,120,5.546018754012887e-16
69,121,1.4281617446675359e-30
69,122,1.5430021753527498e-30
69,123,8.178440882377618e-31
69,124,1.0974754202373738e-30
69,125,3.099664431533914e-30
69,126,5.034867967817144e-30
69,127,4.798398975408248e-31
69,128,8.010760681227686e-16
69,129,1.355631384079006e-30
69,130,2.463464018455247e-30
69,131,5.880261245743189e-30
69,132,6.063226142429605e-16
69,133,2.5988748844070876e-30
69,134,1.9949680951546276e-30
69,135,1.2119612567736217e-30
69,136,1.773150766898577e-30
69,137,8.988925500146247e-31
69,138,4.7549733831560335e-30
69,139,2.6284655097190063e-30
69,140,2.9637015094280178e-30
69,141,3.905447465881194e-30
69,142,4.646830452519068e-30
69,143,1.4949212255020037e-30
69,144,1.7646114132859874e-30
69,145,1.4308968111369432e-30
69,146,1.1660900508147555e-31
69,147,1.8458619579685805e-30
69,148,1.9750608472729282e-30
69,149,1.6853767695451082e-30
70,71,4.8905975008835936e-31
70,72,1.3562697158629155e-30
70,73,1.4224937039311145e-30
70,74,2.0647464881232215e-30
70,75,2.6665157469558055e-30
70,76,3.765324133469143e-30
70,77,2.0287055559166042e-30
70,78,5.8470784482193286e-30
70,79,2.116999064770864e-30
70,80,6.912184839975782e-31
70,81,1.7193197074467305e-30
70,82,1.8888540252165693e-30
70,83,1.8602251483318375e-30
70,84,4.253596277170702e-30
70,85,7.802204816879325e-31
70,86,9.70323610289849e-31
70,87,1.9862709411674196e-30
70,88,5.933870086904475e-16
70,89,2.63170967566345e-30
70,90,3.291519366694918e-30
70,91,2.3227630421647243e-30
70,92,1.448988560041339e-30
70,93,3.1151093956910198e-30
70,94,7.915705774555771e-31
70,95,6.883556450998036e-31
70,96,2.1008502287452093e-30
70,97,3.2425933351628536e-30
70,98,1.203968943979356e-30
70,99,1.758883002907762e-15
70,100,1.1623009208789038e-31
70,101,1.7998441622843628e-30
70,102,4.016270874957397e-30
70,103,1.83460172343201e-30
70,104,1.6658616866826834e-30
70,105,1.8571846683549877e-30
70,106,5.898849287423613e-30
70,107,2.6599710581169156e-30
70,108,8.807338596457371e-31
70,109,2.3917924813768064e-30
70,110,1.6995803149686495e-30
70,111,1.3632435760939706e-30
70,112,1.2835621662675874e-30
70,113,1.3684894404625405e-31
70,114,3.1488649704937632e-30
70,115,6.163128534127561e-16
70,116,1.8931278214132545e-30
70,117,2.2179536675302728e-30
70,118,2.568613758731589e-30
70,119,2.0660427451708702e-30
70,120,2.4909655761853397e-30
70,121,1.6167807636967208e-30
70,122,2.021901080603111e-30
70,123,9.54392183801182e-31
70,124,1.95535240462387e-30
70,125,1.7198188365027336e-30
70,126,2.1714047640421172e-30
70,127,4.585772610461614e-31
70,128,1.2694074198486847e-30
70,129,8.99021018069542e-31
70,130,1.5984624182848678e-30
70,131,1.6909800740593535e-30
70,132,1.5744447751883887e-30
70,133,1.6650791291808962e-30
70,134,2.2007433809277966e-30
70,135,1.7510096788680702e-30
70,136,1.8743674613643994e-30
70,137,5.770995764822401e-31
70,138,3.87297600897371e-30
70,139,1.2452197671645732e-30
70,140,1.0230160665328776e-30
70,141,3.894421901690616e-30
70,142,3.3577953643522145e-30
70,143,2.5892891302666257e-31
70,144,2.486198654883586e-30
70,145,1.9360861436952163e-30
70,146,1.7573974707561658e-31
70,147,1.961291197410034e-30
70,148,2.060056092048593e-30
70,149,1.3795064412587733e-30
71,72,4.509187807590959e-31
71,73,3.8689680056926487e-31
71,74,2.946936180495699e-31
71,75,7.372951971669046e-31
71,76,8.931334932434274e-31
71,77,5.303213548610858e-31
71,78,1.9599344641317104e-30
71,79,1.0379180659278297e-30
71,80,6.644021038832509e-31
71,81,8.351929439866427e-31
71,82,1.1042145144128354e-30
71,83,9.870268376119346e-31
71,84,1.2889711080232716e-30
71,85,6.559502151658195e-31
71,86,5.8970229171705255e-31
71,87,1.433532719354946e-30
71,88,2.989366980140903e-16
71,89,1.1421833839084555e-30
71,90,7.740082158447534e-31
71,91,1.0398412479554395e-30
71,92,1.691317594946479e-30
71,93,6.373964034222236e-31
71,94,7.826526436578512e-31
71,95,1.4056799025834651e-31
71,96,4.813133003321927e-31
71,97,1.3825126258075256e-30
71,98,9.17702764047553e-31
71,99,3.9350319887992505e-16
71,100,2.1365521379142778e-31
71,101,4.98466972854269e-31
71,102,1.8134762906817747e-30
71,103,4.204307455847649e-31
71,104,1.142982140050174e-30
71,105,5.479060993743462e-31
71,106,2.025045382073923e-30
71,107,6.017436086619578e-31
71,108,6.930757861451356e-31
71,109,1.3426786111369676e-30
71,110,1.0680830905300155e-30
71,111,7.984755969149803e-31
71,112,6.944024129673885e-31
71,113,1.6767938482471469e-31
71,114,1.1538725204309478e-30
71,115,7.551608150142993e-16
71,116,4.870834801686843e-31
71,117,9.42694946310108e-31
71,118,1.1976441815987706e-30
71,119,1.1847010447355466e-30
71,120,6.615774354247131e-31
71,121,6.2099746273074615e-31
71,122,6.758476472234313e-31
71,123,4.7306360750185e-31
71,124,6.307359792251803e-31
71,125,1.3286843585983006e-30
71,126,1.775402114886955e-30
71,127,1.0185568971661497e-31
71,128,1.5362369353109452e-30
71,129,5.323162142452267e-31
71,130,1.3708940238222538e-30
71,131,2.2551786878353416e-30
71,132,8.849203525274904e-31
71,133,6.611111755250148e-31
71,134,5.939155953341326e-31
71,135,8.362812756671914e-31
71,136,7.561854292802775e-31
71,137,4.22518373403853e-31
71,138,1.192745454197803e-30
71,139,1.0164288616112278e-30
71,140,1.1737526988463348e-30
71,141,1.5665277247906268e-30
71,142,1.166149781239104e-30
71,143,6.79916411252701e-31
71,144,5.642802424745061e-31
71,145,1.0265336035379304e-30
71,146,3.9317085064941374e-32
71,147,3.6401443985486256e-31
71,148,6.441578770767343e-31
71,149,4.6242582239394325e-31
72,73,8.498147717476925e-31
72,74,6.98527481500583e-31
72,75,1.0992707000398682e-30
72,76,1.5292804157044544e-30
72,77,7.712206346524157e-31
72,78,2.1781831977012695e-30
72,79,9.337428095788028e-31
72,80,5.8791735246330035e-31
72,81,7.082337124633679e-31
72,82,7.899976187130931e-31
72,83,7.693628912072149e-31
72,84,1.8911432827306423e-30
72,85,7.804756430956818e-31
72,86,2.2551405228580277e-16
72,87,9.651076465971081e-31
72,88,7.707352196467086e-16
72,89,1.0305283706033342e-30
72,90,1.9769257256254952e-30
72,91,1.2352249554761762e-30
72,92,1.242082958917668e-30
72,93,1.5770461088513993e-30
72,94,3.218461590691983e-16
72,95,2.627609231046538e-31
72,96,8.460596268611316e-31
72,97,1.156034093559724e-16
72,98,6.701668632592349e-31
72,99,7.105360441683077e-16
72,100,1.3770629561740645e-31
72,101,7.429028895101302e-31
72,102,1.8295151635641105e-30
72,103,6.70438989413608e-31
72,104,1.041595304339923e-30
72,105,6.481096821317948e-31
72,106,2.5471978332344755e-30
72,107,9.253715204618244e-31
72,108,8.136494012355316e-31
72,109,1.1098631672913487e-30
72,110,9.107602003198968e-31
72,111,5.428433704901732e-31
72,112,5.73572431982576e-31
72,113,1.0702973375439654e-31
72,114,1.6461445006012776e-30
72,115,4.820190690538638e-16
72,116,9.705232401133392e-16
72,117,8.226347602537882e-31
72,118,1.1119011971712602e-30
72,119,8.420232869540283e-31
72,120,9.815105164017087e-31
72,121,7.198853159802696e-31
72,122,8.910655075368435e-31
72,123,5.128522298168683e-31
72,124,9.275254389690337e-31
72,125,9.368475164083441e-31
72,126,1.136831587919846e-30
72,127,1.6076439982714413e-31
72,128,1.0849063230638504e-30
72,129,3.49927052093281e-31
72,130,1.0893391393158177e-30
72,131,1.4735332065450402e-30
72,132,9.527598051055906e-31
72,133,6.144749249143958e-31
72,134,8.295313441576726e-31
72,135,6.282542379896891e-31
72,136,7.347937442482759e-31
72,137,3.2317422411141414e-31
72,138,1.4850116201209333e-30
72,139,7.805795598863291e-31
72,140,7.00941681792185e-31
72,141,1.3835496749661286e-30
72,142,1.0921190395545762e-30
72,143,4.208876465781034e-31
72,144,9.542954153486792e-31
72,145,8.92623040589033e-31
72,146,7.09935933679585e-32
72,147,2.1970163247072444e-16
72,148,7.989131465441532e-31
72,149,5.385083006359279e-31
73,74,8.06088779928731e-31
73,75,1.0923120590570775e-30
73,76,1.5740562202022827e-30
73,77,7.3604144744607985e-31
73,78,1.7105234230863858e-30
73,79,9.021583886162223e-31
73,80,5.655760729135154e-31
73,81,7.099500853615641e-31
73,82,8.419500485187126e-31
73,83,1.0157311553562415e-30
73,84,2.132746164917739e-30
73,85,7.0785644734464265e-31
73,86,6.426883932315985e-31
73,87,7.0145684672224275e-31
73,88,7.951091379850082e-16
73,89,1.1864318072273812e-30
73,90,1.8306538061588327e-30
73,91,1.417929138225055e-30
73,92,1.3877212329057921e-30
73,93,1.6505329479751083e-30
73,94,4.975890782067458e-31
73,95,2.813024517745893e-31
73,96,9.073509696814508e-31
73,97,8.109311313843394e-31
73,98,7.49071314956258e-31
73,99,7.820395288523647e-16
73,100,1.3328617593732254e-31
73,101,8.757902414355854e-31
73,102,2.3575440240724996e-30
73,103,7.50037038396993e-31
73,104,1.119540135918471e-30
73,105,6.256325769274e-31
73,106,3.0110637101577792e-30
73,107,8.356663775244426e-31
73,108,4.381675657994983e-31
73,109,1.2354503392526118e-30
73,110,9.342030367009184e-31
73,111,6.540624805856503e-31
73,112,5.627569134423245e-31
73,113,8.859277744181283e-32
73,114,1.917426834730286e-30
73,115,3.9898639947466563e-16
73,116,8.00588466929611e-31
73,117,5.324498629517498e-31
73,118,1.26426798173858e-30
73,119,7.388287075171776e-31
73,120,1.1491123412837893e-30
73,121,9.07240297647421e-31
73,122,9.757764045411502e-31
73,123,4.918173248214257e-31
73,124,1.0798207315231802e-30
73,125,1.275159943060873e-30
73,126,9.702207784480397e-31
73,127,1.5076339713630802e-31
73,128,1.619796775264071e-30
73,129,3.36131970568327e-31
73,130,1.2107247892237403e-30
73,131,1.5227102164743959e-30
73,132,1.057790939940315e-30
73,133,5.5657973682063785e-31
73,134,1.0474201478426039e-30
73,135,8.919140997238598e-31
73,136,8.500980516585137e-31
73,137,3.8325962793745484e-31
73,138,1.2204561673468185e-30
73,139,7.740271277829795e-31
73,140,7.190677041871259e-31
73,141,1.6696527302028166e-30
73,142,1.0482576426326317e-30
73,143,4.415947288675198e-31
73,144,1.0449083322973124e-30
73,145,1.22007996634482e-30
73,146,7.813790273511219e-32
73,147,7.0986478899864106e-31
73,148,8.660124371035024e-31
73,149,4.5257330561195665e-31
74,75,1.4043178132983425e-30
74,76,1.9651370489814855e-30
74,77,1.001982137891961e-30
74,78,3.0691181329953597e-30
74,79,1.0828327308336487e-30
74,80,3.591982749985114e-31
74,81,8.18984711652307e-31
74,82,9.856276801673799e-31
74,83,1.076790062488996e-30
74,84,2.3578425167325944e-30
74,85,7.1028297231779906e-31
74,86,5.54412631117103e-31
74,87,1.0517607035218782e-30
74,88,4.554367738890941e-16
74,89,1.3641462575225036e-30
74,90,1.7301291485357562e-30
74,91,1.3162370090186975e-30
74,92,1.014390878349596e-30
74,93,1.644921841383109e-30
74,94,4.5006658641500315e-31
74,95,3.6538625879818555e-31
74,96,1.1207939811644205e-30
74,97,1.651847374585748e-30
74,98,7.339045213026398e-31
74,99,9.525322219552356e-16
74,100,9.782696104742766e-32
74,101,9.436583276290187e-31
74,102,2.262190595668365e-30
74,103,1.0017620244725104e-30
74,104,9.691408917743164e-31
74,105,9.558697762760208e-31
74,106,3.338403722284894e-30
74,107,1.3693663478436263e-30
74,108,4.331626724530415e-31
74,109,1.3001273911208055e-30
74,110,8.79585296787051e-31
74,111,7.503110621878688e-31
74,112,6.685389467528179e-31
74,113,8.937643070810354e-32
74,114,1.8432021806956688e-30
74,115,4.025156600327203e-16
74,116,9.78958070374412e-31
74,117,1.129255544696613e-30
74,118,1.4233651862492273e-30
74,119,1.052921002469008e-30
74,120,1.3365246645302103e-30
74,121,8.99277489367507e-31
74,122,1.1064907426334312e-30
74,123,5.541789813879716e-31
74,124,1.0816306627427777e-30
74,125,8.647487927230497e-31
74,126,1.1195795649640653e-30
74,127,2.3661270315175047e-31
74,128,7.683613617888558e-31
74,129,4.431477353500184e-31
74,130,1.139863546527388e-30
74,131,1.1182134877386697e-30
74,132,9.20973503297299e-31
74,133,8.524633302979847e-31
74,134,1.1880178413078811e-30
74,135,1.0275257672586177e-30
74,136,1.0124203924209243e-30
74,137,3.32368783020538e-31
74,138,1.9795607921124598e-30
74,139,6.704243799853239e-31
74,140,6.9148979518290645e-31
74,141,2.0754618457277682e-30
74,142,1.7061105715728016e-30
74,143,3.3888667104455036e-31
74,144,1.3210989807901055e-30
74,145,1.1612420864700324e-30
74,146,9.517277243059852e-32
74,147,1.0553422240067122e-30
74,148,1.0864692282344733e-30
74,149,7.011959319935596e-31
75,76,3.0474100133676435e-30
75,77,1.530571821747632e-30
75,78,5.595846793170414e-30
75,79,1.783401945103486e-30
75,80,7.547240463203055e-31
75,81,1.505971927593809e-30
75,82,1.6112068441757302e-30
75,83,1.5121839759307984e-30
75,84,3.633610841705147e-30
75,85,1.2620037461276693e-30
75,86,1.1869806449517231e-30
75,87,2.20418034603159e-30
75,88,5.011880016487868e-16
75,89,1.903737340583101e-30
75,90,3.1273476317911846e-30
75,91,2.0535369962787253e-30
75,92,2.4531842380355276e-30
75,93,2.7555131451074638e-30
75,94,1.2098374922832811e-16
75,95,5.5635247133946196e-31
75,96,1.7207503109735947e-30
75,97,2.8513182486115628e-30
75,98,1.2896730342808089e-30
75,99,1.4409361279374141e-15
75,100,2.5760595236998676e-31
75,101,1.6014309641295356e-30
75,102,3.396663305826304e-30
75,103,1.4943165272534574e-30
75,104,1.6892610166516563e-30
75,105,1.5226204529002075e-30
75,106,5.014054771064223e-30
75,107,2.16587107533723e-30
75,108,9.439113815781646e-31
75,109,1.938419842335695e-30
75,110,1.621413545625182e-30
75,111,1.06466040472106e-30
75,112,1.1187836901461496e-30
75,113,2.2055791430263267e-31
75,114,2.6917778904411378e-30
75,115,9.933045406669509e-16
75,116,1.7239869876893603e-30
75,117,2.0366483570659366e-30
75,118,1.9447063048797135e-30
75,119,1.9667386848723518e-30
75,120,1.9824371144176097e-30
75,121,1.330186825934067e-30
75,122,1.7542225502321606e-30
75,123,7.904932583042332e-31
75,124,1.5406224382685888e-30
75,125,1.580132817950788e-30
75,126,2.5019419275812925e-30
75,127,3.7374560020493475e-31
75,128,1.88215837708745e-30
75,129,7.565200642655455e-31
75,130,1.5747801825333334e-30
75,131,2.843110881035022e-30
75,132,1.37634025124002e-30
75,133,1.3712612133215346e-30
75,134,1.7216970002524663e-30
75,135,1.3109989639846288e-30
75,136,1.4444145113433528e-30
75,137,5.2835273874800075e-31
75,138,3.3480580068864146e-30
75,139,1.3281608944158949e-30
75,140,1.5398392091278905e-30
75,141,2.927799202494302e-30
75,142,2.6361062059109736e-30
75,143,7.859172619480754e-31
75,144,1.9554497451003546e-30
75,145,1.7436802005772907e-30
75,146,1.4397191300228806e-31
75,147,3.825842228507225e-16
75,148,1.682180774657853e-30
75,149,1.1631538989889263e-30
76,77,2.1096721771224354e-30
76,78,6.795284921221756e-30
76,79,2.334262928847741e-30
76,80,9.527298825564359e-31
76,81,1.8272432663294232e-30
76,82,2.021544236841481e-30
76,83,2.1536508122756323e-30
76,84,5.0848551412658955e-30
76,85,8.753281379574042e-31
76,86,1.2477156706253346e-30
76,87,2.382223304788273e-30
76,88,5.398084850998426e-16
76,89,2.7048494863261266e-30
76,90,4.262460479138426e-30
76,91,2.8952738795898556e-30
76,92,2.3172904536575288e-30
76,93,3.713030466701342e-30
76,94,1.0784137549789043e-30
76,95,7.6586239139832e-31
76,96,2.3814046991694258e-30
76,97,3.40682778428779e-30
76,98,1.6885405659238194e-30
76,99,2.0094059142960245e-15
76,100,2.6534623830399266e-31
76,101,2.1163873447269894e-30
76,102,4.7825253663725665e-30
76,103,2.0535412174409747e-30
76,104,2.2892934175350207e-30
76,105,1.9936609167454277e-30
76,106,7.038207725999204e-30
76,107,2.8307660573981897e-30
76,108,9.922358449100938e-31
76,109,2.633093761836997e-30
76,110,1.6444010562371852e-30
76,111,1.4267547602601351e-30
76,112,1.3938784266118633e-30
76,113,2.2652604286943687e-31
76,114,3.77891171986202e-30
76,115,1.0201826022565093e-15
76,116,2.2229796518869134e-30
76,117,2.4046776564576155e-30
76,118,2.7008539061018138e-30
76,119,2.3565469999995403e-30
76,120,2.7847812604468756e-30
76,121,1.8801896413237234e-30
76,122,2.424766607649631e-30
76,123,1.1081930507426663e-30
76,124,2.1969669879127098e-30
76,125,1.9040107600190383e-30
76,126,2.6437571118362387e-30
76,127,4.934180954043132e-31
76,128,1.970167752073994e-30
76,129,9.211960276689574e-31
76,130,1.9605669082261055e-30
76,131,2.84704368637703e-30
76,132,1.911115694506031e-30
76,133,1.5466638734712668e-30
76,134,2.3746899407018152e-30
76,135,1.808058574827417e-30
76,136,1.9960564421395482e-30
76,137,7.188816199320487e-31
76,138,4.299453056890225e-30
76,139,1.4655878089738672e-30
76,140,1.5282736629349456e-30
76,141,4.066662352113061e-30
76,142,3.161779810872577e-30
76,143,8.53099684698681e-31
76,144,2.7216873846442783e-30
76,145,2.463986457487191e-30
76,146,2.0077087934037534e-31
76,147,2.0568263430087818e-30
76,148,2.302079233574383e-30
76,149,1.5014496193309212e-30
77,78,3.78630569455225e-30
77,79,1.280454694749888e-30
77,80,5.2367251593867175e-31
77,81,1.1222289797053325e-30
77,82,1.170808169384327e-30
77,83,9.672439576301705e-31
77,84,2.3298005670013084e-30
77,85,5.708280720315995e-31
77,86,7.105829143643945e-31
77,87,1.6091746532233918e-30
77,88,3.5354328361705763e-16
77,89,1.4263754638499352e-30
77,90,2.0659808471375576e-30
77,91,1.3071257523732511e-30
77,92,1.3651947356120256e-30
77,93,1.8198131489851286e-30
77,94,7.70564427089517e-31
77,95,3.7579188229299687e-31
77,96,1.1562366392754738e-30
77,97,2.085389805009525e-30
77,98,7.497644589835724e-31
77,99,9.50197851991224e-16
77,100,1.7656536606290696e-31
77,101,1.0596767462064892e-30
77,102,2.1489803123031038e-30
77,103,9.75837861161317e-31
77,104,9.964828458486163e-31
77,105,1.0780042046793114e-30
77,106,3.16586767142644e-30
77,107,1.5278304191088284e-30
77,108,6.7223557627017485e-31
77,109,1.2465983093920593e-30
77,110,1.2162351417893388e-30
77,111,7.6627162743970615e-31
77,112,7.961218729723729e-31
77,113,1.5664146020464486e-31
77,114,1.6785712170509974e-30
77,115,7.054504218084095e-16
77,116,1.162841735145141e-30
77,117,1.487219551870197e-30
77,118,1.2782058066099889e-30
77,119,1.4239598602582664e-30
77,120,1.3375126967508718e-30
77,121,8.604395417032258e-31
77,122,1.1260484264797084e-30
77,123,5.2290499094009565e-31
77,124,1.0135909900421508e-30
77,125,1.3061115805030935e-30
77,126,1.8101303632734024e-30
77,127,2.6255816825250804e-31
77,128,1.3719062864215912e-30
77,129,5.759133721091527e-31
77,130,9.669300527645155e-31
77,131,1.9760894539287608e-30
77,132,9.525765970218298e-31
77,133,1.0273412294113885e-30
77,134,1.1484988661834906e-30
77,135,8.166567616972274e-31
77,136,9.985717014577088e-31
77,137,3.1337341002458914e-31
77,138,2.358937621758626e-30
77,139,7.489627731137163e-31
77,140,9.510578585533565e-31
77,141,2.047406868968571e-30
77,142,2.0011247184496398e-30
77,143,5.106711560912045e-31
77,144,1.320517733110064e-30
77,145,1.0918091529523444e-30
77,146,9.493953259237274e-32
77,147,4.945308416394722e-16
77,148,1.150649001335424e-30
77,149,8.354349896127544e-31
78,79,4.8608579974985556e-30
78,80,2.1227689024842058e-30
78,81,4.5025642221176584e-30
78,82,4.740444040300118e-30
78,83,3.5772058346315625e-30
78,84,6.904131679847739e-30
78,85,3.578330212463075e-30
78,86,3.288169148176665e-30
78,87,6.863598930758807e-30
78,88,6.320204961297244e-16
78,89,4.3557179254560756e-30
78,90,6.389716637917041e-30
78,91,3.623030667209484e-30
78,92,6.563851534355026e-30
78,93,6.183494657280828e-30
78,94,3.37042178110225e-30
78,95,1.2328279840528372e-30
78,96,3.71529636741602e-30
78,97,8.487438096955815e-30
78,98,2.849354253991467e-30
78,99,2.896431377844869e-15
78,100,7.52498943452886e-31
78,101,3.863334783277787e-30
78,102,6.421169047095481e-30
78,103,3.2178034422033796e-30
78,104,2.6644343941846642e-30
78,105,4.00938433653999e-30
78,106,9.130658287836721e-30
78,107,5.646488937756147e-30
78,108,2.746920617309539e-30
78,109,4.536764143034656e-30
78,110,5.3639373223704666e-30
78,111,3.241504765419609e-30
78,112,3.2173366039061014e-30
78,113,6.761729117166572e-31
78,114,4.357535696538103e-30
78,115,3.045212073245162e-15
78,116,4.3623270960888456e-30
78,117,6.0298947143824096e-30
78,118,4.2896939524296734e-30
78,119,5.746474529526764e-30
78,120,4.0759489034965485e-30
78,121,2.7608543105293998e-30
78,122,3.6332473365856255e-30
78,123,1.6413753541547747e-30
78,124,2.5091150571740486e-30
78,125,4.898457538428257e-30
78,126,7.739489456956439e-30
78,127,9.49264800773895e-31
78,128,5.591107166083773e-30
78,129,2.201560998701225e-30
78,130,3.668014206745746e-30
78,131,8.530068335530895e-30
78,132,2.8532301871998234e-30
78,133,4.34333135495409e-30
78,134,4.032123450642159e-30
78,135,2.2481586256042323e-30
78,136,3.354381790168671e-30
78,137,1.2911451286048078e-30
78,138,8.920490924741521e-30
78,139,3.7610804007923946e-30
78,140,4.3940553404594696e-30
78,141,7.110960481102063e-30
78,142,8.052358472175472e-30
78,143,2.0644586154509707e-30
78,144,4.1111443619768096e-30
78,145,3.1256411222460367e-30
78,146,2.893985085550519e-31
78,147,3.8239673357132936e-30
78,148,3.954743067374849e-30
78,149,3.0674661855427712e-30
79,80,1.1135126457025211e-30
79,81,1.6930197285986506e-30
79,82,1.9261008115291176e-30
79,83,1.519787828577682e-30
79,84,2.754871049418676e-30
79,85,1.3107502438480255e-30
79,86,1.0785747785331554e-30
79,87,2.769867108248484e-30
79,88,5.206598474384743e-16
79,89,1.61601513505419e-30
79,90,2.418652550048922e-30
79,91,1.840687487617324e-30
79,92,3.288025157273271e-30
79,93,2.0971949616656455e-30
79,94,1.4726006538203211e-30
79,95,4.147344289227468e-31
79,96,1.2818727600269406e-30
79,97,3.0267470934811787e-30
79,98,1.3366228126610619e-30
79,99,1.066424695963415e-15
79,100,3.642964300399307e-31
79,101,1.1968782401562596e-30
79,102,2.869252667868975e-30
79,103,1.0796221782878117e-30
79,104,1.8271052076858528e-30
79,105,1.3344952254036762e-30
79,106,3.85729381406467e-30
79,107,1.8366326423445294e-30
79,108,1.1727698045799298e-30
79,109,2.121933089089728e-30
79,110,2.1847872799755022e-30
79,111,1.374133645739195e-30
79,112,1.2945239065714715e-30
79,113,3.0043321921405396e-31
79,114,2.2270600840003278e-30
79,115,1.3530309341021326e-15
79,116,1.3983458485579127e-30
79,117,2.1600347704038943e-30
79,118,1.8964558332045986e-30
79,119,2.202009307246551e-30
79,120,1.5008682839994671e-30
79,121,1.0736406357820644e-30
79,122,1.3033290681440972e-30
79,123,6.037777120460357e-31
79,124,1.269037341620871e-30
79,125,2.0670072891839255e-30
79,126,3.257250431262263e-30
79,127,3.100609614172698e-31
79,128,2.5033907820139516e-30
79,129,9.152622887788666e-31
79,130,1.7753096444564582e-30
79,131,3.955130570637607e-30
79,132,1.1431588681251677e-30
79,133,1.588339626981123e-30
79,134,1.282428461080781e-30
79,135,1.16754981528254e-30
79,136,1.1503905732638387e-30
79,137,6.693738384661036e-31
79,138,2.964046829591025e-30
79,139,1.8324867983601783e-30
79,140,1.9257148323467582e-30
79,141,2.479433713579055e-30
79,142,2.824047928544395e-30
79,143,1.0824911686623955e-30
79,144,1.4527973453003614e-30
79,145,1.4697101285867274e-30
79,146,1.0655240060536874e-31
79,147,2.7834103067570006e-16
79,148,1.2997715300183715e-30
79,149,1.1001069172816208e-30
80,81,8.887091389912552e-31
80,82,1.1694247549392597e-30
80,83,9.807593247137006e-31
80,84,1.4957154441410506e-30
80,85,7.859850199285143e-31
80,86,5.028689236112915e-31
80,87,1.5501138431986461e-30
80,88,2.775557561562892e-16
80,89,1.1658626962853367e-30
80,90,1.233139378843744e-30
80,91,1.229064634257597e-30
80,92,1.7927464017001024e-30
80,93,9.252443725612576e-31
80,94,8.94639800595611e-31
80,95,1.721330992900375e-31
80,96,5.615950368278057e-31
80,97,1.497232042559592e-30
80,98,8.390341111086068e-31
80,99,4.871083751574262e-16
80,100,2.291300601271967e-31
80,101,5.21009377510738e-31
80,102,1.9768713496069907e-30
80,103,4.6716274731205054e-31
80,104,1.2701737557383164e-30
80,105,5.8395671057924935e-31
80,106,2.2156445209076336e-30
80,107,6.943184200710303e-31
80,108,7.176971902124597e-31
80,109,1.4829081576894437e-30
80,110,1.282067077463224e-30
80,111,7.953987047546246e-31
80,112,7.812501634754168e-31
80,113,1.790447896747768e-31
80,114,1.4499608694145365e-30
80,115,8.063460480619541e-16
80,116,5.163071864821159e-31
80,117,1.0165728287192964e-30
80,118,1.287360673510512e-30
80,119,1.1864241617679352e-30
80,120,7.235241173340807e-31
80,121,6.923377306987276e-31
80,122,7.649441898706378e-31
80,123,3.758543101074467e-31
80,124,7.673359408501687e-31
80,125,1.3811318894502446e-30
80,126,1.8765947781848467e-30
80,127,1.1323417972786584e-31
80,128,1.604424888704055e-30
80,129,5.228869199325058e-31
80,130,9.745199010016611e-31
80,131,2.46237923253926e-30
80,132,7.460234295532283e-31
80,133,8.340650165002977e-31
80,134,6.718892225091751e-31
80,135,7.881681286456181e-31
80,136,6.4035814800703595e-31
80,137,4.5250565062608745e-31
80,138,1.3071152443425442e-30
80,139,1.1278383795198196e-30
80,140,1.1445438432943866e-30
80,141,1.6500903408049536e-30
80,142,1.3980682557347617e-30
80,143,6.913532178187565e-31
80,144,6.530970318408104e-31
80,145,9.725377812910305e-31
80,146,4.866969690824269e-32
80,147,4.156270945480533e-31
80,148,6.4882566982068895e-31
80,149,4.876499371325271e-31
81,82,1.6519697371405293e-30
81,83,1.1709654859803142e-30
81,84,1.812566735707401e-30
81,85,1.2611085172221074e-30
81,86,1.0017829233882917e-30
81,87,2.422797498222605e-30
81,88,2.4355418757871276e-16
81,89,1.4761811421281908e-30
81,90,1.6148612714929755e-30
81,91,1.186887127495217e-30
81,92,2.593876865625104e-30
81,93,1.5784483391129907e-30
81,94,1.2661478783972566e-30
81,95,3.19681405892225e-31
81,96,9.55383271312554e-31
81,97,2.7033125956958512e-30
81,98,1.373636608929718e-30
81,99,7.440164072555797e-16
81,100,3.0322410378075038e-31
81,101,1.1240730875928959e-30
81,102,2.064619333436457e-30
81,103,8.104336559217311e-31
81,104,1.2739374988056385e-30
81,105,1.1713050852461497e-30
81,106,2.486380273111197e-30
81,107,1.5977458445172897e-30
81,108,1.0567881526600556e-30
81,109,1.675395216579499e-30
81,110,1.9199421234990345e-30
81,111,1.3517507835800133e-30
81,112,1.4656636243265314e-30
81,113,2.5672696726935174e-31
81,114,1.4130115132159028e-30
81,115,1.1561954741302108e-15
81,116,1.1884679248582217e-30
81,117,1.920509859162869e-30
81,118,1.5735996758275628e-30
81,119,1.9235446544185192e-30
81,120,1.4280573615881365e-30
81,121,7.849135068915651e-31
81,122,9.062706229205248e-31
81,123,4.500266473523414e-31
81,124,7.9706213907323e-31
81,125,1.8285131561088992e-30
81,126,2.8185550311093316e-30
81,127,2.6526227105468936e-31
81,128,2.183480392318998e-30
81,129,7.8116698751710975e-31
81,130,1.3522277668298578e-30
81,131,3.330811913727832e-30
81,132,1.0612444977852539e-30
81,133,1.4280015861722724e-30
81,134,1.0763654404866904e-30
81,135,7.920208740836922e-31
81,136,1.0459371018576143e-30
81,137,5.291659663764767e-31
81,138,2.6122651251704786e-30
81,139,1.4559951289345808e-30
81,140,1.6146679768229852e-30
81,141,2.2170811562873143e-30
81,142,2.5554503830336995e-30
81,143,8.765600716069396e-31
81,144,1.0628554098653133e-30
81,145,9.868385473740392e-31
81,146,7.433880196411304e-32
81,147,1.1999266989331239e-30
81,148,1.092532654210808e-30
81,149,9.445637402920511e-31
82,83,1.622515143005197e-30
82,84,2.572863541914832e-30
82,85,1.444339961507062e-30
82,86,1.0801897146449634e-30
82,87,2.841330674583849e-30
82,88,2.155040488008869e-16
82,89,1.8923933497573105e-30
82,90,2.0245741999705657e-30
82,91,1.8956398316065862e-30
82,92,3.253520841244628e-30
82,93,1.814973390465032e-30
82,94,1.5305754058254693e-30
82,95,3.6594608458112556e-31
82,96,1.1293333172163728e-30
82,97,2.9912028659185457e-30
82,98,1.23821208625349e-30
82,99,9.61180833310027e-16
82,100,3.8694092497212743e-31
82,101,1.0639796249940981e-30
82,102,3.014536469180575e-30
82,103,9.797162179578113e-31
82,104,1.9055652853923237e-30
82,105,1.2552421944522711e-30
82,106,3.7341900826650365e-30
82,107,1.6883098680931214e-30
82,108,1.2769847398251431e-30
82,109,2.3935313317537492e-30
82,110,2.2196252357501186e-30
82,111,1.330345529838419e-30
82,112,1.3292652746053486e-30
82,113,3.1467408608397234e-31
82,114,2.3485869241413388e-30
82,115,1.41716609683093e-15
82,116,1.2655887728616314e-30
82,117,2.1147059124744536e-30
82,118,1.980121588988332e-30
82,119,2.2427429123650455e-30
82,120,1.3512567695825187e-30
82,121,1.1017062314913145e-30
82,122,1.2169969568553049e-30
82,123,6.507984236514868e-31
82,124,1.2451119812566976e-30
82,125,2.30536693141637e-30
82,126,3.388343579832154e-30
82,127,2.8178678174464625e-31
82,128,2.7013362005562676e-30
82,129,9.31772508894507e-31
82,130,1.8976795628274702e-30
82,131,4.199023355586856e-30
82,132,1.1866894635904017e-30
82,133,1.564281140330786e-30
82,134,1.1657654175572609e-30
82,135,1.3197443960717476e-30
82,136,1.194989637524931e-30
82,137,7.223510135910473e-31
82,138,2.7906870670203542e-30
82,139,1.88995886428525e-30
82,140,2.097155621289487e-30
82,141,2.6175411885455187e-30
82,142,2.7613655853342825e-30
82,143,1.1661309394857433e-30
82,144,1.2902769392268593e-30
82,145,1.561486038306184e-30
82,146,9.603690311440955e-32
82,147,1.204518052812565e-30
82,148,1.1684873780137455e-30
82,149,1.0329230341316222e-30
83,84,3.119568110538084e-30
83,85,1.2617496177931182e-30
83,86,8.234512663131052e-31
83,87,2.0196601104404497e-30
83,88,5.203707814441988e-16
83,89,1.8784919075131292e-30
83,90,1.971444649902386e-30
83,91,2.0635845188427088e-30
83,92,2.3557800539605128e-30
83,93,1.763174709579573e-30
83,94,1.1352829706375717e-30
83,95,4.035249306383323e-31
83,96,1.2908799641701176e-30
83,97,2.0258567976140345e-30
83,98,1.45144217701681e-30
83,99,1.1236938283130695e-15
83,100,3.1206929940651607e-31
83,101,1.0960197712938761e-30
83,102,3.435426490518818e-30
83,103,1.1914347174386847e-30
83,104,1.957888844951584e-30
83,105,9.31833448447664e-31
83,106,4.639710215902499e-30
83,107,1.3489215529166676e-30
83,108,8.70859889478883e-31
83,109,2.2920177837197273e-30
83,110,1.5776227426243979e-30
83,111,1.2812043083069212e-30
83,112,9.434876836973622e-31
83,113,2.3767442546375292e-31
83,114,2.583450593860842e-30
83,115,1.0703904539540548e-15
83,116,9.642321105374906e-31
83,117,1.424448046544914e-30
83,118,1.9755419830289966e-30
83,119,1.6247510955041814e-30
83,120,1.676043287029824e-30
83,121,1.2921737073315449e-30
83,122,1.4753782060233659e-30
83,123,8.552195182806987e-31
83,124,1.4402146750209814e-30
83,125,1.8030604463887447e-30
83,126,2.5290771017071345e-30
83,127,2.312209491695284e-31
83,128,2.229213178137047e-30
83,129,7.1617587515210425e-31
83,130,2.12689697790199e-30
83,131,3.3281961134851736e-30
83,132,1.5282461915374854e-30
83,133,1.1121845106609646e-30
83,134,1.3692355867175922e-30
83,135,1.53422459519291e-30
83,136,1.3167045155881178e-30
83,137,6.87999064303446e-31
83,138,2.0186477302356045e-30
83,139,1.5871961869016038e-30
83,140,1.7316924650934598e-30
83,141,2.6852325941599007e-30
83,142,1.9686219238493177e-30
83,143,1.0112595764091248e-30
83,144,1.4749922867290174e-30
83,145,1.917881518637942e-30
83,146,1.1227447695594448e-31
83,147,1.0759825985796996e-30
83,148,1.2692886906052302e-30
83,149,6.712495468902552e-31
84,85,1.036881417871501e-30
84,86,1.3058180188984636e-30
84,87,1.272710543001979e-30
84,88,4.710277376051319e-16
84,89,3.624751749424738e-30
84,90,5.287928848102198e-30
84,91,4.110260147111753e-30
84,92,1.4249209068790642e-30
84,93,4.405990598237671e-30
84,94,7.3775297921452095e-31
84,95,9.42649810745717e-31
84,96,2.9824639857508343e-30
84,97,2.9044496739649207e-30
84,98,2.5378252093707756e-30
84,99,2.5818094108631343e-15
84,100,2.71559082935134e-31
84,101,2.5469037958758795e-30
84,102,6.742404773070264e-30
84,103,2.6209090844614278e-30
84,104,3.463283380262648e-30
84,105,2.1660100910908145e-30
84,106,9.74539215135991e-30
84,107,2.9415665147969306e-30
84,108,9.726285797627785e-31
84,109,3.909801204749393e-30
84,110,8.574864512119509e-31
84,111,2.012125773093135e-30
84,112,1.643016614346649e-30
84,113,1.428245546460009e-31
84,114,5.371102982331459e-30
84,115,6.432246110830868e-16
84,116,2.351650895560892e-30
84,117,1.5973224224399264e-30
84,118,3.745078626020294e-30
84,119,2.311087546491524e-30
84,120,3.6524147707318785e-30
84,121,2.593121211617571e-30
84,122,3.24748187831194e-30
84,123,1.5254615538859947e-30
84,124,3.0127994464715974e-30
84,125,2.620491675967248e-30
84,126,1.8329292426299152e-30
84,127,5.305000321765163e-31
84,128,2.312838993801104e-30
84,129,1.034538143970623e-30
84,130,2.9462427096638275e-30
84,131,2.8622408620097073e-30
84,132,2.677815250422091e-30
84,133,1.0933124661060718e-30
84,134,3.0137124153479328e-30
84,135,2.652659721298099e-30
84,136,2.5755649258017697e-30
84,137,1.0888131618798593e-30
84,138,4.4616869318566325e-30
84,139,2.2128533231437703e-30
84,140,1.926288186861086e-30
84,141,5.365309983226307e-30
84,142,2.6239063751166622e-30
84,143,1.0140886055996476e-30
84,144,3.415994999871267e-30
84,145,3.584091510259978e-30
84,146,2.579628844627181e-31
84,147,2.3841317709699436e-30
84,148,2.853138283002504e-30
84,149,1.4586895434639622e-30
85,86,1.1873600869210944e-30
85,87,1.970079684128621e-30
85,88,1.5700924586837858e-16
85,89,1.1866035919176522e-30
85,90,7.03092886787687e-31
85,91,1.2568308864257143e-30
85,92,2.1960533473053617e-30
85,93,9.429340840508962e-31
85,94,1.100465862640451e-30
85,95,1.4956582749339007e-31
85,96,4.835333825049249e-31
85,97,1.97404134459769e-30
85,98,8.122821470280538e-31
85,99,1.594436429147041e-16
85,100,2.729421298731152e-31
85,101,6.793080685762618e-31
85,102,1.9246961810325154e-30
85,103,2.9447545217489675e-31
85,104,1.193684539101108e-30
85,105,7.7138298250419105e-31
85,106,1.3974985840598188e-30
85,107,9.634660524497889e-31
85,108,8.318074898561343e-31
85,109,1.702622266138541e-30
85,110,1.6205439481369534e-30
85,111,9.986638254919631e-31
85,112,8.92458377949517e-31
85,113,2.2085907613219815e-31
85,114,1.1758787402213293e-30
85,115,9.9466085297036e-16
85,116,8.358478409708181e-31
85,117,1.3525263157962936e-30
85,118,1.325900053343292e-30
85,119,1.5018819664330421e-30
85,120,1.1268598972920519e-30
85,121,9.862410520002359e-31
85,122,6.464821418301554e-31
85,123,3.697232741794679e-31
85,124,7.998836691824985e-31
85,125,1.4684014455476748e-30
85,126,2.4193047758115698e-30
85,127,1.4538508534679918e-31
85,128,1.934762877668306e-30
85,129,5.858662783064483e-31
85,130,1.0919777782965385e-30
85,131,3.0855951807198576e-30
85,132,7.872031000187614e-31
85,133,1.0989613481561572e-30
85,134,1.0785114412330267e-30
85,135,7.082582464445191e-31
85,136,8.167545227919842e-31
85,137,4.993891587606199e-31
85,138,1.6748545419924774e-30
85,139,1.438662704544641e-30
85,140,1.5041718577536822e-30
85,141,1.7432094334329385e-30
85,142,1.850220158461337e-30
85,143,8.032319816607074e-31
85,144,5.9187893392732955e-31
85,145,8.857874388540278e-31
85,146,1.5930897866612885e-32
85,147,7.277068159910393e-31
85,148,7.509616257107908e-31
85,149,5.820775979074088e-31
86,87,1.5132502373289825e-30
86,88,6.920916227142598e-16
86,89,9.637578422238042e-31
86,90,1.420509849288481e-30
86,91,7.251597343161717e-31
86,92,1.5641427461304491e-30
86,93,6.608414519954986e-16
86,94,7.501741456110074e-31
86,95,2.1665970137709325e-31
86,96,6.676009676388501e-31
86,97,1.704857007904173e-30
86,98,8.133461946084009e-31
86,99,5.095246377785855e-16
86,100,1.8843024062566593e-31
86,101,7.493779906460831e-31
86,102,1.2949935604618445e-30
86,103,5.8701058314798755e-31
86,104,7.5327460599864985e-31
86,105,7.6480643788079215e-31
86,106,1.789374573605603e-30
86,107,1.0446842115286767e-30
86,108,6.202691288139528e-31
86,109,9.903747628941215e-31
86,110,1.0904351316987441e-30
86,111,7.394072989947494e-31
86,112,6.65137184271874e-31
86,113,1.6059253406520366e-31
86,114,9.611207678682209e-31
86,115,7.232444765745353e-16
86,116,9.354815198397128e-31
86,117,1.231585695707555e-30
86,118,9.312003993384935e-31
86,119,1.3086636468970086e-30
86,120,8.932130094146829e-31
86,121,6.1069774374703466e-31
86,122,6.840193858439315e-31
86,123,5.5841432857578735e-31
86,124,4.888443723041137e-31
86,125,1.141281518180781e-30
86,126,1.8046979331979793e-30
86,127,1.7544483474212908e-31
86,128,1.4454619199980301e-30
86,129,5.24725625894462e-31
86,130,1.5466726880039063e-30
86,131,2.0747552308787545e-30
86,132,1.0026959370177518e-30
86,133,8.262171931957556e-31
86,134,8.421251554650566e-31
86,135,6.724319321385827e-31
86,136,7.839742865304456e-31
86,137,3.3624474457723165e-31
86,138,1.777171212643704e-30
86,139,9.360904505984184e-31
86,140,1.2249793183540683e-30
86,141,1.3222948142960162e-30
86,142,1.516518526326438e-30
86,143,5.874443639020061e-31
86,144,7.214988012432765e-31
86,145,8.259173128792113e-31
86,146,5.090942991885835e-32
86,147,8.10792941025304e-31
86,148,7.527364877295677e-31
86,149,6.070175053626479e-31
87,88,1.110223024625167e-16
87,89,2.4972141426804903e-30
87,90,1.3212002140514307e-30
87,91,1.9144865389166e-30
87,92,4.4986058256194544e-30
87,93,1.8932010533515412e-30
87,94,2.187398339808893e-30
87,95,3.9265683480494566e-31
87,96,1.136272979414893e-30
87,97,4.415114424024469e-30
87,98,1.5357181232820744e-30
87,99,5.978733960281796e-16
87,100,5.276488974846858e-31
87,101,1.4681036860439906e-30
87,102,3.497058206527643e-30
87,103,7.622855392368103e-31
87,104,2.110781377776881e-30
87,105,1.8136787348862853e-30
87,106,1.946012255771191e-30
87,107,2.3422413523463193e-30
87,108,1.7669293015241168e-30
87,109,2.9116907990087618e-30
87,110,3.278447271907387e-30
87,111,1.869484009850508e-30
87,112,1.8883886033526975e-30
87,113,4.437770555662585e-31
87,114,1.5478685166122472e-30
87,115,1.998594182083778e-15
87,116,1.695401681682241e-30
87,117,3.109380249924181e-30
87,118,2.6465493338196958e-30
87,119,3.229318382612338e-30
87,120,8.17192893060113e-31
87,121,1.2342434206019325e-30
87,122,1.1900045948832039e-30
87,123,7.433346477755222e-31
87,124,1.0370214783545749e-30
87,125,3.1564422536333766e-30
87,126,4.8353531862458234e-30
87,127,3.818651105650121e-31
87,128,3.725280600666152e-30
87,129,1.3262747801401349e-30
87,130,2.2878222455723924e-30
87,131,5.7899375936937934e-30
87,132,1.3831283632256263e-30
87,133,2.3599693719916037e-30
87,134,1.5776524016489096e-30
87,135,1.3683747172174687e-30
87,136,1.5978530751222254e-30
87,137,9.195312987198287e-31
87,138,4.036017008686673e-30
87,139,2.5284466554334755e-30
87,140,2.7977573599735795e-30
87,141,3.738494714706699e-30
87,142,4.143427820953213e-30
87,143,1.523884568795594e-30
87,144,1.1720044312310634e-30
87,145,1.4735512524274469e-30
87,146,5.973684391032942e-32
87,147,1.306369110549479e-30
87,148,1.6719567133740022e-30
87,149,1.4916335908807073e-30
88,89,4.0916313333607907e-16
88,90,1.2253387224128208e-15
88,91,3.433175098891666e-16
88,92,4.687863518882943e-16
88,93,1.1863073626225038e-15
88,94,2.48253415324728e-16
88,95,7.7317826037665755e-31
88,96,2.224778631027178e-16
88,97,3.836524416705773e-16
88,98,4.53597019046316e-16
88,99,1.9209394647894906e-15
88,100,5.422001396292664e-31
88,101,4.043589816781424e-16
88,102,2.484715110022949e-16
88,103,3.330669073875477e-16
88,104,1.777223989483331e-16
88,105,2.7341970236532644e-30
88,106,3.1531909770737425e-16
88,107,4.815412394636866e-16
88,108,2.823712090451708e-16
88,109,3.815484752124032e-16
88,110,1.0532500405730117e-15
88,111,4.611102534756204e-16
88,112,2.153923090571384e-16
88,113,4.894815270886237e-31
88,114,1.1247658607394274e-15
88,115,2.234973023458329e-15
88,116,6.131407058289211e-16
88,117,5.661075445633755e-16
88,118,6.214475859622043e-16
88,119,2.775557561562868e-16
88,120,3.947858669576927e-16
88,121,3.387999773988766e-16
88,122,2.6037037858103345e-16
88,123,6.106226635438358e-16
88,124,1.9229626863835581e-16
88,125,3.740572288564041e-16
88,126,1.1102230246251453e-16
88,127,6.3434238177849045e-31
88,128,5.937273246037158e-16
88,129,2.3777737682529355e-16
88,130,1.3866681133119829e-15
88,131,4.627495281058389e-16
88,132,1.1706851777861149e-15
88,133,4.96555315277339e-16
88,134,5.488309788105661e-16
88,135,6.94721558657454e-16
88,136,5.625308972592545e-16
88,137,1.5700924586837747e-16
88,138,7.292444075163859e-16
88,139,5.3435114982337255e-16
88,140,4.873060251453342e-16
88,141,9.076168715173999e-16
88,142,9.348727232960285e-16
88,143,2.2887833992611153e-16
88,144,3.4694469519536666e-17
88,145,5.830555021386817e-16
88,146,1.6641590998004558e-31
88,147,4.0115269401526703e-16
88,148,1.5700924586837633e-16
88,149,2.482534153247269e-16
89,90,2.7339557424033532e-30
89,91,2.3677497015710937e-30
89,92,2.5900804532459788e-30
89,93,2.2656598004356006e-30
89,94,1.3582675830708394e-30
89,95,4.953607506321583e-31
89,96,1.5653299516438772e-30
89,97,2.661381470084378e-30
89,98,1.4348044072995447e-30
89,99,1.3518561033738198e-15
89,100,3.617814901150931e-31
89,101,1.2697105741309593e-30
89,102,3.822560654364638e-30
89,103,1.3505770676727523e-30
89,104,2.187344256894039e-30
89,105,1.2602221352329994e-30
89,106,5.226638477208625e-30
89,107,1.791066460058584e-30
89,108,1.1619756241937206e-30
89,109,2.5296494943325152e-30
89,110,1.9126514871479868e-30
89,111,1.2939332795643277e-30
89,112,1.1852846391801573e-30
89,113,2.8376471677085413e-31
89,114,3.0277766064982368e-30
89,115,1.2779626727101136e-15
89,116,1.3386757810440392e-30
89,117,1.8992221510851785e-30
89,118,2.201942929754095e-30
89,119,2.000070014755797e-30
89,120,1.939941947753075e-30
89,121,1.4381666029713955e-30
89,122,1.694794453389569e-30
89,123,8.605251361816802e-31
89,124,1.6994787694242204e-30
89,125,2.3347215513685127e-30
89,126,3.0143403310783516e-30
89,127,3.095053723222948e-31
89,128,2.6730313914472987e-30
89,129,8.741293883776331e-31
89,130,2.1527529212330314e-30
89,131,3.862934756900444e-30
89,132,1.5216961694547997e-30
89,133,1.3532326449431996e-30
89,134,1.5650586999119559e-30
89,135,1.5973332139105633e-30
89,136,1.424001662903098e-30
89,137,7.609194162228103e-31
89,138,2.754652830580804e-30
89,139,1.7087010396132896e-30
89,140,1.9627601661005447e-30
89,141,2.924382344055761e-30
89,142,2.517512067734312e-30
89,143,1.1409157550312945e-30
89,144,1.8010182106025027e-30
89,145,2.058292942239045e-30
89,146,1.3507143414132034e-31
89,147,1.3016896337182997e-30
89,148,1.493605190071432e-30
89,149,9.885802839306136e-31
90,91,3.195449769438856e-30
90,92,8.740136421103736e-31
90,93,4.14811728120156e-30
90,94,5.7110204332357785e-31
90,95,7.533293369873193e-31
90,96,2.400326096012432e-30
90,97,2.503997225314746e-30
90,98,1.6456554707111618e-30
90,99,2.020288073059258e-15
90,100,1.2771459395752678e-31
90,101,2.1702123075405784e-30
90,102,4.883596972985456e-30
90,103,1.971994719813235e-30
90,104,2.5192777638930594e-30
90,105,1.8234023441263425e-30
90,106,7.097772398356834e-30
90,107,2.5793563925219196e-30
90,108,7.54573835704045e-31
90,109,2.6163523234297164e-30
90,110,7.7693151055856465e-31
90,111,1.3000070598611775e-30
90,112,1.4282520127619747e-30
90,113,6.73888364227312e-32
90,114,4.0955888166152975e-30
90,115,3.0349233860234363e-16
90,116,2.3525834264674607e-30
90,117,1.7317693299163393e-30
90,118,2.7604687787901484e-30
90,119,2.111945561241216e-30
90,120,2.801773021857269e-30
90,121,1.9259620922280045e-30
90,122,2.5348431708563004e-30
90,123,1.2429773726309066e-30
90,124,2.3095620404788217e-30
90,125,2.040488427976476e-30
90,126,1.3058165023944992e-30
90,127,4.517839663529161e-31
90,128,1.6568198140733435e-30
90,129,8.341856240679722e-31
90,130,2.141686017194675e-30
90,131,1.5762363570718586e-30
90,132,2.209443499009034e-30
90,133,7.252370622059456e-31
90,134,2.3224765327560465e-30
90,135,1.5407838898013374e-30
90,136,1.9593238217660526e-30
90,137,7.501658169561214e-31
90,138,4.1941455369887615e-30
90,139,1.6585624607883167e-30
90,140,1.3498233706349851e-30
90,141,3.888654773370288e-30
90,142,1.9383473379329168e-30
90,143,4.668687411248598e-31
90,144,2.6974206942610037e-30
90,145,2.4239492207217194e-30
90,146,2.0185817612221113e-31
90,147,1.857714378305354e-30
90,148,2.2840643308905713e-30
90,149,1.3983994228916824e-30
91,92,2.4870583299687845e-30
91,93,2.5149666022459835e-30
91,94,1.1592924847113144e-30
91,95,5.289643747226828e-31
91,96,1.7047312863106845e-30
91,97,1.7687330874598657e-30
91,98,1.5812165734074433e-30
91,99,1.4797262428482679e-15
91,100,3.312026093515713e-31
91,101,1.4299899270875479e-30
91,102,4.361346821542649e-30
91,103,1.4420829542959266e-30
91,104,2.4913260408571148e-30
91,105,1.1641776847567877e-30
91,106,5.9039406669259744e-30
91,107,1.5524297601031578e-30
91,108,9.500423458144178e-31
91,109,2.8230973508481554e-30
91,110,1.5028079557345276e-30
91,111,1.3630309085261857e-30
91,112,1.136965395671242e-30
91,113,2.373545943005798e-31
91,114,3.482068199435732e-30
91,115,1.068950062446767e-15
91,116,1.3062620485534088e-30
91,117,1.264182719264583e-30
91,118,2.4827963532663084e-30
91,119,1.6283454518932982e-30
91,120,2.1305328641936664e-30
91,121,1.6503616597318266e-30
91,122,1.9405168472711403e-30
91,123,9.402835708121955e-31
91,124,1.9615176584913312e-30
91,125,2.036572337196619e-30
91,126,2.4811434479796856e-30
91,127,2.800387395595215e-31
91,128,2.3351667816723132e-30
91,129,7.45376807139097e-31
91,130,1.989846950237316e-30
91,131,3.530674524060686e-30
91,132,1.6655023301525904e-30
91,133,9.074493061080254e-31
91,134,1.7404750054472384e-30
91,135,1.6912389294746708e-30
91,136,1.5525342582886707e-30
91,137,8.192222626767791e-31
91,138,2.401070438157895e-30
91,139,1.8478162782070748e-30
91,140,1.8042142536339198e-30
91,141,3.2938265407046884e-30
91,142,1.5841175837086717e-30
91,143,1.0771832398311724e-30
91,144,1.9430926865636364e-30
91,145,2.2666602924218288e-30
91,146,1.4784764832532975e-31
91,147,1.2368224325922678e-30
91,148,1.6517019930895703e-30
91,149,7.982555724562318e-31
92,93,2.099884235424435e-30
92,94,2.4288072530106453e-30
92,95,3.648674850428179e-31
92,96,1.0952335179588168e-30
92,97,4.6151454521549806e-30
92,98,2.2772163410653283e-30
92,99,2.3469468764647083e-16
92,100,6.014402537220142e-31
92,101,1.4197828296415019e-30
92,102,4.146082829979151e-30
92,103,4.97839059646941e-31
92,104,2.6463592554815524e-30
92,105,1.8532574982475922e-30
92,106,2.54628542949173e-30
92,107,2.257900615770903e-30
92,108,2.090204352606634e-30
92,109,3.3750314033982086e-30
92,110,3.5582230677965106e-30
92,111,2.1811030402977115e-30
92,112,2.1199869495076446e-30
92,113,4.961028061745718e-31
92,114,2.135002399810949e-30
92,115,2.2342484130252597e-15
92,116,1.62166659269371e-30
92,117,3.226641116178689e-30
92,118,3.2029370705915676e-30
92,119,3.52248289318307e-30
92,120,1.1791187037967118e-30
92,121,1.5287442561287646e-30
92,122,1.3336488500118635e-30
92,123,9.060870792468867e-31
92,124,1.2774037340080671e-30
92,125,3.361773178422346e-30
92,126,5.348698403971094e-30
92,127,3.6754748055867764e-31
92,128,4.0554824328952526e-30
92,129,1.4814722274933416e-30
92,130,2.9096731698297845e-30
92,131,6.589326305897609e-30
92,132,1.6162919966436542e-30
92,133,2.470242919995107e-30
92,134,1.6314249475596482e-30
92,135,1.8759048779695907e-30
92,136,1.8030558016515626e-30
92,137,1.0720917331377638e-30
92,138,4.256810782473755e-30
92,139,3.254729146735814e-30
92,140,3.271838940734725e-30
92,141,3.974488418551337e-30
92,142,4.1989496539645425e-30
92,143,1.7723555756584037e-30
92,144,1.081335874168378e-30
92,145,1.9298978818738006e-30
92,146,2.344964672396957e-32
92,147,1.1610990315520324e-16
92,148,1.7737814571690167e-30
92,149,1.6167608556323727e-30
93,94,8.461478296006081e-16
93,95,6.690715573221402e-31
93,96,2.089506804483207e-30
93,97,1.548964852896461e-16
93,98,1.474067458875505e-30
93,99,1.7409469086657843e-15
93,100,1.6629002580369537e-31
93,101,1.9472924954252444e-30
93,102,4.078231444755529e-30
93,103,1.7731648641823372e-30
93,104,1.8904088174112074e-30
93,105,1.7540483437213554e-30
93,106,5.942815138135837e-30
93,107,2.489089922123044e-30
93,108,8.681733141006125e-31
93,109,2.0967503815156867e-30
93,110,1.5561961121170991e-30
93,111,1.216310206736886e-30
93,112,1.2803718539492016e-30
93,113,1.5609492892345873e-31
93,114,3.2353083924974174e-30
93,115,7.029890637341132e-16
93,116,3.6043028913496315e-16
93,117,2.046719874802075e-30
93,118,2.2929110582448798e-30
93,119,2.0720902106626202e-30
93,120,6.839228778783589e-16
93,121,1.6099024790490598e-30
93,122,2.1301308429012363e-30
93,123,1.0076668840718363e-30
93,124,1.8552464082460576e-30
93,125,1.7846112163358374e-30
93,126,2.0075539118597264e-30
93,127,4.341615974782509e-31
93,128,1.5517487936462381e-30
93,129,8.075059088860294e-31
93,130,1.9596273178844596e-30
93,131,1.8797123912376507e-30
93,132,1.8702633145401717e-30
93,133,1.3983628902950206e-30
93,134,2.0878606919984738e-30
93,135,1.4367459524329148e-30
93,136,1.7435541728763196e-30
93,137,5.863446215271255e-31
93,138,3.8877684252025096e-30
93,139,1.3347298462780821e-30
93,140,1.361388438338779e-30
93,141,3.458402555001813e-30
93,142,2.7646641648097845e-30
93,143,4.913916355519929e-31
93,144,2.359163691684579e-30
93,145,2.0792575726414218e-30
93,146,1.7394765251310245e-31
93,147,5.329329139318507e-16
93,148,2.0264224582720366e-30
93,149,1.3352700327955634e-30
94,95,1.7588809339271203e-31
94,96,5.038385075326765e-31
94,97,2.2531837964469846e-30
94,98,1.7419940782405495e-16
94,99,1.9532499325932605e-16
94,100,2.9313993307581486e-31
94,101,7.029751598877137e-31
94,102,2.0184083053539198e-30
94,103,2.7896805084523514e-31
94,104,1.2721534788194705e-30
94,105,8.93558217220858e-31
94,106,1.2974862955403171e-30
94,107,1.1141368334090514e-30
94,108,9.498995404635288e-31
94,109,1.6876504083370065e-30
94,110,1.8000682101201142e-30
94,111,1.0156191543147676e-30
94,112,1.0196854191635622e-30
94,113,2.4098732815869583e-31
94,114,1.1154814244878328e-30
94,115,1.0853104412965144e-15
94,116,7.835031174244128e-31
94,117,1.5648481300198338e-30
94,118,7.405548792101085e-16
94,119,1.6712776408021128e-30
94,120,5.43389668602762e-16
94,121,7.108769967923932e-31
94,122,6.542532545799176e-31
94,123,3.812407072700784e-31
94,124,6.50769305329042e-31
94,125,7.645861372200811e-16
94,126,2.5880757582864614e-30
94,127,1.7721196425229052e-31
94,128,5.862085963930735e-16
94,129,6.968172221740727e-31
94,130,1.1588313431183205e-30
94,131,3.207184501844842e-30
94,132,6.711026132380614e-16
94,133,1.251810349137099e-30
94,134,8.232418016923874e-31
94,135,8.053122469743156e-31
94,136,3.7980547730260785e-16
94,137,5.240866395135939e-31
94,138,1.9905081487359712e-30
94,139,1.4161342931914993e-30
94,140,1.5009276983183596e-30
94,141,2.023781645538587e-30
94,142,2.1432478786373445e-30
94,143,8.514810448180031e-31
94,144,5.071099580125134e-31
94,145,8.664762053923628e-31
94,146,1.9997925919345222e-32
94,147,5.750309727825415e-31
94,148,8.347886195191416e-31
94,149,7.365129388825419e-31
95,96,4.38715610941113e-31
95,97,6.128735124875834e-31
95,98,3.1965509626299317e-31
95,99,3.723801229870908e-16
95,100,4.041858021530524e-32
95,101,3.874610984421999e-31
95,102,8.869600409109254e-31
95,103,3.8664263630381062e-31
95,104,4.181028397301167e-31
95,105,3.6367928402980162e-31
95,106,1.3126826374309038e-30
95,107,5.169216374738031e-31
95,108,1.6424975529213665e-31
95,109,4.8632420454665245e-31
95,110,3.033658815015893e-31
95,111,2.724791317637864e-31
95,112,2.4999563287038857e-31
95,113,3.486305596842099e-32
95,114,6.9882391359616215e-31
95,115,1.570092458683776e-16
95,116,3.9382195736756204e-31
95,117,4.189277234818434e-31
95,118,5.0366898153788565e-31
95,119,4.020813245668894e-31
95,120,5.166719017701757e-31
95,121,3.479345741910726e-31
95,122,4.505036369326189e-31
95,123,2.0572699564131695e-31
95,124,3.998288042975179e-31
95,125,3.410055186674813e-31
95,126,4.201318881192281e-31
95,127,9.014440691123758e-32
95,128,2.8455515570341717e-31
95,129,1.6129051390165818e-31
95,130,3.662215835007372e-31
95,131,4.399301111484476e-31
95,132,3.5333650061653234e-31
95,133,2.9530785017473613e-31
95,134,4.443201168294975e-31
95,135,3.410776588533693e-31
95,136,3.691370403123964e-31
95,137,1.3174525019084988e-31
95,138,7.701867409705009e-31
95,139,2.7106618340765683e-31
95,140,2.3095293756090327e-31
95,141,7.634678150444757e-31
95,142,5.943963634671514e-31
95,143,1.2762721083636277e-31
95,144,5.030169900737771e-31
95,145,4.604035730739102e-31
95,146,3.720656150610956e-32
95,147,3.8667494540641334e-31
95,148,4.236621462238189e-31
95,149,2.639360448300842e-31
96,97,1.779864624680385e-30
96,98,1.0120341187400452e-30
96,99,1.1653636812386927e-15
96,100,1.3136869491574605e-31
96,101,1.1967027383003611e-30
96,102,2.831575941969181e-30
96,103,1.1967496928674844e-30
96,104,1.3669269914813608e-30
96,105,1.1007820584190407e-30
96,106,4.1681264931269806e-30
96,107,1.5568372584833825e-30
96,108,4.746319397487295e-31
96,109,1.5767578484386994e-30
96,110,7.79266603751409e-31
96,111,8.453860485356985e-31
96,112,7.638597679970148e-31
96,113,1.0635057697647741e-31
96,114,2.2487268559990525e-30
96,115,4.789604188419012e-16
96,116,1.2156860543694265e-30
96,117,1.2184404431711967e-30
96,118,1.5938203101418235e-30
96,119,1.216218379599942e-30
96,120,1.6215910942333034e-30
96,121,1.1052002455609434e-30
96,122,1.4179073056640261e-30
96,123,6.516672930934621e-31
96,124,1.2841960687991569e-30
96,125,1.0641395180989681e-30
96,126,1.2352484657594079e-30
96,127,2.7313512939768183e-31
96,128,9.542280784705145e-31
96,129,4.852163947606868e-31
96,130,1.1932835066851033e-30
96,131,1.3935300424353956e-30
96,132,1.1220925711074174e-30
96,133,7.995517049761497e-31
96,134,1.3746990515108424e-30
96,135,1.0982331162314165e-30
96,136,1.1507110348571052e-30
96,137,4.31561646136991e-31
96,138,2.3418125329221922e-30
96,139,8.720054655561744e-31
96,140,7.617738398034668e-31
96,141,2.369911740738067e-30
96,142,1.6679345143729426e-30
96,143,4.467112817417828e-31
96,144,1.5662845012207891e-30
96,145,1.4784412747119435e-30
96,146,1.1643794286113596e-31
96,147,1.171642911010962e-30
96,148,1.3137705240193471e-30
96,149,7.998677593756816e-31
97,98,1.5622861882834745e-30
97,99,1.3104041889492166e-15
97,100,5.164978966863264e-31
97,101,1.948711312270498e-30
97,102,3.56038369628842e-30
97,103,1.5383482786590744e-30
97,104,1.8754895515190037e-30
97,105,2.265590039833083e-30
97,106,3.918101435367572e-30
97,107,3.1333901763123883e-30
97,108,1.8465460789997768e-30
97,109,2.8191375734693533e-30
97,110,3.5468745152865596e-30
97,111,1.9625920792196767e-30
97,112,2.0482239158678486e-30
97,113,4.518453298437214e-31
97,114,1.901716672173245e-30
97,115,2.0349304591132833e-15
97,116,2.2540761219330115e-30
97,117,3.6480449569964164e-30
97,118,2.7718652589584768e-30
97,119,3.526649796856287e-30
97,120,1.7819899952009897e-30
97,121,1.353840200304586e-30
97,122,1.66366132453869e-30
97,123,7.940377871133663e-31
97,124,1.135108623938706e-30
97,125,3.2284399189610404e-30
97,126,5.0468603579334224e-30
97,127,5.168878459420749e-31
97,128,3.6883930611723186e-30
97,129,1.4166605928001388e-30
97,130,2.2427740729637666e-30
97,131,5.74666878374991e-30
97,132,1.419426382686041e-30
97,133,2.7475519982149906e-30
97,134,2.111619146299857e-30
97,135,1.3672481435293228e-30
97,136,1.833186103486728e-30
97,137,8.790279204173441e-31
97,138,5.0086770121261664e-30
97,139,2.5187794309207426e-30
97,140,2.798158869449964e-30
97,141,4.2396097817441526e-30
97,142,4.9548863789480796e-30
97,143,1.442164498085054e-30
97,144,1.9979887567543774e-30
97,145,1.3514524994321975e-30
97,146,1.3092974367939853e-31
97,147,1.9746978322613743e-30
97,148,2.0980637272026138e-30
97,149,1.8135181342184482e-30
98,99,8.870409731488976e-16
98,100,2.355991170298723e-31
98,101,9.473212099733521e-31
98,102,2.6586798438355157e-30
98,103,9.91376475313952e-31
98,104,1.6284478477306833e-30
98,105,7.451494230249394e-31
98,106,3.7583346740636975e-30
98,107,1.0832693331210756e-30
98,108,7.777033520976238e-31
98,109,1.861547872443915e-30
98,110,1.2373606706488593e-30
98,111,1.1866066921993424e-30
98,112,8.512523361097944e-31
98,113,1.7953975109706337e-31
98,114,1.9491779961061458e-30
98,115,8.085751561389265e-16
98,116,7.864842887978382e-31
98,117,1.109630226600252e-30
98,118,1.5854846565226798e-30
98,119,1.2168437681711812e-30
98,120,1.4269918069757001e-30
98,121,1.0222541698881933e-30
98,122,1.2425904603451559e-30
98,123,6.6006065855766385e-31
98,124,9.983859117055341e-31
98,125,1.5120770133662688e-30
98,126,1.872492245420409e-30
98,127,1.8490616213724718e-31
98,128,1.635269807571002e-30
98,129,5.894807138976087e-31
98,130,1.6462970838233626e-30
98,131,2.4554626649046852e-30
98,132,1.2996455162239223e-30
98,133,8.9566199767083e-31
98,134,1.1557420790981069e-30
98,135,1.296254482583784e-30
98,136,1.0039050404666409e-30
98,137,5.228612559326837e-31
98,138,1.5986295332064637e-30
98,139,1.273422018623211e-30
98,140,1.2649015018790442e-30
98,141,2.145236954881966e-30
98,142,1.5612080397866152e-30
98,143,7.599306501383616e-31
98,144,1.1991700279773974e-30
98,145,1.5970881710031266e-30
98,146,8.862917886475875e-32
98,147,1.2880248798673572e-16
98,148,9.945564141370357e-31
98,149,5.6227928180254425e-31
99,100,5.551115123125812e-17
99,101,1.0045247281689607e-15
99,102,2.461391064887403e-15
99,103,1.0265811539126824e-15
99,104,1.1831170202396066e-15
99,105,8.968100940422718e-16
99,106,3.622740620859685e-15
99,107,1.2499257461493155e-15
99,108,3.5306630489252807e-16
99,109,1.368177846156235e-15
99,110,4.0029660424867027e-16
99,111,7.369614944603283e-16
99,112,6.292624226552982e-16
99,113,5.788441962021217e-31
99,114,1.9525780867396176e-15
99,115,2.5600410626469122e-15
99,116,9.693426167666796e-16
99,117,7.913990257226287e-16
99,118,1.3817984465418637e-15
99,119,9.371360918460982e-16
99,120,1.3987250837392848e-15
99,121,9.595765245208624e-16
99,122,1.2248867600420323e-15
99,123,5.661048867003677e-16
99,124,1.1102230246251571e-15
99,125,9.19501628919708e-16
99,126,6.713178136967709e-16
99,127,2.2204460492503118e-16
99,128,6.885453791877208e-16
99,129,3.997627343133713e-16
99,130,1.0280809080416364e-15
99,131,6.898269189236031e-16
99,132,9.775382278353582e-16
99,133,5.551115123125768e-16
99,134,1.1763420697408676e-15
99,135,9.527280738960645e-16
99,136,9.89230013255371e-16
99,137,3.7238012298709116e-16
99,138,1.857700945386182e-15
99,139,7.582150673783728e-16
99,140,6.310961198575702e-16
99,141,2.0449027467100178e-15
99,142,1.2439600323428916e-15
99,143,2.28878339926113e-16
99,144,1.3367414867514501e-15
99,145,1.287870672119793e-15
99,146,9.991554116168379e-17
99,147,9.862698323941155e-16
99,148,1.1157603309187454e-15
99,149,6.212538618432898e-16
100,101,1.6827944341576035e-31
100,102,5.62258525776448e-31
100,103,5.431535029650693e-32
100,104,3.5544536772665873e-31
100,105,2.0276175901861597e-31
100,106,4.58620665380831e-31
100,107,2.2621579576551137e-31
100,108,2.3519948746788666e-31
100,109,4.4776669387178815e-31
100,110,4.162383839250444e-31
100,111,2.6158318104191372e-31
100,112,2.4717301100642712e-31
100,113,6.015627999625232e-32
100,114,3.240360993734629e-31
100,115,2.7091980017511727e-16
100,116,1.6746773030663738e-31
100,117,3.505242575774575e-31
100,118,3.855539733691895e-31
100,119,4.132075041585169e-31
100,120,1.2352444130423617e-31
100,121,1.971759470465022e-31
100,122,1.8400881918300417e-31
100,123,1.1973076003112001e-31
100,124,1.94661156860726e-31
100,125,4.399544945342035e-31
100,126,6.403975308590397e-31
100,127,3.685269545657158e-32
100,128,5.292979356056322e-31
100,129,1.7563577978166291e-31
100,130,3.576773777614002e-31
100,131,8.125403187248385e-31
100,132,2.2317732887628827e-31
100,133,2.7371428834316194e-31
100,134,1.9725376550767366e-31
100,135,2.2597609579880262e-31
100,136,2.215996348462509e-31
100,137,1.4052965645747234e-31
100,138,4.440837227192802e-31
100,139,3.614559819455842e-31
100,140,3.953110588130509e-31
100,141,5.111278593246786e-31
100,142,4.6613477904210725e-31
100,143,2.270634360546022e-31
100,144,1.2448878904811362e-31
100,145,2.6980317313928876e-31
100,146,5.546426715779195e-33
100,147,1.083481982173964e-31
100,148,2.112646060405899e-31
100,149,1.6579517579435816e-31
101,102,2.4280962920753743e-30
101,103,1.0530686825805557e-30
101,104,1.1252898995069018e-30
101,105,1.0518599726190369e-30
101,106,3.514356597386388e-30
101,107,1.4983065929996327e-30
101,108,6.335755655060241e-31
101,109,1.2307262934591374e-30
101,110,1.0962667803616708e-30
101,111,7.71013341372493e-31
101,112,7.8557027907213365e-31
101,113,1.4482993181792016e-31
101,114,1.8436676732560483e-30
101,115,6.522560269672798e-16
101,116,1.1899221330646296e-30
101,117,1.3812824681851128e-30
101,118,1.2995900344522985e-30
101,119,1.3248193072983606e-30
101,120,1.4272142989791055e-30
101,121,9.667184099479382e-31
101,122,1.2327211681046821e-30
101,123,5.498384401685479e-31
101,124,1.0340769523966148e-30
101,125,1.1038957785970679e-30
101,126,1.6519296540240143e-30
101,127,2.5866956726552376e-31
101,128,1.3096378887948602e-30
101,129,5.054005001265883e-31
101,130,1.0759257911934695e-30
101,131,1.8472710345147146e-30
101,132,1.0669510004435345e-30
101,133,9.473013490021324e-31
101,134,1.225044684704987e-30
101,135,8.749204431572959e-31
101,136,9.868361623869401e-31
101,137,3.602549356646471e-31
101,138,2.3051594967794324e-30
101,139,8.022927168894772e-31
101,140,9.774298382908795e-31
101,141,2.0421073367223996e-30
101,142,1.8313204961017966e-30
101,143,5.138863449167296e-31
101,144,1.360096317930417e-30
101,145,1.3107377430727912e-30
101,146,1.0036763182529505e-31
101,147,1.0462393555327264e-30
101,148,1.1686992609129036e-30
101,149,7.91883688657024e-31
102,103,2.4777266632992544e-30
102,104,3.9707523602351015e-30
102,105,2.0152362887636854e-30
102,106,9.766675968525658e-30
102,107,2.8005806981870004e-30
102,108,1.6516039893407152e-30
102,109,4.468686308511694e-30
102,110,2.749135305757392e-30
102,111,2.3024736492326053e-30
102,112,1.824911598455647e-30
102,113,4.171861229859299e-31
102,114,5.581886627917294e-30
102,115,1.878839268023576e-15
102,116,2.1540163218061234e-30
102,117,2.5423679904977616e-30
102,118,4.007162920047011e-30
102,119,2.8043887656075716e-30
102,120,3.533016271223375e-30
102,121,2.6875097223532816e-30
102,122,3.17778216671497e-30
102,123,1.5879837031573558e-30
102,124,3.1050439861250685e-30
102,125,3.4922448081427265e-30
102,126,4.357687209814163e-30
102,127,4.971474530185712e-31
102,128,4.080422855299238e-30
102,129,1.2805028296077922e-30
102,130,3.548350344955145e-30
102,131,5.955174844434329e-30
102,132,2.9082716582399864e-30
102,133,1.887699854546253e-30
102,134,2.930969870573144e-30
102,135,2.823064061742349e-30
102,136,2.596516320789778e-30
102,137,1.3334808406043464e-30
102,138,4.0867781420468246e-30
102,139,2.915375176711674e-30
102,140,2.991148528767295e-30
102,141,5.464229559953205e-30
102,142,3.416316626900714e-30
102,143,1.8198888174152882e-30
102,144,3.239182642045198e-30
102,145,3.851698772828049e-30
102,146,2.459312202587579e-31
102,147,2.2356280433885423e-30
102,148,2.7332345906518688e-30
102,149,1.4196137106699638e-30
103,104,1.1556017135580656e-30
103,105,9.592117194640403e-31
103,106,3.701230898901367e-30
103,107,1.3576634513782562e-30
103,108,4.0267305490534565e-31
103,109,1.3925485638821498e-30
103,110,8.090033812386215e-31
103,111,8.116554775604693e-31
103,112,6.5168710336576e-31
103,113,4.1912766944757566e-32
103,114,1.934871589342852e-30
103,115,1.8875832159447674e-16
103,116,1.00694260813589e-30
103,117,9.735646807736622e-31
103,118,1.4003937732373364e-30
103,119,9.817704741690517e-31
103,120,1.443408671283971e-30
103,121,9.749474802407988e-31
103,122,1.2559061225658003e-30
103,123,5.845208003936481e-31
103,124,1.0765271113801605e-30
103,125,9.317857836575e-31
103,126,7.7674433406506345e-31
103,127,2.3801468652998433e-31
103,128,6.560830061096213e-31
103,129,4.206692281098358e-31
103,130,1.0988242240590684e-30
103,131,6.279983032455689e-31
103,132,1.0238848982261758e-30
103,133,7.798290582214552e-31
103,134,1.2412032722510598e-30
103,135,1.0414665264513753e-30
103,136,1.0204651252709197e-30
103,137,3.683477043262679e-31
103,138,1.9793304498673665e-30
103,139,7.6348276833963715e-31
103,140,6.54285482001955e-31
103,141,2.1526721907143093e-30
103,142,1.5810984755644463e-30
103,143,2.1382323293896685e-31
103,144,1.3771023990204867e-30
103,145,1.3340040567232418e-30
103,146,1.0257141153957149e-31
103,147,1.071705846765844e-30
103,148,1.152122891990213e-30
103,149,6.54808052632442e-31
104,105,9.298380729646583e-31
104,106,5.1060933692656866e-30
104,107,1.0824245679937992e-30
104,108,1.054987571892717e-30
104,109,2.7414834672863094e-30
104,110,1.6699406252727557e-30
104,111,1.3877110413609663e-30
104,112,1.1889491493665163e-30
104,113,2.6010751659369356e-31
104,114,3.0335212079962248e-30
104,115,1.1714201148076238e-15
104,116,9.057301033601982e-31
104,117,1.2013090133249422e-30
104,118,2.353399688238308e-30
104,119,1.7497934922735892e-30
104,120,1.7513240445705825e-30
104,121,1.4604152422420583e-30
104,122,1.6789029687283112e-30
104,123,8.474679394578402e-31
104,124,1.6702546793518015e-30
104,125,2.185797367572753e-30
104,126,2.6896584539671458e-30
104,127,2.003703494668555e-31
104,128,2.5100433214718872e-30
104,129,8.078747703237922e-31
104,130,1.992135152815287e-30
104,131,3.759805431990456e-30
104,132,1.5294628566447038e-30
104,133,9.740231076218409e-31
104,134,1.4342139381838063e-30
104,135,1.626415849096434e-30
104,136,1.3663534599868777e-30
104,137,8.0882148076924e-31
104,138,1.930284025819039e-30
104,139,1.885844689491559e-30
104,140,1.8703468894770398e-30
104,141,3.0503912814743355e-30
104,142,1.6203698584988946e-30
104,143,1.1373048295218115e-30
104,144,1.5554692962038227e-30
104,145,2.0866625064691024e-30
104,146,1.1821177733483899e-31
104,147,9.134373471997024e-31
104,148,1.3994600350667065e-30
104,149,6.307263082499009e-31
105,106,2.9615886342320754e-30
105,107,1.568660387238273e-30
105,108,7.519028140420833e-31
105,109,1.1107216602313755e-30
105,110,1.4237778237452853e-30
105,111,8.252564701673611e-31
105,112,8.731172699951968e-31
105,113,1.7946856491769588e-31
105,114,1.5343552209593202e-30
105,115,8.082545620880533e-16
105,116,1.1659120256983366e-30
105,117,1.6138070424158507e-30
105,118,1.2708506173848656e-30
105,119,1.5192471960289412e-30
105,120,1.2237930727097448e-30
105,121,8.028860708942862e-31
105,122,1.0698310663775058e-30
105,123,4.80440274778092e-31
105,124,8.93003804867246e-31
105,125,1.3053598972881627e-30
105,126,2.04202369529526e-30
105,127,2.6579314353006987e-31
105,128,1.4555027428785348e-30
105,129,6.002839479031529e-31
105,130,9.253887844578206e-31
105,131,2.2587007480705867e-30
105,132,8.137695202354267e-31
105,133,1.1682162659063473e-30
105,134,1.1492452980736692e-30
105,135,7.563427224582607e-31
105,136,9.579228218141464e-31
105,137,3.4524320752452075e-31
105,138,2.418230612874242e-30
105,139,1.0000081890463588e-30
105,140,1.1230462179705747e-30
105,141,2.0331508744508196e-30
105,142,2.179946594608121e-30
105,143,5.723574562598997e-31
105,144,1.2543020200868485e-30
105,145,1.0117024088296677e-30
105,146,8.960526586549419e-32
105,147,1.069447741263057e-30
105,148,1.1241520829017737e-30
105,149,8.609926106185576e-31
106,107,3.9507609031536604e-30
106,108,1.48814766575911e-30
106,109,5.803038292009022e-30
106,110,1.4293143650154637e-30
106,111,3.0019857985168656e-30
106,112,2.299939101652695e-30
106,113,2.6248778936025403e-31
106,114,7.728992646252066e-30
106,115,1.1821399103521455e-15
106,116,3.0763447489499083e-30
106,117,2.0220110767407276e-30
106,118,5.4397567163562195e-30
106,119,3.226453954922576e-30
106,120,5.170096669062523e-30
106,121,3.733394075391824e-30
106,122,4.604537045111616e-30
106,123,2.2329641213771782e-30
106,124,4.290384468472114e-30
106,125,3.8880841676444866e-30
106,126,2.984131328256197e-30
106,127,7.188891480391592e-31
106,128,3.682666367472329e-30
106,129,1.5111435228151326e-30
106,130,4.548180263986446e-30
106,131,4.759556560381005e-30
106,132,3.92946203377031e-30
106,133,1.548017434808849e-30
106,134,4.259748080187247e-30
106,135,3.980839295428677e-30
106,136,3.714272342304766e-30
106,137,1.6271868076118416e-30
106,138,5.9253719562489474e-30
106,139,3.313295004460412e-30
106,140,3.02569550217166e-30
106,141,7.742479429550754e-30
106,142,3.6595244267755975e-30
106,143,1.676214440942735e-30
106,144,4.777028150600346e-30
106,145,5.280069314186126e-30
106,146,3.6196808962160975e-31
106,147,3.326901652067882e-30
106,148,4.004832247953516e-30
106,149,1.9143017356388374e-30
107,108,9.625652882544749e-31
107,109,1.6085771599129393e-30
107,110,1.9498221549164038e-30
107,111,1.1620658241875138e-30
107,112,1.1908205528860012e-30
107,113,2.1466716160179756e-31
107,114,1.9592590496699883e-30
107,115,9.667749489985381e-16
107,116,1.6489858442071505e-30
107,117,2.2126943304275787e-30
107,118,1.8199411141707638e-30
107,119,2.026702321456827e-30
107,120,1.6955051079741157e-30
107,121,1.1185353544774171e-30
107,122,1.4940155798135431e-30
107,123,6.7376711380587615e-31
107,124,1.1997461410756884e-30
107,125,1.6725830539653043e-30
107,126,2.5591541274796974e-30
107,127,3.7866774057917343e-31
107,128,1.6739902632325774e-30
107,129,7.975020222345177e-31
107,130,1.2620437762486856e-30
107,131,2.62737711730373e-30
107,132,1.1381774984887636e-30
107,133,1.653949334089088e-30
107,134,1.6483858172914122e-30
107,135,1.0733451226664777e-30
107,136,1.3621097812990915e-30
107,137,4.4434709527000694e-31
107,138,3.40645111282764e-30
107,139,1.2795911146362092e-30
107,140,1.3439097615095486e-30
107,141,2.927497223625438e-30
107,142,3.094808706134575e-30
107,143,5.67323568196454e-31
107,144,1.7724286862897204e-30
107,145,1.3199436567119826e-30
107,146,1.2488700733843035e-31
107,147,1.5383326117778134e-30
107,148,1.6011646000467574e-30
107,149,1.2025892722632493e-30
108,109,1.380816118718566e-30
108,110,1.4007225739891577e-30
108,111,7.791445301044989e-31
108,112,8.59837276380145e-31
108,113,1.9401753641392385e-31
108,114,9.49424307869236e-31
108,115,8.737773046970895e-16
108,116,6.923449057268414e-31
108,117,1.2975966880852931e-30
108,118,1.2240522674314253e-30
108,119,1.3865589635383546e-30
108,120,7.571525910306747e-31
108,121,5.781203183617249e-31
108,122,5.382562238141351e-31
108,123,3.7636004183858603e-31
108,124,5.3143016870274785e-31
108,125,1.4513077194024665e-30
108,126,2.0920255627809604e-30
108,127,1.5718703116146606e-31
108,128,1.6101916757666806e-30
108,129,5.8906570621303665e-31
108,130,1.1652619431476946e-30
108,131,2.5560507554835308e-30
108,132,8.69947272928237e-31
108,133,9.906038745128688e-31
108,134,6.289910556964783e-31
108,135,7.256277953052967e-31
108,136,7.568979874206043e-31
108,137,4.220211126313136e-31
108,138,1.7114631723710037e-30
108,139,1.1513244649680573e-30
108,140,1.2915324730334042e-30
108,141,1.6429642741966744e-30
108,142,1.7198579309278706e-30
108,143,6.96561199000903e-31
108,144,5.1516909875443245e-31
108,145,8.236874087033959e-31
108,146,3.527681091929302e-32
108,147,4.667165251097126e-31
108,148,7.034074475059641e-31
108,149,6.386058256354066e-31
109,110,2.381649611545388e-30
109,111,1.5958264601572864e-30
109,112,1.5072107345482367e-30
109,113,3.419811713573254e-31
109,114,3.398731553736161e-30
109,115,1.540146275892577e-15
109,116,1.1461950604994138e-30
109,117,1.9413056609443917e-30
109,118,2.7096937815498075e-30
109,119,2.2664239381002156e-30
109,120,2.0618510039881682e-30
109,121,1.665109839211667e-30
109,122,1.872833950256026e-30
109,123,1.0038734519810272e-30
109,124,1.8968276501526357e-30
109,125,2.711188501423248e-30
109,126,3.589142535034623e-30
109,127,2.7136925089261964e-31
109,128,3.135593559486489e-30
109,129,9.955896521567765e-31
109,130,2.4415168504782098e-30
109,131,4.814630218131035e-30
109,132,1.7079354333943485e-30
109,133,1.593275950466124e-30
109,134,1.5970777483236765e-30
109,135,1.960982550341682e-30
109,136,1.630923736488506e-30
109,137,9.493076899377257e-31
109,138,2.4976059465215947e-30
109,139,2.2861263141828353e-30
109,140,2.4024563236560233e-30
109,141,3.4656910450754985e-30
109,142,2.7629558718259013e-30
109,143,1.3992172826077295e-30
109,144,1.7920481631812086e-30
109,145,2.3756080350603545e-30
109,146,1.3670222990412711e-31
109,147,1.2407399223856746e-30
109,148,1.5912014154491543e-30
109,149,8.703646452676833e-31
110,111,1.4819577065050003e-30
110,112,1.5426919901588743e-30
110,113,3.501830032435589e-31
110,114,1.624443441879272e-30
110,115,1.577084042919174e-15
110,116,1.284802035298921e-30
110,117,2.4943220442004948e-30
110,118,2.1488229615346995e-30
110,119,2.4430825660064835e-30
110,120,6.944876339844186e-31
110,121,9.926609755884113e-31
110,122,9.430268923185909e-31
110,123,6.322033824457187e-31
110,124,8.122976192117918e-31
110,125,2.4726097517721817e-30
110,126,3.7920099217737226e-30
110,127,2.9787918527447065e-31
110,128,2.8953562044151375e-30
110,129,1.0106550286939894e-30
110,130,1.83008140372227e-30
110,131,4.612835351152097e-30
110,132,1.165430931473838e-30
110,133,2.1233353038827443e-30
110,134,1.4058588709062162e-30
110,135,1.2069953708601474e-30
110,136,1.1324484464614903e-30
110,137,7.235265331127457e-31
110,138,3.198575270127136e-30
110,139,2.048850030688065e-30
110,140,2.0938448181911017e-30
110,141,3.079023302706828e-30
110,142,3.643216399299749e-30
110,143,1.1698239062937218e-30
110,144,9.122381159444914e-31
110,145,1.1151647202191904e-30
110,146,3.999585183869045e-32
110,147,1.118257990605552e-30
110,148,1.2413681398036098e-30
110,149,1.1656597039754703e-30
111,112,9.188946684020364e-31
111,113,2.0959215224769573e-31
111,114,1.6388264809331787e-30
111,115,9.439191387625032e-16
111,116,8.311279549819333e-31
111,117,1.3828937496237177e-30
111,118,1.4121519241122401e-30
111,119,1.472587690102161e-30
111,120,1.1116639113252548e-30
111,121,8.45365539064653e-31
111,122,9.587904321953433e-31
111,123,5.89882810647364e-31
111,124,9.087757394865809e-31
111,125,1.485849749681375e-30
111,126,2.246378825820629e-30
111,127,1.9072539104179207e-31
111,128,1.8817490363426748e-30
111,129,6.262364630281529e-31
111,130,1.5865318241579046e-30
111,131,2.8101203402624275e-30
111,132,1.088036050476278e-30
111,133,1.0721162122397529e-30
111,134,9.013248753971848e-31
111,135,1.034835900446655e-30
111,136,8.87816713627287e-31
111,137,5.0964886244567525e-31
111,138,1.8184057723133407e-30
111,139,1.2756798249081516e-30
111,140,1.403408150733553e-30
111,141,1.82419407447533e-30
111,142,1.8891820306543952e-30
111,143,8.104952602234482e-31
111,144,9.757406784474761e-31
111,145,1.289850204102272e-30
111,146,7.363390653432695e-32
111,147,8.343291960753458e-31
111,148,8.162762214976008e-31
111,149,6.585063948987019e-31
112,113,2.043853625031249e-31
112,114,1.4926998652306854e-30
112,115,9.204698424090575e-16
112,116,8.735243149255344e-31
112,117,1.451392537970437e-30
112,118,1.2926910325323914e-30
112,119,1.4608563232444949e-30
112,120,8.736777119024427e-31
112,121,6.40981065640557e-31
112,122,7.880007491905358e-31
112,123,3.576022343852172e-31
112,124,7.3818953577075835e-31
112,125,1.5043374732913025e-30
112,126,2.2077396321763738e-30
112,127,1.9795600201254652e-31
112,128,1.7192147517800217e-30
112,129,6.138690948778309e-31
112,130,9.672171590518906e-31
112,131,2.6953760371131482e-30
112,132,7.200147417383996e-31
112,133,1.114598666425347e-30
112,134,8.062465371829883e-31
112,135,7.98086148351591e-31
112,136,7.274434299627648e-31
112,137,4.469538314408722e-31
112,138,1.9414725125130763e-30
112,139,1.2019631887867778e-30
112,140,1.3136361936690337e-30
112,141,1.74878533381318e-30
112,142,1.9583764739644146e-30
112,143,7.1914511796662544e-31
112,144,8.591286219780653e-31
112,145,9.16264967763597e-31
112,146,6.287309549231635e-32
112,147,8.354720411156825e-31
112,148,8.122854391707675e-31
112,149,7.202422271389207e-31
113,114,2.018565695488739e-31
113,115,2.220446049250314e-16
113,116,1.5700144996231806e-31
113,117,3.1297967484368393e-31
113,118,3.0117110917123852e-31
113,119,3.4710194980466533e-31
113,120,7.089515288387127e-32
113,121,1.4587517718326074e-31
113,122,1.3446025802417111e-31
113,123,8.973428245884797e-32
113,124,1.3239644277197396e-31
113,125,3.545084103474379e-31
113,126,5.303047314991247e-31
113,127,3.4863055968420984e-32
113,128,4.240435909029006e-31
113,129,1.450961671801816e-31
113,130,2.7651096088375588e-31
113,131,6.543628925354934e-31
113,132,1.6706418218669312e-31
113,133,2.4003979895273714e-31
113,134,1.6132994511598777e-31
113,135,1.6554933526353782e-31
113,136,1.7703985306728359e-31
113,137,1.081597867175045e-31
113,138,3.9719026217832105e-31
113,139,2.8736010685038314e-31
113,140,3.1800596927155605e-31
113,141,4.098339552128325e-31
113,142,4.145775246948698e-31
113,143,1.7819421579226635e-31
113,144,1.0013650453017795e-31
113,145,1.890804221376971e-31
113,146,0.0
113,147,1.0833522849820878e-31
113,148,1.743152798421049e-31
113,149,1.4803975937974778e-31
114,115,9.090811714025952e-16
114,116,1.618082132225812e-30
114,117,1.0087612261094547e-30
114,118,3.17903245252744e-30
114,119,1.874372822035079e-30
114,120,2.7944423643483543e-30
114,121,2.1103106162444044e-30
114,122,2.5214240233536547e-30
114,123,1.2374136651648587e-30
114,124,2.521456717152304e-30
114,125,2.438829231463114e-30
114,126,2.146751294686709e-30
114,127,3.6205818540168023e-31
114,128,2.4879345543415757e-30
114,129,8.673694691753926e-31
114,130,2.626756155857208e-30
114,131,3.4742326097429276e-30
114,132,2.1665500724202622e-30
114,133,1.0334738605319585e-30
114,134,2.315436073211359e-30
114,135,2.2227116830148244e-30
114,136,2.092535046931551e-30
114,137,9.784908285047854e-31
114,138,3.0477321134427138e-30
114,139,2.0766928804131155e-30
114,140,1.96196812127852e-30
114,141,4.276848340157194e-30
114,142,2.030479227301482e-30
114,143,1.0966665173250628e-30
114,144,2.5664423668993368e-30
114,145,2.9520484791542803e-30
114,146,1.95092896197034e-31
114,147,1.726598461883381e-30
114,148,2.1753449645742175e-30
114,149,9.92415001038461e-31
115,116,7.070716715469235e-16
115,117,1.4095351470005547e-15
115,118,1.3563540950383492e-15
115,119,1.5632082117998638e-15
115,120,3.192833841101771e-16
115,121,6.569633936051382e-16
115,122,6.05555167933798e-16
115,123,4.0412728104402666e-16
115,124,5.962605703330412e-16
115,125,1.5965639447404288e-15
115,126,2.3882801911722704e-15
115,127,1.5700924586837762e-16
115,128,1.909722557979151e-15
115,129,6.534550444455531e-16
115,130,1.2452946603999412e-15
115,131,2.9469884789879286e-15
115,132,7.52390188642948e-16
115,133,1.0810431491176361e-15
115,134,7.265654807080653e-16
115,135,7.455679246043024e-16
115,136,7.97316616303546e-16
115,137,4.871083751574259e-16
115,138,1.788785916741477e-15
115,139,1.2941548701325318e-15
115,140,1.4321715647129738e-15
115,141,1.84572804798029e-15
115,142,1.867091185731999e-15
115,143,8.025154038416289e-16
115,144,4.509747244882937e-16
115,145,8.515425186823889e-16
115,146,7.052998589070876e-32
115,147,4.87898494695631e-16
115,148,7.850462293418879e-16
115,149,6.667118051786503e-16
116,117,1.6089746304266775e-30
116,118,1.323117675653832e-30
116,119,1.5604654069529245e-30
116,120,3.055687405464296e-16
116,121,8.692809990092927e-31
116,122,1.1798029413617394e-30
116,123,5.927302839920398e-31
116,124,9.686266411199251e-31
116,125,1.2411424265198484e-30
116,126,1.870431974115838e-30
116,127,2.827842245875287e-31
116,128,1.2914362593487382e-30
116,129,5.963790682917703e-31
116,130,1.2902535468944046e-30
116,131,1.9317107715161358e-30
116,132,1.7336891309617255e-16
116,133,1.1003682717723856e-30
116,134,1.2164173258866993e-30
116,135,7.237193363426004e-31
116,136,1.059615177951948e-30
116,137,3.2788832306165033e-31
116,138,2.6051330050025795e-30
116,139,9.4522745297493e-31
116,140,1.1195637720244766e-30
116,141,2.0863830063446242e-30
116,142,2.0991705065830927e-30
116,143,4.508685609496945e-31
116,144,1.3515748882225741e-30
116,145,1.0315902237828134e-30
116,146,9.685239212532553e-32
116,147,1.1276806218063761e-30
116,148,1.2323600751355165e-30
116,149,9.060573353327757e-31
117,118,1.9700372488988542e-30
117,119,2.5169277277275453e-30
117,120,1.0687703892394481e-30
117,121,9.574371229429643e-31
117,122,1.130716043776079e-30
117,123,6.158737733923206e-31
117,124,7.802543054659284e-31
117,125,2.254766061162261e-30
117,126,3.53469585975735e-30
117,127,3.6554259124633443e-31
117,128,2.527847040562159e-30
117,129,1.007061025484792e-30
117,130,1.6948890321190615e-30
117,131,3.933940935429168e-30
117,132,1.0647432267952678e-30
117,133,1.946088524228643e-30
117,134,1.4708021134800313e-30
117,135,9.779438166777445e-31
117,136,1.3364456555387577e-30
117,137,5.9926211894420775e-31
117,138,3.57535380544633e-30
117,139,1.7473413514084387e-30
117,140,1.9515931984860856e-30
117,141,3.0120818445793465e-30
117,142,3.511003127432606e-30
117,143,9.531842100586075e-31
117,144,1.3345663194758363e-30
117,145,9.730841151341698e-31
117,146,7.907306192990598e-32
117,147,1.3579441245573769e-30
117,148,1.4983638260527877e-30
117,149,1.300634882266178e-30
118,119,2.0522553027981394e-30
118,120,1.9370701895831373e-30
118,121,1.491689643276015e-30
118,122,1.762120321498112e-30
118,123,9.014661746197909e-31
118,124,1.7515087826763237e-30
118,125,2.2966471930642822e-30
118,126,3.178166925522967e-30
118,127,3.1174942091762937e-31
118,128,2.717839549480793e-30
118,129,9.011050370293342e-31
118,130,2.1849464723354028e-30
118,131,4.110208041559423e-30
118,132,1.5745035489235944e-30
118,133,1.5322740606225286e-30
118,134,1.6358998763642708e-30
118,135,1.657253905558574e-30
118,136,1.5362313148768997e-30
118,137,8.076819658917001e-31
118,138,2.726765642998629e-30
118,139,1.933894163240861e-30
118,140,2.0014421200329117e-30
118,141,3.0762054841258313e-30
118,142,2.7064838222236442e-30
118,143,1.1987143471275561e-30
118,144,1.830742535800217e-30
118,145,2.1379925450819307e-30
118,146,1.3806313956260425e-31
118,147,7.593889475085534e-16
118,148,1.5275662766832588e-30
118,149,1.0214816454369263e-30
119,120,1.2719777667135197e-30
119,121,9.791113307025456e-31
119,122,1.1259306777133542e-30
119,123,7.024204138544494e-31
119,124,1.0431971500585754e-30
119,125,2.4854432683705274e-30
119,126,3.8044096420322685e-30
119,127,3.3984426385774405e-31
119,128,2.954858461608385e-30
119,129,1.0701856734761625e-30
119,130,2.156415268432871e-30
119,131,4.504919109612744e-30
119,132,1.2518356455689786e-30
119,133,1.7734544312582786e-30
119,134,1.3116080896601135e-30
119,135,1.1380082789014218e-30
119,136,1.3847581070791813e-30
119,137,7.309454418607634e-31
119,138,3.396216061525606e-30
119,139,1.9591110186995004e-30
119,140,2.280845174970204e-30
119,141,2.9034285553336207e-30
119,142,3.205811503281549e-30
119,143,1.2277533094051566e-30
119,144,1.3389746038930518e-30
119,145,1.3846707020206837e-30
119,146,9.363445975894839e-32
119,147,1.2349198170549658e-30
119,148,1.437314073780769e-30
119,149,1.2499049909475128e-30
120,121,1.3789776041131896e-30
120,122,1.7318590832226853e-30
120,123,8.131582389892373e-31
120,124,1.6017508804335556e-30
120,125,1.332648823014788e-30
120,126,9.71666639481836e-31
120,127,3.0236907802090016e-31
120,128,1.2811264249845202e-30
120,129,5.573466368176816e-31
120,130,1.5780126263678666e-30
120,131,1.3868538461705092e-30
120,132,1.6025977543508105e-30
120,133,7.822168496898385e-31
120,134,1.6526518071064568e-30
120,135,1.439023794078241e-30
120,136,1.3809689331117197e-30
120,137,5.52101875034451e-31
120,138,2.530502254560539e-30
120,139,1.1171017910365892e-30
120,140,1.0057652729992977e-30
120,141,2.8933031319217394e-30
120,142,1.70560094057509e-30
120,143,4.743466891098885e-31
120,144,1.861147337809475e-30
120,145,1.9092367860619805e-30
120,146,1.3975437367823216e-31
120,147,2.43554187578713e-16
120,148,1.5515212348089861e-30
120,149,8.313962178445876e-31
121,122,1.2200653250909924e-30
121,123,6.03602740790403e-31
121,124,1.2046224697863124e-30
121,125,1.1699996641305045e-30
121,126,1.5536217026298864e-30
121,127,1.9843052076980834e-31
121,128,1.3952848192994194e-30
121,129,4.421516672504781e-31
121,130,1.3187903110880905e-30
121,131,2.1294244038628565e-30
121,132,1.0898510829072258e-30
121,133,7.24769397820359e-31
121,134,1.1384920075551477e-30
121,135,1.0702263646866846e-30
121,136,9.935262816074654e-31
121,137,4.848300778156695e-31
121,138,1.654589328154821e-30
121,139,1.075812964108987e-30
121,140,1.0867655079169884e-30
121,141,2.068311194730757e-30
121,142,1.3208640863839503e-30
121,143,6.41684378057886e-31
121,144,1.2660857596548378e-30
121,145,1.4343296018801345e-30
121,146,9.587660773354971e-32
121,147,8.803459874500614e-31
121,148,1.0611153789755521e-30
121,149,5.56998074673442e-31
122,123,7.175823513648399e-31
122,124,1.3973132430842082e-30
122,125,1.2988737244731034e-30
122,126,1.4153576596969904e-30
122,127,2.649447090199448e-31
122,128,1.3402608029789339e-30
122,129,4.8921491300037325e-31
122,130,1.4093180863501203e-30
122,131,1.9370084798618797e-30
122,132,1.2714011437974873e-30
122,133,7.981728023730872e-31
122,134,1.4318612803777656e-30
122,135,1.2552508325813557e-30
122,136,1.2056782042881029e-30
122,137,5.272933253234853e-31
122,138,2.2596233464833976e-30
122,139,1.0945144788677516e-30
122,140,1.0167592704604288e-30
122,141,2.5288637418028266e-30
122,142,1.5947687555061184e-30
122,143,6.1161569956958685e-31
122,144,1.6241051851589916e-30
122,145,1.701963245830996e-30
122,146,1.2238522349138118e-31
122,147,1.171200232479472e-30
122,148,1.3563936429711596e-30
122,149,7.435648364471211e-31
123,124,6.81006103528327e-31
123,125,7.335784750024309e-31
123,126,9.698655934950458e-31
123,127,1.190392948462539e-31
123,128,9.163137627889545e-31
123,129,3.277473095436552e-31
123,130,1.3028486275474819e-30
123,131,1.2425718727067063e-30
123,132,8.878736933051126e-31
123,133,3.5766160404807893e-31
123,134,6.7385779698784665e-31
123,135,7.769388723645596e-31
123,136,6.622351937110475e-31
123,137,2.9550194216109935e-31
123,138,1.058022481764032e-30
123,139,6.283007043677542e-31
123,140,7.91713324621409e-31
123,141,1.2804956655375735e-30
123,142,7.094855906692211e-31
123,143,4.3408754543437115e-31
123,144,7.474200031187321e-31
123,145,9.23001228714977e-31
123,146,5.656267610894092e-32
123,147,5.340450688690674e-31
123,148,6.260568298960053e-31
123,149,3.6801015794815586e-31
124,125,1.2781815943124223e-30
124,126,1.3929760698930768e-30
124,127,2.162854725879939e-31
124,128,1.4341058112215394e-30
124,129,4.7646903201039804e-31
124,130,1.3488555649896772e-30
124,131,2.0793267703329204e-30
124,132,1.1817849010704897e-30
124,133,5.230381524139012e-31
124,134,1.3158451685491386e-30
124,135,1.1698830772297153e-30
124,136,1.1617072036462836e-30
124,137,5.464228292837411e-31
124,138,1.7714926311891803e-30
124,139,1.1728781398649428e-30
124,140,1.081051775357401e-30
124,141,2.3618073112858134e-30
124,142,1.0703468583643434e-30
124,143,6.522097886397764e-31
124,144,1.4725341835999893e-30
124,145,1.6004583701582914e-30
124,146,1.109285343155839e-31
124,147,9.694556849325495e-31
124,148,1.2293577038694173e-30
124,149,6.187616480229444e-31
125,126,3.7835570134836144e-30
125,127,2.779326488914021e-31
125,128,3.193623816759409e-30
125,129,1.0785543590416737e-30
125,130,2.1792331618910436e-30
125,131,4.7391041822752624e-30
125,132,1.4938208659196439e-30
125,133,1.6908886623256112e-30
125,134,1.1492201394967398e-30
125,135,1.4554200669422127e-30
125,136,1.3609576082418748e-30
125,137,8.271623123693498e-31
125,138,2.9285936277753917e-30
125,139,1.993152593686145e-30
125,140,2.3175242286014125e-30
125,141,3.136404725388123e-30
125,142,2.980694646971608e-30
125,143,1.330745401346943e-30
125,144,1.2152210274930017e-30
125,145,1.8222287676771882e-30
125,146,9.187250285256239e-32
125,147,5.694974582482305e-16
125,148,1.2513097433687961e-30
125,149,1.0865248474866602e-30
126,127,4.181102659403805e-31
126,128,4.5277570978303906e-30
126,129,1.573752705709148e-30
126,130,3.0026123516031628e-30
126,131,6.988204038277541e-30
126,132,1.782487689756196e-30
126,133,2.663080748355791e-30
126,134,1.775566343081431e-30
126,135,1.709772209923652e-30
126,136,1.9294737157559667e-30
126,137,1.139261782250856e-30
126,138,4.538102434174837e-30
126,139,3.059831335511537e-30
126,140,3.42765015485719e-30
126,141,4.391130048598947e-30
126,142,4.656810661595317e-30
126,143,1.8895401043324654e-30
126,144,1.2601412807197772e-30
126,145,1.9818619818111277e-30
126,146,6.707508264699135e-32
126,147,1.3761835720266368e-30
126,148,1.9281227404326685e-30
126,149,1.687284119123149e-30
127,128,2.7672945591245492e-31
127,129,1.3340081314160206e-31
127,130,2.1630454570371503e-31
127,131,4.234993321458117e-31
127,132,2.0143381134136115e-31
127,133,2.617814439766492e-31
127,134,2.842853849169333e-31
127,135,1.843522358809734e-31
127,136,2.3601418365835034e-31
127,137,7.452248043623236e-32
127,138,5.771929956527746e-31
127,139,2.0694753325151714e-31
127,140,2.2374276696038806e-31
127,141,4.973470941021195e-31
127,142,4.999560189518997e-31
127,143,9.721938419895291e-32
127,144,3.112701126958566e-31
127,145,2.416675359711712e-31
127,146,2.218570686311678e-32
127,147,2.6296639804583195e-31
127,148,2.7692948176239065e-31
127,149,2.0355560060547284e-31
128,129,1.25523773524487e-30
128,130,2.7499872410725214e-30
128,131,5.713229646667984e-30
128,132,1.7375112231868813e-30
128,133,1.911446509406894e-30
128,134,1.4484186345872832e-30
128,135,1.580794610771933e-30
128,136,1.5546417957034118e-30
128,137,9.937368294078747e-31
128,138,3.15860516672165e-30
128,139,2.4504318900585133e-30
128,140,2.7946002337920357e-30
128,141,3.669723272067462e-30
128,142,3.316862144440637e-30
128,143,1.6112994539215925e-30
128,144,9.53353991167599e-31
128,145,2.055217104465124e-30
128,146,6.87963841759178e-32
128,147,4.598555293716915e-16
128,148,1.5085877197020775e-30
128,149,1.182977430417718e-30
129,130,9.884471330504386e-31
129,131,1.893402290654959e-30
129,132,5.882618822892021e-31
129,133,7.251181646182455e-31
129,134,5.195604057828616e-31
129,135,5.492808093406791e-31
129,136,5.711127506560143e-31
129,137,3.1930304977356524e-31
129,138,1.3386582145746148e-30
129,139,8.247504750050519e-31
129,140,9.544372596739698e-31
129,141,1.226814456272933e-30
129,142,1.3019120584488565e-30
129,143,5.315534532336504e-31
129,144,5.547170701910397e-31
129,145,6.805765317346133e-31
129,146,3.994250993519493e-32
129,147,4.890664698357865e-31
129,148,5.638597432580634e-31
129,149,5.029032855937478e-31
130,131,3.739370575930465e-30
130,132,2.3348058246049287e-30
130,133,7.912831213755008e-31
130,134,1.3655650476679454e-30
130,135,1.893610917390489e-30
130,136,1.775771706997728e-30
130,137,7.817475040314484e-31
130,138,2.2465278721184875e-30
130,139,1.788494186502796e-30
130,140,2.368263618647894e-30
130,141,3.025463498401637e-30
130,142,1.7254131787858165e-30
130,143,1.2740284337642133e-30
130,144,1.3463965073741234e-30
130,145,2.2466505728213686e-30
130,146,1.0272126028497536e-31
130,147,9.749335935357379e-31
130,148,1.2805747616213061e-30
130,149,8.421255411450011e-31
131,132,2.319898572865814e-30
131,133,3.0872852536045884e-30
131,134,2.161854361170209e-30
131,135,2.361693770372114e-30
131,136,2.3559708509057597e-30
131,137,1.5029387978912684e-30
131,138,4.9751554879824446e-30
131,139,3.938067795968454e-30
131,140,4.269191744643439e-30
131,141,5.4917363838942655e-30
131,142,5.260514728870446e-30
131,143,2.4328838369490035e-30
131,144,1.299314929255152e-30
131,145,2.820957613230794e-30
131,146,6.892442991214859e-32
131,147,1.3253498521093327e-30
131,148,2.2767651552913765e-30
131,149,1.8479210894184976e-30
132,133,7.479641144652214e-31
132,134,1.2365371060087687e-30
132,135,1.3659921456561254e-30
132,136,1.1982038573055508e-30
132,137,5.349205188217329e-31
132,138,1.7937367771431056e-30
132,139,1.1206837715771186e-30
132,140,1.3909413691967946e-30
132,141,2.296387088545343e-30
132,142,1.3703250954854462e-30
132,143,7.8553838724850775e-31
132,144,1.2869555145653452e-30
132,145,1.7330663044695582e-30
132,146,9.767126104040313e-32
132,147,3.015027448134113e-16
132,148,1.0853523462440465e-30
132,149,6.1989037348550115e-31
133,134,1.1570829550744291e-30
133,135,8.930708775069754e-31
133,136,8.547099348753973e-31
133,137,4.670671323417405e-31
133,138,2.585056835583635e-30
133,139,1.388903290064958e-30
133,140,1.375863511624493e-30
133,141,2.344573784055317e-30
133,142,2.8371274531906147e-30
133,143,7.284091783805327e-31
133,144,9.42831869096388e-31
133,145,6.882712328773347e-31
133,146,5.546426715779196e-32
133,147,1.030669895360174e-30
133,148,1.0212037491055465e-30
133,149,9.328707154530016e-31
134,135,1.1767669839367202e-30
134,136,1.1760080710005778e-30
134,137,4.649882528260329e-31
134,138,2.4371313765882173e-30
134,139,9.766263692551734e-31
134,140,1.0111486321282884e-30
134,141,2.4525606473118757e-30
134,142,2.1607007990778863e-30
134,143,6.032958794083058e-31
134,144,1.5827473011757012e-30
134,145,1.589320749648107e-30
134,146,1.17534854489414e-31
134,147,1.2597326521554689e-30
134,148,1.3246391316822752e-30
134,149,8.352487349973556e-31
135,136,1.189157603499154e-30
135,137,5.467336479590751e-31
135,138,1.4319195339683494e-30
135,139,1.2322549480099965e-30
135,140,1.3350486506862435e-30
135,141,2.311063869281789e-30
135,142,1.633475620335409e-30
135,143,7.564384225956636e-31
135,144,1.2488826430234668e-30
135,145,1.661201515130565e-30
135,146,9.519234108325391e-32
135,147,9.71875719045345e-31
135,148,1.0831135269957797e-30
135,149,4.707596818875072e-31
136,137,4.815753099988683e-31
136,138,2.0840334280645693e-30
136,139,1.0674360018190492e-30
136,140,1.3526837417139171e-30
136,141,2.0941696011074256e-30
136,142,1.6616585000751427e-30
136,143,7.368064258769757e-31
136,144,1.3280129301040288e-30
136,145,1.4475326401034063e-30
136,146,9.883945210779002e-32
136,147,3.068892806304059e-16
136,148,1.1029454061256105e-30
136,149,7.503721190347055e-31
137,138,7.583953642576763e-31
137,139,6.94502747835197e-31
137,140,7.453237242125645e-31
137,141,1.0472898695995892e-30
137,142,7.961727943246372e-31
137,143,4.404886195323124e-31
137,144,4.876469236531203e-31
137,145,7.043985148066044e-31
137,146,3.720656150610954e-32
137,147,3.2163378348251934e-31
137,148,4.55362507825412e-31
137,149,2.831513613029875e-31
138,139,2.2749882103270142e-30
138,140,2.4929761109689683e-30
138,141,4.352444748265102e-30
138,142,4.7856726636310126e-30
138,143,1.2182697009463246e-30
138,144,2.6178546569619943e-30
138,145,1.9652351649955765e-30
138,146,1.8561319527483216e-31
138,147,2.2929624150074618e-30
138,148,2.434917146323224e-30
138,149,1.898112997190864e-30
139,140,1.917848911684154e-30
139,141,2.418149003719901e-30
139,142,2.3274203824126545e-30
139,143,1.0943927293647141e-30
139,144,9.946323530127525e-31
139,145,1.4765667057703407e-30
139,146,7.575746877405262e-32
139,147,7.936678276676825e-31
139,148,1.0114958738584338e-30
139,149,8.455381681245234e-31
140,141,2.648330561200879e-30
140,142,2.418253887483474e-30
140,143,1.2280277113008957e-30
140,144,8.3408109015088e-31
140,145,1.5938645747424436e-30
140,146,6.305631034060796e-32
140,147,1.0448323871794567e-30
140,148,1.1666339189455365e-30
140,149,9.21244479063294e-31
141,142,4.261986219729139e-30
141,143,1.5737348498892919e-30
141,144,2.733706544021366e-30
141,145,3.0132357822147422e-30
141,146,2.04317564560545e-31
141,147,2.1543906723658865e-30
141,148,2.2745442776787447e-30
141,149,1.5492647873928678e-30
142,143,1.2411165190109882e-30
142,144,1.9546687999848738e-30
142,145,1.3315141328649342e-30
142,146,1.2429093981504597e-31
142,147,1.992649707831834e-30
142,148,1.9697098744113526e-30
142,149,1.7201941714298154e-30
143,144,4.208982269588144e-31
143,145,9.333687420149036e-31
143,146,2.2868503193905295e-32
143,147,2.918764955029036e-31
143,148,6.603089003001775e-31
143,149,4.5708570699874835e-31
144,145,1.6900406928077976e-30
144,146,1.3356124904204497e-31
144,147,1.3503169188387508e-30
144,148,1.5045215229028786e-30
144,149,8.996039360688306e-31
145,146,1.2867829515111052e-31
145,147,1.1608730204243141e-30
145,148,1.4489927927711198e-30
145,149,6.388830303879804e-31
146,147,9.796099572961716e-32
146,148,1.114817972704859e-31
146,149,6.207291580485831e-32
147,148,1.1590946620839193e-30
147,149,7.777717107188853e-31
148,149,8.52024483565229e-31
