cluster_i,cluster_k,epsilon
0,1,3.746314523877157e-30
0,2,2.327843021256506e-30
0,3,0.0
0,4,7.083169462711895e-30
0,5,1.0793402790928695e-30
0,6,5.910110406179321e-16
0,7,2.521661765221727e-30
0,8,3.3220501553092227e-31
0,9,3.733695960485715e-30
0,10,1.2105681711514216e-30
0,11,2.4607414849240157e-30
0,12,2.6812333498257672e-30
0,13,2.1941507244848206e-30
0,14,2.244317289788538e-15
0,15,1.0469559896663985e-29
0,16,2.0601819126682187e-30
0,17,7.607758469123673e-31
0,18,3.898430637383482e-30
0,19,2.089371830247712e-30
0,20,7.559016492330417e-16
0,21,2.861366968157288e-30
0,22,2.7492970751255e-30
0,23,5.738956029959334e-31
0,24,2.2933553133192803e-30
0,25,1.7469270456024423e-30
0,26,1.6493336799610786e-30
0,27,1.6610437901324672e-30
0,28,1.554497301458237e-30
0,29,4.8413380008692055e-30
0,30,8.783667644535419e-31
0,31,3.842399072688274e-30
0,32,8.665387081863711e-31
0,33,1.5983247237123633e-16
0,34,8.609628370087631e-32
0,35,5.047370950993532e-30
0,36,2.5791819919915544e-30
0,37,5.926215540184864e-30
0,38,4.765726223915931e-30
0,39,1.816785224268959e-30
0,40,1.9917711040644212e-30
0,41,2.1678456202042665e-30
0,42,5.4522894700779284e-30
0,43,3.6294499984965804e-30
0,44,5.000940314989078e-16
0,45,4.2421159477802206e-30
0,46,1.989016936291955e-30
0,47,1.5369699888308079e-30
0,48,4.4587111042083155e-30
0,49,3.1514996877729624e-30
0,50,9.67339025892415e-31
0,51,5.459392786346093e-16
0,52,4.7785676675072955e-30
0,53,4.446271942560167e-31
0,54,1.2328371170744729e-30
0,55,2.8245719205181448e-30
0,56,1.7217320470670376e-30
0,57,1.0972136900138761e-30
0,58,1.0131728588493968e-30
0,59,9.131700360445059e-31
0,60,1.3006938086924691e-30
0,61,3.483434063466091e-30
0,62,1.2547699906901517e-16
0,63,9.434422027713215e-31
0,64,1.8356658390850763e-30
0,65,1.9609507042896504e-30
0,66,5.9061454004535215e-30
0,67,3.4593529613224105e-30
0,68,3.353939937699917e-30
0,69,3.940690297296984e-30
0,70,1.682838197635669e-30
0,71,2.4142112692649313e-30
0,72,2.920959782358604e-30
0,73,2.9257245299137768e-30
0,74,3.8381849653409945e-30
0,75,3.799569711794406e-30
0,76,1.8823577957520848e-30
0,77,2.728477830264531e-30
0,78,2.8969888383711747e-30
0,79,4.396874153865295e-30
0,80,2.5345728880034137e-30
0,81,1.0297611898236933e-30
0,82,4.851526746034854e-30
0,83,1.9443958926970757e-30
0,84,5.894408980216944e-31
0,85,1.7931242196333625e-30
0,86,2.0531169140927196e-30
0,87,2.923698351557429e-30
0,88,2.1770432786363565e-30
0,89,1.1708752527448272e-30
0,90,3.7101208276840966e-30
0,91,3.283534158482732e-16
0,92,2.2564974025396216e-30
0,93,1.6046126479920977e-30
0,94,4.731819253880938e-30
0,95,3.370868543740975e-30
0,96,1.9232481481807612e-30
0,97,1.5419453521742367e-30
0,98,5.127551869883792e-30
0,99,9.794762237558662e-31
0,100,2.4105084592377374e-30
0,101,2.620727296526211e-30
0,102,1.1309605503759425e-30
0,103,1.1508579488966273e-30
0,104,3.39770413199752e-30
0,105,2.1195654220921605e-30
0,106,2.5569595223783397e-30
0,107,3.071603471823086e-30
0,108,4.1236706101923064e-30
0,109,3.0665977053354233e-30
0,110,2.897647897464095e-30
0,111,1.5996608567294027e-30
0,112,4.960681131268227e-31
0,113,2.8183644740836577e-30
0,114,2.2731972788060388e-30
0,115,3.906259913420469e-30
0,116,2.7737183548271593e-30
0,117,1.2348768245134183e-30
0,118,3.3189135981356796e-30
0,119,5.289968061524199e-16
0,120,2.6694598753064657e-16
0,121,2.2196924291812084e-30
0,122,2.140210600058031e-30
0,123,3.178905055501825e-30
0,124,8.606038209623083e-32
0,125,1.2031998579140373e-30
0,126,2.1974958251477156e-30
0,127,3.303590041208736e-30
0,128,4.380923621564458e-30
0,129,4.039224979505735e-30
0,130,3.224085847854903e-30
0,131,2.4282312747111786e-30
0,132,1.0430407748304608e-30
0,133,1.3644808863550159e-30
0,134,2.3323569976475247e-30
0,135,7.863322080219777e-31
0,136,4.052983838718472e-30
0,137,2.841036182154084e-30
0,138,3.644749301000838e-30
0,139,2.3862693700071298e-30
0,140,1.0173356524470252e-29
0,141,2.4490177887498337e-30
0,142,1.640124595574102e-30
0,143,4.6951004327312196e-30
0,144,2.902239331364758e-30
0,145,1.396715918989931e-30
0,146,1.6430527306443735e-30
0,147,2.387845430603036e-30
0,148,1.2403470823943655e-30
0,149,1.8786129137101576e-30
1,2,2.038881350729812e-30
1,3,0.0
1,4,5.39101570933713e-30
1,5,6.642902173267937e-31
1,6,1.248705580979825e-16
1,7,1.8755653253147952e-30
1,8,4.0936038757682625e-31
1,9,2.753142479651378e-30
1,10,1.0198087586857936e-30
1,11,1.7152046535696586e-30
1,12,2.124291784490881e-30
1,13,1.7621872521664547e-30
1,14,1.7406339532224559e-15
1,15,8.355975000437458e-30
1,16,1.5128604321743044e-30
1,17,6.733739411384212e-31
1,18,3.04890450843784e-30
1,19,1.6163735050461277e-30
1,20,7.378184978998616e-16
1,21,1.808053650309582e-30
1,22,2.197795250623363e-30
1,23,5.33572927801481e-31
1,24,1.61228730066126e-30
1,25,1.4591820898094036e-30
1,26,1.1087471604761406e-30
1,27,1.2026747900474614e-30
1,28,1.340703159669191e-30
1,29,3.547102715914709e-30
1,30,7.938084936516114e-31
1,31,2.5309539938556545e-30
1,32,5.650585640352468e-31
1,33,3.45189221873481e-30
1,34,6.533804158441216e-32
1,35,3.831476761530147e-30
1,36,2.077738984540727e-30
1,37,3.814124515085466e-30
1,38,3.6124332709266445e-30
1,39,1.1553215097652699e-30
1,40,1.8564723803174663e-30
1,41,1.5678474440069025e-30
1,42,3.908047729347534e-30
1,43,2.8917922601451996e-30
1,44,5.557291639320744e-16
1,45,3.4329323927947515e-30
1,46,1.8222289964160835e-30
1,47,9.941439958413932e-31
1,48,3.414534408605884e-30
1,49,2.3757097639547882e-30
1,50,1.0093396678260818e-30
1,51,1.5974533408876565e-16
1,52,3.9433559081345286e-30
1,53,6.0939692376231215e-31
1,54,9.700433073771704e-31
1,55,2.1079713172879065e-30
1,56,1.3555561808818236e-30
1,57,1.4445888201040794e-30
1,58,7.506249875878204e-31
1,59,8.527905308336917e-31
1,60,1.4806418101097336e-30
1,61,2.6522341797060153e-30
1,62,1.9935567666563625e-30
1,63,1.0113475119384992e-30
1,64,1.4462398089395882e-30
1,65,1.25795393339103e-30
1,66,4.7240545921251376e-30
1,67,2.4850713582279938e-30
1,68,2.134449602825262e-30
1,69,3.163087976438513e-30
1,70,8.670175946140972e-31
1,71,1.88951194800809e-30
1,72,1.6996828481664934e-30
1,73,2.243877995311808e-30
1,74,3.0294552269975415e-30
1,75,2.8739688322412297e-30
1,76,1.5413764183546403e-30
1,77,2.2555824056095817e-30
1,78,2.025145580385639e-30
1,79,3.6475639107253874e-30
1,80,2.341077062299798e-30
1,81,6.7813742311563994e-31
1,82,3.797546122700998e-30
1,83,1.5052579486599695e-30
1,84,4.192476246490315e-31
1,85,1.3508717713687538e-30
1,86,1.3313199237994575e-30
1,87,2.0924742311568108e-30
1,88,1.3815807268482827e-30
1,89,8.312219086473901e-31
1,90,3.026055159822503e-30
1,91,5.777749083103813e-16
1,92,1.6645463326680612e-30
1,93,1.4044251687546391e-30
1,94,3.730104939605656e-30
1,95,2.6313999859278786e-30
1,96,1.7408843132663903e-30
1,97,1.4756328451846317e-30
1,98,4.0840697592014005e-30
1,99,8.504781738257399e-31
1,100,1.687500822506341e-30
1,101,1.8885013891003656e-30
1,102,7.689812823904842e-31
1,103,1.2644397748328405e-30
1,104,2.6271634718086323e-30
1,105,1.442489050090061e-30
1,106,2.256889264267921e-30
1,107,2.5918866661424225e-30
1,108,3.449208269836772e-30
1,109,2.6538340922229483e-30
1,110,1.8050479196601837e-30
1,111,1.032543673512986e-30
1,112,3.8457614187188723e-31
1,113,2.128111474642897e-30
1,114,1.6363133583002045e-30
1,115,2.814120631343221e-30
1,116,1.8337512330160175e-30
1,117,7.176501454983962e-31
1,118,2.581383951969853e-30
1,119,7.201384807761635e-30
1,120,1.1167092902768964e-16
1,121,1.814674927511489e-30
1,122,1.2209749681795051e-30
1,123,2.602295416079404e-30
1,124,6.531079603516843e-32
1,125,9.518533006081826e-31
1,126,1.8003778584882507e-30
1,127,2.3472033429519612e-30
1,128,3.3082798037486735e-30
1,129,3.071732881434154e-30
1,130,1.815106380164016e-30
1,131,1.9373636314846208e-30
1,132,7.976027308758442e-31
1,133,1.3026667282793962e-30
1,134,1.3723731092339343e-30
1,135,5.285221837043604e-31
1,136,3.463158459493318e-30
1,137,1.8970072166229035e-30
1,138,2.2665444496087842e-30
1,139,1.9960630605144826e-30
1,140,7.880982510719393e-30
1,141,1.812838046451482e-30
1,142,1.2339930026653415e-30
1,143,3.327617697808824e-30
1,144,2.2049730873494626e-30
1,145,1.465712071400739e-30
1,146,1.501023837550988e-30
1,147,2.198723880288298e-30
1,148,1.1185568560916727e-30
1,149,1.5560046409796635e-30
2,3,0.0
2,4,3.4071448268163845e-30
2,5,5.61742868942022e-31
2,6,6.0336839042242916e-30
2,7,1.2138192171832563e-30
2,8,3.517593979109733e-31
2,9,1.8571588029650693e-30
2,10,5.660534279910441e-31
2,11,1.2307651998350857e-30
2,12,1.3137854946498839e-30
2,13,1.1180255773180606e-30
2,14,1.0988645559776289e-15
2,15,4.856219162500049e-30
2,16,8.919621922700005e-31
2,17,3.738936884731254e-31
2,18,1.8193525532864803e-30
2,19,1.0954930546471874e-30
2,20,8.069429435823364e-16
2,21,1.534672721230492e-30
2,22,1.3057866519909035e-30
2,23,2.837434637868359e-31
2,24,1.1608650727335938e-30
2,25,9.451541731622706e-31
2,26,7.005151945026018e-31
2,27,9.516111787100111e-31
2,28,8.580183504701283e-31
2,29,2.5040120371971587e-30
2,30,6.184318015299761e-31
2,31,2.0329475914084614e-30
2,32,4.937871202028263e-31
2,33,2.3671481271579813e-30
2,34,5.406136008756128e-32
2,35,2.287407481573385e-30
2,36,1.4708551486008324e-30
2,37,3.1371295604318973e-30
2,38,2.438902684354312e-30
2,39,8.423896146253927e-31
2,40,1.0506262758737583e-30
2,41,1.2673168971209012e-30
2,42,2.3424942407325463e-30
2,43,1.9741056143479787e-30
2,44,2.498001805406619e-16
2,45,2.4653403093990914e-30
2,46,8.956111955786608e-31
2,47,8.93882124984708e-31
2,48,2.4238216157411945e-30
2,49,1.4615241579579074e-30
2,50,6.155528223797327e-31
2,51,6.942015703916948e-16
2,52,2.5757595867351654e-30
2,53,5.152111590021682e-31
2,54,5.995127744408095e-31
2,55,1.36880693298373e-30
2,56,8.669539743657436e-31
2,57,9.598300884619749e-31
2,58,5.2862817528120285e-31
2,59,6.249960018569338e-31
2,60,1.1293256567730171e-30
2,61,1.4323243980779395e-30
2,62,1.073552323635419e-30
2,63,6.095312002168631e-31
2,64,9.619965645902355e-31
2,65,1.257473436020134e-30
2,66,2.8280137120839287e-30
2,67,1.6781666056172023e-30
2,68,1.1662514717770912e-30
2,69,1.8392852570523596e-30
2,70,8.000599805149433e-31
2,71,1.4464922992040745e-30
2,72,1.643314950283547e-30
2,73,1.4801860055222679e-30
2,74,1.7046425771935203e-30
2,75,2.363259764323276e-30
2,76,8.802885905227446e-31
2,77,1.480527894722295e-30
2,78,1.823413647406761e-30
2,79,2.339941148028955e-30
2,80,1.2955301739685447e-30
2,81,6.1350392674748285e-31
2,82,2.442968869102322e-30
2,83,9.427200522635107e-31
2,84,3.0295813050903906e-31
2,85,7.629376848105771e-31
2,86,1.313647927760412e-30
2,87,1.564117761641702e-30
2,88,1.2922162208681222e-30
2,89,7.469093273778013e-31
2,90,2.119695053820529e-30
2,91,1.1188630228279398e-16
2,92,1.1217821992772154e-30
2,93,8.742547798638158e-31
2,94,2.1210878578803216e-30
2,95,1.6952068499570035e-30
2,96,1.1861187044143269e-30
2,97,7.823721437434662e-31
2,98,2.421202224840801e-30
2,99,6.059206222104008e-31
2,100,1.282396134025866e-30
2,101,1.516742528494627e-30
2,102,5.836622497898671e-31
2,103,6.976575613538618e-31
2,104,1.598416101406391e-30
2,105,1.3814082624118964e-30
2,106,1.6307156985520213e-30
2,107,1.9101758780863087e-30
2,108,1.9107325448281982e-30
2,109,1.818653589718228e-30
2,110,1.57879418576085e-30
2,111,7.198817380218101e-31
2,112,2.40143617054328e-31
2,113,1.2356898400187193e-30
2,114,1.0158196734377995e-30
2,115,1.931521540267849e-30
2,116,1.225491687683677e-30
2,117,8.11382064807307e-31
2,118,1.6290961808091272e-30
2,119,4.211002720257502e-30
2,120,2.327810297284289e-30
2,121,1.2013534690541075e-30
2,122,9.146934776569464e-31
2,123,1.752070442869161e-30
2,124,5.40388168430328e-32
2,125,6.06340001798019e-31
2,126,1.2923722006788511e-30
2,127,1.5569369173402543e-30
2,128,2.0779126753517357e-30
2,129,1.855906474317643e-30
2,130,1.6465133070765573e-30
2,131,1.173588081449568e-30
2,132,5.852806895149931e-31
2,133,6.7786012355826475e-31
2,134,9.869582870492027e-31
2,135,5.449324511775997e-31
2,136,2.2578512201595728e-30
2,137,1.3863856828783581e-30
2,138,2.0177052961518827e-30
2,139,1.3193269219547698e-30
2,140,4.731744975293534e-30
2,141,1.1060486429028275e-30
2,142,7.756735679248744e-31
2,143,2.1460478248698186e-30
2,144,1.3655980912834678e-30
2,145,1.1634885377101932e-30
2,146,1.0879444196795586e-30
2,147,1.3989587390178433e-30
2,148,1.0826314056061808e-30
2,149,1.0795705452125396e-30
3,4,0.0
3,5,0.0
3,6,0.0
3,7,0.0
3,8,0.0
3,9,0.0
3,10,0.0
3,11,0.0
3,12,0.0
3,13,0.0
3,14,0.0
3,15,0.0
3,16,0.0
3,17,0.0
3,18,0.0
3,19,0.0
3,20,0.0
3,21,0.0
3,22,0.0
3,23,0.0
3,24,0.0
3,25,0.0
3,26,0.0
3,27,0.0
3,28,0.0
3,29,0.0
3,30,0.0
3,31,0.0
3,32,0.0
3,33,0.0
3,34,0.0
3,35,0.0
3,36,0.0
3,37,0.0
3,38,0.0
3,39,0.0
3,40,0.0
3,41,0.0
3,42,0.0
3,43,0.0
3,44,0.0
3,45,0.0
3,46,0.0
3,47,0.0
3,48,0.0
3,49,0.0
3,50,0.0
3,51,0.0
3,52,0.0
3,53,0.0
3,54,0.0
3,55,0.0
3,56,0.0
3,57,0.0
3,58,0.0
3,59,0.0
3,60,0.0
3,61,0.0
3,62,0.0
3,63,0.0
3,64,0.0
3,65,0.0
3,66,0.0
3,67,0.0
3,68,0.0
3,69,0.0
3,70,0.0
3,71,0.0
3,72,0.0
3,73,0.0
3,74,0.0
3,75,0.0
3,76,0.0
3,77,0.0
3,78,0.0
3,79,0.0
3,80,0.0
3,81,0.0
3,82,0.0
3,83,0.0
3,84,0.0
3,85,0.0
3,86,0.0
3,87,0.0
3,88,0.0
3,89,0.0
3,90,0.0
3,91,0.0
3,92,0.0
3,93,0.0
3,94,0.0
3,95,0.0
3,96,0.0
3,97,0.0
3,98,0.0
3,99,0.0
3,100,0.0
3,101,0.0
3,102,0.0
3,103,0.0
3,104,0.0
3,105,0.0
3,106,0.0
3,107,0.0
3,108,0.0
3,109,0.0
3,110,0.0
3,111,0.0
3,112,0.0
3,113,0.0
3,114,0.0
3,115,0.0
3,116,0.0
3,117,0.0
3,118,0.0
3,119,0.0
3,120,0.0
3,121,0.0
3,122,0.0
3,123,0.0
3,124,0.0
3,125,0.0
3,126,0.0
3,127,0.0
3,128,0.0
3,129,0.0
3,130,0.0
3,131,0.0
3,132,0.0
3,133,0.0
3,134,0.0
3,135,0.0
3,136,0.0
3,137,0.0
3,138,0.0
3,139,0.0
3,140,0.0
3,141,0.0
3,142,0.0
3,143,0.0
3,144,0.0
3,145,0.0
3,146,0.0
3,147,0.0
3,148,0.0
3,149,0.0
4,5,1.3512576754239374e-30
4,6,2.0460619442274357e-29
4,7,3.468555674804072e-30
4,8,3.989801879897194e-31
4,9,4.945705884811493e-30
4,10,1.70158153096825e-30
4,11,3.406003226867239e-30
4,12,3.818235212858081e-30
4,13,3.241814316364687e-30
4,14,3.1247792604437504e-15
4,15,1.494543025657301e-29
4,16,2.9294684687079983e-30
4,17,1.1537004473489189e-30
4,18,5.5454761837315154e-30
4,19,2.611932235290892e-30
4,20,3.173939594100492e-16
4,21,3.5898416672703205e-30
4,22,3.904668090726053e-30
4,23,8.681845191656728e-31
4,24,3.073613851181435e-30
4,25,2.4598596180358516e-30
4,26,2.2618221025891782e-30
4,27,2.1730967382754324e-30
4,28,2.206386683819393e-30
4,29,6.641592379373256e-30
4,30,1.2991019922801882e-30
4,31,4.910059565735045e-30
4,32,1.1052869632010447e-30
4,33,4.478241656072874e-16
4,34,1.2857262280588882e-31
4,35,6.796302231904495e-30
4,36,3.569677768688383e-30
4,37,7.545974219358179e-30
4,38,6.571268524430083e-30
4,39,2.3631058988222603e-30
4,40,3.1993375458816535e-30
4,41,2.845755718459754e-30
4,42,7.44402597566391e-30
4,43,5.255403619127292e-30
4,44,4.2353039195224623e-16
4,45,5.978272541740704e-30
4,46,3.0948715390783745e-30
4,47,1.927663140169631e-30
4,48,5.970809777750868e-30
4,49,4.4669696573927335e-30
4,50,1.4881456226574927e-30
4,51,6.116493284250006e-16
4,52,6.710395196220413e-30
4,53,6.9066790800262e-31
4,54,1.7396525176956003e-30
4,55,4.028295924873232e-30
4,56,2.231575885849139e-30
4,57,1.8899959163251418e-30
4,58,1.3554277090813379e-30
4,59,1.271980535386733e-30
4,60,1.6080043419654876e-30
4,61,4.843358772851716e-30
4,62,2.816883272497357e-16
4,63,1.6360943949580908e-30
4,64,2.6056857881171812e-30
4,65,2.5708435386638433e-30
4,66,8.429518270517681e-30
4,67,4.636610585691936e-30
4,68,4.3997032738617236e-30
4,69,5.685388300697697e-30
4,70,2.0388788417021923e-30
4,71,3.136706039192346e-30
4,72,3.729030394183388e-30
4,73,3.948777199557257e-30
4,74,5.5448963817358666e-30
4,75,5.612271317912074e-30
4,76,2.6766989881050173e-30
4,77,4.0490703496015825e-30
4,78,4.095060109151869e-30
4,79,6.169464401328884e-30
4,80,4.198057084816168e-30
4,81,1.3693781932800118e-30
4,82,6.719161979429719e-30
4,83,2.7146328300998283e-30
4,84,7.781096335645405e-31
4,85,2.459984545525229e-30
4,86,2.7641639479694676e-30
4,87,4.07662912630078e-30
4,88,2.6956870064891162e-30
4,89,1.678574651763753e-30
4,90,4.896989397256606e-30
4,91,5.530368091102511e-16
4,92,3.0501652588402964e-30
4,93,2.296254394442313e-30
4,94,6.45847904320304e-30
4,95,4.689657392147504e-30
4,96,2.7016844534875525e-30
4,97,2.569786369674714e-30
4,98,7.502770650014005e-30
4,99,1.1164609182130521e-30
4,100,3.213784744629194e-30
4,101,3.518331800830568e-30
4,102,1.4687754114357536e-30
4,103,2.0365913433461024e-30
4,104,4.703219913910556e-30
4,105,2.9603382861760038e-30
4,106,4.04503772715188e-30
4,107,4.152785152466197e-30
4,108,6.1014351916285814e-30
4,109,4.3805278670904224e-30
4,110,3.674293333607872e-30
4,111,2.0832029684690254e-30
4,112,6.9349740167939095e-31
4,113,3.835741433724593e-30
4,114,3.1330769670279087e-30
4,115,5.315483276548773e-30
4,116,3.51199471960839e-30
4,117,1.701484311627123e-30
4,118,4.620252496117094e-30
4,119,4.916831898773247e-16
4,120,5.3784541172394575e-16
4,121,3.088333764940877e-30
4,122,2.7347011502414997e-30
4,123,4.430964790758978e-30
4,124,1.2851900883704147e-31
4,125,1.597175761776647e-30
4,126,2.813516900610889e-30
4,127,4.5049729329659e-30
4,128,6.114435400008946e-30
4,129,5.5388469448305195e-30
4,130,3.967426687234889e-30
4,131,3.4390868571080216e-30
4,132,1.4426083527689007e-30
4,133,2.28091716411443e-30
4,134,2.8940740551896414e-30
4,135,1.0711721993329818e-30
4,136,5.685436996433388e-30
4,137,3.723432735032892e-30
4,138,4.5846001213764235e-30
4,139,3.4897755141694126e-30
4,140,1.4214094448004993e-29
4,141,3.331059266848689e-30
4,142,2.2679870163136275e-30
4,143,6.337213159187199e-30
4,144,4.052115551330797e-30
4,145,2.171077897934573e-30
4,146,2.3038456874724372e-30
4,147,3.414569986890241e-30
4,148,1.701853326913415e-30
4,149,2.6984947137046507e-30
5,6,2.0976899375980803e-30
5,7,5.655771365012524e-31
5,8,1.4684038440573901e-31
5,9,1.3590004989705623e-30
5,10,5.63907821936852e-31
5,11,5.862176110393524e-31
5,12,3.867434598719383e-31
5,13,7.627947748811005e-31
5,14,6.474899740092654e-16
5,15,1.4238754645825103e-30
5,16,3.4868927229292013e-31
5,17,1.105458387927815e-31
5,18,5.428311099191846e-31
5,19,7.644338972354901e-31
5,20,3.510833468576698e-16
5,21,1.2583534073540113e-30
5,22,4.7279181225164775e-31
5,23,2.7931619107177047e-31
5,24,9.195105703421226e-31
5,25,4.019390506626753e-31
5,26,3.211348080517805e-31
5,27,5.868341355407966e-31
5,28,2.9357818482078605e-31
5,29,1.0857354231897932e-30
5,30,4.769919805492139e-31
5,31,1.4971833920471763e-30
5,32,3.6646796547830536e-31
5,33,1.2546282471438502e-30
5,34,5.23263170429977e-32
5,35,1.2969620361860626e-30
5,36,6.409040597422885e-31
5,37,2.192922324330908e-30
5,38,1.1023092209646398e-30
5,39,6.476146190909677e-31
5,40,5.843154288211778e-31
5,41,7.910517838604777e-31
5,42,1.1557428394027728e-30
5,43,8.991225332834657e-31
5,44,5.9960167503657655e-31
5,45,9.107717793890026e-31
5,46,1.782435562449922e-31
5,47,6.908719463157218e-31
5,48,1.2730526590258202e-30
5,49,8.190583161389899e-31
5,50,1.6279759927302118e-31
5,51,2.1899949061065873e-30
5,52,1.0408074773516183e-30
5,53,1.9332798785197158e-31
5,54,2.667935248240075e-31
5,55,4.979828085567107e-31
5,56,6.957027976730363e-31
5,57,6.626191895574838e-31
5,58,2.794105515881242e-31
5,59,2.36610757033864e-31
5,60,6.904447002237038e-31
5,61,5.3219464636901655e-31
5,62,8.447761677310916e-31
5,63,5.485544768848569e-31
5,64,3.901821475462236e-31
5,65,1.1435376661685956e-30
5,66,8.228208322396856e-31
5,67,8.701115565776624e-31
5,68,6.540953303776297e-31
5,69,5.294863098486614e-31
5,70,4.685336417450524e-31
5,71,8.570027668006339e-31
5,72,1.555804216166688e-30
5,73,7.95273872831067e-31
5,74,5.864233344246898e-31
5,75,2.3393953768243244e-30
5,76,3.729443458948247e-31
5,77,4.281037053488788e-31
5,78,1.7055159713201587e-30
5,79,1.0434245640175762e-30
5,80,7.8464197506887385e-31
5,81,6.010425991030818e-31
5,82,9.879784714278843e-31
5,83,3.7110934506962817e-31
5,84,2.1394347252296633e-31
5,85,3.073816983661575e-31
5,86,1.1880003185466373e-30
5,87,8.320875694373369e-31
5,88,1.1191556929055547e-30
5,89,6.959810702655721e-31
5,90,1.1792212145376451e-30
5,91,7.46461879414477e-31
5,92,6.1622211052765625e-31
5,93,7.718217345895485e-31
5,94,9.551614493588546e-31
5,95,8.188065758054422e-31
5,96,5.800142843909497e-31
5,97,5.490946168374684e-31
5,98,9.907706041938448e-31
5,99,4.24321281437815e-31
5,100,5.899381955893924e-31
5,101,7.741752415098988e-31
5,102,3.5866834263071113e-31
5,103,5.240893367031993e-31
5,104,7.222046972472758e-31
5,105,1.2553840723867644e-30
5,106,4.8821784964458015e-31
5,107,8.532755483102294e-31
5,108,6.809638344990738e-31
5,109,7.181960837625757e-31
5,110,1.4997735607893502e-30
5,111,4.714885565357246e-31
5,112,8.628166150854818e-32
5,113,6.920800518608335e-31
5,114,5.1845019866076114e-31
5,115,9.496519796273982e-31
5,116,1.0715245350544315e-30
5,117,5.446591706174135e-31
5,118,6.376978335806339e-31
5,119,1.2533805068330968e-30
5,120,1.135942593160291e-30
5,121,4.828135812559915e-31
5,122,6.349248202018804e-31
5,123,6.698434502241242e-31
5,124,5.230449730042253e-32
5,125,5.659264230513515e-31
5,126,8.155279782978503e-31
5,127,8.099064856883158e-31
5,128,7.463704327874345e-31
5,129,1.1032114099123539e-30
5,130,1.3452507311626057e-30
5,131,4.130114895488903e-31
5,132,3.1333221450335013e-31
5,133,5.851473558509652e-31
5,134,4.350998985135662e-31
5,135,4.40255088794281e-31
5,136,9.332070592893535e-31
5,137,8.808845094442951e-31
5,138,1.5212326030532173e-30
5,139,4.149783262573206e-31
5,140,1.799823800832958e-30
5,141,9.068814578179905e-31
5,142,2.9091037605500035e-31
5,143,1.1557831233808651e-30
5,144,4.896039747172191e-31
5,145,6.899693687201264e-31
5,146,4.381248395844165e-31
5,147,5.15655912637963e-31
5,148,4.607949818612136e-31
5,149,3.40571274947502e-31
6,7,6.857158198950551e-30
6,8,1.7594829515083088e-30
6,9,1.132056153174882e-29
6,10,5.286750108994264e-30
6,11,7.589807977576597e-30
6,12,8.706019483016481e-30
6,13,1.0786928977435616e-29
6,14,7.535072465596453e-15
6,15,3.4960407530096713e-29
6,16,9.023301633652276e-30
6,17,3.43934023073261e-30
6,18,1.3192657830443394e-29
6,19,7.649239475485652e-30
6,20,3.67779552186831e-15
6,21,8.514059041987546e-30
6,22,9.248454472143909e-30
6,23,2.7805335921290145e-30
6,24,9.644830856159092e-30
6,25,4.82955533748451e-30
6,26,7.3889033311342e-30
6,27,3.4000076757360544e-30
6,28,5.023053596216946e-17
6,29,1.3122815818859236e-29
6,30,3.9892527665874576e-30
6,31,6.372238334279595e-16
6,32,3.825798023724438e-30
6,33,2.4923830931192687e-15
6,34,1.4788004495721177e-15
6,35,1.4172390991559613e-29
6,36,1.4156660122338962e-15
6,37,1.148614181063233e-29
6,38,1.3010665783918182e-29
6,39,6.1632442338159275e-30
6,40,1.0767535013617205e-29
6,41,1.4278069833597505e-15
6,42,1.5703142365421317e-29
6,43,3.326260922051615e-15
6,44,7.189795875108475e-15
6,45,1.1837947821159449e-29
6,46,9.375200794582684e-30
6,47,3.5181788556021964e-15
6,48,1.4818576595519986e-15
6,49,9.825430881884763e-30
6,50,3.226281035918538e-30
6,51,1.7904138083894264e-15
6,52,1.454025312918215e-15
6,53,3.0020058595217906e-30
6,54,4.111087230315648e-30
6,55,1.2206616388417646e-29
6,56,6.5188008336588e-30
6,57,3.774581908063519e-15
6,58,2.272591998487383e-30
6,59,5.6857272666191564e-30
6,60,3.736726709613591e-30
6,61,1.005486920277151e-15
6,62,1.276416515053258e-15
6,63,6.048344598703631e-30
6,64,2.2616777906782576e-15
6,65,8.490594228548431e-30
6,66,1.9141892449213856e-29
6,67,8.548646825415768e-30
6,68,1.2802053040836197e-29
6,69,1.423276043886209e-29
6,70,6.141246020047217e-30
6,71,4.918512327685158e-30
6,72,1.1422380901475793e-29
6,73,8.981666607988869e-30
6,74,1.4654955761012785e-29
6,75,2.0215666857288128e-29
6,76,6.606442661512098e-30
6,77,9.84597513181226e-30
6,78,9.84672580182246e-16
6,79,1.1920223628803339e-29
6,80,1.6308963342201852e-15
6,81,4.831408691138363e-30
6,82,4.785872504512598e-16
6,83,5.7452582021898216e-30
6,84,1.693356894185444e-30
6,85,6.131615477365652e-30
6,86,1.0082313798659318e-29
6,87,7.700984003912717e-30
6,88,8.950919946596519e-15
6,89,6.937578093080361e-30
6,90,8.606906748844115e-30
6,91,2.5972675737032927e-15
6,92,5.889389252143851e-30
6,93,7.821042655991373e-30
6,94,2.9576143033862016e-16
6,95,1.0651639536864626e-29
6,96,6.37911204795967e-30
6,97,8.286870889724979e-16
6,98,1.9583375338948404e-29
6,99,3.6131316222779774e-30
6,100,6.463986621747837e-30
6,101,2.0048370056069967e-15
6,102,2.2864667340661716e-30
6,103,7.091752121946805e-30
6,104,9.750684199712118e-30
6,105,1.2246060694618571e-29
6,106,5.102006750182629e-17
6,107,7.430773264534595e-30
6,108,1.6652626941124987e-29
6,109,9.087245218696558e-30
6,110,1.2687758506930445e-29
6,111,5.116668606765932e-30
6,112,1.4535788094259048e-30
6,113,2.6672367211888455e-15
6,114,3.3816450801107545e-16
6,115,1.1258627337736562e-29
6,116,9.06462116850141e-30
6,117,9.424933238223868e-30
6,118,8.444977422838086e-15
6,119,4.637292791927999e-15
6,120,1.4225764422863666e-15
6,121,5.55650265182733e-30
6,122,1.579012452847957e-16
6,123,9.715073385963099e-30
6,124,4.9611322453432375e-31
6,125,6.488094970323751e-16
6,126,5.832372170684101e-30
6,127,9.466969312511129e-30
6,128,1.3547462971838406e-29
6,129,1.3862129658805623e-29
6,130,8.686220317313373e-30
6,131,8.517191632198025e-30
6,132,3.203392190313152e-30
6,133,8.401016066564733e-30
6,134,1.0819757055571255e-29
6,135,5.1115345402027644e-30
6,136,1.0178253003613455e-29
6,137,6.188757775384998e-30
6,138,1.168779578093345e-15
6,139,7.62543682027828e-30
6,140,4.731992333525641e-16
6,141,9.560595011641588e-30
6,142,5.029261790367838e-30
6,143,9.482513521570807e-16
6,144,8.966637690558263e-30
6,145,9.136078487989592e-30
6,146,4.450839829051139e-30
6,147,7.762953660397505e-30
6,148,2.680444198446486e-15
6,149,6.278253651666295e-30
7,8,2.2547684785985335e-31
7,9,1.8679132922781413e-30
7,10,5.598506687336097e-31
7,11,1.2307720718574648e-30
7,12,1.3399655679452264e-30
7,13,1.0690457795098698e-30
7,14,1.1100863385881525e-15
7,15,4.9790924046240066e-30
7,16,9.83080077188687e-31
7,17,3.6740751216118955e-31
7,18,1.884529418197006e-30
7,19,1.0132890263186007e-30
7,20,5.474255194514169e-16
7,21,1.5193356901790875e-30
7,22,1.3032028095333565e-30
7,23,2.8375995333867458e-31
7,24,1.1587546255060428e-30
7,25,8.913973752879412e-31
7,26,7.881852229805997e-31
7,27,8.752369091318416e-31
7,28,7.949614494086527e-31
7,29,2.382368763053296e-30
7,30,6.685931366075309e-31
7,31,1.9881751092697942e-30
7,32,4.711832860756932e-31
7,33,3.287750084947156e-16
7,34,4.831416931877116e-32
7,35,2.5187913867699145e-30
7,36,1.3116343148123497e-30
7,37,3.0398925686336936e-30
7,38,2.4159032176483346e-30
7,39,9.130506344976318e-31
7,40,1.050618907142895e-30
7,41,1.1194391518494973e-30
7,42,2.8023245269675993e-30
7,43,1.8609764884636978e-30
7,44,2.9185143661812715e-16
7,45,2.1050019961919984e-30
7,46,8.952199325337067e-31
7,47,8.183536508447028e-31
7,48,2.276367878670713e-30
7,49,2.1710800187769714e-30
7,50,5.251162570412012e-31
7,51,4.2856096834308847e-16
7,52,2.4286223084380297e-30
7,53,3.213560565582537e-31
7,54,6.055312600039536e-31
7,55,1.3741604272573456e-30
7,56,9.210279184880614e-31
7,57,8.317345258447067e-31
7,58,5.135671743907307e-31
7,59,4.829454851145368e-31
7,60,9.057148918226328e-31
7,61,1.646292988231856e-30
7,62,2.4847151100229447e-16
7,63,5.640445073882905e-31
7,64,9.66740175282521e-31
7,65,1.1598498933538046e-30
7,66,2.8818819277845786e-30
7,67,1.7275623126233998e-30
7,68,1.6192031141081012e-30
7,69,1.9000415556975915e-30
7,70,8.64047412504511e-31
7,71,1.2438872649365982e-30
7,72,1.6207651113621684e-30
7,73,1.48566997438974e-30
7,74,1.8057908798532354e-30
7,75,2.1822647549950245e-30
7,76,9.426454818763048e-31
7,77,1.3619243087469386e-30
7,78,1.5921391375797048e-30
7,79,2.229443594900539e-30
7,80,1.1774736773447536e-30
7,81,5.79448883548865e-31
7,82,2.406393434072594e-30
7,83,9.566715525168667e-31
7,84,2.9964851872925593e-31
7,85,8.763814169764265e-31
7,86,1.1233499819742973e-30
7,87,1.5684655733356887e-30
7,88,1.1471673989819782e-30
7,89,6.418760769683293e-31
7,90,1.8633363490500847e-30
7,91,9.35908636443466e-16
7,92,1.1273646002157606e-30
7,93,1.1838531115471059e-30
7,94,2.266726733998686e-30
7,95,1.6537672378958565e-30
7,96,9.86657910214284e-31
7,97,7.726043426922171e-31
7,98,2.5820164574080127e-30
7,99,5.191234164968857e-31
7,100,1.299489225784796e-30
7,101,1.3413269208828087e-30
7,102,5.773389757767432e-31
7,103,6.512092909455274e-31
7,104,1.6575403132001338e-30
7,105,1.1716122440343969e-30
7,106,1.3072991378104073e-30
7,107,1.5789944370759174e-30
7,108,2.0189547720474965e-30
7,109,1.641651032964965e-30
7,110,1.798598333295151e-30
7,111,7.928845105510459e-31
7,112,2.4384676586731233e-31
7,113,1.3363126486788708e-30
7,114,1.08401218235521e-30
7,115,1.9051459302946043e-30
7,116,1.3366509430606037e-30
7,117,5.204958762174382e-31
7,118,1.639196500730824e-30
7,119,3.9860910728675857e-16
7,120,3.310368768515584e-16
7,121,1.1383324133200101e-30
7,122,1.1617237070500072e-30
7,123,1.585267284436946e-30
7,124,4.829402261636896e-32
7,125,6.208913963282649e-31
7,126,1.1621410688018657e-30
7,127,1.6391094006855676e-30
7,128,2.1528537844472833e-30
7,129,2.0668684641475712e-30
7,130,1.7054642104522487e-30
7,131,1.2247125754153954e-30
7,132,7.909291147412267e-31
7,133,7.13480198491771e-31
7,134,1.174057933780743e-30
7,135,4.135420478641716e-31
7,136,2.1158310792461275e-30
7,137,1.4186503726407814e-30
7,138,1.9115558193057973e-30
7,139,1.1653256886916723e-30
7,140,4.9771167845339316e-30
7,141,1.1945821648420208e-30
7,142,7.982547097371645e-31
7,143,2.2449885595285865e-30
7,144,1.4128226458841712e-30
7,145,8.06814828381742e-31
7,146,8.915233972109853e-31
7,147,1.2139042749311272e-30
7,148,6.673156041724785e-31
7,149,9.706685117678199e-31
8,9,5.675356075281763e-31
8,10,2.6139928979987577e-31
8,11,2.242204424250273e-31
8,12,1.9883283632036305e-31
8,13,4.200429118292305e-31
8,14,2.6760124074850823e-16
8,15,6.349414699830146e-31
8,16,2.1259449362038827e-31
8,17,1.0367589566030772e-31
8,18,2.1779294233646993e-31
8,19,4.382976636724297e-31
8,20,3.6082248300317597e-16
8,21,5.435021568817964e-31
8,22,2.0334760613859894e-31
8,23,1.3403605015938092e-31
8,24,4.406107247011226e-31
8,25,1.905604459945427e-31
8,26,2.4105625885191444e-31
8,27,2.665005213227247e-31
8,28,1.8376571574386114e-31
8,29,3.46846990292472e-31
8,30,2.143590258727847e-31
8,31,5.881138055829215e-31
8,32,1.5487282235278923e-31
8,33,4.0454413885906134e-31
8,34,2.6636573485538625e-32
8,35,4.677694561221299e-31
8,36,2.8617415664623616e-31
8,37,7.559437238138445e-31
8,38,3.9541861878828025e-31
8,39,2.486958865502915e-31
8,40,3.5228549745880952e-31
8,41,3.2288819372648556e-31
8,42,3.3260007098967633e-31
8,43,3.738197647327508e-31
8,44,2.1424284481779575e-30
8,45,3.993346204420685e-31
8,46,2.4848377340337765e-31
8,47,2.937538239627191e-31
8,48,5.921213753787734e-31
8,49,3.3080913295845548e-31
8,50,1.7600740784429351e-31
8,51,1.4092856626524136e-30
8,52,4.596991618771953e-31
8,53,2.0205173795453466e-31
8,54,1.1132450882717209e-31
8,55,2.5320181987429774e-31
8,56,3.29888273884255e-31
8,57,3.8903185834979848e-31
8,58,1.046179587041982e-31
8,59,2.732660577615855e-31
8,60,4.500452958342618e-31
8,61,3.41932743247225e-31
8,62,4.367483043134895e-31
8,63,2.9000818167239177e-31
8,64,1.7654576741463546e-31
8,65,4.978869284270543e-31
8,66,3.6346005396081473e-31
8,67,2.4862967898321095e-31
8,68,3.0926048912061965e-31
8,69,2.616627444107795e-31
8,70,2.5321725748085167e-31
8,71,4.310237569839084e-31
8,72,6.870106037974532e-31
8,73,3.7682808541687625e-31
8,74,3.238775065883268e-31
8,75,1.1410650218339137e-30
8,76,1.9895287309084098e-31
8,77,2.3205059939187676e-31
8,78,8.966907374008245e-31
8,79,4.1988517241660385e-31
8,80,5.210422833608315e-31
8,81,2.762036463950882e-31
8,82,4.286377894015059e-31
8,83,1.1842331586110967e-31
8,84,8.642075632790527e-32
8,85,1.994628464962352e-31
8,86,5.9525572042901145e-31
8,87,3.2040495143654388e-31
8,88,5.040185532498632e-31
8,89,3.6324603772675784e-31
8,90,4.90739893981041e-31
8,91,4.473230534221813e-31
8,92,2.0256963697665317e-31
8,93,3.634501222244048e-31
8,94,4.5327460847482785e-31
8,95,2.827197943149622e-31
8,96,3.8643731805370617e-31
8,97,3.6051966950600393e-31
8,98,5.31945952116565e-31
8,99,2.6295906699377545e-31
8,100,3.5876677521332234e-31
8,101,2.942570108398411e-31
8,102,1.1945902745758246e-31
8,103,3.118501323989798e-31
8,104,2.6631830771559365e-31
8,105,6.451475166019173e-31
8,106,3.1486650252189588e-31
8,107,4.718055715729241e-31
8,108,4.240256156190708e-31
8,109,4.004028989948533e-31
8,110,6.3838613158537805e-31
8,111,1.9523388002994733e-31
8,112,2.988606432914061e-32
8,113,2.4801527021730567e-31
8,114,2.099061205812048e-31
8,115,4.004734406909042e-31
8,116,4.2980522006992e-31
8,117,4.205570342463371e-31
8,118,2.2981739312350116e-31
8,119,8.095356913717251e-31
8,120,4.1403103687247e-31
8,121,2.4166326027703444e-31
8,122,2.0128627861041693e-31
8,123,3.462258010118727e-31
8,124,2.6625466203211427e-32
8,125,2.4655973105914232e-31
8,126,4.144415624913394e-31
8,127,2.4841448841018035e-31
8,128,2.323292413883423e-31
8,129,5.327638587459546e-31
8,130,5.116191199409793e-31
8,131,2.333656522411642e-31
8,132,1.2170047298164536e-31
8,133,3.332067280220339e-31
8,134,4.286890823263367e-31
8,135,2.6462687864875956e-31
8,136,4.886530396577029e-31
8,137,2.6890361479405428e-31
8,138,5.861308299946343e-31
8,139,1.759929072198747e-31
8,140,5.831236947637242e-31
8,141,3.9002819000690434e-31
8,142,1.4550846643181215e-31
8,143,4.945619752834307e-31
8,144,1.5433411100921853e-31
8,145,5.142359590980805e-31
8,146,3.5754116424393154e-31
8,147,4.136921082621521e-31
8,148,2.1847314392441353e-31
8,149,3.537408370242628e-31
9,10,1.975900104831719e-30
9,11,1.8535780586198452e-30
9,12,1.8133858893993873e-30
9,13,3.0862212318375598e-30
9,14,2.144394973841428e-15
9,15,7.3140418510591e-30
9,16,1.6244591694311323e-30
9,17,6.861656385252248e-31
9,18,2.667548985059829e-30
9,19,2.434950574561217e-30
9,20,2.6340392223076447e-16
9,21,4.3417832043572036e-30
9,22,1.9436556548822134e-30
9,23,1.0373897372342862e-30
9,24,3.329642653812048e-30
9,25,1.3635451377901588e-30
9,26,1.2430650969867945e-30
9,27,1.941652245200022e-30
9,28,1.1586310515409772e-30
9,29,3.667966413219204e-30
9,30,1.6998173991201705e-30
9,31,4.932536605293172e-30
9,32,1.1923556547707483e-30
9,33,3.9679698035633366e-30
9,34,2.0678861056517374e-31
9,35,4.2212624858182955e-30
9,36,2.1389329587785434e-30
9,37,6.991782621241903e-30
9,38,3.768380560572404e-30
9,39,2.0658751586376606e-30
9,40,2.6613083698791864e-30
9,41,2.6132604083805633e-30
9,42,3.94843048613457e-30
9,43,2.6642565533466277e-30
9,44,3.387999773988697e-16
9,45,3.2426409747156996e-30
9,46,2.064315680639918e-30
9,47,2.341320662158089e-30
9,48,4.185878980541526e-30
9,49,2.5171223986261822e-30
9,50,7.830764823784765e-31
9,51,2.391654643720559e-16
9,52,3.6149666085533825e-30
9,53,8.375700258549272e-31
9,54,8.858816022779222e-31
9,55,1.9169065869408944e-30
9,56,2.5765565878996327e-30
9,57,2.329763035941082e-30
9,58,9.123333545596965e-31
9,59,7.965055297522527e-31
9,60,1.9200022833265022e-30
9,61,2.371508915766737e-30
9,62,3.054449822348763e-30
9,63,2.2459705037244957e-30
9,64,1.2827943003762328e-30
9,65,4.036749829123995e-30
9,66,4.0825102392471345e-30
9,67,2.8298257064255057e-30
9,68,2.1851454864959613e-30
9,69,2.7623286327923533e-30
9,70,1.0739289058973784e-30
9,71,2.915074455235873e-30
9,72,5.534386548067283e-30
9,73,2.6225985115969455e-30
9,74,2.8299690667062644e-30
9,75,9.005607951298106e-30
9,76,1.3099191604471115e-30
9,77,1.9787003509803458e-30
9,78,6.693708542620098e-30
9,79,3.4829065688427266e-30
9,80,3.950578837368437e-30
9,81,2.206024510406435e-30
9,82,3.544936513996535e-30
9,83,1.3822345297315617e-30
9,84,7.130115685167846e-31
9,85,1.1967686760217983e-30
9,86,4.501585912472618e-30
9,87,2.6104149719350762e-30
9,88,3.98908896748861e-30
9,89,2.734330076900479e-30
9,90,3.8389466513135295e-30
9,91,4.910462595695873e-16
9,92,1.9592958673951036e-30
9,93,2.8668368882582804e-30
9,94,3.4532561192330166e-30
9,95,2.5804167230414546e-30
9,96,1.9564816662281707e-30
9,97,2.7172717076058713e-30
9,98,4.152195047194604e-30
9,99,1.5070844979459275e-30
9,100,1.7652650111474923e-30
9,101,2.454721284890463e-30
9,102,1.143640261339089e-30
9,103,2.3607548559811038e-30
9,104,2.5304024756834446e-30
9,105,4.8757965099199294e-30
9,106,2.43319455755887e-30
9,107,2.825202640426785e-30
9,108,3.443595899316026e-30
9,109,2.4995493951967217e-30
9,110,5.172396608293505e-30
9,111,1.3112110901531884e-30
9,112,3.4946560057374378e-31
9,113,2.2055984782682076e-30
9,114,1.660226436476641e-30
9,115,2.8658509463534275e-30
9,116,3.605609052574378e-30
9,117,2.4866343919077582e-30
9,118,2.3869462434122673e-30
9,119,5.981398028725573e-30
9,120,3.679206751264363e-30
9,121,1.7200403956692844e-30
9,122,1.788475171073468e-30
9,123,2.4155754339954316e-30
9,124,2.0670238102514517e-31
9,125,1.9611106714480706e-30
9,126,2.8263567006689187e-30
9,127,2.5629100203818142e-30
9,128,2.9986290492143467e-30
9,129,3.747656342895586e-30
9,130,4.354925925509696e-30
9,131,1.6538412574818803e-30
9,132,9.891005693553932e-31
9,133,2.5404331689290524e-30
9,134,1.6161652936113836e-30
9,135,1.7869022921586074e-30
9,136,3.3399000174976766e-30
9,137,2.748401735987891e-30
9,138,4.9944348647389926e-30
9,139,1.6848231144045273e-30
9,140,7.162405122816642e-30
9,141,3.116035343613741e-30
9,142,1.1426368542456956e-30
9,143,3.70018857106235e-30
9,144,2.003785841828036e-30
9,145,2.894635112038852e-30
9,146,1.4555089940847398e-30
9,147,1.769465662602955e-30
9,148,1.39842611225357e-30
9,149,1.3077122916845602e-30
10,11,6.56414893472463e-31
10,12,6.403367691974612e-31
10,13,1.448795185524653e-30
10,14,9.708157529378638e-16
10,15,2.9126864614230395e-30
10,16,8.163136102662484e-31
10,17,3.4759196473202023e-31
10,18,1.022599365691952e-30
10,19,1.0985165335620686e-30
10,20,3.8857805861880415e-16
10,21,1.801667566112449e-30
10,22,7.676684679949825e-31
10,23,5.343251886217691e-31
10,24,1.4664137733548212e-30
10,25,4.535938184002626e-31
10,26,5.53257869792739e-31
10,27,6.135284199101584e-31
10,28,3.420251811885726e-31
10,29,1.1585215612769227e-30
10,30,7.906526144923776e-31
10,31,1.9485113812797013e-30
10,32,5.845828149451114e-31
10,33,1.2846787876145829e-30
10,34,9.639923138370313e-32
10,35,1.5000450707528456e-30
10,36,5.866583640660964e-31
10,37,2.663877681275888e-30
10,38,1.1465114715598525e-30
10,39,9.457312631307159e-31
10,40,1.3914418599255157e-30
10,41,1.0144629887537608e-30
10,42,1.1691763308800735e-30
10,43,1.4164393686220183e-30
10,44,3.8459278179398403e-16
10,45,1.0008391114386433e-30
10,46,1.045051231537745e-30
10,47,8.987202767384903e-31
10,48,1.2222096470480625e-30
10,49,1.2511470269039464e-30
10,50,4.190209027970265e-31
10,51,5.4583377890586475e-30
10,52,1.081507938846271e-30
10,53,4.048581758097811e-31
10,54,3.6669988431955555e-31
10,55,8.617131380294524e-31
10,56,1.258196297253211e-30
10,57,1.4025486560680062e-30
10,58,2.6805009719573128e-31
10,59,3.7875195074843525e-31
10,60,1.124153474266999e-30
10,61,1.007192823943574e-30
10,62,1.7758808485354775e-30
10,63,1.1474413354302838e-30
10,64,5.333575423157486e-31
10,65,1.900735450400724e-30
10,66,1.51566807936167e-30
10,67,9.205838741887224e-31
10,68,8.4591401981981e-31
10,69,1.1918268818540358e-30
10,70,5.577294932781006e-31
10,71,9.818720474747606e-31
10,72,2.4462820260253958e-30
10,73,7.778938859065126e-31
10,74,1.3726090099581596e-30
10,75,4.270118986653232e-30
10,76,6.019319359500105e-31
10,77,9.883928844896293e-31
10,78,2.997103828306769e-30
10,79,1.2123835162519199e-30
10,80,1.97583118150399e-30
10,81,1.0248116016290592e-30
10,82,1.0587193568679942e-30
10,83,4.449622147515522e-31
10,84,2.983588267298475e-31
10,85,4.472948162147148e-31
10,86,1.959617568019174e-30
10,87,8.643768803318066e-31
10,88,1.7092242392470632e-30
10,89,1.2300060275070274e-30
10,90,1.2643665866384583e-30
10,91,1.8739178954302693e-30
10,92,6.83958029957706e-31
10,93,1.4416224672536283e-30
10,94,1.1575542681518406e-30
10,95,1.1503483556529911e-30
10,96,8.407237286385404e-31
10,97,1.3793531803116254e-30
10,98,2.150031088129967e-30
10,99,7.26812994789414e-31
10,100,5.857021700921355e-31
10,101,8.066883832359668e-31
10,102,3.7426941015073927e-31
10,103,1.2799723924796756e-30
10,104,8.459337966541229e-31
10,105,2.1466890723503385e-30
10,106,1.2667012362419982e-30
10,107,7.584131405036059e-31
10,108,1.7637818181857798e-30
10,109,6.467286403610659e-31
10,110,2.533051632412865e-30
10,111,6.192658796046986e-31
10,112,1.1296921284270847e-31
10,113,9.418065906051848e-31
10,114,6.980983168634814e-31
10,115,1.1175577402815764e-30
10,116,1.6693903161479437e-30
10,117,9.646180239253418e-31
10,118,7.411549683729183e-31
10,119,2.2950043831041883e-30
10,120,1.4019193070797565e-30
10,121,4.507449704649455e-31
10,122,8.133916266717753e-31
10,123,7.07602280748269e-31
10,124,9.635903351517154e-32
10,125,9.832535432672703e-31
10,126,1.1155670057450327e-30
10,127,8.738607548101865e-31
10,128,1.002542629538177e-30
10,129,1.6000328940453095e-30
10,130,1.8211049196647364e-30
10,131,6.774927031405151e-31
10,132,4.000549070111562e-31
10,133,1.2565663480347632e-30
10,134,6.763889465884878e-31
10,135,7.507129175253549e-31
10,136,8.862511543233079e-31
10,137,1.0031151432301932e-30
10,138,2.020629378774156e-30
10,139,6.902870409269725e-31
10,140,2.421137250792312e-30
10,141,1.599300110809116e-30
10,142,3.7814720127533686e-31
10,143,1.3755736074801929e-30
10,144,6.7942407590913965e-31
10,145,1.2045900316164904e-30
10,146,3.5974185450573853e-31
10,147,8.13061841664416e-31
10,148,7.4234740555079736e-31
10,149,4.308868839987599e-31
11,12,1.2733335189182493e-30
11,13,1.1586003886985882e-30
11,14,1.0635456560749753e-15
11,15,4.9923305248780405e-30
11,16,1.0596273242061348e-30
11,17,3.855367328326431e-31
11,18,1.8624456405953197e-30
11,19,1.0426850456895527e-30
11,20,5.38628147485043e-16
11,21,1.5860062739270674e-30
11,22,1.3093004366311045e-30
11,23,3.2587497660276215e-31
11,24,1.1652744984785745e-30
11,25,8.13637406259916e-31
11,26,8.51433649433138e-31
11,27,8.510453093597925e-31
11,28,7.184982179353542e-31
11,29,2.3707791225723583e-30
11,30,5.757648277024984e-31
11,31,2.0316336094062415e-30
11,32,4.558488182451006e-31
11,33,2.3617825400472385e-30
11,34,6.682135472139641e-32
11,35,2.31502464012254e-30
11,36,1.255914142730586e-30
11,37,3.1300523301647e-30
11,38,2.3144658018431404e-30
11,39,9.087604751610061e-31
11,40,1.1498770259128676e-30
11,41,1.0997139981730582e-30
11,42,2.6659247993910324e-30
11,43,1.8377912628355885e-30
11,44,1.398390495640987e-16
11,45,2.0769436400511377e-30
11,46,1.018988329813756e-30
11,47,8.976735590851281e-31
11,48,2.160090535017016e-30
11,49,1.638117590020848e-30
11,50,4.42993368157332e-31
11,51,4.4262651621692236e-16
11,52,2.228187687781796e-30
11,53,3.3573891714834486e-31
11,54,5.822269119260049e-31
11,55,1.447027336386993e-30
11,56,9.302053091503744e-31
11,57,7.513733033904796e-31
11,58,4.907498946806361e-31
11,59,4.955488181334164e-31
11,60,7.463809712551378e-31
11,61,1.6700031707312183e-30
11,62,1.0430052850769778e-30
11,63,7.178057770876382e-31
11,64,8.63465214970465e-31
11,65,1.3376102645627102e-30
11,66,2.7958299070585334e-30
11,67,1.6740935620518335e-30
11,68,1.6686315170146617e-30
11,69,1.888600403194331e-30
11,70,8.890073466518857e-31
11,71,1.2536416085946486e-30
11,72,1.883755908543875e-30
11,73,1.3711111084884212e-30
11,74,1.8635951666952575e-30
11,75,2.8985089254970773e-30
11,76,8.666895114952895e-31
11,77,1.3376306483884984e-30
11,78,2.206951851958312e-30
11,79,2.0513750487961777e-30
11,80,1.5497345558316393e-30
11,81,7.258188470605044e-31
11,82,2.2382610252733315e-30
11,83,9.186384013606758e-31
11,84,2.9643986341528673e-31
11,85,8.513052326053409e-31
11,86,1.5025635585713551e-30
11,87,1.4708430626483508e-30
11,88,1.3749112785478625e-30
11,89,8.985156074549925e-31
11,90,1.7497431760974994e-30
11,91,3.10006297073017e-16
11,92,1.0845839496185929e-30
11,93,9.365214752487135e-31
11,94,2.1457943786456302e-30
11,95,1.608459187592452e-30
11,96,9.360877331863793e-31
11,97,9.908595092803481e-31
11,98,2.5451320733853233e-30
11,99,5.510279818616042e-31
11,100,1.1549251644998126e-30
11,101,1.3092344912282706e-30
11,102,5.68616376765511e-31
11,103,7.999868421114106e-31
11,104,1.602417105299391e-30
11,105,1.6090054667893323e-30
11,106,1.4374776479034318e-30
11,107,1.4635311651408014e-30
11,108,2.007399876355106e-30
11,109,1.4843662764099707e-30
11,110,1.7858678292741103e-30
11,111,8.049361981477584e-31
11,112,2.3431856566861495e-31
11,113,1.3100345527175592e-30
11,114,1.1006987767369578e-30
11,115,1.9472353136927525e-30
11,116,1.4653955376384301e-30
11,117,9.724059243308149e-31
11,118,1.5669321435058753e-30
11,119,3.83409787283052e-30
11,120,2.226135057911147e-16
11,121,1.0405286252303283e-30
11,122,1.0891263969810814e-30
11,123,1.4954636466123155e-30
11,124,6.679349063997546e-32
11,125,6.647661110630592e-31
11,126,1.1098951136476767e-30
11,127,1.6212876585388214e-30
11,128,2.0859480429748902e-30
11,129,1.8166819046327188e-30
11,130,1.7259759229942088e-30
11,131,1.1295216243128632e-30
11,132,5.614503418836098e-31
11,133,8.889097374334161e-31
11,134,1.2552805477327e-30
11,135,6.1613180810345386e-31
11,136,1.9025278705831315e-30
11,137,1.4376257189737007e-30
11,138,2.0281846740924525e-30
11,139,1.1687787077164989e-30
11,140,4.768016904612766e-30
11,141,1.2145972587087062e-30
11,142,7.852647474309567e-31
11,143,2.1984915550087112e-30
11,144,1.381124715555836e-30
11,145,1.0611038684036274e-30
11,146,7.708048165764927e-31
11,147,1.0839968452234361e-30
11,148,6.851650149116716e-31
11,149,9.574821802571612e-31
12,13,1.3784987341354515e-30
12,14,1.2384405425316867e-15
12,15,5.80039179655556e-30
12,16,1.273716141200537e-30
12,17,4.7383066968167695e-31
12,18,2.2188521150744505e-30
12,19,9.24794588328288e-31
12,20,4.1540741810552224e-16
12,21,1.1989055561468232e-30
12,22,1.5022375795573173e-30
12,23,3.557913900622942e-31
12,24,1.2397955477189155e-30
12,25,9.749819414139731e-31
12,26,9.786293256685898e-31
12,27,7.658570755000972e-31
12,28,8.694812782928432e-31
12,29,2.513717750098232e-30
12,30,5.092076182160326e-31
12,31,1.6333980987752972e-30
12,32,4.562610379164666e-31
12,33,2.5232972668780097e-30
12,34,2.35321396753026e-32
12,35,2.5988894189871686e-30
12,36,1.3473748126796802e-30
12,37,2.3344215117808767e-30
12,38,2.545340824650891e-30
12,39,9.219897792972672e-31
12,40,1.39859758894013e-30
12,41,1.0424929488356957e-30
12,42,2.8534127780389594e-30
12,43,2.041384658639162e-30
12,44,2.49800180540668e-16
12,45,2.2773473743098322e-30
12,46,1.1368820939840566e-30
12,47,4.638530684378894e-31
12,48,2.1877104853612397e-30
12,49,1.66648982426194e-30
12,50,6.188107669904257e-31
12,51,3.327042129861882e-30
12,52,2.6857357279183607e-30
12,53,2.455321231928683e-31
12,54,6.914580536228362e-31
12,55,1.642187357493226e-30
12,56,8.235354937051e-31
12,57,9.380795793419988e-31
12,58,4.947570619634292e-31
12,59,5.030985461329815e-31
12,60,6.365379870015251e-31
12,61,1.9660033320386876e-30
12,62,1.3515741607089673e-30
12,63,5.575652657562091e-31
12,64,1.1446813788163997e-30
12,65,5.9510619024967455e-31
12,66,3.3668798454537756e-30
12,67,1.717906304223392e-30
12,68,1.70632732811833e-30
12,69,2.298859995992017e-30
12,70,8.784470726350307e-31
12,71,1.038767862740539e-30
12,72,8.958910752653166e-31
12,73,1.535177833127298e-30
12,74,2.2532629518331852e-30
12,75,1.0185424762075826e-30
12,76,1.0960003454983289e-30
12,77,1.711212254934709e-30
12,78,1.108134342178303e-30
12,79,2.419938080213248e-30
12,80,1.6010322648659427e-30
12,81,3.2078266591961114e-31
12,82,2.65354236384623e-30
12,83,1.0639282253517038e-30
12,84,2.9060473244928176e-31
12,85,1.0137268012776659e-30
12,86,3.587006579139773e-31
12,87,1.5679797370475628e-30
12,88,6.6812587899761476e-31
12,89,4.065169894559656e-31
12,90,1.804786370179494e-30
12,91,3.304510746326021e-30
12,92,1.1541031995854157e-30
12,93,9.599077008844709e-31
12,94,2.463765652255422e-30
12,95,1.861673021724925e-30
12,96,1.0347195161567098e-30
12,97,9.987514995161274e-31
12,98,3.129117965095396e-30
12,99,4.7906063738066385e-31
12,100,1.3863941179736484e-30
12,101,1.3179929671571332e-30
12,102,4.965507329160034e-31
12,103,8.002937230951388e-31
12,104,1.75275245141472e-30
12,105,5.128581608369329e-31
12,106,1.6223644418060105e-30
12,107,1.6061336009242796e-30
12,108,2.5703016188006522e-30
12,109,1.7435173596365572e-30
12,110,1.2799277511523022e-30
12,111,8.19720256442274e-31
12,112,2.7173062909990146e-31
12,113,1.472580937498832e-30
12,114,1.2354885683563389e-30
12,115,2.0192565029649632e-30
12,116,1.1504424213189532e-30
12,117,3.737720801631059e-31
12,118,1.801489392854699e-30
12,119,4.826926216642302e-30
12,120,2.90630955258876e-30
12,121,1.211543720431979e-30
12,122,1.117816054602068e-30
12,123,1.7415903133417883e-30
12,124,2.3522326922199106e-32
12,125,6.450892257664357e-31
12,126,1.061247806813526e-30
12,127,1.7115650148954354e-30
12,128,2.4392883608761967e-30
12,129,2.246189243666239e-30
12,130,1.343580899336292e-30
12,131,1.4461328672812495e-30
12,132,4.826895991978157e-31
12,133,8.760847126950103e-31
12,134,1.244028806217754e-30
12,135,3.6313585115136932e-31
12,136,2.1547421300611636e-30
12,137,1.246715936627268e-30
12,138,1.3519399508657096e-30
12,139,1.3436358329938233e-30
12,140,5.599411141732488e-30
12,141,1.3757083937733783e-30
12,142,8.85586749408833e-31
12,143,2.4255292046762754e-30
12,144,1.5947564579799054e-30
12,145,7.941391677742663e-31
12,146,9.361686816293278e-31
12,147,1.4035398598141376e-30
12,148,6.2430263769647535e-31
12,149,1.0864750806406222e-30
13,14,1.5549796170427032e-15
13,15,5.297936252697315e-30
13,16,1.5846789667923364e-30
13,17,6.329426081592747e-31
13,18,2.0254549935307217e-30
13,19,1.5759523512924648e-30
13,20,4.3183117866278876e-16
13,21,2.8448091726683635e-30
13,22,1.3923292407787438e-30
13,23,7.71940141470082e-31
13,24,2.4207009112131504e-30
13,25,7.873749934264833e-31
13,26,1.2560783467297212e-30
13,27,1.1463665880566163e-30
13,28,6.764182714160176e-31
13,29,2.081693025550577e-30
13,30,1.192405265202771e-30
13,31,2.9902342508155372e-30
13,32,8.573006330626521e-31
13,33,2.0710965067819675e-30
13,34,1.5122852101183345e-31
13,35,2.2528869490422232e-30
13,36,1.1266811892286215e-30
13,37,3.886935910276198e-30
13,38,2.0605599756001675e-30
13,39,1.3971479392708463e-30
13,40,2.2845031193618202e-30
13,41,1.650107920165692e-30
13,42,2.2766056761609836e-30
13,43,2.0974870715017284e-30
13,44,3.6188843062238723e-16
13,45,1.88126086672753e-30
13,46,1.7377962512344547e-30
13,47,1.42778517573911e-30
13,48,2.17812135282214e-30
13,49,1.745513535470341e-30
13,50,6.142973293342946e-31
13,51,4.34457330024597e-16
13,52,2.1348207582101238e-30
13,53,6.582789315687953e-31
13,54,6.837973378424034e-31
13,55,1.7260782518830666e-30
13,56,1.801813386788444e-30
13,57,1.7657677584713564e-30
13,58,4.669471711644327e-31
13,59,6.899191046425108e-31
13,60,1.232439253272957e-30
13,61,1.946150026368887e-30
13,62,2.5221816233485428e-30
13,63,1.7108663179731245e-30
13,64,1.0679089135221216e-30
13,65,2.771443766147771e-30
13,66,2.9617531901980477e-30
13,67,1.4517216243996573e-30
13,68,1.5551386992763618e-30
13,69,2.2916360763519212e-30
13,70,8.170243996627467e-31
13,71,1.667289638614488e-30
13,72,3.721992708853041e-30
13,73,1.4909752655132831e-30
13,74,2.5560825064934824e-30
13,75,6.481830310558769e-30
13,76,1.1149153064237625e-30
13,77,1.8383058871488988e-30
13,78,4.902500318727649e-30
13,79,1.95194848432788e-30
13,80,3.288521655325416e-30
13,81,1.5444999496841199e-30
13,82,2.1447454338921865e-30
13,83,8.765235156748359e-31
13,84,4.6062302753732015e-31
13,85,9.066982094224258e-31
13,86,3.169607764784209e-30
13,87,1.4839239603941044e-30
13,88,2.6910184659328273e-30
13,89,2.002360964416706e-30
13,90,2.323771663716421e-30
13,91,3.937487940801311e-16
13,92,1.0220151497345182e-30
13,93,2.1525852228642327e-30
13,94,2.0170125162125427e-30
13,95,1.7707127317640657e-30
13,96,1.3335904129715148e-30
13,97,2.2442107334269193e-30
13,98,3.820861979399692e-30
13,99,1.039662800344855e-30
13,100,1.160113107772662e-30
13,101,1.3613192408146474e-30
13,102,5.957195732422427e-31
13,103,1.908948907703236e-30
13,104,1.499635847483346e-30
13,105,3.528948332237695e-30
13,106,2.2065220499766784e-30
13,107,1.5354566382223941e-30
13,108,3.1107609657546436e-30
13,109,1.39833611354293e-30
13,110,3.587765262273749e-30
13,111,7.930721051938005e-31
13,112,2.220436029880648e-31
13,113,1.5213202251067653e-30
13,114,1.3215993586297899e-30
13,115,1.6801801731960087e-30
13,116,2.3422828460844526e-30
13,117,2.0250816049001918e-30
13,118,1.4539332394917122e-30
13,119,4.155043178409978e-30
13,120,1.2719202621569023e-16
13,121,9.588593526754309e-31
13,122,1.0130259823343404e-30
13,123,1.4536638775886126e-30
13,124,1.5116545967702194e-31
13,125,1.3733369916305669e-30
13,126,1.768476503632987e-30
13,127,1.4041351965024965e-30
13,128,2.0478630858441047e-30
13,129,2.858083244181779e-30
13,130,2.683942263557472e-30
13,131,1.3580542713111539e-30
13,132,5.8456849505434266e-31
13,133,2.0337062487556956e-30
13,134,1.677264057002945e-30
13,135,1.3499652743233383e-30
13,136,1.666019190322733e-30
13,137,1.4499582582638979e-30
13,138,2.9891391910455103e-30
13,139,1.2317573013668715e-30
13,140,4.6987960436864616e-30
13,141,2.3040620056517864e-30
13,142,7.358027131039594e-31
13,143,2.70133505876382e-30
13,144,1.3430169607199942e-30
13,145,2.3343557874651042e-30
13,146,7.703704936073641e-31
13,147,1.2401747900680165e-30
13,148,8.896378989864645e-31
13,149,9.550201673724446e-31
14,15,4.802507356201615e-15
14,16,1.073294975259154e-15
14,17,4.359542419186709e-16
14,18,1.7918729048175766e-15
14,19,1.1355896911979794e-15
14,20,4.7633586625833905e-15
14,21,2.0242442448266466e-15
14,22,1.249087153326384e-15
14,23,5.140215339071559e-16
14,24,1.5745754383084137e-15
14,25,7.989620699680408e-16
14,26,7.895182930860785e-16
14,27,9.347361023624643e-16
14,28,7.143311488134482e-16
14,29,2.159044233271903e-15
14,30,8.1740403524482475e-16
14,31,2.318654745138113e-15
14,32,5.800117319531832e-16
14,33,2.1830472199395574e-15
14,34,9.991827570473071e-17
14,35,2.2501453101169843e-15
14,36,1.1951055156703417e-15
14,37,3.35257929847599e-15
14,38,2.169361454203415e-15
14,39,9.707153813009192e-16
14,40,1.4728244529821178e-15
14,41,1.2341421926839002e-15
14,42,2.3561841730015854e-15
14,43,1.6422886855445682e-15
14,44,1.1882119423596023e-14
14,45,1.9367153024225284e-15
14,46,1.2370219566738597e-15
14,47,1.093574246553488e-15
14,48,2.1609501041239354e-15
14,49,1.3401629543049302e-15
14,50,5.167321833471824e-16
14,51,5.560214570321183e-15
14,52,2.187328009638466e-15
14,53,4.116607247723815e-16
14,54,5.58266700457127e-16
14,55,1.3218552025225112e-15
14,56,1.185076582994351e-15
14,57,1.195834147601809e-15
14,58,4.820506712162144e-16
14,59,4.187527806188519e-16
14,60,9.155671017717188e-16
14,61,1.5988604291806053e-15
14,62,1.5260270972809148e-15
14,63,1.1258545780178457e-15
14,64,8.527927710615623e-16
14,65,1.9153155427713064e-15
14,66,2.7190744936369696e-15
14,67,1.5641281661084231e-15
14,68,1.3734486864413338e-15
14,69,1.8810780934648236e-15
14,70,6.374008604944391e-16
14,71,1.3725218079715747e-15
14,72,2.6013836476114386e-15
14,73,1.36732800863082e-15
14,74,1.9032647749998947e-15
14,75,4.3314976235359806e-15
14,76,8.809247403566769e-16
14,77,1.3790367468413274e-15
14,78,3.2100882611764334e-15
14,79,2.0046091472714136e-15
14,80,2.1403140090730584e-15
14,81,1.045588421033114e-15
14,82,2.173889670533836e-15
14,83,8.693605598503744e-16
14,84,3.330669073875469e-16
14,85,7.959749427167031e-16
14,86,2.129897851208169e-15
14,87,1.3693576277730065e-15
14,88,1.8575697721557016e-15
14,89,1.3140067889407484e-15
14,90,1.8845816329173035e-15
14,91,2.791770860582231e-15
14,92,1.0345962079188457e-15
14,93,1.397427059033011e-15
14,94,2.0638200638107216e-15
14,95,1.5029006199978534e-15
14,96,9.219086737129909e-16
14,97,1.4534500190457917e-15
14,98,2.6502675167539427e-15
14,99,6.797387143434983e-16
14,100,1.0945575034292798e-15
14,101,1.2716835473570485e-15
14,102,5.764924541703797e-16
14,103,1.2400277985933604e-15
14,104,1.4803850551532034e-15
14,105,2.3316397001034037e-15
14,106,1.4989783114059019e-15
14,107,1.4863256264707146e-15
14,108,2.217671128517245e-15
14,109,1.4718018548871894e-15
14,110,2.4582232982564034e-15
14,111,6.823078379790123e-16
14,112,2.220446049250312e-16
14,113,1.2230939965270813e-15
14,114,9.968070363190418e-16
14,115,1.7011810387355536e-15
14,116,1.651802947511186e-15
14,117,1.2240254136293344e-15
14,118,1.484044565652792e-15
14,119,3.911825404626023e-15
14,120,2.2468124124045844e-15
14,121,1.0184286384175572e-15
14,122,9.169328942325052e-16
14,123,1.4535050529370541e-15
14,124,9.98766104170201e-17
14,125,9.383981948552254e-16
14,126,1.3095854965915855e-15
14,127,1.451773810323651e-15
14,128,1.9576327674436865e-15
14,129,1.777794990939903e-15
14,130,2.0436682915026067e-15
14,131,1.1301143798783274e-15
14,132,4.923857626561873e-16
14,133,1.300773734819116e-15
14,134,9.923575843264771e-16
14,135,8.572670838691432e-16
14,136,1.8838676687072676e-15
14,137,1.380522723010452e-15
14,138,2.34060038674704e-15
14,139,1.1082000683701926e-15
14,140,4.5610512681061146e-15
14,141,1.499410018410532e-15
14,142,7.243873853503205e-16
14,143,2.0014182729446107e-15
14,144,1.2939484671837742e-15
14,145,1.399452901244985e-15
14,146,7.827676087715044e-16
14,147,1.1174220254430248e-15
14,148,6.560934625043827e-16
14,149,8.544841295224811e-16
15,16,4.693886196954927e-30
15,17,1.8935661996404855e-30
15,18,8.628284441641887e-30
15,19,3.978795230259553e-30
15,20,6.702501000301835e-16
15,21,4.3371221985216e-30
15,22,6.1619524685114844e-30
15,23,1.4485705836963662e-30
15,24,4.7482493022107935e-30
15,25,3.6551884213643105e-30
15,26,3.581294563731587e-30
15,27,2.7259574241509135e-30
15,28,3.283024127426741e-30
15,29,9.613005366519487e-30
15,30,2.0828847641765266e-30
15,31,6.14198871598098e-30
15,32,1.85412634413249e-30
15,33,2.485517341483326e-16
15,34,1.3701669859104573e-31
15,35,1.0069391577712271e-29
15,36,5.107739646214909e-30
15,37,8.963627260984186e-30
15,38,9.43612359462588e-30
15,39,3.528040590349847e-30
15,40,5.1524925381752336e-30
15,41,3.85674904027317e-30
15,42,1.0753927857119628e-29
15,43,7.901010672187263e-30
15,44,9.635463730831312e-16
15,45,8.814045735536315e-30
15,46,5.3565627258496324e-30
15,47,1.678840630851952e-30
15,48,8.11055561191617e-30
15,49,6.455798801756e-30
15,50,2.3788053300181146e-30
15,51,4.541284824466323e-16
15,52,9.885212330323898e-30
15,53,1.1627522359362945e-30
15,54,2.6792247665996806e-30
15,55,6.326777573586737e-30
15,56,3.416992917019617e-30
15,57,2.965941865599119e-30
15,58,1.8460268246230838e-30
15,59,2.098815748601605e-30
15,60,2.6052307708593237e-30
15,61,7.700522028756623e-30
15,62,3.0054303251241997e-16
15,63,2.4867987504995933e-30
15,64,3.8173414510774806e-30
15,65,2.2695490890662536e-30
15,66,1.304730949029499e-29
15,67,6.513702672533201e-30
15,68,6.700226850069688e-30
15,69,8.994374651450783e-30
15,70,3.0500042145234686e-30
15,71,3.925772245686613e-30
15,72,3.446047600514736e-30
15,73,5.759553228413918e-30
15,74,8.91473522513418e-30
15,75,5.779767456471702e-30
15,76,4.195039901383117e-30
15,77,6.300254796972918e-30
15,78,5.040048070096699e-30
15,79,9.185896451397854e-30
15,80,7.023779899246849e-30
15,81,1.4257017527109196e-30
15,82,1.0005332470428323e-29
15,83,4.0852043369948694e-30
15,84,1.1076218567405018e-30
15,85,3.7915334244975914e-30
15,86,2.2180754973181748e-30
15,87,5.775750292470735e-30
15,88,2.4753530428759867e-30
15,89,2.120873173151559e-30
15,90,7.145916414933797e-30
15,91,6.019265493296077e-16
15,92,4.381403822934836e-30
15,93,3.656642671601202e-30
15,94,9.877233544666235e-30
15,95,7.110233064537963e-30
15,96,4.11851755171762e-30
15,97,4.3581632583655364e-30
15,98,1.1783048916396471e-29
15,99,1.4445080633208008e-30
15,100,4.270091176086526e-30
15,101,4.7739554421768215e-30
15,102,1.8348688787564904e-30
15,103,3.24686120299956e-30
15,104,7.119134279571323e-30
15,105,3.1216464916770567e-30
15,106,6.406276454698476e-30
15,107,5.7962982951118165e-30
15,108,9.837946047301856e-30
15,109,6.351719493573614e-30
15,110,4.961602831320698e-30
15,111,3.0591827625356245e-30
15,112,1.0426853097453869e-30
15,113,6.034666734340416e-30
15,114,4.846903749425851e-30
15,115,7.836888024131602e-30
15,116,5.106543974868758e-30
15,117,2.7442166383694055e-30
15,118,6.891100039588306e-30
15,119,2.4367771255879983e-16
15,120,6.574397431310338e-16
15,121,4.4434344680372204e-30
15,122,3.781460170906198e-30
15,123,6.619392073264266e-30
15,124,1.3695956349611254e-31
15,125,2.5462148274272995e-30
15,126,3.75351767421356e-30
15,127,6.609751024819206e-30
15,128,9.224141494194795e-30
15,129,8.419135154188631e-30
15,130,4.636589303484574e-30
15,131,5.307771002290894e-30
15,132,2.0232849821455185e-30
15,133,3.778689872509918e-30
15,134,4.661974953965288e-30
15,135,1.56560501929586e-30
15,136,8.258490354410354e-30
15,137,5.0303448756569776e-30
15,138,4.936988922996882e-30
15,139,5.418578685400329e-30
15,140,2.1724984473589508e-29
15,141,5.278562596382564e-30
15,142,3.405383997978056e-30
15,143,9.586304483055328e-30
15,144,6.148767114683293e-30
15,145,3.692049110005232e-30
15,146,3.2653368655247005e-30
15,147,5.315242473629064e-30
15,148,2.651275601675586e-30
15,149,3.9737855772950424e-30
16,17,4.81023057018617e-31
16,18,1.832289013781655e-30
16,19,8.352428912682288e-31
16,20,5.16470035236925e-16
16,21,1.2716429342035533e-30
16,22,1.215162165094266e-30
16,23,4.363484951588429e-31
16,24,1.389570064683817e-30
16,25,6.871103232659311e-31
16,26,1.0482888422744008e-30
16,27,4.536992759860076e-31
16,28,5.694214289787184e-31
16,29,1.8283634871805203e-30
16,30,6.0214800558193435e-31
16,31,1.2183424637910307e-30
16,32,4.902773453755984e-31
16,33,1.9203945632430145e-30
16,34,7.495901261673025e-32
16,35,1.8602280030894292e-30
16,36,8.480995395752642e-31
16,37,1.6739707137670953e-30
16,38,1.827432751036858e-30
16,39,8.506497420135686e-31
16,40,1.5735991871285789e-30
16,41,7.719770686432355e-31
16,42,2.123764513714429e-30
16,43,1.6535462862186928e-30
16,44,3.188872858294137e-16
16,45,1.5696900936258687e-30
16,46,1.2161299437749426e-30
16,47,5.434236552710904e-31
16,48,1.3713704169057428e-30
16,49,1.333883784140269e-30
16,50,4.833692131244474e-31
16,51,5.3628310680095214e-30
16,52,1.853217980782611e-30
16,53,3.5734397780836347e-31
16,54,5.7459857004665126e-31
16,55,1.5140121274322531e-30
16,56,1.039771404707239e-30
16,57,1.0842501010140722e-30
16,58,3.0579068069359255e-31
16,59,6.030939238687054e-31
16,60,7.710785126871422e-31
16,61,1.75574384991885e-30
16,62,1.4623623055988598e-30
16,63,9.373937391166725e-31
16,64,9.68303311185266e-31
16,65,1.2791867276820778e-30
16,66,2.666509173170452e-30
16,67,1.1560587287563429e-30
16,68,1.543088518210238e-30
16,69,1.9875908004950217e-30
16,70,9.403736775505151e-31
16,71,6.3077909923061975e-31
16,72,1.6823341882908815e-30
16,73,1.1704216933608769e-30
16,74,2.1029266848951766e-30
16,75,3.1848372040701536e-30
16,76,9.174726460826732e-31
16,77,1.5330379909922432e-30
16,78,2.4459108547991385e-30
16,79,1.681299573201128e-30
16,80,2.0552997375895948e-30
16,81,7.422911688953108e-31
16,82,1.9689194022397052e-30
16,83,7.95115048562714e-31
16,84,2.4503178021218926e-31
16,85,8.819568540168675e-31
16,86,1.4539030619284246e-30
16,87,1.2136796538836373e-30
16,88,1.171891174103941e-30
16,89,9.884072504645763e-31
16,90,1.077133493269721e-30
16,91,2.7874703042198146e-30
16,92,8.120171251563695e-31
16,93,1.186498398330546e-30
16,94,1.8331448284157623e-30
16,95,1.4743654776738452e-30
16,96,8.49552723032334e-31
16,97,1.398157005869405e-30
16,98,2.976561708986488e-30
16,99,6.983804775342883e-31
16,100,1.071350876970009e-30
16,101,8.844499225786958e-31
16,102,3.124434785929244e-31
16,103,1.1570725368528748e-30
16,104,1.3277501251637713e-30
16,105,1.6801266349109766e-30
16,106,1.6112382056338007e-30
16,107,9.484150535344528e-31
16,108,2.4279746821948368e-30
16,109,1.0870975699911083e-30
16,110,1.7806323932799977e-30
16,111,7.341347478722862e-31
16,112,2.00651955490151e-31
16,113,1.227764634931204e-30
16,114,1.1112797562055836e-30
16,115,1.563916001809074e-30
16,116,1.2214564996001755e-30
16,117,9.853336198835007e-31
16,118,1.3012044490598552e-30
16,119,3.6058351854251925e-30
16,120,2.4612776886188443e-30
16,121,7.862935880420878e-31
16,122,1.0187692099369181e-30
16,123,1.2725118563365785e-30
16,124,7.492775518354147e-32
16,125,7.297156088658761e-31
16,126,8.206689926225646e-31
16,127,1.3253542880556463e-30
16,128,1.8994951300181504e-30
16,129,1.9879944996349717e-30
16,130,1.1798058196716442e-30
16,131,1.2123942523548341e-30
16,132,3.0724018335129492e-31
16,133,1.1914255170937426e-30
16,134,1.3905589020307061e-30
16,135,6.992822125523167e-31
16,136,1.2689694970554655e-30
16,137,8.37127555956665e-31
16,138,1.1669939258461441e-30
16,139,1.052855744880296e-30
16,140,4.2894609055502215e-30
16,141,1.448027062586353e-30
16,142,6.922595741992695e-31
16,143,2.0551739093101884e-30
16,144,1.2386163912626352e-30
16,145,1.2221240645803536e-30
16,146,6.958211245685982e-31
16,147,1.0972436914021907e-30
16,148,4.872833769586344e-31
16,149,9.143156710601952e-31
17,18,7.045141958875221e-31
17,19,3.467000263206751e-31
17,20,2.4825341532472726e-16
17,21,5.340160058781126e-31
17,22,4.955550673767675e-31
17,23,1.8548433466914662e-31
17,24,5.602893175981316e-31
17,25,2.8879351743905933e-31
17,26,3.7515076209373535e-31
17,27,2.007135827654371e-31
17,28,2.516272925050137e-31
17,29,6.602329895952808e-31
17,30,2.629476533211089e-31
17,31,5.1730751531004185e-31
17,32,2.1013433546460332e-31
17,33,6.948185667475522e-31
17,34,3.1376186233736796e-32
17,35,7.652224638034015e-31
17,36,3.6325374251701062e-31
17,37,5.649796856319406e-31
17,38,6.551807775790923e-31
17,39,3.426020303508385e-31
17,40,6.164643161662962e-31
17,41,3.224734047091395e-31
17,42,7.970348127568173e-31
17,43,6.849858087226078e-31
17,44,5.240395779320276e-30
17,45,6.284390712479447e-31
17,46,5.36930089653509e-31
17,47,2.3045552103460935e-31
17,48,5.47002342403903e-31
17,49,5.612769382624717e-31
17,50,2.2576848678564675e-31
17,51,2.087379440083834e-30
17,52,7.673994504350031e-31
17,53,1.564905237511103e-31
17,54,2.250546560027395e-31
17,55,5.62245884885404e-31
17,56,3.8913425629411603e-31
17,57,4.454348691519812e-31
17,58,1.2016301744980706e-31
17,59,2.166207009473167e-31
17,60,3.4144417734987397e-31
17,61,6.601878795992587e-31
17,62,6.047975234897791e-31
17,63,3.944958884203049e-31
17,64,3.3712326952431336e-31
17,65,5.328055269638582e-31
17,66,1.0492159696863623e-30
17,67,4.286626599497721e-31
17,68,5.278909997693312e-31
17,69,7.7866553078562545e-31
17,70,2.7630982519168398e-31
17,71,3.208923986795259e-31
17,72,7.021722310116006e-31
17,73,4.214842433535709e-31
17,74,8.222805234072729e-31
17,75,1.3208510871649562e-30
17,76,3.6575671711619805e-31
17,77,5.89175146708249e-31
17,78,1.0303790512480016e-30
17,79,7.244176723807661e-31
17,80,8.712771610644433e-31
17,81,3.071055806604883e-31
17,82,7.50385545535161e-31
17,83,3.0970624404515327e-31
17,84,1.0123050082016476e-31
17,85,3.081616764957968e-31
17,86,6.173812930742126e-31
17,87,4.387176874320015e-31
17,88,4.8950045178531585e-31
17,89,4.201122378436622e-31
17,90,5.163268963639072e-31
17,91,1.1611352117564902e-30
17,92,3.1895951719505075e-31
17,93,4.8803520104656375e-31
17,94,7.44032534235946e-31
17,95,5.904618869067158e-31
17,96,3.536290965662344e-31
17,97,5.777888711156538e-31
17,98,1.1583032693023697e-30
17,99,2.290633500468055e-31
17,100,3.0818704451933425e-31
17,101,3.2253728616801684e-31
17,102,1.1214863313900973e-31
17,103,4.710346466689356e-31
17,104,5.380472540856906e-31
17,105,7.202002687108598e-31
17,106,6.529643307934437e-31
17,107,4.3375864708346726e-31
17,108,9.652378036044562e-31
17,109,4.706291593928123e-31
17,110,7.380787204786533e-31
17,111,2.4833868338545195e-31
17,112,7.772744031704423e-32
17,113,4.935736397643199e-31
17,114,4.162828383366773e-31
17,115,5.662296728530648e-31
17,116,4.902304630812719e-31
17,117,4.790838098615668e-31
17,118,5.101540377348391e-31
17,119,1.541016632629324e-30
17,120,8.553503890758257e-31
17,121,3.2606806767157196e-31
17,122,3.1153184062151654e-31
17,123,4.842064863494613e-31
17,124,3.1363102562932145e-32
17,125,3.114808928710032e-31
17,126,3.3251098719719647e-31
17,127,4.866107692972494e-31
17,128,7.07144354189209e-31
17,129,7.805217006062366e-31
17,130,4.883216617028675e-31
17,131,4.559062184942289e-31
17,132,1.4101947690442806e-31
17,133,4.979655303652205e-31
17,134,5.075045515864682e-31
17,135,2.9606824000648823e-31
17,136,6.0488217431827555e-31
17,137,2.9520401949816215e-31
17,138,4.666899744022773e-31
17,139,4.380426573395436e-31
17,140,1.6644634028571486e-30
17,141,5.7294281029037065e-31
17,142,2.511360536235414e-31
17,143,7.990945219173063e-31
17,144,4.679703563284625e-31
17,145,5.297833716047396e-31
17,146,2.681710664306704e-31
17,147,4.472970859100567e-31
17,148,2.369039107145503e-31
17,149,3.190501751711844e-31
18,19,1.4218496632441562e-30
18,20,2.4825341532472544e-16
18,21,1.6586112955089473e-30
18,22,2.241800247264819e-30
18,23,5.306847514996014e-31
18,24,1.8050802051577098e-30
18,25,1.3662726834373133e-30
18,26,1.4065861799474417e-30
18,27,1.04273255649779e-30
18,28,1.2194329166636111e-30
18,29,3.600891043218783e-30
18,30,7.38757366302831e-31
18,31,2.3064067176178684e-30
18,32,6.794167940084899e-31
18,33,3.5990803792714605e-30
18,34,5.113692719026579e-32
18,35,3.731761844505759e-30
18,36,1.896434363241133e-30
18,37,3.3417894260902625e-30
18,38,3.560915363630466e-30
18,39,1.3375897127248643e-30
18,40,1.9963978789252056e-30
18,41,1.4540496384919915e-30
18,42,4.058465981712521e-30
18,43,2.930687405215073e-30
18,44,1.9329454176669133e-29
18,45,3.264562912852399e-30
18,46,1.854348552697281e-30
18,47,6.694295080070661e-31
18,48,3.0514451039902457e-30
18,49,2.3871092798873243e-30
18,50,8.649227224497603e-31
18,51,4.976996231709462e-30
18,52,3.7320312546022044e-30
18,53,3.0230527409298933e-31
18,54,1.000781801067453e-30
18,55,2.395678923686957e-30
18,56,1.2135269834352926e-30
18,57,1.1415410360369007e-30
18,58,6.9421077463030584e-31
18,59,7.513877195806984e-31
18,60,8.690787188886486e-31
18,61,2.8895644381771717e-30
18,62,1.9353791519745116e-30
18,63,8.874114963237622e-31
18,64,1.5220622057114363e-30
18,65,8.385668665956208e-31
18,66,4.870029498643554e-30
18,67,2.4433543250637657e-30
18,68,2.5213250385167956e-30
18,69,3.3596921839757805e-30
18,70,1.1895732887767432e-30
18,71,1.4561165699595851e-30
18,72,1.283320090859422e-30
18,73,2.1663734051153174e-30
18,74,3.3298204173827744e-30
18,75,2.091528661076696e-30
18,76,1.5704481170215439e-30
18,77,2.4105014986324964e-30
18,78,1.9038250931961706e-30
18,79,3.41476028231976e-30
18,80,2.535854324490905e-30
18,81,5.424278761583964e-31
18,82,3.7615656521155135e-30
18,83,1.5276453839434188e-30
18,84,4.1472024637053855e-31
18,85,1.4406891386373163e-30
18,86,8.806522252835035e-31
18,87,2.1890325000211693e-30
18,88,9.348986767069992e-31
18,89,7.619599819778666e-31
18,90,2.5838795549132573e-30
18,91,4.9317636278130774e-30
18,92,1.6422885819113513e-30
18,93,1.3693260485099432e-30
18,94,3.609063726306656e-30
18,95,2.6645349881363068e-30
18,96,1.488491509697327e-30
18,97,1.587118669544297e-30
18,98,4.487547922575067e-30
18,99,5.249681565440527e-31
18,100,1.749569243408123e-30
18,101,1.8216275174752663e-30
18,102,6.949528423203468e-31
18,103,1.2064768031064415e-30
18,104,2.5877608659931472e-30
18,105,1.1529163197668065e-30
18,106,2.3837533950704204e-30
18,107,2.1903583087298052e-30
18,108,3.714516248982789e-30
18,109,2.3905081935775666e-30
18,110,1.8741677131367512e-30
18,111,1.1696248821380984e-30
18,112,3.899756569532116e-31
18,113,2.1956957637152083e-30
18,114,1.8164694949254386e-30
18,115,2.921172673225487e-30
18,116,1.808707608429316e-30
18,117,9.2703079190769e-31
18,118,2.5766790534924333e-30
18,119,6.912432438915866e-30
18,120,4.004325841833872e-30
18,121,1.6754761260586523e-30
18,122,1.4963334196567938e-30
18,123,2.4798638239626154e-30
18,124,5.111560341572113e-32
18,125,9.37243081611202e-31
18,126,1.4070757437929253e-30
18,127,2.466417097908745e-30
18,128,3.4844448871252816e-30
18,129,3.179026452018816e-30
18,130,1.8090315096898726e-30
18,131,2.0250771139733122e-30
18,132,7.112101963981664e-31
18,133,1.3643009422462897e-30
18,134,1.821698883382612e-30
18,135,5.970250279167399e-31
18,136,3.0311826106745476e-30
18,137,1.832978003858813e-30
18,138,1.870882335661879e-30
18,139,1.976326403931441e-30
18,140,8.098125314737179e-30
18,141,1.9983897038742106e-30
18,142,1.2775520800523325e-30
18,143,3.558275774768114e-30
18,144,2.3032913597368607e-30
18,145,1.2748192383812356e-30
18,146,1.241649966231784e-30
18,147,1.962902622714239e-30
18,148,9.133437091068738e-31
18,149,1.516886998649603e-30
19,20,1.1978388074229724e-15
19,21,2.283308890070744e-30
19,22,1.1258177291313065e-30
19,23,5.504208477201612e-31
19,24,1.705827636480449e-30
19,25,7.564379180286821e-31
19,26,8.072402109304382e-31
19,27,1.054793814538476e-30
19,28,6.583751937696861e-31
19,29,2.071560545018546e-30
19,30,9.022862686894929e-31
19,31,2.6321283190840283e-30
19,32,7.287043211577673e-31
19,33,2.2166365272764323e-30
19,34,1.0492571976667864e-31
19,35,2.295927121719502e-30
19,36,1.17487902099877e-30
19,37,3.820281594162173e-30
19,38,2.0602475887909632e-30
19,39,1.1597092410445722e-30
19,40,1.2875387728502852e-30
19,41,1.4128627055538692e-30
19,42,2.1017795842938655e-30
19,43,1.5657963018240003e-30
19,44,4.902612130890245e-16
19,45,1.8628014531594257e-30
19,46,1.1269120657921259e-30
19,47,1.2358112918786539e-30
19,48,2.304820451175855e-30
19,49,1.4138007670454002e-30
19,50,5.472178543698829e-31
19,51,2.5744585485137114e-16
19,52,2.070468243908662e-30
19,53,6.196773665056549e-31
19,54,4.841334400426527e-31
19,55,1.1645134286336308e-30
19,56,1.2988518995568501e-30
19,57,1.5073209406670916e-30
19,58,4.979585709931224e-31
19,59,8.499588659398232e-31
19,60,1.6811735838035735e-30
19,61,1.4215606583266312e-30
19,62,1.892425930968448e-30
19,63,1.1526073767483932e-30
19,64,7.019307937174484e-31
19,65,2.1635959743827805e-30
19,66,2.151846083819384e-30
19,67,1.5581003859772697e-30
19,68,1.6111134948884146e-30
19,69,1.4305637098086676e-30
19,70,1.1377432044642565e-30
19,71,1.594336235790836e-30
19,72,2.876635703914088e-30
19,73,1.4829892984861138e-30
19,74,1.4218060106595005e-30
19,75,4.5978887674617476e-30
19,76,6.969185559100999e-31
19,77,9.22381124732408e-31
19,78,3.401586596179604e-30
19,79,1.9135040031635353e-30
19,80,2.0204104126040715e-30
19,81,1.13442849317458e-30
19,82,1.975150451901134e-30
19,83,7.520896850721686e-31
19,84,3.7797397481059675e-31
19,85,7.285961833496927e-31
19,86,2.3097227774770743e-30
19,87,1.3813591679501217e-30
19,88,2.0924903698084458e-30
19,89,1.3917076839633526e-30
19,90,2.1759081132149784e-30
19,91,5.49543312526019e-16
19,92,1.0792029237118118e-30
19,93,1.495788005576734e-30
19,94,1.940337938232547e-30
19,95,1.4651074641737852e-30
19,96,1.1585650251680171e-30
19,97,1.3294325567935243e-30
19,98,1.9663831825730813e-30
19,99,8.260313634491626e-31
19,100,1.216827492665786e-30
19,101,1.3401419239176707e-30
19,102,6.2574176026879935e-31
19,103,1.162417215881113e-30
19,104,1.4006886011631002e-30
19,105,2.500979666778439e-30
19,106,1.1808037180375169e-30
19,107,1.6757534755386336e-30
19,108,1.6194465568087268e-30
19,109,1.4334130586247246e-30
19,110,2.8000097387508565e-30
19,111,9.410505495376531e-31
19,112,1.8895483110267637e-31
19,113,1.3096977893581442e-30
19,114,9.507611208155326e-31
19,115,1.886817939038006e-30
19,116,1.936930881288506e-30
19,117,1.5357750604264317e-30
19,118,1.2979425928813077e-30
19,119,3.2252008813695076e-30
19,120,2.0383478313185587e-30
19,121,9.510695981957263e-31
19,122,1.1504925806183212e-30
19,123,1.4351089641940534e-30
19,124,1.048819664065302e-31
19,125,1.0673451101905945e-30
19,126,1.5216199832491502e-30
19,127,1.427155052898242e-30
19,128,1.62644698684798e-30
19,129,1.9884868333300973e-30
19,130,2.390817877667154e-30
19,131,8.59961223253016e-31
19,132,5.9062222898906545e-31
19,133,1.2748184811742516e-30
19,134,1.566316647596257e-30
19,135,9.350683988079805e-31
19,136,1.8722406044996272e-30
19,137,1.5445909250353256e-30
19,138,2.6837115662294284e-30
19,139,9.111117219864204e-31
19,140,3.9134875455917275e-30
19,141,1.685159152624583e-30
19,142,6.394142539692457e-31
19,143,2.0837021454224193e-30
19,144,1.0965278106767099e-30
19,145,1.695912555391964e-30
19,146,1.0789678002306258e-30
19,147,1.2858441678528748e-30
19,148,8.99321013941498e-31
19,149,1.0973196442017906e-30
20,21,3.0104325427680985e-16
20,22,3.9625285060110245e-16
20,23,1.1443916996305586e-16
20,24,2.7476618026965955e-16
20,25,3.0022245318650495e-16
20,26,5.08768104862759e-16
20,27,2.4825341532472825e-16
20,28,3.376611507232138e-16
20,29,6.300653218411699e-16
20,30,3.437554932656484e-16
20,31,4.49370398078246e-16
20,32,3.7341307954279715e-16
20,33,3.9043683824297377e-16
20,34,7.766447895654689e-32
20,35,5.345313314596259e-16
20,36,4.3161161144760067e-16
20,37,4.958209098380819e-16
20,38,5.21341407718252e-16
20,39,3.1888728582940553e-16
20,40,5.876386976949618e-16
20,41,2.944792098121253e-16
20,42,4.150595541912474e-16
20,43,7.408711319456052e-16
20,44,1.8255566619907294e-15
20,45,6.780705442916662e-16
20,46,2.775557561563002e-17
20,47,2.775557561562896e-16
20,48,1.0409497273936291e-15
20,49,7.411472824368612e-16
20,50,4.0029660424867264e-16
20,51,6.266379322985399e-16
20,52,8.051175539503703e-16
20,53,5.122055646510097e-16
20,54,1.1102230246251568e-16
20,55,7.37861321943021e-16
20,56,3.2494477869482765e-16
20,57,9.503371892628894e-16
20,58,1.11022302462516e-16
20,59,7.161866324073148e-16
20,60,1.2344922282933882e-15
20,61,1.0020961091846718e-15
20,62,9.470351513815345e-16
20,63,4.284169974453669e-16
20,64,2.2377260456559083e-16
20,65,8.622116668970977e-16
20,66,1.2449813781441037e-29
20,67,3.650675994272789e-16
20,68,1.032112361308051e-15
20,69,2.563064942860738e-16
20,70,8.281519729243209e-16
20,71,6.423257291564439e-16
20,72,2.797660178691088e-16
20,73,6.220670977282157e-16
20,74,4.827396019292943e-16
20,75,5.5250329970542e-16
20,76,3.2511258830870687e-16
20,77,3.068855268612718e-16
20,78,8.475966124903102e-16
20,79,4.443059973708384e-16
20,80,6.56208553806796e-16
20,81,1.8078667287290536e-16
20,82,7.054930778827137e-16
20,83,4.0334254389485175e-30
20,84,1.1513708499832273e-30
20,85,5.681848351794597e-16
20,86,5.214922850057388e-16
20,87,4.76730291149876e-16
20,88,4.1579932180271327e-16
20,89,3.330669073875471e-16
20,90,5.41233724504766e-16
20,91,5.275948425131036e-16
20,92,1.1443916996305594e-16
20,93,6.771823659995536e-16
20,94,1.082145801544292e-15
20,95,3.882061541865367e-16
20,96,9.268035148815024e-16
20,97,1.671106944322081e-16
20,98,6.27500101298771e-16
20,99,6.881934665841617e-16
20,100,9.634823471110651e-16
20,101,3.780354119933657e-16
20,102,2.130413054124287e-30
20,103,2.9893669801409117e-16
20,104,2.7626390443524355e-16
20,105,3.210609506910414e-16
20,106,3.7383190285153437e-16
20,107,8.657782246947048e-16
20,108,3.0436364816617895e-16
20,109,7.184573824960168e-16
20,110,9.201821015700345e-16
20,111,6.086086398945335e-16
20,112,1.0302705669114945e-30
20,113,3.483988156481083e-16
20,114,2.776045409666985e-16
20,115,1.1684569900411864e-15
20,116,7.667791734488906e-16
20,117,6.255789036560344e-16
20,118,3.34221388864417e-16
20,119,1.428896859037675e-15
20,120,7.586187317360008e-16
20,121,4.1540741810552357e-16
20,122,6.372553380209528e-16
20,123,6.379815940333447e-16
20,124,7.763209336104102e-32
20,125,2.423651445728338e-16
20,126,6.925632280543262e-16
20,127,4.417520250265244e-16
20,128,2.5438405243137764e-16
20,129,5.550603915203289e-16
20,130,7.947457218028561e-16
20,131,4.850561061328305e-16
20,132,2.818592028051834e-16
20,133,3.0562657329293357e-16
20,134,1.1565687633989585e-15
20,135,2.6367796834847507e-16
20,136,7.285508168090451e-16
20,137,2.355138688025643e-16
20,138,7.473739573472617e-16
20,139,2.237726045655913e-16
20,140,3.9813625483148563e-16
20,141,6.817816375815615e-16
20,142,3.7238113313145347e-16
20,143,5.890124258456334e-16
20,144,1.5700924586837574e-16
20,145,9.945882402712666e-16
20,146,7.65170381261101e-16
20,147,1.0363720643960143e-15
20,148,5.4782116934647635e-16
20,149,9.16053188196891e-16
21,22,1.1749607165959504e-30
21,23,9.525959524170961e-31
21,24,3.1402130415840655e-30
21,25,1.1435190324000093e-30
21,26,1.1455028137706827e-30
21,27,1.8264459531659207e-30
21,28,8.094596845628218e-31
21,29,2.8550469400864362e-30
21,30,1.627032576632757e-30
21,31,4.631539884884927e-30
21,32,1.1106374001309175e-30
21,33,3.4650083122833855e-30
21,34,1.9288819908260608e-31
21,35,3.747561895367795e-30
21,36,1.7811262145931642e-30
21,37,6.435702285216768e-30
21,38,2.9703785581289547e-30
21,39,1.9507684133686305e-30
21,40,2.3713998540753456e-30
21,41,2.464545454079647e-30
21,42,3.1207553261436305e-30
21,43,2.531635580487929e-30
21,44,2.1319462161963542e-16
21,45,2.4469487051322335e-30
21,46,1.4687096996429926e-30
21,47,2.2038138832170417e-30
21,48,3.688955666249119e-30
21,49,2.5774383137626436e-30
21,50,4.703599325317169e-31
21,51,3.1767708303541533e-16
21,52,2.8647714630327598e-30
21,53,7.956148846457454e-31
21,54,7.757231853533319e-31
21,55,1.2947795077585572e-30
21,56,2.3640935462773397e-30
21,57,2.0787864858587858e-30
21,58,7.8644966866228235e-31
21,59,7.642666643865807e-31
21,60,1.7829023882615348e-30
21,61,1.452357084544497e-30
21,62,4.07984687081361e-16
21,63,2.047072134862527e-30
21,64,1.1254178287608236e-30
21,65,3.787342616428679e-30
21,66,2.5482235634497697e-30
21,67,2.3291846465438927e-30
21,68,1.5250713416886216e-30
21,69,1.6687845573279673e-30
21,70,9.550113038928204e-31
21,71,2.6666898061647144e-30
21,72,5.2338631414828405e-30
21,73,2.341707616761828e-30
21,74,1.949142967632352e-30
21,75,8.401851338988189e-30
21,76,1.1586419095793877e-30
21,77,1.4094645223505897e-30
21,78,6.299356019437898e-30
21,79,2.9718387285884783e-30
21,80,3.482777587832504e-30
21,81,2.0642384327617855e-30
21,82,2.7099181807645813e-30
21,83,9.9372234340368e-31
21,84,6.717233769250621e-31
21,85,8.051657801377252e-31
21,86,4.253523285445339e-30
21,87,2.436382830075834e-30
21,88,3.754079186786249e-30
21,89,2.568605277388311e-30
21,90,3.620705451547683e-30
21,91,7.790434350695907e-16
21,92,1.7399031628201902e-30
21,93,2.64228577220308e-30
21,94,2.5070913837884028e-30
21,95,2.30535687434831e-30
21,96,1.870984714415232e-30
21,97,2.414716410904009e-30
21,98,3.452534625137385e-30
21,99,1.3591692290958888e-30
21,100,1.609894774420066e-30
21,101,2.2045325157119546e-30
21,102,1.0174722538148626e-30
21,103,2.09081422434992e-30
21,104,1.9814884548931148e-30
21,105,4.5899076652235156e-30
21,106,2.0318921115687775e-30
21,107,2.503952174709669e-30
21,108,2.5993124363256877e-30
21,109,1.9987615408027453e-30
21,110,4.820421691179555e-30
21,111,1.2103222818625914e-30
21,112,2.383327217465851e-31
21,113,2.0139804806458223e-30
21,114,1.4895807253278202e-30
21,115,2.3452138703065775e-30
21,116,3.312759370132607e-30
21,117,2.356953378957378e-30
21,118,1.711791374662716e-30
21,119,1.6700275454893269e-16
21,120,3.345105111730915e-16
21,121,1.3308506047348461e-30
21,122,1.6617238243574947e-30
21,123,1.8346236666095217e-30
21,124,1.928077659260682e-31
21,125,1.8266809001979525e-30
21,126,2.6733710107505305e-30
21,127,2.185865540450428e-30
21,128,2.0650125563585907e-30
21,129,3.5832572499567196e-30
21,130,4.117329255229223e-30
21,131,1.1744335322093124e-30
21,132,8.960933338964867e-31
21,133,2.3128145764790315e-30
21,134,1.477340417823178e-30
21,135,1.6914486967796278e-30
21,136,2.572949743742868e-30
21,137,2.4544910521681536e-30
21,138,4.650987440692339e-30
21,139,1.1188191856743992e-30
21,140,4.8784489549857326e-30
21,141,2.873075807516184e-30
21,142,7.892127112532407e-31
21,143,3.479797716442921e-30
21,144,1.3475680401833418e-30
21,145,2.7404553995119275e-30
21,146,1.2373336628127158e-30
21,147,1.4504227608465968e-30
21,148,1.3072339837654146e-30
21,149,9.429859329933289e-31
22,23,4.019795342552522e-31
22,24,1.2273129030089436e-30
22,25,9.563467123858765e-31
22,26,9.214376196283928e-31
22,27,7.392417833621828e-31
22,28,8.623979249434927e-31
22,29,2.5517720174846346e-30
22,30,5.577976875730315e-31
22,31,1.733306601935529e-30
22,32,4.8105569335734664e-31
22,33,2.5101057349580065e-30
22,34,5.505869512686891e-32
22,35,2.6897301470614233e-30
22,36,1.3524521215072985e-30
22,37,2.713976670037635e-30
22,38,2.498518780476423e-30
22,39,9.193024224528885e-31
22,40,1.422260753846649e-30
22,41,1.0268876878565068e-30
22,42,2.8285626435867645e-30
22,43,2.0778773870078235e-30
22,44,5.25180713771174e-16
22,45,2.3296697199904693e-30
22,46,1.4072411794762294e-30
22,47,6.292813325671584e-31
22,48,2.1778687890122484e-30
22,49,1.748222765512354e-30
22,50,6.388913486045664e-31
22,51,6.560530263923218e-16
22,52,2.578875027789928e-30
22,53,3.726056134921757e-31
22,54,6.96995947254009e-31
22,55,1.6433367149025148e-30
22,56,9.932021932211822e-31
22,57,1.0487369912786652e-30
22,58,4.972385281392169e-31
22,59,5.698841715551213e-31
22,60,8.204857892432796e-31
22,61,2.003413049254145e-30
22,62,1.5222943892476865e-30
22,63,7.96041229309917e-31
22,64,9.909300675065242e-31
22,65,1.0985917852077905e-30
22,66,3.39518649757269e-30
22,67,1.7459176954473282e-30
22,68,1.7735734325058687e-30
22,69,2.3350380251666375e-30
22,70,8.28550087252863e-31
22,71,1.120485635055471e-30
22,72,1.3138236074724376e-30
22,73,1.5420573477785285e-30
22,74,2.3142887666775036e-30
22,75,2.4466454668155522e-30
22,76,1.0931890030276032e-30
22,77,1.6472781817020883e-30
22,78,1.710121026808253e-30
22,79,2.4082670452395295e-30
22,80,1.885106399706298e-30
22,81,5.71452373472064e-31
22,82,2.6222366485490362e-30
22,83,1.067631898984645e-30
22,84,2.914762938923505e-31
22,85,9.892121279222599e-31
22,86,1.0400591008883877e-30
22,87,1.5632783736623697e-30
22,88,9.823558273871794e-31
22,89,6.975743345238698e-31
22,90,1.9304009144165888e-30
22,91,4.768482687085722e-16
22,92,1.1575646951338276e-30
22,93,1.0746610385056791e-30
22,94,2.637570852473622e-30
22,95,1.847062173638121e-30
22,96,1.087444126459351e-30
22,97,1.1921194492832021e-30
22,98,3.0835858982295156e-30
22,99,6.535166781778592e-31
22,100,1.0980196590569643e-30
22,101,1.269040951711566e-30
22,102,5.202411479626987e-31
22,103,9.975931849016241e-31
22,104,1.8945669377428317e-30
22,105,1.1846885436911431e-30
22,106,1.697727089394683e-30
22,107,1.5236068085245723e-30
22,108,2.5757775208100805e-30
22,109,1.6826047739589668e-30
22,110,1.4815904669080366e-30
22,111,8.05000521940798e-31
22,112,2.726310917495139e-31
22,113,1.598242239472556e-30
22,114,1.2624322240563276e-30
22,115,2.077028659582052e-30
22,116,1.5021117582025113e-30
22,117,6.996262039121171e-31
22,118,1.8046848943184253e-30
22,119,3.330669091797718e-16
22,120,4.034827475993117e-16
22,121,1.1665594508510241e-30
22,122,9.991181223195705e-31
22,123,1.7350287967214203e-30
22,124,5.503573599994993e-32
22,125,6.863898614859457e-31
22,126,1.0123749331180472e-30
22,127,1.749259159614181e-30
22,128,2.399856795539355e-30
22,129,2.2185486361051903e-30
22,130,1.4034969974168453e-30
22,131,1.3795098071990306e-30
22,132,5.737947667520574e-31
22,133,1.0682318971081585e-30
22,134,1.2158496527970253e-30
22,135,4.570096843412018e-31
22,136,2.2204946178836003e-30
22,137,1.4193283668064337e-30
22,138,1.6157880348342612e-30
22,139,1.4183928475669425e-30
22,140,5.700466916355014e-30
22,141,1.3664174640306904e-30
22,142,8.912226562284937e-31
22,143,2.5058816579537254e-30
22,144,1.60455787213685e-30
22,145,1.0168605041742329e-30
22,146,8.59060019935118e-31
22,147,1.3965803383775429e-30
22,148,7.761138708897648e-31
22,149,1.0299031640027136e-30
23,24,7.7687883432008115e-31
23,25,2.3873581623370495e-31
23,26,2.997828069160983e-31
23,27,3.5001383831886363e-31
23,28,1.8576415108588904e-31
23,29,5.561034226399948e-31
23,30,4.2561645830302995e-31
23,31,1.0193756977169523e-30
23,32,3.1554540425148366e-31
23,33,6.685007901571265e-31
23,34,5.091554397617487e-32
23,35,7.785304114543192e-31
23,36,3.0833624017185036e-31
23,37,1.3513919089110356e-30
23,38,5.540929007858068e-31
23,39,4.970814632377459e-31
23,40,7.304402790142554e-31
23,41,5.446110446687729e-31
23,42,5.992996499963864e-31
23,43,7.34376338351675e-31
23,44,4.8063802980590004e-30
23,45,4.868919026486416e-31
23,46,5.507436715154967e-31
23,47,4.742834736487399e-31
23,48,6.4849556475349665e-31
23,49,6.525542241005424e-31
23,50,2.1640130938805766e-31
23,51,2.786224797932871e-30
23,52,5.782051380688142e-31
23,53,2.0998500058407378e-31
23,54,1.9646694682454772e-31
23,55,4.599142156411828e-31
23,56,5.874107815936947e-31
23,57,6.834897444842586e-31
23,58,1.3974501437983966e-31
23,59,1.8219284053422766e-31
23,60,5.599377147692818e-31
23,61,5.280203123070558e-31
23,62,8.48980805750269e-31
23,63,5.97761805414261e-31
23,64,2.79651865734111e-31
23,65,9.866227789775957e-31
23,66,7.923375384421602e-31
23,67,4.353138435406197e-31
23,68,3.6538661974900974e-31
23,69,6.296096016261666e-31
23,70,2.5180116830367887e-31
23,71,5.040104510272074e-31
23,72,1.285980031014608e-30
23,73,4.2211130639090725e-31
23,74,7.317103521629666e-31
23,75,2.2295697456227897e-30
23,76,3.189104128253712e-31
23,77,5.27681677513895e-31
23,78,1.5970211822521063e-30
23,79,6.369225231515107e-31
23,80,1.0662206385311434e-30
23,81,5.300576255447128e-31
23,82,5.602655207476737e-31
23,83,2.3015207717438324e-31
23,84,1.5683760577616985e-31
23,85,2.3266413235323997e-31
23,86,1.0434957866470909e-30
23,87,4.870413321345557e-31
23,88,8.915843014990843e-31
23,89,6.573440526775471e-31
23,90,7.386008924471721e-31
23,91,9.773542619739278e-31
23,92,3.524595020381003e-31
23,93,7.408605413951157e-31
23,94,5.715506272988235e-31
23,95,5.883593923024077e-31
23,96,4.457173906723876e-31
23,97,7.305458263001765e-31
23,98,1.1444385583779822e-30
23,99,3.2442007974637213e-31
23,100,2.971138860149536e-31
23,101,4.238641464302829e-31
23,102,1.9166654340834083e-31
23,103,6.525433926728586e-31
23,104,4.199754561466469e-31
23,105,1.1557457106118537e-30
23,106,6.752423443318543e-31
23,107,4.201819836191181e-31
23,108,9.382437094397518e-31
23,109,3.624678255555111e-31
23,110,1.2951975204480101e-30
23,111,3.060219054295674e-31
23,112,5.814139762243841e-32
23,113,4.985824913813996e-31
23,114,3.7079216445552893e-31
23,115,5.0251533918665505e-31
23,116,8.0319263599699e-31
23,117,5.623822183075213e-31
23,118,3.8294596556279613e-31
23,119,1.2269804618506973e-30
23,120,6.985126566727133e-31
23,121,2.5281378679257994e-31
23,122,3.977892526923892e-31
23,123,3.681733351818117e-31
23,124,5.089431251702742e-32
23,125,5.051425637552208e-31
23,126,5.774262817517299e-31
23,127,4.325278399352266e-31
23,128,5.2207435510673684e-31
23,129,8.646328516627107e-31
23,130,9.464562055138453e-31
23,131,3.6393928970264913e-31
23,132,1.9872893085287157e-31
23,133,6.663543626239011e-31
23,134,3.6462589579358836e-31
23,135,4.089872443166153e-31
23,136,4.613392844188643e-31
23,137,4.97973376479002e-31
23,138,1.023398944294844e-30
23,139,3.5175248465870517e-31
23,140,1.2350269453219866e-30
23,141,7.987041235296273e-31
23,142,1.8813764451035897e-31
23,143,7.674005633761826e-31
23,144,3.456316697531516e-31
23,145,6.654883393568507e-31
23,146,1.8780036746348891e-31
23,147,4.1561614304858755e-31
23,148,3.6671400116406928e-31
23,149,2.4258363156837605e-31
24,25,8.324254700702886e-31
24,26,1.130499048500948e-30
24,27,1.3378785375608675e-30
24,28,6.811887223297458e-31
24,29,2.2677164589995054e-30
24,30,1.2599191553161617e-30
24,31,3.447667995448362e-30
24,32,8.624237472057145e-31
24,33,2.5183439380716436e-30
24,34,1.570172235563416e-31
24,35,2.6996281227947744e-30
24,36,1.323262809554304e-30
24,37,4.7046256977116415e-30
24,38,2.293916142475059e-30
24,39,1.4816988151719205e-30
24,40,2.1453447678873214e-30
24,41,1.8377822500996127e-30
24,42,2.4184399532957752e-30
24,43,1.8954807359232378e-30
24,44,1.1527756336891462e-16
24,45,1.9586982158092203e-30
24,46,1.520046154791288e-30
24,47,1.6519423467690596e-30
24,48,2.6718107133389187e-30
24,49,1.7659192024553916e-30
24,50,5.122992438219816e-31
24,51,8.546961219429796e-30
24,52,2.1970720827294985e-30
24,53,6.653929376776526e-31
24,54,6.033793317053806e-31
24,55,1.4864171937405258e-30
24,56,1.9363132811456608e-30
24,57,1.7233727080006082e-30
24,58,5.738361739621035e-31
24,59,6.741293821504289e-31
24,60,1.3246820077098954e-30
24,61,1.6990292348269946e-30
24,62,2.2204963299451334e-30
24,63,1.7129680915170292e-30
24,64,9.084080540606473e-31
24,65,2.9641838999514704e-30
24,66,2.678670362680971e-30
24,67,1.7472435541312262e-30
24,68,1.4588666759371084e-30
24,69,1.975659267203983e-30
24,70,7.543739718826495e-31
24,71,1.9908557539627128e-30
24,72,4.0629730116966895e-30
24,73,1.7002114743290798e-30
24,74,2.1963924848609992e-30
24,75,6.780972138716271e-30
24,76,9.689300840564085e-31
24,77,1.566409746056326e-30
24,78,5.109562787734214e-30
24,79,2.1587448214971867e-30
24,80,3.1046286391749546e-30
24,81,1.6431904209443647e-30
24,82,2.162952562389575e-30
24,83,8.571362816000856e-31
24,84,5.089156743342412e-31
24,85,8.213962683665283e-31
24,86,3.3819151714265666e-30
24,87,1.7426253067225184e-30
24,88,2.9162103251064024e-30
24,89,2.0835694659317284e-30
24,90,2.6085263833928162e-30
24,91,2.857234833546917e-30
24,92,1.2621124656481406e-30
24,93,2.1631987913948453e-30
24,94,2.0345459710432124e-30
24,95,1.6980385235626886e-30
24,96,1.4194821950585076e-30
24,97,2.1686270954332293e-30
24,98,3.346416549805285e-30
24,99,1.1132193921615956e-30
24,100,1.2024940545104964e-30
24,101,1.616312394814811e-30
24,102,7.385067475258218e-31
24,103,1.847410508149129e-30
24,104,1.4871560451569802e-30
24,105,3.695404749339216e-30
24,106,1.9585088320929492e-30
24,107,1.8087325007296158e-30
24,108,2.6956637890230798e-30
24,109,1.5150867536252805e-30
24,110,3.791918790514505e-30
24,111,8.701116811655416e-31
24,112,2.1835119796204446e-31
24,113,1.4757382814334747e-30
24,114,1.1960218289052023e-30
24,115,1.8195702548860394e-30
24,116,2.5761915895935662e-30
24,117,1.9641736463168964e-30
24,118,1.4701920749436086e-30
24,119,3.704335901369363e-30
24,120,2.2908878833486532e-30
24,121,1.0367671253141857e-30
24,122,1.193767353143136e-30
24,123,1.4506973808027937e-30
24,124,1.5695174836925644e-31
24,125,1.4355737613313976e-30
24,126,2.0141555261357984e-30
24,127,1.60617280264275e-30
24,128,1.9509302226230253e-30
24,129,2.8261109091485783e-30
24,130,3.063718682172424e-30
24,131,1.171327039943526e-30
24,132,6.581790462898933e-31
24,133,1.9783835443708373e-30
24,134,1.444189664368534e-30
24,135,1.3934256427331922e-30
24,136,1.950952614175898e-30
24,137,1.7826154547002963e-30
24,138,3.471174380659401e-30
24,139,1.0722799597599352e-30
24,140,4.4829433097898195e-30
24,141,2.3306693017416713e-30
24,142,7.249168488556696e-31
24,143,2.5849764710536886e-30
24,144,1.2828925767239696e-30
24,145,2.290599480621831e-30
24,146,8.996049951178453e-31
24,147,1.0623007778656282e-30
24,148,9.749953930151814e-31
24,149,8.514158085124179e-31
25,26,5.126912340843996e-31
25,27,6.733981277110587e-31
25,28,6.134686368990537e-31
25,29,1.6922156860622666e-30
25,30,3.933874541138172e-31
25,31,1.4587153632677008e-30
25,32,2.5186414268851456e-31
25,33,1.678909529280045e-30
25,34,4.575927273564753e-32
25,35,1.8121793517015672e-30
25,36,9.923469925641306e-31
25,37,2.1787752373286823e-30
25,38,1.736692595126497e-30
25,39,5.697595758609618e-31
25,40,8.273610842712035e-31
25,41,8.344636143911616e-31
25,42,1.8654760660125602e-30
25,43,1.2950801097049642e-30
25,44,1.1443916996305746e-16
25,45,1.5843685263244524e-30
25,46,7.379775233801693e-31
25,47,6.543482123485827e-31
25,48,1.7206822538465397e-30
25,49,1.0806954678972055e-30
25,50,4.266386902921317e-31
25,51,2.629494616387773e-30
25,52,1.831047665764634e-30
25,53,2.287743034817796e-31
25,54,4.410449875241627e-31
25,55,9.528150002441793e-31
25,56,6.462148500339096e-31
25,57,6.491541249887111e-31
25,58,3.779512901830111e-31
25,59,3.480750871813297e-31
25,60,5.1566401893408764e-31
25,61,1.1728840060675946e-30
25,62,8.6628681876851e-31
25,63,5.128742016453532e-31
25,64,6.968251246902314e-31
25,65,8.937644622757939e-31
25,66,2.1159744144028845e-30
25,67,1.2140348877921723e-30
25,68,9.87199710926996e-31
25,69,1.3984837204583273e-30
25,70,4.158086362901382e-31
25,71,1.0042884447535557e-30
25,72,1.2930603791940765e-30
25,73,1.0958680760025267e-30
25,74,1.3284640817117315e-30
25,75,1.9824192029550762e-30
25,76,6.988497158998176e-31
25,77,1.0155329569471194e-30
25,78,1.5187606034266358e-30
25,79,1.6859708904579705e-30
25,80,1.0667305178704653e-30
25,81,4.927370792266907e-31
25,82,1.7696194714693857e-30
25,83,6.925094742190424e-31
25,84,2.159860173563857e-31
25,85,6.105817771140829e-31
25,86,1.0453430686751009e-30
25,87,1.055130748462237e-30
25,88,9.708580843039022e-31
25,89,6.16604554743153e-31
25,90,1.4497330974915655e-30
25,91,2.101990390929678e-30
25,92,8.07061473438772e-31
25,93,6.314679112213235e-31
25,94,1.6618407626587366e-30
25,95,1.2009937264968142e-30
25,96,7.816569001019219e-31
25,97,7.082431949358388e-31
25,98,1.8271374483156605e-30
25,99,3.789392307717799e-31
25,100,8.969793559040984e-31
25,101,9.738387220067317e-31
25,102,4.16122606961305e-31
25,103,6.110253218960139e-31
25,104,1.1863787026683745e-30
25,105,1.1047276055000631e-30
25,106,9.79753689319132e-31
25,107,1.2608565785757451e-30
25,108,1.522995016973484e-30
25,109,1.2670797479559272e-30
25,110,1.1348064357576055e-30
25,111,4.924095627788693e-31
25,112,1.7672272721923442e-31
25,113,9.432053159326574e-31
25,114,7.467914127272451e-31
25,115,1.3099368297925336e-30
25,116,9.451569448533935e-31
25,117,6.0354422454442625e-31
25,118,1.192806549054581e-30
25,119,3.183732155058444e-30
25,120,1.7660562188883853e-30
25,121,8.602045229575338e-31
25,122,6.303847202683485e-31
25,123,1.1975781507826072e-30
25,124,4.5740191408928157e-32
25,125,4.293825482245572e-31
25,126,9.34374742001916e-31
25,127,1.1188866166352306e-30
25,128,1.5300099779092392e-30
25,129,1.4564816406480345e-30
25,130,1.1529991111542354e-30
25,131,8.929969134035284e-31
25,132,3.750944903387389e-31
25,133,6.110938275264352e-31
25,134,6.308028695518079e-31
25,135,4.244393940363521e-31
25,136,1.6191564569116252e-30
25,137,9.758597027359643e-31
25,138,1.4079554660152163e-30
25,139,8.751102799388878e-31
25,140,3.590351327690443e-30
25,141,8.020754565229897e-31
25,142,5.6984461311461465e-31
25,143,1.5609422806822061e-30
25,144,1.0093656653441947e-30
25,145,7.393384257747953e-31
25,146,7.272015368552446e-31
25,147,9.594733387654471e-31
25,148,4.556050894454377e-31
25,149,7.219293610648943e-31
26,27,5.204270784080578e-31
26,28,4.435990245793502e-31
26,29,1.479907501681659e-30
26,30,4.724848801597826e-31
26,31,1.2015097396824046e-30
26,32,4.053106826420432e-31
26,33,1.5316645495757467e-30
26,34,6.182631519649323e-32
26,35,1.4415079885147884e-30
26,36,7.060445435992612e-31
26,37,1.6919073171749293e-30
26,38,1.4667264743856576e-30
26,39,6.658054501131974e-31
26,40,1.1984588162936624e-30
26,41,6.531579427247655e-31
26,42,1.686103300790986e-30
26,43,1.2252302638821464e-30
26,44,1.7554167342884142e-16
26,45,1.2447021677686284e-30
26,46,8.874304996256734e-31
26,47,5.95591930978726e-31
26,48,1.2103632352693402e-30
26,49,9.951938391779246e-31
26,50,3.213889147904577e-31
26,51,1.2494826774184987e-16
26,52,1.4407740522148228e-30
26,53,3.7086942962420052e-31
26,54,4.352191648327507e-31
26,55,1.203278661955282e-30
26,56,8.296691379634208e-31
26,57,7.376894378931022e-31
26,58,2.764112366860243e-31
26,59,5.590810708902904e-31
26,60,5.142108234326376e-31
26,61,1.3968467136784055e-30
26,62,9.78988011388288e-31
26,63,6.992868087405044e-31
26,64,7.264997822967993e-31
26,65,1.0768615658738176e-30
26,66,2.0286778723203844e-30
26,67,9.829802895023813e-31
26,68,1.2758966598332731e-30
26,69,1.5042512299977324e-30
26,70,7.856204208970065e-31
26,71,7.966423616933391e-31
26,72,1.456647037619833e-30
26,73,9.262834079346193e-31
26,74,1.606665626283254e-30
26,75,2.5617110949124966e-30
26,76,6.897805493236474e-31
26,77,1.1412160172502749e-30
26,78,2.1399751448791447e-30
26,79,1.2562611122368088e-30
26,80,1.5669175148721203e-30
26,81,6.169702177882608e-31
26,82,1.5373745349799739e-30
26,83,6.18134530468035e-31
26,84,1.8492997520882969e-31
26,85,7.053306715214353e-31
26,86,1.3324977027436509e-30
26,87,9.57507971442874e-31
26,88,1.0822016689422007e-30
26,89,8.600693689336e-31
26,90,1.0285767261409408e-30
26,91,2.0469673412649773e-30
26,92,6.500813480414309e-31
26,93,9.018423262037126e-31
26,94,1.4443869778677093e-30
26,95,1.1010007670421778e-30
26,96,7.235759620596822e-31
26,97,1.0671075169919707e-30
26,98,2.2401805231577004e-30
26,99,6.268838917326828e-31
26,100,8.601750408040281e-31
26,101,7.4503209050303e-31
26,102,3.1186211774573116e-31
26,103,8.256055571427563e-31
26,104,1.0203401628789973e-30
26,105,1.4876249104946372e-30
26,106,1.1933405197597144e-30
26,107,8.314025925193012e-31
26,108,1.794994087981232e-30
26,109,8.97288018316499e-31
26,110,1.3489637516574055e-30
26,111,6.047762654868195e-31
26,112,1.5727667970078801e-31
26,113,9.420137313702089e-31
26,114,8.735891811775274e-31
26,115,1.275316474054349e-30
26,116,1.035418760550709e-30
26,117,1.0045864032426434e-30
26,118,1.0261844799228556e-30
26,119,2.644274487894091e-30
26,120,1.898758657938549e-30
26,121,6.411312346273328e-31
26,122,8.210691063734869e-31
26,123,9.978642696679632e-31
26,124,6.180053401489678e-32
26,125,4.869651346525774e-31
26,126,7.987116067293957e-31
26,127,1.0562313671455358e-30
26,128,1.4859227607585929e-30
26,129,1.5132025701726829e-30
26,130,1.0704198832228872e-30
26,131,9.237270277766738e-31
26,132,2.6681258422363293e-31
26,133,9.13179851658574e-31
26,134,1.2275638131149235e-30
26,135,6.4273390608359845e-31
26,136,1.0743613308612716e-30
26,137,7.602137975888279e-31
26,138,1.1955373422065617e-30
26,139,7.822991348412395e-31
26,140,3.3305453813285505e-30
26,141,1.0982703586654959e-30
26,142,5.534706257206211e-31
26,143,1.6171226793816464e-30
26,144,9.687975553252855e-31
26,145,1.1745316184837464e-30
26,146,5.790822638723666e-31
26,147,8.500008251013739e-31
26,148,3.6228818709353084e-31
26,149,7.476879062452731e-31
27,28,5.449253508886081e-31
27,29,1.694935867339003e-30
27,30,6.792114295963829e-31
27,31,2.1525466392426595e-30
27,32,4.362088318312364e-31
27,33,1.8514646088714605e-30
27,34,7.508395773996729e-32
27,35,1.9735582228981857e-30
27,36,1.0579850444219336e-30
27,37,3.072936873729153e-30
27,38,1.7683086720980688e-30
27,39,8.27817112575126e-31
27,40,8.478518591367457e-31
27,41,1.1757998138173873e-30
27,42,1.8041160905569262e-30
27,43,1.226343731638173e-30
27,44,1.1102230246251426e-16
27,45,1.5273678219013901e-30
27,46,5.296569384474195e-31
27,47,1.0197682043012686e-30
27,48,2.035332091275621e-30
27,49,1.1319684443290311e-30
27,50,2.7870104930482294e-31
27,51,3.240894678730993e-30
27,52,1.7330231374871603e-30
27,53,3.6506207613018206e-31
27,54,4.229200002265253e-31
27,55,7.487709677729098e-31
27,56,9.562767803199633e-31
27,57,6.947977639536423e-31
27,58,4.365868197656313e-31
27,59,3.9134555873982015e-31
27,60,6.898020479449508e-31
27,61,8.529694151022316e-31
27,62,8.152092325574339e-31
27,63,7.411359241762104e-31
27,64,6.6528034575401105e-31
27,65,1.5323886812267999e-30
27,66,1.6214088032465685e-30
27,67,1.3009338952756929e-30
27,68,8.295932910030687e-31
27,69,1.0090091170682951e-30
27,70,4.260375326798627e-31
27,71,1.3536714500814383e-30
27,72,2.1815443109297203e-30
27,73,1.270790045132473e-30
27,74,9.115145660273545e-31
27,75,3.24690652396379e-30
27,76,6.490670651448764e-31
27,77,7.482036811394112e-31
27,78,2.5696672613508157e-30
27,79,1.693819425239315e-30
27,80,1.2575193008851925e-30
27,81,8.182323898631057e-31
27,82,1.674711851847943e-30
27,83,6.183127089840124e-31
27,84,3.063981186874164e-31
27,85,4.919195167669841e-31
27,86,1.7818056995089183e-30
27,87,1.2655959388271677e-30
27,88,1.6090966298997517e-30
27,89,1.04229810137764e-30
27,90,1.8499810662400567e-30
27,91,1.4612308841913071e-30
27,92,9.12486248090049e-31
27,93,1.042716705550914e-30
27,94,1.4899296194939464e-30
27,95,1.1862946667361336e-30
27,96,9.371084857150894e-31
27,97,8.443243093889035e-31
27,98,1.4451759021910797e-30
27,99,5.714160510157359e-31
27,100,9.780124642980386e-31
27,101,1.18825083833172e-30
27,102,5.302401684252152e-31
27,103,6.684026053746122e-31
27,104,1.1361259893079628e-30
27,105,1.88440573072499e-30
27,106,7.570550960376385e-31
27,107,1.4435177247572861e-30
27,108,1.0316228945164349e-30
27,109,1.2771403835166303e-30
27,110,1.8820802489156846e-30
27,111,5.609454568177907e-31
27,112,1.5208945732256022e-31
27,113,9.62072508907906e-31
27,114,7.378101055184979e-31
27,115,1.2897683717159584e-30
27,116,1.3868651243066481e-30
27,117,1.0714572760888876e-30
27,118,1.0728667726619393e-30
27,119,2.434207106169707e-30
27,120,1.741171683618887e-30
27,121,8.406097032821468e-31
27,122,7.746817116794312e-31
27,123,1.1531604550128912e-30
27,124,7.505264820545398e-32
27,125,7.1233213416870555e-31
27,126,1.294299519681957e-30
27,127,1.1818808641416281e-30
27,128,1.3040644535298103e-30
27,129,1.744190786685142e-30
27,130,1.8242892247440877e-30
27,131,7.571939052843202e-31
27,132,4.543110693745255e-31
27,133,8.636037392528929e-31
27,134,7.153381104459576e-31
27,135,7.221194146731402e-31
27,136,1.611773522405916e-30
27,137,1.2259570744776237e-30
27,138,2.1358410083061017e-30
27,139,7.196593486256138e-31
27,140,3.0626086810923746e-30
27,141,1.1151661618153581e-30
27,142,4.9907022632870235e-31
27,143,1.761978322055283e-30
27,144,8.513873324762642e-31
27,145,1.2339565680822871e-30
27,146,7.8707597970064045e-31
27,147,8.65358874692913e-31
27,148,5.5713313753761275e-31
27,149,6.386149701398273e-31
28,29,1.4933921365997338e-30
28,30,3.190906493006192e-31
28,31,1.1162186259066506e-30
28,32,2.0424303019667774e-31
28,33,1.465896584154009e-30
28,34,5.5465785134118225e-33
28,35,1.614566954934204e-30
28,36,8.849746446073217e-31
28,37,1.6482706071505692e-30
28,38,1.5356728128672606e-30
28,39,4.8358785138419005e-31
28,40,6.633189813155821e-31
28,41,6.883814093059214e-31
28,42,1.658387339054698e-30
28,43,1.164833958949161e-30
28,44,6.113372207184051e-30
28,45,1.4222234247979026e-30
28,46,5.951736640621663e-31
28,47,4.296750734878664e-31
28,48,1.4917015860412723e-30
28,49,9.742886349831661e-31
28,50,3.941330440055974e-31
28,51,9.44869609593153e-31
28,52,1.6511373589245274e-30
28,53,2.2825582152693476e-31
28,54,3.960634862849242e-31
28,55,8.383984852891644e-31
28,56,5.315382253473852e-31
28,57,4.670626722330112e-31
28,58,3.262494444031646e-31
28,59,3.392331522441824e-31
28,60,5.354599906299859e-31
28,61,1.0394532312229214e-30
28,62,6.965323828984231e-31
28,63,2.7109158060996235e-31
28,64,6.161281943381595e-31
28,65,3.248028326178303e-31
28,66,1.896847274466331e-30
28,67,1.0601450666482415e-30
28,68,8.706960988134628e-31
28,69,1.2417923570811444e-30
28,70,3.623444729879763e-31
28,71,8.263409809351952e-31
28,72,6.574143700737711e-31
28,73,9.609355719303957e-31
28,74,1.1585133159625317e-30
28,75,4.54736373009273e-31
28,76,6.291217705717231e-31
28,77,8.894770191747174e-31
28,78,6.785435088379596e-31
28,79,1.5239038063746601e-30
28,80,7.091070813317748e-31
28,81,1.7787589652091517e-31
28,82,1.5864560603983875e-30
28,83,6.206400233021922e-31
28,84,1.8070088309696995e-31
28,85,5.454484084191961e-31
28,86,4.433782583871074e-31
28,87,9.124365282916003e-31
28,88,5.430759905758872e-31
28,89,2.6222285199154617e-31
28,90,1.2587415668298472e-30
28,91,1.892895511026905e-30
28,92,7.0772731597341035e-31
28,93,5.288692007464775e-31
28,94,1.509058375023234e-30
28,95,1.0773691122613345e-30
28,96,7.20799512911844e-31
28,97,4.201269628988826e-31
28,98,1.5850014248070377e-30
28,99,2.605970848964194e-31
28,100,7.732026991536989e-31
28,101,8.312563798943e-31
28,102,3.383588136812056e-31
28,103,3.360807028060605e-31
28,104,1.0710673950407517e-30
28,105,3.488201003553649e-31
28,106,8.448768876437961e-31
28,107,1.1190890028618726e-30
28,108,1.3117468120656308e-30
28,109,1.1392856528058054e-30
28,110,6.803188090917345e-31
28,111,4.304525510007004e-31
28,112,1.5844961697583526e-31
28,113,8.457736115629282e-31
28,114,6.634889428328518e-31
28,115,1.164097299745779e-30
28,116,7.324863559752262e-31
28,117,2.36065208885083e-31
28,118,1.0701201816540594e-30
28,119,2.8943997976597873e-30
28,120,1.5594370603472095e-30
28,121,7.734276136560413e-31
28,122,5.358376152476044e-31
28,123,1.0767716707568429e-30
28,124,5.544265625324625e-33
28,125,3.7042219480922927e-31
28,126,7.996849301927945e-31
28,127,9.85340119010533e-31
28,128,1.3635269847611208e-30
28,129,1.2996540259242732e-30
28,130,7.722657456076261e-31
28,131,7.967940801510086e-31
28,132,3.306563575818854e-31
28,133,4.1824665554408785e-31
28,134,5.465463852972129e-31
28,135,2.3496763596821262e-31
28,136,1.4678505987688953e-30
28,137,8.076141494523876e-31
28,138,9.736128660186147e-31
28,139,7.927021613850694e-31
28,140,3.21938324357348e-30
28,141,7.131855628598835e-31
28,142,5.100519894339923e-31
28,143,1.3819357885220921e-30
28,144,9.022249432688756e-31
28,145,6.188986407627807e-31
28,146,6.623899140931383e-31
28,147,8.869828483472324e-31
28,148,4.229302626697804e-31
28,149,6.597580391282139e-31
29,30,1.0099936825843848e-30
29,31,3.881929212488201e-30
29,32,8.331171437714703e-31
29,33,4.741669548273564e-30
29,34,7.182581594277465e-32
29,35,4.7139493776735656e-30
29,36,2.5661883535076384e-30
29,37,6.0080757537054154e-30
29,38,4.6846662681483135e-30
29,39,1.758625385455071e-30
29,40,1.809499542651708e-30
29,41,2.2164321814918933e-30
29,42,4.951283812557625e-30
29,43,3.5251036034137586e-30
29,44,3.6188843062238353e-16
29,45,4.276356217055735e-30
29,46,1.5513562859529823e-30
29,47,1.5752916125511491e-30
29,48,4.4364411179031695e-30
29,49,2.851674162313043e-30
29,50,8.766796365332046e-31
29,51,5.667848928154225e-16
29,52,4.642176518260455e-30
29,53,4.238088134528058e-31
29,54,1.1642539033601355e-30
29,55,2.6529475029964683e-30
29,56,1.6618545702658967e-30
29,57,1.1337846647217239e-30
29,58,1.0038156698758735e-30
29,59,8.527650566044046e-31
29,60,1.2661041906014308e-30
29,61,3.0759545775633568e-30
29,62,1.8352055106554623e-30
29,63,6.674532773406383e-31
29,64,1.7722491030932136e-30
29,65,1.8767978579225802e-30
29,66,5.482679651629179e-30
29,67,3.354388409636265e-30
29,68,2.8903605290756147e-30
29,69,3.590995188405053e-30
29,70,1.5353915705618947e-30
29,71,2.4681018162403065e-30
29,72,2.8573390806859548e-30
29,73,2.8518928969007795e-30
29,74,3.442338032225045e-30
29,75,3.286832294531299e-30
29,76,1.7200005869352428e-30
29,77,2.5653900296102546e-30
29,78,2.7126640046552904e-30
29,79,4.2601574865734396e-30
29,80,1.953928935457727e-30
29,81,9.986540007000513e-31
29,82,4.6410858230246286e-30
29,83,1.8456937311256838e-30
29,84,5.880200878519667e-31
29,85,1.61728293989766e-30
29,86,1.956484672168907e-30
29,87,2.9698542028908354e-30
29,88,2.2047669027001324e-30
29,89,1.0869610930097229e-30
29,90,3.7485944407263835e-30
29,91,3.964896363218185e-16
29,92,2.204998258200042e-30
29,93,1.5257053390788195e-30
29,94,4.33143005297502e-30
29,95,3.23543289887939e-30
29,96,1.8756771436636695e-30
29,97,1.1132203931626293e-30
29,98,4.581999395097905e-30
29,99,1.0019551487538733e-30
29,100,2.360203969669313e-30
29,101,2.6544226173228645e-30
29,102,1.1327256649975818e-30
29,103,7.863536650702592e-31
29,104,3.147997669286028e-30
29,105,1.935680711295477e-30
29,106,2.4190939937988085e-30
29,107,3.109014400290254e-30
29,108,3.657846018553655e-30
29,109,3.1299090756495914e-30
29,110,2.792473951554988e-30
29,111,1.5250487823829427e-30
29,112,4.697060040186138e-31
29,113,2.604590374913333e-30
29,114,2.1298031261530514e-30
29,115,3.799456998498726e-30
29,116,2.6934069481964027e-30
29,117,9.2072212569572e-31
29,118,3.1638227003913705e-30
29,119,5.721958498152648e-17
29,120,6.961064301433535e-16
29,121,2.166933353749137e-30
29,122,1.9532816850226397e-30
29,123,3.146769161697985e-30
29,124,7.179586503274146e-32
29,125,1.2007530459719057e-30
29,126,2.1782679973405998e-30
29,127,3.1731708546575206e-30
29,128,4.130507894836108e-30
29,129,3.7316780438779606e-30
29,130,3.201350907830122e-30
29,131,2.2245877402756086e-30
29,132,1.0184811819791378e-30
29,133,1.1093734183864973e-30
29,134,1.8641500249252156e-30
29,135,7.721139435704855e-31
29,136,3.981341099707012e-30
29,137,2.8079397081131607e-30
29,138,3.7342041165788024e-30
29,139,2.301498288332068e-30
29,140,9.529784965492571e-30
29,141,2.3393346930108776e-30
29,142,1.5486731800679176e-30
29,143,4.344260771845776e-30
29,144,2.7286816489189108e-30
29,145,1.4149009951824642e-30
29,146,1.64045995876657e-30
29,147,2.3312777881982467e-30
29,148,1.2787887659553013e-30
29,149,1.7870384888548214e-30
30,31,1.7685253073134156e-30
30,32,5.4988154859531404e-31
30,33,1.2315318578415893e-30
30,34,8.154425445644478e-32
30,35,1.3627701249106085e-30
30,36,6.528112615473427e-31
30,37,2.3768312983453165e-30
30,38,1.06376969610463e-30
30,39,8.205495224667359e-31
30,40,1.0894109176059323e-30
30,41,9.49886614405205e-31
30,42,1.0973155947636393e-30
30,43,1.1311560594209741e-30
30,44,3.7980541443560546e-16
30,45,8.944007584308206e-31
30,46,8.76027033935067e-31
30,47,8.338341562993246e-31
30,48,1.2579016846083226e-30
30,49,1.2657643361453144e-30
30,50,3.0791351293741055e-31
30,51,3.7367087251761236e-16
30,52,9.64538787086248e-31
30,53,3.81186353471469e-31
30,54,2.9663360488697125e-31
30,55,6.318488924946233e-31
30,56,8.938561881348363e-31
30,57,1.0972519085064325e-30
30,58,2.6989867976837556e-31
30,59,2.837356249210038e-31
30,60,9.334195721076657e-31
30,61,7.145988371651085e-31
30,62,1.200966642904832e-30
30,63,9.180361111238914e-31
30,64,4.033861045998742e-31
30,65,1.6182769410684116e-30
30,66,1.1248747652851144e-30
30,67,8.243331458830649e-31
30,68,7.008525607822463e-31
30,69,8.519223135810387e-31
30,70,4.921244852356223e-31
30,71,9.268905217361556e-31
30,72,2.1342294203345495e-30
30,73,8.181405471482136e-31
30,74,1.0272171552795919e-30
30,75,3.544131276044617e-30
30,76,5.007130045924974e-31
30,77,7.916310986281197e-31
30,78,2.6053271463360776e-30
30,79,1.0410077950445113e-30
30,80,1.7217738581956405e-30
30,81,8.452401148567146e-31
30,82,9.652528036377655e-31
30,83,3.5770618729188163e-31
30,84,2.6233326252287083e-31
30,85,3.254847102127386e-31
30,86,1.7315514001180295e-30
30,87,1.1150927594430442e-30
30,88,1.4631296174906683e-30
30,89,1.0733412499108561e-30
30,90,1.4293744899376861e-30
30,91,3.295791996826257e-16
30,92,6.240757007133871e-31
30,93,1.1571617715263877e-30
30,94,8.429990305473675e-31
30,95,8.77787117556048e-31
30,96,7.967168675755284e-31
30,97,1.1085658528474375e-30
30,98,1.6794839626625847e-30
30,99,4.894727780229494e-31
30,100,6.917500456912746e-31
30,101,8.270340790599994e-31
30,102,3.569645045366047e-31
30,103,9.386399458387762e-31
30,104,6.425911562396875e-31
30,105,1.9138576870121922e-30
30,106,1.0217906996344381e-30
30,107,8.839427762634552e-31
30,108,1.3070453607966859e-30
30,109,8.222788185042568e-31
30,110,2.0310452725571642e-30
30,111,5.094554035772282e-31
30,112,9.078630294994669e-32
30,113,8.49786830699129e-31
30,114,5.6022508977421975e-31
30,115,8.954720900503829e-31
30,116,1.2436986947700344e-30
30,117,1.1104851024425836e-30
30,118,6.190949830297722e-31
30,119,4.652846012452078e-16
30,120,3.673028622326886e-16
30,121,4.745442554929837e-31
30,122,7.257240489090593e-31
30,123,6.339032753703088e-31
30,124,8.151025101914454e-32
30,125,7.900506047811097e-31
30,126,1.001871319171899e-30
30,127,8.640253793174649e-31
30,128,7.910169825506572e-31
30,129,1.4369273665983628e-30
30,130,1.641866247511073e-30
30,131,4.757857411617743e-31
30,132,4.020264785172462e-31
30,133,1.0407529994519745e-30
30,134,6.4682195638939315e-31
30,135,6.852186463168667e-31
30,136,9.74262876777592e-31
30,137,8.840612393307466e-31
30,138,1.73936961789704e-30
30,139,5.490405443583286e-31
30,140,1.9083898037841787e-30
30,141,1.218481127182314e-30
30,142,2.945936999227106e-31
30,143,1.2849041476034026e-30
30,144,5.198039670894411e-31
30,145,1.1283939127855107e-30
30,146,4.602343862552397e-31
30,147,6.472209883193541e-31
30,148,6.811269032337713e-31
30,149,4.183687986702221e-31
31,32,1.2238465463829003e-30
31,33,4.385764278004002e-30
31,34,2.0534077947485505e-31
31,35,4.605967192873977e-30
31,36,2.3185381978228384e-30
31,37,7.703974577106334e-30
31,38,3.9753334568138185e-30
31,39,2.2243397146133678e-30
31,40,2.3895930017473717e-30
31,41,2.8625764790620077e-30
31,42,4.116010020775409e-30
31,43,3.0119676157100163e-30
31,44,3.141394548722932e-16
31,45,3.345409211388628e-30
31,46,1.5003327887924146e-30
31,47,2.531944282709124e-30
31,48,4.590266485675494e-30
31,49,2.7880678571743502e-30
31,50,5.553934543372843e-31
31,51,1.1102230246251473e-16
31,52,3.776937693795566e-30
31,53,8.314617889383202e-31
31,54,9.565237185755792e-31
31,55,1.7156689255691114e-30
31,56,2.6029531950672753e-30
31,57,2.180809392564863e-30
31,58,9.987748510421114e-31
31,59,8.13218556109116e-31
31,60,2.0207749616355487e-30
31,61,1.9520089338494604e-30
31,62,2.8084319670047406e-30
31,63,2.1391723206907748e-30
31,64,1.4176519156254932e-30
31,65,4.160699248345282e-30
31,66,3.545358120791621e-30
31,67,3.05225457947925e-30
31,68,2.0999328129675043e-30
31,69,2.2303268268215047e-30
31,70,1.2537337795440294e-30
31,71,3.1508855046080413e-30
31,72,5.774919770953845e-30
31,73,2.8728020326846256e-30
31,74,2.0857073206791245e-30
31,75,8.991170172898191e-30
31,76,1.3667216105242781e-30
31,77,1.561702629720395e-30
31,78,6.73547639752069e-30
31,79,3.760848606877561e-30
31,80,3.509693074373985e-30
31,81,2.2463436408534136e-30
31,82,3.634978159059702e-30
31,83,1.3731615111718895e-30
31,84,7.709659901536395e-31
31,85,1.1001841283022636e-30
31,86,4.614414924498604e-30
31,87,2.9476544783789552e-30
31,88,4.172039152107e-30
31,89,2.74645279857958e-30
31,90,4.2784274574847285e-30
31,91,3.2535488385054485e-30
31,92,2.166115412761829e-30
31,93,2.859235278422684e-30
31,94,3.414850099070222e-30
31,95,2.8413971776263157e-30
31,96,2.135878375507931e-30
31,97,2.4314449438795736e-30
31,98,3.571829455245118e-30
31,99,1.5297423547984874e-30
31,100,2.059572974118871e-30
31,101,2.7531947313974675e-30
31,102,1.2656696055805104e-30
31,103,2.1228463942948693e-30
31,104,2.597319515353946e-30
31,105,4.935266298938112e-30
31,106,2.01024613907194e-30
31,107,3.109353264997253e-30
31,108,2.5490695623e-30
31,109,2.6441003462981944e-30
31,110,5.323566545285941e-30
31,111,1.4823021069450203e-30
31,112,3.344327993683305e-31
31,113,2.3877931294787278e-30
31,114,1.807858261852347e-30
31,115,3.1220365982162036e-30
31,116,3.784260616800228e-30
31,117,2.4791473792649345e-30
31,118,2.3726061964962293e-30
31,119,5.141482389181231e-30
31,120,4.008114794159508e-30
31,121,1.7830405581759714e-30
31,122,2.031797419173965e-30
31,123,2.473527731610192e-30
31,124,2.0525515367121507e-31
31,125,2.009833640882709e-30
31,126,3.0438728040010034e-30
31,127,2.8084635723350624e-30
31,128,2.8773716459079873e-30
31,129,4.074734863846322e-30
31,130,4.72966531245801e-30
31,131,1.5524192986314509e-30
31,132,1.0958463086723007e-30
31,133,2.3866632786822737e-30
31,134,1.5493564215746262e-30
31,135,1.7992996137429786e-30
31,136,3.421244499719505e-30
31,137,3.04367460073632e-30
31,138,5.4230450512490944e-30
31,139,1.5602103223716557e-30
31,140,6.818043871463486e-30
31,141,3.1729866708599895e-30
31,142,1.1081636167226681e-30
31,143,4.124199082324207e-30
31,144,1.8978256923314133e-30
31,145,2.8879142479229253e-30
31,146,1.5446447735436625e-30
31,147,1.8380207506743098e-30
31,148,1.515887678477952e-30
31,149,1.2797897902991512e-30
32,33,9.102764722734933e-31
32,34,5.790797975575684e-32
32,35,9.13430920907565e-31
32,36,4.38926145294084e-31
32,37,1.6919800938282845e-30
32,38,8.270998731080379e-31
32,39,6.145557335668458e-31
32,40,7.85408725764766e-31
32,41,6.760284431907472e-31
32,42,8.580357325175357e-31
32,43,8.89496812204327e-31
32,44,4.3444434265660755e-16
32,45,6.428532737691932e-31
32,46,7.318877724562351e-31
32,47,5.674297615233801e-31
32,48,8.230833548277457e-31
32,49,8.324488891065697e-31
32,50,2.2384755939015764e-31
32,51,2.35616066190237e-16
32,52,7.284962071602145e-31
32,53,3.095129039076008e-31
32,54,2.256864176167393e-31
32,55,5.842994553912315e-31
32,56,5.624783712539951e-31
32,57,8.427674947956339e-31
32,58,1.802517198393316e-31
32,59,3.0325788806254072e-31
32,60,8.561815195538317e-31
32,61,6.754530781634789e-31
32,62,8.638742028470073e-31
32,63,6.757849399144882e-31
32,64,3.4269366800726574e-31
32,65,1.229611797303461e-30
32,66,9.723822791777386e-31
32,67,6.1462666521674185e-31
32,68,6.885212147334974e-31
32,69,7.511918182472901e-31
32,70,5.661134314025368e-31
32,71,5.420306499035466e-31
32,72,1.4988424337593522e-30
32,73,5.391938783953109e-31
32,74,8.351350903117681e-31
32,75,2.5201601454992982e-30
32,76,3.897832519762434e-31
32,77,5.711918510654994e-31
32,78,1.810504619199864e-30
32,79,7.124146259773164e-31
32,80,1.2855327033884284e-30
32,81,5.946617952055604e-31
32,82,7.395764244780105e-31
32,83,2.9795116797907006e-31
32,84,1.8271162190959446e-31
32,85,3.791124473048041e-31
32,86,1.2012297268504066e-30
32,87,6.6255545291635305e-31
32,88,1.0183317520230352e-30
32,89,7.57160531829701e-31
32,90,1.0718875409539388e-30
32,91,1.1437529399938312e-30
32,92,4.415750477834531e-31
32,93,8.552627949441393e-31
32,94,7.5291287621309215e-31
32,95,6.397119873823909e-31
32,96,5.62365270735367e-31
32,97,8.18432007769201e-31
32,98,1.255845678690473e-30
32,99,4.43963873868391e-31
32,100,6.493494297780613e-31
32,101,5.761253889058337e-31
32,102,2.499518387906257e-31
32,103,6.798907850946407e-31
32,104,5.409591541206723e-31
32,105,1.3632760139843054e-30
32,106,7.575886128962113e-31
32,107,5.256264061217519e-31
32,108,1.047218133207022e-30
32,109,4.638456471604492e-31
32,110,1.524624193029216e-30
32,111,4.594167995989993e-31
32,112,7.612273127555205e-32
32,113,6.045500060366078e-31
32,114,4.26394168468517e-31
32,115,8.612610458006567e-31
32,116,8.627536793858334e-31
32,117,8.523967164900555e-31
32,118,5.062192829616498e-31
32,119,1.3182256044918107e-30
32,120,8.935680561838348e-31
32,121,3.3204998506158652e-31
32,122,6.346979071561396e-31
32,123,4.935437865025327e-31
32,124,5.788383249520571e-32
32,125,5.882179752769039e-31
32,126,6.47710925501075e-31
32,127,6.2263234428992515e-31
32,128,7.184395928927619e-31
32,129,1.0113799594983733e-30
32,130,1.1870629868959744e-30
32,131,4.411362125095387e-31
32,132,3.0840730268897617e-31
32,133,7.796661350707878e-31
32,134,5.946945252974559e-31
32,135,4.649275060057689e-31
32,136,4.9386728879258165e-31
32,137,6.674774904956222e-31
32,138,1.237543882381556e-30
32,139,4.259345378646931e-31
32,140,1.6086914519107307e-30
32,141,8.531529011748358e-31
32,142,2.8536605023657547e-31
32,143,9.822795837303276e-31
32,144,4.714718398495544e-31
32,145,8.182279571858694e-31
32,146,2.6946287338023715e-31
32,147,6.2847664199065785e-31
32,148,5.137486600292374e-31
32,149,3.958440300322701e-31
33,34,1.3415383678890219e-31
33,35,4.8637774667237474e-30
33,36,2.557839220651803e-30
33,37,6.660620346135175e-30
33,38,4.7215886713753844e-30
33,39,1.88050071249475e-30
33,40,1.9664091697004724e-30
33,41,2.400913918464606e-30
33,42,5.111992094884166e-30
33,43,5.059069069863492e-16
33,44,1.2412670766237044e-16
33,45,4.145553932268749e-30
33,46,1.7644244425594336e-30
33,47,1.9382550833037852e-30
33,48,4.583793050731996e-30
33,49,4.3116167346203213e-16
33,50,8.528433290250909e-31
33,51,4.712321323804733e-16
33,52,2.5720751417389386e-16
33,53,5.558306894945192e-31
33,54,1.1586010387913597e-30
33,55,6.432249406044813e-16
33,56,4.478411786963562e-16
33,57,5.499812238459705e-16
33,58,1.0348997358511486e-30
33,59,8.348349309515116e-31
33,60,1.5044946742805662e-30
33,61,3.170166042724781e-30
33,62,1.938257349669552e-30
33,63,1.3891000811794718e-30
33,64,1.7881435533027945e-30
33,65,2.8236466342137583e-30
33,66,5.458943860245649e-30
33,67,3.4301722890526734e-30
33,68,3.032286589014681e-30
33,69,3.606763081423517e-30
33,70,1.5867255124216368e-30
33,71,2.6653360853561543e-30
33,72,4.01687762492421e-30
33,73,2.9461898580514122e-30
33,74,3.4877818609952266e-30
33,75,5.8833274862961515e-30
33,76,1.7383897341544285e-30
33,77,4.755555446411344e-16
33,78,4.453705782794e-30
33,79,4.236258536045615e-30
33,80,2.6621187603688558e-30
33,81,1.5053371475248997e-30
33,82,3.2129871776843023e-16
33,83,1.8397044259656673e-30
33,84,6.36354403483778e-31
33,85,1.667343055594863e-30
33,86,3.097610845866404e-30
33,87,3.0158194555633928e-30
33,88,2.9487554501452085e-30
33,89,1.8113736041360296e-30
33,90,3.892548697525092e-30
33,91,5.168024696056251e-30
33,92,2.2552637436641017e-30
33,93,1.9086387904229644e-30
33,94,4.631939073608548e-16
33,95,1.579271378164991e-16
33,96,1.909708349196029e-30
33,97,1.7799083592884816e-30
33,98,1.7988557600946688e-16
33,99,1.1018644237125315e-30
33,100,2.473828635436719e-30
33,101,2.7337350260937162e-30
33,102,1.2113329590060152e-30
33,103,1.4653287318388827e-30
33,104,1.2869730969111293e-16
33,105,3.267532384042541e-30
33,106,1.932095727447107e-16
33,107,3.1291547301457194e-30
33,108,3.771903675198959e-30
33,109,3.1147655867715174e-30
33,110,5.025910358020115e-16
33,111,1.5766923374952737e-30
33,112,4.677471287245402e-31
33,113,2.634703502882186e-30
33,114,2.1318229654400384e-30
33,115,3.804192364918024e-30
33,116,1.4015895439978696e-16
33,117,1.653123645862741e-30
33,118,3.1549618823536318e-30
33,119,7.626918294569938e-30
33,120,4.881084321250852e-30
33,121,2.1639436767575863e-30
33,122,2.1129447578735155e-30
33,123,3.0900176075628683e-30
33,124,1.3409789548919635e-31
33,125,1.4171905193192699e-30
33,126,5.516966143821997e-16
33,127,3.214187823696148e-30
33,128,4.1377391545859394e-30
33,129,5.904715933806549e-16
33,130,3.760440141866413e-30
33,131,2.2582406114904127e-30
33,132,1.0428758912259003e-30
33,133,1.589556678509099e-30
33,134,2.016491697654255e-30
33,135,1.1961717633176654e-30
33,136,3.940766640329075e-30
33,137,2.9472171239923974e-30
33,138,4.341428031129717e-30
33,139,2.2157430012642703e-30
33,140,3.967324348836605e-16
33,141,2.4491587227049632e-30
33,142,1.5497959674402038e-30
33,143,2.3937455467981615e-16
33,144,2.7238036405496604e-30
33,145,1.9275721304958515e-30
33,146,1.6121672673678015e-30
33,147,3.476216610981316e-18
33,148,1.2901778231989141e-30
33,149,1.7799787821854277e-30
34,35,1.5545269644774411e-31
34,36,5.850670914465047e-32
34,37,2.626498875207258e-31
34,38,7.929679797881804e-32
34,39,9.51848466353893e-32
34,40,1.3313232775319868e-31
34,41,1.1052349282340695e-31
34,42,1.0003081737679605e-31
34,43,1.273587044951999e-31
34,44,7.463910165260167e-31
34,45,6.051397229657155e-32
34,46,8.891841785478707e-32
34,47,9.702549747806067e-32
34,48,1.2922791446282093e-31
34,49,1.169704043370729e-31
34,50,2.7732892567059107e-32
34,51,5.293151487396548e-31
34,52,9.455909876190041e-32
34,53,4.097059729881801e-32
34,54,3.720757979558569e-32
34,55,7.559439161016375e-32
34,56,1.176583045391247e-31
34,57,1.1584915886994577e-31
34,58,2.541761588572531e-32
34,59,3.708464336419471e-32
34,60,9.105515745341688e-32
34,61,6.960900789306705e-32
34,62,1.4615786925283422e-31
34,63,1.1100088084686264e-31
34,64,5.197605768142529e-32
34,65,1.8965953561633852e-31
34,66,5.546578513411822e-32
34,67,6.726298509972087e-32
34,68,4.653530616815898e-32
34,69,8.448367817288915e-32
34,70,4.150679293205795e-32
34,71,1.0900826092825196e-31
34,72,2.548999865234114e-31
34,73,9.282236842943093e-32
34,74,1.1651941065859578e-31
34,75,4.326870087228723e-31
34,76,5.744124116245769e-32
34,77,8.333722680248286e-32
34,78,3.2059466709314025e-31
34,79,1.2207395900525697e-31
34,80,1.9661525565419086e-31
34,81,1.0393592938725302e-31
34,82,4.602761939151745e-16
34,83,2.8544867797948e-32
34,84,3.1376186233736796e-32
34,85,2.710172006127878e-32
34,86,2.110625500329588e-31
34,87,1.0082775479452312e-31
34,88,1.7994318832556438e-31
34,89,1.3125600403428166e-31
34,90,1.515190842915864e-31
34,91,1.2904179281642305e-31
34,92,6.975064553415446e-32
34,93,1.3931792311665846e-31
34,94,8.874051658001683e-32
34,95,1.0824713199259648e-31
34,96,8.736411397099811e-32
34,97,1.3606792656500608e-31
34,98,1.989668951447801e-31
34,99,6.556937940426521e-32
34,100,3.5945937108782556e-32
34,101,8.533006463837632e-32
34,102,3.507964264666429e-32
34,103,1.179218767186973e-31
34,104,8.00374591925826e-32
34,105,2.325437562906836e-31
34,106,1.174282369582541e-31
34,107,8.914518205506484e-32
34,108,1.5495249620239503e-31
34,109,4.562250485978018e-32
34,110,2.4447684019850356e-31
34,111,5.469781398035213e-32
34,112,0.0
34,113,9.449553303135262e-32
34,114,7.323088739276201e-32
34,115,8.28113935626211e-32
34,116,1.5802426314342767e-31
34,117,1.2164596364786402e-31
34,118,3.5515431314051494e-32
34,119,1.2275525618355584e-31
34,120,1.3797636646974144e-31
34,121,2.616315852149885e-32
34,122,7.305919867575975e-32
34,123,4.931449628976505e-32
34,124,9.9794986961018e-33
34,125,9.372938180463449e-32
34,126,1.194656729112847e-31
34,127,8.543351510379889e-32
34,128,3.5079642646664303e-32
34,129,1.7541898594323665e-31
34,130,1.8665699519482985e-31
34,131,5.601769708721567e-32
34,132,3.797482710961407e-32
34,133,1.2604089108446144e-31
34,134,7.731709615914447e-32
34,135,8.564775864043581e-32
34,136,6.282892778747097e-32
34,137,9.314289218150017e-32
34,138,2.038394133696791e-31
34,139,5.100515502559681e-32
34,140,1.2748131172737602e-31
34,141,1.4947860666182967e-31
34,142,5.5465785134118225e-33
34,143,1.5993228543561042e-31
34,144,2.2186314053647287e-32
34,145,1.3952842423344636e-31
34,146,4.187574945848942e-32
34,147,6.668183023386846e-32
34,148,6.380072334813299e-32
34,149,3.1485154885606937e-32
35,36,2.6892192279254172e-30
35,37,6.884735490014586e-30
35,38,4.8728176764179214e-30
35,39,1.8494898592507728e-30
35,40,2.20330011997646e-30
35,41,2.4864146206814336e-30
35,42,5.41877842533027e-30
35,43,3.392529312858815e-30
35,44,5.865971025043362e-16
35,45,4.1775794446813984e-30
35,46,2.128820530344991e-30
35,47,2.0890623060003752e-30
35,48,4.8670943106849786e-30
35,49,3.183221865232981e-30
35,50,1.0508870672226882e-30
35,51,5.881403362073547e-16
35,52,4.91194841890028e-30
35,53,6.383716500637262e-31
35,54,1.208810274361217e-30
35,55,2.6114980481755157e-30
35,56,2.1664858863712322e-30
35,57,1.8349478470242133e-30
35,58,1.0832457774727198e-30
35,59,9.284463609036823e-31
35,60,1.5362209203455924e-30
35,61,3.317513648253375e-30
35,62,2.42408999105e-30
35,63,1.6835269440847984e-30
35,64,1.827663140406167e-30
35,65,3.122666121507462e-30
35,66,5.73263718995108e-30
35,67,3.5300914939776466e-30
35,68,3.1000917976517618e-30
35,69,3.7884610705428666e-30
35,70,1.3468226683302557e-30
35,71,2.920744647732155e-30
35,72,4.461514531968557e-30
35,73,3.1538832709643124e-30
35,74,3.6229437307228394e-30
35,75,6.810018444879882e-30
35,76,1.9074303641453797e-30
35,77,2.593079936929744e-30
35,78,5.095027445753549e-30
35,79,4.5532896306885884e-30
35,80,3.172089073381596e-30
35,81,1.7016503257782453e-30
35,82,4.861693632222049e-30
35,83,1.909993665380784e-30
35,84,6.634661352825989e-31
35,85,1.7247152404885597e-30
35,86,3.4950616811594316e-30
35,87,3.0319118495589873e-30
35,88,3.224796547873204e-30
35,89,2.072395066452404e-30
35,90,4.070934497253876e-30
35,91,5.782389408400824e-16
35,92,2.32105164319291e-30
35,93,2.1605117178002467e-30
35,94,4.754578048502944e-30
35,95,3.2902906370036385e-30
35,96,2.099359988886197e-30
35,97,2.1467740094040998e-30
35,98,4.847482307140977e-30
35,99,1.2151919027993727e-30
35,100,2.4108539406061932e-30
35,101,2.7439590962461416e-30
35,102,1.2535672075940956e-30
35,103,1.8303487836156117e-30
35,104,3.380959643685426e-30
35,105,3.7130961831392214e-30
35,106,2.5009882261718677e-30
35,107,3.3307562758002265e-30
35,108,4.0733145381044185e-30
35,109,3.34285501082652e-30
35,110,4.0417880788396355e-30
35,111,1.4858066886938246e-30
35,112,4.862896453148083e-31
35,113,2.8123056470312996e-30
35,114,2.142425116130683e-30
35,115,3.686281480091163e-30
35,116,3.237217740013165e-30
35,117,1.979732356810849e-30
35,118,3.284253251209433e-30
35,119,8.48605931266107e-30
35,120,4.975046979962945e-30
35,121,2.314063947784388e-30
35,122,2.0351278757041685e-30
35,123,3.196820730860243e-30
35,124,1.5538787365854763e-31
35,125,1.5283913882162696e-30
35,126,2.7421520329222748e-30
35,127,3.233841831621158e-30
35,128,4.2152271426750135e-30
35,129,4.151761164686054e-30
35,130,3.89483694829338e-30
35,131,2.4112244187742286e-30
35,132,1.1019402786271131e-30
35,133,1.912288608623532e-30
35,134,2.0477785177515526e-30
35,135,1.3609301072503587e-30
35,136,4.414529363965977e-30
35,137,2.9982102862476914e-30
35,138,4.531241583515085e-30
35,139,2.2886629891173474e-30
35,140,1.0060580712906568e-29
35,141,2.539403409139965e-30
35,142,1.5823655510902833e-30
35,143,4.479302842093715e-30
35,144,2.7968518872294104e-30
35,145,2.166743449019502e-30
35,146,1.851531286737428e-30
35,147,2.4429334130988786e-30
35,148,1.4195380462728852e-30
35,149,1.852500706945554e-30
36,37,3.498121259550372e-30
36,38,2.6112198750906437e-30
36,39,9.127349528507675e-31
36,40,9.75112749664521e-31
36,41,1.335667802303441e-30
36,42,2.765476069506328e-30
36,43,1.8784506571080037e-30
36,44,4.1748851477261408e-16
36,45,2.3965758684630902e-30
36,46,9.26630046834277e-31
36,47,1.025783589179561e-30
36,48,2.6438570017936018e-30
36,49,1.5726072055806139e-30
36,50,5.601191609352609e-31
36,51,4.89671602276681e-16
36,52,2.661803486704118e-30
36,53,3.690782835073861e-31
36,54,6.37782553054496e-31
36,55,1.3089067431357441e-30
36,56,1.0272702617834769e-30
36,57,6.516847137395173e-31
36,58,5.816736476644848e-31
36,59,5.146356822938616e-31
36,60,7.641860536696908e-31
36,61,1.5902639992703634e-30
36,62,1.0287708007761121e-30
36,63,5.661171553283246e-31
36,64,9.897768053573055e-31
36,65,1.3436947914955766e-30
36,66,2.9438343899158143e-30
36,67,1.8484783983695665e-30
36,68,1.4337596006226607e-30
36,69,1.8936865484653387e-30
36,70,6.423521300267138e-31
36,71,1.5781991494270524e-30
36,72,1.891023524828086e-30
36,73,1.654853751979656e-30
36,74,1.741773449907047e-30
36,75,2.5391618135508336e-30
36,76,9.739157409015987e-31
36,77,1.3341576227750272e-30
36,78,2.0437812795126043e-30
36,79,2.4796460187973514e-30
36,80,1.0863309627772815e-30
36,81,6.8117245047446095e-31
36,82,2.571240253970483e-30
36,83,1.0034546491950516e-30
36,84,3.415148322418746e-31
36,85,8.48105548373313e-31
36,86,1.4944721345116774e-30
36,87,1.6233860492969416e-30
36,88,1.4753623515705413e-30
36,89,8.396753596923474e-31
36,90,2.247708555882565e-30
36,91,1.2432050435751756e-16
36,92,1.2312316064416163e-30
36,93,9.67655004556902e-31
36,94,2.4127101104701797e-30
36,95,1.760367233907582e-30
36,96,1.1871064568224534e-30
36,97,7.334446141860056e-31
36,98,2.3781195745561798e-30
36,99,6.108169395117241e-31
36,100,1.3463594186168577e-30
36,101,1.548632926446841e-30
36,102,6.554427396921657e-31
36,103,5.726895313657749e-31
36,104,1.7604131151811826e-30
36,105,1.5638183073499754e-30
36,106,1.274947928024092e-30
36,107,1.9322525196584674e-30
36,108,1.9255689750120574e-30
36,109,1.8730218709862536e-30
36,110,1.7172314251345295e-30
36,111,7.527627773822823e-31
36,112,2.5478036899303734e-31
36,113,1.3917139911065453e-30
36,114,1.0977765587906682e-30
36,115,1.9670541513116783e-30
36,116,1.4902313641309018e-30
36,117,9.699572915084098e-31
36,118,1.7348955132693004e-30
36,119,4.406038714561471e-30
36,120,2.5442730078680357e-16
36,121,1.267105626333655e-30
36,122,9.771255113733351e-31
36,123,1.7805761593019575e-30
36,124,5.848231221773876e-32
36,125,6.852808532670418e-31
36,126,1.4218173784479973e-30
36,127,1.6912175870228836e-30
36,128,2.1863590026773557e-30
36,129,2.131525753603576e-30
36,130,1.838316721020577e-30
36,131,1.2280453488145896e-30
36,132,5.982045898941099e-31
36,133,6.782714667247801e-31
36,134,8.72286238377295e-31
36,135,6.0269156769831805e-31
36,136,2.3977560985782546e-30
36,137,1.5497606171398634e-30
36,138,2.2631079044656645e-30
36,139,1.254209176183709e-30
36,140,5.1279650061982055e-30
36,141,1.222079573431596e-30
36,142,8.258592400430442e-31
36,143,2.3412529620729436e-30
36,144,1.4473413103054653e-30
36,145,1.1186926616492869e-30
36,146,1.0795107060572658e-30
36,147,1.3558580509270938e-30
36,148,7.995204829845807e-31
36,149,1.0400283685071116e-30
37,38,6.06910014758183e-30
37,39,3.2043446092578864e-30
37,40,2.9218227655595707e-30
37,41,4.098499532332093e-30
37,42,6.28218368248459e-30
37,43,4.586444933382722e-30
37,44,5.023394977137782e-16
37,45,5.1490793291086055e-30
37,46,1.3610190805267064e-30
37,47,3.5616371992071e-30
37,48,6.803943824759462e-30
37,49,4.1348952778741315e-30
37,50,7.019551129222868e-31
37,51,8.589106270139692e-16
37,52,5.699016642236262e-30
37,53,1.0040759804543563e-30
37,54,1.439480163833756e-30
37,55,2.695863835653087e-30
37,56,3.6219516061883374e-30
37,57,2.8267916074569133e-30
37,58,1.4994663358561372e-30
37,59,1.1630225212060012e-30
37,60,2.8937512018393295e-30
37,61,2.8458035682533325e-30
37,62,3.8649529312580176e-30
37,63,2.6666217570401386e-30
37,64,2.0969700598899492e-30
37,65,5.6079990190438155e-30
37,66,5.112450905480757e-30
37,67,4.6805146375444266e-30
37,68,3.292133524378766e-30
37,69,3.192192873264879e-30
37,70,2.008583747322944e-30
37,71,4.522887799180875e-30
37,72,7.84346935364765e-30
37,73,4.242545008760256e-30
37,74,3.169175006930365e-30
37,75,1.1663645300364328e-29
37,76,1.979830107994279e-30
37,77,2.307969875301642e-30
37,78,8.686137718221192e-30
37,79,5.634440472234857e-30
37,80,3.995714693153598e-30
37,81,3.0031308915126573e-30
37,82,5.505885727649267e-30
37,83,2.094863295573357e-30
37,84,1.1001210159597748e-30
37,85,1.65022502775919e-30
37,86,6.0541345823081274e-30
37,87,4.359072664650904e-30
37,88,5.700108968046478e-30
37,89,3.5349291493766864e-30
37,90,6.177925552128723e-30
37,91,6.254634441385531e-17
37,92,3.259624951235564e-30
37,93,3.7991886716609896e-30
37,94,5.276989298330871e-30
37,95,4.321526476025707e-30
37,96,3.030365586283124e-30
37,97,2.7663094045578695e-30
37,98,5.0608108293513384e-30
37,99,2.1657709555351347e-30
37,100,3.0712116541029003e-30
37,101,4.116233242541376e-30
37,102,1.891078018064553e-30
37,103,2.5074690603311583e-30
37,104,3.9801858204134896e-30
37,105,6.377987271118218e-30
37,106,2.503434587802265e-30
37,107,4.5578032175275746e-30
37,108,3.502195644877905e-30
37,109,3.910456922228671e-30
37,110,7.302602922660537e-30
37,111,2.2719729839190756e-30
37,112,5.039510728058375e-31
37,113,3.608486958033294e-30
37,114,2.7588028013110845e-30
37,115,4.883022473216551e-30
37,116,5.4523984075494644e-30
37,117,2.85727228588396e-30
37,118,3.615839496408792e-30
37,119,7.555616872486677e-30
37,120,4.4784591233741105e-16
37,121,2.6705765196025398e-30
37,122,3.0903924729104935e-30
37,123,3.748164450947761e-30
37,124,2.625403641822422e-31
37,125,2.7647336138300128e-30
37,126,4.2524407766231766e-30
37,127,4.3041441096041744e-30
37,128,4.3209298781275786e-30
37,129,5.763120446194166e-30
37,130,6.763526135558388e-30
37,131,2.2722003163742984e-30
37,132,1.6394595004118965e-30
37,133,2.9321310303386994e-30
37,134,2.2179911422995885e-30
37,135,2.275407135250191e-30
37,136,5.117757178831719e-30
37,137,4.590677427358756e-30
37,138,7.794059819096305e-30
37,139,2.3827846934968966e-30
37,140,1.0311595305749757e-29
37,141,4.463604543553632e-30
37,142,1.6835780695873488e-30
37,143,6.096162582109267e-30
37,144,2.864124214808186e-30
37,145,3.554238922247496e-30
37,146,2.196108844152264e-30
37,147,2.773035218386699e-30
37,148,2.229448369387135e-30
37,149,1.9045437468884098e-30
38,39,1.7239868400595238e-30
38,40,1.9221405918512302e-30
38,41,2.254076719216648e-30
38,42,5.11893822119993e-30
38,43,3.4401744576170916e-30
38,44,1.2411313103473255e-15
38,45,4.21132235092022e-30
38,46,1.5019883204567745e-30
38,47,1.6628473623795665e-30
38,48,4.564323791480867e-30
38,49,2.9036063950177096e-30
38,50,9.154075531110652e-31
38,51,5.198616349050369e-16
38,52,4.744758249280881e-30
38,53,7.629320262873313e-31
38,54,1.1661148692825701e-30
38,55,2.585773926490778e-30
38,56,2.0007186266283904e-30
38,57,1.8709009023738964e-30
38,58,1.0242486476778304e-30
38,59,9.444715756500771e-31
38,60,1.2655038983969392e-30
38,61,3.0471999119586638e-30
38,62,1.901606292498746e-30
38,63,7.333682817820974e-31
38,64,1.880485941784969e-30
38,65,1.9058346400635968e-30
38,66,5.4583244126127786e-30
38,67,3.369632568286717e-30
38,68,2.8527780167384476e-30
38,69,3.5521888258794825e-30
38,70,1.4929697954572833e-30
38,71,2.6221254598171966e-30
38,72,3.0239040449629388e-30
38,73,2.9517721694470015e-30
38,74,3.343776381769565e-30
38,75,3.6190537713142235e-30
38,76,1.7775283141241505e-30
38,77,2.586044621797859e-30
38,78,3.0036580662887486e-30
38,79,4.360683937072308e-30
38,80,1.8843954710334714e-30
38,81,1.0563593502955881e-30
38,82,4.662247607607324e-30
38,83,1.8458865587540534e-30
38,84,5.980874083077497e-31
38,85,1.6363368587592236e-30
38,86,2.148366330768623e-30
38,87,2.9803902583825717e-30
38,88,2.3245578019387426e-30
38,89,1.2042537271481902e-30
38,90,3.818902947995791e-30
38,91,1.3668035872266466e-16
38,92,2.2221406513395755e-30
38,93,1.5969936745499397e-30
38,94,4.36908296253496e-30
38,95,3.211459843189544e-30
38,96,1.9786185335358736e-30
38,97,1.1009876367922753e-30
38,98,4.643631335717033e-30
38,99,1.387903988132121e-30
38,100,2.5929401402183345e-30
38,101,2.6751014678023036e-30
38,102,1.1527321019915875e-30
38,103,9.89665127346397e-31
38,104,3.1708225352400454e-30
38,105,2.1199252470791204e-30
38,106,2.3404698483873843e-30
38,107,3.201160415414619e-30
38,108,3.707543870363744e-30
38,109,3.266378671543204e-30
38,110,2.8113112502375282e-30
38,111,1.4763137783648376e-30
38,112,4.694195762652916e-31
38,113,2.5901770101952422e-30
38,114,2.0770969390865162e-30
38,115,3.684855987338255e-30
38,116,2.8016031325903164e-30
38,117,9.522394868238674e-31
38,118,3.172349587302329e-30
38,119,1.3877787807814923e-16
38,120,1.7347234759768157e-16
38,121,2.225137536771436e-30
38,122,2.0162502271740463e-30
38,123,3.142942177024212e-30
38,124,7.926373171662512e-32
38,125,1.2068762369045763e-30
38,126,2.356082552830125e-30
38,127,3.149219018961603e-30
38,128,4.119126514920847e-30
38,129,3.8457048102520026e-30
38,130,3.205392889092715e-30
38,131,2.3053686884141598e-30
38,132,1.0345886613299462e-30
38,133,1.1298512033468504e-30
38,134,1.8523510864669455e-30
38,135,8.650735945192334e-31
38,136,4.1558697883012745e-30
38,137,2.7973994121308926e-30
38,138,3.7950638553294996e-30
38,139,2.2497299469028207e-30
38,140,9.544858089908059e-30
38,141,2.296613275796092e-30
38,142,1.5347903600235794e-30
38,143,4.284062460874231e-30
38,144,2.7060004176879694e-30
38,145,1.6472569630351332e-30
38,146,1.7388670960935424e-30
38,147,2.344389550735481e-30
38,148,1.2720338562505842e-30
38,149,1.8232152598895425e-30
39,40,1.2609446038659562e-30
39,41,1.1748102226103727e-30
39,42,1.8777089714434983e-30
39,43,1.3605923145506988e-30
39,44,1.1102230246251357e-16
39,45,1.4480526078573066e-30
39,46,1.0016658934780324e-30
39,47,1.034334159127982e-30
39,48,1.7794371152882098e-30
39,49,1.2524038174752576e-30
39,50,3.4572377258255483e-31
39,51,4.829006196906531e-30
39,52,1.621575921817617e-30
39,53,3.890470291784321e-31
39,54,4.1162509446916525e-31
39,55,1.0458679028366978e-30
39,56,1.0639166837315634e-30
39,57,1.1719805384922388e-30
39,58,3.993126133804737e-31
39,59,3.604504268346451e-31
39,60,1.0827918902263917e-30
39,61,1.2455051636967084e-30
39,62,1.4072252544131155e-30
39,63,1.0653903914944086e-30
39,64,6.346592277877114e-31
39,65,1.920864258626738e-30
39,66,1.9837713427163763e-30
39,67,1.3228837007942059e-30
39,68,1.2327287040028699e-30
39,69,1.3900145305393494e-30
39,70,7.565656930166093e-31
39,71,1.1606905150234248e-30
39,72,2.540557540138532e-30
39,73,1.1155933280024242e-30
39,74,1.441855995804942e-30
39,75,4.166101777249852e-30
39,76,6.393437019911251e-31
39,77,1.0159864991553837e-30
39,78,3.0225709776466818e-30
39,79,1.4696238264379145e-30
39,80,1.9041743820012874e-30
39,81,1.0105630227127075e-30
39,82,1.630917654200329e-30
39,83,6.5422423256369606e-31
39,84,3.217900180586845e-31
39,85,6.433672601589444e-31
39,86,2.0250437240142147e-30
39,87,1.227004718350249e-30
39,88,1.7819030014129506e-30
39,89,1.2435140824704336e-30
39,90,1.7084981634878817e-30
39,91,1.998937503037971e-30
39,92,8.935869383857628e-31
39,93,1.3488076389656789e-30
39,94,1.5768479765100773e-30
39,95,1.2011651588960983e-30
39,96,8.719554561920293e-31
39,97,1.285454827418646e-30
39,98,2.041378524277993e-30
39,99,6.388013203739215e-31
39,100,1.0067396827572764e-30
39,101,1.112206547754648e-30
39,102,5.15792000884461e-31
39,103,1.1104293546284716e-30
39,104,1.101267176801612e-30
39,105,2.2171246262605285e-30
39,106,1.1942437092040835e-30
39,107,1.1421540870178545e-30
39,108,1.687447948310267e-30
39,109,1.0563369698150303e-30
39,110,2.4699880510819817e-30
39,111,7.239964035411428e-31
39,112,1.6631472828164769e-31
39,113,1.0147511232310097e-30
39,114,7.986972610396472e-31
39,115,1.5296157354491745e-30
39,116,1.591133285276894e-30
39,117,1.1403060698368589e-30
39,118,1.1216514978002217e-30
39,119,2.664238070502494e-30
39,120,1.807982882925328e-30
39,121,7.46223976725538e-31
39,122,9.84507736036757e-31
39,123,1.076345344280053e-30
39,124,9.514515515760129e-32
39,125,9.423339389045588e-31
39,126,1.191624023502903e-30
39,127,1.242449754571018e-30
39,128,1.504665047155301e-30
39,129,1.635916648173924e-30
39,130,2.0538415933688756e-30
39,131,8.321307867624366e-31
39,132,4.590453562390459e-31
39,133,1.191712756347932e-30
39,134,9.033519968177519e-31
39,135,7.8206652917944885e-31
39,136,1.2964083420999694e-30
39,137,1.28791758150296e-30
39,138,2.2622306430526012e-30
39,139,7.866192551253144e-31
39,140,3.427160811009185e-30
39,141,1.4467053980273054e-30
39,142,5.7206357076194045e-31
39,143,1.668636553328299e-30
39,144,9.882696824980618e-31
39,145,1.269772127975499e-30
39,146,5.0961994441868e-31
39,147,8.228818771404982e-31
39,148,7.186501486926986e-31
39,149,6.654766469871659e-31
40,41,1.3059229412332826e-30
40,42,2.4675452395405027e-30
40,43,2.2134019268526136e-30
40,44,6.680915368973773e-16
40,45,1.6888430767538057e-30
40,46,1.684935598593988e-30
40,47,1.1012634597071072e-30
40,48,1.561874270367833e-30
40,49,1.81195349707209e-30
40,50,6.872443016281064e-31
40,51,5.546342581983635e-16
40,52,2.136481906755163e-30
40,53,5.733187784333395e-31
40,54,6.767515233801566e-31
40,55,1.7137518942287895e-30
40,56,1.721751985209905e-30
40,57,1.812747375531579e-30
40,58,3.4369097583472245e-31
40,59,7.55266757647925e-31
40,60,1.3538183125538297e-30
40,61,1.886553239190489e-30
40,62,5.635917749895286e-16
40,63,1.5917937957230366e-30
40,64,1.162617125170917e-30
40,65,2.389332388027961e-30
40,66,2.9412986062900354e-30
40,67,1.1738276616475117e-30
40,68,1.4491053963709706e-30
40,69,2.2913155515921918e-30
40,70,9.22828607105042e-31
40,71,1.2779117657237506e-30
40,72,3.1866251285684535e-30
40,73,1.204994412476395e-30
40,74,2.5009839569016498e-30
40,75,5.756062101929611e-30
40,76,1.0983299536449391e-30
40,77,1.8824888422745257e-30
40,78,4.257819713826497e-30
40,79,2.067003232685539e-30
40,80,3.120076770035898e-30
40,81,1.3472447399732521e-30
40,82,2.0774865161987877e-30
40,83,8.490234380274456e-31
40,84,3.969313175904452e-31
40,85,8.978288047230241e-31
40,86,2.6799031519674014e-30
40,87,1.3851501981857038e-30
40,88,2.2114930710466734e-30
40,89,1.735583039653582e-30
40,90,1.8230568175888e-30
40,91,2.691002896857594e-16
40,92,9.157078484779787e-31
40,93,1.9305845169691413e-30
40,94,1.919166852723638e-30
40,95,1.8633777442483246e-30
40,96,1.2636958277688866e-30
40,97,2.1358389851829782e-30
40,98,3.766755851823131e-30
40,99,9.93863065155042e-31
40,100,1.1910851662408093e-30
40,101,9.207745064375635e-31
40,102,4.22977917661325e-31
40,103,1.851625245208178e-30
40,104,1.4513792220327194e-30
40,105,2.9925712366959993e-30
40,106,2.272265057002075e-30
40,107,1.2082137230239125e-30
40,108,3.086475157991366e-30
40,109,1.2972323597672066e-30
40,110,3.183884660599004e-30
40,111,7.782262047401259e-31
40,112,2.1026498382816292e-31
40,113,1.5592393024942465e-30
40,114,1.2868608534494855e-30
40,115,1.5452120830268453e-30
40,116,2.045827945751915e-30
40,117,1.5946291222271585e-30
40,118,1.3760341931590824e-30
40,119,1.647897425073365e-16
40,120,8.385629777587044e-16
40,121,8.806981343201998e-31
40,122,1.0500882602996445e-30
40,123,1.376140990608292e-30
40,124,1.3307681241628664e-31
40,125,1.2775633363313435e-30
40,126,1.5291519401652767e-30
40,127,1.3574460192307926e-30
40,128,1.9727743319061153e-30
40,129,2.5577542260993708e-30
40,130,2.2162425094689687e-30
40,131,1.3864234019543424e-30
40,132,4.562306474293778e-31
40,133,1.9043875223953757e-30
40,134,1.4438808622986432e-30
40,135,1.153572565799967e-30
40,136,1.5010875650148127e-30
40,137,1.0569530636986909e-30
40,138,2.3091137476773638e-30
40,139,1.2510189119510875e-30
40,140,4.511565744421117e-30
40,141,2.1867483225555967e-30
40,142,6.814112270418887e-31
40,143,2.3549316995594547e-30
40,144,1.2821426219792552e-30
40,145,1.9037250731707657e-30
40,146,7.992586856914682e-31
40,147,1.3416182773517497e-30
40,148,9.034263210501163e-31
40,149,1.043421002942067e-30
41,42,2.286957763418759e-30
41,43,1.641120192987277e-30
41,44,2.1588771306901776e-16
41,45,1.9925925294924832e-30
41,46,9.671727205700893e-31
41,47,1.3518761128430262e-30
41,48,2.540778177359722e-30
41,49,1.4600938257264926e-30
41,50,4.065406953931873e-31
41,51,6.240913345433174e-16
41,52,2.191647605002092e-30
41,53,4.602834789778552e-31
41,54,5.3485837328075125e-31
41,55,1.0226554351377673e-30
41,56,1.322174225043376e-30
41,57,1.1911394441630793e-30
41,58,5.525669630917268e-31
41,59,4.578777334513315e-31
41,60,1.0700163736316235e-30
41,61,1.2459015120666746e-30
41,62,1.5512645176561503e-30
41,63,1.1618808383023323e-30
41,64,8.276165224444897e-31
41,65,2.239222130124358e-30
41,66,2.2460480066014202e-30
41,67,1.6768191337938548e-30
41,68,1.2080695420663864e-30
41,69,1.445952859077091e-30
41,70,6.586065218685089e-31
41,71,1.7046267153787564e-30
41,72,3.0548854403683285e-30
41,73,1.5912421062512038e-30
41,74,1.37676943224581e-30
41,75,4.80033098425388e-30
41,76,7.887892127172342e-31
41,77,1.0286882982589238e-30
41,78,3.6140436655696635e-30
41,79,2.118908096737897e-30
41,80,1.967887841627622e-30
41,81,1.1916348997976359e-30
41,82,2.1559619384007698e-30
41,83,8.075627910507371e-31
41,84,4.098696574179467e-31
41,85,6.746766185635163e-31
41,86,2.4780478482182913e-30
41,87,1.6207586417551554e-30
41,88,2.228958207863292e-30
41,89,1.4806820983503947e-30
41,90,2.3683688716747717e-30
41,91,2.940650514817886e-16
41,92,1.1772189343227648e-30
41,93,1.525629346255655e-30
41,94,1.941050072627632e-30
41,95,1.5442577326360273e-30
41,96,1.1511438199298343e-30
41,97,1.3560517947534916e-30
41,98,1.956262234719404e-30
41,99,8.06136860609001e-31
41,100,1.2193650185528555e-30
41,101,1.5553241331077692e-30
41,102,6.854266558892835e-31
41,103,1.1628794988739733e-30
41,104,1.4527174956172581e-30
41,105,2.686555225975976e-30
41,106,1.1493448072675658e-30
41,107,1.782620278337631e-30
41,108,1.641698881871008e-30
41,109,1.5708167199685336e-30
41,110,2.8155633866346888e-30
41,111,7.781071482980909e-31
41,112,2.014813615674942e-31
41,113,1.2545578613072234e-30
41,114,9.67288917150516e-31
41,115,1.7155527579319715e-30
41,116,1.928312637741614e-30
41,117,1.4307623640659415e-30
41,118,1.3985662417140634e-30
41,119,3.293807996668865e-30
41,120,2.897767167584091e-16
41,121,1.0511341567988142e-30
41,122,1.0577116053640951e-30
41,123,1.472996097861388e-30
41,124,1.104774052273712e-31
41,125,1.0607273028673422e-30
41,126,1.606633577068335e-30
41,127,1.5365599532928093e-30
41,128,1.740380714435659e-30
41,129,2.2099785174864892e-30
41,130,2.506621627896579e-30
41,131,9.645541526071918e-31
41,132,5.88438180162378e-31
41,133,1.3235303525006476e-30
41,134,1.0306556631442091e-30
41,135,9.774799276164453e-31
41,136,1.9953352775676815e-30
41,137,1.625334682750832e-30
41,138,2.8857532154595844e-30
41,139,9.58738397463069e-31
41,140,4.0746116521148276e-30
41,141,1.6159586911495643e-30
41,142,6.5980715511841505e-31
41,143,2.274248220512216e-30
41,144,1.1423829275045401e-30
41,145,1.6151595407787425e-30
41,146,9.172861154969673e-31
41,147,1.0872731292045397e-30
41,148,9.083408958760406e-31
41,149,7.839691070524274e-31
42,43,3.7912350436597134e-30
42,44,4.33125401755049e-16
42,45,4.352344728081053e-30
42,46,1.96875332981398e-30
42,47,1.6848482576292814e-30
42,48,4.753793273339574e-30
42,49,3.909345897531819e-30
42,50,1.0483658826217874e-30
42,51,5.515547767702844e-16
42,52,5.116107774526329e-30
42,53,4.252190610971856e-31
42,54,1.2922403932452316e-30
42,55,2.984648384818454e-30
42,56,1.8977469328859295e-30
42,57,1.468362949434309e-30
42,58,1.0763537483307972e-30
42,59,8.868275489639656e-31
42,60,1.347397169410438e-30
42,61,3.6304002020390054e-30
42,62,1.2738115944464658e-16
42,63,1.1107267196224422e-30
42,64,2.019214766524066e-30
42,65,2.190893130891481e-30
42,66,6.182319806907125e-30
42,67,3.6545676874385934e-30
42,68,3.684994059295723e-30
42,69,4.109353726662096e-30
42,70,1.624866263017463e-30
42,71,2.569635960809743e-30
42,72,3.287040905006255e-30
42,73,3.186985590590136e-30
42,74,3.866366922591941e-30
42,75,4.440584947387462e-30
42,76,2.0288366875852098e-30
42,77,2.847649678665127e-30
42,78,3.3153637633155095e-30
42,79,4.677121682334251e-30
42,80,2.6871236053960853e-30
42,81,1.1711522436634804e-30
42,82,4.998620352226454e-30
42,83,2.0387901937228475e-30
42,84,6.256001543513039e-31
42,85,1.9059885490499536e-30
42,86,2.3326031561907916e-30
42,87,3.027353647279266e-30
42,88,2.400353555481372e-30
42,89,1.3402828253530946e-30
42,90,3.7898959281948165e-30
42,91,1.1332299355900428e-15
42,92,2.3775982635871658e-30
42,93,2.0915052090856022e-30
42,94,4.851474958700219e-30
42,95,3.5190842757581006e-30
42,96,2.2108932061145804e-30
42,97,1.615510360166795e-30
42,98,5.6265878300979636e-30
42,99,1.1127685800751178e-30
42,100,2.6447039436187963e-30
42,101,2.7750896635712896e-30
42,102,1.2035441303341231e-30
42,103,1.3589797434583754e-30
42,104,3.606109524990257e-30
42,105,2.42159918563697e-30
42,106,2.9284554316133152e-30
42,107,3.225894174076975e-30
42,108,4.4162771524532565e-30
42,109,3.368463433653126e-30
42,110,3.231692475262061e-30
42,111,1.6293543254280493e-30
42,112,5.20039316855032e-31
42,113,2.9046581866366198e-30
42,114,2.3295592386091836e-30
42,115,3.995718275060895e-30
42,116,2.9745914602511204e-30
42,117,1.1304271897173543e-30
42,118,3.4862818633705206e-30
42,119,1.059358801967637e-15
42,120,1.0591307266378168e-15
42,121,2.3800709773313656e-30
42,122,2.37393054479202e-30
42,123,3.296285195896412e-30
42,124,9.998910515992147e-32
42,125,1.273368330808851e-30
42,126,2.4691483110919137e-30
42,127,3.469637370971436e-30
42,128,4.5940956505979684e-30
42,129,4.317088936229359e-30
42,130,3.404526463412466e-30
42,131,2.6478213171017262e-30
42,132,1.2443471915639544e-30
42,133,1.802134356298546e-30
42,134,2.659819308324973e-30
42,135,8.661000564768075e-31
42,136,4.332115465196463e-30
42,137,2.9678711752158924e-30
42,138,3.8973321533434835e-30
42,139,2.438959120686919e-30
42,140,1.0618182177436633e-29
42,141,2.5750487392324456e-30
42,142,1.706271855558325e-30
42,143,4.808439729782184e-30
42,144,3.024977429646215e-30
42,145,1.591511508008848e-30
42,146,1.793139395669881e-30
42,147,2.414161931894426e-30
42,148,1.3600981939146052e-30
42,149,2.1769941259776243e-30
43,44,6.705126998487293e-16
43,45,3.2076541994639315e-30
43,46,1.9639573908370506e-30
43,47,1.3597387436193955e-30
43,48,3.142410406865172e-30
43,49,2.671063916184235e-30
43,50,9.155181738542042e-31
43,51,6.375197279900179e-16
43,52,3.5438064754811576e-30
43,53,6.945061314300997e-31
43,54,9.145786258107681e-31
43,55,2.2267157865040923e-30
43,56,1.4449356718497726e-30
43,57,1.626297498894017e-16
43,58,7.122004331921713e-31
43,59,6.7544335662614595e-31
43,60,1.782920478979389e-30
43,61,2.518693596091132e-30
43,62,4.826400468804186e-16
43,63,1.5793388604071406e-30
43,64,1.4382657904387554e-30
43,65,2.5827213872155793e-30
43,66,4.461208838225085e-30
43,67,2.4213837087317306e-30
43,68,2.2041039314988022e-30
43,69,3.065731025415842e-30
43,70,1.215076203517672e-30
43,71,1.735395057171227e-30
43,72,3.3131617131623084e-30
43,73,1.9749718695026778e-30
43,74,3.068844454777673e-30
43,75,5.6219212101252185e-30
43,76,1.4243113465819326e-30
43,77,2.3634808016826724e-30
43,78,3.948455575466362e-30
43,79,3.233063490990895e-30
43,80,4.1957385774635675e-16
43,81,1.3309147514638031e-30
43,82,3.495601566345583e-30
43,83,1.4101135979839652e-30
43,84,4.303356732329988e-31
43,85,1.2675202770250597e-30
43,86,2.5962163733957363e-30
43,87,2.3604869362198327e-30
43,88,2.255094776849483e-30
43,89,1.6346544797680048e-30
43,90,2.5264369692453606e-30
43,91,7.178590927701638e-16
43,92,1.5818489202841567e-30
43,93,1.8943972905898393e-30
43,94,3.2281620827714655e-30
43,95,2.471694927470538e-30
43,96,1.4686065488102101e-30
43,97,2.00028773462668e-30
43,98,4.349712644357158e-30
43,99,8.379304519790849e-31
43,100,1.835380145892163e-30
43,101,1.9343235995208158e-30
43,102,8.16380376578729e-31
43,103,1.7762234269745276e-30
43,104,2.4658313378118488e-30
43,105,2.8840408041969907e-30
43,106,2.617452364874602e-30
43,107,2.1859238730605566e-30
43,108,3.5104969778651055e-30
43,109,2.305683140817151e-30
43,110,3.409146610867077e-30
43,111,1.1297908440362617e-30
43,112,3.6026073036202745e-31
43,113,1.939796316871372e-30
43,114,1.6233034841872965e-30
43,115,2.8172216264624694e-30
43,116,2.057403066461189e-30
43,117,1.4720827307628895e-30
43,118,2.395948852314741e-30
43,119,6.360358366894302e-16
43,120,6.016065423669731e-16
43,121,1.6153046545567157e-30
43,122,1.6247631081456476e-30
43,123,2.2871700563695956e-30
43,124,1.2730559672259459e-31
43,125,1.3217632045820183e-30
43,126,1.549139323544532e-30
43,127,2.3646255346131232e-30
43,128,3.1919876916622954e-30
43,129,2.9287285418747268e-30
43,130,2.773625002023342e-30
43,131,1.837066363602649e-30
43,132,8.958603334329104e-31
43,133,1.8348567196495756e-30
43,134,1.4712409890936822e-30
43,135,9.83966121401071e-31
43,136,2.9850767178272264e-30
43,137,2.0435675661779576e-30
43,138,3.0745939273641176e-30
43,139,1.9342809392739622e-30
43,140,7.375820786622984e-30
43,141,2.0456302023324397e-30
43,142,1.1733683500223194e-30
43,143,3.279028447159107e-30
43,144,2.1055094015206737e-30
43,145,1.6980882653920843e-30
43,146,1.2355918696527601e-30
43,147,1.860356454309125e-30
43,148,1.2117342612646427e-30
43,149,1.4855120987557285e-30
44,45,4.880958247318837e-16
44,46,5.55848280853968e-16
44,47,1.665334536937731e-16
44,48,1.6711069443221077e-16
44,49,4.938937785787482e-16
44,50,5.652470938750251e-30
44,51,2.2352761301836253e-15
44,52,6.166472270759837e-16
44,53,6.1365092061881e-16
44,54,6.194639219157014e-30
44,55,3.645396633601341e-16
44,56,9.820082517700829e-16
44,57,1.3903134990880311e-15
44,58,2.7705415733439836e-30
44,59,6.024062995779213e-16
44,60,4.646469054731849e-16
44,61,2.6477131637640537e-16
44,62,8.199107014372432e-16
44,63,1.000954653055546e-29
44,64,4.996003610813257e-16
44,65,9.586729210015198e-16
44,66,2.840500818459826e-29
44,67,2.7336071744532853e-16
44,68,3.2189288747661423e-16
44,69,3.9898639947467765e-17
44,70,7.114312260401325e-16
44,71,2.775557561562905e-16
44,72,2.4327641360601936e-16
44,73,6.274233663426564e-16
44,74,2.950458159105181e-16
44,75,3.3422138886442273e-16
44,76,2.517202716714318e-16
44,77,5.967852167788797e-16
44,78,1.3877787807814734e-17
44,79,1.8787511056051565e-29
44,80,9.570644082560778e-16
44,81,1.1464934308770926e-16
44,82,4.2294536366665615e-16
44,83,8.297972073027292e-30
44,84,2.715138540589801e-30
44,85,5.089691685969163e-16
44,86,2.2204502885468927e-16
44,87,3.5354328361705896e-16
44,88,3.2739889808504696e-16
44,89,1.57009245868374e-16
44,90,9.84149464782827e-16
44,91,7.110429656069301e-16
44,92,8.552250710910291e-30
44,93,6.876335413767394e-16
44,94,9.372388423635728e-16
44,95,4.0005690932036847e-16
44,96,5.410557748946564e-16
44,97,6.255789036560337e-16
44,98,9.266281641082377e-16
44,99,8.970852046067647e-16
44,100,9.695165467899158e-16
44,101,3.236828524569479e-16
44,102,1.6939359822668052e-30
44,103,4.742874840267581e-16
44,104,6.443114222006323e-16
44,105,3.2471433328466586e-16
44,106,5.894850982539991e-16
44,107,3.034923386023437e-16
44,108,7.940183904402456e-16
44,109,5.87310865759994e-16
44,110,5.286276276509758e-16
44,111,2.288783399261128e-16
44,112,2.062185492644639e-30
44,113,8.280284175086328e-16
44,114,2.2209880841782686e-16
44,115,6.988675367311024e-16
44,116,8.033848844811376e-16
44,117,6.781703915574596e-16
44,118,1.3401423933343545e-29
44,119,1.0850664142127536e-15
44,120,1.068455197559695e-15
44,121,3.4443763524657777e-16
44,122,7.570577513685877e-16
44,123,1.968815618495848e-16
44,124,7.460797762025742e-31
44,125,7.976538155819083e-30
44,126,5.672200933253697e-16
44,127,6.690187733356901e-16
44,128,3.143250008304581e-16
44,129,6.493534005854023e-16
44,130,5.654240627779143e-16
44,131,6.550551057807865e-16
44,132,4.1911436146983436e-16
44,133,7.421129999263452e-16
44,134,4.585973723508297e-16
44,135,7.065488685873063e-30
44,136,2.680470555477036e-16
44,137,4.644396126208079e-16
44,138,6.763419656115921e-16
44,139,3.3766115072320834e-16
44,140,5.863673279794204e-16
44,141,6.291189399737809e-16
44,142,6.814009074572918e-30
44,143,5.678033750255574e-16
44,144,1.269258176610801e-29
44,145,5.985173094038471e-16
44,146,5.810469165661964e-16
44,147,9.38163491562825e-16
44,148,7.039472811871874e-16
44,149,3.645768088518024e-16
45,46,1.5697363199475949e-30
45,47,1.3717395262529119e-30
45,48,4.0454602677148924e-30
45,49,2.4265114321943852e-30
45,50,9.085461578482201e-31
45,51,6.91108259397927e-16
45,52,4.32624567164541e-30
45,53,5.5530304816521466e-31
45,54,1.058493973746825e-30
45,55,2.332041113965059e-30
45,56,1.5450610463221407e-30
45,57,9.840650021458667e-31
45,58,9.018009365846445e-31
45,59,7.874484551641783e-31
45,60,1.1579185451245876e-30
45,61,2.7030076611216184e-30
45,62,1.6489456906597755e-30
45,63,5.929567773096863e-31
45,64,1.599235897212838e-30
45,65,1.4339758432505159e-30
45,66,5.020250454331055e-30
45,67,2.9582385685096324e-30
45,68,2.3957070515707836e-30
45,69,3.284500252581265e-30
45,70,1.1750444910124661e-30
45,71,2.3031322655822193e-30
45,72,2.3400285870219426e-30
45,73,2.577188604973307e-30
45,74,3.0886985839176552e-30
45,75,2.7139817934118857e-30
45,76,1.5684721514971364e-30
45,77,2.391838870882317e-30
45,78,2.3479490887272863e-30
45,79,3.9718308594128494e-30
45,80,1.9663042743223554e-30
45,81,7.980472619133863e-31
45,82,4.2182276937301724e-30
45,83,1.670086393875269e-30
45,84,5.149080463933391e-31
45,85,1.4078541899439135e-30
45,86,1.7059520969405812e-30
45,87,2.5738017615435203e-30
45,88,1.9065364913832264e-30
45,89,9.41775994985875e-31
45,90,3.5390564570156524e-30
45,91,4.143057549804199e-16
45,92,1.959906497472112e-30
45,93,1.3347940762670313e-30
45,94,3.904540656045888e-30
45,95,2.9391249457259513e-30
45,96,1.8216597424867265e-30
45,97,1.1257101144175589e-30
45,98,4.127143876171709e-30
45,99,9.204350059612356e-31
45,100,2.0405931598569746e-30
45,101,2.386702107784078e-30
45,102,9.886836088609729e-31
45,103,8.268201989638906e-31
45,104,2.8593385511767566e-30
45,105,1.65921781795117e-30
45,106,2.386937033364249e-30
45,107,3.0097646197066903e-30
45,108,3.342687503719461e-30
45,109,2.9654763432711532e-30
45,110,2.0960678757847206e-30
45,111,1.2582658066292889e-30
45,112,4.256653747428017e-31
45,113,2.334933397326337e-30
45,114,1.8685412901465805e-30
45,115,3.332442566673224e-30
45,116,2.3108030086610445e-30
45,117,1.029709939668964e-30
45,118,2.8688355897492285e-30
45,119,2.2261984221324984e-16
45,120,4.608099537020063e-16
45,121,2.013740075663957e-30
45,122,1.5181206027447563e-30
45,123,2.9689330176295947e-30
45,124,6.048873835364706e-32
45,125,1.0243759202428135e-30
45,126,2.045625982661872e-30
45,127,2.7623836484448394e-30
45,128,3.68982951323349e-30
45,129,3.249687157348049e-30
45,130,2.584564217266383e-30
45,131,2.012470130101786e-30
45,132,9.230196223882177e-31
45,133,1.0689146853900459e-30
45,134,1.5601669334575123e-30
45,135,7.196958079182621e-31
45,136,3.743356470824416e-30
45,137,2.413199917149069e-30
45,138,3.169515026309458e-30
45,139,2.191472157649117e-30
45,140,8.558895428768462e-30
45,141,2.013361884913369e-30
45,142,1.3827147611578409e-30
45,143,3.820492299655363e-30
45,144,2.4489158925211116e-30
45,145,1.4890830912383347e-30
45,146,1.6245620051825268e-30
45,147,2.2461570621675934e-30
45,148,1.3509685576096613e-30
45,149,1.6692422200203106e-30
46,47,4.677605476598537e-31
46,48,1.1742711168523947e-30
46,49,1.6522933581161056e-30
46,50,6.130465634566961e-31
46,51,5.2195960227786276e-30
46,52,1.8269219157873957e-30
46,53,5.694434170316545e-31
46,54,6.1283352440074895e-31
46,55,1.4940364302776686e-30
46,56,1.0069004712969565e-30
46,57,1.3405863063540281e-30
46,58,2.456103444628162e-31
46,59,5.9455179477752864e-31
46,60,1.056543734973856e-30
46,61,1.798497071436534e-30
46,62,1.612145333897223e-30
46,63,1.1675627205460207e-30
46,64,7.229535456284442e-31
46,65,1.6215132617739148e-30
46,66,2.74159369288007e-30
46,67,9.407766919580786e-31
46,68,1.338855654309325e-30
46,69,2.10625167101743e-30
46,70,6.7889127737600135e-31
46,71,6.096702429492687e-31
46,72,1.981577669435931e-30
46,73,1.124753368643459e-30
46,74,2.266913818783982e-30
46,75,3.750691413762913e-30
46,76,1.0287404390222395e-30
46,77,1.5521936931463357e-30
46,78,2.8488697784943738e-30
46,79,1.9085838099019504e-30
46,80,2.7023946275912354e-30
46,81,8.433795959937123e-31
46,82,1.856492274698812e-30
46,83,7.8850668316949924e-31
46,84,2.927924253879675e-31
46,85,8.183644057330664e-31
46,86,1.6725049788140068e-30
46,87,1.1751396905447965e-30
46,88,1.2769927843388943e-30
46,89,1.2038141846355105e-30
46,90,1.845048770879203e-30
46,91,3.342922810308199e-30
46,92,8.392850667839927e-31
46,93,1.4286028184480586e-30
46,94,2.0811802792336827e-30
46,95,1.584432746803803e-30
46,96,1.1286940198632424e-30
46,97,1.695079852441238e-30
46,98,3.154018359963841e-30
46,99,5.153826447842096e-31
46,100,4.930796535994515e-31
46,101,7.79281455063041e-31
46,102,1.0938929695279215e-31
46,103,1.3066635522392058e-30
46,104,1.5558851843022027e-30
46,105,2.054462518222936e-30
46,106,1.874414306643095e-30
46,107,9.69590590149578e-31
46,108,2.67188372424259e-30
46,109,1.069398539308258e-30
46,110,2.148067334778036e-30
46,111,6.714124124654899e-31
46,112,1.925375196668074e-31
46,113,1.5128254257155451e-30
46,114,1.1018107868391591e-30
46,115,1.5482156337580433e-30
46,116,1.3834499738723948e-30
46,117,1.5170040586093686e-30
46,118,1.262109083918661e-30
46,119,4.0744423827217786e-30
46,120,1.9193473710656897e-30
46,121,7.1219003520404005e-31
46,122,7.696324837631453e-31
46,123,1.1817140901021193e-30
46,124,8.888133943808541e-32
46,125,9.309354862278925e-31
46,126,9.681203009243107e-31
46,127,1.3316348729464708e-30
46,128,1.753915710153086e-30
46,129,2.166975239921984e-30
46,130,1.2758250788961671e-30
46,131,1.1931071218027678e-30
46,132,5.107769578554877e-31
46,133,1.5185538709423372e-30
46,134,1.2069010034518292e-30
46,135,7.823323171166554e-31
46,136,1.3897766803778297e-30
46,137,8.937434627613777e-31
46,138,1.0198167407328554e-30
46,139,1.2635007247832515e-30
46,140,4.310955187888594e-30
46,141,1.5612688008268575e-30
46,142,6.1902684561761005e-31
46,143,2.31269572356588e-30
46,144,1.1840167894492907e-30
46,145,1.549185915613907e-30
46,146,5.331063073958436e-31
46,147,1.2838577181780079e-30
46,148,8.339478014342275e-31
46,149,7.6758546632794e-31
47,48,2.1007039334742832e-30
47,49,1.277929131401587e-30
47,50,1.995147974351644e-31
47,51,4.429774844383146e-30
47,52,1.5731197309359857e-30
47,53,4.057183869691109e-31
47,54,4.371954827463967e-31
47,55,7.174288080666915e-31
47,56,1.2665433549966134e-30
47,57,9.80903097720329e-31
47,58,4.45103678851704e-31
47,59,4.345747242315739e-31
47,60,9.217011129535298e-31
47,61,6.074975362479709e-31
47,62,1.2733794338177924e-30
47,63,9.900489379102595e-31
47,64,6.396392390412846e-31
47,65,1.9575999442065176e-30
47,66,9.679467794661367e-31
47,67,1.288433787662945e-30
47,68,7.064492756297662e-31
47,69,7.34459623709918e-31
47,70,5.1547360202945336e-31
47,71,1.5144560219957755e-30
47,72,2.7401754598079648e-30
47,73,1.331300612843669e-30
47,74,8.96856214169893e-31
47,75,4.241450599689414e-30
47,76,6.333368866886601e-31
47,77,6.928934577286737e-31
47,78,3.217952786307897e-30
47,79,1.6877698652125403e-30
47,80,1.5641644439011124e-30
47,81,1.0639892604300875e-30
47,82,1.4965022834158068e-30
47,83,5.261407987335692e-31
47,84,3.642090301544841e-31
47,85,3.651894213109076e-31
47,86,2.20932503554113e-30
47,87,1.3468469650074302e-30
47,88,1.9925663379909474e-30
47,89,1.309383404788626e-30
47,90,2.0001368546814193e-30
47,91,1.0783103314181987e-30
47,92,9.744178530532751e-31
47,93,1.3468108292604565e-30
47,94,1.3787963624037283e-30
47,95,1.2788616854236162e-30
47,96,1.0263858278029148e-30
47,97,1.10072869797695e-30
47,98,1.6875493923195448e-30
47,99,7.459994090825239e-31
47,100,8.43766942325605e-31
47,101,1.2565557142642462e-30
47,102,5.713950748603953e-31
47,103,9.559164260344396e-31
47,104,1.1338209424091955e-30
47,105,2.3536902434398742e-30
47,106,9.275408655479699e-31
47,107,1.4409884845436556e-30
47,108,1.1723279770663227e-30
47,109,1.1230531675530324e-30
47,110,2.4920526069075954e-30
47,111,6.5597969445077935e-31
47,112,1.1296921284270847e-31
47,113,1.0846920702173561e-30
47,114,8.293184506057234e-31
47,115,1.2697159640047424e-30
47,116,1.7885985571169532e-30
47,117,1.1736475841754872e-30
47,118,8.86230636865611e-31
47,119,1.6857902480480292e-30
47,120,1.7728385367816854e-30
47,121,7.330232915555695e-31
47,122,9.025093723808373e-31
47,123,1.038817983122578e-30
47,124,9.698503846053686e-32
47,125,9.39211696623663e-31
47,126,1.4667679246563188e-30
47,127,1.2214920555396861e-30
47,128,9.60568729927545e-31
47,129,1.9526021191678702e-30
47,130,2.2130578825665916e-30
47,131,6.4704273290678295e-31
47,132,5.029367545467381e-31
47,133,1.1116591917717599e-30
47,134,7.599605003376807e-31
47,135,8.730351038819627e-31
47,136,1.481498197686246e-30
47,137,1.3672469831606583e-30
47,138,2.549875136457171e-30
47,139,6.219598974608302e-31
47,140,2.4407105092378085e-30
47,141,1.4873547456674375e-30
47,142,3.831587646955914e-31
47,143,1.9185743775412456e-30
47,144,6.302318933885042e-31
47,145,1.4191109532413219e-30
47,146,7.576076149880493e-31
47,147,8.161057305924539e-31
47,148,6.955685098360628e-31
47,149,5.341071869814896e-31
48,49,4.686996964857368e-16
48,50,8.748966281077623e-31
48,51,2.2073972817097594e-16
48,52,4.557772348489006e-30
48,53,7.575958944509752e-31
48,54,1.0895483769672644e-30
48,55,2.1347482301138504e-30
48,56,2.080773261933967e-30
48,57,1.1758578557585263e-30
48,58,1.0604933264992426e-30
48,59,1.0295565908997447e-30
48,60,1.4424016435022424e-30
48,61,2.530651956013234e-30
48,62,1.8016378466918887e-30
48,63,1.225684940649527e-30
48,64,1.6803024101429126e-30
48,65,2.7570675902306675e-30
48,66,4.7359312506998705e-30
48,67,3.3045479756485504e-30
48,68,2.449029470456641e-30
48,69,2.9903874102981828e-30
48,70,1.2776901887879931e-30
48,71,3.0566404354522056e-30
48,72,4.143324458198146e-30
48,73,3.0418929772178886e-30
48,74,2.7344561360667894e-30
48,75,5.691815477409895e-30
48,76,1.6528751086082103e-30
48,77,2.11448331010594e-30
48,78,4.613027541749417e-30
48,79,4.3122492627167184e-30
48,80,1.8770614282936234e-30
48,81,1.5032152499641727e-30
48,82,2.604686225967555e-16
48,83,1.6911682621133102e-30
48,84,6.613179083936206e-31
48,85,1.3975662806108355e-30
48,86,3.258304887030206e-30
48,87,2.940976951289224e-30
48,88,3.130565425058424e-30
48,89,1.8529681916762884e-30
48,90,4.198858784061505e-30
48,91,4.3532919328676304e-16
48,92,2.2237262731939643e-30
48,93,1.9403400992107113e-30
48,94,4.097697465422487e-30
48,95,3.035277005040233e-30
48,96,2.160830954642237e-30
48,97,1.3262803316714404e-30
48,98,3.82417139034215e-30
48,99,1.2276218823611266e-30
48,100,2.319146266547106e-30
48,101,2.7737757971850383e-30
48,102,1.2368958923572807e-30
48,103,1.1077504103865688e-30
48,104,3.015463771919934e-30
48,105,3.331515062101085e-30
48,106,1.8891768636277025e-16
48,107,3.471782625315058e-30
48,108,2.9834571197015045e-30
48,109,3.253419223255494e-30
48,110,4.560871411993906e-16
48,111,1.3832504498789235e-30
48,112,4.251113328732845e-31
48,113,2.4453626522878056e-30
48,114,1.9025649195510102e-30
48,115,3.396420479376696e-30
48,116,3.0278612313604396e-30
48,117,1.7303774620100243e-30
48,118,2.9311314222196057e-30
48,119,1.7554167342883504e-16
48,120,2.7792414042698855e-16
48,121,2.1927607473628676e-30
48,122,1.8657357953699465e-30
48,123,3.046226488116497e-30
48,124,1.2917402724150572e-31
48,125,1.4063861981595683e-30
48,126,2.8325881350850224e-30
48,127,2.988939661018875e-30
48,128,3.644466945127748e-30
48,129,3.941094935252383e-30
48,130,3.7520585026349864e-30
48,131,2.0324883627216118e-30
48,132,1.0681309083481493e-30
48,133,1.4395574951572701e-30
48,134,1.5369773095128876e-30
48,135,1.3264577111853813e-30
48,136,4.208711003377994e-30
48,137,2.8972447248956753e-30
48,138,4.506965862254408e-30
48,139,2.0260545914094673e-30
48,140,5.545718594193855e-16
48,141,2.3742058340974367e-30
48,142,1.3857661591699132e-30
48,143,4.202216052073289e-30
48,144,2.4040654072860864e-30
48,145,2.4049528749361097e-30
48,146,1.9650862616890824e-30
48,147,2.2992185613038805e-30
48,148,1.2780533663743196e-30
48,149,1.713925648666224e-30
49,50,7.648889993020112e-31
49,51,9.965046494563946e-16
49,52,2.904821321513566e-30
49,53,6.234589892538754e-31
49,54,7.475681444435209e-31
49,55,1.831148184796485e-30
49,56,1.80481214352542e-30
49,57,1.8014416327742917e-16
49,58,6.1749531111495035e-31
49,59,7.258697541634648e-31
49,60,1.6235771872426928e-30
49,61,2.151470556599932e-30
49,62,5.132906227586354e-16
49,63,1.4040353942816445e-30
49,64,1.174720017305228e-30
49,65,2.405228464945478e-30
49,66,3.6430034821066396e-30
49,67,2.2342312378498734e-30
49,68,2.2169599689362393e-30
49,69,2.4958544080887075e-30
49,70,1.052798049413756e-30
49,71,1.5823748534495247e-30
49,72,3.1432390367767453e-30
49,73,1.7477477854895506e-30
49,74,2.5118086501825976e-30
49,75,5.133010027431057e-30
49,76,1.1999351436010057e-30
49,77,1.84168729180635e-30
49,78,3.6528721906386714e-30
49,79,2.6964050773983323e-30
49,80,4.15886160370311e-16
49,81,1.225388121147392e-30
49,82,2.9026970438689137e-30
49,83,1.1626449180012656e-30
49,84,3.974444318954833e-31
49,85,1.1064433779438773e-30
49,86,2.4336192903300823e-30
49,87,2.2115617562669638e-30
49,88,2.0966091014866914e-30
49,89,1.5139609729933013e-30
49,90,2.0078887703557485e-30
49,91,1.7311810230940802e-15
49,92,1.3461992558463153e-30
49,93,2.3886518213628487e-30
49,94,2.8094604489901064e-30
49,95,2.0037863288849244e-30
49,96,1.3061150512948825e-30
49,97,1.817985345076468e-30
49,98,3.8384332081680726e-30
49,99,7.755164498066233e-31
49,100,1.5640881883419332e-30
49,101,1.6287562739399973e-30
49,102,7.252363623137524e-31
49,103,1.5306462081531866e-30
49,104,2.4277616304564164e-30
49,105,2.7142851636277024e-30
49,106,1.9391247613824288e-30
49,107,1.789262076876256e-30
49,108,2.9565297114671538e-30
49,109,1.9386896321204882e-30
49,110,3.5193326764785095e-30
49,111,9.72771798045507e-31
49,112,2.9701636404452103e-31
49,113,5.594987467379852e-17
49,114,1.3245195329277044e-30
49,115,2.301221474072143e-30
49,116,1.9482870851718424e-30
49,117,1.46023787050291e-30
49,118,1.9832428409609823e-30
49,119,3.5025952871758796e-16
49,120,3.6130588016664894e-16
49,121,1.3641878565726735e-30
49,122,1.75620659748226e-30
49,123,1.817041792020692e-30
49,124,1.1692162841979498e-31
49,125,1.1957587229922156e-30
49,126,1.7412820861255134e-30
49,127,2.092047217277772e-30
49,128,2.6209677595527893e-30
49,129,2.826680283425893e-30
49,130,2.6140852321272226e-30
49,131,1.583057901153223e-30
49,132,1.5280062979148917e-30
49,133,1.5553204405107536e-30
49,134,2.160975073884235e-30
49,135,9.272933899011942e-31
49,136,2.6885192859619084e-30
49,137,1.8307111992184e-30
49,138,2.81010751591272e-30
49,139,1.4852776994216977e-30
49,140,6.188933412079799e-30
49,141,1.932669820720882e-30
49,142,9.66777375349231e-31
49,143,2.95572539454063e-30
49,144,1.7281073731680324e-30
49,145,1.454245439555268e-30
49,146,1.0756428176150595e-30
49,147,1.492234343318656e-30
49,148,1.3892467608948062e-30
49,149,1.2620896887950745e-30
50,51,1.9933315283960967e-30
50,52,1.1471658395109695e-30
50,53,2.4051148406172504e-31
50,54,2.757132378941892e-31
50,55,6.236884486225364e-31
50,56,4.07621280371971e-31
50,57,6.689425750830516e-31
50,58,1.8104215831353198e-31
50,59,3.0573585023512527e-31
50,60,6.540917154719016e-31
50,61,7.989452658602549e-31
50,62,8.068279375515838e-31
50,63,4.482645064992466e-31
50,64,4.274134889146747e-31
50,65,5.340307702152769e-31
50,66,1.3524421987211718e-30
50,67,6.051235911022734e-31
50,68,5.641223831792396e-31
50,69,9.39113179575885e-31
50,70,2.5225812599788746e-31
50,71,4.6056132638962015e-31
50,72,6.062534451757403e-31
50,73,5.723662066063865e-31
50,74,9.354026176087407e-31
50,75,1.2436788884428248e-30
50,76,4.610777488683425e-31
50,77,7.124460171423011e-31
50,78,8.633601061551294e-31
50,79,1.0558524712720912e-30
50,80,8.965267455556147e-31
50,81,2.688719854449484e-31
50,82,1.0318558052888984e-30
50,83,4.096231213522314e-31
50,84,1.1473802777974723e-31
50,85,3.98636471131072e-31
50,86,4.916783580422503e-31
50,87,5.3495402276799245e-31
50,88,3.8843416303554167e-31
50,89,3.5937992741082635e-31
50,90,7.841523038703286e-31
50,91,1.4869293279052332e-30
50,92,4.309430393134193e-31
50,93,5.760858328381699e-31
50,94,1.0644358111091537e-30
50,95,7.694322693586516e-31
50,96,5.712113618038217e-31
50,97,5.854322920698602e-31
50,98,1.324572957216242e-30
50,99,2.4594603363375843e-31
50,100,5.118567743138633e-31
50,101,4.620014297036021e-31
50,102,1.5722346213392264e-31
50,103,5.363277372741261e-31
50,104,7.096943293375517e-31
50,105,5.76235915197116e-31
50,106,7.588498304720707e-31
50,107,7.264706224466364e-31
50,108,1.130275009217609e-30
50,109,7.54671995827405e-31
50,110,7.977420379509359e-31
50,111,3.0314470508394164e-31
50,112,1.0390601776090203e-31
50,113,5.89079823327153e-31
50,114,4.453802837505728e-31
50,115,7.8195172122553795e-31
50,116,4.781411986388937e-31
50,117,3.240028148293298e-31
50,118,7.02815396720112e-31
50,119,2.210537383216904e-30
50,120,1.017583867789828e-30
50,121,5.079813243221778e-31
50,122,3.1736401003350426e-31
50,123,6.9230767343581194e-31
50,124,2.772132812662312e-32
50,125,3.7732931787794127e-31
50,126,5.456910240712191e-31
50,127,5.979958640904323e-31
50,128,8.947102685914364e-31
50,129,9.127243227951683e-31
50,130,3.6671401170249632e-31
50,131,5.796940499534033e-31
50,132,2.2156800817684664e-31
50,133,5.158265122377763e-31
50,134,3.8932298283871793e-31
50,135,2.2076496513027597e-31
50,136,9.719673295392362e-31
50,137,3.9567133932428705e-31
50,138,4.0871411696451905e-31
50,139,5.767413658664681e-31
50,140,2.1568958318193466e-30
50,141,6.4063417594458736e-31
50,142,3.3167349882855425e-31
50,143,8.825927942213743e-31
50,144,5.9365269193019845e-31
50,145,5.244232587947188e-31
50,146,4.685901269501217e-31
50,147,7.238975766217646e-31
50,148,3.873095593050705e-31
50,149,5.130983894773598e-31
51,52,6.54466820879193e-16
51,53,4.775257665632647e-16
51,54,2.2485615364883822e-30
51,55,6.606632354754658e-16
51,56,5.711114367127752e-16
51,57,7.351298813101399e-16
51,58,9.483306185546677e-31
51,59,1.1775693440128245e-16
51,60,4.783435109368121e-16
51,61,4.043654934319668e-16
51,62,9.559569857539325e-16
51,63,6.1255763610940285e-30
51,64,3.867857951718009e-30
51,65,4.0245958503743693e-16
51,66,6.738207110794245e-30
51,67,1.716587549445823e-16
51,68,6.027259209292756e-16
51,69,2.221817818892002e-16
51,70,2.6210786318863062e-30
51,71,2.4982427276047128e-16
51,72,5.170290864941228e-16
51,73,5.331671968450026e-16
51,74,9.614813431917753e-17
51,75,7.895718530173433e-16
51,76,2.544786717585982e-16
51,77,6.805778071794054e-16
51,78,3.3811091157647045e-16
51,79,6.68667716916327e-30
51,80,6.139254760283035e-16
51,81,5.469184356850984e-30
51,82,6.686678350658497e-16
51,83,1.9829016358689183e-30
51,84,1.5859371423771803e-30
51,85,2.49801686372473e-16
51,86,1.0793100571699887e-29
51,87,5.748822300757319e-16
51,88,2.841559658329121e-16
51,89,6.879121373049542e-30
51,90,4.424987872869285e-16
51,91,3.466670283280001e-16
51,92,3.414226176278193e-30
51,93,6.453171330633736e-16
51,94,5.495323605393233e-16
51,95,4.351632587683325e-16
51,96,3.204687415091346e-16
51,97,1.118863022827953e-16
51,98,7.076651282840561e-16
51,99,2.6037037858103453e-16
51,100,1.656520196351015e-30
51,101,6.292624226553006e-16
51,102,1.1991304416039511e-30
51,103,7.221458076375234e-30
51,104,5.065231030857595e-16
51,105,7.359890175274795e-16
51,106,1.2311786700295614e-15
51,107,4.442111658486584e-16
51,108,3.7508957823835653e-16
51,109,2.3454718779405244e-16
51,110,7.571696627393872e-16
51,111,1.1188630228279433e-16
51,112,3.448533394968213e-31
51,113,5.701727585675784e-16
51,114,4.5449607515008944e-30
51,115,4.815412394636836e-16
51,116,5.572324966150406e-16
51,117,3.650675994272814e-16
51,118,2.6148517199688193e-30
51,119,9.808268656355826e-16
51,120,3.7417117340527144e-16
51,121,1.3892174265734987e-30
51,122,4.841463738313861e-16
51,123,2.898597830398221e-16
51,124,5.290944276773039e-31
51,125,4.938663164911702e-30
51,126,4.468790436345449e-16
51,127,8.691380107340906e-17
51,128,3.948071583449239e-30
51,129,5.011159452899045e-16
51,130,4.309382727114615e-16
51,131,4.176182389771991e-16
51,132,3.4331750988916793e-16
51,133,2.4187420558277844e-16
51,134,1.0489441249315563e-15
51,135,4.599555115386291e-30
51,136,6.36867997537914e-16
51,137,1.1775693440128263e-16
51,138,4.0986490383927403e-16
51,139,4.520544261055708e-16
51,140,1.124476873985708e-15
51,141,3.5794201981656093e-16
51,142,1.143438336964204e-30
51,143,2.4708698718685366e-16
51,144,2.5809097040549538e-30
51,145,2.775571114056977e-16
51,146,2.813020758043026e-30
51,147,2.789400827296844e-16
51,148,1.2676734380733501e-15
51,149,3.7982126045912104e-16
52,53,6.204631112058366e-31
52,54,1.205995388965278e-30
52,55,2.613417803748837e-30
52,56,1.6245502661596353e-30
52,57,1.696180376379847e-30
52,58,1.0131528754891745e-30
52,59,9.018959839382463e-31
52,60,1.4885881594411925e-30
52,61,3.178847613635697e-30
52,62,1.4392995165735748e-16
52,63,1.164058568196084e-30
52,64,1.9510352863044086e-30
52,65,2.010722562112537e-30
52,66,5.7711848897501486e-30
52,67,3.312382475882178e-30
52,68,2.743074928019904e-30
52,69,3.795941715802748e-30
52,70,1.2973833524395862e-30
52,71,2.5198443016189015e-30
52,72,3.0302141315805662e-30
52,73,2.983168820438254e-30
52,74,3.573965783801805e-30
52,75,4.276229054691559e-30
52,76,1.9050367082188668e-30
52,77,2.802332375434666e-30
52,78,3.115857256271128e-30
52,79,4.5542012139101954e-30
52,80,2.2933415864974605e-16
52,81,1.0956813985080724e-30
52,82,4.836995417011127e-30
52,83,1.8958948251645176e-30
52,84,5.7636524187338965e-31
52,85,1.678017186511459e-30
52,86,2.1681567797071108e-30
52,87,2.8866330765401846e-30
52,88,2.3036200152869742e-30
52,89,1.2465603384039924e-30
52,90,3.903131955988248e-30
52,91,7.162202459352432e-16
52,92,2.1990447492481183e-30
52,93,1.6085489948429385e-30
52,94,4.522254291987576e-30
52,95,3.2744658262130365e-30
52,96,2.0644070159101834e-30
52,97,1.5722538987014232e-30
52,98,4.9886396791007356e-30
52,99,9.613176302337167e-31
52,100,2.5303402922869633e-30
52,101,2.6238770218509795e-30
52,102,1.1079117368824771e-30
52,103,1.4441643712493032e-30
52,104,3.199837031650211e-30
52,105,2.2526924919674286e-30
52,106,2.6775197702367407e-30
52,107,3.364811895945197e-30
52,108,4.094753463138205e-30
52,109,3.412391656169037e-30
52,110,2.6940848482709795e-30
52,111,1.3955675511915572e-30
52,112,4.837581795695044e-31
52,113,2.5868241524480373e-30
52,114,2.0606238615104583e-30
52,115,3.611903999903683e-30
52,116,2.5060990445207517e-30
52,117,8.487947082756375e-31
52,118,3.259346857917796e-30
52,119,3.927683650008204e-16
52,120,5.216645484810294e-16
52,121,2.3214358355135283e-30
52,122,1.883614357045862e-30
52,123,3.2885924415512684e-30
52,124,9.451966821700978e-32
52,125,1.1437956445595854e-30
52,126,2.3771211518271626e-30
52,127,3.078429162378982e-30
52,128,4.221400542624589e-30
52,129,3.9406859433760414e-30
52,130,3.0824748415083697e-30
52,131,2.4561392236713536e-30
52,132,9.704534314515285e-31
52,133,1.4003949260047927e-30
52,134,1.813811602407054e-30
52,135,8.19599081401206e-31
52,136,4.292531874572529e-30
52,137,2.6228936150027124e-30
52,138,3.5602876264849905e-30
52,139,2.3832028570870317e-30
52,140,9.825667856449947e-30
52,141,2.2218996717071303e-30
52,142,1.5629659093830947e-30
52,143,4.2931803949612145e-30
52,144,2.7717057911391766e-30
52,145,1.6311566869211664e-30
52,146,1.8956124856520568e-30
52,147,2.6067097103497404e-30
52,148,1.231628432002276e-30
52,149,1.955009246530208e-30
53,54,1.6779873471357132e-31
53,55,4.155478193453335e-31
53,56,6.952757396277872e-31
53,57,1.053114964729698e-30
53,58,1.229316058190168e-31
53,59,3.996289150489251e-31
53,60,7.189336487007032e-31
53,61,5.206826396031757e-31
53,62,7.290502669937984e-31
53,63,4.568687772199531e-31
53,64,3.083767441806009e-31
53,65,7.793455760715364e-31
53,66,4.500819597406031e-31
53,67,2.521244254413296e-31
53,68,5.142188884510152e-31
53,69,4.213226260177099e-31
53,70,4.953482277696684e-31
53,71,5.973817038567958e-31
53,72,1.031259323367882e-30
53,73,5.738755349543876e-31
53,74,5.371360273669978e-31
53,75,1.7498506970544484e-30
53,76,3.6528443919679182e-31
53,77,5.059155210061515e-31
53,78,1.3628143824209262e-30
53,79,4.918379212994734e-31
53,80,1.0414182238423611e-30
53,81,4.171176019108749e-31
53,82,5.56446035692798e-31
53,83,1.2868956762481904e-31
53,84,1.2657124896052058e-31
53,85,3.7192457239760266e-31
53,86,8.900333627245096e-31
53,87,5.529363711046399e-31
53,88,7.3745018443378345e-31
53,89,5.558858433552722e-31
53,90,8.754595435635838e-31
53,91,7.617388004880273e-31
53,92,2.7186380193980435e-31
53,93,5.748933330544906e-31
53,94,7.055654574836125e-31
53,95,4.426179352307731e-31
53,96,5.5862184785093114e-31
53,97,5.80538219842815e-31
53,98,8.928109227793506e-31
53,99,6.333611490784121e-31
53,100,6.538742584230217e-31
53,101,4.455785410251922e-31
53,102,1.4064597364544776e-31
53,103,4.9890832895203605e-31
53,104,4.781364556438196e-31
53,105,9.85962505326421e-31
53,106,6.153147152328618e-31
53,107,6.202767366348456e-31
53,108,6.958756096920395e-31
53,109,5.009984095065536e-31
53,110,9.658296233691286e-31
53,111,2.95490612964235e-31
53,112,2.9256390948519784e-32
53,113,6.016400927424519e-31
53,114,3.290123957093832e-31
53,115,6.152236312213485e-31
53,116,6.830601417656909e-31
53,117,7.68073210201206e-31
53,118,2.5518854721761253e-31
53,119,1.076980319321249e-30
53,120,8.425081520381837e-31
53,121,3.083152355972037e-31
53,122,5.605144158195704e-31
53,123,4.670741180370166e-31
53,124,4.095351281940631e-32
53,125,3.8060960388192483e-31
53,126,5.5699295189316205e-31
53,127,4.38712818597673e-31
53,128,2.6589581637481965e-31
53,129,7.974908333554713e-31
53,130,7.573733222877373e-31
53,131,4.343449745092935e-31
53,132,2.32367174164958e-31
53,133,5.546372834311895e-31
53,134,7.312605835183125e-31
53,135,3.966601865374141e-31
53,136,6.247648482187146e-31
53,137,3.8657062400551028e-31
53,138,8.194317523526041e-31
53,139,4.272903104594622e-31
53,140,7.526425216594609e-31
53,141,6.135850919157349e-31
53,142,1.9615163510194095e-31
53,143,7.938191751459087e-31
53,144,1.5589766108303193e-31
53,145,7.561397535142462e-31
53,146,4.869807618207444e-31
53,147,6.258426769866171e-31
53,148,8.131205621839664e-31
53,149,4.976504898429379e-31
54,55,7.369815356544951e-31
54,56,4.442034757723774e-31
54,57,4.528413957885852e-31
54,58,2.447034266865167e-31
54,59,2.30989675060767e-31
54,60,2.9990687442034012e-31
54,61,8.909032888688187e-31
54,62,6.471027588014077e-31
54,63,4.283710730397121e-31
54,64,4.758375130120309e-31
54,65,6.866935383475413e-31
54,66,1.5175442532131142e-30
54,67,8.180938135259721e-31
54,68,7.711204057185527e-31
54,69,1.0417083335975887e-30
54,70,3.561229646745299e-31
54,71,6.2442118474246135e-31
54,72,9.531492887483649e-31
54,73,7.1477238919658785e-31
54,74,1.0355682105361163e-30
54,75,1.5875732161542196e-30
54,76,4.891245095027313e-31
54,77,7.509924817772788e-31
54,78,1.218231919726612e-30
54,79,1.1037895165752215e-30
54,80,9.382437192400037e-31
54,81,3.810790466548356e-31
54,82,1.1994959714186033e-30
54,83,4.824369922817906e-31
54,84,1.4082993628705407e-31
54,85,4.4552722736320155e-31
54,86,8.002827815975056e-31
54,87,7.095535070131688e-31
54,88,6.960182857832241e-31
54,89,4.9681931342010825e-31
54,90,9.147031100717112e-31
54,91,1.5373583351081332e-30
54,92,5.404169530202125e-31
54,93,5.258177084840228e-31
54,94,1.1441549004399818e-30
54,95,8.363940157869827e-31
54,96,4.811642761901617e-31
54,97,6.1941273855312895e-31
54,98,1.4059364244854789e-30
54,99,2.6383866552507135e-31
54,100,5.78988552354437e-31
54,101,6.327150163480882e-31
54,102,2.7143085163453313e-31
54,103,5.008433628085424e-31
54,104,8.192660310464974e-31
54,105,8.780961324621768e-31
54,106,7.622112234178995e-31
54,107,7.733063987205798e-31
54,108,1.1697881296109483e-30
54,109,8.001172556827204e-31
54,110,8.656991476155846e-31
54,111,3.628312565503517e-31
54,112,1.232595164407831e-31
54,113,6.8239018489400465e-31
54,114,5.5914048210894445e-31
54,115,9.257529599848127e-31
54,116,6.327661129606954e-31
54,117,5.169208182342074e-31
54,118,8.202916335077398e-31
54,119,2.1764127131822126e-30
54,120,1.2488435275186625e-30
54,121,5.548251986011965e-31
54,122,4.669257765933483e-31
54,123,7.982387730636304e-31
54,124,3.719206447062373e-32
54,125,3.3182557801113216e-31
54,126,5.704775086200763e-31
54,127,7.840903448622754e-31
54,128,1.0904015865101166e-30
54,129,9.906972526919315e-31
54,130,7.866412645113042e-31
54,131,6.295871579669875e-31
54,132,2.4371975751363385e-31
54,133,5.3353209033576975e-31
54,134,5.603759368031963e-31
54,135,3.3950852475020203e-31
54,136,1.0231378144880114e-30
54,137,6.558313152194644e-31
54,138,9.396681656910395e-31
54,139,6.176922935373766e-31
54,140,2.540365270528715e-30
54,141,6.310263946214256e-31
54,142,4.016394856685603e-31
54,143,1.1064302288979986e-30
54,144,7.2083633929635185e-31
54,145,5.777637019065161e-31
54,146,4.257820419368774e-31
54,147,6.227069519144519e-31
54,148,2.9742101293580955e-31
54,149,4.761798235794508e-31
55,56,9.865865982084077e-31
55,57,1.2638415159283383e-30
55,58,4.8798676533434835e-31
55,59,7.230385785421081e-31
55,60,9.17125666925132e-31
55,61,2.223183104690296e-30
55,62,2.9925867434203113e-16
55,63,9.577373149993581e-31
55,64,1.1533557477840494e-30
55,65,1.3554111499779597e-30
55,66,3.5528943610830874e-30
55,67,1.7518796257499478e-30
55,68,2.0549002115962987e-30
55,69,2.5214088935280422e-30
55,70,1.1211834755232526e-30
55,71,1.0288440888831855e-30
55,72,1.757279925489882e-30
55,73,1.5626248198631666e-30
55,74,2.571867871903176e-30
55,75,3.183320181099187e-30
55,76,1.1602215724860644e-30
55,77,1.8440374316716485e-30
55,78,2.477013420008168e-30
55,79,2.3679824016686302e-30
55,80,2.264341336886833e-30
55,81,7.423279780123856e-31
55,82,2.6869786368275867e-30
55,83,1.0990587506365473e-30
55,84,2.973799527302674e-31
55,85,1.1001785614666358e-30
55,86,1.5033020935649947e-30
55,87,1.707874229637443e-30
55,88,1.2272788198835822e-30
55,89,1.0121944717448776e-30
55,90,1.7050956239053637e-30
55,91,3.9448084808579617e-16
55,92,1.1678294339250408e-30
55,93,1.246991573397147e-30
55,94,2.5276619134758903e-30
55,95,1.9343131608900514e-30
55,96,1.0645416626484016e-30
55,97,1.4832501744042084e-30
55,98,3.517682473428972e-30
55,99,6.208720095042816e-31
55,100,1.3639786712827568e-30
55,101,1.3126359819532105e-30
55,102,5.169057213237258e-31
55,103,1.1782280584084537e-30
55,104,1.845717369594507e-30
55,105,1.8029126651612637e-30
55,106,1.9348080576719928e-30
55,107,1.478772677830593e-30
55,108,2.8911746566310084e-30
55,109,1.7016629500605598e-30
55,110,1.8668851315783918e-30
55,111,9.487742317619475e-31
55,112,2.8021215121705148e-31
55,113,1.6087886698137836e-30
55,114,1.395869254356318e-30
55,115,2.2203599971387047e-30
55,116,1.4294154838288467e-30
55,117,1.280726888251163e-30
55,118,1.8388955832388917e-30
55,119,5.424888317417452e-16
55,120,3.4164805237556784e-16
55,121,1.1641641417215302e-30
55,122,1.2430558853770418e-30
55,123,1.752444044443462e-30
55,124,7.556286922796158e-32
55,125,7.621999558878835e-31
55,126,9.673278604517628e-31
55,127,1.8385844382442425e-30
55,128,2.5604523822648846e-30
55,129,2.388519517205184e-30
55,130,1.561371877483583e-30
55,131,1.512211861556822e-30
55,132,5.2860312711275225e-31
55,133,1.2978072144143334e-30
55,134,1.710634042060316e-30
55,135,7.189123937922564e-31
55,136,2.0816190010385727e-30
55,137,1.3734861422512697e-30
55,138,1.6908248763577086e-30
55,139,1.4375207120502375e-30
55,140,5.88201060231245e-30
55,141,1.579734360458617e-30
55,142,9.435966596211202e-31
55,143,2.665602888227029e-30
55,144,1.6855104415472488e-30
55,145,1.3521573174179729e-30
55,146,8.673722398198804e-31
55,147,1.3931895335950607e-30
55,148,8.823583849267201e-31
55,149,1.1645352947555263e-30
56,57,1.772311414780601e-30
56,58,4.372473709464734e-31
56,59,7.886218879050464e-31
56,60,9.317022658089799e-31
56,61,1.1281607796720611e-30
56,62,1.943277469577628e-16
56,63,1.2844059061090501e-30
56,64,8.535443591943335e-31
56,65,2.2415148566732385e-30
56,66,1.8495330988790303e-30
56,67,1.3588620331351809e-30
56,68,1.0575225039126564e-30
56,69,1.3350904524837133e-30
56,70,7.747622247100665e-31
56,71,1.7038719619719254e-30
56,72,3.0600820297535716e-30
56,73,1.4059106859055245e-30
56,74,1.5132694646261146e-30
56,75,5.178362719577111e-30
56,76,6.428383167919267e-31
56,77,1.1707934426124346e-30
56,78,3.8228660368380326e-30
56,79,1.658028900525803e-30
56,80,2.14995427251748e-30
56,81,1.2837932332254875e-30
56,82,1.5578472332691876e-30
56,83,6.070254487506864e-31
56,84,3.857018935100216e-31
56,85,5.5262203552966545e-31
56,86,2.525315882540815e-30
56,87,1.2375382098191678e-30
56,88,2.2535660497407932e-30
56,89,1.5408662200889031e-30
56,90,1.788920722837322e-30
56,91,7.276580858901916e-16
56,92,9.544032070024173e-31
56,93,1.7163697483889085e-30
56,94,1.822898304058902e-30
56,95,1.3927094058635612e-30
56,96,1.1150777523066733e-30
56,97,1.6733902463575072e-30
56,98,2.4566825520656205e-30
56,99,1.3751406855828414e-30
56,100,7.614263095422774e-31
56,101,1.167137125175773e-30
56,102,5.586968400873521e-31
56,103,1.5636765812484833e-30
56,104,1.394788911304264e-30
56,105,2.6855381906342023e-30
56,106,1.4622510433205133e-30
56,107,1.3521856649054901e-30
56,108,1.956834107335725e-30
56,109,1.1094508431656243e-30
56,110,2.9623115315438162e-30
56,111,6.472733806003172e-31
56,112,1.5372009856739387e-31
56,113,1.3687077292497797e-30
56,114,9.9129440399653e-31
56,115,1.2933597365544616e-30
56,116,2.3985598711124743e-30
56,117,1.1435208032774345e-30
56,118,1.0511673910280455e-30
56,119,2.229372773390377e-16
56,120,3.5395161093345755e-16
56,121,7.871555833880549e-31
56,122,1.0746669082083095e-30
56,123,1.1270966331812742e-30
56,124,1.1760924177182226e-31
56,125,1.0904851206815744e-30
56,126,1.669965571357525e-30
56,127,1.2798449199525418e-30
56,128,1.2905055080825569e-30
56,129,2.09643724763876e-30
56,130,2.2903635437795763e-30
56,131,8.36239426519049e-31
56,132,6.941710212996604e-31
56,133,1.5166027010699514e-30
56,134,1.0018083907849927e-30
56,135,1.0355531353376997e-30
56,136,1.674271482705291e-30
56,137,1.3999246797769023e-30
56,138,2.756939438658281e-30
56,139,8.020756992573614e-31
56,140,3.17757585858269e-30
56,141,2.021899510776672e-30
56,142,4.99337587512819e-31
56,143,1.741203994772435e-30
56,144,8.781344658817532e-31
56,145,1.637503877204935e-30
56,146,9.351892694307842e-31
56,147,1.1131488400955085e-30
56,148,9.597210197181025e-31
56,149,6.063677198275427e-31
57,58,2.3310850563252456e-31
57,59,8.359257553863201e-31
57,60,1.8533724404938862e-30
57,61,1.3102451513882303e-30
57,62,5.704143329397343e-16
57,63,1.4650198548346104e-30
57,64,1.0453709312948935e-30
57,65,2.3375093940017106e-30
57,66,1.738281350614954e-30
57,67,8.763760352764033e-31
57,68,1.1550245895792091e-30
57,69,1.45268739594226e-30
57,70,1.1565129179285144e-30
57,71,9.600430019072575e-31
57,72,2.8889416815379293e-30
57,73,1.2391386040559825e-30
57,74,1.737368546650804e-30
57,75,5.170616147286585e-30
57,76,7.244785416840998e-31
57,77,1.3565491667395775e-30
57,78,3.5481249406401535e-30
57,79,1.6257189263756218e-30
57,80,1.3619789013393368e-16
57,81,1.218089194304185e-30
57,82,2.280633701768997e-16
57,83,4.887311215174156e-31
57,84,3.4897363731814414e-31
57,85,8.510081561772199e-31
57,86,2.2926945337197747e-30
57,87,1.291134401435773e-30
57,88,1.9449851243941504e-30
57,89,1.4666886142481e-30
57,90,2.0217898530324276e-30
57,91,5.33167902360917e-16
57,92,7.83681486660436e-31
57,93,1.8520378405563767e-30
57,94,1.279468816630222e-16
57,95,1.5414005953347693e-30
57,96,1.293293397048854e-30
57,97,1.7393591427094946e-30
57,98,2.7372435525198883e-30
57,99,1.2478366107105554e-30
57,100,1.6031893058967474e-30
57,101,8.779635607772435e-31
57,102,3.4475284616689326e-31
57,103,1.6909934746041232e-30
57,104,1.006879170728452e-30
57,105,2.5483069323605135e-30
57,106,3.787899521856437e-16
57,107,9.687959415430818e-31
57,108,2.3626201241262364e-30
57,109,1.1054400912188276e-30
57,110,4.087952373340977e-16
57,111,8.78367190356456e-31
57,112,1.1364227033642645e-31
57,113,1.2776310896509538e-30
57,114,8.82375367699526e-31
57,115,1.6321705302679656e-30
57,116,1.9734665102260105e-30
57,117,1.4021240144581815e-30
57,118,7.958988405524706e-31
57,119,4.825400815232005e-16
57,120,5.333590627786742e-16
57,121,6.493829582935992e-31
57,122,1.3448708526635131e-30
57,123,6.4827139161228105e-31
57,124,1.1580085050492143e-31
57,125,1.2489611183736129e-30
57,126,1.6016161701248303e-16
57,127,1.0389563801245644e-30
57,128,1.128847230634669e-30
57,129,1.1130993451357662e-16
57,130,2.1327746453450588e-30
57,131,1.2089578181097243e-30
57,132,5.2121783746409896e-31
57,133,1.5652559520548928e-30
57,134,1.143043625357619e-30
57,135,8.690542624341864e-31
57,136,1.0926954633241189e-30
57,137,1.0645529765981612e-30
57,138,2.1855602320410136e-30
57,139,8.067481948238196e-31
57,140,2.7966330408499224e-16
57,141,2.03735053777878e-30
57,142,3.5524211157090875e-31
57,143,1.6478297041641552e-30
57,144,6.819673443549369e-31
57,145,1.4370310557820886e-30
57,146,9.29486249760487e-31
57,147,1.3350956668092314e-30
57,148,1.4239651043676097e-30
57,149,9.209595518534237e-31
58,59,1.886096887674047e-31
58,60,3.1437868739640184e-31
58,61,5.790615054624527e-31
58,62,4.044701126841482e-31
58,63,2.3826740403201267e-31
58,64,3.7485628232841824e-31
58,65,5.754832656346613e-31
58,66,1.0735128922757967e-30
58,67,7.448074724278536e-31
58,68,5.61803553865939e-31
58,69,6.790564295416481e-31
58,70,2.765744457026324e-31
58,71,6.452796968788974e-31
58,72,8.668436242748154e-31
58,73,6.679030275346775e-31
58,74,6.237701473671309e-31
58,75,1.1361692039658787e-30
58,76,3.6650934039203415e-31
58,77,4.7662538452554455e-31
58,78,9.126793212597845e-31
58,79,9.520578536244572e-31
58,80,3.378869620016338e-31
58,81,3.106550462544319e-31
58,82,9.908962256723742e-31
58,83,3.8259681983627162e-31
58,84,1.4487890324440423e-31
58,85,3.191187747740609e-31
58,86,6.522900515125272e-31
58,87,6.582809948898991e-31
58,88,6.533114543481005e-31
58,89,3.6689278483768244e-31
58,90,9.094402696583083e-31
58,91,1.0001550263537926e-30
58,92,4.977205555952892e-31
58,93,4.1115947810411175e-31
58,94,9.226767040712929e-31
58,95,6.849624542177936e-31
58,96,4.555524761320548e-31
58,97,2.3606392951968342e-31
58,98,8.689366997614886e-31
58,99,2.5047904168671146e-31
58,100,5.182990214382152e-31
58,101,6.145019301638714e-31
58,102,2.7387118487188246e-31
58,103,2.011914295349428e-31
58,104,6.766495340436448e-31
58,105,6.622570496135758e-31
58,106,4.2761678925774825e-31
58,107,7.431907657787389e-31
58,108,6.749457045866303e-31
58,109,7.09984523642349e-31
58,110,7.68848423311036e-31
58,111,3.1576738966269455e-31
58,112,9.626875983340368e-32
58,113,5.549060591161794e-31
58,114,4.3403812327163085e-31
58,115,7.759195108136261e-31
58,116,6.636210846581105e-31
58,117,3.0407879211047155e-31
58,118,6.617450388485702e-31
58,119,1.5784778440906506e-30
58,120,1.0105338340996716e-30
58,121,4.833295802817068e-31
58,122,4.225747097915401e-31
58,123,6.745426164879066e-31
58,124,2.540701690099177e-32
58,125,3.0672980947742216e-31
58,126,5.90223903591222e-31
58,127,6.782194626245757e-31
58,128,8.291354275809658e-31
58,129,8.625342612744027e-31
58,130,8.216948894795012e-31
58,131,4.554702665273607e-31
58,132,2.3639515185153086e-31
58,133,2.875363940239765e-31
58,134,3.504569965803253e-31
58,135,2.5579620260140637e-31
58,136,9.151065838108053e-31
58,137,6.49947380066855e-31
58,138,9.785746814370897e-31
58,139,4.552335613395662e-31
58,140,1.9478322444307604e-30
58,141,5.301768802412503e-31
58,142,3.1456246020938435e-31
58,143,9.415026332250029e-31
58,144,5.472068258095547e-31
58,145,4.4243937798495065e-31
58,146,4.01147397123542e-31
58,147,4.980025176000014e-31
58,148,2.8612328062396037e-31
58,149,3.7306959724133277e-31
59,60,9.204571915372564e-31
59,61,7.890495085208878e-31
59,62,9.393967641548917e-31
59,63,4.038971705772028e-31
59,64,4.301655279348503e-31
59,65,6.750827231629644e-31
59,66,1.1138928471211378e-30
59,67,5.949781889222156e-31
59,68,8.750201170359638e-31
59,69,7.957278525901544e-31
59,70,6.910826479115527e-31
59,71,7.595853684106903e-31
59,72,9.277728544732652e-31
59,73,6.360794896278232e-31
59,74,8.248378513259691e-31
59,75,1.5659484145187276e-30
59,76,3.7274705716068293e-31
59,77,5.85513910487853e-31
59,78,1.3396161902288103e-30
59,79,8.584667129339708e-31
59,80,9.046937716334643e-31
59,81,3.830291188127596e-31
59,82,8.871410351428794e-31
59,83,3.482130937065192e-31
59,84,1.1709217397970306e-31
59,85,4.7067714774229615e-31
59,86,8.543658409232922e-31
59,87,4.9682094199440635e-31
59,88,7.265803089156291e-31
59,89,5.296852357730534e-31
59,90,8.239044516052901e-31
59,91,2.3263411494723043e-16
59,92,3.893869232676911e-31
59,93,5.606523654706474e-31
59,94,1.0268582156254361e-30
59,95,6.04930532134605e-31
59,96,7.13378104456434e-31
59,97,6.049681295415489e-31
59,98,1.1296814940134087e-30
59,99,7.141681379233288e-31
59,100,6.771124182682399e-31
59,101,4.458521039724666e-31
59,102,2.0719076118843573e-31
59,103,5.053216405091257e-31
59,104,7.159788390506409e-31
59,105,9.127869114077026e-31
59,106,6.573408716158228e-31
59,107,7.583141385617221e-31
59,108,9.221503748091257e-31
59,109,6.388520289071483e-31
59,110,8.43517501655073e-31
59,111,4.527028674184099e-31
59,112,8.893710098838344e-32
59,113,6.21521712509784e-31
59,114,4.697337708695452e-31
59,115,8.220234745433371e-31
59,116,8.7080482982653e-31
59,117,7.436659941327724e-31
59,118,5.9152667136895265e-31
59,119,2.3806196844071575e-16
59,120,2.2591401799415137e-16
59,121,4.587255388716131e-31
59,122,5.73590024809556e-31
59,123,6.301382172371153e-31
59,124,3.706917930294549e-32
59,125,3.2140533008296983e-31
59,126,7.223806910507548e-31
59,127,5.870771687525279e-31
59,128,7.908525306862895e-31
59,129,8.005432289063697e-31
59,130,7.383454438016989e-31
59,131,4.708534630407673e-31
59,132,3.071533521308996e-31
59,133,5.243820115952149e-31
59,134,9.013699871638967e-31
59,135,4.228238511549014e-31
59,136,9.50433791306268e-31
59,137,5.325528567438247e-31
59,138,8.66264613992916e-31
59,139,4.832089423418449e-31
59,140,1.8673844079019502e-30
59,141,6.115208086398975e-31
59,142,3.069662870041161e-31
59,143,8.668593497823345e-31
59,144,5.282240237144208e-31
59,145,8.693361746919168e-31
59,146,6.6053348014845904e-31
59,147,8.654680297192254e-31
59,148,4.844413619142193e-31
59,149,6.786635952330235e-31
60,61,1.4037520810159063e-30
60,62,1.801518150328115e-30
60,63,1.1925171588586135e-30
60,64,4.352618307427255e-31
60,65,2.1470605084674696e-30
60,66,1.39067954820597e-30
60,67,1.0228921580544635e-30
60,68,1.3415472228521845e-30
60,69,9.544098716603689e-31
60,70,1.279531511246905e-30
60,71,1.0276522244305526e-30
60,72,2.4440153861527857e-30
60,73,9.061872454167751e-31
60,74,1.1497931459472664e-30
60,75,4.124476323598295e-30
60,76,4.945376692378645e-31
60,77,8.278310824945583e-31
60,78,2.759063967752565e-30
60,79,1.2568510837457937e-30
60,80,1.8926469225263163e-30
60,81,9.846481979205139e-31
60,82,1.2232484385997124e-30
60,83,4.531914296403292e-31
60,84,2.9691731189693284e-31
60,85,8.777542219003007e-31
60,86,1.8514163016168306e-30
60,87,1.0557988739082558e-30
60,88,1.6451582300976426e-30
60,89,1.1560318135924027e-30
60,90,1.575680801798004e-30
60,91,1.8219068132909637e-30
60,92,7.4843246968445305e-31
60,93,1.5393822345389628e-30
60,94,1.828170508051754e-30
60,95,1.1539202217074863e-30
60,96,1.3236353061474538e-30
60,97,1.1995623425323867e-30
60,98,1.9067899755500002e-30
60,99,1.0502282590509258e-30
60,100,1.223479990348848e-30
60,101,9.267460323819585e-31
60,102,4.238061238340409e-31
60,103,1.1920819055791875e-30
60,104,8.924651212695133e-31
60,105,2.036292040914444e-30
60,106,1.1131517008527817e-30
60,107,1.0998811864797353e-30
60,108,1.5193898001929556e-30
60,109,1.0366428409431733e-30
60,110,2.7698063993944947e-30
60,111,1.0009158717250357e-30
60,112,1.1483711586376606e-31
60,113,1.0335407980761833e-30
60,114,6.158466897925321e-31
60,115,1.824006351005324e-30
60,116,1.5761121709577319e-30
60,117,8.918345962663223e-31
60,118,7.91685536462384e-31
60,119,2.8065604616731914e-30
60,120,1.3137859486481689e-30
60,121,6.931813249759554e-31
60,122,1.2247413152204819e-30
60,123,9.227437922517356e-31
60,124,9.101718802984474e-32
60,125,1.0635291385570306e-30
60,126,1.0612059282243183e-30
60,127,1.0293742218324621e-30
60,128,9.657178176425026e-31
60,129,1.4037330033809284e-30
60,130,2.064574732111178e-30
60,131,5.882961011137413e-31
60,132,5.310636321589348e-31
60,133,1.1857054284745155e-30
60,134,1.1613971782944612e-30
60,135,6.44161389437681e-31
60,136,1.3914292307608619e-30
60,137,1.1435199362523419e-30
60,138,2.1119889672005173e-30
60,139,6.873522987624134e-31
60,140,2.331458862795082e-30
60,141,1.6035824682096495e-30
60,142,4.257823559179627e-31
60,143,1.3911104091387833e-30
60,144,6.453384887853794e-31
60,145,1.1620559058389415e-30
60,146,9.119914795496006e-31
60,147,1.623169467580081e-30
60,148,1.1363801145527104e-30
60,149,1.0834413458679766e-30
61,62,1.9339877279574464e-30
61,63,1.0295602670180906e-30
61,64,1.3469233221242938e-30
61,65,1.2632425515136602e-30
61,66,4.311999421104728e-30
61,67,2.0963998929495398e-30
61,68,2.512322603512804e-30
61,69,3.0392925415208763e-30
61,70,1.3723333890892986e-30
61,71,1.146810527485337e-30
61,72,1.5060339338040553e-30
61,73,1.9427748679167802e-30
61,74,3.067551812420511e-30
61,75,2.9698895476097068e-30
61,76,1.4166951043586973e-30
61,77,2.145589582472181e-30
61,78,2.3017589934989707e-30
61,79,2.929775240905212e-30
61,80,2.535822994026676e-30
61,81,6.654649401751216e-31
61,82,3.2258395069564633e-16
61,83,1.3340826085842889e-30
61,84,3.610893858280758e-31
61,85,1.3447816896897148e-30
61,86,1.256225035731758e-30
61,87,1.8697448131912388e-30
61,88,9.807446868929704e-31
61,89,9.458398933616944e-31
61,90,2.128717876439254e-30
61,91,2.2404150551932657e-16
61,92,1.4109780694277636e-30
61,93,1.3870179445629326e-30
61,94,3.2210814900265074e-30
61,95,2.3269057217573706e-30
61,96,1.2942717373540325e-30
61,97,1.6394153193150415e-30
61,98,4.130559697654018e-30
61,99,8.287633349439302e-31
61,100,1.5950272466967925e-30
61,101,1.5654268741795919e-30
61,102,5.8222453136033865e-31
61,103,1.286264091152342e-30
61,104,2.286696068303526e-30
61,105,1.5815143415951927e-30
61,106,2.1597989444643142e-30
61,107,1.784588609086355e-30
61,108,3.4502710617000494e-30
61,109,1.9940055696375108e-30
61,110,2.227356877489093e-16
61,111,1.1245430423214655e-30
61,112,3.4003895344856434e-31
61,113,1.9706190981725266e-30
61,114,1.666191313504798e-30
61,115,2.568218331724432e-30
61,116,1.7097964730209137e-30
61,117,1.2227038150891823e-30
61,118,2.2331659343058902e-30
61,119,6.120103078198252e-30
61,120,3.6458493782030874e-30
61,121,1.4111732200234124e-30
61,122,1.5283897119478955e-30
61,123,2.1096080325913057e-30
61,124,6.957998137794097e-32
61,125,8.930352840349974e-31
61,126,1.1951722042943541e-30
61,127,2.1839035812493962e-30
61,128,3.082861157636395e-30
61,129,2.9430040819816114e-30
61,130,1.8419620598318982e-30
61,131,1.840589135446477e-30
61,132,6.082342158899264e-31
61,133,1.4031120887912886e-30
61,134,2.0891201268607282e-30
61,135,6.795884268783621e-31
61,136,2.5647253769058873e-30
61,137,1.5746482662838734e-30
61,138,1.694123892862826e-30
61,139,1.7016622334750227e-30
61,140,2.493420826594824e-16
61,141,1.8588183361692662e-30
61,142,1.1346319223378519e-30
61,143,3.23304425869245e-30
61,144,2.0362758500687738e-30
61,145,1.3861545544620854e-30
61,146,1.0439651309143613e-30
61,147,1.692747752045645e-30
61,148,8.813621135980234e-31
61,149,1.3410143668126639e-30
62,63,1.823431522062788e-30
62,64,1.130103509831274e-30
62,65,2.9200525617595678e-30
62,66,2.9127557316233735e-30
62,67,1.409872702106226e-30
62,68,1.811318544638668e-30
62,69,2.2210814119652496e-30
62,70,9.379402281087396e-31
62,71,1.3926374097463428e-30
62,72,3.551593565050251e-30
62,73,1.3807942503023782e-30
62,74,2.5267623551440184e-30
62,75,6.545302229484073e-30
62,76,1.0708290953047843e-30
62,77,3.2129869954702877e-16
62,78,4.4893391663934746e-30
62,79,2.172231146456022e-30
62,80,3.0474844354935014e-30
62,81,1.5649808396347018e-30
62,82,3.7367087251761345e-16
62,83,8.520713856158504e-31
62,84,4.409352231703243e-31
62,85,9.336837157783029e-31
62,86,2.8949118616079485e-30
62,87,3.3995276360083407e-16
62,88,3.378270978365855e-16
62,89,1.8351948871791113e-30
62,90,1.8568863093310623e-30
62,91,1.0623761554456755e-15
62,92,9.873035761709633e-31
62,93,2.7561338493536142e-30
62,94,2.70889166136933e-16
62,95,3.694808296143661e-16
62,96,1.3079465955937403e-30
62,97,2.1789522656920002e-30
62,98,3.7828110950285015e-16
62,99,1.4499226313055256e-30
62,100,1.1929884196634093e-30
62,101,1.1353619409257228e-30
62,102,5.417520524719407e-31
62,103,2.1635436416970475e-30
62,104,4.340589281364844e-16
62,105,3.178037983061046e-30
62,106,4.195592889175419e-16
62,107,1.1457239728089642e-30
62,108,3.3236314762518436e-30
62,109,3.053950996142662e-16
62,110,4.1932970789410377e-16
62,111,9.7540901170479e-31
62,112,2.1437944838411505e-31
62,113,6.087279142740941e-16
62,114,1.1788417582556175e-30
62,115,1.834795674143665e-30
62,116,4.338334978021437e-16
62,117,1.3397586105085859e-30
62,118,1.4085309781240104e-30
62,119,4.906542766618841e-16
62,120,7.386337672070276e-16
62,121,8.984110372886755e-31
62,122,3.3103716099653753e-16
62,123,1.261576967782744e-30
62,124,1.4609692234766962e-31
62,125,1.5430552133925578e-30
62,126,2.9740264406353856e-16
62,127,1.3474291475465997e-30
62,128,1.9395133699990603e-30
62,129,9.054591875199076e-16
62,130,2.728025363356656e-30
62,131,1.4238771041605294e-30
62,132,1.1159483972560514e-30
62,133,2.0607658253924908e-30
62,134,1.8273394178151697e-30
62,135,1.104919591203024e-30
62,136,2.305551267627054e-16
62,137,1.479722519080719e-30
62,138,6.938893903907168e-18
62,139,1.146915601782815e-30
62,140,6.766755827411431e-16
62,141,2.8820469394899193e-30
62,142,6.95545461564015e-31
62,143,5.649555204027788e-16
62,144,1.280968287678486e-30
62,145,2.0128158362125113e-30
62,146,7.83365243642544e-31
62,147,2.562932854480528e-16
62,148,1.281818623599046e-16
62,149,1.058127788031204e-30
63,64,5.989788436792814e-31
63,65,2.1075932571071257e-30
63,66,1.266261656305949e-30
63,67,6.6002867419795326e-31
63,68,6.474237060921982e-31
63,69,1.2135618705724388e-30
63,70,5.085130586666557e-31
63,71,1.0652994309916727e-30
63,72,2.7636482768717928e-30
63,73,9.282423602500698e-31
63,74,1.5268580055359753e-30
63,75,4.8328982404215594e-30
63,76,6.800755214706186e-31
63,77,1.0940480931557088e-30
63,78,3.50704281602891e-30
63,79,1.3797962718076879e-30
63,80,2.3336350442073605e-30
63,81,1.1449359215908733e-30
63,82,8.950885808954015e-31
63,83,3.71035132167805e-31
63,84,3.3780973061336014e-31
63,85,4.284083670447986e-31
63,86,2.275822077216522e-30
63,87,1.046235220454749e-30
63,88,1.918647513538258e-30
63,89,1.4409662600045092e-30
63,90,1.5701723531269557e-30
63,91,1.905301382134593e-30
63,92,7.368317495119231e-31
63,93,1.6018557058979025e-30
63,94,1.159846373370239e-30
63,95,1.2737574288906034e-30
63,96,9.654614346735346e-31
63,97,1.6013742898634185e-30
63,98,2.462187882520468e-30
63,99,6.922594535202652e-31
63,100,4.346868541178899e-31
63,101,8.462850457601044e-31
63,102,3.3399237125282642e-31
63,103,1.4152613046503711e-30
63,104,8.98664707215447e-31
63,105,2.5328446974160315e-30
63,106,1.454000376425697e-30
63,107,8.550422169933299e-31
63,108,1.9907026215304658e-30
63,109,5.001050669041943e-31
63,110,2.768282332545176e-30
63,111,6.396238054381526e-31
63,112,7.298639260417824e-32
63,113,1.0874839519617695e-30
63,114,8.268558334604639e-31
63,115,1.0369625284210153e-30
63,116,1.7127141727938576e-30
63,117,1.3055136035285029e-30
63,118,5.302191239918272e-31
63,119,2.259078421507541e-30
63,120,1.5436916582848104e-30
63,121,3.2635527306341132e-31
63,122,8.187651825660692e-31
63,123,4.930193857452505e-31
63,124,1.109545941830467e-31
63,125,1.0835409711917475e-30
63,126,1.2470882360608981e-30
63,127,9.140157708254748e-31
63,128,7.094240911470163e-31
63,129,1.929930193326257e-30
63,130,1.9744320075550542e-30
63,131,7.154749718415794e-31
63,132,4.11124560925433e-31
63,133,1.4592538822883241e-30
63,134,8.668149098312502e-31
63,135,9.198383365542353e-31
63,136,6.3887800343385186e-31
63,137,9.429676472272734e-31
63,138,2.1046720572348664e-30
63,139,6.841354626457927e-31
63,140,1.927463540871124e-30
63,141,1.725628208790369e-30
63,142,2.2391746156050747e-31
63,143,1.73105696423863e-30
63,144,4.6998450773701245e-31
63,145,1.5063787407902668e-30
63,146,4.451255378865099e-31
63,147,8.842687034351023e-31
63,148,7.77031651841389e-31
63,149,4.448762930814562e-31
64,65,9.360786587407829e-31
64,66,2.3164125853872123e-30
64,67,1.2415002497569205e-30
64,68,1.1318060352441921e-30
64,69,1.5820507044487935e-30
64,70,6.727921488904678e-31
64,71,9.278209511221587e-31
64,72,1.330538040663364e-30
64,73,1.125716103567611e-30
64,74,1.5652765566228085e-30
64,75,2.2283720744571838e-30
64,76,7.753327033282683e-31
64,77,1.282696708114208e-30
64,78,1.724428264119317e-30
64,79,1.7099799513278244e-30
64,80,1.2915437938169843e-30
64,81,5.42420362310705e-31
64,82,1.8828850231604667e-30
64,83,7.379847415615741e-31
64,84,2.1276165071736866e-31
64,85,7.428440775407103e-31
64,86,1.130991678264539e-30
64,87,1.1628316595362774e-30
64,88,9.964098829740617e-31
64,89,6.938083216840885e-31
64,90,1.4134924613473425e-30
64,91,2.171201744766406e-30
64,92,8.257687847435835e-31
64,93,8.316370018658484e-31
64,94,1.6654239650788442e-30
64,95,1.3040522578761022e-30
64,96,7.358502266562453e-31
64,97,9.200778611746341e-31
64,98,2.3156101384736554e-30
64,99,6.136930758755361e-31
64,100,1.1950714218432392e-30
64,101,1.0141000705280764e-30
64,102,4.089461060400926e-31
64,103,8.163817948395121e-31
64,104,1.1714565914435915e-30
64,105,1.2144162440047854e-30
64,106,1.1843401545705969e-30
64,107,1.2402728674430796e-30
64,108,1.887633581967607e-30
64,109,1.3124575576559462e-30
64,110,1.2092061676559117e-30
64,111,5.7456935203551495e-31
64,112,1.88550803870269e-31
64,113,9.965979023004212e-31
64,114,8.382639932197778e-31
64,115,1.4136769347023373e-30
64,116,9.29679820601618e-31
64,117,6.227771539299437e-31
64,118,1.2569853990148591e-30
64,119,3.338814491655798e-30
64,120,2.1921474162518056e-30
64,121,8.935705008247315e-31
64,122,8.840273073900299e-31
64,123,1.2258957520426462e-30
64,124,5.195438399478404e-32
64,125,4.630238097518262e-31
64,126,8.876127151191169e-31
64,127,1.2081940309956325e-30
64,128,1.7162334429245418e-30
64,129,1.622939147747235e-30
64,130,1.1579715337257431e-30
64,131,1.0816709487711184e-30
64,132,3.61780040765639e-31
64,133,7.909974951560552e-31
64,134,8.90080468819136e-31
64,135,4.901331674327658e-31
64,136,1.543758030660098e-30
64,137,9.410850199856927e-31
64,138,1.3616204727121316e-30
64,139,8.994250849626559e-31
64,140,3.845584106270208e-30
64,141,1.0521298738227396e-30
64,142,6.118150048716536e-31
64,143,1.6570854509018755e-30
64,144,1.0983504525262004e-30
64,145,8.22379291136219e-31
64,146,7.3419522745773855e-31
64,147,1.0459273113770429e-30
64,148,4.633136029188446e-31
64,149,7.999270227017003e-31
65,66,1.0474901702861154e-30
65,67,1.6705883830655836e-30
65,68,1.2196188533555623e-30
65,69,1.3813800421935153e-30
65,70,1.1549521154345054e-30
65,71,2.1526184745496945e-30
65,72,4.986636403928491e-30
65,73,1.855919308981463e-30
65,74,1.998737744405647e-30
65,75,8.281563006780658e-30
65,76,1.0634118866167372e-30
65,77,1.423203526823922e-30
65,78,6.039778222414915e-30
65,79,2.4316597668694267e-30
65,80,3.6017713537592114e-30
65,81,2.006958398588826e-30
65,82,1.703460159896272e-30
65,83,6.079652991945666e-31
65,84,6.197716408255847e-31
65,85,7.195828507902285e-31
65,86,4.039548873878506e-30
65,87,2.0711409760339294e-30
65,88,3.507703630993309e-30
65,89,2.483964045546177e-30
65,90,3.1999383457623604e-30
65,91,2.1293119724116045e-30
65,92,1.4611706420591212e-30
65,93,2.6948254117954947e-30
65,94,1.9877521439067503e-30
65,95,2.1376042560278095e-30
65,96,1.6899153217395906e-30
65,97,2.4599308542336035e-30
65,98,3.542869369493499e-30
65,99,1.2866452437295865e-30
65,100,1.4135808896973901e-30
65,101,1.872137175279652e-30
65,102,7.99973936600772e-31
65,103,2.18804888959028e-30
65,104,1.5686899984633078e-30
65,105,4.442785292472645e-30
65,106,2.0588287224128754e-30
65,107,1.873826314187358e-30
65,108,2.7346410976938908e-30
65,109,1.2744246064994508e-30
65,110,4.878192517045872e-30
65,111,1.2163555719538062e-30
65,112,1.0108031902619597e-31
65,113,1.80171260285525e-30
65,114,1.3502926933036046e-30
65,115,2.103654510041961e-30
65,116,3.1100608925101508e-30
65,117,2.391373378363272e-30
65,118,9.537639437593203e-31
65,119,2.565517815326724e-30
65,120,2.6333310952825537e-30
65,121,7.544707074653934e-31
65,122,1.6398453437291794e-30
65,123,1.0441055963042008e-30
65,124,1.8958044879200357e-31
65,125,1.860390599527894e-30
65,126,2.300554724304099e-30
65,127,1.8197153954071624e-30
65,128,1.0066974550416355e-30
65,129,3.3041970667712556e-30
65,130,3.814635251548441e-30
65,131,1.0042203664215855e-30
65,132,8.356938404934915e-31
65,133,2.3345524613669525e-30
65,134,1.4158001403434884e-30
65,135,1.583442372038438e-30
65,136,1.4659592429200359e-30
65,137,2.0819466477133874e-30
65,138,4.1870867377042784e-30
65,139,9.260518744818934e-31
65,140,2.517034985750597e-30
65,141,2.8774301931488236e-30
65,142,4.103864251857055e-31
65,143,3.1132903180088116e-30
65,144,6.011207409499803e-31
65,145,2.57094704095838e-30
65,146,8.820324028536359e-31
65,147,1.4036771864731773e-30
65,148,1.3872922927479797e-30
65,149,7.618404208054073e-31
66,67,3.743512778156972e-30
66,68,3.7152847455749986e-30
66,69,5.056251901222327e-30
66,70,1.6832777979999416e-30
66,71,2.2791739258184473e-30
66,72,1.947702200402941e-30
66,73,3.320032943754733e-30
66,74,4.959469970327352e-30
66,75,2.403165955397322e-30
66,76,2.386295433651225e-30
66,77,3.628007140924517e-30
66,78,2.4984797039334726e-30
66,79,5.289093625533423e-30
66,80,3.641892848041113e-30
66,81,7.17413662169514e-31
66,82,5.757867071816395e-30
66,83,2.3294665259191823e-30
66,84,6.343598190389963e-31
66,85,2.1638440668328073e-30
66,86,7.694345127630803e-31
66,87,3.324812836386007e-30
66,88,1.436548554467349e-30
66,89,9.85991392265911e-31
66,90,4.026421829676914e-30
66,91,7.481836636774413e-30
66,92,2.5172590967047254e-30
66,93,2.0476044773753012e-30
66,94,5.522131070541559e-30
66,95,4.060742165536609e-30
66,96,2.3079520940092555e-30
66,97,2.25777759430367e-30
66,98,6.698881936423148e-30
66,99,7.3738847454530396e-31
66,100,2.6701695201817874e-30
66,101,2.8019774063354438e-30
66,102,1.0699223237137298e-30
66,103,1.7427165935878203e-30
66,104,3.952628503694633e-30
66,105,1.2567053626814903e-30
66,106,3.563298272140941e-30
66,107,3.4337086590275526e-30
66,108,5.557385052121612e-30
66,109,3.726536951969371e-30
66,110,2.7544991531765816e-30
66,111,1.7356081379567884e-30
66,112,5.94846901713368e-31
66,113,3.312724463605959e-30
66,114,2.7101869636982123e-30
66,115,4.415888734209636e-30
66,116,2.7059180769672258e-30
66,117,9.841686014035595e-31
66,118,3.941556117929988e-30
66,119,1.063549982281584e-29
66,120,6.0446264733014346e-30
66,121,2.6015254313992886e-30
66,122,2.2074550361304048e-30
66,123,3.807187699418694e-30
66,124,5.544265625324627e-32
66,125,1.4249890233582053e-30
66,126,2.2332639229546092e-30
66,127,3.7323924847025954e-30
66,128,5.27943912884096e-30
66,129,4.828712867500112e-30
66,130,2.695185135601298e-30
66,131,3.068688490630661e-30
66,132,1.099404194900901e-30
66,133,1.972268293854145e-30
66,134,2.5731085416143448e-30
66,135,8.111007206128088e-31
66,136,4.743259088641702e-30
66,137,2.796515636729521e-30
66,138,2.842901563397921e-30
66,139,3.013098257714502e-30
66,140,1.2310063560905091e-29
66,141,2.968367592818525e-30
66,142,1.9356371073024474e-30
66,143,5.3531748648903804e-30
66,144,3.490859681930508e-30
66,145,1.8749859933393773e-30
66,146,1.951856455250724e-30
66,147,3.0348781091932737e-30
66,148,1.420216170045069e-30
66,149,2.3128489875740674e-30
67,68,2.0930840882535823e-30
67,69,2.4095953191606513e-30
67,70,1.059784623924543e-30
67,71,1.8981679685009416e-30
67,72,2.515887604790968e-30
67,73,2.119372928970826e-30
67,74,2.2615103544104214e-30
67,75,3.1263068376365063e-30
67,76,1.2203038220628932e-30
67,77,1.6801935536086225e-30
67,78,2.4068351729616147e-30
67,79,3.0650302621896372e-30
67,80,1.1181810883460625e-30
67,81,9.022773946631319e-31
67,82,3.284282144166023e-30
67,83,1.2961282506423508e-30
67,84,4.497008040101772e-31
67,85,1.1277211292625545e-30
67,86,1.710119669737569e-30
67,87,2.1457599106426214e-30
67,88,1.8377117839931618e-30
67,89,9.614818495835943e-31
67,90,2.764374452641518e-30
67,91,5.24426876098929e-16
67,92,1.6165923082720397e-30
67,93,1.3049136996859276e-30
67,94,3.1189198220944247e-30
67,95,2.282862272960277e-30
67,96,1.3921261137740726e-30
67,97,7.037573260798232e-31
67,98,3.068083562388796e-30
67,99,7.561049560651543e-31
67,100,1.7011773731719252e-30
67,101,1.940168483167193e-30
67,102,8.630689240751093e-31
67,103,6.441864125175467e-31
67,104,2.2603179722651036e-30
67,105,1.725443750027364e-30
67,106,1.5010269774008676e-30
67,107,2.2610998685546785e-30
67,108,2.4210404991777163e-30
67,109,2.251270852954141e-30
67,110,2.501434379633245e-30
67,111,1.0985971387840139e-30
67,112,3.2825169394240302e-31
67,113,1.8846770396336207e-30
67,114,1.4922491278509368e-30
67,115,2.664087046408445e-30
67,116,2.1557676990063113e-30
67,117,5.398612322724862e-31
67,118,2.2309930722903593e-30
67,119,5.3610261432958146e-30
67,120,3.42056068605469e-30
67,121,1.5583453567483766e-30
67,122,1.5014737699454597e-30
67,123,2.2066625110411657e-30
67,124,6.723493686123108e-32
67,125,9.564950744844838e-31
67,126,1.7040868408791636e-30
67,127,2.2859426148645495e-30
67,128,2.8626485121088534e-30
67,129,2.761901376884915e-30
67,130,2.5640163920812364e-30
67,131,1.5516288410846406e-30
67,132,7.738034216451074e-31
67,133,8.312230873461813e-31
67,134,1.3029566989079576e-30
67,135,6.304448732599534e-31
67,136,2.899598930725669e-30
67,137,2.1181513364981946e-30
67,138,2.973051420464691e-30
67,139,1.5495288187718706e-30
67,140,6.687833022665255e-30
67,141,1.755345251388537e-30
67,142,1.0801613844767839e-30
67,143,3.1165351478506004e-30
67,144,1.8914595633411824e-30
67,145,1.076320725660605e-30
67,146,1.1954501333146145e-30
67,147,1.623532515511662e-30
67,148,9.43056547911589e-31
67,149,1.2379903196477404e-30
68,69,2.578538239442349e-30
68,70,1.4601491815634406e-30
68,71,1.1475627236235851e-30
68,72,1.5330566475295887e-30
68,73,1.8423772773834607e-30
68,74,2.5836573384432028e-30
68,75,2.1103447270885538e-30
68,76,1.1956120193610428e-30
68,77,1.7376312935422526e-30
68,78,1.4676744844073888e-30
68,79,2.465239573656039e-30
68,80,1.8129400463936543e-30
68,81,5.704607419295236e-31
68,82,2.927136390680268e-30
68,83,1.1914257296791285e-30
68,84,3.356321234908192e-31
68,85,1.2808831628306962e-30
68,86,9.267781891596592e-31
68,87,1.7542223903766963e-30
68,88,1.0088134190517221e-30
68,89,5.926963829548153e-31
68,90,1.8179395567431975e-30
68,91,4.278376655026922e-16
68,92,1.3253898105254161e-30
68,93,1.202409204858369e-30
68,94,2.977886635086843e-30
68,95,2.034264756513811e-30
68,96,1.2466987990287384e-30
68,97,1.1033795923518134e-30
68,98,3.515869302400683e-30
68,99,8.574875350881084e-31
68,100,1.618847134672794e-30
68,101,1.5311235092532812e-30
68,102,6.210213353545957e-31
68,103,8.292676162858581e-31
68,104,2.1180800869358004e-30
68,105,9.918858952780973e-31
68,106,1.7406411372147496e-30
68,107,1.519068218425758e-30
68,108,2.789734781814789e-30
68,109,1.7289247196743878e-30
68,110,2.0684226003255895e-30
68,111,1.1826352831203667e-30
68,112,3.0439833037667634e-31
68,113,1.8213980562695274e-30
68,114,1.5263035817405642e-30
68,115,2.6001145589448814e-30
68,116,1.938383732604303e-30
68,117,9.01820595513017e-31
68,118,2.012378348608758e-30
68,119,1.0876373811252051e-15
68,120,5.302723650597638e-16
68,121,1.2357044065094036e-30
68,122,1.637389998424328e-30
68,123,1.830549327088807e-30
68,124,4.651590124041655e-32
68,125,7.040798056861386e-31
68,126,1.0802734445508585e-30
68,127,2.130320521757928e-30
68,128,2.7809752358091283e-30
68,129,2.5728292537084735e-30
68,130,2.0488844087189488e-30
68,131,1.6094598356732122e-30
68,132,6.631641866810754e-31
68,133,1.084465778782132e-30
68,134,2.3131211412671756e-30
68,135,4.579867395705582e-31
68,136,2.2320877136173884e-30
68,137,1.7151101526886754e-30
68,138,2.0088806440063323e-30
68,139,1.4229655797360499e-30
68,140,6.442163858986128e-30
68,141,1.720034926702469e-30
68,142,1.0656883647717015e-30
68,143,3.008644061433551e-30
68,144,1.839236831766146e-30
68,145,1.1057678719001798e-30
68,146,8.825872829174402e-31
68,147,1.3871997351281083e-30
68,148,1.1401280654167294e-30
68,149,1.3484791187426379e-30
69,70,1.1955855194618581e-30
69,71,1.407163544992305e-30
69,72,1.8029928193697912e-30
69,73,2.17542682643541e-30
69,74,3.5700031394351416e-30
69,75,3.5423120712344e-30
69,76,1.6546871829039305e-30
69,77,2.5779422936939436e-30
69,78,2.8113060669512007e-30
69,79,3.4930985997275325e-30
69,80,3.044744572729839e-30
69,81,8.183746023730029e-31
69,82,3.822998490392851e-30
69,83,1.5588042419143153e-30
69,84,4.227196102374362e-31
69,85,1.4913091889688278e-30
69,86,1.5495057087247233e-30
69,87,2.195578785603304e-30
69,88,1.2190640426846596e-30
69,89,1.1451666876132817e-30
69,90,2.572386188495843e-30
69,91,5.237079133613993e-30
69,92,1.6444854866997933e-30
69,93,1.6280486056570596e-30
69,94,3.690415895953992e-30
69,95,2.7545636466649806e-30
69,96,1.5481875725116555e-30
69,97,1.959954172483214e-30
69,98,4.861224586048534e-30
69,99,5.5918395103079605e-31
69,100,1.7278329017715226e-30
69,101,1.7916631774466963e-30
69,102,6.660130971062105e-31
69,103,1.5527157064601675e-30
69,104,2.6482592496116135e-30
69,105,1.8897306657934406e-30
69,106,2.6318747400562425e-30
69,107,2.1737249151039888e-30
69,108,4.0498969537503076e-30
69,109,2.3969819974398416e-30
69,110,2.2361990214053464e-30
69,111,1.1826463387721268e-30
69,112,3.97081732667648e-31
69,113,2.2730277543542387e-30
69,114,1.8876003349477786e-30
69,115,2.9354130656785435e-30
69,116,1.846503477459825e-30
69,117,1.285542059155382e-30
69,118,2.6149330280334793e-30
69,119,7.219464299665383e-30
69,120,4.116885678649574e-30
69,121,1.6813298236050744e-30
69,122,1.5039028504207801e-30
69,123,2.5070448818982426e-30
69,124,8.444844901452853e-32
69,125,1.06139706966038e-30
69,126,1.4071725362847321e-30
69,127,2.4851509289993654e-30
69,128,3.562627185994318e-30
69,129,3.35433598375338e-30
69,130,1.7315700311731256e-30
69,131,2.1221409549103724e-30
69,132,7.0781308890157955e-31
69,133,1.67037168173315e-30
69,134,1.9430398898177572e-30
69,135,8.159961717216324e-31
69,136,3.0396364999594335e-30
69,137,1.7739255642585458e-30
69,138,1.8033505751950653e-30
69,139,2.0579885961594034e-30
69,140,8.300234378905966e-30
69,141,2.1778416129565026e-30
69,142,1.2968755461479959e-30
69,143,3.667713203894918e-30
69,144,2.3556466344199073e-30
69,145,1.5896127329309587e-30
69,146,1.2523904465986998e-30
69,147,2.0423616630205562e-30
69,148,9.491963377175601e-31
69,149,1.5610025039071721e-30
70,71,5.927849189752562e-31
70,72,1.2076208364006362e-30
70,73,9.366546747097598e-31
70,74,1.2833194289549489e-30
70,75,1.8744183563984312e-30
70,76,5.330144847162844e-31
70,77,9.029818436233064e-31
70,78,1.2839275859186603e-30
70,79,1.0094902297677318e-30
70,80,9.77503634864947e-31
70,81,4.743695344007489e-31
70,82,1.4032351508009952e-30
70,83,5.513636342426436e-31
70,84,1.779171055831401e-31
70,85,8.076988250951502e-31
70,86,8.662445600106597e-31
70,87,1.0234409297387608e-30
70,88,8.295568552425164e-31
70,89,5.314952925106432e-31
70,90,9.808987003957018e-31
70,91,1.5620189903788121e-30
70,92,6.562281038688562e-31
70,93,7.744078972511324e-31
70,94,1.4728256787230691e-30
70,95,9.916185981388592e-31
70,96,8.171479443338603e-31
70,97,6.256278202550967e-31
70,98,1.7489754252723143e-30
70,99,9.016839290865347e-31
70,100,1.1721547997672351e-30
70,101,7.899471935756127e-31
70,102,3.408022136729579e-31
70,103,5.312744221371183e-31
70,104,9.061864652843504e-31
70,105,9.440089624937993e-31
70,106,8.004293891081705e-31
70,107,7.461839861425601e-31
70,108,1.2932169165284628e-30
70,109,7.891409970286429e-31
70,110,1.4790587383869822e-30
70,111,8.150531032226263e-31
70,112,1.4067253883456938e-31
70,113,8.883490906823142e-31
70,114,7.781006346680664e-31
70,115,1.585242443280662e-30
70,116,1.0805965313070821e-30
70,117,6.626936794976756e-31
70,118,9.471404104561706e-31
70,119,2.070247833200591e-30
70,120,1.793167348667471e-30
70,121,5.907316052049972e-31
70,122,1.1116431664124173e-30
70,123,9.333051494340243e-31
70,124,4.148948486246546e-32
70,125,5.183411344164606e-31
70,126,5.4326982468840475e-31
70,127,1.1082144015685864e-30
70,128,1.3608507199159696e-30
70,129,1.135118855690257e-30
70,130,1.4496828006795762e-30
70,131,7.775973655596381e-31
70,132,3.4405119751385686e-31
70,133,5.550027558393925e-31
70,134,1.2583089778515426e-30
70,135,3.538213566198202e-31
70,136,8.554488086811453e-31
70,137,9.39814841173688e-31
70,138,1.3748605033587622e-30
70,139,6.438390149118176e-31
70,140,2.9640684359882073e-30
70,141,1.008981615675829e-30
70,142,5.667467344224603e-31
70,143,1.462844486373372e-30
70,144,8.822654160401811e-31
70,145,7.034291022926925e-31
70,146,6.364231783462009e-31
70,147,1.0976471690773663e-30
70,148,6.853993531257856e-31
70,149,8.620927810940934e-31
71,72,3.1747379287969074e-30
71,73,1.9145965562334692e-30
71,74,1.2573594876686431e-30
71,75,4.757517429041962e-30
71,76,9.084479527588185e-31
71,77,9.80811432839159e-31
71,78,3.7795365733508496e-30
71,79,2.519935627716583e-30
71,80,1.6251110334810013e-30
71,81,1.2169006997673416e-30
71,82,2.452829275370719e-30
71,83,8.900270736573253e-31
71,84,4.499504313418882e-31
71,85,6.801839188469404e-31
71,86,2.6090467754877383e-30
71,87,1.7620058751394758e-30
71,88,2.394413085554656e-30
71,89,1.5230373303506351e-30
71,90,2.6729159059431197e-30
71,91,2.2247023826882863e-30
71,92,1.3334325683594844e-30
71,93,1.521026325360492e-30
71,94,2.2904367186040477e-30
71,95,1.742860740013279e-30
71,96,1.4522971226324628e-30
71,97,1.2312325972682131e-30
71,98,1.9685932532817265e-30
71,99,1.0757745486191526e-30
71,100,1.1864606423852689e-30
71,101,1.7110356963394553e-30
71,102,7.7727313037375924e-31
71,103,1.0626721377783243e-30
71,104,1.7627248140748897e-30
71,105,2.71226289794941e-30
71,106,1.0884129372081273e-30
71,107,2.1653099404932687e-30
71,108,1.364250796940919e-30
71,109,1.867001949882365e-30
71,110,2.7381334089315064e-30
71,111,7.881584070679891e-31
71,112,2.1737052491748e-31
71,113,1.4493566351453358e-30
71,114,1.1205969413753615e-30
71,115,1.8190061316216037e-30
71,116,2.2709882457186166e-30
71,117,1.3438677841320226e-30
71,118,1.5480835623814399e-30
71,119,3.6164773032085345e-30
71,120,2.5077583491348387e-30
71,121,1.2426113663583046e-30
71,122,1.0558566755495693e-30
71,123,1.7521640185539666e-30
71,124,1.089628051743133e-31
71,125,1.0293696596412176e-30
71,126,1.9771584064674262e-30
71,127,1.7044227850821887e-30
71,128,1.7976113256980447e-30
71,129,2.532589247098312e-30
71,130,2.6010466749705645e-30
71,131,1.0353903721290668e-30
71,132,6.859644599804427e-31
71,133,1.2402888462205193e-30
71,134,1.0376359976246519e-30
71,135,1.0791088999220625e-30
71,136,2.5053349803324737e-30
71,137,1.8062494278155174e-30
71,138,3.1703284642895525e-30
71,139,1.077153861661196e-30
71,140,4.378301283846349e-30
71,141,1.7326810289967946e-30
71,142,7.176575585526368e-31
71,143,2.5279876046607625e-30
71,144,1.2036876683032918e-30
71,145,1.879862536881562e-30
71,146,1.2811819913829263e-30
71,147,1.349993286660958e-30
71,148,8.677619000025746e-31
71,149,9.900592408006235e-31
72,73,2.688729337969862e-30
72,74,2.5944260647855742e-30
72,75,1.1117022938392124e-29
72,76,1.4324250039038775e-30
72,77,1.8801690027479187e-30
72,78,8.226375594997647e-30
72,79,3.4434947428632134e-30
72,80,4.718738890296611e-30
72,81,2.7091334259534732e-30
72,82,2.6472364609654725e-30
72,83,9.412472990288216e-31
72,84,8.511988018602825e-31
72,85,7.000233218627188e-31
72,86,5.513422449821748e-30
72,87,2.929022432493074e-30
72,88,4.809497716844587e-30
72,89,3.36339545205583e-30
72,90,4.3472312439102155e-30
72,91,2.1082823508647117e-16
72,92,2.05757855146752e-30
72,93,3.537934697792252e-30
72,94,2.6625496185857464e-30
72,95,2.8809034769800253e-30
72,96,2.3380328216917503e-30
72,97,3.262229194383922e-30
72,98,4.670732914744946e-30
72,99,1.7301563225576816e-30
72,100,1.6025988906249634e-30
72,101,2.5516079129734008e-30
72,102,1.1669449337067603e-30
72,103,2.8465945139678628e-30
72,104,2.236714653188145e-30
72,105,5.991115491770107e-30
72,106,2.7345614231706253e-30
72,107,2.7727513921483446e-30
72,108,3.501401408909271e-30
72,109,1.9114633173515407e-30
72,110,6.402994548141888e-30
72,111,1.539884360317153e-30
72,112,1.941841728653401e-31
72,113,2.55976304497244e-30
72,114,1.8765639459891932e-30
72,115,2.675345968378738e-30
72,116,4.257979170604839e-30
72,117,3.0347833500724216e-30
72,118,1.546262248519576e-30
72,119,2.490657645233848e-16
72,120,3.6898165851278494e-30
72,121,1.2435666645155048e-30
72,122,2.093603668681859e-30
72,123,1.7411479284074266e-30
72,124,2.547936948445266e-31
72,125,2.4350358464312366e-30
72,126,3.315761180405185e-30
72,127,2.5363692809639405e-30
72,128,1.6820015243771012e-30
72,129,4.527391046431132e-30
72,130,5.215046244163301e-30
72,131,1.3243768932199531e-30
72,132,1.0948196130775476e-30
72,133,3.0910081176857043e-30
72,134,1.836533135844669e-30
72,135,2.1795078313608493e-30
72,136,2.5182105046853247e-30
72,137,2.908346508353964e-30
72,138,5.795190588389158e-30
72,139,1.2608727593630766e-30
72,140,4.419374151791809e-30
72,141,3.8331532849452985e-30
72,142,6.57156367559076e-31
72,143,4.25007046900228e-30
72,144,1.0991548460953935e-30
72,145,3.487528269852215e-30
72,146,1.2693532502683065e-30
72,147,1.7558456674336916e-30
72,148,1.72951342287369e-30
72,149,8.783240494306106e-31
73,74,2.084494636418875e-30
73,75,3.9865102372692215e-30
73,76,1.1240946264899327e-30
73,77,1.5239226768841077e-30
73,78,3.200673530395727e-30
73,79,2.7515235109779423e-30
73,80,1.7242425392102487e-30
73,81,1.0129361857389472e-30
73,82,2.9123493987971512e-30
73,83,1.1292132519284626e-30
73,84,4.130097710848231e-31
73,85,1.0241580393919576e-30
73,86,2.2191656379139512e-30
73,87,1.875268010624034e-30
73,88,2.0553986340159372e-30
73,89,1.2977782571278317e-30
73,90,2.658502216327352e-30
73,91,3.9276836500082014e-16
73,92,1.4131515293149106e-30
73,93,1.3041027948434218e-30
73,94,2.7493371045593166e-30
73,95,1.968219141723354e-30
73,96,1.3511414017070433e-30
73,97,1.1896111248901487e-30
73,98,2.7945089287932398e-30
73,99,9.951465683811426e-31
73,100,1.5774908646071738e-30
73,101,1.7225449206665043e-30
73,102,7.747715017720359e-31
73,103,9.67640442920133e-31
73,104,1.9597244029958226e-30
73,105,2.3339298345029663e-30
73,106,1.370075564130055e-30
73,107,2.159022825246129e-30
73,108,2.3140098998014907e-30
73,109,2.094878954022362e-30
73,110,2.27342361158871e-30
73,111,9.066979597838012e-31
73,112,2.865783757248207e-31
73,113,1.6431431136797413e-30
73,114,1.2660659034407752e-30
73,115,2.221133806227057e-30
73,116,1.930031572037412e-30
73,117,1.3797396527323883e-30
73,118,1.9462515360330472e-30
73,119,3.578758075340334e-16
73,120,5.607746862439298e-16
73,121,1.4027743810641763e-30
73,122,1.2555029531527747e-30
73,123,1.965580593609196e-30
73,124,9.278366209008196e-32
73,125,8.85835467293358e-31
73,126,1.7805354485545908e-30
73,127,1.933137923740556e-30
73,128,2.4995970522359242e-30
73,129,2.4791632416561877e-30
73,130,2.36833376175212e-30
73,131,1.4234730970192556e-30
73,132,6.571623796499661e-31
73,133,1.1023207157310718e-30
73,134,1.4180667617657067e-30
73,135,9.25301858483409e-31
73,136,2.6891255328519773e-30
73,137,1.8129764078092882e-30
73,138,2.832507894985566e-30
73,139,1.3349889954159856e-30
73,140,5.9148285776538655e-30
73,141,1.505498809096044e-30
73,142,9.353724484280025e-31
73,143,2.663827373683375e-30
73,144,1.6459076814021863e-30
73,145,1.666180857101491e-30
73,146,1.2032197146983552e-30
73,147,1.4739949132387283e-30
73,148,8.59162929833615e-31
73,149,1.0909713497202064e-30
74,75,4.9627484710581894e-30
74,76,1.656898592734129e-30
74,77,2.651088174656314e-30
74,78,3.756798758342379e-30
74,79,3.315166763700765e-30
74,80,3.488131372083132e-30
74,81,1.1398498154201708e-30
74,82,3.6841140762902066e-30
74,83,1.5034395132147574e-30
74,84,4.230484041989252e-31
74,85,1.4814230182332262e-30
74,86,2.217875060288576e-30
74,87,2.21728733034271e-30
74,88,1.7838757123684337e-30
74,89,1.5365104160181464e-30
74,90,2.389241120902166e-30
74,91,1.633590119703107e-16
74,92,1.5601889093687273e-30
74,93,1.9330681354476326e-30
74,94,3.582076858304759e-30
74,95,2.6910835248633595e-30
74,96,1.5070467772309757e-30
74,97,2.277542834467881e-30
74,98,5.077703420713812e-30
74,99,7.504408462099278e-31
74,100,1.65282834399706e-30
74,101,1.673206684903683e-30
74,102,6.256593224317482e-31
74,103,1.8596298337047134e-30
74,104,2.5741683503592594e-30
74,105,2.5927295680821787e-30
74,106,2.7662341948220163e-30
74,107,1.937206006179055e-30
74,108,4.21123344949059e-30
74,109,2.1941102247373403e-30
74,110,2.8379294347432087e-30
74,111,1.1896746654052767e-30
74,112,3.8162271474409703e-31
74,113,2.2646036164833123e-30
74,114,1.910858677823948e-30
74,115,2.8518860511608064e-30
74,116,1.933750547670489e-30
74,117,1.6046150174660333e-30
74,118,2.4980536547248572e-30
74,119,3.39934988877608e-17
74,120,4.873060251453337e-16
74,121,1.5505505280958929e-30
74,122,1.522696037262717e-30
74,123,2.3665722919974758e-30
74,124,1.164708228028235e-31
74,125,1.2212691482193919e-30
74,126,1.3463501243649412e-30
74,127,2.422261950950685e-30
74,128,3.4687615927379215e-30
74,129,3.461114101741289e-30
74,130,1.77868299770096e-30
74,131,2.1106218832406636e-30
74,132,6.793910167339199e-31
74,133,1.9400189929599423e-30
74,134,2.0756316425659284e-30
74,135,1.051535187943693e-30
74,136,2.7970273161669215e-30
74,137,1.6940707348652886e-30
74,138,1.987223496830414e-30
74,139,2.0257881138622807e-30
74,140,8.091080784986347e-30
74,141,2.367252012950343e-30
74,142,1.2601961266090706e-30
74,143,3.6962805526328805e-30
74,144,2.2934244265305075e-30
74,145,1.9409026084891046e-30
74,146,1.1556012170629314e-30
74,147,1.992099510250293e-30
74,148,9.46601908297863e-31
74,149,1.5095677575233572e-30
75,76,2.4212707534958364e-30
75,77,3.579134084157266e-30
75,78,1.3836535705987942e-29
75,79,5.32178842704243e-30
75,80,8.418295094608436e-30
75,81,4.5336966825669535e-30
75,82,3.481063771634111e-30
75,83,1.2425262682575882e-30
75,84,1.3680857158686263e-30
75,85,1.179755406516539e-30
75,86,9.128271582138513e-30
75,87,4.393249630772227e-30
75,88,7.83424420865882e-30
75,89,5.663647558421186e-30
75,90,6.554274487591577e-30
75,91,5.491877907022834e-30
75,92,3.074377959052927e-30
75,93,6.072342393776289e-30
75,94,3.96908644005428e-30
75,95,4.7584779319833004e-30
75,96,3.777948118024937e-30
75,97,5.8498712274782874e-30
75,98,8.526470947541472e-30
75,99,2.880318727738952e-30
75,100,1.642506327753664e-30
75,101,3.7150330490564554e-30
75,102,1.577298117532459e-30
75,103,5.155831168890974e-30
75,104,3.447608627412394e-30
75,105,1.0018841596600914e-29
75,106,5.0416442419936395e-30
75,107,3.862780243283842e-30
75,108,6.616327331921232e-30
75,109,2.0206795257797326e-30
75,110,1.0735852992062506e-29
75,111,2.444425121508544e-30
75,112,1.0013650453017797e-31
75,113,4.1660397232994636e-30
75,114,3.149932380506668e-30
75,115,3.8111232760510275e-30
75,116,6.972497520523825e-30
75,117,5.0456121806300845e-30
75,118,1.6120878923831745e-30
75,119,5.5591595341896404e-30
75,120,5.9874791000361786e-30
75,121,1.2253742256629783e-30
75,122,3.249892651554207e-30
75,123,2.118011658385751e-30
75,124,4.325065809825022e-31
75,125,4.1235139839928615e-30
75,126,5.2204470794801956e-30
75,127,3.748161453113926e-30
75,128,1.4308953287087302e-30
75,129,7.487420052351052e-30
75,130,8.200123652931581e-30
75,131,2.3287456137710076e-30
75,132,1.668696255387343e-30
75,133,5.4325228004526924e-30
75,134,3.169584006097043e-30
75,135,3.656376336171339e-30
75,136,2.845261916408367e-30
75,137,4.163096485957794e-30
75,138,8.974062195720815e-30
75,139,2.184362419061781e-30
75,140,5.566821948430195e-30
75,141,6.58300786440749e-30
75,142,3.7556504070951185e-31
75,143,6.807448918838496e-30
75,144,9.146109799820973e-31
75,145,5.890093440495389e-30
75,146,1.769157774808355e-30
75,147,2.9368628914816515e-30
75,148,2.8596483970537417e-30
75,149,1.3397110362155813e-30
76,77,1.1984204360539595e-30
76,78,1.9145896689341464e-30
76,79,1.7367390395881803e-30
76,80,1.5913461456690907e-30
76,81,5.648324781164751e-31
76,82,1.8735833307853454e-30
76,83,7.471499743501026e-31
76,84,2.0580791943049298e-31
76,85,7.080181104329872e-31
76,86,1.2304598210455827e-30
76,87,1.0580828494255449e-30
76,88,1.0090242712470726e-30
76,89,7.839427977791852e-31
76,90,1.366098051087698e-30
76,91,2.4532673900811406e-30
76,92,8.153559707419202e-31
76,93,8.240494444942255e-31
76,94,1.7984677132244057e-30
76,95,1.3053073712201106e-30
76,96,7.543497132655214e-31
76,97,1.0145509285136688e-30
76,98,2.263469198778312e-30
76,99,3.4185918467343513e-31
76,100,9.762005023553027e-31
76,101,9.420159905439435e-31
76,102,3.91913792736172e-31
76,103,7.944287257135025e-31
76,104,1.2646112131654682e-30
76,105,1.368552876440116e-30
76,106,1.240866781692166e-30
76,107,1.1989846709692967e-30
76,108,1.8966248730650685e-30
76,109,1.269240791788338e-30
76,110,1.2616509236403632e-30
76,111,5.437361987056212e-31
76,112,1.9077869684400637e-31
76,113,1.0552165725117371e-30
76,114,8.689356102536332e-31
76,115,1.3723234495461582e-30
76,116,8.562469958384648e-31
76,117,9.661475731209207e-31
76,118,1.2681928994935502e-30
76,119,3.507776082799975e-30
76,120,1.987006390558594e-30
76,121,8.73374526515427e-31
76,122,7.303069605667276e-31
76,123,1.2176227536604426e-30
76,124,5.741728852894186e-32
76,125,5.296172412623126e-31
76,126,9.377706083824903e-31
76,127,1.1785820773776948e-30
76,128,1.691711705145791e-30
76,129,1.6125074106880857e-30
76,130,1.1453014874675895e-30
76,131,1.0161722783576851e-30
76,132,3.5093653753012367e-31
76,133,8.806906595198612e-31
76,134,8.937157958678265e-31
76,135,5.456792370056763e-31
76,136,1.6109324582869648e-30
76,137,9.061257773303226e-31
76,138,1.2941487336566216e-30
76,139,9.541790625773064e-31
76,140,3.961682154104956e-30
76,141,1.0241552553279385e-30
76,142,6.164824191064151e-31
76,143,1.7028554631268623e-30
76,144,1.1143905600159721e-30
76,145,9.831773991542357e-31
76,146,7.13454653210276e-31
76,147,9.96203144249505e-31
76,148,4.766568485576398e-31
76,149,7.514018326483749e-31
77,78,2.6865946751490854e-30
77,79,2.5088067419866422e-30
77,80,2.506117446189422e-30
77,81,8.157052314124268e-31
77,82,2.7447414636360863e-30
77,83,1.105578675550514e-30
77,84,3.062080642916174e-31
77,85,1.0768453046257651e-30
77,86,1.6057889257669074e-30
77,87,1.709516608475446e-30
77,88,1.3054469676710791e-30
77,89,1.0987053740077425e-30
77,90,1.7614859972816345e-30
77,91,3.7572684881917153e-16
77,92,1.1562694470056998e-30
77,93,1.377533660197514e-30
77,94,2.507513797073186e-30
77,95,2.0291343558795323e-30
77,96,1.1018792516730724e-30
77,97,1.6192736893185887e-30
77,98,3.744241633807192e-30
77,99,6.461272494997784e-31
77,100,1.5056688574689672e-30
77,101,1.306382249909679e-30
77,102,4.777371729421455e-31
77,103,1.3684443094951592e-30
77,104,1.8009816053006753e-30
77,105,1.833264295089199e-30
77,106,2.1334471863430597e-30
77,107,1.6127563781141078e-30
77,108,3.0604652296344098e-30
77,109,1.7683922389106782e-30
77,110,1.980470875510612e-30
77,111,8.535843040025962e-31
77,112,2.8104115803424603e-31
77,113,1.624477667973711e-30
77,114,1.3555144083871943e-30
77,115,2.0937858447619663e-30
77,116,1.338691934875503e-30
77,117,1.1480014705545973e-30
77,118,1.8499190602132996e-30
77,119,2.7440496887670637e-16
77,120,3.964291507206478e-16
77,121,1.2235354109884517e-30
77,122,1.159137084575505e-30
77,123,1.8009756061620806e-30
77,124,8.330247570707777e-32
77,125,8.830841790762624e-31
77,126,1.101956216600088e-30
77,127,1.746706381826144e-30
77,128,2.5578186939435255e-30
77,129,2.4709170647642425e-30
77,130,1.3605982158122197e-30
77,131,1.5824481118387506e-30
77,132,4.850951366125386e-31
77,133,1.3681963371321353e-30
77,134,1.3706369105426718e-30
77,135,7.472165149810321e-31
77,136,2.1147628386232435e-30
77,137,1.1632261530813425e-30
77,138,1.4729161397692071e-30
77,139,1.5100383014126449e-30
77,140,5.847587025189162e-30
77,141,1.7759073060475502e-30
77,142,9.1281426775203e-31
77,143,2.5695642993238385e-30
77,144,1.6681435919650214e-30
77,145,1.347931564293319e-30
77,146,9.757641180346914e-31
77,147,1.565221198603587e-30
77,148,9.181378503929967e-31
77,149,1.1746418876534223e-30
78,79,3.977633383865643e-30
78,80,6.293609718185261e-30
78,81,3.333693643390986e-30
78,82,2.870756276067846e-30
78,83,9.295127950974445e-31
78,84,1.017530207118025e-30
78,85,8.956211570960597e-31
78,86,6.871305848825581e-30
78,87,3.388967940874425e-30
78,88,5.8551385824170344e-30
78,89,4.253201108045497e-30
78,90,5.0496630310735584e-30
78,91,4.216530236939669e-30
78,92,2.2876038896303256e-30
78,93,4.410548515445246e-30
78,94,2.7634563354498686e-30
78,95,3.4200877989378386e-30
78,96,2.8903838913088706e-30
78,97,4.350305281515862e-30
78,98,6.364452678022486e-30
78,99,2.1643060190358204e-30
78,100,1.4639992809955798e-30
78,101,2.847304503144828e-30
78,102,1.2242727580562143e-30
78,103,3.7064048169868926e-30
78,104,2.6279649025957382e-30
78,105,7.540326321168117e-30
78,106,3.774603243857726e-30
78,107,3.1987651603881256e-30
78,108,4.943107250205195e-30
78,109,2.007705852528529e-30
78,110,7.71256604278088e-30
78,111,1.7139343373390077e-30
78,112,1.7630749980851303e-31
78,113,3.0467407700113494e-30
78,114,2.3920037191569176e-30
78,115,2.612258998114988e-30
78,116,5.100307471447034e-30
78,117,4.1017449771304676e-30
78,118,1.3323876596350886e-30
78,119,4.191380549310484e-30
78,120,4.5066314988402714e-30
78,121,1.2124145660272213e-30
78,122,2.2980861582827323e-30
78,123,1.94805314175806e-30
78,124,3.2046098114881517e-31
78,125,2.941868495921647e-30
78,126,4.003967674388357e-30
78,127,2.7956800590867156e-30
78,128,1.5374388268428784e-30
78,129,5.759145177441094e-30
78,130,6.064950622733747e-30
78,131,1.879048449805091e-30
78,132,1.2209956956889661e-30
78,133,4.028498173356929e-30
78,134,2.7592053425514085e-30
78,135,2.8371157002773732e-30
78,136,2.641559046466483e-30
78,137,3.0934710334652295e-30
78,138,6.686413517567104e-30
78,139,1.6461974983046034e-30
78,140,4.085762982267443e-30
78,141,4.7266116507932814e-30
78,142,5.778693829922145e-31
78,143,5.2917450482989524e-30
78,144,1.0168800620999489e-30
78,145,4.681790894080391e-30
78,146,1.7528502115244108e-30
78,147,2.1079763590128326e-30
78,148,1.961757942291907e-30
78,149,1.2284685719038132e-30
79,80,2.767215674730769e-30
79,81,1.3199618377529796e-30
79,82,4.423438029910007e-30
79,83,1.7345107281972056e-30
79,84,5.518299847636448e-31
79,85,1.5225945268647482e-30
79,86,2.7352178638593118e-30
79,87,2.653110732277878e-30
79,88,2.5468700161190563e-30
79,89,1.6218892959210918e-30
79,90,3.638825913713324e-30
79,91,5.294455707180321e-30
79,92,2.034674089873517e-30
79,93,1.699187887863302e-30
79,94,4.1820453576318095e-30
79,95,3.005411574900414e-30
79,96,1.9305647095959765e-30
79,97,1.8316384279260315e-30
79,98,4.5269005574068245e-30
79,99,9.632117397607385e-31
79,100,2.1844134220188942e-30
79,101,2.4524557645266605e-30
79,102,1.0608554841702393e-30
79,103,1.586840627620931e-30
79,104,2.99196381660616e-30
79,105,2.9104885093037915e-30
79,106,2.451256678619636e-30
79,107,3.1172344199920308e-30
79,108,3.784422302959232e-30
79,109,3.1353720750880637e-30
79,110,3.1012500349763777e-30
79,111,1.2412770280221954e-30
79,112,4.425242220418997e-31
79,113,2.379993694230583e-30
79,114,1.874773665701582e-30
79,115,3.293228070064688e-30
79,116,2.4663679633525553e-30
79,117,1.4483517169235027e-30
79,118,2.987146411788514e-30
79,119,7.943770837756707e-30
79,120,4.394652382156079e-30
79,121,2.139566415225694e-30
79,122,1.5943789435517062e-30
79,123,2.9960689017556492e-30
79,124,1.220230549380275e-31
79,125,1.1692668214085828e-30
79,126,2.313451195205226e-30
79,127,2.8206119268450042e-30
79,128,3.821538666306796e-30
79,129,3.62791743001454e-30
79,130,3.0508229686407672e-30
79,131,2.2082268903387814e-30
79,132,9.485504482827708e-31
79,133,1.6012874271253436e-30
79,134,1.5457049318191156e-30
79,135,1.0706284035412643e-30
79,136,4.035405066846049e-30
79,137,2.5017566825749977e-30
79,138,3.666091038877332e-30
79,139,2.196339576504899e-30
79,140,8.996074142468304e-30
79,141,2.0071722564864042e-30
79,142,1.4279124089736567e-30
79,143,3.9291587006778215e-30
79,144,2.5276653081600465e-30
79,145,1.7415771110409905e-30
79,146,1.764450315184452e-30
79,147,2.3747347896275834e-30
79,148,1.1496579427396943e-30
79,149,1.7765469003545838e-30
80,81,1.951332718885055e-30
80,82,6.010862216269917e-16
80,83,1.0258939792946898e-30
80,84,5.862051030528195e-31
80,85,1.0785535271900249e-30
80,86,3.9710928139031846e-30
80,87,2.115839276668292e-30
80,88,3.188628630145018e-30
80,89,2.5983690435954327e-30
80,90,3.1505339555823306e-30
80,91,6.220380718971694e-16
80,92,1.305879773793387e-30
80,93,2.8157245857836195e-30
80,94,2.025990669765114e-16
80,95,2.4817739183394985e-30
80,96,1.9118618669952946e-30
80,97,3.1139015190656195e-30
80,98,5.216123107388611e-30
80,99,1.0646925165464575e-30
80,100,1.2466437852765564e-30
80,101,1.3006713969301393e-30
80,102,4.685383464845048e-31
80,103,2.554619745480408e-30
80,104,2.076446509664012e-30
80,105,4.521566846043754e-30
80,106,3.362321931872837e-16
80,107,1.5254516704303322e-30
80,108,4.260333249316556e-30
80,109,1.2206437405569886e-30
80,110,1.017240449481168e-15
80,111,1.1249158961317837e-30
80,112,2.3902893365916337e-31
80,113,2.3442080394093082e-30
80,114,1.7503144328094963e-30
80,115,2.1102899402310818e-30
80,116,5.89040165475592e-17
80,117,2.841903322554637e-30
80,118,1.5694750795574352e-30
80,119,5.344455536695518e-30
80,120,3.2777136103569e-30
80,121,8.628531724707272e-31
80,122,1.3564980388524973e-30
80,123,1.4957244873444795e-30
80,124,1.965332683386838e-31
80,125,1.8650655128842335e-30
80,126,5.732467154385389e-17
80,127,1.883122228600609e-30
80,128,2.294888235036429e-30
80,129,2.9251205992528745e-16
80,130,3.2708517617674626e-30
80,131,1.7433909175159416e-30
80,132,7.648476231371297e-31
80,133,2.7920186911541356e-30
80,134,2.0507694988669864e-30
80,135,1.7038456634378333e-30
80,136,1.5535516613099066e-30
80,137,1.4740307577615562e-30
80,138,3.1963623327201215e-30
80,139,1.7922396718514474e-30
80,140,4.294588170900678e-16
80,141,3.0362808233610558e-30
80,142,7.807734695526502e-31
80,143,3.6704808401951494e-30
80,144,1.5243088614060842e-30
80,145,2.9579540933842204e-30
80,146,8.043678719415479e-31
80,147,1.800317929354349e-30
80,148,1.4285872038859825e-30
80,149,1.135755092555257e-30
81,82,9.11704900270172e-31
81,83,3.2484425113890917e-31
81,84,3.3648188599840496e-31
81,85,2.6218343784923336e-31
81,86,2.2149199271497098e-30
81,87,1.08358242454152e-30
81,88,1.924173412868922e-30
81,89,1.3629561505576781e-30
81,90,1.6208709679989187e-30
81,91,1.245749798997637e-30
81,92,7.828208834562997e-31
81,93,1.456377684761259e-30
81,94,1.0236591792850387e-30
81,95,1.1590269814444359e-30
81,96,9.125696301647387e-31
81,97,1.3751387882777008e-30
81,98,1.977235222594631e-30
81,99,7.279774709380808e-31
81,100,5.041327033261967e-31
81,101,9.664650384665694e-31
81,102,4.280972558700247e-31
81,103,1.21789769996082e-30
81,104,8.618974311155868e-31
81,105,2.4173289238962993e-30
81,106,1.1606567266647751e-30
81,107,1.0016551542359348e-30
81,108,1.5220147635635536e-30
81,109,5.784033400153965e-31
81,110,2.6029398225080874e-30
81,111,6.04326106334705e-31
81,112,6.077644159623497e-32
81,113,9.955649896514326e-31
81,114,7.642727312556638e-31
81,115,1.0036811025106602e-30
81,116,1.7358342317978376e-30
81,117,1.1960780503248739e-30
81,118,5.079393525852174e-31
81,119,1.200436506200032e-30
81,120,1.4915846760974808e-30
81,121,3.886212618584047e-31
81,122,8.16218090855216e-31
81,123,5.7644740401460385e-31
81,124,1.0389258876341975e-31
81,125,9.918719153697209e-31
81,126,1.2883767710592924e-30
81,127,9.548983509229842e-31
81,128,5.286734400296282e-31
81,129,1.8086505905554347e-30
81,130,2.0348491526199386e-30
81,131,5.484028778854076e-31
81,132,4.231645210345053e-31
81,133,1.2833402806475456e-30
81,134,7.609322134298732e-31
81,135,8.82638068085169e-31
81,136,8.298366783989808e-31
81,137,1.0953264723036798e-30
81,138,2.2676551866812673e-30
81,139,4.971654517116432e-31
81,140,1.4202732491321085e-30
81,141,1.5888886107296363e-30
81,142,2.1735484422539958e-31
81,143,1.6496260544037623e-30
81,144,3.5476285159130185e-31
81,145,1.4152568956433675e-30
81,146,4.570191317414983e-31
81,147,6.951077138772813e-31
81,148,6.978518434716911e-31
81,149,3.2169080323392166e-31
82,83,1.886759843737312e-30
82,84,5.639667085130918e-31
82,85,1.7068774745555206e-30
82,86,2.0458576600499103e-30
82,87,2.9149811426828713e-30
82,88,2.1062522530412415e-30
82,89,1.1602975215015205e-30
82,90,3.789133441081489e-30
82,91,4.904531825105783e-16
82,92,2.1730685486507105e-30
82,93,1.5111922399926047e-30
82,94,4.526762949271482e-30
82,95,3.270675656686499e-30
82,96,1.927858205370711e-30
82,97,1.5212928767288805e-30
82,98,4.966944740655338e-30
82,99,8.827954788671372e-31
82,100,2.412037478649838e-30
82,101,2.564806570416224e-30
82,102,1.0787010249198107e-30
82,103,1.184261584683981e-30
82,104,3.188003650446282e-30
82,105,2.1080431687902324e-30
82,106,2.530158050919544e-30
82,107,3.203350655529965e-30
82,108,4.083777097648322e-30
82,109,3.2720481819154136e-30
82,110,2.3478341659577536e-30
82,111,1.4290163218210957e-30
82,112,4.815596711823194e-31
82,113,5.956104303960412e-16
82,114,2.1172340086296964e-30
82,115,3.6349385872687515e-30
82,116,2.3797080207336496e-30
82,117,1.2735323698351474e-30
82,118,3.2304566889838104e-30
82,119,4.447392553941792e-16
82,120,6.873358824899127e-16
82,121,2.2470837424709607e-30
82,122,1.882713878975972e-30
82,123,3.191158706775931e-30
82,124,8.144024812377828e-32
82,125,1.1292198437505223e-30
82,126,2.293577009215786e-30
82,127,3.095415065877089e-30
82,128,4.229636637037649e-30
82,129,3.952049416982255e-30
82,130,2.8766987020282504e-30
82,131,2.4130860722715897e-30
82,132,9.650601142448444e-31
82,133,1.3856330770988415e-30
82,134,2.029829689724714e-30
82,135,8.519072420297672e-31
82,136,4.181409416386406e-30
82,137,2.5943305801423035e-30
82,138,3.3861124909723346e-30
82,139,2.338245445037026e-30
82,140,9.882148884587357e-30
82,141,2.269010414469881e-30
82,142,1.5658408586900471e-30
82,143,4.332344414759846e-30
82,144,2.78624676682447e-30
82,145,1.6500979705084894e-30
82,146,1.7800598558474608e-30
82,147,2.4985094525550293e-30
82,148,1.1932620209760519e-30
82,149,1.8309839272709728e-30
83,84,2.188050005452525e-31
83,85,6.848021830513783e-31
83,86,6.57960134632564e-31
83,87,1.12623477900666e-30
83,88,7.196892448641509e-31
83,89,3.7834032265555998e-31
83,90,1.4138262284665114e-30
83,91,2.2979968611676886e-30
83,92,8.557206160222103e-31
83,93,6.051882484670697e-31
83,94,1.7940016229312906e-30
83,95,1.306455260772787e-30
83,96,7.54943191696904e-31
83,97,6.34920931175367e-31
83,98,2.0208844336415877e-30
83,99,3.002140631827279e-31
83,100,9.1817636124683e-31
83,101,9.91428372011924e-31
83,102,4.126447344874078e-31
83,103,4.938896855171493e-31
83,104,1.2861160286640631e-30
83,105,6.821264353513813e-31
83,106,1.0546657406038365e-30
83,107,1.1984122324130744e-30
83,108,1.663036813902738e-30
83,109,1.2569039183015379e-30
83,110,9.280112893046602e-31
83,111,5.7522241421524755e-31
83,112,1.9303006976728118e-31
83,113,1.062947407109401e-30
83,114,8.614269018801524e-31
83,115,1.465009925394239e-30
83,116,9.545421064335971e-31
83,117,3.6246598279103453e-31
83,118,1.2892246986353409e-30
83,119,3.345928291813703e-30
83,120,1.953282306870354e-30
83,121,8.735160530148738e-31
83,122,7.457991650334813e-31
83,123,1.2577696379325037e-30
83,124,2.853296476898683e-32
83,125,4.462758077111741e-31
83,126,8.12255273280309e-31
83,127,1.2423433702612344e-30
83,128,1.699953434977285e-30
83,129,1.5410647963166283e-30
83,130,1.0926717847536583e-30
83,131,9.619782172711455e-31
83,132,3.8227958648169573e-31
83,133,5.559550310257978e-31
83,134,7.868925712623222e-31
83,135,2.4873688853402906e-31
83,136,1.6042476257214494e-30
83,137,1.0248474278329545e-30
83,138,1.2615400734795927e-30
83,139,9.500193327449243e-31
83,140,3.96030321541879e-30
83,141,9.203529980593717e-31
83,142,6.2974405752219905e-31
83,143,1.7355332595125865e-30
83,144,1.1234632553093267e-30
83,145,5.432025790101372e-31
83,146,6.605139151692975e-31
83,147,9.670550230864862e-31
83,148,4.689570266616829e-31
83,149,7.410339221317986e-31
84,85,1.8804797502785399e-31
84,86,6.879689251381269e-31
84,87,4.214026862428415e-31
84,88,6.117492972962187e-31
84,89,4.157148427272641e-31
84,90,6.088905712832637e-31
84,91,6.253692473253324e-31
84,92,3.117666992414461e-31
84,93,4.3487061658262085e-31
84,94,5.281678176156451e-31
84,95,4.100987896875476e-31
84,96,3.0478292246179898e-31
84,97,4.059529562044115e-31
84,98,6.114516774222889e-31
84,99,2.246031098095302e-31
84,100,3.0712810748344545e-31
84,101,3.951420901689274e-31
84,102,1.8150313245076413e-31
84,103,3.525160400682347e-31
84,104,3.898288917796455e-31
84,105,7.431886651337406e-31
84,106,3.594466434199016e-31
84,107,4.482384127708704e-31
84,108,5.045927162700135e-31
84,109,4.009030340584703e-31
84,110,7.930878171642518e-31
84,111,2.1078735801751196e-31
84,112,5.512333152706878e-32
84,113,3.416146136812923e-31
84,114,2.6056903092341953e-31
84,115,4.638534544849252e-31
84,116,5.489535216384337e-31
84,117,3.735708000019332e-31
84,118,3.7791613669496513e-31
84,119,9.11087751403498e-31
84,120,5.926059012330197e-31
84,121,2.737058542316552e-31
84,122,2.8905732902807454e-31
84,123,3.822759108990329e-31
84,124,3.136310256293214e-32
84,125,2.99825999051755e-31
84,126,4.359218747074082e-31
84,127,4.104747414117959e-31
84,128,4.790960683457014e-31
84,129,5.830640743907163e-31
84,130,6.806759843849761e-31
84,131,2.6206828740670145e-31
84,132,1.5666809934341304e-31
84,133,3.8000965579876065e-31
84,134,2.308676908363327e-31
84,135,2.710118828371531e-31
84,136,5.170086336514484e-31
84,137,4.355897595945495e-31
84,138,7.785062220374219e-31
84,139,2.6066895820948697e-31
84,140,1.1192521581337816e-30
84,141,4.725829038462498e-31
84,142,1.809863619568416e-31
84,143,5.891310843756432e-31
84,144,3.1620810528764973e-31
84,145,4.3472841694954974e-31
84,146,2.239883471070277e-31
84,147,2.7797096336097952e-31
84,148,2.183030723174586e-31
84,149,2.0881348094918464e-31
85,86,5.12667501284345e-31
85,87,1.01726951503709e-30
85,88,5.061268746637736e-31
85,89,3.6395050559398315e-31
85,90,1.1554476525191377e-30
85,91,1.1464934308770773e-16
85,92,7.464209543575851e-31
85,93,6.635786498563976e-31
85,94,1.6422210359966032e-30
85,95,1.1817509077180084e-30
85,96,6.59979260877837e-31
85,97,6.907893735498414e-31
85,98,2.043230285853264e-30
85,99,6.4852005141140245e-31
85,100,9.782432763353143e-31
85,101,8.520907796789929e-31
85,102,3.3428599912422406e-31
85,103,5.503019972255234e-31
85,104,1.1577934252696546e-30
85,105,6.395409584714166e-31
85,106,1.0038995379640885e-30
85,107,9.850059770764088e-31
85,108,1.6674006078150604e-30
85,109,1.0789727271244852e-30
85,110,9.629530680266082e-31
85,111,6.087777137002526e-31
85,112,1.7492364081147724e-31
85,113,9.820605002127544e-31
85,114,8.278434847582347e-31
85,115,1.342202915750431e-30
85,116,8.5690418909306e-31
85,117,5.252611492424925e-31
85,118,1.1563378366191561e-30
85,119,3.0875402530312965e-30
85,120,1.9594886797715106e-30
85,121,7.586608980865263e-31
85,122,8.916295997806711e-31
85,123,1.0932867810952044e-30
85,124,2.709041881577748e-32
85,125,4.106716689976526e-31
85,126,6.752981163026024e-31
85,127,1.1352572152775842e-30
85,128,1.5843547115824792e-30
85,129,1.491354647496682e-30
85,130,1.0639244615809379e-30
85,131,9.404761090533976e-31
85,132,3.226694803688197e-31
85,133,5.969120095838377e-31
85,134,1.0580758854374713e-30
85,135,2.705646218701082e-31
85,136,1.3820240114802195e-30
85,137,8.575561475288005e-31
85,138,1.0065634443247032e-30
85,139,8.412204792885287e-31
85,140,3.654835147539936e-30
85,141,9.125072480752118e-31
85,142,5.820301232354446e-31
85,143,1.6175335628752698e-30
85,144,1.0377128008007762e-30
85,145,5.893706064701895e-31
85,146,5.73190477272745e-31
85,147,8.604479587269075e-31
85,148,5.070164669725519e-31
85,149,6.969987649514433e-31
86,87,2.3148321719432984e-30
86,88,3.940091847054636e-30
86,89,2.8063591889537615e-30
86,90,3.4954266226973734e-30
86,91,2.320367746989441e-30
86,92,1.5893474327939074e-30
86,93,2.8998165120114266e-30
86,94,1.9224477752384034e-30
86,95,2.282948887573393e-30
86,96,1.9352592667546416e-30
86,97,2.7535759979858996e-30
86,98,3.9462259400231196e-30
86,99,1.4462809866099044e-30
86,100,1.0992089890787394e-30
86,101,2.0353390112481866e-30
86,102,8.717504049066542e-31
86,103,2.358108329160271e-30
86,104,1.7977839306213127e-30
86,105,4.9989987965383155e-30
86,106,2.3221719948785307e-30
86,107,2.2659765166363982e-30
86,108,2.9874301283277245e-30
86,109,1.4626640737322833e-30
86,110,5.1405975879298156e-30
86,111,1.1617363662805482e-30
86,112,7.879150114485307e-32
86,113,2.0028026585858505e-30
86,114,1.5627911157076922e-30
86,115,1.8176254586375666e-30
86,116,3.423108867236885e-30
86,117,2.6897443157049053e-30
86,118,9.248070920271133e-31
86,119,2.1285882529687826e-30
86,120,3.0165480855258203e-30
86,121,8.648221345004386e-31
86,122,1.5767712474931902e-30
86,123,1.3923372527767577e-30
86,124,2.1097453828725937e-31
86,125,1.9502864728353535e-30
86,126,2.7060066607570733e-30
86,127,1.9399293334669374e-30
86,128,8.689048777236107e-31
86,129,3.8223057078131415e-30
86,130,4.131442289942193e-30
86,131,1.1769559736032751e-30
86,132,8.549106377844674e-31
86,133,2.593075500717118e-30
86,134,1.7220561262269622e-30
86,135,1.866345230857959e-30
86,136,1.893589438226077e-30
86,137,2.1784496036885467e-30
86,138,4.602293344913848e-30
86,139,1.0386911206587924e-30
86,140,2.78955075760635e-30
86,141,3.0990558709571102e-30
86,142,3.5166292024127768e-31
86,143,3.549540307193723e-30
86,144,5.3938397775503676e-31
86,145,3.066573051224393e-30
86,146,1.2097855611784266e-30
86,147,1.3965681130136451e-30
86,148,1.3254394386710062e-30
86,149,8.11408989694336e-31
87,88,2.0661333551154156e-30
87,89,1.3702115727767166e-30
87,90,2.5260853412758107e-30
87,91,5.11787526652091e-16
87,92,1.4165168936037357e-30
87,93,1.461258090393706e-30
87,94,2.610000596978079e-30
87,95,1.9647432481482728e-30
87,96,1.2777275887480718e-30
87,97,1.3114588757423499e-30
87,98,3.007124422072866e-30
87,99,6.939361423522675e-31
87,100,1.6853692734604835e-30
87,101,1.781003716902932e-30
87,102,7.815172774624792e-31
87,103,1.0494528693615492e-30
87,104,1.8914251153714616e-30
87,105,2.46255943547603e-30
87,106,1.6661446938097303e-30
87,107,2.0083712562251517e-30
87,108,2.324821468520152e-30
87,109,2.0607952350810817e-30
87,110,2.6240745405671212e-30
87,111,9.884087733843819e-31
87,112,2.8593152727705957e-31
87,113,1.5337743312533739e-30
87,114,1.2865671773694586e-30
87,115,2.3657172902193633e-30
87,116,1.8319730042213763e-30
87,117,1.4080717707256135e-30
87,118,1.9352007068814247e-30
87,119,5.476041897451163e-16
87,120,5.170407269675174e-16
87,121,1.3694828201076816e-30
87,122,1.434275645021918e-30
87,123,1.8726778801022367e-30
87,124,1.0078571025979612e-31
87,125,9.857502347824992e-31
87,126,1.7205778892365e-30
87,127,2.0322447900186233e-30
87,128,2.5430642068240673e-30
87,129,2.5597691055491178e-30
87,130,2.574614886475041e-30
87,131,1.4023298165129728e-30
87,132,7.3413950353327745e-31
87,133,1.20882730269124e-30
87,134,1.1376118272456141e-30
87,135,9.221787462828821e-31
87,136,2.5553946775910813e-30
87,137,1.8620156612089916e-30
87,138,2.9060896955504842e-30
87,139,1.3851946373482602e-30
87,140,5.864124510300313e-30
87,141,1.5643509354689186e-30
87,142,9.44576359522699e-31
87,143,2.6559721127321268e-30
87,144,1.659207437134931e-30
87,145,1.5388889400645273e-30
87,146,1.0778122538776639e-30
87,147,1.4538062158589288e-30
87,148,9.03269153299186e-31
87,149,1.091473687153684e-30
88,89,2.38910576974178e-30
88,90,3.1812796958907895e-30
88,91,6.589392278215817e-16
88,92,1.505226958481759e-30
88,93,2.4937550507195208e-30
88,94,1.996661049004782e-30
88,95,2.0752089279489928e-30
88,96,1.6721900236826807e-30
88,97,2.257579666947552e-30
88,98,3.211750321191525e-30
88,99,1.3287783788486083e-30
88,100,1.1580763432601782e-30
88,101,1.929004728518393e-30
88,102,8.650461823070248e-31
88,103,1.987092327882068e-30
88,104,1.7077801855679902e-30
88,105,4.2631804754267934e-30
88,106,1.8686887014529593e-30
88,107,2.1282691563740058e-30
88,108,2.4213786380706642e-30
88,109,1.5062813120836018e-30
88,110,4.485559997900552e-30
88,111,1.0736462304104991e-30
88,112,1.5059146612212401e-31
88,113,1.7813195987277118e-30
88,114,1.3724075353538518e-30
88,115,1.8917729255311584e-30
88,116,3.1042205883810403e-30
88,117,2.164196400938214e-30
88,118,1.1914982656599206e-30
88,119,1.6748842749938072e-16
88,120,3.888257972851052e-16
88,121,9.78674995774271e-31
88,122,1.4272328201949332e-30
88,123,1.4315110922351604e-30
88,124,1.7986815315646977e-31
88,125,1.6989148793186213e-30
88,126,2.407479427501073e-30
88,127,1.8390329441072034e-30
88,128,1.286422425496935e-30
88,129,3.2741638991383954e-30
88,130,3.710444742334676e-30
88,131,9.64433436300292e-31
88,132,7.92384979586249e-31
88,133,2.1610597184834635e-30
88,134,1.3866734662384538e-30
88,135,1.575821371901305e-30
88,136,2.0038982376702472e-30
88,137,2.127078011556514e-30
88,138,4.2207190671545536e-30
88,139,8.988125608032753e-31
88,140,3.286847207836906e-30
88,141,2.7213580732717516e-30
88,142,5.077916692092423e-31
88,143,3.1436554260594796e-30
88,144,8.467447653947206e-31
88,145,2.5653862812090277e-30
88,146,1.0780630032209e-30
88,147,1.2469236394972882e-30
88,148,1.187844168005242e-30
88,149,7.073986928509222e-31
89,90,2.062628080808019e-30
89,91,1.731373405358879e-30
89,92,9.322318042140973e-31
89,93,1.811497123462569e-30
89,94,1.1367133131156568e-30
89,95,1.399851990677097e-30
89,96,1.1749137889364953e-30
89,97,1.7817165224150344e-30
89,98,2.609080771658367e-30
89,99,8.730925968930235e-31
89,100,5.599341990331356e-31
89,101,1.176016907002619e-30
89,102,4.942971686615272e-31
89,103,1.5133965612402244e-30
89,104,1.071959744014776e-30
89,105,3.08867770358726e-30
89,106,1.546758844737638e-30
89,107,1.289212297432366e-30
89,108,2.032370297277229e-30
89,109,7.809553425381398e-31
89,110,3.1708749665694366e-30
89,111,7.051968638998639e-31
89,112,6.666277600742098e-32
89,113,1.237097486845842e-30
89,114,9.70517109390775e-31
89,115,1.0670661476211314e-30
89,116,2.071212114702508e-30
89,117,1.696494391500974e-30
89,118,5.1822675805782715e-31
89,119,1.6548280457053626e-30
89,120,1.824995638727842e-30
89,121,4.7338965084654435e-31
89,122,9.478538372869693e-31
89,123,7.784371633071468e-31
89,124,1.312012711124687e-31
89,125,1.2104952833462635e-30
89,126,1.6144118740621474e-30
89,127,1.1414469221783305e-30
89,128,5.756898999480322e-31
89,129,2.3544305091942352e-30
89,130,2.476015708853417e-30
89,131,7.6770174788323e-31
89,132,5.046303781304219e-31
89,133,1.6536492867122814e-30
89,134,1.1169188914702108e-30
89,135,1.1547112230658953e-30
89,136,1.0479501425306293e-30
89,137,1.2585029521136046e-30
89,138,2.7258714002995348e-30
89,139,6.833030780351229e-31
89,140,1.6663984953421456e-30
89,141,1.9278031738586163e-30
89,142,2.1903246440233593e-31
89,143,2.168540379448859e-30
89,144,3.8588768939030724e-31
89,145,1.907733346118227e-30
89,146,6.952153124357444e-31
89,147,8.644545522712847e-31
89,148,8.142751121128716e-31
89,149,4.809278953156611e-31
90,91,5.249108133144475e-16
90,92,1.9015342485207393e-30
90,93,2.098695895988398e-30
90,94,3.506731609357671e-30
90,95,2.581301162703359e-30
90,96,1.8460040379681337e-30
90,97,1.8670511478254738e-30
90,98,3.0189157897728754e-30
90,99,1.1094141573917654e-30
90,100,2.094094720697426e-30
90,101,2.4434726004242793e-30
90,102,1.0847388703935321e-30
90,103,1.4324597320273137e-30
90,104,2.551507461859561e-30
90,105,3.7548783622681006e-30
90,106,1.799758748629593e-30
90,107,3.0512969948728596e-30
90,108,2.5191191428782275e-30
90,109,2.7290507589025855e-30
90,110,3.831447968030409e-30
90,111,1.1766918411140829e-30
90,112,3.559752120122474e-31
90,113,2.069923279067178e-30
90,114,1.5929952007957994e-30
90,115,2.8240176309320242e-30
90,116,2.706142527786468e-30
90,117,2.3076151154204083e-30
90,118,2.453757287694748e-30
90,119,2.733620934925106e-16
90,120,1.1136060022526183e-16
90,121,1.8432239198063866e-30
90,122,1.5988184396629112e-30
90,123,2.6923554132716493e-30
90,124,1.5145590179372873e-31
90,125,1.46295597830344e-30
90,126,2.530957674763203e-30
90,127,2.4806380010749375e-30
90,128,3.0074799679768813e-30
90,129,3.433623715547849e-30
90,130,3.707728197546468e-30
90,131,1.6596590449444166e-30
90,132,9.140399539099596e-31
90,133,1.8775676927040426e-30
90,134,1.5240356943246288e-30
90,135,1.3756281791688357e-30
90,136,3.489290608346184e-30
90,137,2.5164539140608833e-30
90,138,4.249463436725529e-30
90,139,1.776243097461541e-30
90,140,7.140544334172342e-30
90,141,2.2120565584213737e-30
90,142,1.1581408819288478e-30
90,143,3.7174718479566286e-30
90,144,2.0058663755271764e-30
90,145,2.3694442346790282e-30
90,146,1.634670461042507e-30
90,147,2.015785614723896e-30
90,148,1.1713998698384675e-30
90,149,1.4037287980792782e-30
91,92,2.4185513909524295e-30
91,93,1.0628972223961978e-15
91,94,3.1303017830693745e-16
91,95,3.549703742730293e-16
91,96,3.8660600195367084e-16
91,97,3.613558498619524e-16
91,98,1.305697217517804e-15
91,99,3.2582914423849917e-16
91,100,2.184501826908284e-30
91,101,2.5522923474152596e-30
91,102,9.578628090159303e-31
91,103,2.3791467939864816e-30
91,104,1.006021468479282e-15
91,105,2.4246445420395187e-16
91,106,5.614692293671331e-16
91,107,5.5302592630788255e-16
91,108,4.445914281679015e-16
91,109,9.614813431917667e-17
91,110,1.2259721716694353e-15
91,111,1.65986276688471e-30
91,112,5.84959934504331e-31
91,113,5.613646650354481e-16
91,114,2.723128926036698e-30
91,115,2.355458102493927e-16
91,116,3.861075170955946e-16
91,117,1.860907477412286e-30
91,118,3.865103088083019e-30
91,119,9.118249334759146e-16
91,120,6.867139218000415e-16
91,121,2.5044104705644157e-30
91,122,4.972820174300706e-16
91,123,7.787663527726935e-16
91,124,1.2898798320665482e-31
91,125,1.6556553721763638e-30
91,126,5.404881695070542e-16
91,127,3.9478586695769324e-16
91,128,5.152570870123687e-30
91,129,4.115693139566918e-16
91,130,5.729743322885354e-16
91,131,2.501853776554201e-16
91,132,7.844633614647088e-16
91,133,2.6166163173642125e-16
91,134,9.006823946129661e-16
91,135,1.191005319844466e-30
91,136,2.7896165832493477e-16
91,137,2.7197012138582966e-16
91,138,2.87697494993578e-16
91,139,3.143809123200679e-30
91,140,8.261437290837345e-16
91,141,6.588387498393706e-16
91,142,1.8872422455774325e-30
91,143,9.75693673093148e-16
91,144,3.443494537460524e-30
91,145,5.353303314813365e-16
91,146,1.876453023008562e-30
91,147,4.635738127555259e-16
91,148,1.5959455978986606e-16
91,149,2.7345427288007916e-16
92,93,9.905333193445406e-31
92,94,2.045557254115697e-30
92,95,1.5026137076277977e-30
92,96,9.361145539806511e-31
92,97,8.887305153024841e-31
92,98,2.0984188455633477e-30
92,99,5.669870714674013e-31
92,100,1.1275654223546422e-30
92,101,1.3071782643472434e-30
92,102,5.855363894675724e-31
92,103,7.749040760374893e-31
92,104,1.4811896159532401e-30
92,105,1.679856275838836e-30
92,106,1.0859319033885711e-30
92,107,1.5326121877138268e-30
92,108,1.7144544646691907e-30
92,109,1.5025651809335788e-30
92,110,1.896997958925635e-30
92,111,7.099494640795098e-31
92,112,2.1719571948115066e-31
92,113,1.2251669149285742e-30
92,114,9.715614925458957e-31
92,115,1.733204863823728e-30
92,116,1.477166463733391e-30
92,117,7.8625453436087215e-31
92,118,1.4726197677626189e-30
92,119,3.6235879344694104e-30
92,120,2.2387879995693064e-30
92,121,1.0357118016264275e-30
92,122,9.525364070693579e-31
92,123,1.4634332526201145e-30
92,124,6.972155995702974e-32
92,125,7.208827396053361e-31
92,126,1.215153640476664e-30
92,127,1.4904688629794385e-30
92,128,1.894137511424174e-30
92,129,1.8213528082725013e-30
92,130,1.8522325398654893e-30
92,131,1.0416114363875253e-30
92,132,5.035176903687055e-31
92,133,8.178339692221498e-31
92,134,8.319637958127332e-31
92,135,6.028452439326655e-31
92,136,1.9269643571525775e-30
92,137,1.4100795754233112e-30
92,138,2.155958998493292e-30
92,139,1.0361807787201305e-30
92,140,4.419004634336663e-30
92,141,1.1884979566524063e-30
92,142,7.113569864096899e-31
92,143,2.0457519319614428e-30
92,144,1.2506761209817744e-30
92,145,9.479495528889912e-31
92,146,8.055988652694907e-31
92,147,1.0821051383674162e-30
92,148,6.231416567498841e-31
92,149,8.25089473328285e-31
93,94,1.533636926945431e-30
93,95,1.5733759531421682e-30
93,96,1.1881254495578919e-30
93,97,1.9626598437785e-30
93,98,3.0593956305111054e-30
93,99,1.0401652412818998e-30
93,100,1.0422249709445293e-30
93,101,1.2856715875155396e-30
93,102,5.514398429867647e-31
93,103,1.763620061310783e-30
93,104,1.3103496843424815e-30
93,105,3.209719255789083e-30
93,106,1.738676525743039e-30
93,107,1.3245103035410886e-30
93,108,2.539197958172484e-30
93,109,1.1178293182225224e-30
93,110,3.52214495506742e-30
93,111,8.28301739514946e-31
93,112,1.5424570807638467e-31
93,113,1.3375682988692899e-30
93,114,1.0329925210654847e-30
93,115,1.418747692716634e-30
93,116,2.2757532556726622e-30
93,117,1.6894515874308623e-30
93,118,1.0264858374702577e-30
93,119,1.1215850400269106e-16
93,120,2.504017906324894e-16
93,121,7.441895931235713e-31
93,122,1.158394525956984e-30
93,123,9.76486852605583e-31
93,124,1.392598284256827e-31
93,125,1.3582922978387893e-30
93,126,1.635022925303113e-30
93,127,1.2368403098368075e-30
93,128,1.3866645938929736e-30
93,129,2.449578717022975e-30
93,130,2.6104714373552313e-30
93,131,1.0148022433535598e-30
93,132,9.153456033385535e-31
93,133,1.785585607056188e-30
93,134,1.445694996510219e-30
93,135,1.1628162658472913e-30
93,136,1.448381377794985e-30
93,137,1.393509106131119e-30
93,138,2.880951914049113e-30
93,139,8.749781264091332e-31
93,140,3.239326354846878e-30
93,141,2.1894663487904467e-30
93,142,4.985872076768218e-31
93,143,2.196326042731786e-30
93,144,9.05536472932613e-31
93,145,1.9069370720453647e-30
93,146,7.323068153580301e-31
93,147,1.0820903418163849e-30
93,148,1.0075655496353627e-30
93,149,7.45982762522406e-31
94,95,3.04897655228785e-30
94,96,1.8952083987785565e-30
94,97,1.6420938496577247e-30
94,98,4.698860486867068e-30
94,99,1.169167418921959e-30
94,100,2.0679173045039283e-30
94,101,2.3261185128804567e-30
94,102,1.008944145218833e-30
94,103,1.3822102633837964e-30
94,104,3.21446648113769e-30
94,105,2.0365035346541322e-30
94,106,2.3863737274092757e-30
94,107,2.886658730877763e-30
94,108,3.941795473761205e-30
94,109,2.9527764554748492e-30
94,110,2.6692810552818208e-30
94,111,1.3796989008479256e-30
94,112,4.581310890153969e-31
94,113,2.6423485385043912e-30
94,114,2.0507509278345546e-30
94,115,3.441235994841064e-30
94,116,2.670219197016929e-30
94,117,1.1164481787663957e-30
94,118,3.0655764519760278e-30
94,119,2.961097461055769e-16
94,120,3.421937179708926e-16
94,121,2.0866892639065242e-30
94,122,1.8412662718040867e-30
94,123,2.970896373517127e-30
94,124,8.870351234701926e-32
94,125,1.0652386630239009e-30
94,126,2.0988566245582434e-30
94,127,2.9621465772608945e-30
94,128,3.984122996331881e-30
94,129,3.7523306857661074e-30
94,130,2.8217784283046517e-30
94,131,2.2734486734051527e-30
94,132,9.984253564735554e-31
94,133,1.3936437499396905e-30
94,134,2.0760883662422765e-30
94,135,7.1920520705846225e-31
94,136,4.0026636003291124e-30
94,137,2.548403821099893e-30
94,138,3.2404424483372516e-30
94,139,2.2396174193006423e-30
94,140,9.532320720745052e-30
94,141,2.197152536748964e-30
94,142,1.4910941515283646e-30
94,143,4.1862585702336076e-30
94,144,2.6579110877886345e-30
94,145,1.6166824330587666e-30
94,146,1.6468943842586618e-30
94,147,2.395861419661443e-30
94,148,1.2807608726849346e-30
94,149,1.6939311228710798e-30
95,96,1.3180495928558605e-30
95,97,1.6795602109236904e-30
95,98,3.695106754339144e-30
95,99,8.440380054577673e-31
95,100,1.6310452998857233e-30
95,101,1.792905532342678e-30
95,102,7.834185356708511e-31
95,103,1.4813933370004871e-30
95,104,2.1982448559861026e-30
95,105,2.4748187983612372e-30
95,106,2.0756989182875913e-30
95,107,2.142768184664611e-30
95,108,3.082807425086795e-30
95,109,2.1947856767012837e-30
95,110,2.7994385401104213e-30
95,111,1.0152553037718433e-30
95,112,3.337026975010026e-31
95,113,1.866054075991165e-30
95,114,1.4885032645305582e-30
95,115,2.5608870817010962e-30
95,116,2.051297876878282e-30
95,117,1.1703440545916066e-30
95,118,2.2287758119201013e-30
95,119,2.3387263717801006e-16
95,120,4.888843483876897e-16
95,121,1.517884052360788e-30
95,122,1.3164727847484566e-30
95,123,2.2045130219101253e-30
95,124,1.0820199362460014e-31
95,125,1.0675803857964388e-30
95,126,1.572017460559732e-30
95,127,2.156561273365822e-30
95,128,2.9426673915649263e-30
95,129,2.661054763857216e-30
95,130,2.4624679580007027e-30
95,131,1.6850845851689805e-30
95,132,6.883565733253512e-31
95,133,1.4744136228110647e-30
95,134,1.3823740800036761e-30
95,135,8.834637729720664e-31
95,136,2.7759068198136954e-30
95,137,1.91782575612415e-30
95,138,2.8602730571592254e-30
95,139,1.6717001588610733e-30
95,140,6.804247917744429e-30
95,141,1.735542692135459e-30
95,142,1.0880458378169094e-30
95,143,3.005442812707867e-30
95,144,1.942529600472922e-30
95,145,1.4075920996441397e-30
95,146,1.1575969233763349e-30
95,147,1.7097845535617694e-30
95,148,8.349624358023253e-31
95,149,1.30471985597237e-30
96,97,1.2205977795868784e-30
96,98,2.1129066408379567e-30
96,99,8.13737513340413e-31
96,100,1.0455019627086253e-30
96,101,1.1777415868784566e-30
96,102,5.298636738311448e-31
96,103,1.0216803072812977e-30
96,104,1.370498634265584e-30
96,105,2.0956180247353584e-30
96,106,1.3232728835473079e-30
96,107,1.6202393967290938e-30
96,108,1.7662766467857995e-30
96,109,1.5074724235881116e-30
96,110,2.1321071043410017e-30
96,111,6.302263194246449e-31
96,112,1.9243885836406117e-31
96,113,1.0723075368417174e-30
96,114,8.240982513017146e-31
96,115,1.4390292601622622e-30
96,116,1.4836569890718266e-30
96,117,1.315990410749868e-30
96,118,1.3083787023345492e-30
96,119,1.3895124214083845e-16
96,120,5.057308421420638e-16
96,121,9.96534077837651e-31
96,122,8.821043677344338e-31
96,123,1.3880290026514499e-30
96,124,8.732768368916518e-32
96,125,8.247505829358838e-31
96,126,1.3738971287091847e-30
96,127,1.2548427268691874e-30
96,128,1.6385324352257935e-30
96,129,1.758604287914275e-30
96,130,1.858224576151757e-30
96,131,9.42722344349607e-31
96,132,4.740264364924763e-31
96,133,1.1513002248054453e-30
96,134,1.256033460266088e-30
96,135,8.162836878068766e-31
96,136,1.9619728123678657e-30
96,137,1.228179186765058e-30
96,138,2.1167978125938638e-30
96,139,1.005844912369902e-30
96,140,3.870852135485649e-30
96,141,1.2716640747613028e-30
96,142,6.209161936754543e-31
96,143,1.7394278296806345e-30
96,144,1.0933204858334969e-30
96,145,1.4678147959795027e-30
96,146,1.0510645983211244e-30
96,147,1.2639624882250766e-30
96,148,8.728445724367367e-31
96,149,9.658868377971815e-31
97,98,3.4688879017356066e-30
97,99,9.086011569205946e-31
97,100,6.057591182755549e-31
97,101,9.702029208770228e-31
97,102,3.1769885677354036e-31
97,103,1.8076198899388144e-30
97,104,1.2964668591148826e-30
97,105,3.1114207505775618e-30
97,106,2.0308743243098653e-30
97,107,1.0421990585394257e-30
97,108,2.8366280955331535e-30
97,109,7.309757796334126e-31
97,110,3.254157665528527e-30
97,111,7.504102072837748e-31
97,112,1.4174844390690051e-31
97,113,1.4596694377557637e-30
97,114,1.1804492120142367e-30
97,115,1.2420795193742019e-30
97,116,2.0610704733083593e-30
97,117,1.78877889180572e-30
97,118,9.43880863304896e-31
97,119,3.398366284945202e-30
97,120,2.2352112146814756e-30
97,121,4.866033293419906e-31
97,122,9.938698282876348e-31
97,123,9.714957152685448e-31
97,124,1.3601118710199462e-31
97,125,1.2838492618279317e-30
97,126,1.4948003030818849e-30
97,127,1.208778189167059e-30
97,128,1.3890807998107976e-30
97,129,2.566108605516055e-30
97,130,2.2429508414732344e-30
97,131,1.1464623118304486e-30
97,132,4.981033439774518e-31
97,133,1.8742462325757804e-30
97,134,1.3302831105681954e-30
97,135,1.1778713691426797e-30
97,136,8.974459227977767e-31
97,137,9.356772989964955e-31
97,138,2.3238056638735587e-30
97,139,1.0700258606124037e-30
97,140,3.4458796643960775e-30
97,141,2.1540433432631015e-30
97,142,4.5916395678461915e-31
97,143,2.341670012771738e-30
97,144,9.217173362916847e-31
97,145,1.958272903473471e-30
97,146,5.946178206201989e-31
97,147,1.1618664434393297e-30
97,148,8.579604829813686e-31
97,149,6.9378702435078395e-31
98,99,1.3420534688103105e-30
98,100,2.62093987255185e-30
98,101,2.346655365884348e-30
98,102,9.346348968548399e-31
98,103,2.9254014909011364e-30
98,104,3.468434838551243e-30
98,105,4.49701222808197e-30
98,106,4.036608419686061e-30
98,107,2.706289992834133e-30
98,108,5.966128187352796e-30
98,109,3.0252569688278704e-30
98,110,4.726129927123843e-30
98,111,1.5920259426668963e-30
98,112,5.126494142904856e-31
98,113,2.9553713283388416e-30
98,114,2.5811771442970797e-30
98,115,3.7726639215083626e-30
98,116,2.9835402328348836e-30
98,117,2.646159769295489e-30
98,118,3.361663155285115e-30
98,119,2.7627343540140696e-16
98,120,2.747661802696606e-16
98,121,2.1688587067315655e-30
98,122,2.260623775165361e-30
98,123,3.1389770079573074e-30
98,124,1.9888392721050963e-31
98,125,1.946080506593537e-30
98,126,2.1502390342159825e-30
98,127,3.249193639370694e-30
98,128,4.6897663797442085e-30
98,129,4.8687856022550056e-30
98,130,3.2904858221912234e-30
98,131,2.951532218698123e-30
98,132,1.2162438368837582e-30
98,133,3.02411860736755e-30
98,134,2.9566166957526702e-30
98,135,1.74109271405476e-30
98,136,3.7872241045766194e-30
98,137,2.2947486040024677e-30
98,138,3.531086957284188e-30
98,139,2.7198309272104267e-30
98,140,1.0771815900687024e-29
98,141,3.534568871592218e-30
98,142,1.6786304047638613e-30
98,143,4.987837990528354e-30
98,144,3.0694720168980444e-30
98,145,3.078197711583728e-30
98,146,1.690872811601728e-30
98,147,2.695509610734542e-30
98,148,1.4072082932571832e-30
98,149,2.1777043079364413e-30
99,100,8.17408553977846e-31
99,101,7.351464306209297e-31
99,102,3.287759610057591e-31
99,103,8.72275801979598e-31
99,104,8.14992198269418e-31
99,105,1.5334519864866894e-30
99,106,7.074167901490016e-31
99,107,8.349853879660247e-31
99,108,9.417485744172924e-31
99,109,7.075209800057061e-31
99,110,1.6752522894233698e-30
99,111,5.372877590789433e-31
99,112,7.006574430174716e-32
99,113,8.294297845193129e-31
99,114,5.942320968472008e-31
99,115,9.878261429819335e-31
99,116,1.4427279407120472e-30
99,117,7.5877997330484265e-31
99,118,5.17957555464001e-31
99,119,4.63830965082617e-16
99,120,4.200753910182479e-16
99,121,4.660205452491682e-31
99,122,8.511910376030964e-31
99,123,7.024507280320968e-31
99,124,6.554203738861675e-32
99,125,6.246710600451093e-31
99,126,1.0000054655681804e-30
99,127,7.365029150172933e-31
99,128,6.3909615711427395e-31
99,129,1.2470647630757241e-30
99,130,1.3320440512250356e-30
99,131,5.878714770536442e-31
99,132,4.623770872030937e-31
99,133,8.727216887456685e-31
99,134,9.196323401100068e-31
99,135,6.158355947265297e-31
99,136,9.70758697152374e-31
99,137,8.375479803498083e-31
99,138,1.646810572020798e-30
99,139,3.95001721836698e-31
99,140,1.413836246189513e-30
99,141,1.1762705268098601e-30
99,142,2.9949026560134197e-31
99,143,1.0871688421651644e-30
99,144,4.180298104089844e-31
99,145,1.1046289167645363e-30
99,146,7.984126390966148e-31
99,147,1.0502505293610028e-30
99,148,8.24549864581363e-31
99,149,6.712410872252512e-31
100,101,1.4643740258281812e-30
100,102,5.91728149704578e-31
100,103,4.2592602205941705e-31
100,104,1.4570344285865424e-30
100,105,1.1057748617764125e-30
100,106,1.2229541944724782e-30
100,107,1.7523374096741493e-30
100,108,2.036896911149202e-30
100,109,1.828285983541232e-30
100,110,1.702184453118781e-30
100,111,9.196136971029224e-31
100,112,2.3289199849668506e-31
100,113,1.3134511220744916e-30
100,114,1.03266740044338e-30
100,115,1.9797504917859174e-30
100,116,1.2268819755258068e-30
100,117,1.1619434030479794e-30
100,118,1.5785928326972616e-30
100,119,3.829446468103704e-30
100,120,2.833514474782036e-30
100,121,1.195926473769127e-30
100,122,1.388202053020279e-30
100,123,1.5574425506318834e-30
100,124,3.5930947880824993e-32
100,125,6.4766323058758885e-31
100,126,1.3209315527512437e-30
100,127,1.672529108199366e-30
100,128,2.150593743478781e-30
100,129,2.1685202940440755e-30
100,130,1.95756711238188e-30
100,131,1.3894792342886888e-30
100,132,5.525367949183365e-31
100,133,8.40396478467806e-31
100,134,1.256883095483988e-30
100,135,4.52064716367626e-31
100,136,1.9738041806469164e-30
100,137,1.3922285898608829e-30
100,138,2.0177825572319125e-30
100,139,1.04718627373561e-30
100,140,4.688818266121843e-30
100,141,1.2476943929252678e-30
100,142,7.707851328798764e-31
100,143,2.2336688751932074e-30
100,144,1.3484968365217681e-30
100,145,1.1523162031136817e-30
100,146,1.1161873757486046e-30
100,147,1.421690232482542e-30
100,148,7.6321612828527465e-31
100,149,1.0354265682307834e-30
101,102,7.30798987906123e-31
101,103,8.258367949495897e-31
101,104,1.7136130187858296e-30
101,105,2.1923727816261295e-30
101,106,1.2009070501098262e-30
101,107,1.9859638463343104e-30
101,108,1.8462431234410995e-30
101,109,1.8578973901677064e-30
101,110,2.373523568769366e-30
101,111,8.576518744508714e-31
101,112,2.495814985374202e-31
101,113,1.411162882008962e-30
101,114,1.1280864363809525e-30
101,115,2.066215622066397e-30
101,116,1.7815982803606867e-30
101,117,1.258352149838513e-30
101,118,1.7127709909816764e-30
101,119,4.027044976121657e-30
101,120,2.6621794996374382e-30
101,121,1.2518055853854931e-30
101,122,1.156509370787293e-30
101,123,1.752074547863468e-30
101,124,8.52944825422238e-32
101,125,8.927231514535359e-31
101,126,1.5274895108217533e-30
101,127,1.785918549800958e-30
101,128,2.1805117530368703e-30
101,129,2.2402638685984185e-30
101,130,2.3223342512092906e-30
101,131,1.2057700530241647e-30
101,132,6.5434217943852045e-31
101,133,9.675831201872137e-31
101,134,1.123720338141294e-30
101,135,7.971136424846328e-31
101,136,2.3054142328591624e-30
101,137,1.7365433990876985e-30
101,138,2.7664892203352304e-30
101,139,1.1809521931923724e-30
101,140,5.026385413476985e-30
101,141,1.4400580294935552e-30
101,142,8.183635157574486e-31
101,143,2.4760878930654037e-30
101,144,1.4262823206431079e-30
101,145,1.3588253770762604e-30
101,146,1.0354378261933826e-30
101,147,1.2951806498894114e-30
101,148,9.921834125261494e-31
101,149,9.852406946581749e-31
102,103,2.764626781486702e-31
102,104,7.51014722466549e-31
102,105,8.949432627907344e-31
102,106,4.46024789594073e-31
102,107,8.443017039523429e-31
102,108,6.774663221806801e-31
102,109,7.721728821299181e-31
102,110,1.0622726293790196e-30
102,111,3.8823919626111757e-31
102,112,1.0164240112958106e-31
102,113,6.454938224486893e-31
102,114,4.988869295276417e-31
102,115,8.93985470561495e-31
102,116,8.607931405998696e-31
102,117,3.7038885466113033e-31
102,118,7.137595236650377e-31
102,119,1.5645605542063802e-30
102,120,1.142044453713906e-30
102,121,5.261064345312423e-31
102,122,5.271020955966281e-31
102,123,7.328195856592248e-31
102,124,3.506501465800706e-32
102,125,4.118818090618018e-31
102,126,7.143856286048082e-31
102,127,7.870223929236128e-31
102,128,8.7542826756031e-31
102,129,1.0124763563634612e-30
102,130,1.0783645130615028e-30
102,131,4.712117104998469e-31
102,132,2.838294815941398e-31
102,133,3.913006037536163e-31
102,134,4.022704992586606e-31
102,135,3.29558667073133e-31
102,136,9.963216102094903e-31
102,137,7.958120792040064e-31
102,138,1.2603133949474616e-30
102,139,4.733263576918764e-31
102,140,2.0662469628051667e-30
102,141,6.897124862894806e-31
102,142,3.358225129589694e-31
102,143,1.0995196979756221e-30
102,144,5.766031116608411e-31
102,145,5.328262718746661e-31
102,146,4.293215416930389e-31
102,147,5.335660489483979e-31
102,148,3.58861549901932e-31
102,149,3.8768757027564224e-31
103,104,1.038759941030451e-30
103,105,2.621661550001037e-30
103,106,1.703093579526826e-30
103,107,8.312501644493213e-31
103,108,2.3939404989608552e-30
103,109,5.530002934354038e-31
103,110,2.9466019899201327e-30
103,111,6.727719635479805e-31
103,112,1.0312631029592295e-31
103,113,1.2051706293575652e-30
103,114,9.70697915957956e-31
103,115,1.1033503193825054e-30
103,116,1.8974932727004833e-30
103,117,1.2164987707061056e-30
103,118,7.270527466532633e-31
103,119,2.9296908189164644e-30
103,120,2.0216731414354936e-30
103,121,3.822447550685396e-31
103,122,8.935451006559116e-31
103,123,6.730636039062024e-31
103,124,1.1787270404346644e-31
103,125,1.1636120130159229e-30
103,126,1.3191785933807365e-30
103,127,9.911319644559876e-31
103,128,1.0190919108506094e-30
103,129,2.131077119717809e-30
103,130,1.9660752471182222e-30
103,131,9.33014635310356e-31
103,132,4.093488914147126e-31
103,133,1.6107108208756713e-30
103,134,9.66978123752407e-31
103,135,9.680591728448026e-31
103,136,7.318982393609096e-31
103,137,8.44535018523349e-31
103,138,2.1083202664317487e-30
103,139,8.36533527387191e-31
103,140,2.6238275729017154e-30
103,141,1.9615747025995366e-30
103,142,3.177314824884082e-31
103,143,1.8195130419559983e-30
103,144,6.71516555318004e-31
103,145,1.5695299785801474e-30
103,146,5.3076958806524065e-31
103,147,1.0265382889571591e-30
103,148,8.206747793542365e-31
103,149,5.949558228979857e-31
104,105,1.925917833462974e-30
104,106,1.8528994579445015e-30
104,107,2.103415650081124e-30
104,108,2.8400198548822953e-30
104,109,2.1065146690293854e-30
104,110,2.002382895892973e-30
104,111,9.584152039456686e-31
104,112,3.2836645598669513e-31
104,113,1.8581991397014268e-30
104,114,1.4672529735609226e-30
104,115,2.4925965395239867e-30
104,116,1.936838065200277e-30
104,117,1.1377636513978686e-30
104,118,2.199172533464526e-30
104,119,1.4752772864698962e-16
104,120,1.5015131505079544e-16
104,121,1.4972817955225479e-30
104,122,1.254792176716101e-30
104,123,2.134045809407587e-30
104,124,8.000408407935769e-32
104,125,7.821585635329047e-31
104,126,1.5644230760684951e-30
104,127,2.1481301141654267e-30
104,128,2.8483912936648144e-30
104,129,2.6671568873944672e-30
104,130,2.0686726404958458e-30
104,131,1.600588175164603e-30
104,132,8.50908975747751e-31
104,133,1.1756218287596673e-30
104,134,1.4433326990951955e-30
104,135,7.267073681582438e-31
104,136,2.8699832102315472e-30
104,137,1.8769074562745183e-30
104,138,2.5231251541694508e-30
104,139,1.638939656671874e-30
104,140,6.775858827164846e-30
104,141,1.5542438968366436e-30
104,142,1.068634579852459e-30
104,143,3.013689446715239e-30
104,144,1.9043406470603372e-30
104,145,1.3242589361699912e-30
104,146,1.1646287375052004e-30
104,147,1.644942352781369e-30
104,148,9.08361250621617e-31
104,149,1.250651791875888e-30
105,106,2.643147029948254e-30
105,107,2.3287932248490404e-30
105,108,3.510573174574519e-30
105,109,1.3937112493313906e-30
105,110,5.642618392496949e-30
105,111,1.2522844370540614e-30
105,112,8.260336881492141e-32
105,113,2.1623173239460893e-30
105,114,1.7045932546024836e-30
105,115,1.9091522808641333e-30
105,116,3.654444230406583e-30
105,117,3.066731142100417e-30
105,118,9.099578451974563e-31
105,119,2.662112731080938e-30
105,120,5.56206831309893e-16
105,121,8.075288241199426e-31
105,122,1.7071100061294125e-30
105,123,1.3519359592162852e-30
105,124,2.3244678701811737e-31
105,125,2.1397710405346576e-30
105,126,2.8691949029618504e-30
105,127,2.0636115882032272e-30
105,128,8.672557470478311e-31
105,129,4.2049059209151645e-30
105,130,4.438812166997941e-30
105,131,1.3436522654039108e-30
105,132,9.307669512812126e-31
105,133,2.914173105478227e-30
105,134,1.9541011562568927e-30
105,135,2.048068682147818e-30
105,136,1.7989175648774087e-30
105,137,2.2822251536324878e-30
105,138,4.897896908078888e-30
105,139,1.1623528135164021e-30
105,140,2.89923924782915e-30
105,141,3.366793186959345e-30
105,142,2.924934683668955e-31
105,143,3.8956998765578156e-30
105,144,5.208550814812988e-31
105,145,3.3926912971483895e-30
105,146,1.1734660249459295e-30
105,147,1.5228289113757722e-30
105,148,1.4853085222890476e-30
105,149,8.038285763376691e-31
106,107,1.5306225031565854e-30
106,108,3.2639823199576745e-30
106,109,1.6017816166280278e-30
106,110,2.767452557378132e-30
106,111,8.47086807759002e-31
106,112,2.6540991733011973e-31
106,113,2.3113606168470285e-16
106,114,1.3874609935427327e-30
106,115,2.077514741958571e-30
106,116,1.7558959211579068e-30
106,117,1.653461419115263e-30
106,118,1.7424752899770892e-30
106,119,3.091508911360551e-16
106,120,4.735763317817885e-16
106,121,1.1119961653333695e-30
106,122,9.646813489340459e-31
106,123,1.6914379613417572e-30
106,124,1.1737927012767474e-31
106,125,1.1491908289173416e-30
106,126,1.365800650966017e-30
106,127,1.6705365354767484e-30
106,128,2.4085416317246108e-30
106,129,2.5416107122727614e-30
106,130,1.8787887248937293e-30
106,131,1.5200514572517831e-30
106,132,6.672447662200404e-31
106,133,1.8159916854080015e-30
106,134,1.4893058023124756e-30
106,135,1.034998424364181e-30
106,136,1.9764765887544387e-30
106,137,1.1184596791212692e-30
106,138,1.9056750430374014e-30
106,139,1.619246472563218e-30
106,140,5.5646889236010275e-30
106,141,2.0384134905844856e-30
106,142,8.55973374083273e-31
106,143,2.6824245920242755e-30
106,144,1.590481394710005e-30
106,145,1.8115737839397855e-30
106,146,8.666590797005224e-31
106,147,1.503346575409666e-30
106,148,1.5564171155894377e-30
106,149,1.254028031757526e-30
107,108,2.220000642268019e-30
107,109,2.4352998950181725e-30
107,110,2.3602912716928202e-30
107,111,8.942859704088048e-31
107,112,3.027708886560349e-31
107,113,1.642749775475761e-30
107,114,1.2838724784327416e-30
107,115,2.342706498497673e-30
107,116,1.938533048018653e-30
107,117,1.432939458570022e-30
107,118,2.0866762570323794e-30
107,119,5.362288144362419e-16
107,120,2.924232147941872e-16
107,121,1.6072889106788102e-30
107,122,1.148183284907225e-30
107,123,2.2865500346616027e-30
107,124,8.910800907912883e-32
107,125,9.11720916775915e-31
107,126,2.016647669475357e-30
107,127,2.022028459062505e-30
107,128,2.5791422789463096e-30
107,129,2.7520409640870668e-30
107,130,2.472715283144128e-30
107,131,1.4981956352694536e-30
107,132,7.360721829278744e-31
107,133,1.0087648776805442e-30
107,134,1.316340891101306e-30
107,135,9.483110956308085e-31
107,136,3.0351479340088047e-30
107,137,1.9251066576083722e-30
107,138,3.0408990578420843e-30
107,139,1.5019617362934105e-30
107,140,6.004085055262626e-30
107,141,1.5111491605255961e-30
107,142,9.844906244875878e-31
107,143,2.9574717840570693e-30
107,144,1.69595094693487e-30
107,145,1.8257719901541324e-30
107,146,1.5188050891702115e-30
107,147,1.7974720830428793e-30
107,148,9.655508962140587e-31
107,149,1.3601496173364066e-30
108,109,2.4969555345242324e-30
108,110,3.836858139914334e-30
108,111,1.2826580170164906e-30
108,112,4.20372583812948e-31
108,113,2.490436463212932e-30
108,114,2.1247942795555633e-30
108,115,3.0260557011483344e-30
108,116,2.389273563375164e-30
108,117,2.1595606786940517e-30
108,118,2.7559461933502255e-30
108,119,8.08771089389634e-30
108,120,4.7494001495127266e-30
108,121,1.759228828823425e-30
108,122,1.7049125746116222e-30
108,123,2.6131450316045047e-30
108,124,1.548878819935307e-31
108,125,1.584785073974057e-30
108,126,1.6592042538368455e-30
108,127,2.608681372948866e-30
108,128,3.833199384082876e-30
108,129,4.062541892064257e-30
108,130,2.3114539122373055e-30
108,131,2.443195928865849e-30
108,132,7.392928163147631e-31
108,133,2.4755662362334747e-30
108,134,2.299016909856612e-30
108,135,1.3509040031932003e-30
108,136,3.0941937467461736e-30
108,137,1.6870601855615064e-30
108,138,2.4762680881554707e-30
108,139,2.2350614377243868e-30
108,140,8.911309403926922e-30
108,141,2.8810833870346985e-30
108,142,1.3663190027282784e-30
108,143,4.079268159860331e-30
108,144,2.5177915064410254e-30
108,145,2.493045532033129e-30
108,146,1.3837157222325627e-30
108,147,2.279962851859328e-30
108,148,1.1875278687650312e-30
108,149,1.733601535669882e-30
109,110,1.6143769977065327e-30
109,111,9.06485192348863e-31
109,112,3.1979346161986666e-31
109,113,1.710951487527111e-30
109,114,1.3354913671351848e-30
109,115,2.4049348673814695e-30
109,116,1.58844834383515e-30
109,117,1.0400952297138943e-30
109,118,2.176143956184824e-30
109,119,5.438185175431365e-16
109,120,1.6004645656917912e-16
109,121,1.6154643783574915e-30
109,122,1.2090215639705048e-30
109,123,2.2388349557350823e-30
109,124,4.5603480564398237e-32
109,125,7.802412747635142e-31
109,126,1.8124465625116887e-30
109,127,2.0647744313075033e-30
109,128,2.7600864474865377e-30
109,129,2.7025094274429167e-30
109,130,2.0226192065992435e-30
109,131,1.620058941591838e-30
109,132,6.930551008921933e-31
109,133,7.7441147777422825e-31
109,134,1.1435125687772158e-30
109,135,6.393609478969412e-31
109,136,3.101073496870331e-30
109,137,1.7772870384636447e-30
109,138,2.4612416258294465e-30
109,139,1.5701480951064986e-30
109,140,6.476990685280276e-30
109,141,1.4565956251387187e-30
109,142,1.033754460178028e-30
109,143,2.7952807473006437e-30
109,144,1.810414174887925e-30
109,145,1.406083904354675e-30
109,146,1.4247956408230695e-30
109,147,1.79747576230666e-30
109,148,8.916714126444117e-31
109,149,1.3559802113114064e-30
110,111,1.602061987415946e-30
110,112,2.284058726657186e-31
110,113,8.333897564733126e-17
110,114,1.7450861983862274e-30
110,115,2.886252548891902e-30
110,116,4.0915887623490384e-30
110,117,2.6845085074313847e-30
110,118,1.607559759005521e-30
110,119,4.3822287660471646e-16
110,120,3.5713402325603824e-16
110,121,1.1366155315361552e-30
110,122,2.216877936097857e-30
110,123,1.4977979806978735e-30
110,124,2.443748949055768e-31
110,125,2.4319164369897605e-30
110,126,2.93137736202094e-30
110,127,2.409063286939519e-30
110,128,2.053545149413755e-30
110,129,4.1668609186203e-30
110,130,4.904789382484924e-30
110,131,1.361323626278996e-30
110,132,1.136541382330333e-30
110,133,3.0397919352789784e-30
110,134,1.8718278905747098e-30
110,135,1.9845030237661954e-30
110,136,2.1824181383790683e-30
110,137,2.734756999020664e-30
110,138,5.410436565218347e-30
110,139,1.1854790315134487e-30
110,140,4.850585228265417e-30
110,141,3.799880125667361e-30
110,142,7.952534621096952e-31
110,143,3.82000577488531e-30
110,144,1.3458602687348677e-30
110,145,3.1692032004408914e-30
110,146,9.568159771864874e-31
110,147,1.8119056921399224e-30
110,148,1.812327191658055e-30
110,149,9.950273713701193e-31
111,112,1.4649226295411354e-31
111,113,8.591330418614664e-31
111,114,7.160984893693097e-31
111,115,1.3755595192612227e-30
111,116,1.0891679307601719e-30
111,117,6.2052616197145945e-31
111,118,9.828305124040222e-31
111,119,2.33613724464679e-30
111,120,1.6109569390374366e-30
111,121,6.412586001124427e-31
111,122,8.78513799780651e-31
111,123,9.433120307113384e-31
111,124,5.467500533858406e-32
111,125,6.009888122551259e-31
111,126,7.4452160665501456e-31
111,127,1.0647473914492386e-30
111,128,1.3363069452552066e-30
111,129,1.156789272410602e-30
111,130,1.4389568715562223e-30
111,131,7.275228393553157e-31
111,132,3.4226358131971686e-31
111,133,6.837750116736531e-31
111,134,9.174340192140038e-31
111,135,4.344184208226214e-31
111,136,1.1265015946997934e-30
111,137,9.913736374324867e-31
111,138,1.5303306117337866e-30
111,139,6.8952759480495515e-31
111,140,3.0182217681875278e-30
111,141,9.673601375570923e-31
111,142,5.1247717465741805e-31
111,143,1.4147244807985692e-30
111,144,8.749307865955897e-31
111,145,7.040529425404151e-31
111,146,4.5459866729850715e-31
111,147,7.618525844821265e-31
111,148,5.617200998109704e-31
111,149,6.4119711576897925e-31
112,113,2.71520879451432e-31
112,114,2.2008955752443864e-31
112,115,3.7340737157557924e-31
112,116,2.383177806612964e-31
112,117,3.019229212221126e-32
112,118,3.2912829845461146e-31
112,119,8.543644046706152e-31
112,120,4.988680537462971e-31
112,121,2.224014666940459e-31
112,122,1.8935486211869239e-31
112,123,3.2080142877102153e-31
112,124,0.0
112,125,1.1380926095094575e-31
112,126,2.016903870362566e-31
112,127,3.1645039251005343e-31
112,128,4.343039922701297e-31
112,129,3.9364368538867677e-31
112,130,2.6069096331941166e-31
112,131,2.456074206715609e-31
112,132,9.651503488364061e-32
112,133,1.327864101711984e-31
112,134,2.0036781285693672e-31
112,135,5.919344979121735e-32
112,136,4.079888830485861e-31
112,137,2.5574493276073627e-31
112,138,2.929280565306173e-31
112,139,2.426414925680421e-31
112,140,1.0117816277247432e-30
112,141,2.351367230227993e-31
112,142,1.6082887346322395e-31
112,143,4.4304644329534585e-31
112,144,2.8702533993048774e-31
112,145,1.3798048170030571e-31
112,146,1.6787747040450394e-31
112,147,2.4707692129676884e-31
112,148,1.192659233945227e-31
112,149,1.8932831763716868e-31
113,114,1.2604035441300713e-30
113,115,2.1091471390164926e-30
113,116,1.8879472916365858e-30
113,117,1.2830165621689095e-30
113,118,1.8077941376210124e-30
113,119,1.3812854820047326e-16
113,120,1.4156874119585733e-16
113,121,1.1879065483775926e-30
113,122,1.1469245796664147e-30
113,123,1.7696440479687353e-30
113,124,9.445612899296876e-32
113,125,9.107603806723395e-31
113,126,1.4342823640042572e-30
113,127,1.7826121240584794e-30
113,128,2.3904460067155733e-30
113,129,2.142593541555536e-30
113,130,2.127731061935041e-30
113,131,1.3421763218431753e-30
113,132,6.290927642672076e-31
113,133,1.2634609614714303e-30
113,134,1.2462434299823418e-30
113,135,7.959388241456122e-31
113,136,2.2467709306435297e-30
113,137,1.6023589695094216e-30
113,138,2.3758327609097842e-30
113,139,1.379104129142677e-30
113,140,6.908912011341933e-16
113,141,1.5336419503237649e-30
113,142,8.965769019716547e-31
113,143,2.5015215333642478e-30
113,144,1.595980895881672e-30
113,145,1.2915411534466642e-30
113,146,8.714002282251306e-31
113,147,1.366811493117714e-30
113,148,9.177832054063913e-31
113,149,1.0046510550037654e-30
114,115,1.744658171992219e-30
114,116,1.3437420014834367e-30
114,117,9.511481054682647e-31
114,118,1.4582012949317571e-30
114,119,3.731183229651754e-30
114,120,2.270176634669932e-30
114,121,9.41092837622046e-31
114,122,9.254255028784289e-31
114,123,1.4020967018162514e-30
114,124,7.320035057683919e-32
114,125,6.547594456251856e-31
114,126,1.0156387834897333e-30
114,127,1.4545655850084843e-30
114,128,1.9762444906910154e-30
114,129,1.76336129479558e-30
114,130,1.53633148180565e-30
114,131,1.1278902752019325e-30
114,132,4.508748715398823e-31
114,133,1.0160735312018163e-30
114,134,1.1774137526641202e-30
114,135,6.656122356908612e-31
114,136,1.7108801570866536e-30
114,137,1.254495102299212e-30
114,138,1.823520228088983e-30
114,139,1.0925740075903928e-30
114,140,4.5692951304658764e-30
114,141,1.187895937389471e-30
114,142,7.364031917896249e-31
114,143,2.0504311240813328e-30
114,144,1.3080800403006152e-30
114,145,1.1208604705591153e-30
114,146,6.729085086397211e-31
114,147,1.0652180863865294e-30
114,148,5.6113067967468764e-31
114,149,8.582046266367015e-31
115,116,2.334462220263142e-30
115,117,1.1021856302864287e-30
115,118,2.5022708593174072e-30
115,119,6.178032556003031e-30
115,120,3.856795334515364e-30
115,121,1.6724463529265045e-30
115,122,1.8259425002960936e-30
115,123,2.451967545474921e-30
115,124,8.277686173634441e-32
115,125,1.0607762737420878e-30
115,126,1.6027070739048647e-30
115,127,2.5690900266436024e-30
115,128,3.3165516619634636e-30
115,129,2.8984060711787752e-30
115,130,2.897479572662691e-30
115,131,1.7823125414260855e-30
115,132,7.986044058439956e-31
115,133,1.1091932580000587e-30
115,134,1.8208426967951293e-30
115,135,6.09009262107047e-31
115,136,3.0336007299494194e-30
115,137,2.2766598008335742e-30
115,138,3.118160486837818e-30
115,139,1.853270167083971e-30
115,140,7.614469155277004e-30
115,141,2.003583275502984e-30
115,142,1.2495359149080647e-30
115,143,3.483848303252585e-30
115,144,2.1918680535280194e-30
115,145,1.1037271854444997e-30
115,146,1.2574210562113345e-30
115,147,1.8222773001665308e-30
115,148,1.0952621015331186e-30
115,149,1.4410694981285409e-30
116,117,1.6626530965542876e-30
116,118,1.6491033756400208e-30
116,119,2.0957883197965266e-16
116,120,7.681828785909309e-16
116,121,1.1297268198063752e-30
116,122,1.503102165003823e-30
116,123,1.6240759735078458e-30
116,124,1.5795836802721708e-31
116,125,1.5418244060002465e-30
116,126,2.2171868420143226e-30
116,127,1.9832428684275484e-30
116,128,2.044750733347333e-30
116,129,2.7695728533788855e-30
116,130,3.348770419752497e-30
116,131,1.0985325704798828e-30
116,132,8.155309055703746e-31
116,133,1.9187014077703005e-30
116,134,1.483034585908037e-30
116,135,1.3549239006569053e-30
116,136,2.3296333250196917e-30
116,137,2.1715658437310044e-30
116,138,3.9266960643586216e-30
116,139,1.1384324775525935e-30
116,140,5.013937058573695e-30
116,141,2.6492672741088385e-30
116,142,8.128748408134539e-31
116,143,2.6562168439862073e-30
116,144,1.3923459340041388e-30
116,145,2.148727575268542e-30
116,146,1.0962997071617532e-30
116,147,1.328380439660695e-30
116,148,1.2170352047022047e-30
116,149,9.594354439537448e-31
117,118,3.928834288505979e-31
117,119,1.5149475814522999e-30
117,120,1.513621825883609e-30
117,121,3.960528900254092e-31
117,122,8.660630902320737e-31
117,123,8.363429702586481e-31
117,124,1.2159523805198608e-31
117,125,9.985657151712913e-31
117,126,1.50662126918535e-30
117,127,1.1914255888096394e-30
117,128,7.770139277439822e-31
117,129,2.5030787641000927e-30
117,130,2.234919859902073e-30
117,131,1.0855232730626021e-30
117,132,6.0863915033116195e-31
117,133,1.7117272070583186e-30
117,134,1.7175637291589535e-30
117,135,1.1900690201242214e-30
117,136,8.349678143293354e-31
117,137,1.0777278081936565e-30
117,138,2.313096284979184e-30
117,139,8.264048169912384e-31
117,140,1.785788051812763e-30
117,141,1.562078747978553e-30
117,142,3.1148095984596826e-31
117,143,2.5176539154541126e-30
117,144,4.311997523731248e-31
117,145,2.2390973649201463e-30
117,146,8.972743891839648e-31
117,147,1.0449801970807061e-30
117,148,8.220187815542332e-31
117,149,7.956766529026643e-31
118,119,5.699101625582629e-30
118,120,3.3249109351589754e-30
118,121,1.5078746375521562e-30
118,122,1.2795859612126725e-30
118,123,2.1590869725327436e-30
118,124,3.55006216042819e-32
118,125,7.6634801794067565e-31
118,126,1.4234177078958632e-30
118,127,2.12553496245463e-30
118,128,2.8882479239254102e-30
118,129,2.6348686263175302e-30
118,130,1.8896276327661602e-30
118,131,1.6285918148609527e-30
118,132,6.606852419328533e-31
118,133,8.719402957664955e-31
118,134,1.3081107788296275e-30
118,135,4.145941848272873e-31
118,136,2.783051828681936e-30
118,137,1.7696295096718854e-30
118,138,2.1651424928565383e-30
118,139,1.613050261614449e-30
118,140,6.736334400744309e-30
118,141,1.558470894456375e-30
118,142,1.072289678453194e-30
118,143,2.9593274391683655e-30
118,144,1.9087271519152782e-30
118,145,9.530693810529234e-31
118,146,1.1564650974048948e-30
118,147,1.659938680856233e-30
118,148,8.091636794984128e-31
118,149,1.2649988778898429e-30
119,120,5.057782595189017e-16
119,121,3.9080680834642315e-30
119,122,2.4206706834626616e-16
119,123,5.5427335993470876e-30
119,124,1.227040680197209e-31
119,125,2.1726313087180683e-30
119,126,7.034683356131274e-16
119,127,3.8882966694934147e-16
119,128,7.45430932062175e-30
119,129,3.216055802633639e-16
119,130,1.1776971115327569e-16
119,131,4.463626183811377e-30
119,132,1.6648262977934323e-30
119,133,2.9697620340041157e-30
119,134,3.313694708533671e-30
119,135,1.19314797360914e-30
119,136,3.8534688234464736e-16
119,137,3.995682521354935e-30
119,138,3.6323717805067326e-16
119,139,4.3597980628465654e-30
119,140,4.4148030838122e-16
119,141,1.148599503662986e-16
119,142,2.7431672142180066e-30
119,143,8.265979263201743e-16
119,144,4.9449831432054306e-30
119,145,3.123983375658293e-30
119,146,3.122832876281043e-30
119,147,1.14649343087708e-16
119,148,3.4445517655593486e-16
119,149,3.41513660589816e-30
120,121,2.270430894473034e-30
120,122,1.4946834900704596e-16
120,123,1.1316998667985603e-16
120,124,1.3791883119938494e-31
120,125,1.2735213951427523e-30
120,126,6.266963165478995e-16
120,127,6.216025217875879e-17
120,128,4.5112610829482264e-30
120,129,6.419062889589355e-16
120,130,1.7433970933566832e-16
120,131,1.1797415027670225e-16
120,132,2.372468228261476e-16
120,133,6.671562811630834e-16
120,134,6.082525703493267e-16
120,135,1.2523582630802298e-30
120,136,2.359223927328439e-16
120,137,2.7744312847566527e-30
120,138,8.993834424997085e-17
120,139,2.3296457666311175e-30
120,140,6.247413387092469e-16
120,141,3.0571025468068384e-16
120,142,1.6462177633712115e-30
120,143,1.340123006720305e-16
120,144,2.9286713465322763e-30
120,145,2.1644245305920033e-30
120,146,1.7296737685030723e-30
120,147,4.3138495671084274e-16
120,148,2.0955000055363575e-16
120,149,3.3685030867006446e-16
121,122,8.631807704398416e-31
121,123,1.5214886842362498e-30
121,124,2.615224865021126e-32
121,125,5.386188828789661e-31
121,126,1.1675160423599441e-30
121,127,1.4362220061690143e-30
121,128,1.9272929822918155e-30
121,129,1.865592523501062e-30
121,130,1.3736281703053338e-30
121,131,1.1154473894398192e-30
121,132,4.775318840408925e-31
121,133,5.37218054043775e-31
121,134,8.038942693322282e-31
121,135,3.854322378973187e-31
121,136,2.0601811808343872e-30
121,137,1.2380847391066637e-30
121,138,1.6482625385840626e-30
121,139,1.0811344511998033e-30
121,140,4.498660292969646e-30
121,141,1.0180473353679119e-30
121,142,7.191930946176957e-31
121,143,1.9990889179879794e-30
121,144,1.2658299756728453e-30
121,145,8.65247656852673e-31
121,146,9.240368808386975e-31
121,147,1.1985218463220637e-30
121,148,5.804745947509945e-31
121,149,9.061090288501459e-31
122,123,1.1632856698990204e-30
122,124,7.302873345294378e-32
122,125,7.957201595238083e-31
122,126,1.0435683542492956e-30
122,127,1.4516899675286085e-30
122,128,1.7666460166200194e-30
122,129,1.6942295091893194e-30
122,130,1.946527849425702e-30
122,131,1.0498007892397177e-30
122,132,5.742852544501877e-31
122,133,8.694701968671878e-31
122,134,1.3299771393184315e-30
122,135,5.837282813651547e-31
122,136,1.4296523545079982e-30
122,137,1.3382731794027344e-30
122,138,2.0872661890746524e-30
122,139,8.141434458667164e-31
122,140,3.963862210446501e-30
122,141,1.3069132647117832e-30
122,142,6.715048132367338e-31
122,143,1.872445655080665e-30
122,144,1.134607431380196e-30
122,145,8.980660350044768e-31
122,146,6.624012239858542e-31
122,147,1.0714146990974619e-30
122,148,8.410211860086839e-31
122,149,8.68416050549785e-31
123,124,4.929393245735576e-32
123,125,7.5965661750795935e-31
123,126,1.6075362493618395e-30
123,127,2.0477140689723743e-30
123,128,2.796216918277657e-30
123,129,2.4897899115209487e-30
123,130,1.8836382214358557e-30
123,131,1.5571499215182161e-30
123,132,6.7761756600135375e-31
123,133,8.09356773909647e-31
123,134,1.308559868708772e-30
123,135,6.120991638617507e-31
123,136,2.828055340767226e-30
123,137,1.7506284203384517e-30
123,138,2.3105867800221396e-30
123,139,1.599878632430455e-30
123,140,6.496072941632606e-30
123,141,1.5230724390927056e-30
123,142,1.0410733587858172e-30
123,143,2.8680661903436652e-30
123,144,1.8481387938347377e-30
123,145,1.2840705181979429e-30
123,146,1.2539033820611975e-30
123,147,1.7141277428477874e-30
123,148,8.718071312991187e-31
123,149,1.2423235827418766e-30
124,125,9.36902972464565e-32
124,126,1.1941585648282573e-31
124,127,8.539788986945792e-32
124,128,3.5065014658007084e-32
124,129,1.7534583733786216e-31
124,130,1.8657916041082128e-31
124,131,5.599433806255714e-32
124,132,3.7958991847384783e-32
124,133,1.2598833283169642e-31
124,134,7.728485542006349e-32
124,135,8.561204406789789e-32
124,136,6.28027285227784e-32
124,137,9.310405218577799e-32
124,138,2.0375441362618963e-31
124,139,5.098388619920969e-32
124,140,1.2742815282833198e-31
124,141,1.4941627503021157e-31
124,142,5.544265625324626e-33
124,143,1.5986559468619662e-31
124,144,2.2177062501298498e-32
124,145,1.3947024176483899e-31
124,146,4.1858287536363775e-32
124,147,6.665402433327451e-32
124,148,6.377411885085064e-32
124,149,3.1472025775565063e-32
125,126,1.1086371437601667e-30
125,127,9.117465131233826e-31
125,128,9.981406832804566e-31
125,129,1.5546115593477853e-30
125,130,1.8602766952266844e-30
125,131,6.169666851303209e-31
125,132,3.9545624967250954e-31
125,133,1.1885353515543334e-30
125,134,6.047298413453642e-31
125,135,7.452313464051034e-31
125,136,1.0006760671564299e-30
125,137,1.045429055641932e-30
125,138,2.03926169057745e-30
125,139,6.033281858804759e-31
125,140,2.331277870801413e-30
125,141,1.4712998819071258e-30
125,142,3.716827418730279e-31
125,143,1.4240374595108754e-30
125,144,6.598149070623312e-31
125,145,1.1896470605160029e-30
125,146,4.119959865557349e-31
125,147,7.324539134255581e-31
125,148,6.9411193319557e-31
125,149,4.454159260824079e-31
126,127,1.52342573834453e-30
126,128,1.6863185995954564e-30
126,129,2.4543064505563675e-30
126,130,2.6164642065485205e-30
126,131,1.0651839697374857e-30
126,132,6.1242172711534595e-31
126,133,1.4080475136749317e-30
126,134,1.0911730777744544e-30
126,135,1.1061643703815379e-30
126,136,2.336491150460208e-30
126,137,1.6410981287395766e-30
126,138,3.0366730861527206e-30
126,139,9.771617646466776e-31
126,140,4.066808346495318e-30
126,141,1.8538716625651846e-30
126,142,6.690875570959828e-31
126,143,2.4158683607062844e-30
126,144,1.1085998683343111e-30
126,145,1.852521170882002e-30
126,146,1.2160601943849796e-30
126,147,1.308985647886716e-30
126,148,8.09378447027529e-31
126,149,9.900443990297319e-31
127,128,2.8005912263570898e-30
127,129,2.546721718020914e-30
127,130,2.425011103021969e-30
127,131,1.5329033210709054e-30
127,132,7.147326931406911e-31
127,133,1.0726271040334452e-30
127,134,1.4301893675558145e-30
127,135,7.434542043226342e-31
127,136,2.640691134935328e-30
127,137,1.9509893308400542e-30
127,138,2.7784410191999225e-30
127,139,1.5226750688265145e-30
127,140,6.487197479048149e-30
127,141,1.6305308296222578e-30
127,142,1.0505384682049593e-30
127,143,2.942446336158716e-30
127,144,1.8500028506763616e-30
127,145,1.2223522148327351e-30
127,146,1.0612834904315317e-30
127,147,1.5177108951025335e-30
127,148,8.782070596657425e-31
127,149,1.2136089209056402e-30
128,129,3.487496495315039e-30
128,130,2.3572270433749637e-30
128,131,2.206506268239717e-30
128,132,8.163803352430578e-31
128,133,1.2385417674423394e-30
128,134,1.9221846679994738e-30
128,135,5.175401064646174e-31
128,136,3.453376900222365e-30
128,137,2.205727726043922e-30
128,138,2.5401177653581382e-30
128,139,2.1237291612465637e-30
128,140,8.936273504073869e-30
128,141,2.1267285894908527e-30
128,142,1.4266743287128326e-30
128,143,3.928599502604579e-30
128,144,2.5474013127446195e-30
128,145,1.1614874765952508e-30
128,146,1.4382755721068706e-30
128,147,2.1557053716959505e-30
128,148,1.0098710474929945e-30
128,149,1.684534725729043e-30
129,130,3.522920178422957e-30
129,131,2.120249685221771e-30
129,132,9.02649858226451e-31
129,133,2.2920455153922223e-30
129,134,2.1306954391945274e-30
129,135,1.6055483705618634e-30
129,136,3.500776960466725e-30
129,137,2.3432007555392066e-30
129,138,4.047135366290768e-30
129,139,1.863224727205407e-30
129,140,8.208997146661351e-30
129,141,2.5716706755282524e-30
129,142,1.2772494036507616e-30
129,143,3.580596878415951e-30
129,144,2.2863834052168284e-30
129,145,2.744418298886164e-30
129,146,1.548742824019066e-30
129,147,1.981248796333701e-30
129,148,1.0975764004796557e-30
129,149,1.5217180432832888e-30
130,131,1.2324010133862844e-30
130,132,9.489264313692425e-31
130,133,2.1869230537797637e-30
130,134,1.3834239001153235e-30
130,135,1.598718413579405e-30
130,136,2.4941189245633715e-30
130,137,2.6645932124205226e-30
130,138,4.778106768267547e-30
130,139,1.1783908883243167e-30
130,140,5.401574384751588e-30
130,141,2.9035303397671783e-30
130,142,9.1510691644367e-31
130,143,3.548304394993664e-30
130,144,1.5203911063107588e-30
130,145,2.5476857315789606e-30
130,146,1.0898123266518917e-30
130,147,1.6201724583471982e-30
130,148,1.441568463406711e-30
130,149,1.0521612615718682e-30
131,132,4.446035231549838e-31
131,133,9.753779985389507e-31
131,134,1.2736274303974335e-30
131,135,5.5302954115377995e-31
131,136,1.996790605761626e-30
131,137,1.1269566614162397e-30
131,138,1.3990936625140775e-30
131,139,1.2025202675834453e-30
131,140,5.096141146551604e-30
131,141,1.3017695514938636e-30
131,142,7.976377254439282e-31
131,143,2.2004862387333375e-30
131,144,1.4411973435861212e-30
131,145,1.0367137226619589e-30
131,146,9.106778347147296e-31
131,147,1.2845636117674938e-30
131,148,6.401289791094263e-31
131,149,9.93064585039446e-31
132,133,4.834148866723716e-31
132,134,7.251298286282446e-31
132,135,3.2493927695289227e-31
132,136,9.62706994928548e-31
132,137,6.988241320958077e-31
132,138,1.1121850662022053e-30
132,139,4.860015256608084e-31
132,140,1.9803813931311708e-30
132,141,6.481862500237028e-31
132,142,3.1508867850859115e-31
132,143,9.496933763965225e-31
132,144,5.502399247040258e-31
132,145,5.266469857934699e-31
132,146,4.156982662043049e-31
132,147,5.416558360627901e-31
132,148,4.9083046067449544e-31
132,149,4.269227314337614e-31
133,134,1.2311403878852325e-30
133,135,1.0837833001449707e-30
133,136,9.870792757314822e-31
133,137,1.0340468765026815e-30
133,138,2.3306374170003857e-30
133,139,9.355614596753635e-31
133,140,2.9598744755727437e-30
133,141,1.919686793767346e-30
133,142,4.26812525538917e-31
133,143,2.1617686762536e-30
133,144,8.23794316259146e-31
133,145,1.833451194991771e-30
133,146,5.466477201560709e-31
133,147,9.845685185227946e-31
133,148,8.099293339710669e-31
133,149,7.125325659979097e-31
134,135,8.617576867950781e-31
134,136,1.3388407919251442e-30
134,137,1.0152917966680963e-30
134,138,1.517444750917473e-30
134,139,9.601513716887903e-31
134,140,4.3411814830595494e-30
134,141,1.381818890455335e-30
134,142,7.654784265019678e-31
134,143,2.398284113305402e-30
134,144,1.2591945437053071e-30
134,145,1.9524797148392864e-30
134,146,9.540435563314491e-31
134,147,1.0750023077774173e-30
134,148,1.6173658016463414e-30
134,149,1.2862424454255383e-30
135,136,8.256737217770151e-31
135,137,7.976709344514157e-31
135,138,1.7829398899397432e-30
135,139,4.545069294510576e-31
135,140,1.237622114119039e-30
135,141,1.2300438525032252e-30
135,142,1.9306457350206296e-31
135,143,1.4812830771169247e-30
135,144,3.4274594775604907e-31
135,145,1.3520445159181706e-30
135,146,5.706296470415112e-31
135,147,5.835451387970962e-31
135,148,4.725458375196816e-31
135,149,4.102331818018731e-31
136,137,2.3505563141611113e-30
136,138,3.202299501810334e-30
136,139,2.0119366151913427e-30
136,140,8.342951556074406e-30
136,141,1.8573671091673553e-30
136,142,1.3195808438417025e-30
136,143,3.6239237525151634e-30
136,144,2.2997672515570658e-30
136,145,1.7993915052320178e-30
136,146,1.807023821425188e-30
136,147,2.298888328975326e-30
136,148,1.18895410598126e-30
136,149,1.6901864793705402e-30
137,138,3.0670008049593073e-30
137,139,1.2099168393819174e-30
137,140,5.2220824656882285e-30
137,141,1.7464506111510058e-30
137,142,8.533805857621364e-31
137,143,2.6362128341701995e-30
137,144,1.4727591449601977e-30
137,145,1.2381553339968214e-30
137,146,9.43850635083706e-31
137,147,1.2663847037637213e-30
137,148,9.071392820799554e-31
137,149,9.512259576715924e-31
138,139,1.4243220519453715e-30
138,140,6.046215192984002e-30
138,141,3.263875710303313e-30
138,142,9.86481580901847e-31
138,143,4.1164783924056326e-30
138,144,1.6633805187818493e-30
138,145,2.8550809743590672e-30
138,146,1.4977330545918522e-30
138,147,1.780435593650535e-30
138,148,1.5772380244495552e-30
138,149,1.1442409741487142e-30
139,140,4.974645544398691e-30
139,141,1.2043986575654507e-30
139,142,7.850492275615652e-31
139,143,2.163102454096298e-30
139,144,1.4155409705244145e-30
139,145,8.948771674868985e-31
139,146,8.305234223905062e-31
139,147,1.2857620844767133e-30
139,148,8.06060159207585e-31
139,149,9.550256622005168e-31
140,141,4.894056876074742e-30
140,142,3.307389391600894e-30
140,143,9.108521748822168e-30
140,144,5.91420849071496e-30
140,145,2.943839604122868e-30
140,146,3.3599010563699154e-30
140,147,5.059933163813391e-30
140,148,2.5246446628384414e-30
140,149,3.8244323921549205e-30
141,142,7.905878866560496e-31
141,143,2.201424380593197e-30
141,144,1.4012056802851642e-30
141,145,1.9555528850422482e-30
141,146,7.363387708260049e-31
141,147,1.2634574932848355e-30
141,148,1.0978052773649591e-30
141,149,9.452432880202042e-31
142,143,1.4661188290747176e-30
142,144,9.42321621886949e-31
142,145,4.7322331367109145e-31
142,146,5.480670641623807e-31
142,147,7.93591569114125e-31
142,148,3.8696946332889837e-31
142,149,6.146309922826247e-31
143,144,2.601952117056385e-30
143,145,2.7182009664012826e-30
143,146,1.5166549801038157e-30
143,147,2.1448710229978425e-30
143,148,1.1233415107752679e-30
143,149,1.6899301482896717e-30
144,145,7.888179825976143e-31
144,146,9.369859736464664e-31
144,147,1.4191380156521528e-30
144,148,6.809353130078976e-31
144,149,1.101715349452771e-30
145,146,1.260380222686839e-30
145,147,1.2197898882640003e-30
145,148,7.631339645192753e-31
145,149,1.0759556948229022e-30
146,147,1.1136976885258268e-30
146,148,5.412997528832904e-31
146,149,8.890654767970952e-31
147,148,9.009461310988457e-31
147,149,1.0971049416796485e-30
148,149,6.432210706121602e-31
