cluster_i,cluster_k,epsilon
0,1,1.940261525225194e-30
0,2,7.171389313119338e-31
0,3,2.0161492903938124e-30
0,4,4.5605694455107495e-30
0,5,1.3071208719505206e-30
0,6,2.5629303126083903e-30
0,7,2.4261208723169734e-30
0,8,1.360346505944233e-30
0,9,9.20708310869604e-31
0,10,4.143435318864862e-30
0,11,2.2289315222717693e-30
0,12,2.2212229594810837e-30
0,13,1.5988064664396016e-30
0,14,7.42428205376004e-31
0,15,1.0065424166912982e-30
0,16,3.015598537968068e-30
0,17,1.3156928159183509e-30
0,18,2.2611719458494306e-30
0,19,1.0021709383729075e-30
0,20,2.6324780880703317e-30
0,21,8.1033685071229e-31
0,22,1.570288180972466e-15
0,23,1.33665059500531e-30
0,24,6.948948016113585e-16
0,25,2.1605397942369257e-30
0,26,2.302598757077364e-30
0,27,2.221597715394513e-16
0,28,2.660543602755522e-30
0,29,1.87674163196144e-30
0,30,4.561148405749344e-32
0,31,1.3392227069872876e-30
0,32,9.619112244852318e-31
0,33,2.0060048241113528e-31
0,34,2.750708962281892e-30
0,35,1.783530526380779e-30
0,36,5.438631031227829e-30
0,37,1.8590608997092577e-30
0,38,3.831221890241207e-30
0,39,2.721002910771671e-30
0,40,3.21517610421542e-30
0,41,4.695051964314723e-31
0,42,9.981787666851143e-31
0,43,1.6025459030487053e-30
0,44,1.361510410908783e-30
0,45,2.4272723885591083e-30
0,46,1.6214363435182434e-30
0,47,9.65994439159603e-31
0,48,4.402762102456138e-30
0,49,1.6027177664640186e-30
0,50,2.441208881888695e-31
0,51,7.185415339829039e-30
0,52,9.39367148290077e-31
0,53,1.775353162144649e-30
0,54,1.9668991848017832e-30
0,55,1.812639212438705e-30
0,56,1.243089735549619e-30
0,57,2.6341543290627418e-30
0,58,2.5332365403487576e-30
0,59,2.7693481423397662e-30
0,60,1.887923153045581e-30
0,61,3.508841768369424e-30
0,62,3.613417015215144e-30
0,63,7.953322069680128e-31
0,64,1.2873524705904948e-30
0,65,1.6795681245564104e-30
0,66,1.8383878988271196e-30
0,67,1.4427021826354217e-30
0,68,1.1010532057527085e-30
0,69,3.6875370925225765e-30
0,70,1.5773100937956956e-30
0,71,2.8697939938081736e-30
0,72,1.847258123515394e-30
0,73,1.5629541209954126e-30
0,74,3.564613616754795e-30
0,75,3.172832455534583e-30
0,76,7.757528976930181e-31
0,77,1.070724019751927e-30
0,78,7.422609387150404e-31
0,79,6.437349396348467e-16
0,80,5.190689809762367e-30
0,81,1.943567096177832e-30
0,82,4.8338547049440564e-30
0,83,6.571923821005444e-16
0,84,2.2097018105175515e-30
0,85,8.105043333176103e-31
0,86,1.7524029587994078e-30
0,87,1.4251272863839275e-30
0,88,1.8389008193370838e-30
0,89,4.561530909239824e-32
0,90,2.5519920124629103e-30
0,91,7.563629328607735e-31
0,92,1.0694960419886848e-30
0,93,1.9724776834215234e-30
0,94,8.117776857014317e-31
0,95,1.2268815001555905e-30
0,96,2.8783611952239576e-30
0,97,1.022651673703398e-30
0,98,1.1634880697501318e-30
0,99,9.42659687772714e-31
0,100,8.711708617829897e-31
0,101,6.46247849963574e-31
0,102,2.3553055168340964e-30
0,103,1.4949603351773588e-30
0,104,1.4099987222352912e-30
0,105,3.949624990169802e-30
0,106,1.3594700395199097e-30
0,107,4.565751325041159e-16
0,108,1.4898014320207967e-30
0,109,1.0144387807854934e-30
0,110,1.3207366676441742e-30
0,111,1.9217419180640625e-30
0,112,2.7048051648877307e-30
0,113,1.3260309727233252e-30
0,114,2.6109925719545483e-30
0,115,2.6387186204314566e-30
0,116,9.731612789687884e-31
0,117,1.4810583511245466e-30
0,118,1.5018628324575175e-30
0,119,6.140900093267725e-31
0,120,9.398091110207334e-31
0,121,1.8144455417641584e-30
0,122,4.7411901306751344e-30
0,123,1.1114763305142007e-30
0,124,3.389353229251367e-30
0,125,8.988268857235346e-31
0,126,2.902583805183378e-30
0,127,7.374068882491293e-31
0,128,2.5132021104046456e-30
0,129,1.4794452740861425e-30
0,130,1.1372965543955038e-30
0,131,2.988081823977141e-30
0,132,5.688474563142576e-30
0,133,8.277408499625713e-31
0,134,3.7659891405106996e-30
0,135,1.1384123379268909e-30
0,136,3.736867623790059e-30
0,137,1.1785232452101437e-30
0,138,2.769921041250524e-30
0,139,9.394228147901482e-31
0,140,4.462778629881586e-30
0,141,1.9519764234510802e-30
0,142,1.494395406764341e-30
0,143,2.369258752978664e-30
0,144,2.76621353602935e-31
0,145,1.1023401152641488e-30
0,146,1.0943831708289132e-30
0,147,4.4813697074466194e-30
0,148,8.453093910103907e-31
0,149,1.5016594651090052e-30
1,2,7.584541975702735e-31
1,3,1.8987713883023915e-30
1,4,3.50714254410405e-30
1,5,1.3082708514240474e-30
1,6,3.277291199841756e-30
1,7,1.831156721741472e-30
1,8,1.03988895048916e-30
1,9,1.0722516272289357e-30
1,10,6.896629832622722e-30
1,11,1.73756204321736e-30
1,12,1.9405892488675104e-30
1,13,1.3652400808499412e-30
1,14,6.192588294578424e-31
1,15,7.8301258662522015e-31
1,16,2.4176789553485532e-30
1,17,1.0704274724245088e-30
1,18,1.9351532412926995e-30
1,19,1.7853330383883228e-16
1,20,2.0348427183527424e-30
1,21,6.818776183184916e-31
1,22,1.2306759708909056e-15
1,23,1.1894581344237756e-30
1,24,5.865788059466594e-16
1,25,1.7224302507355677e-30
1,26,1.800960855356496e-30
1,27,6.076585542783404e-16
1,28,2.0398659946998204e-30
1,29,1.5701171567106679e-30
1,30,6.926437502014584e-32
1,31,1.2142127390110826e-30
1,32,1.0092664086595334e-30
1,33,3.0967107384055864e-31
1,34,2.204874944930388e-30
1,35,1.362885943213882e-30
1,36,2.4325747170703115e-16
1,37,1.608242718027025e-30
1,38,2.997115372195558e-30
1,39,2.136677490305282e-30
1,40,2.3230753632643646e-30
1,41,6.1262522850189415e-31
1,42,7.895220796431632e-31
1,43,1.9255073281623776e-30
1,44,1.1929784126610978e-30
1,45,1.9289718898442676e-30
1,46,1.26675956430973e-30
1,47,1.2082996068115323e-30
1,48,3.447329846342907e-30
1,49,1.3626266646113016e-30
1,50,2.759147092065314e-31
1,51,5.762651261759762e-30
1,52,7.4322304617858735e-31
1,53,1.4064758370437645e-30
1,54,1.4321666132385533e-30
1,55,1.4093535480980812e-30
1,56,1.1664783005589729e-30
1,57,2.073076033625943e-30
1,58,1.8336928373803304e-30
1,59,2.1690187145768177e-30
1,60,1.614300892355617e-30
1,61,2.5763380614624534e-30
1,62,2.9246359306060597e-30
1,63,5.824407946503062e-31
1,64,9.603767685852602e-31
1,65,1.611432167091388e-30
1,66,1.7466556646080782e-30
1,67,1.1293918858666483e-30
1,68,8.855274383673814e-31
1,69,2.8548530907397588e-30
1,70,1.2817433863947197e-30
1,71,2.2354942102745876e-30
1,72,1.4967241358864757e-30
1,73,1.3254467489809717e-30
1,74,2.9237629665437978e-30
1,75,2.6173558913652013e-30
1,76,6.777827227189555e-31
1,77,7.982856619722905e-31
1,78,7.764550335785973e-31
1,79,5.437631788858547e-16
1,80,4.029872278890112e-30
1,81,1.5159267804559435e-30
1,82,3.837573025442613e-30
1,83,5.327860817850935e-16
1,84,1.82408559409389e-30
1,85,6.287011486494338e-31
1,86,1.4094099452983282e-30
1,87,1.38526143701613e-30
1,88,1.430769071720911e-30
1,89,6.927018361544999e-32
1,90,1.987147687686406e-30
1,91,7.32497658219178e-31
1,92,8.81194867169066e-31
1,93,1.7025264441434466e-30
1,94,9.547384184215747e-31
1,95,3.143261975455587e-16
1,96,2.1729200969276064e-30
1,97,8.550094320213456e-31
1,98,8.529547652181514e-31
1,99,7.98661601920387e-31
1,100,7.347303198797441e-31
1,101,6.824026304238403e-31
1,102,1.965943189258535e-30
1,103,1.1577859066634098e-30
1,104,1.1099805015529742e-30
1,105,3.203919929794395e-30
1,106,1.3180816848114752e-30
1,107,6.93342737166265e-16
1,108,2.2104684093888018e-30
1,109,1.1241072751419229e-30
1,110,1.313655968940015e-30
1,111,1.562743868484983e-30
1,112,2.1646434191174226e-30
1,113,1.0430018897640717e-30
1,114,2.0511196804750046e-30
1,115,2.196796056464379e-30
1,116,9.924236826720035e-31
1,117,9.148618138415426e-31
1,118,1.3856149182127763e-30
1,119,9.111506894119736e-31
1,120,1.2035968246955355e-30
1,121,1.4873380393767e-30
1,122,3.5533066640744885e-30
1,123,1.3096581620092962e-30
1,124,2.9969297185941204e-30
1,125,1.0535856548446855e-30
1,126,2.1887329244182354e-30
1,127,8.507056983461252e-31
1,128,2.0359900481064346e-30
1,129,8.854006708358828e-31
1,130,1.111443606076693e-30
1,131,2.4761639347894497e-30
1,132,4.84734770823943e-30
1,133,9.4702122819597e-31
1,134,2.9362216326995026e-30
1,135,9.765532804456122e-31
1,136,2.9666331775549082e-30
1,137,1.552884899041816e-30
1,138,2.1570183479875868e-30
1,139,7.544788881642893e-31
1,140,3.7835929957098996e-30
1,141,1.5730018065857388e-30
1,142,1.3292297996578977e-30
1,143,1.7664041755179892e-30
1,144,2.7002779670646423e-31
1,145,8.906426886177264e-31
1,146,8.766902724942226e-31
1,147,3.932918650537971e-30
1,148,5.518166437228481e-16
1,149,1.3366251657987626e-30
2,3,9.11248713498526e-31
2,4,1.100588343141874e-30
2,5,1.6087523994917056e-30
2,6,4.280409345529869e-30
2,7,9.992335031891041e-31
2,8,1.4622561390951425e-30
2,9,1.752780588881356e-30
2,10,5.496630425776668e-30
2,11,8.258635513129197e-31
2,12,1.8514419957795463e-30
2,13,7.93956331456276e-31
2,14,7.174690530935876e-31
2,15,8.414400034110352e-31
2,16,8.394944807077417e-31
2,17,1.1709964815506547e-30
2,18,2.124986230381249e-30
2,19,1.1712958712992705e-30
2,20,7.111641482315822e-31
2,21,4.873643936914844e-31
2,22,2.8441001681421824e-16
2,23,1.14160334398647e-30
2,24,3.5709797650458884e-30
2,25,7.774244307857295e-31
2,26,6.848272283399426e-31
2,27,2.587425196236874e-30
2,28,3.0896114333097986e-31
2,29,1.5167399411314536e-30
2,30,1.1373714632151062e-31
2,31,1.698507193937293e-30
2,32,1.426805869702489e-30
2,33,4.853668582772397e-31
2,34,9.420923070217094e-31
2,35,8.089328297165061e-31
2,36,2.3446133694319157e-30
2,37,1.5574819319985225e-30
2,38,1.1571713816925144e-30
2,39,8.401314630926418e-31
2,40,1.907873089017036e-30
2,41,8.92343259441284e-31
2,42,3.2588000826264467e-31
2,43,2.6671277768442503e-30
2,44,1.332687578234717e-30
2,45,8.150801293776614e-31
2,46,8.121281332969168e-31
2,47,1.838174957402829e-30
2,48,8.533974678151304e-31
2,49,1.0637126830576262e-30
2,50,4.025402385866944e-31
2,51,2.356358253800121e-30
2,52,7.4715995510017975e-31
2,53,6.0182693765820595e-31
2,54,7.978987172828105e-31
2,55,1.5303793908147313e-30
2,56,1.2690519651008409e-30
2,57,9.899076593937392e-31
2,58,7.7492265908233236e-31
2,59,9.98606942469375e-31
2,60,1.5461575867987533e-30
2,61,1.8460174002822408e-30
2,62,2.260472600259304e-30
2,63,4.383739455133749e-31
2,64,8.308536474584705e-31
2,65,1.6066315323393044e-30
2,66,1.7922497311319026e-30
2,67,6.502730952139853e-31
2,68,3.868621745707839e-31
2,69,1.3544348195900564e-30
2,70,4.724706963738994e-31
2,71,2.1539467150956822e-30
2,72,1.1053730938837472e-30
2,73,1.308831045171879e-30
2,74,1.5593326318278705e-30
2,75,1.4927240380604106e-30
2,76,5.6137125044911085e-31
2,77,1.072893892090171e-30
2,78,9.032899654515917e-31
2,79,8.025229033898309e-16
2,80,1.3153501427141157e-30
2,81,6.4907923140942955e-31
2,82,1.1467297640362729e-30
2,83,4.509747244882943e-16
2,84,8.870651071400737e-31
2,85,2.28909600963745e-31
2,86,7.199136798961872e-31
2,87,1.1598851405859871e-30
2,88,1.24847889867944e-30
2,89,1.1374668445787347e-31
2,90,5.880360384743327e-31
2,91,8.385592991083732e-31
2,92,6.702414016180769e-31
2,93,9.884908625094621e-31
2,94,9.332859773164412e-31
2,95,1.2623644418511418e-30
2,96,6.9841425512839964e-31
2,97,3.42611232143354e-31
2,98,3.8382246876261768e-31
2,99,8.80713507248466e-31
2,100,1.1110797138136846e-30
2,101,9.947168464854025e-31
2,102,2.7539473717269137e-30
2,103,5.168568374773468e-31
2,104,7.531946438765142e-31
2,105,1.0580462912068291e-30
2,106,1.5298341519320313e-30
2,107,1.1385192506984955e-15
2,108,3.474784905296614e-30
2,109,5.971719912914092e-31
2,110,1.949800532086343e-30
2,111,6.322278199719681e-31
2,112,2.1129733901870174e-30
2,113,5.585883074595683e-31
2,114,1.495628034411915e-30
2,115,1.1662876903634092e-30
2,116,1.3932337608776395e-30
2,117,2.180778331946791e-30
2,118,8.539778833612993e-31
2,119,1.2562058308031274e-30
2,120,1.287006853935294e-30
2,121,6.984773431322106e-31
2,122,8.092092765424852e-31
2,123,2.0409669397834733e-30
2,124,3.0697326807173305e-30
2,125,1.2370474646952138e-30
2,126,8.042336117988755e-31
2,127,1.4255205675617389e-30
2,128,9.898869743122244e-31
2,129,7.459611469564852e-31
2,130,1.1283842142322025e-30
2,131,1.703018663017879e-30
2,132,2.1260468403559855e-30
2,133,1.3820286298788783e-30
2,134,8.372211256062833e-31
2,135,1.5158729606928135e-30
2,136,1.1621953647578317e-30
2,137,2.4303441421308997e-30
2,138,1.0072623187210177e-30
2,139,5.638331429813715e-31
2,140,2.2799091362274633e-30
2,141,1.7991230374609632e-30
2,142,1.6011962561767623e-30
2,143,8.07378492175866e-31
2,144,3.881179048647594e-31
2,145,5.739859735407629e-31
2,146,1.4148723629560034e-30
2,147,3.280970709757854e-30
2,148,8.911521487128583e-31
2,149,7.151326041941396e-31
3,4,3.507258711877182e-30
3,5,1.613016196600518e-30
3,6,4.055274041009045e-30
3,7,1.8577186850072444e-30
3,8,1.2494035487278264e-30
3,9,1.3817899421364338e-30
3,10,5.190329879428112e-30
3,11,1.7698249410863378e-30
3,12,2.062204944658945e-30
3,13,1.4472029246632171e-30
3,14,6.306772530976836e-31
3,15,9.086782482143291e-31
3,16,2.4170576972436483e-30
3,17,1.1383311036623058e-30
3,18,1.9256368847959616e-30
3,19,1.2028697029814174e-30
3,20,2.1656118568387206e-30
3,21,6.74401855000884e-31
3,22,1.2556330677088749e-15
3,23,1.4424115728776313e-30
3,24,4.552252871008667e-16
3,25,1.700739033882458e-30
3,26,1.845213767397369e-30
3,27,1.2807476463513834e-15
3,28,2.1833534652778325e-30
3,29,1.7216447748127403e-30
3,30,8.813057776908153e-32
3,31,1.2769892527368775e-30
3,32,1.2961400572422566e-30
3,33,3.591701846722097e-31
3,34,2.2317567378120513e-30
3,35,1.4058995415854297e-30
3,36,3.24417948147308e-17
3,37,1.7386047947543097e-30
3,38,3.1784139745625514e-30
3,39,2.1927412421017197e-30
3,40,2.619275775350834e-30
3,41,6.792337671867574e-31
3,42,8.36221164956338e-31
3,43,2.1767286406135543e-30
3,44,1.2442505086487077e-30
3,45,2.0524284204727723e-30
3,46,1.410833600228591e-30
3,47,1.5491982700422937e-30
3,48,3.66432539182835e-30
3,49,1.4088554931145582e-30
3,50,3.0615711124029894e-31
3,51,5.95110476453564e-30
3,52,8.759512646635843e-31
3,53,1.4160926180749747e-30
3,54,1.459066636147028e-30
3,55,1.774550267515915e-30
3,56,1.1837098198929362e-30
3,57,2.0716777878794024e-30
3,58,1.9323672450342878e-30
3,59,2.362779101914409e-30
3,60,1.7086881973717714e-30
3,61,2.8151507280316982e-30
3,62,2.6157886985366417e-30
3,63,6.455649341945237e-31
3,64,1.0702925186137927e-30
3,65,2.0212241660868185e-30
3,66,2.1445943690222887e-30
3,67,1.1382418482549516e-30
3,68,9.169621730942724e-31
3,69,2.9624346094082382e-30
3,70,1.3519671362591699e-30
3,71,2.3012830320215964e-30
3,72,1.6683190040120112e-30
3,73,1.5654391228250767e-30
3,74,2.9727178920041532e-30
3,75,2.6097433135897843e-30
3,76,8.01895439408975e-31
3,77,1.0007698222072835e-30
3,78,7.343240733549114e-31
3,79,6.515636155078865e-16
3,80,4.033686498330772e-30
3,81,1.4728098730400014e-30
3,82,3.936647015661333e-30
3,83,3.9739936517281144e-16
3,84,1.9666256564570946e-30
3,85,6.406516364821176e-31
3,86,1.4350753639852783e-30
3,87,1.7534186802630365e-30
3,88,1.4648601296702051e-30
3,89,8.813796850725009e-32
3,90,2.06097503075138e-30
3,91,6.015735067215982e-31
3,92,9.439548366023821e-31
3,93,1.6399577644720687e-30
3,94,1.6180948327060237e-30
3,95,4.1361060984425196e-16
3,96,2.2701356353782395e-30
3,97,8.626093236978893e-31
3,98,8.969685926035314e-31
3,99,7.564433091068195e-31
3,100,7.570357572501257e-31
3,101,9.049834669259763e-31
3,102,2.3993627236525765e-30
3,103,1.1822209053705812e-30
3,104,1.288282512184858e-30
3,105,3.20368165366953e-30
3,106,1.2768219116795242e-30
3,107,8.821951544453649e-16
3,108,2.6780943287113992e-30
3,109,2.038742736417341e-30
3,110,1.532796765125902e-30
3,111,1.553974966359048e-30
3,112,2.3837892417802837e-30
3,113,1.0905875336977006e-30
3,114,2.2171594459445042e-30
3,115,2.151060959206561e-30
3,116,1.43401204159351e-30
3,117,1.3124910964632709e-30
3,118,1.3107992711906255e-30
3,119,9.97079168414439e-31
3,120,1.1999920999318254e-30
3,121,1.5034616921044712e-30
3,122,3.608098169878525e-30
3,123,1.720516852024969e-30
3,124,3.524173609907462e-30
3,125,1.2160314020793105e-30
3,126,2.289786620142256e-30
3,127,9.532028906376848e-31
3,128,1.920539646929889e-30
3,129,1.105610987589073e-30
3,130,1.070930055437531e-30
3,131,2.3961304399855096e-30
3,132,5.118334089900594e-30
3,133,1.2087510733552368e-30
3,134,3.1252280640082884e-30
3,135,1.2304641290440154e-30
3,136,3.0273887892082802e-30
3,137,1.7905128771231232e-30
3,138,2.4724565069996276e-30
3,139,8.630277949064916e-31
3,140,2.934033101941967e-30
3,141,1.671098332559335e-30
3,142,1.6609629287781107e-30
3,143,1.9327978530435054e-30
3,144,3.3985074801493054e-31
3,145,9.828444171274941e-31
3,146,1.2007832044905181e-30
3,147,3.9069831669901825e-30
3,148,3.7134557512989213e-16
3,149,1.2559520513570583e-30
4,5,2.1246760113697164e-30
4,6,4.398849207419627e-30
4,7,4.40574330479832e-30
4,8,2.386783179524259e-30
4,9,1.604165342239166e-30
4,10,9.862102435784382e-30
4,11,4.1146086027709515e-30
4,12,4.1377545725335104e-30
4,13,2.9824372444212938e-30
4,14,1.4388738758086906e-30
4,15,1.8969631518044915e-30
4,16,5.672669308565555e-30
4,17,2.514778577216818e-30
4,18,4.366351841540955e-30
4,19,1.1548702500271499e-16
4,20,4.772985072223497e-30
4,21,1.5395502837191826e-30
4,22,2.908940412337435e-15
4,23,2.3799241017050046e-30
4,24,5.860695454116315e-16
4,25,4.090417563273249e-30
4,26,4.314633554010144e-30
4,27,5.005751919811161e-16
4,28,4.800503449179483e-30
4,29,3.396651620413746e-30
4,30,7.38247192723576e-32
4,31,2.5272182531607564e-30
4,32,1.595443497047127e-30
4,33,4.372778029719812e-31
4,34,5.1810466715693066e-30
4,35,3.292161818937838e-30
4,36,2.8710721679567324e-16
4,37,3.3432865625079776e-30
4,38,7.008594112433886e-30
4,39,5.049368683257284e-30
4,40,5.6068378737011056e-30
4,41,9.571545226516522e-31
4,42,1.8443311811912474e-30
4,43,2.716710921310367e-30
4,44,2.414422115045498e-30
4,45,4.462387039340821e-30
4,46,2.8717824948611725e-30
4,47,1.375626501397763e-30
4,48,8.044825923919716e-30
4,49,3.0105773011622875e-30
4,50,4.760543171457255e-31
4,51,1.32228831486947e-29
4,52,1.659897059758564e-30
4,53,3.307402535328491e-30
4,54,3.5834092462270535e-30
4,55,3.0819677315406602e-30
4,56,2.3997976342998908e-30
4,57,4.94702820035632e-30
4,58,4.555908769859898e-30
4,59,5.0030455036363265e-30
4,60,3.5192372369853835e-30
4,61,7.04356060716982e-30
4,62,6.993316625196554e-30
4,63,1.2776546815897157e-30
4,64,2.4266431344751166e-30
4,65,2.7937932708243024e-30
4,66,3.225577330796558e-30
4,67,2.6596427226240636e-30
4,68,2.037418718099093e-30
4,69,6.721779440919705e-30
4,70,2.897188755247869e-30
4,71,5.106152628532451e-30
4,72,3.339021315783101e-30
4,73,2.786209202817365e-30
4,74,6.735088562031876e-30
4,75,6.0380434706474e-30
4,76,1.3614410899380974e-30
4,77,1.9313433829935036e-30
4,78,1.0692814995042377e-30
4,79,4.2053361000442984e-16
4,80,9.657760310656238e-30
4,81,3.610534223303164e-30
4,82,9.03285901166267e-30
4,83,8.294881009963282e-16
4,84,4.0901561758056574e-30
4,85,1.485671712163591e-30
4,86,3.3306295817368616e-30
4,87,2.4640772646689365e-30
4,88,3.388983342829937e-30
4,89,7.383091030371492e-32
4,90,4.677409474752217e-30
4,91,1.5165681310653762e-30
4,92,1.969783761991323e-30
4,93,3.916716580941354e-30
4,94,1.723454659559273e-30
4,95,4.830513822604818e-16
4,96,5.139111635250659e-30
4,97,1.971291076445888e-30
4,98,2.0271701022832057e-30
4,99,1.59629268305467e-30
4,100,1.6046144983269656e-30
4,101,1.1732442194100379e-30
4,102,4.1981787186265965e-30
4,103,2.7230533852751465e-30
4,104,2.566024992862457e-30
4,105,7.530443029704559e-30
4,106,2.7505785874131316e-30
4,107,7.389922007661194e-16
4,108,2.49748697750485e-30
4,109,1.847748807992422e-30
4,110,2.2575816142263125e-30
4,111,3.662041907436531e-30
4,112,4.978964018006107e-30
4,113,2.4870253199857057e-30
4,114,4.844613556868869e-30
4,115,5.073671769700143e-30
4,116,1.5263056762290642e-30
4,117,2.3268576101340922e-30
4,118,2.9056854220787338e-30
4,119,1.0317837561699508e-30
4,120,1.8067436062082162e-30
4,121,3.473842122256146e-30
4,122,8.800462585350919e-30
4,123,1.733180359490149e-30
4,124,6.071534578713358e-30
4,125,1.4704613565083075e-30
4,126,5.1777895201725226e-30
4,127,1.3682785097916576e-30
4,128,4.8876618274636915e-30
4,129,2.366709365749836e-30
4,130,2.111667409625408e-30
4,131,5.667691304171815e-30
4,132,1.0508553907624725e-29
4,133,1.4226785398067734e-30
4,134,6.998280526415407e-30
4,135,2.0118248092520604e-30
4,136,6.977443944519178e-30
4,137,1.815231009946727e-30
4,138,4.852601956981177e-30
4,139,1.672610008865971e-30
4,140,8.498914710111664e-30
4,141,3.488713948113104e-30
4,142,2.703672551170928e-30
4,143,4.2994037734650605e-30
4,144,4.838464017303912e-31
4,145,2.021165411107053e-30
4,146,1.868803455133811e-30
4,147,8.583761066595263e-30
4,148,2.4365301860324364e-16
4,149,3.052972427912636e-30
5,6,6.641453478542745e-30
5,7,1.409701874153525e-30
5,8,1.9632434624313377e-30
5,9,2.406780392273671e-30
5,10,8.18244877650408e-30
5,11,1.129796018119155e-30
5,12,2.0072603923069127e-30
5,13,1.7436904201165277e-30
5,14,1.0282529516834704e-30
5,15,1.349917017066526e-30
5,16,1.0604271578750801e-30
5,17,1.3078792299195235e-30
5,18,2.695249597461799e-30
5,19,1.668766154506682e-30
5,20,1.7913937278583025e-30
5,21,3.5029275696144916e-31
5,22,6.156484492430789e-16
5,23,1.4173325561501036e-30
5,24,3.896238266054987e-30
5,25,1.634056179142767e-30
5,26,1.339101145496059e-30
5,27,3.832694621595469e-30
5,28,1.4182554398950848e-30
5,29,2.276268553673533e-30
5,30,1.5356306626859342e-31
5,31,2.1084959547404866e-30
5,32,2.162519769734758e-30
5,33,5.931603955789205e-31
5,34,1.65071756890397e-30
5,35,1.2960391903283907e-30
5,36,2.629089852511901e-30
5,37,1.3313384454887374e-30
5,38,2.878141300665791e-30
5,39,1.4869946725183423e-30
5,40,3.268531786017544e-30
5,41,1.0021250891162554e-30
5,42,7.789404038386282e-31
5,43,3.639761255290034e-30
5,44,1.292124504002263e-30
5,45,1.4622946509974028e-30
5,46,1.4915327652746397e-30
5,47,2.681473489920186e-30
5,48,2.9142221204303977e-30
5,49,1.585125566905216e-30
5,50,4.649926820242236e-31
5,51,4.1738180220185586e-30
5,52,1.2420590101454446e-30
5,53,5.785695706366746e-31
5,54,9.3888222233194e-31
5,55,2.422960383570429e-30
5,56,1.2211066819518564e-30
5,57,1.3072043085255008e-30
5,58,1.0760093293722734e-30
5,59,2.234329156992698e-30
5,60,1.911030217654263e-30
5,61,1.987507134553668e-30
5,62,1.4938714387315048e-30
5,63,7.11821239245329e-31
5,64,9.801952241304281e-31
5,65,2.5518228548388884e-30
5,66,3.153001700833849e-30
5,67,9.133156692568871e-31
5,68,6.597609452033019e-31
5,69,1.9202964947264068e-30
5,70,1.1612683894137811e-30
5,71,2.8494149559556148e-30
5,72,1.6256430771409397e-30
5,73,2.216859019432666e-30
5,74,1.7583240699948806e-30
5,75,1.2756122662935816e-30
5,76,1.0154630934241429e-30
5,77,1.6246453160597583e-30
5,78,1.0489176005528706e-30
5,79,8.759511914735174e-16
5,80,2.7550820207907974e-30
5,81,6.540253335466116e-31
5,82,2.0199438112780138e-30
5,83,5.802176783577772e-16
5,84,1.5108468203478515e-30
5,85,2.914553510166069e-31
5,86,1.0249852668624563e-30
5,87,2.0057295433633477e-30
5,88,1.7696842601061753e-30
5,89,1.5357594425537028e-31
5,90,1.6677123424165246e-30
5,91,8.199075605541322e-31
5,92,1.0829841659158671e-30
5,93,9.352911279529687e-31
5,94,1.3131204649238351e-30
5,95,1.4612243250878802e-30
5,96,9.094929002132984e-31
5,97,8.50916209111461e-31
5,98,6.900844338556375e-31
5,99,7.020749180971326e-31
5,100,1.282620878709691e-30
5,101,1.1987654684986059e-30
5,102,3.994547730298854e-30
5,103,6.5102876618404925e-31
5,104,1.3287407926269824e-30
5,105,1.910492589126212e-30
5,106,1.6188664782264172e-30
5,107,1.5371803566168477e-15
5,108,4.564619450777806e-30
5,109,8.62581087160442e-31
5,110,2.4702084571310496e-30
5,111,7.078610411288026e-31
5,112,2.872536119305855e-30
5,113,8.64499577594169e-31
5,114,2.7033031477771827e-30
5,115,8.016867795284592e-31
5,116,1.6150921166258658e-30
5,117,2.4181714715524234e-30
5,118,1.5897106114302335e-30
5,119,1.5674334736842618e-30
5,120,1.763354188128541e-30
5,121,1.212080944581027e-30
5,122,2.1393817788688666e-30
5,123,2.9627698747142842e-30
5,124,5.105320421881195e-30
5,125,2.00394257989629e-30
5,126,1.7135395713987964e-30
5,127,1.58209471676519e-30
5,128,1.4088063134565552e-30
5,129,1.166872659219427e-30
5,130,1.5850263052010113e-30
5,131,8.855594482116008e-31
5,132,2.8268030185957768e-30
5,133,2.0586518445897143e-30
5,134,1.8808175307310056e-30
5,135,1.9907175978873114e-30
5,136,1.9478890644742065e-30
5,137,3.0759409938820578e-30
5,138,1.9111163223983396e-30
5,139,1.0785839088990028e-30
5,140,2.326171673675563e-30
5,141,1.9817821836582993e-30
5,142,2.0516314284906905e-30
5,143,1.4374770637116522e-30
5,144,5.505049948189897e-31
5,145,1.1622953782046943e-30
5,146,1.938377847959415e-30
5,147,2.501594829251217e-30
5,148,1.6738264508888785e-30
5,149,7.3467179004814065e-31
6,7,3.561758940360758e-30
6,8,4.913040939637297e-30
6,9,6.2761297456460166e-30
6,10,1.8478331987997682e-29
6,11,2.561830627327673e-30
6,12,5.0055228873837336e-30
6,13,4.130083311242019e-30
6,14,2.6719375337152476e-30
6,15,3.075622646724695e-30
6,16,2.4170712064784714e-30
6,17,3.3248117760405454e-30
6,18,7.326248618831624e-30
6,19,4.4602003777504525e-30
6,20,4.0085764569330324e-30
6,21,1.235572450814322e-30
6,22,1.3362697782042403e-15
6,23,3.6769037327971006e-30
6,24,4.236846797785391e-16
6,25,3.361121769292159e-30
6,26,3.1415466456423792e-30
6,27,3.692639165456278e-16
6,28,3.105744527855957e-30
6,29,5.6847692974574745e-30
6,30,4.0486693757963925e-31
6,31,5.711356894418182e-30
6,32,5.4794254135427486e-30
6,33,1.6349947726000697e-30
6,34,3.504838572290892e-30
6,35,3.189999880158317e-30
6,36,4.494777405448674e-16
6,37,4.049914371846434e-30
6,38,6.201121037728421e-30
6,39,3.301570672099738e-30
6,40,7.662035984458971e-30
6,41,2.8411363883092166e-30
6,42,1.6841002745531777e-30
6,43,9.443112904538981e-30
6,44,3.8763992482396774e-30
6,45,3.156468216666984e-30
6,46,3.42027413357598e-30
6,47,6.849925647512143e-30
6,48,6.098655568560586e-30
6,49,3.8578088178729174e-30
6,50,1.2971463836512184e-30
6,51,9.211918968342827e-30
6,52,3.113502380378357e-30
6,53,1.4191878224564327e-30
6,54,2.276059287128635e-30
6,55,5.4800580861965506e-30
6,56,3.6921487329253436e-30
6,57,3.2122167892910405e-30
6,58,2.3043265306995644e-30
6,59,4.9210981746191425e-30
6,60,5.185706155309488e-30
6,61,5.751681047186659e-30
6,62,3.8672266727494285e-30
6,63,1.802500416535204e-30
6,64,2.382070412915218e-30
6,65,6.511007026944297e-30
6,66,7.79770907898027e-30
6,67,2.0707859075651977e-30
6,68,1.4986598756639688e-30
6,69,4.3268084278559126e-30
6,70,2.5654484646579213e-30
6,71,7.415054122879542e-30
6,72,3.943209560988795e-30
6,73,5.52296744414192e-30
6,74,4.09665164806591e-30
6,75,3.0129619406169113e-30
6,76,2.5501908616711945e-30
6,77,4.107394811711251e-30
6,78,2.805005712122174e-30
6,79,8.2852252861839605e-16
6,80,5.6822201379278696e-30
6,81,1.4320944529218316e-30
6,82,4.482722536997626e-30
6,83,6.428227274659972e-16
6,84,3.5680530960474944e-30
6,85,6.624607386894899e-31
6,86,2.0228067682022747e-30
6,87,4.809768643994296e-30
6,88,4.560039951401944e-30
6,89,4.049008902167885e-31
6,90,3.708553739863487e-30
6,91,2.1410062255447322e-30
6,92,2.4435638154239012e-30
6,93,2.4954357501045558e-30
6,94,3.652244145031815e-30
6,95,2.2594066373087846e-16
6,96,2.2017047672216168e-30
6,97,1.6321270375329346e-30
6,98,1.649118369985044e-30
6,99,1.1247843986272427e-30
6,100,3.4943213672912006e-30
6,101,3.220535891984344e-30
6,102,1.0175311785320693e-29
6,103,1.2598935028149124e-30
6,104,3.230528416412473e-30
6,105,3.73306570130035e-30
6,106,4.678902854421754e-30
6,107,4.052755122787776e-15
6,108,1.2160392439712506e-29
6,109,2.1416686783117894e-30
6,110,6.63610753898392e-30
6,111,1.5778629998221164e-30
6,112,7.440716425284582e-30
6,113,1.6200537923550242e-30
6,114,6.303503261704954e-30
6,115,2.6408754588798704e-30
6,116,4.466668380926112e-30
6,117,5.4826396414731245e-30
6,118,3.900942188169136e-30
6,119,4.3596567401958505e-30
6,120,4.855224063699505e-30
6,121,2.666040571832359e-30
6,122,4.5464990705946905e-30
6,123,7.508060234576e-30
6,124,1.2511892749626845e-29
6,125,5.3047539126750044e-30
6,126,3.7536578633968316e-30
6,127,4.3629321181306615e-30
6,128,3.21189710775324e-30
6,129,2.8338249402985356e-30
6,130,4.019848900448378e-30
6,131,3.1122772421490583e-30
6,132,6.093596353797673e-30
6,133,5.334195400373785e-30
6,134,3.973755464983846e-30
6,135,5.046888505216847e-30
6,136,4.092043941482494e-30
6,137,7.982856370714672e-30
6,138,3.9663117108917995e-30
6,139,2.550757963722211e-30
6,140,5.471008486574917e-30
6,141,5.5443867541694174e-30
6,142,5.2217138078176864e-30
6,143,2.9871241763995518e-30
6,144,1.4428289023678249e-30
6,145,2.658886229739142e-30
6,146,4.998494242055263e-30
6,147,8.581737842419221e-30
6,148,1.7785833537277432e-16
6,149,1.5408754143687286e-30
7,8,1.278994466109244e-30
7,9,1.2441953973357077e-30
7,10,5.099766363956523e-30
7,11,2.2443620009175278e-30
7,12,2.406986579085242e-30
7,13,1.6007762652905615e-30
7,14,6.783511782294974e-31
7,15,8.785967357681223e-31
7,16,2.983837580636348e-30
7,17,1.4623379354798919e-30
7,18,2.3731532841829503e-30
7,19,1.580805985102072e-30
7,20,2.5603643539163442e-30
7,21,8.79480068974573e-31
7,22,1.5474978000306484e-15
7,23,1.234847871198673e-30
7,24,5.49707566142544e-16
7,25,2.211516768969416e-30
7,26,2.2375047313458896e-30
7,27,4.3401380810202756e-16
7,28,2.73994863589716e-30
7,29,1.873591072161483e-30
7,30,8.108839961999376e-32
7,31,1.490779665522207e-30
7,32,1.1419415299063488e-30
7,33,3.6103902476117513e-31
7,34,2.606097374556253e-30
7,35,1.9953397058117774e-30
7,36,3.640150950707658e-16
7,37,2.1786525746489448e-30
7,38,3.666721083983204e-30
7,39,2.762845725800512e-30
7,40,2.9489762182179448e-30
7,41,7.553990970843188e-31
7,42,9.255885399164847e-31
7,43,2.178322276153418e-30
7,44,1.7167689386994423e-30
7,45,2.329397752641937e-30
7,46,1.6578505680576823e-30
7,47,1.3810565569682659e-30
7,48,4.215173968290914e-30
7,49,1.648009651473056e-30
7,50,3.5117672947662718e-31
7,51,7.009529992229945e-30
7,52,1.07374342175973e-30
7,53,1.7976129913181768e-30
7,54,2.2546990438525144e-30
7,55,1.6238158834944826e-30
7,56,1.5111920988594286e-30
7,57,2.7337706089347865e-30
7,58,2.593433983002615e-30
7,59,2.6482066561314652e-30
7,60,1.9450121769788715e-30
7,61,4.0067867325276784e-30
7,62,3.5382162114379165e-30
7,63,9.720702930841605e-31
7,64,1.3523128561326998e-30
7,65,2.2225239749575687e-30
7,66,2.0894802056238773e-30
7,67,1.4654150836261668e-30
7,68,1.1144674109703845e-30
7,69,3.4582741001415494e-30
7,70,1.639068942459992e-30
7,71,2.904464822924578e-30
7,72,1.725197025016916e-30
7,73,1.570946367624745e-30
7,74,3.5236079619118e-30
7,75,3.323898455424377e-30
7,76,7.091748262619853e-31
7,77,1.2160937376236324e-30
7,78,1.3220925569989781e-30
7,79,6.298742481986152e-16
7,80,5.117575128942248e-30
7,81,1.8872596640702505e-30
7,82,4.778266139177897e-30
7,83,1.0091737980110102e-15
7,84,2.4007000174382616e-30
7,85,8.22593085409831e-31
7,86,1.6096987861010514e-30
7,87,1.3659769973456571e-30
7,88,1.843524871760009e-30
7,89,8.109519979247949e-32
7,90,2.4470997887146254e-30
7,91,7.593365851613757e-31
7,92,1.187550510537069e-30
7,93,1.8691057965319942e-30
7,94,1.0572508485934506e-30
7,95,2.492756929909237e-16
7,96,3.0364471269565792e-30
7,97,8.728532131547333e-31
7,98,1.3012310956098084e-30
7,99,1.1914175165527073e-30
7,100,9.310955453070648e-31
7,101,8.664477418856265e-31
7,102,2.3352901586643945e-30
7,103,1.528814930816385e-30
7,104,1.3420167195994476e-30
7,105,3.6865669469657714e-30
7,106,1.4937498105654236e-30
7,107,8.117023062520363e-16
7,108,2.4941740226140357e-30
7,109,1.1581643930893336e-30
7,110,1.8740421089711158e-30
7,111,1.882949862803152e-30
7,112,2.6897781849726253e-30
7,113,1.2317550758536598e-30
7,114,2.313596392491174e-30
7,115,2.6846764851405085e-30
7,116,1.1707693599215041e-30
7,117,1.197217354250684e-30
7,118,1.5627555956891006e-30
7,119,1.0584755590796736e-30
7,120,1.3305236436858653e-30
7,121,1.628200778165784e-30
7,122,4.5320774237006425e-30
7,123,1.4877248810130158e-30
7,124,3.292764551539484e-30
7,125,1.3611380023642534e-30
7,126,2.5667962282347978e-30
7,127,1.0125702026049197e-30
7,128,2.3468031278541112e-30
7,129,1.6878890400068235e-30
7,130,1.143838444657794e-30
7,131,3.152087559727735e-30
7,132,5.87262070439847e-30
7,133,1.0618046609880279e-30
7,134,3.736331273362325e-30
7,135,1.3089837644323905e-30
7,136,3.694807365229919e-30
7,137,1.834825174610124e-30
7,138,2.668801942423871e-30
7,139,8.971963570463422e-31
7,140,4.2247346608571134e-30
7,141,2.4409832202184225e-30
7,142,1.9284741552830737e-30
7,143,2.636835421975111e-30
7,144,3.460935639656331e-31
7,145,9.82346872433811e-31
7,146,1.5303479057875928e-30
7,147,5.0887779490975235e-30
7,148,1.4605072121870217e-30
7,149,1.4017157112345237e-30
8,9,1.8703014573735424e-30
8,10,5.918686426265935e-30
8,11,1.140292101335948e-30
8,12,1.7398421563194178e-30
8,13,1.2851633160718532e-30
8,14,7.653359243897524e-31
8,15,9.630591226435165e-31
8,16,1.5115308848601698e-30
8,17,1.0423104159239237e-30
8,18,2.0821895045927506e-30
8,19,1.4034574547904144e-30
8,20,1.658594027940961e-30
8,21,4.743323776637219e-31
8,22,8.063460480619534e-16
8,23,1.1228019318113589e-30
8,24,1.2412670766236398e-16
8,25,1.401950223737954e-30
8,26,1.2222085394587941e-30
8,27,6.9388939039069765e-18
8,28,1.5354290937362396e-30
8,29,1.8018758535902347e-30
8,30,1.1987375227551533e-31
8,31,1.6828964428266195e-30
8,32,1.6674359553092436e-30
8,33,4.861041740626054e-31
8,34,1.5099088645202214e-30
8,35,9.66450610416797e-31
8,36,2.880520307516911e-30
8,37,1.3526242069150451e-30
8,38,2.481182918517909e-30
8,39,1.4229866029888663e-30
8,40,2.6616048304807508e-30
8,41,8.396561648457493e-31
8,42,6.5280754991648845e-31
8,43,2.8664607933678e-30
8,44,1.190396715474314e-30
8,45,1.3470205568114222e-30
8,46,1.2623865420029879e-30
8,47,1.9997489942302937e-30
8,48,2.7095362138503126e-30
8,49,1.2046493545516043e-30
8,50,3.814226867626945e-31
8,51,3.9615654354744206e-30
8,52,9.709200778754259e-31
8,53,8.751682173699203e-31
8,54,9.597892082449543e-31
8,55,1.955973492316443e-30
8,56,1.1385442083707557e-30
8,57,1.3244092889658785e-30
8,58,1.2668682673287545e-30
8,59,1.936714445229866e-30
8,60,1.4318693279678871e-30
8,61,1.797858826899016e-30
8,62,1.9093493064718972e-30
8,63,6.260535867704602e-31
8,64,8.534184612773578e-31
8,65,2.0170932095524286e-30
8,66,2.371609065226684e-30
8,67,7.179994941952052e-31
8,68,6.470331192572505e-31
8,69,1.914433946819822e-30
8,70,9.827555152775206e-31
8,71,2.1348059919946524e-30
8,72,1.2998730897960405e-30
8,73,1.7393357508427537e-30
8,74,1.795681680927314e-30
8,75,1.6095641749452125e-30
8,76,7.137358284218198e-31
8,77,1.13550930619247e-30
8,78,8.948690507902223e-31
8,79,5.057306561942085e-16
8,80,2.80977184212253e-30
8,81,9.405865724261666e-31
8,82,2.490180339453102e-30
8,83,1.8837531479823861e-16
8,84,1.3431690843853649e-30
8,85,4.060971052575699e-31
8,86,9.612246378001675e-31
8,87,1.4895714248540833e-30
8,88,1.3107105564715831e-30
8,89,1.1988380503516782e-31
8,90,1.5455273202560728e-30
8,91,7.298262964090306e-31
8,92,6.717744678917688e-31
8,93,1.0129500906571964e-30
8,94,9.608236447892284e-31
8,95,1.114880860824475e-30
8,96,1.4254812157981245e-30
8,97,6.209430799580139e-31
8,98,6.2827462338673575e-31
8,99,5.922239675642069e-31
8,100,1.0931290730869984e-30
8,101,9.585983214392322e-31
8,102,3.0674370006665105e-30
8,103,7.641965851225383e-31
8,104,1.048567643196337e-30
8,105,2.0633182332752275e-30
8,106,1.4122595754176316e-30
8,107,1.1999472382869615e-15
8,108,3.687198039627001e-30
8,109,8.080851111865368e-31
8,110,1.879794417901536e-30
8,111,9.609657525888127e-31
8,112,2.240273307183356e-30
8,113,7.350980577585191e-31
8,114,2.0877817309377252e-30
8,115,1.3662299991163644e-30
8,116,1.3595983622800047e-30
8,117,2.1366119900971682e-30
8,118,1.0973290103892897e-30
8,119,1.294820899074028e-30
8,120,1.3601369644179037e-30
8,121,1.0660691577051896e-30
8,122,2.4911802001903834e-30
8,123,2.279409239290141e-30
8,124,3.926029619167354e-30
8,125,1.478541394603788e-30
8,126,1.6515521378007073e-30
8,127,1.3889544403853302e-30
8,128,1.3192625626786237e-30
8,129,1.101930212721559e-30
8,130,1.083270700970632e-30
8,131,1.5912271010085438e-30
8,132,2.9131776569195026e-30
8,133,1.5114288171337126e-30
8,134,2.0219297845871403e-30
8,135,1.634004990649926e-30
8,136,1.951033561543823e-30
8,137,2.4774152063643276e-30
8,138,1.7636943888488905e-30
8,139,8.577806446801629e-31
8,140,2.184886057454246e-30
8,141,1.6302278988236115e-30
8,142,1.759887678157326e-30
8,143,1.3722730763766224e-30
8,144,4.4433277566554545e-31
8,145,9.101443260733892e-31
8,146,1.5245408164368791e-30
8,147,3.0430065296463408e-30
8,148,1.0026295227081133e-30
8,149,7.790553276375431e-31
9,10,7.393081915057315e-30
9,11,9.58507886045726e-31
9,12,1.811148494800505e-30
9,13,1.4023189102948876e-30
9,14,9.91698496097564e-31
9,15,1.1806908159582588e-30
9,16,1.060065978925296e-30
9,17,1.2842789365757798e-30
9,18,2.7767179648069955e-30
9,19,1.5543825854090237e-30
9,20,1.374295419279534e-30
9,21,5.529067815855992e-31
9,22,5.367672863358292e-16
9,23,1.4081139799564181e-30
9,24,4.2993922693468034e-30
9,25,1.212450025363311e-30
9,26,1.0459874431004889e-30
9,27,3.617278387708371e-30
9,28,1.0807425055933586e-30
9,29,2.0776433277258466e-30
9,30,1.5396306842123317e-31
9,31,2.1879329584500842e-30
9,32,2.0358358270785482e-30
9,33,6.202383991414242e-31
9,34,1.2300090307185031e-30
9,35,1.1372457858885633e-30
9,36,3.1104716498444356e-30
9,37,1.727194970119332e-30
9,38,2.1693795097909803e-30
9,39,1.1366263541865792e-30
9,40,2.8262422739491554e-30
9,41,1.1201497831353758e-30
9,42,5.910014015493526e-31
9,43,3.563128635216521e-30
9,44,1.6318828376311227e-30
9,45,1.1085759399770794e-30
9,46,1.2217984139940163e-30
9,47,2.584026322968446e-30
9,48,2.123071769887587e-30
9,49,1.3994915573685241e-30
9,50,5.1083368633199735e-31
9,51,3.212014737218877e-30
9,52,1.1162606677897858e-30
9,53,6.72126619863407e-31
9,54,9.804944720889505e-31
9,55,2.0888096324915712e-30
9,56,1.5221570727967421e-30
9,57,1.2057616109222688e-30
9,58,9.46779489649988e-31
9,59,1.7286680141545377e-30
9,60,2.035239106523927e-30
9,61,2.2126270976455687e-30
9,62,1.926419166312963e-30
9,63,6.270677718914069e-31
9,64,8.777949530571118e-31
9,65,2.3219428115739472e-30
9,66,2.797755616735687e-30
9,67,8.33691145877509e-31
9,68,5.008596888448118e-31
9,69,1.4770960954822577e-30
9,70,8.761282362316476e-31
9,71,2.8940492013257667e-30
9,72,1.4726656220643268e-30
9,73,1.971981922581287e-30
9,74,1.658191688540554e-30
9,75,1.1985683345543976e-30
9,76,8.679012838350405e-31
9,77,1.5467107148449507e-30
9,78,9.234746348663084e-31
9,79,1.2490009027032996e-16
9,80,1.9895488092652763e-30
9,81,7.01051036763467e-31
9,82,1.674509286900365e-30
9,83,7.850462293418873e-17
9,84,1.1641876013098596e-30
9,85,2.784670298864261e-31
9,86,7.474786458865242e-31
9,87,1.749889373548368e-30
9,88,1.7001466798643926e-30
9,89,1.5397597995268037e-31
9,90,1.2489968563125538e-30
9,91,8.006775964523865e-31
9,92,9.110415583197907e-31
9,93,1.012440307927779e-30
9,94,1.2294206249497416e-30
9,95,1.4535860587928898e-30
9,96,9.6845599884561e-31
9,97,5.893557759913614e-31
9,98,5.7034269659582365e-31
9,99,5.451223117437979e-31
9,100,1.3525411757807733e-30
9,101,1.2740185904431543e-30
9,102,3.8198804211979414e-30
9,103,5.059614330439944e-31
9,104,1.1412157630830092e-30
9,105,1.3959141699873562e-30
9,106,1.7798226348844252e-30
9,107,1.541184414796872e-15
9,108,4.581435588338506e-30
9,109,7.717601358846934e-31
9,110,2.606949640715891e-30
9,111,7.251271100370347e-31
9,112,2.7921080293563566e-30
9,113,6.289756849947718e-31
9,114,2.283993390080977e-30
9,115,1.2473352294538663e-30
9,116,1.7060742745282246e-30
9,117,2.3403796574419767e-30
9,118,1.2561420197628308e-30
9,119,1.5583417444650413e-30
9,120,1.6929838954310772e-30
9,121,9.203862174180575e-31
9,122,1.6492200865655327e-30
9,123,2.8387520926067876e-30
9,124,4.544697673543205e-30
9,125,1.84074081055459e-30
9,126,1.2950383576457897e-30
9,127,1.6892835438615403e-30
9,128,1.0814231564464153e-30
9,129,1.021958079064085e-30
9,130,1.444743959865699e-30
9,131,1.5925645344466126e-30
9,132,2.221023587329489e-30
9,133,1.9850227640194212e-30
9,134,1.3831704789692355e-30
9,135,1.931645602052256e-30
9,136,1.4305423020864666e-30
9,137,3.137301951945104e-30
9,138,1.3926415438358894e-30
9,139,9.109187082653996e-31
9,140,2.218004604979667e-30
9,141,2.2578325466247027e-30
9,142,1.92698344822798e-30
9,143,1.0940708401847844e-30
9,144,5.254511507693734e-31
9,145,9.498893497524643e-31
9,146,1.8996237876962024e-30
9,147,3.7594797343710535e-30
9,148,1.4046919710581797e-30
9,149,6.360398555058995e-31
10,11,3.6159905527740715e-30
10,12,5.6808370739846955e-30
10,13,6.1589472144055184e-30
10,14,3.1803063359516894e-30
10,15,5.322903785981962e-30
10,16,3.180023579700583e-30
10,17,5.5524344892448766e-30
10,18,8.1924950221721e-30
10,19,6.023413947977901e-16
10,20,5.309471914184181e-30
10,21,1.0609370138040048e-30
10,22,1.8413131611676303e-15
10,23,7.269309596285874e-30
10,24,1.1340428298014395e-14
10,25,5.785373609969036e-30
10,26,4.616038625628074e-30
10,27,1.5500936096305662e-15
10,28,4.826642243372821e-30
10,29,6.844956680553248e-30
10,30,4.705781804850078e-31
10,31,6.470759628327153e-30
10,32,6.623805235722347e-30
10,33,1.6732632667944856e-30
10,34,5.158322463439086e-30
10,35,5.057334199049663e-30
10,36,1.028174570038645e-15
10,37,4.652951665022077e-30
10,38,8.63690807942305e-30
10,39,4.8492065915589616e-30
10,40,1.0435826095414146e-29
10,41,3.0454495976449204e-30
10,42,2.4726285793507284e-30
10,43,1.3840169433508126e-29
10,44,4.3751870383814406e-30
10,45,5.080377752040085e-30
10,46,4.82938543580527e-30
10,47,8.631782809267154e-30
10,48,9.536525645480191e-30
10,49,5.06386136975143e-30
10,50,1.4248780005723854e-30
10,51,1.313222591156423e-29
10,52,4.6187529277109966e-30
10,53,1.6383340944098187e-30
10,54,3.7835879057245774e-30
10,55,7.791279335801885e-30
10,56,3.736238956600102e-30
10,57,4.730476510245613e-30
10,58,2.987482256819868e-30
10,59,6.8139937831462e-30
10,60,5.992863493729868e-30
10,61,7.266076641152446e-30
10,62,6.0285175995633696e-30
10,63,1.961389888863359e-30
10,64,3.9765211762804494e-30
10,65,6.968260303599707e-30
10,66,9.895328331588634e-30
10,67,3.225621640674544e-30
10,68,2.058477642816422e-30
10,69,5.013148660847725e-30
10,70,4.027025870144091e-30
10,71,1.782588789398738e-29
10,72,4.9353384189662204e-30
10,73,6.601448424172712e-30
10,74,7.187590140629521e-30
10,75,3.988698126370066e-30
10,76,3.215570176578041e-30
10,77,7.49507446108177e-30
10,78,1.3901762320529663e-30
10,79,1.451688910682011e-15
10,80,8.402005985750261e-30
10,81,4.752533939029135e-30
10,82,7.574010055433308e-30
10,83,1.9455153866531615e-15
10,84,4.448481068199567e-30
10,85,8.274250182901539e-31
10,86,3.359896601477008e-30
10,87,7.346910831062083e-30
10,88,5.297926880978749e-30
10,89,4.706176437474512e-31
10,90,5.352923752428386e-30
10,91,1.5025132770106115e-30
10,92,5.45347465168185e-30
10,93,3.0753962900057106e-30
10,94,2.6862398753137023e-30
10,95,3.767506295964783e-16
10,96,3.0189578440332383e-30
10,97,2.9559681755893886e-30
10,98,2.295847961874857e-30
10,99,2.7581839903571407e-30
10,100,3.751314277490142e-30
10,101,4.3505946039016826e-30
10,102,1.3412574744306036e-29
10,103,1.8902895594666076e-30
10,104,3.957529723421281e-30
10,105,5.8666631420546015e-30
10,106,3.900749104521577e-30
10,107,4.710530682090161e-15
10,108,1.6152042459367014e-29
10,109,3.1570461514372665e-30
10,110,7.841492521560854e-30
10,111,2.1633630039032804e-30
10,112,9.046320073902318e-30
10,113,3.343633832865334e-30
10,114,8.386836448186057e-30
10,115,2.1114575238600874e-30
10,116,5.223751884461407e-30
10,117,8.787779190093216e-30
10,118,3.877268392782363e-30
10,119,3.1867739163624526e-30
10,120,5.316748356469594e-30
10,121,3.8749374500329384e-30
10,122,6.108750218667865e-30
10,123,9.631698096665103e-30
10,124,1.555195131429918e-29
10,125,5.116150395152829e-30
10,126,9.843928107899273e-30
10,127,4.566131535973226e-30
10,128,4.658859130629513e-30
10,129,5.047793691174655e-30
10,130,4.3736730541181834e-30
10,131,3.4579098040463816e-30
10,132,1.1573084483667819e-29
10,133,6.533468416926378e-30
10,134,7.621902025460389e-30
10,135,6.246753265136452e-30
10,136,6.498331296573123e-30
10,137,1.426324343168947e-29
10,138,7.64618323175241e-30
10,139,3.297726478954711e-30
10,140,8.305819364708056e-30
10,141,6.93273229594365e-30
10,142,1.0551616511883717e-29
10,143,6.577793738792365e-30
10,144,1.599277779184462e-30
10,145,3.682060456482224e-30
10,146,6.891920848073307e-30
10,147,7.558227404775907e-30
10,148,3.3347215246764657e-15
10,149,2.2594854549698497e-30
11,12,1.972026858894405e-30
11,13,1.3657826087472507e-30
11,14,6.697738375294803e-31
11,15,8.549016177816285e-31
11,16,2.7727589730468283e-30
11,17,1.2205690380571107e-30
11,18,2.204353816399931e-30
11,19,7.836243122623956e-31
11,20,2.2961829755986513e-30
11,21,8.046854325877574e-31
11,22,1.4206315587743134e-15
11,23,1.1729618460624244e-30
11,24,1.0007415106216817e-16
11,25,1.8912579641234776e-30
11,26,2.080283877080248e-30
11,27,2.3592239273284567e-16
11,28,2.35078397178967e-30
11,29,1.6291315876125897e-30
11,30,6.240633901213412e-32
11,31,1.3418150701175701e-30
11,32,8.936364669552216e-31
11,33,2.859684505658035e-31
11,34,2.469089468606769e-30
11,35,1.6487991545505326e-30
11,36,5.23360427575256e-30
11,37,1.856116074575695e-30
11,38,3.3323187588317814e-30
11,39,2.474193768079233e-30
11,40,2.6882630075532788e-30
11,41,6.420092213543253e-31
11,42,8.684014268620624e-31
11,43,1.4292371064751485e-30
11,44,1.4477536748152865e-30
11,45,2.174756858359932e-30
11,46,1.3881954630530667e-30
11,47,1.0507907341678729e-30
11,48,3.844848563567161e-30
11,49,1.4102297615095405e-30
11,50,3.0208243516272313e-31
11,51,6.42829608906103e-30
11,52,8.078297819883294e-31
11,53,1.6490143390157618e-30
11,54,1.8268037274742385e-30
11,55,1.4602715145336458e-30
11,56,1.3559423166612212e-30
11,57,2.4361435926063157e-30
11,58,2.2805621571302163e-30
11,59,2.381496437239649e-30
11,60,1.852646947442655e-30
11,61,3.4173312790300776e-30
11,62,3.4211347922639794e-30
11,63,6.431230785502226e-31
11,64,1.1822297983906188e-30
11,65,1.3892812881190726e-30
11,66,1.6041491843885788e-30
11,67,1.324049118534804e-30
11,68,9.782630181717676e-31
11,69,3.3013076274014225e-30
11,70,1.3939009951179e-30
11,71,2.618763723820239e-30
11,72,1.63111630224026e-30
11,73,1.31856101965349e-30
11,74,3.304489507874535e-30
11,75,2.9297811335184437e-30
11,76,6.40423396135999e-31
11,77,9.63236056017346e-31
11,78,3.3650345650191113e-31
11,79,4.0792198665315537e-16
11,80,4.6671097264618255e-30
11,81,1.752204491984703e-30
11,82,4.377363988643545e-30
11,83,1.2412670766236141e-16
11,84,1.9697805391358093e-30
11,85,7.381601851740841e-31
11,86,1.5742700439235216e-30
11,87,1.2036300299652861e-30
11,88,1.6838711599569183e-30
11,89,6.241157248414089e-32
11,90,2.2257825257540436e-30
11,91,6.565325085225305e-31
11,92,9.654135669805098e-31
11,93,1.8455409280842012e-30
11,94,8.191510908353059e-31
11,95,1.1032006849347552e-30
11,96,2.603494346162071e-30
11,97,8.774372421119953e-31
11,98,1.0238541470857858e-30
11,99,8.721138753454126e-31
11,100,8.477465146683129e-31
11,101,7.146811900467542e-31
11,102,2.000430781153145e-30
11,103,1.3466428450541425e-30
11,104,1.2220530380659996e-30
11,105,3.565000944476365e-30
11,106,1.4097765633053343e-30
11,107,6.246931686687983e-16
11,108,1.826773371266338e-30
11,109,8.436281771220642e-31
11,110,1.4982635141630858e-30
11,111,1.7844211220744127e-30
11,112,2.4754856167811974e-30
11,113,1.1924551140321093e-30
11,114,2.2285764329238586e-30
11,115,2.525197719303926e-30
11,116,9.626489345505671e-31
11,117,1.121277090163596e-30
11,118,1.3167010270616888e-30
11,119,6.221976025756998e-31
11,120,9.12314043359453e-31
11,121,1.6008724593767262e-30
11,122,4.23955521518687e-30
11,123,1.1702487311462952e-30
11,124,2.8579401984086984e-30
11,125,7.4238475436452205e-31
11,126,2.496570786433158e-30
11,127,8.196465906199186e-31
11,128,2.2750238008091573e-30
11,129,1.2191206733443286e-30
11,130,9.538848850442354e-31
11,131,2.8720846040970284e-30
11,132,5.209115442509149e-30
11,133,8.034045935002755e-31
11,134,3.382982470300205e-30
11,135,9.825046473771696e-31
11,136,3.3980481645423255e-30
11,137,1.3826730008252337e-30
11,138,2.405415629566962e-30
11,139,7.934134888399877e-31
11,140,3.9166172375784696e-30
11,141,1.981057860006589e-30
11,142,1.2631288186791336e-30
11,143,2.1403327567550384e-30
11,144,2.3812761844020284e-31
11,145,9.324431765698916e-31
11,146,9.883966740691159e-31
11,147,4.627557198716197e-30
11,148,7.004747750138418e-31
11,149,1.3961454368566009e-30
12,13,1.842805529185891e-30
12,14,7.685570013553819e-31
12,15,1.010654108913677e-30
12,16,2.7522091352331637e-30
12,17,1.655935881260254e-30
12,18,1.9834247215788048e-30
12,19,1.8072234366179478e-30
12,20,2.5275641209246455e-30
12,21,7.320641314210139e-31
12,22,1.4000755327471892e-15
12,23,1.327460912813667e-30
12,24,3.734130795427982e-16
12,25,2.06903719664121e-30
12,26,2.0331369819620345e-30
12,27,9.212018680754103e-16
12,28,2.4874491348190905e-30
12,29,2.1266851565416773e-30
12,30,1.1489817838428973e-31
12,31,1.6529665183166822e-30
12,32,1.691258857452721e-30
12,33,5.0140618056126885e-31
12,34,2.5289214224463713e-30
12,35,1.785776188868295e-30
12,36,1.9490758875179413e-16
12,37,1.772459980598691e-30
12,38,3.675661365291551e-30
12,39,2.502195910337429e-30
12,40,3.205180291722256e-30
12,41,8.501146075362148e-31
12,42,9.53306424547476e-31
12,43,3.0554476329801307e-30
12,44,1.3397871347280426e-30
12,45,2.167631886243065e-30
12,46,1.705805926167093e-30
12,47,1.9160103907402416e-30
12,48,4.151415614626639e-30
12,49,1.7801379254897352e-30
12,50,3.736931793586482e-31
12,51,6.446814738228492e-30
12,52,1.1773924835822025e-30
12,53,1.559893287118414e-30
12,54,1.6401743666562504e-30
12,55,2.1237825202023106e-30
12,56,1.329043939828228e-30
12,57,2.3833713277719975e-30
12,58,1.8751364456846208e-30
12,59,2.7281568634584516e-30
12,60,1.696210386127974e-30
12,61,3.282370444384054e-30
12,62,4.1351864636978886e-30
12,63,9.145868534003514e-31
12,64,1.1502176629924298e-30
12,65,2.4241293665261905e-30
12,66,2.683624606447542e-30
12,67,1.2516807133723455e-30
12,68,1.1142323569885541e-30
12,69,3.562297727300774e-30
12,70,1.604869810779527e-30
12,71,2.2506288343105493e-30
12,72,1.6775135387823715e-30
12,73,2.0213362696936144e-30
12,74,3.196921933546733e-30
12,75,3.2767547526534586e-30
12,76,9.737528014893972e-31
12,77,1.0655069019412165e-30
12,78,1.4277232752283329e-30
12,79,1.2978699771586072e-15
12,80,4.689498370503984e-30
12,81,1.7022686574795944e-30
12,82,4.54377661548987e-30
12,83,7.817272998649023e-16
12,84,2.4149708468158998e-30
12,85,7.1626285821999785e-31
12,86,1.4886784194924922e-30
12,87,1.7621219222146254e-30
12,88,1.6680561257861385e-30
12,89,1.1490781388622306e-31
12,90,2.4496382721382535e-30
12,91,1.286901748363507e-30
12,92,1.2110960119124773e-30
12,93,1.8050025251061174e-30
12,94,1.3454895231197089e-30
12,95,1.7724991262968858e-30
12,96,2.468175466306936e-30
12,97,9.356456287015048e-31
12,98,1.069171466748944e-30
12,99,1.422170110800979e-30
12,100,1.1809102608526954e-30
12,101,9.89253672587009e-31
12,102,3.1176809648716183e-30
12,103,1.4331780659756893e-30
12,104,1.3933861966344798e-30
12,105,3.562205405697074e-30
12,106,1.6656275520779944e-30
12,107,1.150141287973947e-15
12,108,3.794237590087439e-30
12,109,1.695582735563106e-30
12,110,1.6561300434757898e-30
12,111,1.7001459984200277e-30
12,112,2.5459994642972605e-30
12,113,1.1067471065145182e-30
12,114,2.633978051212081e-30
12,115,2.3988169186403193e-30
12,116,1.4976148027543237e-30
12,117,2.4403203770333886e-30
12,118,2.101427258453852e-30
12,119,1.5288780905882494e-30
12,120,1.6055147878495045e-30
12,121,1.654910541697164e-30
12,122,4.1436091632652366e-30
12,123,2.2204510948625476e-30
12,124,4.356357110163838e-30
12,125,1.7139498143032196e-30
12,126,2.5354555925303718e-30
12,127,1.5980498379749686e-30
12,128,2.561468782072512e-30
12,129,1.5773737132880128e-30
12,130,1.830535494463489e-30
12,131,3.0082466909482394e-30
12,132,5.352994879710912e-30
12,133,1.4489809475397905e-30
12,134,3.4358065533158e-30
12,135,1.7109868708822007e-30
12,136,3.37763119670848e-30
12,137,2.4249970563356668e-30
12,138,2.4206070686486512e-30
12,139,1.0571401589206463e-30
12,140,4.0814683238272745e-30
12,141,1.9076288070501732e-30
12,142,2.1944998231199873e-30
12,143,2.0657225585761653e-30
12,144,4.951864959236735e-31
12,145,1.1422306959966574e-30
12,146,1.649494967746618e-30
12,147,4.2725105324534825e-30
12,148,1.3110428763992155e-30
12,149,1.4307884273045094e-30
13,14,7.0200599093300535e-31
13,15,9.884964343583676e-31
13,16,1.837757632014142e-30
13,17,1.0543472988201284e-30
13,18,1.6643592059743935e-30
13,19,1.1794547153500367e-30
13,20,1.8966530451633213e-30
13,21,3.991823167222301e-31
13,22,9.738267942117602e-16
13,23,9.852790906978985e-31
13,24,9.77947186302125e-16
13,25,1.6735694038008062e-30
13,26,1.5312310382373609e-30
13,27,1.6317469620364997e-16
13,28,1.770303553295333e-30
13,29,1.685134389364715e-30
13,30,8.528367013003129e-32
13,31,1.1981033484892816e-30
13,32,1.3602686497978505e-30
13,33,3.0519728528011654e-31
13,34,1.8986283211151912e-30
13,35,1.2396289819287663e-30
13,36,4.445237369377367e-16
13,37,9.636816145477187e-31
13,38,2.8936992927394777e-30
13,39,1.767531829546024e-30
13,40,2.557179482038072e-30
13,41,4.893021331935954e-31
13,42,7.710759046485755e-31
13,43,2.2255690116961297e-30
13,44,7.260639818116192e-31
13,45,1.6143732061651463e-30
13,46,1.2954920957797042e-30
13,47,1.6395954252689753e-30
13,48,3.197872185432533e-30
13,49,1.382843621624203e-30
13,50,2.3203365054318493e-31
13,51,4.7686528796159766e-30
13,52,9.035866269462591e-31
13,53,1.0001326093698432e-30
13,54,1.0847580659607781e-30
13,55,1.7472352780421834e-30
13,56,6.550613493435517e-31
13,57,1.631051473691589e-30
13,58,1.3693667117417923e-30
13,59,2.1358922232877114e-30
13,60,1.2859754193945781e-30
13,61,2.0816829218521296e-30
13,62,2.220472641333983e-30
13,63,5.7484232577505335e-31
13,64,8.520530879763754e-31
13,65,1.8126932296805937e-30
13,66,2.2237959672580457e-30
13,67,8.9508465965059e-31
13,68,7.909765573215327e-31
13,69,2.3999384514669383e-30
13,70,1.213060832132345e-30
13,71,1.8556995295608827e-30
13,72,1.3276308233539325e-30
13,73,1.626282461653574e-30
13,74,2.228613092963032e-30
13,75,2.0423775135239966e-30
13,76,7.814855300193864e-31
13,77,1.0618669828904439e-30
13,78,6.993426953700675e-31
13,79,5.652643760542447e-16
13,80,3.4395412038022226e-30
13,81,1.2558218879973003e-30
13,82,3.1017761238092295e-30
13,83,5.79327520664536e-16
13,84,1.678512847937286e-30
13,85,4.772551713975527e-31
13,86,1.172820896697203e-30
13,87,1.506627229832646e-30
13,88,1.3208361229105524e-30
13,89,8.529082212303913e-32
13,90,1.854564325361156e-30
13,91,7.755753706321766e-31
13,92,9.780970337999692e-31
13,93,1.2744170816916546e-30
13,94,7.72406477301761e-31
13,95,1.1238269812479825e-30
13,96,1.6082181509282427e-30
13,97,8.52051488643383e-31
13,98,7.151780202412221e-31
13,99,5.953549666764571e-31
13,100,6.912926362400015e-31
13,101,6.56108044634254e-31
13,102,2.544925662554985e-30
13,103,9.132155898457975e-31
13,104,1.11777479675311e-30
13,105,2.6390742031217385e-30
13,106,7.940710788520898e-31
13,107,8.536973482593627e-16
13,108,2.537373093402895e-30
13,109,8.787280543006947e-31
13,110,1.374653209845613e-30
13,111,1.1567942428385962e-30
13,112,2.0293212721874467e-30
13,113,8.739665915506016e-31
13,114,2.2510930997214316e-30
13,115,1.4588111516684149e-30
13,116,9.653332986467779e-31
13,117,1.312920173584179e-30
13,118,1.469340222870511e-30
13,119,9.01454089455432e-31
13,120,1.043759972590257e-30
13,121,1.3459844786803577e-30
13,122,2.9886698722839063e-30
13,123,1.784156954191124e-30
13,124,3.7211380412829484e-30
13,125,1.2468502306162789e-30
13,126,1.914447950467434e-30
13,127,8.128895613606391e-31
13,128,1.777571579042851e-30
13,129,9.437843408136053e-31
13,130,1.2661324202592636e-30
13,131,1.620967301091231e-30
13,132,3.73796387653939e-30
13,133,1.2514461862032552e-30
13,134,2.4600794163451225e-30
13,135,1.2259067707288655e-30
13,136,2.421463493569826e-30
13,137,1.7430338728926787e-30
13,138,1.8551664169709527e-30
13,139,8.632442498215276e-31
13,140,2.9314198561902535e-30
13,141,1.0952137318523953e-30
13,142,1.4377967032930677e-30
13,143,1.542066061955667e-30
13,144,3.4582353894675663e-31
13,145,9.901241170535132e-31
13,146,1.1570347670389518e-30
13,147,2.1646678687039435e-30
13,148,1.3235987081686413e-30
13,149,9.954182536908824e-31
14,15,5.401444258282504e-31
14,16,9.515269554230755e-31
14,17,5.272170761098458e-31
14,18,1.2266968745892808e-30
14,19,7.282893055795497e-31
14,20,8.2106718926901e-31
14,21,3.2534473985656915e-31
14,22,4.742874840267545e-16
14,23,5.8740462354592235e-31
14,24,1.7983669369525788e-30
14,25,7.463389304764194e-31
14,26,7.492847993509426e-31
14,27,1.5157510749202219e-30
14,28,7.781317024581656e-31
14,29,8.725977634366448e-31
14,30,6.432861587022119e-32
14,31,9.361969759150281e-31
14,32,8.518557152724881e-31
14,33,2.677998901104304e-31
14,34,8.948568274107447e-31
14,35,5.299535960397411e-31
14,36,2.1038192504370773e-30
14,37,8.444365042317894e-31
14,38,1.2816789023753293e-30
14,39,8.28952289822159e-31
14,40,1.2471537141728645e-30
14,41,4.921100658471473e-31
14,42,3.466407507392082e-31
14,43,1.4781922601778476e-30
14,44,7.62050154862562e-31
14,45,7.586707371462664e-31
14,46,5.876463740700377e-31
14,47,1.0969662681772866e-30
14,48,1.4197537406648035e-30
14,49,6.154701769256033e-31
14,50,2.2203532351379446e-31
14,51,2.1953606368426826e-30
14,52,4.759195754687177e-31
14,53,5.603452535392955e-31
14,54,5.9025581657666035e-31
14,55,9.215830740187845e-31
14,56,7.264394346335428e-31
14,57,8.283133473090605e-31
14,58,7.684234043204289e-31
14,59,9.483154623585167e-31
14,60,9.24651672230892e-31
14,61,1.3228536502081873e-30
14,62,1.1932201073052005e-30
14,63,2.788960068299606e-31
14,64,4.714284460278804e-31
14,65,9.842326022208796e-31
14,66,1.212483731933689e-30
14,67,4.3894262559656875e-31
14,68,3.4831531159643403e-31
14,69,1.0576199663889125e-30
14,70,5.238338633243761e-31
14,71,1.260967477799361e-30
14,72,6.190874288674621e-31
14,73,8.466101258405592e-31
14,74,1.2056963727630482e-30
14,75,1.0163309974899946e-30
14,76,3.929453054243489e-31
14,77,6.828489382381459e-31
14,78,5.944949555611136e-31
14,79,1.5700924586837762e-16
14,80,1.602469836266089e-30
14,81,5.784795076360315e-31
14,82,1.4625320465576159e-30
14,83,4.34443476818273e-16
14,84,6.944690768156359e-31
14,85,2.3916837548279985e-31
14,86,6.1041574377211375e-31
14,87,7.768938775061851e-31
14,88,7.305386708006511e-31
14,89,6.433401054671913e-32
14,90,8.131159683528682e-31
14,91,3.721599488082623e-31
14,92,4.853477944426876e-31
14,93,7.920829047744302e-31
14,94,6.228346342233856e-31
14,95,6.257968173175672e-31
14,96,8.153355298435325e-31
14,97,4.269487708689192e-31
14,98,3.275691482684477e-31
14,99,2.6669855011633574e-31
14,100,5.797229104320962e-31
14,101,5.425849168616681e-31
14,102,1.593314376607603e-30
14,103,4.323154146097837e-31
14,104,5.131815488994718e-31
14,105,1.3362066784696256e-30
14,106,8.772043352641727e-31
14,107,6.439353360598964e-16
14,108,1.9155096303599597e-30
14,109,3.560991849783616e-31
14,110,1.1270847654476513e-30
14,111,6.4492152578051035e-31
14,112,1.1770544804785542e-30
14,113,4.440048330808595e-31
14,114,1.060731936616503e-30
14,115,9.499927237329025e-31
14,116,7.334167181249946e-31
14,117,9.09962433273971e-31
14,118,5.9257655534839295e-31
14,119,7.179800472260365e-31
14,120,8.256197927659138e-31
14,121,6.713710777348355e-31
14,122,1.4226126934488064e-30
14,123,1.1828697267713173e-30
14,124,1.958269791366423e-30
14,125,8.032580720078942e-31
14,126,8.472640140184256e-31
14,127,7.243025407856306e-31
14,128,8.282180034979099e-31
14,129,4.526391112740257e-31
14,130,6.275946384362434e-31
14,131,1.0313674549361068e-30
14,132,1.7939791841430455e-30
14,133,8.42815398709029e-31
14,134,1.1528500601541863e-30
14,135,7.895861370367757e-31
14,136,1.1611420989616796e-30
14,137,1.2965601106608662e-30
14,138,8.658496992229864e-31
14,139,4.1536683783495955e-31
14,140,1.2724501328765233e-30
14,141,1.017492235194793e-30
14,142,8.130418426484692e-31
14,143,7.1671216682046286e-31
14,144,2.2208467238671567e-31
14,145,4.64502661036579e-31
14,146,7.879977553582367e-31
14,147,2.0613655446722335e-30
14,148,6.995062466665262e-31
14,149,6.556552698829171e-31
15,16,1.1668466024538983e-30
15,17,7.516294625169688e-31
15,18,1.3023864685083897e-30
15,19,8.4551359410505e-31
15,20,1.1677155312236831e-30
15,21,3.286670301386985e-31
15,22,6.114992524647383e-16
15,23,7.376205608432761e-31
15,24,4.518280359883021e-16
15,25,1.0291629423518809e-30
15,26,9.929854836443159e-31
15,27,3.4445510830354365e-16
15,28,1.1061886486333885e-30
15,29,1.1485227808093849e-30
15,30,7.519512516427971e-32
15,31,1.0013992457656835e-30
15,32,1.0687341450131077e-30
15,33,2.661667504543522e-31
15,34,1.2060892805525676e-30
15,35,7.881586535897376e-31
15,36,2.705278874473292e-16
15,37,8.206387005526336e-31
15,38,1.8511163103230327e-30
15,39,1.1007400917782412e-30
15,40,1.7932328794348185e-30
15,41,5.114158247346888e-31
15,42,5.023578845659311e-31
15,43,1.7369792938559075e-30
15,44,8.457232430394153e-31
15,45,1.0259480351439695e-30
15,46,8.488009703204325e-31
15,47,1.4047419244345165e-30
15,48,2.008185942585846e-30
15,49,8.855128602996129e-31
15,50,2.363188648425813e-31
15,51,2.914451965646423e-30
15,52,6.133531652891606e-31
15,53,6.609208713646661e-31
15,54,7.230599345331385e-31
15,55,1.3607039096117576e-30
15,56,7.20226742701488e-31
15,57,1.0142533506961783e-30
15,58,9.621148849713967e-31
15,59,1.3951443889169682e-30
15,60,1.053585217294264e-30
15,61,1.6119084516830617e-30
15,62,1.4970842812306035e-30
15,63,3.31696474925389e-31
15,64,6.445909039546588e-31
15,65,1.2263404229151884e-30
15,66,1.6000487709383858e-30
15,67,5.8514706598075e-31
15,68,4.793978981629766e-31
15,69,1.5046709339338502e-30
15,70,7.402574927157606e-31
15,71,1.6631307819749863e-30
15,72,8.830887704209901e-31
15,73,1.1366651294519137e-30
15,74,1.4286579198433826e-30
15,75,1.2235441679067164e-30
15,76,5.375755854037858e-31
15,77,9.930323728282175e-31
15,78,4.164068505201944e-31
15,79,3.3030884237261464e-16
15,80,2.1751966237325675e-30
15,81,7.757796187133602e-31
15,82,1.8991498325512527e-30
15,83,5.144266822599284e-16
15,84,9.78887376734971e-31
15,85,2.9986208834345554e-31
15,86,7.86009056948824e-31
15,87,1.1192046539767669e-30
15,88,8.85700168347471e-31
15,89,7.52014311195532e-32
15,90,1.149632568262014e-30
15,91,4.458345208224949e-31
15,92,7.851619269099921e-31
15,93,8.611771525042606e-31
15,94,6.289401378308335e-31
15,95,1.7732404125684625e-16
15,96,1.0235935215206479e-30
15,97,6.086574534418457e-31
15,98,4.567325516841716e-31
15,99,4.511803394268293e-31
15,100,5.810093331732604e-31
15,101,6.947668898236136e-31
15,102,1.9873939836570768e-30
15,103,5.608514947754561e-31
15,104,7.140330726934065e-31
15,105,1.702704907021242e-30
15,106,6.96897987002093e-31
15,107,7.527100892456979e-16
15,108,2.110228546252168e-30
15,109,6.664157277731229e-31
15,110,1.351283455748189e-30
15,111,7.570551325086735e-31
15,112,1.4603636821131415e-30
15,113,6.07821797591721e-31
15,114,1.601877268106648e-30
15,115,1.0149197994729109e-30
15,116,7.443040885591053e-31
15,117,1.3194682896349724e-30
15,118,7.934637977669397e-31
15,119,5.776968572157051e-31
15,120,7.59381434676584e-31
15,121,8.935169801014629e-31
15,122,1.919301869929236e-30
15,123,1.5134543131914956e-30
15,124,2.6308872908715186e-30
15,125,8.375567735836134e-31
15,126,1.1729410694958946e-30
15,127,7.2717084499519534e-31
15,128,1.0973139938567558e-30
15,129,6.729673383341919e-31
15,130,7.849853586752734e-31
15,131,1.1342268047080779e-30
15,132,2.2100770136202906e-30
15,133,1.0547523212842844e-30
15,134,1.5564506746198447e-30
15,135,9.72258247187353e-31
15,136,1.5147733989402069e-30
15,137,1.6536372524194892e-30
15,138,1.2427292647190758e-30
15,139,5.823571326693882e-31
15,140,1.8741417120111445e-30
15,141,1.1979286589039502e-30
15,142,1.1221399174365664e-30
15,143,1.0100052515033754e-30
15,144,2.594954609968655e-31
15,145,6.798848224959331e-31
15,146,9.923504528203486e-31
15,147,2.033184209620302e-30
15,148,9.351466693036094e-31
15,149,7.000245467709884e-31
16,17,1.7137987972971694e-30
16,18,3.038704958782819e-30
16,19,8.507056582126806e-31
16,20,3.0792408350304843e-30
16,21,1.090385382833852e-30
16,22,1.9436955335542164e-15
16,23,1.600163796605329e-30
16,24,3.3244314141892575e-30
16,25,2.574497149947954e-30
16,26,2.8525779958130483e-30
16,27,1.5306909233257978e-30
16,28,3.1396337897717462e-30
16,29,2.200407194993287e-30
16,30,3.137019169452906e-32
16,31,1.8039505602376954e-30
16,32,7.738760121465884e-31
16,33,3.183050722462069e-31
16,34,3.422584469536639e-30
16,35,2.2272869442836263e-30
16,36,7.076153131406878e-30
16,37,2.4391356390991677e-30
16,38,4.486831460740306e-30
16,39,3.384040843408785e-30
16,40,3.4993492510919035e-30
16,41,7.112605168855024e-31
16,42,1.1798332041825986e-30
16,43,1.7607587218925203e-30
16,44,1.804119651719483e-30
16,45,2.977955650537618e-30
16,46,1.8090443950165668e-30
16,47,5.048087430229059e-31
16,48,5.1806582164694894e-30
16,49,1.9980439308320557e-30
16,50,3.576190296642578e-31
16,51,8.800063498419344e-30
16,52,1.0324430716821186e-30
16,53,2.2571467611846686e-30
16,54,2.417183713628256e-30
16,55,1.738658938210076e-30
16,56,1.760094386721287e-30
16,57,3.3394267833770984e-30
16,58,3.0346617434881517e-30
16,59,3.164135985017814e-30
16,60,2.5093613351984412e-30
16,61,4.612023498167676e-30
16,62,4.727117491434032e-30
16,63,7.948349228720311e-31
16,64,1.5988849960177896e-30
16,65,1.6482034579956038e-30
16,66,1.756396993625752e-30
16,67,1.8027808409771235e-30
16,68,1.3400230478666293e-30
16,69,4.509449397995337e-30
16,70,1.8903767190134653e-30
16,71,3.4959968896241736e-30
16,72,2.233042238125595e-30
16,73,1.6542472913609082e-30
16,74,4.5922168325720706e-30
16,75,4.0833749654775235e-30
16,76,8.397430163554538e-31
16,77,1.2562365102214582e-30
16,78,3.660103494551281e-31
16,79,4.528924144620225e-16
16,80,6.386804607738453e-30
16,81,2.4047519143595453e-30
16,82,6.015864818701232e-30
16,83,1.5944364291470632e-16
16,84,2.6888982536501217e-30
16,85,1.0037542781437665e-30
16,86,2.1975363656603902e-30
16,87,1.522608664747873e-30
16,88,2.2949101541800637e-30
16,89,3.137282243721769e-32
16,90,3.0116580729768304e-30
16,91,9.917728435309205e-31
16,92,1.3161474347931312e-30
16,93,2.6358127881850902e-30
16,94,1.1082760499548943e-30
16,95,1.5755056961675272e-30
16,96,3.488628584498389e-30
16,97,1.2485523797512966e-30
16,98,1.3546452485504796e-30
16,99,1.1685453038464967e-30
16,100,1.1389709131057048e-30
16,101,8.677745902160154e-31
16,102,2.702128519974148e-30
16,103,1.8243101023322504e-30
16,104,1.6411683468511116e-30
16,105,4.981254715152363e-30
16,106,1.944521758621963e-30
16,107,3.140184917367569e-16
16,108,1.5914228019087435e-30
16,109,1.0837762369934885e-30
16,110,1.6991275020932534e-30
16,111,2.4795489533114095e-30
16,112,3.406724331764801e-30
16,113,1.6461843131822394e-30
16,114,3.018406468822359e-30
16,115,3.501635571749492e-30
16,116,1.2296585801155138e-30
16,117,1.4870606739685499e-30
16,118,1.8423771917558667e-30
16,119,5.576011937877822e-31
16,120,1.2730245015204724e-30
16,121,2.253565121237293e-30
16,122,5.7691814826637515e-30
16,123,6.072407035446323e-31
16,124,3.5687344838520066e-30
16,125,6.6520208849931855e-31
16,126,3.368192568172011e-30
16,127,9.998405640825007e-31
16,128,3.201077545605367e-30
16,129,1.4727366236864339e-30
16,130,1.4231828930849656e-30
16,131,3.954348532038956e-30
16,132,7.211306084149652e-30
16,133,8.969645805298324e-31
16,134,4.6212613064851745e-30
16,135,1.307094593095124e-30
16,136,4.674823559074443e-30
16,137,1.3905841084665998e-30
16,138,3.186212773127821e-30
16,139,1.0106031004015572e-30
16,140,5.401379368961103e-30
16,141,2.5401914776740464e-30
16,142,1.6858935491295885e-30
16,143,2.860967753189012e-30
16,144,2.8156403501431067e-31
16,145,1.2418397630506233e-30
16,146,1.2768847751598966e-30
16,147,6.1822614543838214e-30
16,148,6.429984469744054e-31
16,149,2.0267317804975194e-30
17,18,1.6362022670197692e-30
17,19,8.67184778786845e-31
17,20,1.4159716931387443e-30
17,21,5.402786854668553e-31
17,22,8.557726908562801e-16
17,23,8.308110787312965e-31
17,24,4.928080417233776e-16
17,25,1.1717440419477988e-30
17,26,1.244178967679703e-30
17,27,5.080578321377392e-16
17,28,1.4337089308745055e-30
17,29,1.189736760669886e-30
17,30,8.327515630193287e-32
17,31,1.2324479180579727e-30
17,32,1.1008401111713422e-30
17,33,3.4772029625325406e-31
17,34,1.5320091103311588e-30
17,35,1.0730799455142197e-30
17,36,3.128664082695389e-16
17,37,1.2960838431716263e-30
17,38,2.0872144299222625e-30
17,39,1.5203038212183049e-30
17,40,1.7695661701744887e-30
17,41,6.705272409850378e-31
17,42,5.545384405425689e-31
17,43,2.0927404750064677e-30
17,44,1.1488308799456277e-30
17,45,1.3103870259660021e-30
17,46,9.183187127350829e-31
17,47,1.395323134568418e-30
17,48,2.3908046826235812e-30
17,49,1.0679380600993158e-30
17,50,3.0305318873760187e-31
17,51,3.802486983685387e-30
17,52,6.58576962659617e-31
17,53,1.0072106154281012e-30
17,54,1.0824083664987408e-30
17,55,1.2767050426916726e-30
17,56,1.0810744770102498e-30
17,57,1.5117173509390283e-30
17,58,1.270989582879031e-30
17,59,1.5271960274746378e-30
17,60,1.3274184038255974e-30
17,61,2.239140251967336e-16
17,62,2.607888066858949e-30
17,63,4.112284120206436e-31
17,64,7.6302851201817645e-31
17,65,1.311423949688733e-30
17,66,1.633712010363031e-30
17,67,7.928774470378655e-31
17,68,6.507786350629228e-31
17,69,2.1086547350924666e-30
17,70,9.249452096273663e-31
17,71,3.9614059039714522e-16
17,72,9.617801648564903e-31
17,73,1.136309206910161e-30
17,74,2.0811208512150837e-30
17,75,1.994596993599527e-30
17,76,5.8284381327808255e-31
17,77,9.162172464272418e-31
17,78,5.838578009726101e-31
17,79,7.95926217698427e-16
17,80,2.836923115242873e-30
17,81,1.0546020100218463e-30
17,82,2.7207177167692354e-30
17,83,3.165383157798532e-16
17,84,1.3886171852397495e-30
17,85,4.417704981123901e-31
17,86,9.699347354214863e-31
17,87,1.163516580750932e-30
17,88,1.0260962007341524e-30
17,89,8.328213985851164e-32
17,90,1.374941324043517e-30
17,91,6.498874977113528e-31
17,92,7.0078482067550755e-31
17,93,1.2140680613328365e-30
17,94,1.0779607699277207e-30
17,95,3.549364626059574e-16
17,96,1.5148893716012519e-30
17,97,5.9567637745741e-31
17,98,5.859525646318381e-31
17,99,9.07151665537857e-31
17,100,7.954991377111642e-31
17,101,7.000079568401098e-31
17,102,2.0652830562593903e-30
17,103,8.296415751849948e-31
17,104,7.702868493694528e-31
17,105,2.2155501115646922e-30
17,106,1.17391498096091e-30
17,107,8.33591940900891e-16
17,108,1.3092278833360744e-16
17,109,7.108883520323924e-31
17,110,1.4816182261446321e-30
17,111,1.107312891531667e-30
17,112,1.625536285369333e-30
17,113,7.1687877194195165e-31
17,114,1.522554560998548e-30
17,115,1.6270003809428325e-30
17,116,1.0190025206145959e-30
17,117,1.6181702643049345e-30
17,118,1.1129342291367474e-30
17,119,8.51003001709139e-31
17,120,9.052689749983535e-31
17,121,1.0264644151232415e-30
17,122,2.51464848904053e-30
17,123,1.5570626956914425e-30
17,124,2.6060557853882928e-30
17,125,9.572423946942764e-31
17,126,2.0071990921988685e-16
17,127,9.97625246749321e-31
17,128,1.496539254569241e-30
17,129,8.219657705332488e-31
17,130,9.559504298526116e-31
17,131,1.9641401557935722e-30
17,132,1.112389315513594e-16
17,133,1.0643677465192356e-30
17,134,2.1211396828516245e-30
17,135,1.0800904378651533e-30
17,136,2.085039634250714e-30
17,137,1.760267867777796e-30
17,138,1.4432040219747254e-30
17,139,5.940977690243384e-31
17,140,2.3869982220144652e-30
17,141,1.5733388203766247e-30
17,142,2.9800029923787754e-16
17,143,1.3531083307388386e-30
17,144,2.830516125083751e-31
17,145,6.719054270901606e-31
17,146,1.0738248039423836e-30
17,147,3.297083155441572e-30
17,148,7.995127263234293e-31
17,149,9.470561314944143e-31
18,19,1.8316410494019085e-30
18,20,2.3107193893087846e-30
18,21,1.0990546011431018e-30
18,22,1.4895366541924052e-15
18,23,1.749954187675364e-30
18,24,1.14650163321032e-16
18,25,1.9814128446115137e-30
18,26,2.2939665842284635e-30
18,27,4.084177622975505e-30
18,28,2.3345205619983246e-30
18,29,2.3117895444431648e-30
18,30,1.810091794484547e-31
18,31,2.8009098485363773e-30
18,32,2.274857148936317e-30
18,33,7.85077208420587e-31
18,34,2.652140873649847e-30
18,35,1.812894599782468e-30
18,36,7.043702718529207e-30
18,37,2.8072993699321507e-30
18,38,3.429282420891693e-30
18,39,2.629719969248916e-30
18,40,3.1148230073094968e-30
18,41,1.5019295595560846e-30
18,42,9.136755900205377e-31
18,43,4.1128763025046176e-30
18,44,2.4664031184699953e-30
18,45,2.3078107255557143e-30
18,46,1.5074668803844775e-30
18,47,2.9577909579951892e-30
18,48,3.9419639421700565e-30
18,49,1.6050777259616585e-30
18,50,6.758121360348208e-31
18,51,6.747320952002686e-30
18,52,1.2521839726198264e-30
18,53,1.8516903438339478e-30
18,54,2.0267307096128753e-30
18,55,2.2764643689368113e-30
18,56,2.3532695584126106e-30
18,57,2.7389143550465138e-30
18,58,2.523157635123159e-30
18,59,2.4933468787087495e-30
18,60,2.945075831103809e-30
18,61,4.327141372893062e-30
18,62,4.053984735455294e-30
18,63,7.11625261192882e-31
18,64,1.4451104269770005e-30
18,65,2.5808137093517147e-30
18,66,3.1023970867207303e-30
18,67,1.4879480166006852e-30
18,68,1.0099055141915283e-30
18,69,3.384967958646777e-30
18,70,1.42864630926228e-30
18,71,3.886203722079341e-30
18,72,1.8361950459366726e-30
18,73,2.185268361454122e-30
18,74,3.861583673545367e-30
18,75,3.240849700742222e-30
18,76,9.871008884577141e-31
18,77,1.843244169771135e-30
18,78,1.3623931962812884e-30
18,79,4.353291932867635e-16
18,80,4.863799948437336e-30
18,81,1.893215358728552e-30
18,82,4.5833728326405916e-30
18,83,6.49741366860449e-16
18,84,1.996797232457141e-30
18,85,7.860761436084041e-31
18,86,1.780751655215583e-30
18,87,1.9435211512592038e-30
18,88,2.2526543377810356e-30
18,89,1.810243590998909e-31
18,90,2.2499321797651442e-30
18,91,1.009085455049342e-30
18,92,1.0593344166437366e-30
18,93,2.3919845271764075e-30
18,94,1.7927956561458396e-30
18,95,1.8763809538935242e-30
18,96,2.7207301161081353e-30
18,97,1.0274277496237167e-30
18,98,1.027167591260352e-30
18,99,1.0019565690526413e-30
18,100,1.7274638495980828e-30
18,101,1.6258849587405407e-30
18,102,4.3741325845911544e-30
18,103,1.3785486146212302e-30
18,104,1.2757439544897314e-30
18,105,3.928508977233776e-30
18,106,2.6645919360918497e-30
18,107,1.811918463055625e-15
18,108,5.414772755684945e-30
18,109,8.801366293235614e-31
18,110,3.319006591919689e-30
18,111,2.050660795878818e-30
18,112,3.559539947293155e-30
18,113,1.3268554159230839e-30
18,114,2.580530407897049e-30
18,115,3.1180722310634457e-30
18,116,2.182073107868166e-30
18,117,2.565500364107605e-30
18,118,1.4791504588206497e-30
18,119,2.026493786401747e-30
18,120,2.331882164167958e-30
18,121,1.810779460052677e-30
18,122,4.3953151874563556e-30
18,123,3.187394676942969e-30
18,124,4.999744728702098e-30
18,125,2.2192508184125608e-30
18,126,2.484334970969343e-30
18,127,2.1321808625065108e-30
18,128,2.465553181672137e-30
18,129,1.1604479427866735e-30
18,130,1.7235472528741057e-30
18,131,3.5180884709117566e-30
18,132,5.762370255878979e-30
18,133,2.3190457579570023e-30
18,134,3.526565397813942e-30
18,135,2.1708647272969457e-30
18,136,3.649921596585941e-30
18,137,3.6910882664239816e-30
18,138,2.494601233012306e-30
18,139,1.0377599823334767e-30
18,140,4.1772138128032346e-30
18,141,3.240319083751698e-30
18,142,2.15776673156817e-30
18,143,2.2436249701527983e-30
18,144,6.078039370693819e-31
18,145,1.134776750098362e-30
18,146,2.2073536151042856e-30
18,147,6.89882643443478e-30
18,148,1.621578710030244e-30
18,149,1.8561001106379567e-30
19,20,1.3085157003299517e-30
19,21,2.3417855503256063e-31
19,22,4.710277376051323e-16
19,23,1.0509735347693467e-30
19,24,6.674335898585354e-16
19,25,1.066922693965721e-30
19,26,1.1276698473317106e-30
19,27,3.239848626628142e-16
19,28,1.1770972220668988e-30
19,29,1.5936934417972924e-30
19,30,9.908251194392587e-32
19,31,1.4389836109105924e-30
19,32,1.4081960754396927e-30
19,33,4.561170627865826e-31
19,34,1.1177987417730106e-30
19,35,7.4868192279507815e-31
19,36,3.169183780640337e-16
19,37,9.344249999422232e-31
19,38,1.9427890948852148e-30
19,39,1.0113693319719946e-30
19,40,2.2002501089509733e-30
19,41,6.835814675102279e-31
19,42,5.074713224580813e-31
19,43,6.314430923180754e-16
19,44,7.409380500225954e-31
19,45,9.701647883716736e-31
19,46,1.083228225041563e-30
19,47,1.614013339034216e-30
19,48,1.97251084433749e-30
19,49,1.0739723871516536e-30
19,50,2.9752310267673816e-31
19,51,2.887600406881972e-30
19,52,9.062452430792158e-31
19,53,4.269299860220256e-31
19,54,5.945970055289541e-31
19,55,1.6026810532160608e-30
19,56,7.790646138901408e-31
19,57,8.677401776980577e-31
19,58,9.002398008043047e-31
19,59,1.5585028865998615e-30
19,60,1.1766462409205342e-30
19,61,8.167287411692811e-16
19,62,1.6320245767121417e-30
19,63,8.789458460868639e-31
19,64,9.990085428339194e-31
19,65,2.2883107051712615e-30
19,66,2.020581950970919e-30
19,67,6.980014062695154e-31
19,68,6.063717222247423e-31
19,69,1.4970463850070747e-30
19,70,7.6087036821696375e-31
19,71,7.105593374124241e-16
19,72,1.129271405901112e-30
19,73,1.693844267267604e-30
19,74,1.1868050974622921e-30
19,75,1.4506133983852569e-30
19,76,6.345681308439856e-31
19,77,9.602031991354093e-31
19,78,1.9394726399498242e-30
19,79,2.3438675658758084e-16
19,80,1.835333216063777e-30
19,81,8.310665626742507e-31
19,82,1.555599743718395e-30
19,83,1.4829970806184788e-15
19,84,2.117109287642277e-16
19,85,2.7744604231969545e-31
19,86,8.197516049902847e-31
19,87,1.244505057391861e-30
19,88,1.1136280166100731e-30
19,89,9.909082112470506e-32
19,90,1.3645276228737445e-30
19,91,9.257990059177458e-31
19,92,1.1414482583858647e-30
19,93,1.0668977335386336e-30
19,94,1.7134183080182728e-30
19,95,1.2403258582099183e-30
19,96,1.2048026904664854e-30
19,97,6.931548638884947e-31
19,98,1.055504459878207e-30
19,99,7.67524902784776e-31
19,100,1.0278184289901316e-30
19,101,1.0429148567536235e-30
19,102,2.551667297179028e-30
19,103,5.8743423283420135e-31
19,104,9.160587017718296e-31
19,105,1.5187409846937041e-30
19,106,1.61550026296587e-30
19,107,9.91825018511022e-16
19,108,1.9329521701561103e-16
19,109,1.2297893116977532e-30
19,110,1.4456194265367738e-30
19,111,5.924664540921363e-31
19,112,1.9587950527527634e-30
19,113,5.431475994216028e-31
19,114,1.7050306555252963e-30
19,115,8.110397266047642e-31
19,116,1.367435196169388e-30
19,117,1.608339531107013e-30
19,118,1.041399265654978e-30
19,119,1.6494040793048194e-30
19,120,2.213069706518494e-30
19,121,1.1366771901972915e-30
19,122,1.604979137526572e-30
19,123,1.8504054696551168e-30
19,124,3.339169629728488e-30
19,125,1.6725822609022955e-30
19,126,2.9120628918998395e-16
19,127,1.3460191755235101e-30
19,128,9.75635159499611e-31
19,129,1.0673524305719478e-30
19,130,9.297938538406159e-31
19,131,6.873594821880782e-31
19,132,1.3093428034928255e-16
19,133,1.252944212543211e-30
19,134,1.3987640736220181e-30
19,135,1.3936700355662844e-30
19,136,1.3115241144579257e-30
19,137,2.9936170946235203e-16
19,138,1.3310459232654327e-30
19,139,7.180346155479338e-31
19,140,1.1380632177521688e-16
19,141,1.2978517480657255e-30
19,142,4.921970264839168e-16
19,143,1.234808580319404e-30
19,144,4.969891626144962e-31
19,145,7.407703953726473e-31
19,146,1.3426431676305578e-30
19,147,1.6768929986708536e-30
19,148,1.1587311166857836e-30
19,149,1.1007680668375254e-30
20,21,7.464591097426963e-31
20,22,1.6312747788646277e-15
20,23,1.3735301870782908e-30
20,24,2.214853309727463e-30
20,25,2.409757018413246e-30
20,26,2.4006954049593516e-30
20,27,2.6595954225993506e-30
20,28,2.8913629772636534e-30
20,29,2.2475286988984698e-30
20,30,7.440094229310665e-32
20,31,1.3997051906531957e-30
20,32,1.433892301938257e-30
20,33,2.810526063526268e-31
20,34,2.9202668339472013e-30
20,35,1.886533453452148e-30
20,36,5.023234605424666e-30
20,37,1.6592578148720808e-30
20,38,4.275238773371444e-30
20,39,2.84857278231348e-30
20,40,3.639861290719248e-30
20,41,4.394268557453982e-31
20,42,1.1155283244179412e-30
20,43,2.3166598504214793e-30
20,44,1.075381191392032e-30
20,45,2.576124431254185e-30
20,46,1.889390019408005e-30
20,47,1.3952792404209511e-30
20,48,4.872539583839234e-30
20,49,1.7933604452153204e-30
20,50,2.005630492286452e-31
20,51,7.617441314825361e-30
20,52,1.1745583819331648e-30
20,53,1.7679875905804374e-30
20,54,1.9512588500492797e-30
20,55,2.1987025014662338e-30
20,56,1.0553814652473614e-30
20,57,2.6996464040028396e-30
20,58,2.4853845253351362e-30
20,59,3.1458772803736283e-30
20,60,1.7618896928482982e-30
20,61,3.5055202111459266e-30
20,62,3.4668957658240534e-30
20,63,8.859110574156305e-31
20,64,1.3570172659679995e-30
20,65,2.192926750507623e-30
20,66,2.5690062969767294e-30
20,67,1.4569565658051438e-30
20,68,1.20793829083708e-30
20,69,3.828693080019851e-30
20,70,1.76636806822514e-30
20,71,2.8070306838170122e-30
20,72,1.9981317878005058e-30
20,73,2.0046381869793256e-30
20,74,3.643910278081592e-30
20,75,3.2845120250500614e-30
20,76,9.02310145296523e-31
20,77,1.1497382603791136e-30
20,78,7.089393669590605e-31
20,79,5.924982902881812e-30
20,80,5.500534337809655e-30
20,81,1.9209207550398947e-30
20,82,5.0494793959880624e-30
20,83,1.5700924586837732e-16
20,84,2.4646293326544907e-30
20,85,8.288993706012275e-31
20,86,1.8391065223349067e-30
20,87,1.7963239680450626e-30
20,88,1.93534476902202e-30
20,89,7.440718164723209e-32
20,90,2.8008513739776752e-30
20,91,7.86528187080919e-31
20,92,1.1613637836655393e-30
20,93,1.967277304576597e-30
20,94,8.672371813533373e-31
20,95,1.1704573175574544e-30
20,96,2.9091496930936796e-30
20,97,1.097400684208698e-30
20,98,1.2021451280993814e-30
20,99,8.673651740473123e-31
20,100,9.274354931041365e-31
20,101,5.4680533377149166e-31
20,102,2.9582271002683488e-30
20,103,1.5495497451204639e-30
20,104,1.5848894914261025e-30
20,105,4.128792558247485e-30
20,106,1.2852902175221405e-30
20,107,7.447602459741804e-16
20,108,2.5341726996871646e-30
20,109,1.1071028041369674e-30
20,110,1.022136461379969e-30
20,111,1.9388420781405816e-30
20,112,2.9391257329341974e-30
20,113,1.3845026605830487e-30
20,114,2.998065402496925e-30
20,115,2.5644859232539718e-30
20,116,9.71389023625263e-31
20,117,1.6692550601274452e-30
20,118,1.7359928686838964e-30
20,119,7.925048290458147e-31
20,120,1.1264609532316618e-30
20,121,1.9540820484672505e-30
20,122,4.9343784288501444e-30
20,123,1.7324600288269194e-30
20,124,4.386299147636265e-30
20,125,1.2871313695372417e-30
20,126,3.0397772660723467e-30
20,127,8.22371810983146e-31
20,128,2.6389088182360786e-30
20,129,1.5542972888608244e-30
20,130,1.1659676314666914e-30
20,131,2.88813695855788e-30
20,132,5.9186968782018724e-30
20,133,1.1737471664361895e-30
20,134,3.983584489395435e-30
20,135,1.5109715789265037e-30
20,136,3.9080806282185775e-30
20,137,1.5853113778507317e-30
20,138,2.998070269302369e-30
20,139,1.1458134247133646e-30
20,140,4.392818464234146e-30
20,141,1.7006356477076075e-30
20,142,1.868582483421287e-30
20,143,2.5296054315152272e-30
20,144,3.89760716221516e-31
20,145,1.2972048323453323e-30
20,146,1.402940139919289e-30
20,147,3.951577049004482e-30
20,148,9.526967271901767e-31
20,149,1.4651389238500436e-30
21,22,5.309160803961622e-16
21,23,5.372925334687669e-31
21,24,1.512709856625738e-30
21,25,6.150970592705267e-31
21,26,8.021192820331926e-31
21,27,6.043643650338423e-31
21,28,7.86243063287313e-31
21,29,6.091068132426075e-31
21,30,3.327491804442616e-32
21,31,7.342331910732249e-31
21,32,3.2807877922807773e-31
21,33,1.7539645350024941e-31
21,34,9.235163294003125e-31
21,35,6.644715313906573e-31
21,36,2.3718653056589317e-30
21,37,9.061468531720536e-31
21,38,1.0701080245773904e-30
21,39,9.542248869883478e-31
21,40,8.870345606201472e-31
21,41,3.8124263467089355e-31
21,42,2.8071644522630393e-31
21,43,8.017904643515602e-31
21,44,7.634812048727443e-31
21,45,8.095796976097867e-31
21,46,4.113267339820807e-31
21,47,4.96948603496594e-31
21,48,1.2246133789142779e-30
21,49,5.434160092411013e-31
21,50,1.7556915176131086e-31
21,51,2.3941707944312048e-30
21,52,2.6814598188492832e-31
21,53,6.726522193332765e-31
21,54,7.539037484558192e-31
21,55,3.3841526285550044e-31
21,56,7.179812695823192e-31
21,57,9.884678620187503e-31
21,58,9.041569322539987e-31
21,59,7.17331409221431e-31
21,60,9.246754805167027e-31
21,61,1.479823905151513e-30
21,62,1.5057605812230623e-30
21,63,2.0572398863536706e-31
21,64,4.674428515357195e-31
21,65,4.452068575068866e-31
21,66,3.400815168771279e-31
21,67,5.511278920917846e-31
21,68,3.3647269893197467e-31
21,69,1.2646545853055024e-30
21,70,4.637893105861225e-31
21,71,1.2241674815557895e-30
21,72,6.437437061889935e-31
21,73,3.6951364258293236e-31
21,74,1.3555517698146928e-30
21,75,1.1670817657878401e-30
21,76,2.258077979068049e-31
21,77,4.769456506955581e-31
21,78,2.0288616682143828e-31
21,79,1.4095084290687994e-30
21,80,1.7150453112827043e-30
21,81,7.048291485500031e-31
21,82,1.643097530283914e-30
21,83,2.5490726750621576e-30
21,84,6.748338739755709e-31
21,85,2.8782589704072764e-31
21,86,5.973977608096613e-31
21,87,3.4581718203154783e-31
21,88,7.368646262469324e-31
21,89,3.327770851979885e-32
21,90,7.360199606396731e-31
21,91,2.9455703363062278e-31
21,92,3.9067448011892585e-31
21,93,7.933348976594818e-31
21,94,4.2956525721340764e-31
21,95,5.35909310607966e-31
21,96,1.0089933588019459e-30
21,97,2.9960735457817676e-31
21,98,3.88226078316255e-31
21,99,3.791054188991142e-31
21,100,4.548485577516408e-31
21,101,4.147158939216766e-31
21,102,9.623456656989459e-31
21,103,5.011283084651167e-31
21,104,4.337774289515789e-31
21,105,1.3378406030119602e-30
21,106,7.478206963367821e-31
21,107,3.3308497693360124e-16
21,108,1.031021778073994e-30
21,109,2.8664968849022284e-31
21,110,8.544377673811686e-31
21,111,7.252782384559211e-31
21,112,1.0936369170558175e-30
21,113,4.5698312487645575e-31
21,114,7.432401103948909e-31
21,115,1.0984735540067454e-30
21,116,5.475252482236555e-31
21,117,5.807329355127185e-31
21,118,4.527587687355678e-31
21,119,3.8110051881201843e-31
21,120,5.144331632223208e-31
21,121,5.7509994290593895e-31
21,122,1.5648528329363299e-30
21,123,4.703340066312835e-31
21,124,8.009124283140711e-31
21,125,3.503769221224802e-31
21,126,8.839801737519693e-31
21,127,4.9707645864712885e-31
21,128,8.817730054739762e-31
21,129,3.861643629386407e-31
21,130,4.520098162532278e-31
21,131,1.2686811827656734e-30
21,132,2.0467117210817274e-30
21,133,4.519696140287842e-31
21,134,1.2345467605840222e-30
21,135,4.637493649817415e-31
21,136,1.3071276689470755e-30
21,137,8.018523503698072e-31
21,138,7.931790333597164e-31
21,139,2.063712755381972e-31
21,140,1.6008667460441546e-30
21,141,1.0098112261784691e-30
21,142,4.6970032981446794e-31
21,143,7.830776554170135e-31
21,144,9.975244979358153e-32
21,145,2.6143459573447517e-31
21,146,4.987221700237935e-31
21,147,2.2857054170737087e-30
21,148,2.731533765889115e-31
21,149,5.980990920536623e-31
22,23,8.101585801848731e-16
22,24,1.6066988006110653e-15
22,25,1.3504306958671634e-15
22,26,1.4639092859082103e-15
22,27,8.914997784936538e-16
22,28,1.6598450733366223e-15
22,29,1.1610990315520312e-15
22,30,1.8600235573276663e-32
22,31,8.726745374189178e-16
22,32,4.611102534756202e-16
22,33,1.3597399555105175e-16
22,34,1.7547068812636546e-15
22,35,1.146314933572404e-15
22,36,3.4952814132018874e-15
22,37,1.1873621467522303e-15
22,38,2.3739847634888662e-15
22,39,1.738539140639308e-15
22,40,1.8947401648469327e-15
22,41,2.844100168142181e-16
22,42,6.20633538311818e-16
22,43,9.34812467495136e-16
22,44,8.400361489980551e-16
22,45,1.5388886830159658e-15
22,46,9.81307786677359e-16
22,47,2.435541875787127e-16
22,48,2.7375585377938906e-15
22,49,1.0138386515217635e-15
22,50,1.5700924586837744e-16
22,51,4.547466006793517e-15
22,52,5.649129063713845e-16
22,53,1.1418645157592723e-15
22,54,1.240199903981715e-15
22,55,9.820925191391732e-16
22,56,8.163159687020605e-16
22,57,1.6971944417402957e-15
22,58,1.5618918808444881e-15
22,59,1.69293369583432e-15
22,60,1.2186960232421414e-15
22,61,2.305555876452928e-15
22,62,2.3292627640436716e-15
22,63,4.453666041869144e-16
22,64,8.187894806610525e-16
22,65,9.360050917071724e-16
22,66,1.016399932196629e-15
22,67,9.174047011527796e-16
22,68,6.967717185661058e-16
22,69,2.320302728492735e-15
22,70,9.930197221548102e-16
22,71,1.7664903035095932e-15
22,72,1.155950791546948e-15
22,73,9.062099802400748e-16
22,74,2.314017083221725e-15
22,75,2.058035019858007e-15
22,76,4.528924144620225e-16
22,77,6.460628198537066e-16
22,78,2.0014830212433585e-16
22,79,3.2121300094495538e-15
22,80,3.299247070632576e-15
22,81,1.22061435555132e-15
22,82,3.0871216181184686e-15
22,83,3.041507824685997e-15
22,84,1.4017950390566499e-15
22,85,5.149762648337514e-16
22,86,1.1193163949041862e-15
22,87,8.3209605940021315e-16
22,88,1.1700134577278262e-15
22,89,1.8601795411808015e-32
22,90,1.5839535784085492e-15
22,91,4.652682298944612e-16
22,92,6.772534631273381e-16
22,93,1.2971092472944166e-15
22,94,5.327154750009228e-16
22,95,7.385278330912549e-16
22,96,1.8034350785092013e-15
22,97,6.359601310784499e-16
22,98,7.109594384843398e-16
22,99,5.710402989059544e-16
22,100,5.578801654593725e-16
22,101,3.9154057717332914e-16
22,102,1.4234883360036426e-15
22,103,9.438936339829478e-16
22,104,8.679998814771152e-16
22,105,2.5348910561311242e-15
22,106,9.143177651949684e-16
22,107,2.005457631645739e-15
22,108,7.862719072612869e-16
22,109,5.855147881677114e-16
22,110,7.719987244524228e-16
22,111,1.2475785833440294e-15
22,112,1.7346480138642642e-15
22,113,8.430184971523708e-16
22,114,1.5935038036476414e-15
22,115,1.7322931606972186e-15
22,116,5.869035422437755e-16
22,117,7.832348533715441e-16
22,118,9.375470263503232e-16
22,119,1.91956088625559e-16
22,120,6.137686022615876e-16
22,121,1.1504342909453396e-15
22,122,2.9844605367830914e-15
22,123,3.682193206295147e-16
22,124,1.944673761533994e-15
22,125,4.140142087543179e-16
22,126,1.7662628678921898e-15
22,127,4.518280359883025e-16
22,128,1.6171949719332496e-15
22,129,8.165813462206142e-16
22,130,6.620737537031162e-16
22,131,1.95377616374653e-15
22,132,3.667601750904689e-15
22,133,4.646469054731871e-16
22,134,2.390386448128231e-15
22,135,6.938893903907224e-16
22,136,2.394361464560359e-15
22,137,6.663602164422887e-16
22,138,1.6937191884214276e-15
22,139,5.551115123125782e-16
22,140,2.7358481176335743e-15
22,141,1.2252878389193097e-15
22,142,8.919044312851522e-16
22,143,1.4956656640621196e-15
22,144,1.4946834900704536e-16
22,145,6.626916142285938e-16
22,146,6.775999547977529e-16
22,147,2.94693116737241e-15
22,148,3.6506759942727956e-16
22,149,9.864950080455903e-16
23,24,6.580046762794654e-16
23,25,1.1802903112767711e-30
23,26,1.1687077754509106e-30
23,27,7.338187872020387e-16
23,28,1.3768970443790013e-30
23,29,1.2659691273412485e-30
23,30,9.142751081064925e-32
23,31,1.364745766917045e-30
23,32,1.1991293322865603e-30
23,33,3.823999728826148e-31
23,34,1.4011222050329656e-30
23,35,9.112006785208293e-31
23,36,2.2592067809698016e-16
23,37,1.3278470577429708e-30
23,38,2.006627771569362e-30
23,39,1.4038464336375459e-30
23,40,1.8280084148850187e-30
23,41,7.227876582323882e-31
23,42,5.151117749650806e-31
23,43,2.1789973630036053e-30
23,44,1.2283445424692602e-30
23,45,1.2374257134295822e-30
23,46,9.255383690433875e-31
23,47,1.5212968820700107e-30
23,48,2.2692412172661756e-30
23,49,8.7235716581599e-31
23,50,3.2729619671240924e-31
23,51,3.78255997190624e-30
23,52,7.220576954707325e-31
23,53,9.64141474648946e-31
23,54,1.0544112966927658e-30
23,55,1.2960795475871996e-30
23,56,1.1270069191273913e-30
23,57,1.4090851132113515e-30
23,58,1.2867284092321621e-30
23,59,1.5030565780122276e-30
23,60,1.4687330947675574e-30
23,61,1.8779642359562615e-30
23,62,2.420739848589434e-30
23,63,5.043088652013225e-31
23,64,5.702768528371774e-31
23,65,1.4458846610085176e-30
23,66,1.712100867358618e-30
23,67,8.16475657855063e-31
23,68,5.738613585586059e-31
23,69,1.9931539144457904e-30
23,70,8.432596343736997e-31
23,71,2.0736055301694534e-30
23,72,9.91805938760999e-31
23,73,1.2278616693568643e-30
23,74,1.8972800023440034e-30
23,75,1.7581368051825632e-30
23,76,5.574379448976983e-31
23,77,9.830204375971571e-31
23,78,8.122416768649106e-31
23,79,4.823404785853845e-16
23,80,2.601717893967742e-30
23,81,1.2130899116179348e-30
23,82,2.5740301085094973e-30
23,83,5.12727449439619e-16
23,84,1.223453113180672e-30
23,85,4.285423795666174e-31
23,86,8.603185124243e-31
23,87,1.142649530522532e-30
23,88,1.0626126726149094e-30
23,89,9.143517803365977e-32
23,90,1.3421129756249172e-30
23,91,5.787148898726283e-31
23,92,7.734737412368271e-31
23,93,1.0906227323208529e-30
23,94,9.482028077076863e-31
23,95,1.820054808061024e-16
23,96,1.5179841308809668e-30
23,97,5.095865732369852e-31
23,98,6.388367123817436e-31
23,99,7.207854898652557e-31
23,100,8.516688661575252e-31
23,101,8.898961873321453e-31
23,102,2.3009765003997056e-30
23,103,7.982055317784454e-31
23,104,7.955180127593278e-31
23,105,2.009201559143754e-30
23,106,1.221728496699226e-30
23,107,9.151977561237836e-16
23,108,2.7332913840802448e-30
23,109,1.3306883511533861e-30
23,110,1.6411153526703075e-30
23,111,1.0256001945912132e-30
23,112,1.6831137423672013e-30
23,113,6.557207080906559e-31
23,114,1.4493264256708927e-30
23,115,1.536268631094792e-30
23,116,1.0700305992582721e-30
23,117,1.4939553534321008e-30
23,118,9.520742530709938e-31
23,119,9.746348684462223e-31
23,120,1.0828364994258112e-30
23,121,8.985943022706992e-31
23,122,2.3844597961551954e-30
23,123,1.6766620726975265e-30
23,124,2.758272491927695e-30
23,125,1.1410304954298791e-30
23,126,1.561473843850704e-30
23,127,1.0496635739603297e-30
23,128,1.3534242116148586e-30
23,129,8.413794717130449e-31
23,130,8.517722665995956e-31
23,131,1.8572840692905415e-30
23,132,3.176314308554736e-30
23,133,1.1783078676665665e-30
23,134,1.9145549038270826e-30
23,135,1.1567750602112158e-30
23,136,1.919845672393302e-30
23,137,1.863406977598983e-30
23,138,1.429465883726764e-30
23,139,6.057726012468473e-31
23,140,3.35232643315317e-30
23,141,1.6155661347422502e-30
23,142,1.3098045477398096e-30
23,143,1.1479442194649952e-30
23,144,3.21882346647018e-31
23,145,6.490795463246463e-31
23,146,1.1581073454058533e-30
23,147,3.33297613624096e-30
23,148,2.850863792837908e-16
23,149,8.459493289320749e-31
24,25,3.4583269010671513e-16
24,26,3.557156130200656e-16
24,27,6.674907214825656e-16
24,28,3.4170089680666127e-16
24,29,3.7700614039532274e-16
24,30,2.7950683601847616e-31
24,31,3.5982028918813364e-16
24,32,3.4187236250063085e-30
24,33,1.1467434760463686e-30
24,34,3.019016969447602e-16
24,35,3.354616133970875e-16
24,36,8.466872347859893e-16
24,37,6.437857749532323e-16
24,38,6.423387590484569e-16
24,39,3.768145235390338e-16
24,40,3.399892059552404e-16
24,41,2.2862694735816654e-30
24,42,7.944250427644106e-31
24,43,1.1099362082837632e-15
24,44,3.9395569054604944e-30
24,45,2.4531621338062727e-16
24,46,2.1510571102112438e-16
24,47,3.6926391654562744e-16
24,48,3.5762240613454975e-16
24,49,4.1563916563713716e-16
24,50,1.0429811256493271e-30
24,51,3.97944204226222e-16
24,52,4.2841699744536696e-16
24,53,2.2185119326075274e-30
24,54,2.523948140833048e-16
24,55,4.079219866531551e-16
24,56,3.508725908495523e-30
24,57,3.8056527931213075e-16
24,58,4.775375822671977e-16
24,59,2.8066088919804627e-16
24,60,6.83932192917242e-16
24,61,2.359306830368851e-16
24,62,1.1113933461348191e-15
24,63,9.982069925793169e-31
24,64,3.295791996826261e-16
24,65,4.339028567847937e-16
24,66,4.941739743737037e-16
24,67,1.3877787807814395e-16
24,68,2.786810452962585e-16
24,69,3.733526335658592e-16
24,70,4.1284960951691673e-16
24,71,1.0666912746147954e-15
24,72,2.5362582704159633e-16
24,73,1.5959455978986638e-16
24,74,4.870245167884537e-16
24,75,7.678067178508748e-16
24,76,3.0436364816617934e-16
24,77,5.716023627015225e-16
24,78,1.4543712358124623e-30
24,79,6.254475064532419e-16
24,80,5.577039659947595e-16
24,81,1.1857187100668858e-15
24,82,5.337549613806462e-16
24,83,1.101225113884361e-15
24,84,4.832476774143306e-16
24,85,9.258168596603372e-31
24,86,1.5794841712861512e-30
24,87,4.103345286324968e-16
24,88,3.377195277978255e-30
24,89,2.795302758040037e-31
24,90,4.390735558345111e-16
24,91,4.390735558345122e-16
24,92,5.592593521511166e-16
24,93,2.456232263626697e-30
24,94,3.212940164695818e-16
24,95,8.387311764276685e-16
24,96,2.380556418436551e-16
24,97,8.799781508660232e-31
24,98,1.5665265099551637e-30
24,99,3.334292404036241e-16
24,100,2.5970871125552212e-30
24,101,1.1527756336890536e-16
24,102,7.23918210110727e-16
24,103,1.6241824847385883e-30
24,104,4.731185980136549e-16
24,105,5.5511151231255806e-17
24,106,3.4885722760207e-30
24,107,3.4168648609029396e-15
24,108,6.001438915428601e-16
24,109,5.026748538604298e-16
24,110,2.486425215670376e-16
24,111,2.231396484940796e-30
24,112,6.67902330710632e-16
24,113,1.6897310858696034e-16
24,114,3.640770913178289e-16
24,115,1.359739955510517e-16
24,116,7.800336062927514e-16
24,117,4.912423251631724e-16
24,118,2.884444029575339e-16
24,119,2.2247786310271853e-16
24,120,4.903103153189172e-16
24,121,1.2996817064541462e-30
24,122,5.179594976956591e-16
24,123,1.6653345369377294e-16
24,124,1.360182507175781e-16
24,125,3.896916423467836e-16
24,126,7.436364898819474e-16
24,127,2.937374022976104e-16
24,128,5.251601356122252e-16
24,129,2.636779683484748e-16
24,130,1.2719202621568986e-16
24,131,4.846718030710635e-30
24,132,1.0073099205739399e-15
24,133,1.2412670766236304e-16
24,134,7.300436454094439e-16
24,135,3.2009291313835937e-16
24,136,2.82115322079115e-16
24,137,8.220206138538117e-16
24,138,6.840443823693251e-16
24,139,1.331652672266414e-30
24,140,1.711555308409326e-15
24,141,8.418682910850733e-16
24,142,8.902150994755917e-16
24,143,1.2269879532935529e-15
24,144,8.538729533739321e-31
24,145,1.3654727729042723e-30
24,146,5.497075661425427e-16
24,147,9.783859236865595e-30
24,148,6.479604369685066e-16
24,149,4.949528148480983e-16
25,26,2.0848898293541097e-30
25,27,3.275275528903922e-16
25,28,2.344128460513792e-30
25,29,1.8391900089818966e-30
25,30,6.783350612324589e-32
25,31,1.2117185456413483e-30
25,32,1.2516195214713077e-30
25,33,2.411746177775342e-31
25,34,2.4904237633597674e-30
25,35,1.5298582721063489e-30
25,36,6.724649457469924e-16
25,37,1.2974649301310834e-30
25,38,3.61384468146998e-30
25,39,2.3530381888870915e-30
25,40,3.068978752580493e-30
25,41,4.008208728241438e-31
25,42,9.535348588634398e-31
25,43,2.289678666431673e-30
25,44,8.685678285341212e-31
25,45,2.1407080902027165e-30
25,46,1.548454706521848e-30
25,47,1.3007742083376151e-30
25,48,4.113964116550901e-30
25,49,1.5579462769644738e-30
25,50,1.8046298962010839e-31
25,51,6.499661032536452e-30
25,52,1.0510460501853496e-30
25,53,1.4573199967641062e-30
25,54,1.6615146445479614e-30
25,55,1.957714145506818e-30
25,56,8.791811748944216e-31
25,57,2.29546365067752e-30
25,58,2.1469994603721987e-30
25,59,2.6190795352626967e-30
25,60,1.3518749041270366e-30
25,61,3.2616542475560885e-30
25,62,2.7931716095815532e-30
25,63,6.714351433804497e-31
25,64,1.202946285854421e-30
25,65,1.7453407089500468e-30
25,66,2.1781287989201278e-30
25,67,1.2060882180937208e-30
25,68,1.0048615126211532e-30
25,69,2.821125474990208e-30
25,70,1.5024771646984761e-30
25,71,2.2852711402598206e-30
25,72,1.6440494599432486e-30
25,73,1.7039592149603992e-30
25,74,3.039777096401958e-30
25,75,2.819719913329867e-30
25,76,7.748261804076972e-31
25,77,9.05477593962212e-31
25,78,6.434939237146309e-31
25,79,5.169359532705464e-16
25,80,4.719110699225948e-30
25,81,1.5897871862486466e-30
25,82,4.142738797044837e-30
25,83,5.145202696864124e-16
25,84,2.0550501476392365e-30
25,85,6.735398218973139e-31
25,86,1.5990094394824455e-30
25,87,1.529573994339204e-30
25,88,1.6077902940093292e-30
25,89,6.783919472413222e-32
25,90,2.3355068426718562e-30
25,91,7.248870016978785e-31
25,92,1.0035131044671455e-30
25,93,1.7710773190906043e-30
25,94,8.779325710028034e-31
25,95,1.1857187100668863e-16
25,96,2.3114912473214943e-30
25,97,1.0300574304115608e-30
25,98,9.521552057640291e-31
25,99,7.847803971533907e-31
25,100,7.379532107525233e-31
25,101,5.942378439446509e-31
25,102,2.6089225292928005e-30
25,103,1.2572203248823056e-30
25,104,1.3492377796420614e-30
25,105,3.562932225492455e-30
25,106,1.095148640578009e-30
25,107,6.790196084696685e-16
25,108,2.1885243497800886e-30
25,109,1.0047938441309875e-30
25,110,9.621701025322932e-31
25,111,1.6455117162319834e-30
25,112,2.3572272928140854e-30
25,113,1.2001898670020248e-30
25,114,2.612378383344247e-30
25,115,2.1663071108206893e-30
25,116,7.276307026366691e-31
25,117,1.589118664331904e-30
25,118,1.5014990312480442e-30
25,119,6.470761708388038e-31
25,120,8.989207874969829e-31
25,121,1.7262042557369997e-30
25,122,4.103050542173253e-30
25,123,1.5757689704440193e-30
25,124,3.7818408575884956e-30
25,125,1.0532223014454817e-30
25,126,2.468714002994727e-30
25,127,7.343926545949633e-31
25,128,2.254722119854479e-30
25,129,1.2792837144108475e-30
25,130,1.0855331516673403e-30
25,131,2.3957256990386966e-30
25,132,5.068989679586247e-30
25,133,1.0632966545503944e-30
25,134,3.2724024491005225e-30
25,135,1.2503147734045593e-30
25,136,3.2726605606808275e-30
25,137,1.4538818157111275e-30
25,138,2.5272831228456126e-30
25,139,9.673945216317808e-31
25,140,4.9332120254005044e-30
25,141,1.2817262379916617e-30
25,142,1.664272439016351e-30
25,143,2.092837086391181e-30
25,144,3.3270666592833927e-31
25,145,1.1363030763552994e-30
25,146,1.1585909293856592e-30
25,147,3.2679145014849325e-30
25,148,9.16627324090781e-31
25,149,1.3834465086359592e-30
26,27,5.662749647834296e-16
26,28,2.4242118630191978e-30
26,29,1.7304985617779257e-30
26,30,6.725013425167941e-32
26,31,1.3665130760786102e-30
26,32,1.0270784192517138e-30
26,33,3.009086806311895e-31
26,34,2.606342748816975e-30
26,35,1.6614092948253944e-30
26,36,2.6221307941181063e-16
26,37,1.923420433162583e-30
26,38,3.533506753165866e-30
26,39,2.5395390971806688e-30
26,40,2.8633198553668928e-30
26,41,6.377226508845504e-31
26,42,9.336258878731214e-31
26,43,1.6896151886171118e-30
26,44,1.3896735224370174e-30
26,45,2.274854556446297e-30
26,46,1.458026731856259e-30
26,47,1.296504599480308e-30
26,48,4.063195218903483e-30
26,49,1.5275172239663132e-30
26,50,2.955831219741404e-31
26,51,6.687704243417225e-30
26,52,8.792722642522697e-31
26,53,1.6808489360859226e-30
26,54,1.849179683493419e-30
26,55,1.648366347594344e-30
26,56,1.3297594974637909e-30
26,57,2.493549413513847e-30
26,58,2.3921805864591792e-30
26,59,2.531647740839913e-30
26,60,1.8657681489198134e-30
26,61,3.606183778836444e-30
26,62,3.372566121402731e-30
26,63,6.769543984953676e-31
26,64,1.3003752919038465e-30
26,65,1.5396470965497289e-30
26,66,1.852619405142353e-30
26,67,1.3413065232234111e-30
26,68,1.021560703407215e-30
26,69,3.315139970105315e-30
26,70,1.4583133626955314e-30
26,71,2.694953579543205e-30
26,72,1.7016775414226793e-30
26,73,1.4799760653460512e-30
26,74,3.437664499063541e-30
26,75,2.9805109104997326e-30
26,76,7.0141759473715255e-31
26,77,9.988524975173825e-31
26,78,8.780800387100619e-31
26,79,6.114106657603897e-16
26,80,4.887439810368105e-30
26,81,1.7841717522973667e-30
26,82,4.48321703063187e-30
26,83,7.553600354048857e-16
26,84,2.0470151981577858e-30
26,85,7.492145615776589e-31
26,86,1.7056415509765095e-30
26,87,1.326153988283045e-30
26,88,1.7207012655965374e-30
26,89,6.725577393028625e-32
26,90,2.3360192916806532e-30
26,91,7.551322511227237e-31
26,92,9.714874575920758e-31
26,93,2.017741780387529e-30
26,94,1.0233520251892984e-30
26,95,4.9080125903804455e-16
26,96,2.6251089179657986e-30
26,97,1.03137365504844e-30
26,98,1.0295191799725032e-30
26,99,7.941436335889326e-31
26,100,8.336581284220637e-31
26,101,7.366583250734396e-31
26,102,2.1698510511714383e-30
26,103,1.3704042993748417e-30
26,104,1.2944649986071595e-30
26,105,3.803602615835369e-30
26,106,1.4814269203894845e-30
26,107,6.731800026102358e-16
26,108,2.0015336275990254e-30
26,109,1.1848951920391372e-30
26,110,1.4897784509117734e-30
26,111,1.8559536310242866e-30
26,112,2.5541993199354063e-30
26,113,1.2837839855235065e-30
26,114,2.454367979911767e-30
26,115,2.5831614666111337e-30
26,116,1.0285423468636862e-30
26,117,1.2223091048412959e-30
26,118,1.4396845830653345e-30
26,119,8.562615507261981e-31
26,120,1.2582601965028026e-30
26,121,1.7779167967973635e-30
26,122,4.4262462029633226e-30
26,123,1.3237902886283526e-30
26,124,3.277943910637188e-30
26,125,1.084009572327759e-30
26,126,2.600785144021955e-30
26,127,8.684701539179819e-31
26,128,2.392111559284077e-30
26,129,1.3024266915892037e-30
26,130,1.1116016726044797e-30
26,131,2.8436622434452082e-30
26,132,5.358144620360055e-30
26,133,9.573036852049648e-31
26,134,3.516669816303023e-30
26,135,1.0577670968423751e-30
26,136,3.517045117341872e-30
26,137,1.4072778625412666e-30
26,138,2.5549921324004468e-30
26,139,8.646838731023826e-31
26,140,4.129592402037097e-30
26,141,1.881335291011622e-30
26,142,1.4125105434232058e-30
26,143,2.221985723740734e-30
26,144,2.7429329703380727e-31
26,145,1.0468686807756409e-30
26,146,9.994293080777578e-31
26,147,4.5766677044877115e-30
26,148,1.0199046508668409e-30
26,149,1.588352574849318e-30
27,28,5.424805109567603e-16
27,29,4.807907461532067e-16
27,30,2.318211392405221e-31
27,31,3.492657972349498e-16
27,32,3.219068234549483e-30
27,33,9.4039829678397e-31
27,34,2.256267643191393e-30
27,35,2.546574653579752e-16
27,36,1.265340606495321e-15
27,37,3.0720282638757214e-16
27,38,2.021827467159824e-16
27,39,3.0681687841347114e-16
27,40,2.2205144891194517e-16
27,41,1.5658632513936277e-30
27,42,1.0541837360348803e-30
27,43,3.9384374257530547e-16
27,44,2.0184676413501556e-30
27,45,2.751164241088098e-16
27,46,1.2794982158516683e-16
27,47,1.241267076623636e-16
27,48,1.7772239894833368e-16
27,49,3.391550765188804e-16
27,50,7.1688486300277955e-31
27,51,3.1896277104429728e-16
27,52,4.853879041646188e-16
27,53,8.0568963056362e-31
27,54,4.1917179800038743e-16
27,55,9.515144070671967e-16
27,56,1.9476973540660935e-30
27,57,5.113169173326528e-16
27,58,4.1354876261643706e-16
27,59,1.9784975643065755e-16
27,60,4.3928254305285916e-16
27,61,1.9610571284898967e-15
27,62,3.780901349177762e-16
27,63,1.195916777143141e-30
27,64,2.4883457901194004e-16
27,65,9.590306991980371e-16
27,66,2.5673907444456725e-16
27,67,1.112389315513592e-16
27,68,1.0438888421716324e-30
27,69,3.1155556357914233e-16
27,70,3.92523114670946e-17
27,71,5.786596538173594e-16
27,72,5.014791239462532e-16
27,73,3.371411495605932e-30
27,74,2.450645548699164e-16
27,75,7.696856831808121e-16
27,76,2.498257784470676e-16
27,77,2.456716954568017e-16
27,78,1.884189119476998e-30
27,79,8.987055092439082e-16
27,80,6.622282728781101e-16
27,81,1.2783298894265112e-30
27,82,2.4394924734781585e-16
27,83,6.779569867425485e-16
27,84,1.0020877571368215e-15
27,85,4.904596077033804e-31
27,86,1.3804386450600345e-30
27,87,6.574052698191838e-16
27,88,2.5786837896642864e-30
27,89,2.3184058004512623e-31
27,90,1.144391699630558e-16
27,91,1.4202780548489517e-30
27,92,2.1240270466091309e-16
27,93,1.376781749253127e-30
27,94,9.81191249457883e-16
27,95,1.6379985828341718e-15
27,96,2.754662226278517e-16
27,97,9.34520165029537e-31
27,98,1.0803423294851682e-30
27,99,9.975114864976246e-31
27,100,2.071671483286179e-30
27,101,5.855147881677117e-16
27,102,9.47768834222966e-16
27,103,9.74695091225666e-31
27,104,5.394962120877221e-16
27,105,2.4168221590632245e-30
27,106,2.683266996586348e-30
27,107,2.454827910478626e-15
27,108,1.1764559021379079e-15
27,109,1.510321630028598e-15
27,110,3.603987698123886e-30
27,111,8.639176527673196e-31
27,112,7.219201340961051e-16
27,113,1.1610990315520311e-16
27,114,6.445799208128411e-16
27,115,1.2666704747668082e-30
27,116,7.861953882760656e-16
27,117,1.1449174941446902e-16
27,118,2.6766507790745693e-16
27,119,2.6292372508407353e-30
27,120,2.5589376332604487e-16
27,121,1.734790188423452e-30
27,122,5.225867067904706e-16
27,123,4.351199761334312e-30
27,124,7.850462293418873e-17
27,125,5.398642291322428e-16
27,126,5.902547983198873e-16
27,127,1.2412670766236378e-16
27,128,2.5739461938222536e-16
27,129,8.943168460708904e-16
27,130,2.214458469756768e-30
27,131,1.8276478318911848e-30
27,132,1.2500076003543011e-15
27,133,2.977704873413601e-30
27,134,1.2694730220585224e-15
27,135,3.0602169210521825e-30
27,136,2.2761264355043356e-16
27,137,1.2982826256795672e-15
27,138,3.8857805861880513e-16
27,139,1.5709007441650236e-30
27,140,8.899385042690538e-16
27,141,9.528291430178563e-16
27,142,1.137484616002735e-15
27,143,3.20712793777284e-16
27,144,8.719780547195528e-31
27,145,1.6267291481000258e-30
27,146,2.870689219291838e-30
27,147,4.255951335113437e-30
27,148,5.218491105064761e-16
27,149,6.317220235026681e-31
28,29,2.1321380208889412e-30
28,30,3.9422030518872353e-32
28,31,1.368969437551368e-30
28,32,1.1307127261657297e-30
28,33,2.0974134187909762e-31
28,34,2.9057437801534956e-30
28,35,1.9673476725821407e-30
28,36,3.969153984443085e-16
28,37,1.825807903597116e-30
28,38,4.1870031495854616e-30
28,39,2.893858354427491e-30
28,40,3.51028724134252e-30
28,41,2.8261970722202555e-31
28,42,1.0842474401479553e-30
28,43,1.967869396122618e-30
28,44,1.1619597325829414e-30
28,45,2.5815401425446885e-30
28,46,1.8404757148340258e-30
28,47,9.002076437846014e-31
28,48,4.8066987208691675e-30
28,49,1.7341716285435888e-30
28,50,2.009782134743371e-31
28,51,7.652484158372035e-30
28,52,1.1007127730749159e-30
28,53,1.830393207090749e-30
28,54,2.083555150906064e-30
28,55,1.9882886546249696e-30
28,56,1.0994128797090131e-30
28,57,2.772153836428921e-30
28,58,2.6183775557742727e-30
28,59,3.0871173682724887e-30
28,60,1.8065109708150295e-30
28,61,3.774514949101941e-30
28,62,3.4675480539602394e-30
28,63,9.090615887626026e-31
28,64,1.4103507612702025e-30
28,65,2.0648592683007188e-30
28,66,2.243057145636684e-30
28,67,1.4912357891350327e-30
28,68,1.2039362012816486e-30
28,69,3.871481527737099e-30
28,70,1.749479255048538e-30
28,71,2.936850233487257e-30
28,72,1.9744119647710528e-30
28,73,1.8077070433430775e-30
28,74,3.720092653042048e-30
28,75,3.329553510853648e-30
28,76,8.346683282948871e-31
28,77,1.2270627535251193e-30
28,78,7.797497790609521e-31
28,79,3.0954122027550634e-16
28,80,5.541519116340887e-30
28,81,1.9536231039514576e-30
28,82,5.118045865893848e-30
28,83,4.164239746139777e-16
28,84,2.460198853920598e-30
28,85,8.543165812778261e-31
28,86,1.832983629228449e-30
28,87,1.645625425658088e-30
28,88,1.949305065124003e-30
28,89,3.9425336498624356e-32
28,90,2.7649226101471794e-30
28,91,7.266959646268276e-31
28,92,1.1576153632498647e-30
28,93,1.9672307807368533e-30
28,94,8.805809999082471e-31
28,95,4.45530216889988e-16
28,96,3.0462862764298176e-30
28,97,1.0424472905888054e-30
28,98,1.2532531288458336e-30
28,99,9.60531298898642e-31
28,100,9.304708847025593e-31
28,101,5.703457828573947e-31
28,102,2.6763725783234595e-30
28,103,1.591551624608669e-30
28,104,1.5435199118665337e-30
28,105,4.115962213509587e-30
28,106,1.3282504269885253e-30
28,107,3.946181357538687e-16
28,108,1.898143861496697e-30
28,109,1.1881946469503681e-30
28,110,1.0878568410865806e-30
28,111,1.9751849562556414e-30
28,112,2.968277504688844e-30
28,113,1.3887486870655802e-30
28,114,2.8450368649982754e-30
28,115,2.6451370474175655e-30
28,116,1.0277973016586128e-30
28,117,1.5207460125532491e-30
28,118,1.6371397406855866e-30
28,119,5.513305294719378e-31
28,120,1.0841993530582583e-30
28,121,1.9054834843261107e-30
28,122,4.9976954802593806e-30
28,123,1.2018230616111025e-30
28,124,3.8682606112976445e-30
28,125,1.127452877568875e-30
28,126,3.0019088016766597e-30
28,127,7.272714100045671e-31
28,128,2.6030269910577427e-30
28,129,1.6461540606262857e-30
28,130,1.0530934673154805e-30
28,131,3.00254992667439e-30
28,132,6.031007519099404e-30
28,133,9.28978218449602e-31
28,134,4.025888930190588e-30
28,135,1.3854901165300587e-30
28,136,3.952295342359097e-30
28,137,1.2796226495109298e-30
28,138,3.0164777747689524e-30
28,139,1.068302199168683e-30
28,140,4.4321250540740875e-30
28,141,1.8760573243077143e-30
28,142,1.7637713983004494e-30
28,143,2.612461895513993e-30
28,144,3.2278971193771164e-31
28,145,1.2078612452263203e-30
28,146,1.378807868093903e-30
28,147,4.1617138324907706e-30
28,148,8.42956032301348e-31
28,149,1.4457021911975753e-30
29,30,1.3233936535226382e-31
29,31,1.84372054078048e-30
29,32,1.898748161735096e-30
29,33,5.344171195756834e-31
29,34,2.1420642895747552e-30
29,35,1.4284736870466553e-30
29,36,4.951473335488091e-16
29,37,1.470918930929974e-30
29,38,3.327920419525571e-30
29,39,2.0615777041366646e-30
29,40,3.193104159896487e-30
29,41,9.144595566687767e-31
29,42,8.776169311914774e-31
29,43,3.4169017791774046e-30
29,44,1.3326658182014416e-30
29,45,1.8910688446842927e-30
29,46,1.5948814759992025e-30
29,47,2.238194429879065e-30
29,48,3.707644404397126e-30
29,49,1.531948922359111e-30
29,50,4.1430971042914075e-31
29,51,5.502205350305346e-30
29,52,1.2078683530167955e-30
29,53,1.2522555104961558e-30
29,54,1.3492317073157254e-30
29,55,2.2070227841548473e-30
29,56,1.2811561091196583e-30
29,57,1.9262397634409336e-30
29,58,1.6756315976782794e-30
29,59,2.5005338174048443e-30
29,60,1.583473465145332e-30
29,61,2.7016178229577054e-30
29,62,2.7724989497997906e-30
29,63,7.801199916172317e-31
29,64,1.0202633631632476e-30
29,65,2.348408032745359e-30
29,66,2.8717032128530457e-30
29,67,1.0298958337626768e-30
29,68,9.130115342871204e-31
29,69,2.8680640565691606e-30
29,70,1.3744653620153688e-30
29,71,2.3902330807448504e-30
29,72,1.59358099812275e-30
29,73,2.0793957250881454e-30
29,74,2.6344284731519322e-30
29,75,2.384005149912745e-30
29,76,8.859855630981626e-31
29,77,1.2867891299912927e-30
29,78,1.0674682076003438e-30
29,79,4.769196226117481e-16
29,80,3.978274881312109e-30
29,81,1.356745305373663e-30
29,82,3.5151842973408206e-30
29,83,3.7134530606231117e-16
29,84,1.9407050900673925e-30
29,85,5.84247698636135e-31
29,86,1.3281287917877305e-30
29,87,1.8371634980529422e-30
29,88,1.5661171224186104e-30
29,89,1.323504634934932e-31
29,90,2.1323423194404156e-30
29,91,7.380787369887278e-31
29,92,9.720026132586226e-31
29,93,1.4598758358376814e-30
29,94,1.1980378985554834e-30
29,95,3.9842788013154634e-16
29,96,2.0230751525022684e-30
29,97,8.634954873879903e-31
29,98,8.723937817175806e-31
29,99,7.357307127451277e-31
29,100,1.1876889760999932e-30
29,101,1.0289076777353844e-30
29,102,3.501968192181894e-30
29,103,1.1032844796527842e-30
29,104,1.320867816428539e-30
29,105,2.9895785918623044e-30
29,106,1.5701585659641964e-30
29,107,1.3247291667830245e-15
29,108,4.0693075420272336e-30
29,109,1.118022609248377e-30
29,110,2.0427085736212217e-30
29,111,1.3890221975573034e-30
29,112,2.5992305992542404e-30
29,113,9.960364037827474e-31
29,114,2.6375100118110065e-30
29,115,1.9114515956648426e-30
29,116,1.4780822127952243e-30
29,117,2.156380948743805e-30
29,118,1.542366508086763e-30
29,119,1.4220269872045556e-30
29,120,1.5618491592996334e-30
29,121,1.4769440734721318e-30
29,122,3.539558286189939e-30
29,123,2.5617561973808453e-30
29,124,4.660566833008787e-30
29,125,1.747605837463444e-30
29,126,2.2636555335373708e-30
29,127,1.475956779976061e-30
29,128,1.9771819440979565e-30
29,129,1.3404264872592545e-30
29,130,1.2724403782327478e-30
29,131,2.192558441912791e-30
29,132,4.16259128400801e-30
29,133,1.7287317929243253e-30
29,134,2.916440682304277e-30
29,135,1.8105721086680687e-30
29,136,2.818361072458189e-30
29,137,2.6397875546100536e-30
29,138,2.2541285155991093e-30
29,139,1.0608671688691185e-30
29,140,3.004829794261838e-30
29,141,1.785235400420264e-30
29,142,2.003630695229141e-30
29,143,1.8523244789012643e-30
29,144,5.064735145754031e-31
29,145,1.1480614132802531e-30
29,146,1.754787412385587e-30
29,147,3.715299577231972e-30
29,148,6.72039688415995e-16
29,149,1.1294368706796179e-30
30,31,1.4244165976217858e-31
30,32,1.304081545336817e-31
30,33,4.037198639234167e-32
30,34,7.556087360622296e-32
30,35,7.395153244068418e-32
30,36,1.8093715831555002e-31
30,37,1.107803270288185e-31
30,38,1.2102914177946423e-31
30,39,7.319310212394674e-32
30,40,1.766057602769912e-31
30,41,7.293991199152588e-32
30,42,3.373207408072726e-32
30,43,2.3006131210736896e-31
30,44,1.0496276989967303e-31
30,45,6.841980489201608e-32
30,46,7.30485295059834e-32
30,47,1.6688588574711478e-31
30,48,9.91334198376957e-32
30,49,8.925744675487392e-32
30,50,3.3273112911485116e-32
30,51,1.979757985051209e-31
30,52,7.065097618659792e-32
30,53,2.541275975394883e-32
30,54,6.249482321631741e-32
30,55,1.2998002902417117e-31
30,56,9.799262846009865e-32
30,57,7.808161390656708e-32
30,58,5.81660227157328e-32
30,59,9.736541803341346e-32
30,60,1.3249177576074092e-31
30,61,1.419635481358196e-31
30,62,1.123245658058791e-31
30,63,3.9040806953283567e-32
30,64,5.675696958804091e-32
30,65,1.474670788324531e-31
30,66,1.761302523225288e-31
30,67,5.421081478871476e-32
30,68,2.605693186344032e-32
30,69,9.449019343877218e-32
30,70,4.968290474893675e-32
30,71,1.8854891407349527e-31
30,72,9.452070038966571e-32
30,73,1.2403256700705262e-31
30,74,1.0646276860063014e-31
30,75,7.122082988108929e-32
30,76,5.503770278883904e-32
30,77,1.0030309291795988e-31
30,78,5.972706555824743e-32
30,79,2.048211799620931e-31
30,80,1.0878443710535467e-31
30,81,3.233565346310429e-32
30,82,5.746372457130492e-32
30,83,3.2698581662563292e-31
30,84,6.669408647179777e-32
30,85,1.3863797046452127e-32
30,86,4.670570218769989e-32
30,87,1.0986908821368838e-31
30,88,1.105533404561947e-31
30,89,9.980684273643501e-33
30,90,6.521881431692546e-32
30,91,5.17994205072914e-32
30,92,5.85868463743272e-32
30,93,6.35318993848721e-32
30,94,8.031734495455371e-32
30,95,9.459946447768716e-32
30,96,3.847672023405213e-32
30,97,3.418487385898778e-32
30,98,3.656879959962476e-32
30,99,3.2638864623510626e-32
30,100,8.795593191448143e-32
30,101,8.296298176056677e-32
30,102,2.4617610681070906e-31
30,103,0.0
30,104,7.174180089398601e-32
30,105,5.634912979245508e-32
30,106,1.157938324338312e-31
30,107,9.989918593974719e-17
30,108,2.9675013502389005e-31
30,109,4.839562429875539e-32
30,110,1.6984285293011275e-31
30,111,3.333803612036415e-32
30,112,1.8111268037873334e-31
30,113,4.004334046802858e-32
30,114,1.4224291239856638e-31
30,115,6.207823784815058e-32
30,116,1.110313816561396e-31
30,117,1.503950429050136e-31
30,118,7.847447985293485e-32
30,119,1.0136761021386478e-31
30,120,1.1028310703554131e-31
30,121,5.461702628138711e-32
30,122,7.021434951763605e-32
30,123,1.8251834925907222e-31
30,124,2.864493313071178e-31
30,125,1.187116715480629e-31
30,126,7.43082466566545e-32
30,127,1.098246608982993e-31
30,128,6.931898523226065e-32
30,129,6.332356646639974e-32
30,130,9.361913269018145e-32
30,131,9.014666850245592e-32
30,132,1.4449808089465426e-31
30,133,1.2841798052134063e-31
30,134,6.46006391399185e-32
30,135,1.2424932612111687e-31
30,136,9.153059508031937e-32
30,137,2.034907964978783e-31
30,138,7.683549092319977e-32
30,139,5.573177438132282e-32
30,140,1.4362795047214654e-31
30,141,1.4650956002934084e-31
30,142,1.22822460388267e-31
30,143,6.73723837988392e-32
30,144,3.373207408072726e-32
30,145,5.743026679579236e-32
30,146,1.2275529191829103e-31
30,147,2.315638027389328e-31
30,148,9.018130904083954e-32
30,149,2.854730534799581e-32
31,32,1.8025555575090134e-30
31,33,6.055809068561731e-31
31,34,1.5362776403865378e-30
31,35,1.1889470986412384e-30
31,36,1.8882983100241887e-16
31,37,1.980773146568304e-30
31,38,2.0912104054579924e-30
31,39,1.5671476214048333e-30
31,40,2.4099108754932582e-30
31,41,1.1373726310645634e-30
31,42,5.527693508124365e-31
31,43,3.262911868479597e-30
31,44,1.7939879483968673e-30
31,45,1.352617697478514e-30
31,46,1.0614859526110954e-30
31,47,2.3217696986878265e-30
31,48,2.3595662623678255e-30
31,49,1.2566656139776616e-30
31,50,5.131162296416757e-31
31,51,4.0082461235430886e-30
31,52,9.829682853971552e-31
31,53,1.125589014650085e-30
31,54,1.289295366595053e-30
31,55,1.7803765054010104e-30
31,56,1.6979854239355907e-30
31,57,1.6929246770586e-30
31,58,1.538377551609387e-30
31,59,1.5853414201566e-30
31,60,2.1404035836680456e-30
31,61,2.7645636880555743e-30
31,62,2.690722571028899e-30
31,63,5.529569970998289e-31
31,64,9.085330617015033e-31
31,65,2.0462593781329828e-30
31,66,2.4026428074712116e-30
31,67,9.644258507964541e-31
31,68,5.827048704056388e-31
31,69,2.02777697690753e-30
31,70,8.57175138765672e-31
31,71,2.8888623409029426e-30
31,72,1.3480141440163268e-30
31,73,1.7158261716849086e-30
31,74,2.3729054187258384e-30
31,75,1.9632530601547973e-30
31,76,7.571546945674805e-31
31,77,1.4058462994516177e-30
31,78,9.785743640676013e-31
31,79,3.5787475644665313e-16
31,80,2.81565617472414e-30
31,81,1.1635898527599369e-30
31,82,2.700590505463244e-30
31,83,2.5626980138831375e-16
31,84,1.1684714620445797e-30
31,85,4.7196585299514635e-31
31,86,1.0198327591847148e-30
31,87,1.486895779328106e-30
31,88,1.656540338418087e-30
31,89,1.4245360509418753e-31
31,90,1.3382852771288656e-30
31,91,7.924216804073326e-31
31,92,7.945566590400697e-31
31,93,1.4696183867325745e-30
31,94,1.2932467020725592e-30
31,95,2.807466539582118e-16
31,96,1.6439565406427276e-30
31,97,5.650408430910256e-31
31,98,6.301066276903929e-31
31,99,6.921267178876255e-31
31,100,1.3316604969803306e-30
31,101,1.2579970511406986e-30
31,102,3.453709498927032e-30
31,103,8.147964747260147e-31
31,104,9.950683435213025e-31
31,105,2.2522778159353185e-30
31,106,1.9298623726527425e-30
31,107,1.4258540589919355e-15
31,108,4.271717931870581e-30
31,109,7.89624889378988e-31
31,110,2.536824309122817e-30
31,111,1.2297819541054744e-30
31,112,2.6815258164901386e-30
31,113,7.719250787740898e-31
31,114,1.9145744009697938e-30
31,115,1.9516403167120394e-30
31,116,1.6817361868478735e-30
31,117,2.1341134488166634e-30
31,118,1.0856575374693192e-30
31,119,1.5432342603795122e-30
31,120,1.7044939598966646e-30
31,121,1.0025744155970143e-30
31,122,2.5402841175449186e-30
31,123,2.527326362400411e-30
31,124,3.921475470411005e-30
31,125,1.6962495206522386e-30
31,126,1.5010711921808341e-30
31,127,1.6552074641451916e-30
31,128,1.4496709837648385e-30
31,129,9.18750131746346e-31
31,130,1.3416522127615151e-30
31,131,2.2810621474504197e-30
31,132,3.5279116962909714e-30
31,133,1.8065580634924074e-30
31,134,2.0311612256927764e-30
31,135,1.7501924054739427e-30
31,136,2.1625865396178417e-30
31,137,2.9146750352021006e-30
31,138,1.513126430776185e-30
31,139,7.752671006419634e-31
31,140,3.0896084397817e-30
31,141,2.3781389156617815e-30
31,142,1.7501824637069996e-30
31,143,1.3136811078167663e-30
31,144,4.804839406314209e-31
31,145,8.065422434382511e-31
31,146,1.739937028742376e-30
31,147,4.733435583610337e-30
31,148,1.284478276424031e-30
31,149,1.0926595478962887e-30
32,33,5.101263103697687e-31
32,34,1.2615253787852259e-30
32,35,1.0136093141864536e-30
32,36,1.7399797655690177e-30
32,37,1.236766650149718e-30
32,38,2.2354565732679877e-30
32,39,1.135487616741128e-30
32,40,2.6752948503528956e-30
32,41,8.728068818126762e-31
32,42,6.040326039183545e-31
32,43,3.0862216050297325e-30
32,44,1.1588600899815323e-30
32,45,1.130808618845547e-30
32,46,1.2110564034496e-30
32,47,2.2273453569349468e-30
32,48,2.2372881041235272e-30
32,49,1.2893955278953422e-30
32,50,4.029049092769053e-31
32,51,3.29106329571124e-30
32,52,1.0307685413141868e-30
32,53,3.9577333612770945e-31
32,54,7.571100956951513e-31
32,55,1.9626701215533878e-30
32,56,1.0885179404765415e-30
32,57,1.0409493898890125e-30
32,58,7.838622464233951e-31
32,59,1.7705254681532514e-30
32,60,1.5834558694197616e-30
32,61,1.6480988666716774e-30
32,62,1.1152891029666157e-30
32,63,6.003301006969491e-31
32,64,7.918995372195296e-31
32,65,2.1199613076836728e-30
32,66,2.585196620885077e-30
32,67,7.000790470554048e-31
32,68,5.282721239827918e-31
32,69,1.501536798845015e-30
32,70,8.997870388908043e-31
32,71,2.3879242952159454e-30
32,72,1.3411752871264631e-30
32,73,1.8341247182924203e-30
32,74,1.3972461054485561e-30
32,75,1.0508990374145756e-30
32,76,7.9672257626e-31
32,77,1.3182319222186457e-30
32,78,7.960150988412403e-31
32,79,3.499875612554486e-30
32,80,2.0947264817441135e-30
32,81,4.786577418704919e-31
32,82,1.541070077264781e-30
32,83,3.553503864502788e-30
32,84,1.2008645083170655e-30
32,85,2.387610765103153e-31
32,86,7.688410210978725e-31
32,87,1.6273613727643682e-30
32,88,1.4583544693629543e-30
32,89,1.3041909072120706e-31
32,90,1.3088895476383186e-30
32,91,6.9376595635576885e-31
32,92,8.125997637904043e-31
32,93,7.486962731173688e-31
32,94,1.0160534228449564e-30
32,95,1.2127173723194013e-30
32,96,7.650874480175547e-31
32,97,5.965497507112041e-31
32,98,5.503245573323297e-31
32,99,3.400116427750627e-31
32,100,1.1184750219780042e-30
32,101,1.026284046193269e-30
32,102,3.34776676747241e-30
32,103,4.352390328199017e-31
32,104,1.0792504978856674e-30
32,105,1.3497245876365031e-30
32,106,1.3849558193588058e-30
32,107,1.3053975696292016e-15
32,108,3.905811661820593e-30
32,109,7.349047113934425e-31
32,110,2.0884439661560468e-30
32,111,4.737007189402309e-31
32,112,2.415229353431876e-30
32,113,6.1889973564629435e-31
32,114,2.1728861081386416e-30
32,115,6.312567275430847e-31
32,116,1.398037432501902e-30
32,117,2.0231486428977313e-30
32,118,1.1962109501774427e-30
32,119,1.304739280463412e-30
32,120,1.4245765288104035e-30
32,121,9.449869176843969e-31
32,122,1.6432979549858828e-30
32,123,2.4870803179387615e-30
32,124,4.2013014034837204e-30
32,125,1.617667938275821e-30
32,126,1.351061597637281e-30
32,127,1.3881301538415438e-30
32,128,1.085696146134752e-30
32,129,9.885071075582493e-31
32,130,1.2477543726982742e-30
32,131,8.699956540269353e-31
32,132,2.185224728521875e-30
32,133,1.7076145877713976e-30
32,134,1.4257331964817988e-30
32,135,1.6974092473136822e-30
32,136,1.4767595349186028e-30
32,137,2.6318341242678175e-30
32,138,1.4535508593220702e-30
32,139,8.78480658955867e-31
32,140,1.9158481386450237e-30
32,141,1.7066457206090526e-30
32,142,1.747771622085756e-30
32,143,1.1170249215264473e-30
32,144,4.6638240929184095e-31
32,145,9.277165119502005e-31
32,146,1.644664016925063e-30
32,147,2.325225867026031e-30
32,148,1.2351245854439867e-30
32,149,3.331582757754772e-31
33,34,3.2188384403876727e-31
33,35,2.956628910951132e-31
33,36,1.0243963776723152e-30
33,37,5.050937411237239e-31
33,38,4.1358143836144304e-31
33,39,3.1331836080509085e-31
33,40,6.657750212808463e-31
33,41,3.174604626210016e-31
33,42,1.1706059338294065e-31
33,43,9.372798886291944e-31
33,44,4.617577056394971e-31
33,45,2.8142135591084796e-31
33,46,2.7304792544172866e-31
33,47,6.439120803347351e-31
33,48,3.8137652201370523e-31
33,49,3.634482282470198e-31
33,50,1.4224446253426685e-31
33,51,8.340386667074564e-31
33,52,2.849745571398678e-31
33,53,2.110419558981235e-31
33,54,2.7847085611327603e-31
33,55,4.744680893101191e-31
33,56,4.49372421121547e-31
33,57,3.7849994753726275e-31
33,58,3.1541866518417994e-31
33,59,3.5222089712251694e-31
33,60,5.583906639411869e-31
33,61,7.1243120699287346e-31
33,62,5.9283998631469245e-31
33,63,1.6575866879581865e-31
33,64,2.6177703092599513e-31
33,65,5.927180586237118e-31
33,66,6.657977422874972e-31
33,67,2.199784466487702e-31
33,68,1.1421141540913277e-31
33,69,4.008834240138729e-31
33,70,1.684189847694926e-31
33,71,7.707178309738638e-31
33,72,3.823689413179912e-31
33,73,4.969318381091261e-31
33,74,5.469880891596806e-31
33,75,4.264366682738041e-31
33,76,2.041182120500734e-31
33,77,3.7748685177029677e-31
33,78,3.4037624411559026e-31
33,79,7.577942930646664e-31
33,80,4.825035198444071e-31
33,81,2.164898773190892e-31
33,82,4.31139014345375e-31
33,83,1.1102230246251647e-16
33,84,2.5857692865217833e-31
33,85,8.710826512268064e-32
33,86,2.3621909557309805e-31
33,87,4.016131157237058e-31
33,88,4.536637974217524e-31
33,89,4.037537203655644e-32
33,90,2.4980484296389787e-31
33,91,2.411419328282884e-31
33,92,1.982337737795295e-31
33,93,3.6367537118724758e-31
33,94,3.889789425055101e-31
33,95,4.174891570621777e-31
33,96,2.839077277827358e-31
33,97,1.1147389764943597e-31
33,98,1.5349124354350871e-31
33,99,1.6187399448630777e-31
33,100,3.8596835883851066e-31
33,101,3.480011776404519e-31
33,102,9.784434224686775e-31
33,103,1.2438703931405026e-31
33,104,2.746468541876273e-31
33,105,3.970591890926033e-31
33,106,5.610886982821762e-31
33,107,4.041272810440264e-16
33,108,1.2395786922546741e-30
33,109,2.2205020903547008e-31
33,110,6.828462551236798e-31
33,111,2.428230695802538e-31
33,112,7.607132610387347e-31
33,113,1.7024526972320777e-31
33,114,5.288676025502404e-31
33,115,4.2473724087085845e-31
33,116,4.835824188790393e-31
33,117,5.978028023107352e-31
33,118,3.088466506126658e-31
33,119,4.7172453942523456e-31
33,120,5.2366047331467945e-31
33,121,2.578803705884776e-31
33,122,4.124002727308544e-31
33,123,7.100285210041024e-31
33,124,1.100226430244571e-30
33,125,5.0321346803198805e-31
33,126,2.8462821725053166e-31
33,127,4.8351764898036095e-31
33,128,3.283428691175781e-31
33,129,2.626265713030269e-31
33,130,3.7848537648446654e-31
33,131,5.109617361266664e-31
33,132,7.108147155813889e-31
33,133,5.066310328946695e-31
33,134,3.2194343984102124e-31
33,135,5.030175027840377e-31
33,136,4.19320174835036e-31
33,137,8.133684856612795e-31
33,138,2.9180635200900564e-31
33,139,2.069074580839425e-31
33,140,6.59052665779706e-31
33,141,6.211123031762058e-31
33,142,5.369572594119887e-31
33,143,2.7898027160283827e-31
33,144,1.4489280242242412e-31
33,145,2.100011679516341e-31
33,146,4.9833705207557e-31
33,147,1.1737563438934968e-30
33,148,3.1557346871704166e-31
33,149,2.537059214113976e-31
34,35,1.9788447917001736e-30
34,36,6.061492328072329e-30
34,37,2.0423552033372706e-30
34,38,4.323905385296924e-30
34,39,3.0516686945730803e-30
34,40,3.4736835254521545e-30
34,41,6.840045440595103e-31
34,42,1.14611913294023e-30
34,43,1.982247062105281e-30
34,44,1.490156864254702e-30
34,45,2.7360419657605543e-30
34,46,1.7893916389191063e-30
34,47,1.3638316627618373e-30
34,48,4.956817958686279e-30
34,49,1.9025144199186284e-30
34,50,3.1703936288661375e-31
34,51,8.054373884433728e-30
34,52,1.0667087309474063e-30
34,53,1.9816581482296108e-30
34,54,2.0810306213408183e-30
34,55,2.0478443292052523e-30
34,56,1.4791637052827208e-30
34,57,2.9619442134241764e-30
34,58,2.671122376763283e-30
34,59,3.103128328964897e-30
34,60,2.138653972553755e-30
34,61,4.0213335047352915e-30
34,62,4.067728001243834e-30
34,63,7.4694402304364e-31
34,64,1.4691961816341572e-30
34,65,1.8286068820318838e-30
34,66,2.2660205911212298e-30
34,67,1.5917784757394064e-30
34,68,1.2521516334287409e-30
34,69,4.0405989073552576e-30
34,70,1.7929680527811342e-30
34,71,3.0146786518242275e-30
34,72,2.0613675956518686e-30
34,73,1.8498055455301945e-30
34,74,4.113967392092329e-30
34,75,3.643737414785605e-30
34,76,8.726050663408686e-31
34,77,1.142540830314263e-30
34,78,6.0004060455125545e-31
34,79,3.726386305662895e-16
34,80,5.854093318378931e-30
34,81,2.1223023236224226e-30
34,82,5.436174932634851e-30
34,83,4.60339525995063e-16
34,84,2.509549671958515e-30
34,85,8.8868350166005e-31
34,86,2.0423527911209786e-30
34,87,1.682478580908325e-30
34,88,2.037817180205527e-30
34,89,7.556721023360862e-32
34,90,2.8552219852871062e-30
34,91,9.447233956836565e-31
34,92,1.2091737886135766e-30
34,93,2.3981801937176312e-30
34,94,9.819611039322198e-31
34,95,1.4571314274279767e-30
34,96,3.0571569042191328e-30
34,97,1.2488342564303224e-30
34,98,1.206362503051836e-30
34,99,9.517212608189436e-31
34,100,9.592247500316132e-31
34,101,7.624859145686683e-31
34,102,2.6958667583991393e-30
34,103,1.6312600740577543e-30
34,104,1.5722830088837636e-30
34,105,4.601405573559111e-30
34,106,1.6882766767764147e-30
34,107,7.563712646447029e-16
34,108,2.2696598027983665e-30
34,109,1.0258080178823393e-30
34,110,1.4745199989318522e-30
34,111,2.2149294340941745e-30
34,112,3.0674649781335297e-30
34,113,1.5201944811205035e-30
34,114,3.0199647533127743e-30
34,115,3.0572911077426115e-30
34,116,1.0453468719647516e-30
34,117,1.4994627794513357e-30
34,118,1.7680092941396453e-30
34,119,8.283390648695203e-31
34,120,1.1706769049067608e-30
34,121,2.1582091859083633e-30
34,122,5.247497276305349e-30
34,123,1.5903445398131543e-30
34,124,4.0837680775756774e-30
34,125,1.0162476570815572e-30
34,126,3.1197432852290112e-30
34,127,9.281578064121655e-31
34,128,2.9347697100483704e-30
34,129,1.389347276535253e-30
34,130,1.350120091616111e-30
34,131,3.399635362275863e-30
34,132,6.491676037854507e-30
34,133,1.0817812456752705e-30
34,134,4.229597929734709e-30
34,135,1.2972414282566702e-30
34,136,4.2329086390690456e-30
34,137,1.562436778717667e-30
34,138,3.0231356784578496e-30
34,139,1.0757223259753458e-30
34,140,4.793244390817056e-30
34,141,2.08422160683674e-30
34,142,1.7280995124271415e-30
34,143,2.6086725884242578e-30
34,144,3.425356197150027e-31
34,145,1.2991916559596325e-30
34,146,1.1929826082477642e-30
34,147,5.192407221837828e-30
34,148,9.680376192788587e-31
34,149,1.8727001576235937e-30
35,36,1.2794692759982625e-16
35,37,1.621803229508686e-30
35,38,2.7330657132823444e-30
35,39,2.015906594131898e-30
35,40,2.172891697349395e-30
35,41,6.371156056184545e-31
35,42,7.115576876617728e-31
35,43,1.7493454104209337e-30
35,44,1.3364831957377916e-30
35,45,1.749729662892136e-30
35,46,1.1802312345294538e-30
35,47,1.387559293558669e-30
35,48,3.1458484612081532e-30
35,49,1.2515137598705968e-30
35,50,2.9390900669435776e-31
35,51,5.1382141441604286e-30
35,52,7.71323656730475e-31
35,53,1.3327809505975145e-30
35,54,1.544831931338284e-30
35,55,1.2743982756908924e-30
35,56,1.1869957877464393e-30
35,57,1.978375395023448e-30
35,58,1.8633876255335052e-30
35,59,1.9759539674653604e-30
35,60,1.5899711440973903e-30
35,61,2.845046377612709e-30
35,62,2.750393886569011e-30
35,63,5.920177181350989e-31
35,64,9.873778412307943e-31
35,65,1.3368763085742672e-30
35,66,1.711044380325801e-30
35,67,1.0753590419940463e-30
35,68,8.175310138089925e-31
35,69,2.681339569408644e-30
35,70,1.180487433587086e-30
35,71,2.2117558451281406e-30
35,72,1.2989166394980229e-30
35,73,1.2314559225664118e-30
35,74,2.6600547574792705e-30
35,75,2.399073111149185e-30
35,76,6.083669040350818e-31
35,77,9.734331332933785e-31
35,78,6.1574754902049655e-31
35,79,6.707370626499209e-16
35,80,3.771283890236433e-30
35,81,1.3904902673208267e-30
35,82,3.5449347740413206e-30
35,83,5.448246990350941e-16
35,84,1.7189181259887837e-30
35,85,6.00193620085347e-31
35,86,1.2520473202863071e-30
35,87,1.131890620546961e-30
35,88,1.3661469987728068e-30
35,89,7.395773410674908e-32
35,90,1.8075653203149604e-30
35,91,5.699340779491458e-31
35,92,8.21918586634316e-31
35,93,1.4537673387830594e-30
35,94,6.985934023724521e-31
35,95,1.1538274927887726e-16
35,96,2.1520659239583418e-30
35,97,7.253730726926746e-31
35,98,8.68359172161257e-31
35,99,8.473084360340002e-31
35,100,7.19536803217357e-31
35,101,7.563983356133495e-31
35,102,1.9503641402230197e-30
35,103,1.1016419636367371e-30
35,104,1.0005482044629846e-30
35,105,2.8363137290753134e-30
35,106,1.1560886751517033e-30
35,107,7.402616121945885e-16
35,108,2.0822586077443872e-30
35,109,7.924599856168845e-31
35,110,1.590663557854796e-30
35,111,1.4235691007119587e-30
35,112,2.0536173327139958e-30
35,113,9.501932538369114e-31
35,114,1.8590344519839432e-30
35,115,2.0252009883098605e-30
35,116,8.932047303317554e-31
35,117,1.0800976443262084e-30
35,118,1.2352039413974229e-30
35,119,7.093726178079876e-31
35,120,8.556935177983498e-31
35,121,1.2893405285231814e-30
35,122,3.4005735342151974e-30
35,123,1.4015805369950343e-30
35,124,2.775396106306658e-30
35,125,1.0331872539878534e-30
35,126,1.9512534399625807e-30
35,127,7.958871833583812e-31
35,128,1.8145535757696636e-30
35,129,1.0904146419430668e-30
35,130,9.76032258741082e-31
35,131,2.3392065700481357e-30
35,132,4.237628076525834e-30
35,133,1.0412921726968515e-30
35,134,2.7669210649931415e-30
35,135,9.548318774885045e-31
35,136,2.7437741296811038e-30
35,137,1.5630138312033826e-30
35,138,1.9587533291981118e-30
35,139,6.944593959584819e-31
35,140,2.8568262098646233e-30
35,141,1.8101280769450242e-30
35,142,1.188182105417917e-30
35,143,1.8186510489928992e-30
35,144,2.548910951762071e-31
35,145,8.025839301487087e-31
35,146,9.521309580289926e-31
35,147,3.8960976961389245e-30
35,148,1.0004944760358416e-30
35,149,1.0943408587398334e-30
36,37,2.1183523716375092e-16
36,38,1.8580985850777418e-16
36,39,1.6258405999916154e-16
36,40,5.995797767080804e-30
36,41,2.2422549693382608e-30
36,42,1.9011170855750395e-30
36,43,1.0194629824964971e-15
36,44,4.619182544017634e-30
36,45,3.916635291553751e-16
36,46,2.849698847991594e-30
36,47,2.824751795238398e-30
36,48,4.2367136218214555e-16
36,49,3.46706267079915e-30
36,50,1.0382477259651002e-30
36,51,4.8755297495347975e-16
36,52,3.0860530739108943e-16
36,53,4.38069292054673e-30
36,54,2.6331396102232765e-16
36,55,2.1936587045832343e-30
36,56,4.3807388243482415e-30
36,57,3.516314866869292e-16
36,58,4.919279393491027e-16
36,59,1.7663593399466993e-16
36,60,6.702411555165039e-16
36,61,5.641239661507795e-16
36,62,5.532000254547484e-16
36,63,1.3201692342132747e-30
36,64,3.34773958798369e-30
36,65,4.23044962246549e-16
36,66,2.2304914571338887e-30
36,67,3.4754248229098166e-30
36,68,2.24647265951906e-30
36,69,1.003168346923905e-15
36,70,1.387778780781444e-16
36,71,8.206690572649942e-16
36,72,4.3794757422795866e-30
36,73,2.527972997904612e-30
36,74,3.5571561302006596e-16
36,75,4.256687639237592e-16
36,76,1.7701515814567168e-30
36,77,4.0310677598247e-16
36,78,1.3497797416770064e-30
36,79,1.0860798943569617e-15
36,80,2.440479123659412e-16
36,81,4.380181440033082e-30
36,82,4.494917580387408e-16
36,83,7.84327369416998e-16
36,84,3.219676680299487e-16
36,85,1.87150849605863e-30
36,86,4.019786350124448e-30
36,87,3.3837343603420664e-16
36,88,4.771524617343028e-30
36,89,1.8095233192720582e-31
36,90,1.2490009027033036e-16
36,91,1.6124862853344666e-30
36,92,1.144391699630562e-16
36,93,5.1691088987876965e-30
36,94,3.1449849566852496e-16
36,95,3.3537189618722533e-16
36,96,2.862871918123991e-16
36,97,2.0613741950691678e-30
36,98,2.5662361753552086e-30
36,99,2.1638006614950522e-30
36,100,2.6921371694883e-30
36,101,2.7153068335991307e-30
36,102,7.066779192810427e-16
36,103,3.3277122877695175e-30
36,104,2.844629155437405e-16
36,105,8.815093713580402e-30
36,106,4.635220336045226e-30
36,107,1.7549447698973104e-15
36,108,2.9675435415020733e-16
36,109,4.751118411944775e-16
36,110,5.088416275020927e-30
36,111,4.719139867232363e-30
36,112,8.478238045100693e-16
36,113,3.1430011804778657e-30
36,114,9.151994001743811e-16
36,115,6.998070636445414e-30
36,116,1.1102569136976325e-16
36,117,2.814156458221265e-30
36,118,2.3498477190000576e-30
36,119,2.495711799196478e-30
36,120,3.8536437036337426e-30
36,121,3.88988490697602e-30
36,122,2.6196047665811786e-16
36,123,2.2771207949282657e-30
36,124,4.74758912554249e-30
36,125,3.447869451882504e-16
36,126,3.5654370474278534e-16
36,127,2.961120781216643e-30
36,128,2.2420587900694403e-16
36,129,3.266701926502106e-30
36,130,2.2987190665429358e-30
36,131,7.760121259677466e-30
36,132,4.718960032664675e-16
36,133,2.709810585709654e-30
36,134,5.948988767923888e-16
36,135,2.5995742592588224e-30
36,136,8.890457814379842e-18
36,137,4.0507929009243606e-16
36,138,2.7477713214722754e-16
36,139,1.4208553347011677e-30
36,140,2.1893509209024665e-15
36,141,4.62986014724067e-16
36,142,7.055533251936915e-16
36,143,1.0007415106216722e-16
36,144,6.06670007834088e-31
36,145,1.82471285789499e-30
36,146,3.3768770699533906e-30
36,147,1.42001943771824e-29
36,148,7.646326711622383e-16
36,149,3.928747080129229e-30
37,38,2.4024600040761843e-30
37,39,2.188940330688268e-30
37,40,2.1257242977661882e-30
37,41,1.0595825496695273e-30
37,42,6.1619609869852e-31
37,43,2.4566346095072855e-30
37,44,1.9896386784902115e-30
37,45,1.8798142360985605e-30
37,46,9.589105214993258e-31
37,47,1.7426841379972965e-30
37,48,2.7443734825700695e-30
37,49,1.3176147556812853e-30
37,50,4.835825045276754e-31
37,51,5.458371058747246e-30
37,52,7.435947375085845e-31
37,53,1.5470752664780044e-30
37,54,1.80834676020578e-30
37,55,1.4132603533903601e-30
37,56,1.8329984394700956e-30
37,57,2.277929626744309e-30
37,58,2.2540378506025233e-30
37,59,1.618450007923584e-30
37,60,2.3797855417312284e-30
37,61,3.394227907235443e-30
37,62,3.2759742764220806e-30
37,63,5.037524290704088e-31
37,64,1.2374746799870366e-30
37,65,1.4931626273095454e-30
37,66,1.4040049933393161e-30
37,67,1.2879408329007767e-30
37,68,7.3371806889730635e-31
37,69,2.7652584840298515e-30
37,70,1.047623370808081e-30
37,71,3.1379256845648095e-30
37,72,1.52601978874716e-30
37,73,1.0337350947640173e-30
37,74,3.116467640995434e-30
37,75,2.5254996215248394e-30
37,76,7.8051090046827055e-31
37,77,1.3327825525192123e-30
37,78,6.238752280924518e-31
37,79,9.506031400676578e-16
37,80,3.772932415924537e-30
37,81,1.547249586134496e-30
37,82,3.63765172015633e-30
37,83,3.239802184842512e-16
37,84,1.4411992997909751e-30
37,85,6.542136764165156e-31
37,86,1.3307897358325846e-30
37,87,9.338948175999732e-31
37,88,1.825588827906691e-30
37,89,1.1078961720269479e-31
37,90,1.592181938366657e-30
37,91,8.213846398327098e-31
37,92,9.070984915866064e-31
37,93,1.788826746415778e-30
37,94,1.0933031463960483e-30
37,95,2.792850935556117e-16
37,96,2.3787534931217874e-30
37,97,6.415249745388454e-31
37,98,9.370572802467782e-31
37,99,9.587818314234981e-31
37,100,1.2042375922238658e-30
37,101,1.2162068346260174e-30
37,102,2.7510698684811277e-30
37,103,1.1515135149251812e-30
37,104,1.0344081253523797e-30
37,105,2.9125278597553568e-30
37,106,1.8703673386715662e-30
37,107,1.1089212187938574e-15
37,108,3.2983454969952324e-30
37,109,9.4592565068324e-31
37,110,2.4300377497210756e-30
37,111,1.6362777852228753e-30
37,112,2.7891394170449007e-30
37,113,1.0658697096496773e-30
37,114,1.6155204581572123e-30
37,115,2.517116499934434e-30
37,116,1.621557615888476e-30
37,117,2.0480488242015932e-30
37,118,9.31342402135001e-31
37,119,1.1846074094603267e-30
37,120,1.4393028111837978e-30
37,121,1.2406772744791078e-30
37,122,3.501291795955407e-30
37,123,1.8116543311649445e-30
37,124,2.529159413546863e-30
37,125,1.1923718479914922e-30
37,126,1.976149696400159e-30
37,127,1.4313166613922758e-30
37,128,1.777871790647917e-30
37,129,1.286296750533991e-30
37,130,1.2079383538752167e-30
37,131,2.9011214640634295e-30
37,132,4.844573071793658e-30
37,133,1.3907922277591823e-30
37,134,2.8016642169885926e-30
37,135,1.4575540626981275e-30
37,136,2.9572096657128405e-30
37,137,2.538835177092595e-30
37,138,2.3528539849372603e-30
37,139,4.725868178294317e-31
37,140,3.2114880675319405e-30
37,141,2.6432670986502285e-30
37,142,1.4074384667791956e-30
37,143,1.993638759623456e-30
37,144,3.2197555422569816e-31
37,145,5.726166355780347e-31
37,146,1.4671282850363105e-30
37,147,5.5999520963262945e-30
37,148,1.1645022727431325e-30
37,149,1.322393441618786e-30
38,39,4.153221262802508e-30
38,40,5.400382991353559e-30
38,41,6.824210966917733e-31
38,42,1.6674748086359236e-30
38,43,3.488642967375911e-30
38,44,1.6062782719820902e-30
38,45,3.782745224031085e-30
38,46,2.7659684411688278e-30
38,47,2.3547553412564637e-30
38,48,7.188285806908143e-30
38,49,2.6979903560152708e-30
38,50,3.1296729658074485e-31
38,51,1.1164680901607192e-29
38,52,1.7276706209473593e-30
38,53,2.556164666315258e-30
38,54,2.7929274766066374e-30
38,55,3.3931838297654556e-30
38,56,1.5155691579334787e-30
38,57,3.92435544204218e-30
38,58,3.581847833083793e-30
38,59,4.65256386134367e-30
38,60,2.562017008918862e-30
38,61,5.087705225047861e-30
38,62,4.9829442370925826e-30
38,63,1.2253893630948967e-30
38,64,2.008196632082634e-30
38,65,3.1627220029900326e-30
38,66,3.8812711638001544e-30
38,67,2.1185010525287812e-30
38,68,1.7704288802945573e-30
38,69,5.5381580538146336e-30
38,70,2.5998304045682083e-30
38,71,4.0900795902304825e-30
38,72,2.951005456262476e-30
38,73,3.0312135463926165e-30
38,74,5.3405817941678945e-30
38,75,4.7825820385662336e-30
38,76,1.3805569470628341e-30
38,77,1.7798811367809942e-30
38,78,7.986789736158161e-31
38,79,2.935939407983094e-16
38,80,8.067030796669215e-30
38,81,2.7822719933504027e-30
38,82,7.355097714124545e-30
38,83,5.614959849916356e-16
38,84,3.6024828284393405e-30
38,85,1.1955268096945418e-30
38,86,2.740659865649995e-30
38,87,2.7276858544520524e-30
38,88,2.8363163950728658e-30
38,89,1.210392914314953e-31
38,90,4.116607497658061e-30
38,91,1.2507766570626058e-30
38,92,1.7111430610924026e-30
38,93,2.9406650649245453e-30
38,94,1.2472101554107859e-30
38,95,1.1125330214120472e-16
38,96,4.1611216705913826e-30
38,97,1.7234474603922945e-30
38,98,1.7136172842381587e-30
38,99,1.2598222879035549e-30
38,100,1.3298584479027809e-30
38,101,9.416915390576391e-31
38,102,4.497706180560103e-30
38,103,2.2349569905598015e-30
38,104,2.3495692711468735e-30
38,105,6.12522278207371e-30
38,106,1.8625107979026055e-30
38,107,1.2115127930317774e-15
38,108,3.7813102119415084e-30
38,109,1.584362601798196e-30
38,110,1.839743728891004e-30
38,111,2.8363900212206428e-30
38,112,4.3301147229742206e-30
38,113,2.0596675270213212e-30
38,114,4.555298419561033e-30
38,115,3.7175124055843345e-30
38,116,1.3658211822855486e-30
38,117,2.580645208212536e-30
38,118,2.604483648165306e-30
38,119,1.0647934360308822e-30
38,120,1.5979073666330424e-30
38,121,2.951354871935242e-30
38,122,7.196171212200745e-30
38,123,2.795128144698082e-30
38,124,6.741482378215478e-30
38,125,1.8072370405113033e-30
38,126,4.4403259890027274e-30
38,127,1.2147224871110528e-30
38,128,3.915492040819187e-30
38,129,2.1872222872218355e-30
38,130,1.86727544331801e-30
38,131,4.160805220678609e-30
38,132,8.665874360301367e-30
38,133,1.9043637849707205e-30
38,134,5.8231205265598906e-30
38,135,2.2223670092957782e-30
38,136,5.720985227915844e-30
38,137,2.6365630537792268e-30
38,138,4.399165145101401e-30
38,139,1.717287273948112e-30
38,140,6.521352616933142e-30
38,141,2.4350347142531012e-30
38,142,2.7615266669569387e-30
38,143,3.6744190628419146e-30
38,144,5.934182719834977e-31
38,145,1.985700646484776e-30
38,146,2.0246719851715688e-30
38,147,5.656540385085814e-30
38,148,1.6403631757492903e-30
38,149,2.2169214597522193e-30
39,40,3.303123382062427e-30
39,41,7.202160558839184e-31
39,42,1.0888252797219228e-30
39,43,1.7531383947973472e-30
39,44,1.694740845937695e-30
39,45,2.6770023658473723e-30
39,46,1.735169046418309e-30
39,47,1.370243453549882e-30
39,48,4.7832588426750605e-30
39,49,1.806220232296014e-30
39,50,3.424698046770822e-31
39,51,7.890646928087393e-30
39,52,1.013600699555898e-30
39,53,1.9949920395998217e-30
39,54,2.1980067153191056e-30
39,55,1.8341748711987895e-30
39,56,1.571034556209749e-30
39,57,2.961785181906039e-30
39,58,2.719694880969326e-30
39,59,2.9752312946325532e-30
39,60,2.170011345486481e-30
39,61,4.1140739881907504e-30
39,62,4.1401857167519995e-30
39,63,8.05803319459066e-31
39,64,1.4335767560876559e-30
39,65,1.7878638641931378e-30
39,66,2.0977785069448293e-30
39,67,1.5997513174870937e-30
39,68,1.220178237254253e-30
39,69,4.052450840463643e-30
39,70,1.7458599017345368e-30
39,71,3.0875181363860773e-30
39,72,2.007090060638837e-30
39,73,1.7041267102348906e-30
39,74,4.034888587882424e-30
39,75,3.603864510575878e-30
39,76,8.082717123815647e-31
39,77,1.1204993156152982e-30
39,78,6.287351660428848e-31
39,79,4.051387163804542e-16
39,80,5.730365492951681e-30
39,81,2.1193579412527842e-30
39,82,5.376997463667502e-30
39,83,5.856689535013484e-16
39,84,2.4691739454550425e-30
39,85,8.97973917916315e-31
39,86,1.946640213504158e-30
39,87,1.586191985545435e-30
39,88,2.0378819572328792e-30
39,89,7.319924018711657e-32
39,90,2.761758094516086e-30
39,91,8.472290422678055e-31
39,92,1.1949504963366155e-30
39,93,2.268298955108512e-30
39,94,9.838740739152254e-31
39,95,3.345859146980034e-16
39,96,3.158020778611833e-30
39,97,1.1373111369198945e-30
39,98,1.2469750812009287e-30
39,99,1.0776344947097053e-30
39,100,9.987194869327896e-31
39,101,8.121402435244606e-31
39,102,2.5172370777782026e-30
39,103,1.6453889330939923e-30
39,104,1.5138876135872403e-30
39,105,4.408369424325868e-30
39,106,1.6552462061483075e-30
39,107,7.326696552671826e-16
39,108,2.078036091665983e-30
39,109,1.0246570088287862e-30
39,110,1.761359445589356e-30
39,111,2.1728336037153782e-30
39,112,3.031130524711958e-30
39,113,1.4633369159767183e-30
39,114,2.819278050667015e-30
39,115,3.0415321847926143e-30
39,116,1.1048539335305115e-30
39,117,1.3517028475882895e-30
39,118,1.6958957381318828e-30
39,119,6.992813694477952e-31
39,120,1.093157688483581e-30
39,121,2.0169761098859645e-30
39,122,5.173464622593242e-30
39,123,1.4647130305145688e-30
39,124,3.754855384872657e-30
39,125,9.255171970910032e-31
39,126,3.0590146278869203e-30
39,127,9.106082994121794e-31
39,128,2.8178670834124e-30
39,129,1.4341147931565665e-30
39,130,1.2393336088608562e-30
39,131,3.4529997362666576e-30
39,132,6.409095389777963e-30
39,133,1.0260062092831857e-30
39,134,4.160917406747094e-30
39,135,1.2575221361304353e-30
39,136,4.16754026916636e-30
39,137,1.6578321519721277e-30
39,138,2.9433216293504054e-30
39,139,1.0075583533477775e-30
39,140,4.731581558717808e-30
39,141,2.3487984194890294e-30
39,142,1.600996890397816e-30
39,143,2.6208266909141416e-30
39,144,3.0890004457975857e-31
39,145,1.1996999052509501e-30
39,146,1.2338812046587362e-30
39,147,5.432701873177757e-30
39,148,1.0679892965529431e-30
39,149,1.733284031571942e-30
40,41,1.1349930828955092e-30
40,42,1.4134944331448177e-30
40,43,4.406593772579511e-30
40,44,1.8377296571204265e-30
40,45,3.0782424787511892e-30
40,46,2.525507110719708e-30
40,47,3.110473327902109e-30
40,48,6.0381770314801716e-30
40,49,2.291821921809554e-30
40,50,5.236427767849301e-31
40,51,9.084511741534675e-30
40,52,1.7361685696596703e-30
40,53,2.0324085110148468e-30
40,54,2.331147447230448e-30
40,55,3.484230429966393e-30
40,56,1.6359259327163045e-30
40,57,3.0954333655302013e-30
40,58,3.112726135306858e-30
40,59,4.0847671495888446e-30
40,60,2.1708901793561626e-30
40,61,4.141141680468983e-30
40,62,3.9654766038620034e-30
40,63,1.2097575625957852e-30
40,64,1.765311721793617e-30
40,65,3.372683423172976e-30
40,66,4.1259548072550566e-30
40,67,1.6933130094435714e-30
40,68,1.4540609402569486e-30
40,69,4.477160766809041e-30
40,70,2.1419039594956663e-30
40,71,3.6388272049611134e-30
40,72,2.5579259727394475e-30
40,73,3.0591544354983593e-30
40,74,4.1479806059525575e-30
40,75,3.6525207945031e-30
40,76,1.3169940890333789e-30
40,77,1.88771962107075e-30
40,78,1.409866854512273e-30
40,79,4.65300277284257e-16
40,80,6.539756351103503e-30
40,81,2.2611582685180975e-30
40,82,5.777555446836764e-30
40,83,8.499420356065789e-16
40,84,2.9477927003324467e-30
40,85,9.625106548955497e-31
40,86,2.226535348092823e-30
40,87,2.6807177266099838e-30
40,88,2.421836977958294e-30
40,89,1.7662057065230362e-31
40,90,3.446893072746301e-30
40,91,1.0925771870996218e-30
40,92,1.3840682422956965e-30
40,93,2.224239669762111e-30
40,94,1.3159531461322383e-30
40,95,1.6494561090934275e-30
40,96,3.4413437790189675e-30
40,97,1.4095594604520356e-30
40,98,1.4609857178164899e-30
40,99,9.247522657798407e-31
40,100,1.534510434161973e-30
40,101,1.3969928260867695e-30
40,102,4.9637551429154884e-30
40,103,1.8152764591457683e-30
40,104,2.0876410769203837e-30
40,105,4.808107183902256e-30
40,106,1.7694223875655385e-30
40,107,1.7678398338852167e-15
40,108,5.359598138313567e-30
40,109,1.585707188855844e-30
40,110,2.7904158252842597e-30
40,111,2.199121454545286e-30
40,112,3.8819015577442456e-30
40,113,1.6962749384918437e-30
40,114,4.108710268910011e-30
40,115,2.8804029351530555e-30
40,116,1.832086447096444e-30
40,117,3.174150033141985e-30
40,118,2.151748144835509e-30
40,119,1.730031213021353e-30
40,120,1.9344889331967628e-30
40,121,2.393180758760053e-30
40,122,5.908212903815687e-30
40,123,3.578671115074519e-30
40,124,6.870575151618997e-30
40,125,2.297957502202187e-30
40,126,3.7809769286032715e-30
40,127,1.8476491198040693e-30
40,128,3.0314736855753253e-30
40,129,2.2110850770905952e-30
40,130,1.7535034169003823e-30
40,131,3.217170096731811e-30
40,132,6.638058337401597e-30
40,133,2.3782760305937156e-30
40,134,4.711977979723051e-30
40,135,2.5571918713298768e-30
40,136,4.534910634312324e-30
40,137,3.603820897011481e-30
40,138,3.85501846116329e-30
40,139,1.6313261391043046e-30
40,140,5.316659752769087e-30
40,141,2.45218156560943e-30
40,142,2.9076452203913644e-30
40,143,3.1207427032510177e-30
40,144,6.934365777088561e-31
40,145,1.802665445151585e-30
40,146,2.387112809722953e-30
40,147,5.1192748517955055e-30
40,148,1.7455687729148925e-30
40,149,1.6849670774322372e-30
41,42,1.970815202553003e-31
41,43,1.6479079736355146e-30
41,44,9.770463721890406e-31
41,45,6.03695186102969e-31
41,46,4.084016716595083e-31
41,47,1.174244396715972e-30
41,48,4.394354049490409e-31
41,49,6.538825798283802e-31
41,50,2.752568128815209e-31
41,51,1.773265418901966e-30
41,52,4.639254285400221e-31
41,53,4.847589077559107e-31
41,54,6.582308261311136e-31
41,55,7.632625934173885e-31
41,56,9.181552943367189e-31
41,57,8.273225769838361e-31
41,58,7.027834497500741e-31
41,59,4.893484611781474e-31
41,60,1.1612444602991364e-30
41,61,1.4647340791661363e-30
41,62,1.3504904009356378e-30
41,63,2.4973387963546836e-31
41,64,4.852512274927617e-31
41,65,9.563129032011275e-31
41,66,1.0732588186475584e-30
41,67,5.102847830216529e-31
41,68,2.0562976741411964e-31
41,69,9.314501794337057e-31
41,70,3.0932502043013424e-31
41,71,1.5577174283068534e-30
41,72,7.22932134702431e-31
41,73,7.795805593900727e-31
41,74,1.1570449478412593e-30
41,75,8.964006259402018e-31
41,76,3.630322960404901e-31
41,77,7.524319349407303e-31
41,78,5.1397116076941244e-31
41,79,1.1851470210524138e-30
41,80,1.0912659241605917e-30
41,81,5.032174643930008e-31
41,82,9.524761399570806e-31
41,83,2.288783399261121e-16
41,84,4.64416792659569e-31
41,85,1.978331146225441e-31
41,86,4.676671072416392e-31
41,87,6.780511194108163e-31
41,88,8.937306859438845e-31
41,89,7.294602882186118e-32
41,90,4.043730331070249e-31
41,91,4.179278268501933e-31
41,92,4.506705004791801e-31
41,93,7.343893563487657e-31
41,94,6.727442940275297e-31
41,95,7.691682204546752e-31
41,96,6.602990129332601e-31
41,97,2.2189625331196868e-31
41,98,3.1815536521797097e-31
41,99,3.598523458561458e-31
41,100,7.053544746401328e-31
41,101,6.6677350410748635e-31
41,102,1.754335893044657e-30
41,103,2.6274243781832593e-31
41,104,4.9143848773780905e-31
41,105,8.375616325992315e-31
41,106,1.0353328734814563e-30
41,107,7.301351988545595e-16
41,108,2.178262253360042e-30
41,109,3.4126301862057114e-31
41,110,1.3653920097323535e-30
41,111,5.366935982635238e-31
41,112,1.4272386192428599e-30
41,113,3.6545723029509187e-31
41,114,9.131104203239238e-31
41,115,9.309245381677702e-31
41,116,8.878198863354237e-31
41,117,1.0809068302483684e-30
41,118,5.256952492339163e-31
41,119,7.93998951856658e-31
41,120,8.864853672759535e-31
41,121,4.6605030425708866e-31
41,122,9.175801929896088e-31
41,123,1.2461542045417325e-30
41,124,1.7936096104434195e-30
41,125,8.332725974649954e-31
41,126,5.859281430653852e-31
41,127,8.697189470793634e-31
41,128,6.88787308882199e-31
41,129,4.147615613851147e-31
41,130,7.03292707306442e-31
41,131,1.1378916396516537e-30
41,132,1.5641948996461303e-30
41,133,9.235688016721298e-31
41,134,7.196711687069468e-31
41,135,8.795368559688298e-31
41,136,9.519774649295328e-31
41,137,1.5206049285498639e-30
41,138,4.954505509435823e-31
41,139,3.1398400600522333e-31
41,140,1.411692053506093e-30
41,141,1.2993665329984875e-30
41,142,8.540277035111437e-31
41,143,5.813648052981026e-31
41,144,2.359484986399259e-31
41,145,3.209702292886871e-31
41,146,8.933320398706792e-31
41,147,2.5062068379712423e-30
41,148,6.167672429485941e-31
41,149,5.110224067752569e-31
42,43,9.59471607889113e-31
42,44,4.059570898338344e-31
42,45,9.971564315965603e-31
42,46,7.2289234938784455e-31
42,47,6.48729188132406e-31
42,48,1.8899172530264226e-30
42,49,7.241027385425354e-31
42,50,8.974400725292159e-32
42,51,2.9267268100549136e-30
42,52,4.5765717682781285e-31
42,53,6.677637283810659e-31
42,54,7.114899617261477e-31
42,55,8.99152890469155e-31
42,56,4.046553630033038e-31
42,57,1.0257607910593719e-30
42,58,9.23582149928247e-31
42,59,1.22131835542784e-30
42,60,6.86708943094281e-31
42,61,1.3326408844130058e-30
42,62,1.3034226061476428e-30
42,63,3.0390713247449217e-31
42,64,5.326906066677945e-31
42,65,8.231109765898137e-31
42,66,1.0436908715812098e-30
42,67,5.557810965186134e-31
42,68,4.646691937575898e-31
42,69,1.4395101753449068e-30
42,70,6.845542176164939e-31
42,71,1.066842563809409e-30
42,72,7.771911936371228e-31
42,73,8.064326349998334e-31
42,74,1.4164797097606627e-30
42,75,1.2528862595795277e-30
42,76,3.6821928417984768e-31
42,77,4.808052957818166e-31
42,78,1.7883365082574284e-31
42,79,2.313846957498721e-30
42,80,2.1174417593448258e-30
42,81,7.230524514907435e-31
42,82,1.9255391996254663e-30
42,83,1.241267076623639e-16
42,84,9.425033994423339e-31
42,85,3.0918403670378827e-31
42,86,7.320516949595621e-31
42,87,7.357413202515097e-31
42,88,7.430965246051914e-31
42,89,3.3734902893764944e-32
42,90,1.078364103142374e-30
42,91,3.304862683191904e-31
42,92,4.59613726962792e-31
42,93,8.018003653260156e-31
42,94,3.2505006212042526e-31
42,95,5.009490378099093e-31
42,96,1.0620897367613202e-30
42,97,4.710508620815779e-31
42,98,4.382627472222957e-31
42,99,2.937739068296816e-31
42,100,3.4139983197434467e-31
42,101,2.534129401671992e-31
42,102,1.2012714676551315e-30
42,103,5.775438626838147e-31
42,104,6.171722850711726e-31
42,105,1.633230482375224e-30
42,106,4.9641177971629254e-31
42,107,3.3766115072321243e-16
42,108,1.0402296170815336e-30
42,109,4.026619307501958e-31
42,110,4.940859714628283e-31
42,111,7.525918289114719e-31
42,112,1.1438448394120508e-30
42,113,5.49083517264556e-31
42,114,1.209942034588617e-30
42,115,9.868011837758864e-31
42,116,3.522217487171612e-31
42,117,6.804592300096401e-31
42,118,6.805643262185345e-31
42,119,2.922834382913483e-31
42,120,4.25049795795213e-31
42,121,7.930011841261163e-31
42,122,1.87931395325561e-30
42,123,7.669659101973939e-31
42,124,1.802216239979288e-30
42,125,4.791416234741829e-31
42,126,1.154306428761584e-30
42,127,3.2814030141531846e-31
42,128,1.0378186311925418e-30
42,129,5.52790410345357e-31
42,130,5.052796524276657e-31
42,131,1.0871497164976287e-30
42,132,2.280610891773575e-30
42,133,5.211073363393075e-31
42,134,1.5282189597645158e-30
42,135,5.920211702256238e-31
42,136,1.5057459190482277e-30
42,137,7.0310169509405645e-31
42,138,1.1535254997476628e-30
42,139,4.536909379043774e-31
42,140,1.647978531583344e-30
42,141,6.104011715172706e-31
42,142,7.317005253533701e-31
42,143,9.580608509453389e-31
42,144,1.5920808441878893e-31
42,145,5.305343214957586e-31
42,146,5.479979582245516e-31
42,147,1.4943315643544645e-30
42,148,4.361749419068191e-31
42,149,6.1580782052869384e-31
43,44,2.3694536439971754e-30
43,45,1.8826397087436235e-30
43,46,1.9917777561830815e-30
43,47,3.8748035777314195e-30
43,48,3.7228032290141936e-30
43,49,2.1141726898228993e-30
43,50,7.509214596005881e-31
43,51,5.457380567436736e-30
43,52,1.908945627154626e-30
43,53,1.0803897875259198e-30
43,54,1.4382861500709694e-30
43,55,3.2431944158256084e-30
43,56,2.2089028176131258e-30
43,57,1.8061802147462203e-30
43,58,1.60607059572462e-30
43,59,2.773130073751949e-30
43,60,3.0269364395732435e-30
43,61,3.181429620877145e-30
43,62,3.056481197232387e-30
43,63,1.0870192391079498e-30
43,64,1.4361773187594587e-30
43,65,3.5258959403420306e-30
43,66,4.323650039797758e-30
43,67,1.2920120229268093e-30
43,68,8.577982495337476e-31
43,69,2.040991558959331e-30
43,70,1.4976876936378893e-30
43,71,3.712561111160744e-30
43,72,2.2442402375109295e-30
43,73,3.0531774772694127e-30
43,74,2.4109210853811364e-30
43,75,1.8849373549632024e-30
43,76,1.3264330106044036e-30
43,77,2.1901749998305906e-30
43,78,2.0710273305301406e-30
43,79,8.260938987064653e-16
43,80,3.554420965856457e-30
43,81,1.108592728285774e-30
43,82,2.8217763672213037e-30
43,83,1.3220984460427536e-15
43,84,2.1160797823496992e-30
43,85,4.798208217141244e-31
43,86,1.2862520382438286e-30
43,87,2.851392689127186e-30
43,88,2.5213206502901833e-30
43,89,2.3008060533071474e-31
43,90,2.084781883413756e-30
43,91,1.2709027197608431e-30
43,92,1.6526930964132528e-30
43,93,1.6078293973179092e-30
43,94,2.0160622114317358e-30
43,95,5.319014089382396e-16
43,96,1.8206291794244155e-30
43,97,1.0219301392596162e-30
43,98,1.0023780064773686e-30
43,99,8.99368673286999e-31
43,100,2.0643636808575074e-30
43,101,1.878051537133186e-30
43,102,5.856395061494032e-30
43,103,9.123050813475847e-31
43,104,1.7998851950727052e-30
43,105,2.459837635222082e-30
43,106,2.7802832445549368e-30
43,107,2.302934803153724e-15
43,108,6.936870695722864e-30
43,109,1.2674100431152168e-30
43,110,3.8249254998563564e-30
43,111,1.1705673831980925e-30
43,112,4.3087159937308705e-30
43,113,1.0554371718839525e-30
43,114,3.512555625663553e-30
43,115,1.8917739321331766e-30
43,116,2.5786209333931097e-30
43,117,3.656280466936687e-30
43,118,1.9193362210079725e-30
43,119,2.4454118119101498e-30
43,120,2.697782982981312e-30
43,121,1.5177966963780605e-30
43,122,2.8472175319560837e-30
43,123,4.30331216145879e-30
43,124,6.984525089213124e-30
43,125,2.8493141705431845e-30
43,126,2.197799578827259e-30
43,127,2.5629961324014343e-30
43,128,1.843674869806875e-30
43,129,1.833269292804613e-30
43,130,2.1440864833295814e-30
43,131,2.317886660386438e-30
43,132,3.722741832107989e-30
43,133,2.981495040556026e-30
43,134,2.425880330415308e-30
43,135,2.95975375444111e-30
43,136,2.4116730096489132e-30
43,137,4.3030714718283336e-30
43,138,2.6286622883191686e-30
43,139,1.4293141445998543e-30
43,140,3.924948212312709e-30
43,141,3.28673540478556e-30
43,142,3.342434193247687e-30
43,143,1.8971172093652234e-30
43,144,8.229588729871937e-31
43,145,1.4940143526481459e-30
43,146,2.9425176448965837e-30
43,147,5.437019835709621e-30
43,148,1.0212292203469292e-15
43,149,1.2549783369663783e-30
44,45,1.3429243028443416e-30
44,46,7.105439211525329e-31
44,47,1.7321303808978413e-30
44,48,1.6282698781668724e-30
44,49,1.0321624879892543e-30
44,50,4.470774161537096e-31
44,51,3.9617274326040335e-30
44,52,6.29040937979559e-31
44,53,1.187565798707622e-30
44,54,1.5155930418386018e-30
44,55,1.0386824664625726e-30
44,56,1.634055824903627e-30
44,57,1.7882821848025147e-30
44,58,1.626087515692129e-30
44,59,1.0102933416118638e-30
44,60,2.1158523579172736e-30
44,61,2.8493787140591417e-30
44,62,2.9705671110128254e-30
44,63,4.77898314677813e-31
44,64,8.45149074287537e-31
44,65,1.3767231364871436e-30
44,66,1.331546999104208e-30
44,67,1.1188971886862312e-30
44,68,4.790622504013777e-31
44,69,2.2616511276756582e-30
44,70,7.498508542144177e-31
44,71,2.8118400978785508e-30
44,72,1.2645077191492831e-30
44,73,9.403353005320353e-31
44,74,2.3716200643445717e-30
44,75,1.9530441449319595e-30
44,76,5.5971530178738525e-31
44,77,1.291607641212311e-30
44,78,5.421894452392324e-31
44,79,2.0904353621416818e-30
44,80,2.733723895702075e-30
44,81,1.2477403112328329e-30
44,82,2.6523115702317895e-30
44,83,4.577575015941444e-16
44,84,1.051796429299693e-30
44,85,4.955319506024753e-31
44,86,9.092351417534408e-31
44,87,9.566106611460152e-31
44,88,1.5866627619226826e-30
44,89,1.0497157220608482e-31
44,90,1.0891972733694581e-30
44,91,5.885893679073412e-31
44,92,9.620011177509207e-31
44,93,1.345368084365882e-30
44,94,9.523229446746567e-31
44,95,1.1839867731797904e-30
44,96,1.7933183771297303e-30
44,97,4.170118616524164e-31
44,98,7.90339614262988e-31
44,99,8.192973114549557e-31
44,100,1.0846138933150397e-30
44,101,1.1012210462548822e-30
44,102,2.593005342442238e-30
44,103,8.333701802602742e-31
44,104,8.34568213264514e-31
44,105,1.971716481266134e-30
44,106,1.6003812380338553e-30
44,107,1.0506869391606454e-15
44,108,3.0496861710984094e-30
44,109,5.622213749595995e-31
44,110,2.3221986586001145e-30
44,111,1.2237821445656063e-30
44,112,2.3481933281082116e-30
44,113,7.681122246262848e-31
44,114,1.418374104610212e-30
44,115,1.9871228008776682e-30
44,116,1.3729203592013085e-30
44,117,1.6275015487554428e-30
44,118,8.223609961291891e-31
44,119,1.0114073941657498e-30
44,120,1.20669784389512e-30
44,121,7.865148525441775e-31
44,122,2.4820775221475554e-30
44,123,1.7081891305499683e-30
44,124,2.2539616012640545e-30
44,125,1.1006744116473977e-30
44,126,1.4517811609890393e-30
44,127,1.2736748284057747e-30
44,128,1.4382690883680035e-30
44,129,7.674263639945441e-31
44,130,1.0821471548225844e-30
44,131,2.425064254392509e-30
44,132,3.489087506865183e-30
44,133,1.3737211598656852e-30
44,134,1.935128839925576e-30
44,135,1.2653697417322548e-30
44,136,2.2195273461163364e-30
44,137,2.375764103844608e-30
44,138,1.1666611027446954e-30
44,139,3.966169075603224e-31
44,140,2.991938961106135e-30
44,141,2.4258138207570072e-30
44,142,1.1233881003151614e-30
44,143,1.353243210760233e-30
44,144,2.87889811807308e-31
44,145,4.056255832736023e-31
44,146,1.3630072886422745e-30
44,147,4.8208819506391206e-30
44,148,1.046294579833404e-30
44,149,9.375525796150956e-31
45,46,1.599662892568671e-30
45,47,1.2277737680948332e-30
45,48,4.3573640930665045e-30
45,49,1.617768289193846e-30
45,50,2.811645024850045e-31
45,51,7.083211855331846e-30
45,52,9.779519512017877e-31
45,53,1.7409807002075176e-30
45,54,1.8587684166892018e-30
45,55,1.802130977110007e-30
45,56,1.3004642131273623e-30
45,57,2.5866483135072644e-30
45,58,2.3893187911788554e-30
45,59,2.7215872383575864e-30
45,60,1.8775974973286764e-30
45,61,3.440169467528506e-30
45,62,3.477116884784406e-30
45,63,6.916950240396858e-31
45,64,1.3143760422082443e-30
45,65,1.6687973090679863e-30
45,66,2.039405938905902e-30
45,67,1.3949513793075123e-30
45,68,1.0927415038383601e-30
45,69,3.546285437872821e-30
45,70,1.5734598031662315e-30
45,71,2.6787447906711753e-30
45,72,1.8364020335788722e-30
45,73,1.623090816114526e-30
45,74,3.5883169791420375e-30
45,75,3.1363214960048717e-30
45,76,7.746240778868793e-31
45,77,1.0161713889538392e-30
45,78,4.499991071895792e-31
45,79,4.876386546659845e-16
45,80,5.086621089296239e-30
45,81,1.836237627942888e-30
45,82,4.749855966128863e-30
45,83,2.6020852139652185e-16
45,84,2.1837979871670227e-30
45,85,7.8461484056430175e-31
45,86,1.7675210602231018e-30
45,87,1.5357384940678622e-30
45,88,1.7950060184640735e-30
45,89,6.842554266063509e-32
45,90,2.4846252480129397e-30
45,91,7.211842687097701e-31
45,92,1.0487035416847349e-30
45,93,2.0283799970882245e-30
45,94,8.284127136579867e-31
45,95,2.2264022314811063e-16
45,96,2.7439898016379555e-30
45,97,1.0473184736029478e-30
45,98,1.0805829989149755e-30
45,99,8.502640685037814e-31
45,100,8.433321400795524e-31
45,101,6.598718935283725e-31
45,102,2.3896375153124453e-30
45,103,1.4420451934825546e-30
45,104,1.3883727229516745e-30
45,105,3.954977405872983e-30
45,106,1.4344934718983034e-30
45,107,6.848885128381575e-16
45,108,2.0506900947690673e-30
45,109,9.108728700963233e-31
45,110,1.3543423569452653e-30
45,111,1.9192703865489748e-30
45,112,2.731946294490794e-30
45,113,1.3349056091968288e-30
45,114,2.58653143142509e-30
45,115,2.64542284634851e-30
45,116,9.556034546353716e-31
45,117,1.3880851060939213e-30
45,118,1.4595656805620653e-30
45,119,6.784591576968915e-31
45,120,1.0268128494583273e-30
45,121,1.8394526578530843e-30
45,122,4.574757653043927e-30
45,123,1.4446994418874258e-30
45,124,3.5604178060008794e-30
45,125,8.969626307830961e-31
45,126,2.7534242093516964e-30
45,127,7.8607108999696825e-31
45,128,2.462971922976997e-30
45,129,1.3014311425119986e-30
45,130,1.047776298342915e-30
45,131,2.946440193170399e-30
45,132,5.731267289670843e-30
45,133,9.634052467890141e-31
45,134,3.715998865876512e-30
45,135,1.1915849685389788e-30
45,136,3.703720475830431e-30
45,137,1.4069340791479985e-30
45,138,2.788506341690016e-30
45,139,9.492510875861723e-31
45,140,4.1438546066528226e-30
45,141,1.8656599961006596e-30
45,142,1.504543879643214e-30
45,143,2.3591331345980237e-30
45,144,3.0292246196308945e-31
45,145,1.1238197569754904e-30
45,146,1.1763890012242986e-30
45,147,4.555020419955332e-30
45,148,8.127689049490716e-31
45,149,1.5553216890644222e-30
46,47,1.317668754535556e-30
46,48,3.1201708721041313e-30
46,49,1.1869195682038969e-30
46,50,1.9324386953875368e-31
46,51,4.721739103950873e-30
46,52,8.622560997360063e-31
46,53,1.0257396670190542e-30
46,54,1.1796412650800484e-30
46,55,1.6606362026637276e-30
46,56,6.115930122880741e-31
46,57,1.6129462937959854e-30
46,58,1.494788025790554e-30
46,59,2.0836737056502243e-30
46,60,1.0134094620131574e-30
46,61,2.0170891918376768e-30
46,62,2.041203027207825e-30
46,63,6.483543395841791e-31
46,64,8.765842811814343e-31
46,65,1.6789380823839588e-30
46,66,1.9839848475687725e-30
46,67,8.701038085265132e-31
46,68,7.656839470599828e-31
46,69,2.3512018705313932e-30
46,70,1.1380276441829218e-30
46,71,1.7884698396611792e-30
46,72,1.309568594432845e-30
46,73,1.4931180479047547e-30
46,74,2.1555427132900813e-30
46,75,1.976968408469164e-30
46,76,6.460689110308263e-31
46,77,8.641953852673235e-31
46,78,7.81318381366622e-31
46,79,4.759089844286814e-16
46,80,3.3652310254762976e-30
46,81,1.1250406151935368e-30
46,82,3.054202661223329e-30
46,83,5.032402606015403e-16
46,84,1.5837634997320073e-30
46,85,5.00763776526433e-31
46,86,1.1235557275125359e-30
46,87,1.3310372501833547e-30
46,88,1.2420839297670788e-30
46,89,7.305465544511645e-32
46,90,1.791197080100865e-30
46,91,5.323899962406711e-31
46,92,7.504079184526725e-31
46,93,1.1200662820763645e-30
46,94,6.750525894328781e-31
46,95,8.038328568583518e-31
46,96,1.7846615716854353e-30
46,97,7.070790193723849e-31
46,98,7.798135457368012e-31
46,99,6.675317734929222e-31
46,100,7.09127104411788e-31
46,101,5.22793392915646e-31
46,102,2.29902984323146e-30
46,103,9.47633583823996e-31
46,104,1.0623052277568883e-30
46,105,2.4684537285577886e-30
46,106,8.142079212083528e-31
46,107,7.312224701214433e-16
46,108,2.3238075860012202e-30
46,109,7.770129697012669e-31
46,110,1.0442554592090905e-30
46,111,1.1183774882634845e-30
46,112,1.964499228870847e-30
46,113,8.498722662295018e-31
46,114,2.0392885819314196e-30
46,115,1.428874758358943e-30
46,116,8.134725423831698e-31
46,117,1.479932386169218e-30
46,118,1.1820158634496248e-30
46,119,7.636364911155019e-31
46,120,9.464010233266374e-31
46,121,1.224366053916467e-30
46,122,2.9943346544549223e-30
46,123,1.5679506059650377e-30
46,124,3.302154479405733e-30
46,125,1.0922662268769958e-30
46,126,1.9146015274926888e-30
46,127,7.985348535797315e-31
46,128,1.5912306016303077e-30
46,129,1.1136025681106125e-30
46,130,8.521419968426317e-31
46,131,1.6462075232973567e-30
46,132,3.582666732173752e-30
46,133,1.0274565129981947e-30
46,134,2.4411626262152548e-30
46,135,1.1957404977212438e-30
46,136,2.3639181468791068e-30
46,137,1.5213464413079378e-30
46,138,1.970044496425561e-30
46,139,8.1265620475893e-31
46,140,2.6384338094486865e-30
46,141,1.041718331391991e-30
46,142,1.4119521542542546e-30
46,143,1.6026579791383346e-30
46,144,3.224280306701895e-31
46,145,8.972812575827859e-31
46,146,1.1346125430999634e-30
46,147,2.179971807942764e-30
46,148,7.885474221531067e-31
46,149,8.159853046653122e-31
47,48,2.0904049424983127e-30
47,49,1.5319033675614628e-30
47,50,5.410707970383078e-31
47,51,3.474444456894475e-30
47,52,1.2054196834348871e-30
47,53,4.015121575952415e-31
47,54,1.1016722520819645e-30
47,55,2.3317312803944305e-30
47,56,1.5436055046408277e-30
47,57,1.3052976087473622e-30
47,58,8.672408579981869e-31
47,59,1.8369538146996666e-30
47,60,2.2891583396615743e-30
47,61,2.212253349438354e-30
47,62,1.8438019628324214e-30
47,63,6.555394704027822e-31
47,64,9.25193192851118e-31
47,65,2.521830815500897e-30
47,66,3.1040114583870723e-30
47,67,1.0305758107229066e-30
47,68,4.8451167139275085e-31
47,69,1.6710412185055458e-30
47,70,9.866250304551977e-31
47,71,3.24084480509512e-30
47,72,1.609185984969116e-30
47,73,2.132335304078859e-30
47,74,1.687738165759722e-30
47,75,1.1522325397519902e-30
47,76,1.0239136547034278e-30
47,77,1.8418271755062872e-30
47,78,9.996062714524555e-31
47,79,6.708873437495279e-16
47,80,2.026364153644825e-30
47,81,5.188015479535971e-31
47,82,1.2640188859720532e-30
47,83,7.121076845233142e-16
47,84,1.2280520469077154e-30
47,85,2.0849617083467944e-31
47,86,8.015128757994843e-31
47,87,1.9991420243259128e-30
47,88,1.885516281616595e-30
47,89,1.6689988100184705e-31
47,90,1.2934528843273193e-30
47,91,8.290799274970923e-31
47,92,1.2630934680887373e-30
47,93,9.398466357297415e-31
47,94,1.2377257411542402e-30
47,95,1.588221680954175e-30
47,96,6.709927283428385e-31
47,97,7.3634431469375365e-31
47,98,7.253667296176243e-31
47,99,5.501629643381875e-31
47,100,1.3965732208054324e-30
47,101,1.3999490337315495e-30
47,102,4.177074441969326e-30
47,103,3.9113037580482567e-31
47,104,1.2670330717270445e-30
47,105,1.0820561725781678e-30
47,106,1.740480416403635e-30
47,107,1.6705429996974117e-15
47,108,4.855520006397739e-30
47,109,7.864005236931636e-31
47,110,2.9245315256379028e-30
47,111,4.8083029198757866e-31
47,112,2.9949028507932583e-30
47,113,7.120228635266052e-31
47,114,2.5597954877645702e-30
47,115,7.979838305852753e-31
47,116,1.767927558384246e-30
47,117,2.5451643412406006e-30
47,118,1.4222759676243346e-30
47,119,1.5593289101491977e-30
47,120,1.7098253440551995e-30
47,121,9.583592971374008e-31
47,122,1.3347206293827857e-30
47,123,3.1281801841318954e-30
47,124,4.9958492548956995e-30
47,125,1.964902309483831e-30
47,126,1.3702393810112879e-30
47,127,1.742180060363347e-30
47,128,1.2165584555095676e-30
47,129,1.0581488545939385e-30
47,130,1.6532508344488556e-30
47,131,1.2964961785749048e-30
47,132,2.4127788341013933e-30
47,133,2.223324666195104e-30
47,134,1.2603267291042527e-30
47,135,2.0684819808418574e-30
47,136,1.6380940726603405e-30
47,137,3.429306746559748e-30
47,138,1.4491816387394364e-30
47,139,9.958626163018783e-31
47,140,2.318251064941624e-30
47,141,2.4864317241339182e-30
47,142,2.0374874024555004e-30
47,143,1.18511531491001e-30
47,144,5.532229365263046e-31
47,145,1.052396069787717e-30
47,146,2.0678262756453623e-30
47,147,3.491937204236314e-30
47,148,1.8747521465623892e-30
47,149,4.219151275719778e-31
48,49,3.059808632693683e-30
48,50,3.067443548932688e-31
48,51,1.284650327161975e-29
48,52,1.9282636269129793e-30
48,53,2.9571740236865107e-30
48,54,3.2275222988265086e-30
48,55,3.637760973655148e-30
48,56,1.6421098527883167e-30
48,57,4.529439523307103e-30
48,58,4.1545393380535625e-30
48,59,5.260111664266422e-30
48,60,2.9603246053672834e-30
48,61,5.864915351857893e-30
48,62,5.719762578480506e-30
48,63,1.3814678013461748e-30
48,64,2.3171082594299732e-30
48,65,3.39595598721991e-30
48,66,4.14332049590633e-30
48,67,2.4427493290678945e-30
48,68,2.0264636705450994e-30
48,69,6.348201002710395e-30
48,70,2.9690663726061802e-30
48,71,4.697929201012329e-30
48,72,3.372052981634756e-30
48,73,3.287760857774467e-30
48,74,6.178213289694606e-30
48,75,5.509380072833044e-30
48,76,1.5148069734339744e-30
48,77,1.937045295471607e-30
48,78,7.771880451725279e-31
48,79,3.0915089113605446e-16
48,80,9.265465226270137e-30
48,81,3.199216858419342e-30
48,82,8.469893918094404e-30
48,83,3.7238012298709067e-16
48,84,4.111630149162548e-30
48,85,1.3798343608185637e-30
48,86,3.1502714529018144e-30
48,87,3.0119593189508315e-30
48,88,3.247292602413464e-30
48,89,9.91417332876732e-32
48,90,4.6834359905944764e-30
48,91,1.3443498333404654e-30
48,92,1.9540849119664115e-30
48,93,3.396399733370896e-30
48,94,1.4151809895465988e-30
48,95,2.0513409165202196e-30
48,96,4.806568566408306e-30
48,97,1.93811321664403e-30
48,98,1.9704773033715402e-30
48,99,1.3803670585921212e-30
48,100,1.5093876339048197e-30
48,101,9.266932520872833e-31
48,102,4.8507909714529594e-30
48,103,2.5758794993037574e-30
48,104,2.6542303756839225e-30
48,105,7.041691371145614e-30
48,106,2.154811146574673e-30
48,107,9.923346111897879e-16
48,108,3.559351211273788e-30
48,109,1.775455485065586e-30
48,110,1.6932643399066217e-30
48,111,3.27995729624186e-30
48,112,4.9459776330152974e-30
48,113,2.3712867317999062e-30
48,114,5.06061453524504e-30
48,115,4.2987991518560426e-30
48,116,1.5596119409163767e-30
48,117,2.7280978245339187e-30
48,118,2.872124724394851e-30
48,119,8.501536086765736e-31
48,120,1.797539692919846e-30
48,121,3.363876676079563e-30
48,122,8.27041055754069e-30
48,123,2.6435347057734475e-30
48,124,7.240162860927085e-30
48,125,1.7967538140497938e-30
48,126,5.0684358807803e-30
48,127,1.2446891962937617e-30
48,128,4.462290935027553e-30
48,129,2.5117065783463806e-30
48,130,2.011581620456225e-30
48,131,4.792369097705166e-30
48,132,1.003625892721428e-29
48,133,1.871730135348155e-30
48,134,6.698778741245563e-30
48,135,2.4134538794330987e-30
48,136,6.593625990801378e-30
48,137,2.347615339335595e-30
48,138,5.0739997070475576e-30
48,139,1.898228444388929e-30
48,140,7.349307667726151e-30
48,141,2.7492005211271333e-30
48,142,3.0316764106850233e-30
48,143,4.2451765825071305e-30
48,144,6.147219294999042e-31
48,145,2.203602049831827e-30
48,146,2.2711267684639732e-30
48,147,6.320695874499149e-30
48,148,1.5710304384964502e-30
48,149,2.552591242713847e-30
49,50,2.929483719967049e-31
49,51,4.7441511926608606e-30
49,52,8.303194538441757e-31
49,53,1.1268685834408328e-30
49,54,1.1193658784271517e-30
49,55,1.556981674727055e-30
49,56,1.0200663489185522e-30
49,57,1.732573926098626e-30
49,58,1.3435939949623389e-30
49,59,1.97469788104234e-30
49,60,1.2431656857588587e-30
49,61,2.286362744252083e-30
49,62,2.392622551895512e-30
49,63,5.153973726629243e-31
49,64,8.546185467501725e-31
49,65,1.610786038683693e-30
49,66,2.020412129699188e-30
49,67,9.066850260857835e-31
49,68,7.973653742473281e-31
49,69,2.3404166266114002e-30
49,70,1.1699745795351988e-30
49,71,1.666873890168945e-30
49,72,1.2378235038145607e-30
49,73,1.4623696243127027e-30
49,74,2.4457884234822182e-30
49,75,2.2819977307568627e-30
49,76,6.7232201855056775e-31
49,77,9.303138389002249e-31
49,78,7.367959808857381e-31
49,79,3.787898901196398e-16
49,80,3.4375976663340626e-30
49,81,1.1783825852946879e-30
49,82,3.245120866162778e-30
49,83,4.3355595091313803e-16
49,84,1.657726483847179e-30
49,85,5.033794143124328e-31
49,86,1.199528277389608e-30
49,87,1.3499560797737721e-30
49,88,1.2132672610674038e-30
49,89,8.926493199365546e-32
49,90,1.763812161599557e-30
49,91,7.112888125832773e-31
49,92,8.836635459807584e-31
49,93,1.4480632557807219e-30
49,94,8.099665637224899e-31
49,95,1.021475243705437e-30
49,96,1.6849174307673572e-30
49,97,8.068641521988772e-31
49,98,6.950100284531152e-31
49,99,6.874719363903092e-31
49,100,8.062203972319895e-31
49,101,7.337875540725278e-31
49,102,2.379076758210615e-30
49,103,9.501327269702606e-31
49,104,1.0108711295646785e-30
49,105,2.7373865744118852e-30
49,106,1.2189422739664347e-30
49,107,8.934752161915341e-16
49,108,2.716778230620282e-30
49,109,6.955044705140143e-31
49,110,1.432264828922798e-30
49,111,1.2862478769874324e-30
49,112,1.878017275692602e-30
49,113,8.740344117444562e-31
49,114,2.0242795597214077e-30
49,115,1.7899287171345302e-30
49,116,1.043491721263301e-30
49,117,1.4347413537815817e-30
49,118,1.2923454478965544e-30
49,119,1.0161740142785427e-30
49,120,1.0902385810963724e-30
49,121,1.3307022592648704e-30
49,122,2.9574425998107105e-30
49,123,1.7305806791926215e-30
49,124,3.329301192587566e-30
49,125,1.1722797829510573e-30
49,126,1.769565328130934e-30
49,127,1.0385201639090814e-30
49,128,1.7864219339254306e-30
49,129,8.71817804167051e-31
49,130,1.0759809251407014e-30
49,131,2.043272820247176e-30
49,132,4.016813392333405e-30
49,133,1.1775576498186327e-30
49,134,2.5014258839524266e-30
49,135,1.194329345039393e-30
49,136,2.499549985027883e-30
49,137,1.8277916063428284e-30
49,138,1.7637412455009585e-30
49,139,7.784479828582447e-31
49,140,2.52118236818073e-30
49,141,1.4064619827061735e-30
49,142,1.3039767929909378e-30
49,143,1.5573063044135865e-30
49,144,3.3265525085632792e-31
49,145,8.957401596286818e-31
49,146,1.1276328262031789e-30
49,147,3.213119187827182e-30
49,148,9.633422412947875e-31
49,149,1.1677960299836921e-30
50,51,8.256280821819715e-31
50,52,2.118958718619746e-31
50,53,2.382983011359406e-31
50,54,3.105181103659158e-31
50,55,3.6412024889900244e-31
50,56,4.164608616322352e-31
50,57,3.851583063225165e-31
50,58,3.335455977002922e-31
50,59,2.3630178863902275e-31
50,60,5.30071843943543e-31
50,61,6.650886737012967e-31
50,62,6.349012157397326e-31
50,63,1.1441707524740134e-31
50,64,2.1382380863339034e-31
50,65,4.424141851576977e-31
50,66,5.0644458180032395e-31
50,67,2.37950138947342e-31
50,68,9.397524469165829e-32
50,69,4.458517449880823e-31
50,70,1.4273931547713907e-31
50,71,7.10502882177155e-31
50,72,3.266382670148293e-31
50,73,3.592686998221967e-31
50,74,5.306229869100302e-31
50,75,4.155628357017683e-31
50,76,1.68004794474589e-31
50,77,3.453734320568858e-31
50,78,1.9577723353657743e-31
50,79,5.441055572565279e-31
50,80,5.354227424818047e-31
50,81,2.4741430368817304e-31
50,82,5.006168110899536e-31
50,83,1.4319427044266034e-30
50,84,2.113127126915706e-31
50,85,9.717686001902981e-32
50,86,2.0665868289867084e-31
50,87,3.186273920567656e-31
50,88,4.059252171656203e-31
50,89,3.3275903235477144e-32
50,90,1.9461815540322994e-31
50,91,1.8074604219204687e-31
50,92,2.0572440795476165e-31
50,93,3.2542100191313824e-31
50,94,2.9116707863575703e-31
50,95,3.427382998426718e-31
50,96,3.343671781263129e-31
50,97,1.0029484248179681e-31
50,98,1.4909899739441924e-31
50,99,1.6852457465049611e-31
50,100,3.157235190099248e-31
50,101,3.0302985425598753e-31
50,102,8.010194369207697e-31
50,103,1.4820002765162505e-31
50,104,2.237738538402484e-31
50,105,4.066673331726127e-31
50,106,4.545761095252624e-31
50,107,3.3306690738754716e-16
50,108,9.860808462533038e-31
50,109,1.482745623136575e-31
50,110,6.239345585566572e-31
50,111,2.567869101848068e-31
50,112,6.42762784309329e-31
50,113,1.686354243954883e-31
50,114,4.200411249622187e-31
50,115,4.351477978337431e-31
50,116,3.9893547630016455e-31
50,117,4.940944663692569e-31
50,118,2.3759051545103414e-31
50,119,3.4615115085323145e-31
50,120,3.846505511248078e-31
50,121,1.9172575096720987e-31
50,122,4.727152068921581e-31
50,123,5.749141988812815e-31
50,124,8.354067579158859e-31
50,125,3.7692646144490887e-31
50,126,2.7791960218991865e-31
50,127,3.8878483754658184e-31
50,128,3.158181625296554e-31
50,129,1.881263737378652e-31
50,130,3.1889095925347726e-31
50,131,5.313560774321125e-31
50,132,7.352147085967288e-31
50,133,4.230812196431196e-31
50,134,3.687034036428359e-31
50,135,4.0061293884163045e-31
50,136,4.540431667540671e-31
50,137,6.950864012995269e-31
50,138,2.2592135776018435e-31
50,139,1.5033931866204393e-31
50,140,6.523657666445414e-31
50,141,5.945760899097775e-31
50,142,3.797339535249848e-31
50,143,2.7169096141857574e-31
50,144,1.0553473980838835e-31
50,145,1.5272875229758821e-31
50,146,4.070174746421246e-31
50,147,1.1464802405632224e-30
50,148,2.8534860382696945e-31
50,149,2.2284029360970466e-31
51,52,2.8350739584351723e-30
51,53,5.1434166713102894e-30
51,54,5.553854047336569e-30
51,55,5.239825484591252e-30
51,56,3.8397855282901866e-30
51,57,7.670503889635693e-30
51,58,7.099887930438862e-30
51,59,8.062818615917537e-30
51,60,5.463652868207469e-30
51,61,1.008297403119191e-29
51,62,1.0199274676955059e-29
51,63,2.1022595171565253e-30
51,64,3.7405213662052606e-30
51,65,5.002604302857889e-30
51,66,5.944803668856235e-30
51,67,4.135297561788053e-30
51,68,3.2244910053097194e-30
51,69,1.0309796105113316e-29
51,70,4.6579603398858555e-30
51,71,7.951970718719338e-30
51,72,5.374296109583897e-30
51,73,4.75495493316351e-30
51,74,1.05021755301844e-29
51,75,9.332076068443167e-30
51,76,2.2354808608594427e-30
51,77,2.9081820608040235e-30
51,78,1.467425936014494e-30
51,79,7.832655895573063e-16
51,80,1.5073749019377767e-29
51,81,5.4802942333646045e-30
51,82,1.403495169585686e-29
51,83,5.433008810660903e-16
51,84,6.461475010260192e-30
51,85,2.3252901789334955e-30
51,86,5.1515697281951054e-30
51,87,4.4090848095915366e-30
51,88,5.299719565580682e-30
51,89,1.979924009980069e-31
51,90,7.358605757942451e-30
51,91,2.175548886490274e-30
51,92,3.090505772565185e-30
51,93,5.9235551852649054e-30
51,94,2.347640544473779e-30
51,95,6.678037645906172e-16
51,96,8.129266234169217e-30
51,97,3.018899882706694e-30
51,98,3.217741981264593e-30
51,99,2.4998019601271803e-30
51,100,2.498668482634327e-30
51,101,1.9840149033254552e-30
51,102,7.048010196480008e-30
51,103,4.2769391373849484e-30
51,104,4.085788203733663e-30
51,105,1.1618701693599553e-29
51,106,4.2187313693084206e-30
51,107,1.9817558736116944e-15
51,108,6.0603127419173955e-30
51,109,2.636332662344387e-30
51,110,3.929897257827476e-30
51,111,5.651127080879161e-30
51,112,7.846824865085275e-30
51,113,3.875877748515449e-30
51,114,7.613453115622051e-30
51,115,7.809237848310871e-30
51,116,2.7971932833088104e-30
51,117,3.919010341702166e-30
51,118,4.391186127400097e-30
51,119,2.076266597425129e-30
51,120,2.837107940377342e-30
51,121,5.361076625099167e-30
51,122,1.3512899352566522e-29
51,123,4.120488857550662e-30
51,124,1.0416519222858292e-29
51,125,2.7761449562953772e-30
51,126,8.095096650130758e-30
51,127,2.338592703314362e-30
51,128,7.307487514702409e-30
51,129,3.838511684214005e-30
51,130,3.134434342814401e-30
51,131,8.756248347346578e-30
51,132,1.6945294474655645e-29
51,133,2.7538956487994472e-30
51,134,1.0888590577775923e-29
51,135,3.494865147164888e-30
51,136,1.0906890862993254e-29
51,137,3.9654133976646755e-30
51,138,8.06900767676654e-30
51,139,2.792062750920178e-30
51,140,1.2907429463635096e-29
51,141,5.443310547389532e-30
51,142,4.4410806221253264e-30
51,143,6.857998185362342e-30
51,144,8.851219440651037e-31
51,145,3.272521585995068e-30
51,146,3.31548994326412e-30
51,147,1.346460091139197e-29
51,148,2.317317680725296e-30
51,149,4.529796219555354e-30
52,53,5.894180837396266e-31
52,54,7.07934603213706e-31
52,55,1.1742561862655349e-30
52,56,6.029950710848784e-31
52,57,9.4991570997847e-31
52,58,8.852650193343451e-31
52,59,1.297878715676507e-30
52,60,8.474779556695754e-31
52,61,1.3408308784821878e-30
52,62,1.1113040301354771e-30
52,63,4.502250344245794e-31
52,64,5.913573076654109e-31
52,65,1.3049884512149572e-30
52,66,1.587855797236675e-30
52,67,5.00774593949304e-31
52,68,4.649084848603134e-31
52,69,1.3191421574032246e-30
52,70,7.233593781723649e-31
52,71,1.3350871215094607e-30
52,72,8.290068340179522e-31
52,73,1.1389469169524143e-30
52,74,1.2747435043285323e-30
52,75,1.1281031950073183e-30
52,76,4.63505373752287e-31
52,77,6.231105259293381e-31
52,78,7.097211801362181e-31
52,79,3.0088327379293215e-16
52,80,2.0285509177455608e-30
52,81,6.243166813948292e-31
52,82,1.7124716275500425e-30
52,83,4.04900958897313e-16
52,84,1.0234162643882436e-30
52,85,2.8519068922242966e-31
52,86,6.7922361548192505e-31
52,87,9.658566111592402e-31
52,88,8.503584587889332e-31
52,89,7.065690106397376e-32
52,90,1.0944830552185452e-30
52,91,4.035574115097883e-31
52,92,6.022484687355033e-31
52,93,6.867955834596824e-31
52,94,5.907079296271091e-31
52,95,5.119763839743849e-16
52,96,1.0198286427173323e-30
52,97,4.538557058564963e-31
52,98,4.669692000535578e-31
52,99,3.3739501629558115e-31
52,100,6.313406784667603e-31
52,101,6.384907847117266e-31
52,102,1.981206313794244e-30
52,103,5.404488897807489e-31
52,104,6.937388924019635e-31
52,105,1.4487824525143073e-30
52,106,8.342999422741895e-31
52,107,7.072227418270459e-16
52,108,2.2062845687981075e-30
52,109,9.44608934874752e-31
52,110,1.0689285717083903e-30
52,111,6.496242185633204e-31
52,112,1.4104524559949011e-30
52,113,5.248515401051795e-31
52,114,1.3952433032878512e-30
52,115,8.501330252851004e-31
52,116,7.560084432765355e-31
52,117,1.1028595199468926e-30
52,118,8.403092918169542e-31
52,119,8.050923444154258e-31
52,120,9.755153190822656e-31
52,121,7.547362130424478e-31
52,122,1.7396771689036038e-30
52,123,1.383634779810617e-30
52,124,2.5312901003920066e-30
52,125,1.0723418686392958e-30
52,126,1.1573041071764348e-30
52,127,7.5689775761316745e-31
52,128,9.251179962496358e-31
52,129,8.883356391752504e-31
52,130,7.1123673577567e-31
52,131,9.311701664016381e-31
52,132,2.1328106704064103e-30
52,133,9.44952408468832e-31
52,134,1.4367709578943088e-30
52,135,9.82946640274047e-31
52,136,1.3975415867897325e-30
52,137,1.3726252520387808e-30
52,138,1.2419446083296922e-30
52,139,5.739554315140597e-31
52,140,1.7438959512120766e-30
52,141,9.001980987400059e-31
52,142,1.2082423030414415e-30
52,143,1.0230182750770354e-30
52,144,2.799439417638309e-31
52,145,6.152026182119644e-31
52,146,9.783364363971094e-31
52,147,1.6501965625934685e-30
52,148,1.3115243732317175e-16
52,149,5.398602218734452e-31
53,54,1.4850991409108256e-30
53,55,9.435503391426935e-31
53,56,1.1261487631901281e-30
53,57,1.9872645224587884e-30
53,58,1.8517384607271044e-30
53,59,1.78942303439843e-30
53,60,1.5556168403679548e-30
53,61,2.79482904541781e-30
53,62,2.8419722011976388e-30
53,63,4.802153193060002e-31
53,64,9.524319628094951e-31
53,65,9.283565814968636e-31
53,66,8.871328183951227e-31
53,67,1.083165880453893e-30
53,68,7.66749856461773e-31
53,69,2.6546613529318274e-30
53,70,1.0779401887384825e-30
53,71,2.1745990919711813e-30
53,72,1.3100372290338642e-30
53,73,8.874365598278264e-31
53,74,2.7117366030055684e-30
53,75,2.388477125946608e-30
53,76,4.864985141620205e-31
53,77,7.957817965004322e-31
53,78,2.4487079171202505e-31
53,79,3.650675994272796e-16
53,80,3.7266682672398336e-30
53,81,1.4308212492685063e-30
53,82,3.519158005728907e-30
53,83,1.9229626863835586e-16
53,84,1.5354129643580461e-30
53,85,5.9744908775315376e-31
53,86,1.2721125921895376e-30
53,87,8.200720578050555e-31
53,88,1.3817284111333372e-30
53,89,2.541489089909998e-32
53,90,1.7246376012034963e-30
53,91,5.630010242812493e-31
53,92,7.754213116590211e-31
53,93,1.541869597994316e-30
53,94,6.7765101742011615e-31
53,95,9.174970756372105e-31
53,96,2.1020119370346814e-30
53,97,6.934262302331884e-31
53,98,8.172551462698287e-31
53,99,7.179364487454881e-31
53,100,7.102377358570047e-31
53,101,5.687572838217425e-31
53,102,1.5956242931715708e-30
53,103,1.078763991880996e-30
53,104,9.49884543569012e-31
53,105,2.879104855057489e-30
53,106,1.1951316975072994e-30
53,107,2.5438405243138154e-16
53,108,1.0827638736908908e-30
53,109,6.403922376404509e-31
53,110,1.1658704518497056e-30
53,111,1.4650206998758944e-30
53,112,2.0311303950760622e-30
53,113,9.635369005762758e-31
53,114,1.694719505745274e-30
53,115,2.099757238517657e-30
53,116,7.925171741318431e-31
53,117,8.99515847616949e-31
53,118,1.018635257987969e-30
53,119,3.722520943775705e-31
53,120,7.737172638275672e-31
53,121,1.2770533725251066e-30
53,122,3.393055879878714e-30
53,123,2.947753333217516e-31
53,124,1.8747278694089266e-30
53,125,4.782257882738885e-31
53,126,1.9714971449126373e-30
53,127,6.468463205945913e-31
53,128,1.8459613622720455e-30
53,129,9.318038214604935e-31
53,130,8.134087664094536e-31
53,131,2.386598491645466e-30
53,132,4.2291446528322034e-30
53,133,5.662174545167513e-31
53,134,2.6989386241377538e-30
53,135,7.66183459979423e-31
53,136,2.7437927465837506e-30
53,137,9.725322151728502e-31
53,138,1.8765529129560074e-30
53,139,5.540848859433759e-31
53,140,3.19766925757547e-30
53,141,1.6360191826110825e-30
53,142,9.377550780808236e-31
53,143,1.6990175015935183e-30
53,144,1.5097356554543142e-31
53,145,6.778497953752333e-31
53,146,7.994213816190258e-31
53,147,3.8731432725925244e-30
53,148,4.390714681945891e-31
53,149,1.175207533311171e-30
54,55,1.205209912333041e-30
54,56,1.3331276635771257e-30
54,57,2.2063124052627513e-30
54,58,2.196401287882639e-30
54,59,1.9818603773647045e-30
54,60,1.7379377993324603e-30
54,61,3.452295994920516e-30
54,62,3.072131970259741e-30
54,63,6.455007967017179e-31
54,64,1.0994757061182699e-30
54,65,1.307279801235338e-30
54,66,1.2619223022187733e-30
54,67,1.2265216046795476e-30
54,68,8.221893593086877e-31
54,69,2.812103605796879e-30
54,70,1.1812496475044036e-30
54,71,2.5699818741367202e-30
54,72,1.384055327744064e-30
54,73,1.0259657377121377e-30
54,74,2.8500124120506408e-30
54,75,2.5374694364315373e-30
54,76,5.626552497125201e-31
54,77,1.0605054037988702e-30
54,78,5.267541815303943e-31
54,79,2.937374022976108e-16
54,80,4.0945339493199056e-30
54,81,1.5563642149754363e-30
54,82,3.770494543555729e-30
54,83,4.751495951074683e-16
54,84,1.7369437492678267e-30
54,85,6.6241666250843956e-31
54,86,1.3154728060492222e-30
54,87,8.933055678451538e-31
54,88,1.5502938607389787e-30
54,89,6.250006410871789e-32
54,90,1.8921728465528203e-30
54,91,4.621893240804694e-31
54,92,9.260994151452767e-31
54,93,1.5294020612637608e-30
54,94,8.108034878705835e-31
54,95,7.658043464423404e-31
54,96,2.415084542360973e-30
54,97,6.719738707385099e-31
54,98,9.902895903454584e-31
54,99,8.325150226939504e-31
54,100,8.075182941625612e-31
54,101,7.516966957864315e-31
54,102,1.7474717279579882e-30
54,103,1.2059792657606165e-30
54,104,1.0648575307127421e-30
54,105,2.9678979913172637e-30
54,106,1.2626075852252642e-30
54,107,6.255789036560355e-16
54,108,1.7899157657392563e-30
54,109,9.925451350905745e-31
54,110,1.679263286780012e-30
54,111,1.5490808925828524e-30
54,112,2.1469730957249603e-30
54,113,1.0205994979416022e-30
54,114,1.7939986602576103e-30
54,115,2.240218972803555e-30
54,116,8.991960386793829e-31
54,117,1.0581979967395906e-30
54,118,1.021156245767346e-30
54,119,5.177090938636404e-31
54,120,8.438357260897522e-31
54,121,1.280670668439334e-30
54,122,3.764441136113025e-30
54,123,1.0926368535068545e-30
54,124,2.1559002109275703e-30
54,125,7.86602082560631e-31
54,126,2.148647910075378e-30
54,127,7.983030788584252e-31
54,128,1.8902601220573634e-30
54,129,1.269347482441931e-30
54,130,7.133373313132189e-31
54,131,2.591459975621573e-30
54,132,4.4614263913021994e-30
54,133,8.649580128011884e-31
54,134,2.95724413262867e-30
54,135,8.529288650005101e-31
54,136,2.9515683381136532e-30
54,137,1.5906081392850607e-30
54,138,2.105202420285221e-30
54,139,6.342674564754106e-31
54,140,3.674093720119866e-30
54,141,2.0813049289030388e-30
54,142,1.2120567932779931e-30
54,143,1.9732816865480426e-30
54,144,1.9051381097366868e-31
54,145,7.239004583265559e-31
54,146,1.0354372748039878e-30
54,147,4.4234673907506445e-30
54,148,9.261507376900438e-31
54,149,1.1248800843949342e-30
55,56,8.830398087496391e-31
55,57,1.6341027896368173e-30
55,58,1.6778988192533958e-30
55,59,2.6141342225081122e-30
55,60,1.6291355668849893e-30
55,61,2.652239921161414e-30
55,62,1.9227224049381753e-30
55,63,7.839834784742848e-31
55,64,1.156241411121992e-30
55,65,2.413433975423211e-30
55,66,2.921674514197383e-30
55,67,9.884704975921658e-31
55,68,8.554473390613074e-31
55,69,2.485446700274651e-30
55,70,1.3186841433585432e-30
55,71,2.5950937608342392e-30
55,72,1.745610545926652e-30
55,73,2.1413478046855772e-30
55,74,2.222025896492045e-30
55,75,1.9035175277972227e-30
55,76,9.820064681954293e-31
55,77,1.4715239063955962e-30
55,78,1.1536523533592792e-30
55,79,6.933340566559914e-16
55,80,3.696567197729829e-30
55,81,1.1449472826367668e-30
55,82,3.0272634817449615e-30
55,83,9.193968961180777e-16
55,84,1.7630456049958118e-30
55,85,4.8897204441772175e-31
55,86,1.3134933542069115e-30
55,87,1.9760932693482078e-30
55,88,1.6373633971032315e-30
55,89,1.29990929308567e-31
55,90,2.0510843462365464e-30
55,91,7.962290556718113e-31
55,92,1.0920541906915754e-30
55,93,1.2241181809288108e-30
55,94,1.3826125089519707e-30
55,95,1.3861833189249412e-30
55,96,1.7329006976384314e-30
55,97,9.817790493384588e-31
55,98,8.173014239117888e-31
55,99,6.937668144459192e-31
55,100,1.1336859447544133e-30
55,101,1.031541921213306e-30
55,102,3.597812442996138e-30
55,103,9.353053646330457e-31
55,104,1.4037778122942079e-30
55,105,2.6662976968349705e-30
55,106,1.246795449334109e-30
55,107,1.30111199407137e-15
55,108,3.9469878581015796e-30
55,109,1.5496223406774595e-30
55,110,2.0404749378498067e-30
55,111,1.0849882985277187e-30
55,112,2.7092738425637204e-30
55,113,1.0378047136895368e-30
55,114,2.8144139464975086e-30
55,115,1.2317693123149156e-30
55,116,1.4688407134270706e-30
55,117,2.599571305267973e-30
55,118,1.4087672021035865e-30
55,119,1.2480887182049673e-30
55,120,1.3095648116301985e-30
55,121,1.4778491221861495e-30
55,122,3.211808795770771e-30
55,123,2.6723418182643324e-30
55,124,4.904096401710736e-30
55,125,1.5303059555030546e-30
55,126,2.21779884914194e-30
55,127,1.4392543757610614e-30
55,128,1.7474479653688095e-30
55,129,1.448979177049053e-30
55,130,1.2658818755701172e-30
55,131,1.3820100183691195e-30
55,132,3.610774690212609e-30
55,133,1.758548837894178e-30
55,134,2.6069768002603044e-30
55,135,1.8909507137311017e-30
55,136,2.509771397535909e-30
55,137,2.8409063786893145e-30
55,138,2.4009664402896302e-30
55,139,1.1149848898930552e-30
55,140,3.0690247578507867e-30
55,141,1.633596156092589e-30
55,142,2.0675195468927233e-30
55,143,1.84103656256297e-30
55,144,4.9756050397116914e-31
55,145,1.235461372389868e-30
55,146,1.7362709814807813e-30
55,147,2.0445267355919208e-30
55,148,1.4204397150498048e-30
55,149,9.421120151917138e-31
56,57,1.698313936264997e-30
56,58,1.5254023282502458e-30
56,59,9.673497131108813e-31
56,60,1.925471701513284e-30
56,61,2.7278949445843242e-30
56,62,2.7208555211427493e-30
56,63,3.6415205358075183e-31
56,64,8.40732367309263e-31
56,65,1.198609709592939e-30
56,66,1.2387017458171108e-30
56,67,9.86554163144104e-31
56,68,4.9282963490148995e-31
56,69,2.0667227092549393e-30
56,70,6.809668149753353e-31
56,71,2.529989927463169e-30
56,72,1.193930012048371e-30
56,73,9.352070677875444e-31
56,74,2.336100994429539e-30
56,75,1.9369291593275915e-30
56,76,4.947305718074319e-31
56,77,1.1099998471006707e-30
56,78,5.7428570084309415e-31
56,79,2.0629763100923893e-30
56,80,2.6648818247283782e-30
56,81,1.1706782714514821e-30
56,82,2.553693776884628e-30
56,83,5.333369448778646e-30
56,84,1.0134202613287974e-30
56,85,4.682428321389797e-31
56,86,9.639284882398791e-31
56,87,8.39468412806701e-31
56,88,1.4621786678813771e-30
56,89,9.800084624191431e-32
56,90,1.0447528976104082e-30
56,91,6.146670808395413e-31
56,92,7.4387007061617345e-31
56,93,1.403144426274034e-30
56,94,9.741924166686402e-31
56,95,1.1666630057944562e-30
56,96,1.63272462879348e-30
56,97,4.500223078012739e-31
56,98,6.504888525622196e-31
56,99,7.010158228971315e-31
56,100,1.0452946468043496e-30
56,101,9.962364375259272e-31
56,102,2.4092402965078605e-30
56,103,7.705154461764987e-31
56,104,7.747463941609396e-31
56,105,2.0726063482270484e-30
56,106,1.61177230835164e-30
56,107,9.809151850266493e-16
56,108,2.9218238962849442e-30
56,109,5.0709918224891965e-31
56,110,2.0559319066393733e-30
56,111,1.2099435384676123e-30
56,112,2.2341178253968576e-30
56,113,7.549809239322876e-31
56,114,1.3351358352857555e-30
56,115,1.9372557803150055e-30
56,116,1.3041647777243754e-30
56,117,1.4881349215279603e-30
56,118,8.0009571609925e-31
56,119,1.0517067783627803e-30
56,120,1.2333346847561181e-30
56,121,8.93780433183639e-31
56,122,2.4147782417636496e-30
56,123,1.578613006684607e-30
56,124,2.1694240952990255e-30
56,125,1.0615712992923223e-30
56,126,1.3553112933901139e-30
56,127,1.2411323952813213e-30
56,128,1.4476131195845316e-30
56,129,6.51904981149466e-31
56,130,1.0268381769526434e-30
56,131,2.2894873624810537e-30
56,132,3.388935341001044e-30
56,133,1.252097220228594e-30
56,134,1.8893654120625895e-30
56,135,1.1877846224795326e-30
56,136,2.1284011255207486e-30
56,137,2.1322510359817284e-30
56,138,1.1497839690143716e-30
56,139,3.7043750822939988e-31
56,140,2.792540488692199e-30
56,141,2.1473999046148857e-30
56,142,1.106145646194205e-30
56,143,1.255135824362138e-30
56,144,2.945585853160319e-31
56,145,4.1041253423906e-31
56,146,1.2442980418463903e-30
56,147,4.522822100860534e-30
56,148,8.05329722978402e-31
56,149,1.024221365827909e-30
57,58,2.7369399531523595e-30
57,59,2.7835015856285645e-30
57,60,2.2769677222859003e-30
57,61,4.2467267501346615e-30
57,62,4.131554495384581e-30
57,63,7.412887857235633e-31
57,64,1.4187287977929213e-30
57,65,1.585472692726862e-30
57,66,1.896463350941215e-30
57,67,1.5891359063756267e-30
57,68,1.166454462875364e-30
57,69,3.890998079896298e-30
57,70,1.658098639952155e-30
57,71,3.191437849792933e-30
57,72,1.93381960306458e-30
57,73,1.5223174329398127e-30
57,74,3.9987257351250704e-30
57,75,3.557315396519884e-30
57,76,7.381990197234222e-31
57,77,1.1629485542676497e-30
57,78,5.756389252799847e-31
57,79,3.4888217564856107e-16
57,80,5.5934706344795176e-30
57,81,2.1032606236075188e-30
57,82,5.2282751762920976e-30
57,83,3.177528557456262e-16
57,84,2.37129593165301e-30
57,85,8.822874840727726e-31
57,86,1.896633262190384e-30
57,87,1.3689482454715663e-30
57,88,2.0274377468913982e-30
57,89,7.808816192632101e-32
57,90,2.6243374693794194e-30
57,91,8.246802242859655e-31
57,92,1.1473436330929025e-30
57,93,2.2831219112639028e-30
57,94,1.074033773306034e-30
57,95,1.3777927068247868e-30
57,96,3.093814894855357e-30
57,97,1.0625192970468703e-30
57,98,1.2063392364772298e-30
57,99,1.0257862762138343e-30
57,100,1.0561713591728776e-30
57,101,9.018182636318919e-31
57,102,2.352789102280717e-30
57,103,1.6015501608651183e-30
57,104,1.4395343702223675e-30
57,105,4.2980799583203516e-30
57,106,1.798844032436695e-30
57,107,7.816041058999319e-16
57,108,2.3006021963415143e-30
57,109,1.0060084943974601e-30
57,110,1.878194694324915e-30
57,111,2.163059499532405e-30
57,112,2.969770118680431e-30
57,113,1.4295894205166381e-30
57,114,2.623940367170735e-30
57,115,3.0869367953434263e-30
57,116,1.1956352433113274e-30
57,117,1.3169760562930075e-30
57,118,1.593213093796103e-30
57,119,8.641413806929e-31
57,120,1.1862594810297135e-30
57,121,1.9297698442933067e-30
57,122,5.056514046754507e-30
57,123,1.3893893864847722e-30
57,124,3.322693942063117e-30
57,125,1.0275332241412933e-30
57,126,2.9267534457473924e-30
57,127,1.0730168995090203e-30
57,128,2.7559549545151626e-30
57,129,1.3862794558862352e-30
57,130,1.1794467764145602e-30
57,131,3.496466772328064e-30
57,132,6.270487812939927e-30
57,133,1.0432869839237051e-30
57,134,4.035952044377093e-30
57,135,1.1663217731572446e-30
57,136,4.0753728547169276e-30
57,137,1.6915810849215408e-30
57,138,2.7963651126532327e-30
57,139,9.15886024755927e-31
57,140,4.8552031100079526e-30
57,141,2.4156190501597377e-30
57,142,1.508247548266762e-30
57,143,2.5471899825016375e-30
57,144,2.7392112661370513e-31
57,145,1.0909469148625516e-30
57,146,1.178033737480017e-30
57,147,5.732138185356801e-30
57,148,8.373014996634028e-31
57,149,1.745184755771001e-30
58,59,2.573655813682432e-30
58,60,2.042713495744767e-30
58,61,4.1981845813333725e-30
58,62,3.55809985305457e-30
58,63,7.521252114444753e-31
58,64,1.4773167265218316e-30
58,65,1.488085024281677e-30
58,66,1.4547986071509834e-30
58,67,1.4859561209880608e-30
58,68,1.0354542334985029e-30
58,69,3.4470182589446075e-30
58,70,1.4541305555236341e-30
58,71,3.212042971362652e-30
58,72,1.779240225421985e-30
58,73,1.2948452659744276e-30
58,74,3.622252440356529e-30
58,75,3.0649365702084395e-30
58,76,8.241761612021153e-31
58,77,1.2822228698814866e-30
58,78,6.908799364398337e-31
58,79,6.103170391744316e-16
58,80,5.2032479582825885e-30
58,81,1.9387809769856127e-30
58,82,4.695374959228044e-30
58,83,4.084527897230517e-16
58,84,2.0946373446038286e-30
58,85,8.191177084244243e-31
58,86,1.7435607252266014e-30
58,87,1.1453473552086387e-30
58,88,1.9244168038034203e-30
58,89,5.817090058962265e-32
58,90,2.4063858542991038e-30
58,91,5.372954530366695e-31
58,92,1.0301307734442605e-30
58,93,2.025411449976968e-30
58,94,1.0871661798943339e-30
58,95,3.154914310984609e-16
58,96,2.9599680070315825e-30
58,97,9.115881963781386e-31
58,98,1.1739573054582196e-30
58,99,8.34853672346144e-31
58,100,9.434175307600752e-31
58,101,7.684291680513474e-31
58,102,2.1821848776622404e-30
58,103,1.5080839336203339e-30
58,104,1.3814590085707808e-30
58,105,3.853513599695565e-30
58,106,1.59180320292317e-30
58,107,5.822472142146876e-16
58,108,1.7969926447705027e-30
58,109,1.2343786956619602e-30
58,110,1.6656035582204425e-30
58,111,1.9664544795070007e-30
58,112,2.7000709088063365e-30
58,113,1.3584224406015323e-30
58,114,2.3787944851217206e-30
58,115,2.7868504768427216e-30
58,116,1.0575605171705833e-30
58,117,1.4400368425785268e-30
58,118,1.2233051310836705e-30
58,119,7.863022284942142e-31
58,120,1.1148207508908918e-30
58,121,1.7006694849627717e-30
58,122,4.832889696881462e-30
58,123,9.803978419850392e-31
58,124,2.6435690247182945e-30
58,125,9.667414321222672e-31
58,126,2.7901835289816523e-30
58,127,9.390060686259671e-31
58,128,2.3852282171728865e-30
58,129,1.651520461819685e-30
58,130,7.656448422799444e-31
58,131,3.0953180515897066e-30
58,132,5.569013467289034e-30
58,133,8.684136630698828e-31
58,134,3.727584963516338e-30
58,135,9.903190094730954e-31
58,136,3.712012377735323e-30
58,137,1.405647089559545e-30
58,138,2.8619990133498086e-30
58,139,8.186597506690673e-31
58,140,4.617801738501995e-30
58,141,2.2066299042356674e-30
58,142,1.4751699872714456e-30
58,143,2.4669051227597396e-30
58,144,2.283574904067711e-31
58,145,9.466697196779243e-31
58,146,1.1856629113363897e-30
58,147,5.2110252612395335e-30
58,148,9.532624444110472e-31
58,149,1.536587313969718e-30
59,60,1.8051063301361533e-30
59,61,3.5541242552386736e-30
59,62,3.415261762504336e-30
59,63,9.639582278024244e-31
59,64,1.4620848697267292e-30
59,65,2.5346539441928686e-30
59,66,3.015270755149566e-30
59,67,1.5079626731865364e-30
59,68,1.2869596370584911e-30
59,69,3.98909178861494e-30
59,70,1.9022104539026515e-30
59,71,3.060170401915955e-30
59,72,2.1816124462828945e-30
59,73,2.3231891946518097e-30
59,74,3.77606085024042e-30
59,75,3.377710943614469e-30
59,76,1.0431636926860557e-30
59,77,1.4773198007597043e-30
59,78,8.985427844614881e-31
59,79,5.127274494396194e-16
59,80,5.792290772773794e-30
59,81,1.9614519426900637e-30
59,82,5.263517246197461e-30
59,83,5.362091717214905e-16
59,84,2.6285529707310906e-30
59,85,8.519341491821352e-31
59,86,1.9618696131843934e-30
59,87,2.118646962505537e-30
59,88,2.0739689021588894e-30
59,89,9.737358321659472e-32
59,90,3.0068399308709225e-30
59,91,8.883071150446489e-31
59,92,1.2320133952813766e-30
59,93,2.047548010216612e-30
59,94,9.80063116120156e-31
59,95,4.922734450503428e-16
59,96,2.978024070555755e-30
59,97,1.2381903639797405e-30
59,98,1.2549649868119612e-30
59,99,9.210547515978632e-31
59,100,1.0425482412796088e-30
59,101,6.653542872228438e-31
59,102,3.485183519803954e-30
59,103,1.6013959644375765e-30
59,104,1.748830984107573e-30
59,105,4.35163303017945e-30
59,106,1.3051240174779022e-30
59,107,9.746367512157494e-16
59,108,3.165545010874099e-30
59,109,1.1934499593420108e-30
59,110,1.349530947358999e-30
59,111,1.986463115892699e-30
59,112,3.2285961085630116e-30
59,113,1.4800079288872714e-30
59,114,3.389453517296881e-30
59,115,2.552981675034772e-30
59,116,1.1577736199869185e-30
59,117,2.1326692752706575e-30
59,118,1.9122138302792885e-30
59,119,9.707812942006263e-31
59,120,1.2762700004472015e-30
59,121,2.1233474930963356e-30
59,122,5.161940953272531e-30
59,123,2.222916755695995e-30
59,124,5.1501300665115665e-30
59,125,1.4808118765618732e-30
59,126,3.206646236267539e-30
59,127,1.0718326895423071e-30
59,128,2.7827614124177852e-30
59,129,1.692201496427568e-30
59,130,1.3644420908505847e-30
59,131,2.864419026236891e-30
59,132,6.1694166504291824e-30
59,133,1.4809905574186272e-30
59,134,4.185069126501349e-30
59,135,1.7680705280670888e-30
59,136,4.0825219918759744e-30
59,137,2.1130047588181547e-30
59,138,3.271260207678671e-30
59,139,1.3016189870503185e-30
59,140,4.5215259788257286e-30
59,141,1.6552107099387733e-30
59,142,2.1345717873181976e-30
59,143,2.6676081501678408e-30
59,144,4.694745967998197e-31
59,145,1.4767676492258632e-30
59,146,1.6251738263357426e-30
59,147,3.6844385388459575e-30
59,148,1.2644475008368764e-16
59,149,1.5280109830609691e-30
60,61,3.363617213820806e-30
60,62,3.654040908964746e-30
60,63,5.128539766041151e-31
60,64,1.0723678079083502e-30
60,65,1.8773406660859458e-30
60,66,2.103758771795221e-30
60,67,1.315916292750745e-30
60,68,7.839270141832415e-31
60,69,3.1103331395650182e-30
60,70,1.0629265960731853e-30
60,71,3.325465149355273e-30
60,72,1.5342597754906516e-30
60,73,1.410922861178517e-30
60,74,3.173171192051751e-30
60,75,2.6187167503243775e-30
60,76,7.621483182083392e-31
60,77,1.572926244415328e-30
60,78,6.187643839851545e-31
60,79,3.4654547911449743e-16
60,80,3.8885050813449635e-30
60,81,1.6869641716833745e-30
60,82,3.794008331614825e-30
60,83,5.531673860385049e-16
60,84,1.5637939752777295e-30
60,85,6.607197248117729e-31
60,86,1.4029501312119783e-30
60,87,1.3538294815388188e-30
60,88,1.881625555560439e-30
60,89,1.3250288668329374e-31
60,90,1.7703139002807807e-30
60,91,7.140586045852703e-31
60,92,1.0808690685787144e-30
60,93,1.868747925818158e-30
60,94,1.1584288376346204e-30
60,95,1.351143865989493e-16
60,96,2.3236899758344126e-30
60,97,7.912385736625991e-31
60,98,9.071431009322404e-31
60,99,9.032486021129104e-31
60,100,1.2796109006069763e-30
60,101,1.3291367523377157e-30
60,102,3.208514234944151e-30
60,103,1.1431585166338433e-30
60,104,9.904097928732628e-31
60,105,3.1433637229206077e-30
60,106,1.9467901703011153e-30
60,107,1.3262548089295902e-15
60,108,3.7879778617604236e-30
60,109,8.931512252736546e-31
60,110,2.7667983337494186e-30
60,111,1.6791621938411843e-30
60,112,2.885584716973287e-30
60,113,1.062139969447767e-30
60,114,1.832143647815263e-30
60,115,2.575481889415015e-30
60,116,1.6583376594436505e-30
60,117,1.8514556044948217e-30
60,118,1.1112418382414285e-30
60,119,1.2639772500798292e-30
60,120,1.5060949103186183e-30
60,121,1.406880483673626e-30
60,122,3.5855046417476866e-30
60,123,2.281754378152028e-30
60,124,3.3390548733177214e-30
60,125,1.5248273750175567e-30
60,126,2.1594268425375834e-30
60,127,1.51823239845904e-30
60,128,2.096616397779671e-30
60,129,1.0199651507467311e-30
60,130,1.3013278109876385e-30
60,131,2.993172392631028e-30
60,132,4.668400469674369e-30
60,133,1.7586531661518027e-30
60,134,2.846381292908409e-30
60,135,1.5226679518841979e-30
60,136,2.9954906911803118e-30
60,137,2.872543772414637e-30
60,138,1.8488632857777882e-30
60,139,6.695330729317571e-31
60,140,3.953596910623252e-30
60,141,2.805663605265613e-30
60,142,1.3540964534674798e-30
60,143,1.7304242913607534e-30
60,144,3.7596507583353728e-31
60,145,7.934188757871003e-31
60,146,1.6718694731578972e-30
60,147,5.7607193507817845e-30
60,148,1.1167092902769e-16
60,149,1.4280653783428927e-30
61,62,6.052364420055685e-30
61,63,1.0379898920286009e-30
61,64,2.2932445133952722e-30
61,65,2.2971849509753168e-30
61,66,2.4135641312922208e-30
61,67,2.2446352551512212e-30
61,68,1.5125144567459772e-30
61,69,5.163655763052789e-30
61,70,2.0949800277183805e-30
61,71,3.276194182654953e-16
61,72,2.596440706000982e-30
61,73,1.854557160349768e-30
61,74,5.558960719149221e-30
61,75,5.0245796151438396e-30
61,76,1.1769761450912837e-30
61,77,2.033395097200715e-30
61,78,1.6592019838743565e-30
61,79,7.823814425438697e-16
61,80,7.908889091173801e-30
61,81,2.945134691569544e-30
61,82,6.905653257388515e-30
61,83,1.1631201247403678e-15
61,84,3.545557051100645e-30
61,85,1.2135246819750096e-30
61,86,2.6513213019576654e-30
61,87,1.500258266303594e-30
61,88,2.9361156825746225e-30
61,89,1.419754533728021e-31
61,90,3.456276600272247e-30
61,91,1.2177195133880135e-30
61,92,1.5735789008074206e-30
61,93,3.375549645995243e-30
61,94,3.2025492884955106e-30
61,95,4.77540733072205e-16
61,96,4.2569748175073045e-30
61,97,1.4625550963766087e-30
61,98,1.6554495046188094e-30
61,99,1.3934105952589099e-30
61,100,1.7289619907798805e-30
61,101,1.530175617437355e-30
61,102,3.504194181951948e-30
61,103,2.1690864905159776e-30
61,104,2.1877559740841084e-30
61,105,5.909676355419076e-30
61,106,3.005588866796088e-30
61,107,1.4210681178267365e-15
61,108,4.6338057044107654e-30
61,109,3.1087055844818508e-30
61,110,3.195157911653235e-30
61,111,3.0489893171080857e-30
61,112,4.305190650723579e-30
61,113,2.005338494272329e-30
61,114,3.592895022560897e-30
61,115,4.465295888551581e-30
61,116,2.0175727561857785e-30
61,117,2.0736110728677194e-30
61,118,2.1374193463470023e-30
61,119,1.8761104191304955e-30
61,120,2.273083068034503e-30
61,121,2.6603947064161415e-30
61,122,7.327692270824952e-30
61,123,2.3011554346477718e-30
61,124,4.0014770899304595e-30
61,125,1.7542123006263474e-30
61,126,3.9716475431219476e-30
61,127,1.999812343740819e-30
61,128,3.972718976144466e-30
61,129,2.5004665992108824e-30
61,130,1.6714076412674915e-30
61,131,4.993987176846358e-30
61,132,8.024200652739787e-30
61,133,1.8712413807986383e-30
61,134,5.84343116009106e-30
61,135,1.6740404417357023e-30
61,136,5.5689320872075205e-30
61,137,3.4146420547297916e-30
61,138,3.538272560396775e-30
61,139,1.1316520407697069e-30
61,140,6.978511063438348e-30
61,141,4.0779561587277624e-30
61,142,2.732131037239317e-30
61,143,3.598732899583275e-30
61,144,5.261715204352351e-31
61,145,1.3759240321891698e-30
61,146,1.8756004305877738e-30
61,147,8.826688501094162e-30
61,148,3.4293607788399537e-16
61,149,2.6336717772640205e-30
62,63,1.0680726725373983e-30
62,64,1.8131900763620023e-30
62,65,2.3652431233660175e-30
62,66,1.5446151525960775e-30
62,67,2.3497895489199007e-30
62,68,1.5431637797478248e-30
62,69,6.097625548959253e-30
62,70,2.1306661731730288e-30
62,71,4.6618529287588085e-30
62,72,2.6423204291843327e-30
62,73,1.6596996620585284e-30
62,74,5.610850887679265e-30
62,75,5.3134922079854424e-30
62,76,1.2434030532656182e-30
62,77,1.772132185460345e-30
62,78,1.1127110328342056e-30
62,79,1.725236351812529e-15
62,80,7.611725092292731e-30
62,81,3.410590605745376e-30
62,82,7.413484835820474e-30
62,83,1.1364755910069887e-15
62,84,3.2603941296508844e-30
62,85,1.2413265257824835e-30
62,86,2.554323716315326e-30
62,87,1.812131634957914e-30
62,88,2.922908860240459e-30
62,89,1.1233398548151017e-31
62,90,3.5877455942157e-30
62,91,1.645524115940584e-30
62,92,2.0107329652215936e-30
62,93,3.268513744320379e-30
62,94,1.5924385511004783e-30
62,95,9.01715870725089e-16
62,96,4.3035433995651674e-30
62,97,1.4040133850507434e-30
62,98,1.7002599590456127e-30
62,99,2.3286674530400685e-30
62,100,1.717847146418175e-30
62,101,1.540771148151726e-30
62,102,3.632569544581953e-30
62,103,2.2913463235651863e-30
62,104,1.9286181268926673e-30
62,105,5.90845068404252e-30
62,106,2.7782553387965778e-30
62,107,1.1243791903732467e-15
62,108,3.4829986654380266e-30
62,109,1.5401841692654373e-30
62,110,3.194586833359402e-30
62,111,3.0571047173466932e-30
62,112,4.200068700817949e-30
62,113,1.9287597986459347e-30
62,114,3.553220958102519e-30
62,115,4.539224142813523e-30
62,116,2.0784065222447796e-30
62,117,2.9100691209744135e-30
62,118,2.812541722171531e-30
62,119,1.1782366639802329e-30
62,120,1.658383266059534e-30
62,121,2.57983390223761e-30
62,122,7.029971754325944e-30
62,123,1.7362276738464398e-30
62,124,3.905601513755581e-30
62,125,1.2667255186414599e-30
62,126,4.3879935459179405e-30
62,127,1.7622911887866224e-30
62,128,4.300741640818329e-30
62,129,1.6292356944999358e-30
62,130,2.4275443111612452e-30
62,131,5.4739985911722866e-30
62,132,8.426100604199389e-30
62,133,1.5551596071563453e-30
62,134,5.481849067125428e-30
62,135,1.929399549734307e-30
62,136,5.6249607701323495e-30
62,137,3.0580249208161887e-30
62,138,3.271581193478548e-30
62,139,1.0326497904698386e-30
62,140,8.265151934716468e-30
62,141,4.0422482941821915e-30
62,142,2.4265176333053828e-30
62,143,3.155706488151937e-30
62,144,3.6020806378188016e-31
62,145,1.3012536482352361e-30
62,146,1.711908880459984e-30
62,147,8.92970065430593e-30
62,148,1.279498215851672e-16
62,149,2.551840817954086e-30
63,64,4.374512057633863e-31
63,65,1.0554151111266108e-30
63,66,9.596449436887768e-31
63,67,4.392608342072019e-31
63,68,3.7084032916057794e-31
63,69,1.1544047960793038e-30
63,70,5.224935558053796e-31
63,71,8.545183395574754e-31
63,72,5.850303704319803e-31
63,73,7.690031821850216e-31
63,74,9.045943645114214e-31
63,75,9.36866371183916e-31
63,76,2.9140525471939313e-31
63,77,3.824812229738007e-31
63,78,7.113054166480154e-31
63,79,1.1102251422055047e-16
63,80,1.4886856479035493e-30
63,81,5.414457850034885e-31
63,82,1.3941906178547634e-30
63,83,5.112411381754801e-16
63,84,7.576989190018463e-31
63,85,2.478361114669044e-31
63,86,4.5715003996737356e-31
63,87,5.978187372111439e-31
63,88,5.643304799533764e-31
63,89,3.904408096316054e-32
63,90,8.811376715095339e-31
63,91,3.214380646175146e-31
63,92,4.7904366436024784e-31
63,93,3.861063189037859e-31
63,94,5.21682821130416e-31
63,95,4.003096204968132e-31
63,96,9.70765060930308e-31
63,97,2.384471958980386e-31
63,98,5.177166415297912e-31
63,99,4.065936740016155e-31
63,100,4.08449680079043e-31
63,101,3.5334508892976794e-31
63,102,1.112836718197385e-30
63,103,4.85715394847388e-31
63,104,4.830649052060181e-31
63,105,9.887715108799498e-31
63,106,5.369498005101782e-31
63,107,3.908020529499654e-16
63,108,1.3184604972298027e-30
63,109,5.403182414650495e-31
63,110,6.131577856153541e-31
63,111,4.652385757075566e-31
63,112,9.097203023273191e-31
63,113,3.2826763850404502e-31
63,114,8.75265692528316e-31
63,115,6.246088458350846e-31
63,116,4.965821098664422e-31
63,117,6.803849161891712e-31
63,118,5.48954957977308e-31
63,119,5.587085927934589e-31
63,120,7.401738633250364e-31
63,121,5.136630547680423e-31
63,122,1.3695189860386213e-30
63,123,7.720950873263964e-31
63,124,1.5421394953340567e-30
63,125,7.012994094037399e-31
63,126,9.330815988708471e-31
63,127,4.840693342400634e-31
63,128,6.636965625746235e-31
63,129,6.525090266235187e-31
63,130,3.815351043207245e-31
63,131,7.825949089151053e-31
63,132,1.5456395261078061e-30
63,133,5.14141186763111e-31
63,134,1.0889912286516846e-30
63,135,6.175578127544584e-31
63,136,1.0238362949843254e-30
63,137,7.7983276329029035e-31
63,138,8.961054921817652e-31
63,139,3.7500403716820554e-31
63,140,1.3142920379562063e-30
63,141,7.186803011479405e-31
63,142,9.518849658631964e-31
63,143,7.959259026622004e-31
63,144,1.9146352831756766e-31
63,145,3.7909452668881035e-31
63,146,6.173502478365261e-31
63,147,1.1721318530334209e-30
63,148,4.572276845107112e-31
63,149,2.7197577798319997e-31
64,65,1.0963824185060609e-30
64,66,1.2306702972572692e-30
64,67,7.405117415763838e-31
64,68,5.719010663351563e-31
64,69,1.7660327146015625e-30
64,70,8.149039318255256e-31
64,71,1.5723427583947448e-30
64,72,9.581799065363946e-31
64,73,9.213571116468711e-31
64,74,1.9830416942593e-30
64,75,1.6481060901740587e-30
64,76,6.3604566371223025e-31
64,77,6.784832210047476e-31
64,78,8.15566338754697e-31
64,79,8.116133249454718e-16
64,80,2.7828594087158197e-30
64,81,9.599647973920356e-31
64,82,2.4617231290152955e-30
64,83,5.993212282476068e-16
64,84,1.1713824223629044e-30
64,85,4.163837291433203e-31
64,86,1.0029584980361741e-30
64,87,8.151816580442788e-31
64,88,9.800425999335436e-31
64,89,5.676172929701006e-32
64,90,1.29289470902634e-30
64,91,5.550985709532469e-31
64,92,5.548410198009756e-31
64,93,1.213132828493865e-30
64,94,8.869369703701247e-31
64,95,7.869597459997738e-31
64,96,1.4798880707387072e-30
64,97,6.12530071195966e-31
64,98,5.7526051700482705e-31
64,99,6.756563714560545e-31
64,100,5.826922789955916e-31
64,101,5.275894132068907e-31
64,102,1.4863316494907828e-30
64,103,7.851751219761152e-31
64,104,7.6234421283192015e-31
64,105,2.16410184171798e-30
64,106,1.032621977225486e-30
64,107,5.681424633657483e-16
64,108,1.8035696396711495e-30
64,109,6.8783990381956394e-31
64,110,9.930905202845617e-31
64,111,1.0594941914143791e-30
64,112,1.512989725418166e-30
64,113,7.885403557042767e-31
64,114,1.4154463197055928e-30
64,115,1.4873427611884682e-30
64,116,7.230540339587094e-31
64,117,1.2819191764598056e-30
64,118,8.153464618419999e-31
64,119,7.929052682093354e-31
64,120,1.0870447278297051e-30
64,121,1.038282086618917e-30
64,122,2.5248989823441716e-30
64,123,1.0725721677097398e-30
64,124,2.034545606013604e-30
64,125,8.354573775705222e-31
64,126,1.4438950304892965e-30
64,127,7.40776538388266e-31
64,128,1.3088359561888576e-30
64,129,1.0100827363788565e-30
64,130,7.144565594203865e-31
64,131,1.592861697655369e-30
64,132,3.000501609028148e-30
64,133,7.112314149213446e-31
64,134,2.0141851182389357e-30
64,135,8.094587588898736e-31
64,136,1.9814687744937037e-30
64,137,1.1633177719550326e-30
64,138,1.775882508395069e-30
64,139,5.22629045062804e-31
64,140,2.0474484505390425e-30
64,141,1.1430851335436947e-30
64,142,1.0653444843002617e-30
64,143,1.3901096679834707e-30
64,144,2.360953035939635e-31
64,145,6.139931956285392e-31
64,146,8.18304484833201e-31
64,147,2.7454618842565622e-30
64,148,7.349579050039439e-31
64,149,9.798853408662834e-31
65,66,3.1372115444343038e-30
65,67,9.117101850951255e-31
65,68,8.963707972810135e-31
65,69,2.594321306075946e-30
65,70,1.310403425405548e-30
65,71,2.6328024763295386e-30
65,72,1.730705006836823e-30
65,73,2.3404234092501384e-30
65,74,1.9905028956714405e-30
65,75,2.1261953055181486e-30
65,76,1.0237221876250292e-30
65,77,1.5900214042351534e-30
65,78,1.8693634196165913e-30
65,79,6.597789900263001e-16
65,80,3.310799861384515e-30
65,81,1.0816924546413768e-30
65,82,3.056185362171246e-30
65,83,1.3440972879496767e-15
65,84,1.9198095061858657e-30
65,85,5.179645389423656e-31
65,86,1.0984358479501928e-30
65,87,2.0197857258694876e-30
65,88,1.7190877746463275e-30
65,89,1.4747944560225894e-31
65,90,2.0921471177400272e-30
65,91,9.292483694150725e-31
65,92,1.1196598097165223e-30
65,93,9.549849471299369e-31
65,94,1.645540054325759e-30
65,95,3.046798702235918e-16
65,96,2.011207324288086e-30
65,97,8.069485527147032e-31
65,98,1.1723499507225034e-30
65,99,1.0287701761308518e-30
65,100,1.3336146110892654e-30
65,101,1.1313859431685185e-30
65,102,3.866901793772796e-30
65,103,1.0534472771766188e-30
65,104,1.4423478628842945e-30
65,105,2.2758569090186634e-30
65,106,1.753078073794178e-30
65,107,1.4761589641120372e-15
65,108,4.607497612866272e-30
65,109,1.8515652546979233e-30
65,110,2.3657249971232587e-30
65,111,9.429628572718756e-31
65,112,2.8707745332398816e-30
65,113,7.93181380109695e-31
65,114,2.6763856080560326e-30
65,115,1.2307185105531273e-30
65,116,1.677237377367147e-30
65,117,2.3517309367698517e-30
65,118,1.713704327494476e-30
65,119,1.7709840968870113e-30
65,120,2.1465788272115387e-30
65,121,1.3552179238507108e-30
65,122,2.9584289982791038e-30
65,123,2.836788385101892e-30
65,124,5.120329754020778e-30
65,125,2.1241352452456376e-30
65,126,2.1743396654168816e-30
65,127,1.6496554103414272e-30
65,128,1.6690118463630012e-30
65,129,1.6103467203121582e-30
65,130,1.504770879742211e-30
65,131,1.6322420604604545e-30
65,132,3.565459342960628e-30
65,133,1.9363992975125633e-30
65,134,2.4966205716186287e-30
65,135,2.009830826510042e-30
65,136,2.2823618631304405e-30
65,137,3.0272853989418152e-30
65,138,2.1999522485350447e-30
65,139,1.1249182579015636e-30
65,140,3.145262114385742e-30
65,141,2.019627526239717e-30
65,142,5.867399252468629e-16
65,143,1.7421515190617792e-30
65,144,5.927901831502404e-31
65,145,1.1756612128369331e-30
65,146,1.881840098890381e-30
65,147,2.908036240959522e-30
65,148,3.191891195797327e-16
65,149,7.877119378903699e-31
66,67,1.1105194560992337e-30
66,68,9.959611255779907e-31
66,69,2.746150285159348e-30
66,70,1.6157104644320274e-30
66,71,3.3067765393266815e-30
66,72,2.0469034850417465e-30
66,73,2.781886986994122e-30
66,74,2.5038289129087274e-30
66,75,2.177043876547092e-30
66,76,1.2362065960946558e-30
66,77,1.873639475833247e-30
66,78,1.1414345129008895e-30
66,79,2.7755575615628904e-16
66,80,4.053646867749792e-30
66,81,1.0520129077281721e-30
66,82,3.3444597886195156e-30
66,83,3.9252311467094245e-16
66,84,2.201653504077123e-30
66,85,5.145888503110992e-31
66,86,1.3688044573764567e-30
66,87,2.51975310667255e-30
66,88,2.134933945062225e-30
66,89,1.7614502282116188e-31
66,90,2.3984253524075052e-30
66,91,9.724211145471612e-31
66,92,1.3234269693051636e-30
66,93,1.2388168567059427e-30
66,94,1.3910212424404748e-30
66,95,1.7421928173174504e-30
66,96,1.749651374195602e-30
66,97,1.0301040868317726e-30
66,98,9.602439333081866e-31
66,99,6.036516634071864e-31
66,100,1.4769400414680112e-30
66,101,1.3299047404064896e-30
66,102,4.7766583248626475e-30
66,103,9.828681779511909e-31
66,104,1.7084284319528706e-30
66,105,2.7607559473060003e-30
66,106,1.7363934049100935e-30
66,107,1.7630799557141454e-15
66,108,5.2937058231497565e-30
66,109,1.1616785405972097e-30
66,110,2.7182376009354596e-30
66,111,1.0521957687700847e-30
66,112,3.4934879084718195e-30
66,113,1.0606824501250003e-30
66,114,3.423745762586777e-30
66,115,1.0779045481756094e-30
66,116,1.8200352776592625e-30
66,117,2.6712580639523213e-30
66,118,1.9957311699791156e-30
66,119,1.723904037710875e-30
66,120,1.9668648788004075e-30
66,121,1.6683989566360408e-30
66,122,3.3348272480139115e-30
66,123,3.492536526489806e-30
66,124,6.332978997806817e-30
66,125,2.3385587786683503e-30
66,126,2.4096559472885783e-30
66,127,1.7795912995706946e-30
66,128,2.015135413848176e-30
66,129,1.6221507853231923e-30
66,130,1.8468968967525497e-30
66,131,1.28465080192432e-30
66,132,4.22457858119939e-30
66,133,2.395948398849661e-30
66,134,2.834576397228731e-30
66,135,2.3912256843944846e-30
66,136,2.7938898177199017e-30
66,137,3.488821006462716e-30
66,138,2.5668152068400433e-30
66,139,1.3884415421060647e-30
66,140,3.098061152961093e-30
66,141,2.1375589430149064e-30
66,142,2.5603156378665283e-30
66,143,1.9820228185032598e-30
66,144,6.655487757936078e-31
66,145,1.4934986534261557e-30
66,146,2.326594772579549e-30
66,147,2.3863244907422013e-30
66,148,1.8624739833453842e-30
66,149,6.305639921796333e-31
67,68,6.2306058044496945e-31
67,69,2.1644355369450623e-30
67,70,8.82408372275771e-31
67,71,1.833411507298917e-30
67,72,1.0504353669842776e-30
67,73,8.781961590138921e-31
67,74,2.1452816415015812e-30
67,75,1.9018398834917828e-30
67,76,4.15403089770277e-31
67,77,7.721376104615711e-31
67,78,4.280598089071613e-31
67,79,6.206335383118189e-17
67,80,2.998485946186289e-30
67,81,1.1691117393809944e-30
67,82,2.829871468118509e-30
67,83,4.994557798712068e-16
67,84,1.2475757549539193e-30
67,85,4.81760353173381e-31
67,86,1.0182213646714437e-30
67,87,8.216063834826615e-31
67,88,1.1136586616557014e-30
67,89,5.421536097402465e-32
67,90,1.4218856446913874e-30
67,91,4.50489758428927e-31
67,92,6.916209588419707e-31
67,93,1.2140910437355597e-30
67,94,5.406190820212905e-31
67,95,7.535885337405876e-31
67,96,1.7111842496599035e-30
67,97,5.9991145454486595e-31
67,98,6.865307187824205e-31
67,99,6.172408459813253e-31
67,100,6.012490711524376e-31
67,101,6.112685522992194e-31
67,102,1.3137800523982991e-30
67,103,8.743288487864692e-31
67,104,7.757092378356709e-31
67,105,2.308931001295957e-30
67,106,9.620005439368305e-31
67,107,5.426552206482573e-16
67,108,1.496787030565118e-30
67,109,5.412415280978969e-31
67,110,1.3069479511304426e-30
67,111,1.1630799331085502e-30
67,112,1.6011445653103033e-30
67,113,7.672667069516043e-31
67,114,1.4413459894627656e-30
67,115,1.6708630060988774e-30
67,116,7.0905148049397685e-31
67,117,8.521151535148626e-31
67,118,8.4296176694189e-31
67,119,4.16685331479773e-31
67,120,6.193066876286125e-31
67,121,1.0483174994322518e-30
67,122,2.7374711510802564e-30
67,123,1.008779668165318e-30
67,124,1.9560028489476496e-30
67,125,5.788638415975408e-31
67,126,1.619799853952276e-30
67,127,6.185697417314665e-31
67,128,1.4873678477776265e-30
67,129,7.590367883027586e-31
67,130,6.2523081452361696e-31
67,131,1.925976051476097e-30
67,132,3.349908299227417e-30
67,133,7.627272102314517e-31
67,134,2.168469225474824e-30
67,135,6.231135231349015e-31
67,136,2.1929618755298295e-30
67,137,1.2957771629223674e-30
67,138,1.5112827874204986e-30
67,139,5.064300578021224e-31
67,140,2.6692045224099887e-30
67,141,1.5128494293603428e-30
67,142,8.346211260018002e-31
67,143,1.350383598665874e-30
67,144,1.7637379385762832e-31
67,145,6.161013158439792e-31
67,146,7.389334957342426e-31
67,147,3.242670346721903e-30
67,148,7.629231283982623e-31
67,149,9.335619730347577e-31
68,69,1.627884868429073e-30
68,70,7.491956284421597e-31
68,71,1.1644443762346026e-30
68,72,8.30414482910044e-31
68,73,7.855873671056945e-31
68,74,1.6026542026853307e-30
68,75,1.4620422489437372e-30
68,76,3.635400329739481e-31
68,77,4.6215542824906285e-31
68,78,4.705235600072623e-31
68,79,3.3422138886441657e-16
68,80,2.331469863672802e-30
68,81,8.19598803579752e-31
68,82,2.1771958760791635e-30
68,83,3.239802184842532e-16
68,84,1.060753384313959e-30
68,85,3.5324444212376805e-31
68,86,7.928080487191643e-31
68,87,7.1801333688775875e-31
68,88,8.137615369999377e-31
68,89,2.605911702965337e-32
68,90,1.1656521555003335e-30
68,91,3.8320726996835777e-31
68,92,5.15228586551101e-31
68,93,9.080273364160493e-31
68,94,3.8945848607764135e-31
68,95,5.7019925430701035e-31
68,96,1.2271245057558065e-30
68,97,4.8687954458776256e-31
68,98,5.00816878142696e-31
68,99,4.6361439178632306e-31
68,100,3.756513302824819e-31
68,101,2.7897396547967277e-31
68,102,1.1520220915818543e-30
68,103,6.59358904670206e-31
68,104,6.483541129423532e-31
68,105,1.7956264147419058e-30
68,106,5.985583551283816e-31
68,107,2.6083227424051413e-16
68,108,9.669061059724865e-31
68,109,4.545890999669548e-31
68,110,4.323302759946099e-31
68,111,8.528844917778322e-31
68,112,1.2355851873545054e-30
68,113,5.918419245897342e-31
68,114,1.2259840379670841e-30
68,115,1.1524189513694496e-30
68,116,4.129033309218963e-31
68,117,6.749995198153616e-31
68,118,7.739296904475475e-31
68,119,4.281833970097339e-31
68,120,5.630039722899389e-31
68,121,8.446598884123126e-31
68,122,2.075648959487941e-30
68,123,6.1049272894535385e-31
68,124,1.722023686391821e-30
68,125,5.395386124466257e-31
68,126,1.2552314869932087e-30
68,127,3.7015529192767493e-31
68,128,1.1523116461416173e-30
68,129,6.217759259340883e-31
68,130,5.969718149041287e-31
68,131,1.3011551986552311e-30
68,132,2.614661333935866e-30
68,133,4.283932549890542e-31
68,134,1.691908936992067e-30
68,135,5.907022171090591e-31
68,136,1.6803476101345333e-30
68,137,6.051807152636264e-31
68,138,1.227241321622383e-30
68,139,4.565078223832665e-31
68,140,1.851119849626782e-30
68,141,7.644373231719728e-31
68,142,7.417212949336112e-31
68,143,1.0580520082056202e-30
68,144,1.4745116904638905e-31
68,145,5.285397289223264e-31
68,146,5.468007367701509e-31
68,147,1.8176044867261188e-30
68,148,3.899697367876331e-31
68,149,7.055261923527909e-31
69,70,2.2989691164467275e-30
69,71,4.135086023692837e-30
69,72,2.6800717812725486e-30
69,73,2.26538353970479e-30
69,74,5.31560329430048e-30
69,75,4.802491149688217e-30
69,76,1.097815885114326e-30
69,77,1.584438064332091e-30
69,78,8.927875622138135e-31
69,79,9.010949253844771e-16
69,80,7.538469401658483e-30
69,81,2.9639176547084972e-30
69,82,7.27440410901287e-30
69,83,6.836131223181418e-16
69,84,3.348120627766353e-30
69,85,1.2062817480208104e-30
69,86,2.5209183079418963e-30
69,87,2.080709392788803e-30
69,88,2.708901806282599e-30
69,89,9.449811750209818e-32
69,90,3.753817044304301e-30
69,91,1.1824394384080377e-30
69,92,1.7116417138587575e-30
69,93,2.9082278214392144e-30
69,94,1.277983315799414e-30
69,95,1.1194344115245873e-16
69,96,4.244691356794298e-30
69,97,1.4342499520489574e-30
69,98,1.7076704340091637e-30
69,99,1.7135050282802526e-30
69,100,1.3313799945149061e-30
69,101,1.124904453924057e-30
69,102,3.3683713916566536e-30
69,103,2.235879269260979e-30
69,104,2.024246002201967e-30
69,105,5.793713964543216e-30
69,106,2.132882306249708e-30
69,107,9.458554897110237e-16
69,108,2.711258154656863e-30
69,109,1.5523999231311237e-30
69,110,2.28187203404466e-30
69,111,2.862026475602726e-30
69,112,4.1495984193012736e-30
69,113,1.89772173941818e-30
69,114,3.85240545159873e-30
69,115,4.020280134835772e-30
69,116,1.5709932455967198e-30
69,117,1.860211396978331e-30
69,118,2.4582021952524765e-30
69,119,9.22265773194306e-31
69,120,1.3910205548470726e-30
69,121,2.607084392707843e-30
69,122,6.962348118203425e-30
69,123,1.895600189889163e-30
69,124,4.9570211023200484e-30
69,125,1.361942324916829e-30
69,126,4.292776757895907e-30
69,127,1.1759271261320142e-30
69,128,3.891620070202055e-30
69,129,1.8441860408098962e-30
69,130,1.7761252152209032e-30
69,131,4.685279335285316e-30
69,132,8.233299881172e-30
69,133,1.274227296417008e-30
69,134,5.586782007439232e-30
69,135,1.6733127907761278e-30
69,136,5.518045478655767e-30
69,137,2.208818345905277e-30
69,138,3.757673939547968e-30
69,139,1.3496956026784856e-30
69,140,6.183410737078106e-30
69,141,3.217973843699356e-30
69,142,2.209473434997455e-30
69,143,3.346034004684667e-30
69,144,4.075232755038117e-31
69,145,1.5660751152527802e-30
69,146,1.4490699764907943e-30
69,147,7.178313066416073e-30
69,148,1.2818996450097719e-30
69,149,2.2055995765082727e-30
70,71,1.6278808479337194e-30
70,72,1.2111789378423087e-30
70,73,1.2347273344858273e-30
70,74,2.2522013811744855e-30
70,75,2.0710781372402093e-30
70,76,5.676525877515058e-31
70,77,6.9821429548455435e-31
70,78,4.4939642654579015e-31
70,79,2.387624894196366e-16
70,80,3.345191651252009e-30
70,81,1.1529015460499711e-30
70,82,3.107312379205074e-30
70,83,3.772654664235175e-16
70,84,1.5452425872270214e-30
70,85,5.0371900093481626e-31
70,86,1.1217803891199505e-30
70,87,1.1516389502184722e-30
70,88,1.1745797352735704e-30
70,89,4.968707121816621e-32
70,90,1.698626837624556e-30
70,91,5.3244820550609e-31
70,92,7.552123277363234e-31
70,93,1.2282756704974447e-30
70,94,5.233324419864679e-31
70,95,8.131372793200327e-31
70,96,1.7613118280440456e-30
70,97,7.09319994950455e-31
70,98,7.225526066245796e-31
70,99,6.210975609989095e-31
70,100,5.454370807854937e-31
70,101,4.169601539531593e-31
70,102,1.8313114332874676e-30
70,103,9.447303012109429e-31
70,104,9.608633416340874e-31
70,105,2.541530717531802e-30
70,106,7.908004087488371e-31
70,107,4.973304264851788e-16
70,108,1.5260943242120458e-30
70,109,6.180702661016259e-31
70,110,8.281244970558422e-31
70,111,1.1893552569099e-30
70,112,1.7945268429772122e-30
70,113,8.382916889964026e-31
70,114,1.8374737009001e-30
70,115,1.581691131724578e-30
70,116,6.248517932707705e-31
70,117,9.465034899252373e-31
70,118,1.1291592119007017e-30
70,119,4.381420423288313e-31
70,120,6.803604186764688e-31
70,121,1.2158555255152872e-30
70,122,2.9502058334031908e-30
70,123,1.1337791538551878e-30
70,124,2.761252376505228e-30
70,125,7.498968019948054e-31
70,126,1.7942174302246134e-30
70,127,4.635744906319132e-31
70,128,1.6348287863337876e-30
70,129,8.840794515252803e-31
70,130,8.593496565971456e-31
70,131,1.8058524863659412e-30
70,132,3.7499983825267735e-30
70,133,7.8365806235731285e-31
70,134,2.422318971722581e-30
70,135,9.176279122417588e-31
70,136,2.3981904994399803e-30
70,137,1.0177023975711284e-30
70,138,1.7958162839759304e-30
70,139,6.98303851176688e-31
70,140,2.706946824163238e-30
70,141,1.1152457901796708e-30
70,142,1.1292272682350905e-30
70,143,1.5428829226164027e-30
70,144,2.3893957543787606e-31
70,145,8.085016979846083e-31
70,146,8.763506683438318e-31
70,147,2.4962181053210624e-30
70,148,7.2892509125006165e-31
70,149,9.230661465322053e-31
71,72,2.0536475453409132e-30
71,73,2.303582877659012e-30
71,74,4.241760229968237e-30
71,75,3.509536151889353e-30
71,76,1.673092235897962e-16
71,77,2.1993825636820474e-30
71,78,1.0718805169472654e-30
71,79,6.24859490111729e-16
71,80,5.808999793384127e-30
71,81,2.3506667506473915e-30
71,82,5.3242719202829264e-30
71,83,7.956936623842945e-16
71,84,4.81056728826696e-16
71,85,9.428717388527601e-31
71,86,1.957745594467761e-30
71,87,2.049858993802511e-30
71,88,2.518425124123014e-30
71,89,1.885647260163096e-31
71,90,2.7135624569483142e-30
71,91,8.72055780650262e-31
71,92,1.537609200397446e-30
71,93,2.4103101924261792e-30
71,94,1.43698916463306e-30
71,95,6.777420539824541e-16
71,96,3.4012569826368e-30
71,97,1.1002293305586734e-30
71,98,1.370130600550973e-30
71,99,1.1239454698565223e-30
71,100,1.705282343129733e-30
71,101,1.849074560081995e-30
71,102,4.6856654083051516e-30
71,103,1.6995196629584554e-30
71,104,1.528342170702711e-30
71,105,4.369216327223686e-30
71,106,2.514596631631479e-30
71,107,1.887391897139343e-15
71,108,3.2674104960251544e-16
71,109,1.4531227374018303e-30
71,110,3.73057152790993e-30
71,111,2.291660751961713e-30
71,112,3.5678290093720466e-30
71,113,1.5183478971114394e-30
71,114,3.105681782405695e-30
71,115,3.421993081738399e-30
71,116,2.1817286302435658e-30
71,117,2.7537531516732877e-30
71,118,1.5719655550178773e-30
71,119,1.769753941796179e-30
71,120,2.068745453444511e-30
71,121,1.9447212335528424e-30
71,122,5.424862656645321e-30
71,123,3.396533469811754e-30
71,124,5.34440284946183e-30
71,125,2.2499389753353256e-30
71,126,2.694816288393993e-16
71,127,2.0593849774933375e-30
71,128,2.7928880195485053e-30
71,129,1.743034344672141e-30
71,130,1.8183164231702794e-30
71,131,3.918046066666954e-30
71,132,1.1359458890015183e-16
71,133,2.4924950993919733e-30
71,134,4.171855188416499e-30
71,135,2.2347665392190983e-30
71,136,4.2122303841056226e-30
71,137,1.3738309013482997e-16
71,138,3.0928902215225373e-30
71,139,1.1646302963999424e-30
71,140,5.71887465923458e-30
71,141,3.708899952361159e-30
71,142,5.699406627704784e-16
71,143,2.6737258562201415e-30
71,144,5.910989492267814e-31
71,145,1.298552531807592e-30
71,146,2.3239320211774234e-30
71,147,7.577913907237267e-30
71,148,6.943055997288296e-16
71,149,1.832926286833037e-30
72,73,1.515520705153639e-30
72,74,2.6892294956899075e-30
72,75,2.3424454042405395e-30
72,76,6.914796016850572e-31
72,77,9.698169008546589e-31
72,78,6.586615588322423e-31
72,79,1.241267076623639e-16
72,80,3.810982724741625e-30
72,81,1.3857257287570602e-30
72,82,3.5737714846840024e-30
72,83,2.9839467657872347e-16
72,84,1.6660324972584295e-30
72,85,5.895198831939238e-31
72,86,1.3260914308803725e-30
72,87,1.4414079744660011e-30
72,88,1.3482565867175315e-30
72,89,9.452862701134195e-32
72,90,1.914883126316225e-30
72,91,5.391768708850539e-31
72,92,7.881598710472739e-31
72,93,1.5267451370336295e-30
72,94,9.705354331206795e-31
72,95,1.0646158152789582e-30
72,96,2.068060430806112e-30
72,97,8.053978285448189e-31
72,98,8.19330168633598e-31
72,99,6.492694731868393e-31
72,100,8.433012340528083e-31
72,101,7.777552921326603e-31
72,102,2.4446955431587088e-30
72,103,1.0854193593816505e-30
72,104,1.1184619329456045e-30
72,105,2.968060223787262e-30
72,106,1.278703182528876e-30
72,107,9.461608670832866e-16
72,108,2.8664900900327184e-30
72,109,7.418938479357753e-31
72,110,1.6241843431741472e-30
72,111,1.4399492431761845e-30
72,112,2.065173887047477e-30
72,113,1.000639424428408e-30
72,114,2.1091112965948867e-30
72,115,2.0162873669471024e-30
72,116,1.0801611252901858e-30
72,117,1.5697783867902644e-30
72,118,1.1204839359692092e-30
72,119,9.768836211918578e-31
72,120,1.0260958142860633e-30
72,121,1.393774911251329e-30
72,122,3.428828233073706e-30
72,123,1.8192103676439086e-30
72,124,3.4178210247991065e-30
72,125,1.1014226212219929e-30
72,126,2.1208961427951028e-30
72,127,1.062575680223694e-30
72,128,1.8431108440394526e-30
72,129,1.0075536373844294e-30
72,130,8.804480447309587e-31
72,131,2.2622393447353217e-30
72,132,4.324649941016305e-30
72,133,1.2219703537200731e-30
72,134,2.801261005061743e-30
72,135,1.2720638973929894e-30
72,136,2.776415602174747e-30
72,137,1.974068418733009e-30
72,138,2.1701636679205707e-30
72,139,8.239998060813986e-31
72,140,3.0449457157734293e-30
72,141,1.665366899188664e-30
72,142,1.3938070695930939e-30
72,143,1.756919748775695e-30
72,144,3.46244243392479e-31
72,145,9.337586921992923e-31
72,146,1.2021048240581831e-30
72,147,3.804187586841875e-30
72,148,9.337784668729775e-31
72,149,1.1763327208670871e-30
73,74,2.0784521532839138e-30
73,75,1.8145997220959905e-30
73,76,8.680164047335503e-31
73,77,1.2723033564927549e-30
73,78,1.2950751572848185e-30
73,79,1.1102230246251568e-16
73,80,3.3320623620537574e-30
73,81,9.862818682895683e-31
73,82,2.8726601934381297e-30
73,83,8.05033189099582e-16
73,84,1.6787089922636738e-30
73,85,4.443241374891613e-31
73,86,1.1457134245825994e-30
73,87,1.7701237459210382e-30
73,88,1.5226224939591677e-30
73,89,1.24042968530001e-31
73,90,1.8843919449794447e-30
73,91,7.484345231834232e-31
73,92,9.341395943256522e-31
73,93,1.1919875620711815e-30
73,94,1.1916121763280344e-30
73,95,1.1775948102020294e-30
73,96,1.5188935126062641e-30
73,97,8.52329467706631e-31
73,98,7.584274342905635e-31
73,99,4.998596998088384e-31
73,100,1.115017750157798e-30
73,101,9.2539732409904e-31
73,102,3.373903620009441e-30
73,103,8.483526890865223e-31
73,104,1.260897242906439e-30
73,105,2.4713722352123074e-30
73,106,1.4621698709898695e-30
73,107,1.2415773546128896e-15
73,108,3.865334412285717e-30
73,109,9.547045104994688e-31
73,110,1.8330098904342716e-30
73,111,1.0457165232352704e-30
73,112,2.5076619038677887e-30
73,113,8.77784593582451e-31
73,114,2.513781604441923e-30
73,115,1.2960393492365052e-30
73,116,1.3782911053729143e-30
73,117,1.9520995396424183e-30
73,118,1.4438230481132462e-30
73,119,1.4434657893518151e-30
73,120,1.66013516810571e-30
73,121,1.327683407071243e-30
73,122,2.849505556989378e-30
73,123,2.4442935436056472e-30
73,124,4.5376408076616204e-30
73,125,1.7427255078945948e-30
73,126,1.94469954475717e-30
73,127,1.3647300123609344e-30
73,128,1.632787985918448e-30
73,129,1.2294101402004567e-30
73,130,1.2630268622343889e-30
73,131,1.375623628375994e-30
73,132,3.4582834531811144e-30
73,133,1.6528969158241442e-30
73,134,2.3764385812010525e-30
73,135,1.7317785844798653e-30
73,136,2.3178947907190603e-30
73,137,2.459204961242954e-30
73,138,2.0157827887492697e-30
73,139,1.0190728066103352e-30
73,140,2.5487335228422964e-30
73,141,1.4500724493449894e-30
73,142,1.955659862378689e-30
73,143,1.5746246107578496e-30
73,144,4.939552732287196e-31
73,145,1.103023610993485e-30
73,146,1.6385064983137178e-30
73,147,2.3176205208807662e-30
73,148,1.263800688727209e-30
73,149,9.895258217739204e-31
74,75,4.87871076337989e-30
74,76,1.0227175587378289e-30
74,77,1.526293317801052e-30
74,78,9.815077256444713e-31
74,79,4.93589037525131e-16
74,80,7.581131864771861e-30
74,81,2.8314524280890918e-30
74,82,7.145666376735805e-30
74,83,5.902955828974702e-16
74,84,3.1823567815421444e-30
74,85,1.1913413837345568e-30
74,86,2.687721652063812e-30
74,87,1.928117976555648e-30
74,88,2.7570818360763398e-30
74,89,1.0647169669876976e-31
74,90,3.552633636633797e-30
74,91,1.2442372680592066e-30
74,92,1.5395942032057282e-30
74,93,3.304146421638368e-30
74,94,1.4902403438713773e-30
74,95,1.5515838457795447e-16
74,96,4.125542093677392e-30
74,97,1.5576872932168665e-30
74,98,1.5850453483439328e-30
74,99,1.344137989721691e-30
74,100,1.4760706441697065e-30
74,101,1.2782182133958217e-30
74,102,3.2111465097343786e-30
74,103,2.150806535781156e-30
74,104,1.9504375703548647e-30
74,105,6.031739098412379e-30
74,106,2.6157634787808817e-30
74,107,1.0657020635267415e-15
74,108,3.270560009077013e-30
74,109,1.2893742313010355e-30
74,110,2.4436316060497116e-30
74,111,3.0097815741980376e-30
74,112,4.2003113619870816e-30
74,113,2.0052403565209673e-30
74,114,3.604409694204774e-30
74,115,4.2954541497838216e-30
74,116,1.7286366400607333e-30
74,117,1.7728927776144166e-30
74,118,2.0867423513698897e-30
74,119,1.3519756819587922e-30
74,120,1.8765782795478232e-30
74,121,2.769886710939007e-30
74,122,6.82041856038075e-30
74,123,1.8963853796030167e-30
74,124,4.4867131318077546e-30
74,125,1.257113946805863e-30
74,126,3.9483275199831286e-30
74,127,1.5709292278356625e-30
74,128,3.798163265400277e-30
74,129,1.7586089962703868e-30
74,130,1.7145099818880133e-30
74,131,4.796772838731261e-30
74,132,8.754898073969498e-30
74,133,1.3404677780254288e-30
74,134,5.52218047963765e-30
74,135,1.5438631887650303e-30
74,136,5.601999987541263e-30
74,137,2.3137471930516265e-30
74,138,3.905485771469493e-30
74,139,1.2365721418327243e-30
74,140,6.13892267521594e-30
74,141,3.204851102571465e-30
74,142,2.068448175905286e-30
74,143,3.471993118176365e-30
74,144,3.6835881479791536e-31
74,145,1.5272248125083448e-30
74,146,1.591725944577507e-30
74,147,7.874268381774968e-30
74,148,4.560708649188864e-16
74,149,2.577458563676732e-30
75,76,9.102360663497749e-31
75,77,1.2095524959446293e-30
75,78,1.1557150360801482e-30
75,79,8.0359461817077855e-16
75,80,6.77543792229084e-30
75,81,2.5547139746032102e-30
75,82,6.461663110231567e-30
75,83,7.367327918431046e-16
75,84,2.9972313158820977e-30
75,85,1.062692826169911e-30
75,86,2.309504650454619e-30
75,87,1.7370288707651904e-30
75,88,2.4141042859689502e-30
75,89,7.122680254709375e-32
75,90,3.2183068779574025e-30
75,91,1.2690994705861123e-30
75,92,1.4930703893970935e-30
75,93,2.8447036232866526e-30
75,94,1.4430223392212847e-30
75,95,3.118644933164968e-16
75,96,3.662517698342703e-30
75,97,1.331728941949376e-30
75,98,1.4339508581171911e-30
75,99,1.499085414307301e-30
75,100,1.2473445387156493e-30
75,101,1.0353668475516885e-30
75,102,2.8690978331807175e-30
75,103,1.9572580148641697e-30
75,104,1.735104553178929e-30
75,105,5.292454935981886e-30
75,106,2.1921933077690056e-30
75,107,7.129270294959678e-16
75,108,2.533953793285968e-30
75,109,1.3590331004717916e-30
75,110,1.8354134333347468e-30
75,111,2.6330426557566372e-30
75,112,3.561645421394526e-30
75,113,1.7090066361047476e-30
75,114,3.2057344872370486e-30
75,115,3.753242461742893e-30
75,116,1.4308109608984471e-30
75,117,1.712573108697011e-30
75,118,2.1870574527474802e-30
75,119,1.2328896630826048e-30
75,120,1.492836205855849e-30
75,121,2.395846608738843e-30
75,122,6.04069663627706e-30
75,123,1.2536806224250227e-30
75,124,3.98104874855821e-30
75,125,1.1596776118413013e-30
75,126,3.5265990596121395e-30
75,127,1.3219609197603948e-30
75,128,3.4902257665329044e-30
75,129,1.514302923135533e-30
75,130,1.8256738611819745e-30
75,131,4.335919399720987e-30
75,132,7.852911744386942e-30
75,133,8.968328322216248e-31
75,134,4.886124875346836e-30
75,135,1.5172736751862338e-30
75,136,4.9694906283493664e-30
75,137,1.837768327326862e-30
75,138,3.2694058975477535e-30
75,139,1.1042524532817026e-30
75,140,6.268785490706939e-30
75,141,2.750525244552129e-30
75,142,1.8840571405482204e-30
75,143,2.9900603763599597e-30
75,144,3.4148729547759205e-31
75,145,1.3231939985334195e-30
75,146,1.3866125679248956e-30
75,147,6.682798770150215e-30
75,148,1.6199939739954042e-16
75,149,2.2152872965992977e-30
76,77,6.777092919178153e-31
76,78,3.524023503383921e-31
76,79,7.115667013418348e-16
76,80,1.5846252808394113e-30
76,81,5.575367932526253e-31
76,82,1.4037831554387113e-30
76,83,2.73360717445328e-16
76,84,8.195658187768878e-31
76,85,2.252221310317779e-31
76,86,5.685206202080562e-31
76,87,8.554325170130581e-31
76,88,6.8943929878553555e-31
76,89,5.504231831798916e-32
76,90,8.64988277774255e-31
76,91,3.6821220883731127e-31
76,92,4.998225466801677e-31
76,93,5.726832637045113e-31
76,94,6.154796039419818e-31
76,95,6.5108058552437686e-31
76,96,7.8885072628785466e-31
76,97,3.998704364178888e-31
76,98,3.374154558759046e-31
76,99,6.111379644266378e-31
76,100,4.238977712020987e-31
76,101,4.097952472615773e-31
76,102,1.4567076461801855e-30
76,103,4.504708959631344e-31
76,104,5.720515257258909e-31
76,105,1.2003652679883752e-30
76,106,5.34905841370871e-31
76,107,5.509324452557026e-16
76,108,1.7000732590312143e-16
76,109,5.400249011038562e-31
76,110,9.388283489265377e-31
76,111,5.3514918584047465e-31
76,112,1.077061252870156e-30
76,113,4.60009757261398e-31
76,114,1.114502571395198e-30
76,115,6.987768501330635e-31
76,116,5.7545985567353535e-31
76,117,9.816600860381037e-31
76,118,8.74017703134668e-31
76,119,5.938721256006126e-31
76,120,6.985499827864266e-31
76,121,6.2290711945520355e-31
76,122,1.4159648331920085e-30
76,123,1.0848384529770221e-30
76,124,2.0039042830773276e-30
76,125,8.100889082146708e-31
76,126,4.345270763725197e-19
76,127,5.359328676788693e-31
76,128,7.906980481518926e-31
76,129,5.6370981986743684e-31
76,130,7.492639028612268e-31
76,131,7.6917411804490515e-31
76,132,1.6635144392573553e-30
76,133,7.793302786840695e-31
76,134,1.1470678193545283e-30
76,135,7.100073369945923e-31
76,136,1.1100245149876394e-30
76,137,1.1251654697703046e-30
76,138,1.1075067751563457e-30
76,139,4.428397281975359e-31
76,140,1.385405959832592e-30
76,141,8.182957319899835e-31
76,142,9.838427121254289e-16
76,143,7.5844049324046415e-31
76,144,1.9901958768578173e-31
76,145,4.95312967414249e-31
76,146,7.065667230762546e-31
76,147,1.3856550877294658e-30
76,148,8.04592247007288e-31
76,149,4.454456684186168e-31
77,78,4.608600548892296e-31
77,79,5.43304342840281e-16
77,80,2.082606090428993e-30
77,81,8.156831380016953e-31
77,82,1.9459177602898416e-30
77,83,5.300375122788893e-16
77,84,9.545207807530943e-31
77,85,3.421875798627227e-31
77,86,7.555634283698771e-31
77,87,1.305328234149865e-30
77,88,1.2046382704196429e-30
77,89,1.0031150445815415e-31
77,90,1.1021396792791376e-30
77,91,4.809917939378879e-31
77,92,8.854410773095133e-31
77,93,8.529599616629028e-31
77,94,7.934492411591538e-31
77,95,9.043035449721484e-16
77,96,1.2757289297373047e-30
77,97,5.608496330595715e-31
77,98,5.815611124779546e-31
77,99,4.311421381790829e-31
77,100,8.03812294783459e-31
77,101,8.888185713436862e-31
77,102,2.4645381450845775e-30
77,103,6.357568580313536e-31
77,104,7.814276949981556e-31
77,105,1.6329150021992427e-30
77,106,1.0421829814356047e-30
77,107,1.0040431458416113e-15
77,108,2.8160407966688435e-30
77,109,5.327829402999131e-31
77,110,1.939794192004021e-30
77,111,8.193999274590689e-31
77,112,1.7570686210086644e-30
77,113,5.883176127163722e-31
77,114,1.7032745066147345e-30
77,115,1.2287860606341191e-30
77,116,1.0395432274690308e-30
77,117,1.474574101131461e-30
77,118,8.793208122271914e-31
77,119,8.501254925059437e-31
77,120,9.812367675215967e-31
77,121,8.1728060158556e-31
77,122,2.0234560283012997e-30
77,123,1.877030003765849e-30
77,124,3.0051663011536032e-30
77,125,1.1819700404005686e-30
77,126,1.1737209283336428e-30
77,127,1.0046094814933666e-30
77,128,1.012261489723155e-30
77,129,8.162127243846563e-31
77,130,1.054158092474678e-30
77,131,1.4199802341201366e-30
77,132,2.1998590783736683e-30
77,133,1.3820303889091097e-30
77,134,1.5975848045683932e-30
77,135,1.185209848557008e-30
77,136,1.5297397302879118e-30
77,137,2.1480284550169976e-30
77,138,1.3343555631542433e-30
77,139,6.179727005483562e-31
77,140,1.885581040604648e-30
77,141,1.7953841548365936e-30
77,142,1.2361624516719479e-30
77,143,1.0376993622878746e-30
77,144,3.141876487604735e-31
77,145,6.880224676794058e-31
77,146,1.253739973705586e-30
77,147,3.0635080445666856e-30
77,148,1.532906978050816e-16
77,149,6.534843655480432e-31
78,79,1.4874313889531652e-30
78,80,8.121370836082445e-31
78,81,2.9567968726126433e-31
78,82,7.768925524002679e-31
78,83,1.117140368961273e-15
78,84,7.763939314249937e-31
78,85,1.995107560686861e-31
78,86,6.6367626759486235e-31
78,87,6.621074473532092e-31
78,88,6.277369259022622e-31
78,89,5.973207434310156e-32
78,90,1.0933742225570428e-30
78,91,7.675340801049288e-31
78,92,7.763265102938269e-31
78,93,8.20301854914151e-31
78,94,1.2430440747034454e-30
78,95,1.0022608450193763e-30
78,96,9.743540049780273e-31
78,97,2.9165955337270064e-31
78,98,8.284461634627012e-31
78,99,5.848331677193677e-31
78,100,7.6676680644860435e-31
78,101,8.317360023789382e-31
78,102,1.4790126749224933e-30
78,103,4.480182912490741e-31
78,104,4.602247361573321e-31
78,105,9.230709916517244e-31
78,106,1.3085964887180854e-30
78,107,5.978733960281815e-16
78,108,2.3928636424834266e-30
78,109,1.0005608598760247e-30
78,110,7.914105926667614e-31
78,111,3.3039325965141593e-31
78,112,1.319293484640867e-30
78,113,2.4291788939968064e-31
78,114,8.846872851380884e-31
78,115,6.037149397169066e-31
78,116,9.89788622937271e-31
78,117,1.0220259093787818e-30
78,118,6.15890945054621e-31
78,119,1.2930246606179667e-30
78,120,1.7495552463930064e-30
78,121,9.056942718095504e-31
78,122,7.489444795415241e-31
78,123,1.0135987631402855e-30
78,124,1.9231267563817862e-30
78,125,1.3394855621612445e-30
78,126,9.282803954008862e-31
78,127,1.0359177448512366e-30
78,128,6.258006044416429e-31
78,129,9.068042249114848e-31
78,130,6.358183188878524e-31
78,131,5.657782288311562e-31
78,132,1.0074504659843096e-30
78,133,8.274480697797029e-31
78,134,5.835975748049326e-31
78,135,9.19311628231308e-31
78,136,4.522892798947032e-31
78,137,1.3897032220278352e-30
78,138,8.693877809604259e-31
78,139,3.6085116610553875e-31
78,140,1.2519287074713315e-30
78,141,1.0072680815306432e-30
78,142,1.9854464421587062e-30
78,143,9.30931420609073e-31
78,144,4.005962815513983e-31
78,145,3.799697463673618e-31
78,146,1.0809144627570095e-30
78,147,1.4188432590665521e-30
78,148,7.7235561446160666e-31
78,149,7.808033545872188e-31
79,80,4.2961294585777733e-16
79,81,2.1898779786837912e-16
79,82,6.444585265997389e-16
79,83,5.227065023137685e-16
79,84,8.987407961564927e-16
79,85,1.6049234378293624e-30
79,86,2.2204579606191855e-16
79,87,3.947248820392848e-16
79,88,4.440914465440377e-16
79,89,2.0483835651705035e-31
79,90,3.043636481661796e-16
79,91,4.941739743737029e-16
79,92,4.75149595107471e-16
79,93,3.9573164916084014e-30
79,94,4.0934398699015686e-16
79,95,6.36292080224835e-16
79,96,2.485986451211344e-16
79,97,2.3533500217241965e-30
79,98,1.1102230246251585e-16
79,99,8.276794555977209e-16
79,100,1.1102230246251542e-16
79,101,1.6883057536160636e-16
79,102,1.710968589854473e-16
79,103,5.978733960281815e-16
79,104,4.2847669856627145e-16
79,105,1.0103182026100611e-16
79,106,2.4788270258490904e-30
79,107,2.127440235754942e-15
79,108,5.369718764186928e-16
79,109,2.7680800466680065e-16
79,110,1.1188630228279588e-16
79,111,3.8048256353003125e-30
79,112,4.125907684680609e-16
79,113,3.886129064117691e-16
79,114,2.916245074961757e-16
79,115,1.2412670766236319e-16
79,116,5.441013484858164e-16
79,117,1.0229162911917988e-15
79,118,9.66276791110565e-16
79,119,5.324442607001572e-16
79,120,4.585973723508305e-16
79,121,4.0378582287367616e-30
79,122,6.687308375473025e-16
79,123,3.5217877337871735e-16
79,124,8.112276265001806e-16
79,125,5.837338052663324e-16
79,126,5.247129907028298e-16
79,127,6.090831269519715e-16
79,128,5.074414582634858e-16
79,129,7.179324490275075e-16
79,130,8.144263476740543e-16
79,131,7.949198794554398e-16
79,132,7.389698037621244e-16
79,133,2.482534153247276e-16
79,134,6.75336922680814e-16
79,135,4.2998752849492544e-16
79,136,2.086288971910446e-16
79,137,5.440287531038303e-16
79,138,1.2951961742569703e-15
79,139,2.4763052226478646e-30
79,140,1.1292303686335777e-15
79,141,3.0643412696273664e-16
79,142,9.20050053995784e-16
79,143,3.258741652450985e-16
79,144,9.20879864241944e-31
79,145,2.8090359395488396e-30
79,146,2.83052443350184e-16
79,147,7.506857598043732e-30
79,148,7.422545406807674e-16
79,149,1.2412670766236353e-16
80,81,4.016687566218739e-30
80,82,1.017001585086211e-29
80,83,4.731378778524631e-16
80,84,4.740269122553224e-30
80,85,1.685381833521923e-30
80,86,3.750001707789133e-30
80,87,2.9490398198312937e-30
80,88,3.843566088676235e-30
80,89,1.0879355990145802e-31
80,90,5.341108281957728e-30
80,91,1.578278515640805e-30
80,92,2.237292603711697e-30
80,93,4.306769635067953e-30
80,94,1.8456159621223295e-30
80,95,6.938893903907176e-18
80,96,5.867040960552151e-30
80,97,2.2046911967526268e-30
80,98,2.3257224492228913e-30
80,99,1.8032753800281363e-30
80,100,1.8012837890720463e-30
80,101,1.2746866545586434e-30
80,102,4.954263562674937e-30
80,103,3.0993206800913036e-30
80,104,2.9520729239806933e-30
80,105,8.456426483830787e-30
80,106,2.9910028523594148e-30
80,107,1.088942177876869e-15
80,108,3.439400343091203e-30
80,109,2.1403118452470636e-30
80,110,2.590675090543074e-30
80,111,4.101983005844762e-30
80,112,5.669278807576785e-30
80,113,2.8170178625369144e-30
80,114,5.5459664594355695e-30
80,115,5.646475805489081e-30
80,116,1.7629424773580586e-30
80,117,2.7576380159559356e-30
80,118,3.2321770227546e-30
80,119,1.0130515171781788e-30
80,120,2.0001780035820524e-30
80,121,3.904653657837646e-30
80,122,9.966926777519343e-30
80,123,2.4885409000206034e-30
80,124,7.253558613315418e-30
80,125,1.83096025952156e-30
80,126,5.862936072620666e-30
80,127,1.4881984168422331e-30
80,128,5.414749673735758e-30
80,129,2.8495874948828952e-30
80,130,2.2429281883515245e-30
80,131,6.322779197546051e-30
80,132,1.2016808702583048e-29
80,133,1.7605729107446825e-30
80,134,7.923404280664519e-30
80,135,2.4290089050699146e-30
80,136,7.906475986900818e-30
80,137,2.3082788015279903e-30
80,138,5.6643345803897744e-30
80,139,1.979623440694894e-30
80,140,9.352492710270812e-30
80,141,3.9137295231551175e-30
80,142,3.235197402176445e-30
80,143,4.981928532365963e-30
80,144,5.912578978903795e-31
80,145,2.349827752860084e-30
80,146,2.3143623674175435e-30
80,147,9.533768941806415e-30
80,148,2.7459091222708723e-16
80,149,3.30580102899894e-30
81,82,3.7780875481786225e-30
81,83,2.3916546437205437e-16
81,84,1.6459073856112895e-30
81,85,6.378952662640679e-31
81,86,1.3415444116077388e-30
81,87,9.236070366253488e-31
81,88,1.4558523543552897e-30
81,89,3.2338365170599053e-32
81,90,1.9184207978341764e-30
81,91,6.8677610716430615e-31
81,92,9.194671186616036e-31
81,93,1.6099202589085643e-30
81,94,6.833199440528168e-31
81,95,1.3777059351582294e-30
81,96,2.226802607588775e-30
81,97,7.385149920379005e-31
81,98,8.788287649980039e-31
81,99,7.976624271763701e-31
81,100,7.4365214576674565e-31
81,101,5.857836984597134e-31
81,102,1.7282833387675342e-30
81,103,1.1613099153175793e-30
81,104,1.0397371261310118e-30
81,105,3.0758715857184137e-30
81,106,1.2301995513224445e-30
81,107,3.236828524569479e-16
81,108,1.1273618672173616e-30
81,109,7.833302668529744e-31
81,110,1.2366626155780386e-30
81,111,1.5483760809065241e-30
81,112,2.085414508882179e-30
81,113,1.013392188142294e-30
81,114,1.907255654415551e-30
81,115,2.2120431695208362e-30
81,116,9.54050177329553e-31
81,117,1.0702816171440504e-30
81,118,1.2200796583152252e-30
81,119,4.045704239040408e-31
81,120,7.66433054464043e-31
81,121,1.3586329595683397e-30
81,122,3.70674037762345e-30
81,123,5.3994761082007745e-31
81,124,2.1250547218405385e-30
81,125,4.978242680369169e-31
81,126,2.2795121453166185e-30
81,127,6.5585820419342e-31
81,128,2.104606784394718e-30
81,129,9.385076233794348e-31
81,130,8.937237143196031e-31
81,131,2.545333128525456e-30
81,132,4.396070120331594e-30
81,133,5.95157467506961e-31
81,134,2.8772573355625936e-30
81,135,8.12653463120896e-31
81,136,2.9079552833943698e-30
81,137,1.0497277477401413e-30
81,138,1.9352711673863353e-30
81,139,6.196406835867714e-31
81,140,4.342114628502354e-30
81,141,1.7304215521588987e-30
81,142,1.128836837042252e-30
81,143,1.7524816873780215e-30
81,144,1.623948448096833e-31
81,145,7.444616732944805e-31
81,146,9.203655051376777e-31
81,147,4.041789976030672e-30
81,148,8.238052774559603e-31
81,149,1.249265826081023e-30
82,83,5.930217600097894e-16
82,84,4.406983726746484e-30
82,85,1.5890966385381154e-30
82,86,3.44247051656697e-30
82,87,2.6892646988376433e-30
82,88,3.599627931293657e-30
82,89,5.746854354961237e-32
82,90,4.912359689807552e-30
82,91,1.5818512201238788e-30
82,92,2.1428208935853136e-30
82,93,4.018611248622928e-30
82,94,1.6235588461342466e-30
82,95,3.7547046745269554e-16
82,96,5.549507739456005e-30
82,97,1.98955380385015e-30
82,98,2.1905053972177336e-30
82,99,1.877400316854645e-30
82,100,1.7242003814531446e-30
82,101,1.2427700127680063e-30
82,102,4.416864813384364e-30
82,103,2.9209536851366987e-30
82,104,2.675710069169631e-30
82,105,7.848343937136477e-30
82,106,2.8368477133817844e-30
82,107,5.752171454726705e-16
82,108,2.401887996625362e-30
82,109,1.7863269887203334e-30
82,110,2.4622397076896843e-30
82,111,3.852263385232145e-30
82,112,5.357904751587149e-30
82,113,2.5780109683062085e-30
82,114,4.9857560928369974e-30
82,115,5.360348049185556e-30
82,116,1.8991452142869152e-30
82,117,2.3722042466347943e-30
82,118,3.0798261742731876e-30
82,119,7.228417033645145e-31
82,120,1.8842423107273513e-30
82,121,3.572656099040297e-30
82,122,9.149204152882839e-30
82,123,1.5354659261520096e-30
82,124,6.2760227906556935e-30
82,125,1.301813709908112e-30
82,126,5.405812399056309e-30
82,127,1.4011551106937251e-30
82,128,5.0706825801920544e-30
82,129,2.429737403701409e-30
82,130,2.322591318653224e-30
82,131,6.0961259780540935e-30
82,132,1.1518328771068718e-29
82,133,1.419536697178629e-30
82,134,7.358431846531265e-30
82,135,2.2074143241949047e-30
82,136,7.402847640643704e-30
82,137,2.1135945132211372e-30
82,138,5.153194426845452e-30
82,139,1.7371131403204335e-30
82,140,8.461094560377673e-30
82,141,3.81336575079232e-30
82,142,2.779290926463327e-30
82,143,4.564239484554696e-30
82,144,4.8155997975749195e-31
82,145,2.075349692937811e-30
82,146,2.100806571273924e-30
82,147,9.155800847695029e-30
82,148,5.628638060085829e-16
82,149,3.0661231023667265e-30
83,84,4.725075965559603e-16
83,85,1.1102230246251536e-16
83,86,4.681207327749319e-16
83,87,4.567168160242063e-16
83,88,2.5370330836160666e-16
83,89,3.2701323805661273e-31
83,90,8.516767962700649e-16
83,91,5.551115123125789e-16
83,92,8.192891637679332e-16
83,93,5.661048867003709e-16
83,94,8.286096941105933e-16
83,95,7.194408760136738e-16
83,96,6.905594046079085e-16
83,97,4.003003630257616e-16
83,98,7.110298033480092e-16
83,99,4.746933783963134e-16
83,100,2.558937633260466e-16
83,101,6.855121490028343e-16
83,102,2.136458276727564e-16
83,103,3.510833468576694e-16
83,104,1.607967956875962e-16
83,105,7.611305586242653e-16
83,106,6.112531465858706e-16
83,107,3.107041513100351e-15
83,108,8.802281616870644e-16
83,109,7.513976312574253e-16
83,110,6.626212253899005e-16
83,111,2.288783399261139e-16
83,112,4.796502568739118e-16
83,113,2.30555126737811e-16
83,114,5.557677443668028e-16
83,115,3.342213888644196e-16
83,116,4.572444475789421e-16
83,117,5.38379472705152e-16
83,118,2.2742747430543695e-16
83,119,6.929954319438996e-16
83,120,1.2118257228641701e-15
83,121,6.843874359417898e-16
83,122,2.432141703982964e-16
83,123,2.558937633260434e-16
83,124,6.697380712247062e-16
83,125,7.792906131308818e-16
83,126,6.518891404944404e-16
83,127,4.888843483876911e-16
83,128,4.124558150883038e-16
83,129,5.495323605393202e-16
83,130,4.3093827271146326e-16
83,131,2.7755575615627364e-17
83,132,5.369718764186967e-16
83,133,5.185169430563065e-16
83,134,3.2667198573986325e-16
83,135,2.7755575615628953e-16
83,136,2.6221307941181053e-16
83,137,9.46300798777612e-16
83,138,5.158170429688194e-16
83,139,1.24975293184493e-30
83,140,7.540442081414849e-16
83,141,9.03033128467018e-16
83,142,1.4872708047255238e-15
83,143,7.065501246531082e-16
83,144,2.482534153247276e-16
83,145,2.221529986854179e-16
83,146,6.84389634448472e-16
83,147,2.8609792490764005e-16
83,148,8.286096941105903e-16
83,149,6.570006096665178e-16
84,85,7.140993290664562e-31
84,86,1.5561090032021164e-30
84,87,1.5816735583011624e-30
84,88,1.6442022059183254e-30
84,89,6.66996795195569e-32
84,90,2.3776261423977436e-30
84,91,8.248932901144276e-31
84,92,1.0918659056644069e-30
84,93,1.7432494539102063e-30
84,94,1.2407600501386494e-30
84,95,4.490697864329733e-16
84,96,2.4860377753175933e-30
84,97,9.50995034960789e-31
84,98,1.0238648387635324e-30
84,99,1.059539797677052e-30
84,100,7.658637476683587e-31
84,101,5.73157119489704e-31
84,102,2.4593731387289178e-30
84,103,1.3483915472939725e-30
84,104,1.3244263485397396e-30
84,105,3.563117798199706e-30
84,106,1.1554074954931221e-30
84,107,6.676139134108987e-16
84,108,2.1800744069451797e-30
84,109,1.479282462774876e-30
84,110,1.0100654644934332e-30
84,111,1.689706661021977e-30
84,112,2.5045460352767808e-30
84,113,1.162020591070725e-30
84,114,2.510653684657164e-30
84,115,2.2832993541823834e-30
84,116,9.932266486323497e-31
84,117,1.3976468343520724e-30
84,118,1.7356392861905888e-30
84,119,7.836953593251129e-31
84,120,1.0151495700583155e-30
84,121,1.6732694565266194e-30
84,122,4.1871993997330375e-30
84,123,1.4699686753708771e-30
84,124,3.723343660023845e-30
84,125,1.1674848639847061e-30
84,126,2.50355095189906e-30
84,127,7.5679107851206915e-31
84,128,2.354375795902287e-30
84,129,1.4415535548002995e-30
84,130,1.3742240893383565e-30
84,131,2.643320157481731e-30
84,132,5.222179596878974e-30
84,133,1.0102710586128635e-30
84,134,3.4274714286112804e-30
84,135,1.2719964903188677e-30
84,136,3.376148602777193e-30
84,137,1.519127740743361e-30
84,138,2.4368845684304493e-30
84,139,9.538762263489648e-31
84,140,3.726983852508151e-30
84,141,1.6913106935702044e-30
84,142,1.7131059815174908e-30
84,143,2.1696002458627446e-30
84,144,3.252204869973025e-31
84,145,1.087930503642632e-30
84,146,1.1852913443792116e-30
84,147,3.675337097531548e-30
84,148,5.308622421428598e-16
84,149,1.31920482192308e-30
85,86,5.623289063931696e-31
85,87,4.107009571853154e-31
85,88,6.101322626147489e-31
85,89,1.38649596814488e-32
85,90,8.04135977406671e-31
85,91,2.296537687695928e-31
85,92,3.564425821064619e-31
85,93,6.6042281961464865e-31
85,94,2.8219946655898253e-31
85,95,3.7780911091978468e-31
85,96,9.51576664306062e-31
85,97,3.0553312693487894e-31
85,98,3.7850386485405573e-31
85,99,3.180688684286924e-31
85,100,3.0137517510581524e-31
85,101,2.327093447237914e-31
85,102,7.196679500027635e-31
85,103,4.91522761526549e-31
85,104,4.39270305385581e-31
85,105,1.2793944203015836e-30
85,106,4.970121586003748e-31
85,107,1.3877787807814472e-16
85,108,4.483429839591066e-31
85,109,3.09422403497349e-31
85,110,4.758246942528191e-31
85,111,6.435629528546256e-31
85,112,8.932441876474532e-31
85,113,4.267134581124242e-31
85,114,7.864475568479046e-31
85,115,9.097194561687755e-31
85,116,3.307316276491192e-31
85,117,4.0422110210031495e-31
85,118,4.695158056437812e-31
85,119,1.987391598384956e-31
85,120,3.209680194216548e-31
85,121,5.672107137689163e-31
85,122,1.533211889487237e-30
85,123,2.5274596669884e-31
85,124,9.38851908807384e-31
85,125,2.6070664818012927e-31
85,126,9.067949713069455e-31
85,127,2.6467937853210593e-31
85,128,8.206263301547381e-31
85,129,4.365719554400036e-31
85,130,3.29723565849875e-31
85,131,1.0384302841309621e-30
85,132,1.885459030861475e-30
85,133,2.3586021091718043e-31
85,134,1.2225897733127765e-30
85,135,3.5749071077863475e-31
85,136,1.2293050504674055e-30
85,137,3.947120002895318e-31
85,138,8.584339352676412e-31
85,139,2.7573436975116915e-31
85,140,1.4302617223939523e-30
85,141,6.9562038918978e-31
85,142,4.518026493496546e-31
85,143,7.716001467997994e-31
85,144,7.093542442422893e-32
85,145,3.2008062717530378e-31
85,146,3.5930911194599413e-31
85,147,1.635232180015496e-30
85,148,2.017861170122417e-31
85,149,4.985215900826258e-31
86,87,1.0330945172624386e-30
86,88,1.3024452159970988e-30
86,89,4.6709618985076957e-32
86,90,1.8016677821124932e-30
86,91,6.3726763899506e-31
86,92,7.599415881116816e-31
86,93,1.631233258959418e-30
86,94,7.554579519324885e-31
86,95,9.949864698229608e-31
86,96,1.9235725170269923e-30
86,97,8.353127981403327e-31
86,98,7.602641218994514e-31
86,99,5.253391403250976e-31
86,100,6.2292491540757305e-31
86,101,5.609913497292071e-31
86,102,1.6799539423294873e-30
86,103,1.0304963723789805e-30
86,104,1.000086362571456e-30
86,105,3.0068861681931814e-30
86,106,1.1925766861859463e-30
86,107,4.675283561957127e-16
86,108,1.5501056328275405e-30
86,109,6.548627801434525e-31
86,110,8.64454214823623e-31
86,111,1.4454930865034306e-30
86,112,1.988932821600878e-30
86,113,1.008362010007696e-30
86,114,1.9192831866189096e-30
86,115,2.0007779194020785e-30
86,116,6.880336575998731e-31
86,117,1.0541303770652871e-30
86,118,1.0314000564606696e-30
86,119,7.11890666280436e-31
86,120,9.460370769859903e-31
86,121,1.4306106393002997e-30
86,122,3.362406799021853e-30
86,123,9.63442286973761e-31
86,124,2.478798119920853e-30
86,125,6.754134047659468e-31
86,126,1.9823777614684682e-30
86,127,7.0111784588328e-31
86,128,1.8747413358830247e-30
86,129,9.304735237601421e-31
86,130,8.247195231422295e-31
86,131,2.1630868835860916e-30
86,132,4.15787744934801e-30
86,133,6.354661241600139e-31
86,134,2.70746687774989e-30
86,135,8.127226034680986e-31
86,136,2.714758724916253e-30
86,137,9.77138292009812e-31
86,138,1.9993287695829825e-30
86,139,6.713675077040452e-31
86,140,2.9616055136673364e-30
86,141,1.285297873843011e-30
86,142,1.1195023561578751e-30
86,143,1.693507399371417e-30
86,144,2.105492698059412e-31
86,145,8.269867401640086e-31
86,146,7.8521628641851085e-31
86,147,3.3738137046560275e-30
86,148,4.642019210002535e-31
86,149,1.305676135740421e-30
87,88,1.370030608899047e-30
87,89,1.098783019699618e-31
87,90,1.7037324597919723e-30
87,91,5.77382911015321e-31
87,92,1.0111381150741945e-30
87,93,1.0137377709988478e-30
87,94,9.861385592300748e-31
87,95,3.4694469943052655e-16
87,96,1.4130623954683606e-30
87,97,7.804688172605647e-31
87,98,6.636379211691901e-31
87,99,5.246654612970142e-31
87,100,8.99951872463391e-31
87,101,8.157585386964807e-31
87,102,3.008240907392719e-30
87,103,7.869291841786663e-31
87,104,1.1984393613926022e-30
87,105,2.2313707941261367e-30
87,106,1.0069278195518985e-30
87,107,1.0997996348033736e-15
87,108,3.265838407774057e-30
87,109,1.0395958210915114e-30
87,110,1.742473529232554e-30
87,111,9.389969514479562e-31
87,112,2.2538926858121896e-30
87,113,7.966670118364876e-31
87,114,2.256540874955854e-30
87,115,1.152994677185312e-30
87,116,1.1986451763326264e-30
87,117,1.7913854670892533e-30
87,118,1.2592315465543155e-30
87,119,9.501775385433713e-31
87,120,1.1444719244262078e-30
87,121,1.213104542281554e-30
87,122,2.5299443013271153e-30
87,123,2.2317317889147667e-30
87,124,4.082091031584644e-30
87,125,1.3205517557481433e-30
87,126,1.761062026077618e-30
87,127,1.0872418362339749e-30
87,128,1.4831223638142362e-30
87,129,9.707061202665994e-31
87,130,1.1830096853215965e-30
87,131,1.3315470272978693e-30
87,132,3.3826121948140915e-30
87,133,1.5286207187426355e-30
87,134,2.2364841624595084e-30
87,135,1.5089793724398733e-30
87,136,2.127699475300334e-30
87,137,2.214560583685872e-30
87,138,1.9394964993157724e-30
87,139,9.102216523334163e-31
87,140,2.2607301734611253e-30
87,141,1.4437245213624738e-30
87,142,1.6492364544084933e-30
87,143,1.4121206977927868e-30
87,144,4.091367210723927e-31
87,145,1.0084949235283984e-30
87,146,1.5216602861360445e-30
87,147,2.1352772322736823e-30
87,148,1.2709032014758072e-30
87,149,7.2800421866049625e-31
88,89,1.1056261159469908e-31
88,90,1.8669048178920044e-30
88,91,5.7426970669959306e-31
88,92,7.859985874551057e-31
88,93,1.566352489052449e-30
88,94,9.462788503623918e-31
88,95,1.0827207134039614e-30
88,96,2.159527563728089e-30
88,97,7.561006486683819e-31
88,98,8.447898161936108e-31
88,99,7.231622367182162e-31
88,100,9.963826779090828e-31
88,101,9.87754741103515e-31
88,102,2.721149201668209e-30
88,103,1.1075599421483437e-30
88,104,1.0457537555283593e-30
88,105,2.9456481621473665e-30
88,106,1.5011058147671937e-30
88,107,1.1066490624145168e-15
88,108,3.235180001140032e-30
88,109,7.164495316919981e-31
88,110,2.080362019770367e-30
88,111,1.4892889122398877e-30
88,112,2.1421061204175417e-30
88,113,9.867724033763351e-31
88,114,2.0275556089445633e-30
88,115,2.1679570645292988e-30
88,116,1.2689121587726498e-30
88,117,1.5784389409418505e-30
88,118,1.204216473739281e-30
88,119,1.1039859689726524e-30
88,120,1.2330293159821601e-30
88,121,1.3397148823742446e-30
88,122,3.493686526374999e-30
88,123,2.0213341506428684e-30
88,124,3.472512704911453e-30
88,125,1.34853450407732e-30
88,126,2.067998933907516e-30
88,127,1.2224735550242152e-30
88,128,1.877156309713093e-30
88,129,1.044528761456005e-30
88,130,1.085334326326829e-30
88,131,2.47379620087337e-30
88,132,4.297544962952617e-30
88,133,1.45318886221181e-30
88,134,2.786616869736349e-30
88,135,1.3422711228566406e-30
88,136,2.8008700735870758e-30
88,137,2.2624344677421913e-30
88,138,2.0237731181287154e-30
88,139,7.951954684122232e-31
88,140,3.235552779062029e-30
88,141,2.0906967249213572e-30
88,142,1.386350377176612e-30
88,143,1.7645611239439006e-30
88,144,3.699634129185393e-31
88,145,8.914558180642402e-31
88,146,1.3491512954630953e-30
88,147,4.4838583416976315e-30
88,148,1.1929687899900896e-30
88,149,1.1886076464330027e-30
89,90,6.522428364655519e-32
89,91,5.180376447012407e-32
89,92,5.859175953900436e-32
89,93,6.353722724774998e-32
89,94,8.032408046545103e-32
89,95,9.460739770461626e-32
89,96,3.8479946938926105e-32
89,97,3.4187740644369334e-32
89,98,3.657186630393806e-32
89,99,3.264160175866458e-32
89,100,8.796330800663474e-32
89,101,8.296993913780625e-32
89,102,2.461967514404714e-31
89,103,0.0
89,104,7.174781724925757e-32
89,105,5.635385529947957e-32
89,106,1.1580354304640988e-31
89,107,9.99075636078077e-17
89,108,2.967750208535868e-31
89,109,4.839968281507003e-32
89,110,1.6985709615973377e-31
89,111,3.334083188889597e-32
89,112,1.8112786870988427e-31
89,113,4.0046698551593714e-32
89,114,1.4225484106337806e-31
89,115,6.208344380519196e-32
89,116,1.1104069288376438e-31
89,117,1.5040765521747189e-31
89,118,7.848106081890814e-32
89,119,1.01376111025783e-31
89,120,1.1029235551194012e-31
89,121,5.46216065320902e-32
89,122,7.022023777896479e-32
89,123,1.825336554713367e-31
89,124,2.864733532988013e-31
89,125,1.1872162685420263e-31
89,126,7.431447823721037e-32
89,127,1.0983387092884368e-31
89,128,6.932479840724405e-32
89,129,6.332887685822397e-32
89,130,9.362698370528644e-32
89,131,9.015422831246207e-32
89,132,1.4451019868065747e-31
89,133,1.2842874981043632e-31
89,134,6.460605662862092e-32
89,135,1.2425974582175e-31
89,136,9.153827094810297e-32
89,137,2.035078614852492e-31
89,138,7.684193444155445e-32
89,139,5.573644811616659e-32
89,140,1.4363999528794707e-31
89,141,1.4652184650044736e-31
89,142,1.2283276043019255e-31
89,143,6.737803372944276e-32
89,144,3.373490289376495e-32
89,145,5.743508296828981e-32
89,146,1.2276558632738644e-31
89,147,2.3158322196298284e-31
89,148,9.018887175584366e-32
89,149,2.854969935997876e-32
90,91,8.68847802703804e-31
90,92,1.1276639876664733e-30
90,93,2.003694076222315e-30
90,94,8.427898571383261e-31
90,95,2.7792422501799793e-16
90,96,2.8164399256666445e-30
90,97,1.1289607066924975e-30
90,98,1.167572142950217e-30
90,99,8.733299955696942e-31
90,100,8.818357445606534e-31
90,101,6.081477300432455e-31
90,102,2.7662910459841682e-30
90,103,1.5018186095865845e-30
90,104,1.5164678239578212e-30
90,105,4.070446555922243e-30
90,106,1.274184330578184e-30
90,107,6.528463040355616e-16
90,108,2.265957883733025e-30
90,109,1.1036728622509135e-30
90,110,1.027666776527272e-30
90,111,1.906962503341057e-30
90,112,2.80375754156052e-30
90,113,1.3469412157021318e-30
90,114,2.90130252835952e-30
90,115,2.535456263983995e-30
90,116,9.238815942997662e-31
90,117,1.5125071115934503e-30
90,118,1.7398122344164785e-30
90,119,8.218629251733912e-31
90,120,1.1414289832080241e-30
90,121,1.9328679356169386e-30
90,122,4.80529451865787e-30
90,123,1.5665930056607898e-30
90,124,4.1606621576048886e-30
90,125,1.2332885472295176e-30
90,126,2.9646978069624202e-30
90,127,7.41849393335126e-31
90,128,2.639836162687503e-30
90,129,1.4893729463122971e-30
90,130,1.2956388648178696e-30
90,131,2.8456167098333688e-30
90,132,5.7155958057273724e-30
90,133,1.091114635126599e-30
90,134,3.8574372702838465e-30
90,135,1.3982821688236698e-30
90,136,3.796693363230109e-30
90,137,1.3923127446046245e-30
90,138,2.8288188211997798e-30
90,139,1.0839397811371033e-30
90,140,4.513026335298473e-30
90,141,1.6965577976877336e-30
90,142,1.7577231806914405e-30
90,143,2.405395885899676e-30
90,144,3.564121918906865e-31
90,145,1.251911651733693e-30
90,146,1.2878380513841194e-30
90,147,3.910188853963334e-30
90,148,1.0292232944286854e-30
90,149,1.5569364904728384e-30
91,92,4.701217169670673e-31
91,93,8.55884743648551e-31
91,94,5.726969753110557e-31
91,95,9.345179631316111e-31
91,96,7.208937723902506e-31
91,97,4.381844470066647e-31
91,98,3.633209486562562e-31
91,99,5.019262010722187e-31
91,100,5.607698943366219e-31
91,101,5.081446200640195e-31
91,102,1.2711175907785278e-30
91,103,4.697147783293848e-31
91,104,5.011732027853061e-31
91,105,1.4032907879797997e-30
91,106,8.909900621948441e-31
91,107,5.185169430563077e-16
91,108,1.7153278379204213e-30
91,109,4.988249794045832e-31
91,110,8.160717662197225e-31
91,111,6.514184079308929e-31
91,112,1.0146015590083895e-30
91,113,4.10720298559663e-31
91,114,9.73861111970515e-31
91,115,9.62979228355701e-31
91,116,7.158468356650095e-31
91,117,1.0347546981065169e-30
91,118,8.055774255247863e-31
91,119,7.930570680495236e-31
91,120,8.428188564805403e-31
91,121,7.243803282823299e-31
91,122,1.3669759382666937e-30
91,123,9.24601574684013e-31
91,124,1.6268895294302863e-30
91,125,7.0876721907016475e-31
91,126,8.731600022149048e-31
91,127,7.701752012365708e-31
91,128,1.0290889497284163e-30
91,129,5.278015906474562e-31
91,130,8.291609551277371e-31
91,131,1.1688076590184324e-30
91,132,1.9078856167712428e-30
91,133,6.150965026662496e-31
91,134,1.1491815695631914e-30
91,135,7.340079782608094e-31
91,136,1.160133861663845e-30
91,137,1.1245211295618553e-30
91,138,8.00020343552307e-31
91,139,3.623086229180737e-31
91,140,1.729136475647153e-30
91,141,8.444232225821741e-31
91,142,1.0792392112382258e-30
91,143,6.685291651422049e-31
91,144,2.22393627686481e-31
91,145,4.138125313841168e-31
91,146,6.484922413600516e-31
91,147,1.826303929243857e-30
91,148,8.280531578114244e-31
91,149,7.482096800756472e-31
92,93,8.890740345936886e-31
92,94,7.093224583920499e-31
92,95,2.9512739947111565e-16
92,96,1.2925938659749669e-30
92,97,5.730775294627979e-31
92,98,6.71603294950252e-31
92,99,7.292739148705994e-31
92,100,4.481359679645988e-31
92,101,7.312220048358651e-31
92,102,1.5906161893905654e-30
92,103,6.882301796062818e-31
92,104,6.359018512694505e-31
92,105,1.731130803866838e-30
92,106,6.448976132039556e-31
92,107,5.86459697576145e-16
92,108,1.5753604007899515e-30
92,109,6.859312355003746e-31
92,110,1.2988017682880312e-30
92,111,8.263635015416581e-31
92,112,1.1890807638353292e-30
92,113,5.583040599142732e-31
92,114,1.2900840810819268e-30
92,115,1.1672379056988124e-30
92,116,6.408509461897221e-31
92,117,1.0745306057952362e-30
92,118,8.84483454330492e-31
92,119,4.573094909539301e-31
92,120,1.0130586328716377e-30
92,121,8.576167223377191e-31
92,122,1.9992428753731502e-30
92,123,1.197040686561447e-30
92,124,2.1453818122804556e-30
92,125,7.079529532071403e-31
92,126,1.2209269921656263e-30
92,127,5.334411392580518e-31
92,128,1.1496236567547263e-30
92,129,6.116773893869394e-31
92,130,7.96571197444451e-31
92,131,1.431309657103873e-30
92,132,2.5692874501539563e-30
92,133,9.091315544063865e-31
92,134,1.626201187371755e-30
92,135,7.051660918490595e-31
92,136,1.6245566375083066e-30
92,137,1.3682715513108857e-30
92,138,1.1310814439656145e-30
92,139,4.809738998340844e-31
92,140,2.2995800607587027e-30
92,141,1.3795045868580833e-30
92,142,1.2499628177886918e-30
92,143,1.0182179302439373e-30
92,144,2.0702952590207037e-31
92,145,5.815046063747349e-31
92,146,8.32614069340611e-31
92,147,2.333426402468332e-30
92,148,9.129637459489053e-31
92,149,7.2862163839726e-31
93,94,1.1033608209985893e-30
93,95,1.3558064851960628e-30
93,96,2.215659917935859e-30
93,97,9.868601825677493e-31
93,98,8.737121903103496e-31
93,99,6.845292163551084e-31
93,100,9.212160749797793e-31
93,101,8.323027443313763e-31
93,102,1.8439983878527562e-30
93,103,1.1766427834124563e-30
93,104,1.0739407869915786e-30
93,105,3.5994212779115505e-30
93,106,1.7268110954193774e-30
93,107,6.359601310784511e-16
93,108,2.0745467528915676e-30
93,109,7.476306935519404e-31
93,110,1.3927319353057778e-30
93,111,1.7735939912716067e-30
93,112,2.4376856931843994e-30
93,113,1.1811746814630885e-30
93,114,2.0883565195420747e-30
93,115,2.5531457145455682e-30
93,116,1.0653160339838906e-30
93,117,1.0463896616081894e-30
93,118,1.194357212286054e-30
93,119,1.0017164675931838e-30
93,120,1.384387207881837e-30
93,121,1.7249825523469405e-30
93,122,3.847774725517507e-30
93,123,1.0329027568688675e-30
93,124,2.459976774871445e-30
93,125,7.848481198462242e-31
93,126,2.1926866370153298e-30
93,127,1.0554333380662359e-30
93,128,2.2734738523337158e-30
93,129,7.96955637350436e-31
93,130,1.0887267452090916e-30
93,131,2.767798407675039e-30
93,132,4.973660412849714e-30
93,133,8.212280782108264e-31
93,134,3.097692199954556e-30
93,135,8.523658147995461e-31
93,136,3.182189723466122e-30
93,137,1.3620522988850161e-30
93,138,2.115136115223396e-30
93,139,6.501775551572858e-31
93,140,3.584345490594619e-30
93,141,1.80775222342171e-30
93,142,1.4254532373442091e-30
93,143,1.898733216110665e-30
93,144,2.909345465268883e-31
93,145,8.828913363675228e-31
93,146,9.175334574100978e-31
93,147,4.664439197812754e-30
93,148,5.404626353430096e-31
93,149,1.6914282491221632e-30
94,95,1.4822310240975277e-30
94,96,9.826449057214593e-31
94,97,4.389855486440576e-31
94,98,5.988312518467504e-31
94,99,5.7524509944042025e-31
94,100,8.24904535598321e-31
94,101,8.80539330196235e-31
94,102,1.8932373321360925e-30
94,103,4.9476376084728905e-31
94,104,9.015243807626618e-31
94,105,1.5217714443431383e-30
94,106,1.4015334344834378e-30
94,107,8.039839784379823e-16
94,108,2.8450812548963234e-30
94,109,1.22756842008686e-30
94,110,1.3218757458232726e-30
94,111,7.855838894470369e-31
94,112,1.7230644336196934e-30
94,113,5.2951316601108835e-31
94,114,1.161844926268947e-30
94,115,1.223475623934467e-30
94,116,1.305154432295302e-30
94,117,9.872719033550099e-31
94,118,8.626230910330207e-31
94,119,1.244151188714076e-30
94,120,1.509518061767036e-30
94,121,8.79281468406151e-31
94,122,1.7475649782240655e-30
94,123,1.3610212117510948e-30
94,124,2.2645516572208613e-30
94,125,1.2154916255201458e-30
94,126,9.928237723874501e-31
94,127,1.1034234137740698e-30
94,128,1.061366811737647e-30
94,129,7.603163230731461e-31
94,130,7.756816536406243e-31
94,131,1.2910880332560273e-30
94,132,1.9606509667270056e-30
94,133,1.0483452680680659e-30
94,134,1.5308401278555958e-30
94,135,9.825925519316703e-31
94,136,1.3208678903019768e-30
94,137,1.8597303899764586e-30
94,138,9.352599069762786e-31
94,139,4.432840804620528e-31
94,140,1.7169729198385447e-30
94,141,1.5127547824352518e-30
94,142,1.6392037118714412e-30
94,143,9.138677619284672e-31
94,144,3.6356163632337784e-31
94,145,4.41598980348514e-31
94,146,1.0189879113349447e-30
94,147,2.7568774770730056e-30
94,148,9.195432059218954e-31
94,149,9.165406425309604e-31
95,96,3.165573288030121e-16
95,97,6.602860560623502e-31
95,98,5.1751724884323045e-31
95,99,7.248334171295277e-31
95,100,9.428653198364793e-31
95,101,1.0317248924273887e-30
95,102,2.5253870447821576e-30
95,103,7.09274518797746e-31
95,104,8.649293559830669e-31
95,105,2.1961642272322565e-30
95,106,1.4702146487987841e-30
95,107,1.0897316978804068e-15
95,108,2.364893232805291e-16
95,109,1.7543973393932273e-30
95,110,1.6404580538647478e-30
95,111,1.0590608663447629e-30
95,112,2.7345599234950643e-16
95,113,6.683363667793679e-31
95,114,4.825401302443045e-16
95,115,1.6089343356632718e-30
95,116,1.22294788415884e-30
95,117,1.4873257588415037e-30
95,118,1.1159298804061962e-30
95,119,1.0959357301517651e-30
95,120,1.2016907275678357e-30
95,121,1.1001232873610279e-30
95,122,3.1556832461981497e-16
95,123,1.7147814445695878e-30
95,124,2.731895926471372e-30
95,125,1.1964061668455226e-30
95,126,3.856239954035533e-16
95,127,1.1594806426181267e-30
95,128,1.5337285030470886e-30
95,129,1.4339316892804728e-30
95,130,1.1582642631625008e-30
95,131,1.9031050498502293e-30
95,132,3.7961521056034503e-16
95,133,1.2445008923721884e-30
95,134,4.647764671399653e-16
95,135,1.170552502140837e-30
95,136,4.602741507868933e-16
95,137,2.6431630432617523e-16
95,138,1.1145513959121694e-16
95,139,5.6649795061803745e-31
95,140,9.044283513079662e-16
95,141,2.0984419352897785e-16
95,142,5.821851905432228e-16
95,143,1.1124231303363192e-16
95,144,3.3918938177893028e-31
95,145,6.431526553361357e-31
95,146,1.2432775043812682e-30
95,147,3.3818060793025494e-30
95,148,1.1834255362635544e-30
95,149,1.1443393899064156e-30
96,97,1.0029534381505038e-30
96,98,1.4079225332558665e-30
96,99,1.161246859454019e-30
96,100,1.0621013095747857e-30
96,101,8.325625737453058e-31
96,102,2.520667189621981e-30
96,103,1.7466727787777233e-30
96,104,1.542000031067845e-30
96,105,4.365027080217667e-30
96,106,1.680349899169909e-30
96,107,3.851554932315358e-16
96,108,1.5556614120610588e-30
96,109,1.1579437006169259e-30
96,110,1.7357421384976433e-30
96,111,2.222467564980221e-30
96,112,3.1432276406633505e-30
96,113,1.4771877564044216e-30
96,114,2.6751118432584758e-30
96,115,3.1439341025004016e-30
96,116,1.2207160207095588e-30
96,117,1.4546024971753733e-30
96,118,1.5475943418987734e-30
96,119,6.932258679350777e-31
96,120,1.1348780696321927e-30
96,121,1.905479093791105e-30
96,122,5.371073687186831e-30
96,123,6.704661634437288e-31
96,124,3.0910054833969177e-30
96,125,1.0848225665987325e-30
96,126,3.2042110778222555e-30
96,127,8.980179554474188e-31
96,128,2.7657964865856358e-30
96,129,1.7013480172868828e-30
96,130,1.0286611864256954e-30
96,131,3.612240295849149e-30
96,132,6.573212338846147e-30
96,133,8.46078008030884e-31
96,134,4.275857848601654e-30
96,135,1.2762445678670392e-30
96,136,4.284589739750174e-30
96,137,1.5015378761442373e-30
96,138,3.086617439189246e-30
96,139,9.509197472649821e-31
96,140,4.9207718327057645e-30
96,141,2.540968742254857e-30
96,142,1.6683061129815737e-30
96,143,2.781461375228197e-30
96,144,2.4052829966478743e-31
96,145,1.0705499287759349e-30
96,146,1.3982034984577697e-30
96,147,5.722915869012747e-30
96,148,1.2799409599359633e-16
96,149,1.6478638064103962e-30
97,98,4.594271714260915e-31
97,99,2.4517728807323457e-31
97,100,3.0650967848083116e-31
97,101,3.743145254621004e-31
97,102,1.1918201758923454e-30
97,103,5.718791439606064e-31
97,104,6.227869302419766e-31
97,105,1.8364309843116834e-30
97,106,6.106480200115925e-31
97,107,3.421937179708939e-16
97,108,9.530766735799257e-31
97,109,4.2284395455241845e-31
97,110,5.907369012540271e-31
97,111,8.293974805112263e-31
97,112,1.185249609938639e-30
97,113,6.133546403105098e-31
97,114,1.306358009590977e-30
97,115,1.0955114187209312e-30
97,116,3.169837049596838e-31
97,117,6.908255508940491e-31
97,118,6.958376173623918e-31
97,119,2.8112529453273444e-31
97,120,5.892665838486357e-31
97,121,9.351447019346593e-31
97,122,1.916793538670823e-30
97,123,7.958479363810364e-31
97,124,1.8667467085385017e-30
97,125,4.0822686432366155e-31
97,126,1.1621360082799912e-30
97,127,3.061494379780399e-31
97,128,1.1464052523907212e-30
97,129,4.41397391077906e-31
97,130,6.130658943644016e-31
97,131,1.1396831874719083e-30
97,132,2.417913119247521e-30
97,133,5.7924745367250095e-31
97,134,1.5803448282422558e-30
97,135,5.4019997758929665e-31
97,136,1.583643725226558e-30
97,137,7.7553336079984474e-31
97,138,1.1741889564061153e-30
97,139,4.509101371679893e-31
97,140,1.6537175554411548e-30
97,141,6.136267620990703e-31
97,142,8.796447732509185e-31
97,143,9.792119582870353e-31
97,144,1.7618756521208123e-31
97,145,5.798065495488064e-31
97,146,5.4472608773256295e-31
97,147,1.6300327531501727e-30
97,148,5.745093902959931e-31
97,149,8.168025977387668e-31
98,99,5.501510539192832e-31
98,100,4.18131706302509e-31
98,101,5.167600988754105e-31
98,102,1.0928162971626478e-30
98,103,7.0729983531188025e-31
98,104,6.325040163371521e-31
98,105,1.718350881846123e-30
98,106,6.476309812979968e-31
98,107,3.6605703295400944e-16
98,108,1.1208760496962809e-30
98,109,6.278853531133574e-31
98,110,8.981641709836024e-31
98,111,8.540584996440227e-31
98,112,1.2155387145641369e-30
98,113,5.774851148242333e-31
98,114,1.1402378650336052e-30
98,115,1.1952617031906987e-30
98,116,5.014259026752046e-31
98,117,6.297091180257858e-31
98,118,6.790103865670187e-31
98,119,5.459332522565075e-31
98,120,8.646966212461373e-31
98,121,7.849435422518121e-31
98,122,2.1318026122283292e-30
98,123,7.182986217028991e-31
98,124,1.6147403690569864e-30
98,125,6.906615032974105e-31
98,126,1.3068089566821066e-30
98,127,4.226711635256451e-31
98,128,1.092751457513266e-30
98,129,7.704978990207076e-31
98,130,4.783410324671983e-31
98,131,1.3889020966199081e-30
98,132,2.5456550821162814e-30
98,133,5.1724188220008415e-31
98,134,1.6934458952575333e-30
98,135,5.909357963221155e-31
98,136,1.675657855253149e-30
98,137,8.893643494838184e-31
98,138,1.2400841392569126e-30
98,139,4.329227618278251e-31
98,140,1.9844437134065738e-30
98,141,1.133601611527048e-30
98,142,1.079344789900788e-30
98,143,1.1176408354186704e-30
98,144,1.7832816337673617e-31
98,145,4.86346486235037e-31
98,146,6.488214214632645e-31
98,147,2.22130061681838e-30
98,148,6.8886859725419565e-31
98,149,6.883272234926629e-31
99,100,4.537844496718578e-31
99,101,4.626918757580356e-31
99,102,9.270611073817508e-31
99,103,7.2454761915663905e-31
99,104,4.821147181540888e-31
99,105,1.2812752878209524e-30
99,106,6.550531133815458e-31
99,107,3.2671802394061904e-16
99,108,1.0621809647182545e-30
99,109,5.062626447948702e-31
99,110,8.682796363062925e-31
99,111,7.115670136867875e-31
99,112,1.0597301033363507e-30
99,113,4.590334237796204e-31
99,114,7.5853967123882625e-31
99,115,1.0984858237337388e-30
99,116,6.790355094246088e-31
99,117,1.1754860225933793e-30
99,118,1.0254872171411334e-30
99,119,4.455669875155486e-31
99,120,8.026292819694501e-31
99,121,4.948251735541088e-31
99,122,1.596083446787957e-30
99,123,5.736213259942433e-31
99,124,9.914806511308362e-31
99,125,5.205723418686478e-31
99,126,9.77051526196345e-31
99,127,5.962315837485481e-31
99,128,1.034901097056769e-30
99,129,5.4957925272100175e-31
99,130,8.240118817794928e-31
99,131,1.529454398725457e-30
99,132,2.292440088878056e-30
99,133,3.7242236172792853e-31
99,134,1.3394520969674788e-30
99,135,6.709233951515447e-31
99,136,1.3808438364962666e-30
99,137,9.979636569653323e-31
99,138,1.1313106019206851e-30
99,139,2.501914677188416e-31
99,140,2.1996958267967772e-30
99,141,1.1530976384673522e-30
99,142,1.052765758653502e-30
99,143,9.003973797145058e-31
99,144,1.344442252076277e-31
99,145,2.380382124895376e-31
99,146,5.578797507528438e-31
99,147,2.2668751398193605e-30
99,148,5.28500401114398e-31
99,149,4.994832683266954e-31
100,101,7.705152898460537e-31
100,102,2.1314703606316054e-30
100,103,5.335300728683653e-31
100,104,6.016591680938942e-31
100,105,1.3830587205770036e-30
100,106,1.2504494583546004e-30
100,107,8.804469334467936e-16
100,108,2.7207099745401045e-30
100,109,5.224499897882971e-31
100,110,1.5006473793791517e-30
100,111,7.67516209171415e-31
100,112,1.666558591436168e-30
100,113,4.768791680993662e-31
100,114,1.1817715106675725e-30
100,115,1.2208754239325349e-30
100,116,1.0700198447685039e-30
100,117,1.4040595954649715e-30
100,118,6.519322784304855e-31
100,119,1.0324323446664424e-30
100,120,1.1203587683428984e-30
100,121,5.905707443076705e-31
100,122,1.648549849645767e-30
100,123,1.5560092966928255e-30
100,124,2.4606051957819838e-30
100,125,1.0761270202053119e-30
100,126,9.731377310465935e-31
100,127,1.0779600701749546e-30
100,128,9.32364210103977e-31
100,129,6.6826479422806985e-31
100,130,8.339521500230827e-31
100,131,1.4475862640277569e-30
100,132,2.155063091367142e-30
100,133,1.0839547316015976e-30
100,134,1.3046638261794544e-30
100,135,1.1265721149951982e-30
100,136,1.3643911215083211e-30
100,137,1.795888842180595e-30
100,138,9.698385147803567e-31
100,139,4.89397171804348e-31
100,140,1.7666357486805377e-30
100,141,1.4326302385812685e-30
100,142,3.4730987913646724e-16
100,143,8.317288019980458e-31
100,144,3.206151902685164e-31
100,145,4.969661516129921e-31
100,146,1.0957165707363752e-30
100,147,2.924939338210104e-30
100,148,6.207294960296788e-31
100,149,6.772878302963185e-31
101,102,2.0830110059729652e-30
101,103,3.820278429968952e-31
101,104,5.159776609813577e-31
101,105,1.102020959035337e-30
101,106,1.1268451081048562e-30
101,107,8.304670451529485e-16
101,108,2.4333545370377602e-30
101,109,1.0428118584687739e-30
101,110,1.5837390844256182e-30
101,111,6.1823063728925755e-31
101,112,1.5951746097673295e-30
101,113,3.973550846478546e-31
101,114,1.1617973856235268e-30
101,115,1.0349865329614551e-30
101,116,1.0141670645226603e-30
101,117,1.26020943066856e-30
101,118,6.151418298611311e-31
101,119,9.13606083085596e-31
101,120,1.0566109487398467e-30
101,121,6.267214274871674e-31
101,122,1.1408834839622862e-30
101,123,1.4676159996850156e-30
101,124,2.148707055342882e-30
101,125,1.01204375850435e-30
101,126,6.476423269107293e-31
101,127,9.527144691066935e-31
101,128,7.484658202816564e-31
101,129,7.5357075832287685e-31
101,130,7.882916918952998e-31
101,131,1.2707802059033292e-30
101,132,1.935671999988143e-30
101,133,1.0693588804417787e-30
101,134,9.276825608957309e-31
101,135,1.005783341295044e-30
101,136,1.0796375962424012e-30
101,137,1.7950963824738047e-30
101,138,5.478305010414808e-31
101,139,4.039447445327664e-31
101,140,1.605470628788797e-30
101,141,1.4993314316393145e-30
101,142,1.1343293478382162e-30
101,143,6.620612780447593e-31
101,144,2.7122950174920013e-31
101,145,4.179473962114666e-31
101,146,1.0134861822431256e-30
101,147,2.7148504616793215e-30
101,148,8.614475746464368e-31
101,149,6.676210432214895e-31
102,103,1.344443575063229e-30
102,104,1.9906423216214063e-30
102,105,3.66437576619414e-30
102,106,2.773330900158542e-30
102,107,2.4642453739231337e-15
102,108,7.322880497299241e-30
102,109,1.7677799703119305e-30
102,110,4.10401395627549e-30
102,111,1.732652144832202e-30
102,112,4.4978053272257496e-30
102,113,1.27991790659312e-30
102,114,4.037694248397309e-30
102,115,2.5634100172279318e-30
102,116,2.6653892209397135e-30
102,117,3.759543150269177e-30
102,118,2.2351806146128672e-30
102,119,2.454080914508201e-30
102,120,2.7047228815340555e-30
102,121,1.935917684749206e-30
102,122,4.325051152709195e-30
102,123,4.633100769075259e-30
102,124,7.7331953938193e-30
102,125,3.0510881651495087e-30
102,126,2.8730088779845205e-30
102,127,2.6450588204123784e-30
102,128,2.3596736963347845e-30
102,129,2.0559730693362207e-30
102,130,2.3302964237807867e-30
102,131,3.002310801398475e-30
102,132,5.276612272992545e-30
102,133,3.208881021544463e-30
102,134,3.5500659067895434e-30
102,135,3.1436162638922257e-30
102,136,3.4519677944168525e-30
102,137,4.960075571524097e-30
102,138,3.0305090025504853e-30
102,139,1.6351120006359103e-30
102,140,4.292932505441207e-30
102,141,3.537760035747583e-30
102,142,3.2592635287022455e-30
102,143,2.3513742759403293e-30
102,144,8.611118627485933e-31
102,145,1.742666823897109e-30
102,146,3.090696920138774e-30
102,147,6.297908546839631e-30
102,148,2.274344646466081e-30
102,149,1.396798023869108e-30
103,104,8.193265137123006e-31
103,105,2.3384390024441177e-30
103,106,8.376187107760888e-31
103,107,1.9343758492728985e-30
103,108,8.037366540876149e-31
103,109,5.889870462401343e-31
103,110,7.742640667050878e-31
103,111,1.1598045163354048e-30
103,112,1.624765132459951e-30
103,113,7.826948020566822e-31
103,114,1.476558349234055e-30
103,115,1.6140406702195463e-30
103,116,5.844220207050104e-31
103,117,7.6301841380296885e-31
103,118,9.879738368038777e-31
103,119,3.2603532627755237e-31
103,120,5.7948342123535456e-31
103,121,1.048736072182389e-30
103,122,2.8161864251244807e-30
103,123,3.359152311435515e-31
103,124,1.8105824308694e-30
103,125,4.994795100014394e-31
103,126,1.6807300983658122e-30
103,127,4.322436482037502e-31
103,128,1.5121524410019036e-30
103,129,8.6022288539994e-31
103,130,7.4409758897293155e-31
103,131,1.8592572912353236e-30
103,132,3.441176860309355e-30
103,133,4.370089685589961e-31
103,134,2.249331940458195e-30
103,135,6.897478226564973e-31
103,136,2.247290552185073e-30
103,137,7.0431274604354665e-31
103,138,1.6253083422483366e-30
103,139,5.239662226224896e-31
103,140,2.644112003238372e-30
103,141,1.2201845733502203e-30
103,142,8.828152412874649e-31
103,143,1.4276823883145316e-30
103,144,1.351949651803188e-31
103,145,6.078850456876748e-31
103,146,6.777921739376445e-31
103,147,2.7814376143605084e-30
103,148,4.00032509476543e-31
103,149,8.868110774610585e-31
104,105,2.2219381397248673e-30
104,106,8.021606159164558e-31
104,107,7.181419970454615e-16
104,108,2.1878921051391912e-30
104,109,8.84991324305065e-31
104,110,1.1664070975380356e-30
104,111,1.0422060905976789e-30
104,112,1.63814617019132e-30
104,113,7.5670857563381515e-31
104,114,1.723729370609164e-30
104,115,1.4048641476651503e-30
104,116,8.460617341963164e-31
104,117,1.1961093350813916e-30
104,118,1.0167734032227763e-30
104,119,7.160181404176743e-31
104,120,7.814959738672556e-31
104,121,1.0716820149063187e-30
104,122,2.651035513360657e-30
104,123,1.4342724214973066e-30
104,124,2.8400572717840594e-30
104,125,9.207228618882523e-31
104,126,1.6412181112370223e-30
104,127,7.460940698981687e-31
104,128,1.4259485881716189e-30
104,129,8.582211243859719e-31
104,130,8.136231159937964e-31
104,131,1.5700493129569967e-30
104,132,3.151309030520504e-30
104,133,9.760835168644317e-31
104,134,2.1281890652614237e-30
104,135,1.0120400084689351e-30
104,136,2.08386086153966e-30
104,137,1.476834771077094e-30
104,138,1.6789498077517832e-30
104,139,6.796264246441936e-31
104,140,2.6925198107768813e-30
104,141,1.147798852166732e-30
104,142,1.1421493054340915e-30
104,143,1.3656245907104414e-30
104,144,2.785793853948812e-31
104,145,7.621478735922486e-31
104,146,9.639276146243106e-31
104,147,2.504296749674106e-30
104,148,8.79081663801669e-31
104,149,8.179721420906058e-31
105,106,2.510473062021729e-30
105,107,5.640599496620646e-16
105,108,1.946747542758576e-30
105,109,1.4375690950001544e-30
105,110,1.812770238311559e-30
105,111,3.251255556749901e-30
105,112,4.451535627005223e-30
105,113,2.2258338912473155e-30
105,114,4.263249896473426e-30
105,115,4.493737930936503e-30
105,116,1.4017796920656984e-30
105,117,1.974557109007366e-30
105,118,2.467174930935e-30
105,119,1.0245217549669028e-30
105,120,1.8179169256570117e-30
105,121,3.175405597483461e-30
105,122,7.574774315286259e-30
105,123,1.4293124003790004e-30
105,124,5.359094392568553e-30
105,125,1.0468989640472295e-30
105,126,4.4581882230198814e-30
105,127,1.2575416674033997e-30
105,128,4.286776385719228e-30
105,129,1.8729887475010494e-30
105,130,1.922412964400178e-30
105,131,4.932613150300037e-30
105,132,9.412796676340319e-30
105,133,1.2807830470742723e-30
105,134,6.101199441920768e-30
105,135,1.714182158800947e-30
105,136,6.135528638125942e-30
105,137,1.5424944724268235e-30
105,138,4.3021683044766786e-30
105,139,1.4521375032190325e-30
105,140,6.911705468131762e-30
105,141,2.8916576441416377e-30
105,142,5.593093010395334e-16
105,143,3.740179894118188e-30
105,144,4.526563509746633e-31
105,145,1.8149506826241774e-30
105,146,1.620546489846591e-30
105,147,7.444657641876946e-30
105,148,1.0403619371581956e-30
105,149,2.8487261203735337e-30
106,107,1.1591068670336388e-15
106,108,3.71167905996892e-30
106,109,7.835734194415019e-31
106,110,2.0382347968472837e-30
106,111,1.3555215830702944e-30
106,112,2.493220934175055e-30
106,113,8.520463719970541e-31
106,114,1.4761983207392137e-30
106,115,2.128410210296586e-30
106,116,1.5485197478275356e-30
106,117,1.7004455669175324e-30
106,118,9.212659575412844e-31
106,119,1.59168153607118e-30
106,120,1.8583960567827325e-30
106,121,1.2228324290531908e-30
106,122,2.700366956426122e-30
106,123,1.914813628176294e-30
106,124,2.9700192858174918e-30
106,125,1.5348716921144497e-30
106,126,1.493882971241613e-30
106,127,1.5678648620562284e-30
106,128,1.6685286605238968e-30
106,129,7.987206478141411e-31
106,130,1.1941884665741592e-30
106,131,2.389128404871604e-30
106,132,3.7140363805419924e-30
106,133,1.434138271940692e-30
106,134,2.137380731018883e-30
106,135,1.4454971991214367e-30
106,136,2.3105597673888318e-30
106,137,2.342194237661997e-30
106,138,1.3691191771924004e-30
106,139,5.455488764325471e-31
106,140,2.8889812218015124e-30
106,141,2.092478982610757e-30
106,142,1.811657141329796e-30
106,143,1.3474842623195086e-30
106,144,4.614505535926227e-31
106,145,5.510545697804224e-31
106,146,1.4674026132694446e-30
106,147,4.726384348584225e-30
106,148,7.542876403305986e-31
106,149,1.3510251944710678e-30
107,108,2.9704960278942695e-15
107,109,4.844446312900343e-16
107,110,1.7001425119975565e-15
107,111,3.3371679465407893e-16
107,112,1.8129545168463033e-15
107,113,4.008375052443386e-16
107,114,1.4238645796809407e-15
107,115,6.214088459699006e-16
107,116,1.1114342986048622e-15
107,117,1.5054681526206055e-15
107,118,7.855367300016401e-16
107,119,1.0146990614618546e-15
107,120,1.1039440011258655e-15
107,121,5.467214348906562e-16
107,122,7.02852068884573e-16
107,123,1.8270253910693085e-15
107,124,2.867384039344279e-15
107,125,1.188314703782093e-15
107,126,7.43832354164251e-16
107,127,1.0993549133076874e-15
107,128,6.938893903907228e-16
107,129,6.338746994854637e-16
107,130,9.37136091846099e-16
107,131,9.02376407319544e-16
107,132,1.4464390228545643e-15
107,133,1.2854757455060157e-15
107,134,6.466583139013895e-16
107,135,1.2437471331954206e-15
107,136,9.162296391036138e-16
107,137,2.0369615085813713e-15
107,138,7.691303007167832e-16
107,139,5.578801654593723e-16
107,140,1.4377289376389296e-15
107,141,1.4665741132035463e-15
107,142,1.2336726730274694e-15
107,143,6.744037317728882e-16
107,144,3.376611507232129e-16
107,145,5.748822300757341e-16
107,146,1.2287917140018455e-15
107,147,2.3179748719734093e-15
107,148,2.1155487137101304e-15
107,149,2.857611408887139e-16
108,109,2.1525797696647665e-30
108,110,4.8641851746819636e-30
108,111,1.2046147375274907e-30
108,112,5.458247226190486e-30
108,113,1.172492759790123e-30
108,114,4.2069723225497585e-30
108,115,2.2214567359439245e-30
108,116,3.424913824357385e-30
108,117,4.5978673006356756e-30
108,118,2.3940204451110803e-30
108,119,3.316992183769205e-30
108,120,3.612026039528485e-30
108,121,1.8492595029889234e-30
108,122,2.5584445407648106e-30
108,123,5.4057459979236675e-30
108,124,8.676417951038075e-30
108,125,3.7014773629319735e-30
108,126,2.426761645253983e-30
108,127,3.4182489656333726e-30
108,128,2.112997308519332e-30
108,129,2.2199946093061115e-30
108,130,2.7436083121893128e-30
108,131,2.9353699247692846e-30
108,132,4.300797032909766e-30
108,133,3.75511606228738e-30
108,134,2.2693302342910787e-30
108,135,3.7901607383460415e-30
108,136,2.6275912798414173e-30
108,137,6.0872623858029e-30
108,138,2.5958575374636134e-30
108,139,1.7155235056093457e-30
108,140,4.342861914580559e-30
108,141,4.2365889226284096e-30
108,142,3.994158775334124e-30
108,143,2.1382728717786983e-30
108,144,1.068246753469507e-30
108,145,1.7532527224219725e-30
108,146,3.685078431817055e-30
108,147,7.088358421865137e-30
108,148,7.923718587916429e-16
108,149,1.2599510583310496e-30
109,110,7.207417418685575e-31
109,111,6.812657778128718e-31
109,112,1.350672828877501e-30
109,113,4.999335231986955e-31
109,114,1.3352995734105355e-30
109,115,9.214592949963794e-31
109,116,1.3287014006020928e-30
109,117,1.011636423414727e-30
109,118,8.33271252061877e-31
109,119,8.785642927315453e-31
109,120,1.4453242474444277e-30
109,121,6.883793479592912e-31
109,122,1.993520042045975e-30
109,123,9.313453968184918e-31
109,124,1.854875470324204e-30
109,125,1.4108864115120382e-30
109,126,1.2596930945249235e-30
109,127,6.566291430737404e-31
109,128,1.0045802486513412e-30
109,129,1.5288473660121003e-30
109,130,4.399142604831925e-31
109,131,1.0441803928134375e-30
109,132,2.5590360950733127e-30
109,133,6.018437791877884e-31
109,134,1.840284842193007e-30
109,135,7.511601789095175e-31
109,136,1.3733116720173294e-30
109,137,2.096869237486472e-30
109,138,1.1102726047418118e-30
109,139,4.646491076141539e-31
109,140,2.331844998728291e-30
109,141,1.485768205561784e-30
109,142,2.3010585241664066e-30
109,143,1.04991766970197e-30
109,144,2.534415569522399e-31
109,145,4.892213300631421e-31
109,146,6.432374932036541e-31
109,147,1.6456235634140607e-30
109,148,6.833669732765172e-31
109,149,6.419772346295767e-31
110,111,1.1861409532269046e-30
110,112,3.166293295301406e-30
110,113,8.023526797356846e-31
110,114,2.228470509049282e-30
110,115,2.0182498821395047e-30
110,116,1.9376669339552713e-30
110,117,2.4663490580025096e-30
110,118,1.2121171414856428e-30
110,119,1.5610766611300089e-30
110,120,1.7626995068719332e-30
110,121,7.497630572093252e-31
110,122,2.345388955422228e-30
110,123,3.004864180429108e-30
110,124,4.359499746071494e-30
110,125,1.8971286806285396e-30
110,126,1.4398655324083848e-30
110,127,1.8469058720844655e-30
110,128,1.4389426909741511e-30
110,129,9.809691389668e-31
110,130,1.6394916080833818e-30
110,131,2.5415552626998513e-30
110,132,3.429256671002941e-30
110,133,2.2350923103620296e-30
110,134,1.7849317731360257e-30
110,135,1.9948381256273903e-30
110,136,2.205767227615037e-30
110,137,3.643897762514315e-30
110,138,1.1007107283049587e-30
110,139,8.072568130167945e-31
110,140,3.19421289464761e-30
110,141,3.1455513376018043e-30
110,142,1.8283715608175708e-30
110,143,1.3844055311700481e-30
110,144,5.04901771727928e-31
110,145,8.327231103645641e-31
110,146,2.096605532489773e-30
110,147,5.59706288861721e-30
110,148,1.8368279517229012e-30
110,149,9.060081322935505e-31
111,112,2.2293944593468517e-30
111,113,1.0774718380715401e-30
111,114,1.9279850379967316e-30
111,115,2.3130952850216706e-30
111,116,8.431803468438676e-31
111,117,9.545010089542775e-31
111,118,1.1301728483443118e-30
111,119,5.189062238968415e-31
111,120,9.193190530098618e-31
111,121,1.48482163844422e-30
111,122,3.704365456790875e-30
111,123,5.099988948607003e-31
111,124,2.222937491817371e-30
111,125,3.978436411884801e-31
111,126,2.140809497680779e-30
111,127,7.341497263365769e-31
111,128,2.071582013230527e-30
111,129,9.022880898430938e-31
111,130,8.997122359243834e-31
111,131,2.5835134646901704e-30
111,132,4.6619502418518685e-30
111,133,6.1061792076839035e-31
111,134,2.964164328654144e-30
111,135,8.117681733028683e-31
111,136,3.0151459940048934e-30
111,137,9.812869964446206e-31
111,138,2.038882962335688e-30
111,139,6.265144982797922e-31
111,140,3.4526529320115864e-30
111,141,1.6848753587586478e-30
111,142,1.0927339180955813e-30
111,143,1.833538485403608e-30
111,144,1.934509451999259e-31
111,145,7.94379105996018e-31
111,146,8.210991844183684e-31
111,147,4.168374165008983e-30
111,148,3.7316883759591505e-31
111,149,1.3814756172956839e-30
112,113,1.5015305632959464e-30
112,114,3.241528634438551e-30
112,115,3.244979617052566e-30
112,116,2.130789431136214e-30
112,117,2.7414536030506404e-30
112,118,1.7574012608900002e-30
112,119,1.9758770242146134e-30
112,120,2.1872494735579994e-30
112,121,2.0629388675318628e-30
112,122,5.128194192615183e-30
112,123,3.3247849260229094e-30
112,124,5.682264521264021e-30
112,125,2.2431916737867e-30
112,126,3.0379926087032296e-30
112,127,2.0789078384985768e-30
112,128,2.7736092651273887e-30
112,129,1.6231769379675688e-30
112,130,1.6952673864410315e-30
112,131,3.6538014690166055e-30
112,132,6.52805533249722e-30
112,133,2.3129514398060267e-30
112,134,4.216605563158128e-30
112,135,2.289081367575737e-30
112,136,4.184951472905188e-30
112,137,3.657196805920083e-30
112,138,3.150644537993482e-30
112,139,1.281623799581354e-30
112,140,4.1012381070626705e-30
112,141,3.11258197731148e-30
112,142,3.564761940140759e-16
112,143,2.7170534141796926e-30
112,144,6.373749850424643e-31
112,145,1.4133132386153139e-30
112,146,2.231978988785538e-30
112,147,6.71463484796169e-30
112,148,3.6848585635630927e-16
112,149,1.8823905469994053e-30
113,114,1.4401257053886909e-30
113,115,1.4922700101497733e-30
113,116,5.277985121104421e-31
113,117,9.1752251757918e-31
113,118,7.62292041303673e-31
113,119,3.894959401680988e-31
113,120,6.543130822320299e-31
113,121,1.0519102732490108e-30
113,122,2.5409361297750668e-30
113,123,8.341364810984148e-31
113,124,1.901233925335406e-30
113,125,4.41919989317919e-31
113,126,1.498794259161216e-30
113,127,4.826314459857933e-31
113,128,1.3737466753498763e-30
113,129,7.218475814978662e-31
113,130,5.712092175661072e-31
113,131,1.631032759460784e-30
113,132,3.1064582158099115e-30
113,133,5.450073158248059e-31
113,134,2.0389510660047123e-30
113,135,6.170915229415819e-31
113,136,2.0362147293697467e-30
113,137,8.719452263068323e-31
113,138,1.5744768853127317e-30
113,139,5.08437400125991e-31
113,140,2.2489522777113704e-30
113,141,1.0424589296121882e-30
113,142,8.672753260110123e-31
113,143,1.3010509753255369e-30
113,144,1.6737985690835405e-31
113,145,6.255154982828767e-31
113,146,6.201281025484275e-31
113,147,2.602407913401858e-30
113,148,3.873951356145377e-31
113,149,9.262727262073603e-31
114,115,2.533474278987493e-30
114,116,1.4366552201603084e-30
114,117,2.3927906882370995e-30
114,118,1.971260794534217e-30
114,119,1.3328891172906617e-30
114,120,1.5053769991416017e-30
114,121,2.1238414428955736e-30
114,122,4.912958025496288e-30
114,123,2.909604768413308e-30
114,124,5.708562623944955e-30
114,125,1.8655430029800892e-30
114,126,3.0655452717064163e-30
114,127,1.4323454221534322e-30
114,128,2.7662150198294485e-30
114,129,1.5698136657328268e-30
114,130,1.587817141452365e-30
114,131,2.7852559040701105e-30
114,132,5.7766194275967086e-30
114,133,1.9662145482634688e-30
114,134,3.973198752779514e-30
114,135,2.0170069969339915e-30
114,136,3.8867694839089624e-30
114,137,2.8969113318507807e-30
114,138,3.041724166605979e-30
114,139,1.3463130570409766e-30
114,140,4.781843574142988e-30
114,141,1.871834309801241e-30
114,142,2.27442010555377e-30
114,143,2.4857711460415984e-30
114,144,5.511737101001816e-31
114,145,1.5371314650598553e-30
114,146,1.9139498635595157e-30
114,147,4.2558020124025925e-30
114,148,4.47637863792303e-16
114,149,1.639498895916971e-30
115,116,1.3981904575904696e-30
115,117,1.486665163398138e-30
115,118,1.5380405850454916e-30
115,119,9.523306648221318e-31
115,120,1.4506353198091424e-30
115,121,2.015839516803993e-30
115,122,5.113097180782944e-30
115,123,7.040726214774728e-31
115,124,2.7259019813613505e-30
115,125,6.8439253249137384e-31
115,126,2.9105972827270206e-30
115,127,1.2498998106273772e-30
115,128,2.9037465048944475e-30
115,129,1.1856953537513966e-30
115,130,1.35246575989065e-30
115,131,3.828862249186185e-30
115,132,6.573668349735799e-30
115,133,1.0070382757713921e-30
115,134,4.0729739113374274e-30
115,135,1.2254816921603129e-30
115,136,4.2138964679254995e-30
115,137,1.751780352880976e-30
115,138,2.689098206042176e-30
115,139,7.600554550894583e-31
115,140,4.9785759825297494e-30
115,141,2.6754993588788776e-30
115,142,1.5072156691220344e-30
115,143,2.519592670168233e-30
115,144,2.8323549147301615e-31
115,145,9.907669708219218e-31
115,146,1.2623889337151952e-30
115,147,6.461812920881501e-30
115,148,4.9559684176899435e-31
115,149,1.979366373303088e-30
116,117,1.7896133556227735e-30
116,118,8.535448225616145e-31
116,119,1.323615015771092e-30
116,120,1.473361113982997e-30
116,121,7.102320795683817e-31
116,122,1.5162316510099151e-30
116,123,1.948335174748894e-30
116,124,3.0399252870866413e-30
116,125,1.3682987292454728e-30
116,126,1.0780688661082488e-30
116,127,1.3511537846344784e-30
116,128,9.734873180426665e-31
116,129,7.7006987280934595e-31
116,130,1.0488497198283777e-30
116,131,1.7209293674511732e-30
116,132,2.9679668017661832e-30
116,133,1.3738187465677176e-30
116,134,1.5150128947386598e-30
116,135,1.4043086336658535e-30
116,136,1.5161688107370906e-30
116,137,2.2896916447004145e-30
116,138,1.4084816486656564e-30
116,139,5.81627682357715e-31
116,140,2.218688940065132e-30
116,141,1.839554946965292e-30
116,142,1.485263588755338e-30
116,143,1.2497335829314923e-30
116,144,3.986465945109509e-31
116,145,5.889588502069693e-31
116,146,1.362203813472331e-30
116,147,3.568946308471909e-30
116,148,1.0202394906755103e-30
116,149,7.799992474384434e-31
117,118,1.1532810923736998e-30
117,119,1.5474338748591301e-30
117,120,1.44489816224514e-30
117,121,1.081850094124417e-30
117,122,2.505488979310423e-30
117,123,2.8898336090581703e-30
117,124,4.6256137061313484e-30
117,125,1.5343227925799938e-30
117,126,1.7235615154767304e-30
117,127,1.8847047161689094e-30
117,128,1.2692060632990175e-30
117,129,1.4036192357306906e-30
117,130,1.4319953109111129e-30
117,131,2.0839241417541754e-30
117,132,2.6832056806036968e-30
117,133,1.8226135408286037e-30
117,134,1.9711369701914543e-30
117,135,2.1513809582369038e-30
117,136,1.8594681303390747e-30
117,137,3.352499421694325e-30
117,138,2.185608599927301e-30
117,139,9.600625818391508e-31
117,140,2.9178385893809002e-30
117,141,2.2276385650806795e-30
117,142,2.324943038626363e-30
117,143,1.5384914798568033e-30
117,144,5.201256999382089e-31
117,145,1.017032212125016e-30
117,146,1.9196603056278183e-30
117,147,3.839346225721472e-30
117,148,9.443378262457342e-31
117,149,7.843432192915653e-31
118,119,9.233926758362704e-31
118,120,1.1013943652037046e-30
118,121,1.1846656356013229e-30
118,122,2.849441846282479e-30
118,123,1.5554607315168746e-30
118,124,3.278911325706395e-30
118,125,1.3114978737015287e-30
118,126,1.774418824421055e-30
118,127,8.06985768083901e-31
118,128,1.832197706380299e-30
118,129,8.581404949451717e-31
118,130,1.37459957282883e-30
118,131,1.8922853610576758e-30
118,132,3.4689115203365574e-30
118,133,1.118247580335209e-30
118,134,2.3462472220523045e-30
118,135,1.0816517631288392e-30
118,136,2.2759658669984253e-30
118,137,1.4970714465555702e-30
118,138,1.6574570831201637e-30
118,139,7.545369427412303e-31
118,140,3.1393906367434456e-30
118,141,1.0925785012117053e-30
118,142,1.3794856727864672e-30
118,143,1.2905265722385638e-30
118,144,3.1411740845580377e-31
118,145,8.440121459775787e-31
118,146,1.003061398149473e-30
118,147,2.5942987856990128e-30
118,148,1.2042421796401925e-30
118,149,9.349173204039267e-31
119,120,1.7391243790220303e-30
119,121,8.621541841092467e-31
119,122,8.297633988929879e-31
119,123,1.7531735900869064e-30
119,124,2.87646046937053e-30
119,125,1.4891362645646027e-30
119,126,8.19382879300301e-31
119,127,1.331599513785649e-30
119,128,7.763402980577907e-31
119,129,7.815362059312567e-31
119,130,9.504023927787657e-31
119,131,1.0711758220140084e-30
119,132,1.7168318005526998e-30
119,133,1.26545420821024e-30
119,134,7.068559902825845e-31
119,135,1.3125239591803258e-30
119,136,8.507437862403485e-31
119,137,2.0229997283922585e-30
119,138,9.291636808380391e-31
119,139,5.436753443498099e-31
119,140,1.4707994310327528e-30
119,141,1.4313241608439608e-30
119,142,1.77547733252988e-30
119,143,9.177242059417373e-31
119,144,4.296663875607269e-31
119,145,5.504715532807987e-31
119,146,1.2732113231377393e-30
119,147,2.6211076595379456e-30
119,148,8.664415200054274e-31
119,149,8.08391396625748e-31
120,121,1.1680995828305143e-30
120,122,1.7712556890645443e-30
120,123,1.9178394816001523e-30
120,124,3.16373145444881e-30
120,125,1.7985149204159835e-30
120,126,1.1064580325796144e-30
120,127,1.4543796923786655e-30
120,128,1.0149747873298036e-30
120,129,9.82879182249557e-31
120,130,1.0462986122232627e-30
120,131,1.5052660734713655e-30
120,132,2.6758748944167746e-30
120,133,1.412581402830129e-30
120,134,1.4902795255841541e-30
120,135,1.389466171361431e-30
120,136,1.5315540497862406e-30
120,137,2.1447124078814917e-30
120,138,1.4132675643623147e-30
120,139,6.316949034016453e-31
120,140,1.7405469491083736e-30
120,141,1.6092879049807493e-30
120,142,2.365759461156715e-30
120,143,1.2164717259086764e-30
120,144,4.999933572208428e-31
120,145,6.330382283918123e-31
120,146,1.3959479137236598e-30
120,147,3.36132341060965e-30
120,148,9.009592822619866e-31
120,149,1.2094988310254054e-30
121,122,3.45336544920648e-30
121,123,1.1705494632410996e-30
121,124,2.9422536987098466e-30
121,125,9.038629967750894e-31
121,126,2.0631150300217294e-30
121,127,7.549648644385209e-31
121,128,1.992819647809327e-30
121,129,9.193207593468667e-31
121,130,9.502640485957217e-31
121,131,2.1428170508440438e-30
121,132,4.311104666039766e-30
121,133,7.895040565526986e-31
121,134,2.8119556532530673e-30
121,135,9.565462271538226e-31
121,136,2.8143386821088867e-30
121,137,1.1011464371023417e-30
121,138,2.050586257863949e-30
121,139,7.5713537695190405e-31
121,140,3.035865226201362e-30
121,141,1.186596591975515e-30
121,142,2.604025212720855e-16
121,143,1.732675282960486e-30
121,144,2.545149537481218e-31
121,145,9.275052942857805e-31
121,146,8.832568650455385e-31
121,147,3.188929421535745e-30
121,148,6.72498668134872e-31
121,149,1.4129568994707811e-30
122,123,1.7348835373762768e-30
122,124,6.139292116338573e-30
122,125,1.4955831579915757e-30
122,126,5.404373279780101e-30
122,127,1.3767125981667486e-30
122,128,4.886143738809406e-30
122,129,2.6239979938228523e-30
122,130,1.9130117978120226e-30
122,131,5.716775722719005e-30
122,132,1.0574704613061207e-29
122,133,1.4581336851609106e-30
122,134,7.179897596417291e-30
122,135,2.0955295718734616e-30
122,136,7.116338238496375e-30
122,137,2.0596838750379786e-30
122,138,5.082181001243098e-30
122,139,1.728453059815482e-30
122,140,8.443907347059704e-30
122,141,3.633960157230304e-30
122,142,2.7883324507106834e-30
122,143,4.489157206101402e-30
122,144,4.8391213461780226e-31
122,145,2.0392889962164155e-30
122,146,1.9708649354793957e-30
122,147,8.686115654198319e-30
122,148,1.1756009890670717e-30
122,149,2.9501240485490873e-30
123,124,5.669590584802578e-30
123,125,2.172313380914555e-30
123,126,1.654125591810025e-30
123,127,1.9359299690018925e-30
123,128,1.382207525115787e-30
123,129,1.281546368286486e-30
123,130,1.7281150335964282e-30
123,131,1.3040692430139114e-30
123,132,2.7854931098791706e-30
123,133,2.3879815244026486e-30
123,134,1.587777146258471e-30
123,135,2.3411184431959872e-30
123,136,1.8644689794013194e-30
123,137,3.7216547032305855e-30
123,138,1.7972414194877392e-30
123,139,1.1573773238194611e-30
123,140,2.631933457867961e-30
123,141,2.4866497749434995e-30
123,142,2.3570267890580864e-30
123,143,1.4040158269169735e-30
123,144,6.306503214468102e-31
123,145,1.2204996369725708e-30
123,146,2.294439677034016e-30
123,147,3.3521106541672665e-30
123,148,1.717452288338886e-30
123,149,2.870446549680676e-31
124,125,3.704091987192824e-30
124,126,4.2383648827452835e-30
124,127,3.021696373687972e-30
124,128,3.6609724149982156e-30
124,129,2.5574180589176598e-30
124,130,2.9535738895012526e-30
124,131,3.0303097557711436e-30
124,132,7.551895590541427e-30
124,133,3.8435711026620395e-30
124,134,5.1681695032072826e-30
124,135,3.920618689928342e-30
124,136,5.063649933742957e-30
124,137,5.755444297132515e-30
124,138,4.395406694945967e-30
124,139,2.2942656936134152e-30
124,140,5.5187669317892875e-30
124,141,3.445481522764976e-30
124,142,4.182767355699567e-30
124,143,3.393575627779713e-30
124,144,1.0819835585358549e-30
124,145,2.502186491575686e-30
124,146,3.7439959074970934e-30
124,147,5.1585562657555226e-30
124,148,2.9900318398539025e-30
124,149,1.8741385309435567e-30
125,126,1.1969483709587239e-30
125,127,1.339951473568496e-30
125,128,9.800790029003195e-31
125,129,1.2011444678682256e-30
125,130,1.2271452449864249e-30
125,131,7.973854429135513e-31
125,132,1.91170201097078e-30
125,133,1.5741300208216076e-30
125,134,1.1810583783234733e-30
125,135,1.5109885091039827e-30
125,136,1.1428845053015667e-30
125,137,2.2900812362804742e-30
125,138,1.2478414384534344e-30
125,139,7.633719219100119e-31
125,140,2.0634536068768725e-30
125,141,1.5783092830034154e-30
125,142,1.9870090504585915e-30
125,143,1.05471354262005e-30
125,144,4.7105158327986955e-31
125,145,7.73636709810117e-31
125,146,1.4841804569937929e-30
125,147,2.4390321826680517e-30
125,148,1.295524090362452e-30
125,149,4.697560662193456e-31
126,127,8.156175400227086e-31
126,128,2.8931828361015696e-30
126,129,1.6433945295150135e-30
126,130,1.1999348244452393e-30
126,131,3.2752489550321155e-30
126,132,6.177378990156689e-30
126,133,1.1126578017780802e-30
126,134,4.284944193270348e-30
126,135,1.4328984538102717e-30
126,136,4.195787866680545e-30
126,137,1.6181037944914397e-30
126,138,3.1491793729619478e-30
126,139,1.1374226612218762e-30
126,140,5.307471778715456e-30
126,141,2.138623766997442e-30
126,142,1.832768037486974e-30
126,143,2.673448270506591e-30
126,144,3.6751863269024196e-31
126,145,1.3056545918697564e-30
126,146,1.3234943882755987e-30
126,147,4.871188351542139e-30
126,148,4.679513038297097e-16
126,149,1.694022048802504e-30
127,128,9.352247046369584e-31
127,129,7.7101513314552e-31
127,130,1.040806346875867e-30
127,131,1.5177202787503354e-30
127,132,2.1322539267247473e-30
127,133,1.347138102429173e-30
127,134,1.056659361885177e-30
127,135,1.4270737358342501e-30
127,136,1.2388398430938694e-30
127,137,2.2688191844750383e-30
127,138,9.98527095111423e-31
127,139,5.69565651255174e-31
127,140,1.8669050620525918e-30
127,141,1.712631343155104e-30
127,142,1.5734310420883762e-30
127,143,8.438587051299459e-31
127,144,4.029982122584302e-31
127,145,5.773486095023797e-31
127,146,1.3598333130220092e-30
127,147,3.29645462085367e-30
127,148,8.450819416798036e-31
127,149,7.805779126640007e-31
128,129,1.114728650659577e-30
128,130,1.4611158177176475e-30
128,131,3.2898475834118046e-30
128,132,5.8489895906385925e-30
128,133,9.54289479129561e-31
128,134,3.8975204771121955e-30
128,135,1.1445814526824789e-30
128,136,3.897116728528232e-30
128,137,1.3817171146493885e-30
128,138,2.5484148188566063e-30
128,139,9.485583849211606e-31
128,140,4.824830805840722e-30
128,141,2.064252309383741e-30
128,142,1.5840044291443576e-30
128,143,2.2695483151711763e-30
128,144,2.949666282904797e-31
128,145,1.160173631298631e-30
128,146,1.0007734124256616e-30
128,147,5.015029444873582e-30
128,148,9.345795692075392e-31
128,149,1.8033329333276517e-30
129,130,6.610012562539183e-31
129,131,1.3691996183975248e-30
129,132,2.7608783739091926e-30
129,133,8.484777165521211e-31
129,134,2.046366021759949e-30
129,135,1.0487683186663986e-30
129,136,1.899897146085988e-30
129,137,1.4544718695008662e-30
129,138,1.8869624736224886e-30
129,139,6.445314735765901e-31
129,140,2.201920410823923e-30
129,141,1.1038180775811885e-30
129,142,1.7266634334488623e-30
129,143,1.5575088728778764e-30
129,144,2.938504048108148e-31
129,145,6.674807919846131e-31
129,146,1.1127178817965787e-30
129,147,2.175727429179525e-30
129,148,8.565663297658125e-31
129,149,5.607696758163591e-31
130,131,1.7316546312949867e-30
130,132,2.751656864321102e-30
130,133,1.2607890007898479e-30
130,134,1.680055954208079e-30
130,135,1.1262859144763685e-30
130,136,1.6580096191463817e-30
130,137,1.8958528712936997e-30
130,138,1.238197610439237e-30
130,139,6.093941687019783e-31
130,140,2.3716262926157834e-30
130,141,1.451454102893426e-30
130,142,1.1140484925833865e-30
130,143,7.778851073281847e-31
130,144,3.1162260009277506e-31
130,145,6.872830376699229e-31
130,146,1.1442721795572133e-30
130,147,2.8776986508915764e-30
130,148,1.3053196086760216e-30
130,149,9.067688849795045e-31
131,132,7.445454434382911e-30
131,133,1.2075458499631134e-30
131,134,4.563549152759355e-30
131,135,1.5725377621760951e-30
131,136,4.744991452345408e-30
131,137,2.395817432981412e-30
131,138,2.9309902659053475e-30
131,139,8.494596849391542e-31
131,140,5.8707470011220625e-30
131,141,3.262037939627821e-30
131,142,1.7298757108137094e-30
131,143,2.8087780630202384e-30
131,144,2.843498933427713e-31
131,145,1.0567549647091837e-30
131,146,1.4931834708046253e-30
131,147,7.523888782361215e-30
131,148,6.516038885413038e-31
131,149,2.1030798109117738e-30
132,133,1.860997233035679e-30
132,134,8.709848345373447e-30
132,135,2.6701136797232788e-30
132,136,8.881702455382311e-30
132,137,3.313059094802505e-30
132,138,6.360486971876866e-30
132,139,2.0536424788152734e-30
132,140,9.932902749341174e-30
132,141,4.797607911153351e-30
132,142,3.40716439579061e-30
132,143,5.61079401453872e-30
132,144,6.031294761995756e-31
132,145,2.479002059394959e-30
132,146,2.7341545330852636e-30
132,147,1.1693302113684603e-29
132,148,2.96124969869786e-16
132,149,3.8220090503297405e-30
133,134,1.220429875942049e-30
133,135,1.5690553757035125e-30
133,136,1.2696839521214472e-30
133,137,2.5953377888196954e-30
133,138,1.1864626941296278e-30
133,139,7.735194271751248e-31
133,140,1.7841379451528e-30
133,141,1.922301208526498e-30
133,142,1.5500507254447458e-30
133,143,9.142757785528987e-31
133,144,4.306693976177601e-31
133,145,8.197071355921328e-31
133,146,1.589295786308031e-30
133,147,3.0746236524477547e-30
133,148,1.3303568966744764e-30
133,149,5.992237087285275e-31
134,135,1.752854310961715e-30
134,136,5.733120812377689e-30
134,137,1.978954155807261e-30
134,138,4.18007475747995e-30
134,139,1.4212090018035597e-30
134,140,6.399304380858875e-30
134,141,2.8957524758786714e-30
134,142,2.2489878715803786e-30
134,143,3.639144445130924e-30
134,144,4.1340052910308696e-31
134,145,1.684689411768675e-30
134,146,1.726034309937987e-30
134,147,6.822959870404408e-30
134,148,2.6332001007306115e-16
134,149,2.362724565773191e-30
135,136,1.689622545489804e-30
135,137,2.5686735235665118e-30
135,138,1.565166751117893e-30
135,139,8.314443460056656e-31
135,140,1.8765961213718343e-30
135,141,1.7436726438368352e-30
135,142,1.7522114168394035e-30
135,143,1.213132690717865e-30
135,144,4.517239112216177e-31
135,145,8.701156007304393e-31
135,146,1.5773673688695451e-30
135,147,3.0544277787330463e-30
135,148,1.0041267741812914e-30
135,149,6.315932670699052e-31
136,137,1.9892200198280426e-30
136,138,4.070637321927807e-30
136,139,1.3762757135178994e-30
136,140,6.484313211927424e-30
136,141,3.0784914957866977e-30
136,142,2.201366917979416e-30
136,143,3.589622772050049e-30
136,144,4.125245104063596e-31
136,145,1.654202613498084e-30
136,146,1.6409770121635135e-30
136,147,7.41313805421342e-30
136,148,1.0839021084127587e-30
136,149,2.4375214869346964e-30
137,138,1.71284912073285e-30
137,139,1.1230276183361755e-30
137,140,3.201988855500504e-30
137,141,3.2846714764454814e-30
137,142,2.5012757434992623e-30
137,143,1.5523578649848693e-30
137,144,6.6733577287981216e-31
137,145,1.1678176873746105e-30
137,146,2.480692959179387e-30
137,147,5.406236934947581e-30
137,148,6.202261138222463e-16
137,149,8.271008495662382e-31
138,139,1.168521893022136e-30
138,140,4.481962758360551e-30
138,141,1.723649682887451e-30
138,142,1.9526471360498928e-30
138,143,2.8476995527290783e-30
138,144,3.932935986426834e-31
138,145,1.339395682956982e-30
138,146,1.6820121458705122e-30
138,147,4.251400940940968e-30
138,148,1.210439887028215e-30
138,149,1.5944286157363013e-30
139,140,1.5167516484055792e-30
139,141,6.286026216119776e-31
139,142,9.343955011925898e-31
139,143,9.29812937967263e-31
139,144,2.279769738039019e-31
139,145,5.931355393259382e-31
139,146,7.80076486815559e-31
139,147,1.110276890166095e-30
139,148,5.918868870813947e-31
139,149,4.621332267774402e-31
140,141,4.0324598987931095e-30
140,142,3.19769727744279e-30
140,143,3.90292455833605e-30
140,144,5.122771241917708e-31
140,145,1.755953533383532e-30
140,146,1.879192934183558e-30
140,147,9.328758301106978e-30
140,148,6.973502068242165e-17
140,149,2.8835555546108975e-30
141,142,1.5530650376206826e-30
141,143,1.9719376725366287e-30
141,144,4.211481714233851e-31
141,145,6.594304926004022e-31
141,146,1.8674563070757877e-30
141,147,6.346233965970568e-30
141,148,1.1102230246251585e-16
141,149,1.3062438424354087e-30
142,143,1.5568496804126194e-30
142,144,5.440240421255741e-31
142,145,9.947749455504616e-31
142,146,1.6931248134953956e-30
142,147,2.9751417274297055e-30
142,148,7.305595918932535e-16
142,149,1.3129613780914238e-30
143,144,3.02872225897803e-31
143,145,1.0718118077588351e-30
143,146,1.4324535397052241e-30
143,147,4.39997909589339e-30
143,148,1.1087516218648754e-30
143,149,1.4419879420451006e-30
144,145,2.3734020428526617e-31
144,146,4.37532573627667e-31
144,147,6.902921055926845e-31
144,148,2.9389326025008504e-31
144,149,2.597551995118567e-31
145,146,8.165669709749557e-31
145,147,1.3854000462463781e-30
145,148,6.617809379346547e-31
145,149,6.909792479103938e-31
146,147,3.2703606843036356e-30
146,148,1.206125453683977e-30
146,149,7.006724223654143e-31
147,148,1.8799941700520018e-30
147,149,3.48279044624411e-30
148,149,4.599663455881723e-31
