cluster_i,cluster_k,epsilon
0,1,4.113792073259646e-31
0,2,6.887120100525021e-31
0,3,2.680354969093104e-30
0,4,1.0550305838388518e-30
0,5,1.171447129345732e-30
0,6,4.676256844692384e-31
0,7,1.9981581775589012e-30
0,8,9.113229029721353e-31
0,9,1.1868365710328933e-30
0,10,1.1712433680389312e-30
0,11,1.076920384421174e-30
0,12,7.21170158605477e-31
0,13,4.881249538738358e-31
0,14,5.647554234136377e-31
0,15,7.4865969544621545e-31
0,16,8.83335286688185e-31
0,17,6.964366980843284e-31
0,18,0.0
0,19,5.777366630671357e-31
0,20,8.721025275278358e-31
0,21,6.242007275315209e-31
0,22,9.690229158923434e-31
0,23,6.050291187018625e-31
0,24,8.219422993832116e-31
0,25,9.363696022316685e-31
0,26,1.4821318813787907e-30
0,27,4.552252871008665e-16
0,28,1.015117760566594e-30
0,29,9.599063425104955e-31
0,30,1.2006328813256346e-30
0,31,5.093732961101059e-31
0,32,5.908066018448681e-31
0,33,1.3457695002364377e-30
0,34,1.2340561257825007e-30
0,35,8.745400279559323e-31
0,36,2.8060004386360837e-31
0,37,6.06643647269479e-31
0,38,4.790693930378888e-31
0,39,1.2578692330340505e-30
0,40,4.5486079694840303e-32
0,41,2.2932493223355394e-16
0,42,4.535097458820447e-31
0,43,3.1799859604496334e-31
0,44,5.764082653439394e-31
0,45,7.487442509071088e-31
0,46,3.522086503195167e-31
0,47,4.5484362294605e-32
0,48,4.578729988400623e-31
0,49,9.597642530989048e-31
0,50,1.4949266320323617e-30
0,51,4.70595650037537e-31
0,52,8.26821083690597e-31
0,53,2.794141873648303e-31
0,54,1.5070381205057172e-30
0,55,5.433469993423906e-31
0,56,8.439023983801617e-31
0,57,6.507316324406733e-31
0,58,3.319390108225525e-31
0,59,3.951017612196763e-31
0,60,3.214261276151441e-31
0,61,1.0944448390247806e-30
0,62,2.7705658254450788e-31
0,63,4.6657214843674e-31
0,64,1.1170474769018296e-30
0,65,5.532020331607133e-31
0,66,1.6847032970845653e-31
0,67,4.321235623241459e-31
0,68,7.023965604847113e-31
0,69,6.2318838081742236e-31
0,70,4.548572695043915e-32
0,71,8.718270147938098e-31
0,72,4.448086362930536e-31
0,73,8.58666469714026e-31
0,74,3.121476389128978e-31
0,75,6.421836180705704e-31
0,76,4.548562171775596e-32
0,77,2.517202716714333e-16
0,78,9.049146543625133e-31
0,79,9.024696631840697e-31
0,80,1.3310021530881194e-30
0,81,4.202326124403217e-31
0,82,5.993612405290221e-31
0,83,9.816404211052198e-31
0,84,6.440877307503997e-31
0,85,6.744766536321269e-31
0,86,9.67879450185715e-31
0,87,6.408488063412254e-31
0,88,1.0427686931550996e-30
0,89,1.5225795348600393e-30
0,90,8.83775418199966e-31
0,91,6.7500124221516385e-31
0,92,2.2885354833416575e-31
0,93,1.0363942862088142e-30
0,94,7.795645683539452e-31
0,95,9.245723230385068e-31
0,96,8.581320432604481e-31
0,97,6.167026220706685e-31
0,98,8.721078771425057e-31
0,99,2.84410016814218e-16
0,100,4.147127706782842e-31
0,101,3.7056886170698595e-31
0,102,5.8286193909472125e-31
0,103,1.3598550316147626e-30
0,104,1.463711692201042e-30
0,105,7.211637456431674e-31
0,106,5.274709674125506e-31
0,107,5.76558486185505e-31
0,108,8.001438660452054e-31
0,109,7.519077265404186e-31
0,110,6.481511458382003e-31
0,111,5.732827616017738e-31
0,112,7.506717413056e-31
0,113,1.0988033135484982e-30
0,114,3.396804748462515e-31
0,115,1.2298933029283057e-30
0,116,4.099026490975667e-31
0,117,2.9582900909178478e-31
0,118,1.0933382944596006e-30
0,119,3.7761634975125375e-31
0,120,7.798687103099396e-31
0,121,1.1825877173338822e-30
0,122,1.0883141954964996e-30
0,123,6.544668208791953e-16
0,124,8.041957727458662e-31
0,125,8.57450539337494e-31
0,126,7.939080151985436e-31
0,127,7.619227919825443e-31
0,128,6.094827128022342e-31
0,129,1.4532082667866221e-31
0,130,2.1045140031491563e-30
0,131,6.9150539048295195e-31
0,132,6.700815030550974e-31
0,133,3.559023585792019e-31
0,134,0.0
0,135,1.4351975744664226e-30
0,136,1.4532082667866221e-31
0,137,3.946656329119437e-31
0,138,8.03895824372353e-31
0,139,3.806188881737157e-30
0,140,7.513169468961514e-31
0,141,2.3502283096563224e-31
0,142,2.540269508318245e-31
0,143,3.886739139728208e-31
0,144,7.333780145169826e-31
0,145,4.790693900090033e-31
0,146,9.110709354371744e-31
0,147,8.370167841342992e-31
0,148,4.39502254958867e-31
0,149,1.1919243398886936e-31
1,2,6.480719066061519e-16
1,3,2.9224841948393944e-30
1,4,1.3821250706111994e-30
1,5,1.1167167494240138e-30
1,6,6.653863774819916e-31
1,7,1.9191265374268313e-30
1,8,8.8531610607106e-31
1,9,1.6844015399459e-30
1,10,1.1557268785653177e-30
1,11,8.158585471327698e-31
1,12,7.48115471284663e-31
1,13,4.933613730517593e-31
1,14,6.153997488306525e-31
1,15,7.694915555363657e-31
1,16,9.881270703085272e-31
1,17,8.46474017258248e-31
1,18,0.0
1,19,6.638039145648464e-31
1,20,8.745389838059697e-31
1,21,1.1113942564172936e-30
1,22,1.1895581734591485e-30
1,23,5.444851643029018e-31
1,24,1.0116039652573458e-30
1,25,1.129707894130369e-30
1,26,1.4675548017854342e-30
1,27,6.014464164034339e-16
1,28,1.397872536457046e-30
1,29,9.58568226938079e-31
1,30,9.659371618085588e-31
1,31,5.551595754054024e-31
1,32,5.875155875615206e-31
1,33,1.1618343219075316e-30
1,34,1.0621057365422635e-30
1,35,9.019255670008449e-31
1,36,3.0636257448125895e-31
1,37,6.5353544256085724e-31
1,38,6.579085286262704e-31
1,39,1.171869757913294e-30
1,40,6.009648497984465e-32
1,41,4.800398630971363e-16
1,42,5.2719210554497985e-31
1,43,2.661687602756456e-31
1,44,5.997504751966007e-31
1,45,5.837028757535731e-16
1,46,3.0312842441556055e-31
1,47,6.009421594021455e-32
1,48,6.717565133101885e-31
1,49,1.3026314350365311e-30
1,50,1.9887862302028933e-30
1,51,4.794622444800128e-31
1,52,1.001756507269855e-30
1,53,3.4666759141503784e-31
1,54,1.369183125993567e-30
1,55,5.296838635784175e-31
1,56,1.0239270411794706e-30
1,57,6.81694228477651e-31
1,58,2.7473771426551644e-31
1,59,5.241111378109084e-31
1,60,3.1984799010753333e-31
1,61,1.1253892236972036e-30
1,62,4.230201528850776e-31
1,63,4.742708314720815e-31
1,64,1.0314610411493185e-30
1,65,5.978618109417878e-31
1,66,1.8781638799044007e-31
1,67,5.379501555794451e-31
1,68,6.42378953658868e-31
1,69,5.9096245264422625e-31
1,70,6.009601893179769e-32
1,71,1.0121476850657369e-30
1,72,5.056487651716222e-31
1,73,9.831052847294575e-31
1,74,4.207516009844859e-31
1,75,8.012632937727858e-31
1,76,6.009587989773701e-32
1,77,6.538872110051695e-16
1,78,1.0900132507270114e-30
1,79,9.664424967282437e-31
1,80,1.2036478775559447e-30
1,81,3.906632365358571e-31
1,82,6.539694789535211e-31
1,83,1.5736218231594785e-30
1,84,9.40179773831993e-31
1,85,6.505750988838183e-31
1,86,1.127756878589588e-30
1,87,6.211035664590196e-31
1,88,1.3695051423474623e-30
1,89,2.892155579885597e-16
1,90,1.1501204472530917e-30
1,91,2.766017338905381e-16
1,92,3.309502166172972e-31
1,93,1.0392442903932079e-30
1,94,1.140848936355492e-30
1,95,8.153751223272482e-31
1,96,9.782490488823296e-31
1,97,7.784518071404314e-31
1,98,7.094206477730554e-31
1,99,3.870882969986654e-16
1,100,6.779500792317772e-31
1,101,5.1596853722414675e-31
1,102,5.736701770458507e-31
1,103,1.6254894502734026e-30
1,104,1.430273092217345e-30
1,105,7.832781451780871e-31
1,106,5.133439920510754e-31
1,107,7.122887484960547e-31
1,108,7.501761889177118e-31
1,109,5.969566651040647e-31
1,110,5.258233336606411e-31
1,111,7.476620969419164e-31
1,112,6.198378859080489e-31
1,113,9.541729312883909e-31
1,114,4.893546774607534e-31
1,115,1.2561129032743149e-30
1,116,4.856315075679008e-31
1,117,3.423128136305248e-31
1,118,1.0848853406100472e-30
1,119,3.282384484844183e-31
1,120,8.505223320964141e-31
1,121,1.3559025624140114e-30
1,122,9.95872261132985e-31
1,123,6.029775693778697e-16
1,124,9.314608060135318e-31
1,125,7.305508008124037e-31
1,126,8.994125088270271e-31
1,127,1.2389525579702184e-30
1,128,6.434038474966683e-31
1,129,1.3369228048934052e-31
1,130,1.8661016880392195e-30
1,131,6.249230917004944e-31
1,132,6.741270796141714e-31
1,133,3.526543137179948e-31
1,134,0.0
1,135,1.479667979801643e-30
1,136,1.3369228048934052e-31
1,137,6.798014307498055e-31
1,138,6.897704539372371e-31
1,139,3.491913265601249e-30
1,140,6.323632817869476e-31
1,141,3.514775266544567e-31
1,142,5.3126781963129195e-31
1,143,7.7584883044684184e-31
1,144,9.770990296204776e-31
1,145,6.603071659701776e-31
1,146,1.0035251760048059e-30
1,147,1.1257693383131255e-30
1,148,6.704623623439344e-31
1,149,1.6157945571474739e-31
2,3,8.61900112910384e-16
2,4,2.1597895741232992e-30
2,5,1.8341921866694305e-30
2,6,7.413116735834805e-30
2,7,3.6017555175546044e-16
2,8,1.7166298754628287e-30
2,9,1.9080301230714152e-30
2,10,1.9975624988909924e-30
2,11,2.564169082200967e-16
2,12,1.314357207123816e-30
2,13,5.251407959202825e-16
2,14,1.1982740735887631e-30
2,15,8.894879482899471e-16
2,16,1.7044280828704883e-30
2,17,6.835281055398448e-16
2,18,0.0
2,19,4.679838785411371e-30
2,20,1.3590765666808586e-30
2,21,1.843463795569904e-30
2,22,8.54206776093338e-16
2,23,8.558936705830754e-16
2,24,4.637823575272237e-16
2,25,1.8392272103312656e-30
2,26,2.1663336843429247e-30
2,27,9.644821697941856e-16
2,28,2.252752034989798e-30
2,29,2.0640199482966277e-30
2,30,1.6537839820152635e-30
2,31,7.810103462964633e-31
2,32,8.512091090789596e-31
2,33,1.873930339088708e-30
2,34,1.717901140828443e-30
2,35,1.3601825071757786e-16
2,36,6.7670266761921085e-31
2,37,1.5257894227384302e-30
2,38,1.2000273785127614e-30
2,39,1.7965460821854214e-30
2,40,9.637099274274321e-32
2,41,1.1110383332830972e-15
2,42,1.2079672846097658e-30
2,43,1.7366319772094173e-16
2,44,1.0258693964630691e-30
2,45,6.576009283673062e-16
2,46,4.960405740879311e-31
2,47,2.0025684438784316e-30
2,48,1.0366469411881835e-30
2,49,2.0639390796984847e-30
2,50,6.113232795424339e-16
2,51,8.798648382015532e-31
2,52,1.667032257963472e-30
2,53,5.738312939948169e-31
2,54,2.913942954303532e-30
2,55,9.10093915975296e-31
2,56,1.4069692209607626e-30
2,57,1.0284060479434344e-30
2,58,4.668795769695964e-31
2,59,1.085517303724083e-30
2,60,5.630477103235997e-31
2,61,3.5265802151643724e-16
2,62,7.00772273550912e-31
2,63,1.0059025885293287e-30
2,64,1.5927280617461926e-30
2,65,9.363379624874706e-31
2,66,3.2670640280076987e-31
2,67,8.866295280382675e-31
2,68,7.546969261540752e-16
2,69,1.0046307215896086e-30
2,70,9.637024538600566e-32
2,71,1.6859905786233367e-30
2,72,8.621491305107646e-31
2,73,1.3332046941702886e-30
2,74,6.108910749783539e-31
2,75,1.3021261976290781e-30
2,76,9.637002243036266e-32
2,77,1.2454730586568935e-15
2,78,1.559996573507985e-30
2,79,1.3642492439871705e-30
2,80,2.1684267850888304e-30
2,81,6.722352841363123e-31
2,82,1.129891630413857e-30
2,83,8.277333373314627e-16
2,84,1.3089369663568288e-30
2,85,1.0794405712078946e-30
2,86,1.8484543006635788e-30
2,87,1.090662479712506e-30
2,88,2.155102157206959e-30
2,89,3.326542054526316e-30
2,90,4.985218062652765e-30
2,91,4.732295037753923e-16
2,92,6.099706410837886e-31
2,93,1.5995890194085494e-30
2,94,2.2133714227490834e-30
2,95,1.3919463216901193e-30
2,96,1.3744909397584423e-30
2,97,1.670104837555081e-30
2,98,1.0060367985612815e-15
2,99,1.2042673179727817e-15
2,100,1.3391684758995869e-30
2,101,2.7671567868610944e-16
2,102,8.005792303717579e-16
2,103,2.2863377927093423e-30
2,104,2.1143366122223743e-30
2,105,4.75957196364205e-16
2,106,9.936054870594729e-16
2,107,2.64585247407933e-16
2,108,1.2313864446009192e-30
2,109,5.28069458372266e-16
2,110,9.43927788476863e-31
2,111,1.3268799703276712e-30
2,112,1.126373364963983e-30
2,113,1.5921710375454768e-30
2,114,8.736316204290452e-31
2,115,5.7577829867199254e-30
2,116,8.127168767795434e-31
2,117,6.815133600062961e-31
2,118,1.5801083169258892e-30
2,119,5.53331263589825e-16
2,120,1.2843913077707752e-30
2,121,2.331646559454649e-30
2,122,6.931314664217205e-16
2,123,9.103650468755201e-16
2,124,2.6227047909658193e-16
2,125,1.3937342010229874e-30
2,126,3.642919299551292e-16
2,127,6.735848040147778e-16
2,128,1.3434417426421444e-30
2,129,2.021416471710326e-31
2,130,5.894655183241969e-16
2,131,1.1377857983446514e-30
2,132,1.1615217522467045e-30
2,133,5.121382251625694e-31
2,134,0.0
2,135,2.6381446409414945e-30
2,136,2.021416471710326e-31
2,137,1.328039122021275e-30
2,138,1.3678872762913359e-30
2,139,3.3491509262325407e-16
2,140,1.2204615319962806e-30
2,141,5.4985179597692735e-31
2,142,9.374779190754638e-31
2,143,3.962006462718754e-16
2,144,1.4541255138067886e-30
2,145,1.1042697311871378e-30
2,146,1.2637526262087557e-30
2,147,4.1319318899804936e-16
2,148,1.0178848587378258e-30
2,149,2.3623048615285386e-31
3,4,5.7853015614776865e-30
3,5,5.118601514587548e-30
3,6,5.244341424826857e-30
3,7,4.61879955593662e-30
3,8,3.9220390674370106e-30
3,9,5.565713038275464e-30
3,10,1.078308417222213e-29
3,11,8.535637855593894e-30
3,12,8.315635477082235e-30
3,13,3.756310643682299e-30
3,14,4.3120119935482625e-30
3,15,3.916791364706216e-16
3,16,1.034702693604599e-29
3,17,7.239839011706424e-30
3,18,0.0
3,19,5.642959590505757e-30
3,20,6.495427724640783e-30
3,21,8.251534525547104e-30
3,22,7.806838679957506e-16
3,23,5.611153186754699e-30
3,24,7.988072880003561e-30
3,25,3.6132296042994604e-16
3,26,5.529900161238493e-30
3,27,5.589913305625195e-15
3,28,1.2409901248075164e-29
3,29,2.8129947542072302e-30
3,30,6.2528826491792244e-30
3,31,2.785532282593746e-30
3,32,2.547694845745858e-30
3,33,7.290800630773467e-30
3,34,5.092334611153563e-30
3,35,2.699527679987489e-30
3,36,2.397241887885336e-30
3,37,4.0085809811444905e-30
3,38,5.763681113439976e-30
3,39,4.3720169929977175e-30
3,40,5.585437569301313e-31
3,41,5.681530566154292e-16
3,42,3.947489163172322e-30
3,43,1.954474443124144e-30
3,44,6.074682558235413e-30
3,45,7.47470585954214e-16
3,46,2.4511220706538302e-30
3,47,5.585226682105492e-31
3,48,4.829366557348104e-30
3,49,1.215979219774977e-29
3,50,1.5826041139492704e-15
3,51,5.333859724238888e-30
3,52,9.297853139357825e-30
3,53,3.4268733952137565e-30
3,54,4.8545878295785226e-30
3,55,2.5040185039572156e-30
3,56,5.2624480633925886e-30
3,57,2.1630581254124317e-30
3,58,1.8201483501067082e-30
3,59,2.1759401199001067e-30
3,60,1.5347705072101687e-30
3,61,2.9475139130198617e-30
3,62,3.323367461757973e-30
3,63,3.556730784994281e-30
3,64,7.68167699244729e-30
3,65,5.20726434815868e-30
3,66,1.971849256106192e-30
3,67,4.8521090806460815e-30
3,68,6.724251590917377e-30
3,69,5.88597186606533e-30
3,70,5.585394254251e-31
3,71,1.599453637690604e-16
3,72,4.7556182568457916e-30
3,73,5.114470208764346e-30
3,74,2.899553323246504e-30
3,75,7.893847429011079e-30
3,76,5.585381332262864e-31
3,77,8.497896674917213e-16
3,78,6.312448341850529e-30
3,79,4.7498676603581826e-30
3,80,4.658694447114663e-30
3,81,3.6689252093430984e-30
3,82,6.976362635872828e-30
3,83,3.072227232510037e-16
3,84,5.0012428995313675e-30
3,85,3.663191894043053e-30
3,86,1.131711840988109e-29
3,87,6.540417630214932e-30
3,88,1.2505811041455629e-29
3,89,3.498168018577519e-16
3,90,1.0168508477360522e-29
3,91,2.68295417760545e-16
3,92,2.2352707468661722e-30
3,93,3.674845302598563e-30
3,94,2.7636037625538452e-30
3,95,3.352068042656799e-30
3,96,6.294398813949426e-30
3,97,6.834978863156335e-30
3,98,5.74342619725219e-30
3,99,6.645236354891296e-16
3,100,5.342813995826112e-30
3,101,1.5402162601196208e-30
3,102,5.588385163767281e-30
3,103,7.441540305510923e-30
3,104,5.898620591153262e-30
3,105,2.6189807640143093e-30
3,106,3.2987581166768885e-16
3,107,6.651625101147267e-30
3,108,4.386121181251028e-30
3,109,5.805655211008643e-30
3,110,5.0749486929933854e-30
3,111,7.544795237037657e-30
3,112,5.985994741325493e-30
3,113,5.9659353913513e-30
3,114,2.7791238387564722e-30
3,115,6.2642548388561075e-30
3,116,4.882795826033272e-30
3,117,8.718654907717155e-31
3,118,3.111622347832651e-30
3,119,1.4064376600516135e-30
3,120,3.4586821010029885e-30
3,121,1.403202527593103e-29
3,122,1.1679469458939543e-15
3,123,1.7530063421074034e-15
3,124,8.586103173089527e-30
3,125,6.09832794173824e-30
3,126,9.167116743184118e-30
3,127,2.3880347220005716e-16
3,128,6.864270404741865e-30
3,129,3.8926069702996707e-31
3,130,7.597643846715932e-30
3,131,6.472239814716295e-30
3,132,2.8013712303950594e-30
3,133,8.085431591817867e-31
3,134,0.0
3,135,1.61079194827706e-29
3,136,3.8926069702996707e-31
3,137,3.238149667362144e-30
3,138,5.3434852650285146e-30
3,139,5.759824041288399e-20
3,140,5.716908026579141e-30
3,141,2.3422999012650768e-30
3,142,3.140150106518175e-30
3,143,5.351856145602697e-30
3,144,9.059157362859272e-30
3,145,6.0933124442281e-30
3,146,4.276349253380025e-30
3,147,9.392723073234516e-30
3,148,4.83787212496295e-30
3,149,1.178531486151582e-30
4,5,2.6731900458039147e-30
4,6,1.5465086741309456e-30
4,7,4.712967517334101e-30
4,8,2.2377926902026104e-30
4,9,3.17706679618469e-30
4,10,2.533463333957224e-30
4,11,2.2189657136489465e-30
4,12,1.4059214265993373e-30
4,13,1.3341723055747232e-30
4,14,1.3760484024872401e-30
4,15,1.334585148245081e-30
4,16,1.6878527516637656e-30
4,17,2.0968981728101288e-30
4,18,0.0
4,19,1.6028103666850888e-30
4,20,2.2727921752442332e-30
4,21,2.0864145096305222e-30
4,22,2.298557701092373e-16
4,23,1.1871275275688774e-30
4,24,2.1393335686245277e-30
4,25,1.6404319986820212e-30
4,26,3.3252282707394326e-30
4,27,1.0531257483630495e-15
4,28,2.6431847942813535e-30
4,29,2.530703090954169e-30
4,30,2.8047736424162246e-30
4,31,1.4625709289900098e-30
4,32,1.555861052686175e-30
4,33,3.1299727879022594e-30
4,34,2.7038951308350376e-30
4,35,1.9676650294373988e-30
4,36,7.090705933394216e-31
4,37,1.114019258735054e-30
4,38,1.1231256892296383e-30
4,39,3.024192686500604e-30
4,40,1.05228253078384e-31
4,41,7.416830457585e-16
4,42,1.1743561893845405e-30
4,43,6.978120020128944e-31
4,44,1.546050118258982e-30
4,45,2.767142237346742e-16
4,46,7.6879059387115245e-31
4,47,1.0522428001612386e-31
4,48,1.7354032199153036e-30
4,49,2.169478600940145e-30
4,50,1.255743906131457e-16
4,51,1.2265434010514147e-30
4,52,1.794093991538195e-30
4,53,5.948060170868492e-31
4,54,3.232815584043008e-30
4,55,1.358320167080199e-30
4,56,2.3304326342469815e-30
4,57,1.4283952968626841e-30
4,58,6.993092090420214e-31
4,59,1.0698335797660357e-30
4,60,9.151440759166859e-31
4,61,2.9219784983654974e-30
4,62,8.35393609707042e-31
4,63,9.017021350866041e-31
4,64,2.6994977982818054e-30
4,65,1.1685327170709152e-30
4,66,3.2212696861130835e-31
4,67,1.0739508819800434e-30
4,68,1.7086277271349743e-30
4,69,1.411933972491709e-30
4,70,1.0522743703362115e-31
4,71,1.5963738216353673e-30
4,72,8.356850672736585e-31
4,73,2.438941239910209e-30
4,74,8.692733845891874e-31
4,75,1.2977788411589123e-30
4,76,1.0522719358658213e-31
4,77,1.3480486909421647e-15
4,78,2.471197150950106e-30
4,79,2.6056936966497374e-30
4,80,3.5146999193351114e-30
4,81,8.097920366855784e-31
4,82,1.1223516583440688e-30
4,83,1.6715588336023595e-16
4,84,1.3398048816752488e-30
4,85,1.5597794792187939e-30
4,86,2.0089180507756242e-30
4,87,1.2390939407314035e-30
4,88,2.409802234607114e-30
4,89,3.642064720595678e-30
4,90,2.244508113130095e-30
4,91,1.822397601116614e-30
4,92,4.772984446841046e-31
4,93,2.880644205799121e-30
4,94,1.627188479323329e-30
4,95,2.2575020789888835e-30
4,96,2.2107794200298496e-30
4,97,1.7559723946425887e-30
4,98,1.8411304658154842e-30
4,99,3.8599838772028286e-16
4,100,1.5626215547146452e-30
4,101,7.0399046712449245e-31
4,102,9.611608783264699e-31
4,103,3.697839341409632e-30
4,104,3.549685197718933e-30
4,105,2.072081064924763e-30
4,106,6.424756301454512e-16
4,107,1.2736197144390175e-30
4,108,2.029200035713338e-30
4,109,1.7269186277889747e-30
4,110,1.457358231697784e-30
4,111,1.7626461000975478e-30
4,112,1.4489139664099759e-30
4,113,2.638052797385229e-30
4,114,1.0835574789357348e-30
4,115,3.250467019202654e-30
4,116,8.24113776907668e-31
4,117,8.866624856116985e-31
4,118,3.082616152612574e-30
4,119,8.581217426444339e-31
4,120,1.834872601565585e-30
4,121,2.3131949987838426e-30
4,122,5.504078308419243e-16
4,123,1.5660249206828201e-15
4,124,2.1599573263102833e-30
4,125,2.1673213467714047e-30
4,126,1.50627350245377e-30
4,127,2.1940982115630737e-30
4,128,1.3519780003872457e-30
4,129,3.477273848157704e-31
4,130,4.698492741136379e-30
4,131,1.4041252432571947e-30
4,132,1.88924479957522e-30
4,133,8.965886194114743e-31
4,134,0.0
4,135,2.6082392761009006e-30
4,136,3.477273848157704e-31
4,137,1.0303724273219455e-30
4,138,1.5522476968726164e-30
4,139,7.284034255476526e-30
4,140,2.1020745190792123e-30
4,141,6.5417092255910875e-31
4,142,1.0773322467802061e-30
4,143,1.4788362260316541e-30
4,144,1.757468578721071e-30
4,145,1.1433485118316133e-30
4,146,2.3030435799305928e-30
4,147,2.3751578604200155e-30
4,148,1.6281364835112226e-30
4,149,3.3168454752940153e-31
5,6,1.2411008621173388e-30
5,7,5.4318878204169996e-30
5,8,2.5081118744466715e-30
5,9,2.910558448402955e-30
5,10,3.251834781361745e-30
5,11,3.009673692108823e-30
5,12,1.8322898014323515e-30
5,13,1.3592213833182606e-30
5,14,1.749392424196815e-30
5,15,1.1206163075990973e-16
5,16,1.873104562521734e-30
5,17,1.6978497252737177e-30
5,18,0.0
5,19,1.617534385991053e-30
5,20,2.4051438257263985e-30
5,21,1.4371945063558247e-30
5,22,3.242872440793584e-16
5,23,1.7127039114662655e-30
5,24,2.2628897790951195e-30
5,25,2.0953678555724936e-30
5,26,4.0712302988319176e-30
5,27,7.566338037857268e-16
5,28,2.025348844907501e-30
5,29,2.5552691096802366e-30
5,30,3.19423377111866e-30
5,31,1.3397638737341244e-30
5,32,1.6000698194045735e-30
5,33,3.717686352008491e-30
5,34,3.42220280401152e-30
5,35,2.5284575098884966e-30
5,36,6.6550107873144195e-31
5,37,1.043673420960607e-30
5,38,1.578746994818837e-30
5,39,3.4761366282690384e-30
5,40,7.560279816174166e-32
5,41,7.80419779586654e-16
5,42,1.1304825022640814e-30
5,43,8.512457960325825e-31
5,44,1.5315881299606607e-30
5,45,8.416864183091002e-16
5,46,9.76642904773552e-31
5,47,7.559994365627047e-32
5,48,1.0502967855566172e-30
5,49,1.768275245220622e-30
5,50,6.867058229538287e-16
5,51,1.1516971996234708e-30
5,52,1.4675953330490541e-30
5,53,5.481097761621376e-31
5,54,4.234710505465832e-30
5,55,1.3677172082858315e-30
5,56,2.022082838066288e-30
5,57,1.7477982387117313e-30
5,58,9.118715850668247e-31
5,59,1.1010863537791441e-30
5,60,8.456903731184077e-31
5,61,3.1221905901443624e-30
5,62,6.537416350624038e-31
5,63,1.0959515735461949e-30
5,64,3.090780476844959e-30
5,65,1.5489833127430825e-30
5,66,3.5088604286004564e-31
5,67,1.1964247378870362e-30
5,68,1.9121519878088925e-30
5,69,1.711213581998575e-30
5,70,7.560221186228604e-32
5,71,2.0370096391271827e-30
5,72,6.316724234050219e-31
5,73,2.2284984332457425e-30
5,74,6.233095156866227e-31
5,75,1.2032603432403737e-30
5,76,7.560203695415239e-32
5,77,4.3961123975922686e-16
5,78,2.1908211231543135e-30
5,79,2.4695652360862322e-30
5,80,3.777957726305861e-30
5,81,1.1414410747697696e-30
5,82,1.15288955149309e-30
5,83,6.561384628970455e-16
5,84,1.939575410126149e-30
5,85,2.018837893600013e-30
5,86,2.3849770294779674e-30
5,87,1.8449227706390994e-30
5,88,1.623143768843651e-30
5,89,3.228279507567265e-30
5,90,1.823999029185268e-30
5,91,1.747160781823256e-30
5,92,6.109334768977126e-31
5,93,2.8185871693279915e-30
5,94,2.2445211898852828e-30
5,95,2.5426850064781302e-30
5,96,2.2624601559714068e-30
5,97,1.69226607072033e-30
5,98,2.3066750383649168e-30
5,99,7.641373227056459e-16
5,100,1.0333473151967034e-30
5,101,1.0120904983787735e-30
5,102,1.0630612834869809e-30
5,103,3.204477654138336e-30
5,104,3.9646774525337896e-30
5,105,1.8672941439285643e-30
5,106,2.728538609085806e-16
5,107,9.606335501947414e-31
5,108,2.2622615349640864e-30
5,109,2.0764287615813588e-30
5,110,1.6869870477817997e-30
5,111,1.2898590757057127e-30
5,112,1.726329680135103e-30
5,113,2.989048928391304e-30
5,114,7.530914837248312e-31
5,115,3.275517691663279e-30
5,116,8.02956886608426e-31
5,117,7.859081988648643e-31
5,118,2.8984411054570932e-30
5,119,1.0408716077004163e-30
5,120,1.9253522833874364e-30
5,121,2.419284094073679e-30
5,122,3.0590706176623853e-16
5,123,1.7867651802561093e-15
5,124,2.249496084433366e-30
5,125,2.303636321899616e-30
5,126,1.5932006393354446e-30
5,127,1.1125245686377506e-16
5,128,1.5479217134529842e-30
5,129,3.967415685437704e-31
5,130,5.8705394068269004e-30
5,131,1.7190007826795368e-30
5,132,1.822832485842077e-30
5,133,9.496779975922534e-31
5,134,0.0
5,135,2.9800087696086615e-30
5,136,3.967415685437704e-31
5,137,1.2000452257394792e-30
5,138,2.1595186181157335e-30
5,139,8.007262145780444e-30
5,140,1.8338288734780374e-30
5,141,6.875696224211303e-31
5,142,6.318097104632963e-31
5,143,1.0450280551583263e-30
5,144,1.2785335797365207e-30
5,145,1.2515237395046835e-30
5,146,2.365253303838607e-30
5,147,1.760966510636715e-30
5,148,1.1131817806056067e-30
5,149,2.4384740676763835e-31
6,7,1.830546405278157e-30
6,8,8.915462642630315e-31
6,9,9.996842861525102e-31
6,10,1.608549341245764e-30
6,11,1.623602218060394e-30
6,12,1.4448323798821195e-30
6,13,7.106264816576361e-31
6,14,8.666405190423617e-31
6,15,5.63826494668691e-16
6,16,1.5631031310135059e-30
6,17,1.2960078352491888e-30
6,18,0.0
6,19,9.191957626275138e-31
6,20,1.0330767381184551e-30
6,21,1.1499147822709222e-30
6,22,2.912322032524306e-16
6,23,8.785788411247148e-31
6,24,1.3474886246298965e-30
6,25,1.865583360529945e-30
6,26,1.3962957996643632e-30
6,27,8.092156145710967e-16
6,28,1.8229680157214735e-30
6,29,8.916416991530987e-31
6,30,1.4929312278466401e-30
6,31,6.691685595912496e-31
6,32,5.932127442139596e-31
6,33,1.588357884071459e-30
6,34,1.2954791114268498e-30
6,35,9.859353326214578e-31
6,36,6.156220178601542e-31
6,37,4.900094991706172e-31
6,38,8.55166121999547e-31
6,39,1.1967051297948427e-30
6,40,8.085676911558368e-32
6,41,4.962673683651352e-16
6,42,7.542758688033074e-31
6,43,3.549093446405458e-31
6,44,9.465444860851012e-31
6,45,6.063894578834077e-16
6,46,4.3342554520729e-31
6,47,8.085371623797286e-32
6,48,8.011271490037699e-31
6,49,1.8240350310397436e-30
6,50,4.1105260535880186e-16
6,51,8.299211957843714e-31
6,52,1.367303708176351e-30
6,53,5.025872636907792e-31
6,54,1.4936120178070502e-30
6,55,4.8889236767018195e-31
6,56,8.074370680529913e-31
6,57,6.536912252941566e-31
6,58,3.871532222985836e-31
6,59,5.2333565912847804e-31
6,60,4.3271269530257625e-31
6,61,1.0934947016307036e-30
6,62,4.701274450775766e-31
6,63,5.6189552417793045e-31
6,64,1.2689022548111817e-30
6,65,9.348030872232082e-31
6,66,2.9595215083872056e-31
6,67,7.686640479027593e-31
6,68,1.291484501653867e-30
6,69,1.0618171216739878e-30
6,70,8.08561420716003e-32
6,71,1.5588942374146589e-30
6,72,7.028775736262747e-31
6,73,8.237823090838169e-31
6,74,4.337497450345027e-31
6,75,1.189861360435238e-30
6,76,8.085595500833115e-32
6,77,9.798504591256793e-16
6,78,9.657380536968107e-31
6,79,1.0356802112056947e-30
6,80,1.6343781783500534e-30
6,81,6.090959666748175e-31
6,82,1.0994246010369345e-30
6,83,3.085321649565816e-16
6,84,9.024160891844167e-31
6,85,7.786282999480168e-31
6,86,1.764663437865845e-30
6,87,1.0280495318700766e-30
6,88,1.9287140328134906e-30
6,89,2.797535173011203e-30
6,90,1.509348124431206e-30
6,91,9.857745493715035e-31
6,92,5.268282440164674e-31
6,93,1.0266007279648082e-30
6,94,1.1230907995322974e-30
6,95,1.085279428031977e-30
6,96,9.724551643800237e-31
6,97,1.077710591997573e-30
6,98,1.078618867858815e-30
6,99,6.123647583216618e-16
6,100,1.0624522806270117e-30
6,101,7.158573573400211e-31
6,102,7.849739986138207e-31
6,103,1.416779755535583e-30
6,104,1.352399804473556e-30
6,105,6.846328641873533e-31
6,106,3.716035212596415e-16
6,107,1.1490044660342193e-30
6,108,9.413987412713938e-31
6,109,1.178806535970869e-30
6,110,9.91650936385108e-31
6,111,1.2760930893624962e-30
6,112,9.749070987610518e-31
6,113,1.3937234022735433e-30
6,114,5.123733450333733e-31
6,115,1.2631936943944213e-30
6,116,7.270077040993959e-31
6,117,4.5443038908650605e-31
6,118,1.1032794475819658e-30
6,119,3.8806363782484287e-31
6,120,7.668210966504187e-31
6,121,2.1189667145459844e-30
6,122,5.241506525483299e-16
6,123,6.238061760382309e-16
6,124,1.5096834508790856e-30
6,125,1.2647703893555444e-30
6,126,1.476806895036969e-30
6,127,4.1771916752786514e-16
6,128,1.1484816107234171e-30
6,129,1.3851279590820361e-31
6,130,2.1339055392794142e-30
6,131,1.2790848971985198e-30
6,132,7.820828257145335e-31
6,133,3.235375969922469e-31
6,134,0.0
6,135,2.6396507233579678e-30
6,136,1.3851279590820361e-31
6,137,5.932435602230593e-31
6,138,1.0337991663557908e-30
6,139,3.7716654079425924e-30
6,140,1.4378650448901067e-30
6,141,4.9836493406084895e-31
6,142,5.716813987718605e-31
6,143,7.767665016738213e-31
6,144,1.3152070031029794e-30
6,145,8.564893427666232e-31
6,146,1.1567058604531746e-30
6,147,1.5231002311670328e-30
6,148,8.114469728004684e-31
6,149,1.7292137638730394e-31
7,8,4.286963068338545e-30
7,9,5.415261407145927e-30
7,10,4.9765347549891824e-30
7,11,4.503640139908458e-30
7,12,2.755928172487428e-30
7,13,2.235965090902445e-30
7,14,2.5345130935892538e-30
7,15,2.949085501513917e-30
7,16,1.921043660905719e-30
7,17,2.8275331620215474e-30
7,18,0.0
7,19,2.7420448413917206e-30
7,20,4.1104147452821224e-30
7,21,6.3867825393854895e-31
7,22,1.5582305927566642e-30
7,23,2.683557939057373e-30
7,24,3.77682717864799e-30
7,25,2.6689010428114347e-30
7,26,7.098354035074498e-30
7,27,3.7213760904213107e-16
7,28,3.1641784334746516e-30
7,29,4.510118559759172e-30
7,30,5.133207975560022e-30
7,31,2.422743450023571e-30
7,32,2.810060827801369e-30
7,33,6.061702247203741e-30
7,34,5.553801703329398e-30
7,35,4.1482130983329395e-30
7,36,9.886356797123524e-31
7,37,1.5136119142014568e-30
7,38,1.9015530934646625e-30
7,39,5.918115079136167e-30
7,40,3.7183964559919347e-32
7,41,1.121146830377925e-16
7,42,1.7189129220948917e-30
7,43,1.3617557940514127e-30
7,44,2.4857719450060335e-30
7,45,3.311157678482316e-30
7,46,1.5771768243675168e-30
7,47,3.7182560619419024e-32
7,48,1.733116666099015e-30
7,49,1.372923330267227e-30
7,50,3.286230984048985e-30
7,51,1.777668193822774e-30
7,52,1.4585199811185478e-30
7,53,6.329879896194278e-31
7,54,7.02594220521177e-30
7,55,2.394814651326939e-30
7,56,3.833407339313982e-30
7,57,3.1206793199953065e-30
7,58,1.415786382779419e-30
7,59,1.8538291719557298e-30
7,60,1.3751934687055732e-30
7,61,5.123612779580516e-30
7,62,6.997949278205755e-31
7,63,1.9063174284364037e-30
7,64,5.1731423778028825e-30
7,65,2.438350887912997e-30
7,66,2.4691623686154193e-31
7,67,1.836194039604519e-30
7,68,2.8870650241405298e-30
7,69,2.582971296325902e-30
7,70,3.7183676198394255e-32
7,71,2.898611452111382e-30
7,72,8.225479288073168e-31
7,73,4.037257162645619e-30
7,74,1.1565482715192277e-30
7,75,8.521482811880186e-31
7,76,3.7183590172770847e-32
7,77,2.740437612596469e-16
7,78,3.913967952595193e-30
7,79,4.2644946105826394e-30
7,80,6.089695885512448e-30
7,81,1.7417474713833688e-30
7,82,1.0063067917271743e-30
7,83,3.658536242211469e-30
7,84,2.8903405922085534e-30
7,85,3.0865729715542615e-30
7,86,3.844648191035644e-30
7,87,2.7282089238001388e-30
7,88,1.8792976745417058e-30
7,89,4.157441903253903e-16
7,90,3.105113172548699e-30
7,91,3.2768738493537956e-30
7,92,1.0749860956671555e-30
7,93,4.888920555917024e-30
7,94,3.3286306652883845e-30
7,95,4.209915410909017e-30
7,96,3.960636199288264e-30
7,97,2.6501418398784664e-30
7,98,3.534252530010439e-30
7,99,1.665334536937738e-16
7,100,1.3781317923253091e-30
7,101,1.7807186879733462e-30
7,102,1.5865113102126804e-30
7,103,5.997424536364209e-30
7,104,6.900974273790623e-30
7,105,3.328268440448194e-30
7,106,2.446956072451138e-30
7,107,1.7352325409407693e-30
7,108,3.6513624170474144e-30
7,109,2.693875641643173e-30
7,110,2.609182143266016e-30
7,111,2.2647413493456096e-30
7,112,2.4960508367907525e-30
7,113,4.787878280377394e-30
7,114,1.3663990764407133e-30
7,115,5.573065281470071e-30
7,116,9.340303821360806e-31
7,117,1.3849896301943935e-30
7,118,5.043789522210259e-30
7,119,1.7149382063183532e-30
7,120,3.4829719442764785e-30
7,121,2.4407769158464804e-30
7,122,4.9173729674824284e-30
7,123,3.051606890697057e-15
7,124,3.558830533520554e-30
7,125,3.685970213273995e-30
7,126,2.4467885833762966e-30
7,127,2.7346066243601194e-30
7,128,1.1917269483256215e-30
7,129,6.775928464313317e-31
7,130,9.691339860956777e-30
7,131,2.82754207332765e-30
7,132,3.0441721116279704e-30
7,133,1.6780320446535777e-30
7,134,0.0
7,135,3.0480495207313328e-30
7,136,6.775928464313317e-31
7,137,1.7750229073546024e-30
7,138,3.2022988948946084e-30
7,139,1.0898856438452258e-29
7,140,2.924031610080959e-30
7,141,1.0288229326448154e-30
7,142,8.980993675208321e-31
7,143,1.2028509076019965e-30
7,144,1.7111830061219002e-30
7,145,1.8369195740776934e-30
7,146,4.275183361981539e-30
7,147,2.8539253212265848e-30
7,148,1.9159612202512973e-30
7,149,4.569979682907021e-31
8,9,2.566147979706373e-30
8,10,2.3254915811055228e-30
8,11,2.3216318891133366e-30
8,12,1.281456758983209e-30
8,13,1.0625766840253436e-30
8,14,1.2843939891828334e-30
8,15,1.5394542545382852e-30
8,16,1.3469477596276344e-30
8,17,1.3059548013213065e-30
8,18,0.0
8,19,1.2553941517550675e-30
8,20,1.8134174187681566e-30
8,21,1.4770504729207622e-30
8,22,1.5917795417341954e-30
8,23,1.3067395713407714e-30
8,24,1.7750430610210556e-30
8,25,1.4329729598737931e-30
8,26,3.2597073582015934e-30
8,27,6.750370544214739e-16
8,28,1.640097505210992e-30
8,29,2.0067519149740157e-30
8,30,2.371960535911207e-30
8,31,1.062093954283728e-30
8,32,1.2304082148419587e-30
8,33,2.7693447122564058e-30
8,34,2.569172614845537e-30
8,35,1.9115407444872634e-30
8,36,5.1028282579462645e-31
8,37,8.663390498194995e-31
8,38,8.941704423974697e-31
8,39,2.7042400133619442e-30
8,40,6.744965652046914e-32
8,41,3.200223961824078e-16
8,42,1.010682833847445e-30
8,43,6.241333414201125e-31
8,44,1.0804186695222664e-30
8,45,4.60483369837401e-16
8,46,7.320104636219786e-31
8,47,6.74471098499986e-32
8,48,9.230106225211785e-31
8,49,1.458939487869439e-30
8,50,2.2629603263635464e-30
8,51,7.927262996076304e-31
8,52,1.1076006884471251e-30
8,53,4.130036891736711e-31
8,54,3.287817469708808e-30
8,55,1.030646904703796e-30
8,56,1.767937501811967e-30
8,57,1.464514672429604e-30
8,58,6.679568174981803e-31
8,59,8.435115833077353e-31
8,60,6.386281865361813e-31
8,61,2.270161677703277e-30
8,62,5.624913537365224e-31
8,63,8.935818032953567e-31
8,64,2.354643624689097e-30
8,65,1.222408447654777e-30
8,66,2.581818099663716e-31
8,67,8.654562945117382e-31
8,68,1.4557281022302745e-30
8,69,1.2251379751547314e-30
8,70,6.744913344860063e-32
8,71,1.3697583222256987e-30
8,72,5.5818899674056345e-31
8,73,1.7970985099841094e-30
8,74,5.846863295296164e-31
8,75,9.308270347487566e-31
8,76,6.744897740287447e-32
8,77,1.002832223609914e-15
8,78,1.829762969290261e-30
8,79,1.862756555300298e-30
8,80,2.79347152089628e-30
8,81,8.302603489893848e-31
8,82,8.471670922083567e-31
8,83,1.935812833429252e-30
8,84,1.4456591473409502e-30
8,85,1.4194955573830597e-30
8,86,1.7578207881535832e-30
8,87,1.3693447571626049e-30
8,88,1.5414012239239213e-30
8,89,2.566494227760061e-30
8,90,1.4953313301911404e-30
8,91,1.4313509147549111e-30
8,92,6.292983122281728e-31
8,93,2.1290964258718033e-30
8,94,1.7807819944615905e-30
8,95,1.9834949103501774e-30
8,96,1.8209096824105422e-30
8,97,1.4611833628904498e-30
8,98,1.6626410397738906e-30
8,99,5.775561153410714e-16
8,100,9.535807454996678e-31
8,101,1.0174883487353864e-30
8,102,7.240970714380433e-31
8,103,2.7876165528818414e-30
8,104,3.124717830621358e-30
8,105,1.498539047416178e-30
8,106,7.773206662187463e-16
8,107,9.166903883601185e-31
8,108,1.6445552724389275e-30
8,109,1.3965067338017014e-30
8,110,1.2876863976868784e-30
8,111,1.1414535338475733e-30
8,112,1.1937025324158753e-30
8,113,2.1744811334573534e-30
8,114,7.614135667827785e-31
8,115,2.575057563571691e-30
8,116,5.994142165719755e-31
8,117,6.302268709375239e-31
8,118,2.2375876959576887e-30
8,119,7.8415361574544265e-31
8,120,1.6415912933985602e-30
8,121,1.8119707637109336e-30
8,122,1.5700924586837747e-16
8,123,1.3779645747382354e-15
8,124,1.695690815353135e-30
8,125,1.7469821686000002e-30
8,126,1.1337079250670567e-30
8,127,1.3818725707758012e-30
8,128,1.151443686096365e-30
8,129,3.0596959959844044e-31
8,130,4.4655060914926916e-30
8,131,1.3268205025101172e-30
8,132,1.3715808944773126e-30
8,133,7.53926510688481e-31
8,134,0.0
8,135,2.1075067245941262e-30
8,136,3.0596959959844044e-31
8,137,8.967232883330843e-31
8,138,1.6242741626894536e-30
8,139,5.400836392671512e-30
8,140,1.368000208882145e-30
8,141,7.008623825076911e-31
8,142,6.515497668839125e-31
8,143,1.0771693111614394e-30
8,144,1.0957667943246228e-30
8,145,1.069411558175491e-30
8,146,1.992591767711565e-30
8,147,1.459699432519349e-30
8,148,9.163487811226787e-31
8,149,2.243342801511213e-31
9,10,2.673951933232907e-30
9,11,2.565169592603029e-30
9,12,1.783563764232667e-30
9,13,1.3990889346801004e-30
9,14,1.2317974573940162e-30
9,15,1.4292462544655842e-30
9,16,2.0042065075757794e-30
9,17,2.312028107364478e-30
9,18,0.0
9,19,1.8901994030718598e-30
9,20,2.4467851632208944e-30
9,21,1.987791902093726e-30
9,22,5.5511151231257574e-17
9,23,1.4837476541963872e-30
9,24,2.7979897502308443e-30
9,25,2.444504253714803e-30
9,26,4.141563164355187e-30
9,27,1.34697228671274e-15
9,28,3.249472557680716e-30
9,29,2.721448905082012e-30
9,30,2.6336959930142306e-30
9,31,1.5549518487209543e-30
9,32,1.5569351666389102e-30
9,33,3.20377421408012e-30
9,34,2.839792631095427e-30
9,35,2.026844989140452e-30
9,36,6.005833535109054e-31
9,37,1.4866790003486152e-30
9,38,1.5230266478488115e-30
9,39,3.290880930128625e-30
9,40,1.3458937918486367e-31
9,41,7.924022401021146e-16
9,42,1.2395463199266712e-30
9,43,6.848527924013375e-31
9,44,1.4425739942344113e-30
9,45,1.303921376044222e-15
9,46,8.346146398462687e-31
9,47,1.345842975459748e-31
9,48,1.4329706675693018e-30
9,49,2.8264915608142846e-30
9,50,4.752540726435081e-30
9,51,1.0387431208791727e-30
9,52,2.2333819605884088e-30
9,53,7.524624156816072e-31
9,54,3.744862311735789e-30
9,55,1.2793860680508641e-30
9,56,2.92571966475643e-30
9,57,1.8854755669813757e-30
9,58,6.947496914363299e-31
9,59,1.1633989413836942e-30
9,60,8.513479345431371e-31
9,61,2.9834694062048813e-30
9,62,7.42498168591795e-31
9,63,1.1589100926155838e-30
9,64,2.9249328251070724e-30
9,65,1.6568175600158517e-30
9,66,3.7033509539601446e-31
9,67,1.3009778758272583e-30
9,68,1.5189739760774341e-30
9,69,1.590213661618141e-30
9,70,1.3458833544466272e-31
9,71,2.1591073549030635e-30
9,72,1.1590883151889395e-30
9,73,2.7741832095855317e-30
9,74,1.1004450088081163e-30
9,75,1.710066638287273e-30
9,76,1.3458802407024678e-31
9,77,6.635266274136418e-16
9,78,2.9773538831093486e-30
9,79,2.5930214486467317e-30
9,80,3.177164493058291e-30
9,81,8.437191534269313e-31
9,82,1.3557428100741817e-30
9,83,3.7507855507331904e-30
9,84,2.064837610656297e-30
9,85,1.620481140536441e-30
9,86,2.7892855775740752e-30
9,87,1.534970051394399e-30
9,88,3.2320645500152234e-30
9,89,4.228341755761376e-30
9,90,2.784991276027618e-30
9,91,1.934781558166346e-30
9,92,6.90403341794741e-31
9,93,2.993972192707406e-30
9,94,2.7038430078877856e-30
9,95,2.5586747759697234e-30
9,96,2.7308487677085705e-30
9,97,1.9939633412573396e-30
9,98,1.7155029737110156e-30
9,99,2.551400245361134e-16
9,100,1.4220520806060603e-30
9,101,1.025851118090068e-30
9,102,1.248086240556439e-30
9,103,4.528464023863039e-30
9,104,4.093562779502614e-30
9,105,2.1965988542985665e-30
9,106,4.484184689061989e-16
9,107,1.8016500001694053e-30
9,108,2.1978575647037923e-30
9,109,1.3992504461068597e-30
9,110,1.6081200804963146e-30
9,111,1.713055144851235e-30
9,112,1.2086202234767946e-30
9,113,2.4653869458811577e-30
9,114,1.1392063861479742e-30
9,115,3.617393291148177e-30
9,116,1.0485154639895626e-30
9,117,8.565549240305346e-31
9,118,3.007255271957875e-30
9,119,8.964794877185436e-31
9,120,2.4055947724289447e-30
9,121,2.7994652033482808e-30
9,122,1.0062113951672255e-15
9,123,1.6957975645258018e-15
9,124,2.45921401414972e-30
9,125,2.0518172598514952e-30
9,126,2.1111046693580373e-30
9,127,2.9393643351491033e-30
9,128,1.1637195882687501e-30
9,129,3.765427002479622e-31
9,130,5.105643307395764e-30
9,131,1.5653630282039428e-30
9,132,1.816861712366266e-30
9,133,1.007324485991446e-30
9,134,0.0
9,135,3.0096811583683478e-30
9,136,3.765427002479622e-31
9,137,1.2151649254748921e-30
9,138,1.9097532046389716e-30
9,139,5.174764131146519e-30
9,140,1.4782351795217885e-30
9,141,9.844071371716221e-31
9,142,1.1745609122724392e-30
9,143,1.3688667168718839e-30
9,144,2.2226481669278345e-30
9,145,1.4478137149403109e-30
9,146,3.2224418396124885e-30
9,147,2.8614067512177715e-30
9,148,1.5526652864484948e-30
9,149,4.202257354558142e-31
10,11,3.623867558456891e-30
10,12,2.831147247760296e-30
10,13,1.3851018210935222e-30
10,14,1.9239810578619843e-30
10,15,2.9296890899380642e-30
10,16,3.590539437178254e-30
10,17,2.323568268212688e-30
10,18,0.0
10,19,1.7852560031833e-30
10,20,2.5732758451158066e-30
10,21,2.940444685661587e-30
10,22,4.0935816378574614e-30
10,23,2.135635228319358e-30
10,24,2.8222681070477877e-30
10,25,3.481711562472412e-30
10,26,3.74778139480184e-30
10,27,1.804806171017301e-15
10,28,4.0987746038679995e-30
10,29,2.346706013425746e-30
10,30,3.4978694891013476e-30
10,31,1.2298616061063681e-30
10,32,1.5182014691337661e-30
10,33,3.865196196420367e-30
10,34,3.515828130466303e-30
10,35,2.3993485122430387e-30
10,36,8.204060160708542e-31
10,37,1.4139418365124754e-30
10,38,2.0088000940100373e-30
10,39,3.31244414277045e-30
10,40,1.8033610973470066e-31
10,41,2.3555379493433325e-16
10,42,1.4433972099871954e-30
10,43,9.720200830274986e-31
10,44,2.1553892843469483e-30
10,45,3.629553932119285e-16
10,46,1.0905670384075007e-30
10,47,1.803293008542834e-31
10,48,1.647347996690221e-30
10,49,4.014270615665798e-30
10,50,4.998674244303571e-30
10,51,1.793972300366512e-30
10,52,3.1154624173524192e-30
10,53,1.147429337762547e-30
10,54,4.08429030326055e-30
10,55,1.4547175745288122e-30
10,56,1.9835060100701307e-30
10,57,1.552842275668307e-30
10,58,1.0175788809247023e-30
10,59,8.998315950286131e-31
10,60,8.505691191879297e-31
10,61,2.6585843269463347e-30
10,62,1.2123471325929085e-30
10,63,1.2932636073278606e-30
10,64,3.292940325503302e-30
10,65,1.9639507418077314e-30
10,66,6.896339653135751e-31
10,67,1.690873373168893e-30
10,68,2.5177275360782758e-30
10,69,2.230590139518792e-30
10,70,1.80334711228752e-31
10,71,3.3504341119147705e-30
10,72,1.5243448448735261e-30
10,73,2.0192836161420234e-30
10,74,9.400423960845099e-31
10,75,2.6307997317303162e-30
10,76,1.8033429401863343e-31
10,77,5.887258928247728e-16
10,78,2.1837040082700954e-30
10,79,2.1989454058056734e-30
10,80,3.529810643035644e-30
10,81,1.4850215636077479e-30
10,82,2.355291054199997e-30
10,83,3.993533493736048e-30
10,84,2.2744406650242456e-30
10,85,1.9325130700272205e-30
10,86,3.78411229241394e-30
10,87,2.4455148211826372e-30
10,88,3.9361390055456e-30
10,89,6.495884103606413e-30
10,90,3.266406319156938e-30
10,91,1.699014731318575e-30
10,92,8.00115398520843e-31
10,93,2.6245089759301968e-30
10,94,1.9212071085035672e-30
10,95,2.4245703219914835e-30
10,96,2.075156895711646e-30
10,97,2.484474286211255e-30
10,98,2.766406686481419e-30
10,99,2.720365014351558e-16
10,100,1.6839269935580464e-30
10,101,9.477163128563114e-31
10,102,1.936019360783119e-30
10,103,3.258459853675048e-30
10,104,3.65280398103312e-30
10,105,1.6814122484252085e-30
10,106,2.6039927108500297e-16
10,107,2.067660983330608e-30
10,108,2.2169628053596518e-30
10,109,2.5620285849344748e-30
10,110,2.135404669479177e-30
10,111,2.3383497297930564e-30
10,112,2.4594255281697196e-30
10,113,3.273981564880898e-30
10,114,9.668357898919009e-31
10,115,2.9308380470548453e-30
10,116,1.6384626611362813e-30
10,117,7.354283776857207e-31
10,118,2.7028216507422878e-30
10,119,1.0432033129010904e-30
10,120,1.7372116267516096e-30
10,121,4.7882216310720295e-30
10,122,2.360244194572593e-16
10,123,1.6826495806446663e-15
10,124,2.8335788042025392e-30
10,125,2.6278618121215385e-30
10,126,2.995334243291402e-30
10,127,3.202639648816847e-30
10,128,2.5178950640973218e-30
10,129,3.736232613615148e-31
10,130,5.7799025006642734e-30
10,131,2.3150764920262827e-30
10,132,1.5755227226165643e-30
10,133,8.574044798438767e-31
10,134,0.0
10,135,5.647276051098869e-30
10,136,3.736232613615148e-31
10,137,1.3361844172822328e-30
10,138,2.597847289777068e-30
10,139,1.0201998264118705e-29
10,140,2.1887852819065826e-30
10,141,8.306599932923392e-31
10,142,1.1168917759391384e-30
10,143,1.955851813650637e-30
10,144,2.9535328364726988e-30
10,145,2.1171699167641407e-30
10,146,2.230667937978894e-30
10,147,2.9825895594965323e-30
10,148,1.5838383868036668e-30
10,149,3.7516243655262195e-31
11,12,2.3691267592062535e-30
11,13,1.3223670342307076e-30
11,14,1.8404034496726666e-30
11,15,2.5292679950875403e-30
11,16,2.8727060163314342e-30
11,17,1.9504334464021034e-30
11,18,0.0
11,19,1.5735693946739377e-30
11,20,2.2942923424833338e-30
11,21,2.19101164668029e-30
11,22,1.1102230246251593e-16
11,23,1.894165197022134e-30
11,24,2.5390433366340667e-30
11,25,2.7238946857822532e-30
11,26,3.400536135030336e-30
11,27,1.280559663252171e-15
11,28,3.090128807892365e-30
11,29,2.1030641142389012e-30
11,30,3.358220215944386e-30
11,31,1.1372579152853004e-30
11,32,1.3857599410955589e-30
11,33,3.630204758555997e-30
11,34,3.292760495026885e-30
11,35,2.0577366688974803e-30
11,36,7.377832405312754e-31
11,37,1.2561853554683641e-30
11,38,1.4921413352621402e-30
11,39,3.077293758939199e-30
11,40,1.2795343437013385e-31
11,41,3.0893666957248837e-16
11,42,1.3029189960375714e-30
11,43,8.841474210340227e-31
11,44,1.8332797938629156e-30
11,45,6.176785320884042e-16
11,46,1.0062916032956137e-30
11,47,1.279486032820346e-31
11,48,1.3334479913588942e-30
11,49,2.9742549762301744e-30
11,50,3.398014123797258e-30
11,51,1.5204112207760031e-30
11,52,2.2346607183702058e-30
11,53,8.81701932413688e-31
11,54,3.849054040571709e-30
11,55,1.227289179022382e-30
11,56,1.721351362462452e-30
11,57,1.3877596640398798e-30
11,58,9.46536345130323e-31
11,59,7.514655218167203e-31
11,60,8.46644984727501e-31
11,61,2.200236526814832e-30
11,62,9.643279981213649e-31
11,63,1.0898286116502898e-30
11,64,2.9837802277826807e-30
11,65,1.7969050200517694e-30
11,66,5.495695681488837e-31
11,67,1.4315558634159285e-30
11,68,2.3439085366609975e-30
11,69,1.9988096872733213e-30
11,70,1.279524420916635e-31
11,71,2.6323758467718995e-30
11,72,1.1048170334904667e-30
11,73,1.8024728395361647e-30
11,74,5.652353357000794e-31
11,75,2.0119172030037917e-30
11,76,1.2795214606959891e-31
11,77,2.992586547019259e-16
11,78,1.6932868770655748e-30
11,79,1.9697256011099318e-30
11,80,3.48257156230298e-30
11,81,1.3082422363703312e-30
11,82,1.849701661255389e-30
11,83,2.68262753088957e-30
11,84,2.050079490571513e-30
11,85,1.8158534874212964e-30
11,86,3.082416537224311e-30
11,87,2.1519884713487314e-30
11,88,2.7157976617351264e-30
11,89,4.993151921910013e-30
11,90,2.3755903991715703e-30
11,91,1.4806190527957406e-30
11,92,6.655521614949802e-31
11,93,2.2486428249319883e-30
11,94,2.0370704912906634e-30
11,95,2.4229651680736968e-30
11,96,1.9446342351225573e-30
11,97,2.165985912136508e-30
11,98,2.5107031451609797e-30
11,99,8.32732318058316e-16
11,100,1.227464530440646e-30
11,101,7.617714354831475e-31
11,102,1.531183854450944e-30
11,103,2.227927142846797e-30
11,104,3.372091622038618e-30
11,105,1.487398565795496e-30
11,106,2.9275257574818714e-16
11,107,1.4674615331385605e-30
11,108,1.9855307086259044e-30
11,109,2.3011897315482766e-30
11,110,1.941471937459e-30
11,111,1.954972955617338e-30
11,112,2.1136035979236925e-30
11,113,3.0431210369776097e-30
11,114,6.015992972517946e-31
11,115,2.8937777197287838e-30
11,116,1.2679634971793226e-30
11,117,6.537400773227685e-31
11,118,2.4723345873261738e-30
11,119,9.773701292987546e-31
11,120,1.4292274829655027e-30
11,121,3.8016216761263494e-30
11,122,4.2730574041318775e-16
11,123,1.5570358422318507e-15
11,124,2.5527741969109373e-30
11,125,2.460465166608026e-30
11,126,2.3463807669059396e-30
11,127,2.2805600767031306e-30
11,128,2.062907236279148e-30
11,129,3.4573140844248484e-31
11,130,5.433208594458671e-30
11,131,1.978103282109619e-30
11,132,1.5462391745590368e-30
11,133,7.621042089924105e-31
11,134,0.0
11,135,4.560947129688529e-30
11,136,3.4573140844248484e-31
11,137,1.1902916768422445e-30
11,138,2.278480050753429e-30
11,139,8.687021640631963e-30
11,140,2.061271510686074e-30
11,141,9.741947721398314e-31
11,142,8.00562966258036e-31
11,143,1.4843355917271889e-30
11,144,2.1721004186627974e-30
11,145,1.6740507038386665e-30
11,146,2.3524789515313133e-30
11,147,2.0510169141026166e-30
11,148,1.2218380228548614e-30
11,149,2.38312517233352e-31
12,13,9.71149648779116e-31
12,14,1.2368884751443361e-30
12,15,1.9781279408238153e-30
12,16,2.658098510782433e-30
12,17,1.8543970562451402e-30
12,18,0.0
12,19,1.370505084502054e-30
12,20,1.702496834712676e-30
12,21,2.0711699792234024e-30
12,22,2.9850173368941318e-30
12,23,1.4704919882984482e-30
12,24,2.011853502351398e-30
12,25,2.626243409078958e-30
12,26,2.0777903432706885e-30
12,27,1.406953782144179e-15
12,28,3.1196998394472545e-30
12,29,1.30423561979127e-30
12,30,2.0897854080568034e-30
12,31,7.7564822593745625e-31
12,32,8.392983011656037e-31
12,33,2.298294849420555e-30
12,34,2.0065681002404416e-30
12,35,1.3379759039608362e-30
12,36,6.2581523361683806e-31
12,37,9.593776896770332e-31
12,38,1.4706911872597351e-30
12,39,1.8275098990670793e-30
12,40,1.4058272612476154e-31
12,41,4.425687238665877e-16
12,42,1.0411860541469677e-30
12,43,5.918323227999002e-31
12,44,1.5692372626586694e-30
12,45,3.4666702832799596e-16
12,46,6.892464275814673e-31
12,47,1.4057741819740125e-31
12,48,1.226942051982447e-30
12,49,3.0836949667249492e-30
12,50,3.7787048462964836e-30
12,51,1.3396926045914133e-30
12,52,2.370666632540725e-30
12,53,8.688791617101735e-31
12,54,2.2635835411489128e-30
12,55,8.47694456970182e-31
12,56,1.3981240270900132e-30
12,57,9.244162662663426e-31
12,58,6.089909586726195e-31
12,59,5.850356809272309e-31
12,60,5.124117898341403e-31
12,61,1.5235679033078308e-30
12,62,8.513803115436722e-31
12,63,8.881120236290242e-31
12,64,2.0680163793737583e-30
12,65,1.383492400689593e-30
12,66,5.075067692088902e-31
12,67,1.2424032432405129e-30
12,68,1.7791409396873363e-30
12,69,1.5802111297180902e-30
12,70,1.405816359061744e-31
12,71,2.4418131721469873e-30
12,72,1.1910745850753366e-30
12,73,1.3308644866316255e-30
12,74,7.491826179716585e-31
12,75,2.0081590158870727e-30
12,76,1.4058131066606623e-31
12,77,3.5490254769855584e-16
12,78,1.6688417546420136e-30
12,79,1.3231137450955876e-30
12,80,1.9713832077661227e-30
12,81,9.856473525543983e-31
12,82,1.7860801848027778e-30
12,83,3.2499094445391104e-30
12,84,1.4299697451177957e-30
12,85,1.1404730848607396e-30
12,86,2.8837232349547198e-30
12,87,1.7129061888312095e-30
12,88,3.1642114787559135e-30
12,89,4.8103853759542236e-30
12,90,2.561497918093563e-30
12,91,1.0219925678530474e-30
12,92,5.595997812863708e-31
12,93,1.4788637614925255e-30
12,94,1.2285572797601841e-30
12,95,1.3665718602021185e-30
12,96,1.6220647146333283e-30
12,97,1.6710356331154508e-30
12,98,1.725996263117148e-30
12,99,4.552252871008668e-16
12,100,1.3607377774762621e-30
12,101,5.877647365190031e-31
12,102,1.4049332862269734e-30
12,103,2.3000350384439697e-30
12,104,2.0130773886710108e-30
12,105,9.70685050005599e-31
12,106,9.092579000923265e-31
12,107,1.7013525606082647e-30
12,108,1.3274576592366633e-30
12,109,1.720850111643325e-30
12,110,1.4451687635028723e-30
12,111,1.872542896790547e-30
12,112,1.6345308635021722e-30
12,113,1.9461584359127723e-30
12,114,7.223912420465991e-31
12,115,1.6509951300679656e-30
12,116,1.2389542317149941e-30
12,117,4.1894642251985545e-31
12,118,1.4895354839030512e-30
12,119,5.8927412358559395e-31
12,120,1.1527915196788655e-30
12,121,3.57602594495563e-30
12,122,2.461147761150785e-30
12,123,9.285681644888347e-16
12,124,2.2030390529712987e-30
12,125,1.7025660949195675e-30
12,126,2.3310474701362754e-30
12,127,2.4908754733100058e-30
12,128,1.828972801753349e-30
12,129,2.0618355122988495e-31
12,130,3.237005514894349e-30
12,131,1.679008276907472e-30
12,132,8.506470535423143e-31
12,133,4.80100219508196e-31
12,134,0.0
12,135,4.197960875698095e-30
12,136,2.0618355122988495e-31
12,137,8.986329791655415e-31
12,138,1.6591702739253894e-30
12,139,6.563568609909454e-30
12,140,1.5630451553487754e-30
12,141,6.135164398069626e-31
12,142,8.083525072594304e-31
12,143,1.3432749485667641e-30
12,144,2.2829409585824808e-30
12,145,1.538807041744189e-30
12,146,1.2345435969170543e-30
12,147,2.4105329366814464e-30
12,148,1.2467117427893187e-30
12,149,3.0018104548758247e-31
13,14,7.887764369060951e-31
13,15,9.474446153433523e-31
13,16,1.211512400398612e-30
13,17,9.248891912572689e-31
13,18,0.0
13,19,7.0757012060199e-31
13,20,9.837024236581018e-31
13,21,9.585928455359498e-31
13,22,1.3459530398591816e-30
13,23,7.262298368193659e-31
13,24,9.515051378773333e-31
13,25,1.2292779524832303e-30
13,26,1.6587281853788322e-30
13,27,6.503339263697048e-16
13,28,1.4453721273111346e-30
13,29,1.0787456926305897e-30
13,30,1.3969622830766525e-30
13,31,5.757271366670135e-31
13,32,6.522003788998681e-31
13,33,1.5448534975392091e-30
13,34,1.3920906681007585e-30
13,35,9.736040182791342e-31
13,36,3.8080974539568407e-31
13,37,7.818913677954426e-31
13,38,6.651663525968276e-31
13,39,1.4102853311724657e-30
13,40,6.498132164735468e-32
13,41,2.521025350225155e-16
13,42,5.909645307216783e-31
13,43,3.5305729597732113e-31
13,44,7.237956579085382e-31
13,45,7.881068500304263e-17
13,46,4.016565812258293e-31
13,47,6.497886817284476e-32
13,48,5.843804734311948e-31
13,49,1.3935586899463884e-30
13,50,1.999267914788625e-30
13,51,6.045660555524036e-31
13,52,1.104190117368352e-30
13,53,3.9417255322650194e-31
13,54,1.7177866802651523e-30
13,55,5.596480465716859e-31
13,56,1.0085918738812526e-30
13,57,7.444816487671915e-31
13,58,3.807855111300051e-31
13,59,4.586731274023958e-31
13,60,3.6906614678818787e-31
13,61,1.258143337329213e-30
13,62,3.8570563954771724e-31
13,63,5.939130911165354e-31
13,64,1.2567380682511893e-30
13,65,6.972973088536742e-31
13,66,2.31260483948416e-31
13,67,5.700321165869994e-31
13,68,8.906492687704766e-31
13,69,7.911782710728012e-31
13,70,6.498081771741514e-32
13,71,1.1623231302327582e-30
13,72,5.867415154377531e-31
13,73,9.87376316056429e-31
13,74,4.126388521221621e-31
13,75,9.187502123436569e-31
13,76,6.498066738221633e-32
13,77,5.834553579603125e-16
13,78,1.0967829216362185e-30
13,79,1.0300067984236634e-30
13,80,1.6505151967660744e-30
13,81,5.087160803210079e-31
13,82,8.24716274810576e-31
13,83,1.528089709626742e-30
13,84,8.12774528193041e-31
13,85,8.045173726896106e-31
13,86,1.3326495640223303e-30
13,87,8.243648348093057e-31
13,88,1.4912639886702808e-30
13,89,8.894335324610467e-16
13,90,1.2112709902336348e-30
13,91,7.193194964582313e-31
13,92,3.044482466870798e-31
13,93,1.1455566665823972e-30
13,94,8.45088290122791e-31
13,95,1.0817366310604451e-30
13,96,1.0050923620744027e-30
13,97,7.556528227358575e-31
13,98,9.96094981954108e-31
13,99,5.185169430563073e-16
13,100,5.977847062211218e-31
13,101,5.0360680953598035e-31
13,102,6.966216272334934e-31
13,103,1.6395118659755982e-30
13,104,1.6512108792988347e-30
13,105,8.472648523570214e-31
13,106,5.9962359168925875e-31
13,107,8.160899129238336e-31
13,108,8.835712161685107e-31
13,109,8.980190904320191e-31
13,110,7.717771395177101e-31
13,111,8.231115245769525e-31
13,112,8.559770181443711e-31
13,113,1.2810618126366133e-30
13,114,4.22868806029797e-31
13,115,1.4547597813423574e-30
13,116,5.671468577786989e-31
13,117,3.223819226816305e-31
13,118,1.2451153625150774e-30
13,119,4.245249148746748e-31
13,120,9.274232185015643e-31
13,121,1.6212740696935102e-30
13,122,1.3999432151329578e-30
13,123,7.328996257944188e-16
13,124,1.0284602801533588e-30
13,125,1.0257333353486065e-30
13,126,1.0985445178775237e-30
13,127,1.1624101742739396e-30
13,128,7.963852839102123e-31
13,129,1.6273640785922512e-31
13,130,2.385187957535451e-30
13,131,8.569638216030373e-31
13,132,8.319246847558828e-31
13,133,4.013617540740072e-31
13,134,0.0
13,135,1.946946876761557e-30
13,136,1.6273640785922512e-31
13,137,5.670071644867275e-31
13,138,8.601638454962267e-31
13,139,4.237271892059353e-30
13,140,9.76566376598053e-31
13,141,3.2469028906466323e-31
13,142,3.8846270006421784e-31
13,143,6.397872020817071e-31
13,144,1.0474677336175926e-30
13,145,6.9316200970738585e-31
13,146,1.0342127056088318e-30
13,147,1.1687826861640012e-30
13,148,5.841691590086612e-31
13,149,1.588431449664302e-31
14,15,1.3705095373778243e-30
14,16,1.50971912265329e-30
14,17,1.0768240671347533e-30
14,18,0.0
14,19,8.525091122057064e-31
14,20,1.2668238920095035e-30
14,21,1.282497679765508e-30
14,22,1.6989735916282307e-30
14,23,1.0201841419844886e-30
14,24,1.357037032716667e-30
14,25,1.5329037377420492e-30
14,26,1.8942212668030903e-30
14,27,6.718913446118864e-16
14,28,1.627650024479038e-30
14,29,1.1654472957101448e-30
14,30,1.881727198818278e-30
14,31,6.283563008188023e-31
14,32,7.976948471983684e-31
14,33,2.055019333418875e-30
14,34,1.8025604345438522e-30
14,35,1.2586922589937558e-30
14,36,4.61324294873371e-31
14,37,6.543478818671244e-31
14,38,7.986052749807722e-31
14,39,1.759462610795107e-30
14,40,6.71353374104588e-32
14,41,5.810469165686636e-16
14,42,7.469677521798108e-31
14,43,4.680265835814328e-31
14,44,1.0099366690024705e-30
14,45,1.023358827715582e-30
14,46,5.434331573314905e-31
14,47,6.713280260761277e-32
14,48,7.0085021873827165e-31
14,49,1.6178904398504862e-30
14,50,1.7413698514607598e-30
14,51,7.7299781528054036e-31
14,52,1.1339997833901545e-30
14,53,4.62464412253687e-31
14,54,2.168592810940447e-30
14,55,6.107017856575868e-31
14,56,1.0082249991266578e-30
14,57,8.355312526465982e-31
14,58,5.123791247254165e-31
14,59,8.27146633037196e-31
14,60,4.665416214900113e-31
14,61,1.4112694225920074e-30
14,62,5.296952494161619e-31
14,63,5.1722446486328985e-31
14,64,1.6919449899494003e-30
14,65,9.952493885355352e-31
14,66,2.887117378358837e-31
14,67,8.498204452482519e-31
14,68,1.2612522969811546e-30
14,69,1.1198820749237788e-30
14,70,6.713481677613398e-32
14,71,1.4206512164932886e-30
14,72,5.614932913134969e-31
14,73,1.1148698433221834e-30
14,74,3.0855536079053472e-31
14,75,1.0706719127983351e-30
14,76,6.71346614575895e-32
14,77,6.6858907361533765e-16
14,78,1.1307675740084374e-30
14,79,1.1902385544336547e-30
14,80,2.253061091842532e-30
14,81,7.550301388187812e-31
14,82,9.651729541261576e-31
14,83,1.4669286899462097e-30
14,84,1.2392071208535682e-30
14,85,1.0811346651192198e-30
14,86,1.615987603163314e-30
14,87,1.1807496692516649e-30
14,88,1.4239385582720548e-30
14,89,2.678557092719202e-30
14,90,1.2892139674440594e-30
14,91,9.670940203190813e-31
14,92,3.642942687773811e-31
14,93,1.2839221971710042e-30
14,94,8.89774180804713e-31
14,95,1.3625749718056911e-30
14,96,1.1501432540794477e-30
14,97,1.0803133035434892e-30
14,98,1.325476646816427e-30
14,99,5.185169543914658e-16
14,100,7.755573379851085e-31
14,101,6.083325780730279e-31
14,102,7.541429292747307e-31
14,103,1.2936880155318814e-30
14,104,1.874537174735809e-30
14,105,8.654684928312939e-31
14,106,8.029227520122677e-31
14,107,7.516994936722393e-31
14,108,1.0320662326371684e-30
14,109,1.1852262559170721e-30
14,110,1.0511774178793737e-30
14,111,9.842729189158497e-31
14,112,1.0616360477670564e-30
14,113,1.7664545232774494e-30
14,114,5.397809045764606e-31
14,115,1.5628633053202425e-30
14,116,6.646386272995323e-31
14,117,4.0843677199948865e-31
14,118,1.3935472219271072e-30
14,119,5.356761582664938e-31
14,120,8.604640471637052e-31
14,121,1.978331091455261e-30
14,122,2.1047005053745145e-30
14,123,8.627699134216873e-16
14,124,1.444772846393402e-30
14,125,1.3114162637465859e-30
14,126,1.2182206367396635e-30
14,127,1.2566597343613078e-30
14,128,1.0329511635130747e-30
14,129,1.9157340456692212e-31
14,130,3.0554466141692915e-30
14,131,1.005926666171191e-30
14,132,1.0846253325708177e-30
14,133,4.282571356609618e-31
14,134,0.0
14,135,2.4309840318985556e-30
14,136,1.9157340456692212e-31
14,137,1.0354884267686798e-30
14,138,1.0809677328010061e-30
14,139,4.103804212333713e-30
14,140,1.1919476647591109e-30
14,141,4.84837904460959e-31
14,142,5.651129839493246e-31
14,143,9.079765173693213e-31
14,144,1.1364278869361011e-30
14,145,9.327200426920714e-31
14,146,1.2081934672581927e-30
14,147,1.0908261167795628e-30
14,148,7.310901088184525e-31
14,149,1.2626999012261083e-31
15,16,2.5225541094490812e-30
15,17,1.5733790889123305e-30
15,18,0.0
15,19,1.255016082236562e-30
15,20,1.7546433766302574e-30
15,21,2.0995352811671345e-30
15,22,2.8955083044258293e-30
15,23,1.483266820381029e-30
15,24,2.0040754185922426e-30
15,25,1.8464469171012757e-16
15,26,2.3193672615732296e-30
15,27,1.2413446533917273e-15
15,28,2.86223686124343e-30
15,29,1.3403139433498493e-30
15,30,2.2804185814786264e-30
15,31,7.23593162052574e-31
15,32,9.571073212974925e-31
15,33,2.5098419785093352e-30
15,34,2.2685480217961912e-30
15,35,1.5116374595991586e-30
15,36,5.467250782219605e-31
15,37,9.247005832169415e-31
15,38,1.3646251050167068e-30
15,39,2.1278918818533824e-30
15,40,1.2403507325468283e-31
15,41,2.766116703356648e-30
15,42,1.004792114156323e-30
15,43,6.52031327905287e-31
15,44,1.5179401045487132e-30
15,45,3.819125814273082e-16
15,46,7.391669302144714e-31
15,47,1.2403039011062156e-31
15,48,1.1588429847069126e-30
15,49,2.805042086305976e-30
15,50,3.3139188789447286e-30
15,51,1.2721210494731524e-30
15,52,2.1029359273679467e-30
15,53,8.0296137890507e-31
15,54,2.602433422959847e-30
15,55,9.210735630368436e-31
15,56,1.0954174348454711e-30
15,57,9.284811698046472e-31
15,58,6.761711931451346e-31
15,59,5.734079180334249e-31
15,60,5.225048479679355e-31
15,61,1.471485205941964e-30
15,62,8.699533969886488e-31
15,63,8.497227574931118e-31
15,64,2.2279255566844885e-30
15,65,1.3535614928996127e-30
15,66,4.851539475908053e-31
15,67,1.1902570143994155e-30
15,68,6.859889636011632e-16
15,69,1.5539831946695124e-30
15,70,1.2403411136309026e-31
15,71,2.5181598563712144e-16
15,72,1.0381076097481284e-30
15,73,1.2132816947917564e-30
15,74,5.895366605508113e-31
15,75,1.8386007640482498e-30
15,76,1.2403382440620902e-31
15,77,2.482534153247267e-16
15,78,1.311100250336782e-30
15,79,1.2621825210560258e-30
15,80,2.25571139868396e-30
15,81,1.0406815728100665e-30
15,82,1.6433088308248786e-30
15,83,2.672035398959512e-30
15,84,1.5933961546709092e-30
15,85,1.2467441843916151e-30
15,86,2.63606954780101e-30
15,87,1.717647321429038e-30
15,88,2.6712681124575382e-30
15,89,3.0905475323288353e-16
15,90,2.2501092139636276e-30
15,91,2.5479187037361316e-16
15,92,5.6936199134245335e-31
15,93,1.5102690287857724e-30
15,94,1.1565164861893809e-30
15,95,1.4955641836735953e-30
15,96,1.4650047738282525e-30
15,97,1.6885377959719307e-30
15,98,1.860261923861073e-30
15,99,4.7558086829647645e-30
15,100,1.1670789897597397e-30
15,101,6.48626993863629e-31
15,102,1.339154330883869e-30
15,103,1.732603763030668e-30
15,104,2.2097871490531865e-30
15,105,8.886513426854423e-31
15,106,1.0844287832874264e-30
15,107,1.397567914239683e-30
15,108,1.3821708333900633e-30
15,109,1.7042466827913502e-30
15,110,1.4896452116308628e-30
15,111,1.6981375200070133e-30
15,112,1.676260840589217e-30
15,113,2.1676679358297872e-30
15,114,6.417668065415867e-31
15,115,1.754519023671723e-30
15,116,1.146565674246048e-30
15,117,4.268848854127824e-31
15,118,1.5437186401150511e-30
15,119,6.597917143394975e-31
15,120,9.337463701180825e-31
15,121,3.378020435437845e-30
15,122,2.4205882681564874e-30
15,123,1.0324815024080607e-15
15,124,1.9838631038933733e-30
15,125,2.220735743188967e-16
15,126,2.070045938888882e-30
15,127,2.166606806210486e-30
15,128,1.7640880715804097e-30
15,129,2.2489056829012e-31
15,130,3.6840009769571126e-30
15,131,1.5831697527398508e-30
15,132,8.931359268299156e-31
15,133,4.839526243803027e-31
15,134,0.0
15,135,3.947662815397701e-30
15,136,2.2489056829012e-31
15,137,9.713090981681186e-31
15,138,1.7605361831571023e-30
15,139,3.3383969192913965e-16
15,140,1.3628546544015534e-30
15,141,6.661057880192131e-31
15,142,7.923853917756321e-31
15,143,1.409381048625401e-30
15,144,2.0466229473072746e-30
15,145,1.5130858650717598e-30
15,146,1.3630347682604416e-30
15,147,2.0028420258180066e-30
15,148,1.1118732164379397e-30
15,149,2.4423438179726726e-31
16,17,2.2687965806869412e-30
16,18,0.0
16,19,1.701735859930949e-30
16,20,2.1434910619238786e-30
16,21,2.7049733100160812e-30
16,22,3.8183316678910874e-30
16,23,1.8536213573532955e-30
16,24,2.5609959895348302e-30
16,25,3.32737652413095e-30
16,26,1.870143363656388e-30
16,27,1.7570753680765518e-15
16,28,3.961177020717181e-30
16,29,1.020725963548393e-30
16,30,2.2885442985193453e-30
16,31,8.491833346292368e-31
16,32,8.823797506926554e-31
16,33,2.5996357590625863e-30
16,34,2.0130585404370266e-30
16,35,1.187855406492405e-30
16,36,7.614300156592348e-31
16,37,1.3024394238052201e-30
16,38,1.849866255388813e-30
16,39,1.743404117962883e-30
16,40,1.7556685115443077e-31
16,41,3.619245446753815e-30
16,42,1.285159182147674e-30
16,43,6.984723706640634e-31
16,44,1.9755855252367274e-30
16,45,2.119225383267111e-30
16,46,8.38733355691066e-31
16,47,1.7556022234505643e-31
16,48,1.5598646680042514e-30
16,49,3.8754050406842525e-30
16,50,4.7678416770230195e-30
16,51,1.686748043080542e-30
16,52,2.9562053757656734e-30
16,53,1.0982786258248142e-30
16,54,2.033314220940018e-30
16,55,9.183687725739118e-31
16,56,1.5778657206128904e-30
16,57,6.0383973805975035e-31
16,58,6.779808218863119e-31
16,59,6.817190678622488e-31
16,60,5.447396663145293e-31
16,61,1.0371565606234528e-30
16,62,1.1034517310955747e-30
16,63,1.1446449979538682e-30
16,64,2.6033439231921572e-30
16,65,1.7211274679090527e-30
16,66,6.438618563926315e-31
16,67,1.5748466325021734e-30
16,68,2.2075866436497768e-30
16,69,1.968998940637639e-30
16,70,1.75565489634067e-31
16,71,3.114980424318681e-30
16,72,1.4924733139431465e-30
16,73,1.5874318839181197e-30
16,74,8.653898756349386e-31
16,75,2.530235754131275e-30
16,76,1.7556508345769504e-31
16,77,1.665334536937737e-16
16,78,1.8902557558551997e-30
16,79,1.4070272470707812e-30
16,80,1.881904933457689e-30
16,81,1.2459545884684759e-30
16,82,2.243366911038456e-30
16,83,3.88048876451345e-30
16,84,1.7815629084764872e-30
16,85,1.2865917987527303e-30
16,86,3.609979123259257e-30
16,87,2.1659130066491632e-30
16,88,3.870045160522169e-30
16,89,6.1165280814175074e-30
16,90,3.180495113221786e-30
16,91,9.779909720289384e-31
16,92,7.150084870687275e-31
16,93,1.137598093074976e-30
16,94,9.419766337672698e-31
16,95,1.2998489545214217e-30
16,96,1.967108235043104e-30
16,97,2.0894547216242868e-30
16,98,2.041758697604618e-30
16,99,1.2412670766236366e-16
16,100,1.5826759723097802e-30
16,101,5.1377121886231425e-31
16,102,1.8128793066054157e-30
16,103,2.065956327106402e-30
16,104,2.011669925842912e-30
16,105,7.61630303931617e-31
16,106,1.0104129285686768e-30
16,107,2.043655526344324e-30
16,108,1.5180736944746334e-30
16,109,1.992729214707203e-30
16,110,1.792560302138423e-30
16,111,2.301192460108987e-30
16,112,2.0418829634209652e-30
16,113,2.206382638527274e-30
16,114,8.525864194003652e-31
16,115,2.002249580393704e-30
16,116,1.5656709427818795e-30
16,117,3.130507068104712e-31
16,118,1.226845027835335e-30
16,119,5.642470052827986e-31
16,120,9.312024974846331e-31
16,121,4.534967651306796e-30
16,122,3.0124685214389795e-30
16,123,7.385278330912548e-16
16,124,2.7088152343506775e-30
16,125,2.035321692415107e-30
16,126,2.9016371273767126e-30
16,127,3.0690519982172348e-30
16,128,2.25435243983874e-30
16,129,1.6398612092488729e-31
16,130,3.081675411834702e-30
16,131,2.082538618724203e-30
16,132,9.007780714755754e-31
16,133,3.0247875617518235e-31
16,134,0.0
16,135,5.281937036302082e-30
16,136,1.6398612092488729e-31
16,137,1.127664361279882e-30
16,138,1.994305216790231e-30
16,139,8.180787992722155e-30
16,140,1.8085126102841098e-30
16,141,7.551471671160212e-31
16,142,1.0376953860874174e-30
16,143,1.7674234429340373e-30
16,144,2.8650249974233577e-30
16,145,1.973013104019671e-30
16,146,1.3558619203409781e-30
16,147,2.9347085100888063e-30
16,148,1.5280811056823316e-30
16,149,3.5729801635808487e-31
17,18,0.0
17,19,1.2500512826258014e-30
17,20,1.3729787515937686e-30
17,21,1.7073752093034386e-30
17,22,4.519664351052943e-16
17,23,1.2865720067352202e-30
17,24,1.7573198556648258e-30
17,25,3.471141017847856e-18
17,26,2.0204390295642003e-30
17,27,1.2475351650592157e-15
17,28,2.7499196785099268e-30
17,29,1.4792865018010956e-30
17,30,2.0298664966497145e-30
17,31,8.19085440609149e-31
17,32,8.613679667544399e-31
17,33,2.1827206011098232e-30
17,34,1.8434207404119217e-30
17,35,1.2169104055788369e-30
17,36,6.703413021162034e-31
17,37,9.16017838646916e-31
17,38,1.2814901583947805e-30
17,39,1.794401270866933e-30
17,40,1.2465362875904092e-31
17,41,6.438664385670151e-16
17,42,9.707811733989959e-31
17,43,5.1621076211268e-31
17,44,1.3114492801320488e-30
17,45,1.7726092122975157e-16
17,46,5.967602625937926e-31
17,47,1.2464892226041982e-31
17,48,1.0541471562103049e-30
17,49,2.7028497748558605e-30
17,50,3.5505207123018454e-30
17,51,1.1237158296594788e-30
17,52,2.064002386645395e-30
17,53,7.5176164828988505e-31
17,54,2.067951923191132e-30
17,55,8.1897977478466e-31
17,56,1.5098272721341826e-30
17,57,9.147835301348776e-31
17,58,5.3830833204523254e-31
17,59,7.94682842425743e-31
17,60,5.849657706055584e-31
17,61,1.6904976238302658e-30
17,62,6.839188768360915e-31
17,63,8.97495257891208e-31
17,64,1.833450224773943e-30
17,65,1.2396527475426372e-30
17,66,4.305931441670965e-31
17,67,1.0631129528968908e-30
17,68,1.5697199337748256e-30
17,69,1.3565351220197868e-30
17,70,1.2465266207055242e-31
17,71,2.200397564768125e-30
17,72,1.084778742686632e-30
17,73,1.4884058162896849e-30
17,74,7.319397088610899e-31
17,75,1.77009357381494e-30
17,76,1.2465237368263438e-31
17,77,7.178171715430325e-16
17,78,1.742672213812693e-30
17,79,1.4853014953386567e-30
17,80,2.1052811552809384e-30
17,81,8.335112896325325e-31
17,82,1.571154143203616e-30
17,83,2.9735960462632004e-30
17,84,1.1373789235931857e-30
17,85,1.0594012354120724e-30
17,86,2.5566948714881653e-30
17,87,1.4484747339029732e-30
17,88,2.8740883229602115e-30
17,89,2.4196551423172736e-16
17,90,2.295113512317626e-30
17,91,1.352646389518518e-16
17,92,5.314756319687289e-31
17,93,1.6856501625272056e-30
17,94,1.4684340245250705e-30
17,95,1.4270553809223215e-30
17,96,1.5688313053154342e-30
17,97,1.2342919047287625e-30
17,98,1.538361163404958e-30
17,99,2.9219664927428037e-16
17,100,1.0949868973743882e-30
17,101,4.955089671837051e-31
17,102,1.2359446518160226e-30
17,103,2.514561119314558e-30
17,104,2.1170772770146752e-30
17,105,1.194646039972766e-30
17,106,2.4444227037152945e-16
17,107,1.5677361806950257e-30
17,108,1.3166119627176866e-30
17,109,1.5512907973086037e-30
17,110,1.3170336417099717e-30
17,111,1.5577509319083473e-30
17,112,1.4533367900323333e-30
17,113,1.7986468344747374e-30
17,114,7.2684701937667745e-31
17,115,1.923544469863948e-30
17,116,1.0810108719788614e-30
17,117,5.6276832401257704e-31
17,118,1.7707695738446493e-30
17,119,5.639481828428221e-31
17,120,1.245327778153736e-30
17,121,3.0513200955735782e-30
17,122,5.295454741269346e-16
17,123,9.579627852048983e-16
17,124,1.9353857895203815e-30
17,125,1.5396561737320144e-30
17,126,2.10454735095242e-30
17,127,2.2879848421786297e-30
17,128,1.4224246557725288e-30
17,129,2.1226509122705573e-31
17,130,3.030069612203111e-30
17,131,1.5931623135849834e-30
17,132,1.032399582724339e-30
17,133,5.3052682939262495e-31
17,134,0.0
17,135,3.646684553586928e-30
17,136,2.1226509122705573e-31
17,137,1.069161525116212e-30
17,138,1.3600600600395607e-30
17,139,6.581738478485256e-30
17,140,1.6809971899362994e-30
17,141,4.086014248178255e-31
17,142,7.446327337548357e-31
17,143,1.1005601120382104e-30
17,144,2.008934779200847e-30
17,145,1.3170770645925887e-30
17,146,1.4001611079328497e-30
17,147,2.224725905265439e-30
17,148,1.0955290367413538e-30
17,149,2.867734578114327e-31
18,19,0.0
18,20,0.0
18,21,0.0
18,22,0.0
18,23,0.0
18,24,0.0
18,25,0.0
18,26,0.0
18,27,0.0
18,28,0.0
18,29,0.0
18,30,0.0
18,31,0.0
18,32,0.0
18,33,0.0
18,34,0.0
18,35,0.0
18,36,0.0
18,37,0.0
18,38,0.0
18,39,0.0
18,40,0.0
18,41,0.0
18,42,0.0
18,43,0.0
18,44,0.0
18,45,0.0
18,46,0.0
18,47,0.0
18,48,0.0
18,49,0.0
18,50,0.0
18,51,0.0
18,52,0.0
18,53,0.0
18,54,0.0
18,55,0.0
18,56,0.0
18,57,0.0
18,58,0.0
18,59,0.0
18,60,0.0
18,61,0.0
18,62,0.0
18,63,0.0
18,64,0.0
18,65,0.0
18,66,0.0
18,67,0.0
18,68,0.0
18,69,0.0
18,70,0.0
18,71,0.0
18,72,0.0
18,73,0.0
18,74,0.0
18,75,0.0
18,76,0.0
18,77,0.0
18,78,0.0
18,79,0.0
18,80,0.0
18,81,0.0
18,82,0.0
18,83,0.0
18,84,0.0
18,85,0.0
18,86,0.0
18,87,0.0
18,88,0.0
18,89,0.0
18,90,0.0
18,91,0.0
18,92,0.0
18,93,0.0
18,94,0.0
18,95,0.0
18,96,0.0
18,97,0.0
18,98,0.0
18,99,0.0
18,100,0.0
18,101,0.0
18,102,0.0
18,103,0.0
18,104,0.0
18,105,0.0
18,106,0.0
18,107,0.0
18,108,0.0
18,109,0.0
18,110,0.0
18,111,0.0
18,112,0.0
18,113,0.0
18,114,0.0
18,115,0.0
18,116,0.0
18,117,0.0
18,118,0.0
18,119,0.0
18,120,0.0
18,121,0.0
18,122,0.0
18,123,0.0
18,124,0.0
18,125,0.0
18,126,0.0
18,127,0.0
18,128,0.0
18,129,0.0
18,130,0.0
18,131,0.0
18,132,0.0
18,133,0.0
18,134,0.0
18,135,0.0
18,136,0.0
18,137,0.0
18,138,0.0
18,139,0.0
18,140,0.0
18,141,0.0
18,142,0.0
18,143,0.0
18,144,0.0
18,145,0.0
18,146,0.0
18,147,0.0
18,148,0.0
18,149,0.0
19,20,1.2711621969019968e-30
19,21,1.4383740588885404e-30
19,22,3.71668300048813e-16
19,23,9.406188985907308e-31
19,24,1.3501425764066403e-30
19,25,1.7465440510412246e-30
19,26,2.1039684994374453e-30
19,27,9.697833469867877e-16
19,28,2.1652777495439343e-30
19,29,1.3277748421068773e-30
19,30,1.6023067008379277e-30
19,31,7.739671682693618e-31
19,32,8.391915969818399e-31
19,33,1.7536549540220188e-30
19,34,1.6212840577101995e-30
19,35,1.214386859032021e-30
19,36,4.685840541506464e-31
19,37,8.733423925330832e-31
19,38,1.0028536780336458e-30
19,39,1.6959610264207883e-30
19,40,9.690068600691759e-32
19,41,4.711299460771189e-16
19,42,6.7482419418216035e-31
19,43,4.231910115717922e-31
19,44,1.0030927408492877e-30
19,45,5.539203223672584e-16
19,46,4.674514461879805e-31
19,47,9.68970273653713e-32
19,48,8.23933899785715e-31
19,49,2.046083708814543e-30
19,50,8.307935563052432e-16
19,51,8.98604793463367e-31
19,52,1.6129361586548208e-30
19,53,5.742356698682558e-31
19,54,2.012247608170975e-30
19,55,7.493160908480714e-31
19,56,1.3533069064037454e-30
19,57,9.729443145694242e-31
19,58,4.425242447543591e-31
19,59,6.285806087960748e-31
19,60,4.081459201379805e-31
19,61,1.5578901264014259e-30
19,62,5.618482466925834e-31
19,63,7.387105446509943e-31
19,64,1.4747223257747193e-30
19,65,8.628066287831413e-31
19,66,3.2398446667830727e-31
19,67,8.138663110968349e-31
19,68,1.1671216723030544e-30
19,69,9.680482000335475e-31
19,70,9.689993454241051e-32
19,71,1.6191529190138974e-30
19,72,8.421815356090589e-31
19,73,1.311429260595949e-30
19,74,6.1554428806303715e-31
19,75,1.3111429288048057e-30
19,76,9.689971036131467e-32
19,77,6.750481991455952e-16
19,78,1.5047978310462101e-30
19,79,1.3618850733656928e-30
19,80,1.7670369386328444e-30
19,81,6.324891283205473e-31
19,82,1.1558778438141509e-30
19,83,1.2860155193518065e-16
19,84,9.407197581419498e-31
19,85,8.882887620923398e-31
19,86,1.9142277531706094e-30
19,87,1.0825556410310295e-30
19,88,2.22873089088455e-30
19,89,3.1714694356304335e-30
19,90,1.8333216703805284e-30
19,91,1.0218251133050658e-30
19,92,4.413360305443689e-31
19,93,1.467290446527415e-30
19,94,1.0562936467687327e-30
19,95,1.1892293559508342e-30
19,96,1.3679660619848717e-30
19,97,1.091934707489582e-30
19,98,1.1852678931593182e-30
19,99,4.36685410661015e-16
19,100,9.72727869021413e-31
19,101,6.534034654402691e-31
19,102,9.619706608525084e-31
19,103,2.2789735922771228e-30
19,104,2.016922328932071e-30
19,105,1.0448277108092015e-30
19,106,9.50186767467307e-17
19,107,1.2141027052821529e-30
19,108,1.0512962708945796e-30
19,109,1.039991455245482e-30
19,110,9.063407568942597e-31
19,111,1.3513501287998515e-30
19,112,1.0845308306648038e-30
19,113,1.4568405593038715e-30
19,114,6.0979873597389065e-31
19,115,1.6703461548379947e-30
19,116,8.18286575997997e-31
19,117,4.027300938784816e-31
19,118,1.4754757908041371e-30
19,119,4.936702237915891e-31
19,120,1.2136282490793794e-30
19,121,2.3308607028972147e-30
19,122,4.587023505763901e-16
19,123,8.696416376729035e-16
19,124,1.4623104758728075e-30
19,125,1.046605881228344e-30
19,126,1.5657014070537223e-30
19,127,7.664741015236965e-16
19,128,1.1473085227031407e-30
19,129,1.930992338634372e-31
19,130,2.7758354037504785e-30
19,131,1.1192989277526249e-30
19,132,9.328045968579852e-31
19,133,4.945285476481771e-31
19,134,0.0
19,135,2.6697315953641434e-30
19,136,1.930992338634372e-31
19,137,7.252694509926457e-31
19,138,1.0794661403802103e-30
19,139,6.224269711286464e-30
19,140,1.072400663487717e-30
19,141,4.9945510609438175e-31
19,142,5.838015337434998e-31
19,143,9.557171504775839e-31
19,144,1.5593981775196309e-30
19,145,1.0292024150067199e-30
19,146,1.2848539415725378e-30
19,147,1.733237104091776e-30
19,148,8.94256343500874e-31
19,149,2.3823832452819903e-31
20,21,1.798621365680558e-30
20,22,2.4654993553670556e-30
20,23,1.3156174842510016e-30
20,24,1.710356671060424e-30
20,25,2.088584921864977e-30
20,26,3.0655367359618782e-30
20,27,1.1534645871596201e-15
20,28,2.513051147690851e-30
20,29,1.9822667627136028e-30
20,30,2.4744645331571528e-30
20,31,1.127943588041899e-30
20,32,1.2798479778086605e-30
20,33,2.774739567374329e-30
20,34,2.547139512325094e-30
20,35,1.8315208457080138e-30
20,36,4.915530272778475e-31
20,37,1.0295117901624033e-30
20,38,1.2632021312259797e-30
20,39,2.5934525605858773e-30
20,40,1.1525410301974998e-31
20,41,6.782580578170377e-16
20,42,8.984508330137666e-31
20,43,6.598133694357212e-31
20,44,1.2814420638276363e-30
20,45,1.8054463245622677e-16
20,46,7.329253026002353e-31
20,47,1.1524975141536962e-31
20,48,1.0089097651110734e-30
20,49,2.4342570141129215e-30
20,50,3.475836437004071e-30
20,51,1.0892766440711816e-30
20,52,2.0688220622285435e-30
20,53,6.997316652109571e-31
20,54,3.093001716299369e-30
20,55,1.1164303570231226e-30
20,56,1.846069124323199e-30
20,57,1.3340111891398283e-30
20,58,6.929842603383293e-31
20,59,9.950333943224037e-31
20,60,6.192490685729447e-31
20,61,2.2824906454046868e-30
20,62,7.220240067155435e-31
20,63,8.612427566758601e-31
20,64,2.3209156481293162e-30
20,65,1.1915467106376022e-30
20,66,4.116360675550613e-31
20,67,1.0359866429907392e-30
20,68,1.5243824864524464e-30
20,69,1.3426555291844706e-30
20,70,1.1525320922455323e-31
20,71,1.9759317670708964e-30
20,72,9.830156705204925e-31
20,73,1.8493916876365162e-30
20,74,7.3805821097567845e-31
20,75,1.5761569944331812e-30
20,76,1.1525294258256978e-31
20,77,2.7258903988768537e-16
20,78,1.9412676564253536e-30
20,79,1.9570365537077577e-30
20,80,2.8067727418248262e-30
20,81,9.218795917907836e-31
20,82,1.4162758999636235e-30
20,83,2.5479228912422e-30
20,84,1.4170607452169413e-30
20,85,1.3766759627466057e-30
20,86,2.2719903612326167e-30
20,87,1.460905274646315e-30
20,88,2.5770092591450236e-30
20,89,3.965088163129901e-30
20,90,2.1717438992881762e-30
20,91,1.5314626642166154e-30
20,92,5.0828773577754155e-31
20,93,2.2254661755581092e-30
20,94,1.3631013500555084e-30
20,95,1.843853065967997e-30
20,96,1.784013240908379e-30
20,97,1.5272990742881647e-30
20,98,1.8220451141856867e-30
20,99,3.5679681798468485e-16
20,100,1.2944015450621212e-30
20,101,7.715190995545253e-31
20,102,1.2018188596609418e-30
20,103,2.9581831170150895e-30
20,104,2.9970695259552836e-30
20,105,1.510248588727919e-30
20,106,2.726773421433649e-16
20,107,1.4038086102330038e-30
20,108,1.6011306099627874e-30
20,109,1.599552301778707e-30
20,110,1.3582452416847932e-30
20,111,1.5705350721772754e-30
20,112,1.5489540873182358e-30
20,113,2.308576464064186e-30
20,114,7.523576760190818e-31
20,115,2.42839238548239e-30
20,116,9.96862696732866e-31
20,117,5.906436927294396e-31
20,118,2.2485271387948544e-30
20,119,7.750883473060773e-31
20,120,1.5915591050698155e-30
20,121,2.9002337846536106e-30
20,122,1.7109685898544775e-16
20,123,1.3391885469243653e-15
20,124,1.7132920500065234e-30
20,125,1.718644384175945e-30
20,126,1.827898787071432e-30
20,127,1.907474520463523e-30
20,128,1.629126823417818e-30
20,129,2.973595918219476e-31
20,130,4.3340638218980674e-30
20,131,1.4345170850375195e-30
20,132,1.4488235030546159e-30
20,133,7.3279970811795745e-31
20,134,0.0
20,135,3.3483057765438926e-30
20,136,2.973595918219476e-31
20,137,9.743604755335508e-31
20,138,1.706918794371529e-30
20,139,6.866553147335966e-30
20,140,1.4387614227305877e-30
20,141,5.184455432159983e-31
20,142,7.129079182405433e-31
20,143,1.1855189751052314e-30
20,144,1.861981894297352e-30
20,145,1.2749551712886077e-30
20,146,1.8623862478720943e-30
20,147,2.0144964697729112e-30
20,148,1.1103654527526113e-30
20,149,2.837407002310378e-31
21,22,3.234548039444345e-30
21,23,1.3847302138440741e-30
21,24,2.163059980909573e-30
21,25,2.698788027972343e-30
21,26,1.4204040208500973e-30
21,27,1.4902476193980413e-15
21,28,3.406493959327418e-30
21,29,7.765302625514246e-31
21,30,1.310210343977579e-30
21,31,7.4917064922734585e-31
21,32,8.00531807275743e-31
21,33,1.642437808971862e-30
21,34,1.1436537043685858e-30
21,35,8.611281061272206e-31
21,36,5.196285470224972e-31
21,37,1.1602002150128835e-30
21,38,1.5759308126304243e-30
21,39,1.6468309948175035e-30
21,40,1.4890544067242415e-31
21,41,3.4888217564856077e-16
21,42,1.019983147984395e-30
21,43,5.016734229501754e-31
21,44,1.623358100270835e-30
21,45,1.813892754758002e-30
21,46,6.085210796387118e-31
21,47,1.4889981850756481e-31
21,48,1.4386171257007456e-30
21,49,3.268594980299829e-30
21,50,4.2814688156210546e-30
21,51,1.4030534834754737e-30
21,52,2.4434571204417035e-30
21,53,9.079225844929635e-31
21,54,1.1636873565379904e-30
21,55,7.342995082668853e-31
21,56,1.5091643794070101e-30
21,57,5.393505695370069e-31
21,58,4.306615359405603e-31
21,59,5.817116297357199e-31
21,60,3.8147116201831576e-31
21,61,9.572119825561466e-31
21,62,1.0499187773418296e-30
21,63,8.062083513287205e-31
21,64,2.0121194451045743e-30
21,65,1.2595476219311624e-30
21,66,5.1816950985563075e-31
21,67,1.2924607959251811e-30
21,68,1.7760645305641746e-30
21,69,1.5044610179437583e-30
21,70,1.4890428591121258e-31
21,71,2.4832942105242623e-30
21,72,1.2022078039181138e-30
21,73,1.4354939141216722e-30
21,74,7.813600147030704e-31
21,75,2.0549327543595684e-30
21,76,1.489039414163876e-31
21,77,1.0228221476831375e-15
21,78,1.815226215321996e-30
21,79,1.2613793006000155e-30
21,80,1.6432658749329908e-30
21,81,9.618608331061092e-31
21,82,1.7729135562563132e-30
21,83,3.349717278911248e-30
21,84,1.5312666976391197e-30
21,85,9.005185496428228e-31
21,86,2.8288958810810527e-30
21,87,1.687650695486409e-30
21,88,3.227312478491042e-30
21,89,5.308652295059151e-30
21,90,2.7058648655989863e-30
21,91,7.762742866756505e-31
21,92,6.913095175585248e-31
21,93,9.994726773734959e-31
21,94,9.125829754298077e-31
21,95,6.622005144315029e-31
21,96,1.7506557064197966e-30
21,97,1.877204396022784e-30
21,98,1.3893545365536974e-30
21,99,3.1031676915590904e-16
21,100,1.6039966475634758e-30
21,101,8.184625830203762e-31
21,102,1.4548918388876547e-30
21,103,2.01718824139876e-30
21,104,1.4562230246898045e-30
21,105,9.030931965486842e-31
21,106,8.083133492875115e-31
21,107,1.642674469115682e-30
21,108,1.1385923432391508e-30
21,109,1.373152404176232e-30
21,110,1.3203191653332527e-30
21,111,2.0896417556399193e-30
21,112,1.4721199108520975e-30
21,113,1.5987781294031714e-30
21,114,1.0263233144662368e-30
21,115,1.7095759028336597e-30
21,116,1.2825516325759827e-30
21,117,4.040652190602927e-31
21,118,1.0262778457062954e-30
21,119,2.885259988907814e-31
21,120,8.179943315761264e-31
21,121,3.714839028868665e-30
21,122,2.0707179605669957e-30
21,123,2.6331251014325223e-16
21,124,2.1453229556918783e-30
21,125,1.5228420764154223e-30
21,126,2.256216305790705e-30
21,127,2.6414541225252427e-30
21,128,1.912817584193181e-30
21,129,5.84671222865768e-32
21,130,1.775171024744353e-30
21,131,1.4902337459880808e-30
21,132,7.118574609127762e-31
21,133,1.1395132874050555e-31
21,134,0.0
21,135,4.076167134728187e-30
21,136,5.84671222865768e-32
21,137,9.566593484769484e-31
21,138,1.5394997910365534e-30
21,139,5.62700693597938e-30
21,140,1.0988252018562485e-30
21,141,7.757596308561381e-31
21,142,1.0738012623744058e-30
21,143,1.862485436088796e-30
21,144,2.4193407123049557e-30
21,145,1.7538653754976767e-30
21,146,9.563435060203046e-31
21,147,2.4407461154281836e-30
21,148,1.4491036847829616e-30
21,149,3.170029758853772e-31
22,23,2.0677446818933498e-30
22,24,3.4222016777470413e-16
22,25,8.590314921582682e-16
22,26,2.076048406843768e-30
22,27,2.0128055621477674e-15
22,28,1.5948153293669444e-16
22,29,1.0774232742499188e-30
22,30,3.9055582464507254e-16
22,31,9.711470422439863e-31
22,32,1.0135589267679033e-30
22,33,2.745490267190788e-30
22,34,2.0602571793483906e-30
22,35,1.2165005271531442e-30
22,36,8.13489284018543e-31
22,37,1.5443309097055102e-30
22,38,2.1284195175890316e-30
22,39,1.972113807019286e-30
22,40,2.0111939473561124e-31
22,41,4.713502578724545e-16
22,42,2.239154426524269e-16
22,43,7.68764656157655e-31
22,44,2.2494668607104012e-30
22,45,3.947344124844663e-16
22,46,9.256298960462571e-31
22,47,2.0111180114877855e-31
22,48,1.8006198349677507e-30
22,49,4.4352150345442816e-30
22,50,5.531777262254864e-30
22,51,1.9246651119973566e-30
22,52,3.3807620160602815e-30
22,53,1.2534457699733984e-30
22,54,2.0300841955256106e-30
22,55,1.0537669517151896e-30
22,56,1.8384279857035625e-30
22,57,6.929311436193648e-31
22,58,7.219137988466591e-31
22,59,8.225801349557174e-31
22,60,5.672449441586374e-31
22,61,8.369156510257257e-16
22,62,1.2982360978938745e-30
22,63,1.2598579017595116e-30
22,64,2.9127154961135976e-30
22,65,1.9023177182538684e-30
22,66,7.314689028047109e-31
22,67,1.7913830218771014e-30
22,68,4.469295454798208e-16
22,69,2.195368331583489e-30
22,70,2.0111783505535453e-31
22,71,2.39793757012378e-16
22,72,1.6870376062379414e-30
22,73,1.822356969517225e-30
22,74,9.927920428039618e-31
22,75,2.8688982611890112e-30
22,76,2.0111736976281467e-31
22,77,6.863593898625829e-16
22,78,2.1902912543264342e-30
22,79,5.004308931468832e-16
22,80,1.9092899744571424e-30
22,81,1.401033223679601e-30
22,82,2.5278969251472285e-30
22,83,9.786562065451343e-16
22,84,2.0372957067031663e-30
22,85,1.3877787807814452e-16
22,86,4.057692053244489e-30
22,87,2.4419932892503603e-30
22,88,4.3969379994713925e-30
22,89,6.894237948372739e-16
22,90,3.640621076399226e-30
22,91,3.7670270202758344e-16
22,92,8.449229143375532e-31
22,93,7.858132500241464e-17
22,94,1.2227159191170511e-30
22,95,1.2625853473292346e-30
22,96,2.2686038505947892e-30
22,97,1.0985608091506144e-15
22,98,2.2191647972458152e-30
22,99,4.1731575956034447e-16
22,100,1.8674682948071592e-16
22,101,6.900476911160393e-31
22,102,2.061790317979811e-30
22,103,2.2882394705377402e-30
22,104,2.191355383303808e-30
22,105,9.196947572593644e-31
22,106,1.1350461008015303e-30
22,107,2.2995798298374154e-30
22,108,1.3165625507162644e-16
22,109,2.170542623066283e-30
22,110,1.9771292333851117e-30
22,111,2.682618635226217e-30
22,112,2.261022255002726e-30
22,113,2.38964025036186e-30
22,114,1.0509210424857062e-30
22,115,2.2821508432725117e-30
22,116,1.781748654180432e-30
22,117,2.938124061483529e-31
22,118,1.259192579959427e-30
22,119,5.599322817778781e-31
22,120,9.874444394384894e-31
22,121,5.170559417181102e-30
22,122,3.244004631695626e-30
22,123,7.870258503659132e-16
22,124,3.0355643778446985e-30
22,125,7.059566984414669e-16
22,126,3.2488671921825676e-30
22,127,2.9925865961195227e-16
22,128,2.619585204347401e-30
22,129,1.4374406218961992e-31
22,130,3.1173466723463013e-30
22,131,2.2825240686679468e-30
22,132,9.703212415623289e-31
22,133,2.059983580897399e-31
22,134,0.0
22,135,3.78853441109016e-16
22,136,1.4374406218961992e-31
22,137,1.3094787600465454e-30
22,138,1.7772239894833363e-16
22,139,3.1371168317133036e-16
22,140,1.8385668105058127e-30
22,141,9.080170950466346e-31
22,142,1.2334426171044222e-30
22,143,2.1392346129281407e-30
22,144,3.279147151342357e-30
22,145,2.295916696595538e-30
22,146,2.6110901943691665e-16
22,147,3.3123058116240814e-30
22,148,1.7801309746616717e-30
22,149,4.103045327259388e-31
23,24,1.4559773009632619e-30
23,25,1.8277766914896395e-30
23,26,2.0355277148385636e-30
23,27,9.305364597889225e-16
23,28,2.1119869832058915e-30
23,29,1.2266356521088038e-30
23,30,1.8491231934624356e-30
23,31,6.371032993000544e-31
23,32,8.048647149713634e-31
23,33,2.0300879099497047e-30
23,34,1.852354785241617e-30
23,35,1.2687083450469604e-30
23,36,4.691808040255192e-31
23,37,8.411915979029108e-31
23,38,9.810309007084821e-31
23,39,1.784463306930215e-30
23,40,9.29791397100816e-32
23,41,2.2337466463294088e-30
23,42,7.5645349419611695e-31
23,43,5.047610881281116e-31
23,44,1.1118972982061525e-30
23,45,1.1338696653143822e-30
23,46,5.681332172311595e-31
23,47,9.297562913283496e-32
23,48,8.554720771538295e-31
23,49,2.044389089874748e-30
23,50,2.6205474717802207e-30
23,51,9.35585905768359e-31
23,52,1.5992165709870994e-30
23,53,5.904657404530856e-31
23,54,2.198539594092456e-30
23,55,7.342298562740957e-31
23,56,1.0543946233295564e-30
23,57,8.898512860103775e-31
23,58,5.318418255104232e-31
23,59,5.201144176086276e-31
23,60,4.4125004747053e-31
23,61,1.3932199678495869e-30
23,62,5.965073864138809e-31
23,63,7.322139507335017e-31
23,64,1.7144611099175876e-30
23,65,1.0245734965768464e-30
23,66,3.548539380498755e-31
23,67,8.734795832015283e-31
23,68,1.3092790738249377e-30
23,69,1.161814635545736e-30
23,70,9.297841865715339e-32
23,71,1.7421295824995276e-30
23,72,8.279678247876562e-31
23,73,1.0581702103175368e-30
23,74,4.920544458367876e-31
23,75,1.3665735668530905e-30
23,76,9.297820354860992e-32
23,77,3.5108334685767037e-16
23,78,1.1631208145824494e-30
23,79,1.1321936377340878e-30
23,80,1.9292653143220414e-30
23,81,7.680394922875002e-31
23,82,1.235877344108903e-30
23,83,2.0268586948274123e-30
23,84,1.1594492455008273e-30
23,85,1.0126715930247316e-30
23,86,1.9912010435230926e-30
23,87,1.2610174942414883e-30
23,88,2.0740076155067654e-30
23,89,3.25022155949267e-30
23,90,1.6859875258685322e-30
23,91,8.901962274553222e-31
23,92,3.9342568073291676e-31
23,93,1.340507471161355e-30
23,94,1.0100976763028232e-30
23,95,1.2961938080859282e-30
23,96,1.1079983246481586e-30
23,97,1.1836957601887511e-30
23,98,1.4389660571429375e-30
23,99,2.4864100871503487e-16
23,100,7.6637701937916215e-31
23,101,5.6803850618686215e-31
23,102,1.0325128234644999e-30
23,103,1.7616029305065207e-30
23,104,1.9530192657627526e-30
23,105,8.7480854459739e-31
23,106,8.38765354580428e-31
23,107,1.116574480167481e-30
23,108,1.1217805360335965e-30
23,109,1.3004380697237063e-30
23,110,1.1324317649184251e-30
23,111,1.1946214173167494e-30
23,112,1.2901287644382487e-30
23,113,1.7144246357980847e-30
23,114,4.767504577484002e-31
23,115,1.559405046916347e-30
23,116,8.488723499560206e-31
23,117,3.87848436298369e-31
23,118,1.3928962967790822e-30
23,119,5.499651968358863e-31
23,120,1.0216111776431825e-30
23,121,2.4732134509715613e-30
23,122,1.8747295534835643e-30
23,123,8.933943794331142e-16
23,124,1.4875022441248292e-30
23,125,1.351374325237968e-30
23,126,1.6032281819910217e-30
23,127,1.5993502476191497e-30
23,128,1.2385902345904284e-30
23,129,1.9837340202346954e-31
23,130,3.0768879253295062e-30
23,131,1.2367915611121206e-30
23,132,8.435668754575153e-31
23,133,4.586137749623713e-31
23,134,0.0
23,135,2.9547860379488763e-30
23,136,1.9837340202346954e-31
23,137,7.1300910334998745e-31
23,138,1.3167606061388638e-30
23,139,5.596178126980892e-30
23,140,1.1861937502985719e-30
23,141,4.536471453874172e-31
23,142,5.203346065994113e-31
23,143,8.982587142537046e-31
23,144,1.522307982041924e-30
23,145,1.0422835476148002e-30
23,146,1.201021961896026e-30
23,147,1.6034718926214134e-30
23,148,7.701031977989947e-31
23,149,1.9536558784284096e-31
24,25,2.5400898357104742e-30
24,26,2.8274756985560363e-30
24,27,1.3690002006337376e-15
24,28,3.072139829397877e-30
24,29,1.8060254858784133e-30
24,30,2.48341390333482e-30
24,31,9.660921241212031e-31
24,32,1.1051020242375067e-30
24,33,2.6913612247978657e-30
24,34,2.4663159107611217e-30
24,35,1.7187316823639718e-30
24,36,6.164252642628644e-31
24,37,1.1304217470694977e-30
24,38,1.419255490759624e-30
24,39,2.413061830009911e-30
24,40,1.3679040684416318e-31
24,41,4.951108671136577e-16
24,42,9.910452891736894e-31
24,43,6.58826479399384e-31
24,44,1.506914792456457e-30
24,45,8.609822504527567e-16
24,46,7.42072562091319e-31
24,47,1.3678524210192827e-31
24,48,1.1983181816637586e-30
24,49,2.9827753689669783e-30
24,50,2.1854980097431343e-16
24,51,1.2952501457685502e-30
24,52,2.266123369478111e-30
24,53,8.382082252006048e-31
24,54,2.9563161301257077e-30
24,55,9.855524219735503e-31
24,56,1.7489355429087046e-30
24,57,1.2487261827604719e-30
24,58,6.976980884462009e-31
24,59,7.329099603939417e-31
24,60,6.233293869675373e-31
24,61,2.0258042515881774e-30
24,62,8.631618584925586e-31
24,63,9.220136444265804e-31
24,64,2.2311786409612596e-30
24,65,1.348411753449962e-30
24,66,4.906454708623448e-31
24,67,1.2003420650791712e-30
24,68,1.775394830869798e-30
24,69,1.539648294478858e-30
24,70,1.3678934603499981e-31
24,71,2.342055467204005e-30
24,72,1.1625467913610708e-30
24,73,1.685307372700058e-30
24,74,7.934790442422776e-31
24,75,1.930302896396579e-30
24,76,1.3678902956847551e-31
24,77,8.187527272201514e-16
24,78,1.918701397063006e-30
24,79,1.6904151602034167e-30
24,80,2.598498064801058e-30
24,81,1.0122365517736683e-30
24,82,1.7031762227860586e-30
24,83,1.0226585714888635e-15
24,84,1.5470335417981926e-30
24,85,1.3401448801390624e-30
24,86,2.742508134493407e-30
24,87,1.6832442854340416e-30
24,88,3.0579943394979592e-30
24,89,4.6770186853505666e-30
24,90,2.49823834954324e-30
24,91,1.2639437482673305e-30
24,92,5.625327840667181e-31
24,93,1.997850271792651e-30
24,94,1.586824000940757e-30
24,95,1.807042368827368e-30
24,96,1.7179206733285318e-30
24,97,1.6000939755429528e-30
24,98,1.8735984267221696e-30
24,99,4.0126988855852574e-16
24,100,1.2648811985922715e-30
24,101,8.09894923981946e-31
24,102,1.3886645614227954e-30
24,103,2.85981875214053e-30
24,104,2.761008694750911e-30
24,105,1.3888527193827513e-30
24,106,2.9011921187814895e-16
24,107,1.615003097642564e-30
24,108,1.5241415110054047e-30
24,109,1.7012487872612952e-30
24,110,1.46875897833257e-30
24,111,1.815456262670858e-30
24,112,1.667314559799956e-30
24,113,2.2518032719088364e-30
24,114,8.014958473304803e-31
24,115,2.3281502061233968e-30
24,116,1.1930050359134515e-30
24,117,5.625941478269866e-31
24,118,2.0574056225460778e-30
24,119,7.404108000822185e-31
24,120,1.5241051257335899e-30
24,121,3.456557887154268e-30
24,122,4.763134970256633e-16
24,123,1.2437849375514613e-15
24,124,2.056631810387997e-30
24,125,1.792490610746986e-30
24,126,2.212742874531887e-30
24,127,2.3942118022835212e-30
24,128,1.727534448082574e-30
24,129,2.761757350703191e-31
24,130,4.1287019007040574e-30
24,131,1.6135366208235027e-30
24,132,1.2485832596717636e-30
24,133,6.7055674163163454e-31
24,134,0.0
24,135,4.0310740461798094e-30
24,136,2.761757350703191e-31
24,137,1.0338099874060836e-30
24,138,1.72699949327847e-30
24,139,6.908186820779098e-30
24,140,1.6140880570440156e-30
24,141,7.318617841611108e-31
24,142,8.706486544666654e-31
24,143,1.4417466572923372e-30
24,144,2.2151178429832593e-30
24,145,1.5219075981118802e-30
24,146,1.8961088138199033e-30
24,147,2.3451914060202792e-30
24,148,1.221967512189007e-30
24,149,3.101841530038101e-31
25,26,2.051743701297505e-30
25,27,1.791735964379375e-15
25,28,4.081071193930659e-30
25,29,1.209752400782607e-30
25,30,2.2753327243871072e-30
25,31,8.721000903261983e-31
25,32,8.773605447988373e-31
25,33,2.584424894387328e-30
25,34,2.0922923097471592e-30
25,35,1.4856863072035254e-30
25,36,8.364792874022098e-31
25,37,1.8721947694263748e-30
25,38,1.8459898812660758e-30
25,39,1.9282659585612436e-30
25,40,1.7903013557727429e-31
25,41,6.485267833079178e-16
25,42,1.2854472385963741e-30
25,43,6.766960743654367e-31
25,44,1.9350611416678115e-30
25,45,8.257283745649602e-16
25,46,8.10026591851067e-31
25,47,1.7902337600601583e-31
25,48,1.5529486788254873e-30
25,49,3.902825289408153e-30
25,50,9.078427164947667e-16
25,51,1.6598875267295223e-30
25,52,2.9579993537834473e-30
25,53,1.0990659789280992e-30
25,54,2.3463809898582864e-30
25,55,1.1079135874533397e-30
25,56,1.7453112065195824e-30
25,57,9.395058838869652e-31
25,58,6.680691129059729e-31
25,59,9.64269788180156e-31
25,60,5.874171877312638e-31
25,61,1.7472931397307796e-30
25,62,1.0853593452474604e-30
25,63,1.350963495192898e-30
25,64,2.602741608071807e-30
25,65,1.692380922509274e-30
25,66,6.352721176236387e-31
25,67,1.5667946607352933e-30
25,68,2.121839082070872e-30
25,69,1.9567081285570095e-30
25,70,1.79028747199151e-31
25,71,3.1761141147752985e-30
25,72,1.5540264194325616e-30
25,73,1.69126859846927e-30
25,74,9.484451321710488e-31
25,75,2.5410224393924125e-30
25,76,1.7902833301042198e-31
25,77,7.119898790034947e-16
25,78,2.0703401313748927e-30
25,79,1.4947501271120545e-30
25,80,2.2993283148149105e-30
25,81,1.2253731225512575e-30
25,82,2.2372073537381564e-30
25,83,3.1988601932207733e-16
25,84,1.824759637071581e-30
25,85,1.3194303207348894e-30
25,86,3.6245019475691554e-30
25,87,2.1238845970302513e-30
25,88,4.001866210165502e-30
25,89,6.0748059300938724e-30
25,90,3.256162098188087e-30
25,91,1.2882831168257335e-30
25,92,7.668039253005099e-31
25,93,1.4361620136957855e-30
25,94,1.5505859695976366e-30
25,95,1.469588802156386e-30
25,96,1.997706651747956e-30
25,97,2.018188684546274e-30
25,98,1.974828314888782e-30
25,99,1.2372570887870526e-15
25,100,1.628817572807519e-30
25,101,8.722334063881747e-31
25,102,1.870463175750934e-30
25,103,2.6956281571090358e-30
25,104,1.959069604213972e-30
25,105,1.0626185365213044e-30
25,106,3.875389328515874e-16
25,107,2.1295847031701423e-30
25,108,1.4602467228252574e-30
25,109,1.9002673317675083e-30
25,110,1.832829444730629e-30
25,111,2.3381866313516954e-30
25,112,2.007386954926674e-30
25,113,2.2306878813056545e-30
25,114,8.9316090059261e-31
25,115,2.0883766640604673e-30
25,116,1.5684290320699378e-30
25,117,4.479909362876759e-31
25,118,1.3905389995585363e-30
25,119,5.997304636244244e-31
25,120,1.3715702494367445e-30
25,121,4.5064634598001344e-30
25,122,6.513880877578391e-16
25,123,8.99196051427257e-16
25,124,2.702488868992082e-30
25,125,1.9057083420882213e-30
25,126,2.9410798386880657e-30
25,127,1.3465354500891322e-16
25,128,2.151947305412667e-30
25,129,1.9966163198931356e-31
25,130,3.372853362986781e-30
25,131,2.0922392657657932e-30
25,132,1.0200980416548507e-30
25,133,4.619545245869679e-31
25,134,0.0
25,135,5.24597474014145e-30
25,136,1.9966163198931356e-31
25,137,1.3701889332347518e-30
25,138,2.0766745753184757e-30
25,139,1.0410832968065286e-29
25,140,1.8101215362228253e-30
25,141,7.84172861240284e-31
25,142,1.0834657943560014e-30
25,143,1.7610876853324032e-30
25,144,2.9032422084376143e-30
25,145,1.9619057165626748e-30
25,146,1.3421840366443128e-30
25,147,3.081549974162796e-30
25,148,1.5484033090974283e-30
25,149,3.820702650926326e-31
26,27,9.558814329538536e-16
26,28,2.3294383248531734e-30
26,29,3.333463999984815e-30
26,30,3.779429723740553e-30
26,31,1.8090338076415265e-30
26,32,2.1044705190376904e-30
26,33,4.498237821207662e-30
26,34,4.154231380996644e-30
26,35,3.156671118999481e-30
26,36,7.39211470723092e-31
26,37,1.1186831700997032e-30
26,38,1.4400936804956682e-30
26,39,4.439678037934739e-30
26,40,9.551160770320566e-32
26,41,3.4618057540754086e-16
26,42,1.2957414715728955e-30
26,43,1.0225554778654144e-30
26,44,1.8158795870266055e-30
26,45,1.3738582813150548e-16
26,46,1.182591095679985e-30
26,47,9.550800150854912e-32
26,48,1.1499578850097215e-30
26,49,1.9409917500020635e-30
26,50,3.420164811379895e-30
26,51,1.2767385909176841e-30
26,52,1.697018111743394e-30
26,53,5.595624570275741e-31
26,54,5.2902439363182204e-30
26,55,1.8038523640396923e-30
26,56,2.922745357513099e-30
26,57,2.4145793957827695e-30
26,58,1.0659966895224941e-30
26,59,1.4474691446944746e-30
26,60,9.817825707362637e-31
26,61,3.786577033937703e-30
26,62,6.52787134209198e-31
26,63,1.463478359026379e-30
26,64,3.8582042146504586e-30
26,65,1.813294918097654e-30
26,66,3.533278973495306e-31
26,67,1.3239814760819672e-30
26,68,2.1541897607997824e-30
26,69,1.9095526025215527e-30
26,70,9.551086701099636e-32
26,71,2.239910984458981e-30
26,72,8.630011777219019e-31
26,73,3.0080289224904227e-30
26,74,9.654133947118335e-31
26,75,1.2652131604039318e-30
26,76,9.551064604355264e-32
26,77,5.21341407718252e-16
26,78,3.0127399433243483e-30
26,79,3.167301038582083e-30
26,80,4.471748861488619e-30
26,81,1.334376843222634e-30
26,82,1.1715515826835524e-30
26,83,3.0805743500947182e-30
26,84,2.2019720393782403e-30
26,85,2.3000639525650458e-30
26,86,2.8829824890268248e-30
26,87,2.0404134675737107e-30
26,88,2.3694945530487692e-30
26,89,3.190263138028541e-30
26,90,2.4705786781933006e-30
26,91,2.5120492860710343e-30
26,92,9.3287367919624e-31
26,93,3.655116264903719e-30
26,94,2.4865020528353093e-30
26,95,3.108121063864181e-30
26,96,3.004660364077094e-30
26,97,1.998130316059788e-30
26,98,2.67762715427975e-30
26,99,2.579785197273825e-16
26,100,1.2018604108761064e-30
26,101,1.4843709624875008e-30
26,102,1.2226099918913648e-30
26,103,4.676703738053163e-30
26,104,5.156513810939462e-30
26,105,2.455769897585684e-30
26,106,1.9051983956593565e-30
26,107,1.53832018001083e-30
26,108,2.7015744437578154e-30
26,109,2.1039796383046873e-30
26,110,1.964422630022309e-30
26,111,1.7460691511537745e-30
26,112,1.9708594711036578e-30
26,113,3.531311243284811e-30
26,114,1.1184152682778757e-30
26,115,4.066141566191435e-30
26,116,8.070280465174079e-31
26,117,1.039276654774386e-30
26,118,3.663288065575531e-30
26,119,1.275298188691807e-30
26,120,2.7018549840231423e-30
26,121,2.4342000380166703e-30
26,122,5.601211309951002e-16
26,123,2.2650254599247487e-15
26,124,2.5795616958561082e-30
26,125,2.6331796579857467e-30
26,126,1.859921947113322e-30
26,127,2.1829374149673736e-30
26,128,1.4476458947258035e-30
26,129,5.029366833941283e-31
26,130,7.239349091309908e-30
26,131,2.206093468921723e-30
26,132,2.215075037123858e-30
26,133,1.2505155480301633e-30
26,134,0.0
26,135,2.9609232562036506e-30
26,136,5.029366833941283e-31
26,137,1.349465813881132e-30
26,138,2.462637452997358e-30
26,139,8.761839441327698e-30
26,140,2.0133098886329157e-30
26,141,7.760695724939237e-31
26,142,6.5363088692536755e-31
26,143,1.0436414570202295e-30
26,144,1.5621262551293385e-30
26,145,1.4885395285045921e-30
26,146,3.197064042836688e-30
26,147,2.2542540641295625e-30
26,148,1.4126052036344767e-30
26,149,3.718341608533607e-31
27,28,2.225870091440667e-15
27,29,5.613217783960917e-16
27,30,7.068141393421963e-16
27,31,5.155369359468227e-16
27,32,4.492632392838107e-16
27,33,1.0518777272337636e-15
27,34,4.710277376051331e-16
27,35,3.295791996826257e-16
27,36,3.8730979565329724e-16
27,37,7.494728182814161e-16
27,38,1.0304257447302234e-15
27,39,7.169593448424769e-16
27,40,9.991993191881212e-17
27,41,1.6014269617894054e-15
27,42,6.522560269672797e-16
27,43,2.897767167584095e-16
27,44,1.0444360777476676e-15
27,45,1.2321190234424505e-15
27,46,3.8857805861880484e-16
27,47,9.991615928077121e-17
27,48,8.58630294545583e-16
27,49,2.1448598367200405e-15
27,50,2.8718639232811665e-15
27,51,8.990755651132043e-16
27,52,1.6554170827524396e-15
27,53,5.978733960281819e-16
27,54,3.4134844607150055e-16
27,55,4.076895429933867e-16
27,56,1.0393758964183314e-15
27,57,4.1540741810552243e-16
27,58,2.2377260456559063e-16
27,59,4.0986490383927285e-16
27,60,2.2487262639618334e-16
27,61,6.597425008528063e-16
27,62,5.804769425504336e-16
27,63,6.057539126199495e-16
27,64,1.3075535017280009e-15
27,65,8.634672140393683e-16
27,66,3.330669073875471e-16
27,67,8.418682910850742e-16
27,68,1.0939931515740115e-15
27,69,9.840760764730093e-16
27,70,9.991915704006274e-17
27,71,1.652407657773512e-15
27,72,8.436964545649826e-16
27,73,9.870378409313577e-16
27,74,5.551115123125783e-16
27,75,1.3652761431559004e-15
27,76,9.991892587389915e-17
27,77,1.2627174420353728e-15
27,78,1.2325475812854653e-15
27,79,8.545833106910289e-16
27,80,4.827894691472317e-16
27,81,5.951694422779304e-16
27,82,1.185317650038436e-15
27,83,2.3167698008782404e-15
27,84,8.32349175072997e-16
27,85,5.6627496478343e-16
27,86,1.956023655653089e-15
27,87,1.094152681527244e-15
27,88,2.2482016248659416e-15
27,89,3.321679862240436e-15
27,90,1.837014008407773e-15
27,91,5.287122982924221e-16
27,92,4.043692143870677e-16
27,93,5.319466675138539e-16
27,94,4.126162952233372e-16
27,95,4.050792900924369e-16
27,96,1.1796935948856455e-15
27,97,1.0891632335170513e-15
27,98,8.15017323631319e-16
27,99,4.602641905400149e-15
27,100,9.31941868786427e-16
27,101,3.1155556357914184e-16
27,102,9.69857816815808e-16
27,103,1.5348607454666579e-15
27,104,1.0638028178764799e-15
27,105,5.620075719058476e-16
27,106,3.88578058618805e-16
27,107,1.1876865072559434e-15
27,108,7.5056415168553e-16
27,109,8.439607994815557e-16
27,110,8.345895085474577e-16
27,111,1.3054160114853949e-15
27,112,9.295269341448496e-16
27,113,8.256992190338333e-16
27,114,5.461927758452896e-16
27,115,1.1688380898034551e-15
27,116,8.473409486550033e-16
27,117,1.3755821205440468e-16
27,118,5.688200336284368e-16
27,119,1.1102230246251585e-16
27,120,7.065416064076982e-16
27,121,2.4053653448968883e-15
27,122,1.4614569129212965e-15
27,123,8.686597964245148e-16
27,124,1.4775771333359793e-15
27,125,9.622635028256382e-16
27,126,1.5829349341954654e-15
27,127,1.7776709484601437e-15
27,128,1.1511037319626842e-15
27,129,1.925375196668074e-31
27,130,7.171691771895702e-16
27,131,1.0638028178764799e-15
27,132,5.214799211354908e-16
27,133,1.1102230246251546e-16
27,134,0.0
27,135,2.7117154430044393e-15
27,136,1.925375196668074e-31
27,137,5.3533015581491455e-16
27,138,9.034695671022458e-16
27,139,3.558325075730358e-15
27,140,8.249116301766024e-16
27,141,3.775166431889536e-16
27,142,5.900202322888136e-16
27,143,9.757969893912616e-16
27,144,1.6126920961239073e-15
27,145,1.0778315928076983e-15
27,146,7.261677621412455e-16
27,147,1.7212933005287975e-15
27,148,8.908345550281614e-16
27,149,2.220497929412248e-16
28,29,1.6983093942641332e-30
28,30,2.4289629730606957e-30
28,31,1.142174210314097e-30
28,32,9.731325137208206e-31
28,33,2.7239681568764833e-30
28,34,2.2170502909549444e-30
28,35,1.4059195230780306e-30
28,36,8.92630436690753e-31
28,37,1.762508860086677e-30
28,38,2.309095855427169e-30
28,39,1.9703420363265468e-30
28,40,2.2240878799687157e-31
28,41,6.249725032222491e-16
28,42,1.4743564236320068e-30
28,43,7.358255984061265e-31
28,44,2.3181808620546638e-30
28,45,3.4708344532896035e-16
28,46,9.072419602069282e-31
28,47,2.224003905946905e-31
28,48,1.935666837319133e-30
28,49,4.8001741355316654e-30
28,50,6.495300789315559e-30
28,51,2.023855480099685e-30
28,52,3.5928078188557735e-30
28,53,1.3364052609584236e-30
28,54,2.429778390104039e-30
28,55,9.956023166105113e-31
28,56,2.4151008903836242e-30
28,57,1.1205233374169292e-30
28,58,7.107444956459751e-31
28,59,1.100050713901332e-30
28,60,6.041872857082395e-31
28,61,2.078116447238446e-30
28,62,1.3274024766800086e-30
28,63,1.3799086264128843e-30
28,64,2.9859502267976233e-30
28,65,1.9378429209671223e-30
28,66,7.539604769932825e-31
28,67,1.8934441349317375e-30
28,68,2.5188527639000827e-30
28,69,2.2609278673431182e-30
28,70,2.2240706321743887e-31
28,71,3.754779311423012e-30
28,72,1.8769455189510808e-30
28,73,2.339455619325391e-30
28,74,1.2557972841024673e-30
28,75,3.0633520207303452e-30
28,76,2.224065486715892e-31
28,77,6.094915584696229e-16
28,78,2.890698441678323e-30
28,79,2.02490208304866e-30
28,80,2.1584047387956234e-30
28,81,1.3933441292106014e-30
28,82,2.658039236146456e-30
28,83,5.307706841851556e-30
28,84,1.95185842814277e-30
28,85,1.336365240410257e-30
28,86,4.346656808396186e-30
28,87,2.4856097103262023e-30
28,88,4.979539527014399e-30
28,89,7.454064866957167e-30
28,90,4.080724145894532e-30
28,91,1.1660101184808365e-30
28,92,9.077385923313383e-31
28,93,1.7923999285740916e-30
28,94,1.6822170233937655e-30
28,95,1.5582564582744462e-30
28,96,2.6206673407993565e-30
28,97,2.4858686728072932e-30
28,98,2.152130339602736e-30
28,99,2.943156613473939e-16
28,100,2.0046680727280215e-30
28,101,7.656599362349108e-31
28,102,2.1858158894458438e-30
28,103,3.8108454035293084e-30
28,104,2.5382898639273096e-30
28,105,1.5884072782524445e-30
28,106,4.0449948437250465e-16
28,107,2.6068023588818556e-30
28,108,1.6370281355843288e-30
28,109,2.100922513139299e-30
28,110,1.992714704615293e-30
28,111,2.942577723513125e-30
28,112,2.2351180115750086e-30
28,113,2.299152670254194e-30
28,114,1.275033258281329e-30
28,115,2.7531540668116734e-30
28,116,1.8947777577692485e-30
28,117,5.7405106451059126e-31
28,118,1.920831879545106e-30
28,119,6.4871222218214e-31
28,120,1.7955214603683664e-30
28,121,5.415430805935541e-30
28,122,1.6727268448046487e-16
28,123,1.0474067279892356e-15
28,124,3.26714468860254e-30
28,125,2.200720934118567e-30
28,126,3.513968928326353e-30
28,127,4.128806973935888e-30
28,128,2.552332651522572e-30
28,129,2.3257101311218967e-31
28,130,3.5206378640760926e-30
28,131,2.3889538310070807e-30
28,132,1.251411180663859e-30
28,133,6.0748593233157225e-31
28,134,0.0
28,135,6.16248245204941e-30
28,136,2.3257101311218967e-31
28,137,1.4710146648850604e-30
28,138,2.178857393412675e-30
28,139,9.032371793715223e-30
28,140,1.980128234083126e-30
28,141,9.085788369459993e-31
28,142,1.3912448916603513e-30
28,143,2.2434252134029156e-30
28,144,3.592553047845745e-30
28,145,2.4201865763552788e-30
28,146,1.598048641127843e-30
28,147,3.835579635296657e-30
28,148,1.9904642159435446e-30
28,149,4.9859340794805244e-31
29,30,2.467767384006159e-30
29,31,1.2052431590754089e-30
29,32,1.3572075001589295e-30
29,33,2.8795187485657502e-30
29,34,2.611739999280697e-30
29,35,1.9243421833291748e-30
29,36,4.689357124900531e-31
29,37,8.009727983990382e-31
29,38,9.290827181776043e-31
29,39,2.804991733766464e-30
29,40,5.608723388188406e-32
29,41,2.035408123575872e-30
29,42,8.220996793804876e-31
29,43,6.478872413272589e-31
29,44,1.2132128934788564e-30
29,45,1.5747055868017729e-30
29,46,7.402393866805072e-31
29,47,5.608511621798969e-32
29,48,9.715873819382736e-31
29,49,1.1150457238558906e-30
29,50,2.2587963774223317e-30
29,51,8.886029567837073e-31
29,52,9.323157454111189e-31
29,53,3.141573853317417e-31
29,54,3.270020007750304e-30
29,55,1.1784348934237262e-30
29,56,1.9287178026761508e-30
29,57,1.4602555648929224e-30
29,58,6.660121134687422e-31
29,59,8.743389242168927e-31
29,60,6.916206557641467e-31
29,61,2.5153068269225135e-30
29,62,3.679383733094678e-31
29,63,8.877718470090258e-31
29,64,2.4592187129569177e-30
29,65,1.131393792291607e-30
29,66,1.876990416296931e-31
29,67,8.92572324145038e-31
29,68,1.3700360041636084e-30
29,69,1.2372983350471754e-30
29,70,5.608679892556641e-32
29,71,1.3358982801318159e-30
29,72,5.108739264205244e-31
29,73,2.0201046389749574e-30
29,74,6.423828542771945e-31
29,75,6.89317403968336e-31
29,76,5.608666916696438e-32
29,77,1.110223024625156e-16
29,78,1.9952359833801346e-30
29,79,2.1292266353723054e-30
29,80,2.9132492226175167e-30
29,81,8.051252065027709e-31
29,82,6.315605095507084e-31
29,83,2.078055640075101e-30
29,84,1.3194211151693371e-30
29,85,1.4578723481816863e-30
29,86,1.828218977218945e-30
29,87,1.2543265236816274e-30
29,88,1.4268398916712985e-30
29,89,1.752302053697698e-30
29,90,1.614661095227861e-30
29,91,1.5819500129968e-30
29,92,4.577799051321768e-31
29,93,2.3973830686967345e-30
29,94,1.5757236987417891e-30
29,95,2.0171210205262413e-30
29,96,1.93658912381568e-30
29,97,1.2534265038337536e-30
29,98,1.6795421367088377e-30
29,99,3.444376363130743e-16
29,100,7.777902129595816e-31
29,101,7.61401113056555e-31
29,102,7.8877223318848495e-31
29,103,3.0768559087887172e-30
29,104,3.3137635382367246e-30
29,105,1.677704208713846e-30
29,106,1.0965149745391774e-30
29,107,8.976927387811908e-31
29,108,1.7709052949392963e-30
29,109,1.295064602328407e-30
29,110,1.2319279031439109e-30
29,111,1.146064644853093e-30
29,112,1.2370026420658412e-30
29,113,2.2957565813522734e-30
29,114,6.969151574465429e-31
29,115,2.7635923076564314e-30
29,116,4.326901601197289e-31
29,117,6.774011111309525e-31
29,118,2.5127266860055e-30
29,119,8.126647227611285e-31
29,120,1.7039565146892177e-30
29,121,1.2902885487048474e-30
29,122,2.297185205282626e-30
29,123,1.4603363405120008e-15
29,124,1.7563890202543686e-30
29,125,1.799466638810238e-30
29,126,1.1638517187529785e-30
29,127,1.4730794163065273e-30
29,128,6.892476560240808e-31
29,129,3.242598057866534e-31
29,130,4.5577455920201484e-30
29,131,1.3070898374516872e-30
29,132,1.5171203172213003e-30
29,133,8.15048807982339e-31
29,134,0.0
29,135,1.6753957942566288e-30
29,136,3.242598057866534e-31
29,137,8.103655499123494e-31
29,138,1.4875279923357758e-30
29,139,5.8587339430762596e-30
29,140,1.4862389330755913e-30
29,141,4.777364437078677e-31
29,142,5.13137381877429e-31
29,143,5.946246437996412e-31
29,144,1.0112951811881907e-30
29,145,7.900196075708328e-31
29,146,2.07106049322162e-30
29,147,1.6037335596366436e-30
29,148,1.0280336826408e-30
29,149,2.4758027685049854e-31
30,31,1.3231996079452966e-30
30,32,1.595187269591037e-30
30,33,3.955934503171857e-30
30,34,3.560985470142889e-30
30,35,2.3462044028742026e-30
30,36,7.772383888444446e-31
30,37,9.973147757549424e-31
30,38,1.2112297027279965e-30
30,39,3.391112326950403e-30
30,40,7.0624820682326e-32
30,41,6.031757255338484e-16
30,42,1.2230827167220936e-30
30,43,9.35189499100017e-31
30,44,1.8087691832774903e-30
30,45,5.592593521511174e-16
30,46,1.045688018212174e-30
30,47,7.062215412841606e-32
30,48,1.3628440847402635e-30
30,49,1.9731709266448703e-30
30,50,1.5374147978233718e-30
30,51,1.3782467017161219e-30
30,52,1.4218322659083667e-30
30,53,6.577864204249409e-31
30,54,4.152286869255237e-30
30,55,1.4711904987136912e-30
30,56,1.931326969065302e-30
30,57,1.507579729933857e-30
30,58,9.91839613154407e-31
30,59,1.1378197320435244e-30
30,60,9.0193550363782e-31
30,61,2.654562743363062e-30
30,62,7.651801457884004e-31
30,63,1.1829076274474227e-30
30,64,3.2505810268545876e-30
30,65,1.767587825961937e-30
30,66,4.206379144390094e-31
30,67,1.3545852561284926e-30
30,68,2.2149895741838458e-30
30,69,1.9523687158177668e-30
30,70,7.062427298706966e-32
30,71,2.33118950778426e-30
30,72,7.611712165814464e-31
30,73,2.165765052764719e-30
30,74,4.0281332148261565e-31
30,75,1.4639767357637432e-30
30,76,7.06241095955567e-32
30,77,4.717586792011741e-16
30,78,1.812451206282797e-30
30,79,2.3053940864596506e-30
30,80,3.8721884325960236e-30
30,81,1.2970352962171684e-30
30,82,1.427974429519347e-30
30,83,1.934711889827219e-30
30,84,2.0215371709325338e-30
30,85,1.910180498800582e-30
30,86,2.7801124092256757e-30
30,87,2.016782265597842e-30
30,88,1.4849411950300956e-30
30,89,3.659051293871457e-30
30,90,1.9163713491418925e-30
30,91,1.8634193042973905e-30
30,92,5.160023716522406e-31
30,93,2.6969176206404556e-30
30,94,1.8228932051757765e-30
30,95,2.5794336669821266e-30
30,96,2.0488362400472887e-30
30,97,1.947406633522713e-30
30,98,2.6083382834726474e-30
30,99,3.3470836525094407e-16
30,100,7.4293281994878275e-31
30,101,7.778567322607543e-31
30,102,1.3201164232269645e-30
30,103,2.3166077155271563e-30
30,104,3.816021994653727e-30
30,105,1.70468601332887e-30
30,106,2.551459217503321e-16
30,107,9.796933502486251e-31
30,108,2.158886559643401e-30
30,109,2.1646723523475778e-30
30,110,1.967552023843488e-30
30,111,1.5085187556244931e-30
30,112,2.1067923317712628e-30
30,113,3.317516565279121e-30
30,114,4.9788908558185535e-31
30,115,3.1123825640914526e-30
30,116,9.573207867421648e-31
30,117,7.596016603240939e-31
30,118,2.9150044085436506e-30
30,119,1.0749087764899437e-30
30,120,1.498775992063775e-30
30,121,2.9062868937734706e-30
30,122,1.3668035872266424e-16
30,123,1.763038991484637e-15
30,124,2.4618735864469893e-30
30,125,2.5395675765659905e-30
30,126,1.980727387569834e-30
30,127,1.6853354511846047e-30
30,128,1.468031594595178e-30
30,129,3.914732963316321e-31
30,130,5.931193374662811e-30
30,131,1.976485437174858e-30
30,132,1.8045438188306098e-30
30,133,8.815387483246585e-31
30,134,0.0
30,135,3.780812044945415e-30
30,136,3.914732963316321e-31
30,137,1.4358995420146947e-30
30,138,2.2071449907067954e-30
30,139,9.408611510910173e-30
30,140,2.3015538144138672e-30
30,141,8.28338951569944e-31
30,142,7.369545981651442e-31
30,143,9.769775737935767e-31
30,144,1.5341652459239413e-30
30,145,1.2713738956620912e-30
30,146,2.502245627234543e-30
30,147,1.73054468955619e-30
30,148,1.1992651767988767e-30
30,149,1.9676684826862999e-31
31,32,7.871002305855618e-31
31,33,1.5182902784052671e-30
31,34,1.3719308222538591e-30
31,35,1.0334762749378737e-30
31,36,2.612026768503176e-31
31,37,4.886062759178497e-31
31,38,5.625782420349723e-31
31,39,1.50098864584757e-30
31,40,5.151241554143953e-32
31,41,4.1634809001243664e-16
31,42,4.264279794168413e-31
31,43,3.4410650320010755e-31
31,44,7.241287137235835e-31
31,45,4.528135035759324e-16
31,46,3.889359201820728e-31
31,47,5.151047060718349e-32
31,48,5.764022373879495e-31
31,49,1.0805356316344362e-30
31,50,1.644306929690009e-30
31,51,5.120765053777244e-31
31,52,8.955797675225287e-31
31,53,2.9284014308484098e-31
31,54,1.714672217822857e-30
31,55,6.82086873112364e-31
31,56,1.141389600246565e-30
31,57,8.136001725433774e-31
31,58,3.5173593137250068e-31
31,59,5.812406631611313e-31
31,60,3.6767239262774613e-31
31,61,1.3766853242067743e-30
31,62,2.801609584878751e-31
31,63,4.826408770462517e-31
31,64,1.3147874700632764e-30
31,65,6.053952805663533e-31
31,66,1.6176997577697616e-31
31,67,4.768570207007397e-31
31,68,7.262177289735666e-31
31,69,6.524217108893436e-31
31,70,5.151201606282335e-32
31,71,7.736913152950378e-31
31,72,4.233299483173155e-31
31,73,1.1512544355805792e-30
31,74,4.21389699142928e-31
31,75,6.550311433725314e-31
31,76,5.151189688812768e-32
31,77,2.6762572572986787e-16
31,78,1.164769387757173e-30
31,79,1.2290565998442421e-30
31,80,1.5596701676800525e-30
31,81,4.393828147266019e-31
31,82,5.730673723483655e-31
31,83,1.4981364558356587e-30
31,84,7.025594795196667e-31
31,85,7.62513724854586e-31
31,86,1.0564545657201148e-30
31,87,6.578158306931981e-31
31,88,1.2362736286401806e-30
31,89,1.6599416552241254e-30
31,90,1.0937990755016565e-30
31,91,1.0459632348149442e-30
31,92,3.44922504634268e-31
31,93,1.3259176178727645e-30
31,94,8.743273001492268e-31
31,95,1.057052500041768e-30
31,96,1.0945146660067081e-30
31,97,7.598594816107282e-31
31,98,8.953545989760762e-31
31,99,4.177416197496927e-16
31,100,7.570552442162243e-31
31,101,5.028615730433233e-31
31,102,4.9589367829974775e-31
31,103,1.817360437011993e-30
31,104,1.7807441800022393e-30
31,105,9.329727236340663e-31
31,106,5.650488721059685e-31
31,107,7.207276233633604e-31
31,108,9.296163348318548e-31
31,109,7.869289278751762e-31
31,110,6.553276874487103e-31
31,111,8.062198073160395e-31
31,112,6.850303728317954e-31
31,113,1.2325028306729197e-30
31,114,4.459914223393466e-31
31,115,1.4768668652263466e-30
31,116,4.099209715434223e-31
31,117,3.604055256344008e-31
31,118,1.3668908499158685e-30
31,119,4.278365087814269e-31
31,120,9.565591874272669e-31
31,121,1.1530182096929437e-30
31,122,1.2216261863092587e-30
31,123,7.761506437190913e-16
31,124,9.513919399344432e-31
31,125,9.559973337951118e-31
31,126,7.977223934871003e-31
31,127,9.9618181425558e-31
31,128,6.651755561579282e-31
31,129,1.7234006304691445e-31
31,130,2.3975832591384225e-30
31,131,7.352294833089178e-31
31,132,8.403483093138761e-31
31,133,4.417351509914427e-31
31,134,0.0
31,135,1.3323933640930428e-30
31,136,1.7234006304691445e-31
31,137,5.0103524861626e-31
31,138,7.750551792727551e-31
31,139,3.594076198496959e-30
31,140,8.140325612758077e-31
31,141,3.47247362552957e-31
31,142,4.429521137026438e-31
31,143,5.04772709944331e-31
31,144,8.394772526946323e-31
31,145,5.475745409820823e-31
31,146,1.1594111165315023e-30
31,147,1.0694409007357436e-30
31,148,6.4080648094721955e-31
31,149,1.6078605360272057e-31
32,33,1.8291963335435198e-30
32,34,1.6781520493628936e-30
32,35,1.2517238443073418e-30
32,36,2.9954686803833735e-31
32,37,4.410756614493184e-31
32,38,5.421834364103353e-31
32,39,1.7659477965738905e-30
32,40,4.4890352282863357e-32
32,41,3.736708725176138e-16
32,42,5.065761907442512e-31
32,43,4.220051429736825e-31
32,44,8.078356591769139e-31
32,45,1.0087325198404721e-30
32,46,4.757687349777666e-31
32,47,4.4888657375276454e-32
32,48,5.830295517538232e-31
32,49,9.85873619268524e-31
32,50,1.3908427713069548e-30
32,51,5.5198712227811155e-31
32,52,7.754744865026062e-31
32,53,2.711894692082313e-31
32,54,2.0804851994518362e-30
32,55,7.914764653505816e-31
32,56,1.1769609205371861e-30
32,57,9.195512354588467e-31
32,58,4.378076933580695e-31
32,59,6.558821713558993e-31
32,60,4.080255129884834e-31
32,61,1.5435177052422504e-30
32,62,3.1785239901507633e-31
32,63,5.786609746637352e-31
32,64,1.557318740448912e-30
32,65,7.303098907666656e-31
32,66,1.6858301890480883e-31
32,67,5.474272671408791e-31
32,68,8.8666870509832e-31
32,69,7.895940615294794e-31
32,70,4.489000415832636e-32
32,71,9.312927462511754e-31
32,72,3.4675282254292904e-31
32,73,1.2485704967719813e-30
32,74,3.9240019930617504e-31
32,75,6.129607470604355e-31
32,76,4.48899003038669e-32
32,77,2.641340800340381e-16
32,78,1.180799392424128e-30
32,79,1.353708939074877e-30
32,80,1.8460900623097035e-30
32,81,5.578681165566269e-31
32,82,5.567100014507984e-31
32,83,1.3724826552048443e-30
32,84,8.891367634940378e-31
32,85,9.079087466404238e-31
32,86,1.1454457003320644e-30
32,87,8.320253697471486e-31
32,88,1.0354719658043795e-30
32,89,1.63530520838129e-30
32,90,9.966651859185896e-31
32,91,1.135117981477026e-30
32,92,3.704191103850123e-31
32,93,1.5121381133028388e-30
32,94,8.934313716105204e-31
32,95,1.2291358694359753e-30
32,96,1.1619690288677794e-30
32,97,7.993841398009694e-31
32,98,1.1139883913051175e-30
32,99,3.554447978966676e-16
32,100,7.4123528897595775e-31
32,101,5.711361057552667e-31
32,102,5.3979349895877e-31
32,103,1.8496601947029462e-30
32,104,2.0401211802470155e-30
32,105,1.0096783977111688e-30
32,106,7.236114312668704e-31
32,107,6.244810159989155e-31
32,108,1.0712436466139461e-30
32,109,8.816295626377935e-31
32,110,8.113550236480785e-31
32,111,7.4997305057618e-31
32,112,8.437122323686678e-31
32,113,1.4954480871198126e-30
32,114,4.239078199288628e-31
32,115,1.603540837150157e-30
32,116,3.8866371388570623e-31
32,117,4.08018940673167e-31
32,118,1.5332411176423924e-30
32,119,5.15914206652623e-31
32,120,1.0112965419597007e-30
32,121,1.1668359198664813e-30
32,122,1.504499412234438e-30
32,123,9.091804728055927e-16
32,124,1.031806899618866e-30
32,125,1.0913851798641032e-30
32,126,7.355806556849754e-31
32,127,8.379073681660313e-31
32,128,7.255246270853337e-31
32,129,2.018786188896711e-31
32,130,2.8973100398097006e-30
32,131,8.9107119517324e-31
32,132,9.370768169345066e-31
32,133,4.9904453598679735e-31
32,134,0.0
32,135,1.3932442003520882e-30
32,136,2.018786188896711e-31
32,137,6.069882308349634e-31
32,138,9.70752534821937e-31
32,139,4.105277460094009e-30
32,140,9.111640589676743e-31
32,141,3.157459627768319e-31
32,142,4.577625058671218e-31
32,143,5.4589462939822855e-31
32,144,7.304892334274037e-31
32,145,5.793490490988991e-31
32,146,1.2735507695296681e-30
32,147,9.961282339375072e-31
32,148,6.3181562257448654e-31
32,149,1.5046265791057242e-31
33,34,3.992144403714063e-30
33,35,2.762008973126655e-30
33,36,8.381382729274414e-31
33,37,1.0400089665793724e-30
33,38,1.387207479151582e-30
33,39,3.924026709833506e-30
33,40,1.0510355089211244e-31
33,41,3.9252311467094215e-16
33,42,1.3345644117129485e-30
33,43,1.0272455187888916e-30
33,44,1.949368047644204e-30
33,45,1.118863022827954e-16
33,46,1.1552701119062715e-30
33,47,1.050995825381843e-31
33,48,1.4544807896935712e-30
33,49,2.5247497718249822e-30
33,50,2.6455321089212723e-30
33,51,1.4931675435178154e-30
33,52,1.8113236811653146e-30
33,53,7.651375590448348e-31
33,54,4.7771445494109586e-30
33,55,1.6242079077240532e-30
33,56,2.2505934705295444e-30
33,57,1.891918512250505e-30
33,58,1.093519973245293e-30
33,59,1.1617606732917872e-30
33,60,9.98330602677e-31
33,61,3.236288571276409e-30
33,62,8.53375124947573e-31
33,63,1.2839567925153844e-30
33,64,3.608149559237838e-30
33,65,1.9016628245772993e-30
33,66,4.875456562832376e-31
33,67,1.479255451670789e-30
33,68,2.37867397092643e-30
33,69,2.1252655697801053e-30
33,70,1.0510273581441466e-31
33,71,2.5776796422289854e-30
33,72,9.506104375087386e-31
33,73,2.4944790607492262e-30
33,74,6.515567120514272e-31
33,75,1.7757132948749842e-30
33,76,1.051024926558759e-31
33,77,6.748943856986676e-16
33,78,2.2588094525018995e-30
33,79,2.6952397054451698e-30
33,80,4.318579682676456e-30
33,81,1.4109673894934812e-30
33,82,1.6666936228534768e-30
33,83,2.4427489799668155e-30
33,84,2.2332878725110623e-30
33,85,2.1872653051935354e-30
33,86,3.0280539476418568e-30
33,87,2.216221229337294e-30
33,88,2.335633755963426e-30
33,89,4.243271048066934e-30
33,90,2.1473208771283503e-30
33,91,2.0611150481489624e-30
33,92,6.64008593126983e-31
33,93,3.157574193054651e-30
33,94,2.1708228721677142e-30
33,95,2.902930192991462e-30
33,96,2.4328438282558437e-30
33,97,2.036192084093581e-30
33,98,2.8418454182623787e-30
33,99,2.860979249076399e-16
33,100,8.237115655402706e-31
33,101,1.0793584953682936e-30
33,102,1.4120338002169006e-30
33,103,3.369501638532494e-30
33,104,4.438233014327079e-30
33,105,2.045426339440036e-30
33,106,1.700995412805084e-30
33,107,1.2834419976025487e-30
33,108,2.4860457445689115e-30
33,109,2.4104815350966984e-30
33,110,2.123813947115084e-30
33,111,1.587883933875023e-30
33,112,2.2541658649750553e-30
33,113,3.633544613039359e-30
33,114,7.693894746107563e-31
33,115,3.6039075769260244e-30
33,116,1.1091149878114815e-30
33,117,8.856760833666771e-31
33,118,3.3278885070617744e-30
33,119,1.2096203793160578e-30
33,120,2.0087006334860224e-30
33,121,3.33012944354681e-30
33,122,3.7896467964020126e-30
33,123,2.0302520570673404e-15
33,124,2.6780692015586234e-30
33,125,2.7987246923811303e-30
33,126,2.2031150117415816e-30
33,127,1.967710105575204e-30
33,128,1.6808138812239714e-30
33,129,4.5080651590975e-31
33,130,6.731428369385794e-30
33,131,2.1233361304326768e-30
33,132,2.019281734941333e-30
33,133,1.052935534899647e-30
33,134,0.0
33,135,4.2741713286556e-30
33,136,4.5080651590975e-31
33,137,1.4732042411425439e-30
33,138,2.4596766511264405e-30
33,139,9.591267551072139e-30
33,140,2.4672374090574307e-30
33,141,7.951255636644095e-31
33,142,7.761020082508363e-31
33,143,1.1380932303747608e-30
33,144,1.8406769631853613e-30
33,145,1.4341624619073147e-30
33,146,2.757219115814905e-30
33,147,1.9824745061182352e-30
33,148,1.312675261874666e-30
33,149,2.5360148520365244e-31
34,35,2.5653019388118476e-30
34,36,6.897104137811423e-31
34,37,9.251953420738183e-31
34,38,1.2688046217273919e-30
34,39,3.6255073957572616e-30
34,40,4.706505947337694e-32
34,41,3.389524532033983e-30
34,42,1.2074231530849464e-30
34,43,9.419260215695616e-31
34,44,1.7157646231646003e-30
34,45,1.8917736754904584e-30
34,46,1.0596864336789773e-30
34,47,4.7063282456215725e-32
34,48,1.1991842610479632e-30
34,49,1.5930677949155265e-30
34,50,1.2269876390300046e-30
34,51,1.2928179109885444e-30
34,52,1.2428834232815546e-30
34,53,5.76085444741734e-31
34,54,4.424256394081539e-30
34,55,1.510348475647108e-30
34,56,1.994830781810729e-30
34,57,1.7245501792874805e-30
34,58,9.989165497935363e-31
34,59,1.031268802540127e-30
34,60,8.95980575523099e-31
34,61,2.907572082227516e-30
34,62,6.917753990252735e-31
34,63,1.1964648367626093e-30
34,64,3.30943625768812e-30
34,65,1.6986004054999195e-30
34,66,3.608368397625974e-31
34,67,1.2837647728599086e-30
34,68,2.105501617922477e-30
34,69,1.8682158536185523e-30
34,70,4.70646944839927e-32
34,71,2.1903716795058243e-30
34,72,6.1462698201175985e-31
34,73,2.244469254964638e-30
34,74,4.649995187552865e-31
34,75,1.1814149376132708e-30
34,76,4.7064585598317656e-32
34,77,1.110223024625154e-16
34,78,1.9718898140814397e-30
34,79,2.4271225454937624e-30
34,80,3.873415818648936e-30
34,81,1.2686951118759008e-30
34,82,1.2008103866350598e-30
34,83,1.8063495568290628e-30
34,84,2.0325962282555274e-30
34,85,1.9897031592233126e-30
34,86,2.6566205909020818e-30
34,87,1.9789337926293663e-30
34,88,1.0526742819406463e-30
34,89,3.2931169035666204e-30
34,90,1.8492031384819176e-30
34,91,1.8999167790165353e-30
34,92,6.214508364702079e-31
34,93,2.8733135542577675e-30
34,94,2.0158688231921895e-30
34,95,2.6476914429978066e-30
34,96,2.2206879539152255e-30
34,97,1.868308624227267e-30
34,98,2.5741235294606334e-30
34,99,6.46011587016095e-30
34,100,7.526052961506615e-31
34,101,9.820525675911093e-31
34,102,1.2170553596715482e-30
34,103,2.740659314534351e-30
34,104,4.062746529943416e-30
34,105,1.815646145405573e-30
34,106,1.6055502327878246e-30
34,107,9.537044265838734e-31
34,108,2.2810879853689673e-30
34,109,2.1419434056319237e-30
34,110,1.9030209988817232e-30
34,111,1.446235591115871e-30
34,112,1.9925537166589263e-30
34,113,3.281507059258847e-30
34,114,6.339195363904717e-31
34,115,3.2516801086475285e-30
34,116,8.45927884734852e-31
34,117,8.10526747063114e-31
34,118,2.998914632178997e-30
34,119,1.1118948851362298e-30
34,120,1.7360575756050454e-30
34,121,2.5501018652674093e-30
34,122,3.3358491043932025e-30
34,123,1.8610729195778438e-15
34,124,2.328645457320598e-30
34,125,2.5091497527872096e-30
34,126,1.7955427265507632e-30
34,127,1.614548626904551e-30
34,128,1.4090369470428197e-30
34,129,4.1324120116433715e-31
34,130,6.203054112184673e-30
34,131,1.9317169558565265e-30
34,132,1.770813144583054e-30
34,133,9.534514293156135e-31
34,134,0.0
34,135,3.2784009102859334e-30
34,136,4.1324120116433715e-31
34,137,1.2408655672407584e-30
34,138,2.2980683604447198e-30
34,139,8.500244915015957e-30
34,140,2.0699519733648274e-30
34,141,7.438914344238256e-31
34,142,6.0423029978075656e-31
34,143,9.84802854428919e-31
34,144,1.3077354598462658e-30
34,145,1.3058627767617667e-30
34,146,2.5219792307925903e-30
34,147,1.6011264571638634e-30
34,148,1.1310205723919024e-30
34,149,2.118696425941443e-31
35,36,4.6536119626069295e-31
35,37,7.343707053869806e-31
35,38,1.0869703253660215e-30
35,39,2.6582603540647238e-30
35,40,3.2931531194144547e-32
35,41,3.5652682413747983e-16
35,42,8.198567726066717e-31
35,43,6.4699307137470176e-31
35,44,1.1473738244487397e-30
35,45,5.417672226377442e-16
35,46,7.310703735074015e-31
35,47,3.2930287811118334e-32
35,48,8.040077900648082e-31
35,49,9.177031578004725e-31
35,50,1.1352284239892805e-30
35,51,8.597314136685392e-31
35,52,8.072501865948383e-31
35,53,3.4235468133551995e-31
35,54,3.202644236475687e-30
35,55,1.1644095912090717e-30
35,56,1.4787091472143047e-30
35,57,1.3913129690465182e-30
35,58,6.7507411245189135e-31
35,59,8.4646656538783e-31
35,60,6.034274522210157e-31
35,61,2.3563933176330408e-30
35,62,4.15768927405856e-31
35,63,8.773547641292633e-31
35,64,2.35173020790186e-30
35,65,1.098150050067853e-30
35,66,2.092123789934042e-31
35,67,8.222710490910031e-31
35,68,1.3734746760668464e-30
35,69,1.1916811045871416e-30
35,70,3.2931275810226476e-32
35,71,1.5280573645990733e-30
35,72,3.932607788874795e-31
35,73,1.677247867462175e-30
35,74,4.305282252663779e-31
35,75,6.719611923326859e-31
35,76,3.293119962266729e-32
35,77,7.75295257075172e-16
35,78,1.578865391043123e-30
35,79,1.8478995550865733e-30
35,80,2.7225038075874643e-30
35,81,8.600024439272374e-31
35,82,6.974038907967989e-31
35,83,1.5647637529858125e-30
35,84,1.4734151799928395e-30
35,85,1.447098370173321e-30
35,86,1.7598278443241873e-30
35,87,1.2996878611801264e-30
35,88,8.154296126395007e-31
35,89,2.017966282229516e-30
35,90,1.3562852348279161e-30
35,91,1.4894328557404678e-30
35,92,5.953651392762807e-31
35,93,2.1660612957134284e-30
35,94,1.622871637339575e-30
35,95,1.8161606955896867e-30
35,96,1.6943940441017065e-30
35,97,1.1665098225240144e-30
35,98,1.7221810983420107e-30
35,99,6.162737906427328e-16
35,100,7.043678575619402e-31
35,101,9.600811954610132e-31
35,102,8.905064865697447e-31
35,103,2.3748668458476623e-30
35,104,2.993571432213412e-30
35,105,1.3621531852569673e-30
35,106,1.1844295142393455e-30
35,107,8.072845035869256e-31
35,108,1.6608994373656665e-30
35,109,1.3835874155782757e-30
35,110,1.2549002380970589e-30
35,111,9.989942639532582e-31
35,112,1.3467777678825295e-30
35,113,2.238217370903625e-30
35,114,6.797155721969067e-31
35,115,2.302676895575212e-30
35,116,5.103623792450112e-31
35,117,6.04142990385159e-31
35,118,2.1478147682470987e-30
35,119,7.798646142451263e-31
35,120,1.4566170403278255e-30
35,121,1.4920172148168394e-30
35,122,4.3026737722516596e-16
35,123,1.3447855657239973e-15
35,124,1.4947613951462289e-30
35,125,1.6665066092767945e-30
35,126,1.1432076947333501e-30
35,127,1.1316268391865915e-30
35,128,8.833915802871925e-31
35,129,2.9860237965006993e-31
35,130,4.4068286905958456e-30
35,131,1.3784486702261853e-30
35,132,1.2626391080690267e-30
35,133,7.152510051646445e-31
35,134,0.0
35,135,1.9635271840112232e-30
35,136,2.9860237965006993e-31
35,137,8.908171314846928e-31
35,138,1.623588665898885e-30
35,139,6.622931309614113e-30
35,140,1.3746542109196786e-30
35,141,4.294660868548066e-31
35,142,4.589589834306473e-31
35,143,7.724849991057715e-31
35,144,7.7723929634277935e-31
35,145,9.824856568587212e-31
35,146,1.748095380171183e-30
35,147,1.2083530011362634e-30
35,148,7.7622628989960315e-31
35,149,1.7502008809788248e-31
36,37,6.190922590657854e-31
36,38,3.9067134843133706e-31
36,39,6.514498136656024e-31
36,40,3.86999684131665e-32
36,41,1.594648742305721e-16
36,42,4.298113489613802e-31
36,43,1.9256518925263218e-31
36,44,4.551345942105081e-31
36,45,6.219733595119634e-31
36,46,2.220784365333635e-31
36,47,3.86985072334978e-32
36,48,4.016030985640621e-31
36,49,8.432059865246171e-31
36,50,1.1860662597738388e-30
36,51,3.87844900951561e-31
36,52,6.682282729751075e-31
36,53,2.426457135989915e-31
36,54,8.108725383953928e-31
36,55,3.65683570479315e-31
36,56,4.4107448245272735e-31
36,57,3.4574218451799015e-31
36,58,2.025899761577483e-31
36,59,2.918262902653092e-31
36,60,2.1418048377510985e-31
36,61,5.60464358013533e-31
36,62,2.2827254516290224e-31
36,63,4.35460151623447e-31
36,64,7.098789864146888e-31
36,65,4.541477711798617e-31
36,66,1.4423302726237428e-31
36,67,3.5966114931590806e-31
36,68,5.936767641777064e-31
36,69,4.985635595293056e-31
36,70,3.8699668295036415e-32
36,71,7.798520536520467e-31
36,72,3.846400433830549e-31
36,73,4.196364760766481e-31
36,74,2.071426109274267e-31
36,75,5.870488731015518e-31
36,76,3.8699578762116846e-32
36,77,4.49705104732882e-16
36,78,5.120837183147707e-31
36,79,5.073551446354233e-31
36,80,9.136458864112955e-31
36,81,3.078626785448666e-31
36,82,5.434654006405469e-31
36,83,8.970954975335977e-31
36,84,4.456602278082895e-31
36,85,4.193273198155487e-31
36,86,8.682996605290165e-31
36,87,5.065501226412947e-31
36,88,9.059244692459763e-31
36,89,1.2881711675838703e-30
36,90,7.077500863765097e-31
36,91,4.710843970889201e-31
36,92,2.5844703791489124e-31
36,93,5.049908698790039e-31
36,94,4.135418133104671e-31
36,95,5.775807580972679e-31
36,96,4.528830242874481e-31
36,97,4.329733672229239e-31
36,98,5.719731966564886e-31
36,99,4.759595673043547e-16
36,100,3.205791794639628e-31
36,101,3.2316397405208832e-31
36,102,4.971763701858798e-31
36,103,7.126816524783772e-31
36,104,7.318933055582784e-31
36,105,4.00890059000177e-31
36,106,2.865200571924369e-31
36,107,5.22679963859676e-31
36,108,4.327178444232846e-31
36,109,5.3571823884455e-31
36,110,5.050212410307088e-31
36,111,4.734799823917417e-31
36,112,5.5138411677004165e-31
36,113,7.025338155819666e-31
36,114,2.505486603748546e-31
36,115,7.079143765495167e-31
36,116,3.602966461015827e-31
36,117,2.0940609046376493e-31
36,118,5.731916139023913e-31
36,119,2.0702903317675986e-31
36,120,4.355437303351999e-31
36,121,1.0105559598770073e-30
36,122,9.402983929949367e-31
36,123,3.354268508260127e-16
36,124,6.858803039699514e-31
36,125,5.8707613159479665e-31
36,126,7.3515321784148185e-31
36,127,7.001441736009514e-31
36,128,4.317456937080095e-31
36,129,7.447972257290944e-32
36,130,1.1486609751736191e-30
36,131,6.23750945133942e-31
36,132,4.483540602327887e-31
36,133,1.7335846692744024e-31
36,134,0.0
36,135,1.2649515479073188e-30
36,136,7.447972257290944e-32
36,137,3.969563336737852e-31
36,138,5.500221593195562e-31
36,139,3.1546146161104387e-30
36,140,6.844708914691086e-31
36,141,1.635156568919269e-31
36,142,2.679846249177373e-31
36,143,3.224321354636687e-31
36,144,6.320177161486608e-31
36,145,4.056675966799825e-31
36,146,5.06642759366431e-31
36,147,7.572976557516324e-31
36,148,3.677242760373477e-31
36,149,8.234376149816299e-32
37,38,8.355236092364854e-31
37,39,9.495295975250638e-31
37,40,7.48872729776794e-32
37,41,3.0594148998986666e-16
37,42,7.855878939809059e-31
37,43,2.908901844325263e-31
37,44,7.333506489016793e-31
37,45,2.486410087150356e-16
37,46,3.0459325011289063e-31
37,47,7.488444548801453e-32
37,48,6.4639269555488906e-31
37,49,1.6384086630564506e-30
37,50,2.7763016120744114e-30
37,51,6.735846666095715e-31
37,52,1.3482300169030504e-30
37,53,4.440363317735611e-31
37,54,1.134001650888619e-30
37,55,8.203873662126817e-31
37,56,1.033541931828092e-30
37,57,5.17838665706703e-31
37,58,2.6814969192171464e-31
37,59,4.597908356074065e-31
37,60,4.05324317276836e-31
37,61,1.0055848351353056e-30
37,62,4.2979301315750315e-31
37,63,9.069726652679468e-31
37,64,1.2367547495075105e-30
37,65,8.591310104390214e-31
37,66,2.4766979844116267e-31
37,67,7.845191399761578e-31
37,68,9.425278677813232e-31
37,69,6.7177149377052725e-31
37,70,7.488669222711929e-32
37,71,1.5093684845574868e-30
37,72,7.965251125552128e-31
37,73,8.452000648927307e-31
37,74,4.531830367704825e-31
37,75,9.888207961727683e-31
37,76,7.488651897436318e-32
37,77,3.907183039792917e-16
37,78,1.1602151603862365e-30
37,79,1.0198507344567129e-30
37,80,1.3027416439604908e-30
37,81,6.135417594551609e-31
37,82,8.854980754812777e-31
37,83,1.4974205537455356e-30
37,84,6.055723778314475e-31
37,85,5.855329255838412e-31
37,86,1.4652999151797243e-30
37,87,9.908548755424083e-31
37,88,1.6604421257979077e-30
37,89,2.5311996724090457e-30
37,90,1.4676983898843604e-30
37,91,9.939894532551192e-31
37,92,5.463975520730324e-31
37,93,7.976666465272192e-31
37,94,8.45363742573246e-31
37,95,9.56571350705969e-31
37,96,9.683433247761517e-31
37,97,8.476512517706227e-31
37,98,8.250679244825273e-31
37,99,1.011199463866448e-15
37,100,7.588792488345285e-31
37,101,6.765437009136322e-31
37,102,1.1284038619892996e-30
37,103,1.5306382429051166e-30
37,104,1.232628427962008e-30
37,105,8.476355918037248e-31
37,106,6.938893903907062e-18
37,107,8.905156245214537e-31
37,108,6.447909188204543e-31
37,109,6.497312505374433e-31
37,110,7.4327053561433195e-31
37,111,9.147415255357235e-31
37,112,9.737575835225845e-31
37,113,8.830099579189007e-31
37,114,4.332501791561547e-31
37,115,1.490847888078541e-30
37,116,6.547471342843066e-31
37,117,3.2271526386955617e-31
37,118,9.188557336672081e-31
37,119,2.8206933400738208e-31
37,120,8.599760641625518e-31
37,121,1.8931751636152145e-30
37,122,2.519234212982899e-16
37,123,4.942226878613634e-16
37,124,1.2685513611915554e-30
37,125,1.0528911277039708e-30
37,126,1.2208854450997733e-30
37,127,1.2474895140110245e-30
37,128,8.046907268525656e-31
37,129,1.0973948147116356e-31
37,130,1.5590660715074778e-30
37,131,9.639358939399978e-31
37,132,7.491718172916929e-31
37,133,2.8969971515823587e-31
37,134,0.0
37,135,2.059097416432322e-30
37,136,1.0973948147116356e-31
37,137,5.511989226022057e-31
37,138,1.2919809672003625e-30
37,139,6.775723362464783e-30
37,140,7.962528546801715e-31
37,141,2.292996639017382e-31
37,142,5.975518006439556e-31
37,143,7.38916891929023e-31
37,144,1.2065828160362448e-30
37,145,8.000866399692137e-31
37,146,9.741196623908391e-31
37,147,1.3868851161281128e-30
37,148,6.692289417916462e-31
37,149,1.772187498769906e-31
38,39,1.1939506733859232e-30
38,40,1.0296007026083518e-31
38,41,7.620314641516168e-16
38,42,6.841645989672528e-31
38,43,3.7235952440916453e-31
38,44,1.1037821743308144e-30
38,45,7.758326508966431e-16
38,46,4.390192089832634e-31
38,47,1.029561828374723e-31
38,48,8.94619708271472e-31
38,49,2.2255548049014253e-30
38,50,2.97990456527358e-30
38,51,9.272595119563374e-31
38,52,1.769411188571152e-30
38,53,6.204753884320976e-31
38,54,1.5051743957609926e-30
38,55,4.981915860953677e-31
38,56,1.1302749675008583e-30
38,57,6.693559218741376e-31
38,58,3.8012904933503416e-31
38,59,7.000908754343534e-31
38,60,3.7000553723227863e-31
38,61,1.4841491825610191e-30
38,62,6.217290816446622e-31
38,63,6.284982535853577e-31
38,64,1.3573859912373477e-30
38,65,9.553408067605486e-31
38,66,3.5277695716182554e-31
38,67,8.750355080407385e-31
38,68,1.149027781079846e-30
38,69,1.0453650563485567e-30
38,70,1.029592718058228e-31
38,71,1.7135138963574452e-30
38,72,8.641252129974248e-31
38,73,1.122600732774001e-30
38,74,5.871858154425186e-31
38,75,1.4175726418311008e-30
38,76,1.0295903360625654e-31
38,77,1.4410739564110863e-16
38,78,1.3669738618004297e-30
38,79,1.0525226066341062e-30
38,80,1.1639188338970376e-30
38,81,6.48618276052439e-31
38,82,1.2362195604551188e-30
38,83,2.4577176625541374e-30
38,84,1.1374415627350515e-30
38,85,9.087162535364386e-31
38,86,2.0143692568818872e-30
38,87,1.1614744550783657e-30
38,88,2.3090899580871595e-30
38,89,3.484021564512061e-30
38,90,1.8896403904114645e-30
38,91,7.410651789765387e-31
38,92,4.162272068119023e-31
38,93,1.2319805783206303e-30
38,94,1.8735487474246875e-30
38,95,9.09314181660262e-31
38,96,1.2271212342893744e-30
38,97,1.3266756543368113e-30
38,98,1.076240146265556e-30
38,99,3.869016734617439e-16
38,100,1.012684765305546e-30
38,101,3.9094413092981494e-31
38,102,1.0054723793121473e-30
38,103,1.8725786742352263e-30
38,104,1.4238409071618824e-30
38,105,7.83176246697354e-31
38,106,6.271649323276119e-31
38,107,1.2144354210076537e-30
38,108,1.251982020050521e-30
38,109,1.3998490563245439e-30
38,110,9.09573015193901e-31
38,111,1.3554599380150873e-30
38,112,1.0570179625224092e-30
38,113,1.1817553059607074e-30
38,114,5.846498039287543e-31
38,115,1.374755569357213e-30
38,116,8.789930185485959e-31
38,117,3.737054613893581e-31
38,118,1.0105923114624377e-30
38,119,3.738887258811902e-31
38,120,9.32970916127986e-31
38,121,2.509623291899106e-30
38,122,1.5601923520307832e-30
38,123,6.18856369849704e-16
38,124,1.5191670023253e-30
38,125,1.2044180382438576e-30
38,126,1.6252253638172736e-30
38,127,1.8765503291401197e-30
38,128,1.3708453478415747e-30
38,129,1.3741371814861669e-31
38,130,2.0802179306315835e-30
38,131,1.1019545583128701e-30
38,132,6.096948788501939e-31
38,133,3.474595044466659e-31
38,134,0.0
38,135,2.8521425547554624e-30
38,136,1.3741371814861669e-31
38,137,8.870901464182112e-31
38,138,1.3189224014855429e-30
38,139,4.106813891584187e-30
38,140,8.892394370558713e-31
38,141,4.23958699614495e-31
38,142,6.396424457023729e-31
38,143,1.0364555648706265e-30
38,144,1.6634913785593775e-30
38,145,1.1240574412997774e-30
38,146,7.994505864286838e-31
38,147,1.7720817034623244e-30
38,148,9.27549447387131e-31
38,149,2.3209917139523748e-31
39,40,7.16385289252164e-32
39,41,2.2258773581611827e-16
39,42,1.1360072902805978e-30
39,43,9.007319864300563e-31
39,44,1.613711482404045e-30
39,45,2.0200314426867984e-30
39,46,1.0306965894157934e-30
39,47,7.163582409711827e-32
39,48,1.1608663058309906e-30
39,49,1.7013105046773847e-30
39,50,2.4523859484652377e-30
39,51,1.1583519788052327e-30
39,52,1.160301418354178e-30
39,53,5.085053583593822e-31
39,54,4.515853610064249e-30
39,55,1.5384199168654648e-30
39,56,2.3324483796482678e-30
39,57,1.922953248922631e-30
39,58,9.506414781592092e-31
39,59,1.156136720019013e-30
39,60,8.782713781614375e-31
39,61,3.174782925099209e-30
39,62,6.639272043059132e-31
39,63,1.2093187701642134e-30
39,64,3.3053559755434e-30
39,65,1.6183632568363967e-30
39,66,3.250422042184622e-31
39,67,1.1968962318995307e-30
39,68,1.948830401235713e-30
39,69,1.718827671952154e-30
39,70,7.163797336865592e-32
39,71,2.011947638205963e-30
39,72,5.365978628092838e-31
39,73,2.4875808229275993e-30
39,74,7.110591101591253e-31
39,75,1.1115019272573036e-30
39,76,7.163780763191473e-32
39,77,7.013863993451529e-16
39,78,2.3682153181445148e-30
39,79,2.6455698760851048e-30
39,80,3.9205222371550485e-30
39,81,1.1977045720731215e-30
39,82,1.0643004799835562e-30
39,83,2.3152209650910827e-30
39,84,1.9787370280788018e-30
39,85,1.9866272234541987e-30
39,86,2.4789939576465037e-30
39,87,1.8578575189604816e-30
39,88,1.561384902161342e-30
39,89,3.1051593988454942e-30
39,90,1.879760496611194e-30
39,91,2.0596646226988055e-30
39,92,7.345177387241831e-31
39,93,3.05594249802212e-30
39,94,2.0786800266592085e-30
39,95,2.678565088155811e-30
39,96,2.4232634203427706e-30
39,97,1.7666075145592693e-30
39,98,2.398847857481467e-30
39,99,4.727113514582965e-16
39,100,9.410703859775718e-31
39,101,1.1612053937519696e-30
39,102,1.0766184422893744e-30
39,103,3.612967598814497e-30
39,104,4.304028139945396e-30
39,105,2.0537142467811825e-30
39,106,1.6246117403990686e-30
39,107,1.011213967988977e-30
39,108,2.30357915581412e-30
39,109,1.9081938700057587e-30
39,110,1.769215915661514e-30
39,111,1.4030441117129126e-30
39,112,1.766355697680562e-30
39,113,3.1542005901271298e-30
39,114,7.989760440563953e-31
39,115,3.464395252479642e-30
39,116,7.675844605968133e-31
39,117,8.619315173541366e-31
39,118,3.1617742995103286e-30
39,119,1.1075454159431933e-30
39,120,2.094331873163237e-30
39,121,2.270256484104612e-30
39,122,3.23401517595926e-30
39,123,1.9278140505982533e-15
39,124,2.262004230352484e-30
39,125,2.3890050454493394e-30
39,126,1.6037040170888213e-30
39,127,1.6446905115846125e-30
39,128,1.3064054961138292e-30
39,129,4.280607092340137e-31
39,130,6.245596624854796e-30
39,131,1.8687847652358673e-30
39,132,1.9053622964752184e-30
39,133,1.039700303880092e-30
39,134,0.0
39,135,2.796060400190968e-30
39,136,4.280607092340137e-31
39,137,1.2289138916580808e-30
39,138,2.163263964343117e-30
39,139,7.681382143642454e-30
39,140,1.9091323368953843e-30
39,141,7.221292616015691e-31
39,142,6.709003506939253e-31
39,143,1.1946963072880121e-30
39,144,1.1711686092343978e-30
39,145,1.341117751624323e-30
39,146,2.663707324599057e-30
39,147,1.8264579408561762e-30
39,148,1.2059198160335597e-30
39,149,2.7784582883002106e-31
40,41,1.600144729949475e-31
40,42,6.517337780820546e-32
40,43,2.8954469810157177e-32
40,44,1.0435998178209809e-31
40,45,1.2311324893824293e-31
40,46,3.8826693162335165e-32
40,47,9.983615832923848e-33
40,48,8.579428057442423e-32
40,49,2.1431424886046097e-31
40,50,2.8695644769434694e-31
40,51,8.983556925597893e-32
40,52,1.6540916220586238e-31
40,53,5.973946902720493e-32
40,54,3.410751349205659e-32
40,55,4.073631137991083e-32
40,56,1.0385436880817403e-31
40,57,4.1507480935673323e-32
40,58,2.235934341348907e-32
40,59,4.0953673287530654e-32
40,60,2.2469257519911108e-32
40,61,6.592142576915927e-32
40,62,5.800121658007953e-32
40,63,6.052688970853947e-32
40,64,1.3065065687286627e-31
40,65,8.627758524094005e-32
40,66,3.3280022710573e-32
40,67,8.41194223298273e-32
40,68,1.0931172122492192e-31
40,69,9.832881456411485e-32
40,70,9.983915368828167e-33
40,71,1.6510846066685312e-31
40,72,8.430209230027623e-32
40,73,9.862475386715258e-32
40,74,5.546670451762166e-32
40,75,1.3641829927451594e-31
40,76,9.98389227072084e-33
40,77,1.3900338470625965e-31
40,78,1.2315607040874024e-31
40,79,8.53899062232007e-32
40,80,4.824029088831077e-32
40,81,5.946929015256816e-32
40,82,1.184368588940069e-31
40,83,2.3149148077531367e-31
40,84,8.316827290597326e-32
40,85,5.658215592848805e-32
40,86,1.9544575050444272e-31
40,87,1.0932766144698793e-31
40,88,2.2464015329636766e-31
40,89,3.3190202569115364e-31
40,90,1.835543146540088e-31
40,91,5.282889685001749e-32
40,92,4.0404544371619357e-32
40,93,5.315207480242328e-32
40,94,4.12285921273083e-32
40,95,4.0475495087757024e-32
40,96,1.1787490368603243e-31
40,97,1.0882911614149702e-31
40,98,8.143647548989381e-32
40,99,4.517839906587066e-31
40,100,9.31195680814303e-32
40,101,3.1130610701754996e-32
40,102,9.690812702716332e-32
40,103,1.5336318119188575e-31
40,104,1.0629510513725842e-31
40,105,5.615575832268923e-32
40,106,3.882669316233516e-32
40,107,1.1867355494590562e-31
40,108,7.499631893711914e-32
40,109,8.432850562634327e-32
40,110,8.339212687421684e-32
40,111,1.304370789933479e-31
40,112,9.287826797645554e-32
40,113,8.250380975127692e-32
40,114,5.457554497700835e-32
40,115,1.1679022235727568e-31
40,116,8.466624990162961e-32
40,117,1.3744807183349652e-32
40,118,5.683645903420981e-32
40,119,1.1093340903524333e-32
40,120,7.059758921006539e-32
40,121,2.4034394150196707e-31
40,122,1.4602867524137328e-31
40,123,5.946221679064571e-32
40,124,1.4763940656772464e-31
40,125,9.614930369029544e-32
40,126,1.5816675085672022e-31
40,127,1.776247601441877e-31
40,128,1.1501820652920193e-31
40,129,0.0
40,130,7.165949535905227e-32
40,131,1.0629510513725837e-31
40,132,5.210623821688578e-32
40,133,1.109334090352433e-32
40,134,0.0
40,135,2.709544224481949e-31
40,136,0.0
40,137,5.349015272311333e-32
40,138,9.027461763557509e-32
40,139,3.5554759931197946e-31
40,140,8.242511392628244e-32
40,141,3.7721437285658705e-32
40,142,5.895478144101997e-32
40,143,9.750156874655671e-32
40,144,1.6114008445070724e-31
40,145,1.0769685937329002e-31
40,146,7.255863335478945e-32
40,147,1.7199150940114492e-31
40,148,8.901212808933915e-32
40,149,2.218720019327351e-32
41,42,3.9307471273088306e-16
41,43,9.571389475962709e-31
41,44,4.463062900052491e-16
41,45,1.1633625460788146e-15
41,46,1.1527852375594674e-30
41,47,1.6000843139067172e-31
41,48,1.909250887126076e-30
41,49,3.3604894870772046e-16
41,50,3.877252496569908e-16
41,51,2.1499376424746316e-16
41,52,3.785355833503786e-16
41,53,1.1028450050921126e-30
41,54,1.1103585416259268e-16
41,55,1.1194029087171166e-16
41,56,2.8611896074641663e-16
41,57,1.139290320987878e-30
41,58,1.0396619770879143e-30
41,59,8.98740796565222e-16
41,60,2.4982427276047275e-16
41,61,3.924780715924215e-16
41,62,1.1212805593356666e-30
41,63,1.1504908967154104e-30
41,64,5.587425560892688e-16
41,65,1.782718523713919e-16
41,66,6.832500253090295e-31
41,67,6.52708005751491e-16
41,68,5.563244934955031e-16
41,69,6.330766315597064e-16
41,70,1.600132320832261e-31
41,71,3.11729374227851e-16
41,72,1.4469467404723198e-30
41,73,4.854568710684227e-16
41,74,6.403626263650594e-31
41,75,2.775557561562886e-16
41,76,1.6001286188749911e-31
41,77,1.536931983972066e-15
41,78,4.0507929009243625e-16
41,79,4.319983930654411e-16
41,80,5.284504157781942e-16
41,81,2.733607177812781e-16
41,82,2.4630432582716e-30
41,83,5.351530547384726e-16
41,84,2.486410087150343e-16
41,85,2.547623188892929e-16
41,86,4.0173004348127046e-30
41,87,2.6046002335699063e-30
41,88,1.2432353003390844e-16
41,89,8.534927647868804e-16
41,90,3.648697129192384e-16
41,91,6.664138414780592e-16
41,92,7.05380872801071e-31
41,93,5.428769931944591e-16
41,94,1.8011208727696715e-15
41,95,6.442717216082505e-16
41,96,1.387778780781409e-17
41,97,8.282900424605767e-16
41,98,2.890680764353621e-30
41,99,1.0405382332017319e-15
41,100,6.888076938772027e-16
41,101,2.662221289702464e-16
41,102,1.759604724249789e-30
41,103,1.3186915968195312e-30
41,104,3.3481836079192635e-30
41,105,1.6883057536160673e-16
41,106,1.7554167342883528e-16
41,107,5.555450344868522e-16
41,108,6.834017936133225e-16
41,109,7.715054674952277e-16
41,110,4.909604562510253e-16
41,111,2.447620443054764e-16
41,112,2.5019852072213516e-30
41,113,7.459230261451059e-16
41,114,5.190446047088164e-31
41,115,3.1309716410295285e-16
41,116,1.604407806185927e-30
41,117,3.188872858294076e-16
41,118,2.789400827296863e-16
41,119,1.0064832592014603e-30
41,120,1.1178162501763405e-30
41,121,2.342840229615257e-16
41,122,8.238311188599634e-16
41,123,1.4886681503714112e-15
41,124,3.516314866869297e-16
41,125,5.751041762543936e-16
41,126,3.2243234281496915e-30
41,127,6.552020944746092e-16
41,128,6.591583993739605e-16
41,129,3.33256898434836e-31
41,130,2.025396450462173e-16
41,131,1.3597399555105204e-16
41,132,3.895680680159928e-16
41,133,6.637806455111186e-31
41,134,0.0
41,135,3.991845707008269e-16
41,136,3.33256898434836e-31
41,137,1.071469476863079e-15
41,138,1.0616280909317593e-15
41,139,8.873890577399709e-16
41,140,1.9428902930940264e-16
41,141,6.206335383118226e-17
41,142,7.051458891421669e-16
41,143,1.4045806109444696e-30
41,144,2.757966809353111e-30
41,145,1.8084401192029707e-30
41,146,6.884907461704255e-16
41,147,5.479969220521042e-16
41,148,1.697194441740292e-16
41,149,2.9377011715958757e-31
42,43,3.35989805181471e-31
42,44,7.665773538425404e-31
42,45,3.345093866678459e-16
42,46,3.7870714641655535e-31
42,47,6.51709170823057e-32
42,48,6.038148009051303e-31
42,49,1.4635934288382657e-30
42,50,1.7640004919581344e-30
42,51,6.462999476984444e-31
42,52,1.0961889636848867e-30
42,53,4.110611027870026e-31
42,54,1.4206159724643292e-30
42,55,6.327099247244405e-31
42,56,6.861204388318354e-31
42,57,5.830475048939638e-31
42,58,3.514251137085421e-31
42,59,4.503960075267298e-31
42,60,3.928585969244784e-31
42,61,9.12309567428966e-31
42,62,4.166089873717337e-31
42,63,6.5858410584951425e-31
42,64,1.139559962329943e-30
42,65,7.158494221077961e-31
42,66,2.4546353030901864e-31
42,67,6.0714420499633074e-31
42,68,9.170998500184042e-31
42,69,8.14311218323894e-31
42,70,6.517287238887101e-32
42,71,1.2171547274120996e-30
42,72,5.792611606875389e-31
42,73,7.18567201405894e-31
42,74,3.4481187556303075e-31
42,75,9.639449482535061e-31
42,76,6.517272160934758e-32
42,77,6.782306048334189e-16
42,78,8.243717954630054e-31
42,79,8.260372017913282e-31
42,80,1.2214966022224856e-30
42,81,5.1160671400494245e-31
42,82,8.672005584370286e-31
42,83,1.6256190792406264e-30
42,84,8.025394699854015e-31
42,85,6.513076257244226e-31
42,86,1.3970264536743662e-30
42,87,8.636828337396869e-31
42,88,1.4731658088657496e-30
42,89,2.2732261805041875e-30
42,90,1.1853164550866938e-30
42,91,7.017216508019104e-31
42,92,2.866412135339326e-31
42,93,9.99043815292483e-31
42,94,1.073625419752059e-30
42,95,8.746588994502533e-31
42,96,7.662853045609531e-31
42,97,8.625638106877824e-31
42,98,9.703756510268142e-31
42,99,6.482860305205847e-16
42,100,7.208475572792596e-31
42,101,5.484834704536605e-31
42,102,7.316322890616061e-31
42,103,1.1840427350976927e-30
42,104,1.2611403833221089e-30
42,105,5.832005429795769e-31
42,106,3.3165473316072555e-16
42,107,8.044676486268146e-31
42,108,8.419980537353774e-31
42,109,9.421125093729348e-31
42,110,7.949795938118459e-31
42,111,8.761940348797048e-31
42,112,9.041854673501645e-31
42,113,1.1422560358625543e-30
42,114,5.090824916950239e-31
42,115,1.0696465013809686e-30
42,116,5.899076122335286e-31
42,117,4.510677359780042e-31
42,118,9.64482353522259e-31
42,119,3.593002545939844e-31
42,120,6.68657150327165e-31
42,121,1.7107495870432057e-30
42,122,3.121779371632985e-16
42,123,5.805909821176827e-16
42,124,1.0753026815039e-30
42,125,9.48166436161829e-31
42,126,1.1395319163210824e-30
42,127,1.1910806409318127e-30
42,128,8.771858667697691e-31
42,129,1.2891709524735683e-31
42,130,1.97907718998731e-30
42,131,9.177636061121656e-31
42,132,5.07198710391974e-31
42,133,2.980408989159902e-31
42,134,0.0
42,135,2.0684789974250677e-30
42,136,1.2891709524735683e-31
42,137,5.777855223353841e-31
42,138,9.859873952760648e-31
42,139,4.900908369401608e-30
42,140,9.753839888074542e-31
42,141,4.309613161412718e-31
42,142,5.406543126372848e-31
42,143,7.010837006662589e-31
42,144,1.0647355776469558e-30
42,145,7.3010838824916166e-31
42,146,8.351869468429992e-31
42,147,1.1578662207913156e-30
42,148,6.064379734586883e-31
42,149,1.3732974404316622e-31
43,44,4.80673535372677e-31
43,45,4.711186649278577e-31
43,46,2.7880448783059433e-31
43,47,2.8953376587492167e-32
43,48,3.459094534788049e-31
43,49,6.8918747587855675e-31
43,50,7.307959274922168e-31
43,51,3.809317586563164e-31
43,52,5.225593027564948e-31
43,53,2.0960510059112655e-31
43,54,1.1018686745052676e-30
43,55,4.183553760804583e-31
43,56,4.800402462968507e-31
43,57,4.124203043693669e-31
43,58,2.640691160940073e-31
43,59,2.531545783662768e-31
43,60,2.3040852861853805e-31
43,61,7.0850576469867e-31
43,62,2.330767990301556e-31
43,63,3.3497867307311264e-31
43,64,8.605180530911467e-31
43,65,4.597219202135183e-31
43,66,1.3272773659006196e-31
43,67,3.5996966551617647e-31
43,68,5.832213862171744e-31
43,69,5.149498103404008e-31
43,70,2.895424526833729e-32
43,71,6.827601137212822e-31
43,72,2.58585990802524e-31
43,73,5.543180432757415e-31
43,74,1.3657747179645499e-31
43,75,4.752014451747374e-31
43,76,2.895417828176539e-32
43,77,7.850462293418871e-17
43,78,4.587202096796844e-31
43,79,6.088166081226368e-31
43,80,9.508839554801027e-31
43,81,3.5381175676132796e-31
43,82,4.452257715166154e-31
43,83,6.0191874289992065e-31
43,84,5.370943956454643e-31
43,85,4.972130194676068e-31
43,86,7.794476809616822e-31
43,87,5.5003603696103525e-31
43,88,6.115154207678851e-31
43,89,1.181428222267024e-30
43,90,5.627441329622538e-31
43,91,4.961328140884219e-31
43,92,1.7850519977836238e-31
43,93,7.251567645116113e-31
43,94,4.90965306991589e-31
43,95,6.574222055762212e-31
43,96,5.346065661300549e-31
43,97,5.186484359866113e-31
43,98,7.028053860557542e-31
43,99,1.2490009027033014e-16
43,100,2.6117551417424827e-31
43,101,2.402638158664931e-31
43,102,4.022599050845982e-31
43,103,6.878167449927155e-31
43,104,1.0020616047871924e-30
43,105,4.426736854461937e-31
43,106,4.109600494372498e-31
43,107,3.38261410091149e-31
43,108,5.8066622859960784e-31
43,109,5.957560437195728e-31
43,110,5.266359713689302e-31
43,111,4.363998077619635e-31
43,112,5.9205124587441386e-31
43,113,8.59667962533927e-31
43,114,1.4551939837999447e-31
43,115,7.8794303632085665e-31
43,116,3.032308498794921e-31
43,117,2.060903527117209e-31
43,118,7.49297164032989e-31
43,119,2.825749169311748e-31
43,120,4.0670930909113e-31
43,121,9.112956682523863e-31
43,122,8.774117745233662e-31
43,123,4.621532547029655e-16
43,124,6.159215300190057e-31
43,125,6.545247685686228e-31
43,126,5.768177443641118e-31
43,127,5.2157477385740555e-31
43,128,4.842868496506218e-31
43,129,1.026186368553374e-31
43,130,1.5596912004773773e-30
43,131,5.5012297056058745e-31
43,132,4.247957754832043e-31
43,133,2.3250196424655315e-31
43,134,0.0
43,135,1.1243444517538939e-30
43,136,1.026186368553374e-31
43,137,3.2969319217911066e-31
43,138,6.366333908158661e-31
43,139,2.7125869348143377e-30
43,140,5.613692471732811e-31
43,141,1.9992254654366045e-31
43,142,1.910171541542828e-31
43,143,3.4419342674085276e-31
43,144,5.0482833312289275e-31
43,145,4.040809589539288e-31
43,146,6.257869392261777e-31
43,147,4.929756716426243e-31
43,148,2.935442525308131e-31
43,149,5.301473022271773e-32
44,45,1.3338812245921275e-30
44,46,5.4505088796079364e-31
44,47,1.0435604150281988e-31
44,48,9.191874964651144e-31
44,49,2.2806056331314182e-30
44,50,2.892063573669333e-30
44,51,9.952043630384134e-31
44,52,1.77520142620402e-30
44,53,6.447894730081681e-31
44,54,1.9615603435264042e-30
44,55,7.311950559678628e-31
44,56,1.192094843065913e-30
44,57,7.6510415333989565e-31
44,58,5.020264071506606e-31
44,59,6.8786255577277954e-31
44,60,4.183024078531629e-31
44,61,1.4005445904692817e-30
44,62,6.5481188567147615e-31
44,63,6.681816159228124e-31
44,64,1.6654648579896762e-30
44,65,1.03387160410898e-30
44,66,3.783365725006239e-31
44,67,9.238741387797423e-31
44,68,1.3321566434472156e-30
44,69,1.1850891131938528e-30
44,70,1.0435917247077635e-31
44,71,1.8088338405228575e-30
44,72,8.721225362212935e-31
44,73,1.1510020168935749e-30
44,74,5.7451563668290005e-31
44,75,1.4777318441352171e-30
44,76,1.0435893103249517e-31
44,77,1.9428902930940225e-16
44,78,1.3156390157574004e-30
44,79,1.2301843322805042e-30
44,80,1.891833518906319e-30
44,81,7.684178415631215e-31
44,82,1.3113777584344433e-30
44,83,2.3381245706811606e-30
44,84,1.1317682448536626e-30
44,85,9.396887039023807e-31
44,86,2.1072044246030977e-30
44,87,1.2913605084790794e-30
44,88,2.3137841964539563e-30
44,89,3.620501806420174e-30
44,90,1.9004914823464736e-30
44,91,9.918304649791634e-31
44,92,4.181718057294323e-31
44,93,1.3616583596090069e-30
44,94,7.934619492776221e-31
44,95,1.2048905384716762e-30
44,96,1.2265108706993408e-30
44,97,1.2729494889101325e-30
44,98,1.3856413485597737e-30
44,99,1.861900614935457e-16
44,100,1.0967316029399296e-30
44,101,4.161887061451881e-31
44,102,1.0509016620108587e-30
44,103,1.9257629905269152e-30
44,104,1.8200183092956686e-30
44,105,9.315445727606413e-31
44,106,7.3373524871089035e-31
44,107,1.2257619546632495e-30
44,108,1.0298739461387141e-30
44,109,1.2672214987295882e-30
44,110,1.1215703891416144e-30
44,111,1.406327992163252e-30
44,112,1.263746699567253e-30
44,113,1.665166358300253e-30
44,114,5.985703536671658e-31
44,115,1.4433153186157943e-30
44,116,9.169797015685765e-31
44,117,3.5335788774481235e-31
44,118,1.4183078737234168e-30
44,119,5.120718803420717e-31
44,120,9.544894647471637e-31
44,121,2.6611674593050027e-30
44,122,1.928709635611074e-30
44,123,8.364749540756626e-16
44,124,1.591726311852697e-30
44,125,1.2992951494482965e-30
44,126,1.6889988603851987e-30
44,127,1.808648490841063e-30
44,128,1.3820568263950579e-30
44,129,1.8573475070741435e-31
44,130,2.824796164487804e-30
44,131,1.2282966871028782e-30
44,132,9.319364880734888e-31
44,133,4.412574482072262e-31
44,134,0.0
44,135,3.098655643347314e-30
44,136,1.8573475070741435e-31
44,137,8.440078507533254e-31
44,138,1.249576408118463e-30
44,139,5.307347160628862e-30
44,140,1.1778274399027834e-30
44,141,4.658472230768349e-31
44,142,6.31396257590124e-31
44,143,1.0676229359900973e-30
44,144,1.6943830765384604e-30
44,145,1.166989744442558e-30
44,146,1.1405084363296508e-30
44,147,1.757317662916514e-30
44,148,9.424139230917098e-31
44,149,2.274744698042482e-31
45,46,5.426237201090124e-31
45,47,1.2310860059914417e-31
45,48,1.0371777901562447e-30
45,49,1.110223024625158e-16
45,50,4.567472942020957e-16
45,51,2.7798909874046807e-16
45,52,4.0886884014112735e-16
45,53,7.235188890439167e-31
45,54,2.4707028800510836e-30
45,55,8.422975402511908e-31
45,56,5.417922174731469e-16
45,57,1.2453562439413986e-30
45,58,5.101158491477527e-31
45,59,2.2334354227515517e-16
45,60,5.287467408770308e-31
45,61,1.1581094996895896e-15
45,62,7.031049026630177e-31
45,63,9.555875876373997e-31
45,64,2.4077061973184325e-16
45,65,5.778909456538117e-16
45,66,4.015857200440253e-31
45,67,1.0082418250689203e-30
45,68,7.315536840232978e-16
45,69,2.1330751261066394e-16
45,70,1.2311229419539493e-31
45,71,3.4895117242084635e-16
45,72,1.0506936455034922e-30
45,73,3.7451149176699362e-16
45,74,7.899672140024701e-31
45,75,1.2719202621569018e-16
45,76,1.2311200937116725e-31
45,77,1.6354032319231827e-15
45,78,1.9108914551336733e-30
45,79,4.974756253865711e-16
45,80,1.1215493724878575e-16
45,81,7.348430072061053e-31
45,82,1.4445816312281578e-30
45,83,3.111392412460353e-16
45,84,1.068229138363787e-15
45,85,4.855242786856052e-16
45,86,2.4373177894775996e-30
45,87,1.3067366444248462e-30
45,88,2.8754328453211118e-30
45,89,7.066129768129602e-16
45,90,2.5172027167143284e-16
45,91,5.220595469107314e-16
45,92,6.281501524998198e-31
45,93,5.674408829367933e-16
45,94,1.3080689243469671e-15
45,95,3.3132764271951784e-16
45,96,1.7554167342883563e-16
45,97,8.546959856620356e-16
45,98,1.322258143930132e-30
45,99,9.059568886375968e-16
45,100,3.41700896806661e-16
45,101,1.6653345369377304e-16
45,102,1.153162542290171e-30
45,103,2.888139613268669e-30
45,104,2.4797391000602485e-30
45,105,1.2493107578923818e-30
45,106,4.342815347053597e-16
45,107,1.4220765356495599e-16
45,108,6.587199833544185e-16
45,109,5.559403082675505e-16
45,110,3.6082248300317597e-16
45,111,4.855250534312125e-16
45,112,1.190548650291237e-30
45,113,4.0514243023403548e-16
45,114,7.744805723933951e-31
45,115,3.1526183116979733e-16
45,116,1.025485050659069e-30
45,117,5.148389606366397e-31
45,118,1.676459490142575e-30
45,119,5.740462926509298e-31
45,120,1.566721332518733e-30
45,121,3.337167946540779e-16
45,122,7.57051292049794e-16
45,123,1.061248313880301e-15
45,124,1.2494826774185016e-16
45,125,4.341133857201998e-16
45,126,1.9870525238163655e-30
45,127,5.013273478162046e-16
45,128,2.243367042177206e-16
45,129,2.2810849550832895e-31
45,130,1.2413882881933463e-16
45,131,1.436632688880498e-30
45,132,1.0711380505288794e-30
45,133,5.970518343906453e-31
45,134,0.0
45,135,2.901295842065656e-16
45,136,2.2810849550832895e-31
45,137,1.5201754792270551e-30
45,138,2.662221289702459e-16
45,139,1.032870148878698e-15
45,140,1.3598506069291424e-16
45,141,5.802176783579319e-16
45,142,2.6037037858103374e-16
45,143,1.198878743536127e-30
45,144,1.9795031120740546e-30
45,145,1.2994700273341246e-30
45,146,8.758687373676765e-16
45,147,8.899182154525127e-16
45,148,1.325673818951465e-16
45,149,3.0587985683481755e-31
46,47,3.8825227197969347e-32
46,48,4.00665852315205e-31
46,49,8.802935900074223e-31
46,50,1.0379855397938327e-30
46,51,4.391933425471687e-31
46,52,6.69278434522989e-31
46,53,2.581704105854085e-31
46,54,1.2612845783756566e-30
46,55,4.322777093591776e-31
46,56,5.870764940561174e-31
46,57,4.999698767653409e-31
46,58,2.9555098872403443e-31
46,59,2.949340653534245e-31
46,60,2.579107349679491e-31
46,61,8.273491104948988e-31
46,62,2.745641575121752e-31
46,63,3.5145083467543917e-31
46,64,9.5828591910975e-31
46,65,5.2452391847261735e-31
46,66,1.6014845763009155e-31
46,67,4.178267797623631e-31
46,68,6.655965479114809e-31
46,69,5.90064339858538e-31
46,70,3.882639206145506e-32
46,71,7.89434325056436e-31
46,72,3.3852501404560695e-31
46,73,6.384087083517778e-31
46,74,2.1132470060127332e-31
46,75,5.961772081377493e-31
46,76,3.8826302235356004e-32
46,77,1.5700924586837764e-16
46,78,5.977629419562305e-31
46,79,6.877962129347028e-31
46,80,1.1036328359388461e-30
46,81,3.957737100137146e-31
46,82,5.468388269669591e-31
46,83,8.51288428338794e-31
46,84,6.138831661902952e-31
46,85,5.719332890260508e-31
46,86,9.077362706556332e-31
46,87,6.300522374647736e-31
46,88,8.553778828034915e-31
46,89,1.4379885198155262e-30
46,90,7.082089068888073e-31
46,91,5.39222648828011e-31
46,92,1.8789087197005879e-31
46,93,8.133813821305031e-31
46,94,5.73225698941041e-31
46,95,7.528994319881714e-31
46,96,6.314576433311359e-31
46,97,5.898035607941061e-31
46,98,7.796860265929406e-31
46,99,2.2941495140411052e-30
46,100,3.348847235553279e-31
46,101,2.972717943910053e-31
46,102,4.526820852468275e-31
46,103,9.212937310809124e-31
46,104,1.151390018343702e-30
46,105,5.2247925180509496e-31
46,106,4.660857006779418e-31
46,107,4.579638763628605e-31
46,108,6.511888208956659e-31
46,109,6.806034028649687e-31
46,110,5.902771037375199e-31
46,111,5.231055348540782e-31
46,112,6.4939342587691e-31
46,113,9.62116402712482e-31
46,114,2.1911828939620946e-31
46,115,9.197477933937426e-31
46,116,3.7146330313406626e-31
46,117,2.296392227157997e-31
46,118,8.479208743637065e-31
46,119,3.183640969917888e-31
46,120,5.359078869619462e-31
46,121,1.1024284569907502e-30
46,122,1.0020052039228794e-30
46,123,5.273559366969491e-16
46,124,7.2439430467267446e-31
46,125,7.429312250353631e-31
46,126,7.001323971899529e-31
46,127,6.775186905037749e-31
46,128,5.735302846146371e-31
46,129,1.1709654061874396e-31
46,130,1.7722167499784078e-30
46,131,6.049103345679566e-31
46,132,5.0087834162881965e-31
46,133,2.7183814453351507e-31
46,134,0.0
46,135,1.3474274866631124e-30
46,136,1.1709654061874396e-31
46,137,3.765260364875961e-31
46,138,6.982726594180407e-31
46,139,2.744858271485423e-30
46,140,6.3845397667404135e-31
46,141,2.3128112175813694e-31
46,142,2.3185863550197165e-31
46,143,4.054072624437243e-31
46,144,6.4630731625138395e-31
46,145,4.713685189238961e-31
46,146,7.138654275186024e-31
46,147,6.578709423345464e-31
46,148,3.506744687637301e-31
46,149,8.162958472866758e-32
47,48,8.579104127311195e-32
47,49,2.1430615708064853e-31
47,50,2.869456131912616e-31
47,51,8.983217736930032e-32
47,52,1.6540291691640242e-31
47,53,5.973721346728742e-32
47,54,3.4106225707923735e-32
47,55,4.073477331483205e-32
47,56,1.0385044761912838e-31
47,57,4.150591375384531e-32
47,58,2.235849920044857e-32
47,59,4.095212701560279e-32
47,60,2.2468409156886407e-32
47,61,6.591893679950336e-32
47,62,5.799902665068418e-32
47,63,6.052460441828529e-32
47,64,1.3064572394678513e-31
47,65,8.62743276916813e-32
47,66,3.327876616968802e-32
47,67,8.411624626548693e-32
47,68,1.0930759398474178e-31
47,69,9.83251020012736e-32
47,70,9.983538410015301e-33
47,71,1.6510222673086431e-31
47,72,8.429890933893675e-32
47,73,9.862103013064608e-32
47,74,5.546461028281337e-32
47,75,1.3641314858180191e-31
47,76,9.98351531278008e-33
47,77,1.3899813640947955e-31
47,78,1.2315142045284788e-31
47,79,8.538668218969364e-32
47,80,4.823846949839371e-32
47,81,5.946704479368944e-32
47,82,1.1843238711954983e-31
47,83,2.3148274044143084e-31
47,84,8.316513275381207e-32
47,85,5.658001957801428e-32
47,86,1.9543837113519048e-31
47,87,1.0932353360495903e-31
47,88,2.2463167164539404e-31
47,89,3.3188949419534555e-31
47,90,1.8354738426507903e-31
47,91,5.282690220988825e-32
47,92,4.0403018832938585e-32
47,93,5.315006796018968e-32
47,94,4.122703547537665e-32
47,95,4.0473966870217645e-32
47,96,1.1787045312909974e-31
47,97,1.088250071228495e-31
47,98,8.143340072453468e-32
47,99,4.517669328261331e-31
47,100,9.311605220208421e-32
47,101,3.112943531538398e-32
47,102,9.690446810466932e-32
47,103,1.5335739071784988e-31
47,104,1.0629109179427966e-31
47,105,5.615363807154417e-32
47,106,3.8825227197969347e-32
47,107,1.1866907423460767e-31
47,108,7.499348733024834e-32
47,109,8.432532166772612e-32
47,110,8.338897827008836e-32
47,111,1.3043215413124375e-31
47,112,9.287476120778373e-32
47,113,8.250069468699285e-32
47,114,5.457348438936452e-32
47,115,1.1678581275423442e-31
47,116,8.46630531909331e-32
47,117,1.3744288226006016e-32
47,118,5.683431308211252e-32
47,119,1.1092922056562675e-32
47,120,7.059492368432358e-32
47,121,2.403348669291646e-31
47,122,1.4602316169342845e-31
47,123,5.945997169883317e-32
47,124,1.4763383220402306e-31
47,125,9.61456734183993e-32
47,126,1.581607790161712e-31
47,127,1.7761805363514333e-31
47,128,1.150138638314737e-31
47,129,0.0
47,130,7.165678973933264e-32
47,131,1.0629109179427964e-31
47,132,5.210427086189773e-32
47,133,1.109292205656267e-32
47,134,0.0
47,135,2.709441921273585e-31
47,136,0.0
47,137,5.348813311620306e-32
47,138,9.027120917191743e-32
47,139,3.5553417503943686e-31
47,140,8.242200183328606e-32
47,141,3.7720013052009527e-32
47,142,5.895255550824673e-32
47,143,9.749788741771429e-32
47,144,1.611340003471571e-31
47,145,1.076927931048213e-31
47,146,7.25558937866659e-32
47,147,1.719850155845598e-31
47,148,8.900876729300869e-32
47,149,2.2186362479777684e-32
48,49,1.8614853253207468e-30
48,50,2.512415098275768e-30
48,51,7.901668867219031e-31
48,52,1.4140645540505605e-30
48,53,5.1946516427678084e-31
48,54,1.2833027312776313e-30
48,55,5.32316304223898e-31
48,56,1.0359776982423562e-30
48,57,4.70137663452544e-31
48,58,3.583028652959609e-31
48,59,3.6694040137533757e-31
48,60,3.938733207162308e-31
48,61,1.1383541022324587e-30
48,62,5.498136256627049e-31
48,63,5.506823219523512e-31
48,64,1.2245820636217045e-30
48,65,8.010935974796141e-31
48,66,2.981409224981663e-31
48,67,7.3506336551714555e-31
48,68,1.0131960946186552e-30
48,69,9.057931191073346e-31
48,70,8.579361524005542e-32
48,71,1.4416674970055137e-30
48,72,7.083963319938224e-31
48,73,1.0067365484864544e-30
48,74,4.922031061968909e-31
48,75,1.1855857153304365e-30
48,76,8.579341675378429e-32
48,77,6.304854800243427e-16
48,78,1.196199388779856e-30
48,79,1.0197724605964003e-30
48,80,1.507004261902085e-30
48,81,5.7161122668510105e-31
48,82,1.0387868006926277e-30
48,83,1.983671023125757e-30
48,84,8.089360329813286e-31
48,85,6.685242837638651e-31
48,86,1.6755623340686034e-30
48,87,9.939369287072122e-31
48,88,1.8932485883586813e-30
48,89,2.9465830612291893e-30
48,90,1.5706655186243814e-30
48,91,6.533766358267454e-31
48,92,3.546907459490802e-31
48,93,1.1251369815017297e-30
48,94,5.855552221550232e-31
48,95,9.702325509241874e-31
48,96,1.0551039361018259e-30
48,97,9.982649947529785e-31
48,98,1.02713664516246e-30
48,99,4.526667628579837e-30
48,100,8.901220826784203e-31
48,101,3.7137266102815424e-31
48,102,8.433515301237645e-31
48,103,1.6333925862452804e-30
48,104,1.3331278566963195e-30
48,105,8.526603115459e-31
48,106,4.712155797106521e-31
48,107,9.7905088864984e-31
48,108,8.378110296299654e-31
48,109,9.76390236595481e-31
48,110,8.59655815560478e-31
48,111,1.1663194672939172e-30
48,112,9.682307644541405e-31
48,113,1.2145599771781781e-30
48,114,5.983654110665358e-31
48,115,1.3087173046872582e-30
48,116,7.355608937642968e-31
48,117,3.815854809804515e-31
48,118,1.2389999811948953e-30
48,119,3.6591163330192484e-31
48,120,7.356108877018725e-31
48,121,2.1191896656407633e-30
48,122,1.480682233858604e-30
48,123,6.106226635438358e-16
48,124,1.2567820941042792e-30
48,125,1.0173554004705207e-30
48,126,1.3474359667680237e-30
48,127,1.5274505773113068e-30
48,128,1.0523228111272054e-30
48,129,1.3558546808486143e-31
48,130,1.941333214655848e-30
48,131,9.834870151733699e-31
48,132,7.579459019929387e-31
48,133,3.362142533284896e-31
48,134,0.0
48,135,2.4318762440801873e-30
48,136,1.3558546808486143e-31
48,137,5.203385821613764e-31
48,138,9.272585966798797e-31
48,139,4.214300293210925e-30
48,140,1.0978611946968416e-30
48,141,3.8931930426690454e-31
48,142,5.960798676745788e-31
48,143,9.759460992804912e-31
48,144,1.388931150293184e-30
48,145,9.588641823871225e-31
48,146,9.21592303365112e-31
48,147,1.4483822064205776e-30
48,148,8.479285199033044e-31
48,149,1.9384520269126132e-31
49,50,6.002244004638084e-30
49,51,1.952452747349033e-30
49,52,3.5172420722111584e-30
49,53,1.2997756183732815e-30
49,54,1.5026617182530584e-30
49,55,9.503047976243481e-31
49,56,2.1228722054041545e-30
49,57,9.334310375097847e-31
49,58,6.051074103177288e-31
49,59,9.211190357777679e-31
49,60,5.611427019061566e-31
49,61,1.3152364012482821e-30
49,62,1.2906428651880356e-30
49,63,1.2951518945039026e-30
49,64,2.8732134777800836e-30
49,65,1.9028621109350368e-30
49,66,7.377865592909385e-31
49,67,1.832737782429057e-30
49,68,2.458837187961406e-30
49,69,2.213418012088905e-30
49,70,2.143125868541531e-31
49,71,3.615079819979232e-30
49,72,1.793405803614927e-30
49,73,2.0818899549241616e-30
49,74,1.1471878740721077e-30
49,75,2.991093835076579e-30
49,76,2.143120910351332e-31
49,77,3.035914769901844e-16
49,78,2.5744721347454517e-30
49,79,1.8249482534012952e-30
49,80,1.5913252333571573e-30
49,81,1.35891451830622e-30
49,82,2.597179071036415e-30
49,83,4.99770040699508e-30
49,84,1.975168830237943e-30
49,85,1.3297141538602764e-30
49,86,4.2320732665025876e-30
49,87,2.4170056861450212e-30
49,88,4.7903190937070255e-30
49,89,7.257009961841767e-30
49,90,3.909373104971588e-30
49,91,1.248199671139229e-30
49,92,8.557380484294523e-31
49,93,1.10482284738257e-30
49,94,1.097838285148121e-30
49,95,1.0612616907183833e-30
49,96,2.5065795554070823e-30
49,97,2.3765125552417e-30
49,98,1.973752624843454e-30
49,99,8.158458175695744e-16
49,100,2.0042859370969857e-30
49,101,6.527391233527904e-31
49,102,2.0925750556361047e-30
49,103,3.0501585942055637e-30
49,104,2.1939488120650712e-30
49,105,1.1077568695950584e-30
49,106,9.716200027970744e-31
49,107,2.5194129584084873e-30
49,108,1.6389742355529288e-30
49,109,2.004526507721814e-30
49,110,1.903999803585238e-30
49,111,2.784042073903003e-30
49,112,2.124709887537979e-30
49,113,2.1043796555995716e-30
49,114,1.1617155504644991e-30
49,115,2.385603891693203e-30
49,116,1.8418690416493533e-30
49,117,2.7171919213137837e-31
49,118,1.1789943976828165e-30
49,119,4.213474635694043e-31
49,120,1.3924117399275715e-30
49,121,5.2655653708782814e-30
49,122,3.375421269723174e-30
49,123,4.767681634571495e-16
49,124,3.194137391686492e-30
49,125,2.1461032831325315e-30
49,126,3.413736354519182e-30
49,127,3.860672279070869e-30
49,128,2.531648407476801e-30
49,129,1.058637984956756e-31
49,130,2.4013478592907465e-30
49,131,2.3128846474840547e-30
49,132,1.090588691497309e-30
49,133,2.6739475884192534e-31
49,134,0.0
49,135,6.012723919102862e-30
49,136,1.058637984956756e-31
49,137,1.3611735707117812e-30
49,138,2.0426636429821677e-30
49,139,8.514326782748066e-30
49,140,1.8380621573314248e-30
49,141,8.767536016504975e-31
49,142,1.3213286855041304e-30
49,143,2.145355489557306e-30
49,144,3.468081841622405e-30
49,145,2.3468434667536384e-30
49,146,1.5244531611964169e-30
49,147,3.6506217584014986e-30
49,148,1.9264029569817254e-30
49,149,4.626935247172529e-31
50,51,2.5146021918008313e-30
50,52,4.765742696321747e-30
50,53,1.6741633655033918e-30
50,54,1.6140698348345947e-30
50,55,1.3474356820564242e-30
50,56,3.510460394168585e-30
50,57,1.5255200059379562e-30
50,58,4.805200271707349e-31
50,59,1.3691169266641555e-30
50,60,6.493398473267628e-31
50,61,4.0545450533311534e-16
50,62,1.6208381578561038e-30
50,63,1.9677236248002355e-30
50,64,3.862198159749291e-30
50,65,2.442073784543884e-30
50,66,8.95229251817585e-31
50,67,2.451536915582827e-30
50,68,2.26339973765452e-16
50,69,2.637026271694172e-30
50,70,2.8695422234802155e-31
50,71,4.1053982055117173e-16
50,72,2.4861036388051483e-30
50,73,3.232777324445671e-30
50,74,1.7518254570920918e-30
50,75,3.759601655289767e-30
50,76,2.8695355847025613e-31
50,77,4.685680459230491e-16
50,78,4.038376455230364e-30
50,79,2.7845035957347673e-30
50,80,1.8865426307383092e-30
50,81,1.5974703476653806e-30
50,82,3.227118597076604e-30
50,83,2.6696853245441897e-16
50,84,2.1838900912006493e-30
50,85,1.567596124215375e-30
50,86,5.507450383955522e-30
50,87,3.0838339710868753e-30
50,88,6.503720317121634e-30
50,89,6.87147909229923e-16
50,90,5.417214531974156e-30
50,91,1.769417945496348e-16
50,92,1.2347478890538847e-30
50,93,1.1436213043812747e-15
50,94,1.345794779911111e-30
50,95,1.4655073504103437e-30
50,96,3.646673659141943e-30
50,97,2.009061439145226e-16
50,98,1.980282448696662e-30
50,99,7.012778530366538e-16
50,100,3.3198440480915336e-16
50,101,1.1481495633828921e-30
50,102,2.8378264455593762e-30
50,103,5.5130082647138065e-30
50,104,3.732550952798341e-30
50,105,2.246486432892543e-30
50,106,9.45351278652259e-31
50,107,3.4112958092440026e-30
50,108,3.378719161928384e-16
50,109,1.880083150622575e-30
50,110,2.229139943661188e-30
50,111,3.745246245840263e-30
50,112,2.4373397210160813e-30
50,113,2.0071726110617387e-30
50,114,1.7199437656479522e-30
50,115,4.104637863530084e-30
50,116,2.3724570797393694e-30
50,117,6.098356220751309e-31
50,118,2.3427927756421075e-30
50,119,3.722189135620828e-31
50,120,2.6569778781736126e-30
50,121,6.659417774551842e-30
50,122,3.791603574736933e-30
50,123,9.090922085517276e-16
50,124,4.27547528381404e-30
50,125,7.102379953113349e-16
50,126,4.457288976290985e-30
50,127,3.9448084901699944e-16
50,128,3.0185430567990613e-30
50,129,1.9263613043878682e-31
50,130,2.1913387605951832e-30
50,131,2.906990915803828e-30
50,132,1.8885600647385863e-30
50,133,7.166798022383461e-31
50,134,0.0
50,135,1.1169787340792749e-16
50,136,1.9263613043878682e-31
50,137,1.5144108656083346e-30
50,138,2.7223323768594327e-30
50,139,2.397907451397016e-15
50,140,2.1746147976563133e-30
50,141,9.898768451582763e-31
50,142,1.7220119716545687e-30
50,143,2.8299071197174986e-30
50,144,4.62661756176802e-30
50,145,3.055622051680444e-30
50,146,3.220108926152509e-16
50,147,5.092124573814862e-30
50,148,2.6307875863992047e-30
50,149,6.876405365532311e-31
51,52,1.486453496908433e-30
51,53,5.536217454360129e-31
51,54,1.4329590747061081e-30
51,55,5.537962813927248e-31
51,56,9.301583692118778e-31
51,57,5.32701263053729e-31
51,58,3.9095023718604497e-31
51,59,3.738396931121675e-31
51,60,3.3794923097223326e-31
51,61,1.108615970735852e-30
51,62,5.601820251833749e-31
51,63,5.902860855857668e-31
51,64,1.3286911327653514e-30
51,65,8.63182723691277e-31
51,66,3.227798831850226e-31
51,67,7.90376190638802e-31
51,68,1.1467378026665116e-30
51,69,9.855494258359467e-31
51,70,8.983487258142939e-32
51,71,1.5407595591189198e-30
51,72,7.5643209534947555e-31
51,73,8.82850540521133e-31
51,74,4.850838445406734e-31
51,75,1.2656990749201868e-30
51,76,8.983466474558027e-32
51,77,2.993390897671336e-16
51,78,1.0992053267219108e-30
51,79,9.31643827243152e-31
51,80,1.3312426836810955e-30
51,81,6.290759328550744e-31
51,82,1.123286887764118e-30
51,83,2.0262604540736367e-30
51,84,8.883514585407117e-31
51,85,7.16302448391821e-31
51,86,1.8081070710892156e-30
51,87,1.0885339619946871e-30
51,88,1.988078903173608e-30
51,89,3.0952478244846012e-30
51,90,1.6353194313074728e-30
51,91,6.2145940105388245e-31
51,92,3.657208756074005e-31
51,93,1.004297011809093e-30
51,94,6.915824239635892e-31
51,95,9.082519062625779e-31
51,96,1.0116768087548479e-30
51,97,1.1024641820850717e-30
51,98,1.111298213351446e-30
51,99,1.7165875494458384e-16
51,100,8.923260710674278e-31
51,101,2.915862770647646e-31
51,102,9.114757035970687e-31
51,103,1.5183596150012317e-30
51,104,1.3205777489317007e-30
51,105,7.058041639531727e-31
51,106,5.677485773649926e-31
51,107,1.0465573937210264e-30
51,108,8.330238224459834e-31
51,109,1.0477960970142469e-30
51,110,9.194563403753777e-31
51,111,1.2783638300387367e-30
51,112,1.056024352411743e-30
51,113,1.260365628914214e-30
51,114,5.114739201586436e-31
51,115,1.1156183223028063e-30
51,116,7.875793331815029e-31
51,117,2.838615522881565e-31
51,118,1.0557877349985462e-30
51,119,3.830971978581141e-31
51,120,7.237002080636437e-31
51,121,2.290915440001291e-30
51,122,1.249512789520157e-16
51,123,6.111349805610003e-16
51,124,1.3647041469048467e-30
51,125,1.0656620515740127e-30
51,126,1.4539858465101442e-30
51,127,1.5683628717043536e-30
51,128,1.1650175984180448e-30
51,129,1.3569922531453407e-31
51,130,2.0838744215583796e-30
51,131,1.051079683494422e-30
51,132,6.434516432745906e-31
51,133,3.1987525149092343e-31
51,134,0.0
51,135,2.6395722949921858e-30
51,136,1.3569922531453407e-31
51,137,5.615585145041318e-31
51,138,1.0491063799524406e-30
51,139,4.489958303159993e-30
51,140,9.898860803950278e-31
51,141,4.485597445269363e-31
51,142,5.306856149575652e-31
51,143,9.252023337425949e-31
51,144,1.4582466623824616e-30
51,145,1.001896372967665e-30
51,146,8.180308126490437e-31
51,147,1.4933147749263056e-30
51,148,7.981924684703804e-31
51,149,1.936171693032578e-31
52,53,9.967407519854396e-31
52,54,1.2373243279216143e-30
52,55,7.48794712067606e-31
52,56,1.7222794624312024e-30
52,57,7.032770910970648e-31
52,58,4.56619561948909e-31
52,59,5.990909640693057e-31
52,60,3.7471253248318507e-31
52,61,1.1619524323195337e-30
52,62,9.62721721906549e-31
52,63,1.0955312277989677e-30
52,64,2.1866097874464685e-30
52,65,1.5309436451453449e-30
52,66,5.618922314489147e-31
52,67,1.4315849474203597e-30
52,68,1.8002459981470396e-30
52,69,1.6392836571323624e-30
52,70,1.6540787945834358e-31
52,71,2.7588951872686126e-30
52,72,1.4217316069531085e-30
52,73,1.5388984517619102e-30
52,74,9.075883655589098e-31
52,75,2.2602383546064465e-30
52,76,1.6540749678192743e-31
52,77,1.9428902930940294e-16
52,78,1.9536602610986284e-30
52,79,1.3843885878643897e-30
52,80,1.0271370018737599e-30
52,81,1.0038506916547378e-30
52,82,1.9974216055024102e-30
52,83,3.6315627840520855e-30
52,84,1.454869640042172e-30
52,85,9.706083398876542e-31
52,86,3.276230504304256e-30
52,87,1.8656905309965885e-30
52,88,3.71311920617987e-30
52,89,5.549610217637832e-30
52,90,3.043104914507188e-30
52,91,8.772285670841203e-31
52,92,6.821218316922505e-31
52,93,8.832450039907938e-31
52,94,9.322044245861514e-31
52,95,7.691524959180529e-31
52,96,1.9342243692937867e-30
52,97,1.9580671280949125e-30
52,98,1.5138149276334373e-30
52,99,1.5944364291470326e-16
52,100,1.6150360390805175e-30
52,101,5.06699654865051e-31
52,102,1.6581073651523847e-30
52,103,2.534471647129204e-30
52,104,1.7797002283605368e-30
52,105,9.168591373267029e-31
52,106,7.09428321323627e-31
52,107,1.993924120100917e-30
52,108,1.3761591832446591e-30
52,109,1.6708148998621458e-30
52,110,1.4295236698224056e-30
52,111,2.1096597827267153e-30
52,112,1.659938038175305e-30
52,113,1.5130912194768566e-30
52,114,8.609878573021925e-31
52,115,1.9718709527274227e-30
52,116,1.4189134274193467e-30
52,117,3.0946867219861506e-31
52,118,9.10801938255725e-31
52,119,3.3924160601277113e-31
52,120,1.2070300373768655e-30
52,121,4.030083651373331e-30
52,122,2.3111539086383435e-30
52,123,4.621532547029654e-16
52,124,2.464879048796206e-30
52,125,1.7389109062238278e-30
52,126,2.66100370865619e-30
52,127,2.8000546374962698e-30
52,128,2.095907540513061e-30
52,129,1.0261863685533739e-31
52,130,1.8544400985698845e-30
52,131,1.839005211125675e-30
52,132,8.643401778865273e-31
52,133,2.8344911953564897e-31
52,134,0.0
52,135,4.5699175238532056e-30
52,136,1.0261863685533739e-31
52,137,6.772736125614183e-31
52,138,1.78258019882965e-30
52,139,6.771282674414905e-30
52,140,1.4822436781984479e-30
52,141,5.675574291712386e-31
52,142,9.383916607525135e-31
52,143,1.5905017347452005e-30
52,144,2.6716381211441316e-30
52,145,1.7852255796320894e-30
52,146,1.3172450810079501e-30
52,147,2.8649338804998972e-30
52,148,1.4456376522788322e-30
52,149,3.6358318557620466e-31
53,54,5.894318450147618e-31
53,55,2.7595828058725683e-31
53,56,5.835822812359516e-31
53,57,2.3648746688065293e-31
53,58,1.9737102893756434e-31
53,59,2.3402534846416964e-31
53,60,1.590651450999004e-31
53,61,3.7815746969268395e-31
53,62,3.620482371564309e-31
53,63,3.704032971431953e-31
53,64,8.221359088299102e-31
53,65,5.476176033575243e-31
53,66,2.095411779493314e-31
53,67,5.169855272567949e-31
53,68,7.011674414367202e-31
53,69,6.268116825700848e-31
53,70,5.973900574781553e-32
53,71,1.0209104214858043e-30
53,72,5.052467715639174e-31
53,73,5.603394328248412e-31
53,74,3.1569990100658863e-31
53,75,8.381253984456379e-31
53,76,5.973886753971626e-32
53,77,9.121571936788332e-31
53,78,6.95064202400844e-31
53,79,4.837671457068263e-31
53,80,5.3682151470900525e-31
53,81,3.909296509467704e-31
53,82,7.3568807155746025e-31
53,83,1.3523420793565228e-30
53,84,5.544726924532655e-31
53,85,3.8519538392784226e-31
53,86,1.1926492211843172e-30
53,87,6.937570317578482e-31
53,88,1.3300752252216375e-30
53,89,2.032827686821545e-30
53,90,1.0875563027348764e-30
53,91,3.0730310914626375e-31
53,92,2.4144508660981e-31
53,93,3.3100386975970907e-31
53,94,2.7104089003307305e-31
53,95,3.6704716309214493e-31
53,96,6.8158802599424755e-31
53,97,6.791074628642952e-31
53,98,6.100113579205014e-31
53,99,2.5137201542460676e-30
53,100,5.478562076556141e-31
53,101,1.7708035689418245e-31
53,102,5.96966198252283e-31
53,103,8.527353120684063e-31
53,104,6.204403243449481e-31
53,105,3.1432541696133313e-31
53,106,2.991740540527682e-31
53,107,7.011957783529124e-31
53,108,4.706788532040708e-31
53,109,6.040768070170908e-31
53,110,5.561442359642084e-31
53,111,7.7979198906663455e-31
53,112,6.320690648180026e-31
53,113,6.483368058484223e-31
53,114,3.1051596083878656e-31
53,115,6.722153870456962e-31
53,116,5.190185888949948e-31
53,117,9.279790893930295e-32
53,118,3.508250325925699e-31
53,119,1.611401132685068e-31
53,120,3.946774712661444e-31
53,121,1.4906006163829719e-30
53,122,9.410113654732083e-31
53,123,2.220446049250312e-16
53,124,8.949750767297988e-31
53,125,6.301492283306733e-31
53,126,9.629598120472862e-31
53,127,1.0514012034644173e-30
53,128,7.3047783813037e-31
53,129,4.930380657631325e-32
53,130,8.83039375799336e-31
53,131,6.672450207115191e-31
53,132,2.9490804934065703e-31
53,133,1.1300980648609646e-31
53,134,0.0
53,135,1.710589037107964e-30
53,136,4.930380657631325e-32
53,137,3.5205117730955984e-31
53,138,6.155531018821569e-31
53,139,2.4921814591277902e-30
53,140,5.491388461592399e-31
53,141,2.416799836184975e-31
53,142,3.525504032353684e-31
53,143,5.933791176305342e-31
53,144,9.681937830321258e-31
53,145,6.568343415649965e-31
53,146,4.247530425381615e-31
53,147,1.0113410158335781e-30
53,148,5.242137953153837e-31
53,149,1.2755519953081004e-31
54,55,1.8155333504079464e-30
54,56,2.6260259862681386e-30
54,57,2.2773069681749772e-30
54,58,1.1707898337954277e-30
54,59,1.3313980615582093e-30
54,60,1.0588668069870478e-30
54,61,3.6921433897026984e-30
54,62,7.148186401264583e-31
54,63,1.4478251531920207e-30
54,64,3.9984644536554245e-30
54,65,2.0089412240194333e-30
54,66,3.4755667099624612e-31
54,67,1.4899160187241727e-30
54,68,2.425673169432517e-30
54,69,2.1392687031553547e-30
54,70,3.4107248988399596e-32
54,71,2.448620783691113e-30
54,72,6.221698917128407e-31
54,73,2.8367140450901498e-30
54,74,6.790459813519035e-31
54,75,1.0983729607186319e-30
54,76,3.4107170080188875e-32
54,77,3.522642101169233e-16
54,78,2.673343631219747e-30
54,79,3.0290717797791162e-30
54,80,4.760916901011661e-30
54,81,1.466299407681721e-30
54,82,1.1698850871510352e-30
54,83,2.2475017452029353e-30
54,84,2.431979203101281e-30
54,85,2.4346522076876094e-30
54,86,3.048645803238789e-30
54,87,2.3166270879797907e-30
54,88,1.0255447081578042e-30
54,89,3.4336981212273825e-30
54,90,2.2248759921710697e-30
54,91,2.3824143171196528e-30
54,92,8.402072517079104e-31
54,93,3.5653768929545636e-30
54,94,2.5747686260823045e-30
54,95,3.256488846686302e-30
54,96,2.8620446159639397e-30
54,97,2.189935431158961e-30
54,98,2.957379235890054e-30
54,99,7.604027337889165e-16
54,100,9.980962798852339e-31
54,101,1.3560444802679756e-30
54,102,1.3305489193899167e-30
54,103,3.8678338826986665e-30
54,104,5.106032660424643e-30
54,105,2.3281520226164956e-30
54,106,1.985444901632271e-30
54,107,1.1784778539460677e-30
54,108,2.77198114055437e-30
54,109,2.4090349743775595e-30
54,110,2.188266801169644e-30
54,111,1.7128872738731325e-30
54,112,2.1864812179585602e-30
54,113,3.850522748598359e-30
54,114,9.568799772414791e-31
54,115,4.093045116588355e-30
54,116,8.836204934787844e-31
54,117,1.0175463146276343e-30
54,118,3.682016666471791e-30
54,119,1.3447788808023836e-30
54,120,2.4044511719827216e-30
54,121,2.5809688665065212e-30
54,122,3.960645870356449e-30
54,123,2.3053241468612394e-15
54,124,2.794954743403571e-30
54,125,2.9533496379652426e-30
54,126,1.984297532620163e-30
54,127,1.9253258634358847e-30
54,128,1.4667315336808491e-30
54,129,5.11884789413939e-31
54,130,7.585487314146519e-30
54,131,2.2621095085256095e-30
54,132,2.2167050219020545e-30
54,133,1.2156595728351e-30
54,134,0.0
54,135,3.293854139663433e-30
54,136,5.11884789413939e-31
54,137,1.4799072755328923e-30
54,138,2.687811090634108e-30
54,139,9.519849357045334e-30
54,140,2.3078414820819885e-30
54,141,8.920327870160083e-31
54,142,6.846607320438761e-31
54,143,1.1436732195127698e-30
54,144,1.3365379416621007e-30
54,145,1.5679760775989066e-30
54,146,3.147718744223674e-30
54,147,1.8556974921266995e-30
54,148,1.362740093986798e-30
54,149,2.8576293762469832e-31
55,56,9.191452333860147e-31
55,57,7.780034084824414e-31
55,58,4.070311118719924e-31
55,59,4.87773150805461e-31
55,60,4.2235145347926805e-31
55,61,1.2698134069693803e-30
55,62,3.107195912286349e-31
55,63,6.7272292326378245e-31
55,64,1.415690194614065e-30
55,65,6.409001094376928e-31
55,66,1.7486595447165524e-31
55,67,4.734879713813579e-31
55,68,8.596506163535827e-31
55,69,6.932182750820832e-31
55,70,4.073599546994762e-32
55,71,1.1023999958476914e-30
55,72,4.202418711367138e-31
55,73,1.0345255441476184e-30
55,74,2.9359242797271407e-31
55,75,6.164673243270965e-31
55,76,4.0735901225920033e-32
55,77,2.558937633260451e-16
55,78,8.906467470211345e-31
55,79,1.2361357462949823e-30
55,80,1.4643632089441593e-30
55,81,5.877142323484097e-31
55,82,5.843373289206038e-31
55,83,1.1381099034361476e-30
55,84,7.553735198463089e-31
55,85,7.448784829732728e-31
55,86,1.0875369780979026e-30
55,87,7.236195164548822e-31
55,88,8.766253932997799e-31
55,89,1.5918906055487996e-30
55,90,7.477233151185801e-31
55,91,1.1489350263995596e-30
55,92,4.537028216028902e-31
55,93,1.3765967444673541e-30
55,94,8.549241544985832e-31
55,95,1.0768707943731822e-30
55,96,9.198461208924749e-31
55,97,7.316991024336462e-31
55,98,1.1056626322646427e-30
55,99,6.569634025515603e-16
55,100,4.581261246843243e-31
55,101,5.599774207211088e-31
55,102,8.294696908617461e-31
55,103,1.4318724100588735e-30
55,104,1.7254599221735634e-30
55,105,8.398484600327701e-31
55,106,6.53793572599612e-31
55,107,5.229820886314475e-31
55,108,9.685753213541893e-31
55,109,7.82154254151575e-31
55,110,7.921228101688288e-31
55,111,5.944953753692218e-31
55,112,1.0249579179764092e-30
55,113,1.3797113190083711e-30
55,114,3.2088018431631664e-31
55,115,1.2656838245685145e-30
55,116,4.062846861606975e-31
55,117,4.024777124597376e-31
55,118,1.337406425222737e-30
55,119,4.605703232653463e-31
55,120,7.690336496538829e-31
55,121,1.2371428605371464e-30
55,122,1.2729187308555477e-30
55,123,7.87910180613538e-16
55,124,7.566931907260246e-31
55,125,9.387213856757723e-31
55,126,7.775945399526724e-31
55,127,7.119641915497408e-31
55,128,5.977162429743602e-31
55,129,1.7495120477074322e-31
55,130,2.5209000542889606e-30
55,131,9.580716822178356e-31
55,132,7.057072133494418e-31
55,133,4.185171061028504e-31
55,134,0.0
55,135,1.5105333107866149e-30
55,136,1.7495120477074322e-31
55,137,4.938966153688324e-31
55,138,1.0977285027378149e-30
55,139,6.126635031298326e-30
55,140,8.392673934884518e-31
55,141,2.5957129418561004e-31
55,142,3.9369913166494427e-31
55,143,4.847089609884567e-31
55,144,6.74521753905524e-31
55,145,5.496987031769044e-31
55,146,1.1132146697129748e-30
55,147,7.935000101731647e-31
55,148,4.735183273011317e-31
55,149,1.1287082596500339e-31
56,57,1.3319308832173766e-30
56,58,4.903380963546011e-31
56,59,8.605935885314269e-31
56,60,5.274967768277952e-31
56,61,2.1824378350129085e-30
56,62,5.609153909644191e-31
56,63,8.242202205225898e-31
56,64,2.088687735121838e-30
56,65,1.12153317032301e-30
56,66,2.9262881506141195e-31
56,67,9.453255151969357e-31
56,68,1.1022565575732098e-30
56,69,1.0241600566303654e-30
56,70,1.0385356341787926e-31
56,71,1.597902454540053e-30
56,72,8.856597491495732e-31
56,73,1.9593371961056824e-30
56,74,8.137768159850575e-31
56,75,1.2777591721108471e-30
56,76,1.0385332314934077e-31
56,77,1.492366384220555e-16
56,78,2.1550709321951196e-30
56,79,1.8843916490316196e-30
56,80,2.4285963342795148e-30
56,81,6.19557377089913e-31
56,82,1.0656125691740604e-30
56,83,2.8364236763949037e-30
56,84,1.2027634050065036e-30
56,85,1.119391489821099e-30
56,86,2.0865133879271253e-30
56,87,1.1170448410712754e-30
56,88,2.4624471415045796e-30
56,89,3.263334768111874e-30
56,90,2.1667505855460904e-30
56,91,1.4417413727944713e-30
56,92,4.925088918589086e-31
56,93,1.9698959989774672e-30
56,94,1.2896869083716611e-30
56,95,1.6590491108671345e-30
56,96,1.9674231361604845e-30
56,97,1.3596246251290081e-30
56,98,1.2114887445079982e-30
56,99,3.5354328361705803e-16
56,100,1.1405597154973158e-30
56,101,7.104762649331751e-31
56,102,9.564488980978846e-31
56,103,3.2778975429458735e-30
56,104,2.9019009209919268e-30
56,105,1.5704587024958063e-30
56,106,8.514540411153631e-31
56,107,1.3421517865232517e-30
56,108,1.456850318592595e-30
56,109,8.929817017928609e-31
56,110,9.578904480516578e-31
56,111,1.4680662300192787e-30
56,112,8.800233266250895e-31
56,113,1.7734901192461723e-30
56,114,8.381759076460317e-31
56,115,2.5323456844716464e-30
56,116,8.141216542354542e-31
56,117,5.670008693668241e-31
56,118,2.131665963011032e-30
56,119,6.296531632463609e-31
56,120,1.7266414395314327e-30
56,121,2.221369779433408e-30
56,122,1.90206743750168e-30
56,123,1.1939737622056151e-15
56,124,1.8332271709009337e-30
56,125,1.4802538842826466e-30
56,126,1.604159066535427e-30
56,127,2.0589221628679446e-30
56,128,9.974896650858447e-31
56,129,2.651154323197992e-31
56,130,3.6037133359702276e-30
56,131,1.1338529897922247e-30
56,132,1.403626481926507e-30
56,133,7.134561754908216e-31
56,134,0.0
56,135,2.3530722951765014e-30
56,136,2.651154323197992e-31
56,137,7.040438257676571e-31
56,138,1.0706601410638942e-30
56,139,3.9295765749877566e-30
56,140,1.155794801688617e-30
56,141,5.827626437104422e-31
56,142,6.920458856531832e-31
56,143,1.0284325055453636e-30
56,144,1.7028949011510295e-30
56,145,1.1061454141941553e-30
56,146,2.0160067687841853e-30
56,147,2.0895160943605383e-30
56,148,1.1913776099432624e-30
56,149,3.1111166955687904e-31
57,58,4.265249116882659e-31
57,59,6.594851830214996e-31
57,60,4.008271418398725e-31
57,61,1.6737727112245088e-30
57,62,2.2029750515676065e-31
57,63,6.697257706244132e-31
57,64,1.676381403151248e-30
57,65,7.958065016470367e-31
57,66,1.1473112388344989e-31
57,67,5.707144000582223e-31
57,68,9.001704871874487e-31
57,69,7.785453103507814e-31
57,70,4.15071590452927e-32
57,71,1.0187560327970084e-30
57,72,3.862526494035142e-31
57,73,1.3521739450046875e-30
57,74,4.667394530017475e-31
57,75,5.0178979694750605e-31
57,76,4.1507063017153533e-32
57,77,3.5115191112877747e-16
57,78,1.3858660688824632e-30
57,79,1.4072653448298588e-30
57,80,1.9073197909594197e-30
57,81,5.4336354895691645e-31
57,82,4.003068909862455e-31
57,83,1.686556544625842e-30
57,84,9.338431156552233e-31
57,85,9.799738106186498e-31
57,86,1.3155320446553295e-30
57,87,8.823623344738e-31
57,88,1.1761492784912384e-30
57,89,1.2863175317708518e-30
57,90,1.1649793565525136e-30
57,91,1.1534250202849503e-30
57,92,4.783618741616339e-31
57,93,1.5882317745700962e-30
57,94,1.1252364121469268e-30
57,95,1.3326313030305475e-30
57,96,1.3747208661334976e-30
57,97,8.411401820910156e-31
57,98,1.046269477790577e-30
57,99,4.537421195513986e-16
57,100,6.126856792068407e-31
57,101,7.142545178133207e-31
57,102,5.554169833044527e-31
57,103,2.1956966870703955e-30
57,104,2.278208027154327e-30
57,105,1.0887775089005599e-30
57,106,8.27960381156033e-31
57,107,8.356479158332467e-31
57,108,1.1668546909547261e-30
57,109,7.978306707677817e-31
57,110,8.121245343572711e-31
57,111,8.37245932832996e-31
57,112,6.957921476359169e-31
57,113,1.4243594284726294e-30
57,114,5.389624464296998e-31
57,115,1.783280622409514e-30
57,116,3.4474908790444718e-31
57,117,4.644132400566674e-31
57,118,1.5642495904737224e-30
57,119,5.3313777238454215e-31
57,120,1.2575326805947497e-30
57,121,8.127024508961637e-31
57,122,1.6019790631444202e-30
57,123,9.73524589126005e-16
57,124,1.140982351573947e-30
57,125,1.1027456574956135e-30
57,126,8.979455033191923e-31
57,127,1.1515593710753256e-30
57,128,4.759011951159356e-31
57,129,2.161658827772874e-31
57,130,3.06867004454665e-30
57,131,1.0075386196443188e-30
57,132,9.533844492896308e-31
57,133,5.52533926403563e-31
57,134,0.0
57,135,9.819978553518457e-31
57,136,2.161658827772874e-31
57,137,5.879458357824161e-31
57,138,1.0099388932552775e-30
57,139,3.1658259840168204e-30
57,140,8.188602872085147e-31
57,141,3.322630350714339e-31
57,142,3.54793287898607e-31
57,143,4.509858990135403e-31
57,144,7.3147916602014055e-31
57,145,7.034448418316255e-31
57,146,1.4131646104862263e-30
57,147,1.11561345657481e-30
57,148,6.371180894007162e-31
57,149,1.7908494756847065e-31
58,59,2.631393013631449e-31
58,60,2.4384826069074034e-31
58,61,7.322677607333757e-31
58,62,2.277630113113872e-31
58,63,3.3270363619741972e-31
58,64,9.07185755277924e-31
58,65,4.901454458681834e-31
58,66,1.2637857788552614e-31
58,67,3.7962273474054842e-31
58,68,6.171920867232706e-31
58,69,5.47189132710932e-31
58,70,2.2359170016853096e-32
58,71,6.795107151182343e-31
58,72,2.2443457697627004e-31
58,73,5.723980918716104e-31
58,74,1.0775045537639228e-31
58,75,4.347935835353817e-31
58,76,2.2359118288198583e-32
58,77,8.221640294132934e-31
58,78,4.8105389408456335e-31
58,79,6.217523888204851e-31
58,80,1.032565297844382e-30
58,81,3.6911248676405266e-31
58,82,4.213786178270322e-31
58,83,5.458803357085396e-31
58,84,5.7728046189956295e-31
58,85,5.394737854699916e-31
58,86,7.989081669067711e-31
58,87,5.813334437334422e-31
58,88,4.611864454153585e-31
58,89,1.1176051772441465e-30
58,90,5.581269259814057e-31
58,91,4.902591173547232e-31
58,92,1.6903764015284693e-31
58,93,7.385419587180531e-31
58,94,5.23282510038831e-31
58,95,7.033589339248517e-31
58,96,5.7683871993824645e-31
58,97,5.4489478441932455e-31
58,98,7.3614170773944856e-31
58,99,1.3941302438542437e-30
58,100,2.318968091714075e-31
58,101,2.4303074566717694e-31
58,102,3.8311765094008394e-31
58,103,5.983094895461716e-31
58,104,1.0501080803031247e-30
58,105,4.478733898778356e-31
58,106,4.36088725354659e-31
58,107,3.0434315975959926e-31
58,108,6.130704008463864e-31
58,109,6.3328442795300775e-31
58,110,5.524264644128582e-31
58,111,4.364992838231123e-31
58,112,5.974080799828017e-31
58,113,9.1208549936815e-31
58,114,1.4924561809302731e-31
58,115,8.429711106297925e-31
58,116,2.8729052444685914e-31
58,117,2.0773951376672605e-31
58,118,7.754268255571033e-31
58,119,2.990717437477821e-31
58,120,4.029766195947692e-31
58,121,8.704045233779844e-31
58,122,9.458234595768186e-31
58,123,4.847302891456675e-16
58,124,6.703363341272273e-31
58,125,7.04115142326562e-31
58,126,5.700812456966566e-31
58,127,5.006740253212741e-31
58,128,4.723278605633319e-31
58,129,1.0763174554854602e-31
58,130,1.6580138343150302e-30
58,131,5.607421939974123e-31
58,132,4.565058931833275e-31
58,133,2.3863457297805005e-31
58,134,0.0
58,135,1.1003688402083384e-30
58,136,1.0763174554854602e-31
58,137,3.5409718497319982e-31
58,138,6.571847667102639e-31
58,139,2.5355527268616508e-30
58,140,5.961208209603935e-31
58,141,2.1470398176656023e-31
58,142,1.882311453990414e-31
58,143,3.2042196942819575e-31
58,144,4.573252414988283e-31
58,145,4.0011243293795605e-31
58,146,6.552746385418491e-31
58,147,4.846560867659814e-31
58,148,3.200418198545022e-31
58,149,5.493762188225662e-32
59,60,2.3154390010098913e-31
59,61,1.064042890573481e-30
59,62,2.1172564940411434e-31
59,63,4.155274060830749e-31
59,64,1.0435755413441345e-30
59,65,4.9820663570819816e-31
59,66,1.2936974771903114e-31
59,67,6.534948828825918e-31
59,68,7.426293690694878e-31
59,69,7.2147328242676075e-31
59,70,4.095335569192655e-32
59,71,8.288502120431761e-31
59,72,3.7805201385903547e-31
59,73,8.631973830070653e-31
59,74,3.230658682307072e-31
59,75,6.229912769401445e-31
59,76,4.095326094502914e-32
59,77,3.9951400994344624e-16
59,78,8.971753051895296e-31
59,79,9.238016862307536e-31
59,80,1.4267241961740273e-30
59,81,4.439933265729363e-31
59,82,4.822311374668537e-31
59,83,1.2574639429187044e-30
59,84,6.3692429228737185e-31
59,85,5.955875518838312e-31
59,86,8.770542083977633e-31
59,87,5.094917182271975e-31
59,88,1.0135905943706993e-30
59,89,1.3309532822180021e-30
59,90,8.449215212788369e-31
59,91,9.004254361581977e-31
59,92,3.020385344063363e-31
59,93,1.0050652570238893e-30
59,94,1.5561352520827306e-30
59,95,7.910439434075198e-31
59,96,8.45492545340028e-31
59,97,8.027856653851345e-31
59,98,6.647266015245947e-31
59,99,2.0253964504621827e-16
59,100,6.040790328161091e-31
59,101,4.585231738392795e-31
59,102,4.0281615003971755e-31
59,103,1.3830003392255419e-30
59,104,1.3524609748817519e-30
59,105,6.7475863547287004e-31
59,106,4.48403064424792e-31
59,107,6.692528658683843e-31
59,108,6.872781615238929e-31
59,109,6.236831521825528e-31
59,110,6.284298861229717e-31
59,111,5.745760732960038e-31
59,112,5.228084353595776e-31
59,113,1.1444123457242526e-30
59,114,3.5278126158516807e-31
59,115,1.0582791269993358e-30
59,116,3.4054807092610333e-31
59,117,3.0072273806602607e-31
59,118,9.742794702312148e-31
59,119,3.185459423083298e-31
59,120,7.80162593381402e-31
59,121,9.320160834413776e-31
59,122,1.3154621770192826e-30
59,123,5.775561153410712e-16
59,124,7.51662062840003e-31
59,125,6.653804969510145e-31
59,126,7.07600014003244e-31
59,127,1.0424726790248308e-30
59,128,4.2430354692417605e-31
59,129,1.28243219452944e-31
59,130,1.8424289861545897e-30
59,131,6.1661515856897095e-31
59,132,7.637590108202586e-31
59,133,3.2923760639423705e-31
59,134,0.0
59,135,1.177676595564965e-30
59,136,1.28243219452944e-31
59,137,1.1686916476559444e-30
59,138,8.845783897602583e-31
59,139,3.0363003665377563e-30
59,140,6.108914698501166e-31
59,141,2.256270167400317e-31
59,142,7.092522142867893e-31
59,143,3.5540288903799757e-31
59,144,6.577490625376019e-31
59,145,4.635957625989228e-31
59,146,8.981974218133163e-31
59,147,8.892706161117708e-31
59,148,4.547935184647125e-31
59,149,1.2330179073482078e-31
60,61,7.690399951788129e-31
60,62,1.809539415185683e-31
60,63,3.154831283282734e-31
60,64,8.069424094592388e-31
60,65,4.317472257388092e-31
60,66,1.0146749620187967e-31
60,67,3.427800138106842e-31
60,68,5.447465669047274e-31
60,69,4.870205020842711e-31
60,70,2.246908327089159e-32
60,71,5.37191025455885e-31
60,72,1.9521939007436914e-31
60,73,5.934591377630635e-31
60,74,1.6404768834136406e-31
60,75,3.700812572671936e-31
60,76,2.2469031287949253e-32
60,77,2.4825341532472746e-16
60,78,5.509330020415081e-31
60,79,6.536731387981856e-31
60,80,9.943451855797797e-31
60,81,2.959899966372332e-31
60,82,3.4882844357203757e-31
60,83,6.884022091428604e-31
60,84,4.817156819462448e-31
60,85,5.052049350250131e-31
60,86,6.591938949649746e-31
60,87,4.946060470817962e-31
60,88,4.940146549116325e-31
60,89,8.950023531333854e-31
60,90,4.603025523305881e-31
60,91,4.854248656224114e-31
60,92,1.569076405603032e-31
60,93,7.640282327175593e-31
60,94,6.736133120761035e-31
60,95,7.042616044036596e-31
60,96,5.6243807533145255e-31
60,97,4.596779887630261e-31
60,98,6.370525008345289e-31
60,99,4.0077744141301963e-16
60,100,3.2999292014989626e-31
60,101,2.2707782526850106e-31
60,102,3.609185317348473e-31
60,103,8.183327954163969e-31
60,104,1.0257312962804412e-30
60,105,5.15335443238415e-31
60,106,3.5846534648772743e-31
60,107,2.6197520616399034e-31
60,108,6.3094068741279855e-31
60,109,6.058634220181251e-31
60,110,4.867337135302546e-31
60,111,3.5000479805256954e-31
60,112,5.142568990148391e-31
60,113,8.21475181247329e-31
60,114,2.1433431392112763e-31
60,115,9.224215230262199e-31
60,116,2.306033862153185e-31
60,117,2.724830128955814e-31
60,118,8.247502423671794e-31
60,119,2.7529075966598087e-31
60,120,4.645360085149135e-31
60,121,6.987595948050653e-31
60,122,8.343512896506554e-31
60,123,4.693517090283436e-16
60,124,6.600739798617971e-31
60,125,7.000867788168272e-31
60,126,4.738754441293551e-31
60,127,5.194119166627303e-31
60,128,3.799219910112452e-31
60,129,1.0421701480208686e-31
60,130,1.5092701200981253e-30
60,131,4.793995754078959e-31
60,132,4.765625359209735e-31
60,133,2.479040329032097e-31
60,134,0.0
60,135,8.98296977623553e-31
60,136,1.0421701480208686e-31
60,137,3.2184174164552517e-31
60,138,5.9673018623997015e-31
60,139,2.7877105219149433e-30
60,140,6.249078004094771e-31
60,141,1.8409376771203024e-31
60,142,2.6310012893378434e-31
60,143,2.6324319658958743e-31
60,144,3.824139841102735e-31
60,145,2.9288368995321613e-31
60,146,6.792244105506341e-31
60,147,5.271600611512077e-31
60,148,3.294464444098806e-31
60,149,6.365635539572529e-32
61,62,4.131683632968523e-31
61,63,1.0026376960909682e-30
61,64,2.8085731050430054e-30
61,65,1.2324992567493943e-30
61,66,1.9334341551529462e-31
61,67,1.057072959827963e-30
61,68,1.5851890508482186e-30
61,69,1.3849953296188566e-30
61,70,6.59209145487153e-32
61,71,1.6401489069152765e-30
61,72,6.218265977685923e-31
61,73,2.309735680603475e-30
61,74,7.634691100386533e-31
61,75,7.853356403739195e-31
61,76,6.59207620385724e-32
61,77,4.503336797797564e-16
61,78,2.357127750515711e-30
61,79,2.5295277635974866e-30
61,80,3.403636628459863e-30
61,81,9.004753216499222e-31
61,82,6.531146957227008e-31
61,83,2.4441329929431707e-30
61,84,1.6741960335385046e-30
61,85,1.7985442485577366e-30
61,86,2.096196730200516e-30
61,87,1.4443159199712722e-30
61,88,1.706811582063968e-30
61,89,2.176339770198614e-30
61,90,1.9832970910649424e-30
61,91,1.7205989805635546e-30
61,92,5.27412276117357e-31
61,93,2.7438838888255288e-30
61,94,2.0332046392312107e-30
61,95,2.2528572433141578e-30
61,96,2.2589047131649206e-30
61,97,1.3726846524288452e-30
61,98,1.82299551775479e-30
61,99,3.7604707972092113e-16
61,100,9.242267782114972e-31
61,101,9.318745549627676e-31
61,102,8.360125649124975e-31
61,103,3.598985264682686e-30
61,104,3.781550267475952e-30
61,105,1.9396161635495567e-30
61,106,8.334008647575377e-17
61,107,1.071165015357903e-30
61,108,2.0975807696141366e-30
61,109,1.5348379396403578e-30
61,110,1.318055388011337e-30
61,111,1.405406164222072e-30
61,112,1.2733538037431381e-30
61,113,2.5569267393335153e-30
61,114,8.267849282565163e-31
61,115,3.219224433500715e-30
61,116,5.214797590524539e-31
61,117,7.520450359361387e-31
61,118,2.8529917826352364e-30
61,119,9.080110997538389e-31
61,120,2.0010536280059897e-30
61,121,1.2970047127485679e-30
61,122,3.1714735323191286e-16
61,123,1.6487723058392813e-15
61,124,2.073495570692407e-30
61,125,2.107558142058578e-30
61,126,1.356743015523327e-30
61,127,1.7259674340965855e-30
61,128,7.1389884402694645e-31
61,129,3.6610099526141632e-31
61,130,5.131994381591859e-30
61,131,1.4366367503627805e-30
61,132,1.7957321579432914e-30
61,133,9.300847701468518e-31
61,134,0.0
61,135,1.7805941085513954e-30
61,136,3.6610099526141632e-31
61,137,9.875032989535987e-31
61,138,1.6294610430400537e-30
61,139,5.839197180142163e-30
61,140,1.723033799775988e-30
61,141,5.93139093913161e-31
61,142,6.05850189150306e-31
61,143,7.3015258462770215e-31
61,144,1.2193317809806635e-30
61,145,9.390254334930028e-31
61,146,2.2043861936172606e-30
61,147,2.0153989903993347e-30
61,148,1.2301390640062921e-30
61,149,2.9349634682465503e-31
62,63,3.4569468133915367e-31
62,64,8.51356453006809e-31
62,65,5.454975353585062e-31
62,66,2.1207637113275235e-31
62,67,5.1862418251382125e-31
62,68,7.329151224562559e-31
62,69,6.35895021970858e-31
62,70,5.800076678083224e-32
62,71,1.007813523297677e-30
62,72,4.721284003436999e-31
62,73,5.3925552560628645e-31
62,74,2.895605620179827e-31
62,75,8.240903753555297e-31
62,76,5.800063259420438e-32
62,77,3.927683650008202e-16
62,78,6.789347327751823e-31
62,79,4.692163835163885e-31
62,80,6.5070697539463405e-31
62,81,4.135732494250441e-31
62,82,7.219729587146514e-31
62,83,1.2781154472344999e-30
62,84,6.334872598281178e-31
62,85,4.260409194138182e-31
62,86,1.148504876991599e-30
62,87,7.094393886546832e-31
62,88,1.248000216204478e-30
62,89,2.098341134205362e-30
62,90,1.0491994436809781e-30
62,91,3.238480603430726e-31
62,92,2.666150055898343e-31
62,93,4.340206982146882e-31
62,94,3.331392522421002e-31
62,95,4.565056107017851e-31
62,96,6.726327277412715e-31
62,97,7.439035834795658e-31
62,98,6.716116641366875e-31
62,99,2.219137167508337e-30
62,100,6.0687552922792805e-31
62,101,3.0005927301266307e-31
62,102,5.867364809096627e-31
62,103,7.429100288820352e-31
62,104,6.653208212912881e-31
62,105,3.5672964872458924e-31
62,106,3.6492512374964297e-31
62,107,6.406306334237835e-31
62,108,4.9238851449323326e-31
62,109,6.454772602610689e-31
62,110,5.788163353829175e-31
62,111,8.093818162224206e-31
62,112,6.5797918283333225e-31
62,113,7.415616116157469e-31
62,114,3.904012567795395e-31
62,115,6.549500352707994e-31
62,116,5.136907944572559e-31
62,117,1.746813855260587e-31
62,118,4.731331572206651e-31
62,119,1.9548409888837278e-31
62,120,2.929752888672133e-31
62,121,1.4987690175919368e-30
62,122,9.405503347685266e-31
62,123,2.690611474185621e-16
62,124,8.606982903006459e-31
62,125,6.58824298990161e-31
62,126,9.11462934980943e-31
62,127,1.0219529112679422e-30
62,128,7.759415757683609e-31
62,129,5.974357617923029e-32
62,130,1.0690407387312376e-30
62,131,6.453903680905941e-31
62,132,2.975800941410031e-31
62,133,1.1996778223338495e-31
62,134,0.0
62,135,1.6954116061075346e-30
62,136,5.974357617923029e-32
62,137,3.849036648404366e-31
62,138,6.709826594555006e-31
62,139,2.58196300930352e-30
62,140,5.782083563253522e-31
62,141,3.029731487373683e-31
62,142,4.10908459983642e-31
62,143,7.1627306404901105e-31
62,144,9.465212314567619e-31
62,145,6.947820471750833e-31
62,146,4.374232460014566e-31
62,147,9.32539125732569e-31
62,148,5.516674687300233e-31
62,149,1.189097306340067e-31
63,64,1.1223390209046654e-30
63,65,6.960455617741869e-31
63,66,2.1763596368792463e-31
63,67,5.686650575746792e-31
63,68,7.980072594797854e-31
63,69,6.624110993500892e-31
63,70,6.052642032270522e-32
63,71,1.1962923699363348e-30
63,72,6.2696755976224644e-31
63,73,7.95789808519239e-31
63,74,3.6297815262533324e-31
63,75,8.602606107172679e-31
63,76,6.052628029289716e-32
63,77,3.8871743104642385e-16
63,78,9.25243414481485e-31
63,79,8.440251555726204e-31
63,80,1.1858807101893166e-30
63,81,5.006518713994459e-31
63,82,8.018167396495608e-31
63,83,1.2931350534306737e-30
63,84,6.3295055247306755e-31
63,85,6.098306422694218e-31
63,86,1.2956767183556813e-30
63,87,7.910644829432903e-31
63,88,1.3978428249149975e-30
63,89,2.0082752776417236e-30
63,90,1.1467167088985079e-30
63,91,7.469432059505274e-31
63,92,3.3105732247989033e-31
63,93,9.962430862854598e-31
63,94,6.875376153154722e-31
63,95,8.353744703215202e-31
63,96,8.559796298075783e-31
63,97,6.821795033300561e-31
63,98,9.325168643172532e-31
63,99,4.840377826981497e-16
63,100,5.173294260448567e-31
63,101,4.568378671644232e-31
63,102,8.39987832179826e-31
63,103,1.3905941383722033e-30
63,104,1.3766973351329828e-30
63,105,6.440965849037006e-31
63,106,5.361773500123469e-31
63,107,7.840322736445093e-31
63,108,7.441914825137071e-31
63,109,7.487571757245809e-31
63,110,7.389180222932278e-31
63,111,7.3715494896872405e-31
63,112,9.270496880215993e-31
63,113,1.0898478000804955e-30
63,114,4.064476477141021e-31
63,115,1.0765861326724359e-30
63,116,5.534844989616578e-31
63,117,2.9193286170478945e-31
63,118,9.846445640673218e-31
63,119,3.6119058740624276e-31
63,120,8.140806405068692e-31
63,121,1.5611513129663536e-30
63,122,1.1162954161851317e-30
63,123,6.138887123359654e-16
63,124,9.810337620470768e-31
63,125,8.244560480146069e-31
63,126,1.0927164532664524e-30
63,127,1.0259672336531454e-30
63,128,6.957881530634777e-31
63,129,1.3631067659857571e-31
63,130,2.002622921856544e-30
63,131,8.952727983917318e-31
63,132,5.712148707465649e-31
63,133,3.325591176751553e-31
63,134,0.0
63,135,1.874679672873844e-30
63,136,1.3631067659857571e-31
63,137,4.12178258780486e-31
63,138,9.747011366463587e-31
63,139,5.4046469109529974e-30
63,140,8.40622849511552e-31
63,141,2.257028244750653e-31
63,142,3.832957182664111e-31
63,143,4.807405590831401e-31
63,144,9.775590924114008e-31
63,145,6.331878295065051e-31
63,146,8.527044545667677e-31
63,147,1.1612273519480456e-30
63,148,4.2866057618341455e-31
63,149,1.4083262074005455e-31
64,65,1.5748605341188258e-30
64,66,4.9867782391234265e-31
64,67,1.2590892691951664e-30
64,68,1.985315010709389e-30
64,69,1.773513318648725e-30
64,70,1.306496436774441e-31
64,71,2.5017456910527538e-30
64,72,1.1509630474686005e-30
64,73,2.183146772329033e-30
64,74,8.063533999997693e-31
64,75,1.9098988448796546e-30
64,76,1.3064934141531742e-31
64,77,7.495972784142509e-16
64,78,2.206619120768068e-30
64,79,2.3228631419460644e-30
64,80,3.5571040626907605e-30
64,81,1.2141755860489032e-30
64,82,1.7196282339237154e-30
64,83,3.023178526338472e-30
64,84,1.874978499911818e-30
64,85,1.785934052678114e-30
64,86,2.7889054238651557e-30
64,87,1.8828237368882174e-30
64,88,2.9284963884717517e-30
64,89,4.551354835201845e-30
64,90,2.3788737924972353e-30
64,91,1.7982175875014388e-30
64,92,6.196096392036984e-31
64,93,2.6972966203011035e-30
64,94,1.9110657999629182e-30
64,95,2.382902975784267e-30
64,96,2.137702896338359e-30
64,97,1.7388242860228758e-30
64,98,2.3861768349491434e-30
64,99,5.026748538604304e-16
64,100,1.1279595053469451e-30
64,101,9.961390833058974e-31
64,102,1.4737355907826541e-30
64,103,3.397918588497632e-30
64,104,3.767337683299709e-30
64,105,1.8072191345856062e-30
64,106,2.2304534269006114e-16
64,107,1.562520872261281e-30
64,108,2.062194406144394e-30
64,109,1.9954507546825645e-30
64,110,1.8051937544882165e-30
64,111,1.64928332608442e-30
64,112,2.013430491542641e-30
64,113,3.010419006920362e-30
64,114,8.270293015459432e-31
64,115,3.0441937680237207e-30
64,116,1.1809880751632067e-30
64,117,7.53686050366444e-31
64,118,2.802266535612829e-30
64,119,1.0025369800887221e-30
64,120,1.9153385430945295e-30
64,121,3.454613344985725e-30
64,122,3.57605592884474e-16
64,123,1.7035267175083681e-15
64,124,2.1394599850070075e-30
64,125,2.2619706156377067e-30
64,126,2.217218142388539e-30
64,127,2.3379440920201602e-30
64,128,1.7060430802362457e-30
64,129,3.782589169683813e-31
64,130,5.5968842749773066e-30
64,131,1.868839411433045e-30
64,132,1.710619908448868e-30
64,133,9.089561517501767e-31
64,134,0.0
64,135,4.185398249086201e-30
64,136,3.782589169683813e-31
64,137,1.3111081801883145e-30
64,138,2.1234153967348825e-30
64,139,9.290558671140981e-30
64,140,1.998219954174723e-30
64,141,6.842393996254864e-31
64,142,8.003367550675658e-31
64,143,1.3258367995973289e-30
64,144,2.125072621168396e-30
64,145,1.4782957431422054e-30
64,146,2.3156371083274094e-30
64,147,2.27151659532099e-30
64,148,1.1263992922509815e-30
64,149,3.093959919228126e-31
65,66,3.2890124660736413e-31
65,67,8.14216651084657e-31
65,68,1.2468182828968625e-30
65,69,1.1007680498662936e-30
65,70,8.627691615854511e-32
65,71,1.6253681209305535e-30
65,72,7.70059657285922e-31
65,73,1.0037416709368355e-30
65,74,4.559735599939538e-31
65,75,1.2752367509535495e-30
65,76,8.627671655414187e-32
65,77,4.0138142596977567e-16
65,78,1.0926634242389269e-30
65,79,1.0353237963168888e-30
65,80,1.8904680536428125e-30
65,81,7.084926504560651e-31
65,82,1.1546045373816651e-30
65,83,1.8837835336019015e-30
65,84,1.0766307008766602e-30
65,85,9.413647488019569e-31
65,86,1.861022421159871e-30
65,87,1.171468203024491e-30
65,88,1.9341666650224357e-30
65,89,3.0067644174152278e-30
65,90,1.5672527756105605e-30
65,91,8.292878239658023e-31
65,92,3.6365722711522444e-31
65,93,1.187789090095584e-30
65,94,9.332383404508884e-31
65,95,1.2508420371486043e-30
65,96,1.019485552081084e-30
65,97,1.0869641155979569e-30
65,98,1.323268855972714e-30
65,99,4.663021325282728e-16
65,100,7.247235563855695e-31
65,101,5.0430067146325114e-31
65,102,9.483100605336699e-31
65,103,1.6198974812329568e-30
65,104,1.790791991165589e-30
65,105,8.367417588769353e-31
65,106,7.424731780219075e-31
65,107,1.0470319522256276e-30
65,108,1.019592649533376e-30
65,109,1.2287073160417394e-30
65,110,1.0565003672119691e-30
65,111,1.081009549963648e-30
65,112,1.1818479814446307e-30
65,113,1.6060343932463207e-30
65,114,4.401710094771356e-31
65,115,1.507833085750727e-30
65,116,7.881008388763392e-31
65,117,3.479841230651495e-31
65,118,1.3124277833609835e-30
65,119,5.059574829360519e-31
65,120,9.423355685656934e-31
65,121,2.283212166336487e-30
65,122,1.837406160786109e-30
65,123,8.210283293514811e-16
65,124,1.4268226884298163e-30
65,125,1.281038967973075e-30
65,126,1.5032001841164182e-30
65,127,1.4886136978288017e-30
65,128,1.1474836648526427e-30
65,129,1.823049110231082e-31
65,130,2.8260548691734732e-30
65,131,1.1612227561459928e-30
65,132,8.69405982740838e-31
65,133,4.212058403933845e-31
65,134,0.0
65,135,2.7579746929849374e-30
65,136,1.823049110231082e-31
65,137,7.042929114425606e-31
65,138,1.17880904844466e-30
65,139,5.142038351764823e-30
65,140,1.1876184689862136e-30
65,141,5.243839250190834e-31
65,142,4.865792209573153e-31
65,143,8.126667820524982e-31
65,144,1.4126633914006713e-30
65,145,9.557531331730042e-31
65,146,1.2631838675959422e-30
65,147,1.5367901279374786e-30
65,148,7.344474620990219e-31
65,149,1.811761480442132e-31
66,67,3.013247729360386e-31
66,68,4.228577329651975e-31
66,69,3.7675600581871886e-31
66,70,3.3279764624104344e-32
66,71,5.952765016811967e-31
66,72,2.8293110466806494e-31
66,73,3.009229638556759e-31
66,74,1.5907761640925436e-31
66,75,4.825130364812103e-31
66,76,3.3279687630305146e-32
66,77,5.558719331717272e-31
66,78,3.490796769812524e-31
66,79,2.6853182578849e-31
66,80,3.294788838856112e-31
66,81,2.3894077622784467e-31
66,82,4.282564208471721e-31
66,83,7.28804871251206e-31
66,84,3.42229026337828e-31
66,85,2.4340859335264705e-31
66,86,6.8840953694325845e-31
66,87,4.151783246856436e-31
66,88,7.301045723344828e-31
66,89,1.1691247937399524e-30
66,90,6.026242489854373e-31
66,91,1.861544796350109e-31
66,92,1.3682997813424387e-31
66,93,2.0237922584193913e-31
66,94,1.7350309405308897e-31
66,95,2.2928113078154235e-31
66,96,3.7306053470940215e-31
66,97,4.016985729892515e-31
66,98,3.8689857047564024e-31
66,99,1.0958438486295909e-30
66,100,2.9902588027742063e-31
66,101,1.0065669766451565e-31
66,102,3.466399979038497e-31
66,103,3.316359652016996e-31
66,104,3.8160716312586737e-31
66,105,1.405248023420625e-31
66,106,1.9130059616257939e-31
66,107,3.8537776375984696e-31
66,108,2.894734212505307e-31
66,109,3.7880785066206822e-31
66,110,3.424119833765264e-31
66,111,4.381341625927672e-31
66,112,3.9040457448540104e-31
66,113,4.144801704017773e-31
66,114,1.5770626435903348e-31
66,115,3.8359129188574097e-31
66,116,2.9877722868031266e-31
66,117,5.26395798122433e-32
66,118,2.1900796007398727e-31
66,119,9.865574965202893e-32
66,120,1.5061510994790719e-31
66,121,8.672202280646996e-31
66,122,5.729289079975786e-31
66,123,1.1102230246251558e-16
66,124,5.16249248780285e-31
66,125,3.8863668365066445e-31
66,126,5.5220196731693695e-31
66,127,5.806095863823434e-31
66,128,4.327934412925431e-31
66,129,2.4651903288156624e-32
66,130,5.428877792868831e-31
66,131,3.970279239089934e-31
66,132,1.709045534383363e-31
66,133,2.484374978690591e-32
66,134,0.0
66,135,1.0098729143693786e-30
66,136,2.4651903288156624e-32
66,137,2.160079616211202e-31
66,138,3.826733141416519e-31
66,139,1.554787212497288e-30
66,140,3.3969648229614875e-31
66,141,1.4574493146337778e-31
66,142,1.9785403678753925e-31
66,143,3.3918770438744653e-31
66,144,5.444737138031741e-31
66,145,3.7760487982854388e-31
66,146,2.569788178699845e-31
66,147,5.532214908203771e-31
66,148,2.8981251562599238e-31
66,149,6.656161458597927e-32
67,68,1.0517105565672954e-30
67,69,9.395660175944244e-31
67,70,8.411876998397878e-32
67,71,1.4642022917755438e-30
67,72,7.188384970177962e-31
67,73,8.629133096418427e-31
67,74,4.638730018912248e-31
67,75,1.1890677686225669e-30
67,76,8.411857537251568e-32
67,77,1.7907186706472778e-16
67,78,1.0660457707230247e-30
67,79,8.710104614366769e-31
67,80,1.5413400220136923e-30
67,81,6.018026926391405e-31
67,82,1.0502039471768998e-30
67,83,1.9048331750592964e-30
67,84,9.017213620674439e-31
67,85,7.512449489546515e-31
67,86,1.6919354914692487e-30
67,87,1.0180448777017118e-30
67,88,1.86724405340715e-30
67,89,2.8786954579338955e-30
67,90,1.5325587778844427e-30
67,91,6.4026946528272785e-31
67,92,3.540305984870331e-31
67,93,9.38052263988798e-31
67,94,1.1490456749988096e-30
67,95,9.666839516147415e-31
67,96,9.617454207400668e-31
67,97,9.960814720219386e-31
67,98,1.0473790184712997e-30
67,99,4.154074181055221e-16
67,100,7.819974625395097e-31
67,101,3.1487396583434744e-31
67,102,8.630596627159184e-31
67,103,1.516441673933272e-30
67,104,1.3643556089542544e-30
67,105,7.36983754236598e-31
67,106,5.545173829106006e-31
67,107,9.837437429867968e-31
67,108,8.13600347195897e-31
67,109,1.020833459662502e-30
67,110,8.67572723465646e-31
67,111,1.098827402090508e-30
67,112,9.774763146283124e-31
67,113,1.2544644197290229e-30
67,114,4.557899565825357e-31
67,115,1.2558947261440633e-30
67,116,7.363581880686586e-31
67,117,3.012331468707439e-31
67,118,1.044235425053067e-30
67,119,3.820747754935666e-31
67,120,7.8544890502403915e-31
67,121,2.126794439530667e-30
67,122,1.57860183708323e-30
67,123,6.218735665977099e-16
67,124,1.2657662231348741e-30
67,125,1.0238371566950077e-30
67,126,1.3635545964712197e-30
67,127,1.4892327031528522e-30
67,128,1.089201645247716e-30
67,129,1.3808367040850873e-31
67,130,2.1255931385625783e-30
67,131,9.782779971543774e-31
67,132,7.683177072646207e-31
67,133,3.300876116605912e-31
67,134,0.0
67,135,2.471784085115597e-30
67,136,1.3808367040850873e-31
67,137,8.615126538330965e-31
67,138,1.0286678630420469e-30
67,139,3.997297992408764e-30
67,140,9.27350098449289e-31
67,141,3.593470360786561e-31
67,142,5.4508448205604795e-31
67,143,8.456353142731368e-31
67,144,1.364002630035869e-30
67,145,9.310200242235282e-31
67,146,8.756672267622357e-31
67,147,1.4215410311273522e-30
67,148,7.308321080077507e-31
67,149,1.8395503379459078e-31
68,69,1.4172501655220517e-30
68,70,1.093108735128768e-31
68,71,2.048519682596651e-30
68,72,9.266658163097785e-31
68,73,1.1901155969518048e-30
68,74,5.505703928911122e-31
68,75,1.6246147410278805e-30
68,76,1.0931062061867694e-31
68,77,7.778450546808164e-16
68,78,1.2505328291768895e-30
68,79,1.2952683284698752e-30
68,80,2.29026463579567e-30
68,81,9.103199945286984e-31
68,82,1.4572500250077251e-30
68,83,3.6697603003366274e-16
68,84,1.3782528671099275e-30
68,85,1.1788815254425957e-30
68,86,2.350283875274689e-30
68,87,1.5126968581689015e-30
68,88,2.406198516101992e-30
68,89,1.877432482083568e-16
68,90,1.979648909114593e-30
68,91,3.473705464896599e-16
68,92,5.128255322940984e-31
68,93,1.5441677738130576e-30
68,94,1.5354478853605917e-30
68,95,1.5147651445605213e-30
68,96,1.2725717017690137e-30
68,97,1.468942193851726e-30
68,98,1.6784409292724753e-30
68,99,7.082857045899047e-16
68,100,1.0977472902665806e-30
68,101,6.4048883391630435e-31
68,102,1.1608541750575413e-30
68,103,1.8384732209987103e-30
68,104,2.1474522470571305e-30
68,105,9.923757567276622e-31
68,106,5.722405508699795e-16
68,107,1.2756878974075353e-30
68,108,1.2888979693291468e-30
68,109,1.551426776881213e-30
68,110,1.3320345410371752e-30
68,111,1.611268711036381e-30
68,112,1.4872827436050342e-30
68,113,2.0160621115844975e-30
68,114,6.149650074470555e-31
68,115,1.8140950917304385e-30
68,116,1.0016974357208565e-30
68,117,4.2905274988107414e-31
68,118,1.6227542631409658e-30
68,119,6.2397382266430555e-31
68,120,9.959972322437029e-31
68,121,2.9528105026289482e-30
68,122,4.999977438385249e-16
68,123,9.923588709805547e-16
68,124,1.870752870924543e-30
68,125,1.5971993129506286e-30
68,126,1.866873752787909e-30
68,127,3.1225022751579576e-17
68,128,1.5382998955641073e-30
68,129,2.203479334507276e-31
68,130,3.450539595680254e-30
68,131,1.4358642089173282e-30
68,132,1.082715278127367e-30
68,133,4.964720010416407e-31
68,134,0.0
68,135,3.531016863850937e-30
68,136,2.203479334507276e-31
68,137,1.0140221374922597e-30
68,138,1.54004842534178e-30
68,139,6.2299789308893434e-30
68,140,1.5451103652169112e-30
68,141,7.476036465195657e-31
68,142,6.7167096183171985e-31
68,143,1.1961899842023998e-30
68,144,1.7967771172463588e-30
68,145,1.2794849763663457e-30
68,146,1.4471609207152624e-30
68,147,1.7879881978096466e-30
68,148,9.748751450921696e-31
68,149,2.22246226137076e-31
69,70,9.83280520244754e-32
69,71,1.837474782404751e-30
69,72,8.352291780514974e-31
69,73,1.0640530029293822e-30
69,74,5.049440066843348e-31
69,75,1.46224756898431e-30
69,76,9.832782453938416e-32
69,77,2.6303808327333827e-16
69,78,1.1630117800950428e-30
69,79,1.174931214733383e-30
69,80,2.024605481608057e-30
69,81,8.124961672601085e-31
69,82,1.3056280451000058e-30
69,83,2.2747191518217698e-30
69,84,1.220685843149223e-30
69,85,1.0587415517627256e-30
69,86,2.1042041279363665e-30
69,87,1.340765393749489e-30
69,88,2.1766248012106834e-30
69,89,3.485296456095729e-30
69,90,1.7852756322459228e-30
69,91,8.7104966813442e-31
69,92,3.898028165266401e-31
69,93,1.366786203388172e-30
69,94,1.3463749336772563e-30
69,95,1.3472844747008301e-30
69,96,1.1347474468528458e-30
69,97,1.2610843176545994e-30
69,98,1.4884301952846952e-30
69,99,1.8213770420226037e-16
69,100,8.888057088565578e-31
69,101,3.964469599679561e-31
69,102,1.0268356115201583e-30
69,103,1.7061457801632227e-30
69,104,1.9249011301377925e-30
69,105,9.022979573306109e-31
69,106,1.3603225033045137e-16
69,107,1.1540034823618113e-30
69,108,1.1820036948958461e-30
69,109,1.4067285408438349e-30
69,110,1.1994775013855081e-30
69,111,1.2819262022539342e-30
69,112,1.3123281903451065e-30
69,113,1.7946073272622078e-30
69,114,4.985256254933639e-31
69,115,1.637272007717713e-30
69,116,8.961890733415679e-31
69,117,3.912893547376931e-31
69,118,1.4598842033241363e-30
69,119,5.558375499751289e-31
69,120,9.08732048612332e-31
69,121,2.615839206717652e-30
69,122,3.625862557085337e-16
69,123,8.895867659473773e-16
69,124,1.6386667277597437e-30
69,125,1.4595169367574599e-30
69,126,1.675759838956489e-30
69,127,1.8099378882645192e-30
69,128,1.3267458190014361e-30
69,129,1.975279419913218e-31
69,130,3.0671634732137273e-30
69,131,1.2767318944683308e-30
69,132,9.294661144530386e-31
69,133,4.495266699504952e-31
69,134,0.0
69,135,3.156924985012584e-30
69,136,1.975279419913218e-31
69,137,9.944818837981554e-31
69,138,1.3486922431502421e-30
69,139,5.081216634578959e-30
69,140,1.3308851721988185e-30
69,141,4.850471775709663e-31
69,142,6.353135614382509e-31
69,143,9.816790836254344e-31
69,144,1.6124999597191643e-30
69,145,1.1182279330854906e-30
69,146,1.2410128891356168e-30
69,147,1.66794660574542e-30
69,148,8.781742837076954e-31
69,149,2.0263157606744044e-31
70,71,1.651071802512738e-31
70,72,8.430143853782267e-32
70,73,9.862398903250483e-32
70,74,5.546627437350723e-32
70,75,1.3641724135104554e-31
70,76,9.98381484566852e-33
70,77,1.3900230673546012e-31
70,78,1.2315511533381192e-31
70,79,8.538924402475368e-32
70,80,4.8239916785010713e-32
70,81,5.946882896841507e-32
70,82,1.1843594041654864e-31
70,83,2.314896855596278e-31
70,84,8.316762793628544e-32
70,85,5.658171713405152e-32
70,86,1.9544423482327864e-31
70,87,1.0932681361132644e-31
70,88,2.2463841121270424e-31
70,89,3.3189945179201605e-31
70,90,1.8355289119089141e-31
70,91,5.282848716209301e-32
70,92,4.0404231034508233e-32
70,93,5.315166260825483e-32
70,94,4.1228272399709497e-32
70,95,4.047518120042332e-32
70,96,1.1787398956653498e-31
70,97,1.0882827217205277e-31
70,98,8.143584395028937e-32
70,99,4.517804870753179e-31
70,100,9.311884593948052e-32
70,101,3.1130369283969533e-32
70,102,9.690737550495112e-32
70,103,1.5336199186091083e-31
70,104,1.0629428081906131e-31
70,105,5.615532283496478e-32
70,106,3.882639206145506e-32
70,107,1.1867263463287024e-31
70,108,7.499573734090796e-32
70,109,8.432785165905445e-32
70,110,8.33914801685422e-32
70,111,1.304360674542215e-31
70,112,9.28775477057873e-32
70,113,8.250316993449872e-32
70,114,5.457512174383328e-32
70,115,1.1678931664947844e-31
70,116,8.466559331513502e-32
70,117,1.3744700592414328e-32
70,118,5.683601826765355e-32
70,119,1.1093254874701449e-32
70,120,7.059704172598905e-32
70,121,2.4034207763547684e-31
70,122,1.4602754278946828e-31
70,123,5.94617556613465e-32
70,124,1.4763826162460347e-31
70,125,9.614855805275582e-32
70,126,1.5816552427407809e-31
70,127,1.7762338266474634e-31
70,128,1.1501731456338172e-31
70,129,0.0
70,130,7.165893963989717e-32
70,131,1.062942808190613e-31
70,132,5.210583413317665e-32
70,133,1.1093254874701444e-32
70,134,0.0
70,135,2.709523211975238e-31
70,136,0.0
70,137,5.348973790715169e-32
70,138,9.027391755620682e-32
70,139,3.555448420414949e-31
70,140,8.24244747197901e-32
70,141,3.772114475603436e-32
70,142,5.895432424688026e-32
70,143,9.750081262220589e-32
70,144,1.6113883480987266e-31
70,145,1.0769602418449336e-31
70,146,7.255807066282208e-32
70,147,1.719901756075449e-31
70,148,8.901143780057325e-32
70,149,2.218702813160766e-32
71,72,1.4365345643693267e-30
71,73,1.5668567408142044e-30
71,74,8.669849483715931e-31
71,75,2.3696829800266718e-30
71,76,1.6510679827053488e-31
71,77,7.541399820839307e-16
71,78,1.9056142339268013e-30
71,79,1.308849999819619e-30
71,80,2.150612820378217e-30
71,81,1.1774657168747465e-30
71,82,2.095831723391332e-30
71,83,5.47626986302187e-16
71,84,1.695355479763743e-30
71,85,1.2503358452451504e-30
71,86,3.3866568808221356e-30
71,87,2.011520917647628e-30
71,88,3.694286888142383e-30
71,89,5.650575720599949e-30
71,90,2.9979811645278895e-30
71,91,1.1883911428898757e-30
71,92,7.142416925353472e-31
71,93,1.5184678862910008e-30
71,94,1.171486276656825e-30
71,95,1.427010348434639e-30
71,96,1.8460990550454957e-30
71,97,1.9685919504939827e-30
71,98,1.9856249604427743e-30
71,99,7.725890485984212e-16
71,100,1.3839479411224026e-30
71,101,8.423862227763574e-31
71,102,1.7443221289837178e-30
71,103,2.531337493199606e-30
71,104,2.1185099376464702e-30
71,105,9.976670554106405e-31
71,106,6.051500236541501e-16
71,107,1.9704893759191846e-30
71,108,1.45342025903584e-30
71,109,1.831752323071267e-30
71,110,1.7183420323369214e-30
71,111,2.069797565959069e-30
71,112,1.966650266552127e-30
71,113,2.229070397792144e-30
71,114,8.028469609149347e-31
71,115,1.8549799832214817e-30
71,116,1.4606325425376102e-30
71,117,4.257345559887508e-31
71,118,1.5260674210209988e-30
71,119,6.35241454925689e-31
71,120,1.2915920375310178e-30
71,121,4.19509748836629e-30
71,122,5.564975606931869e-16
71,123,9.736296809822246e-16
71,124,2.520118185829627e-30
71,125,1.8758212769052097e-30
71,126,2.749426805954743e-30
71,127,1.0432472801417197e-15
71,128,1.983172685301526e-30
71,129,2.1618921785698246e-31
71,130,3.499984946041519e-30
71,131,1.994466802302974e-30
71,132,9.454116066254862e-31
71,133,4.945413402428155e-31
71,134,0.0
71,135,4.9132186038503174e-30
71,136,2.1618921785698246e-31
71,137,1.2236182481383064e-30
71,138,1.9964278855707384e-30
71,139,9.45502904598466e-30
71,140,1.8069744946852592e-30
71,141,6.29389770115382e-31
71,142,9.854571220458973e-31
71,143,1.6142524883735422e-30
71,144,2.6822908498291737e-30
71,145,1.8135650926857122e-30
71,146,1.3139710400981275e-30
71,147,2.8388106240077865e-30
71,148,1.3993867987494204e-30
71,149,3.49418641105054e-31
72,73,8.244562316871834e-31
72,74,4.715654086114037e-31
72,75,1.157993901155251e-30
72,76,8.430124350375004e-32
72,77,2.100090372495142e-16
72,78,1.0327695666072224e-30
72,79,6.98984675507973e-31
72,80,5.951999666078962e-31
72,81,5.131596392432645e-31
72,82,1.0193653030768031e-30
72,83,1.9203678435502727e-30
72,84,6.778331016889259e-31
72,85,4.781045457922349e-31
72,86,1.6826035811687036e-30
72,87,9.506014447332918e-31
72,88,1.9104839760356158e-30
72,89,2.7635169807174394e-30
72,90,1.554591338600509e-30
72,91,4.390929832640224e-31
72,92,3.5689679679763855e-31
72,93,4.6163761763880215e-31
72,94,3.4277645709380403e-31
72,95,4.153868673960925e-31
72,96,9.78847975021857e-31
72,97,8.956921443308475e-31
72,98,7.597841049224644e-31
72,99,3.477766360562689e-16
72,100,7.400888975617815e-31
72,101,3.0783522462200835e-31
72,102,8.618095860716183e-31
72,103,1.357742143826806e-30
72,104,9.549383178372727e-31
72,105,4.9814409022465475e-31
72,106,3.3751230233392706e-31
72,107,1.0225969208197736e-30
72,108,6.4376122728050225e-31
72,109,7.529293241771148e-31
72,110,7.491752829054496e-31
72,111,1.0771390222808205e-30
72,112,8.48742645910046e-31
72,113,7.452253647292838e-31
72,114,4.36538681717121e-31
72,115,1.0315928354525425e-30
72,116,7.226167240393109e-31
72,117,1.8409896608264886e-31
72,118,4.838871796336873e-31
72,119,1.7182644813430504e-31
72,120,6.667394915392141e-31
72,121,2.0430882009056573e-30
72,122,1.2909070129279788e-30
72,123,2.5476231888929277e-16
72,124,1.2614679809152721e-30
72,125,8.449440579575028e-31
72,126,1.3753698345809457e-30
72,127,1.4789120850637005e-30
72,128,9.550968049256504e-31
72,129,5.656859844755791e-32
72,130,9.275498841026639e-31
72,131,9.647044719030217e-31
72,132,4.512128102256446e-31
72,133,1.6404929043058728e-31
72,134,0.0
72,135,2.3334729056191185e-30
72,136,5.656859844755791e-32
72,137,4.558649378560499e-31
72,138,8.612955428819132e-31
72,139,3.9555011515244685e-30
72,140,7.999153393106008e-31
72,141,2.8761929274717904e-31
72,142,4.6637179032319104e-31
72,143,7.7634088880247265e-31
72,144,1.3592415980527061e-30
72,145,8.982774472432159e-31
72,146,6.443797930324572e-31
72,147,1.4724841146013292e-30
72,148,7.174617880557154e-31
72,149,1.8803525546396596e-31
73,74,7.69935199469448e-31
73,75,1.2823196593137185e-30
73,76,9.86237608627538e-32
73,77,2.4174509109056325e-16
73,78,2.0797505165365617e-30
73,79,1.9993367742015052e-30
73,80,2.6214260007986777e-30
73,81,7.215414208793339e-31
73,82,1.0698294554288127e-30
73,83,2.7915104801899936e-30
73,84,1.1630722755520644e-30
73,85,1.2554444077630186e-30
73,86,1.9511190208070014e-30
73,87,1.0811170416843174e-30
73,88,2.329876559989659e-30
73,89,3.128192503534932e-30
73,90,2.010757471990956e-30
73,91,1.4837139822362102e-30
73,92,4.714608061474827e-31
73,93,2.1753296000239386e-30
73,94,1.3926164582429776e-30
73,95,1.7532949325661124e-30
73,96,1.9144406741506118e-30
73,97,1.1933774166926021e-30
73,98,1.4481473106258704e-30
73,99,1.900611046990236e-16
73,100,1.0484813853683634e-30
73,101,7.062677211777867e-31
73,102,8.993933089518189e-31
73,103,3.197243218833605e-30
73,104,2.999734385192411e-30
73,105,1.5966005171663435e-30
73,106,2.559029506130929e-16
73,107,1.2725456760729933e-30
73,108,1.5585277459101939e-30
73,109,1.0894855590732443e-30
73,110,1.0640779293602359e-30
73,111,1.3886916480949294e-30
73,112,1.0979062814523446e-30
73,113,2.0328644471560493e-30
73,114,8.044363973188414e-31
73,115,2.5532505797896733e-30
73,116,7.844608898722112e-31
73,117,6.039084066258415e-31
73,118,2.2780908794792223e-30
73,119,7.017001383402107e-31
73,120,1.681449089961084e-30
73,121,2.176755011761917e-30
73,122,1.5777641410423015e-16
73,123,1.2867486052798753e-15
73,124,1.7007427745773187e-30
73,125,1.5533421270978857e-30
73,126,1.5109743966886022e-30
73,127,2.0547160216298083e-30
73,128,9.340487466083874e-31
73,129,2.8571558569720515e-31
73,130,3.953644641834011e-30
73,131,1.1336717687193208e-30
73,132,1.4210274692239976e-30
73,133,7.433471012937238e-31
73,134,0.0
73,135,2.4751414677893113e-30
73,136,2.8571558569720515e-31
73,137,9.378271173586008e-31
73,138,1.208213338711275e-30
73,139,5.045048056837929e-30
73,140,1.30604273430917e-30
73,141,4.588728422111788e-31
73,142,6.841471540710514e-31
73,143,9.719308267883081e-31
73,144,1.6065756488507848e-30
73,145,1.0443879629543638e-30
73,146,1.9148458116409882e-30
73,147,1.9913221747018628e-30
73,148,1.1318673390162339e-30
73,149,2.9403156849495242e-31
74,75,7.01863192235973e-31
74,76,5.546614605050857e-32
74,77,6.491064163169548e-31
74,78,9.203263545243636e-31
74,79,7.221043724927093e-31
74,80,6.175186458884319e-31
74,81,2.839949458360235e-31
74,82,5.91964257661002e-31
74,83,1.4276560639654507e-30
74,84,4.065925106383252e-31
74,85,3.7727795265108245e-31
74,86,1.0816571811245011e-30
74,87,5.602954422994132e-31
74,88,1.2984243531069124e-30
74,89,1.744146776584759e-30
74,90,1.0909012510351264e-30
74,91,4.736786527022101e-31
74,92,2.439838051072597e-31
74,93,6.53345585678851e-31
74,94,4.22554426298906e-31
74,95,4.563737349829846e-31
74,96,8.299811556161345e-31
74,97,5.836696382365266e-31
74,98,3.0262830412513525e-31
74,99,3.64408708475539e-30
74,100,5.59611095443142e-31
74,101,2.6751073080086576e-31
74,102,5.121313610712521e-31
74,103,1.3429859392487137e-30
74,104,9.870579425414758e-31
74,105,5.696576278310197e-31
74,106,2.299110736510215e-31
74,107,7.021565584011759e-31
74,108,5.279036140756207e-31
74,109,3.205209936090873e-31
74,110,3.906526629015371e-31
74,111,7.565530587225283e-31
74,112,3.8800989571717684e-31
74,113,4.208508710097522e-31
74,114,3.8045517592555733e-31
74,115,9.419299257598486e-31
74,116,4.438176251536097e-31
74,117,1.8342923513781235e-31
74,118,6.8047001375348675e-31
74,119,1.5409326953414793e-31
74,120,6.711359905388359e-31
74,121,1.2130906059239045e-30
74,122,7.848841170079515e-31
74,123,3.3422138886441657e-16
74,124,8.607774363678816e-31
74,125,5.340001861998441e-31
74,126,8.617035267997478e-31
74,127,1.0517171715110292e-30
74,128,5.393574757518482e-31
74,129,7.421205624789469e-32
74,130,9.157911101426076e-31
74,131,5.680443820248361e-31
74,132,4.7738343498613585e-31
74,133,2.2898433694828288e-31
74,134,0.0
74,135,1.2993812030202192e-30
74,136,7.421205624789469e-32
74,137,2.6650926176251076e-31
74,138,4.140007722519943e-31
74,139,1.4062937761952815e-30
74,140,4.2102437619514385e-31
74,141,1.917594623425896e-31
74,142,3.3942744558617065e-31
74,143,5.2429474095948315e-31
74,144,8.975530422029515e-31
74,145,5.857223833721199e-31
74,146,6.327675164524521e-31
74,147,1.0462696451602896e-30
74,148,5.534833224500763e-31
74,149,1.468404583411596e-31
75,76,1.364169257453973e-31
75,77,3.554447978966676e-16
75,78,1.5515360669943392e-30
75,79,1.0876756337006924e-30
75,80,1.091305666117234e-30
75,81,9.061034625623425e-31
75,82,1.7005720525335506e-30
75,83,3.1182631412029415e-30
75,84,1.2824925396893956e-30
75,85,8.927590544851457e-31
75,86,2.756142774981749e-30
75,87,1.5988458428792922e-30
75,88,3.043271937183304e-30
75,89,4.644924648246549e-30
75,90,2.478903014060437e-30
75,91,7.373063638138658e-31
75,92,5.466709491386067e-31
75,93,6.960627056982102e-31
75,94,6.294269529911751e-31
75,95,7.955408381508606e-31
75,96,1.550057908093105e-30
75,97,1.5314448615628291e-30
75,98,1.386484078158479e-30
75,99,1.35973995551052e-16
75,100,1.2151485310033378e-30
75,101,3.943664711757264e-31
75,102,1.366912129053821e-30
75,103,1.741285092213154e-30
75,104,1.4356414206451789e-30
75,105,6.266565401094132e-31
75,106,6.626956713411591e-31
75,107,1.610220546329448e-30
75,108,1.0855684723270137e-30
75,109,1.379462262894882e-30
75,110,1.2963843851602674e-30
75,111,1.7573775150573104e-30
75,112,1.4547809918631457e-30
75,113,1.4590146921393877e-30
75,114,6.8465934532779155e-31
75,115,1.5062512036856558e-30
75,116,1.1930058121255056e-30
75,117,1.9094004265502179e-31
75,118,7.540141288698474e-31
75,119,3.1903656018362792e-31
75,120,8.023205588262035e-31
75,121,3.422485838173115e-30
75,122,2.2864383051713947e-30
75,123,3.5272521090420395e-16
75,124,2.070828234545e-30
75,125,1.4475116277994148e-30
75,126,2.228928097035196e-30
75,127,2.4333398170708916e-30
75,128,1.6464900820220885e-30
75,129,7.832073010232239e-32
75,130,1.755880317538291e-30
75,131,1.5634107219239558e-30
75,132,6.979105494564686e-31
75,133,1.390932569991109e-31
75,134,0.0
75,135,3.9656658756018636e-30
75,136,7.832073010232239e-32
75,137,9.14706141333285e-31
75,138,1.3803695660517491e-30
75,139,5.7325237367307715e-30
75,140,1.332999362053147e-30
75,141,5.5127840918795076e-31
75,142,8.147868444008419e-31
75,143,1.3404312579230122e-30
75,144,2.2139291347904943e-30
75,145,1.4984427376891896e-30
75,146,9.969538516110924e-31
75,147,2.3189442778875633e-30
75,148,1.1929754412752455e-30
75,149,2.862419823668721e-31
76,77,1.390019851491805e-31
76,78,1.2315483041051614e-31
76,79,8.538904647400827e-32
76,80,4.82398051804213e-32
76,81,5.946869138537841e-32
76,82,1.1843566641121483e-31
76,83,2.31489150000841e-31
76,84,8.316743552531988e-32
76,85,5.658158623044039e-32
76,86,1.9544378265679431e-31
76,87,1.093265606802487e-31
76,88,2.2463789150455965e-31
76,89,3.318986839320257e-31
76,90,1.835524665354106e-31
76,91,5.282836494169938e-32
76,92,4.0404137558028263e-32
76,93,5.315153964018446e-32
76,94,4.1228177016783493e-32
76,95,4.0475087559797887e-32
76,96,1.1787371686129243e-31
76,97,1.0882802039436656e-31
76,98,8.143565554586141e-32
76,99,4.517794418667206e-31
76,100,9.311863050605405e-32
76,101,3.113029726286516e-32
76,102,9.690715130664041e-32
76,103,1.5336163705304066e-31
76,104,1.062940349038451e-31
76,105,5.615519291783047e-32
76,106,3.8826302235356e-32
76,107,1.1867236007993682e-31
76,108,7.499556383587247e-32
76,109,8.432765656387421e-32
76,110,8.339128723968737e-32
76,111,1.3043576568621024e-31
76,112,9.2877332830612e-32
76,113,8.250297906077797e-32
76,114,5.457499548254471e-32
76,115,1.1678904645366136e-31
76,116,8.466539743857868e-32
76,117,1.3744668793610177e-32
76,118,5.683588677570859e-32
76,119,1.1093229210101717e-32
76,120,7.059687839747648e-32
76,121,2.4034152159639805e-31
76,122,1.460272049500805e-31
76,123,5.946161809467418e-32
76,124,1.4763792005876615e-31
76,125,9.614833560999349e-32
76,126,1.5816515835308213e-31
76,127,1.7762297172737311e-31
76,128,1.1501704846714812e-31
76,129,0.0
76,130,7.165877385464984e-32
76,131,1.0629403490384506e-31
76,132,5.21057135846639e-32
76,133,1.1093229210101713e-32
76,134,0.0
76,135,2.709516943406681e-31
76,136,0.0
76,137,5.348961415693332e-32
76,138,9.027370870461309e-32
76,139,3.5554401947713843e-31
76,140,8.242428402813327e-32
76,141,3.772105748696027e-32
76,142,5.895418785416673e-32
76,143,9.750058705095942e-32
76,144,1.6113846201002776e-31
76,145,1.0769577502629906e-31
76,146,7.255790279740639e-32
76,147,1.7198977770277625e-31
76,148,8.901123186976678e-32
76,149,2.21869768012089e-32
77,78,4.245786650252758e-16
77,79,3.6772071707793206e-16
77,80,1.2516676025950746e-15
77,81,1.389512421408389e-16
77,82,4.44143429883643e-16
77,83,7.272278616284826e-16
77,84,5.351952269770276e-16
77,85,1.782634120687402e-16
77,86,3.9204750557075944e-16
77,87,1.5944364291470383e-16
77,88,5.48227511972704e-16
77,89,1.0047570795168836e-15
77,90,2.8744111503786773e-16
77,91,5.163447480893885e-16
77,92,4.2373084420542057e-16
77,93,6.78602893277903e-16
77,94,3.6932910569196363e-16
77,95,6.119223230423029e-16
77,96,3.7263863056628984e-16
77,97,5.885495200577408e-16
77,98,3.76750629596474e-16
77,99,9.036925135920547e-16
77,100,6.142586997591197e-16
77,101,6.574029810705882e-16
77,102,1.5700924586837764e-16
77,103,3.04047097224406e-16
77,104,4.0886516013572555e-16
77,105,2.9667321830339987e-16
77,106,8.585116668756274e-16
77,107,4.631159395138805e-16
77,108,4.942533216189739e-16
77,109,5.359060320243955e-16
77,110,6.379255420885914e-16
77,111,6.485639034947326e-16
77,112,3.421937179708946e-16
77,113,6.265018137771984e-16
77,114,5.382005793715205e-16
77,115,3.012630887268612e-16
77,116,2.5018537765542026e-16
77,117,4.19100001107273e-16
77,118,4.4343821139132427e-16
77,119,8.170791897240685e-31
77,120,3.8459253727671296e-16
77,121,4.089829038847856e-16
77,122,1.0787157787855972e-15
77,123,1.2760451379463255e-15
77,124,5.807257272795466e-16
77,125,5.085712118604433e-16
77,126,5.74882230075735e-16
77,127,6.1643002687053e-16
77,128,1.967515994399617e-16
77,129,2.8193052693834768e-31
77,130,3.9382425754889013e-16
77,131,8.229623288570323e-16
77,132,3.188872858294073e-16
77,133,6.110311432989977e-31
77,134,0.0
77,135,4.809951468053611e-16
77,136,2.8193052693834768e-31
77,137,5.147892387644518e-16
77,138,4.248054093218256e-16
77,139,1.7994627018913912e-15
77,140,8.02782063467968e-16
77,141,2.803175729971259e-16
77,142,4.490859106867627e-16
77,143,7.529903903397353e-16
77,144,1.5700924586837754e-16
77,145,4.967007407645018e-16
77,146,5.594315114139773e-16
77,147,7.53245618385185e-16
77,148,5.269563423986678e-16
77,149,2.6993743207493443e-31
78,79,2.029702736454528e-30
78,80,2.5396458175556685e-30
78,81,6.304726736799991e-31
78,82,1.2762413077422113e-30
78,83,3.3797095348260725e-30
78,84,1.0889350354987718e-30
78,85,1.2523499805108024e-30
78,86,2.4250510958471893e-30
78,87,1.2587405609822494e-30
78,88,2.9084092224673345e-30
78,89,3.8981824144989555e-30
78,90,2.500463485332891e-30
78,91,1.3636527699606191e-30
78,92,5.668838729533646e-31
78,93,2.0561315089282825e-30
78,94,1.329486269745957e-30
78,95,1.6962512697568213e-30
78,96,2.1361570840421834e-30
78,97,1.3309518761479063e-30
78,98,1.1568031809995419e-30
78,99,5.382005793715201e-16
78,100,1.287046398558471e-30
78,101,7.766854147603428e-31
78,102,1.1238881955946334e-30
78,103,3.572243980588732e-30
78,104,3.0265907516194353e-30
78,105,1.66890487755683e-30
78,106,8.480239605923869e-31
78,107,1.582726509138116e-30
78,108,1.539687963733311e-30
78,109,9.84343723953354e-31
78,110,9.192548324710813e-31
78,111,1.7324510664342588e-30
78,112,8.536920162357353e-31
78,113,1.7208536774920823e-30
78,114,9.429269100277045e-31
78,115,2.749400019640806e-30
78,116,9.673008839194134e-31
78,117,5.848306010137407e-31
78,118,2.188427283571444e-30
78,119,6.250059485957548e-31
78,120,1.8680526084915153e-30
78,121,2.637379987100342e-30
78,122,1.9880075682784905e-30
78,123,1.2063302474774449e-15
78,124,2.0392158969384677e-30
78,125,1.5624698467974152e-30
78,126,1.889152078673059e-30
78,127,2.4797398211668817e-30
78,128,1.1388069429057237e-30
78,129,2.6785912321024467e-31
78,130,3.6196740793059235e-30
78,131,1.2772369368204892e-30
78,132,1.4739710993897134e-30
78,133,7.370615622083831e-31
78,134,0.0
78,135,2.829014343408597e-30
78,136,2.6785912321024467e-31
78,137,8.550885993761346e-31
78,138,1.1574204402693177e-30
78,139,2.6485979270093492e-30
78,140,1.194779285729009e-30
78,141,4.848125940595908e-31
78,142,8.461095797889569e-31
78,143,1.2350181240059378e-30
78,144,2.009732016061102e-30
78,145,1.305756735558183e-30
78,146,1.8957276373603033e-30
78,147,2.439485910914038e-30
78,148,1.3376307508094272e-30
78,149,3.5274456391511044e-31
79,80,2.8107150028047507e-30
79,81,7.614697194958987e-31
79,82,9.416008813172933e-31
79,83,2.7313296566908958e-30
79,84,1.241487793075602e-30
79,85,1.4460268171657023e-30
79,86,1.8001555742036042e-30
79,87,1.194834381677559e-30
79,88,2.049772042182219e-30
79,89,2.7488120629916576e-30
79,90,1.872720126197904e-30
79,91,1.7340115421912046e-30
79,92,5.699553177409024e-31
79,93,2.422627313686002e-30
79,94,1.3992330788166497e-30
79,95,1.8642034106530152e-30
79,96,1.908305408021146e-30
79,97,1.1920793607984591e-30
79,98,1.580152616924365e-30
79,99,9.992007221626405e-16
79,100,1.202450467543154e-30
79,101,8.144090024808598e-31
79,102,9.36321372898483e-31
79,103,3.1597956035571596e-30
79,104,3.140746017901454e-30
79,105,1.645708460380858e-30
79,106,2.356160661902368e-16
79,107,1.1936546740403042e-30
79,108,1.693968200760869e-30
79,109,1.327060084815942e-30
79,110,1.1415221061002358e-30
79,111,1.426821738869738e-30
79,112,1.224767852617959e-30
79,113,2.153753739612554e-30
79,114,7.728006242589348e-31
79,115,2.6383687282584332e-30
79,116,6.74443271673348e-31
79,117,6.484968728169545e-31
79,118,2.4244711849393417e-30
79,119,7.575037036380929e-31
79,120,1.671494376737395e-30
79,121,1.9099539929397687e-30
79,122,3.927721958221535e-16
79,123,1.372708948607996e-15
79,124,1.7038630531845933e-30
79,125,1.6926441137487856e-30
79,126,1.3081622259914856e-30
79,127,1.7771271364407332e-30
79,128,1.0199164540136905e-30
79,129,3.048026161707178e-31
79,130,4.244157216829616e-30
79,131,1.262973004616165e-30
79,132,1.4965805217131678e-30
79,133,7.790045878621135e-31
79,134,0.0
79,135,2.2062101982313345e-30
79,136,3.048026161707178e-31
79,137,8.30002347215573e-31
79,138,1.3530318003060378e-30
79,139,7.04103046992081e-30
79,140,1.4085923600022088e-30
79,141,4.261795715515835e-31
79,142,7.516983846674672e-31
79,143,8.549465363937553e-31
79,144,1.3998775697330487e-30
79,145,9.092225248554158e-31
79,146,1.8925705077703686e-30
79,147,1.925397177657635e-30
79,148,1.0973333800717573e-30
79,149,2.7556118414999194e-31
80,81,1.3440838590744938e-30
80,82,1.09612496938881e-30
80,83,1.8117822485148362e-30
80,84,2.233283636898127e-30
80,85,2.2448821424317646e-30
80,86,2.6884448462595614e-30
80,87,2.1306096037399194e-30
80,88,9.88122469599531e-31
80,89,3.148888984705917e-30
80,90,2.144920183059398e-30
80,91,2.0918261787621084e-30
80,92,7.5293685013640254e-31
80,93,3.146005052896708e-30
80,94,1.8505187195251625e-30
80,95,2.9922628324226735e-30
80,96,2.5430674133262157e-30
80,97,1.9652262604242923e-30
80,98,2.5909200616861764e-30
80,99,8.999453816001515e-16
80,100,9.170304618478767e-31
80,101,1.1870674220617882e-30
80,102,1.0591810481466163e-30
80,103,3.406016785083098e-30
80,104,4.47946230871906e-30
80,105,2.192071896090371e-30
80,106,1.622306135090267e-30
80,107,8.808833850763725e-31
80,108,2.3709143427990533e-30
80,109,2.101074276274685e-30
80,110,1.9389385284085383e-30
80,111,1.4479139635085986e-30
80,112,1.833851303517172e-30
80,113,3.5941725364405686e-30
80,114,8.53786125360432e-31
80,115,3.813197170856481e-30
80,116,8.008812918844336e-31
80,117,8.514692073297495e-31
80,118,3.4222726084680176e-30
80,119,1.1838858414740784e-30
80,120,2.1094717155094637e-30
80,121,2.367057883243582e-30
80,122,3.889988211124479e-30
80,123,2.029452245732959e-15
80,124,2.8496916924003297e-30
80,125,2.788164745686078e-30
80,126,1.7690994299667158e-30
80,127,1.55441413964355e-30
80,128,1.1827209570949089e-30
80,129,4.506289221179927e-31
80,130,6.67831542609578e-30
80,131,1.8594402421700082e-30
80,132,2.3760877425028005e-30
80,133,1.0716336639920502e-30
80,134,0.0
80,135,3.158299561919145e-30
80,136,4.506289221179927e-31
80,137,1.643585029805761e-30
80,138,2.144398523318705e-30
80,139,7.417802647326025e-30
80,140,2.4951347404532282e-30
80,141,7.94744634811325e-31
80,142,8.36959709835756e-31
80,143,1.2344737542728158e-30
80,144,1.238782010062055e-30
80,145,1.378507384595259e-30
80,146,2.815966014961652e-30
80,147,1.904948300406804e-30
80,148,1.5273795639567106e-30
80,149,2.552486014657807e-31
81,82,8.147184032638394e-31
81,83,1.3192287180481478e-30
81,84,8.306116869453823e-31
81,85,6.947607828295864e-31
81,86,1.3217583606954935e-30
81,87,8.735366769221317e-31
81,88,1.2934225922724735e-30
81,89,2.1870117177378154e-30
81,90,1.0856201497706764e-30
81,91,6.954089254689103e-31
81,92,3.1837090538222546e-31
81,93,9.154940753350988e-31
81,94,6.142005057183509e-31
81,95,8.574039972336522e-31
81,96,7.455742049495511e-31
81,97,8.107552805435222e-31
81,98,1.0049764078125162e-30
81,99,4.652682298944612e-16
81,100,5.286432548295136e-31
81,101,3.8565171196005067e-31
81,102,6.893549800236631e-31
81,103,9.758637531201824e-31
81,104,1.284982480021468e-30
81,105,5.446182978146228e-31
81,106,5.71591945293706e-31
81,107,6.823471284527609e-31
81,108,7.539595573898019e-31
81,109,8.756790267387383e-31
81,110,7.911135256286894e-31
81,111,7.9110406458354e-31
81,112,8.963716221502631e-31
81,113,1.2129287631939898e-30
81,114,2.761978610606363e-31
81,115,9.940294616193423e-31
81,116,5.6042489423689055e-31
81,117,2.5005888949480095e-31
81,118,9.276677447822118e-31
81,119,3.743413360968895e-31
81,120,5.569469652246423e-31
81,121,1.6518294793048855e-30
81,122,1.3800872742121986e-30
81,123,5.922092897556701e-16
81,124,1.0199981227403757e-30
81,125,9.186892604036926e-31
81,126,1.0363148567200761e-30
81,127,1.0626021641714308e-30
81,128,8.248667078256121e-31
81,129,1.3149687777673125e-31
81,130,2.0834347068539675e-30
81,131,8.365386288425655e-31
81,132,5.952875909466459e-31
81,133,2.91077465671526e-31
81,134,0.0
81,135,1.986022304705732e-30
81,136,1.3149687777673125e-31
81,137,6.203643488581037e-31
81,138,9.161017566426005e-31
81,139,4.216718691957478e-30
81,140,7.938648260820243e-31
81,141,3.1996688898093535e-31
81,142,3.879341235923831e-31
81,143,6.375362813139516e-31
81,144,9.876023511108166e-31
81,145,7.1802270041252835e-31
81,146,7.94855604664549e-31
81,147,9.858247360168707e-31
81,148,5.388602863293554e-31
81,149,1.164313928715664e-31
82,83,2.6408922000078446e-30
82,84,1.1423710350255973e-30
82,85,8.206752179232951e-31
82,86,2.440024087485457e-30
82,87,1.4342437008523328e-30
82,88,2.6385621699208756e-30
82,89,4.061788009441129e-30
82,90,2.149087733746207e-30
82,91,6.440112848805628e-31
82,92,4.782750586755393e-31
82,93,6.722797591948177e-31
82,94,5.6825681427057055e-31
82,95,7.91199758590779e-31
82,96,1.3201757872218345e-30
82,97,1.3671566537390123e-30
82,98,1.3092043572762749e-30
82,99,4.370346839261504e-30
82,100,1.0464902812314456e-30
82,101,3.514533500489234e-31
82,102,1.2182847848291485e-30
82,103,1.4052738823763626e-30
82,104,1.3092800945518376e-30
82,105,5.017969039521297e-31
82,106,6.267886617271884e-31
82,107,1.4079325102770575e-30
82,108,9.9704199882696e-31
82,109,1.2967952437788059e-30
82,110,1.1850124590628408e-30
82,111,1.5334629894052816e-30
82,112,1.3444905696332547e-30
82,113,1.380946796833835e-30
82,114,5.594870252218411e-31
82,115,1.3374524349323772e-30
82,116,1.050896805821783e-30
82,117,2.2283736148751573e-31
82,118,7.283045197406702e-31
82,119,3.3139383035247194e-31
82,120,6.680552947506595e-31
82,121,3.0255647677826962e-30
82,122,2.0369127369348448e-30
82,123,4.008834857079381e-16
82,124,1.8318210007658736e-30
82,125,1.3344189640234167e-30
82,126,1.9765650698360613e-30
82,127,2.0736064845631616e-30
82,128,1.480521265339344e-30
82,129,8.90140152049886e-32
82,130,1.8076066392410178e-30
82,131,1.4268207201702307e-30
82,132,6.078142477007975e-31
82,133,1.5102442329636143e-31
82,134,0.0
82,135,3.536565515867013e-30
82,136,8.90140152049886e-32
82,137,7.353045018348322e-31
82,138,1.2921013336647628e-30
82,139,5.470950880075083e-30
82,140,1.2749073705333244e-30
82,141,4.846660011365431e-31
82,142,6.809975593818916e-31
82,143,1.1536745597721284e-30
82,144,1.9283034497792158e-30
82,145,1.3058984592846799e-30
82,146,9.135101405235888e-31
82,147,2.0154487579585076e-30
82,148,1.018306708134973e-30
82,149,2.435069234481608e-31
83,84,1.8737156312905423e-30
83,85,1.3654106072443058e-30
83,86,4.497860949278389e-30
83,87,2.3634761042176502e-30
83,88,5.350167437642113e-30
83,89,3.522879852106784e-16
83,90,4.343013351150971e-30
83,91,5.753845300692714e-16
83,92,9.947824849764211e-31
83,93,2.3120315144572485e-30
83,94,1.924290256503121e-30
83,95,1.4338408140774225e-30
83,96,3.086963688987995e-30
83,97,2.1325286606086056e-16
83,98,1.729533025433026e-30
83,99,7.560761109415236e-16
83,100,1.526657625698436e-16
83,101,9.692615691110527e-31
83,102,2.1351402477771894e-30
83,103,4.6548392608552414e-30
83,104,3.1422710755073063e-30
83,105,1.8679414826491376e-30
83,106,5.201972647453651e-16
83,107,2.8946675731731797e-30
83,108,1.813021046281142e-30
83,109,1.7256674233449302e-30
83,110,1.831155269637356e-30
83,111,3.06973821133036e-30
83,112,1.9311908588792307e-30
83,113,1.856872149667357e-30
83,114,1.4561406420210877e-30
83,115,2.9893936205983954e-30
83,116,1.9054566248259076e-30
83,117,6.415431884153576e-31
83,118,2.209442352567149e-30
83,119,5.536830023098361e-31
83,120,2.2342036194354076e-30
83,121,5.32143079296621e-30
83,122,7.349988771424204e-16
83,123,1.112758040143033e-15
83,124,3.43446377819434e-30
83,125,9.066115162562923e-17
83,126,3.626130131110341e-30
83,127,8.417610490000685e-16
83,128,2.3515986526124088e-30
83,129,2.3745458781485296e-31
83,130,3.0714084448455495e-30
83,131,2.427844382280876e-30
83,132,1.4937088066819535e-30
83,133,7.217463383370791e-31
83,134,0.0
83,135,3.730500677681397e-16
83,136,2.3745458781485296e-31
83,137,1.5676790127031868e-30
83,138,1.8536958288579356e-30
83,139,9.8577483614483e-16
83,140,1.8866541044369185e-30
83,141,8.912173030267989e-31
83,142,1.5030491429015754e-30
83,143,2.2149886020944534e-30
83,144,3.727607213160217e-30
83,145,2.452275212875149e-30
83,146,1.3879414015793111e-16
83,147,4.193886141772184e-30
83,148,2.2013530601991263e-30
83,149,5.586486345590923e-31
84,85,1.173169977068938e-30
84,86,1.869231244715169e-30
84,87,1.3266647438730347e-30
84,88,1.7768872314355954e-30
84,89,3.2395988546567726e-30
84,90,1.5682921317731163e-30
84,91,1.007523678200746e-30
84,92,4.337486309862925e-31
84,93,1.4498342349234902e-30
84,94,1.471968262384085e-30
84,95,1.4321178127620364e-30
84,96,1.2544161409773077e-30
84,97,1.2418808535541066e-30
84,98,1.5107818731057583e-30
84,99,3.6584265250124266e-16
84,100,8.581048647485348e-31
84,101,6.6773700286534074e-31
84,102,8.978638125801635e-31
84,103,1.590832515969208e-30
84,104,2.1163726686209304e-30
84,105,9.272814891814824e-31
84,106,1.688662199466889e-16
84,107,9.170890040199553e-31
84,108,1.2364569441468203e-30
84,109,1.3676052134760279e-30
84,110,1.1774641226865628e-30
84,111,1.1359636358110432e-30
84,112,1.2348242598913224e-30
84,113,1.896631038769819e-30
84,114,5.542555195437483e-31
84,115,1.68936888916345e-30
84,116,7.945905291718921e-31
84,117,4.144860072846702e-31
84,118,1.5169259146005297e-30
84,119,6.019769824538864e-31
84,120,9.514655488530086e-31
84,121,2.3394639634649802e-30
84,122,2.498969117973496e-16
84,123,9.720644932127633e-16
84,124,1.5253021943725894e-30
84,125,1.4341831517700112e-30
84,126,1.422868366680674e-30
84,127,1.5436754063799275e-30
84,128,1.2294313982907672e-30
84,129,2.1584167635707893e-31
84,130,3.4046931503634824e-30
84,131,1.1661874518878593e-30
84,132,9.794747731479634e-31
84,133,4.871693507239223e-31
84,134,0.0
84,135,2.824213971777437e-30
84,136,2.1584167635707893e-31
84,137,9.273079903622204e-31
84,138,1.3559523624241753e-30
84,139,4.642056911490345e-30
84,140,1.1786260061111669e-30
84,141,6.907007072038035e-31
84,142,6.790963245712056e-31
84,143,1.0619734461788999e-30
84,144,1.3849631631134768e-30
84,145,1.1057771235718959e-30
84,146,1.4945789831941956e-30
84,147,1.4063741422919856e-30
84,148,8.27561814720737e-31
84,149,1.6330950047331504e-31
85,86,1.4687108213591431e-30
85,87,1.127624464016526e-30
85,88,1.2558939483210807e-30
85,89,2.1806597753949555e-30
85,90,1.1015331090496772e-30
85,91,9.642756221861819e-31
85,92,2.8206233384104546e-31
85,93,1.6279859066951374e-30
85,94,1.1805247613797121e-30
85,95,1.4910820171978577e-30
85,96,1.3005504577378965e-30
85,97,9.555870088869171e-31
85,98,1.3730571325327482e-30
85,99,3.96720167891452e-16
85,100,5.477181583355066e-31
85,101,5.4304366732958585e-31
85,102,6.5108609889888e-31
85,103,1.8362393046131167e-30
85,104,2.263457439815702e-30
85,105,1.0713226788972309e-30
85,106,2.0074927687391284e-16
85,107,6.6996771548733475e-31
85,108,1.3105386717965469e-30
85,109,1.2728909658108015e-30
85,110,1.0105265237551996e-30
85,111,7.627445491525864e-31
85,112,1.0387746680206516e-30
85,113,1.7668155773716253e-30
85,114,4.302503029916143e-31
85,115,1.9082499121674135e-30
85,116,5.552449095190697e-31
85,117,4.429063240603455e-31
85,118,1.6719410292633468e-30
85,119,6.038635923387208e-31
85,120,1.0977780162397535e-30
85,121,1.6628366406200274e-30
85,122,2.670403816962441e-16
85,123,1.0254138141259667e-15
85,124,1.3847654628611604e-30
85,125,1.4063890814437173e-30
85,126,1.0599492393451331e-30
85,127,1.0258927827764665e-30
85,128,8.981033097180774e-31
85,129,2.276876052422699e-31
85,130,3.398912150717251e-30
85,131,9.93738387265184e-31
85,132,1.0617638948098611e-30
85,133,5.405581412122024e-31
85,134,0.0
85,135,2.068306119527361e-30
85,136,2.276876052422699e-31
85,137,7.353503698971819e-31
85,138,1.2141389283973518e-30
85,139,4.215271360885749e-30
85,140,1.1506747251085816e-30
85,141,3.80692076756265e-31
85,142,4.039632703696303e-31
85,143,6.1499378728443825e-31
85,144,9.447748062337517e-31
85,145,7.380589396938576e-31
85,146,1.3341246605892371e-30
85,147,1.0727941089772173e-30
85,148,6.668425787719605e-31
85,149,1.4457679543613609e-31
86,87,2.3063129404878705e-30
86,88,4.416937814722065e-30
86,89,6.553982199671705e-30
86,90,3.573727695866068e-30
86,91,1.3202978951905458e-30
86,92,7.96543420809045e-31
86,93,1.979597687141669e-30
86,94,1.3781694628779273e-30
86,95,1.8294426056938324e-30
86,96,2.2761889103161716e-30
86,97,2.180815320475065e-30
86,98,2.2763708055817417e-30
86,99,3.46944695195409e-18
86,100,1.7429476811273823e-30
86,101,7.7876481262237025e-31
86,102,1.968587679442401e-30
86,103,3.427390228052924e-30
86,104,2.799836602087068e-30
86,105,1.430276322739165e-30
86,106,1.1832248121716637e-30
86,107,2.3675928069908145e-30
86,108,1.6742755591867474e-30
86,109,2.1731309885649615e-30
86,110,1.9370265643571428e-30
86,111,2.5122172906368335e-30
86,112,2.204334457044432e-30
86,113,2.574158123390221e-30
86,114,1.0200417069798959e-30
86,115,2.3379525181055292e-30
86,116,1.7034058318826434e-30
86,117,5.618100266856137e-31
86,118,2.054155180335301e-30
86,119,7.846927131244604e-31
86,120,1.7508096420416174e-30
86,121,4.8765537954296364e-30
86,122,3.292208045463445e-30
86,123,1.269462354835524e-15
86,124,2.972951139725325e-30
86,125,2.2065398874244996e-30
86,126,3.22020782680492e-30
86,127,3.456672930812025e-30
86,128,2.366707209607664e-30
86,129,2.81877267046654e-31
86,130,4.331454510004965e-30
86,131,2.2981884385988527e-30
86,132,1.2384755924136652e-30
86,133,6.829058972816734e-31
86,134,0.0
86,135,5.6940536911052504e-30
86,136,2.81877267046654e-31
86,137,1.1983215351462382e-30
86,138,2.141973764126637e-30
86,139,9.05747710834607e-30
86,140,2.059021476456555e-30
86,141,7.591265371197693e-31
86,142,1.0976932720458259e-30
86,143,1.8245824436675516e-30
86,144,3.162182806736398e-30
86,145,2.1092302831249483e-30
86,146,1.7335952907790604e-30
86,147,3.385771789651787e-30
86,148,1.6847848240191752e-30
86,149,4.296639453926596e-31
87,88,2.4065540215350454e-30
87,89,3.8581940012930684e-30
87,90,1.9789382049656406e-30
87,91,8.916472205984242e-31
87,92,4.649615108936061e-31
87,93,1.3480802585562359e-30
87,94,1.0822617341380515e-30
87,95,1.4161865906027892e-30
87,96,1.2260828520375638e-30
87,97,1.3842085871327978e-30
87,98,1.5827568610229458e-30
87,99,4.0179730908538903e-16
87,100,9.398019231386121e-31
87,101,5.168026001092573e-31
87,102,1.1816102194916372e-30
87,103,1.8348831673912566e-30
87,104,2.0140294526508e-30
87,105,9.288282210008897e-31
87,106,8.935140755712404e-31
87,107,1.2767232056980982e-30
87,108,1.210366545544188e-30
87,109,1.482778883595927e-30
87,110,1.2733129490038498e-30
87,111,1.4274816793119195e-30
87,112,1.4325697007452942e-30
87,113,1.877707304048268e-30
87,114,5.137874304083605e-31
87,115,1.697535665366172e-30
87,116,9.928100959468123e-31
87,117,3.876562183704791e-31
87,118,1.453825740175079e-30
87,119,5.835918426523878e-31
87,120,1.0414109198303667e-30
87,121,2.8982175227575048e-30
87,122,2.151212067933304e-30
87,123,9.272774453926035e-16
87,124,1.7348337989593438e-30
87,125,1.5188097265850462e-30
87,126,1.8440486445707706e-30
87,127,1.8834847513540466e-30
87,128,1.4656795888539652e-30
87,129,2.0589695401809306e-31
87,130,3.266920224380407e-30
87,131,1.3872524940166806e-30
87,132,9.421848828892864e-31
87,133,4.669088291091299e-31
87,134,0.0
87,135,3.4258563855564216e-30
87,136,2.0589695401809306e-31
87,137,8.190410094428101e-31
87,138,1.4447869835280388e-30
87,139,5.8662672689177504e-30
87,140,1.3031743945000068e-30
87,141,5.3400655807420316e-31
87,142,6.348906229738304e-31
87,143,1.1027263539018483e-30
87,144,1.7901949999743553e-30
87,145,1.246555033107632e-30
87,146,1.2629495048582713e-30
87,147,1.834958775391505e-30
87,148,9.288608532058947e-31
87,149,2.2552299700343682e-31
88,89,7.323312997089379e-30
88,90,4.1677723502559154e-30
88,91,1.344182250884225e-30
88,92,9.260440007065645e-31
88,93,1.360428525510076e-30
88,94,1.0430622114115515e-30
88,95,9.585344331636895e-31
88,96,2.745327282065358e-30
88,97,2.367021893031161e-30
88,98,1.7171571074814766e-30
88,99,2.603703785810338e-16
88,100,2.091044737458488e-30
88,101,7.63288404510008e-31
88,102,2.1510752798082967e-30
88,103,3.825765491273157e-30
88,104,2.578772115778377e-30
88,105,1.3874779064454483e-30
88,106,8.125927071895975e-31
88,107,2.7503011953001503e-30
88,108,1.7069054336881473e-30
88,109,1.81306942265829e-30
88,110,1.8296354433790966e-30
88,111,2.9207847018049655e-30
88,112,2.0003990268950374e-30
88,113,1.7047759585656237e-30
88,114,1.2495403962839413e-30
88,115,2.712163113096755e-30
88,116,1.8876103633261054e-30
88,117,3.9071593298324483e-31
88,118,1.3767479050994118e-30
88,119,2.7382496043513225e-31
88,120,1.8386541095452267e-30
88,121,5.306790592384363e-30
88,122,3.368000566615357e-30
88,123,4.543783556006067e-16
88,124,3.348034325385851e-30
88,125,2.0963383518032445e-30
88,126,3.587739223850954e-30
88,127,4.0547281692530834e-30
88,128,2.485701019535065e-30
88,129,1.0089226245582216e-31
88,130,1.5390599886274788e-30
88,131,2.4434091953565784e-30
88,132,1.2590058936199226e-30
88,133,4.1144357413847185e-31
88,134,0.0
88,135,5.995984816349233e-30
88,136,1.0089226245582216e-31
88,137,1.1818425078973626e-30
88,138,1.9131369315086565e-30
88,139,7.615406688223346e-30
88,140,1.930375089665417e-30
88,141,7.957317469910934e-31
88,142,1.298295428471493e-30
88,143,2.1068604800844478e-30
88,144,3.617452509316091e-30
88,145,2.387704865615688e-30
88,146,1.7783533238049587e-30
88,147,3.955308142505094e-30
88,148,2.0085857478688924e-30
88,149,5.1473898307640015e-31
89,90,6.033497177305761e-30
89,91,1.7401810657328153e-30
89,92,1.3568233407298182e-30
89,93,1.8938601167602983e-30
89,94,2.1616947157878513e-30
89,95,2.074591621329152e-30
89,96,3.8326649915935e-30
89,97,3.9816950470842794e-30
89,98,3.405927131221993e-30
89,99,9.522630634451112e-16
89,100,3.248859308389794e-30
89,101,1.1177955692377672e-30
89,102,4.838915152592653e-16
89,103,4.688383960305445e-30
89,104,3.399911067787821e-30
89,105,1.8225692559675232e-30
89,106,5.772638780302158e-16
89,107,3.825214000076366e-30
89,108,2.649389704462659e-30
89,109,3.409241539214541e-30
89,110,3.0737676387214658e-30
89,111,4.4166330854677355e-30
89,112,3.492974330929238e-30
89,113,3.684882087054674e-30
89,114,1.869307263566734e-30
89,115,3.736541907551384e-30
89,116,2.880949646119575e-30
89,117,5.7504439321966975e-31
89,118,1.988058068235795e-30
89,119,9.178279684380574e-31
89,120,2.1014559044765272e-30
89,121,8.307075606057164e-30
89,122,3.9847986158279176e-16
89,123,1.262693130122787e-15
89,124,4.9316351453997036e-30
89,125,3.539849841147907e-30
89,126,5.263041738456429e-30
89,127,8.53988688098545e-16
89,128,4.213572652837144e-30
89,129,2.803741972196656e-31
89,130,5.086920761595629e-30
89,131,3.607978444572879e-30
89,132,1.6120859255103977e-30
89,133,6.3113223770416935e-31
89,134,0.0
89,135,9.455771114492582e-30
89,136,2.803741972196656e-31
89,137,2.0611512285007902e-30
89,138,3.551517401397346e-30
89,139,1.3827192071815768e-29
89,140,2.9109767070883953e-30
89,141,1.4888703810542722e-30
89,142,2.083957038036239e-30
89,143,3.5229601062907814e-30
89,144,5.38496889268699e-30
89,145,3.722782740287784e-30
89,146,2.321494689722049e-30
89,147,5.549268272348809e-30
89,148,3.0003474362168862e-30
89,149,7.05727732703403e-31
90,91,1.1694597237931003e-30
90,92,7.523898244118642e-31
90,93,1.6811365261477687e-30
90,94,9.807851950469476e-31
90,95,1.3516526317057913e-30
90,96,2.2922562256176506e-30
90,97,1.976815949253976e-30
90,98,1.6381678166644797e-30
90,99,4.712321323804737e-16
90,100,1.748863107864166e-30
90,101,7.001003366205928e-31
90,102,1.7639236004281597e-30
90,103,3.514850346566289e-30
90,104,2.5040421171491502e-30
90,105,1.4418580255863187e-30
90,106,8.344955915432194e-31
90,107,2.2166932506305566e-30
90,108,1.3890146068704066e-30
90,109,1.643087313042606e-30
90,110,1.528519511998998e-30
90,111,2.4219071062323335e-30
90,112,1.7151575198134117e-30
90,113,1.8447807320166795e-30
90,114,1.0712320449048037e-30
90,115,2.4851546167734157e-30
90,116,1.5404073142753241e-30
90,117,4.705474823594208e-31
90,118,1.7300033353683714e-30
90,119,5.518628689918275e-31
90,120,1.7390278774946932e-30
90,121,4.35688066132356e-30
90,122,2.6886622277143145e-30
90,123,9.651051079308803e-16
90,124,2.716747219520223e-30
90,125,1.7452908100856825e-30
90,126,2.8937510711286537e-30
90,127,3.288640601581933e-30
90,128,2.0840944578332584e-30
90,129,2.1429638240164214e-31
90,130,3.1115764245153068e-30
90,131,1.9389513365950646e-30
90,132,1.2592560358554008e-30
90,133,5.8880338993010905e-31
90,134,0.0
90,135,4.911686132902656e-30
90,136,2.1429638240164214e-31
90,137,1.0691033359557207e-30
90,138,1.663014954014246e-30
90,139,6.702229254130375e-30
90,140,1.5254806684733373e-30
90,141,6.801005999009457e-31
90,142,1.0839554887174874e-30
90,143,1.7744956426186445e-30
90,144,2.9578951403386713e-30
90,145,1.9625722873093756e-30
90,146,1.5490470497982075e-30
90,147,3.2209047335850885e-30
90,148,1.6644670681576296e-30
90,149,4.287633988670761e-31
91,92,6.672110326862632e-31
91,93,1.8364880738053834e-30
91,94,1.285596515857433e-30
91,95,1.363647868747933e-30
91,96,1.3631277110987019e-30
91,97,1.1392837360926874e-30
91,98,1.2730165383141167e-30
91,99,1.0463791038516451e-15
91,100,1.0632557311124722e-30
91,101,8.630031284071705e-31
91,102,9.464404411357011e-31
91,103,2.208758691371035e-30
91,104,2.352123359283827e-30
91,105,1.1765311104659387e-30
91,106,4.020547370866047e-16
91,107,9.22326946922886e-31
91,108,1.2252381196104124e-30
91,109,8.789366220058486e-31
91,110,9.52475951077639e-31
91,111,8.820478117930026e-31
91,112,1.0937886006428616e-30
91,113,1.756426276335231e-30
91,114,5.0627529327930126e-31
91,115,1.7281726591090343e-30
91,116,4.370762359320287e-31
91,117,4.852731255649996e-31
91,118,1.7545251625323754e-30
91,119,5.853004924149317e-31
91,120,1.198118638954025e-30
91,121,1.2785283213890176e-30
91,122,6.701069734843994e-16
91,123,1.041331615470937e-15
91,124,1.1381311937671837e-30
91,125,1.2288412285518116e-30
91,126,8.79444941809847e-31
91,127,5.426995824076323e-16
91,128,6.9014535319109125e-31
91,129,2.3122206715318895e-31
91,130,3.2833287876945984e-30
91,131,1.1884958349176088e-30
91,132,1.0576914155570767e-30
91,133,5.776188285259969e-31
91,134,0.0
91,135,1.6386971853490176e-30
91,136,2.3122206715318895e-31
91,137,9.325087848608742e-31
91,138,1.148486195248856e-30
91,139,7.04026169419629e-30
91,140,1.0625728494067804e-30
91,141,4.558417463567023e-31
91,142,7.188627912306236e-31
91,143,5.339612363097954e-31
91,144,8.53343755751341e-31
91,145,6.739684628666083e-31
91,146,1.6096970442096406e-30
91,147,1.2030234233410407e-30
91,148,7.221606432468173e-31
91,149,1.8134998128775188e-31
92,93,6.225882741051766e-31
92,94,4.588987142580677e-31
92,95,4.8693450243596525e-31
92,96,5.4314114614116504e-31
92,97,4.851509313653124e-31
92,98,4.925947516885429e-31
92,99,4.461039669187529e-16
92,100,3.7031045705313053e-31
92,101,4.814357937223441e-31
92,102,4.671233539174637e-31
92,103,8.6423958727416e-31
92,104,7.638275539283119e-31
92,105,3.656376897993382e-31
92,106,3.8561978384423617e-31
92,107,5.301261851483977e-31
92,108,4.060842114573382e-31
92,109,3.7455734929080453e-31
92,110,3.8941424131979515e-31
92,111,5.217229848340358e-31
92,112,5.025972262041131e-31
92,113,6.184101364761836e-31
92,114,2.4908694484527137e-31
92,115,5.340816206476398e-31
92,116,3.441284329856658e-31
92,117,1.932354933570134e-31
92,118,4.230799937897596e-31
92,119,1.8059493805048784e-31
92,120,4.979217211752245e-31
92,121,9.913366250830923e-31
92,122,7.145740606964371e-31
92,123,3.1199744401669273e-16
92,124,6.049416449975253e-31
92,125,4.426395251648198e-31
92,126,6.521175681295589e-31
92,127,7.268612864391013e-31
92,128,4.88621495903865e-31
92,129,6.927734919430615e-32
92,130,1.048381493714396e-30
92,131,5.996085388301699e-31
92,132,2.793741104956562e-31
92,133,1.7659497891917214e-31
92,134,0.0
92,135,1.096127067444974e-30
92,136,6.927734919430615e-32
92,137,2.5943938189460908e-31
92,138,6.200042466878124e-31
92,139,2.876907162441826e-30
92,140,3.8930147307021878e-31
92,141,1.922168626514963e-31
92,142,2.4540650064214054e-31
92,143,4.774943712069715e-31
92,144,6.513402484840015e-31
92,145,4.480007267257425e-31
92,146,5.879078809149467e-31
92,147,7.228924166796864e-31
92,148,3.5374187064867832e-31
92,149,9.52091711192903e-32
93,94,1.675638794828597e-30
93,95,2.154646837379409e-30
93,96,2.0437173917378148e-30
93,97,1.4926375209318477e-30
93,98,1.8811028804576055e-30
93,99,5.497513588186641e-16
93,100,1.0281546742787723e-30
93,101,9.48101257755684e-31
93,102,9.539128557643466e-31
93,103,3.212376498909871e-30
93,104,3.568167014339069e-30
93,105,1.789565123415213e-30
93,106,6.166863043143385e-16
93,107,1.0047341838174917e-30
93,108,1.9966646852542227e-30
93,109,1.5406919459207048e-30
93,110,1.360635393124117e-30
93,111,1.2666721742431085e-30
93,112,1.4361920863216404e-30
93,113,2.5863003985612377e-30
93,114,7.108038167759137e-31
93,115,2.9011236732930352e-30
93,116,4.809238184355341e-31
93,117,7.443853991915914e-31
93,118,2.7348432657788438e-30
93,119,8.91020849486125e-31
93,120,1.7674674445798028e-30
93,121,1.3930186009521105e-30
93,122,6.487407752050164e-16
93,123,1.5873241161604645e-15
93,124,1.813082433939845e-30
93,125,1.9611913088042034e-30
93,126,1.251850881801885e-30
93,127,1.4991700611094802e-30
93,128,8.348520951300518e-31
93,129,3.5245675626082497e-31
93,130,4.979421539100612e-30
93,131,1.502972063871338e-30
93,132,1.6190487029885515e-30
93,133,8.770156076960319e-31
93,134,0.0
93,135,1.9285752660156474e-30
93,136,3.5245675626082497e-31
93,137,9.499469021180436e-31
93,138,1.6508238691135078e-30
93,139,6.676117648035002e-30
93,140,1.583607912468307e-30
93,141,4.74529150374453e-31
93,142,6.598926919056006e-31
93,143,7.047756621564889e-31
93,144,1.005524838104643e-30
93,145,8.984913776824854e-31
93,146,2.1595943890666607e-30
93,147,1.891806040557644e-30
93,148,1.0719525580155886e-30
93,149,2.5341558480981674e-31
94,95,1.93657236870456e-30
94,96,1.398046053450299e-30
94,97,1.7495771975659104e-30
94,98,1.29940240350593e-30
94,99,7.114312260401327e-16
94,100,1.5184091190882991e-30
94,101,7.780161798002895e-31
94,102,6.282255197922517e-31
94,103,2.116206920262315e-30
94,104,2.4404251450688517e-30
94,105,1.1417302532481997e-30
94,106,1.0674728994430159e-30
94,107,1.1874395087576914e-30
94,108,1.8163826945034812e-30
94,109,1.8007737186833955e-30
94,110,1.2067306493630253e-30
94,111,1.0526249643631985e-30
94,112,9.1023894827743e-31
94,113,1.7043419682835276e-30
94,114,5.076025068213591e-31
94,115,2.1950276675680268e-30
94,116,4.089237096339766e-31
94,117,6.733414942532597e-31
94,118,1.7495904108870672e-30
94,119,6.165489761651421e-31
94,120,1.2340036787952642e-30
94,121,1.3356232035769693e-30
94,122,8.813731201108308e-16
94,123,1.0822005355671733e-15
94,124,1.3413590968947517e-30
94,125,1.7888034710724384e-30
94,126,8.835385959934377e-31
94,127,1.7932821813685905e-30
94,128,1.5864972940817235e-30
94,129,2.4029679036967054e-31
94,130,3.450737285153287e-30
94,131,9.959534269041989e-31
94,132,8.794045602701375e-31
94,133,5.892779907557819e-31
94,134,0.0
94,135,1.494025539203307e-30
94,136,2.4029679036967054e-31
94,137,1.9201600616358948e-30
94,138,2.4108899568855386e-30
94,139,4.086145519236619e-30
94,140,1.1522085826614402e-30
94,141,8.68574672521275e-31
94,142,1.3234762259844158e-30
94,143,5.6952231663994405e-31
94,144,6.671764175159158e-31
94,145,7.3170853128184e-31
94,146,1.9215009301570123e-30
94,147,1.5334630774813776e-30
94,148,6.235672795581707e-31
94,149,1.6405846337100693e-31
95,96,1.744042520181357e-30
95,97,1.3513992826046005e-30
95,98,1.7825315684666717e-30
95,99,8.044330061068551e-16
95,100,7.148595875771043e-31
95,101,7.47657629588793e-31
95,102,8.17019828568715e-31
95,103,2.4556037470705388e-30
95,104,3.0943533645748608e-30
95,105,1.4891152850134287e-30
95,106,1.1413194551437211e-30
95,107,7.665799727899696e-31
95,108,1.7114343486615917e-30
95,109,1.5289793712100467e-30
95,110,1.3328943388087474e-30
95,111,1.018329698336601e-30
95,112,1.333791132691927e-30
95,113,2.3628545797007202e-30
95,114,5.881414003581793e-31
95,115,2.6550080945682127e-30
95,116,5.353942288423355e-31
95,117,6.296336779279735e-31
95,118,2.3281269148980034e-30
95,119,8.110086059876674e-31
95,120,1.4908460860826128e-30
95,121,1.6283382111966257e-30
95,122,4.654880834196696e-16
95,123,1.397803966434796e-15
95,124,1.8658035839020474e-30
95,125,1.9263273325480254e-30
95,126,1.2104412192768968e-30
95,127,1.2724665062136248e-30
95,128,9.22914053974708e-31
95,129,3.1037482948965622e-31
95,130,4.5371216162164564e-30
95,131,1.295626528300287e-30
95,132,1.4589226980246703e-30
95,133,7.437177664380008e-31
95,134,0.0
95,135,2.1651594070240405e-30
95,136,3.1037482948965622e-31
95,137,9.676112261333347e-31
95,138,1.647118767839405e-30
95,139,6.2334623828425386e-30
95,140,1.6572657250014217e-30
95,141,5.8720895775627135e-31
95,142,5.643424676992432e-31
95,143,5.9614340150737545e-31
95,144,8.63688977873355e-31
95,145,8.428646847400117e-31
95,146,2.0100643536678865e-30
95,147,1.2585320208608257e-30
95,148,9.503562577148372e-31
95,149,1.837989115921642e-31
96,97,1.2740325346992745e-30
96,98,1.4438348393279113e-30
96,99,4.518813144550866e-16
96,100,1.2323516818425602e-30
96,101,7.865777719369019e-31
96,102,1.0776411793479797e-30
96,103,3.2617712399249284e-30
96,104,2.9554850728142632e-30
96,105,1.5431166868962809e-30
96,106,9.89315944718473e-31
96,107,1.4916230940191327e-30
96,108,1.5190513743836141e-30
96,109,1.318359606023893e-30
96,110,1.0789409914270544e-30
96,111,1.5717155519882411e-30
96,112,1.1191193646765606e-30
96,113,1.9105174840318192e-30
96,114,8.440484968288112e-31
96,115,2.5354572223774354e-30
96,116,9.565253830336399e-31
96,117,5.848560188881515e-31
96,118,2.125777188500426e-30
96,119,6.857185787301122e-31
96,120,1.7374434509102276e-30
96,121,2.6790235245338504e-30
96,122,2.0276597373295525e-30
96,123,1.2481525275441436e-15
96,124,1.819301704531447e-30
96,125,1.5405915046238156e-30
96,126,1.814408341212057e-30
96,127,2.2516485410503063e-30
96,128,1.335271213717127e-30
96,129,2.7714553486471884e-31
96,130,3.91066693171088e-30
96,131,1.2170187025247772e-30
96,132,1.3620263355209215e-30
96,133,7.2355358754496794e-31
96,134,0.0
96,135,3.0223071515960948e-30
96,136,2.7714553486471884e-31
96,137,7.620229194029426e-31
96,138,1.3191945464265836e-30
96,139,4.0597976420818355e-30
96,140,1.198761211876525e-30
96,141,4.6655110027742185e-31
96,142,7.638096892612932e-31
96,143,1.1634004654109868e-30
96,144,1.9035049151247063e-30
96,145,1.2474296610157625e-30
96,146,1.8310254775483042e-30
96,147,2.216276190007319e-30
96,148,1.2009075253937988e-30
96,149,3.1840105027087356e-31
97,98,1.4797288004778288e-30
97,99,3.7917103047108857e-16
97,100,1.3242104051013672e-30
97,101,5.678105183031963e-31
97,102,1.106640298268346e-30
97,103,1.9373424329039896e-30
97,104,1.941728686682651e-30
97,105,9.56974007438915e-31
97,106,1.0218861252159716e-15
97,107,1.2761274425319899e-30
97,108,1.2114731947296796e-30
97,109,1.4747319500894202e-30
97,110,1.1738879816897425e-30
97,111,1.5760827661959199e-30
97,112,1.3269626684323267e-30
97,113,1.7959354284542806e-30
97,114,6.73852680161337e-31
97,115,1.5952483885012862e-30
97,116,9.646425339898855e-31
97,117,3.888571982292133e-31
97,118,1.4494066291993946e-30
97,119,5.520551356226818e-31
97,120,9.945558389733483e-31
97,121,2.8243524547678932e-30
97,122,4.3538449073929334e-16
97,123,8.915871155113395e-16
97,124,1.666490791336168e-30
97,125,1.7592677434581954e-30
97,126,1.7301033111240564e-30
97,127,2.1030636248427585e-30
97,128,1.689389067004842e-30
97,129,1.9797210881996377e-31
97,130,3.069906914296119e-30
97,131,1.266174921793388e-30
97,132,9.72248782963138e-31
97,133,4.618017771705795e-31
97,134,0.0
97,135,3.2053526235568855e-30
97,136,1.9797210881996377e-31
97,137,9.21785861274759e-31
97,138,1.586408705097099e-30
97,139,5.0942453276081796e-30
97,140,1.1799046717185836e-30
97,141,7.1230802400534315e-31
97,142,8.01445884177167e-31
97,143,1.2676174076259368e-30
97,144,1.772827464029793e-30
97,145,1.2841797597807666e-30
97,146,1.4997706078389944e-30
97,147,1.7938434307413947e-30
97,148,1.0188591807644304e-30
97,149,2.323205090128746e-31
98,99,1.7554167342883516e-16
98,100,6.815006768267398e-31
98,101,6.3792682415102235e-31
98,102,1.1650715420940167e-30
98,103,1.5029032757187801e-30
98,104,2.6471962254035557e-30
98,105,1.1112754059180706e-30
98,106,1.1221450395215953e-30
98,107,9.837863820427446e-31
98,108,1.5872865139706815e-30
98,109,1.7175629416561705e-30
98,110,1.5058250248416996e-30
98,111,1.2558263863982275e-30
98,112,1.693399628243715e-30
98,113,2.390715237935546e-30
98,114,3.6320825532143095e-31
98,115,2.1160503701829846e-30
98,116,8.835599943437012e-31
98,117,5.336321169596814e-31
98,118,1.9697633853268358e-30
98,119,7.671462990549259e-31
98,120,9.706530923366913e-31
98,121,2.6538418071460512e-30
98,122,2.5112667293108542e-30
98,123,1.222821331520778e-15
98,124,1.8061674381718357e-30
98,125,1.8586164405137338e-30
98,126,1.7052471666149273e-30
98,127,1.5077657227914329e-30
98,128,1.393194258342973e-30
98,129,2.715208794514321e-31
98,130,4.219304203523906e-30
98,131,1.571192903052302e-30
98,132,1.1384147701201253e-30
98,133,5.92573147548792e-31
98,134,0.0
98,135,3.30530645824177e-30
98,136,2.715208794514321e-31
98,137,9.35407810200822e-31
98,138,1.7877103180968803e-30
98,139,7.53683262026468e-30
98,140,1.6498626496515793e-30
98,141,5.615956808283822e-31
98,142,5.471089602165231e-31
98,143,9.551400677732463e-31
98,144,1.4647327562520225e-30
98,145,1.1469208682039935e-30
98,146,1.6614870628885538e-30
98,147,1.4954265802237118e-30
98,148,8.59225625191774e-31
98,149,1.532055350790238e-31
99,100,6.785008920778124e-16
99,101,5.688200336284367e-16
99,102,7.459230266375722e-16
99,103,1.4257168562611232e-29
99,104,2.355138688025659e-16
99,105,5.353301565011114e-16
99,106,5.903657962023541e-16
99,107,3.640109616122048e-16
99,108,3.068843011307942e-16
99,109,2.312670074289147e-16
99,110,2.3775364599549217e-16
99,111,2.532458630424099e-16
99,112,4.579669976578773e-16
99,113,5.655943455894162e-16
99,114,2.254873622441466e-16
99,115,5.813886327596296e-16
99,116,1.2490009027033e-16
99,117,2.355138688025663e-16
99,118,3.3879997739887657e-16
99,119,2.1329233131134576e-30
99,120,2.7894008272968616e-16
99,121,5.652217853085505e-16
99,122,8.169753469501015e-16
99,123,4.425317152776031e-15
99,124,6.43785774953231e-16
99,125,5.754438052758778e-16
99,126,1.144391699630558e-16
99,127,5.703490444239083e-16
99,128,1.2682477794647046e-16
99,129,9.800636452778546e-31
99,130,2.2377260456559004e-16
99,131,4.78330928744111e-16
99,132,3.9276836500082004e-16
99,133,2.8245493966222136e-30
99,134,0.0
99,135,6.1706067219455995e-16
99,136,9.800636452778546e-31
99,137,2.5748813241687576e-16
99,138,8.068501739708578e-16
99,139,4.48267617356242e-15
99,140,4.3355595091313645e-16
99,141,2.0026901700203237e-16
99,142,4.951959512850491e-16
99,143,4.3090194955838724e-30
99,144,7.490559292535212e-30
99,145,4.931729467786989e-30
99,146,6.773534308373936e-16
99,147,5.50407830841924e-16
99,148,3.5710453050651447e-16
99,149,1.3943249363566004e-30
100,101,5.085486525507263e-31
100,102,8.521337849446592e-31
100,103,1.7787845966342053e-30
100,104,1.1820047307489602e-30
100,105,7.460695801032898e-31
100,106,2.7271182743898887e-16
100,107,1.1388801169652265e-30
100,108,7.880050787002569e-31
100,109,9.117544979549224e-31
100,110,6.740456280680217e-31
100,111,1.3888079701484517e-30
100,112,7.43482312646417e-31
100,113,8.519376750149817e-31
100,114,6.789878334487214e-31
100,115,1.2110198842846938e-30
100,116,7.647687911727947e-31
100,117,2.796325665885863e-31
100,118,8.858337653868868e-31
100,119,2.19571288604369e-31
100,120,8.321412657669655e-31
100,121,2.1836362388224478e-30
100,122,2.2967496840490573e-16
100,123,4.032924296382239e-16
100,124,1.3932918573395963e-30
100,125,8.728542740730343e-31
100,126,1.3861611783065837e-30
100,127,1.2446565469905577e-16
100,128,1.3436815813631272e-30
100,129,8.954890820827547e-32
100,130,1.288300850017088e-30
100,131,9.014322409237403e-31
100,132,6.575640295210016e-31
100,133,2.6799754367364742e-31
100,134,0.0
100,135,2.351895798225102e-30
100,136,8.954890820827547e-32
100,137,6.667934785495159e-31
100,138,1.015211465618773e-30
100,139,3.8685522368316475e-30
100,140,6.706867547909272e-31
100,141,4.9614463468316055e-31
100,142,8.1449299401576e-31
100,143,1.0810867598316341e-30
100,144,1.5063908510977636e-30
100,145,1.0281527084983602e-30
100,146,8.632595346328436e-31
100,147,1.659537861746077e-30
100,148,9.68365469216907e-31
100,149,2.1986868413831767e-31
101,102,4.857113881366264e-31
101,103,1.2218994052556837e-30
101,104,1.2771293831436058e-30
101,105,5.561822742505984e-31
101,106,5.829585825824783e-31
101,107,5.758460188030231e-31
101,108,6.569705322982055e-31
101,109,5.018318875885609e-31
101,110,5.642821772310443e-31
101,111,5.65344862360549e-31
101,112,5.435872752145755e-31
101,113,8.896500133645307e-31
101,114,4.453953723646829e-31
101,115,9.082935981231386e-31
101,116,2.5352324746686384e-31
101,117,3.350933860387386e-31
101,118,7.538918956654083e-31
101,119,2.9426860733488594e-31
101,120,7.58351997976329e-31
101,121,7.562420670082467e-31
101,122,1.0813449649397661e-30
101,123,5.302695275805844e-16
101,124,6.637336361415272e-31
101,125,5.485700517874042e-31
101,126,5.9781170943191166e-31
101,127,6.66000163467903e-31
101,128,4.093748751076886e-31
101,129,1.1774348775541393e-31
101,130,1.7535016556973827e-30
101,131,8.170955187261822e-31
101,132,4.7606178483287975e-31
101,133,2.9885626171827142e-31
101,134,0.0
101,135,7.565568445290407e-31
101,136,1.1774348775541393e-31
101,137,4.552496984065132e-31
101,138,6.8150775420110085e-31
101,139,3.3539262522495994e-30
101,140,4.313431515982091e-31
101,141,2.793466190640375e-31
101,142,3.8794433786461484e-31
101,143,6.1686550991379914e-31
101,144,5.09804846564352e-31
101,145,5.83221010028645e-31
101,146,8.314453792083615e-31
101,147,6.661384910359321e-31
101,148,3.542155963299109e-31
101,149,1.0212768653950393e-31
102,103,1.4842096546143057e-30
102,104,1.1901699125710757e-30
102,105,5.966630091507688e-31
102,106,5.61851455991767e-31
102,107,1.1395578192291024e-30
102,108,8.280254043881858e-31
102,109,1.0302181682922611e-30
102,110,9.930171883763475e-31
102,111,1.2430282035033466e-30
102,112,1.2111890231567335e-30
102,113,1.2314280029735905e-30
102,114,4.923207645691546e-31
102,115,1.1491879324391445e-30
102,116,8.55915664864012e-31
102,117,3.223432800975223e-31
102,118,8.974751811191398e-31
102,119,3.5376518141143308e-31
102,120,7.1683828419841425e-31
102,121,2.467118489450381e-30
102,122,1.541729704594878e-30
102,123,5.398084850998439e-16
102,124,1.4479127454522876e-30
102,125,1.115714400775197e-30
102,126,1.599637752754647e-30
102,127,1.6668036511496184e-30
102,128,1.1887942939503837e-30
102,129,1.1986156180917456e-31
102,130,1.8878851050377326e-30
102,131,1.188046838333842e-30
102,132,4.878248914031923e-31
102,133,2.7637478862253784e-31
102,134,0.0
102,135,2.847116185832099e-30
102,136,1.1986156180917456e-31
102,137,5.8092439051365615e-31
102,138,1.2912972793130705e-30
102,139,6.643816759741348e-30
102,140,1.0050288121952549e-30
102,141,3.7299345447122053e-31
102,142,5.482239063340642e-31
102,143,9.409925127520825e-31
102,144,1.5728712747578726e-30
102,145,1.0639349825356229e-30
102,146,7.918421110194862e-31
102,147,1.645454744893518e-30
102,148,8.185226609809929e-31
102,149,2.0619871039462485e-31
103,104,4.6563744042622964e-30
103,105,2.5376055216976892e-30
103,106,1.2836933925401655e-30
103,107,2.200251731297952e-30
103,108,2.3883260707884232e-30
103,109,9.227349064667588e-31
103,110,1.4148046665341426e-30
103,111,2.40674220868069e-30
103,112,1.0410575732143068e-30
103,113,2.3607687734594616e-30
103,114,1.3846958881762567e-30
103,115,4.105167942787503e-30
103,116,1.1862041046883868e-30
103,117,9.107499615549824e-31
103,118,3.3307951939377956e-30
103,119,8.942343188759574e-31
103,120,2.869094904205852e-30
103,121,3.0124158111162938e-30
103,122,3.0797853958808826e-30
103,123,1.8121011437500485e-15
103,124,2.986963574428662e-30
103,125,2.2520570558752346e-30
103,126,2.5509501935562237e-30
103,127,3.33437817639089e-30
103,128,1.1123364119912042e-30
103,129,4.023672825481771e-31
103,130,5.225877651811813e-30
103,131,1.9618827378153756e-30
103,132,2.1727966253151613e-30
103,133,1.134168078488579e-30
103,134,0.0
103,135,2.8861548276022075e-30
103,136,4.023672825481771e-31
103,137,1.0149951113659923e-30
103,138,1.6524366153198796e-30
103,139,4.107714801136577e-30
103,140,1.729838799210164e-30
103,141,6.4708638855809915e-31
103,142,1.060619381123502e-30
103,143,1.4772057020234225e-30
103,144,2.5967916662746614e-30
103,145,1.746334697091268e-30
103,146,2.9285075421251907e-30
103,147,3.422857538222785e-30
103,148,1.9132681241934466e-30
103,149,5.128099748399933e-31
104,105,2.4875783206968262e-30
104,106,1.764058780637291e-30
104,107,1.528803452385586e-30
104,108,2.675671415817506e-30
104,109,2.113528552915723e-30
104,110,1.9441210386986245e-30
104,111,1.7173820213127626e-30
104,112,1.9654056450928175e-30
104,113,3.537506599073926e-30
104,114,1.0895120893093472e-30
104,115,4.1618577571325976e-30
104,116,8.924944194009693e-31
104,117,1.0120669105487195e-30
104,118,3.719290276431127e-30
104,119,1.253572734246142e-30
104,120,2.6418165797119674e-30
104,121,2.6230912411659814e-30
104,122,3.5939505388821116e-30
104,123,2.227547060943779e-15
104,124,2.6669255440240576e-30
104,125,2.750245963685777e-30
104,126,1.795581181125636e-30
104,127,2.274886486346473e-30
104,128,1.3674526959946364e-30
104,129,4.9461480709917635e-31
104,130,7.065006266413784e-30
104,131,2.0292359681159168e-30
104,132,2.2703232770792194e-30
104,133,1.2327056504143963e-30
104,134,0.0
104,135,3.268549342508484e-30
104,136,4.9461480709917635e-31
104,137,1.2940602077474284e-30
104,138,2.3685131675245135e-30
104,139,8.635385366772731e-30
104,140,2.2282959591178396e-30
104,141,7.586769017488946e-31
104,142,6.924890961601599e-31
104,143,9.343347832310678e-31
104,144,1.7211613488313584e-30
104,145,1.3157961973945432e-30
104,146,3.1346099599158375e-30
104,147,2.3848094275527977e-30
104,148,1.4802041096965712e-30
104,149,3.785836567571568e-31
105,106,7.464842840905024e-31
105,107,7.916114673302807e-31
105,108,1.3123976347417256e-30
105,109,8.472833449474516e-31
105,110,8.402936019037006e-31
105,111,1.01105769061097e-30
105,112,7.745619797758154e-31
105,113,1.6110053729230643e-30
105,114,6.08843524056958e-31
105,115,2.203518044273748e-30
105,116,4.26481621871758e-31
105,117,5.033885442785354e-31
105,118,1.9121544288194436e-30
105,119,5.7344572461329855e-31
105,120,1.3621728988258361e-30
105,121,1.1176764279283417e-30
105,122,1.650112326338145e-30
105,123,1.0654761403799965e-15
105,124,1.4559343999790463e-30
105,125,1.3684917821563888e-30
105,126,9.67535431330605e-31
105,127,1.3242746254157409e-30
105,128,5.110327870253124e-31
105,129,2.3658322864772374e-31
105,130,3.239078879340439e-30
105,131,9.120215015769874e-31
105,132,1.2104541659902959e-30
105,133,6.163498940111414e-31
105,134,0.0
105,135,1.0960208811394475e-30
105,136,2.3658322864772374e-31
105,137,5.771589691241047e-31
105,138,1.0076086071430424e-30
105,139,3.913957282054136e-30
105,140,1.1072959898435525e-30
105,141,3.5375963128103066e-31
105,142,4.9111153938167935e-31
105,143,6.57876098044475e-31
105,144,1.001344409031423e-30
105,145,6.479137084188917e-31
105,146,1.5634883970596954e-30
105,147,1.445747867602855e-30
105,148,9.110584579241056e-31
105,149,2.1768985644580806e-31
106,107,5.111391790990709e-31
106,108,3.034130045692011e-16
106,109,9.549699613889108e-31
106,110,2.5440921800050293e-16
106,111,7.177693516291907e-31
106,112,8.759490108910153e-31
106,113,5.721984800277366e-16
106,114,3.894388283568135e-31
106,115,1.3494345309183978e-30
106,116,4.3903371415153176e-31
106,117,3.6351100954819218e-31
106,118,1.2095164813887638e-30
106,119,4.795481326224977e-31
106,120,8.200181926715842e-31
106,121,1.5960457886238527e-16
106,122,1.4031550538818787e-30
106,123,8.073962879808909e-16
106,124,9.570414626463615e-31
106,125,2.9241189150398694e-16
106,126,8.253366308591208e-31
106,127,8.412149636680098e-16
106,128,7.729190400712721e-31
106,129,1.7755361138518846e-31
106,130,2.7142970377622556e-30
106,131,8.852486886714088e-31
106,132,6.643809168770565e-31
106,133,4.105577591656595e-31
106,134,0.0
106,135,4.230592442721359e-16
106,136,1.7755361138518846e-31
106,137,5.5139885097452905e-31
106,138,2.6046284589534384e-16
106,139,7.936241409668592e-16
106,140,7.551090143016886e-31
106,141,3.7154997839628478e-31
106,142,1.281349006941559e-16
106,143,6.172653833960788e-31
106,144,6.952804072413296e-31
106,145,7.079109162148525e-31
106,146,4.461444382175135e-16
106,147,2.372595069872832e-16
106,148,4.602139647962534e-31
106,149,9.327043660054404e-32
107,108,9.263664696049641e-31
107,109,1.0497690458830086e-30
107,110,9.898191181919747e-31
107,111,1.5473408082129524e-30
107,112,1.0944954009902877e-30
107,113,9.864221916564453e-31
107,114,6.602473415203339e-31
107,115,1.450041349798639e-30
107,116,1.0000077507084716e-30
107,117,2.8972317833030607e-31
107,118,8.325257918919108e-31
107,119,2.775205259918793e-31
107,120,1.1220632803354629e-30
107,121,2.7980613064217913e-30
107,122,1.1775693440128374e-16
107,123,4.928080417233777e-16
107,124,1.7954623933091623e-30
107,125,1.1292641682488216e-30
107,126,1.9351116881327052e-30
107,127,2.1670257014164997e-30
107,128,1.3677229464190722e-30
107,129,1.094253669283458e-31
107,130,1.5549655927388222e-30
107,131,1.3645270590303257e-30
107,132,7.10726187970252e-31
107,133,3.2374339777969914e-31
107,134,0.0
107,135,3.1944568813011215e-30
107,136,1.094253669283458e-31
107,137,8.237706904260178e-31
107,138,1.1321294648429612e-30
107,139,4.5528201074482156e-30
107,140,1.101440043704712e-30
107,141,3.989286483864252e-31
107,142,6.531868027330324e-31
107,143,1.0631438906259356e-30
107,144,1.9079759610644422e-30
107,145,1.2507641295561482e-30
107,146,1.0563117441906794e-30
107,147,2.1313664675776556e-30
107,148,1.0548472606350502e-30
107,149,2.766206069190287e-31
108,109,1.6145193161411086e-30
108,110,1.1786449215841004e-30
108,111,9.359906234776808e-31
108,112,1.2662457540024355e-30
108,113,2.0101593507218733e-30
108,114,5.567829830393034e-31
108,115,2.2689072223711864e-30
108,116,6.760973730220088e-31
108,117,5.83286215341409e-31
108,118,2.029048317924117e-30
108,119,6.978822399676449e-31
108,120,1.3319484379094484e-30
108,121,1.9789674162979178e-30
108,122,4.494775313252282e-16
108,123,1.2054331188652054e-15
108,124,1.4503160131425753e-30
108,125,1.679964652131077e-30
108,126,1.2831886692677887e-30
108,127,1.3812955009705926e-30
108,128,1.176458305356925e-30
108,129,2.67659920641973e-31
108,130,3.877802395121153e-30
108,131,1.1832937467275414e-30
108,132,1.156882616350287e-30
108,133,6.506134274830672e-31
108,134,0.0
108,135,2.4410502321806238e-30
108,136,2.67659920641973e-31
108,137,7.433083315415496e-31
108,138,1.556931540824959e-30
108,139,5.6079381758149395e-30
108,140,1.3869153132025662e-30
108,141,4.357557638793769e-31
108,142,4.943758005254898e-31
108,143,7.536546649799276e-31
108,144,1.214793772162828e-30
108,145,8.449226948250479e-31
108,146,1.6229844574472856e-30
108,147,1.3849993660948697e-30
108,148,7.771786492993091e-31
108,149,2.014381789110406e-31
109,110,1.3482783960319338e-30
109,111,1.2163023767635158e-30
109,112,1.4729537536745467e-30
109,113,2.0036939150004928e-30
109,114,4.214021995247607e-31
109,115,1.9031805718809513e-30
109,116,8.709923116813995e-31
109,117,5.317395635037771e-31
109,118,1.5627810158033873e-30
109,119,6.320297057797813e-31
109,120,6.996354748362756e-31
109,121,2.602285125780048e-30
109,122,1.576601453248216e-16
109,123,9.685417285686744e-16
109,124,1.7891900924293984e-30
109,125,1.7999143158216175e-30
109,126,1.671311659956352e-30
109,127,1.5176585297630026e-30
109,128,1.5558317890110842e-30
109,129,2.1505946547343836e-31
109,130,3.460642212874537e-30
109,131,1.4056755222961319e-30
109,132,8.85993600006519e-31
109,133,4.442037063249315e-31
109,134,0.0
109,135,3.187360953893853e-30
109,136,2.1505946547343836e-31
109,137,8.36989000577348e-31
109,138,1.741791846557563e-30
109,139,5.660768466012918e-30
109,140,1.5546884233965003e-30
109,141,5.3594541601226665e-31
109,142,5.461045972400344e-31
109,143,9.373663834150314e-31
109,144,1.4767205343704802e-30
109,145,1.100204382464504e-30
109,146,1.3634350118596423e-30
109,147,1.7139324516994664e-30
109,148,8.68559923306327e-31
109,149,1.5444923211075035e-31
110,111,1.1109893542020375e-30
110,112,1.3341891787876599e-30
110,113,1.8016099431629753e-30
110,114,4.203275987001454e-31
110,115,1.599045466722309e-30
110,116,8.018619217289548e-31
110,117,4.041745999804281e-31
110,118,1.4512600734794172e-30
110,119,5.652653281058943e-31
110,120,8.402956414157575e-31
110,121,2.3654455191153382e-30
110,122,6.003352648495686e-16
110,123,8.982049063013473e-16
110,124,1.4940320800914732e-30
110,125,1.4334147044765323e-30
110,126,1.5306263928619087e-30
110,127,1.484803389668303e-30
110,128,1.1813865814598267e-30
110,129,1.9944155356140756e-31
110,130,3.1132366560551645e-30
110,131,1.2675226842068723e-30
110,132,8.557510686695014e-31
110,133,4.41629240086676e-31
110,134,0.0
110,135,2.915368040738594e-30
110,136,1.9944155356140756e-31
110,137,8.728205300917554e-31
110,138,1.3891788769900261e-30
110,139,5.88139857042058e-30
110,140,1.3676624238353513e-30
110,141,5.3044720323938405e-31
110,142,5.901287685482651e-31
110,143,8.813196638537745e-31
110,144,1.396707777136195e-30
110,145,9.978071106355746e-31
110,146,1.2588636325935355e-30
110,147,1.4765226157571993e-30
110,148,7.589832600755451e-31
110,149,1.607858877174471e-31
111,112,1.259290119442991e-30
111,113,1.3838384636522233e-30
111,114,8.064091137228014e-31
111,115,1.677966136977087e-30
111,116,1.1000519008086672e-30
111,117,3.352904135468227e-31
111,118,1.2693993890777871e-30
111,119,4.260689599758876e-31
111,120,1.1616278819274057e-30
111,121,3.185028089060795e-30
111,122,3.338249862622989e-16
111,123,7.182697913167921e-16
111,124,1.935858206709396e-30
111,125,1.271022774121572e-30
111,126,2.021589326424839e-30
111,127,2.3067952405486024e-30
111,128,1.6342172810240727e-30
111,129,1.594879320425219e-31
111,130,2.377757783640425e-30
111,131,1.3484552823905321e-30
111,132,8.55546047626862e-31
111,133,4.189626565846962e-31
111,134,0.0
111,135,3.531946893234719e-30
111,136,1.594879320425219e-31
111,137,6.310778327472354e-31
111,138,1.2617363633271325e-30
111,139,4.9011139091202224e-30
111,140,1.1300497631955965e-30
111,141,7.285562625741231e-31
111,142,8.260451439595553e-31
111,143,1.3976297295209327e-30
111,144,2.1070895196300576e-30
111,145,1.4317510043284983e-30
111,146,1.0468487574073287e-30
111,147,2.2584965595901202e-30
111,148,1.2219312892623098e-30
111,149,2.9842800780587844e-31
112,113,1.9255159790813517e-30
112,114,3.556279062272811e-31
112,115,1.564407298684849e-30
112,116,9.135997934795476e-31
112,117,4.3812910009463904e-31
112,118,1.455780579645797e-30
112,119,5.86089316114621e-31
112,120,5.556473323467416e-31
112,121,2.701140827870295e-30
112,122,2.1271989119743354e-30
112,123,8.89830291901889e-16
112,124,1.633417737904574e-30
112,125,1.5491832481717375e-30
112,126,1.732822436888125e-30
112,127,1.6013842108472987e-30
112,128,1.360074600803738e-30
112,129,1.9758201561568037e-31
112,130,3.155472325269069e-30
112,131,1.4758039560246249e-30
112,132,7.775137219103705e-31
112,133,4.077270791647225e-31
112,134,0.0
112,135,3.2834396672115314e-30
112,136,1.9758201561568037e-31
112,137,7.897163235105243e-31
112,138,1.6222691672460102e-30
112,139,7.699491178026995e-30
112,140,1.445167854502954e-30
112,141,4.579878396136436e-31
112,142,5.533849507919433e-31
112,143,9.611651062563871e-31
112,144,1.5752341260651376e-30
112,145,1.1288640575633294e-30
112,146,1.2594677299511023e-30
112,147,1.6003275587466425e-30
112,148,7.945659546069371e-31
112,149,1.7210147890183612e-31
113,114,5.130665922651623e-31
113,115,2.8744409365572882e-30
113,116,9.416566806983174e-31
113,117,6.995017547960023e-31
113,118,2.699121556446114e-30
113,119,9.896893838233297e-31
113,120,1.4361090825311617e-30
113,121,2.8320790092633923e-30
113,122,1.494683490070453e-16
113,123,1.6314518635691199e-15
113,124,2.251870402929606e-30
113,125,2.3331323568740114e-30
113,126,1.8428067105478822e-30
113,127,1.679046393464821e-30
113,128,1.4948581636552822e-30
113,129,3.622550845004116e-31
113,130,5.483733645674183e-30
113,131,1.8133411264998437e-30
113,132,1.6937977308687063e-30
113,133,8.251488143374752e-31
113,134,0.0
113,135,3.6148524775834125e-30
113,136,3.622550845004116e-31
113,137,1.4042075116929142e-30
113,138,2.060440756944271e-30
113,139,8.375355949950507e-30
113,140,2.079782659601315e-30
113,141,7.0126034020302025e-31
113,142,7.542335633040578e-31
113,143,1.1283558129369514e-30
113,144,1.5188076705716053e-30
113,145,1.312507810244653e-30
113,146,2.243543572365217e-30
113,147,1.57544544727246e-30
113,148,1.1124336664152996e-30
113,149,1.825684672353811e-31
114,115,9.8867392395065e-31
114,116,4.283660943957429e-31
114,117,2.6732880638521766e-31
114,118,7.457031781206671e-31
114,119,1.9707887393815985e-31
114,120,7.1496830321026405e-31
114,121,1.191904015591696e-30
114,122,8.26981418818027e-31
114,123,3.973993651728108e-16
114,124,8.391694431287998e-31
114,125,5.461925659081943e-31
114,126,7.943021516858868e-31
114,127,1.0643058860835446e-30
114,128,6.099036438471456e-31
114,129,8.824038503725506e-32
114,130,1.2045575304641205e-30
114,131,5.47906302502019e-31
114,132,5.091991668480652e-31
114,133,2.5608687398414063e-31
114,134,0.0
114,135,1.2119850853739896e-30
114,136,8.824038503725506e-32
114,137,3.9280780727521257e-31
114,138,4.622422225910425e-31
114,139,1.0368389501046387e-30
114,140,4.263860669770596e-31
114,141,3.147739104489966e-31
114,142,4.723947754682168e-31
114,143,7.146395869728587e-31
114,144,8.930963243777355e-31
114,145,5.979494727792848e-31
114,146,6.8665690062751265e-31
114,147,1.043210922796859e-30
114,148,6.176298024979789e-31
114,149,1.466838412838705e-31
115,116,9.545320216030486e-31
115,117,8.381226530843441e-31
115,118,3.161077604705694e-30
115,119,1.0109621221860713e-30
115,120,2.2725818270152245e-30
115,121,2.7249641739706577e-30
115,122,2.9106504416708533e-30
115,123,1.8153431534845275e-15
115,124,2.485625488257357e-30
115,125,2.4685408885168295e-30
115,126,1.8037189379525308e-30
115,127,2.2230255690725073e-30
115,128,1.4556700385757883e-30
115,129,4.030871533188326e-31
115,130,5.68129088190835e-30
115,131,1.5028505839592137e-30
115,132,2.0140884249635517e-30
115,133,1.0220789025784631e-30
115,134,0.0
115,135,3.157327732639585e-30
115,136,4.030871533188326e-31
115,137,9.94937257429844e-31
115,138,1.9923709045154165e-30
115,139,6.335185201238345e-30
115,140,2.0008775854583524e-30
115,141,6.452856070980538e-31
115,142,7.584117216849066e-31
115,143,1.1439882666131128e-30
115,144,1.896380781074594e-30
115,145,1.2345600184572151e-30
115,146,2.6286125275460757e-30
115,147,2.3934929551238595e-30
115,148,1.4489239981688657e-30
115,149,3.5940633727129385e-31
116,117,1.4245691649887082e-31
116,118,5.100682827582452e-31
116,119,2.364080553841176e-31
116,120,5.6561338490287414e-31
116,121,2.1227677695457542e-30
116,122,1.3590618631579186e-30
116,123,3.248706834302232e-16
116,124,1.2755439380778117e-30
116,125,9.066077046568892e-31
116,126,1.3785169699923153e-30
116,127,1.4845931827864688e-30
116,128,1.0391044027404603e-30
116,129,7.213578255398888e-32
116,130,1.305946393251683e-30
116,131,9.675624972289974e-31
116,132,4.176913168335283e-31
116,133,1.611284992223836e-31
116,134,0.0
116,135,2.4463213356232513e-30
116,136,7.213578255398888e-32
116,137,5.037907750629946e-31
116,138,8.917325975752023e-31
116,139,3.7046797597163294e-30
116,140,8.178304151745097e-31
116,141,3.462932184183067e-31
116,142,4.9469982866099295e-31
116,143,8.385599567943861e-31
116,144,1.3729845695072241e-30
116,145,9.302160678802657e-31
116,146,6.139094048335064e-31
116,147,1.4377809036087172e-30
116,148,7.348680845536333e-31
116,149,1.7969916763719907e-31
117,118,7.779634379014569e-31
117,119,2.514603953162195e-31
117,120,5.239479600142572e-31
117,121,3.8426974453096736e-31
117,122,7.029888912564711e-31
117,123,4.486197489951439e-16
117,124,5.094000006204257e-31
117,125,5.712403257817142e-31
117,126,3.589225731164655e-31
117,127,5.060300727691214e-31
117,128,2.726146376469749e-31
117,129,9.96135949271935e-32
117,130,1.403991857307578e-30
117,131,4.1909158549291625e-31
117,132,4.310243064710411e-31
117,133,2.4807520400205137e-31
117,134,0.0
117,135,5.2658231531732056e-31
117,136,9.96135949271935e-32
117,137,3.139340103642079e-31
117,138,5.529933347679971e-31
117,139,2.497051337508117e-30
117,140,5.1423497953922e-31
117,141,1.489470823287504e-31
117,142,2.7693675022236e-31
117,143,3.0231716507689014e-31
117,144,2.752021516444261e-31
117,145,3.104516025334294e-31
117,146,6.405532186315933e-31
117,147,5.216917952534269e-31
117,148,2.9711091601822743e-31
117,149,7.129649510188825e-32
118,119,9.330371746536444e-31
118,120,1.829194504835163e-30
118,121,1.535265089896856e-30
118,122,2.6730534760488714e-30
118,123,1.6596000763642365e-15
118,124,2.0446258040866523e-30
118,125,2.135660397091904e-30
118,126,1.3087558195568269e-30
118,127,1.5568556533570561e-30
118,128,8.566574925005249e-31
118,129,3.68505243289849e-31
118,130,5.1931647253228594e-30
118,131,1.4731532249746832e-30
118,132,1.7724923719084897e-30
118,133,9.15645305014134e-31
118,134,0.0
118,135,2.0113914441872328e-30
118,136,3.68505243289849e-31
118,137,9.590800488409824e-31
118,138,1.7120273558370104e-30
118,139,6.790124443304132e-30
118,140,1.84334357263741e-30
118,141,5.5208441569752285e-31
118,142,6.507941389563038e-31
118,143,7.405476262736748e-31
118,144,1.0757173584673316e-30
118,145,8.06488419805904e-31
118,146,2.343952621065962e-30
118,147,1.8205479537847756e-30
118,148,1.2165059983751866e-30
118,149,2.6389314999929692e-31
119,120,5.517092967870097e-31
119,121,7.094265594404153e-31
119,122,1.000981384563656e-30
119,123,5.721958498152794e-16
119,124,7.03417217431253e-31
119,125,7.596440062310294e-31
119,126,5.221744420080963e-31
119,127,4.782961838132258e-31
119,128,3.881720094905659e-31
119,129,1.2705300141197635e-31
119,130,1.8851543348098616e-30
119,131,5.734822477719702e-31
119,132,5.533107970759448e-31
119,133,2.9729496028408173e-31
119,134,0.0
119,135,9.21424640198732e-31
119,136,1.2705300141197635e-31
119,137,3.681529076499417e-31
119,138,6.815001339616575e-31
119,139,2.526778038674112e-30
119,140,6.310651194469541e-31
119,141,2.1828311862883245e-31
119,142,1.7824418987360092e-31
119,143,2.700985185577182e-31
119,144,3.699608203804595e-31
119,145,3.712112476971283e-31
119,146,7.795489797356285e-31
119,147,4.9333419703808565e-31
119,148,3.481066572041612e-31
119,149,6.738710413464676e-32
120,121,1.3718208747237838e-30
120,122,1.7972454883558395e-30
120,123,1.0666955569158321e-15
120,124,1.5762059091069997e-30
120,125,1.3044916953709216e-30
120,126,1.2891153271928439e-30
120,127,1.6142962522047624e-30
120,128,4.850906310855789e-31
120,129,2.368539935106623e-31
120,130,3.2161714671462625e-30
120,131,1.1078849846872242e-30
120,132,1.2077871136757838e-30
120,133,6.407214991339788e-31
120,134,0.0
120,135,1.362675402607812e-30
120,136,2.368539935106623e-31
120,137,6.164798205519353e-31
120,138,1.0452632096497963e-30
120,139,2.0565284152011187e-30
120,140,9.872671098757282e-31
120,141,3.359464624224707e-31
120,142,4.629306823594244e-31
120,143,6.392093443374841e-31
120,144,1.2064840797527646e-30
120,145,8.949268423421366e-31
120,146,1.6411117727725686e-30
120,147,1.6625580573820733e-30
120,148,9.169432176613309e-31
120,149,2.560829780659045e-31
121,122,1.3877787807814466e-17
121,123,9.209927772554725e-16
121,124,3.652050286365829e-30
121,125,2.6717363752909287e-30
121,126,3.9268505902440226e-30
121,127,4.1853938704426364e-30
121,128,3.0496262618036927e-30
121,129,2.045014773644989e-31
121,130,3.8936686845621784e-30
121,131,2.7790516740988235e-30
121,132,1.180874503581459e-30
121,133,3.958414167823168e-31
121,134,0.0
121,135,7.086735098544906e-30
121,136,2.045014773644989e-31
121,137,1.4683582271655686e-30
121,138,2.6604577564526673e-30
121,139,1.0959348767088078e-29
121,140,2.3519222449290387e-30
121,141,1.04874053947243e-30
121,142,1.411761171040703e-30
121,143,2.4324027253315816e-30
121,144,3.911370855131345e-30
121,145,2.685904937518267e-30
121,146,1.7717448555709178e-30
121,147,4.0170456223126125e-30
121,148,2.0853591106615982e-30
121,149,4.97005683237306e-31
122,123,1.6521775702129893e-15
122,124,1.6897310858696047e-16
122,125,6.937350099326941e-16
122,126,2.662969893393085e-30
122,127,5.707273190341885e-16
122,128,1.7089771101827735e-30
122,129,3.654909671214172e-31
122,130,5.607474921965182e-30
122,131,2.124331514177949e-30
122,132,1.8090285086816507e-30
122,133,8.487816278547797e-31
122,134,0.0
122,135,3.122984087215066e-16
122,136,3.654909671214172e-31
122,137,1.8564927268480867e-30
122,138,5.559031354249079e-16
122,139,7.702177117129038e-16
122,140,4.841339910104437e-16
122,141,7.626775608491369e-31
122,142,2.560113345536252e-16
122,143,1.3262260886997042e-30
122,144,2.4063445491331667e-30
122,145,1.6034493686283972e-30
122,146,6.553490502002381e-16
122,147,5.353751684503168e-16
122,148,2.2218728413595046e-16
122,149,3.0797983830744616e-31
123,124,1.1860841150094095e-15
123,125,1.2622224676924377e-15
123,126,8.112276265001811e-16
123,127,8.431615454229667e-16
123,128,4.79185765251398e-16
123,129,2.2204460492503116e-16
123,130,3.209559103956899e-15
123,131,9.290865412190395e-16
123,132,9.949512507731412e-16
123,133,5.389157964038489e-16
123,134,0.0
123,135,1.1929302634124762e-15
123,136,2.2204460492503116e-16
123,137,5.94521902913313e-16
123,138,1.091415443634322e-15
123,139,3.8783641484425206e-15
123,140,1.0314707216048926e-15
123,141,3.4888217564856063e-16
123,142,2.974026440635383e-16
123,143,3.9252311467094353e-16
123,144,5.578801654593726e-16
123,145,5.795534335168186e-16
123,146,1.3845484354640083e-15
123,147,8.977759641057768e-16
123,148,6.223955092639237e-16
123,149,1.3559464274524776e-16
124,125,1.8685283438369035e-30
124,126,2.416101878980777e-30
124,127,2.622511717995436e-30
124,128,1.8045289985591407e-30
124,129,2.633635787251199e-31
124,130,3.9281717848379854e-30
124,131,1.7372820835215718e-30
124,132,1.4205492436740425e-30
124,133,6.50643419624515e-31
124,134,0.0
124,135,4.29097551755094e-30
124,136,2.633635787251199e-31
124,137,1.0168547468573597e-30
124,138,1.5360642960779391e-30
124,139,6.193848675459262e-30
124,140,1.7816450503831444e-30
124,141,6.407711398386806e-31
124,142,8.45257887645004e-31
124,143,1.395931521860745e-30
124,144,2.3840772500754085e-30
124,145,1.5871737278983454e-30
124,146,1.7410132414835802e-30
124,147,2.5645771930389924e-30
124,148,1.3014528766311799e-30
124,149,3.3729060286847436e-31
125,126,1.7134142229833487e-30
125,127,3.4825201613106834e-16
125,128,1.4919759087063145e-30
125,129,2.802696891662656e-31
125,130,4.192370679185613e-30
125,131,1.4593845254298254e-30
125,132,1.3446760484505277e-30
125,133,6.544048267684578e-31
125,134,0.0
125,135,3.2561059380753806e-30
125,136,2.802696891662656e-31
125,137,8.749228899191934e-31
125,138,1.7409872055051597e-30
125,139,6.45664984837028e-30
125,140,1.7484894580819445e-30
125,141,5.488790551919645e-31
125,142,5.5877007483818565e-31
125,143,1.004824480642428e-30
125,144,1.5893101060150513e-30
125,145,1.1359607901205087e-30
125,146,1.7609610656049936e-30
125,147,1.6396969798675714e-30
125,148,9.413956049050372e-31
125,149,2.0635389148355906e-31
126,127,2.7924843102281402e-30
126,128,1.878209185954182e-30
126,129,1.8012871783050373e-31
126,130,2.857682874922881e-30
126,131,1.893198646026993e-30
126,132,8.317034367816732e-31
126,133,4.36928036451308e-31
126,134,0.0
126,135,4.5869227002835284e-30
126,136,1.8012871783050373e-31
126,137,9.372521421234079e-31
126,138,1.655621195158702e-30
126,139,7.216166224919e-30
126,140,1.6957650156859966e-30
126,141,5.821458254823352e-31
126,142,8.733841113056386e-31
126,143,1.4519463513151186e-30
126,144,2.5578576018264773e-30
126,145,1.6955331769238062e-30
126,146,1.2174675249453802e-30
126,147,2.757974959198189e-30
126,148,1.3474854072802901e-30
126,149,3.445777279137996e-31
127,128,1.9133750044959302e-30
127,129,1.8632175310064526e-31
127,130,2.6478683529455637e-30
127,131,1.8646282998602227e-30
127,132,1.0616536065202694e-30
127,133,5.2661655094705145e-31
127,134,0.0
127,135,4.7844877019803936e-30
127,136,1.8632175310064526e-31
127,137,1.3350004716751698e-30
127,138,1.5534356178751742e-30
127,139,5.806287203935222e-16
127,140,1.483402475503635e-30
127,141,7.212118214506085e-31
127,142,1.177737781472176e-30
127,143,1.743041838557667e-30
127,144,2.862472229466566e-30
127,145,1.900249024605392e-30
127,146,1.6208577234339444e-30
127,147,3.155678665993161e-30
127,148,1.6427875551717753e-30
127,149,4.139543021415363e-31
128,129,1.0640061393094556e-31
128,130,2.143205497195341e-30
128,131,1.3509227261063984e-30
128,132,5.2158226194053225e-31
128,133,1.5282731877293021e-31
128,134,0.0
128,135,3.472571497140027e-30
128,136,1.0640061393094556e-31
128,137,5.520646823979217e-31
128,138,1.6576416223567987e-30
128,139,4.883199945321979e-30
128,140,1.104308896429849e-30
128,141,5.796673043993676e-31
128,142,7.606457658144088e-31
128,143,1.274030131849257e-30
128,144,1.887166993537887e-30
128,145,1.3569740037736336e-30
128,146,9.76500146900538e-31
128,147,1.896971656474467e-30
128,148,1.0381991627312966e-30
128,149,2.2724263483024155e-31
129,130,7.126652832216475e-31
129,131,2.0629865398614566e-31
129,132,2.20923557397588e-31
129,133,1.196633451003513e-31
129,134,0.0
129,135,2.648837290425371e-31
129,136,4.930380657631324e-32
129,137,1.3201038105166447e-31
129,138,2.4234291099086097e-31
129,139,8.611698350963255e-31
129,140,2.290325088704955e-31
129,141,7.74674048572701e-32
129,142,6.60366526047481e-32
129,143,8.715763992105249e-32
129,144,1.2387428093493755e-31
129,145,1.2868671317818748e-31
129,146,3.0743151035217605e-31
129,147,1.9934630926105638e-31
129,148,1.3819956496162166e-31
129,149,3.010805887831932e-32
130,131,3.1590310903504525e-30
130,132,3.1224820028084494e-30
130,133,1.680090501462244e-30
130,134,0.0
130,135,5.022631253335685e-30
130,136,7.126652832216476e-31
130,137,2.1059603863615745e-30
130,138,3.755722351823007e-30
130,139,1.3197478163540498e-29
130,140,3.40599483339698e-30
130,141,1.2277707299558789e-30
130,142,9.96612441811085e-31
130,143,1.5847833904647074e-30
130,144,2.0015836347135696e-30
130,145,2.1421471367167018e-30
130,146,4.3707684531150076e-30
130,147,2.6776568626099598e-30
130,148,1.9395595975601338e-30
130,149,3.887163935098759e-31
131,132,8.052064460605367e-31
131,133,4.796833926781416e-31
131,134,0.0
131,135,3.362420741039721e-30
131,136,2.0629865398614566e-31
131,137,7.572882192565173e-31
131,138,1.490477446984123e-30
131,139,7.081199782544431e-30
131,140,1.5027233613036807e-30
131,141,4.428641316912344e-31
131,142,5.608745665960091e-31
131,143,9.558953593126008e-31
131,144,1.734424480364272e-30
131,145,1.1420562080396574e-30
131,146,1.2715533185339985e-30
131,147,1.9217758180917723e-30
131,148,8.837800345267353e-31
131,149,2.2583172684683183e-31
132,133,5.581927576441119e-31
132,134,0.0
132,135,1.5187075960258961e-30
132,136,2.20923557397588e-31
132,137,8.360743358396251e-31
132,138,9.306149536549457e-31
132,139,3.0174203169157343e-30
132,140,1.2012274943060383e-30
132,141,3.405154415903148e-31
132,142,4.697931220380855e-31
132,143,5.066812757482781e-31
132,144,8.584808260784343e-31
132,145,5.698552568338359e-31
132,146,1.4365090578966874e-30
132,147,1.1754871625201468e-30
132,148,8.33333916628718e-31
132,149,1.8256026369285698e-31
133,134,0.0
133,135,4.533433360390388e-31
133,136,1.1966334510035133e-31
133,137,2.9900767459621005e-31
133,138,5.389146168627984e-31
133,139,1.792084373320955e-30
133,140,5.24058549344186e-31
133,141,1.755321677947832e-31
133,142,1.7526501777037717e-31
133,143,2.1001720219425723e-31
133,144,3.3894895354236826e-31
133,145,3.1003947310128476e-31
133,146,7.671184561460798e-31
133,147,5.6667706352637115e-31
133,148,3.686772096858382e-31
133,149,8.910743366492626e-32
134,135,0.0
134,136,0.0
134,137,0.0
134,138,0.0
134,139,0.0
134,140,0.0
134,141,0.0
134,142,0.0
134,143,0.0
134,144,0.0
134,145,0.0
134,146,0.0
134,147,0.0
134,148,0.0
134,149,0.0
135,136,2.6488372904253703e-31
135,137,1.9122756649084135e-30
135,138,3.1986114280851944e-30
135,139,1.3423793624069678e-29
135,140,3.0378454468084212e-30
135,141,1.1679513154125722e-30
135,142,1.5855738006585027e-30
135,143,2.6410159695164777e-30
135,144,4.4369067807435346e-30
135,145,3.032789348149685e-30
135,146,2.227585711345808e-30
135,147,4.582641528190332e-30
135,148,2.3486586510415357e-30
135,149,5.420425937448774e-31
136,137,1.3201038105166447e-31
136,138,2.4234291099086097e-31
136,139,8.611698350963255e-31
136,140,2.290325088704955e-31
136,141,7.74674048572701e-32
136,142,6.60366526047481e-32
136,143,8.715763992105249e-32
136,144,1.2387428093493755e-31
136,145,1.2868671317818748e-31
136,146,3.0743151035217605e-31
136,147,1.9934630926105638e-31
136,148,1.3819956496162166e-31
136,149,3.010805887831932e-32
137,138,1.0747990422750955e-30
137,139,3.813623337982943e-30
137,140,8.39820163221811e-31
137,141,3.2103552441012337e-31
137,142,8.744624413387465e-31
137,143,6.4868598392620695e-31
137,144,8.876214651959349e-31
137,145,6.708059543279262e-31
137,146,8.719068717039806e-31
137,147,1.0563802499088327e-30
137,148,5.608112010000415e-31
137,149,1.0676007127990548e-31
138,139,7.749537724260922e-30
138,140,1.3805785453806128e-30
138,141,5.291170121787931e-31
138,142,7.881114621683812e-31
138,143,1.0397173179438741e-30
138,144,1.524334488297058e-30
138,145,1.166576644617972e-30
138,146,1.511625617633433e-30
138,147,1.5581071733806907e-30
138,148,7.56996589517814e-31
138,149,1.7069075810027377e-31
139,140,6.585653954747393e-30
139,141,1.5812793305420162e-30
139,142,3.2088749490693995e-30
139,143,3.3558800167285044e-30
139,144,6.1695630791035506e-30
139,145,4.2202078307384214e-30
139,146,6.108507876773386e-30
139,147,7.178456984119779e-30
139,148,2.4470102188454665e-30
139,149,6.5054402952514585e-31
140,141,4.266766408463751e-31
140,142,4.920505679983964e-31
140,143,6.613153578971065e-31
140,144,1.3911119134166132e-30
140,145,8.723672802599767e-31
140,146,1.481030188897774e-30
140,147,1.6747343856726063e-30
140,148,9.173787843706496e-31
140,149,1.6575366339222422e-31
141,142,3.254570805611947e-31
141,143,5.4026807202236996e-31
141,144,6.196124093576351e-31
141,145,5.078507546796923e-31
141,146,7.864671432033628e-31
141,147,6.5693921163020886e-31
141,148,3.995201540951074e-31
141,149,7.711719607191262e-32
142,143,7.384007662057988e-31
142,144,9.559199902813765e-31
142,145,6.776678035785429e-31
142,146,5.853177766872902e-31
142,147,1.02246299581176e-30
142,148,6.1831610764333715e-31
142,149,1.3417865052185232e-31
143,144,1.5849659263421977e-30
143,145,1.1741229080411815e-30
143,146,6.183894404548056e-31
143,147,1.6056443521406588e-30
143,148,9.797743808499452e-31
143,149,2.1075147498059068e-31
144,145,1.7452222446203056e-30
144,146,1.1659337756296516e-30
144,147,2.767093690522775e-30
144,148,1.4383859297858222e-30
144,149,3.5804793514613e-31
145,146,8.339694258101845e-31
145,147,1.8183404237347914e-30
145,148,9.691339893142935e-31
145,149,2.3419479541007755e-31
146,147,1.5168701820536719e-30
146,148,9.38181097861312e-31
146,149,2.420839693802137e-31
147,148,1.5772784141711118e-30
147,149,4.09831901778741e-31
148,149,2.1554853222959916e-31
