sg_sites,n_materials
F-43m | 4a 4b 4c 4d,126455
F-43m | 4a 4c 16e,58260
Cm | 2a 2a 2a 2a,58120
R-3m | 3a 3b 6c,56849
I-4m2 | 2a 2b 2c 2d,51185
P4mm | 1a 1a 1b 1b,49680
I4/mmm | 2a 2b 4d,43480
C2/m | 2a 2d 4i,42388
Pm | 1a 1a 1b 1b,40099
Immm | 2a 2c 4j,39177
Imm2 | 2a 2a 2b 2b,36847
Cmm2 | 2a 2a 2b 2b,36513
P4/mmm | 1a 1c 2e,34430
Cmmm | 2a 2b 4f,33093
Pmmm | 1a 1d 1f 1g,31642
P2/m | 1a 1g 2n,26990
Pmm2 | 1a 1a 1d 1d,26202
Cmmm | 2a 2d 4l,21502
P2/m | 1a 1c 2n,20330
Fm-3m | 4a 4b 8c,19917
I4mm | 2a 2a 2a,18905
P3m1 | 1a 1b 1c,17969
P4/mmm | 1a 1b 2h,17679
C2/m | 2a 2b 4f,17197
Pmmm | 1a 1c 2t,16785
R3m | 3a 3a 3a 3a,15491
Fmm2 | 4a 4a 4a,12365
Amm2 | 2a 2a 2b 2b,11843
Imm2 | 2a 2a 2a,9745
Pmm2 | 1a 1b 1c 1d,5588
I4/mmm | 2a 4d 4e,5177
Cm | 2a 2a 2a 2a 2a 2a,4863
P-6m2 | 1a 1c 1f,4616
F-43m | 4a 4c 4d,3564
I4/mmm | 2a 8h 8i,3379
F-43m | 4a 4b 4c,2568
I-43m | 2a 8c 24g 24g,2490
P-6m2 | 1a 1b 2h,2263
P-3m1 | 1a 2d,2234
C2/m | 4i 4i 4i,2162
I4/mmm | 2a 4e,2111
P6_3/mmc | 2a 2c 2d,2013
P6/mmm | 1a 2d,1963
P-62m | 1a 2d 3f 3g,1938
Amm2 | 2a 2a 2a 2b 2b 2b,1923
I4/mcm | 4a 8h,1915
P-3m1 | 1a 2d 2d,1906
Imm2 | 2a 2b 4d,1871
P-6m2 | 1a 1d 1f,1854
Im-3m | 2a 8c,1853
I4_1/amd | 4a 8e,1846
Cmmm | 2a 2b 2c 2d 4i 4j 4k 4l 8n 16r 16r,1837
R-3m | 3a 6c 6c,1806
Pnnm | 2a 4g,1794
Pm-3n | 2a 6c,1780
P6_3/mcm | 2b 4d 6g 6g,1763
Fm-3m | 4a 4b 24d,1762
Pnma | 4c 4c 4c,1753
P6_3/mmc | 2a 2c 6g 6h,1750
Fd-3m | 16c 32e 48f,1745
Cmcm | 4c 4c 4c,1733
P4/mmm | 1a 2e,1722
P6/mmm | 1a 2c 3g,1679
Cmcm | 4c 4c 8g,1678
P6/mmm | 2c 2e 3g,1672
P6_3/mmc | 2a 4f 6h,1668
I4/mmm | 4c 4d 4e 4e,1660
Cmmm | 2a 2c 4i 4j,1658
Cmmm | 2a 2b 4e 4h 4j,1633
I4/m | 2a 8h,1613
Pnma | 4c 4c 8d,1598
Pmmn | 2a 2b 4e,1571
P6_3/mcm | 4d 6g 6g,1558
R-3m | 3a 9e,1553
P6_3/mmc | 2b 4f 6h 12k,1530
P4/mmm | 1a 1d 2g 2h,1505
Pa-3 | 4a 8c,1504
Immm | 2a 4i,1497
P6_3/mmc | 4e 4f 4f 6g 6h,1487
Fmmm | 4a 8i,1454
I4/mmm | 2a 4e 4e 4e,1395
Pmmn | 2a 2b 4e 4e 4f 8g,1389
C2/m | 2a 2b 4e,1387
I-43m | 8c 8c 12d 12e,1371
Fdd2 | 8a 16b 16b,1355
P6_3/mmc | 2c 6h,1350
R-3m | 3a 3b,1337
Pm-3m | 1a 1b 3d,1330
P-62m | 1a 2c 3g,1321
Fm-3m | 4a 8c,1179
R-3m | 6c 6c,1160
R-3m | 3a 6c 6c 6c 18h,1156
P-3m1 | 2d 2d,1117
Fd-3m | 8a 8b,1113
Imma | 4e 4e,1100
I4_1/amd | 4a 4b,1067
C2/m | 4i 4i,1015
P6_3/mmc | 2b 2c 4f,986
Cmcm | 4c 4c,980
I4/mcm | 4a 4b 8h 16k,923
I4_1/amd | 8e 8e 8e,913
Cmmm | 2a 2c,908
Pmma | 2e 2f,905
P6_3/mmc | 2a 2c,895
P4/mmm | 1a 1d,862
P2_1/m | 2e 2e,854
Imma | 4e 4e 4e,835
Cmme | 4g 4g,808
P4/nmm | 2c 2c,781
P2_13 | 4a 4a,749
Fmmm | 4a 4b 8c,729
P6_3mc | 2b 2b,728
Pmmn | 2a 2b,686
C2/m | 2a 2c 4i 4i,684
Pbcm | 4c 4c 4d 4d 4d 4d,597
Pnma | 4c 4c,590
Pm-3m | 1a 3c,564
Pm-3m | 1a 1b 3c,554
Pm-3m | 1a 1b,554
P-6m2 | 1a 1d,539
P-6m2 | 1a 1f,521
P4_2/mnm | 2a 4f,492
Cmmm | 2a 2b 4j,463
Cmcm | 4c 8g,413
Fd-3m | 8a 16c 16d 48f 96g,395
Fm-3c | 8a 8b 96i,388
P4/nmm | 2a 2c 2c,359
Pmmm | 1a 1d 2t,358
P4mm | 1a 1b 2c,324
Pmmn | 2a 2a,307
P1 | 1a 1a 1a 1a 1a 1a 1a 1a 1a 1a 1a 1a 1a 1a 1a 1a 1a 1a 1a 1a 1a 1a 1a 1a 1a 1a 1a 1a 1a 1a 1a 1a 1a 1a 1a 1a 1a 1a 1a 1a 1a 1a 1a 1a 1a 1a 1a 1a 1a 1a 1a 1a 1a 1a 1a 1a,294
P1 | 1a 1a 1a 1a 1a 1a 1a 1a 1a 1a 1a 1a 1a 1a 1a 1a 1a 1a 1a 1a 1a 1a 1a 1a 1a 1a 1a 1a 1a 1a 1a 1a 1a 1a 1a 1a 1a 1a 1a 1a 1a 1a 1a 1a 1a 1a 1a 1a 1a 1a 1a 1a 1a 1a 1a 1a 1a 1a,289
I4/mmm | 2a 2b 4c,287
P-3m1 | 2c 2c 2d 2d 2d 2d,283
P4/nmm | 2a 2c,272
R-3c | 12c 18e,272
Amm2 | 2a 2a 2b 2b 4d 4e,260
Fd-3m | 8a 16d,253
P2/m | 1a 1d 2n,247
Fm-3m | 4a 4b,228
C2/m | 2a 4i 4i,222
P4/mmm | 1a 1b 2g 2h 2h,222
R3m | 3a 3a 3a,220
R-3m | 3a 6c,218
P6_3/mmc | 2b 4f,217
I23 | 8c 8c 12d 12e,203
Pm-3m | 1a 3c 3d,199
C2/m | 2a 4i,194
P1 | 1a 1a 1a 1a 1a 1a 1a 1a 1a 1a 1a 1a 1a 1a 1a 1a 1a 1a 1a 1a 1a 1a 1a 1a 1a 1a 1a 1a 1a 1a 1a 1a 1a 1a 1a 1a 1a 1a 1a 1a 1a 1a 1a 1a 1a 1a 1a 1a 1a 1a 1a 1a 1a 1a 1a 1a 1a 1a 1a 1a,193
P-43m | 3c 4e,192
Pmmm | 1a 1d 2r,192
I4mm | 2a 2a 4b 8c 8d,184
Pmmm | 1a 1c 1f 1h,175
P4/mbm | 2a 4g 4h,173
P-3m1 | 1a 2c 2d 2d 2d,172
P4/mmm | 1a 1b 1c 1d 2e 2f 2g 2h 4i 4j 4k 4l 4m 4n 4o 8r 8s 8t,167
P2/m | 1a 1e 1f 1g,166
I4/mmm | 2a 4e 4e,165
P-31m | 1a 2d 6k,163
P1 | 1a 1a 1a 1a 1a 1a 1a 1a 1a 1a 1a 1a 1a 1a 1a 1a 1a 1a 1a 1a 1a 1a 1a 1a 1a 1a 1a 1a 1a 1a 1a 1a 1a 1a 1a 1a 1a 1a 1a 1a 1a 1a 1a 1a 1a 1a 1a 1a 1a 1a 1a 1a 1a 1a 1a 1a 1a 1a 1a 1a 1a 1a,163
Cm | 2a 2a 2a 2a 4b 4b 4b 4b 4b 4b,162
Fmmm | 4a 4b 8d,160
P4_2/mnm | 2a 4f 8i 8i 8j,158
C2/m | 2a 2c 4i,150
P1 | 1a 1a 1a 1a 1a 1a 1a 1a 1a 1a 1a 1a 1a 1a 1a 1a 1a 1a 1a 1a 1a 1a 1a 1a 1a 1a 1a 1a 1a 1a 1a 1a 1a 1a 1a 1a 1a 1a 1a 1a 1a 1a 1a 1a 1a 1a 1a 1a 1a 1a 1a 1a 1a 1a,150
Pmmm | 1a 1e 2p,148
Pmm2 | 1a 1a 1b 1d,148
Im-3m | 2a 6b,141
P-6m2 | 1a 1d 2g 2h,140
Fm-3m | 4a 24d 24e 32f 32f,139
P4/nmm | 2a 2b 2c 2c 2c,135
Cmc2_1 | 4a 4a 4a,135
P-4m2 | 1a 1b 1c 1d 2g 2g 2g 4j 4k 8l,134
P6_3/mmc | 2a 2c 4f,119
R32 | 3a 6c 9e,114
R-3m | 3a 3b 6c 6c 18h,111
P-6m2 | 1a 2h,109
Immm | 2a 4i 4i,109
P6_3/mmc | 2c 2d,106
Immm | 4g 4i 4j,105
F-43m | 4a 4c,104
P2_1/m | 2e 2e 2e 2e 2e 2e 2e,104
P6/mmm | 1a 2d 3f,102
Immm | 2a 2d 4h,100
P-4m2 | 1a 1c 2g,99
Pnma | 4c 4c 4c 4c 4c,97
Pm-3m | 3c 3d,97
P4/mmm | 1a 1b 2e 2f,96
Immm | 2a 4j,92
Cmcm | 4c 4c 8f,91
P-62m | 1a 2d 3f,91
Pmm2 | 1a 1c 1d 1d,90
P-3m1 | 1a 1b 2d 2d,88
Amm2 | 2a 2a 2b 2b 4c 4c 4d 4e 8f,85
Fm-3m | 4a 4b 8c 24e,85
I4/mmm | 2a 2b 4e 8g,85
Pnma | 4a 4c 4c 8d,83
C2/m | 2a 4i 4i 4i 4i,82
Pbam | 2a 2c 4g 4h 4h,81
P4/mmm | 1a 2e 2g 2h 4i,80
P2_1/c | 4e 4e 4e 4e 4e 4e 4e 4e 4e 4e,79
R-3m | 3a 6c 6c 6c,79
I4/mmm | 2a 8f 8i 8j,78
Pnma | 4c 4c 4c 4c 4c 4c 4c,77
P6_3/m | 2c 6h 6h,77
P2_1/c | 4e 4e 4e 4e 4e 4e,76
P3m1 | 1a 1a 1b 1c,76
Pmmm | 1a 1g 2s,76
F-43m | 4a 4d 16e,75
C2/m | 2a 4i 4i 4i,74
Cmcm | 4a 4c 4c 4c 8f,74
Pmmm | 1a 1g 2t,74
P-4m2 | 1a 1b 2g,74
P-1 | 2i 2i 2i 2i 2i 2i 2i 2i,73
P6_3mc | 2a 2a 2a 2b 2b 2b 2b,73
P2_1/c | 4e 4e 4e 4e 4e 4e 4e 4e,71
Pbam | 4g 4g 4g 4g 4h 4h,70
Imm2 | 2a 2a 4d 4d,70
Cm | 2a 2a 2a 2a 2a 2a 2a 4b 4b 4b 4b 4b 4b 4b 4b 4b 4b 4b,69
P-6m2 | 1a 2i,69
P-3m1 | 1a 1b 2d,68
P6_3mc | 2a 2b 2b,67
P-3m1 | 1a 2d 3e 6i,67
Pnma | 4c 4c 4c 4c 4c 4c 4c 4c 4c,67
P-6m2 | 1a 1d 1e,67
P2_1/c | 4e 4e 4e 4e 4e 4e 4e,66
Cmcm | 4a 4c 4c,66
P4/mmm | 1a 1b 2h 4i,65
C2/c | 4e 8f 8f,65
Pnma | 4c 4c 4c 4c,64
Pmma | 2a 2e 2e 2f 4j,64
Fddd | 8a 16g 16g,63
P1 | 1a 1a 1a 1a 1a 1a 1a 1a,63
P2_1/c | 4e 4e 4e 4e 4e 4e 4e 4e 4e,62
Immm | 2a 2c,62
P6/mmm | 1a 2c 2d 2e 6i,62
P-3m1 | 1a 2d 2d 2d,61
P4/nmm | 2a 2b 2c 2c,60
I4mm | 2a 2a 2a 4b,60
P6_3/mmc | 2a 2c 6h 6h 12k,60
P6_3/mmc | 2a 2c 6h,60
Fmmm | 4a 8i 8i,60
Fm-3m | 4a 8c 24e,59
Cmcm | 4c 4c 4c 4c,58
Cm | 2a 2a 2a 2a 2a 2a 2a 2a,58
C2/m | 4i 4i 4i 4i 4i 4i 4i,57
Pnma | 4c 4c 4c 4c 4c 4c,56
Pm-3n | 2a 6c 8e 24k,54
P4/mmm | 1a 1c,54
P2_1/m | 2e 2e 2e 2e,53
P6_3 | 2a 2b 2b 6c 6c 6c,53
P-1 | 2i 2i 2i 2i 2i 2i,53
Pna2_1 | 4a 4a 4a 4a,53
P1 | 1a 1a 1a 1a 1a 1a 1a 1a 1a 1a 1a 1a 1a 1a 1a 1a 1a 1a 1a 1a 1a 1a 1a 1a 1a 1a 1a 1a 1a 1a 1a 1a 1a 1a 1a 1a 1a 1a 1a 1a 1a 1a 1a 1a 1a 1a 1a 1a 1a 1a 1a 1a 1a 1a 1a 1a 1a 1a 1a 1a 1a 1a 1a 1a,52
Imm2 | 2a 2b 4d 4d 4d,52
P1 | 1a 1a 1a 1a 1a 1a 1a 1a 1a 1a 1a 1a,51
P-1 | 2i 2i 2i 2i 2i 2i 2i 2i 2i 2i 2i,50
P2_1/c | 4e 4e 4e,50
C2/m | 4g 4h 4i 4i 8j 8j,50
Pbam | 2a 4g 4g 4g 4h 4h 4h,50
P4/mmm | 1a 1b 1c 1d 2e 2f 4j 4k 4l 4m 4n 4o,49
P2_1/c | 4e 4e 4e 4e 4e,49
Pmmn | 2a 2b 4f,49
I4/mcm | 4a 8h 16l,48
P2_1/c | 2a 2d 4e 4e 4e 4e,47
R-3m | 3a 6c 6c 9d 18h,47
Pnma | 4c 4c 4c 4c 4c 8d,47
P-3m1 | 2d 2d 2d,47
P2_1/m | 2e 2e 2e 2e 2e,47
Pmmm | 1a 1b 1c 1d 1e 1f 1g 1h 2m 2n 2o 2p 2q 2r 2s 2t 4u 4v,46
Fd-3m | 8a,46
P-3m1 | 2c 2d 2d 2d 2d 2d 2d,46
R-3m | 3a 6c 9d,46
I-42d | 4a 4b 8d,45
Pbam | 2a 4g 4g 4h 4h 4h,45
C2 | 2a 2b 4c 4c 4c,45
P4_132 | 8c 12d,44
I4cm | 4a 4b 8c 16d,44
P-6m2 | 1a 1b 2i,44
F-43m | 4a 4d,43
P4/nmm | 2a 2c 2c 2c,43
P6_3/mmc | 2a 2b 4f 4f,43
I4/mmm | 2a 8j,43
P-6m2 | 1a 1d 2i,43
P2_1/c | 4e 4e 4e 4e 4e 4e 4e 4e 4e 4e 4e 4e 4e 4e,42
I4/mmm | 2a 4d 8h,42
Pmmm | 1a 1h 2q 2t,42
Imma | 4a 4c 4e 8h 8i,41
Pbcm | 4c 4d 4d 8e 8e,41
Pm | 1a 1a 1a 1a 1b 1b 1b 1b,41
Pmm2 | 1a 1a 1c 1d,41
P-1 | 2i 2i 2i 2i,41
Cmcm | 4c 4c 8f 8f 8f,40
P-3m1 | 2c 2d 2d 2d,40
P3m1 | 1a 1a 1a 1b 1b 1b 1c,39
P-1 | 2i 2i 2i 2i 2i 2i 2i 2i 2i 2i 2i 2i,38
Pnma | 4c 4c 4c 4c 8d,38
C2/c | 4e 8f,38
Pbam | 2a 4g 4h,38
P2_1/c | 4e 4e 4e 4e 4e 4e 4e 4e 4e 4e 4e 4e 4e,37
I4/mmm | 2a 4c 4e 4e,37
P6_3/mmc | 2b 2c 4f 6g 12j 12k,37
R-3m | 3a,37
Pmma | 2a 2e 2f 2f,37
Pbam | 4g 4g 4g 4g 4g 4g 4h 4h 4h,36
P1 | 1a 1a 1a 1a 1a 1a 1a 1a 1a 1a,36
Immm | 2a 2d 4i 8l,36
P2/m | 1a 1c 1e 1h,36
P6_3cm | 2a 4b 6c 6c 6c,36
Cmmm | 2a 2d 4i 4j,36
P4_2/mnm | 4d 4f 4g 8j,35
P4/mmm | 1a 1b 1c 4i,35
P-1 | 2i 2i 2i 2i 2i,35
P2_1/m | 2e 2e 2e,35
Pnma | 4a 4c 4c 4c 4c 8d,35
Pmm2 | 1a 1a 1b 1b 1c 1c 1d 1d,35
P4/mmm | 1a 1b 1c 1d,35
I4/m | 2a 8h 8h 8h,35
Immm | 2a 2d 4j 8l,35
Fmm2 | 4a 4a 8b 8c 8c 8c 8c 8c 8d,35
P2_1/c | 4e 4e 4e 4e 4e 4e 4e 4e 4e 4e 4e,34
P-1 | 2i 2i 2i 2i 2i 2i 2i 2i 2i,34
Immm | 2a 4h 4j,34
P2_1/c | 4e 4e 4e 4e 4e 4e 4e 4e 4e 4e 4e 4e,34
R3m | 3a 3a 3a 3a 9b 9b,34
P-62m | 2c 3f 3g,34
Cmcm | 4c,33
Pc | 2a 2a 2a 2a 2a 2a 2a 2a 2a 2a,33
Pbam | 2a 4g 4h 4h,33
Cmcm | 4c 4c 8e 8g,33
P4/mmm | 1a 1b 1c,33
P2_13 | 4a 4a 4a,33
R-3 | 3a 3b 18f 18f,32
Ibam | 4a 4b 8g 8j 8j 8j,32
P6/mmm | 1a 1b 4h,32
P4/mmm | 1a 1c 1d 4i,32
P2/m | 1a 1e 2m 2n,32
Cm | 2a 2a 2a 2a 2a 2a 2a,32
Amm2 | 2a 2a 2a 2b,32
C2/m | 4i 4i 4i 4i 4i,31
P2_1/c | 4e 4e 4e 4e,31
Pbca | 8c 8c 8c 8c 8c 8c 8c 8c,31
Cmcm | 4a 4c 4c 8f 8f,31
Pm-3m | 1a 3c 3d 8g,31
P3m1 | 1a 1b 1b 1c,31
Pm | 1a 1a 1a 1a 1b 1b 1b 1b 2c 2c 2c 2c,31
Cmcm | 4a 4c 8g,30
Pm | 1a 1a 1a 1a 1a 1a 1b 1b 1b 1b 1b 1b 2c 2c,30
Imma | 4e 4e 8g,30
Pnma | 4c 4c 4c 4c 8d 8d,29
Im-3m | 2a,29
P2/m | 1a 1f 2m 2n,29
Im-3 | 2a 8c 24g,29
P-1 | 2i 2i 2i 2i 2i 2i 2i 2i 2i 2i 2i 2i 2i,29
C2/c | 4e 8f 8f 8f 8f,29
Pnma | 4c 4c 4c 8d 8d 8d,29
R-3 | 3a 6c 18f 18f,29
Ibam | 4a 8j 8j,29
Cm | 2a 2a 2a 2a 2a 2a 2a 2a 2a 2a,29
P2_1/m | 2e 2e 2e 2e 2e 2e 4f,29
Fmm2 | 4a 4a 8b 8c 8d,29
P-1 | 1a 1e 2i 2i,29
R-3m | 6c 6c 18h 18h,29
I4/mmm | 2a 2b,28
P2_1/c | 2a 4e 4e 4e 4e,28
R-3m | 3a 3b 6c 6c 6c,28
R-3 | 3a 3b 18f,27
C2/c | 4e 8f 8f 8f 8f 8f,27
R3m | 3a 3a 9b,27
P4/mmm | 1a 1b 1d 4i,27
P1 | 1a 1a 1a 1a 1a 1a 1a,27
R-3m | 6c,27
P-6m2 | 1a 1d 3j 3k,27
C2/m | 2a 4h 4i 8j,27
R3m | 3a 3a 3a 9b 9b,27
Cmm2 | 2a 2b 4c 4d 4e,27
Cmc2_1 | 4a 4a 4a 4a 4a,27
Pmmn | 4e 4e 4e,27
Cmcm | 4a 4c 4c 8g,27
P2_1/m | 2a 2e 2e 2e 2e 2e 2e 2e 2e 2e 2e 2e 2e 2e 4f 4f 4f,26
Pnma | 4a 4c 4c 4c 4c 4c 4c 4c 4c 4c 8d 8d,26
Imma | 4e 8h,26
P1 | 1a 1a 1a 1a 1a 1a 1a 1a 1a,26
P6_3/mmc | 2c 4f,26
P4/nmm | 2c 2c 2c,26
Immm | 2a 2c 4i,26
Pmn2_1 | 2a 2a 2a 2a 4b 4b 4b,25
P2_1/m | 2e 2e 2e 2e 2e 2e,25
C2 | 2a 2b 4c 4c,25
P4_2/mnm | 2a 4f 8i,25
C2/c | 4e 4e 8f 8f,25
Pbcn | 4c 4c 8d 8d,25
P4_2/mnm | 2a 4e 4f 8j,25
Pbcm | 4c 4c 4d 4d 4d,25
Pnma | 4c 4c 4c 4c 4c 8d 8d,24
Cmcm | 4a 4c 4c 8f,24
P3m1 | 1a 1a 1a 1b 1b 1b,24
C2/c | 4e 4e 8f 8f 8f 8f 8f,24
Pnma | 4c 4c 4c 4c 4c 4c 4c 4c,24
C2/c | 4e 8f 8f 8f 8f 8f 8f,24
P6/mmm | 1a 2c 3f 6m,24
P3_121 | 3a,24
Cmcm | 4c 4c 8e 8g 8g,24
Amm2 | 2a 2a 2b 4d 4e 4e,24
P-3m1 | 2c 2d 2d,24
Pmma | 2e 2e 2f 2f,24
Pmmn | 2a 2a 2b 4e 4e,24
P-62c | 2b 4f 6g 6h,23
P6/mmm | 1a 2d 3f 6k 6l,23
P6_3mc | 2b 2b 6c 6c 6c,23
I4/mcm | 4a 4c 8h 16l,23
P-1 | 2i 2i 2i 2i 2i 2i 2i 2i 2i 2i 2i 2i 2i 2i 2i 2i 2i 2i 2i 2i,23
Pbca | 8c 8c 8c,23
P6_3/mmc | 2a 2b 2c 2d 4f 12k,23
Cmce | 8f,23
P6/mmm | 1a 2c,23
C2/m | 4i 4i 4i 4i,23
P3m1 | 1a 1a 1b 1b 1c 1c,23
Imm2 | 2a 2a 2a 2b,23
Cmmm | 2a 2c 4i,23
Ima2 | 4a 4b 4b 8c 8c 8c,22
Pm-3m | 1a 1b 3c 3d,22
P-6 | 1a 1c 1f 3j 3j 3j 3k 3k 3k,22
Fd-3m | 8a 16d 32e,22
R3c | 6a 6a 6a 18b 18b 18b 18b 18b,22
C2/c | 4e 4e 8f,22
Cm | 2a 2a 2a 2a 4b 4b,22
P-6m2 | 1a 1b 2g 2h 2h,22
Pbcm | 4c 4d 4d,22
Cmmm | 2a 4i 4j 4j,22
C2/c | 4e 4e 8f 8f 8f 8f,21
P2_1/c | 4e 4e 4e 4e 4e 4e 4e 4e 4e 4e 4e 4e 4e 4e 4e,21
P3m1 | 1a 1a 1a 1b 1c 1c 1c,21
P3m1 | 1a 1a 1a 1a 1b 1b 1b 1b,21
Cmmm | 2a 4j,21
P-3m1 | 2d 2d 2d 2d,21
R3m | 3a 3a,21
C2/c | 4e 4e 8f 8f 8f 8f 8f 8f 8f 8f,20
R3 | 3a 3a 3a 3a 3a 3a 9b 9b 9b 9b 9b 9b 9b 9b 9b 9b,20
Cmmm | 2a 4i 4j,20
P1 | 1a 1a 1a 1a 1a 1a 1a 1a 1a 1a 1a 1a 1a 1a 1a 1a,20
P-1 | 1a 2i 2i 2i 2i 2i,20
Pnna | 4c 4d 8e 8e,20
P6_3/mmc | 2c,20
Fmmm | 8f 8g 8h 8i 16m 16m,20
I4/mmm | 2a 2b 4e,20
Cmmm | 2a 2b 2c 2d,20
Immm | 2a 2c 4i 4j 4j,20
Pbam | 2a 2d 4g 4g 4g 4g 4g 4h 4h 4h 4h 4h,20
R3m | 3a 3a 3a 3a 3a 9b 9b 9b,19
P2/c | 2e 2f 4g 4g 4g 4g 4g,19
P4/mbm | 2a 2c 4g 4g 8j,19
Pbam | 4e 4g 4g 4g 4h 4h 8i 8i 8i,19
I4_1/amd | 4a,19
Pmm2 | 1a 1b 1c 1d 2g 2h,19
Pbcn | 4c 8d 8d 8d 8d,19
P-6m2 | 1a 1b 2h 2i,19
Cmme | 4g 4g 4g,19
P-1 | 2i 2i 2i 2i 2i 2i 2i 2i 2i 2i,18
Fm-3m | 4a,18
P2/c | 2e 2f 4g 4g,18
R-3c | 6a 6b 18e 36f,18
P4/mnc | 4d 4e 8g 8h 8h 8h,18
P4_2/nmc | 2a 8g 8g,18
P-42_1c | 2a 8e,18
C2/m | 2a 2d 4g 4h,18
Amm2 | 2a 2b 2b 4d 4d 4e,18
P2_1 | 2a 2a 2a 2a 2a,18
R3 | 3a 3a 3a 3a 9b 9b,18
Pmmn | 2a 2a 2a,18
P2_1/c | 4e 4e 4e 4e 4e 4e 4e 4e 4e 4e 4e 4e 4e 4e 4e 4e,17
P-1 | 2i 2i 2i 2i 2i 2i 2i 2i 2i 2i 2i 2i 2i 2i,17
I4/mmm | 2a 4d,17
P1 | 1a 1a 1a 1a 1a 1a 1a 1a 1a 1a 1a,17
I4/mmm | 2a,17
P1 | 1a 1a 1a 1a 1a 1a 1a 1a 1a 1a 1a 1a 1a 1a 1a 1a 1a 1a 1a,17
R-3m | 6c 9d,17
Cm | 2a 2a 2a 2a 2a 2a 2a 2a 2a 2a 2a 2a 2a 2a 2a 2a,17
P2/m | 2m 2m 2n 2n,17
Pm | 1a 1a 1a 1a 1a 1a 1b 1b 1b 1b 1b 1b,17
Cmmm | 4e 4g 4j 4j,17
P-1 | 2i 2i 2i 2i 2i 2i 2i 2i 2i 2i 2i 2i 2i 2i 2i 2i 2i,16
P2_13 | 4a 4a 4a 4a 12b,16
C2/m | 4i 4i 8j,16
Fd-3m | 16c 16d 32e 48f,16
P6_3mc | 2a 2b 2b 6c 6c 6c,16
P1 | 1a 1a 1a 1a 1a 1a 1a 1a 1a 1a 1a 1a 1a 1a 1a 1a 1a 1a 1a 1a 1a 1a 1a 1a 1a 1a 1a 1a 1a 1a 1a 1a 1a 1a 1a 1a 1a 1a 1a 1a 1a 1a 1a 1a 1a 1a 1a 1a 1a 1a,16
P2_12_12_1 | 4a 4a 4a 4a 4a 4a 4a 4a 4a,16
Pbcm | 4c 4c 4c 4d 4d 4d 8e 8e,16
C2/m | 4i 4i 4i 4i 4i 4i,16
P1 | 1a 1a 1a 1a 1a 1a 1a 1a 1a 1a 1a 1a 1a 1a 1a 1a 1a 1a,16
R-3 | 6c 6c 18f,16
Fmmm | 8i,16
P2_1/m | 2e 2e 2e 2e 2e 4f,16
R3 | 3a 9b 9b,16
P-1 | 1a 1c 2i 2i,16
R3 | 3a 3a 9b 9b,16
C2/m | 2a 2d 4i 4i 4i 4i 4i 4i,15
Immm | 2a 4h 4i 4j 8l,15
F-43m | 16e 16e 16e 24f 24g,15
I4/mmm | 2a 2b 4d 4e,15
C2/m | 2a 4i 4i 4i 4i 4i 4i 4i 4i 4i,15
C2/c | 4a 4e 8f 8f 8f 8f 8f 8f 8f 8f 8f,15
P-1 | 2i 2i 2i 2i 2i 2i 2i 2i 2i 2i 2i 2i 2i 2i 2i 2i,15
Ima2 | 4a 4b 4b 8c 8c 8c 8c 8c,15
P-43m | 1a 3d 4e,15
I4/mmm | 4e 8h 8h 8i 8i 8j 16k,15
I4/mmm | 2a 2b 4e 4e 4e 8g,15
Fddd | 8a 16f 16g,15
P4_2/n | 2a 8g 8g,15
R-3 | 3a 3b 6c 18f,15
Pmc2_1 | 2a 2a 2b 2b,15
P6/mmm | 1a 2d 6k,15
Cm | 2a 2a 2a 2a 2a 2a 2a 2a 4b 4b 4b 4b,15
Cmcm | 4c 8e 8f,15
Fmmm | 4a 8f 8i,15
R3m | 3a 3a 3a 3a 3a 3a 3a 3a,15
C2/c | 4e 4e 4e,15
Cmmm | 2a 2b 4h,15
Fmmm | 4a 8i 8i 8i,15
F-43m | 4a 4b 4c 16e 24g,15
Imma | 4e 4e 4e 4e,15
Imm2 | 2a 2a 2a 2a 2a 2b 2b 2b 2b 2b,15
Cm | 2a 2a 2a 2a 2a 2a 4b 4b,15
R3m | 3a 3a 3a 3a 3a 3a 3a 3a 3a 3a,15
Im-3m | 2a 8c 12d 12e,15
P6/mmm | 1a 1b 2c 2d 6i,14
Cm | 2a 2a 2a 4b,14
P-1 | 2i 2i 2i 2i 2i 2i 2i 2i 2i 2i 2i 2i 2i 2i 2i,14
P-1 | 2i 2i 2i 2i 2i 2i 2i 2i 2i 2i 2i 2i 2i 2i 2i 2i 2i 2i,14
P-1 | 1a 2i 2i 2i 2i 2i 2i 2i 2i 2i 2i 2i 2i 2i 2i 2i 2i 2i 2i,14
Im-3 | 2a 6b 8c 24g,14
Fd-3m | 8a 16c 16d 48f,14
R3c | 6a 6a 18b,14
Cm | 2a 2a 2a 2a 2a 2a 2a 2a 2a 2a 2a 2a 4b 4b 4b 4b 4b 4b 4b 4b 4b 4b 4b 4b 4b 4b,14
I4/mmm | 4e 4e,14
C2/c | 4e 8f 8f 8f,14
P4/mbm | 2a 4g 4h 4h 8i 8i 8j,14
P4/mbm | 2a 2c 4g 8j 8k,14
Pm | 1a 1a 1a 1b 1b 1b,14
P4mm | 1a 1a 1a 1b 1b 1b,14
P-6m2 | 1a 1b 1c 1f,14
I4mm | 2a 2a 2a 2a 2a 2a 2a 2a 2a 2a,14
P2_1/m | 2e 2e 2e 2e 2e 4f 4f 4f,14
P1 | 1a 1a 1a 1a 1a 1a,14
P2/c | 2e 2f 4g,14
Cmmm | 2a 2c 4k 4l,14
C2/m | 2a 2c 4i 4i 4i,14
R3m | 3a 3a 3a 3a 3a 3a 3a,14
P4/mbm | 2a 2d 4h,14
I-42m | 2a 2b 4d 8i,13
Pnma | 4c 4c 4c 4c 8d 8d 8d,13
I4/mmm | 4c 4e 4e,13
P2_1/c | 2a 4e 4e 4e 4e 4e 4e 4e,13
I-43d | 12a 12b 16c,13
P-62m | 1a 2c 3f 3f 3f 3g 3g 6j 6k 6k,13
C2/c | 4e 4e 4e 4e 8f 8f 8f,13
I4/mcm | 4a 4b 4c 8h 16l,13
P1 | 1a 1a 1a 1a 1a 1a 1a 1a 1a 1a 1a 1a 1a 1a 1a 1a 1a 1a 1a 1a 1a 1a 1a 1a 1a 1a 1a 1a 1a 1a 1a 1a 1a 1a 1a 1a 1a 1a 1a 1a,13
C2/m | 2a 2d 4i 4i 8j,13
I-4 | 2a 2b 2c 8g,13
R-3m | 6c 6c 9d 18f 18h,13
P4mm | 1a 1a 1a 1b 1b 2c 2c,13
P-1 | 1a 2i 2i 2i 2i 2i 2i 2i,13
P2_1/c | 2a 2d 4e 4e 4e 4e 4e 4e 4e 4e 4e 4e 4e 4e,13
Pnma | 4c 4c 4c 4c 4c 4c 4c 4c 4c 4c,13
P4/mnc | 2a 4e 8g 8h,13
Pnnm | 4g 4g 4g 4g 4g,13
Pmmn | 2a 2b 2b 4e 4e,13
P-1 | 1a 2i 2i 2i,13
P6_3/mmc | 2b 4f 4f 6h 12k,13
Pmmm | 1a 1c 1f 1h 2r 2s,13
Cm | 2a 2a 2a 2a 4b,13
R-3m | 3a 6c 9e 18h,13
P2_1/m | 2e 2e 2e 2e 2e 2e 4f 4f 4f,13
I4mm | 2a 2a 2a 2a,13
R3m | 3a 3a 9b 9b,13
Cmce | 4a 8e 8e 8f 8f,13
Pmn2_1 | 2a 2a 2a 4b 4b 4b,12
P4/ncc | 4b 4c 8f 16g 16g 16g,12
I4_1/amd | 4a 4b 16h,12
P2_1 | 2a 2a 2a 2a 2a 2a 2a,12
Pnnm | 4g 4g 4g 4g 4g 4g,12
P2_1/c | 2a 4e 4e 4e 4e 4e 4e 4e 4e 4e,12
P-31m | 1a 1b 2d 4h 6k,12
P2_1/c | 2a 4e 4e 4e,12
P4/mmm | 1a 1b 1c 1d 2e 2f 2g 2h 4i,12
Im-3m | 8c 12e 24h,12
Imma | 4a 4e 4e 8g,12
P6_3/m | 4f 6h 6h,12
C2/m | 2a 2d 4i 4i,12
Pbam | 4e 4f 4g 4g 4h 4h 8i,12
Cmce | 4a 8f,12
Pmmn | 2a 2a 2b,12
P-1 | 2i 2i 2i,12
P-6m2 | 1a 1c 1e,12
Imm2 | 2a 2b 4d 4d,12
I4mm | 2a 2a,12
Cmmm | 2a 2b 4e 4j,12
Fmm2 | 4a 4a 8b 8c 8d 16e 16e,12
P4/nmm | 2c 2c 2c 2c,12
P2_1 | 2a 2a 2a 2a 2a 2a 2a 2a 2a 2a,11
I4/m | 2a 4d 8h,11
P2_1/c | 2a 4e 4e 4e 4e 4e 4e 4e 4e,11
Pnma | 4c 4c 4c 4c 4c 4c 8d 8d,11
Cmcm | 4c 4c 4c 8f 8f 8f 8f,11
I4_1/a | 4a 8d 16f,11
P-6m2 | 1a 1c 3j 3k 3k,11
P2_1/c | 2a 2b 4e 4e 4e 4e 4e 4e 4e 4e 4e 4e,11
P2_1 | 2a 2a 2a 2a 2a 2a 2a 2a 2a 2a 2a 2a 2a 2a 2a 2a 2a 2a,11
P2_1/m | 2e 2e 2e 4f,11
P6_3mc | 2a 2b 2b 2b 6c 6c 6c,11
Pnma | 4c 4c 4c 8d 8d 8d 8d,11
Cmcm | 4a 4c 4c 8f 8f 8f 8f,11
Imma | 4a 4b 4c 8h 8i,11
I4/mcm | 4a 4d 16k 16l 16l,11
Pna2_1 | 4a 4a 4a 4a 4a 4a 4a,11
P1 | 1a 1a 1a 1a 1a 1a 1a 1a 1a 1a 1a 1a 1a 1a 1a 1a 1a 1a 1a 1a,11
P4/mnc | 2a 4d 4e 8h,11
F-43m | 4a 4b 4d,11
R-3c | 6b 12c 18e 36f 36f,11
P6_3/m | 6h 6h 6h 6h 6h 6h 6h 6h 6h,11
I4/mmm | 4e,11
Cmmm | 2a 2b 4e,11
Pmmm | 1a 1f 2p,11
P2 | 1a 1a 1a 1b 1b 1b 1c 1c 1c 1d 1d 1d,11
C2/m | 2a 2b 4e 4i 4i 8j,11
I-43m | 8c 8c 12e 24g,11
Pbam | 4g 4g 4h 4h 4h 4h,11
P3m1 | 1a 1a 1b 1b 1c,11
Pbam | 2a 4g 4g 4h 4h,11
P4/n | 2a 2c 8g 8g 8g,10
Pnma | 4a 4c 4c 4c 4c 8d 8d,10
P6_3mc | 2b 6c 6c 6c,10
R-3m | 3a 3b 18h,10
Pna2_1 | 4a 4a 4a 4a 4a 4a 4a 4a 4a 4a,10
Pmn2_1 | 2a 2a 2a 2a,10
Pbcm | 4c 4c 4d 4d 8e 8e,10
I4_1/a | 4a 4b 16f,10
P4/nmm | 2a 2b 2c 2c 2c 8j,10
P2_1/m | 2a 2e 2e 2e 2e 4f 4f 4f 4f 4f 4f 4f,10
P-1 | 1a 2i 2i 2i 2i,10
P2_1 | 2a 2a 2a 2a 2a 2a 2a 2a 2a,10
P3m1 | 1a 1a 1a 1a 1a 1b 1b 1b 1b 1b 1c 1c 1c 1c 1c 3d 3d 3d 3d 3d 3d 3d 3d 3d,10
P2/m | 1a 1e 1f 1g 2m 2n,10
R3m | 3a 3a 3a 3a 9b 9b 9b 9b 9b 9b 9b 9b 18c 18c,10
Immm | 4g 4h 4i,10
P2_12_12_1 | 4a 4a 4a 4a 4a 4a 4a,10
P2_13 | 4a 4a 12b,10
Cmcm | 4a 4c,10
Cmmm | 2a 4i 4j 4k 4l 8m,10
P2/m | 1a 1c 2m 2m 2n 2n 2n,10
Cmmm | 2a 4i,10
Pm-3n | 2a 6c 6d 16i 24k,10
Immm | 2a 4h,10
Pnma | 4c 4c 4c 4c 4c 8d 8d 8d,10
P4/mmm | 1a 2e 4j,10
Imm2 | 2a 2a 2a 2a 2b 2b 2b 2b,10
P-6 | 2g 2h 3j 3j 3k 3k,10
Pmma | 2a 2e 2f 2f 4i,10
Pbcn | 4a 4c 8d 8d,10
Immm | 2a 2d 8l,10
P1 | 1a 1a 1a 1a 1a 1a 1a 1a 1a 1a 1a 1a 1a 1a 1a 1a 1a 1a 1a 1a 1a 1a 1a 1a 1a 1a 1a 1a 1a 1a 1a 1a 1a 1a 1a 1a 1a 1a 1a 1a 1a 1a 1a 1a 1a 1a 1a 1a,10
C2/c | 4c 4e 8f 8f 8f,10
Pna2_1 | 4a 4a 4a 4a 4a 4a 4a 4a 4a 4a 4a 4a 4a 4a 4a 4a,9
C2/m | 2a 4h 4i 4i 8j,9
P4_2/nmc | 2a 4d 8f 8g,9
C2/c | 4a 4e 8f 8f 8f 8f 8f 8f,9
P6_3mc | 2a 2a 2b 2b 6c 6c 6c,9
C2/c | 4e 4e 8f 8f 8f 8f 8f 8f 8f,9
C2/c | 4a 4e 8f 8f 8f 8f 8f 8f 8f 8f 8f 8f 8f 8f 8f 8f,9
I4_1/amd | 4a 4b 8e,9
Cmc2_1 | 4a 4a 8b 8b,9
P2_12_12_1 | 4a 4a 4a 4a 4a 4a,9
I4/mmm | 2a 4e 4e 4e 4e 4e 4e 4e 8g 8g,9
P-1 | 1a 2i 2i 2i 2i 2i 2i 2i 2i,9
P1 | 1a 1a 1a 1a 1a,9
P-3m1 | 1a 1b 2c 2d 2d 2d 2d,9
P6_3/mmc | 2a 2b 4f 4f 6h 12k,9
Pnna | 4c 4c 4d 8e 8e 8e,9
P4/mmm | 1a 1c 2f 4k,9
C2/c | 4e 4e 8f 8f 8f 8f 8f 8f,9
P2_12_12_1 | 4a 4a 4a 4a,9
C2/c | 4c 4e 8f 8f 8f 8f 8f 8f 8f 8f,9
P2_1/c | 2a 4e 4e 4e 4e 4e 4e,9
Fdd2 | 8a 16b 16b 16b 16b 16b 16b 16b,9
P2_1/c | 2a 4e 4e 4e 4e 4e,9
Cmcm | 4a 4c 4c 8e 8g 8g,9
Cm | 2a 2a 2a 2a 4b 4b 4b 4b,9
Cc | 4a 4a 4a 4a 4a 4a,9
I4mm | 2a 2a 2a 2a 2a 2a 2a,9
P2/m | 1a 1c 2m 2n 2n,9
P3m1 | 1a 1a 1a 1b 1b 1b 1c 1c,9
P4mm | 1a 1a 1b 1b 2c 2c,9
Pna2_1 | 4a 4a 4a 4a 4a,9
Pmn2_1 | 2a 2a 2a 2a 4b 4b,9
Cmmm | 2a 4h 4j 8q,9
Pmmn | 2a 2a 2b 2b,9
Immm | 2a 4i 4j,9
R-3m | 3a 3b 9d 9e,9
R-3 | 3a 18f,9
Cmc2_1 | 4a 4a 4a 4a 4a 4a 4a,9
P2/c | 4g 4g 4g 4g 4g,9
Immm | 2a 4g 4h 4i 4j 8k,9
C2 | 2a 4c,9
Pmmm | 1a 1e 2p 2q 2r 4v,9
P6_3mc | 2a 2b 2b 6c 6c 6c 6c,9
P2/m | 1a 1d 2m 2n 2n,9
C2 | 2a 2a 2a 2b 2b 2b 4c 4c 4c,9
P4/mmm | 1a 1b 1c 2g 2h 2h 4i,9
C2/c | 4e 8f 8f 8f 8f 8f 8f 8f 8f,9
R-3m | 3a 3b 6c 9d,9
C2/m | 2a 4i 4i 4i 8j,9
P3_2 | 3a 3a 3a 3a 3a 3a 3a 3a 3a 3a 3a 3a 3a 3a 3a 3a,9
I-4 | 2a 2b 2c 2d 8g,9
C2/m | 2a 4i 4i 4i 4i 4i,8
Pbcn | 4c 4c 8d 8d 8d 8d 8d 8d,8
P321 | 1a 2d 3e 3f 6g 6g 6g,8
C2/m | 4i 4i 4i 4i 4i 8j,8
Fm-3m | 4a 8c 24e 32f 48h,8
C2/m | 2a 2c 4i 4i 4i 8j,8
P4_2/mmc | 2a 2c 2f,8
C2/c | 4c 4e 8f 8f 8f 8f 8f 8f 8f 8f 8f 8f 8f 8f,8
P2_1 | 2a 2a 2a 2a 2a 2a 2a 2a 2a 2a 2a,8
Pca2_1 | 4a 4a 4a,8
R-3 | 3a 3b 18f 18f 18f,8
C2/m | 2a 2d 4g 4h 4i 8j,8
P2_1/m | 2e 2e 2e 2e 2e 2e 4f 4f,8
Cmcm | 4a 4c 8f 8f,8
Pc | 2a 2a 2a 2a 2a 2a 2a 2a 2a,8
Pnma | 4a 4c 4c 4c 4c 4c 4c 4c 4c 8d 8d,8
Pmmn | 2a 2b 4e 4e 4f,8
P1 | 1a 1a 1a 1a 1a 1a 1a 1a 1a 1a 1a 1a 1a 1a 1a 1a 1a 1a 1a 1a 1a 1a 1a 1a,8
Pbam | 2a 2d 4g 4g 4g 4g 4g 4h 4h 4h,8
P-6m2 | 1a 1b 2h 3j 3k 6n,8
C2/m | 4g 4i 4i 8j,8
P1 | 1a 1a 1a 1a 1a 1a 1a 1a 1a 1a 1a 1a 1a 1a 1a 1a 1a 1a 1a 1a 1a 1a 1a 1a 1a 1a 1a 1a 1a 1a 1a 1a 1a 1a 1a 1a 1a 1a 1a 1a 1a 1a,8
P3m1 | 1a 1a 1b 1b,8
C2/m | 2a 2d 4i 4i 4i 4i 4i 4i 4i 4i 4i 4i 4i,8
P6_3/mmc | 2a 2b 4f,8
P-3m1 | 1a 2d 6i,8
P-1 | 1a 2i 2i 2i 2i 2i 2i 2i 2i 2i 2i 2i 2i 2i 2i 2i,8
R-3m | 6c 6c 9d 9e 18g 18h,8
C2/m | 4i 4i 4i 4i 4i 4i 4i 4i,8
P6/mmm | 1a 2c 2e 3g 4h 6i,8
Cmmm | 2a 4j 4l,8
Pbam | 2a 4g 4g 4g 4h 8i,8
P4/mmm | 1a 1b 1c 1d 4i,8
Cmm2 | 2a 2a 2a 2b 2b 2b,8
Pmm2 | 1a 1a 1b 1b,8
P4/mmm | 1a 2e 2h,8
C2/m | 2a 2c 4i 4i 4i 4i,8
P6_3/mmc | 2b 2c,8
Ibam | 4a 8j,8
Amm2 | 2a 2b 4d 4e,8
Pmmn | 2a 2b 4e 4e 4e,8
Imm2 | 2a 2a 2b 2b 4d,8
Cmcm | 4c 4c 8f 8f 8f 8g 16h,8
P4/mcc | 2a 2c 8m,8
Amm2 | 2a 2a 4d 4e,8
P6_3/mmc | 2c 6h 6h,8
P2/m | 1a 1h 2m 2m 2n 2n,8
Pnma | 4c 4c 4c 4c 4c 4c 4c 4c 4c 4c 4c,8
Cm | 2a 2a 2a 2a 2a 2a 2a 2a 4b 4b,8
I4mm | 2a 2a 2a 2a 4b 4b,8
P4_2/mmc | 2e 4k 4m,8
P-6m2 | 1a 1c 1f 2g 2h 2i,8
C222 | 2a 2b 4i 4j 4k 4k 4k,8
Im-3m | 2a 6b 8c,8
P-4m2 | 1a 1b 2g 2g,8
P6_3/mmc | 2a 2b 2c 4f,8
Pmmm | 1a 1b 1c 1h,8
I4/mmm | 2a 4d 8j,8
I4/mmm | 2a 4d 4e 8j,8
Amm2 | 2a 2a 2a 2a 2b 2b 2b 2b 4c 4c 4d 4d 4e 4e 8f 8f 8f 8f 8f,8
P-3m1 | 1a 2c 2d 2d,8
I4/mmm | 2a 4c 4d 4e 4e,8
P-42_1m | 2a 2c 4e 4e 4e 8f,8
P4mm | 1a 1a 1b 2c,8
F-43m | 4a 4b 4d 16e 24g,8
Ama2 | 4b 4b 4b 4b,8
P6/mmm | 1a 2d 6i,8
Pnma | 4c 4c 8d 8d,7
C2/c | 4e 4e 8f 8f 8f 8f 8f 8f 8f 8f 8f 8f 8f,7
Pmmn | 2a 2a 2a 2b,7
P1 | 1a 1a 1a 1a 1a 1a 1a 1a 1a 1a 1a 1a 1a,7
Pmna | 4e 4g 4h 4h,7
P-1 | 2i 2i 2i 2i 2i 2i 2i 2i 2i 2i 2i 2i 2i 2i 2i 2i 2i 2i 2i 2i 2i,7
Pbca | 8c 8c 8c 8c 8c 8c 8c,7
P1 | 1a 1a 1a 1a 1a 1a 1a 1a 1a 1a 1a 1a 1a 1a 1a 1a 1a 1a 1a 1a 1a 1a 1a 1a 1a 1a 1a 1a 1a 1a 1a 1a 1a 1a 1a 1a,7
Pnma | 4a 4c 4c 4c 4c 4c 8d,7
I4_1/amd | 4a 8d 16h,7
R-3m | 3a 3b 6c 9d 18h,7
Pnma | 4c 4c 4c 8d,7
P2/c | 2e 4g 4g 4g 4g 4g,7
P2_1/m | 2a 2e 2e 2e 2e 2e 4f,7
P-1 | 1a 2i 2i 2i 2i 2i 2i 2i 2i 2i,7
P2_12_12_1 | 4a 4a 4a 4a 4a 4a 4a 4a,7
I4/mmm | 2a 4e 4e 4e 8g,7
P-1 | 2i 2i 2i 2i 2i 2i 2i,7
Immm | 2a 2d 4h 4j 8l 8l,7
Cmc2_1 | 4a 4a 4a 8b,7
Pmmn | 2a 2b 4c 4e 4e 4e 8g,7
Pbca | 8c 8c 8c 8c 8c,7
P4/mmm | 1a 1d 2e 2g 2h 2h 4i,7
P-62m | 2e 3f 3g 4h,7
Cc | 4a 4a 4a 4a 4a 4a 4a 4a,7
P4_2/mnm | 4f 4f 4g 8i,7
P6_3/mmc | 2c 4e,7
P2_1/m | 2e 2e 2e 2e 2e 2e 2e 2e 2e,7
Pmn2_1 | 2a 2a 2a 2a 2a 2a 4b 4b 4b,7
I4_1/acd | 8b 32g 32g,7
Pm-3m | 1a,7
P4_12_12 | 4a 8b 8b 8b 8b,7
Pmm2 | 1a 1b 1c 1c,7
Pmmm | 1a 1c 2r,7
Cmmm | 2a 2b 4i 8q,7
P-1 | 1a 1b 2i 2i 2i,7
P-4m2 | 1a 1b 1c 1d 2g 2g,7
Pmm2 | 1a 1b 1b 1c,7
C2 | 2a 2a 2b 2b 4c 4c,7
P4/ncc | 4c 4c 8f 16g,7
P6_3/mmc | 2a 2c 4e 4f 4f,7
P6_3/mmc | 2a 4f,7
P4/mmm | 1a 1d 4i,7
P4/ncc | 4b 4c 8f 16g,7
Pmma | 2a 2c 2f 2f,7
Pmmm | 1a 1c 2q 2t 2t,7
Pmc2_1 | 2a 2a 2a 2b 2b 2b,7
Fmmm | 4a 4b 8i 16j,7
Pmmn | 2a 2b 4e 4f 4f 8g,7
Cmcm | 4c 8g 8g,7
C2 | 2a 2a 2a 2b 2b 2b,7
Fdd2 | 16b 16b,7
P2_1/m | 2a 2d 2e 2e 2e 2e 4f 4f,7
Cmme | 4g 4g 4g 4g,7
Cmmm | 2a 2c 4j,7
P4mm | 1a 1a 1a 1a 1b 1b 1b 1b,7
Cm | 2a 2a 2a 4b 4b,7
I-4m2 | 2a 2b 4e 4f 4f,7
P31m | 1a 2b 3c 3c,7
Pmn2_1 | 2a 2a 2a 2a 2a 2a 2a 4b 4b 4b 4b,7
Cmc2_1 | 4a 4a 4a 4a 4a 8b 8b 8b,7
Pmm2 | 1a 1a 1a 1d 1d 1d,7
Cmm2 | 2a 2a 2a 2a 2b 2b 2b 2b,7
Cm | 2a 2a 2a 2a 2a 2a 2a 2a 2a 2a 2a 2a 2a,7
Pnma | 4c 4c 8d 8d 8d,7
P2_1 | 2a 2a 2a 2a 2a 2a 2a 2a 2a 2a 2a 2a 2a 2a,7
I-43d | 12b 16c,7
I4/m | 2a 2b 8h 8h 8h 8h 8h 16i 16i,7
Pnma | 4c 4c 4c 8d 8d,7
I4_1md | 4a 4a 4a,7
Immm | 2a 4i 4j 4j,7
Pna2_1 | 4a 4a 4a 4a 4a 4a 4a 4a 4a,7
Immm | 2a 4i 4i 4i,7
Immm | 4i 4i 4j,7
C2/m | 2a 4g,7
P4/mmm | 1a 1c 1d 2g 4i,6
R3m | 3a 3a 3a 3a 3a 3a,6
P2_1/c | 2a 4e 4e 4e 4e 4e 4e 4e 4e 4e 4e 4e,6
Amm2 | 2a 2a 2a 2a 2a 2b 2b 2b 2b,6
Cmcm | 4a 4c 4c 4c 8f 8f,6
P-1 | 2i 2i 2i 2i 2i 2i 2i 2i 2i 2i 2i 2i 2i 2i 2i 2i 2i 2i 2i 2i 2i 2i 2i 2i 2i 2i 2i 2i,6
P4_332 | 4a 8c 8c 12d 24e,6
I4/mcm | 4a 8h 8h,6
P6_3mc | 2a 2b 6c 6c 6c,6
Pbcm | 4c 4d 4d 4d,6
C2/c | 4c 4e 8f 8f 8f 8f 8f 8f 8f 8f 8f,6
R-3 | 3a 3b 18f 18f 18f 18f,6
I4_1/amd | 4a 4b 8e 16f 16g 16h 16h 16h 32i,6
I23 | 2a 8c 8c 24f 24f,6
P-3m1 | 1a 1b 2d 2d 6i,6
Pmm2 | 1a 1a 1a 1a 1b 1b 1b 1b 1c 1c 1c 1c 1d 1d 1d 2e 2e 2e 2e 2f 2f 2f 2f 2g 2g 2g 2g 2h 2h 2h 2h 4i 4i 4i 4i,6
Pnnm | 2a 2c 4g 4g 4g 4g 4g 4g 4g 4g 4g,6
Fm-3m | 4a 8c 24d 24e,6
Fddd | 8a 16d 16g 16g 32h 32h,6
P4_2/mbc | 4d 8g 8h 8h,6
P4/nmm | 2c 2c 2c 2c 2c 4f,6
Pa-3 | 8c 8c 24d,6
I-42m | 2a 4d 8i,6
R-3m | 6c 6c 6c,6
Cmcm | 4a 4b 4c 8g 8g 16h,6
C2/c | 4c 4e 8f 8f 8f 8f 8f 8f 8f 8f 8f 8f 8f,6
I4mm | 2a 2a 2a 2a 2a 4b,6
Ibam | 4a 4b 8j 8j,6
P-1 | 1a 2i 2i 2i 2i 2i 2i 2i 2i 2i 2i 2i,6
Cmcm | 4c 4c 8f 8g 8g 16h 16h,6
Cmc2_1 | 4a 4a 4a 4a 4a 4a 4a 8b 8b 8b,6
Pbcn | 4c 8d 8d 8d 8d 8d 8d 8d,6
Cc | 4a 4a 4a 4a 4a 4a 4a 4a 4a 4a 4a 4a 4a,6
Cmce | 8e 8f 8f 8f 8f 8f,6
P-3m1 | 1a 1b 2d 2d 2d 6i,6
Pmmn | 2a 2b 4e 4f 8g,6
P-1 | 1a 1b 2i 2i 2i 2i 2i 2i 2i,6
Pmm2 | 1a 1a 1a 1a 1b 1b 1b 1c 1c 1c 1c 1d 1d 1d 1d 2g 2g 2g 2g 2h 2h 2h 2h,6
P2_1/m | 2e 2e 2e 2e 2e 2e 2e 2e 2e 2e 2e 2e,6
Pmmn | 2a 2a 2a 2a 2b 2b 4e 4e 4e 4e 4e 4e,6
Pnnm | 2a 4g 4g,6
I2_13 | 8a 8a 12b,6
C2/m | 2a 4g 4g 4g 4i 4i 4i 8j 8j 8j 8j 8j 8j 8j 8j 8j,6
Cmc2_1 | 4a 4a 4a 4a 8b 8b,6
P6/mmm | 1a 2c 2d,6
Pmc2_1 | 2a 2a 2a 2a 2b 2b,6
P4/mnc | 2a 2b 8g 8h 16i,6
Cmce | 8e 8f 8f,6
Pmma | 2e 2f 4k,6
P-42_1m | 2a 2c 4e,6
Pmmm | 1a 1g 2s 2t,6
P-6m2 | 1a 1c 2g 2h 2i 3k,6
P-1 | 2i 2i,6
I4/mmm | 4d 4e 4e,6
C2/c | 8f 8f 8f,6
Pm | 1a 1a 1a 1a 1a 1b 1b 1b 1b 1b,6
Cm | 2a 2a 2a 2a 2a 2a 2a 2a 2a 2a 2a 2a,6
Fddd | 8a 16f,6
P3m1 | 1a 1b 3d 3d 3d,6
Pbcn | 4c 4c 8d 8d 8d,6
Imm2 | 2a 2a 2a 2a 2a 2b 2b,6
P4_132 | 4a 8c 12d,6
P4/mnc | 4e 4e 8g 8h 16i,6
Pmmn | 2a 2a 2b 4e 4e 4e 4e 4e 4e,6
P6/mmm | 2c 2d 2e,6
Fmm2 | 4a 4a 4a 4a 4a 4a 8b 8b 8b,6
P4_2/mnm | 4e 4f 4f 4g 16k,6
C2 | 2a 4c 4c 4c 4c,6
Pmna | 4e 4g 4h 8i,6
P2/c | 2e 2f 4g 4g 4g 4g 4g 4g,6
P2_1 | 2a 2a 2a 2a 2a 2a 2a 2a 2a 2a 2a 2a,6
C2/c | 4c 4e 8f 8f 8f 8f 8f 8f,6
C2/c | 4e 8f 8f 8f 8f 8f 8f 8f,6
P1 | 1a 1a 1a 1a 1a 1a 1a 1a 1a 1a 1a 1a 1a 1a 1a 1a 1a 1a 1a 1a 1a 1a 1a 1a 1a 1a 1a 1a,6
R-3m | 3a 3b 6c 6c,6
Pbam | 4g 4g 4g 4h 4h 4h,6
C2 | 2a 2b 4c 4c 4c 4c 4c 4c 4c 4c 4c 4c 4c 4c,6
C2/m | 4g 4i 4i 4i 4i 4i 8j,6
R3 | 3a 3a 9b 9b 9b,6
Pbam | 4e 4g 4g 4g 4g 4h 4h 4h 4h,6
P6_3/mmc | 2c 4e 4f,6
P-1 | 1a 1c 2i 2i 2i 2i 2i,6
P4/m | 1a 1c 2f 4j 4j 4j 4k 4k,6
Pbca | 4a 8c 8c 8c,6
P6/mmm | 1a 2d 3f 6m,6
P2_1/c | 2a 2d 4e 4e 4e 4e 4e 4e 4e 4e 4e,6
Pmn2_1 | 2a 2a 2a 2a 2a 2a 2a 2a 2a 2a 2a 2a,6
I4/mcm | 4a 4b 8h,6
Pmmm | 1a 1d 1e 2q 2r 2r 2s 2t,5
Pbcm | 4c 4d 4d 8e,5
I-4 | 2a 2b 2d 8g,5
P6_3/mmc | 2a 2c 2d 4f 4f,5
Pnma | 4c 4c 4c 4c 4c 4c 4c 4c 4c 4c 4c 4c 4c 4c 4c 4c,5
C2/c | 4a 4e 8f 8f 8f 8f 8f,5
P-1 | 2i 2i 2i 2i 2i 2i 2i 2i 2i 2i 2i 2i 2i 2i 2i 2i 2i 2i 2i 2i 2i 2i 2i 2i 2i,5
P2_1/m | 2a 2e 2e 2e 4f,5
Cmmm | 2a 2c 4e 4j,5
Pa-3 | 4a 4b 8c 24d,5
I4/mcm | 4a 4b 4c 8h,5
P4/mmm | 1a 1b 2f 2h,5
C2/m | 2a 4i 4i 4i 4i 4i 4i 4i 4i 4i 4i 4i 4i 4i 4i,5
Ima2 | 4a 4b 8c 8c 8c 8c 8c,5
P2_1/m | 2e 2e 2e 2e 2e 2e 2e 2e 2e 2e 4f 4f,5
P4bm | 2a 2b 4c 4c 4c 8d 8d 8d,5
P2_1/m | 2a 2e 2e 2e 2e 2e 2e 2e 2e 2e 2e 2e 2e 4f 4f 4f,5
P-1 | 1a 2i 2i 2i 2i 2i 2i 2i 2i 2i 2i 2i 2i 2i 2i,5
P6_3/m | 4f 6h 6h 12i,5
Pmma | 2e 2e 2f 2f 4i 4j,5
Pbam | 4e 4f 4g 4g 4h 4h 8i 8i,5
C2/c | 4c 4e 4e 8f 8f 8f 8f,5
P-1 | 2i 2i 2i 2i 2i 2i 2i 2i 2i 2i 2i 2i 2i 2i 2i 2i 2i 2i 2i 2i 2i 2i 2i 2i 2i 2i,5
P6_3/m | 2c 6h,5
P-1 | 1a 1f 2i 2i 2i 2i 2i 2i 2i 2i 2i,5
R3c | 6a 6a 18b 18b 18b 18b 18b,5
C2/m | 2a 2c 4i 4i 4i 4i 4i 4i,5
P2_13 | 4a 4a 4a 4a 4a 12b 12b 12b,5
Pnma | 4c 4c 8d 8d 8d 8d 8d 8d,5
P-31m | 2c 2e 6k,5
R-3 | 3a 6c 18f,5
Cmcm | 4c 4c 8f 8f,5
P2_1/c | 2a 2d 4e 4e 4e 4e 4e 4e 4e,5
Cc | 4a 4a 4a 4a 4a 4a 4a 4a 4a 4a,5
I4/mmm | 2a 2b 4d 4e 8h,5
Ia-3 | 8b 24d 48e,5
P4_2/mnm | 2a 4f 4f 4f 4f 4g 8i 8i 8i,5
I4_132 | 8a 24g 24h,5
C2/c | 4a 4e 4e 4e 8f 8f,5
P6_3cm | 2a 2a 4b 4b 6c 6c 6c,5
C2 | 2a 2b 4c 4c 4c 4c 4c 4c 4c 4c 4c 4c 4c 4c 4c 4c 4c 4c 4c 4c 4c 4c 4c 4c 4c 4c 4c 4c 4c 4c 4c,5
Amm2 | 2a 2b 4d,5
I4/mmm | 2a 4c 4e 4e 4e 4e 4e 8g,5
I-42d | 4a 8d,5
Fm-3m | 4a 4b 24e,5
Imma | 4e,5
P1 | 1a 1a 1a 1a 1a 1a 1a 1a 1a 1a 1a 1a 1a 1a 1a 1a 1a 1a 1a 1a 1a 1a 1a 1a 1a 1a 1a 1a 1a 1a,5
P-62m | 1a 1b 2c 3g 6i,5
Ia-3 | 8a 16c 24d 48e,5
P6_3mc | 2a 2a 2b 6c 6c 6c,5
Fm-3m | 4a 8c 24e 32f,5
P4/mbm | 2a 2b 2c 4g 8k,5
Pc | 2a 2a 2a 2a 2a 2a 2a 2a 2a 2a 2a 2a 2a 2a,5
Immm | 2a 2b 2d 4i 8l,5
Im-3m | 2a 8c 12e 24h,5
C2/m | 4e 4g 4i 4i 4i 8j,5
P6_3/m | 2b 2c 6h 6h,5
C2/m | 2a 4h 4i 4i 4i 4i 4i 4i 4i 4i 4i 4i 4i 4i 8j 8j 8j 8j 8j 8j,5
Immm | 4i 4j 4j,5
P-42m | 1a 1b 4m 4n 4n,5
P-6m2 | 1a 1d 2h,5
P-43m | 1a 1b 3c 3d 4e 4e,5
P2_1 | 2a 2a 2a 2a 2a 2a 2a 2a,5
Cmmm | 4i 4i 4j 4j 4j,5
C2/m | 2a 2b 2c 2d 8j,5
Cm | 2a 2a 2a 2a 2a 4b 4b 4b,5
C2/m | 2a 2d 4i 4i 4i 8j,5
Cmc2_1 | 4a 4a 4a 8b 8b 8b 8b 8b 8b,5
C2/m | 2a 2d 4i 4i 4i,5
Fmmm | 8e 8f 8i 8i,5
P3m1 | 1a 1b 1c 3d 3d 3d,5
Pmn2_1 | 2a 2a 2a 2a 2a,5
Pmmm | 1a 1d 2l,5
Pmmn | 2a 2a 2b 4c 4e 4e 4f,5
Pm | 1a 1a 1b 1b 2c 2c,5
Cmme | 4a 4g 4g 4g,5
Imm2 | 2a 2b 4c 4d,5
Cmmm | 2a 4f 4h 4i,5
Pbam | 2a 4f 4g 4g 4h 4h 8i,5
Pmmm | 1a 1f 2n,5
Amm2 | 2a 2a 2a 2a 2a 2b 2b 2b 2b 2b,5
Pbam | 4g 4g 4g 4h 4h 4h 4h 4h 4h,5
P-6m2 | 1a 1b 1c 1d 2i,5
Pmma | 2e 2e,5
P6_3cm | 2a 4b 6c 6c 12d,5
I-4c2 | 4a 8h 16i,5
P2/m | 1a 1g 2m 2m 2m 2m 2n 2n 2n 2n 2n 2n,5
P-6m2 | 1a 1d 2h 2i,5
I4/m | 2a 2b 4d 4e 8h,5
P4/mmm | 1a 1b 1d,5
F222 | 4a 4b 4c 4d 8g 8g 8h 8h,5
P-43m | 1a 3c 4e,5
P4/nbm | 2a 2c 2d 8m,5
P-62m | 1a 2c 3f 3f 3g 6k,5
P6_3/mmc | 2b 2c 6h 12k,5
Pmmm | 1a 1g 2p,5
P-43m | 1a 4e 4e 4e 6f 6g 12i 12i,5
P4/mmm | 1a 1c 2g 2h 2h 4i,5
P4_122 | 4a 4b 4c 8d 8d,5
P2_1/m | 2e 2e 2e 2e 4f 4f 4f 4f 4f,5
Amm2 | 2a 2a 2b 2b 4c 4c 4c 4c 4d 4d 4d 4d 4d 4e 4e 4e 4e 4e 8f 8f,5
P2_1/m | 2e 2e 2e 2e 2e 2e 2e 2e,5
Pmmn | 2a 4e 4e,5
P1 | 1a 1a 1a 1a 1a 1a 1a 1a 1a 1a 1a 1a 1a 1a 1a 1a 1a 1a 1a 1a 1a 1a 1a 1a 1a 1a 1a 1a 1a 1a 1a 1a 1a 1a 1a 1a 1a,5
Fm-3m | 4a 48i,5
I4_1/amd | 4a 4b 8c 32i,5
P6/mmm | 1a,5
Cmmm | 2a 2c 4g 4i 4i 8p 8q 8q 8q,5
Pnma | 4c 4c 4c 4c 4c 4c 8d 8d 8d 8d,5
C2/c | 4a 4e 4e 4e 8f 8f 8f 8f 8f 8f 8f 8f,5
C2/m | 4g 4i 4i 4i 4i 4i,5
P-1 | 2i 2i 2i 2i 2i 2i 2i 2i 2i 2i 2i 2i 2i 2i 2i 2i 2i 2i 2i,5
Pna2_1 | 4a 4a 4a 4a 4a 4a,5
P2/m | 1a 1g 2m 2m 2n 2n 2n,5
Pbcm | 4c 4d 4d 4d 4d,5
Fmmm | 4a 4b 8f 8i 8i 16j,5
Pbca | 8c 8c 8c 8c,5
P6_3/mmc | 2a 2c 4f 6g 6h,5
C2/m | 2a 2b 4e 4h 4i,5
P2_1/m | 2a 2c 2e 2e 2e 2e 4f 4f,5
P2_1/m | 2e 2e 2e 2e 2e 2e 2e 2e 2e 2e 2e 2e 2e 2e 2e 2e 2e 2e 2e 2e,5
Cc | 4a 4a 4a 4a,5
P6_322 | 2a 2c 4f 12i,5
C2/c | 4e 8f 8f 8f 8f 8f 8f 8f 8f 8f,5
C2/m | 2a 4h 4i 4i 4i 8j,5
P2_1/m | 2e 2e 2e 2e 2e 4f 4f,5
R-3c | 6a 6b 18e,4
Cc | 4a 4a 4a 4a 4a,4
P4/mbm | 4e 4g 4h 8i,4
P2_1/m | 2e 2e 4f,4
I4mm | 2a 2a 4b 8c 8c 8c 8d 8d 8d 8d 16e,4
P6_3/mmc | 2a 2b 2c 4f 12k,4
I-4 | 8g 8g 8g 8g 8g 8g 8g,4
Pmmn | 2a 2b 2b 4c 4e 4e 4e 8g,4
C2/c | 4e 4e 4e 8f 8f 8f 8f 8f 8f 8f 8f 8f,4
Cccm | 4a 8k 8l 8l,4
C2/c | 8f 8f 8f 8f 8f 8f 8f,4
P-42m | 1a 2f 4n,4
I4/mcm | 4b 4c 8f 8f 8g 8h 16l,4
Cmc2_1 | 4a 4a 4a 4a 4a 4a 4a 4a 4a 4a 4a 4a 4a 4a 4a 4a 4a 4a 4a,4
P-43m | 4e 4e 4e 4e 6f 6g 12i 12i,4
C2 | 2a 2a 2b 4c 4c 4c 4c,4
Cmcm | 4a 4c 8e 8f 8g 8g 16h,4
P4/mmm | 1a 1d 2g 2g 2h 4i,4
P2_12_12_1 | 4a 4a 4a 4a 4a 4a 4a 4a 4a 4a,4
C2/m | 2a 4i 4i 4i 4i 4i 4i 4i,4
Cmmm | 4g 4h 4i 4j 8p,4
I4/mmm | 4c 4d 4e 4e 4e,4
P4/nbm | 2a 4e 8l 8m 16n,4
Pn-3m | 2a 4b,4
P4/nmm | 2a 2b 2c,4
P-3m1 | 1a 2c 2d,4
P-4c2 | 2a 2d 4e 4i 8j,4
Ibam | 4a 8j 8j 8j,4
R-3m | 3a 6c 6c 6c 18g,4
Ibca | 8d 8d 8e 16f 16f 16f 16f 16f,4
P2 | 1a 1a 1a 1a 1b 1b 1b 1b 1c 1c 1c 1c 1d 1d 1d 1d 2e 2e 2e 2e 2e 2e 2e 2e 2e 2e 2e 2e,4
P2_12_12_1 | 4a 4a 4a 4a 4a 4a 4a 4a 4a 4a 4a 4a 4a 4a 4a,4
Ima2 | 4b 4b 8c 8c 8c 8c 8c,4
Pbcn | 4c 8d 8d,4
C2/m | 2a 2b 2d 4h 4i 4i 4i 8j,4
Pmma | 2a 2e 2f,4
I-4m2 | 2a 2b 2c 4e 4e 4e 4f 4f,4
Cc | 4a 4a 4a 4a 4a 4a 4a 4a 4a 4a 4a 4a 4a 4a 4a 4a 4a 4a 4a 4a 4a,4
Cmcm | 4a 4c 8f 8g,4
Cmc2_1 | 4a 4a 4a 4a 8b 8b 8b,4
I-43m | 6b 8c 8c,4
C2/m | 2a 4i 4i 8j,4
P2_1 | 2a 2a 2a 2a 2a 2a 2a 2a 2a 2a 2a 2a 2a 2a 2a 2a,4
C2/c | 4e 4e 8f 8f 8f 8f 8f 8f 8f 8f 8f,4
Fm-3m | 4a 4b 8c 24e 24e,4
P-1 | 2i 2i 2i 2i 2i 2i 2i 2i 2i 2i 2i 2i 2i 2i 2i 2i 2i 2i 2i 2i 2i 2i 2i 2i,4
Pnnm | 2a 4g 4g 4g 4g 4g 4g 4g 4g 4g 4g,4
P4mm | 1a 1a 1a 1a 1b 1b 1b 2c 2c 2c 2c,4
Pmma | 2a 2e 2f 2f 4i 4j,4
Pnma | 4c 4c 4c 8d 8d 8d 8d 8d,4
Fddd | 8a 16g 16g 32h,4
P4/ncc | 4c 8f 16g,4
I4_1/acd | 8a 8b 16e 32g 32g,4
P2_12_12_1 | 4a 4a 4a 4a 4a 4a 4a 4a 4a 4a 4a 4a 4a 4a,4
I-43m | 2a 8c 12d 24g,4
P4_2/mbc | 8g 8h 8h 8h,4
P6/mmm | 1a 2d 2e 4h 6i 6j 6k 12o,4
Pmm2 | 1a 1a 1d 1d 2g 2g 2h 2h,4
Fmmm | 8f 8g 8h 8i,4
P4_2/ncm | 4c 8h 8i 8i 16j,4
C2 | 2a 2a 4c 4c 4c 4c 4c,4
C2/c | 4e 4e 4e 4e,4
P4/mmm | 1a 1b 1c 2h 4i,4
P-1 | 1a 1e 2i 2i 2i,4
Pnnm | 2a 4f 4g 4g 8h,4
Amm2 | 2a 2a 2a 2a 4e 4e,4
Cmcm | 4a 4c 4c 8f 8f 8f 8g 16h,4
P4/mmm | 2e 2f 2g 2h,4
Pmc2_1 | 2a 2a 2b,4
P6_222 | 3c 3d 6j,4
P4mm | 1a 1a 1a 1a 1a 1a 1b 1b 1b 1b 1b 1b,4
P4_2/m | 2c 2e 4j 8k,4
Fmm2 | 4a 4a 8c,4
P2/m | 1a 1b 1g 1h 4o,4
C2/c | 4a 4e 8f 8f 8f,4
Pmmn | 2a 2a 2a 2b 2b,4
P4_2/nmc | 2a 8g,4
Pmm2 | 1a 1a 1a 1a 1d 1d 1d 1d,4
Pbam | 2a 2c 4g 4g 4g 4g 4g 4h 4h 4h 4h 4h,4
P2/c | 2e 2e 4g 4g,4
Pbcm | 4d 4d 4d 8e 8e 8e,4
Amm2 | 2a 2a 2b,4
P6_3/mmc | 2b 4f 6g 6h 6h 12k,4
Amm2 | 2a 2b 4c,4
P-1 | 1a 2i,4
Imm2 | 2a 2a 2a 2a 2a 2a 2a,4
Fmmm | 4a 4b 8c 8d 8e,4
C2 | 2a 2b 4c 4c 4c 4c,4
I-42m | 2a 2b 4c 8i 16j,4
P6_3/mcm | 2b 4d 6g,4
C2/m | 4g 4i 4i 4i 8j,4
Pbcn | 4c 4c 4c 8d 8d 8d,4
Cmmm | 4i 4i 4j,4
Fmm2 | 4a 4a 4a 4a 4a 4a 4a,4
P4_332 | 4a 8c 12d,4
I4mm | 2a 2a 2a 2a 2a 2a 2a 2a 4b 4b,4
P-6m2 | 1a 1d 2g,4
Pmm2 | 1a 1a 1a 1a 1a 1d 1d 1d 1d 1d,4
I4/mmm | 4d 4e 4e 4e 8g,4
P-31m | 1a 2c 6k,4
Pbcm | 4d 4d,4
Pmma | 2a 2f 2f 2f 4i,4
Cm | 2a 2a 2a 2a 2a 2a 2a 2a 2a,4
Pbcn | 8d 8d 8d,4
Pbca | 4a 8c 8c 8c 8c 8c,4
P4_2mc | 2a 2c 4e 4e 8f,4
Im-3m | 2a 8c 48k,4
Cmmm | 2a,4
P2/m | 1a 2m 2m 2m 2n 2n,4
P6_3/mmc | 2c 2d 4e 4f 6g 6h 12k,4
Pbcm | 4a 4c 4d 4d 4d 4d 4d 4d,4
Pmmn | 2a 2a 2a 2a,4
P2/m | 1a 1g 2m 2n 2n,4
P2/c | 2e 2e 2f 2f,4
P-6 | 1a 1c 1f 3j 3j 3j 3j 3j 3j 3j 3j 3k 3k 3k 3k 3k 3k 3k 3k,4
Pnma | 4c 4c 4c 4c 4c 4c 4c 4c 4c 4c 4c 4c,4
Fm-3m | 4a 4b 24d 24e 32f 32f,4
Pnma | 4c 4c 4c 4c 4c 8d 8d 8d 8d 8d,4
P4/mmm | 1a 1b 1c 1d 2e 2f 4j 4k 8r 8s 8t,4
P4/ncc | 4c 8f 16g 16g 16g,4
Cmcm | 4c 4c 8d 8e 8f 8g,4
Pmmn | 2a 2b 4e 4e,4
P4/nmm | 2a 2c 2c 8i,4
Cm | 2a 2a 2a 2a 2a 2a 2a 2a 2a 2a 2a 2a 2a 2a 2a 2a 2a 2a 2a 2a 2a 2a 2a 2a 4b 4b 4b 4b 4b 4b 4b 4b 4b,4
P-1 | 2i 2i 2i 2i 2i 2i 2i 2i 2i 2i 2i 2i 2i 2i 2i 2i 2i 2i 2i 2i 2i 2i 2i 2i 2i 2i 2i,4
Imma | 4a 4e 4e 8h,4
Pmmn | 2a 2a 2b 2b 4e 4e 4e 4e 4e,4
C2/c | 4a 4c 4e 8f 8f,4
C2/m | 2a 2c 4e 4i 4i 4i 8j,4
P2_1/c | 2a 4e 4e 4e 4e 4e 4e 4e 4e 4e 4e 4e 4e 4e,4
P4/mmm | 1a 1b 1c 1d 2g 4i,4
P2_1/m | 2e 2e 2e 2e 2e 2e 2e 2e 2e 2e 2e 2e 2e,4
R-3 | 3a 18f 18f 18f,4
P-1 | 1a 2i 2i 2i 2i 2i 2i 2i 2i 2i 2i,4
C2/c | 4a 4e 4e 8f 8f,4
Pc | 2a 2a 2a 2a 2a 2a 2a 2a 2a 2a 2a,4
R-3 | 3a 3b 18f 18f 18f 18f 18f,4
C2 | 4c 4c 4c 4c,4
R-3 | 3a 6c 6c 18f 18f 18f 18f 18f,4
P4_2/mmc | 2c 2e,4
P6_3mc | 2a 2a 2b 2b,4
P6_3/mmc | 2a 2b 4f 6h 12k,4
P6_3/mmc | 2a 4e 4f 4f 4f 6h 12k,4
R-3m | 6c 6c 6c 6c,4
P4/mmm | 1a 1b 1d 2h 4i,4
Cmm2 | 2a 2a 2a 2b 2b 2b 4c 4c 4c,4
Cmcm | 4c 4c 4c 4c 4c,4
Amm2 | 2a 2a 2b 2b 4c,4
Immm | 4i 4i,4
R3m | 3a 3a 3a 3a 3a 9b,4
Cmmm | 2a 2b 4e 4i 4j 8q,4
P4_2/m | 2a 2c 4j 4j 8k,4
Cm | 2a 2a 2a 2a 2a,4
Cmcm | 4a 4c 4c 4c 8f 8f 16h,4
Pmn2_1 | 2a 2a 4b 4b 4b 4b 4b,4
P2_1 | 2a 2a 2a 2a 2a 2a 2a 2a 2a 2a 2a 2a 2a 2a 2a 2a 2a 2a 2a 2a 2a 2a 2a 2a 2a 2a 2a,4
Fd-3m | 16c 16d 48f,4
Pmmm | 1a 1g 2o,4
Immm | 2a 2d 4j 4j,4
Pc | 2a 2a 2a 2a 2a 2a 2a 2a 2a 2a 2a 2a 2a 2a 2a 2a 2a 2a,4
C2 | 2a 2b 4c 4c 4c 4c 4c 4c 4c 4c,4
P2_1/m | 2a 2e 2e 2e 2e 4f,4
P2_1/c | 2a 4e 4e 4e 4e 4e 4e 4e 4e 4e 4e,4
Cmme | 4a 4e 4g 8m 8m 16o,4
Cm | 2a 2a 2a 4b 4b 4b,4
P2 | 1a 1a 1d 1d 2e 2e,4
Pmm2 | 1a 1a 1a 1a 1b 1b 1b 1c 1c 1c 1c 1d 1d 1d 1d 2e 2e 2e 2e 2f 2f 2f 2f 2g 2g 2g 2g 2h 2h 2h 2h 4i 4i 4i 4i,3
C2/m | 2a 4i 4i 4i 4i 4i 4i 4i 4i 4i 4i,3
I4/m | 2a 2b 4d 8h 8h 8h 8h 16i 16i,3
P-3m1 | 1a 2d 3f,3
C2 | 2a 2a 4c 4c 4c 4c 4c 4c,3
P-1 | 1a 1h 2i 2i 2i 2i 2i,3
P4/nmm | 2a 2c 2c 2c 2c 2c 4f,3
Im-3 | 2a 24g,3
R-3m | 3a 18g 18h 18h,3
I4/mmm | 8h 8i 8j,3
P6_3/mcm | 2a 4d 6g,3
P1 | 1a 1a 1a 1a,3
Cmce | 8d 8d 8f 8f 8f 16g 16g,3
P-62c | 2a 2b 4f 6g 6g 6h 6h 6h,3
Amm2 | 2a 2a 2b 4e,3
C2 | 2a 2b 4c 4c 4c 4c 4c 4c,3
Cc | 4a 4a 4a 4a 4a 4a 4a 4a 4a 4a 4a 4a 4a 4a 4a 4a 4a 4a,3
C2/c | 4c 4e 8f 8f,3
Cmmm | 4i 4j,3
P-1 | 2i 2i 2i 2i 2i 2i 2i 2i 2i 2i 2i 2i 2i 2i 2i 2i 2i 2i 2i 2i 2i 2i,3
Pna2_1 | 4a 4a 4a 4a 4a 4a 4a 4a,3
Cmc2_1 | 4a 4a 4a 4a 4a 4a 4a 4a 4a,3
C2/c | 4a 4e 8f 8f 8f 8f 8f 8f 8f 8f 8f 8f 8f 8f,3
P2_1/c | 2a 2d 4e 4e 4e 4e 4e,3
P-1 | 1a 1e 2i 2i 2i 2i 2i,3
C2/c | 4e 8f 8f 8f 8f 8f 8f 8f 8f 8f 8f 8f 8f 8f,3
P-31m | 1a 2c 4h 6k,3
C2/c | 4a 4c 4e 8f 8f 8f 8f 8f 8f 8f 8f 8f,3
Fd-3m | 8a 8b 16c,3
P1 | 1a 1a 1a 1a 1a 1a 1a 1a 1a 1a 1a 1a 1a 1a,3
C2/c | 4e 8f 8f 8f 8f 8f 8f 8f 8f 8f 8f,3
P-1 | 1a 1f 2i 2i 2i 2i 2i 2i 2i 2i 2i 2i 2i,3
P4/nmm | 2a 2c 2c 4e 8i,3
P3 | 1a 1b 1c 3d 3d,3
Cc | 4a 4a 4a 4a 4a 4a 4a 4a 4a 4a 4a 4a 4a 4a 4a 4a 4a 4a 4a,3
Cc | 4a 4a 4a 4a 4a 4a 4a 4a 4a 4a 4a 4a 4a 4a 4a 4a 4a 4a 4a 4a 4a 4a 4a 4a,3
C2/c | 4e 4e 4e 4e 8f 8f 8f 8f 8f 8f 8f 8f,3
R-3 | 6c 18f 18f 18f 18f,3
Cm | 2a 2a 2a 2a 4b 4b 4b 4b 4b,3
Cc | 4a 4a 4a 4a 4a 4a 4a 4a 4a 4a 4a,3
C2/c | 4e 8f 8f 8f 8f 8f 8f 8f 8f 8f 8f 8f 8f,3
Pc | 2a 2a 2a 2a 2a 2a 2a 2a 2a 2a 2a 2a 2a 2a 2a,3
P2_1/c | 2a 4e 4e 4e 4e 4e 4e 4e 4e 4e 4e 4e 4e 4e 4e 4e,3
C2/m | 2a 4g 4h 4i 4i 8j,3
C2/c | 4e 4e 8f 8f 8f 8f 8f 8f 8f 8f 8f 8f 8f 8f,3
Cmc2_1 | 4a 8b 8b,3
C2/c | 4c 4e 8f 8f 8f 8f 8f,3
P-1 | 1a 2i 2i 2i 2i 2i 2i 2i 2i 2i 2i 2i 2i 2i 2i 2i 2i,3
C2/m | 4i 4i 4i 4i 4i 4i 4i 4i 4i 4i 4i 4i 4i 4i 4i 4i 4i 4i 4i 4i 4i 4i,3
Fddd | 8a 8b 16g 32h 32h 32h 32h 32h 32h,3
C2/m | 2a 2d 4e 4i 4i 4i 4i 4i 4i 4i 4i 4i 4i 8j 8j 8j 8j,3
Cc | 4a 4a 4a 4a 4a 4a 4a,3
Pbcn | 4c 8d,3
C2/c | 8f 8f 8f 8f 8f 8f 8f 8f 8f 8f 8f 8f 8f 8f 8f,3
P2_12_12_1 | 4a 4a 4a 4a 4a 4a 4a 4a 4a 4a 4a 4a,3
P2_1/c | 2a 4e 4e 4e 4e 4e 4e 4e 4e 4e 4e 4e 4e 4e 4e,3
P-3m1 | 1a 2c 2c 2d 2d 2d 2d 3f 6i 6i 6i 6i,3
Pnma | 4a 4c 4c 4c 8d 8d,3
P-1 | 1a 1g 2i 2i 2i 2i,3
P6_222 | 3c 6i,3
Immm | 2a 4i 4j 8l,3
P6/mmm | 1a 1b 2c 2d 2e 4h 6i 6i,3
P-4m2 | 1a 1b 1c 2e 2e 2e 2e 2f 2f 2f 2f 2g 2g 2g 2g 2g,3
P-6 | 1a 3j 3j 3j 3k 3k 3k,3
I-43d | 12a 16c,3
I4/mcm | 4a 4c 8g 8h 8h 16l 32m,3
I4_1/acd | 16e 16f 32g,3
P2/c | 2e 2f 4g 4g 4g 4g,3
Pmma | 2e 2f 4i 4j,3
R-3 | 18f 18f 18f 18f 18f 18f 18f,3
P4/mmm | 1a 1d 2f 2g 2g 2h 4i,3
Imma | 4c 4e 8h 8i,3
P6_3/m | 4f 6h 6h 6h 12i,3
P2_1/m | 2e 2e 2e 2e 2e 2e 2e 2e 2e 2e 2e 2e 2e 2e 2e 2e 2e 2e 2e,3
Imma | 4a 4c 4e 8g 8h 8h,3
P-1 | 2i 2i 2i 2i 2i 2i 2i 2i 2i 2i 2i 2i 2i 2i 2i 2i 2i 2i 2i 2i 2i 2i 2i 2i 2i 2i 2i 2i 2i 2i 2i,3
C2/c | 4e 4e 8f 8f 8f 8f 8f 8f 8f 8f 8f 8f 8f 8f 8f 8f,3
P2_1/m | 2e 2e 2e 2e 2e 2e 2e 2e 4f 4f 4f 4f 4f 4f 4f 4f 4f,3
P6/mmm | 2c,3
Pnma | 4c 4c 4c 4c 4c 4c 8d,3
Cmmm | 2a 4i 4i 4j 4j 4j 4j 4j,3
P-1 | 1a 2i 2i 2i 2i 2i 2i 2i 2i 2i 2i 2i 2i 2i,3
P1 | 1a 1a 1a 1a 1a 1a 1a 1a 1a 1a 1a 1a 1a 1a 1a 1a 1a 1a 1a 1a 1a 1a 1a 1a 1a 1a,3
Fdd2 | 16b 16b 16b 16b 16b 16b 16b,3
Im-3 | 6b 8c 24g,3
Cmcm | 4c 4c 4c 4c 4c 4c 4c,3
Cmcm | 4a 4c 8f 8f 8f 8f,3
Cmm2 | 2a 2a 2a 2a 2b 2b 2b 2b 4c 4c 4c 4c 4d 4d 4e 4e 8f 8f 8f 8f,3
Pnma | 4c 4c 4c 4c 4c 4c 4c 4c 4c 4c 4c 4c 4c,3
P4_12_12 | 4a 4a 8b,3
P2_1/m | 2e 2e 4f 4f,3
Pbam | 2a 2b 2c 4g 4g 4h 4h 8i 8i 8i,3
I-42d | 4a 8d 16e,3
R-3c | 6a 6b 12c 12c 36f,3
P-1 | 1a 2i 2i 2i 2i 2i 2i,3
P-1 | 1a 1b 2i 2i 2i 2i,3
I-43m | 2a 8c 12d 12e 24g 24g,3
P6_3/mmc | 2a 2b 2c 4e 4f 4f 4f 6h 12k 12k 12k,3
P2_1 | 2a 2a 2a 2a 2a 2a 2a 2a 2a 2a 2a 2a 2a 2a 2a 2a 2a 2a 2a 2a 2a 2a 2a 2a 2a 2a 2a 2a 2a 2a,3
P-1 | 1a 2i 2i,3
P-3c1 | 2a 4d 6f 12g,3
Cmcm | 4a 4c 8f 8f 8f 8f 8f,3
R-3 | 3a 6c 18f 18f 18f 18f,3
Pmma | 2a 2e 2e 2f 2f 4i 4i 4j 4j 4j,3
P4_2/mnm | 4f 4f 4g 8i 8i 8i,3
Amm2 | 2a 2a 2a 2b 4e,3
P4_132 | 4a 4b,3
P-42c | 2b 2e 8n,3
Ama2 | 4a 4a 4b 4b 4b 4b 4b 4b,3
P3m1 | 1a 1a 1a 1a 1b 1b 1c 1c,3
F222 | 4a 4b 8g 8h 8h,3
I4/mmm | 2a 2b 4d 8h 8i,3
P4mm | 1a 1b 1b 2c,3
P4/mbm | 2a 4f 4g 4h 16l,3
Amm2 | 2a 2a 2b 4d 4d 4e,3
Pmmn | 4e 4e 4e 4e,3
Immm | 2a 4g,3
Pnc2 | 2a 2a 4c 4c 4c 4c,3
Pmmn | 2a 2b 4e 4e 4e 4e 4e,3
Pmn2_1 | 2a 2a 2a 2a 2a 4b,3
Pccn | 4a 8e 8e 8e 8e 8e,3
C2/c | 4a 4e 4e 4e 8f 8f 8f 8f 8f 8f 8f 8f 8f 8f,3
Pmmm | 1a 1g,3
P4/mbm | 4e 4g 4h,3
P2_1/m | 2e 2e 2e 4f 4f,3
P2/m | 1a 2n,3
I4_1/amd | 4a 4b 16f,3
P-1 | 1a 1d 2i 2i 2i 2i 2i,3
P6_222 | 3a 3d 6f 6i,3
R3m | 3a 3a 3a 3a 3a 9b 9b,3
Cmmm | 2a 2b 4h 4j 4j 8p,3
P4/nmm | 2a 2c 2c 2c 4f,3
P-1 | 1a 1c 1d 1e 2i 2i 2i 2i,3
Pnnm | 4g 4g 4g 4g 4g 4g 4g,3
P4mm | 1a 1a 1b 1b 2c,3
Cmmm | 2a 4e 4h 4j,3
Cm | 2a 2a,3
Imma | 4a 4e 4e,3
Pmmn | 2a 2b 2b 4e 4e 4e 4e,3
Pn-3m | 2a 4b 4c 6d,3
Pba2 | 2a 4c 4c 4c 4c 4c,3
Pmm2 | 1a 1a 1b 1b 2h 2h,3
P4/mmm | 1a 1d 2f 2g,3
Cmmm | 2a 2d 4i 4j 4l 8m,3
Fmm2 | 4a 4a 4a 4a 8b 8b,3
Cm | 2a 2a 2a 2a 2a 2a 2a 2a 2a 2a 2a 2a 2a 2a 2a 2a 4b 4b 4b 4b 4b 4b 4b 4b 4b 4b 4b 4b 4b 4b 4b 4b 4b 4b 4b 4b,3
Cmm2 | 2a 2a 2a 2a 2b 2b 2b 2b 4e 4e 4e 4e 8f 8f 8f 8f,3
P4/mbm | 4e 4e 4f 4f 4g 4h 8k,3
Cm | 2a 2a 2a 2a 2a 2a 2a 2a 2a 2a 2a 2a 2a 2a 2a 2a 2a 2a 2a 2a 2a 2a 2a 2a 2a 4b 4b 4b 4b 4b 4b 4b 4b 4b 4b 4b 4b 4b,3
Immm | 2a 4i 4i 4j 4j 4j,3
Cmce | 8c 8d 8e 8e 8f 8f 8f 8f 8f 8f 8f 8f,3
I4_1/amd | 4a 8d 8e,3
Cm | 2a 2a 2a 2a 2a 4b,3
P6_3/mmc | 2c 4f 4f,3
Pbca | 8c 8c 8c 8c 8c 8c,3
I4/mmm | 2a 2b 4d 4e 4e 8g,3
Pnma | 4c 4c 8d 8d 8d 8d,3
Pmc2_1 | 2a 2a 2a 2a 2b 2b 2b 4c 4c,3
P-62m | 1a 2c 3f 3g 3g,3
P6_3mc | 2a 2b 6c,3
P6_3/mmc | 2a 4f 4f 6h,3
Fm-3m | 4a 4b 8c 24d,3
P6_3/m | 2c 6h 6h 6h 6h 12i,3
Fd-3m | 16c 16d 32e,3
Pbam | 2a 4g 4g 4g 4h 4h 4h 4h,3
Pmmm | 1a 1c 2o 2p 2r 4v,3
P1 | 1a 1a 1a 1a 1a 1a 1a 1a 1a 1a 1a 1a 1a 1a 1a 1a 1a 1a 1a 1a 1a 1a 1a 1a 1a 1a 1a 1a 1a,3
Pmm2 | 1a 1a 1a 1a 1b 1b 1b 1b 1c 1c 1c 1c 1d 1d 1d 2g 2g 2g 2g 2h 2h 2h 2h,3
C2/m | 2a 2d 4i 4i 4i 4i,3
I4/mcm | 4a 8f 8f 8h 16l 16l 16l,3
I4/m | 2a 8h 8h,3
Cc | 4a 4a 4a 4a 4a 4a 4a 4a 4a 4a 4a 4a 4a 4a 4a 4a 4a 4a 4a 4a 4a 4a 4a 4a 4a 4a 4a 4a,3
R-3m | 3a 3b 6c 6c 6c 18h 18h,3
Cmce | 8d 8f 8f 16g 16g,3
Cm | 2a 2a 2a 2a 4b 4b 4b,3
P-1 | 1a 2i 2i 2i 2i 2i 2i 2i 2i 2i 2i 2i 2i 2i 2i 2i 2i 2i 2i 2i 2i 2i 2i 2i 2i 2i 2i 2i 2i 2i,3
P1 | 1a 1a 1a 1a 1a 1a 1a 1a 1a 1a 1a 1a 1a 1a 1a 1a 1a 1a 1a 1a 1a 1a 1a 1a 1a 1a 1a 1a 1a 1a 1a 1a 1a 1a 1a 1a 1a 1a,3
Amm2 | 2a 2a 2a 2b 2b 4c 4c 4c,3
P-1 | 1a 1b 2i 2i 2i 2i 2i 2i 2i 2i 2i 2i 2i,3
Pnma | 4c 4c 8d 8d 8d 8d 8d,3
P3_2 | 3a 3a 3a 3a 3a 3a 3a 3a 3a 3a 3a 3a 3a 3a 3a,3
P-1 | 1a 2i 2i 2i 2i 2i 2i 2i 2i 2i 2i 2i 2i 2i 2i 2i 2i 2i 2i 2i 2i 2i 2i 2i 2i 2i 2i 2i 2i,3
P6_3/mmc | 2a 2c 4e 4f 4f 6g 6h 12k,3
R3c | 6a 6a 18b 18b 18b 18b 18b 18b 18b 18b,3
P4/mmm | 1a 1b 2g 2g 2h 2h 2h 4i,3
P4mm | 1a 1a 1a 1b 1b 1b 1b 2c 2c 2c 2c 4d 4d 4d 4d 4e 4e 4e 4e 4f 4f 4f 4f,3
C2/c | 8f 8f 8f 8f 8f,3
P4/nnc | 4c 4d 4e 16k,3
P2_1/c | 2a 2d 4e 4e 4e 4e 4e 4e,3
P2_1/m | 2e 2e 2e 2e 2e 2e 2e 2e 2e 4f 4f,3
Pca2_1 | 4a 4a 4a 4a 4a 4a 4a 4a 4a 4a 4a 4a 4a 4a,3
P6_3/mmc | 2a 2b 4e 4f 4f 4f 4f 4f 6h 12k 12k,3
Pc | 2a 2a 2a 2a 2a 2a 2a 2a,3
C2/m | 2a 4h 4i 4i 8j 8j,3
Immm | 2a 4f 4h 4j,3
P4/mmm | 1a 1b 4i,3
P4/mmm | 1a 1c 1d 2g 2g 2g 2h 4i 4i,3
Pbca | 8c 8c,3
C2/c | 8f 8f 8f 8f 8f 8f 8f 8f,3
Cm | 2a 2a 2a 2a 4b 4b 4b 4b 4b 4b 4b 4b 4b 4b,3
P1 | 1a 1a 1a 1a 1a 1a 1a 1a 1a 1a 1a 1a 1a 1a 1a 1a 1a,3
C2/m | 2a 4i 4i 4i 4i 4i 4i 4i 4i 4i 4i 4i 4i 4i 4i 4i 4i 4i 4i 4i 4i,3
C2/m | 4i 4i 4i 4i 4i 8j 8j,3
F-43m | 4a 16e 16e 16e 24f 48h,3
Cmcm | 4a 4c 4c 8f 8g,3
P-31c | 2a 2c 4f 12i,3
Pm | 1a 1a 1a 1b 1b,3
I4/mcm | 4a 8h 16k,3
Pnma | 4a 4c 4c 4c 4c 4c 4c 8d,3
Cmmm | 2a 4e 4f 4h 4h 4i 4j 8p 8p,3
Pm-3m | 1a 6f,3
P-3c1 | 4c 4d 4d 6f 12g,3
R3 | 3a 3a 9b 9b 9b 9b,3
R-3m | 6c 6c 9d 18h,3
Pnnm | 2a 4g 4g 4g 4g,3
Pnma | 4c 4c 4c 4c 4c 4c 4c 4c 4c 4c 4c 4c 4c 4c,3
C2/m | 2a 2b 2c 4e 4i 4i 4i 4i 4i 4i 4i 4i 4i 8j 8j 8j,3
Fddd | 8a 8b 16g 32h,3
P6_3/mmc | 2a 4f 6h 6h 12k,3
P6_3 | 2a 2b 2b 6c 6c 6c 6c 6c,3
C2/c | 4e 4e 4e 8f 8f,3
Imma | 4c 4e 8h 8h 8h 16j 16j,3
R-3m | 3a 6c 18h 18h,3
P2_1/m | 2e 2e 2e 2e 4f 4f 4f 4f,3
P4/nmm | 2a 2c 8i,3
Pmmm | 1a 1c 1e 1g 4v,3
P-42_1c | 2a 8e 8e,3
Imma | 4c 4e 4e 8h 16j,3
Pbam | 4g 4g 4g 4g 4h,3
P-42_1m | 4e 4e 4e 8f,3
Imm2 | 2a 2a 2a 2a,3
Pbam | 2a 2d 4g 4g 4h 4h 4h,3
P4/mmm | 1a 1d 2e 2f 2g 2h 2h 4i,3
Pm-3n | 2a 6c 8e,3
Pm-3 | 1a 6f 6g 6h 8i 12j,3
C222 | 2a 2b 2c 2d 4k 4k,3
Pmm2 | 1a 1a 1b 1b 1c 1d,3
I4/mmm | 2a 8h 8i 8j,3
P2/m | 1a 1h 2m 2n,3
Amm2 | 2a 4c,3
C2/c | 4c 4e 4e 4e 8f,3
Amm2 | 2a 2b 2b,3
P-62m | 3f 3f 3g 3g 4h,3
I4/mmm | 2a 8i,3
I4/mmm | 2a 8h,3
Ia-3d | 16a 48f 48g,3
P4/mmm | 2g 2g,3
P4_2/mmc | 2c 2d 2e 2f,3
P2_1/m | 2e 2e 2e 2e 2e 2e 2e 2e 2e 2e 2e 2e 2e 2e 2e,3
R3 | 3a 3a 3a 3a 3a 3a 9b,3
Pmmn | 2a 2a 2a 2a 2a 2a,3
Pbcm | 4c 4d 4d 4d 4d 8e,3
P2/c | 2a 2e 2f 4g 4g 4g 4g 4g 4g 4g,3
C222_1 | 4a 4a 4b 4b 8c 8c,3
Pmm2 | 1a 1b 1c 1d 2e 2e 2f 2f 2g 2g 2h 2h,3
Fmmm | 4a 8e 8i 16m,3
P-3m1 | 1a 2d 2d 3e 6i,3
Pmmn | 4e 4e 4e 4e 4e 4e,3
Cmce | 4a 8d 8e 8f 8f 16g 16g 16g,3
Ia-3 | 8a 24d 48e,3
I4_1md | 4a 8b 8b,3
C2/m | 2a 4i 4i 4i 4i 4i 4i,3
Cmcm | 4c 8f 8f 8f,3
I4/mmm | 2a 4d 4e 8h,3
P2_1 | 2a 2a 2a 2a 2a 2a,3
Cm | 2a 2a 2a 2a 2a 2a 2a 2a 2a 2a 2a 2a 2a 2a 2a,3
P1 | 1a 1a 1a 1a 1a 1a 1a 1a 1a 1a 1a 1a 1a 1a 1a 1a 1a 1a 1a 1a 1a 1a 1a 1a 1a 1a 1a 1a 1a 1a 1a 1a 1a 1a 1a 1a 1a 1a 1a 1a 1a 1a 1a,3
P2_1 | 2a 2a 2a 2a 2a 2a 2a 2a 2a 2a 2a 2a 2a 2a 2a,3
P4_2/n | 8g 8g 8g 8g 8g 8g 8g,3
R-3m | 3a 9d 18h 18h 18h 18h,3
P-1 | 1a 2i 2i 2i 2i 2i 2i 2i 2i 2i 2i 2i 2i,3
P4/n | 2a 2b 2c 8g 8g 8g,3
P2/c | 2e 2f 4g 4g 4g,3
R-3 | 3a 6c 6c 6c 18f,3
P2_1/m | 2e 2e 2e 2e 4f 4f,3
P4/mmm | 1a 1d 2f,3
P4/mmm | 1a 1d 2e,3
P2_1/m | 2e 2e 2e 2e 2e 2e 2e 2e 2e 2e,3
P2_1/m | 2a 2e 2e 2e 2e,3
Imm2 | 2a 2b 4d 4d 4d 4d 4d 4d 4d 4d,3
Immm | 4g 4i 4i 4j 8l 8l,3
Imm2 | 2a 2a 2b 4d 4d 4d 4d,3
P-43m | 1a 1b 4e 4e,3
P1 | 1a 1a 1a 1a 1a 1a 1a 1a 1a 1a 1a 1a 1a 1a 1a,3
P2_1/c | 2a 2c 4e 4e 4e 4e,3
P2_1/m | 2e 2e 2e 2e 2e 2e 2e 2e 2e 2e 2e,3
P6_3/mmc | 2a 2c 2d 4e 4f 4f,3
R3 | 3a 3a 3a 9b 9b 9b,3
Cmmm | 2a 2d 4k 4l 4l,3
R3m | 3a 9b 9b,3
Fddd | 8a 16d 16g,3
P4_2/m | 2c 4j 4j,3
Cmcm | 4a 4c 4c 8d,3
C2/c | 4a 4e 4e 8f 8f 8f 8f 8f 8f,3
P4_2/n | 8g 8g 8g 8g,3
Pmma | 2a 2f 4i 4i 4j 4j 4j 4k 8l 8l 8l,3
P2/m | 2m 2m 2m 2n 2n 2n,3
Pmmm | 1a 1f 2l,3
Pnma | 4c 4c 4c 4c 4c 4c 4c 4c 8d 8d,3
I4/mmm | 4d 4e 8i 16l 16m,3
Cmcm | 4a 4c 4c 8f 8f 8f,3
P-1 | 1a 1f 2i,3
P6_3/mmc | 2c 4e 4f 4f 4f,3
C2/m | 2a 2c 4i 4i 4i 4i 4i,2
P1 | 1a 1a 1a 1a 1a 1a 1a 1a 1a 1a 1a 1a 1a 1a 1a 1a 1a 1a 1a 1a 1a 1a 1a 1a 1a 1a 1a,2
P1 | 1a 1a 1a 1a 1a 1a 1a 1a 1a 1a 1a 1a 1a 1a 1a 1a 1a 1a 1a 1a 1a 1a,2
C2/m | 4e 4g 4i 4i 4i 4i 8j 8j 8j 8j 8j,2
Ibam | 4a 8g 8j 16k,2
P-3c1 | 2b 4d 6f 12g,2
P6_3/mmc | 2a 6g 6h 6h 12k,2
Cc | 4a 4a 4a 4a 4a 4a 4a 4a 4a 4a 4a 4a,2
P-1 | 1a 2i 2i 2i 2i 2i 2i 2i 2i 2i 2i 2i 2i 2i 2i 2i 2i 2i 2i 2i 2i 2i 2i,2
C222_1 | 4a 4b 8c,2
P-6 | 1a 1c 1f 3j 3j 3j 3k 3k,2
Immm | 2a 2b 4i 8l 8l 8m 8n,2
Cmmm | 2a 2c 4i 4i 4j 4j 4j,2
P-62c | 2b 2c 6g 6h,2
P4_12_12 | 4a 4a 8b 8b,2
Pna2_1 | 4a 4a 4a,2
P4_2/nmc | 2a 2b 4d 8e 8f 8g 8g,2
C2/m | 2a 4f 4i 4i 4i 4i 8j,2
Immm | 2a 2b 2c 4j,2
Pbam | 2a 2c 4g 4g 4h 4h,2
Cmc2_1 | 4a 4a 4a 4a 4a 4a 8b,2
R-3m | 3a 6c 6c 6c 6c 9d 18h,2
Pmma | 2e 2f 2f 4g 4i 4i 4j 4k,2
P6/mmm | 1a 3g,2
I4/mmm | 2a 4c 4d 4e,2
P-62c | 2a 2c 2d 4f 6g,2
R3m | 3a 3a 3a 3a 3a 3a 3a 3a 3a,2
Cmcm | 4a 4c 4c 4c 4c 8f 16h,2
P2/c | 2e 2f 4g 4g 4g 4g 4g 4g 4g 4g 4g 4g 4g 4g 4g 4g,2
R-3m | 3a 6c 6c 9d,2
Pca2_1 | 4a 4a 4a 4a 4a 4a 4a 4a 4a,2
C2 | 2a 2a 2b 4c 4c 4c,2
R-3 | 3a 3b 18f 18f 18f 18f 18f 18f,2
Cmc2_1 | 4a 4a 4a 4a,2
P6_3/m | 2c 6h 6h 12i,2
P2/c | 2e 2e 2f 4g 4g 4g 4g 4g 4g 4g 4g,2
P2_12_12_1 | 4a 4a 4a 4a 4a 4a 4a 4a 4a 4a 4a 4a 4a 4a 4a 4a,2
Pc | 2a 2a 2a 2a 2a 2a 2a 2a 2a 2a 2a 2a 2a 2a 2a 2a 2a 2a 2a 2a 2a 2a 2a 2a,2
Pbam | 4g 4g 4g 4g 4h 4h 4h 4h,2
F-43m | 4a 16e 16e 16e,2
R-3c | 6b 12c 18e 36f,2
Pnma | 4c 4c 4c 4c 4c 4c 4c 8d,2
P-4n2 | 2a 4f 4f 4f 4g 8i 8i,2
P-1 | 1a 1h 2i 2i 2i 2i 2i 2i 2i 2i 2i 2i 2i 2i 2i 2i 2i 2i 2i,2
Pmn2_1 | 2a 2a 2a 2a 2a 2a 4b 4b,2
I-43m | 2a 6b 8c,2
C2/m | 2a 2d 4i 4i 4i 4i 4i 4i 4i 4i 4i 4i 4i 4i 4i 4i 4i 4i 8j 8j 8j 8j 8j,2
P-3m1 | 1a 2d 3f 6i,2
P4/mbm | 2a 2c 2d 4g 4h 8i 8j 8j 8j,2
C2/m | 4e 4i 4i 4i 4i 4i 4i 4i 4i 4i 4i 4i 4i 4i 4i 8j 8j 8j,2
I4/mmm | 2a 4c 4d,2
C2/m | 2a 2b 4i 4i 4i 4i 4i 8j 8j 8j 8j,2
Pnma | 4a 4c 4c 4c 4c 4c 4c 4c 4c 4c 4c 8d 8d,2
C2 | 4c 4c 4c 4c 4c 4c,2
Pn-3m | 4b 6d,2
P4_2/mnm | 4e 4e 4f 4g 8h 8j 8j 8j,2
Pbcm | 4c 4c 4d 4d 8e 8e 8e,2
I4/m | 2a 2b 4e 8h 16i,2
P2_1/m | 2e 2e 2e 2e 4f,2
P2/c | 2e 2f 4g 4g 4g 4g 4g 4g 4g 4g 4g 4g 4g,2
Fmmm | 8f 8g 8h 8i 16m 16n 32p,2
I-4 | 2a 2c 8g 8g 8g,2
Fm-3m | 4a 4b 24d 32f,2
P6_422 | 3c 3d 12k,2
R-3c | 12c 18e 18e 36f,2
Pmm2 | 1a 1a 1a 1b 1b 1b 1b 1c 1c 1c 1c 1d 1d 1d 1d 2e 2e 2e 2e 2f 2f 2f 2f 2g 2g 2g 2g 2h 2h 2h 2h 4i 4i 4i 4i,2
C2/c | 4a 4e 8f 8f 8f 8f 8f 8f 8f,2
P6_3/m | 2b 4f 6h 6h 6h 6h 12i,2
C2/m | 2a 4i 4i 4i 4i 8j 8j 8j,2
P6_3mc | 2b 2b 6c 6c 6c 6c 12d,2
P-6m2 | 1a 1b 1c,2
Pc | 2a 2a 2a 2a 2a 2a 2a 2a 2a 2a 2a 2a 2a 2a 2a 2a 2a 2a 2a 2a 2a 2a 2a 2a 2a 2a 2a 2a,2
P2/c | 2e 2f 4g 4g 4g 4g 4g 4g 4g 4g 4g 4g,2
R32 | 3a 3b 9d 9d 9d 9e 18f,2
Cmce | 4a 8e 8f,2
Immm | 2a 4h 4j 4j 8l,2
P2_1 | 2a 2a 2a 2a 2a 2a 2a 2a 2a 2a 2a 2a 2a,2
F-43m | 4a 4b 16e 16e 16e 16e 24f 24f 24g,2
C2/m | 4g 4h 4i 4i 4i 4i 4i 4i 4i 4i 8j 8j,2
I4/mmm | 2a 2b 4d 16m,2
C2/c | 4e 4e 8f 8f 8f,2
I4/mmm | 4d 4e 4e 8h 8h 8i 16m 16n 16n,2
P4mm | 1a 1a 1a 1b 1b 1b 1b 2c 2c 2c 2c,2
Pna2_1 | 4a 4a 4a 4a 4a 4a 4a 4a 4a 4a 4a 4a 4a,2
P-1 | 1a 1h 2i 2i 2i 2i 2i 2i 2i 2i 2i,2
P4/nmm | 2c 4d 4e 8i 8i,2
Ama2 | 4a 4b 4b 4b 4b 4b 8c,2
I4/m | 8h 8h 8h 8h,2
P3_221 | 3a 3a 3b 3b 6c 6c,2
P2_12_12_1 | 4a 4a 4a 4a 4a 4a 4a 4a 4a 4a 4a 4a 4a,2
Pnnm | 4e 4g 4g 4g 4g 4g 4g 8h,2
P2_1/c | 4e 4e,2
P2_1/m | 2a 2e 2e 2e 2e 2e 2e 2e 4f 4f 4f 4f,2
R-3 | 3a 6c 18f 18f 18f,2
C2/m | 2a 4f 4i 4i 4i 4i 4i 8j,2
Pnma | 4c 4c 4c 4c 4c 4c 4c 4c 4c 8d 8d 8d,2
F-43m | 4a 4b 16e,2
R-3m | 3a 6c 6c 6c 6c 6c 6c,2
Cmcm | 4c 8e 8f 8g,2
I4_1cd | 16b 16b 16b 16b 16b 16b,2
P6_322 | 2a 2c 2d 12i,2
C2/c | 4c 4e 8f,2
P4_322 | 4a 4b 4c 8d 8d,2
P6_3mc | 2a 2a 2a 2a 2b 2b 2b 2b 2b,2
C2/m | 2a 4i 4i 4i 4i 4i 4i 4i 4i 4i 4i 4i 4i 4i 4i 4i 4i 4i,2
P-3 | 1a 2d 6g 6g 6g,2
Fd-3m | 16c 16d 32e 32e 48f,2
P-3m1 | 2d 2d 6i 6i 6i,2
Imma | 4a 4e 8h 8i,2
C2/c | 4e 4e 8f 8f 8f 8f 8f 8f 8f 8f 8f 8f 8f 8f 8f,2
Pnma | 4c 4c 4c 4c 4c 4c 4c 8d 8d 8d 8d,2
P2/m | 1a 1h 2m 2m 2m 2n 2n 2n,2
R-3 | 18f 18f 18f 18f 18f,2
P-1 | 1a 1g 2i 2i 2i 2i 2i 2i 2i 2i 2i 2i 2i 2i 2i 2i 2i,2
C2/m | 2a 2c 4e 4i 4i 4i 4i 4i 8j,2
P6_3/m | 2a 4f 6h 6h 6h 6h 12i,2
P6_3/mmc | 6g 6h 12k 12k,2
Cmcm | 4a 4c 4c 4c 8f 8g 8g,2
Pm-3m | 1a 1b 3c 3d 6e 6f 8g 12h,2
P4/nbm | 2a 2c 2d 4g 4h 8m 8m,2
P-1 | 1a 1e 1f 2i 2i 2i 2i 2i 2i 2i 2i 2i 2i 2i 2i 2i 2i 2i 2i 2i 2i,2
Cmmm | 2a 2b 4f 4i,2
C2/c | 4a 8f 8f 8f 8f 8f 8f 8f 8f 8f,2
I4/m | 2a 2b 8h,2
Pnma | 4a 4c 8d,2
P4_2/mnm | 4d 4e 4f 4g 8j 8j 16k,2
Fdd2 | 8a 8a 8a 16b 16b 16b 16b 16b 16b 16b 16b 16b 16b 16b 16b 16b,2
Cmmm | 2a 4f 4h 4i 4i 4i 4j 4j 8p,2
Pm | 1a 1a 1a 1a 1a 1a 1a 1a 1a 1a 1a 1a 1b 1b 1b 1b 1b 1b 1b 1b 1b 1b 1b 1b 2c 2c 2c 2c 2c 2c 2c 2c,2
Pm | 1a 1a 1a 1a 1a 1a 1a 1a 1b 1b 1b 1b 1b 1b 1b 1b 2c 2c 2c 2c 2c 2c 2c 2c 2c 2c 2c 2c,2
C2/m | 2a 4i 4i 4i 4i 4i 4i 4i 4i 4i 4i 4i 4i 4i 4i 4i 4i 4i 4i,2
Pbca | 4a 8c 8c 8c 8c,2
P6_322 | 2c 6g,2
P4_32_12 | 4a 8b,2
P2_13 | 4a 4a 4a 4a 12b 12b,2
Cc | 4a 4a 4a 4a 4a 4a 4a 4a 4a 4a 4a 4a 4a 4a 4a 4a 4a,2
P6_3/mmc | 2a 2c 6g 6h 6h 12k,2
Cm | 2a 2a 2a 2a 2a 2a 2a 2a 2a 2a 4b 4b 4b 4b 4b 4b 4b 4b 4b 4b 4b 4b 4b,2
P-31c | 2b 2c 2d 12i,2
R-3m | 3a 6c 9d 18h 18h,2
Pbam | 4g 4g 4g 4h 4h,2
R-3m | 3a 6c 9d 18g,2
P4_2/mnm | 2a 4d 4e 4f,2
R-3m | 3a 3b 6c 6c 6c 6c 6c 6c 6c 6c 6c,2
Cmcm | 4a 4c 4c 4c 8d 8f 8f 8f 8g 16h,2
Pm-3m | 1a 3c 8g,2
Pnma | 4c 4c 4c 4c 4c 4c 4c 4c 4c 8d 8d,2
I-4 | 8g 8g 8g 8g,2
Fddd | 16f 16g 16g,2
I4/mmm | 2a 4e 4e 4e 4e 4e 4e 8g 8g,2
Cmce | 4a 8d 8d 8e 8f 8f 16g 16g,2
Amm2 | 2a 2b,2
C2 | 2a 2a 2a 2a 2b 2b 2b 2b,2
Cccm | 8l 8l,2
P4/mbm | 2a 2b 2d 4h,2
P6_3/mcm | 2a 2b 4c 12k,2
I4_1/a | 4a 16f 16f 16f 16f 16f 16f 16f,2
Pbcm | 4c 4c 4d 4d 4d 8e,2
Cmc2_1 | 4a 4a 4a 4a 4a 4a 4a 4a 4a 4a,2
P6_3/mmc | 2a 2b 2c 2d 4f 4f 12k,2
C2/m | 4i,2
P2/m | 1a 1b 2j 2m 2n 4o,2
Cmcm | 4c 8e 8g,2
Amm2 | 2a 2a 2a 2a 2a 2a 2b 2b 2b 2b,2
P1 | 1a 1a 1a 1a 1a 1a 1a 1a 1a 1a 1a 1a 1a 1a 1a 1a 1a 1a 1a 1a 1a 1a 1a 1a 1a 1a 1a 1a 1a 1a 1a 1a,2
Cmmm | 2a 2b 2c 2d 8m,2
P3_121 | 3a 3b 6c,2
P6_3/mcm | 4d 4e 6g 8h,2
I4/mmm | 2a 2b 4c 8f,2
I4/mcm | 4a 4d 16l,2
P2_1/c | 2a 4e 4e,2
P-1 | 1a 1g 2i 2i 2i 2i 2i 2i 2i 2i 2i,2
Pnnm | 2a 2d 4g,2
Cmcm | 4a 4c 4c 8d 8f 8f 8g 8g 8g 16h,2
C2/m | 2a 2b 4h 4i 4i 4i 4i 8j 8j,2
Cmcm | 4a 4c 4c 4c 8d 8f 8f 8g 8g 16h,2
P-1 | 1a 1b 1e 1h 2i 2i,2
Cmm2 | 2a 2a 2b 2b 4c 4c,2
I4 | 2a 2a 2a 2a 4b 8c 8c 8c,2
Immm | 2a 2d 4j,2
Pm | 1a 1a 1a 1b 1b 1b 2c 2c 2c,2
Pbcn | 4c 4c 8d 8d 8d 8d,2
Amm2 | 2a 2a 4d 4e 4e,2
P6/mmm | 1a 3f,2
Im-3 | 2a 12e 24g,2
Cmmm | 2a 2d 8n,2
P2_1/c | 2a 2b 4e 4e 4e 4e,2
Cm | 2a 2a 2a 2a 2a 2a 2a 2a 2a 2a 2a 2a 2a 2a,2
Ama2 | 4a 4b 4b 8c 8c,2
I4/m | 2a 4d 4e 8h,2
Pmmm | 1a 1d 2k,2
P-1 | 1a 1g 2i 2i 2i 2i 2i 2i 2i 2i,2
P2_1 | 2a 2a 2a 2a 2a 2a 2a 2a 2a 2a 2a 2a 2a 2a 2a 2a 2a 2a 2a 2a 2a 2a,2
C2 | 2a 2a 2a 2b 4c 4c 4c 4c 4c 4c 4c 4c 4c 4c 4c 4c 4c 4c 4c 4c,2
P-62m | 2c 3f 3g 3g,2
Pm | 1a 1a 1a 1a 1a 1a 1a 1a 1b 1b 1b 1b 1b 1b 1b 1b,2
P4/mmm | 1a 1c 1d 2e 2g 2h 4i 4i,2
Pmc2_1 | 2a 2a 2a 2b 2b 2b 2b 2b,2
Cmmm | 4i 4j 4j,2
Pbam | 4e 4g 4g 4g 4g 4h 4h 4h 4h 8i 8i 8i,2
P4_2/m | 2e 4h 4i 4j 4j 8k 8k,2
P2_1/c | 2a 2b 4e 4e,2
Imma | 4a 4e 8g,2
Amm2 | 2a 2a 2a 2b 4d 4d 4d 4e 4e 4e 4e,2
C2/c | 4a 4b 4e 8f 8f 8f 8f,2
Pmma | 2a 2d 2e 2e 2f,2
P-42_1m | 2a 2b 2c 4e,2
Cmcm | 4a 4c 4c 4c 8f 8g 8g 16h,2
P4/nmm | 2a 2b 2c 8i 8j 8j,2
P2_1/m | 2a 2e 2e 2e 2e 2e 2e 2e 4f,2
Fdd2 | 16b 16b 16b,2
Pm | 1a 1a 1a 1a 1a 1a 1b 1b 1b 1b 1b 1b 2c 2c 2c 2c 2c 2c,2
Pmmm | 1a 1d 2q 2q 2r 2r 2s 2s 2t,2
P-3m1 | 1a 1b 2d 2d 6g 6i 6i 6i 6i,2
Pnnm | 4e 4f 4g 4g 4g 4g 8h,2
Fmmm | 8e 8i 8i 8i 16j,2
P4/mmm | 1a 1b 1d 2e,2
Cmmm | 2a 4f 4i,2
P-1 | 1a 1h 2i 2i 2i,2
I4mm | 2a 2a 2a 2a 2a,2
Pbam | 4g 4g 4h,2
P2/c | 2a 2d 2e 2f 4g 4g 4g 4g 4g,2
Cmmm | 2a 4i 4i 4j 4j 4j,2
Immm | 4i 4j,2
P2_1/m | 2e 2e 2e 2e 2e 2e 2e 2e 2e 2e 2e 2e 2e 2e 4f 4f 4f,2
Pmmm | 1a 1f 2j,2
Pbam | 4e 4g 4g 4h 4h 8i,2
Pmmn | 2a 2a 2b 2b 4e 4e 4e 4e 4e 4e,2
I-4 | 8g 8g 8g,2
Cmcm | 4a 8e 8f 8g,2
I4/mmm | 2a 4d 4e 4e 4e 8g,2
Cmcm | 4a 4c 4c 8e 8f 8g,2
Fddd | 16e 16g 16g 16g 32h,2
C2/m | 2a 2c 4i 4i 4i 8j 8j,2
I4_1/a | 16f 16f 16f 16f 16f 16f,2
P-1 | 1a 1b 2i 2i,2
P-3m1 | 1a 2d 6g 6i 6i 6i,2
F-43m | 4a 4c 16e 16e 16e,2
C2/c | 4a 4c 4e 8f 8f 8f,2
C2 | 4c 4c 4c 4c 4c 4c 4c 4c 4c 4c 4c 4c,2
C2 | 2a 2b 4c 4c 4c 4c 4c 4c 4c 4c 4c 4c 4c 4c 4c 4c 4c 4c 4c 4c 4c 4c 4c 4c 4c 4c 4c,2
Pmm2 | 1a 1a 1a 1a 1b 1b 1b 1b 1c 1c 1c 1d 1d 1d 1d 2e 2e 2e 2e 2f 2f 2f 2f 2g 2g 2g 2g 2h 2h 2h 2h 4i 4i 4i 4i,2
Pnnm | 4e 4g 4g 4g 8h,2
Cmce | 8d 8e 8f,2
Cmcm | 4a 4c 4c 8f 8f 8f 8f 8f,2
Fd-3m | 32e 32e 48f 96g,2
P2/c | 2e 2f 4g 4g 4g 4g 4g 4g 4g 4g,2
P-1 | 1a 2i 2i 2i 2i 2i 2i 2i 2i 2i 2i 2i 2i 2i 2i 2i 2i 2i 2i 2i 2i 2i 2i 2i 2i,2
P2/c | 2e 2e 2f 4g 4g 4g 4g 4g 4g 4g,2
P-1 | 1a 1h 2i 2i 2i 2i 2i 2i 2i 2i 2i 2i,2
Ccce | 4a 16i,2
Amm2 | 2a 2a 2a 2a 2b 2b 2b 2b,2
Fddd | 8a 16f 32h,2
C2 | 2a 2b 4c 4c 4c 4c 4c 4c 4c 4c 4c 4c 4c 4c 4c 4c 4c 4c 4c 4c,2
P-4c2 | 2a 2d 4e 8j,2
Cmc2_1 | 4a 4a 8b 8b 8b 8b 8b 8b,2
Aea2 | 4a 8b 8b 8b 8b 8b 8b 8b,2
P-1 | 1a 1e 2i 2i 2i 2i,2
I4/mmm | 2a 4d 4e 4e 8g,2
Cmce | 4a 8e 8f 8f 8f 8f 8f 16g,2
I4_1/amd | 8e 8e,2
R-3c | 6b 12c 12c 12c 18e 36f 36f,2
Pm | 1a 1a 1a 1a 1b 1b 1b,2
Imma | 4a 4b 4c 4d 4e 8h 16j,2
P4/nmm | 2a 2c 2c 4e 8i 8i 8j,2
P-1 | 1a 1b 2i 2i 2i 2i 2i 2i 2i 2i 2i 2i,2
P-1 | 1a 1h 2i 2i 2i 2i 2i 2i 2i 2i 2i 2i 2i 2i 2i 2i 2i 2i 2i 2i 2i,2
Fddd | 16e 16f 16g 32h 32h 32h,2
P2_1/m | 2a 2e 2e 4f,2
I4_1/amd | 8e 8e 16g 16h,2
Pm | 1a 1a 1a 1a 1b 1b 1b 1b 2c 2c 2c 2c 2c 2c,2
Cmcm | 4c 4c 4c 4c 8f 8f 8f 8f 8f 8f 8f 8f,2
Cmcm | 4c 4c 8e 8g 8g 16h,2
Pna2_1 | 4a 4a 4a 4a 4a 4a 4a 4a 4a 4a 4a 4a 4a 4a,2
P-1 | 2i 2i 2i 2i 2i 2i 2i 2i 2i 2i 2i 2i 2i 2i 2i 2i 2i 2i 2i 2i 2i 2i 2i 2i 2i 2i 2i 2i 2i,2
P2_1/c | 2a 2c 4e 4e 4e 4e 4e,2
C2/c | 8f 8f 8f 8f 8f 8f 8f 8f 8f 8f 8f 8f 8f 8f,2
R3m | 3a 9b 9b 9b 18c 18c 18c,2
C2/m | 2a 2d 4i 4i 4i 4i 4i 8j 8j 8j 8j 8j,2
P4_2/mnm | 4c 4f 8j,2
Pc | 2a 2a 2a 2a 2a 2a,2
Pnnm | 2a 2c 4g,2
P2_13 | 4a 12b,2
C2/m | 2a 2d 4i 4i 4i 4i 4i 4i 4i,2
Pca2_1 | 4a 4a 4a 4a 4a 4a 4a 4a 4a 4a 4a 4a 4a 4a 4a 4a,2
Pnnm | 4e 4g 4g 4g 4g 4g 4g 8h 8h 8h 8h,2
P-1 | 1a 1g 2i 2i 2i 2i 2i,2
Cmce | 4a 4b 8d 8e 8f 8f 16g 16g 16g 16g,2
Cmmm | 4i 4i 4i 4j 4j,2
Fd-3m | 8a 16d 48f,2
Pca2_1 | 4a 4a 4a 4a 4a 4a 4a 4a 4a 4a,2
I-42m | 2a 2b 4c 8i,2
Imma | 4c 4e 8f 8h,2
P-1 | 1a 1b 2i 2i 2i 2i 2i 2i 2i 2i 2i 2i 2i 2i 2i 2i,2
Pca2_1 | 4a 4a 4a 4a 4a 4a 4a 4a 4a 4a 4a 4a,2
Ima2 | 4a 4b 4b 4b 4b 8c 8c,2
Pnma | 4c 4c 4c 4c 8d 8d 8d 8d,2
Pbam | 2a 2c 4g 4g 4g 4g 4h 4h 4h 4h 4h,2
C2/c | 4a 4b 4c 4e 4e 8f 8f 8f 8f 8f 8f 8f 8f 8f 8f 8f,2
P6_3cm | 2a 4b 6c 6c 6c 12d 12d,2
P-6c2 | 2a 2c 4g 4h 6k 12l 12l 12l,2
I4/m | 2a 2b 4d 4e 8h 8h 8h 8h 8h 8h 16i 16i 16i,2
P2_1/m | 2e 2e 2e 2e 4f 4f 4f,2
Immm | 4g 4i,2
C222_1 | 4a 4b 8c 8c,2
I-42m | 2a 4c 8i 8i,2
P2/c | 2a 2e 2f 2f 4g 4g 4g 4g 4g 4g 4g 4g 4g 4g 4g 4g,2
Pmm2 | 1a 1a 1a 1a 1b 1b 1b 1b 1c 1c 1c 1c 1d 1d 1d 1d 2e 2e 2f 2f 2g 2g 2h 2h 4i 4i,2
Pm | 1a 1a 1a 1b 1b 1b 2c 2c 2c 2c 2c 2c,2
P4/nnc | 2a 2b 4d 16k,2
I-42d | 4a 4b 8d 16e,2
P6_422 | 3c 6i,2
R-3 | 6c 6c 18f 18f 18f 18f 18f,2
Cmcm | 4c 4c 4c 8g 8g,2
Immm | 2a 4g 4h 4i 4i 4i 4j 4j 4j 4j 8k 8l 8l 16o,2
Imma | 4e 8h 8i,2
Immm | 2a 2d 4i,2
I422 | 2a 4c 8j,2
Fmmm | 8f 8h 8i 16n,2
P4/mbm | 2a 2b 2c 4g 4h 8k,2
P6_3/mmc | 2a 2c 4e,2
C2/c | 4a 4c 4e 8f 8f 8f 8f,2
Cmcm | 4a 4c 4c 4c,2
P4/mcc | 2a 8m,2
C2/m | 2a 2b 4f 4g 4i,2
Pmc2_1 | 2a 2a 2a 2a 2a 2a 2a 2a 2a 2a 2b 2b 2b 2b 2b 2b 2b 2b 2b 2b,2
P6_3/mmc | 2a 2b 2c 4e 4f,2
C2/m | 4e 4h 4i 4i 4i 8j,2
Fdd2 | 8a 8a 16b 16b 16b,2
C2/c | 4c 4e 4e 8f 8f 8f,2
I4/mmm | 4d 4e 8i 16m,2
C2/m | 2a 2d 4i 4i 4i 4i 4i 4i 4i 4i 4i 4i 4i 4i 4i 4i 8j 8j 8j 8j 8j,2
P2_12_12 | 2a 2b 2b 4c 4c 4c,2
R-3c | 6b 18e,2
P-62m | 2c 3f 3f 3g 6k,2
C2/m | 4g 4h 4i 4i 4i 4i 8j 8j 8j,2
Ima2 | 4a 4b 8c 8c,2
C2/c | 4e 8f 8f 8f 8f 8f 8f 8f 8f 8f 8f 8f 8f 8f 8f,2
Pmmm | 1a 1e 2q 2r 2r 2s 2t,2
Pmmn | 2a 2a 2b 4e 4f,2
Pmm2 | 1a 1a 1a 1b 1b 1b 1b 1c 1c 1c 1c 1d 1d 1d 1d 2g 2g 2g 2g 2h 2h 2h 2h,2
P4_2/ncm | 4a 4c 4e 8i 8i,2
R3m | 3a 3a 3a 9b 9b 9b,2
P-3m1 | 1a 2c 2d 2d 2d 2d,2
P2_12_12 | 2a 2b 4c 4c 4c 4c 4c 4c 4c,2
Imma | 4a 4c 4d 8h 8i,2
Cmmm | 2a 2b 4f 4j 8p,2
Im-3m | 2a 6b 8c 12d 12e,2
Immm | 2a 4e 4f 4h 4i 8l 8l 8l 8m 16o,2
I-4 | 2a 2b 2c 2d 8g 8g,2
C2 | 2a 2b 4c 4c 4c 4c 4c 4c 4c,2
C2/m | 2a 2b 2c 2d 4e 4i 4i 8j,2
Cmcm | 4c 8f 8g 16h,2
P-3m1 | 1a 2c 2c 2d 2d 2d 2d 2d,2
Fd-3m | 16c 16d,2
P2_12_12_1 | 4a 4a 4a,2
Immm | 4g 8l,2
P-6 | 1a 2h 3j 3k 3k 3k 3k 6l,2
Pmmn | 2a 2a 2b 4e 4e 4e 4e 4e,2
P6_3/mmc | 4f 6h 6h,2
P4_2/nnm | 2a 2b 4c 4e 4f,2
Imma | 4a 4c 4e,2
P2_1 | 2a 2a 2a 2a 2a 2a 2a 2a 2a 2a 2a 2a 2a 2a 2a 2a 2a 2a 2a 2a 2a 2a 2a,2
C2/m | 2a 2c 4i 4i 4i 4i 8j,2
Amm2 | 2a 4d,2
I4_1/amd | 4a 8c 8e 16f 16g 16h 16h,2
Pmna | 4e 4h 4h,2
C2/c | 4c 4e 4e 4e 8f 8f 8f 8f 8f 8f 8f 8f 8f 8f,2
Pc | 2a 2a 2a 2a 2a 2a 2a 2a 2a 2a 2a 2a,2
Cmcm | 4a 4b 8g,2
Cmmm | 2a 2c 4h 4j 4j 8p 8p 8p 8q,2
P-31m | 1a 1b 2d 6k,2
Cm | 2a 2a 2a 2a 2a 2a 4b 4b 4b,2
Pm-3m | 1a 1b 3c 3d 8g,2
P2/c | 2a 2c 2f 2f,2
P4/mmm | 1a 1b 2e 2f 2g 2g 2h 2h 4i 4i,2
P4_122 | 4a 4a 4b 4b 8d 8d,2
P-1 | 1a 1g 2i 2i 2i,2
P4/mbm | 2c 4g 8j,2
Immm | 2a 2d 4h 4i 4j 8l,2
Pmma | 2e 2e 2e,2
Pmma | 2a 2e 2f 2f 4i 4i 4i 4i 4j 4j 4j,2
P4/m | 1a 1c 4j 4k,2
P6_3mc | 2a 2b 2b 2b 2b 2b 2b 2b 2b,2
P6_3cm | 2a 4b 6c 6c,2
C2/m | 2a 2c 4f 4i 4i 4i 8j,2
Pbcm | 4c 4c 4d 4d 4d 8e 8e 8e 8e 8e,2
P-43m | 1a 4e,2
C2/m | 2a 2d,2
Imma | 4a 4e 4e 8g 8h 8h,2
C2 | 2a 4c 4c,2
Cmcm | 4c 4c 4c 8g,2
P4/mmm | 1a 1b 1c 2e 2h 4i,2
Cmcm | 4c 4c 8f 8g 8g,2
P6_3/mmc | 2a 6h 6h 12k,2
Pbcn | 4a 4c 8d 8d 8d 8d 8d 8d,2
P1 | 1a 1a 1a 1a 1a 1a 1a 1a 1a 1a 1a 1a 1a 1a 1a 1a 1a 1a 1a 1a 1a 1a 1a 1a 1a 1a 1a 1a 1a 1a 1a 1a 1a 1a 1a 1a 1a 1a 1a 1a 1a 1a 1a 1a 1a 1a 1a 1a 1a 1a 1a 1a 1a 1a 1a,2
Pcca | 4c 4d 8f 8f 8f 8f,2
P4_332 | 8c 8c 12d 24e,2
Ima2 | 4b 4b 4b 4b,2
P-1 | 1a 1h 2i 2i 2i 2i 2i 2i 2i 2i 2i 2i 2i 2i 2i 2i 2i,2
Cmcm | 4c 4c 8g 8g,2
P-3m1 | 2c 2c 2d 2d 2d 2d 2d 2d,2
P4_2mc | 2a 2b 2c 2c 4d 4e 4e 8f,2
P2 | 1a 1b 1c 1d 2e 2e 2e 2e 2e 2e 2e 2e 2e 2e 2e 2e,2
P6_3/mcm | 2a 4d 6g 12k,2
Amm2 | 2a 2b 4c 4d 4e 8f,2
I4/mmm | 2a 2b 4e 4e,2
Im-3m | 2a 6b 24h,2
Pmmm | 1a 1g 2q 2q 2r 2r 2s 2s 2t,2
I4_1/amd | 8c 8d,2
C2/m | 4e 4i 4i,2
Cmce | 4a 8d 8e 8f,2
Pmmn | 4e 4e,2
Cm | 2a 2a 2a,2
Pnma | 4c 4c 4c 4c 4c 4c 4c 4c 8d 8d 8d 8d,2
P2 | 1a 1d 2e 2e 2e 2e 2e,2
C2/m | 4g 4h 4i 4i 4i 4i 8j,2
I-43m | 8c 8c 24g 24g,2
P-62m | 2c 3f 3f 3f 3g 6k,2
Cmmm | 2a 4g 4h 4i 4j 8p 8p 8q 8q,2
Cmc2_1 | 4a 4a 4a 4a 4a 4a,2
P6_3/m | 2c 6h 6h 6h 12i,2
R3m | 3a 3a 9b 9b 9b 9b 9b 9b 18c,2
Pmm2 | 1a 1c 2g 2g 2h 2h 2h,2
Pbcm | 4a 4c 4c 4d 4d 4d 8e,2
P2/c | 2e 2e 2f 4g 4g 4g 4g 4g,2
C2/m | 4i 4i 4i 4i 4i 4i 4i 4i 4i 4i,2
Pm | 1a 1a 1a 1a 1a 1a 1a 1a 1a 1a 1a 1a 1b 1b 1b 1b 1b 1b 1b 1b 1b 1b,2
I4mm | 2a 2a 2a 2a 2a 2a 2a 2a 2a 2a 2a 2a 2a 2a 2a 4b 4b 4b 4b 4b,2
C2/m | 2a 2d 4i 4i 4i 4i 4i,2
C2/c | 4e 4e 4e 8f 8f 8f,2
P4_1 | 4a 4a 4a 4a 4a,2
Pc | 2a 2a 2a 2a 2a 2a 2a 2a 2a 2a 2a 2a 2a 2a 2a 2a 2a 2a 2a,2
C2/m | 2a 4i 4i 4i 4i 4i 4i 4i 4i,2
P4mm | 1a 1a 1a 1a 1b 1b 1b 2c 2c 2c 2c 4d 4d 4d 4d 4e 4e 4e 4e 4f 4f 4f 4f,2
P-62m | 2c 3f 3f 3g,2
Fddd | 16e 16g 16g 32h,2
Cmcm | 4c 4c 8f 8g,2
P6_3/m | 2a 4f 4f 6h 12i,2
P2_1 | 2a 2a 2a 2a 2a 2a 2a 2a 2a 2a 2a 2a 2a 2a 2a 2a 2a 2a 2a 2a,2
P6_3/m | 2b 4f 6h 6h 6h 12i,2
P2_13 | 4a 4a 4a 4a 12b 12b 12b 12b,2
I4/mmm | 2a 4c 4e 16m,2
Pmm2 | 1a 1a 1a 1a 1b 1b 1b 1b 1c 1c 1d 1d 2g 2g 2h 2h,2
Immm | 2a 2c 4g 4j 8l 8m 8n,2
P6_3 | 2a 2b 2b 6c 6c 6c 6c 6c 6c,2
Fmmm | 4a 8f 8h 8i 8i 16j 16m,2
I-43d | 16c 24d,2
P4_2/mnm | 4c 4e 4f 8j,2
P2/m | 1a 2m 2m 2n 2n,2
Im-3m | 2a 6b 12e 24h,2
Imma | 4e 4e 4e 4e 8g 8h 8h 8i 16j 16j,2
P-1 | 1a 1b 2i 2i 2i 2i 2i 2i 2i 2i 2i 2i 2i 2i 2i 2i 2i 2i 2i 2i 2i,2
P-4m2 | 1a 2e 2f 2g 2g 2g 2g 2g,2
Cmmm | 2a 2c 4i 4i 4j,2
Cmce | 8d 8e 8e 8f 8f 8f,2
R32 | 6c 9d 18f,2
R-3 | 3a 3b 6c 6c 18f 18f 18f 18f 18f,2
I4/mmm | 2a 2b 4d 4e 4e 4e 8g,2
C2/c | 4c 4e 4e 4e 8f 8f 8f 8f,2
P4/mcc | 2a 4e 16n,2
Cmc2_1 | 4a 4a 4a 4a 4a 4a 4a 4a 4a 4a 4a 4a 4a 4a 4a,2
P4/mmm | 1a 2f 2g 2g 2h 4i,2
Pccn | 4c 4d 8e 8e 8e 8e 8e 8e,2
P6_322 | 2b 4f 6g 6h,2
P-62m | 3f 3g 4h 6i 6i 6j 6k,2
I4_1/amd | 4a 8e 8e,2
C2/c | 4a 8f 8f 8f 8f 8f 8f 8f,2
F-43m | 4a 16e 16e 24f 24g,2
Pmmn | 2a 2a 2b 4c 4e,2
Immm | 2a 4f,2
Ama2 | 4a 4b 4b 4b 4b 8c 8c,2
Pmma | 2e 2e 2f,2
C2 | 2a 2a 2a 2a 2a 2a 2b 2b 2b 2b 2b 2b,2
P-1 | 1a 1e 2i,2
Pma2 | 2a 2b 2c 2c 2c 2c 4d,2
P6_3/mmc | 2a 2c 4e 4f 4f 4f,2
P6/mmm | 1a 1b 2c 6i,2
Cm | 2a 2a 2a 2a 2a 2a 2a 2a 2a 2a 2a,2
Cmcm | 4c 4c 4c 4c 8g 8g 8g,2
F-43m | 16e 16e 16e,2
R3 | 3a 3a 3a 3a 3a 3a 9b 9b,2
C2/m | 2a 2b 4g 8j,2
C2/m | 2a 2b 4i 8j,2
P3m1 | 1a 1a 1a 1a 1b 1b 1b 1b 1c 1c 1c 1c,2
I4_1/amd | 4a 4b 8d 32i,2
Cmmm | 4i 4i,2
P1 | 1a 1a 1a 1a 1a 1a 1a 1a 1a 1a 1a 1a 1a 1a 1a 1a 1a 1a 1a 1a 1a 1a 1a 1a 1a 1a 1a 1a 1a 1a 1a 1a 1a 1a 1a 1a 1a 1a 1a 1a 1a 1a 1a 1a 1a 1a 1a 1a 1a 1a 1a 1a,2
Cm | 2a 2a 2a 2a 2a 2a 2a 2a 2a 2a 4b,2
Cmcm | 4c 8f,2
P6_322 | 2c 2d 4f 6g 6g 12i,2
C2/m | 2a 4i 4i 4i 4i 4i 4i 4i 4i 4i 4i 4i 4i 4i 4i 4i 4i,2
Cc | 4a 4a 4a 4a 4a 4a 4a 4a 4a 4a 4a 4a 4a 4a 4a 4a 4a 4a 4a 4a,2
Cmcm | 4a 4c 8f,2
Amm2 | 2a 2b 4c 4c,2
C2 | 2a 2a 2a 2a 2a 2b 2b 2b 2b 2b,2
P2_1/m | 2e 2e 2e 2e 2e 4f 4f 4f 4f 4f,2
Cmc2_1 | 4a 4a 4a 4a 4a 4a 8b 8b 8b,2
P2_12_12_1 | 4a 4a 4a 4a 4a,2
Pmn2_1 | 2a 2a 4b,2
Fmmm | 8f 8g 8h 8i 32p,2
Pbcm | 4a 4c 4d 4d 8e,2
Amm2 | 2a 2a 2a 2a 2a 2a 4e 4e 4e,2
Fmm2 | 4a 4a 8c 8c,2
Pbam | 2a 2d 4g 4g 4g 4h 4h,2
Cm | 2a 2a 2a 2a 2a 2a 4b,2
P4mm | 1a 1b 2c 2c,2
C2/m | 4e 4f 4h 4i 4i 4i 4i 4i 4i 4i 4i 4i 4i 8j 8j,2
P-1 | 1a 1b 2i 2i 2i 2i 2i 2i 2i 2i,2
P-1 | 1a 1f 2i 2i 2i 2i 2i,2
Ibam | 4a 8g 8j 8j 8j 8j,2
C2/m | 4i 4i 4i 4i 4i 4i 4i 8j 8j,2
C2/c | 4a 4b 4c 4e 8f 8f 8f 8f 8f 8f 8f,2
I-42m | 2a 4c 4e 8i,2
P-3m1 | 1a 2c 2d 2d 6i,2
P2_1/m | 2e 2e 2e 2e 2e 4f 4f 4f 4f,2
P-1 | 1a 1h 2i 2i 2i 2i 2i 2i 2i,2
P4/mmm | 1a 1c 1d 2e 2g 2h,2
P-3 | 1a 2d 2d 6g,2
I2_13 | 8a 12b 12b 24c 24c,2
C2/m | 2a 4i 4i 4i 4i 4i 4i 4i 4i 4i 4i 4i 4i,2
Pm | 1a 1a 1a 1a 1a 1a 1a 1a 1a 1a 1a 1a 1b 1b 1b 1b 1b 1b 1b 1b 1b 1b 1b 1b,2
C2/c | 4c 4d 4e 4e,2
P-3m1 | 1a 1b 2d 2d 6h 6i 6i 6i 6i,2
R3m | 3a 3a 3a 3a 3a 3a 9b 9b,2
Pmmm | 1a 1c 2q 2q 2t 2t 2t,2
P3m1 | 1a 1a 1b 1b 1b 1c 1c 1c,2
P6_3/mmc | 2a 2b 4f 6g 6h 6h 12k,2
Pbcm | 4c 4d 4d 8e 8e 8e 8e 8e,2
Immm | 4e 4f 4g 4i 4i 4j 8k 8l 8l,2
P-3m1 | 2d 2d 2d 2d 2d,2
Pm | 1a 1a 1a 1a 1a 1a 1a 1a 1a 1a 1a 1b 1b 1b 1b 1b 1b 1b 1b 1b 1b,2
Cmc2_1 | 4a 4a 4a 8b 8b 8b,2
P4_2/ncm | 8i 8i,1
C2/c | 4a 4e 4e 4e 8f,1
Cmcm | 4c 4c 8e 8g 8g 8g 8g,1
P3 | 1a 1a 1a 1b 1b 1b 3d 3d 3d 3d 3d 3d 3d 3d 3d 3d 3d 3d 3d 3d 3d 3d 3d,1
Cmce | 8f 8f 8f 8f 16g 16g,1
P4_2/n | 8g 8g 8g 8g 8g,1
Pmma | 2a 2e 2e 2f 2f 4i 4i 4i 4j 4j 4j,1
R-3m | 6c 6c 6c 6c 6c 6c 18h 18h,1
I4/mmm | 2a 4c 4e 4e 4e 4e 4e 4e 4e 4e 4e 4e 4e 4e 8g 8g,1
I2_12_12_1 | 4a 4a 4b 4c,1
P2_12_12 | 2a 2b 4c 4c 4c 4c 4c 4c,1
P-31m | 1a 2d 6k 6k,1
C2/m | 2a 2c 4i 4i 4i 4i 8j 8j,1
P-62c | 2c 6g 6h 6h 12i,1
Cm | 2a 2a 2a 2a 4b 4b 4b 4b 4b 4b 4b,1
I4/mmm | 2a 2b 4d 4e 8h 8i 16m 16m 16n,1
P6_3/m | 2c 6h 6h 6h 6h 6h 6h 6h 6h 6h,1
Pmc2_1 | 2a 2a 2a 2a 2b 2b 2b,1
P4mm | 1a 1a 1a 1a 1b 1b 2c 2c,1
P6/mmm | 1a 2c 2e 2e 3g 4h 4h 6i 6i,1
P2/c | 2e 4g 4g 4g 4g 4g 4g 4g 4g 4g 4g 4g 4g,1
Pm | 1a 1a 1a 1a 1a 1a 1a 1a 1a 1a 1a 1b 1b 1b 1b 1b 1b 1b 1b 1b 1b 1b,1
P4mm | 1a 1a 1b 2c 4d,1
I4/m | 4d 4e 8h 16i,1
C2/c | 4a 8f,1
C2 | 4c 4c 4c 4c 4c,1
P-6 | 1a 2i 3j 3k 3k 3k 3k 6l,1
Pnma | 4c 4c 4c 4c 4c 4c 8d 8d 8d 8d 8d,1
P3_112 | 3a 3b 6c 6c 6c 6c 6c 6c 6c,1
Cmce | 8f 8f 8f 8f 8f 16g 16g,1
Fm-3m | 4a 24d,1
P4/mmm | 1a 1b 1c 1d 2e 2f 4i 8r,1
Cmmm | 2a 2c 4i 8p,1
I4/mcm | 4a 4b 4d 8h,1
I4/mmm | 2a 4e 4e 8g,1
P-3 | 1a 1b 2d 2d 6g 6g,1
Pnma | 4c 4c 4c 4c 4c 8d 8d 8d 8d,1
Pm | 1a 1a 1a 1a 1b 1b,1
I4/m | 4d 4e 8h 8h,1
P-1 | 1a 1b 1d 1f 2i 2i 2i 2i 2i 2i 2i 2i 2i 2i 2i 2i 2i,1
P2/c | 4g 4g 4g 4g 4g 4g 4g 4g 4g 4g 4g 4g 4g 4g,1
P6/mmm | 1a 12n,1
Cmmm | 4e 4g 4j,1
Pnna | 4c 4d 8e 8e 8e,1
R-3c | 6b 12c 12c 18e 36f,1
I4/mcm | 4b 4c 8f 8h,1
Cmmm | 2a 2b 2c 4i 4i 4j 4j,1
P6_322 | 2b 2c 6g 6g 12i 12i 12i 12i,1
Pm | 1a 1a 1a 1a 1a 1a 1a 1a 1a 1a 1a 1a 1a 1a 1a 1a 1b 1b 1b 1b 1b 1b 1b 1b 1b 1b 1b 1b 1b 1b 1b 1b,1
Immm | 4g 4h 4i 8m,1
P-42_1c | 2a 2b 4d 8e,1
C2/m | 2a 2c 4i 4i 4i 4i 4i 4i 4i,1
C2/c | 4a 4c 4d 4e 4e 8f 8f 8f 8f 8f 8f 8f 8f 8f 8f,1
Pbam | 4g 4g 4g 4h 8i 8i,1
C2 | 2a 2a 2b 4c 4c 4c 4c 4c 4c 4c 4c 4c 4c 4c 4c 4c 4c,1
P6_3/mcm | 4e 6g 12k,1
R-3m | 3a 6c 6c 9e 18h 18h,1
P2/m | 1a 1b 1c 1h 2m 2m 2m 2n 2n 2n 4o 4o 4o,1
P6/mmm | 1a 1b,1
Cmmm | 2a 2c 4e 4f 4i 4j,1
Cmc2_1 | 4a 4a 4a 4a 8b 8b 8b 8b 8b 8b 8b,1
P4_2/mnm | 4f,1
P-62m | 1a 2d 3f 3f 3f 3g 6i 6k 12l,1
I4_1/acd | 8a 8b 16e 16e 32g 32g,1
Imm2 | 2a 2b 4c 4c 4c 4d 4d 4d,1
P6_3mc | 2a 2a 2a 2b 2b 2b 2b 2b 2b 2b 6c 6c 6c 6c 6c,1
P6_3/m | 2b 4f 6h 6h 12i,1
Ibam | 4a 4d 8e 8f 8g 16k,1
C2 | 2a 2b 4c 4c 4c 4c 4c 4c 4c 4c 4c 4c 4c,1
I4_1/a | 8e 16f 16f,1
R-3 | 6c 18f 18f 18f,1
Cmce | 8d 8f 8f 8f 16g 16g,1
Pm | 1a 1a 1a 1a 1a 1a 1a 1a 1a 1a 1a 1a 1a 1a 1a 1a 1a 1a 1a 1b 1b 1b 1b 1b 1b 1b 1b 1b 1b 1b 1b 1b 1b 1b 1b 1b 1b 1b,1
Cm | 2a 2a 2a 2a 2a 2a 2a 2a 2a 2a 2a 2a 4b 4b 4b 4b 4b 4b 4b 4b 4b 4b 4b 4b 4b 4b 4b 4b 4b 4b,1
P-42_1c | 4c 4d 8e 8e 8e 8e 8e 8e 8e,1
Amm2 | 2a 2a 2a 2b 4c 4c 4c 4c 4e 8f,1
R-3m | 18f 18h 18h,1
R-3 | 3a 3b 6c 18f 18f 18f,1
C2/m | 4g 4g 4h 4h 4i 4i 8j 8j 8j,1
Pmmm | 1a 1c 1e 1g 1h,1
P4/m | 1a 1c 2f 4j 4j 4k 4k,1
Cmmm | 2a 2d 4i 4i 4i 4i 4i 4j 4j 4j 4j 4j 4j 4j 4j,1
P2/m | 1a 2m 2m 2m 2m 2m 2m 2m 2m 2n 2n 2n 2n 2n 2n 2n 2n 2n,1
Pmm2 | 1a 1a 1a 1a 1b 1b 1b 1c 1c 1c 1d 1d 1d 1d 2e 2e 2f 2f 2g 2g 2h 2h 4i 4i,1
I4_122 | 4a 4b 8f,1
P2/m | 1a 1c 1e 1h 2m 2n,1
P-1 | 1a 1e 2i 2i 2i 2i 2i 2i 2i 2i 2i 2i 2i 2i 2i 2i 2i,1
R-3m | 3a 3b 18f 18g 18h 18h 18h 18h 18h 18h,1
Cmmm | 2a 4g 4j,1
I4_1 | 8b 8b 8b 8b 8b 8b 8b 8b 8b 8b 8b 8b 8b 8b,1
Pbcm | 4d 4d 4d 4d 8e,1
Pmmn | 2a 2a 2b 4e 4e 8g,1
Pnnm | 2a 4g 4g 4g 4g 4g 4g,1
P-4m2 | 1a 1b 1c 2g,1
P-62c | 2a 4f 6h 6h 12i,1
P-3 | 1a 1b 2c 2d 2d 2d 6g 6g 6g 6g,1
P2_1/c | 2a 4e,1
P312 | 1a 1d 1f 6l,1
I-4 | 2a 2d 4f 8g 8g 8g,1
Pca2_1 | 4a 4a 4a 4a 4a 4a 4a 4a 4a 4a 4a 4a 4a 4a 4a,1
C2/c | 4a 4e 8f,1
R3 | 3a 3a 3a 9b 9b 9b 9b 9b 9b 9b,1
I4/mmm | 2a 2b 4c 4d 8h 8h 8i 8j 16k 16m,1
Pmm2 | 1a 1a 1c 1d 2e 2e 2e 2f 2f 2f 2g 2g 2h 4i 4i 4i 4i 4i 4i 4i 4i 4i,1
Fm-3m | 4a 4b 8c 24e 32f 48g 48h,1
Imma | 4a 4e 4e 8g 8h 8h 8h 8i 16j 16j 16j,1
Cmce | 8e 8e 8f 8f 16g 16g,1
Cmcm | 4c 4c 4c 4c 4c 8f 16h,1
C2 | 2a 2a 2b 2b 4c 4c 4c 4c 4c 4c,1
P2/c | 2e 2f 4g 4g 4g 4g 4g 4g 4g 4g 4g 4g 4g 4g 4g,1
Pbca | 4a 8c,1
C2 | 2a 2a 2b 4c 4c 4c 4c 4c 4c 4c 4c 4c 4c,1
C2/m | 2a 2b 2c 4f 4i 4i 4i 4i 4i 4i 8j 8j 8j,1
Cmc2_1 | 4a 4a,1
Pn-3 | 8e 12f 12g 24h,1
C2/m | 2a 4h 4i 4i 4i 4i 8j 8j 8j 8j 8j 8j 8j,1
I4_1md | 4a 4a 4a 8b,1
C2/m | 2a 2d 4f 4i 4i 4i 4i 4i 8j 8j,1
P4/mbm | 2a 4g 4g 4h 8j,1
C2/c | 4c 4e 4e 8f 8f 8f 8f 8f 8f,1
Pmn2_1 | 2a 2a 2a 2a 2a 2a 2a 2a 4b 4b 4b,1
P6_3/mmc | 2a 4f 6h 12k 12k,1
P-62c | 2a 4f 6h 12i,1
P-1 | 1a 1g 2i 2i,1
Pmn2_1 | 2a 2a 2a 2a 2a 2a 2a 2a 2a 2a 2a 2a 2a,1
P-3m1 | 1a 2c 2d 2d 2d 3e 6i 6i,1
Pbcm | 4d 4d 4d 4d 4d 8e 8e,1
P2_1/c | 2a 4e 4e 4e 4e 4e 4e 4e 4e 4e 4e 4e 4e,1
Pmna | 2a 2c 4g,1
P4/mmm | 1a 1b 2e 2g 2g 2h 2h 4i,1
Cmm2 | 2a 2a 2b 4c 4e 4e 4e 4e,1
P4/n | 2c 2c 2c 2c 8g 8g 8g,1
P-43m | 1a 1b 3c 3d 4e,1
Pc | 2a 2a 2a 2a 2a 2a 2a 2a 2a 2a 2a 2a 2a 2a 2a 2a 2a 2a 2a 2a 2a 2a 2a 2a 2a 2a 2a,1
Cmmm | 4i,1
R-3m | 3a 3b 9d,1
P-6 | 1a 2h 2i 3j 3j 3j 3j 3k 3k 3k 3k 6l 6l,1
Cmc2_1 | 4a 4a 8b 8b 8b 8b 8b 8b 8b,1
P6mm | 1a 1a 1a,1
C2/m | 4g 4h 4h 4i 4i,1
C2/m | 2a 2d 4g 4i 8j,1
P4/nmm | 2a 2c 4e 8i 8i,1
P-1 | 1a 1g 2i 2i 2i 2i 2i 2i 2i 2i 2i 2i 2i 2i 2i 2i 2i 2i 2i 2i 2i,1
Cmce | 8d 8e 8f 8f 8f 8f,1
Fmmm | 4a 8e 8f 8i 16m,1
Cmcm | 4c 4c 4c 4c 8f,1
P4/mmm | 1a 1d 2e 2g 2h 2h 2h 4i,1
Pbcm | 4c 4d 4d 4d 4d 8e 8e 8e 8e 8e,1
R-3m | 3a 6c 9d 18f 18h,1
P31c | 2b 2b 6c 6c 6c 6c 6c 6c 6c 6c 6c,1
Fdd2 | 8a 16b,1
I4/mmm | 8h 16l,1
F-43m | 4a 4b 4d 24f 24f,1
R3 | 3a 3a 3a 9b 9b,1
C2/m | 4g 4i 4i 4i 4i 8j 8j,1
Pnma | 4c,1
R-3m | 18h 18h 36i 36i 36i 36i,1
P2_1/m | 2a 2c 2e 2e 2e 2e 2e 2e 2e 2e 4f 4f,1
C2/m | 2a 2c 4g 4i 4i 4i 4i 8j,1
P4/mmm | 1a 1c 2e 2g 2h 4i,1
P321 | 1a 1b 2d 2d 6g,1
P4/nmm | 2c 2c 2c 4f,1
P6/mmm | 1a 1b 2d,1
Cm | 2a 2a 2a 2a 2a 2a 2a 2a 2a 2a 2a 2a 2a 2a 2a 2a 2a 2a 2a 2a 2a 2a 2a 2a,1
C2/m | 2a 4i 4i 4i 4i 4i 8j 8j,1
P2 | 1a 1a 1c 1c 2e 2e 2e 2e 2e 2e 2e 2e 2e,1
Pm | 1a 1a 1a 1a 1b 1b 1b 1b 2c 2c,1
C222_1 | 4a 4a 4a 4a 4b 4b 4b 4b 8c 8c 8c 8c 8c 8c 8c 8c 8c,1
P4mm | 1a 1a 1a 1a 1b 1b 1b 1b 2c 2c 2c 2c 4d 4d 4e 4e 4f 4f,1
I4/mmm | 2a 2b 4e 4e 4e 4e 4e 4e 4e 4e 4e 4e 4e 8g 8g 8g,1
F-43c | 8a 8b 32e 32e 96h,1
I222 | 2a 2d 4h 4i 4i 4j 4j 8k 8k 8k 8k 8k 8k 8k,1
C2 | 2a 2a 2b 4c 4c 4c 4c 4c 4c,1
P-31m | 3f 3g 6i 6k,1
I4/m | 4d 4e 4e 8h 8h 16i,1
Cmc2_1 | 4a 4a 4a 4a 4a 4a 4a 4a 4a 4a 8b 8b 8b 8b,1
Ama2 | 4a 4b 4b 4b 4b 4b 4b 4b 8c 8c 8c 8c 8c,1
R-3m | 3a 6c 6c 6c 9d 18h,1
Cmcm | 4a 4c 4c 8f 8f 8f 8f 8f 8f 8f 8f,1
R3c | 6a 6a 6a 18b 18b 18b,1
P2/c | 2a 2f 4g 4g 4g 4g 4g 4g 4g 4g 4g 4g 4g 4g 4g,1
C2/c | 4a 4c 4d 8f 8f,1
R32 | 3a 6c 6c 6c 9e 18f,1
C2/m | 2a 4g 4i,1
Ccce | 8e 8f 8h 16i 16i 16i 16i 16i 16i,1
C222 | 2a 4i 4j 4k 4k 4k 4k 4k,1
C2/m | 2a 4i 8j 8j,1
Immm | 2a 2b 2d 4g 4i 4i 8l 8l 8l,1
I2_12_12_1 | 4a 4b 4c 4c 8d,1
C2/m | 4i 4i 4i 4i 4i 4i 4i 4i 4i 4i 4i,1
P222_1 | 2a 2b 2c 2c 2d 2d 4e 4e 4e 4e 4e,1
Cmcm | 4a 4c 4c 4c 4c 8f 8f 8f 8f 8f,1
I4/mmm | 2a 4e 4e 4e 4e 4e 8g,1
P2/m | 1a 1d 2m 2m 2m 2m 2m 2m 2m 2m 2m 2m 2m 2m 2m 2n 2n 2n 2n 2n 2n 2n 2n 2n 2n 2n 2n 2n 2n 2n,1
P2_1/m | 2e 2e 2e 2e 2e 2e 2e 4f 4f 4f 4f 4f 4f 4f,1
R-3c | 12c 18e 18e 36f 36f,1
C2/c | 8f 8f 8f 8f,1
R-3c | 6b 12c 18e 18e 36f 36f,1
Pbcm | 4d,1
P2_12_12 | 2a 2b 4c 4c 4c,1
Cmmm | 2a 2c 4k,1
Pmmm | 1a 1h 2r,1
Pcca | 4c 4d 4e 8f,1
Immm | 4e 4f 4i 4j 8l 16o,1
I4/mmm | 4c 4d 4e 4e 4e 16m,1
I4_1/amd | 8c 8d 8e 8e 8e 8e 16g 16h 16h 32i,1
Cccm | 4a 4e 8g 8h 8l 8l,1
P2_1/m | 2a 2e 2e 4f 4f,1
P2_1/c | 2a 2d 4e 4e,1
P4_12_12 | 4a 8b 8b 8b 8b 8b 8b,1
Imma | 4a 4c 4e 4e 4e 16j,1
C2/m | 4i 4i 4i 4i 4i 4i 4i 4i 4i 8j 8j,1
C2/m | 2a 2b 4i 4i 4i 4i 4i 4i 4i 4i 4i,1
P4/nmm | 2a 2b 2c 2c 2c 2c 2c 2c 4f,1
P-4 | 1a 1c 2g 4h 4h 4h 4h 4h,1
Cm | 2a 2a 2a 2a 2a 2a 2a 2a 2a 2a 2a 2a 2a 2a 2a 2a 2a 2a 4b 4b 4b 4b 4b 4b 4b 4b 4b,1
Cmmm | 2a 2c 4j 8q,1
Pmm2 | 1a 1b 1c 1c 1d 1d 2g 2h 2h,1
R-3m | 3a 6c 6c 6c 6c 6c 6c 6c 6c,1
C2 | 2a 2b 4c,1
P6_3mc | 2a 2b 6c 6c 6c 6c 6c 6c 12d,1
C2/m | 4i 4i 4i 4i 4i 4i 4i 4i 4i 4i 4i 4i 4i 4i 4i,1
I4_1/amd | 4a 8c 8e,1
P3m1 | 1a 1a 1a 1a 1a 1a 1b 1b 1b 1b 1b 1b 1c 1c 1c 1c,1
I4/mcm | 4a 4c 8e 8h 8h 16i 16k 16l,1
P2/m | 1a 1g 2j 2m 2n 2n 4o,1
Cmce | 4a 4b 8e 8f 8f 8f 16g,1
Amm2 | 2a 2a 2a 2a 2b 2b 2b 2b 2b 4d 4d 4e 4e,1
P-1 | 1a 1b 1g 1h 2i 2i 2i 2i 2i,1
C2 | 4c 4c 4c 4c 4c 4c 4c 4c 4c 4c 4c 4c 4c 4c 4c 4c 4c 4c,1
C222_1 | 4a 4a 4b 4b 8c 8c 8c 8c 8c 8c 8c 8c 8c 8c 8c 8c 8c 8c,1
R-3m | 3a 3b 6c 18h,1
Cmc2_1 | 4a 8b 8b 8b 8b,1
Cm | 2a 2a 2a 2a 2a 2a 2a 2a 2a 2a 2a 2a 2a 2a 2a 2a 2a 2a 2a 2a 2a 2a 2a 2a 2a 2a 2a 2a 2a 2a 2a 2a 2a 2a 2a 4b 4b 4b 4b 4b 4b 4b 4b 4b 4b 4b 4b 4b 4b,1
Fd-3m | 8a 8b 16d 48f,1
P4/n | 2c 8g 8g 8g 8g 8g 8g,1
I-42m | 2a 4d 8i 8i 8i 8i 8i 8i 8i 16j 16j 16j,1
Fmmm | 8f 8g 8i 16m 16n 16n 16n 32p 32p 32p 32p,1
P321 | 1a 2d 3e 3f,1
I4/mcm | 4a 4b 4c 8f 8h 16l 16l,1
P4_2/mmc | 2c 4j,1
R-3 | 3a 3b 6c 6c 18f 18f,1
Ibam | 4a 8g 8j 8j 8j,1
Pnna | 4c 4d 4d 4d 8e 8e 8e,1
P2_1 | 2a 2a 2a 2a 2a 2a 2a 2a 2a 2a 2a 2a 2a 2a 2a 2a 2a,1
P2_1/m | 2e 2e 2e 2e 2e 2e 2e 4f 4f 4f 4f 4f 4f 4f 4f 4f 4f,1
C2/m | 4g 4h 4i 4i 4i 4i 4i 4i 4i 4i 4i 4i 8j 8j,1
I4mm | 2a 2a 2a 2a 2a 2a 8c 8c,1
Immm | 2a 2d 4i 4j 4j 4j,1
C2/c | 4e 4e 4e 8f 8f 8f 8f 8f 8f,1
Cm | 2a 2a 2a 2a 2a 4b 4b 4b 4b 4b 4b 4b 4b 4b,1
Cmce | 8d 8e 8f 8f 16g,1
Pmmm | 1a 1h 2s,1
P4/mnc | 2a 4d 4e 8h 16i,1
Pnn2 | 2a 2b 4c 4c 4c 4c,1
P4_2/mnm | 2a 4d 4f,1
P3m1 | 1a 1a 1a 1a 1a 1a 1a 1a 1a 1a 1a 1a 1a 1a 1b 1b 1b 1b 1b 1b 1b 1b 1b 1b 1b 1b 1c 1c 1c 1c 1c 1c 1c 1c 1c 1c 1c 1c,1
P-62m | 1a 3f 3g,1
C2/m | 2a 4g 4g 4h 4h 4h 4i 8j 8j 8j,1
Immm | 4e 4i 8k 8l 8l 8m,1
Pm-3n | 6c 8e,1
C2/m | 2a 2d 4i 4i 4i 4i 4i 4i 4i 4i 4i 4i 4i 4i 4i 4i 4i 4i 4i,1
R-3m | 3a 3b 6c 6c 9d 18h,1
P6_3mc | 2a 2a 2b 2b 2b,1
C2/m | 2a 2b 4i 4i 4i 4i 4i 4i 4i 4i 8j 8j 8j,1
P-1 | 1a 1b 1d 1f 1g 1h 2i 2i 2i 2i,1
P4/n | 2a 2b 2c 2c 8g 8g 8g,1
I4mm | 2a 2a 2a 2a 4b 4b 8c,1
I4_1 | 4a 4a 8b 8b 8b 8b 8b 8b 8b 8b 8b,1
P-1 | 1a 1h 2i 2i 2i 2i 2i 2i 2i 2i 2i 2i 2i 2i 2i 2i 2i 2i 2i 2i 2i 2i 2i 2i 2i 2i 2i 2i 2i 2i 2i,1
Imma | 4a 4c 4d 4e 4e 16j,1
Pbcm | 4a 4c 4c 4d 4d 4d 4d 8e,1
C2/m | 4e 4g 4h 4i 4i,1
P-62m | 2c 3f 3f 3g 3g 3g 3g 6j 6k,1
I4_1/acd | 16e 32g,1
C2 | 2a 4c 4c 4c 4c 4c 4c 4c,1
P-3m1 | 1a 2c 2d 2d 2d 3f 6i 6i,1
Pnma | 4c 4c 4c 4c 4c 4c 4c 8d 8d,1
P4/m | 1a 1b 1c 4j 4j 4k 4k 4k,1
Pm-3n | 2a 6b 6c 8e 12f,1
Immm | 2a 4g 4h 4i 8l,1
P-6c2 | 2a 2c 2f 12l,1
P2_1/m | 2e 2e 2e 2e 2e 2e 2e 2e 2e 2e 2e 2e 2e 4f 4f,1
C2/m | 2a 4h 4i 4i 4i 4i 8j 8j,1
P3_221 | 3a 6c 6c 6c 6c 6c 6c 6c 6c 6c,1
Fmmm | 4a 8i 8i 8i 16m 16m 16m 16m 16o 32p,1
P31c | 2a 2b 2b 6c 6c 6c 6c 6c,1
R-3 | 6c 18f 18f 18f 18f 18f,1
P4/mmm | 1a 1b 1c 2e 2g 2g 2g 2h 4i,1
I4/m | 2a 2b 4d 4e 8h 16i,1
P2_1/c | 2a 2d 4e 4e 4e 4e 4e 4e 4e 4e,1
Pmmn | 2a 2a 2b 4e 4e 4e 4e 4e 4e 4e,1
Pmma | 2a 4k,1
P2/m | 1a 1g 2m 2m 2m 2m 2n 2n 2n 2n 2n,1
Amm2 | 2a 2b 2b 4c 4c 4c 4d,1
I4/mcm | 4c 8h,1
I4mm | 2a 2a 8d,1
C2/c | 4a 4c 4e 8f,1
Pm | 1a 1a 1a 1a 1a 1b 1b,1
P4/mbm | 2a 4e 4h 8k,1
Fd-3m | 8a 16c 32e 48f,1
P4_1 | 4a 4a 4a 4a 4a 4a 4a 4a 4a 4a,1
P4_1 | 4a 4a 4a 4a 4a 4a 4a 4a 4a,1
Cmce | 4a 8f 8f 8f,1
Pmmn | 2a 2b 4c,1
Pmma | 2a 2c 2e 2f 2f 4j,1
Cmc2_1 | 4a 4a 4a 4a 4a 8b 8b 8b 8b,1
P6_3mc | 2a 2a 2a 2b 2b 2b 2b 2b,1
C222_1 | 4b 4b 8c 8c 8c 8c 8c 8c,1
P6_3/mmc | 2a 2b 4f 4f 4f 6g 6h 12k,1
P2_1/m | 2e 2e 2e 2e 2e 2e 2e 4f 4f 4f 4f,1
P6_3/mcm | 2b 4d 6g 6g 12j,1
Cmm2 | 4c 4c 4d 4d 4d 4e 4e 4e,1
C2 | 2a 2a 2a 2b 4c 4c 4c,1
P6_3 | 2a 2a 2b 2b 2b 6c 6c,1
Fmmm | 4a 8e 8i 8i,1
Ima2 | 4b 4b 4b,1
Imm2 | 2a 2a 2a 2a 2a 2a 2a 2a 2a,1
P-62m | 1a 2d 3f 3g 3g 3g 6j,1
Pmmn | 2a 2b 2b,1
Pc | 2a 2a 2a 2a 2a 2a 2a 2a 2a 2a 2a 2a 2a 2a 2a 2a 2a,1
Pnma | 4c 4c 4c 4c 8d 8d 8d 8d 8d 8d,1
P4/mbm | 2a 2c 4e 4g 8j 8k 8k 8k,1
Cmcm | 4c 4c 4c 8f 8f,1
Fm-3m | 4a 4b 8c 24e 32f 48i,1
Fmmm | 4a 8h 8h 8i,1
P4_2/ncm | 4b 4e 8i,1
Ama2 | 4b 4b 4b 4b 4b 4b 4b 8c 8c 8c 8c 8c 8c 8c 8c 8c,1
Pmmn | 2a 4e 4e 4e,1
Fddd | 8a 16e 16g,1
P4/mmm | 2g 2g 2g 2g 2g,1
C2/m | 2a 2c 4g 4h 4i 8j,1
P-6m2 | 1a 1b 1c 2i,1
P-1 | 1a 1h 2i,1
Pmmn | 4e 4e 4e 4e 4e,1
P6_3/mmc | 2c 2d 4e 4f 4f,1
Pmm2 | 1a 1b 1d 1d,1
P-31c | 2b 2c 6h 12i 12i 12i 12i,1
Pnna | 4a 4c 4d 8e 8e 8e 8e,1
R32 | 3a 6c 9d 18f,1
P4/nmm | 2c,1
P4_2/mmc | 2a 2b 2c 2e 8n,1
C2/m | 2a 2c 4i 4i 8j,1
C2/c | 4c 8f 8f 8f 8f 8f 8f 8f 8f 8f 8f,1
P-6m2 | 1a 1f 2g 2i,1
P4/mnc | 2a 2b 4c 4e 8g 8h 16i,1
P3m1 | 1a 1a 1a 1b 1b 1c 1c,1
Cmcm | 4c 4c 8d,1
P4_2/nbc | 4a 4c 8j 16k 16k 16k,1
C2/m | 2a 2b 4g 4h 4h 4i 4i 8j,1
Pmma | 2e,1
P-1 | 1a 1b 1c 1f 2i 2i 2i 2i 2i,1
P4/n | 2c 2c 2c 8g 8g 8g 8g,1
C2/m | 4i 4i 4i 4i 4i 8j 8j 8j,1
Pmmm | 1a 1d 1g,1
P3m1 | 1a 1a 1a 1b 1b 1b 1c 1c 1c,1
Ama2 | 4a 4b 4b 4b 4b,1
I4/m | 4c 8h 8h,1
Immm | 2a 2c 4i 4j,1
Cmcm | 8g 8g 8g 8g 8g,1
Cmcm | 4c 4c 4c 8e 8f,1
P4_132 | 8c 8c 8c 24e,1
Ama2 | 4a 4a 4b 4b 4b 4b 4b 4b 8c 8c 8c 8c 8c,1
P2/c | 2e 2e 2f 2f 4g 4g,1
C2/m | 2a 4g 4h 4i 4i,1
P6_3mc | 2a 2a 2a 2a 2b 2b 2b 2b 2b 2b 2b 6c 6c 6c 6c 6c 6c 6c,1
P2_1/m | 2e 2e 2e 2e 2e 4f 4f 4f 4f 4f 4f 4f 4f 4f,1
Pba2 | 2a 4c 4c 4c 4c 4c 4c 4c 4c,1
P6_422 | 3a 3d 6f 6i,1
P2_1/m | 2a 2d 2e 2e 2e 2e 2e 2e 2e 2e 2e 2e 2e 2e 2e 2e 2e 2e 2e 2e 4f 4f 4f 4f,1
Cmcm | 8g 8g,1
P4/ncc | 4a 16g 16g,1
P6_3/mmc | 2a 2b 2c 4f 4f,1
P4/nmm | 2a 2b 2c 8j,1
R3m | 3a 9b,1
Pmmm | 1a 1b 1c 1h 2t,1
Fmmm | 4a,1
Cmce | 8d 8d 8f,1
R-3m | 3a 6c 18f 18g 18h 18h,1
Pmmm | 1a 1b 1e 1h,1
Cmcm | 4a 4c 4c 4c 8f 8f 8f 8f 8f 8f 16h 16h,1
Imma | 4c 4e 4e,1
P-6m2 | 1a 1d 3j 3k 3k 3k,1
P4_1 | 4a 4a 4a 4a 4a 4a 4a 4a,1
P2_1/m | 2a 2d 2e 2e 2e 2e 2e 2e 2e 2e 4f 4f,1
Cmcm | 4c 8e 8f 8g 8g,1
P-62m | 1a 2d 3g 3g 6j,1
Imm2 | 2a 2a 2a 2a 2a 2b,1
Cmcm | 4a 4c 4c 8f 8f 8g 16h 16h,1
Fm-3m | 4a 4a 4b,1
Amm2 | 2a 2a 2a 2a 2b 2b 2b,1
P-62c | 4e 4f 4f 6g 6g 6h 6h,1
I-43m | 2a 6b 8c 24g 24g 24g,1
Ima2 | 4a 4a 4b 4b 4b 4b 4b 8c 8c 8c 8c 8c 8c 8c,1
P4/mbm | 2a 4g 4h 4h 8i,1
P2_1/m | 2a 2e 2e 2e 2e 2e 2e 4f 4f 4f 4f 4f 4f 4f 4f 4f 4f 4f,1
Immm | 2a 2b 4h 4j 4j 8l 8l 8l,1
Pmmn | 2a 2a 2b 4e 4e 4f 8g,1
P2/m | 1a 1c 1e 1h 2m 2m 2m 2m 2m 2m 2m 2n 2n 2n 2n 2n 2n 2n,1
P-1 | 1a 2i 2i 2i 2i 2i 2i 2i 2i 2i 2i 2i 2i 2i 2i 2i 2i 2i 2i 2i 2i,1
P6_3mc | 2a 2b 2b 6c 6c 12d,1
P6_422 | 3c 3d,1
P-31c | 2c 2d 12i 12i 12i 12i,1
C2/m | 4i 4i 4i 4i 4i 4i 4i 8j 8j 8j 8j 8j 8j 8j 8j 8j 8j,1
P2_1/c | 2a 2c 4e 4e 4e 4e 4e 4e 4e 4e,1
Imm2 | 2a 2a 2b 2b 4c 4d 4d 8e 8e,1
C222_1 | 4a 4b 4b 4b 8c 8c,1
Pbcm | 4a 4c 4d 4d,1
C2/m | 2a 2b 4e 4h 4i 4i 4i 4i 4i 4i 4i 4i 8j 8j 8j 8j 8j,1
Ibam | 4a 8e 8i 8j 16k,1
R-3 | 9d 9e 18f 18f,1
R-3c | 6b 18e 36f 36f,1
P-3m1 | 1a 2d 2d 3f 6i 6i,1
P2_1/m | 2a 2c 2e 2e 2e 2e 2e 2e 2e 2e 2e 4f 4f,1
P2_1/c | 2a 2d 4e,1
Cmcm | 4c 4c 4c 8e,1
I4_1/amd | 8c 8e 16g 16h 16h 32i,1
C2/c | 4a 4e 4e 4e 8f 8f 8f 8f 8f 8f 8f 8f 8f 8f 8f 8f 8f,1
P4/mmm | 1a 1b 1c 1d 2e 2f 2g 2h 4i 4l 4m 4n 4o 8r,1
P3m1 | 1a 1a 1a 1a 1a 1a 1a 1a 1a 1a 1b 1b 1b 1b 1b 1b 1b 1b 1b 1b 1c 1c 1c 1c 1c 1c 1c 1c 1c 1c,1
P1 | 1a 1a 1a 1a 1a 1a 1a 1a 1a 1a 1a 1a 1a 1a 1a 1a 1a 1a 1a 1a 1a 1a 1a 1a 1a 1a 1a 1a 1a 1a 1a 1a 1a 1a 1a 1a 1a 1a 1a 1a 1a 1a 1a 1a,1
Cm | 2a 2a 2a 2a 2a 2a 2a 2a 4b 4b 4b 4b 4b 4b 4b 4b 4b 4b 4b 4b,1
Pmna | 2a 4e 4h,1
R3m | 3a 3a 3a 3a 3a 3a 3a 3a 3a 3a 3a 3a 3a 3a,1
C222 | 2a 4k,1
I-4 | 2a 2d 8g 8g 8g,1
Fddd | 16f 16g,1
P-1 | 1a 1b 2i 2i 2i 2i 2i 2i,1
P4/mbm | 2a 2b 4h,1
P2_1/m | 2a 2e 2e 2e 2e 2e 2e 2e 2e 2e 2e 2e 4f 4f 4f 4f 4f,1
P6/mmm | 1a 6k,1
Cm | 2a 2a 2a 2a 2a 2a 2a 4b 4b 4b 4b,1
P4/ncc | 4c 4c 8f 16g 16g 16g,1
R-3 | 3a 6c 6c 6c 18f 18f 18f 18f 18f 18f 18f,1
P4_12_12 | 4a 8b,1
P4mm | 1a 1a 1a 1b 2c 2c,1
P6/mmm | 2c 3g,1
Cmce | 8e 8f 8f 8f 8f 8f 16g 16g,1
Imma | 4e 4e 8h 8h 8h 16j 16j,1
I4_1/amd | 4a 4b 8c 8d 8e 16g,1
R-3m | 3a 3b 6c 6c 6c 9d 18h 18h 18h,1
Pmma | 2a 2c 2e 2f 4g 4j 4k 8l,1
P-6c2 | 2a 2e 6k 6k 12l,1
Aea2 | 4a 8b 8b 8b 8b 8b 8b 8b 8b 8b,1
C2/m | 2a 2c 4g 4h 4i 4i 4i 8j 8j 8j 8j 8j 8j 8j,1
P4/mmm | 1a 1d 2f 2g 2g 2g 2h 4i,1
Pnnm | 2a 4g 4g 4g 4g 4g 8h 8h 8h,1
P-6m2 | 1a 1f 2h,1
Amm2 | 2a 2a 2b 2b 4c 4d 4d 4d 4e 4e 4e,1
P-4 | 1a 1c 2g 4h 4h 4h 4h 4h 4h,1
P6_3/mmc | 2b 2c 2d,1
F-43m | 4a 4c 4d 16e 24f 48h,1
R-3 | 6c 18f,1
P1 | 1a 1a 1a 1a 1a 1a 1a 1a 1a 1a 1a 1a 1a 1a 1a 1a 1a 1a 1a 1a 1a 1a 1a 1a 1a 1a 1a 1a 1a 1a 1a 1a 1a 1a 1a 1a 1a 1a 1a 1a 1a,1
R-3m | 3a 3b 6c 6c 6c 6c 6c 6c,1
Cm | 2a 2a 2a 2a 2a 2a 2a 2a 2a 2a 2a 2a 2a 2a 2a 2a 4b 4b 4b 4b 4b 4b 4b 4b 4b 4b 4b 4b 4b 4b,1
Immm | 2a 2b 4j 8l,1
P-42m | 1a 1c 2e 4n,1
C2/c | 4e 4e,1
C2/m | 4i 4i 4i 4i 4i 4i 4i 4i 4i 8j 8j 8j,1
P2/m | 1a 1f 1g 2m 2n,1
Pmn2_1 | 2a 2a 2a 2a 2a 2a 2a 2a,1
P2_1/m | 2e 2e 2e 4f 4f 4f,1
Pnma | 4c 4c 4c 8d 8d 8d 8d 8d 8d,1
Cmce | 4a 8f 8f 8f 8f 16g,1
P-3m1 | 1a 1b 2c 2d 2d 2d 2d 6i 6i 6i,1
Imma | 4a 4c 4e 8h 16j 16j,1
P4/n | 2c 2c 8g 8g,1
P-4m2 | 1a 1c 1d 2g 2g 4h 4i 4j 4j 4k 8l 8l 8l,1
Ibam | 4a 4b 8g 8j 16k,1
Pmm2 | 1a 1a 1b 1b 1b 1c 1c 1d 1d,1
P-4 | 2g 4h 4h 4h 4h 4h,1
R-3 | 6c 6c 6c 18f 18f 18f 18f 18f 18f,1
P222 | 1a 1c 1d 2r 2s 4u 4u,1
C222_1 | 4a 4a 4b 4b 4b 8c 8c 8c,1
Fd-3m | 8a 8b 32e 32e,1
Cmcm | 4a 4c 4c 8f 8f 16h,1
Fddd | 16f 16g 16g 16g 32h 32h,1
P6_3/m | 2a 2b 2c 6h 6h 6h 6h 6h 6h 12i,1
P-4m2 | 1a 1b 2g 2g 4j,1
P6_3/mmc | 2a 2c 4e 4f 4f 4f 6h 12k 12k,1
P4_2/n | 2a 4e 4e 8g 8g 8g 8g 8g 8g,1
Pnma | 4a 4c 4c 8d 8d 8d,1
P4/ncc | 4c 4c 4c 16g 16g 16g,1
I4/mcm | 4a 4c 8h,1
I23 | 12d 24f 24f,1
R-3 | 18f 18f 18f,1
P2_1/m | 2e 2e 2e 2e 2e 2e 2e 2e 2e 2e 4f,1
Cmce | 8d 8f 8f 8f 8f 16g 16g,1
I-42d | 8d 8d 16e 16e 16e 16e,1
Pc | 2a 2a 2a 2a 2a 2a 2a 2a 2a 2a 2a 2a 2a 2a 2a 2a 2a 2a 2a 2a 2a 2a 2a 2a 2a 2a 2a 2a 2a,1
P3_121 | 6c 6c 6c 6c 6c,1
R-3 | 3a 3b 6c 6c 6c 18f 18f 18f 18f 18f,1
P3m1 | 1a 1a 1a 1a 1a 1a 1a 1a 1b 1b 1b 1b 1b 1b 1b 1b 1c 1c 1c 1c 1c 1c 1c 1c,1
I4_1/a | 4a 4b 16f 16f 16f 16f 16f 16f,1
I4_1/amd | 4a 8c 16h 16h 16h 16h,1
R3c | 6a 6a 6a 18b 18b 18b 18b 18b 18b 18b 18b,1
Pm | 1a 1a 1a 1a 1a 1a 1a 1a 1a 1b 1b 1b 1b 1b 1b 1b 1b 1b 1b 1b 1b 1b,1
Cc | 4a 4a 4a 4a 4a 4a 4a 4a 4a 4a 4a 4a 4a 4a 4a,1
P-42_1m | 4e 4e 8f,1
Pmma | 2a 2d 2e 2e 4k,1
P4/mmm | 1a 1b 1c 2g 2g 2h 4i,1
P4_2/mbc | 4b 4d 8h 8h 16i 16i,1
P4/nmm | 2c 8i 8i 8j 8j,1
P6_3/m | 2b 2c 6h 6h 6h,1
P2_1/m | 2e 2e 2e 2e 2e 2e 2e 2e 2e 2e 2e 2e 2e 2e 2e 2e 2e 2e 2e 2e 2e,1
C2/m | 2a 4i 4i 4i 4i 4i 4i 4i 4i 4i 4i 4i 4i 4i,1
P4/nmm | 2c 2c 2c 2c 4f 8i,1
Fm-3 | 8c 32f 48h 48h,1
C2 | 2a 2a 2b 2b 4c 4c 4c 4c 4c 4c 4c 4c 4c 4c 4c 4c 4c 4c 4c 4c 4c 4c 4c 4c 4c 4c 4c 4c 4c 4c,1
I4/mmm | 2a 4c 4e 8h,1
Pmn2_1 | 2a 2a 2a 2a 2a 2a 2a 4b 4b 4b,1
Cmc2_1 | 4a 4a 4a 4a 4a 8b 8b 8b 8b 8b 8b 8b,1
P2/m | 1a 1e 2m 2n 2n,1
Ama2 | 4a 4b 4b 4b 8c 8c,1
Cmmm | 2a 2c 4i 4j 4j 4j 8p,1
P-6m2 | 1a 1f 3j 3j 3j 3k,1
C2/c | 4e 4e 4e 8f 8f 8f 8f 8f 8f 8f,1
P-6m2 | 1a 1f 2i,1
P4_2/mmc | 2c 2e 4g 4i 4k 8n,1
R32 | 3a 6c 9e 9e 18f 18f 18f,1
Pbam | 2a 2c 2d 4h,1
P3m1 | 1a 1a 1a 1a 1a 1a 1b 1b 1b 1b 1b 1b 1c 1c 1c 1c 1c 1c,1
R-3 | 3a 6c 6c 18f,1
I4/mcm | 8h,1
C2/m | 2a 4i 4i 4i 4i 4i 4i 4i 4i 4i 4i 4i 8j 8j 8j,1
P-6m2 | 1a 1d 1e 2g 2h 2i,1
P4/mbm | 4e 4g 8j,1
I4mm | 2a 2a 2a 2a 2a 2a 2a 2a 4b,1
P31c | 2a 2b 2b 2b 6c,1
C2/c | 4e 4e 4e 8f 8f 8f 8f 8f 8f 8f 8f 8f 8f 8f,1
Pmmm | 1a 1b 1c 1f 1g 2s,1
I4_1/amd | 4a 8e 8e 16h,1
I-43m | 8c 12e,1
Im-3 | 8c 24g,1
P-4c2 | 2a 2c 4e 4h 4i 4i 8j 8j,1
P2_1/c | 2a 2b 4e 4e 4e 4e 4e 4e 4e 4e,1
P2/c | 2e 2e 2f 2f 4g 4g 4g 4g 4g 4g,1
Cmcm | 4c 4c 8f 8f 8f 8f,1
P-62m | 2c 2d 2e 3f 3f 3g 6i,1
I-4m2 | 2a 2c,1
Immm | 2a 2b 2d 4i 4i 4j 8l 8l,1
Amm2 | 2a 2a 2b 4d 4d 4d 4d 4e 4e 4e 4e 4e,1
R-3 | 6c 6c 18f 18f,1
R32 | 9d 9d 9e 18f,1
Fd-3m | 32e 48f,1
P-62m | 1a 1b 2c 3f 3g,1
R-3 | 3a 6c 6c 18f 18f 18f 18f 18f 18f,1
I-42d | 4a 4b 16e 16e 16e 16e 16e 16e,1
P6_3mc | 2a 2a 2a 2b 2b 2b 2b 2b 6c 6c 6c 6c,1
Fm-3m | 4a 4b 24e 24e 32f 48i,1
Pmc2_1 | 2a 2a 2a 2a 2b 2b 2b 2b 4c 4c,1
P4_2/mmc | 2e 4i,1
Pnma | 4c 4c 4c 4c 4c 4c 4c 4c 4c 4c 4c 8d 8d,1
P1 | 1a 1a 1a 1a 1a 1a 1a 1a 1a 1a 1a 1a 1a 1a 1a 1a 1a 1a 1a 1a 1a 1a 1a 1a 1a 1a 1a 1a 1a 1a 1a 1a 1a 1a 1a 1a 1a 1a 1a 1a 1a 1a 1a 1a 1a 1a 1a 1a 1a,1
R-3m | 3a 3b 6c 6c 6c 18h 18h 18h 36i,1
R-3c | 6b 12c 12c 18e 36f 36f 36f 36f,1
C2/m | 2a 2b 4h 4i 4i 4i 8j 8j 8j,1
I4/mcm | 16k,1
Cm | 2a 2a 2a 2a 2a 2a 2a 2a 2a 2a 2a 2a 4b 4b 4b 4b 4b 4b,1
C2/m | 2a 2c 4e 4i 4i 4i 4i 4i 4i 4i 4i 4i 4i 4i 4i 8j 8j,1
F-43m | 4a 4b 4c 16e 16e 24g,1
P2/m | 2m 2m 2m 2n,1
Imma | 4a 4e 4e 8g 8g 8h 8h,1
Cmmm | 2a 4i 4i 4j,1
Pn-3m | 4b 8e 8e 12f 24k,1
Imma | 4a 4c 4e 8h 8h 8h 8i 8i,1
Fdd2 | 8a 16b 16b 16b 16b 16b 16b,1
R3c | 6a 6a 6a 18b 18b 18b 18b 18b 18b 18b,1
P4_32_12 | 4a 8b 8b 8b 8b,1
Aem2 | 4a 4b 4c 4c 4c,1
Cmmm | 2a 2c 4g 4i 4j 4j 4j 4j 8p,1
C2/c | 4a 4e 8f 8f 8f 8f 8f 8f 8f 8f 8f 8f 8f 8f 8f,1
P-42_1m | 2c 2c 4e,1
R32 | 3a 3b 9d,1
P4/nmm | 2a 2c 2c 8i 8j,1
Imm2 | 2a 2a 2a 2b 2b 4d 4d 4d 4d 4d,1
C2 | 2a 2b 2b 4c 4c 4c 4c 4c 4c 4c 4c 4c 4c 4c 4c 4c,1
Cmce | 4a 8e 8f 8f 8f 16g,1
C2/c | 8f 8f 8f 8f 8f 8f,1
P4/nbm | 2a 2b 8m,1
C2/c | 4a 4b 4c 8f 8f,1
C2/c | 4a 4e 4e 8f 8f 8f 8f,1
Cmcm | 4c 4c 8e 8e 8e 8g 8g,1
P6/mmm | 2c 2e,1
P4_2/nmc | 4c 4d 8f 8g 8g 8g,1
P-1 | 1a 1d 1h 2i 2i,1
P-1 | 1a 1b 1c 1d 1h 2i 2i 2i 2i 2i 2i 2i 2i 2i 2i 2i 2i 2i 2i 2i 2i 2i 2i 2i 2i 2i 2i 2i 2i,1
P1 | 1a 1a 1a 1a 1a 1a 1a 1a 1a 1a 1a 1a 1a 1a 1a 1a 1a 1a 1a 1a 1a 1a 1a 1a 1a 1a 1a 1a 1a 1a 1a,1
P4/m | 1a 4j 4j 4j 4k 4k 4k 8l 8l 8l,1
Cmce | 4a 8e 8e 8f 8f 8f 8f 16g,1
Cmce | 4a 8d 8f 16g,1
C2/c | 4c 4e 4e 8f 8f 8f 8f 8f 8f 8f,1
P-3 | 1a 2d 2d 6g 6g 6g 6g 6g 6g,1
Immm | 2a 4h 4j 8l,1
P2 | 1a 1d 2e 2e 2e 2e 2e 2e 2e 2e 2e 2e 2e 2e 2e 2e 2e 2e 2e 2e 2e,1
R3m | 3a 3a 3a 3a 3a 3a 9b 9b 9b,1
I-4 | 2a 2b 2c 8g 8g 8g 8g 8g 8g 8g 8g,1
Pbam | 4g 4g 4g 4h,1
C2/m | 2a 4f 4i 4i 4i 4i 4i 4i 8j,1
I-42d | 8c 16e 16e 16e 16e,1
P-3 | 1a 1b 2d 2d 6g 6g 6g 6g 6g 6g,1
C2/c | 4a 4e 4e 8f 8f 8f,1
R3 | 3a 3a 9b 9b 9b 9b 9b 9b,1
P6_222 | 3c 3d 12k,1
P6_3/mcm | 2b 4d 6g 6g 12j 12j,1
P-4b2 | 2a 2b 2d 8i 8i 8i 8i,1
Pbam | 4g 4g 4h 4h,1
Pbcm | 4c 4c 4c 4d 4d 4d 4d,1
Pmmn | 2a 2a 2b 4e,1
P-1 | 1a 1c 2i 2i 2i 2i 2i 2i 2i 2i,1
Pbcn | 4c 8d 8d 8d,1
P-1 | 1a 2i 2i 2i 2i 2i 2i 2i 2i 2i 2i 2i 2i 2i 2i 2i 2i 2i 2i 2i 2i 2i 2i 2i 2i 2i 2i 2i 2i 2i 2i,1
Pmmn | 2a 2a 2a 2a 2b 2b 2b,1
C2/m | 2a 2b 4i 4i 4i 4i 4i 4i 4i 4i 4i 4i 4i 4i 4i,1
P2_1/m | 2e 2e 2e 4f 4f 4f 4f,1
I222 | 2a 2c 4j 8k,1
Immm | 2a 4i 8l,1
Cmce | 4a 8d 8d 8f,1
Pna2_1 | 4a 4a 4a 4a 4a 4a 4a 4a 4a 4a 4a 4a 4a 4a 4a,1
I4_1/amd | 8e 8e 8e 8e,1
P-1 | 1a 1d 2i 2i 2i 2i 2i 2i 2i 2i 2i 2i 2i 2i 2i 2i 2i 2i 2i 2i 2i 2i 2i 2i 2i 2i 2i 2i 2i 2i 2i,1
P4/mmm | 1a 1b 2g 2g 2h 2h 2h 4i 4i,1
P4_2nm | 2a 2a 2a 4c 4c 4c,1
C2/m | 4g 4h 4i 4i 4i 8j,1
Cm | 2a 2a 2a 2a 2a 2a 2a 2a 2a 2a 4b 4b 4b 4b 4b 4b 4b 4b 4b 4b 4b 4b 4b 4b,1
I-4 | 2a 2b 2c 4e 4f 8g 8g 8g 8g 8g 8g 8g 8g 8g 8g 8g 8g 8g,1
Cmce | 8d 8f 8f,1
Pmn2_1 | 2a 2a 2a 2a 2a 2a 2a 2a 2a 2a 2a,1
I222 | 2a 2b 8k,1
P4_2/mnm | 2a 2b 4c 4e 4f 4f 4g 8i 8j 16k,1
C2/m | 2a 2d 4i 8j,1
Pm | 1a 1a 1a 1a 1a 1a 1a 1a 1a 1a 1a 1a 1a 1a 1a 1b 1b 1b 1b 1b 1b 1b 1b 1b 1b 1b 1b 1b 1b,1
P6_322 | 2c 4f 6g,1
P4_132 | 4a 8c 12d 12d 24e,1
P2_1/m | 2a 2e 2e 2e 4f 4f 4f 4f,1
P6_3mc | 2a 2a 2b 2b 2b 2b,1
Pccm | 2e 2g 4q 4q 4q 8r,1
Pmm2 | 1a 1a 1b 1b 1c 1c 1d 2e 2e 2f 2f 2g 2g 2g 2g 2h 2h 2h 2h 4i 4i,1
C2/m | 4i 8j 8j,1
Fddd | 8a 8b 16f 16g 32h,1
R-3 | 18f 18f 18f 18f,1
Cmcm | 4c 4c 4c 4c 8f 8f 8f,1
C2/m | 2a 4h 4i 4i 4i 4i 4i 4i 4i 4i 4i 4i 8j 8j 8j,1
Cmcm | 4c 8e 8g 8g,1
P2/c | 2a 2b 2c 2d 2e 2e 2f 2f 4g 4g 4g 4g 4g 4g 4g,1
P4/mmm | 1a 1b,1
Immm | 2a 2c 4g 4j,1
Immm | 2a 2d 4h 4i 8l 8l,1
Ama2 | 4a 4b 4b 4b 4b 8c,1
Pbcm | 4c 4d 4d 4d 4d 4d 8e 8e 8e,1
P6_3mc | 2a 2a 2b 2b 2b 2b 2b 2b 6c 6c,1
P-1 | 2i 2i 2i 2i 2i 2i 2i 2i 2i 2i 2i 2i 2i 2i 2i 2i 2i 2i 2i 2i 2i 2i 2i 2i 2i 2i 2i 2i 2i 2i,1
C2/m | 2a 2d 4i 4i 4i 4i 8j 8j,1
P-1 | 1a 1b 2i 2i 2i 2i 2i 2i 2i 2i 2i 2i 2i 2i 2i,1
Pmmn | 2a 2b 4c 4e 4e 4e 4f 4f 4f 8g 8g 8g,1
C2/m | 2a 2b 4f 4g 4h 4h 4i 4i 4i 4i 4i 8j 8j 8j 8j 8j 8j 8j,1
C2 | 2a 2a 2a 2b 2b 4c 4c 4c 4c 4c 4c 4c 4c 4c 4c 4c 4c 4c 4c 4c 4c 4c,1
I4/m | 4e 4e 8h 8h 8h 16i 16i 16i 16i 16i 16i,1
P6_3/mcm | 2a 6f 6g 12k 12k 12k,1
P6_3/m | 2c 4f 6h 12i 12i 12i 12i,1
Fm-3m | 8c 24e 32f 48h,1
C2/m | 2a 4h 4i 4i 4i 4i 4i 4i 8j 8j 8j 8j 8j,1
Pmm2 | 1a 1a 1b 1c 1d 1d 2g 2g 2g,1
Imma | 4e 4e 8h 8h,1
R3m | 3a 9b 9b 9b 9b 18c,1
F-43m | 4a 4b 16e 16e 16e 16e 24f 24g 48h,1
Cmcm | 4a 4c 8e 8e 8f 8g 8g,1
P-31c | 2b 2c 12i,1
C2/m | 4g 4i 4i 4i,1
P1 | 1a 1a 1a 1a 1a 1a 1a 1a 1a 1a 1a 1a 1a 1a 1a 1a 1a 1a 1a 1a 1a,1
C2/m | 2a 2d 4i 4i 4i 4i 4i 4i 4i 4i 4i 8j 8j 8j 8j 8j 8j 8j 8j,1
C2/c | 4a 4e 4e 4e 4e 8f 8f 8f 8f,1
Imm2 | 2a 2a 2b 4d 4d 4d 4d 4d 4d 4d 4d 4d 4d 4d 4d 4d 4d 4d 4d 4d 4d,1
P4/mmm | 1a 1d 2h,1
I4/mmm | 2a 2b 4e 4e 8g,1
P-6 | 1a 1d 1f 3j 3j 3j 3k 3k 3k,1
C222_1 | 4a 4b 8c 8c 8c 8c 8c,1
P6_3/mmc | 2a 2c 6h 12k,1
R-3m | 18h 18h,1
Pmma | 2a 2b 2e 2f,1
C2/m | 2a 2d 4i 4i 4i 4i 4i 4i 8j 8j 8j,1
I4/mmm | 4d 4e 8h,1
P2_1/m | 2e 2e 2e 4f 4f 4f 4f 4f 4f,1
Pnnm | 2a 2c 4g 4g 4g 4g 4g 4g 4g 4g 4g 8h 8h,1
C222_1 | 4a 4a 4b 4b 8c 8c 8c 8c 8c 8c 8c 8c 8c 8c 8c 8c 8c,1
C2/m | 2a 4i 4i 4i 4i 4i 8j 8j 8j,1
Pmmn | 4c 4e 4e 4e 8g,1
P6_3/mcm | 2b 6f 6g 12j,1
Pmma | 2a 2c 2e 2e 2f 2f 2f 4j,1
R-3 | 6c 18f 18f,1
P-43n | 2a 6c 6d 8e 24i,1
P6_3cm | 2a 2a 4b 4b 6c 6c 6c 6c 6c,1
I-42d | 4a 8d 8d 8d 8d 16e 16e 16e,1
R-3 | 3a 18f 18f 18f 18f 18f,1
Pmc2_1 | 2a 2a 2a 2a 2b 2b 4c,1
Ibam | 4a 4b 8j 8j 16k 16k,1
P2 | 2e 2e 2e 2e 2e 2e 2e 2e 2e 2e 2e 2e 2e 2e 2e 2e,1
I-4m2 | 2a 4e 4f 8g 8h 8i 8i 8i 8i 8i 8i 16j,1
P-1 | 1a 1d 2i 2i 2i 2i 2i 2i 2i 2i 2i 2i 2i 2i 2i 2i 2i 2i 2i 2i 2i,1
C2/c | 4a 4b 4e 4e 8f 8f 8f 8f 8f 8f 8f,1
P4/mmm | 1a 1b 2e 2f 2g 2g 2g 2h 2h 4i,1
Imma | 8h 8h,1
I4/mmm | 2a 2b 4d 4e 8g 8h 8i 16k 16m 16n,1
I4/mmm | 2a 4d 4e 8h 8h,1
I4/mmm | 2a 4c 4e 4e 4e 4e 4e 4e 8g,1
P-3 | 1a 2d 6g 6g 6g 6g 6g 6g,1
P-43m | 1a 3d 4e 4e 12i 12i 12i 12i,1
P-1 | 1a 1h 2i 2i 2i 2i 2i 2i 2i 2i 2i 2i 2i 2i 2i 2i 2i 2i,1
Pnnm | 4e 4g 4g 8h 8h,1
P-62m | 2e 3f 3g 4h 6i 6i 6j 6k,1
P-3 | 1a 1b 2d 6g 6g 6g,1
Im-3m | 8c 12d 12e 48k,1
P-1 | 1a 1d 1g 1h 2i 2i 2i 2i 2i 2i 2i 2i,1
Amm2 | 2a 2a 2a 2b 4d 4d 4d 4d 4d 4d 4e 4e 4e 4e 4e,1
C2/m | 4g 4i 4i 4i 4i 4i 4i 4i 4i 8j 8j 8j 8j,1
Pmmn | 2a 2a 2b 2b 4c 4d 4e 4e 4f 4f 8g,1
I-42d | 4a 8c 8d 16e 16e 16e 16e 16e,1
Immm | 2a 2d 4h 4i 4j 8l 16o,1
Fm-3 | 4a 4b 8c 24e 48h,1
P-1 | 1a 1h 2i 2i 2i 2i 2i 2i 2i 2i 2i 2i 2i 2i 2i 2i 2i 2i 2i 2i 2i 2i 2i 2i 2i 2i 2i 2i,1
I4/mmm | 2a 4c 4d 4e 4e 4e 4e 4e 8g,1
P-1 | 1a 2i 2i 2i 2i 2i 2i 2i 2i 2i 2i 2i 2i 2i 2i 2i 2i 2i 2i 2i 2i 2i 2i 2i 2i 2i 2i 2i,1
R3 | 3a 3a 3a 3a 3a 3a 3a 9b 9b 9b,1
P-3 | 1a 2d 6g 6g,1
Cmce | 8d 8e 8e 8f 8f 8f 8f 8f 16g 16g,1
P31m | 1a 1a 2b 2b 3c 3c,1
Imma | 4e 4e 8f,1
Pmma | 2e 2f 4k 4k,1
Pban | 4g 4i 4i 4i 4j 8m 8m 8m,1
Pcca | 4c 4c 8f,1
P-42m | 1a 2e 4n,1
Cmmm | 2a 2b 4e 4h,1
P6/mmm | 1a 2d 6j,1
P-1 | 1a 1b 1e 1h 2i 2i 2i 2i 2i 2i 2i 2i,1
Cmmm | 2a 4i 4i 4j 4j,1
F-43m | 4a 4b 16e 24g,1
P4/mmm | 1a 1c 2f 4j,1
C2/m | 4e 4h 4i 4i,1
P-1 | 1a 1b 1c 1g 2i 2i,1
P6_3mc | 2a 2a 2a 2a 2b 2b 2b 2b 2b 2b 2b,1
Amm2 | 2a 2a 2a 2a 2b 2b 2b 2b 2b 2b,1
C2 | 2a 2a 2a 2a 2b 2b 2b 4c 4c 4c 4c,1
Pbcm | 4c 4d 4d 4d 4d 8e 8e 8e 8e,1
Cm | 2a 2a 2a 2a 4b 4b 4b 4b 4b 4b 4b 4b 4b,1
I4/mmm | 4d 4e 8f 8h 8i 8j,1
Ibam | 4a 4b 8f 8j 8j 8j,1
P4/mbm | 2a 2b 2c 4g,1
P-31m | 2e 4h 6i 6j 6k,1
Pnma | 4a 4c 4c 4c,1
Pmmn | 2a 4e,1
Cmme | 4a 4b 4g 8m,1
C2/m | 2a 2c 4i 4i 4i 4i 4i 4i 4i 4i 4i 4i 4i 4i 4i 4i 4i 4i 4i 8j 8j 8j 8j 8j 8j,1
Cmcm | 4c 4c 4c 8f 8g 16h,1
P6_3cm | 2a 6c 12d,1
P4_2/mnm | 4f 4f 4g 8i 8i,1
Cmmm | 2a 2b 2d 4f,1
Cmmm | 2a 4i 4j 4l 8n 8q 8q 8q,1
C2/m | 4g 4h 4i 4i 8j 8j 8j 8j,1
P2_1/m | 2a 2d 2e 2e,1
P1 | 1a 1a 1a,1
Pnna | 4c 4c 4d 8e,1
P6_3/mmc | 4e 4f 4f 6h,1
Imma | 4a 4e 8g 8h,1
Pm-3m | 1a 1b 3c 8g 12i 12j,1
P2/m | 1a 2m 2n 2n,1
Pnma | 4a 4c 4c 4c 4c 4c 4c 4c 4c 4c 4c 4c 8d 8d,1
P4/mmm | 1a 2e 8r,1
P6_3/mmc | 2c 4e 4f 6h 12k,1
R-3c | 18e,1
Pnnm | 2a 4g 4g 4g 8h,1
P-6m2 | 1a 1d 1f 2g 2h 2i,1
Cmmm | 2a 4g 4h 4j 4k 4l 8m 8n 8n 8p 8q 16r,1
P3 | 1a 1a 1a 1a 1b 1b 1b 1b 1c 1c 3d 3d,1
Cmmm | 2a 2c 4f 4i,1
C2/m | 4i 4i 4i 4i 4i 4i 8j 8j 8j 8j,1
Amm2 | 2a 2a 2a 2a 2b 2b 4d 4d 4d 4d 4d 4d 4d 4e 4e 4e 4e 4e 4e 4e 4e,1
Pbcn | 4c 4c 4c 8d 8d,1
Pa-3 | 4a 8c 24d,1
P4mm | 1a 1a 1b 2c 4d 4d 4d 4e 4e 4f 4f,1
P4/mnc | 2a 8g 8h,1
Pmmm | 1a 1b 2l,1
P6_3/m | 2b 2c 6h,1
Pmn2_1 | 2a 2a 2a 2a 4b 4b 4b 4b 4b,1
C2/m | 2a 2b 4i 4i 8j,1
C2/m | 4i 4i 4i 4i 4i 4i 4i 4i 8j 8j 8j,1
P6_222 | 3c 3d 6i,1
Immm | 2a 2d 4i 4i,1
I4_1/amd | 8c 16h,1
Pm | 1a 1a 1b 1b 2c 2c 2c 2c,1
Pmmn | 2a 2b 4e 4f 4f,1
P4/mbm | 2a 2c 4e 4g,1
P4/mmm | 1a 1c 4j 4k 4l 4o,1
P4_2/nmc | 8g 8g 8g 8g 8g,1
P-1 | 1a 1b 2i 2i 2i 2i 2i 2i 2i 2i 2i,1
P2_13 | 4a 4a 4a 12b,1
Fddd | 16c 16g 32h 32h 32h 32h,1
Cmmm | 2a 2c 4g,1
P4/mbm | 2a 2b 4e 4f 4g 4h,1
P3 | 1a 1a 1a 1b 1b 1c 3d 3d 3d 3d 3d 3d,1
R-3m | 3a 3b 6c 6c 9e 18h,1
Pm | 1a 1a 1a 1a 1a 1a 1a 1a 1a 1a 1a 1a 1a 1b 1b 1b 1b 1b 1b 1b 1b 1b 1b 1b,1
P4_2/nmc | 2a 4d 8f 8g 8g 16h,1
P-62m | 3f 3f 3g 6i,1
Pmma | 2e 2f 4g 4i 4j 4j 4k 8l,1
C2/m | 2a 4i 4i 4i 4i 8j 8j,1
Pnna | 4c 4d 8e 8e 8e 8e,1
P2_12_12 | 4c 4c 4c 4c 4c 4c 4c 4c 4c 4c 4c 4c 4c 4c,1
Pmm2 | 1a 1b 1c 1d 2e 2f 2g 2g 2h 2h 4i 4i,1
Pmn2_1 | 2a 2a 2a,1
P6_3/mmc | 2b 2c 4f 12i,1
P4_2/mmc | 4j 4m,1
Pmc2_1 | 2a 2b 2b,1
P-1 | 1a 1c 2i 2i 2i 2i,1
P6_322 | 2a 4f 6h 12i,1
Immm | 2a 2b 4f 4i 4j 8n,1
P4/mbm | 2a 2d 4g 4g 4h 8i 8j 8j,1
Amm2 | 2a 2a 2b 2b 2b 2b 4d 4e 4e 4e,1
P-4m2 | 1a 1d 2e 2e 2f 2f 2f 2f 2g 2g 2g 2g 2g 2g 2g,1
P4_2/mcm | 2a 2d 4i 8o,1
Pmm2 | 1a 1a 1b 1c 1d 1d,1
I-42m | 8f 8g 8i 8i,1
P4_2/mmc | 2c 4j 8n,1
I4 | 2a 2a 2a 2a 4b 8c,1
P2/c | 2e 2f 4g 4g 4g 4g 4g 4g 4g 4g 4g,1
Fmmm | 4a 8h,1
Pmmm | 1a 1d,1
P-62m | 2c 2e 3f 3g 4h 6i 6i 6i 6i 6k,1
P-43n | 2a 6c 8e,1
R3 | 3a 3a 3a 3a 3a 9b 9b,1
P3m1 | 1a 1a 1a 1b 1b 1b 1c 1c 1c 1c,1
P2 | 2e 2e 2e 2e,1
Imm2 | 2a 2a 2b 2b 4d 8e,1
P6/mmm | 1a 4h,1
P6_3/mmc | 2a 2b 4f 6g 12k,1
P4/mmm | 1a 1b 2f 4o,1
I4/mmm | 2a 2b 4c 8h 8i 16k,1
C2/m | 2a 2d 4g 4g 4h 4h,1
Cmm2 | 2a 2a 4e 4e,1
P4/n | 2a 2c 8g 8g 8g 8g 8g,1
P4_2/nmc | 2a 4c 4c 4d,1
Amm2 | 2a 2a 2a 2a 2b 2b 2b 2b 2b,1
P2_12_12 | 2a 2b 4c 4c 4c 4c 4c 4c 4c 4c 4c,1
I4mm | 2a 2a 2a 2a 2a 2a 2a 4b 4b,1
Amm2 | 2a 2a 4e,1
Ama2 | 4b 4b 8c 8c,1
C222 | 2a 4h 4j 4k 8l 8l 8l 8l 8l,1
Cmmm | 2a 4h 4j,1
P4_332 | 4a 4b 12d,1
I4_1md | 4a 8b 8b 8b 8b 8b 8b 8b 8b 8b,1
I-42d | 4a 8c 8d 8d 16e 16e 16e,1
Cmce | 4a 8d 8d 8e 8f,1
Fmm2 | 8b 8c 8c 8c 8d 8d 16e 16e 16e,1
P-6 | 1a 1c 3j 3k 3k,1
Ibam | 4a 8g 8j 8j,1
Pc | 2a 2a 2a 2a 2a 2a 2a 2a 2a 2a 2a 2a 2a 2a 2a 2a 2a 2a 2a 2a 2a 2a 2a,1
P4/mmm | 1a 1b 1c 2g 4i,1
Pmn2_1 | 2a 2a 2a 2a 2a 2a 2a 2a 2a 4b 4b 4b 4b 4b 4b 4b 4b,1
P4_2/nmc | 4c 4d 8f 8g 8g 16h 16h,1
R-3m | 3a 3b 18g 18h,1
R3 | 3a 3a 3a 9b 9b 9b 9b 9b,1
R-3m | 9d 9e 18f 18h,1
Cmcm | 4c 4c 8e 8f 8g 8g,1
C2/m | 2a 2c 2d 4i 4i 4i 4i,1
P2/c | 2a 2d 2e 2e 2f 4g 4g 4g 4g 4g,1
Cmcm | 4a 4c 4c 8e 8f 8f 8g,1
Cm | 2a 2a 2a 2a 2a 2a 2a 4b 4b,1
Cmcm | 4a 4c 8f 8f 8f 8f 8f 8g 8g 16h,1
P-6m2 | 1a 1e 3j 3k 3k 3k 3k 6l,1
P-1 | 1a 1f 2i 2i 2i 2i 2i 2i 2i 2i 2i 2i 2i 2i 2i 2i 2i 2i,1
I-42d | 4a 8c 16e 16e 16e,1
C2/c | 4e 4e 4e 8f 8f 8f 8f 8f 8f 8f 8f,1
I-4m2 | 2a 4e 4f 8i 8i 8i 8i 8i 8i 8i 8i 8i,1
P6_3/m | 2c 6h 6h 6h,1
Fddd | 8a 8b 32h,1
P2/c | 2a 2b 2c 2f 4g,1
R-3m | 6c 6c 6c 6c 6c 6c 6c 6c 6c 6c 6c,1
Imm2 | 2a 2b 4c 4d 4d 4d 4d 8e 8e,1
Cmmm | 4e 4g 4g 4h 4i 4j 4j 4j 4j 8p 8p 8p 8p 8p 8q 8q 8q 8q,1
P6_3 | 2a 2b 2b 6c 6c,1
P-1 | 1a 1h 2i 2i 2i 2i 2i 2i 2i 2i 2i 2i 2i 2i 2i 2i 2i 2i 2i 2i 2i 2i,1
Pmn2_1 | 2a 2a 2a 2a 2a 2a 2a 2a 4b 4b 4b 4b 4b 4b 4b 4b 4b,1
C222_1 | 4a 4a 4b 8c 8c 8c 8c 8c,1
R-3m | 3a 3b 6c 6c 6c 6c 18h 18h,1
C2/m | 2a 2b 2c 2d 4g 4h 4i 4i 8j 8j 8j 8j 8j,1
Ibam | 8j 8j 16k 16k,1
P2/c | 2a 2e 2f 4g 4g 4g,1
Pmm2 | 1a 1a 1a 1a 1b 1b 1b 1c 1c 1c 1d 1d 1d 2g 2g 2g 2g 2g 2h 2h 2h 2h 2h 4i 4i 4i 4i 4i 4i,1
Immm | 2a 4f 4h 4i 4i 4i 4j 4j 8l 8l 8n 8n 16o,1
Pbcn | 4a 4c 4c 4c 8d 8d,1
P622 | 6j 6l 6l 6m 12n,1
P4_2/m | 2e 4j 8k 8k 8k,1
P3m1 | 1a 1a 1a 1a 1a 1a 1a 1b 1b 1b 1b 1b 1b 1b 1c 1c 1c 1c 1c 1c 1c,1
R3m | 3a 3a 3a 3a 3a 3a 3a 3a 3a 3a 3a 3a 3a 3a 3a 3a 3a 3a 3a 3a 3a,1
P-1 | 1a 1e 1f 1g 2i 2i 2i 2i 2i 2i 2i 2i 2i 2i,1
P4_2nm | 2a 4c 4c 4c 8d 8d,1
R-3c | 6a 18e 36f,1
R-3c | 6a 18d 18e 18e 36f,1
Amm2 | 2a 2b 4d 4d 4e 4e,1
Cmce | 8e 8f 8f 8f 16g,1
P2_1 | 2a 2a 2a 2a 2a 2a 2a 2a 2a 2a 2a 2a 2a 2a 2a 2a 2a 2a 2a 2a 2a 2a 2a 2a 2a 2a,1
Fm-3m | 4a 8c 24e 48h,1
C2/m | 4e 4g 4i 4i 4i 4i 4i 8j 8j 8j 8j 8j 8j 8j 8j 8j,1
P-1 | 1a 1h 2i 2i 2i 2i 2i 2i 2i 2i,1
P-42_1m | 2a 2c 2c 4e 4e 4e,1
P-62m | 1a 2c 3f 3f 3g 3g 6j,1
P-1 | 1a 2i 2i 2i 2i 2i 2i 2i 2i 2i 2i 2i 2i 2i 2i 2i 2i 2i 2i 2i 2i 2i 2i 2i 2i 2i,1
P4/mmm | 1a 1c 2f 4j 4k 4m 4o,1
P6/mmm | 1a 2e 2e,1
I4mm | 2a 2a 4b 8c 8c 8c 8d,1
I4_1md | 4a 4a 4a 4a,1
C2/m | 4e 4g 4i 4i 8j 8j 8j 8j 8j 8j 8j,1
R-3m | 3a 6c 18g 18h,1
P-1 | 1a 1d 1g 1h 2i 2i 2i 2i 2i 2i 2i 2i 2i 2i 2i 2i 2i 2i 2i 2i 2i 2i 2i 2i 2i 2i 2i 2i 2i 2i,1
Cmme | 4a 4d 4g 8m,1
C2/c | 8f 8f 8f 8f 8f 8f 8f 8f 8f,1
Amm2 | 2a 2b 4c 4c 4c 4e 8f,1
P4_322 | 4a 4c 8d 8d,1
Ibam | 4c 8j 8j 8j 8j,1
P2_1/m | 2a 2e 2e 2e 2e 2e 4f 4f 4f 4f 4f,1
P-1 | 1a 1e 1f 1g 2i 2i 2i 2i 2i 2i 2i 2i 2i 2i 2i 2i 2i 2i 2i 2i 2i 2i 2i 2i 2i 2i 2i 2i 2i 2i,1
P1 | 1a 1a 1a 1a 1a 1a 1a 1a 1a 1a 1a 1a 1a 1a 1a 1a 1a 1a 1a 1a 1a 1a 1a 1a 1a 1a 1a 1a 1a 1a 1a 1a 1a,1
Pbcm | 4c 4c 4d 4d 4d 4d 4d,1
Fmmm | 4a 8h 8h 8i 16m 16m 16m,1
I4_1/amd | 4a 8e 16h,1
I4_1/amd | 4a 8e 8e 8e 8e 8e,1
P3_121 | 3a 3a 3b 6c 6c 6c,1
P-6c2 | 2a 2e 6k,1
P4mm | 1a 1a 1a 1b 1b 2c 2c 4d 4d,1
R-3m | 3a 6c 6c 6c 6c 6c 6c 9e 18h 18h,1
Immm | 4e 4g 4i 4i 4j 8l 8l 8m 8m 8n 8n 16o,1
I23 | 2a 8c 12d 12e 24f,1
C2/c | 4c 4d 4e 4e 8f 8f 8f 8f 8f 8f,1
P-6 | 2g 2h 2i 3j 3j 3j 3j 3j 3k 3k 3k 3k 3k 6l 6l,1
C2/m | 4i 4i 4i 8j,1
R3c | 6a 18b 18b 18b 18b 18b 18b,1
I4_1/a | 4a 4b 16f 16f,1
Cmc2_1 | 4a 4a 4a 4a 4a 4a 4a 4a 8b 8b 8b 8b,1
R-3c | 12c 36f 36f,1
Fmmm | 4a 8f 8h 8i 8i 8i 8i 16j 16j 16m 16m,1
Cmcm | 4c 4c 8e 8e 8g 8g 8g,1
P6mm | 1a 1a 3c 3c 3c 3c 6e 6e,1
P-1 | 1a 1d 2i 2i 2i 2i 2i 2i 2i 2i 2i 2i 2i,1
P2_1/m | 2e 2e 2e 2e 2e 2e 2e 4f 4f 4f 4f 4f,1
Cmmm | 2a 2d 4e 4f 4i 4j 4l 8n 8p 8q,1
Pbcm | 4c 4d 4d 4d 4d 8e 8e,1
I-4m2 | 2a 2b 2c 2d 4e 4f 8g 8h 8i 8i,1
P-6c2 | 2a 2e 2f 4g 4h 12l,1
P-62m | 1a 2c 3f 3g,1
Pmmm | 1a 1b 1d 1e 1f 2n 2o 2q 2q 2r 2r 2s 2s 2s 2s 2t 2t 2t 2t 4u 4u 4v 4v,1
P2_1/m | 2e 2e 2e 2e 4f 4f 4f 4f 4f 4f,1
P-4n2 | 2a 2b 2c 2d 4f 4g 8i 8i,1
P-4m2 | 1a 1b 1c 1d 2e 2g,1
Fddd | 16f 16g 16g 32h 32h 32h 32h 32h,1
P-1 | 1a 1g 2i 2i 2i 2i 2i 2i 2i 2i 2i 2i 2i 2i 2i 2i 2i 2i 2i 2i 2i 2i,1
Pmc2_1 | 2a 2a 2a 2b 2b 2b 4c 4c 4c,1
I4_1 | 8b 8b 8b 8b 8b 8b,1
F-43m | 4a 4b 4c 16e 16e 16e,1
R-3m | 3a 3b 6c 9e 18h,1
P6_3/mcm | 2b 6g,1
P4/nmm | 2c 2c 2c 2c 4d 4f 8h 8i 8i 8j 16k,1
C2/m | 4g 4h 4i 4i 4i 4i 4i 4i 4i 4i 4i 4i 4i 4i 4i 4i 4i 4i 8j 8j 8j 8j 8j 8j,1
P6_3mc | 2a 2b 6c 6c,1
P312 | 1a 1c 3k 6l 6l,1
Cc | 4a 4a 4a 4a 4a 4a 4a 4a 4a,1
Fmm2 | 4a 8b 8c,1
I4/m | 2a 2b 4d 8h 16i 16i,1
Ama2 | 4a 4a 4b 4b 4b 4b 4b 4b 4b 4b 4b 4b 4b 4b 4b 8c 8c 8c 8c 8c 8c,1
P4/mmm | 1a 1b 1d 2g 2h,1
Cmce | 8e 8f,1
I-42d | 4a 4b 16e,1
P6/mmm | 1a 3f 3g 6i 12o,1
Ia-3d | 24d 48g,1
P2_1/m | 2a 2e 2e 2e 2e 2e 2e 2e 2e 4f,1
P6_3/mmc | 2a 2b 2c 4f 4f 12k,1
Pmm2 | 1a 1a 1b 1b 1c 1c 1d 1d 2g 2g 2g 2g 2h 2h,1
P4/nmm | 2c 2c 4d,1
P4_32_12 | 4a 8b 8b 8b,1
I4_1/amd | 8c 8d 16h,1
P-4m2 | 1a 2g,1
P6/mmm | 1a 2d 6m,1
C2/m | 2a 2d 4i 4i 4i 4i 4i 4i 8j,1
C2 | 2a 2b 4c 4c 4c 4c 4c 4c 4c 4c 4c 4c 4c 4c 4c 4c 4c 4c 4c,1
Fd-3m | 8a 8b 16c 32e 96g,1
C2/m | 4e 4g 4i 4i 4i 4i 4i 4i 8j 8j 8j,1
Pma2 | 2a 2a 2b 2b 2c 2c 2c 2c 2c 2c 2c 2c 2c 2c 2c 2c 4d 4d,1
Immm | 2a 4i 4j 4j 4j 4j 4j 4j,1
R-3 | 6c 6c 6c 6c 18f 18f 18f 18f 18f 18f 18f 18f,1
Imma | 4a 4e 8f 8g 8h 8h 8i 8i 16j 16j 16j 16j,1
Pnma | 4a 4c 4c 4c 4c 4c 4c 4c 4c 8d 8d 8d,1
P4/mmm | 1a 1b 2e 2f 2g 2h,1
P4/mmm | 1a 1b 1c 2f,1
Cmme | 4a 4d 4f 4g 8m 8m 16o,1
P4/m | 1a 1b 4j 4j,1
I4/mmm | 2a 2b 4e 8h,1
Cmc2_1 | 4a 4a 4a 4a 4a 4a 4a 4a,1
P-43m | 3c 4e 4e 4e 6g 12h,1
P4_2/mnm | 2a 2b 4d 4f,1
Pmma | 2e 2e 2f 4j 4k 4k 8l,1
C2/c | 4e 4e 4e 8f,1
P4/mbm | 2a 4h 4h,1
Pm | 1a 1a 1a 1a 1a 1a 1a 1a 1a 1a 1a 1a 1a 1a 1a 1a 1a 1a 1b 1b 1b 1b 1b 1b 1b 1b 1b 1b 1b 1b 1b 1b 1b 1b 1b 1b 2c 2c 2c 2c 2c 2c 2c 2c 2c 2c,1
P4/mmm | 1a 1d 2e 2h,1
C2/m | 4g 4i 4i 4i 4i 8j 8j 8j,1
P4/nmm | 2a 2b 2c 2c 2c 8i,1
P-4 | 1a 1b 2g 4h 4h 4h 4h 4h 4h 4h 4h 4h 4h 4h,1
Cmcm | 4a 4c 4c 8f 8g 8g 8g 8g 16h 16h 16h,1
I4/m | 2a 4d 4e 4e 8h 16i 16i,1
P6_3 | 2b 6c 6c 6c 6c,1
R-3 | 6c 6c 6c 6c 18f 18f 18f 18f 18f 18f,1
R-3c | 12c 36f,1
Cccm | 8g 8h 8i 8j 8k 8k 8l 8l 8l 8l 16m 16m 16m,1
Fddd | 16f 16f 16g 16g 32h,1
P-6 | 1a 1b 2g 2h 2i 2i 3j 3j 3k 3k 6l 6l 6l 6l 6l 6l,1
P4mm | 1a 1a 1b 2c 4d 4d,1
P31m | 1a 2b 3c 3c 6d,1
P3_121 | 3a 3a 3b 3b 6c 6c,1
F4_132 | 48f 48g 48g,1
P-3m1 | 1a 2d 2d 6i 6i 12j,1
P6_3/mmc | 2b 4f 4f 6h 12k 12k,1
F-43m | 4a 16e,1
P2/m | 1a 1d 1f 1h 2m 2n,1
Ibam | 4a 4d 8j 8j 16k 16k,1
I4/mmm | 2a 2b 4c 4d 4e 4e 16m,1
Cmce | 4a 8d 8d 8f 16g,1
R32 | 3a 3b 9d 9e 9e 18f,1
P-43m | 3c 3d 4e 4e 12i,1
Pmn2_1 | 2a 2a 2a 2a 2a 2a 2a 2a 4b 4b 4b 4b 4b 4b 4b 4b 4b 4b 4b 4b,1
R3c | 18b 18b 18b 18b 18b 18b 18b,1
Pca2_1 | 4a 4a 4a 4a 4a 4a 4a 4a 4a 4a 4a 4a 4a,1
I4/mmm | 2a 2b 4e 4e 4e 4e 4e 4e 8g 8g,1
P6_3/m | 2b 4e 4f 6g 6h 12i 12i 12i,1
R32 | 6c 6c 6c 6c 6c 9d 9e 18f 18f,1
C2/c | 4c 4e,1
P6_3/m | 2b 2c 6h 6h 6h 12i,1
P-1 | 1a 1b 1c 1g 2i 2i 2i 2i 2i 2i 2i 2i 2i 2i 2i 2i,1
C2 | 2a 4c 4c 4c,1
C2/c | 4a 8f 8f 8f 8f 8f 8f 8f 8f,1
Aea2 | 4a 4a 8b 8b 8b 8b 8b 8b 8b 8b 8b 8b 8b 8b,1
Pm | 1a 1a 1a 1a 1a 1b 1b 1b 2c 2c,1
Pnnm | 4e 4g 4g 4g 4g 4g 8h 8h,1
C2/m | 2a 2c 4i 4i 4i 4i 4i 4i 8j 8j 8j,1
Cmce | 8e 8f 8f 8f,1
I2_13 | 8a 8a 8a 12b 24c 24c,1
P2_1/m | 2a 2e 2e 2e 2e 2e 4f 4f,1
P321 | 2d 3e,1
I4mm | 2a 2a 2a 2a 2a 4b 4b 4b,1
I-43d | 12a 16c 48e,1
Cmmm | 2a 2b 4f 4h 4i,1
Pmm2 | 1a 1b 1c 2g 2h 2h 2h,1
P-1 | 1a 1f 2i 2i 2i 2i 2i 2i 2i 2i,1
P-1 | 1a 1e 2i 2i 2i 2i 2i 2i,1
P2_1/m | 2e 2e 2e 2e 2e 2e 2e 2e 2e 2e 2e 2e 2e 2e 2e 2e 2e 2e 2e 2e 2e 2e 2e,1
I4_1/acd | 8b 16d 16d 16f,1
C2/m | 2a 2b 4h 4i 4i 4i 8j 8j 8j 8j 8j 8j,1
C2/m | 4e 4g 4h 4i 4i 4i 4i 4i 4i 4i 4i 8j 8j,1
P2_1 | 2a 2a,1
C2/m | 2a 4i 4i 4i 4i 4i 4i 4i 4i 4i 4i 4i,1
P-1 | 1a 1c 2i 2i 2i 2i 2i 2i 2i 2i 2i,1
Ibca | 8e 8e 8e 8e 16f 16f 16f 16f,1
P2/m | 1a 1b 1g 2i 2j 2k 2l 2l,1
I-4m2 | 2a 2c 4e 4e 4e 4e 4f 4f,1
P4/ncc | 4c 4c 8f 16g 16g,1
Pm-3m | 1a 1b 3c 3d 8g 12i 12j,1
Cmce | 4a 8d 8d 8d 8d 16g 16g 16g 16g,1
P31m | 1a 1a 2b 2b 3c 3c 3c 3c,1
Cm | 2a 2a 2a 2a 4b 4b 4b 4b 4b 4b 4b 4b 4b 4b 4b 4b 4b 4b 4b 4b 4b,1
R-3 | 6c 6c 18f 18f 18f 18f 18f 18f,1
P4/nmm | 2a 2c 2c 4f,1
Fddd | 16e 16f 16g 16g 32h 32h,1
Cmce | 8d 8e 8f 8f,1
C2/c | 4c 4e 4e 8f 8f 8f 8f 8f 8f 8f 8f 8f 8f 8f,1
C2/m | 2a 4h 4i 4i 4i 8j 8j 8j,1
Imm2 | 2a 2a 2b 4c 4d,1
Cmmm | 2a 2b 4f 4i 4j,1
P6_422 | 3c 6j,1
Fmmm | 4a 8f 8h 8i 8i 8i 8i 8i 8i 16j 16j 16j 16m 16m 16m,1
C2/m | 2a 2d 4g 4i 4i 8j 8j 8j,1
P-1 | 1a 2i 2i 2i 2i 2i 2i 2i 2i 2i 2i 2i 2i 2i 2i 2i 2i 2i 2i 2i,1
I4cm | 4a 4b 8c 8c 8c 8c 16d 16d 16d,1
Pccn | 4c 4c 8e 8e 8e 8e 8e 8e 8e,1
Cmce | 8f 8f 8f 8f 8f,1
R-3m | 3a 6c 6c 9d 18h 18h,1
Pccn | 8e 8e 8e 8e 8e 8e 8e 8e,1
Imm2 | 2a 2a 2b 4c 4d 4d 4d,1
C2/m | 4e 4f 4i 4i 4i 4i 4i 4i 4i 4i 8j 8j 8j,1
I4/m | 2a 8h 8h 16i,1
Cm | 2a 2a 4b,1
C2/m | 2a 4e 4i 8j,1
Fd-3 | 16c 16d 32e 48f 96g,1
Cc | 4a 4a 4a 4a 4a 4a 4a 4a 4a 4a 4a 4a 4a 4a 4a 4a 4a 4a 4a 4a 4a 4a 4a 4a 4a 4a 4a,1
I4/m | 4d 4e 8h 8h 8h,1
P-3m1 | 1a 2c 2c 2d 2d 2d 2d 2d 6i 6i 6i 6i,1
Pnma | 4c 4c 4c 4c 4c 4c 8d 8d 8d,1
I4/m | 4e 4e 8f 8g 8h 8h 16i 16i,1
P31m | 1a 2b 2b 3c 3c 3c,1
P6_3/mmc | 2b 4f 4f,1
R3 | 3a 3a 3a 9b 9b 9b 9b 9b 9b 9b 9b 9b 9b 9b 9b 9b 9b 9b 9b,1
R3 | 3a 3a 3a 3a 9b 9b 9b 9b 9b 9b 9b 9b 9b 9b,1
P-1 | 1a 1e 2i 2i 2i 2i 2i 2i 2i 2i 2i 2i 2i 2i 2i 2i 2i 2i 2i 2i 2i 2i,1
C2/m | 2a 2d 4i 4i 4i 4i 4i 8j 8j,1
Amm2 | 2a 2a 2b 2b 2b 4d,1
Pcca | 4a 4c 4e 4e 8f 8f 8f 8f 8f,1
R-3m | 6c 6c 6c 6c 6c 6c 6c,1
Pmmm | 1a 1c 2q 2q 2q 2q 2r 2r 2r 2r 2r 2r 2r 2r 2r 2r 2s 2s 2s 2s 2s 2t 2t 2t 2t 2t 2t 2t 2t 2t 2t,1
P6_3cm | 2a 2a 6c 6c 6c,1
C2/m | 4i 4i 4i 4i 4i 4i 4i 4i 4i 4i 4i 4i 4i 4i 4i 4i 4i,1
P31c | 6c 6c 6c 6c 6c 6c 6c 6c 6c 6c,1
Ia-3 | 8b 16c 24d 48e,1
P-6m2 | 1a 1e 1f,1
Pnnm | 2a 2c 4g 4g,1
Pmmn | 2a 2a 2a 2a 2a 2b 2b 2b 4e 4e 4e 4e 4e 4e 4e 4e 4e 4e 4e,1
Cmcm | 4c 8e 8g 8g 8g 8g,1
P-4m2 | 1a 2g 2g,1
R3m | 3a 3a 3a 3a 3a 3a 9b,1
I4_1/a | 4a 4b 8e 8e 16f 16f 16f 16f,1
P6_222 | 3c 6j,1
C2/m | 2a 2c 2d 4f 4i 4i 8j,1
P-3 | 2d 2d 6g 6g 6g 6g 6g 6g 6g 6g 6g 6g,1
P-1 | 1a 1c 1d 2i 2i 2i 2i 2i 2i 2i 2i 2i 2i 2i 2i 2i 2i 2i 2i 2i,1
Fm-3m | 4a 4b 8c 24d 24e 32f,1
R3 | 3a 3a 9b 9b 9b 9b 9b,1
Fdd2 | 8a 8a 16b 16b 16b 16b 16b 16b 16b,1
I4/mcm | 4a 4b 4d 16l,1
Pmna | 2a 2d 4g 4h 4h 4h 4h 4h 8i 8i 8i 8i,1
F-43m | 4a 4c 4d 16e 24f,1
Pmmn | 2a 4e 4e 4e 4f 4f 8g,1
P4_2/ncm | 4c 4e 8i 8i 16j 16j,1
I-42m | 4c 4e 4e 4e 4e 8i 8i 8i 8i 8i 16j 16j 16j,1
C2/m | 2a 4e 4f 4i 4i 4i 4i 4i 4i 4i 4i 4i 4i 4i 4i 4i 4i 4i 4i 4i 4i 8j 8j 8j 8j 8j,1
P-62m | 2c 3g,1
P-1 | 1a 1d 2i 2i 2i 2i 2i 2i 2i 2i 2i 2i 2i 2i 2i 2i 2i,1
Immm | 2a 4g 4h 8m,1
I4_1/amd | 16f 16g 16h,1
C2 | 2a 2a 2a 4c 4c 4c 4c 4c 4c,1
I4/m | 2a 2b 8h 8h 8h 8h 8h 16i,1
P4_2/mnm | 4f 8i 8i 8j,1
Cmmm | 2a 2d,1
I4_1/acd | 16d 16d 16d 16f,1
P6_3mc | 2a 2a 2b 2b 2b 2b 2b,1
P4/mnc | 2a 2b 4d 4e 8h,1
I4/mcm | 4b 4c 8h 8h 16j 16l,1
Pmmm | 1a 1h 2m 2o 2p 2q 2q 2r 2s 2t 4u 4u 4u 4v 4v,1
Pmmn | 2a 2a 2b 2b 4e 4e 4e,1
C2/m | 2a 2c 4e 4i,1
P-1 | 1a 1e 2i 2i 2i 2i 2i 2i 2i 2i 2i 2i 2i 2i 2i 2i 2i 2i 2i 2i 2i 2i 2i 2i,1
P3m1 | 1a 1a 1b 1b 1c 1c 3d 3d,1
C2 | 2a 2a 2b 4c 4c 4c 4c 4c 4c 4c 4c 4c 4c 4c 4c,1
Cmcm | 4c 4c 8e 8f 8g 8g 16h,1
C2/m | 4e 4f 4i 4i,1
C2 | 4c 4c 4c 4c 4c 4c 4c,1
P4_132 | 4a 4b 12d,1
Cmce | 8f 8f 8f,1
Cm | 2a 2a 4b 4b 4b 4b 4b,1
Pmma | 2e 2e 4j 4j,1
P2/m | 1a 1g 2m 2m 2m 2m 2m 2m 2n 2n 2n 2n 2n 2n,1
P-62m | 1a 2d 2e 3f 4h 6i,1
Pmma | 2e 2f 4g 4i 4i 4j 4k 8l,1
P-1 | 1a 1b 1c 1h 2i,1
P4/nnc | 2a 4e 16k 16k,1
C2 | 2a 2a 4c 4c 4c 4c 4c 4c 4c 4c 4c 4c 4c,1
P4_32_12 | 4a 8b 8b,1
P6_3mc | 2a 2a 2a 2b 2b 2b 2b 2b 2b,1
R3m | 3a 3a 9b 9b 9b,1
P4/mmm | 1a 1c 1d 2e,1
P4/mmm | 1a 1d 2f 4k,1
Pm | 1a 1a 1a 1a 1a 1a 1b 1b 1b 1b 1b 1b 2c 2c 2c 2c,1
P4mm | 1a 1a 1a 1b 1b 1b 2c 2c 2c,1
P2 | 1a 1a 1b 1b 1c 1c 1d 1d,1
I-4m2 | 2a 2c 4e 8g 8i,1
P3m1 | 1a 1a 1b 1b 1c 1c 1c 1c,1
P-6m2 | 1a 1c 2i,1
Cccm | 4a 4b 4e 4f,1
Pmm2 | 1a 1b 1c 1d 2h 2h,1
Pm | 1a 1a 1a 1a 1a 1b 1b 1b 1b 1b 2c 2c 2c 2c 2c 2c 2c 2c 2c 2c,1
P3 | 1a 1a 1b 1b 1c 1c 3d 3d 3d 3d 3d 3d,1
C2/m | 2a 2c 4g 4h 4i 4i 4i 8j 8j 8j,1
P6_3/mmc | 2b 2c 4e 4f 4f 4f 4f,1
Cm | 2a 2a 2a 2a 2a 2a 2a 2a 2a 2a 2a 2a 2a 2a 2a 2a 2a 2a 2a 2a,1
P4mm | 1a 1a 1a 1a 1b 1b 1b,1
P4/ncc | 4c 8f 16g 16g,1
C2/m | 2a 4i 4i 4i 4i 4i 4i 8j 8j,1
Imma | 4a 4c 4e 8h,1
Immm | 2a 2d,1
P-3 | 2c 2d 6g,1
C2 | 2a 4c 4c 4c 4c 4c 4c,1
Pnma | 4a 4c 4c 4c 8d,1
Cmcm | 4a 4c 4c 4c 8f 8f 8f 16h,1
C2/m | 4i 4i 4i 4i 4i 4i 4i 4i 4i,1
P-6c2 | 2a 2c 6k,1
C2/m | 4e 4i 4i 8j,1
P6_3/mmc | 2b 2c 12k,1
P-3m1 | 1a 1b 2c 2d 2d 2d 2d 6i 6i,1
P6_3mc | 2a 2a 2b 2b 2b 2b 6c 6c 6c 6c,1
I4/mmm | 4e 4e 8g,1
Imma | 4a 4e,1
I4_1/amd | 8c 16h 16h,1
Cmmm | 2a 2b 4f 4i 4i 8q,1
Amm2 | 2a 2a 2b 2b 2b 2b 4d 4d 4d 4d 4d 4d 4d 4d 4e 4e 4e 4e 4e 4e 4e,1
C2/m | 2a 4g 4i 4i 4i 4i 8j 8j 8j 8j,1
P-1 | 1a 1c 2i,1
Fdd2 | 8a 16b 16b 16b 16b 16b 16b 16b 16b 16b 16b 16b 16b 16b 16b,1
C2 | 2a 2a 4c 4c 4c,1
I4/m | 2a 2b 4d 8h 8h 16i,1
Amm2 | 2a 2b 2b 2b,1
P6_3/mmc | 2a 2b 2c 4e 4f 4f 4f,1
C2/m | 2a 2b 4h,1
Immm | 2a 2d 4g,1
Pbcm | 4d 4d 4d 4d 4d 4d 4d 4d 8e 8e,1
I-4m2 | 2a 2d 4f,1
Pmn2_1 | 2a 2a 2a 2a 2a 2a 2a 2a 2a 2a 2a 2a 4b 4b 4b 4b 4b 4b 4b 4b 4b,1
P4mm | 1a 1a 1a 1b 2c,1
Pnnm | 2a 4g 4g 4g 4g 4g 4g 4g 4g 4g,1
Pm-3m | 1a 3c 3d 6f 8g 12h,1
I4_1/acd | 16f,1
C2/m | 4i 4i 4i 4i 4i 4i 4i 8j 8j 8j 8j,1
P6_3/m | 2b 2c 6h 6h 6h 6h 6h 6h,1
Ama2 | 4a 4b 4b 4b,1
P-6m2 | 1a 1b 1c 1d,1
P4_2/ncm | 4a 4b 4c 4e 4e 8i 8i,1
Cm | 2a 2a 4b 4b 4b 4b,1
I-4m2 | 2a 2c 8i,1
Pnnm | 4e 4g 4g 4g 4g 4g 8h,1
Cmcm | 4a 4b 4c 4c 8d 8f,1
Pbam | 4g 4g 4g 4g 4g 4g 4g 4g 4h 4h 4h,1
Pbam | 4e 4g 4h,1
Fm-3m | 4a 4b 8c 24e 32f 48h,1
Pa-3 | 4a 4b 8c 24d 24d,1
P4/mnc | 2a 8h 8h,1
I-42d | 4a 8d 8d,1
P3m1 | 1a 1b 1b 1c 1c,1
P2_13 | 4a 4a 4a 4a 4a 12b 12b,1
I4/mcm | 4c 8e 16k,1
C2/m | 2a 4e 4i 4i 4i,1
Pnnm | 4g 4g 4g,1
P4/mmm | 1a 1c 1d,1
Cmcm | 4a 4b 4c 4c 8d 8f 8g,1
P2_1/m | 2a 2b 2c 2d 2e 2e 4f,1
P4mm | 1a 1a 1a 1a 1a 1b 1b 1b 1b 1b,1
Amm2 | 2a 2a 2b 4c 4c 4c 4e,1
P2 | 1a 1a 1b 1c 1d 2e 2e,1
Cmmm | 2a 4e,1
P2_1/m | 2a 2b 2c 2d 2e 2e 2e 2e 2e 2e 2e 2e 4f 4f 4f 4f,1
P-1 | 1a 1f 2i 2i 2i 2i 2i 2i 2i 2i 2i 2i 2i 2i 2i 2i 2i 2i 2i 2i 2i 2i 2i,1
P-31m | 2c 2e 3g 6k,1
P4/mmm | 1a 2e 2g 2h 4i 4j 8r,1
P4mm | 1a 1b 2c 4d,1
P-3m1 | 2d,1
C2/m | 2a 2b 2c 4e 4i 4i 4i 4i 4i 4i 8j 8j,1
Cmmm | 2a 4j 4j,1
Pm-3n | 2a 6c 24k,1
P4_2/mnm | 4f 4g 4g 8i 8i,1
Cmc2_1 | 4a 4a 4a 4a 4a 4a 4a 4a 4a 4a 4a,1
R3c | 18b 18b 18b 18b 18b 18b,1
Pbam | 4g 4h,1
Cmce | 8e 8f 8f 8f 8f 8f 16g,1
I4_1/acd | 8a 16e 16f 32g 32g,1
P2_1 | 2a 2a 2a 2a 2a 2a 2a 2a 2a 2a 2a 2a 2a 2a 2a 2a 2a 2a 2a 2a 2a 2a 2a 2a,1
P6_3/mmc | 4e 4f 4f,1
I4/mmm | 2a 4e 8g,1
Pm | 1a 1a 1a 1a 1a 1b 1b 1b 1b,1
P4mm | 1a 4d 4d 4d 4e 4e,1
I4_1/amd | 8c 8e 16h 16h 16h 16h,1
P-1 | 1a 1g 2i 2i 2i 2i 2i 2i 2i 2i 2i 2i 2i 2i 2i 2i 2i 2i,1
Pca2_1 | 4a 4a 4a 4a 4a 4a,1
Pmma | 2a 2d 2e 2e 2e 2e 2f 4i 4i 4i 4i 4j 4j 4j 4j 4j 4j,1
Pmmm | 1a 1c 2q 2q 2r 2r 2s 2s 2s 2t 2t 2t 2t 2t,1
R32 | 6c 6c 9d 9e 18f,1
P-31c | 2a 2b 2c 4f 4f 12i,1
P2_13 | 4a 4a 4a 12b 12b,1
Fm-3c | 8a 8b 48f 96i,1
I4/mcm | 4b 4c 8f 8h 16l,1
P-6 | 1a 1b 1e 1f 2h 3j 3j 3k 6l 6l,1
C2/m | 2a 2d 4h 4i 4i 4i,1
C2/m | 4g 4i 4i 4i 4i 4i 4i 8j 8j 8j,1
I422 | 4c 4d 4e 16k 16k,1
Cmmm | 2a 2b 2c 4i 4j 8p,1
Fmm2 | 4a 4a,1
I4/mcm | 4a 4d 8g 8h 16k 16k 16k 16l 32m,1
I4/mmm | 2a 4d 4e 4e 4e 4e 8g,1
Cmmm | 2a 2d 4i 4j 8m 8o,1
P-1 | 1a 1b 1d 2i 2i 2i 2i 2i 2i 2i 2i 2i 2i 2i 2i 2i 2i 2i 2i 2i 2i 2i 2i,1
Cmm2 | 2a 2a 2a 2b 2b 2b 4c 4d 4d 4e 4e 4e 4e 4e 4e 8f 8f,1
Pm-3m | 1a 3c 8g 12i 12j,1
I4_1md | 4a 4a 8b 8b,1
I432 | 24h 24i 24i,1
R-3m | 3a 6c 6c 18h,1
C2/m | 4i 4i 4i 4i 4i 4i 4i 4i 4i 4i 4i 4i 4i 4i,1
P2_1/m | 2e 2e 2e 2e 2e 2e 4f 4f 4f 4f 4f 4f 4f 4f 4f 4f,1
Cmc2_1 | 4a 4a 4a 4a 4a 4a 4a 8b 8b 8b 8b 8b 8b 8b 8b 8b 8b,1
Pmmn | 2a 2a 2a 2b 4e 4e 4e 4e 4e,1
I4/mmm | 2a 4d 8h 16n,1
P-3 | 1a 2c 2d 2d 6g 6g 6g,1
I-4 | 2a 2c 2d 8g,1
C2/m | 2a 4i 4i 4i 4i 4i 8j 8j 8j 8j 8j 8j,1
Cmce | 8d 8f 8f 8f 16g 16g 16g 16g 16g,1
P-1 | 1a 1c 1g 1h 2i 2i 2i 2i 2i 2i 2i 2i 2i 2i 2i 2i 2i 2i 2i 2i,1
C2/m | 2a 4g 4i 8j,1
P2/c | 2e 4g,1
I4/mmm | 2a 4c 4e 4e 4e 4e 4e 4e 4e 4e 8g 8g,1
P-1 | 1a 1e 1h 2i 2i 2i 2i 2i 2i 2i 2i 2i 2i 2i,1
Pmc2_1 | 2a 2a 2a 2a 2a 2a 2a 2a 2a 2a 2a 2a 2a 2a 2a 2b 2b 2b 2b 2b 2b 2b 2b 2b 2b 2b 2b 2b 2b 2b 2b,1
Cmcm | 4c 4c 8e 8f 8g,1
R-3c | 12c 18e 36f 36f,1
Cm | 2a 2a 2a 2a 2a 2a 2a 2a 2a 2a 2a 2a 2a 2a 2a 2a 2a 2a 2a 2a 2a 2a 2a 2a 2a 2a 2a 2a 2a 2a 2a 2a 4b 4b 4b 4b 4b 4b 4b 4b 4b 4b 4b 4b,1
Fddd | 16g,1
R3m | 3a 3a 3a 3a 3a 3a 3a 3a 3a 9b 9b 9b 9b 9b 9b,1
I4/m | 2a 2b 8h 8h,1
Pmc2_1 | 2a 2a 2a 2a 2b 2b 2b 2b 4c 4c 4c,1
Pmmm | 1a 1c 1f 2r 2s 2s 2t,1
Amm2 | 2a 4c 4c 4d 4e,1
P4/mcc | 2a 2c 16n 16n,1
R-3c | 6a 6b 18e 18e,1
C2/c | 8f 8f 8f 8f 8f 8f 8f 8f 8f 8f,1
I4_1/amd | 16f 16g 16h 16h 16h 32i,1
P-6m2 | 1a 1e 3j 3k 3k,1
P-1 | 1a 1b 1d 1e 2i 2i 2i 2i,1
R3c | 6a 6a 18b 18b,1
P4/mmm | 1a 1d 2f 2g 2g 2h 2h 4i 4i,1
P31m | 1a 3c 3c,1
C2/m | 4i 4i 4i 4i 8j,1
Immm | 4g 4i 8l,1
I4/m | 8h 8h 8h,1
P4/mmm | 1a 2h,1
Fddd | 16e 16g 32h,1
C2/m | 4g 4i 4i 4i 4i 4i 4i 8j 8j 8j 8j 8j 8j 8j 8j 8j 8j,1
P-3 | 1a 2d 2d 2d 6g,1
C2/c | 8f 8f 8f 8f 8f 8f 8f 8f 8f 8f 8f 8f 8f,1
Cmmm | 2a 2c 2d 4i 4j 8q,1
C2/m | 4g 4h 4i 4i 4i 4i 4i 4i 4i 8j 8j 8j,1
P6_3/mmc | 4e 4f 4f 4f,1
R3m | 3a 3a 3a 3a 3a 3a 3a 3a 3a 3a 3a 3a 3a 3a 3a 3a 3a 3a 3a 3a 3a 3a 3a 3a 3a 3a 3a 3a 3a 3a 3a 3a 3a 3a 3a 3a 3a 3a 3a 3a 3a 3a 3a 3a 3a 3a 3a 3a,1
C2 | 2a 2b 4c 4c 4c 4c 4c 4c 4c 4c 4c 4c 4c 4c 4c 4c 4c 4c 4c 4c 4c 4c 4c 4c 4c 4c,1
P42_12 | 2c 2c 4d 4e 4f 8g 8g 8g 8g,1
Cmmm | 2a 2c 4i 4i 4i 4i 4j 4j 4j,1
Pmmn | 2a 2a 2a 2a 2b 2b 4e,1
P-42_1m | 2a 4e 4e 4e 8f 8f,1
P2/m | 1a 1b 1c 1d 1e 1f 1g 1h 2m 2m 2n 2n 4o 4o 4o 4o,1
P4/mmm | 1a 1c 1d 2g,1
R-3c | 6a 6b 18e 36f 36f 36f 36f,1
Immm | 2a 4g 4h 4i 4i 4i 4j 8l 8l 8l 8l 8l,1
C2/m | 2a 2d 4i 4i 4i 4i 4i 4i 4i 4i 4i 4i 4i 4i 4i 4i 4i,1
P4/mbm | 2a 4h,1
P3_121 | 3a 3b 6c 6c,1
Fmmm | 8h,1
Pnnm | 2a 4g 4g 4g,1
P4_32_12 | 8b 8b 8b,1
Cmce | 8d 8f 16g 16g,1
P312 | 1a 1c 2g 2i 6l 6l 6l,1
Cmcm | 4c 4c 4c 4c 8f 8f 8f 8f 8f 8f 8f 8f 8f 8f 8f,1
Cmc2_1 | 4a 4a 4a 4a 4a 4a 4a 4a 4a 4a 4a 4a 8b 8b 8b 8b 8b 8b 8b 8b,1
C2 | 2a 2a 2b 2b 4c 4c 4c 4c 4c 4c 4c 4c 4c 4c,1
Pnc2 | 2a 2a 2b 2b 4c 4c 4c 4c 4c 4c,1
P-1 | 1a 1b 2i 2i 2i 2i 2i 2i 2i 2i 2i 2i 2i 2i 2i 2i 2i 2i 2i 2i,1
Cmmm | 2a 2c 4i 4i 4j 4j,1
P3_112 | 3a 3b 3b 3b 6c 6c,1
R-3m | 3a 6c 6c 6c 6c 6c 6c 6c 6c 6c 6c 6c 6c 6c 6c 6c 6c 6c 6c,1
Cm | 2a 2a 2a 2a 4b 4b 4b 4b 4b 4b 4b 4b 4b 4b 4b,1
P4/mmm | 1a 1c 2g 2g 4i,1
I-4m2 | 4e 4e 4e 4e 4f 4f 4f 4f 4f 4f,1
Fmmm | 8f 8g 8h 8i 8i 8i 16k 16m 16o,1
Amm2 | 2a 2a 2b 4c 4c 4c 8f,1
Pnma | 4a 4c 4c 4c 4c 8d 8d 8d 8d,1
Cmcm | 4c 4c 4c 4c 8e,1
P31c | 2b 2b 6c 6c 6c 6c 6c 6c 6c 6c 6c 6c,1
P2_1/m | 2a 2e 2e 2e 2e 2e 2e 2e 4f 4f,1
I4_1/a | 4a 4b 8e 16f 16f 16f 16f,1
P4/nmm | 2a 2b 2c 2c 8j,1
P1 | 1a 1a 1a 1a 1a 1a 1a 1a 1a 1a 1a 1a 1a 1a 1a 1a 1a 1a 1a 1a 1a 1a 1a 1a 1a 1a 1a 1a 1a 1a 1a 1a 1a 1a 1a 1a 1a 1a 1a 1a 1a 1a 1a 1a 1a,1
P4mm | 1a 1a 1a 1b 1b 1b 2c 2c 2c 2c 4d 4d 4e 4e 4f 4f,1
P4/mmm | 1a 1b 1d 2e 2f 4j 4m 4o,1
C2/c | 4c 4d 4e 8f 8f 8f 8f 8f 8f,1
Ibam | 8j 8j 8j 16k 16k,1
P2_12_12 | 2a 2a 2b 4c 4c 4c 4c 4c 4c,1
P4_2/mbc | 8g 8h 8h,1
C222_1 | 4a 4b 8c 8c 8c,1
C2/c | 4c 4e 8f 8f 8f 8f 8f 8f 8f 8f 8f 8f 8f 8f 8f 8f 8f,1
C2 | 2a 4c 4c 4c 4c 4c 4c 4c 4c 4c 4c 4c 4c 4c 4c 4c 4c 4c 4c 4c 4c 4c 4c 4c 4c 4c,1
P6/mmm | 1a 1b 2c,1
Cmmm | 2a 2c 4h 4i,1
P2/c | 2e 2e 2f 2f 4g 4g 4g,1
Cm | 2a 2a 2a 2a 2a 2a 2a 2a 2a 2a 2a 2a 2a 2a 2a 2a 2a 2a 2a 2a 2a 2a 2a,1
Pm | 1a 1a 1a 1a 1b 2c 2c 2c,1
P-6m2 | 1a 1d 2g 2h 2h 2i 2i,1
C2/m | 2a 4f 4i 4i 4i 4i 4i 4i 8j 8j 8j,1
P-62m | 1a 2c 2e 3g 4h,1
C2/m | 4i 4i 4i 4i 4i 8j 8j 8j 8j 8j 8j 8j 8j 8j 8j 8j,1
P4/mmm | 2g 2h 2h,1
I4/mmm | 2a 2b 4d 4e 4e,1
P321 | 1a 2c 2d 2d 2d 3e 3f 3f 6g 6g 6g 6g 6g,1
Cmme | 4a 4d 4e 4g,1
Imm2 | 4d 4d 4d 4d,1
P312 | 1a 1b 6l 6l 6l 6l,1
P-4n2 | 4f 4h 8i 8i,1
I-4 | 2a 2c 2d 8g 8g,1
Pcca | 4c 4c 4d 4d 4e 8f,1
P-6m2 | 1a 1e 2g 2h 2i 3k,1
Pm | 1a 1a 1a 1a 1a 1a 1a 1b 1b 1b 1b 1b,1
Ibam | 4a 4b 8j 8j 8j 16k,1
I2_13 | 8a 8a 12b 12b 24c,1
I4/mcm | 4a 4b 4c 8h 16j 16k 16l,1
I4_1/amd | 16h 16h 16h 32i,1
P321 | 1a 2c 2d 2d 2d 3e 3f 6g 6g 6g 6g,1
P4/n | 2a 8g 8g 8g,1
P-1 | 1a 1c 1g 2i 2i 2i 2i 2i 2i,1
P4/mmm | 1a 1b 1c 2e 2g 4l,1
C2 | 2a 2a 4c 4c 4c 4c 4c 4c 4c 4c,1
R-3 | 18f 18f 18f 18f 18f 18f 18f 18f 18f,1
Fdd2 | 8a 8a 16b 16b 16b 16b 16b,1
P-62c | 2a 4f 6g 6h 6h 6h 6h 6h 12i,1
I4mm | 2a 2a 2a 2a 2a 2a 2a 2a 2a 2a 2a 2a 2a 2a 2a 2a 2a 2a 2a 2a 2a 2a 2a 4b 4b 4b,1
Pnma | 4a 4b 4c 4c 4c 8d,1
I4/mcm | 4c 4d 8e 8h 16j 16k,1
P-4n2 | 2a 4f 4h 8i 8i,1
I4/m | 2a 4d 4e 8g 8h 8h 16i 16i 16i 16i,1
P-3m1 | 1a 2d 2d 2d 6i 6i,1
I4/mcm | 4a 4d 8f 16k 16l 16l 16l,1
P1 | 1a 1a 1a 1a 1a 1a 1a 1a 1a 1a 1a 1a 1a 1a 1a 1a 1a 1a 1a 1a 1a 1a 1a 1a 1a 1a 1a 1a 1a 1a 1a 1a 1a 1a 1a,1
P-4n2 | 2a 2c 4e 4f 4h 8i 8i,1
R-3c | 12c 12c 18e 36f 36f,1
Cc | 4a 4a 4a,1
P3_1 | 3a 3a,1
R3m | 3a 3a 3a 3a 3a,1
Imm2 | 2a 2b 4c 4d 4d 8e 8e,1
P4/mmm | 1a 1b 1c 2e,1
R32 | 3a 3b 6c 6c 9d,1
P6/mmm | 1a 1b 4h 6i,1
P2_12_12 | 2a 2a 2b 2b 4c 4c 4c 4c 4c 4c 4c 4c 4c 4c 4c 4c 4c,1
P4/mmm | 1a 1c 1d 2g 2g 4i,1
P-1 | 1a 1b 1d 1e 1f 1g 2i 2i 2i 2i,1
C2/m | 2a 4i 8j,1
I4 | 2a 2a 8c,1
I4/mmm | 4c 4d 4e 4e 4e 4e 4e 8g,1
C2/c | 4e 4e 4e 4e 8f,1
C2/m | 2a 4i 4i 4i 4i 4i 4i 4i 4i 8j 8j 8j,1
Pmma | 2a 2d 2e 2e 2e 2e 2e 2f 2f 2f 2f 2f 2f 4i 4j,1
Pmm2 | 1a 1b 1c,1
C2/m | 4g 4h 4i 4i 4i 4i 4i 8j 8j 8j 8j,1
Im-3m | 2a 6b 8c 12e,1
P2_1/c | 2a 2c 4e 4e 4e 4e 4e 4e,1
P2_1/c | 2a 2b 2c 2d 4e 4e 4e 4e 4e 4e 4e,1
C2/c | 4e 4e 4e 8f 8f 8f 8f 8f 8f 8f 8f 8f 8f 8f 8f,1
P-3m1 | 1a 2d 2d 6i,1
Cmcm | 4c 8f 8f 8f 8f 8f 8f 8f,1
Fd-3 | 8a 16d 32e 32e 48f 96g,1
P4_2/m | 2c 4j 4j 4j 8k,1
C2/m | 2a 2c 4e 4f 4i 4i 8j,1
P-3m1 | 1a 2d 2d 3f 6i,1
Ama2 | 4a 4b 4b,1
P4/mmm | 1a,1
C2/m | 4i 4i 4i 4i 4i 4i 4i 4i 8j 8j 8j 8j,1
C222 | 2a 2c 4e 4h 4j 4k 8l 8l 8l 8l 8l 8l,1
I4_1cd | 8a 16b 16b 16b 16b 16b 16b,1
P6_3/mcm | 2a 2b 4d 12k 12k,1
Immm | 2a 2c 4j 8l,1
C2/c | 4c 4e 4e 4e 8f 8f 8f 8f 8f 8f,1
P4_2/mnm | 2a 2b 4d 4f 8i 8j,1
R3 | 3a 3a 9b 9b 9b 9b 9b 9b 9b 9b,1
I2_13 | 8a,1
P-6m2 | 2g 2g 2h 2i,1
P-1 | 1a 1b 1d 1f 2i 2i 2i 2i 2i 2i 2i 2i 2i 2i 2i 2i,1
Immm | 2a 2c 4i 4j 8n,1
Aem2 | 4c 4c,1
P-6m2 | 1a 1d 3j 3j 3k 3k,1
I4/m | 8h 8h 8h 8h 8h 16i,1
R-3 | 18f 18f 18f 18f 18f 18f,1
P4_2/mbc | 4b 4d 8h 8h,1
P-4c2 | 2a 2c 4e 4h 4i 4i 8j 8j 8j,1
C2/m | 2a 4g 4g 4g 4i 4i 4i 8j 8j 8j 8j 8j 8j 8j 8j,1
Cmmm | 2a 2b 4e 4h 4i 4i 4j 4j 4j 8m 8o,1
Pm | 1a 1a 1a 1b 1b 1b 2c 2c 2c 2c,1
Immm | 2a 2d 4i 4i 4i 4j 4j,1
Cmmm | 2a 4g 4h 4j 8p,1
P2/c | 2e 4g 4g 4g 4g 4g 4g 4g,1
I4/mmm | 2a 2b 4d 4e 4e 8g 16m 16m,1
P-3m1 | 1a 2d 2d 2d 6i,1
I4_1/amd | 4a 16f 16f 16h 16h 16h 32i,1
I-42m | 4c 8i 8i 8i 16j,1
Fd-3m | 16c 32e 32e 48f,1
I4_1/acd | 8a 16d 16e 32g,1
Immm | 2a 2c 4g 4i 4j 8l,1
P-1 | 1a 1c 1f 1h 2i 2i 2i 2i 2i 2i 2i 2i 2i 2i 2i 2i,1
C2/m | 2a 2d 4i 4i 4i 4i 4i 4i 4i 4i 4i 4i,1
Immm | 2a 2b 4i,1
P4_2/mnm | 4f 4g 8i 8i,1
P-31m | 6i 6i 6j 6k 12l,1
Imm2 | 2a 2b 4c 4d 4d 4d 4d 4d 8e,1
Cmm2 | 2a 2a 2b 2b 4c 4c 4d 4d 4d 4d 4e 4e 4e 4e 8f 8f 8f 8f,1
Pnma | 4a 4c 4c,1
Cmce | 8f 8f 8f 8f,1
C2/c | 4a 4e 4e 4e 8f 8f 8f 8f 8f 8f 8f,1
I-4 | 2a 2b 2c 8g 8g 8g,1
Pnma | 4c 4c 4c 4c 4c 4c 4c 4c 4c 4c 4c 4c 4c 4c 4c,1
Pbam | 4e 4f 4g 4g 4g 4h 4h 4h 8i 8i 8i,1
Im-3m | 12d 12e 16f,1
Pa-3 | 8c 8c,1
Cm | 2a 2a 2a 2a 2a 2a 2a 2a 2a 4b 4b 4b 4b 4b 4b 4b 4b 4b 4b 4b 4b 4b 4b 4b 4b,1
Cmcm | 4c 4c 4c 4c 4c 4c 4c 4c 4c 4c 8g 8g 8g 8g 8g,1
R3m | 3a 3a 3a 3a 3a 9b 9b 9b 9b 9b 9b 9b,1
P2_1/m | 2e 2e 2e 2e 2e 2e 2e 2e 4f 4f,1
Pma2 | 2a 2a 2a 2a 2b 2b 2b 2b 2c 2c 2c 2c 2c 2c 2c 2c 4d 4d,1
C2/m | 4e 4h 4i 8j,1
P4/mmm | 1a 1b 1c 2e 2g 2g 2g 2g 2g 2g 2g 2g 2h 2h 2h 2h 2h 2h 2h 2h 2h 4i 4i 4i 4i,1
P-3m1 | 1a 1b 2c 2c 2d 2d 2d 2d 2d 2d 2d 2d 6i 6i 6i 6i 6i,1
P31m | 2b 3c 3c 3c 3c 6d,1
Ccc2 | 4c 8d 8d,1
P-1 | 1a 1b 1c 1g 2i 2i 2i 2i 2i 2i 2i 2i 2i 2i 2i 2i 2i 2i 2i 2i 2i 2i 2i 2i,1
Imma | 4a 4e 4e 8g 8g 8h 8i 16j 16j,1
Fddd | 8a 16c 16f 32h 32h 32h,1
Amm2 | 2a 2a 2a 2b 4d 4d 4d 4d 4d 4e 4e 4e 4e 4e,1
P4/mbm | 2a 2d 4h 4h 4h 8i 8i 8j,1
I-4 | 2a 2d 8g,1
F-43c | 8a 8b 24c 24d 32e 96h,1
Pbcm | 4c 4c 4d 4d 4d 4d 8e,1
I-43d | 16c 16c 24d 48e,1
Pm-3 | 1a 1b 3d 6f,1
I-4m2 | 2a 4f,1
P4_2 | 2c 4d 4d 4d 4d 4d,1
Pmmm | 2q 2q 2r,1
I4_132 | 8b 24g 24h,1
P2_1 | 2a 2a 2a 2a 2a 2a 2a 2a 2a 2a 2a 2a 2a 2a 2a 2a 2a 2a 2a 2a 2a 2a 2a 2a 2a 2a 2a 2a 2a 2a 2a 2a,1
P-3c1 | 4d 4d 6f 12g,1
P4_2/mcm | 2a 2d 8o 8o,1
Fd-3m | 8a 8b 32e 96g,1
Cmm2 | 2a 2a 2b 4c 4e 4e 4e 4e 4e 8f 8f,1
P6_3/mmc | 2a 2c 2d 4e 4f 4f 4f 12k 12k 12k,1
Fmmm | 4a 16n,1
Amm2 | 2a 2a 2b 4d 4d 4d 4e,1
Aea2 | 4a 8b 8b 8b 8b,1
R-3m | 3a 6c 6c 6c 18f,1
P-6 | 1a 1d 1e 3j 3k,1
P4/mmm | 1a 1b 2f 2g 2h,1
Pmna | 4e 4g 4h 4h 4h 4h 4h 4h 8i 8i 8i,1
R-3m | 3a 3b 6c 6c 6c 6c 6c 18h 18h,1
R3 | 3a 3a 3a 3a 3a 9b 9b 9b 9b 9b,1
C2/m | 2a,1
C2 | 2a 2a 2a 2a 2b 2b 4c 4c 4c 4c 4c 4c 4c 4c 4c 4c 4c 4c 4c 4c 4c 4c 4c 4c 4c 4c 4c 4c 4c 4c 4c 4c,1
Amm2 | 2a 2a 2a 2a 2b 2b 4d 4d 4d 4e,1
Cc | 4a 4a 4a 4a 4a 4a 4a 4a 4a 4a 4a 4a 4a 4a,1
C2 | 2a 2a 2b 2b 4c 4c 4c 4c,1
P2_12_12 | 2a 2a 2b 2b 4c 4c 4c 4c 4c 4c 4c 4c 4c 4c 4c 4c 4c 4c,1
P-43m | 1a 1b 4e,1
P2_1/m | 2a 2c 2e 2e 2e,1
P2_1/m | 2e 2e 2e 2e 2e 2e 2e 2e 2e 2e 4f 4f 4f,1
Cmc2_1 | 4a 4a 4a 4a 4a 4a 4a 8b 8b 8b 8b,1
C2 | 2a 2b 4c 4c 4c 4c 4c 4c 4c 4c 4c 4c 4c 4c 4c 4c 4c 4c 4c 4c 4c 4c 4c 4c 4c 4c 4c 4c 4c,1
Immm | 4i 8l,1
Cmce | 8c 8f 8f 8f 8f,1
P31m | 1a 2b 3c 3c 3c 3c 3c 3c 6d 6d,1
Immm | 2a 8l,1
Pm-3m | 1a 6e 6f 8g 12h,1
P2_1/m | 2a 2c 2e 2e 2e 2e 4f 4f 4f,1
Pm-3m | 1a 3d 8g 24m 24m,1
C2/c | 4a 4b 4e 8f 8f 8f 8f 8f 8f 8f 8f 8f 8f 8f 8f,1
Cmcm | 8g 8g 8g 8g,1
P4/mmm | 1a 1b 1c 2f 4k 4l 4n,1
P2 | 1a 1a 1b 1b 1c 1c 1d 1d 2e 2e 2e 2e 2e 2e 2e 2e 2e 2e 2e 2e 2e 2e 2e 2e 2e 2e 2e 2e 2e 2e 2e 2e,1
Fmmm | 8e 8f 8g 8i 32p,1
P6_3mc | 2a 2b 2b 6c 6c,1
P6_3/mmc | 2a 2c 2d 4f 6g,1
I4/mmm | 4d 4e 8h 8i 8j,1
C2/m | 2a 2c 4i 4i 4i 4i 4i 4i 4i 4i 4i 4i,1
P-1 | 1a 1f 2i 2i 2i 2i,1
C2/m | 2a 2c 4g 4i 4i 4i 4i 4i 4i 8j 8j 8j 8j 8j,1
P-1 | 1a 1b 1c 1d 2i 2i 2i 2i 2i,1
I4mm | 2a 2a 2a 2a 2a 2a 2a 2a 2a 2a 2a 2a 2a 2a 2a 4b 4b 4b 4b,1
C2/c | 4e 4e 4e 4e 4e,1
P-6m2 | 1a 1c 1f 2g 2g 2h 2h 2i 2i,1
Cmme | 4a 4b 4g 4g,1
C2/m | 4i 4i 4i 8j 8j 8j,1
Cmme | 4g,1
P2/m | 1a 1c 1d 1g 2n 2n,1
P3_121 | 3a 3b 6c 6c 6c 6c 6c 6c 6c,1
C2/m | 2a 4i 4i 4i 4i 8j,1
P-6 | 1a 3j 3j 3j 3j 3j 3j 3j 3j 3j 3k 3k 3k 3k 3k 3k 3k 3k 3k,1
P6_3/mmc | 2a 2c 4f 4f,1
Cmmm | 2a 4i 4l 8n,1
P3m1 | 1a 1a 1a 1a 1a 1b 1b 1b 1b 1b 1c 1c 1c 1c 1c,1
Cmcm | 4a 4c 8f 8f 8g,1
P2/m | 1a 2m 2n 2n 2n,1
P1 | 1a 1a 1a 1a 1a 1a 1a 1a 1a 1a 1a 1a 1a 1a 1a 1a 1a 1a 1a 1a 1a 1a 1a 1a 1a 1a 1a 1a 1a 1a 1a 1a 1a 1a 1a 1a 1a 1a 1a 1a 1a 1a 1a 1a 1a 1a 1a 1a 1a 1a 1a 1a 1a 1a 1a 1a 1a 1a 1a,1
Fmm2 | 4a 4a 4a 8b 8c 8d,1
Pmma | 2a 2d 2e 2f 2f,1
P-6m2 | 1a 1c 1f 3j 3j 3j 3k 3k 3k,1
Pmmm | 1a 1c 1e 2t,1
Pmma | 2a 2c 2e 2f 2f,1
Pm-3m | 1a 3d,1
Pbam | 4e 4f 4g 4g 4g 4g 4h 4h 4h 4h 8i 8i,1
I-4m2 | 2a 2d,1
P2/m | 1a 1c 1d 1h 2m 2n,1
P4/n | 2a 2c 2c 2c 8g 8g,1
P4_2/nmc | 2a 2b 4d 8f 8g,1
Pmm2 | 1a 1a 1a 1b 1b 1b 2h 2h 2h,1
Cmmm | 2a 2b 4j 4k 4l 8m,1
P2_1/m | 2a 2e 2e 2e 2e 2e 2e 2e,1
P2/m | 1a 1g 1h 2i 2j 2k,1
P4_2/mmc | 8o 8o,1
Fmmm | 4a 8i 8i 8i 8i 16j 16m,1
C2/m | 2a 2b 4i 4i 4i 4i 4i 4i 4i 4i 4i 8j 8j 8j,1
Immm | 2a 2b 4i 8l,1
Immm | 2a 2d 4i 4j,1
R-3m | 6c 18f,1
P-31c | 2b 2c 4f 12i,1
Cmmm | 4k 8n,1
C2 | 2a 2b 4c 4c 4c 4c 4c 4c 4c 4c 4c,1
P4_2/mnm | 4f 4g 4g 8i,1
I2_13 | 8a 8a 12b 12b,1
R-3c | 12c 36f 36f 36f 36f,1
P-1 | 2i 2i 2i 2i 2i 2i 2i 2i 2i 2i 2i 2i 2i 2i 2i 2i 2i 2i 2i 2i 2i 2i 2i,1
Imma | 8h 8h 8h 8i 16j 16j,1
Cmmm | 2a 2b 4e 4h 4i 4j 8p 8q,1
Fddd | 8a 16d 16e,1
C2/m | 2a 2d 4i 4i 4i 4i 4i 4i 4i 4i,1
P4/nbm | 2a 2c 2d 4g 8m,1
P2_1 | 2a 2a 2a,1
Cmme | 4a 4g 8m 16o,1
Cmce | 4a 8d 8e 16g,1
P2/m | 1a 2m,1
C2/m | 4i 4i 8j 8j,1
P-42_1m | 2c 4e 4e 4e 8f 8f,1
R-3m | 6c 18h,1
C2/m | 4g 4i 4i,1
Cmmm | 2a 2b 2c 4f,1
P6_3/mcm | 2b 4d 6g 12k,1
C2/m | 2a 2b 4e 4i 4i 4i 8j,1
Pm | 1a 1a 1a 1a 1a 1a 1a 1a 1a 1a 1a 1a 1b 1b 1b 1b 1b 1b 1b 1b 1b 1b 1b 1b 1b 1b,1
Cmc2_1 | 4a 8b,1
P6_3/m | 2b 2c 6h 6h 12i,1
P6_322 | 2b 2c 4f 6g,1
Pm-3m | 1a 3c 6e 6f 8g 12i 12j,1
I4mm | 2a 2a 2a 2a 2a 2a 2a 2a 2a,1
Pmma | 2e 2e 2f 2f 4i,1
Immm | 2a 4j 4j,1
Ibam | 4a 4b 8j,1
Ima2 | 4a 4a 4b 4b 4b 8c 8c 8c,1
P-1 | 1a 1a 2i 2i 2i 2i,1
P4/n | 2a 2c 2c 8g 8g 8g 8g 8g,1
P6_3mc | 2a 2b 2b 2b 6c,1
P-3 | 1a 1b 2d 2d 6g 6g 6g 6g 6g,1
P6_3/mcm | 2a 4c 6g 12i,1
P31m | 1a 1a 2b 2b 2b 3c 3c 3c 3c 3c 3c,1
P2_1/c | 2a 2b 4e 4e 4e 4e 4e,1
P6_3/mmc | 2a 2c 2d 4e 4f 4f 4f 4f,1
I4/mcm | 4c 4d 8h 16l 32m,1
Cmce | 8f 16g,1
Cmmm | 2a 4g 4j 8m,1
P-3m1 | 1a 2c 2d 2d 2d 2d 2d,1
I-4m2 | 2a 2c 4f,1
Pmma | 2a 2e 2e 2e 4i 4j 4j 4j,1
Pm-3 | 1a 3c 8i 12j 12k,1
Fddd | 16c 32h,1
Cmmm | 2a 2c 4f 4i 4k 4l 8m 8n,1
Amm2 | 2a 2a 2b 2b 4d 4d 4e 4e 8f,1
C2/m | 2a 2c 4h 4i 4i 4i 4i 4i 4i 8j 8j 8j 8j 8j,1
