cluster_i,cluster_k,epsilon
0,1,1.377936865005542e-30
0,2,5.975618805345015e-16
0,3,1.3761036109320947e-30
0,4,2.258715398071825e-31
0,5,3.8365244167057546e-16
0,6,8.301257050955838e-31
0,7,3.431246200913339e-16
0,8,5.315509362002902e-16
0,9,5.637241116649712e-31
0,10,1.5886180972366627e-30
0,11,2.1212752033809513e-30
0,12,2.0635468710800877e-30
0,13,1.3565696602265592e-30
0,14,5.551115123125789e-17
0,15,1.3336856274534348e-30
0,16,9.553322335805795e-31
0,17,3.0893666957248675e-16
0,18,4.0725127533928407e-16
0,19,5.097874342861588e-16
0,20,5.630639437032991e-31
0,21,1.4548909259143054e-30
0,22,1.719061819533549e-30
0,23,8.822351824098034e-31
0,24,3.011535138806507e-30
0,25,2.204912566966016e-30
0,26,2.6694786525825e-30
0,27,8.829146937114148e-31
0,28,1.2923199593772357e-30
0,29,2.2858348626116596e-30
0,30,2.652336508450706e-30
0,31,2.020710867159062e-16
0,32,7.668989002239818e-31
0,33,1.269052964861875e-30
0,34,1.091437579953762e-30
0,35,1.8954631007999904e-30
0,36,2.77010041016065e-30
0,37,1.1464934308770783e-16
0,38,2.1058142598414485e-16
0,39,8.374415987542829e-31
0,40,2.388160164273976e-30
0,41,3.41581985340192e-16
0,42,8.697731210811862e-16
0,43,5.918253213443757e-32
0,44,2.7117616378879095e-30
0,45,1.8262346192905696e-15
0,46,2.8625529523946863e-30
0,47,1.1211602407251434e-30
0,48,5.062066447408781e-16
0,49,2.145172500763833e-30
0,50,2.334833070316284e-30
0,51,2.0630986102165626e-30
0,52,1.1975538155227075e-30
0,53,1.1298507323540156e-30
0,54,1.3877787807814256e-17
0,55,2.5489712958190456e-30
0,56,1.820773105719134e-30
0,57,1.3099954808138958e-30
0,58,1.064211797368641e-30
0,59,2.6707206179093712e-30
0,60,2.1733468541863726e-30
0,61,1.9532294322334097e-30
0,62,2.3793315468906363e-30
0,63,2.38865265365127e-16
0,64,3.071979285004606e-16
0,65,8.963802527576331e-31
0,66,2.8605526951734668e-30
0,67,1.473899835493553e-30
0,68,3.018674774595225e-30
0,69,2.5476471829099996e-16
0,70,2.1567473157379237e-30
0,71,1.264113539093474e-30
0,72,2.891891352590047e-30
0,73,1.618867890208844e-15
0,74,1.967392672448643e-30
0,75,6.167774397133167e-16
0,76,1.7390953941996078e-30
0,77,1.406204234107827e-30
0,78,5.777228222619448e-16
0,79,6.5555273777119266e-31
0,80,2.3097242142629586e-16
0,81,2.281384169497441e-30
0,82,4.159838630802895e-30
0,83,5.078689989743042e-16
0,84,1.900976547868938e-30
0,85,1.2701021594285264e-30
0,86,6.300541277545344e-16
0,87,5.297727348543322e-16
0,88,1.5517214225979272e-30
0,89,1.069710217069111e-30
0,90,9.011729298378022e-31
0,91,1.6295999832221798e-30
0,92,1.2477980921612321e-30
0,93,1.3388989220295039e-30
0,94,7.850462293418878e-17
0,95,1.1722862680939058e-15
0,96,2.7514681481130378e-30
0,97,1.3168993910918078e-30
0,98,1.5734937078937733e-30
0,99,2.4037043360486505e-16
0,100,1.9627447795643844e-30
0,101,2.7097302099983474e-30
0,102,1.3480294093074162e-30
0,103,4.0469776707289285e-30
0,104,1.5781455544322238e-16
0,105,2.7358277940800207e-30
0,106,5.270122564371568e-31
0,107,8.419112394593412e-16
0,108,1.302803394633436e-30
0,109,2.111526007412458e-30
0,110,1.4675588656351196e-30
0,111,2.0275277227039483e-31
0,112,6.383147453583583e-16
0,113,7.522303159283645e-31
0,114,1.903768423448225e-30
0,115,3.021552578942059e-30
0,116,4.456754240480819e-16
0,117,2.2278316364898926e-30
0,118,2.7400817257878128e-30
0,119,2.213619363524333e-30
0,120,1.5906475439160816e-30
0,121,1.6475682238081944e-30
0,122,1.3895124214083877e-16
0,123,1.6871968595494665e-30
0,124,1.254878927944326e-30
0,125,3.0507654575381005e-30
0,126,2.7999346373823013e-30
0,127,1.6193453514104762e-30
0,128,3.0497685480283066e-30
0,129,6.717222487131422e-16
0,130,5.920602288738877e-32
0,131,1.030580037376202e-30
0,132,1.4244724814578443e-30
0,133,1.4703252574089396e-16
0,134,2.9717180849761386e-30
0,135,4.351252231988235e-16
0,136,1.7090151977012976e-15
0,137,7.087529031649888e-16
0,138,1.5748819872395639e-30
0,139,1.2425169318403376e-30
0,140,5.659823359586219e-31
0,141,2.1271284029809972e-30
0,142,3.5025952871758835e-16
0,143,3.506891145004495e-16
0,144,6.247822803236119e-16
0,145,2.8087058897771525e-30
0,146,7.318401537483606e-31
0,147,5.271438582787943e-31
0,148,5.2630127245706875e-31
0,149,1.3796444409229215e-30
1,2,1.5552213027125136e-30
1,3,7.00981953131579e-31
1,4,8.636997261612091e-32
1,5,8.748017754361892e-31
1,6,4.598989440096323e-31
1,7,6.266769671331646e-31
1,8,9.857218597327143e-31
1,9,2.3522926108257403e-31
1,10,6.983533036074589e-31
1,11,8.09195543288109e-31
1,12,7.5836535470298425e-31
1,13,5.4565102367583695e-31
1,14,1.1498062460787941e-30
1,15,3.1404682402071607e-31
1,16,4.499936749229203e-31
1,17,1.0196879360597034e-30
1,18,2.3318047449270374e-30
1,19,5.460685312023052e-31
1,20,2.2603817972426124e-31
1,21,6.300850253013802e-31
1,22,6.829810764098167e-31
1,23,3.3577140933850008e-31
1,24,1.1655986355338749e-30
1,25,1.000061527785256e-30
1,26,1.2794864232368765e-30
1,27,4.280296987899358e-31
1,28,3.1235466170654536e-31
1,29,9.345434036415156e-31
1,30,9.787192857383827e-31
1,31,7.1219839512819756e-31
1,32,3.481884443618366e-31
1,33,4.952072950319519e-31
1,34,3.4809870611139126e-31
1,35,6.300000232271797e-31
1,36,1.1108113749762056e-30
1,37,5.938886317356532e-31
1,38,1.2088325004396924e-30
1,39,4.877719368333703e-31
1,40,8.022341746864896e-31
1,41,9.447148316368498e-31
1,42,9.422515891267764e-31
1,43,3.5063916098300127e-32
1,44,1.0319227778859328e-30
1,45,7.328996257944192e-16
1,46,1.0964302521470415e-30
1,47,4.538877101460353e-31
1,48,8.397103126865939e-31
1,49,8.656789203436173e-31
1,50,9.251160338905629e-31
1,51,7.899837430421926e-31
1,52,5.9202653354966155e-31
1,53,4.695475659452405e-31
1,54,1.0285987457526805e-30
1,55,1.0157086957245144e-30
1,56,5.162850393050018e-31
1,57,6.499245662550269e-31
1,58,4.179773435858754e-31
1,59,9.241570472775772e-31
1,60,8.684024800894104e-31
1,61,7.7848982966870225e-31
1,62,8.987114540562086e-31
1,63,9.402678236935412e-31
1,64,1.4701589644975984e-30
1,65,4.638493731150834e-31
1,66,9.400736080299969e-31
1,67,5.776114432641113e-31
1,68,1.2185399652833926e-30
1,69,8.13073725278075e-31
1,70,9.535423120076216e-31
1,71,3.9350947220168003e-31
1,72,1.1421082412729834e-30
1,73,5.234361240755522e-31
1,74,8.172299377856706e-31
1,75,9.052154537169155e-31
1,76,6.28397534854827e-31
1,77,5.121872236582011e-31
1,78,3.3986628492567115e-30
1,79,3.6164887267932036e-31
1,80,4.1154117673457425e-31
1,81,1.0283104100911584e-30
1,82,1.6232663660114744e-30
1,83,5.50778030452905e-31
1,84,8.730321204296252e-31
1,85,3.976748619117353e-31
1,86,1.5013423250776543e-30
1,87,1.3273891275436195e-30
1,88,4.771095059909892e-31
1,89,4.973332197544475e-31
1,90,4.3164120728214514e-31
1,91,5.561897863731736e-31
1,92,3.8447804041203526e-31
1,93,5.041168664426358e-31
1,94,5.824748836058071e-31
1,95,1.0063579652238796e-30
1,96,1.1307029190349522e-30
1,97,5.355382344959654e-31
1,98,2.0253605274538735e-31
1,99,6.218654241632482e-31
1,100,7.343736959857866e-31
1,101,9.640755243325702e-31
1,102,7.912912950238776e-31
1,103,1.5989890135379507e-30
1,104,8.187372560025573e-31
1,105,1.1449970997426281e-30
1,106,3.0925745894214933e-31
1,107,3.5108334685766993e-16
1,108,5.241535502120644e-31
1,109,7.4783537844288075e-31
1,110,7.434742156374772e-31
1,111,8.136820392961257e-32
1,112,8.802812444505232e-31
1,113,3.480245867436377e-31
1,114,8.288686586862746e-31
1,115,9.409227938133408e-31
1,116,1.519762414783018e-30
1,117,7.452432994264033e-31
1,118,1.1160044474385495e-30
1,119,8.97007679234029e-31
1,120,7.525507464535023e-31
1,121,7.074097834279183e-31
1,122,1.1197191168710611e-30
1,123,6.8691879569551155e-31
1,124,6.332056051466089e-31
1,125,1.115024741448943e-30
1,126,1.1157576941403515e-30
1,127,4.6049185331237505e-31
1,128,1.3235388539760532e-30
1,129,5.7997302075945435e-31
1,130,3.5077833681087827e-32
1,131,3.1735950108680955e-31
1,132,5.727164133944584e-31
1,133,4.204276753840048e-31
1,134,1.1949035715840706e-30
1,135,1.9173393899675984e-30
1,136,3.29467171058511e-30
1,137,1.5459135346312163e-30
1,138,6.637217993740819e-31
1,139,4.092915136502454e-31
1,140,2.602023397831499e-31
1,141,7.053847113584736e-31
1,142,4.870600341776235e-31
1,143,2.295154661019721e-30
1,144,7.706725141624646e-31
1,145,1.2501787703020543e-30
1,146,3.2967305511506766e-31
1,147,2.1684378541980836e-31
1,148,2.910177745944407e-31
1,149,6.012294820584738e-31
2,3,2.28941084372476e-30
2,4,2.80087506243734e-31
2,5,2.0210452227862602e-30
2,6,9.291714689183536e-31
2,7,1.9920378544791374e-30
2,8,3.061911270068906e-30
2,9,7.049523874468274e-31
2,10,2.0169881816528254e-30
2,11,2.0867875445894928e-30
2,12,2.3868264235738335e-30
2,13,1.6485740828661136e-30
2,14,3.2744559500264166e-30
2,15,9.98991715884755e-31
2,16,1.0920717488142068e-30
2,17,2.8624492148427403e-30
2,18,7.944657413647705e-16
2,19,1.837131987380014e-30
2,20,6.21916466006083e-31
2,21,1.7529856855784647e-30
2,22,1.776617631930277e-30
2,23,7.350775692827661e-31
2,24,3.1201878590102233e-30
2,25,2.670627706437584e-30
2,26,2.345540168873659e-30
2,27,8.890055355330818e-31
2,28,8.74161773319763e-31
2,29,2.33839709218197e-30
2,30,3.1378406321394198e-30
2,31,1.551501541258456e-30
2,32,1.1052914241759617e-30
2,33,1.034751025640159e-30
2,34,8.219702340248554e-31
2,35,2.1734635239039885e-30
2,36,3.1361355185765917e-30
2,37,1.6028945089661702e-30
2,38,3.71069444167058e-30
2,39,1.178105084747336e-30
2,40,2.880173221976607e-30
2,41,2.0871006946573637e-30
2,42,5.555260648514059e-16
2,43,5.75199537507553e-32
2,44,2.9445400558055923e-30
2,45,2.1449855780453216e-15
2,46,3.1748565945729444e-30
2,47,1.2764911519348174e-30
2,48,1.842551160273853e-30
2,49,2.6706884548703713e-30
2,50,2.980735937144915e-30
2,51,2.254730081682564e-30
2,52,1.6837111110779985e-30
2,53,1.5371914261021802e-30
2,54,2.6463715547563414e-30
2,55,3.2254367273918395e-30
2,56,1.1241968256077444e-30
2,57,9.942724395943481e-31
2,58,9.933650499439025e-31
2,59,2.6866496700835384e-30
2,60,2.4294152750391824e-30
2,61,2.000387589394523e-30
2,62,2.51004371798798e-30
2,63,3.27498033685295e-30
2,64,3.9403554658360156e-30
2,65,1.3617294148180932e-30
2,66,1.630953827840715e-30
2,67,1.7093309963536977e-30
2,68,3.3186922440487516e-30
2,69,2.3991759567664153e-30
2,70,2.1131127389306685e-30
2,71,1.2544586271848478e-30
2,72,2.7450483732873165e-30
2,73,7.234857619179476e-16
2,74,2.358609448076374e-30
2,75,2.4456525067019696e-16
2,76,1.923601437116895e-30
2,77,1.455518666013366e-30
2,78,9.219071994827287e-16
2,79,9.793690897515073e-31
2,80,8.900640065289424e-31
2,81,2.9609034699552346e-30
2,82,4.988242130125479e-30
2,83,1.6901990926554213e-30
2,84,2.5796668112838032e-30
2,85,9.982303894082404e-31
2,86,4.2350158173479735e-30
2,87,4.119630338826068e-30
2,88,1.3017114212611645e-30
2,89,1.2408273018222488e-30
2,90,1.4489792035659905e-30
2,91,1.0531908694789462e-30
2,92,1.1553033716346486e-30
2,93,1.5460643259350328e-30
2,94,1.8707787217348173e-30
2,95,5.497185146386377e-16
2,96,1.8664579063273252e-30
2,97,1.4458957073301392e-30
2,98,8.187422712237916e-31
2,99,1.6766124058192412e-30
2,100,1.4505582981088923e-30
2,101,2.8687805398758357e-30
2,102,1.3453587840028889e-30
2,103,4.772613109599659e-30
2,104,2.527507155367885e-30
2,105,2.572192365677826e-30
2,106,8.901968829091107e-31
2,107,5.759281940243e-16
2,108,1.5758707328504815e-30
2,109,2.276960107295832e-30
2,110,1.926215725646001e-30
2,111,2.3814123762348176e-31
2,112,1.7827553901199e-30
2,113,8.872234905880142e-31
2,114,1.8289117132191318e-30
2,115,3.240449609531653e-30
2,116,4.344945319144829e-30
2,117,2.1088530518690706e-30
2,118,2.5360202759709857e-30
2,119,2.535883732582708e-30
2,120,1.5061182849061923e-30
2,121,2.1469225303206143e-30
2,122,1.8010106609115632e-30
2,123,1.9671193238641245e-30
2,124,1.6342516304091105e-30
2,125,3.1726768892865194e-30
2,126,3.0835838445560555e-30
2,127,1.5531675190692453e-30
2,128,3.9229150186508716e-30
2,129,1.5671854227281129e-30
2,130,5.754278459246811e-32
2,131,1.0376326980065859e-30
2,132,1.7408859091510094e-30
2,133,1.2185825012027307e-30
2,134,3.580201465137263e-30
2,135,5.6461906307048454e-30
2,136,5.725390856095542e-30
2,137,4.0312235938684474e-30
2,138,1.7260196783199547e-30
2,139,1.4511368126920267e-30
2,140,4.892526098561286e-31
2,141,1.281349006941558e-16
2,142,6.5303065619919e-16
2,143,6.602714795760258e-30
2,144,2.6497136181850925e-30
2,145,3.717655225682524e-30
2,146,7.6066767590896515e-31
2,147,5.108239753164071e-31
2,148,9.095624815242184e-31
2,149,1.8896795042330176e-30
3,4,4.8341807753646124e-31
3,5,2.608775069566867e-30
3,6,2.5138213867662667e-30
3,7,2.036119020365696e-30
3,8,2.9837644899901495e-30
3,9,5.114147332661993e-31
3,10,1.6964651722791307e-30
3,11,1.1290978911626933e-30
3,12,2.635176777579579e-30
3,13,1.0917308651117083e-30
3,14,1.944903758262192e-30
3,15,1.1663401363443013e-30
3,16,5.0815419659995185e-31
3,17,2.2248022148384307e-30
3,18,7.929535895998465e-30
3,19,2.6915336364241896e-30
3,20,2.0463043382750545e-31
3,21,1.2596855174689246e-30
3,22,1.5103851808436443e-30
3,23,8.455194361319459e-31
3,24,1.2303366718445075e-30
3,25,8.733773168342979e-31
3,26,4.161838993200167e-30
3,27,1.1732077701523408e-30
3,28,1.0871360838004515e-30
3,29,9.802891993097703e-31
3,30,2.4381011151920118e-30
3,31,2.556037014096282e-30
3,32,9.496584125349402e-31
3,33,1.6878800117616595e-30
3,34,8.443323392003001e-31
3,35,3.564014520414428e-30
3,36,1.1279947063588702e-30
3,37,1.976232412565329e-30
3,38,2.8269014291928485e-30
3,39,2.2952879570294767e-30
3,40,3.4382949459319026e-30
3,41,4.280448595545375e-30
3,42,3.51357523663892e-16
3,43,1.7828048924026595e-31
3,44,1.788023451767972e-30
3,45,9.028031637431703e-16
3,46,1.624936270288598e-30
3,47,6.4802863744806315e-31
3,48,2.2385403082340093e-30
3,49,1.8760020143212877e-30
3,50,2.6174360957196168e-30
3,51,2.609488016716256e-30
3,52,9.201361269743157e-31
3,53,1.383546034180419e-30
3,54,9.183921413341354e-31
3,55,2.426888389273442e-30
3,56,2.6156921221856916e-30
3,57,2.8053006401767944e-30
3,58,1.2604954085799172e-30
3,59,9.85929166650289e-31
3,60,1.2928856652427779e-30
3,61,6.723432554006203e-31
3,62,1.8851651265530437e-30
3,63,3.662180650186633e-30
3,64,1.4932292286914088e-30
3,65,2.6544355341900612e-30
3,66,3.014116780330915e-30
3,67,1.952373492558312e-30
3,68,1.7293343095162776e-30
3,69,3.308616641857735e-30
3,70,2.2233413982823243e-30
3,71,8.649645757057041e-31
3,72,1.7455968150691286e-30
3,73,5.207407571620667e-16
3,74,1.0574206996689175e-30
3,75,4.4060615680447226e-16
3,76,1.2745613573972182e-30
3,77,6.382284396597866e-31
3,78,8.729107157310203e-16
3,79,4.205387695860858e-31
3,80,1.401235584718457e-30
3,81,1.5295597108386935e-30
3,82,2.949860608054835e-30
3,83,1.6208342368562948e-30
3,84,2.2418117104166516e-30
3,85,1.0192811016869628e-30
3,86,2.629153428213211e-30
3,87,2.6096632875851937e-30
3,88,4.608157030931918e-31
3,89,2.7570543796195207e-30
3,90,2.256967265352877e-30
3,91,2.568938833481134e-30
3,92,9.345578983592734e-31
3,93,1.7838334040265218e-30
3,94,1.8989057013883448e-30
3,95,4.634340916690926e-30
3,96,3.9243715451839625e-30
3,97,9.51401384344183e-31
3,98,1.0210606511499627e-30
3,99,2.2689703639383226e-30
3,100,2.4690351864624555e-30
3,101,1.5315733878857613e-30
3,102,4.0819182082402684e-30
3,103,2.8739112347374852e-30
3,104,1.6093403688755037e-30
3,105,2.2008813704640512e-30
3,106,1.757917178922491e-30
3,107,1.785063330245927e-15
3,108,8.380770702357743e-31
3,109,1.2473888680358265e-30
3,110,4.0170975697750936e-30
3,111,1.0023128590921034e-31
3,112,3.7258556550098e-30
3,113,3.0611534058427254e-31
3,114,1.5579112527819797e-30
3,115,2.4952890964710304e-30
3,116,1.5753439335635005e-30
3,117,7.887647887853532e-31
3,118,2.9918020008326675e-30
3,119,9.670166960459613e-31
3,120,3.1639459666882314e-30
3,121,1.2410932036293899e-30
3,122,4.4117231420071916e-30
3,123,8.235732699291051e-31
3,124,1.2039880660406035e-30
3,125,1.4650404786531036e-30
3,126,2.3278554350677573e-30
3,127,1.4647102796056013e-30
3,128,2.0586698602315888e-30
3,129,2.9696912768855293e-30
3,130,1.7835125239922052e-31
3,131,8.126293485827487e-31
3,132,1.7061962733168886e-30
3,133,1.2054564099862168e-30
3,134,1.793584046932576e-30
3,135,3.4357130264128565e-30
3,136,1.2702227533187262e-29
3,137,1.3305614087419693e-30
3,138,7.369592037923187e-31
3,139,1.2539562362849272e-30
3,140,1.0668559105560929e-30
3,141,2.5589425339518473e-30
3,142,2.1140863693788917e-16
3,143,3.242310998995503e-30
3,144,3.721229696626158e-30
3,145,2.245544450612445e-30
3,146,7.513851594054665e-31
3,147,3.411550312609993e-31
3,148,1.6044131095705893e-30
3,149,1.350274475648139e-30
4,5,3.7504144617533556e-31
4,6,3.4489504366788503e-31
4,7,2.719511750928298e-31
4,8,3.5283513651025752e-31
4,9,6.510092642048155e-32
4,10,2.410430601428627e-31
4,11,1.9726455668948825e-31
4,12,3.379005657161377e-31
4,13,1.3243116583740993e-31
4,14,2.2603544386167926e-31
4,15,2.1095395983142915e-31
4,16,9.122368115232593e-32
4,17,2.987849646997746e-31
4,18,9.60522651117109e-31
4,19,3.631792381133345e-31
4,20,3.465331235724347e-32
4,21,2.085329001142838e-31
4,22,2.0013514373745047e-31
4,23,1.2418930893573258e-31
4,24,2.065180853810269e-31
4,25,1.7090794891952142e-31
4,26,5.933012526366475e-31
4,27,1.638125622360641e-31
4,28,1.6527499168634337e-31
4,29,1.8261736304003892e-31
4,30,3.151851738042543e-31
4,31,3.7431656206385765e-31
4,32,1.3573013500698557e-31
4,33,2.2407889791543654e-31
4,34,1.3443161258516559e-31
4,35,4.928937955772697e-31
4,36,1.7185137997970028e-31
4,37,2.825565073670876e-31
4,38,3.7687366367195823e-31
4,39,2.8534274324639736e-31
4,40,3.6774838909860084e-31
4,41,5.578723717753832e-31
4,42,5.928183193469299e-31
4,43,2.420585074888056e-32
4,44,2.1509700415248685e-31
4,45,1.241267076623636e-16
4,46,2.337983108800784e-31
4,47,7.41162677476134e-32
4,48,3.3384155847972134e-31
4,49,2.170238655567751e-31
4,50,3.252892808209662e-31
4,51,3.7511867648320807e-31
4,52,1.8343616510302565e-31
4,53,1.6891962236224606e-31
4,54,1.8483323662333848e-31
4,55,2.9824595172063484e-31
4,56,3.987080725549099e-31
4,57,3.7931167977710933e-31
4,58,1.9230316363890536e-31
4,59,1.344761081894513e-31
4,60,1.5714223875196312e-31
4,61,1.3522774848683348e-31
4,62,2.426251729618037e-31
4,63,4.431765858887778e-31
4,64,2.4940313011403587e-31
4,65,3.4801275053176327e-31
4,66,4.84569117224221e-31
4,67,2.674387534505119e-31
4,68,2.4108508373678954e-31
4,69,4.326751450112265e-31
4,70,3.437036497098707e-31
4,71,1.2307105906169145e-31
4,72,2.898246443574794e-31
4,73,1.2412670766236366e-16
4,74,1.4967754997106458e-31
4,75,2.671704713551343e-31
4,76,1.3719786709050216e-31
4,77,7.875680594268333e-32
4,78,7.786133594218088e-31
4,79,8.3476842171851e-32
4,80,2.1210275220220327e-31
4,81,2.2247972878130107e-31
4,82,3.5233174795178696e-31
4,83,2.5883760347750043e-31
4,84,2.979993691360161e-31
4,85,1.21496232835789e-31
4,86,3.367916066385618e-31
4,87,2.998427362900827e-31
4,88,1.0947290073489018e-31
4,89,3.7201880715069455e-31
4,90,2.7983340693398015e-31
4,91,3.563241258624378e-31
4,92,9.862990575440014e-32
4,93,2.4117150152170466e-31
4,94,2.559438097464838e-31
4,95,6.275749693162331e-31
4,96,5.822072278144533e-31
4,97,1.2673264425469259e-31
4,98,1.2863969774551132e-31
4,99,3.1169495924437133e-31
4,100,3.716074298232221e-31
4,101,2.3003251832375937e-31
4,102,5.5168493328436825e-31
4,103,3.4654950190658503e-31
4,104,2.173798411632097e-31
4,105,3.4393833037159933e-31
4,106,2.292660837330979e-31
4,107,2.423651445728338e-16
4,108,1.0414667142032297e-31
4,109,1.3189503409271115e-31
4,110,5.395794764340704e-31
4,111,1.3780832881767197e-32
4,112,4.993559307115887e-31
4,113,6.23444401941241e-32
4,114,2.4010061148277445e-31
4,115,3.113674311527388e-31
4,116,2.377516430351997e-31
4,117,1.2525209529208741e-31
4,118,4.297999698051772e-31
4,119,1.480703886777984e-31
4,120,4.298061605145038e-31
4,121,1.6126920675175028e-31
4,122,6.0931507191165185e-31
4,123,1.1295673654644769e-31
4,124,1.4175023239229982e-31
4,125,1.7943386714997129e-31
4,126,3.1041430835335103e-31
4,127,1.8524178403381155e-31
4,128,2.794581988994756e-31
4,129,4.404173158850141e-31
4,130,2.4215458544279109e-32
4,131,9.334447597306769e-32
4,132,2.336785252019511e-31
4,133,1.7401634905760138e-31
4,134,2.3332965057820553e-31
4,135,4.280929095215965e-31
4,136,1.743954901255292e-30
4,137,2.4285046347531526e-31
4,138,1.3430875864246666e-31
4,139,1.4288593473304797e-31
4,140,1.4720014019721636e-31
4,141,3.7298300444955753e-31
4,142,2.9961828843208107e-31
4,143,4.9620224993407705e-31
4,144,4.628474031912337e-31
4,145,3.0537227340632555e-31
4,146,1.0831100752488062e-31
4,147,5.626319838924825e-32
4,148,2.0658570949386533e-31
4,149,1.7048978826832427e-31
5,6,2.101992165467821e-30
5,7,1.60138497115913e-30
5,8,1.9814365532940825e-30
5,9,3.691827928845319e-31
5,10,1.3705840676282478e-30
5,11,1.790448841049783e-30
5,12,1.9099975412495695e-30
5,13,7.39928098986166e-31
5,14,1.9141296492159307e-30
5,15,7.150909717753192e-31
5,16,9.299489496545522e-31
5,17,2.1924709146849386e-30
5,18,1.9563540189525284e-15
5,19,2.128010125935907e-30
5,20,3.6141806559065255e-31
5,21,1.0628849277423614e-30
5,22,1.57951791985659e-30
5,23,9.873195587268925e-31
5,24,2.1504353242474954e-30
5,25,1.6071826296241203e-30
5,26,4.4392439297058586e-30
5,27,1.31671033745556e-30
5,28,9.338024401877487e-31
5,29,1.874834820580222e-30
5,30,1.679502095432648e-30
5,31,2.5749536526200454e-30
5,32,4.963077713016601e-31
5,33,1.690255037793136e-30
5,34,9.6067709873243e-31
5,35,2.6898876914590622e-30
5,36,1.6226062374304884e-30
5,37,1.8119814888339653e-30
5,38,2.15128167555786e-30
5,39,1.9988520408300682e-30
5,40,2.365332447939583e-30
5,41,3.870250112625947e-30
5,42,4.04365493431965e-16
5,43,1.5742054635509716e-31
5,44,1.951403758350716e-30
5,45,9.52961779973018e-16
5,46,2.0253119425455147e-30
5,47,7.290182835986195e-31
5,48,3.5935456765662375e-30
5,49,1.0659994093714896e-30
5,50,1.51314629500392e-30
5,51,2.2709765895779032e-30
5,52,7.358027379414311e-31
5,53,7.681771845262353e-31
5,54,1.9363701251029747e-30
5,55,1.3075451372902792e-30
5,56,2.3304167283405124e-30
5,57,2.6474030038395362e-30
5,58,1.2921328167518794e-30
5,59,1.4304105074764e-30
5,60,1.4942553373027221e-30
5,61,1.4555787882345432e-30
5,62,1.8287324908085265e-30
5,63,2.3808923446701997e-30
5,64,2.653131267445817e-30
5,65,2.0945447421883173e-30
5,66,3.362287404220926e-30
5,67,1.6070061584985174e-30
5,68,2.3018708021673477e-30
5,69,2.6908467164410925e-30
5,70,2.6576755306387878e-30
5,71,4.956996735678622e-31
5,72,4.728840092659496e-16
5,73,3.480012676923747e-16
5,74,1.0796102311527306e-30
5,75,6.979993552180018e-16
5,76,8.885960319226669e-31
5,77,8.350727191552776e-31
5,78,9.178506991714414e-16
5,79,6.092176684751135e-31
5,80,1.447385802352301e-30
5,81,1.3520059932305925e-30
5,82,2.022521970519743e-30
5,83,1.6030373342961503e-30
5,84,1.716940453405601e-30
5,85,1.0910665162929978e-30
5,86,4.100975476913119e-16
5,87,1.7215490454585846e-30
5,88,8.115995652516291e-31
5,89,2.271678182989013e-30
5,90,1.6539297607705702e-30
5,91,2.352216822437997e-30
5,92,8.486977120278254e-31
5,93,1.478369702450946e-30
5,94,1.3375826418470476e-30
5,95,3.653363527979284e-16
5,96,4.159960705162234e-30
5,97,1.0907352290756782e-30
5,98,8.832503747784596e-31
5,99,1.9757045414198707e-30
5,100,2.5644372826653737e-30
5,101,1.4877675208316261e-30
5,102,3.5662346624747966e-30
5,103,2.1917147263824956e-30
5,104,1.012798388936262e-30
5,105,2.9526706726165454e-30
5,106,1.2889901466367482e-30
5,107,1.8362859666675207e-15
5,108,6.492638736219308e-31
5,109,1.1564214694799416e-30
5,110,3.347381902225469e-30
5,111,1.0580001097138175e-31
5,112,3.9383189861286155e-16
5,113,6.343181548807999e-31
5,114,2.1593451897027937e-30
5,115,1.6882509622113108e-30
5,116,2.275399912411906e-30
5,117,1.2692628260522735e-30
5,118,3.29979072693304e-30
5,119,1.3175594854398014e-30
5,120,2.9539892378432503e-30
5,121,9.50956348848469e-31
5,122,4.35414166121354e-30
5,123,9.570328042030015e-31
5,124,1.349350794689563e-30
5,125,1.8588242379179568e-30
5,126,3.6225427173694963e-16
5,127,1.2390734792581094e-30
5,128,1.6220526497947894e-30
5,129,5.849800439927596e-16
5,130,1.5748302977766298e-31
5,131,5.073918145072086e-31
5,132,1.2762638381162815e-30
5,133,1.8229435423814926e-30
5,134,1.4750211663956376e-30
5,135,2.5057477749785915e-30
5,136,9.435954957596587e-16
5,137,2.6617239312331508e-30
5,138,1.271388144092926e-30
5,139,7.561314203667462e-31
5,140,1.0149377102577819e-30
5,141,4.047225500466929e-16
5,142,6.469937197628476e-16
5,143,2.9307989011222994e-30
5,144,2.483964067069634e-30
5,145,1.5366335552758686e-30
5,146,8.90320725713391e-31
5,147,5.165723171067882e-31
5,148,1.1590484643133024e-30
5,149,7.478420009994299e-31
6,7,1.4505205750647608e-30
6,8,1.9045025320302645e-30
6,9,3.193368019301836e-31
6,10,1.1610021083093152e-30
6,11,1.0585657621652895e-30
6,12,1.7570814198323167e-30
6,13,6.36069674361627e-31
6,14,1.223042608093949e-30
6,15,7.624304065126782e-31
6,16,5.153052868242372e-31
6,17,1.65021912324091e-30
6,18,5.164139955621497e-30
6,19,1.9252283127061687e-30
6,20,1.415322191026579e-31
6,21,8.161936598914488e-31
6,22,1.1501232281543601e-30
6,23,7.1726861569318105e-31
6,24,1.1291130159203337e-30
6,25,6.627154628784227e-31
6,26,3.4292733845460964e-30
6,27,9.822998843449173e-31
6,28,7.739365757706599e-31
6,29,9.919995702584745e-31
6,30,1.551425400579699e-30
6,31,2.034307580141392e-30
6,32,5.440800018901018e-31
6,33,1.3239449665859645e-30
6,34,6.862031726420005e-31
6,35,2.5159432958311555e-30
6,36,4.932143140589376e-31
6,37,1.5231354919552183e-30
6,38,1.8567410727148517e-30
6,39,1.7137987033731142e-30
6,40,2.250971575983956e-30
6,41,3.290845667914235e-30
6,42,2.9373740229761053e-16
6,43,1.3580903593625851e-31
6,44,1.3429111724060448e-30
6,45,3.090730095650651e-16
6,46,1.195770522841673e-30
6,47,4.3969505066784875e-31
6,48,1.8669984292710732e-30
6,49,1.0627228661576985e-30
6,50,1.5752373451195718e-30
6,51,1.915242748797511e-30
6,52,4.8948097846845025e-31
6,53,8.058548857481873e-31
6,54,9.619520256325711e-31
6,55,1.350750455006364e-30
6,56,1.988298053087299e-30
6,57,2.188159596445054e-30
6,58,1.0132860274086892e-30
6,59,6.148296497490246e-31
6,60,9.289651551529663e-31
6,61,6.706921946336448e-31
6,62,1.2808374192434474e-30
6,63,2.3592989715616927e-30
6,64,1.1178679095244041e-30
6,65,1.91562286425435e-30
6,66,2.5384412123644873e-30
6,67,1.3978621991464465e-30
6,68,1.3738037277443532e-30
6,69,2.3763021193712283e-30
6,70,1.8984917517572815e-30
6,71,4.353129432819059e-31
6,72,1.621385655475122e-30
6,73,3.4000580129145414e-16
6,74,4.28093494805613e-31
6,75,1.2521253568795452e-30
6,76,6.617119181060344e-31
6,77,4.349260640497722e-31
6,78,2.853071112411344e-30
6,79,3.3804814491437877e-31
6,80,1.1345673273022599e-30
6,81,6.37681320025997e-31
6,82,1.4049454973584412e-30
6,83,1.2266897460285851e-30
6,84,1.5012534165108579e-30
6,85,7.990369743860032e-31
6,86,1.8770703252107348e-30
6,87,1.3426560696366239e-30
6,88,3.6128080420489694e-31
6,89,2.0139172674790794e-30
6,90,1.561429282649623e-30
6,91,1.9747730704254013e-30
6,92,6.49976159626496e-31
6,93,1.2547631791799191e-30
6,94,1.2589917430290513e-30
6,95,3.339243144555596e-30
6,96,3.219121444013668e-30
6,97,7.446080746547549e-31
6,98,7.666964609102822e-31
6,99,1.641394168699424e-30
6,100,1.9978304137120874e-30
6,101,9.508015077815116e-31
6,102,3.0927821384989554e-30
6,103,1.6277612930433765e-30
6,104,8.096575725609872e-31
6,105,1.9838465224263386e-30
6,106,1.2255110447344345e-30
6,107,1.3598107734556986e-15
6,108,3.6864274021419723e-31
6,109,7.645433254178714e-31
6,110,2.97288373743287e-30
6,111,3.431399715093267e-32
6,112,2.8878729999900095e-30
6,113,2.9949102075833663e-31
6,114,1.4286331265567605e-30
6,115,1.6128587128018225e-30
6,116,9.514694563312559e-31
6,117,5.2637641893292846e-31
6,118,2.4600508823079486e-30
6,119,4.07143940462793e-31
6,120,2.441043320392962e-30
6,121,6.249002481035355e-31
6,122,3.515929469636898e-30
6,123,3.6115555898759564e-31
6,124,9.695535970631535e-31
6,125,7.002000465007536e-31
6,126,1.67630554749057e-30
6,127,9.55492272749896e-31
6,128,9.031767363643896e-31
6,129,2.1978110963329195e-30
6,130,1.3586294130996699e-31
6,131,4.994653035764958e-31
6,132,1.1530335382863478e-30
6,133,8.600405722887076e-31
6,134,7.130757364106399e-31
6,135,1.673085165408914e-30
6,136,1.011799479988096e-29
6,137,9.331418764472693e-31
6,138,6.60448784206825e-31
6,139,6.772545179013088e-31
6,140,8.340046013234796e-31
6,141,2.0492011213928144e-30
6,142,1.9229626863835683e-16
6,143,1.4829639230024989e-30
6,144,2.464607225921379e-30
6,145,1.0378516530005744e-30
6,146,6.3655518098043005e-31
6,147,3.212638507559232e-31
6,148,1.1098277113804374e-30
6,149,6.8171793736729335e-31
7,8,1.7386788163494158e-30
7,9,3.092282261604339e-31
7,10,9.434006080298324e-31
7,11,1.077725700791024e-30
7,12,1.43259995730451e-30
7,13,7.126648764223845e-31
7,14,1.3083095318597863e-30
7,15,6.514421450134484e-31
7,16,5.312972976318661e-31
7,17,1.2572036978034604e-30
7,18,4.378017061031265e-30
7,19,1.5184523117450679e-30
7,20,2.5450091999608156e-31
7,21,7.702536256044054e-31
7,22,8.972212153235856e-31
7,23,5.648884291482448e-31
7,24,1.3434260307555259e-30
7,25,1.0909826509952673e-30
7,26,2.6320795053213027e-30
7,27,7.57450737997629e-31
7,28,5.865248667558922e-31
7,29,1.1027271374519321e-30
7,30,1.426401402344922e-30
7,31,1.609316309745248e-30
7,32,5.644065622755903e-31
7,33,9.88071132173455e-31
7,34,5.6160272971864675e-31
7,35,2.0115978786874732e-30
7,36,1.263805939905755e-30
7,37,1.222724002304058e-30
7,38,1.6321267127874322e-30
7,39,1.2930487517751978e-30
7,40,1.8978148844842135e-30
7,41,2.5248363332235053e-30
7,42,4.1214927040449127e-16
7,43,1.0352478923696976e-31
7,44,1.1942943975624678e-30
7,45,8.680068152419305e-16
7,46,1.155289835294156e-30
7,47,5.131785917702014e-31
7,48,1.520037455766242e-30
7,49,1.2022519711411529e-30
7,50,1.5452941776262291e-30
7,51,1.4803900872294635e-30
7,52,6.7213999381374565e-31
7,53,8.229737815479375e-31
7,54,1.2007525777046267e-30
7,55,1.5116904460054702e-30
7,56,1.5470105698370519e-30
7,57,1.649369731655141e-30
7,58,8.161961742649427e-31
7,59,1.1143871818930947e-30
7,60,9.81152587684132e-31
7,61,8.621104473108301e-31
7,62,1.1272998954926909e-30
7,63,2.0378479560374508e-30
7,64,1.636966559284922e-30
7,65,1.5033314941768361e-30
7,66,2.021845396947651e-30
7,67,1.09062851272346e-30
7,68,1.4185082667056039e-30
7,69,1.8857760009864705e-30
7,70,1.5163269018780114e-30
7,71,5.7090252101505385e-31
7,72,1.4938690577680772e-30
7,73,3.944541477126613e-16
7,74,9.570812094581985e-31
7,75,3.189627710442957e-16
7,76,9.017463141858607e-31
7,77,5.952511798527564e-31
7,78,5.253434695803223e-16
7,79,4.3318689014130014e-31
7,80,9.938617810526308e-31
7,81,1.2232127095979225e-30
7,82,2.1446237961269344e-30
7,83,1.0483074567978536e-30
7,84,1.2497189147647999e-30
7,85,6.681326765210405e-31
7,86,1.6856262071139443e-30
7,87,1.7518131793843385e-30
7,88,5.429440305115234e-31
7,89,1.5387505583536691e-30
7,90,1.2584422888661024e-30
7,91,1.4954259347317244e-30
7,92,5.173221248633775e-31
7,93,9.899820454699109e-31
7,94,1.0508460194747664e-30
7,95,7.086594880908071e-16
7,96,2.476427685559731e-30
7,97,6.1775529594294506e-31
7,98,5.903151975617215e-31
7,99,1.2225632410910467e-30
7,100,1.5492462757586336e-30
7,101,1.2013636958480164e-30
7,102,2.3596678129981843e-30
7,103,2.0191089415802745e-30
7,104,1.0884054448575489e-30
7,105,1.7020663326843323e-30
7,106,9.749966294581913e-31
7,107,1.0365593331377e-15
7,108,6.569208827165159e-31
7,109,9.166825573038186e-31
7,110,2.3050199788445266e-30
7,111,9.63681151813146e-32
7,112,2.1684090879886945e-30
7,113,3.886303677832929e-31
7,114,1.2030289612941977e-30
7,115,1.5101938935059192e-30
7,116,1.7589595476338904e-30
7,117,8.694072615066535e-31
7,118,1.9048181817686515e-30
7,119,1.0594840038360253e-30
7,120,1.8325872577536096e-30
7,121,8.933603809030741e-31
7,122,2.6742498542983203e-30
7,123,7.926676040706803e-31
7,124,7.5836083903715785e-31
7,125,1.4372434559968919e-30
7,126,1.2432541835583316e-30
7,127,8.220341356802132e-31
7,128,1.6059645197269336e-30
7,129,1.72283143875175e-30
7,130,1.0356588033531557e-31
7,131,4.954217717678299e-31
7,132,9.518325110313143e-31
7,133,6.550215466413845e-31
7,134,1.4796969351469367e-30
7,135,2.4947557989060556e-30
7,136,7.925195823091316e-30
7,137,1.7315193935787614e-30
7,138,7.729716662484772e-31
7,139,7.501166154561149e-31
7,140,6.3370240945166e-31
7,141,1.598215001041149e-30
7,142,5.221373580679385e-16
7,143,2.68793674797313e-30
7,144,2.076087510954748e-30
7,145,1.6129514578951097e-30
7,146,5.027383966023026e-31
7,147,2.9098756902663248e-31
7,148,8.936481851341734e-31
7,149,8.796176230344361e-31
8,9,5.104682939946145e-31
8,10,1.4693811983420283e-30
8,11,1.2056090111506613e-30
8,12,2.2189702545307255e-30
8,13,1.1883225186738706e-30
8,14,2.1123022853848166e-30
8,15,8.745482329004203e-31
8,16,7.194184873119995e-31
8,17,1.8673743503310136e-30
8,18,6.819701125842531e-30
8,19,2.1320709876642452e-30
8,20,3.8371324708013854e-31
8,21,1.2925304432433073e-30
8,22,1.2318488702289121e-30
8,23,6.743738807593096e-31
8,24,1.8896645439064775e-30
8,25,1.6780356779071457e-30
8,26,3.219066398320547e-30
8,27,9.349964144810458e-31
8,28,7.778941055468672e-31
8,29,1.5112967947993557e-30
8,30,2.4717369520144548e-30
8,31,1.896085791107797e-30
8,32,9.072320252352728e-31
8,33,1.3367829051288148e-30
8,34,6.992416741256931e-31
8,35,2.742251380449587e-30
8,36,1.9720314063732765e-30
8,37,1.5892488220591283e-30
8,38,2.6520484644389943e-30
8,39,1.8447432390007994e-30
8,40,3.002120186035351e-30
8,41,3.3380256374432475e-30
8,42,4.3907355583451244e-16
8,43,1.3563146815568248e-31
8,44,1.7126507551069018e-30
8,45,1.404121497874158e-15
8,46,1.7334560256677743e-30
8,47,8.12011015754139e-31
8,48,1.7372389147811454e-30
8,49,1.997945882420155e-30
8,50,2.5193618850969447e-30
8,51,1.99210047954062e-30
8,52,1.0880430545940913e-30
8,53,1.3377569087061405e-30
8,54,1.69076267982817e-30
8,55,2.4950033583938594e-30
8,56,1.861536056659445e-30
8,57,2.169069330882774e-30
8,58,9.048340662967618e-31
8,59,1.6333934958630353e-30
8,60,1.5481338990338695e-30
8,61,1.3130376125424284e-30
8,62,1.954233450173786e-30
8,63,3.203639530904933e-30
8,64,2.630091019506634e-30
8,65,2.0956408683442682e-30
8,66,2.217643711135812e-30
8,67,1.5577740847066297e-30
8,68,1.9377955759981955e-30
8,69,2.5833909453551925e-30
8,70,1.8000163556437295e-30
8,71,9.3867260271519e-31
8,72,1.894541188431076e-30
8,73,2.755754436077698e-16
8,74,1.5811351206645826e-30
8,75,3.8987693040338096e-16
8,76,1.5326294603250816e-30
8,77,9.1677925957425e-31
8,78,7.932055104182331e-16
8,79,6.0102249948455984e-31
8,80,1.0542010469118114e-30
8,81,2.0895704787863602e-30
8,82,3.536879776702775e-30
8,83,1.2226378814404677e-30
8,84,1.965392979726531e-30
8,85,7.958483101132908e-31
8,86,2.8731063950396654e-30
8,87,2.820381676217815e-30
8,88,7.6993074081135414e-31
8,89,2.1006442009978283e-30
8,90,1.8533810426886778e-30
8,91,1.948571932208645e-30
8,92,7.830932558436872e-31
8,93,1.481277614953797e-30
8,94,1.6251927597341395e-30
8,95,3.527252109042047e-16
8,96,2.9704390870086957e-30
8,97,9.07909482651675e-31
8,98,9.042331836837007e-31
8,99,1.74736445805152e-30
8,100,1.8157284983329597e-30
8,101,1.8199676487541627e-30
8,102,3.1119779934250245e-30
8,103,3.376176855454526e-30
8,104,1.733992259637609e-30
8,105,1.9694503623102762e-30
8,106,1.3946597440527421e-30
8,107,1.3580328462406112e-15
8,108,1.0873822509669681e-30
8,109,1.4252072322264105e-30
8,110,3.0926751923069664e-30
8,111,1.558888016311054e-31
8,112,2.898293288611111e-30
8,113,5.508571265002107e-31
8,114,1.4512148803658887e-30
8,115,2.351113756599723e-30
8,116,2.581475838344314e-30
8,117,1.2792951242742382e-30
8,118,2.306263457262644e-30
8,119,1.6379166186460767e-30
8,120,2.4369101733120944e-30
8,121,1.3932115854769676e-30
8,122,3.3771714956725776e-30
8,123,1.2821573268482084e-30
8,124,1.0393216796527833e-30
8,125,2.39236945533175e-30
8,126,2.037211780653358e-30
8,127,1.1427372711910899e-30
8,128,2.6407338015211153e-30
8,129,2.1706513026001378e-30
8,130,1.3568530304912057e-31
8,131,8.239674125999932e-31
8,132,1.4446340035147439e-30
8,133,1.1589875484626976e-30
8,134,2.4418388063977295e-30
8,135,4.223254363169725e-30
8,136,9.74288269205566e-30
8,137,2.8178696436038326e-30
8,138,1.0235204227821805e-30
8,139,1.2038107687650534e-30
8,140,8.092779566359847e-31
8,141,1.977339229712319e-30
8,142,5.681239247035231e-16
8,143,4.573932851757608e-30
8,144,3.1436646724716545e-30
8,145,2.757538739910488e-30
8,146,6.035061203057113e-31
8,147,3.4960019712003686e-31
8,148,1.2922719003020533e-30
8,149,1.4546932722665138e-30
9,10,3.268373776112685e-31
9,11,3.2702526767920167e-31
9,12,4.1070240922556354e-31
9,13,2.543757887847742e-31
9,14,5.132892645915262e-31
9,15,2.0915653537677007e-31
9,16,1.894909169833146e-31
9,17,4.412726356236468e-31
9,18,1.2774641932034519e-30
9,19,3.6183711060471294e-31
9,20,9.440411731298919e-32
9,21,2.884853217365468e-31
9,22,2.5510959797373453e-31
9,23,1.4013185286491845e-31
9,24,4.721425223964068e-31
9,25,4.2557491627009945e-31
9,26,6.13497354540707e-31
9,27,1.9026676386418514e-31
9,28,1.753684041897619e-31
9,29,3.6928136429551197e-31
9,30,4.861115289043804e-31
9,31,3.454607573418999e-31
9,32,1.9026381086655801e-31
9,33,2.2219824357189735e-31
9,34,1.2861100742127333e-31
9,35,4.737316420243585e-31
9,36,4.743826908850761e-31
9,37,2.547250914143743e-31
9,38,5.6480011069504984e-31
9,39,3.0522012658995437e-31
9,40,5.148502002583413e-31
9,41,5.777338255688018e-31
9,42,1.2412670766236368e-16
9,43,2.2900858059680873e-32
9,44,4.244846091161981e-31
9,45,3.253150018736894e-16
9,46,4.486105735446621e-31
9,47,1.9441648035999253e-31
9,48,3.4796329954304425e-31
9,49,4.17956845470853e-31
9,50,4.88012705659395e-31
9,51,3.689960827089089e-31
9,52,3.1152846934075715e-31
9,53,2.5791198946294056e-31
9,54,4.298250988822222e-31
9,55,5.142252906408883e-31
9,56,3.2428337267668823e-31
9,57,3.746000363425703e-31
9,58,1.7278006114462957e-31
9,59,3.807417966142958e-31
9,60,3.6643855719918364e-31
9,61,3.0719167854984802e-31
9,62,3.7148985266698797e-31
9,63,5.720217902856361e-31
9,64,6.13926435521176e-31
9,65,3.5013482420434354e-31
9,66,4.279560904935437e-31
9,67,2.8323467675073765e-31
9,68,5.299503326848037e-31
9,69,4.494541260529842e-31
9,70,4.0658269053142805e-31
9,71,2.0525287427276635e-31
9,72,4.553676998944475e-31
9,73,1.7772239894833355e-16
9,74,3.588562756303041e-31
9,75,4.633199095528119e-31
9,76,2.9878526870926665e-31
9,77,2.129968029872712e-31
9,78,1.670694258818407e-30
9,79,1.7758176847761178e-31
9,80,1.8263169192993465e-31
9,81,4.957367899558479e-31
9,82,7.728340844517525e-31
9,83,2.334050769648221e-31
9,84,4.2431379519812405e-31
9,85,1.79904099732943e-31
9,86,6.113329412597663e-31
9,87,6.254555867187829e-31
9,88,2.1034401675551203e-31
9,89,3.4788707568366166e-31
9,90,3.1234635235622714e-31
9,91,3.2945658969369373e-31
9,92,1.6019875210838383e-31
9,93,2.5260130900730547e-31
9,94,3.2528985141008266e-31
9,95,6.076257969289652e-31
9,96,5.455978654625001e-31
9,97,2.2061277244548833e-31
9,98,2.1343534327259987e-31
9,99,3.093829836804685e-31
9,100,3.3136212459630177e-31
9,101,4.363844571608701e-31
9,102,5.235899686621343e-31
9,103,7.284288593187792e-31
9,104,4.143279569004359e-31
9,105,4.595349613104818e-31
9,106,2.3372479940945478e-31
9,107,2.2929868617541516e-16
9,108,2.413811129461e-31
9,109,3.2923925576878117e-31
9,110,5.158451018870323e-31
9,111,3.61172205336146e-32
9,112,4.984101769044708e-31
9,113,1.4709087830237536e-31
9,114,3.430898761320549e-31
9,115,4.559601910179491e-31
9,116,6.330279635685407e-31
9,117,3.0642353368165464e-31
9,118,4.551948561843884e-31
9,119,3.816406780356281e-31
9,120,4.1426839790128025e-31
9,121,3.483703048351569e-31
9,122,6.026762541668328e-31
9,123,2.978203324202962e-31
9,124,2.845205582160954e-31
9,125,4.774420495038914e-31
9,126,4.699681472811755e-31
9,127,2.2208681958728926e-31
9,128,6.1884529422823454e-31
9,129,3.727122424108207e-31
9,130,2.2909947876889577e-32
9,131,1.5723301495243096e-31
9,132,2.9127757551495985e-31
9,133,1.843330053958929e-31
9,134,5.517394054980719e-31
9,135,9.208801669990378e-31
9,136,1.7336925939771375e-30
9,137,6.259463013202705e-31
9,138,2.8697072585752086e-31
9,139,2.3196813076011695e-31
9,140,1.3956153135116405e-31
9,141,3.4031517409644335e-31
9,142,3.315134123996642e-31
9,143,1.0310835085601028e-30
9,144,5.4070101475244155e-31
9,145,6.0706609355874225e-31
9,146,1.369070981518288e-31
9,147,8.62822811646386e-32
9,148,2.1798136322164943e-31
9,149,3.0768202526043064e-31
10,11,1.0394250017839666e-30
10,12,1.251724621099138e-30
10,13,7.342780444101133e-31
10,14,1.4587373368302518e-30
10,15,7.2428385432990765e-31
10,16,5.978117454908908e-31
10,17,1.2706583860691219e-30
10,18,3.688555417866903e-30
10,19,1.215822776683052e-30
10,20,2.841007928951591e-31
10,21,9.163123343693493e-31
10,22,9.8171338338589e-31
10,23,5.023849579346937e-31
10,24,1.450038540905245e-30
10,25,1.3139664883784101e-30
10,26,2.200142073103099e-30
10,27,6.606189093869067e-31
10,28,5.774835605714563e-31
10,29,1.2131228942768134e-30
10,30,1.3765905167516693e-30
10,31,1.257727780392293e-30
10,32,5.8659578169599085e-31
10,33,8.702899736102395e-31
10,34,5.200137213817613e-31
10,35,1.6716615456348582e-30
10,36,1.4072810421468862e-30
10,37,9.61594862533788e-31
10,38,1.689136959463264e-30
10,39,1.0064684029167132e-30
10,40,1.4287048648956603e-30
10,41,1.9286392827901084e-30
10,42,1.6653345369377412e-16
10,43,8.246545556138709e-32
10,44,1.3090684808993877e-30
10,45,9.500521593571743e-16
10,46,1.3550324304339027e-30
10,47,5.841687731944181e-31
10,48,1.302269062415565e-30
10,49,1.1970277378125756e-30
10,50,1.4242265499434598e-30
10,51,1.2393982205230818e-30
10,52,9.34644946486112e-31
10,53,7.55668979201551e-31
10,54,1.3073089589385168e-30
10,55,1.4764383856147898e-30
10,56,1.3026074805277095e-30
10,57,1.325980631375389e-30
10,58,6.755708679627992e-31
10,59,1.1369494213467818e-30
10,60,1.0924039611026047e-30
10,61,9.83416033259553e-31
10,62,1.172292465379052e-30
10,63,1.6817966995935324e-30
10,64,1.9291417149858266e-30
10,65,1.171509399364369e-30
10,66,1.716352217537033e-30
10,67,9.082788761201782e-31
10,68,1.4887991385130662e-30
10,69,1.4953708814378798e-30
10,70,1.3814312227107311e-30
10,71,5.956177396892937e-31
10,72,1.4999329055333143e-30
10,73,3.801627796739417e-16
10,74,1.0847115428748773e-30
10,75,1.286978394634206e-30
10,76,8.399916789209133e-31
10,77,6.260229723445128e-31
10,78,4.737100347220289e-30
10,79,5.444638096754465e-31
10,80,7.96019304048815e-31
10,81,1.4262969232173215e-30
10,82,2.186775108161176e-30
10,83,8.369972831507303e-31
10,84,1.2557881198764878e-30
10,85,5.569174033324093e-31
10,86,1.8929062889570016e-30
10,87,1.7748472471606442e-30
10,88,6.183841859621749e-31
10,89,1.269994627340682e-30
10,90,9.867062209319484e-31
10,91,1.2166487704544743e-30
10,92,4.622994128088747e-31
10,93,8.006015108281774e-31
10,94,9.812149955313666e-31
10,95,2.1214658247655613e-30
10,96,2.086750555772044e-30
10,97,6.760833381604443e-31
10,98,4.1776409970133485e-31
10,99,1.060576514106724e-30
10,100,1.3102467037101757e-30
10,101,1.2883729024499673e-30
10,102,1.878039373106005e-30
10,103,2.1081206667886063e-30
10,104,1.1966839396294474e-30
10,105,1.6000669544778745e-30
10,106,7.912092549913612e-31
10,107,8.256992190338325e-16
10,108,6.987132807907652e-31
10,109,9.164983719629665e-31
10,110,1.8252798555225074e-30
10,111,1.0547697819131837e-31
10,112,1.7412098468507393e-30
10,113,4.544183367271031e-31
10,114,1.162328962837387e-30
10,115,1.3286150739283618e-30
10,116,1.9656614857393067e-30
10,117,8.878638954481173e-31
10,118,1.6808557400467632e-30
10,119,1.1714830233119037e-30
10,120,1.4778672889883564e-30
10,121,9.765665975638191e-31
10,122,2.1576290982734358e-30
10,123,8.875021547899668e-31
10,124,8.595236130392303e-31
10,125,1.411483740100271e-30
10,126,1.417104315807079e-30
10,127,6.424000346911445e-31
10,128,1.8045055527052728e-30
10,129,1.469441299513207e-30
10,130,8.249818778107654e-32
10,131,4.138635194051921e-31
10,132,8.733489924459872e-31
10,133,5.762720155947883e-31
10,134,1.5933231402149773e-30
10,135,2.6126510857510083e-30
10,136,6.344556603119977e-30
10,137,1.954619671850387e-30
10,138,8.785899565440443e-31
10,139,6.434169313893721e-31
10,140,5.12715381244847e-31
10,141,1.3458201949424376e-30
10,142,1.1194008084984376e-16
10,143,3.157406286031454e-30
10,144,1.6803010032717663e-30
10,145,1.788115736328974e-30
10,146,4.637111309905388e-31
10,147,2.8963267158836686e-31
10,148,7.167914029834666e-31
10,149,9.044648444283614e-31
11,12,1.0878896992411598e-30
11,13,7.135030588046425e-31
11,14,1.621020220302181e-30
11,15,4.80228691875498e-31
11,16,7.5664433174277325e-31
11,17,1.6351936206827686e-30
11,18,3.1460825965063883e-30
11,19,1.1483124300812655e-30
11,20,3.3678454648543075e-31
11,21,8.443015107684763e-31
11,22,1.1224088939302095e-30
11,23,6.699390823826181e-31
11,24,1.860845226685076e-30
11,25,1.4886608624992216e-30
11,26,2.753243929027474e-30
11,27,8.610318817658412e-31
11,28,5.891455378528517e-31
11,29,1.5457519456247384e-30
11,30,1.3430020109672868e-30
11,31,1.5598952676015156e-30
11,32,3.6494647647934355e-31
11,33,1.024768758496983e-30
11,34,6.651554969168249e-31
11,35,1.3202984916098402e-30
11,36,1.5784097305641774e-30
11,37,1.1736232397449327e-30
11,38,1.732879513724611e-30
11,39,1.0549880668263757e-30
11,40,1.0506333219889556e-30
11,41,2.160328000139498e-30
11,42,2.5476231888929326e-16
11,43,8.166957389938016e-32
11,44,1.665151633361471e-30
11,45,9.662767911105653e-16
11,46,1.6190180600726256e-30
11,47,6.596983197288494e-31
11,48,1.702374502814545e-30
11,49,1.0738131702231423e-30
11,50,1.0420058851077132e-30
11,51,1.4606523348481723e-30
11,52,7.881411939942252e-31
11,53,4.742826374112472e-31
11,54,1.661442993288458e-30
11,55,1.1942490981752005e-30
11,56,1.3191852400611543e-30
11,57,1.4809260789195374e-30
11,58,8.593390109037842e-31
11,59,1.4045365464355404e-30
11,60,1.3107032048386034e-30
11,61,1.204169945204349e-30
11,62,1.253828388134048e-30
11,63,1.0822632986674802e-30
11,64,2.191048147263733e-30
11,65,1.0139340012907648e-30
11,66,2.1585284091316233e-30
11,67,1.0026012016810993e-30
11,68,1.9679470902031203e-30
11,69,1.5008523069656665e-30
11,70,1.8267673657976467e-30
11,71,4.546104458756481e-31
11,72,2.0261375772591708e-30
11,73,3.7341307954279774e-16
11,74,1.0842987066863538e-30
11,75,1.1761997849621828e-30
11,76,7.299811617453674e-31
11,77,7.643591760967319e-31
11,78,1.177569344012832e-16
11,79,5.8602706041668075e-31
11,80,9.137646974803661e-31
11,81,1.3106025928588616e-30
11,82,2.0355711030929994e-30
11,83,1.0927684018824208e-30
11,84,1.2692161511673384e-30
11,85,7.6016743849536545e-31
11,86,2.2522429564162934e-30
11,87,1.6025281750540963e-30
11,88,7.284216474977059e-31
11,89,1.1562441507119304e-30
11,90,7.375720946816734e-31
11,91,1.3041770763608026e-30
11,92,6.229699519464783e-31
11,93,8.960643338165736e-31
11,94,8.489015474615664e-31
11,95,2.0477038242236518e-30
11,96,2.5541862576295152e-30
11,97,8.690681482237957e-31
11,98,4.231925422860579e-31
11,99,1.1690160296778184e-30
11,100,1.613970502470555e-30
11,101,1.4967502669615192e-30
11,102,1.8360168437410724e-30
11,103,2.139100067287032e-30
11,104,9.412561814825568e-31
11,105,2.1469578391826146e-30
11,106,5.568932651720222e-31
11,107,8.177303202714494e-16
11,108,6.606635201887303e-31
11,109,1.1114129296957657e-30
11,110,1.7398645026820516e-30
11,111,1.0727827416518628e-31
11,112,1.9920134346502278e-30
11,113,5.5396864913256905e-31
11,114,1.5622497195340675e-30
11,115,1.2478930422814787e-30
11,116,2.304770675476388e-30
11,117,1.1215308179400221e-30
11,118,2.2072683930430073e-30
11,119,1.3075016047487655e-30
11,120,1.686111730069683e-30
11,121,1.00154886092961e-30
11,122,2.5341610328968477e-30
11,123,9.428473085578296e-31
11,124,1.0372018834960422e-30
11,125,1.5595117662518797e-30
11,126,1.77063111214966e-30
11,127,7.399477183213087e-31
11,128,1.6584989138986327e-30
11,129,1.4115754806482767e-30
11,130,8.170199021742047e-32
11,131,4.135483445361544e-31
11,132,8.462026543696489e-31
11,133,7.190498830070714e-31
11,134,1.504954011706516e-30
11,135,2.1295682444990696e-30
11,136,7.422774123516078e-30
11,137,2.271451533456121e-30
11,138,1.1121062842861412e-30
11,139,5.243588593850905e-31
11,140,5.885702082070721e-31
11,141,1.59909455624794e-30
11,142,5.034913486799036e-16
11,143,2.914120454392923e-30
11,144,9.772679325860003e-31
11,145,1.4756272087860965e-30
11,146,6.211944698458162e-31
11,147,3.928463878574855e-31
11,148,4.983652315096409e-31
11,149,6.606277878494161e-31
12,13,9.211587450631349e-31
12,14,1.6843664971054942e-30
12,15,8.570770348685246e-31
12,16,6.192764640048954e-31
12,17,1.5790043551674132e-30
12,18,5.8964705621850635e-30
12,19,1.8682141792666078e-30
12,20,3.003214945120151e-31
12,21,9.906091103103118e-31
12,22,1.3489709130189898e-30
12,23,6.463046250728786e-31
12,24,1.5165482832296992e-30
12,25,1.3289597032769924e-30
12,26,3.0545011605644616e-30
12,27,8.825939513047747e-31
12,28,9.964045161189305e-31
12,29,1.2840997339479275e-30
12,30,1.9256852740879654e-30
12,31,1.7874838198243484e-30
12,32,7.4818234630714e-31
12,33,1.311374423084757e-30
12,34,7.249597496136823e-31
12,35,2.5202903803064805e-30
12,36,1.5239470195278032e-30
12,37,1.3739733306884829e-30
12,38,2.1156186081046398e-30
12,39,1.6688954309909637e-30
12,40,2.584143012453646e-30
12,41,2.973339053531726e-30
12,42,6.696442691545808e-16
12,43,1.2557857751429046e-31
12,44,1.3597799806136295e-30
12,45,1.0756012991139251e-15
12,46,1.534527791423598e-30
12,47,6.247067330311255e-31
12,48,1.7155814443212467e-30
12,49,1.5661510544544424e-30
12,50,2.0124166660071026e-30
12,51,1.8221535600079154e-30
12,52,9.247717496471213e-31
12,53,1.073348502501878e-30
12,54,1.353878156902764e-30
12,55,1.9864790660746253e-30
12,56,1.8658199977340748e-30
12,57,1.997701416154771e-30
12,58,9.098521082305913e-31
12,59,1.2466972101415218e-30
12,60,1.185485983783722e-30
12,61,1.0878684538850796e-30
12,62,1.4630645325045168e-30
12,63,2.6855273174186387e-30
12,64,2.0056714671274844e-30
12,65,1.8350808356259812e-30
12,66,2.2542721087073853e-30
12,67,1.3683830921640153e-30
12,68,1.578789378679843e-30
12,69,2.3240372803636665e-30
12,70,1.7310298093203474e-30
12,71,7.606280553587105e-31
12,72,1.6511221398639985e-30
12,73,5.133843714892313e-16
12,74,1.1964716016157878e-30
12,75,2.7755575615628485e-17
12,76,1.1308073194602075e-30
12,77,7.01422455605943e-31
12,78,5.194446892679251e-16
12,79,4.995486237681175e-31
12,80,1.1037536364254127e-30
12,81,1.630392452951774e-30
12,82,2.748408837596483e-30
12,83,1.2131551224874001e-30
12,84,1.6629089841003463e-30
12,85,6.949665785424757e-31
12,86,2.133070408407959e-30
12,87,2.2648869006386284e-30
12,88,6.235190175029177e-31
12,89,1.9895492458583987e-30
12,90,1.5930146651145217e-30
12,91,1.8304176182281037e-30
12,92,6.537819839745913e-31
12,93,1.2110252890663016e-30
12,94,1.4223696761011032e-30
12,95,1.7109685898544708e-16
12,96,2.9142018047530407e-30
12,97,6.988142354973999e-31
12,98,7.618537079306294e-31
12,99,1.6966487990562258e-30
12,100,1.8126968875510332e-30
12,101,1.4036732383760506e-30
12,102,2.874401055185517e-30
12,103,2.562251248650633e-30
12,104,1.454029395539096e-30
12,105,1.8743894513300413e-30
12,106,1.2453072799759607e-30
12,107,1.2573765909016595e-15
12,108,8.337032688464605e-31
12,109,1.1051391047145134e-30
12,110,2.8102040239889165e-30
12,111,1.1941573275930103e-31
12,112,2.6550151683293525e-30
12,113,4.563858934612996e-31
12,114,1.3581276955447321e-30
12,115,1.859088281691068e-30
12,116,2.0095674607518763e-30
12,117,1.0194048399500273e-30
12,118,2.2428545410936833e-30
12,119,1.2253034326606746e-30
12,120,2.2429231218277267e-30
12,121,1.1562746566582712e-30
12,122,3.1535404608935896e-30
12,123,9.77801897228019e-31
12,124,8.838461303969063e-31
12,125,1.654922930162125e-30
12,126,1.7400004007329528e-30
12,127,1.011183342326003e-30
12,128,2.0764148922176757e-30
12,129,2.145348815221731e-30
12,130,1.2562842221058784e-31
12,131,6.368877020579576e-31
12,132,1.2503541107607977e-30
12,133,9.171319766116443e-31
12,134,1.872614632307974e-30
12,135,3.326517982492832e-30
12,136,9.13427993919903e-30
12,137,2.156855993903209e-30
12,138,8.534968805235382e-31
12,139,9.870623861002988e-31
12,140,7.582969556203708e-31
12,141,1.9469610100517953e-30
12,142,4.098061628996899e-16
12,143,3.465683801257626e-30
12,144,2.651869082405878e-30
12,145,2.125535593400454e-30
12,146,5.755021711368981e-31
12,147,3.221695605613827e-31
12,148,1.1284822785772789e-30
12,149,1.1568368134364395e-30
13,14,1.1588964757803109e-30
13,15,4.051005335130794e-31
13,16,3.96672216213427e-31
13,17,9.972109721938377e-31
13,18,2.8959476296184882e-30
13,19,7.755040251087567e-31
13,20,2.1766696486003433e-31
13,21,6.516079792939754e-31
13,22,6.245350466396236e-31
13,23,2.8372376914165267e-31
13,24,1.0867858102429197e-30
13,25,9.492286961315343e-31
13,26,1.1521784632330327e-30
13,27,3.6390575166848874e-31
13,28,3.1325002631475396e-31
13,29,8.35814591946121e-31
13,30,1.1084845045573622e-30
13,31,6.498159068908643e-31
13,32,4.257531059816231e-31
13,33,4.369592814757052e-31
13,34,2.982938770069059e-31
13,35,9.939973383899851e-31
13,36,1.099883028497129e-30
13,37,5.74558441048161e-31
13,38,1.3069454369974299e-30
13,39,5.810246227317304e-31
13,40,1.1247957137442452e-30
13,41,1.0789482346296981e-30
13,42,1.2118649763901625e-30
13,43,4.4352735422269154e-32
13,44,9.973513180984687e-31
13,45,7.580880525408316e-16
13,46,1.0645707298584104e-30
13,47,4.48312540473798e-31
13,48,7.105566274138082e-31
13,49,9.711081367319514e-31
13,50,1.1268882138119207e-30
13,51,8.245237305727986e-31
13,52,6.104705750252117e-31
13,53,5.919875872568092e-31
13,54,9.354514424333855e-31
13,55,1.1859583756461124e-30
13,56,6.394258241292774e-31
13,57,7.023240380709562e-31
13,58,3.5327232402370946e-31
13,59,9.094376819901577e-31
13,60,8.512746404044323e-31
13,61,7.1539484154367296e-31
13,62,9.184084485159842e-31
13,63,1.2841100732012176e-30
13,64,1.3948707957399664e-30
13,65,7.160814089560988e-31
13,66,8.565903824191681e-31
13,67,6.408808442105149e-31
13,68,1.1538540048172105e-30
13,69,9.831033384704943e-31
13,70,8.07001753186641e-31
13,71,4.5651201447695235e-31
13,72,9.96013584951858e-31
13,73,6.938828791625921e-31
13,74,8.406777199660648e-31
13,75,1.0609653375083237e-30
13,76,7.041451310399279e-31
13,77,5.038246140299679e-31
13,78,3.82857756498248e-30
13,79,3.333067206144367e-31
13,80,3.701353398630961e-31
13,81,1.0785573065519466e-30
13,82,1.7884891592242847e-30
13,83,5.41533981849985e-31
13,84,9.464837957002693e-31
13,85,3.4216368416578063e-31
13,86,1.4791834024471876e-30
13,87,1.4718145372488635e-30
13,88,4.535058770814836e-31
13,89,7.032969519724919e-31
13,90,6.663539909598062e-31
13,91,6.369297406555731e-31
13,92,3.837602865700258e-31
13,93,5.737330095516179e-31
13,94,7.05057175567995e-31
13,95,1.2997777921960129e-30
13,96,1.06099065399747e-30
13,97,5.065126555813798e-31
13,98,2.5619009399016916e-31
13,99,6.400330393253091e-31
13,100,6.55069698650954e-31
13,101,9.878226206652527e-31
13,102,1.0174082508016404e-30
13,103,1.704940891054873e-30
13,104,9.16399189025371e-31
13,105,9.745586896456568e-31
13,106,4.8580586961940865e-31
13,107,4.440892098500624e-16
13,108,5.6339642772405695e-31
13,109,7.685867574100146e-31
13,110,1.0377391351519086e-30
13,111,8.41646810624077e-32
13,112,9.310205049867866e-31
13,113,3.167415014779721e-31
13,114,7.024882720178875e-31
13,115,1.0789648135113818e-30
13,116,1.4892171370475095e-30
13,117,7.2570973712638024e-31
13,118,9.433310177453287e-31
13,119,8.868939982145005e-31
13,120,7.869715727668682e-31
13,121,7.587110571816848e-31
13,122,1.1272229733191228e-30
13,123,6.951585735597872e-31
13,124,5.866656840869706e-31
13,125,1.1233315227034755e-30
13,126,1.0805649517704732e-30
13,127,5.135235195002712e-31
13,128,1.4124817204786104e-30
13,129,7.460271624130531e-31
13,130,4.437033992672239e-32
13,131,3.6884738935307715e-31
13,132,6.521938100980878e-31
13,133,4.1390633785779165e-31
13,134,1.2780180567472948e-30
13,135,2.115311607211706e-30
13,136,3.2617810046380425e-30
13,137,1.4613882392343063e-30
13,138,6.020513731122145e-31
13,139,5.2948364756955255e-31
13,140,2.6630534254433247e-31
13,141,6.696783563905219e-31
13,142,6.129223333130435e-31
13,143,2.38851213984575e-30
13,144,1.1749833626396858e-30
13,145,1.3722882438761068e-30
13,146,2.810182673173002e-31
13,147,1.8686363684693043e-31
13,148,4.592594735213826e-31
13,149,7.041955958121669e-31
14,15,7.305610167140732e-31
14,16,9.479929923272964e-31
14,17,2.2804221202914946e-30
14,18,3.356673116808024e-16
14,19,1.3949155110815254e-30
14,20,4.689977494179047e-31
14,21,1.3813899236185863e-30
14,22,1.462413291748083e-30
14,23,7.171895946739401e-31
14,24,2.4082879177079625e-30
14,25,2.0861396430677308e-30
14,26,2.8916772933329265e-30
14,27,9.399643702433313e-31
14,28,7.1481552495667185e-31
14,29,1.931616237048364e-30
14,30,2.1872350072018238e-30
14,31,1.5236430037270328e-30
14,32,7.792668032483162e-31
14,33,1.1816753888315297e-30
14,34,6.992553193430154e-31
14,35,1.767673500516829e-30
14,36,2.3141373132831613e-30
14,37,1.23226338107182e-30
14,38,2.538657395695311e-30
14,39,1.3525732287206099e-30
14,40,2.175565643023231e-30
14,41,2.2444057956681198e-30
14,42,5.3361853629503375e-16
14,43,9.275486992864949e-32
14,44,2.1116761074722487e-30
14,45,1.5408133824406819e-15
14,46,2.6223728895099737e-30
14,47,9.443223008140255e-31
14,48,1.88590364493572e-30
14,49,1.8683746045862196e-30
14,50,2.0461031465158868e-30
14,51,1.6515091202774012e-30
14,52,1.2950979820859697e-30
14,53,1.0623777385055697e-30
14,54,2.1822656687190884e-30
14,55,2.2351935165075713e-30
14,56,1.3649096146358845e-30
14,57,1.7185006543883684e-30
14,58,8.258367708954826e-31
14,59,1.872941081024268e-30
14,60,1.8032184215697605e-30
14,61,1.659914574770163e-30
14,62,2.060238677337627e-30
14,63,2.256368882573074e-30
14,64,3.04081794334673e-30
14,65,1.2736617131714671e-30
14,66,2.071676703543464e-30
14,67,1.209147604328317e-30
14,68,2.607413704235479e-30
14,69,1.7459519376387147e-30
14,70,2.0504676981864428e-30
14,71,8.923463325332762e-31
14,72,2.385246547912274e-30
14,73,4.096298895402259e-16
14,74,1.6946219299271772e-30
14,75,2.5683868450994865e-16
14,76,1.3744359307238655e-30
14,77,1.059078452703403e-30
14,78,7.372227820042449e-16
14,79,7.814817974174286e-31
14,80,9.982261045848772e-31
14,81,2.2582663175395656e-30
14,82,3.516059461219036e-30
14,83,1.1394125873612087e-30
14,84,1.875487812004665e-30
14,85,8.14872384551672e-31
14,86,3.1008344017758543e-30
14,87,2.9022948138809573e-30
14,88,1.0212671465884076e-30
14,89,1.4302081986627675e-30
14,90,1.1554504766041638e-30
14,91,1.395023259845223e-30
14,92,8.251902752599748e-31
14,93,1.0662921593020005e-30
14,94,1.3573921964948972e-30
14,95,3.828368073791409e-16
14,96,2.6305009407304485e-30
14,97,1.1095626356814391e-30
14,98,6.706136895888933e-31
14,99,1.3302598294433498e-30
14,100,1.6169331644573082e-30
14,101,1.9891227819723464e-30
14,102,2.1126189745368958e-30
14,103,3.356300182828431e-30
14,104,1.8620283697825865e-30
14,105,2.4511367051710172e-30
14,106,8.850196446965483e-31
14,107,9.287237078883158e-16
14,108,1.1124000843594033e-30
14,109,1.580005602770211e-30
14,110,1.949569411543303e-30
14,111,1.710646493836213e-31
14,112,2.300785759267876e-30
14,113,7.296023475919057e-31
14,114,1.7623275117765988e-30
14,115,1.936961510262772e-30
14,116,3.0561284555766887e-30
14,117,1.594913486663693e-30
14,118,2.3852979095094868e-30
14,119,1.8035891477492503e-30
14,120,1.8758446850178914e-30
14,121,1.5664255095152616e-30
14,122,2.6656950019292217e-30
14,123,1.4304862980915033e-30
14,124,1.3775489473127904e-30
14,125,2.279869204366334e-30
14,126,2.348723447434771e-30
14,127,1.0415204234291665e-30
14,128,2.8505967011901198e-30
14,129,1.5227591044439828e-30
14,130,9.279168622656599e-32
14,131,6.8845100466207285e-31
14,132,1.2971982135923767e-30
14,133,1.0166588103894663e-30
14,134,2.5449474672115495e-30
14,135,4.365774512467116e-30
14,136,6.735207103894391e-30
14,137,3.254126096088837e-30
14,138,1.3959761362640983e-30
14,139,1.0147133955225648e-30
14,140,6.142294081945282e-31
14,141,1.1102251422055067e-16
14,142,8.026879050118867e-16
14,143,4.853257365588566e-30
14,144,2.0098304216858295e-30
14,145,2.7152640396961083e-30
14,146,7.007340255268296e-31
14,147,4.525699468775138e-31
14,148,8.032844539549801e-31
14,149,1.3245147486065078e-30
15,16,1.8100429446043948e-31
15,17,7.426284143992794e-31
15,18,2.2153747013155922e-30
15,19,8.716397888632412e-31
15,20,1.1629179096563255e-31
15,21,7.696507674757134e-31
15,22,4.7461849420323525e-31
15,23,2.5767204753305326e-31
15,24,5.586418984665923e-31
15,25,5.539992540882888e-31
15,26,1.103284560410554e-30
15,27,2.2580221019867575e-31
15,28,5.636659475593687e-31
15,29,3.894497301451431e-31
15,30,8.949093107778623e-31
15,31,9.123970358561678e-31
15,32,4.374024234273386e-31
15,33,3.197236591166265e-31
15,34,3.845574471598634e-31
15,35,1.223616192956608e-30
15,36,6.136332145002292e-31
15,37,7.134742962968559e-31
15,38,1.1107064187556422e-30
15,39,6.197439769800708e-31
15,40,7.244179463858313e-31
15,41,8.879816949520797e-31
15,42,8.903808709207326e-31
15,43,4.469789810205313e-32
15,44,5.56714911083979e-31
15,45,4.518280359883026e-16
15,46,7.350838396628568e-31
15,47,2.5591950294593674e-31
15,48,7.230532074380624e-31
15,49,6.681895998690987e-31
15,50,8.881228013895865e-31
15,51,9.595070100658648e-31
15,52,8.385142113426608e-31
15,53,4.667608542696263e-31
15,54,5.808008788383154e-31
15,55,8.8235321562518e-31
15,56,1.0714510283183948e-30
15,57,6.590402456455284e-31
15,58,5.01687667342495e-31
15,59,5.039316666197391e-31
15,60,4.910072091893685e-31
15,61,3.5242958259644074e-31
15,62,6.5612759740507754e-31
15,63,1.0262495945189305e-30
15,64,9.01766477918576e-31
15,65,7.111132430419242e-31
15,66,1.1588673125677483e-30
15,67,6.726445977746297e-31
15,68,6.461358983669025e-31
15,69,1.0403456733661237e-30
15,70,1.0061158468662532e-30
15,71,5.284055377358103e-31
15,72,6.415137433310393e-31
15,73,7.850481459563187e-16
15,74,5.3723069353510115e-31
15,75,8.28981531137904e-31
15,76,4.436344290380452e-31
15,77,2.7645405520564863e-31
15,78,2.611718310044797e-30
15,79,3.6689350924342896e-31
15,80,5.503049726238212e-31
15,81,8.176407438548448e-31
15,82,1.1714290057112037e-30
15,83,8.471730844822407e-31
15,84,8.512779941011422e-31
15,85,2.9451120527537756e-31
15,86,8.745423376084807e-31
15,87,9.534414172471155e-31
15,88,6.22735326365962e-31
15,89,8.08156529851251e-31
15,90,5.988999446903056e-31
15,91,7.626576967657148e-31
15,92,2.9543389260083006e-31
15,93,5.760993431385991e-31
15,94,7.2353717940188e-31
15,95,1.5287911884872782e-30
15,96,1.1276624406135719e-30
15,97,2.9825905146606116e-31
15,98,7.197382614185928e-31
15,99,8.41969660627157e-31
15,100,8.230498698523186e-31
15,101,8.84393837874334e-31
15,102,1.029325648216915e-30
15,103,1.1114821250658172e-30
15,104,7.332970307542152e-31
15,105,6.129011993199588e-31
15,106,5.212115237643073e-31
15,107,4.47545209131181e-16
15,108,3.61635943405196e-31
15,109,4.403695511631252e-31
15,110,1.165724946144157e-30
15,111,5.016298887253777e-32
15,112,9.355023379155027e-31
15,113,1.6011418425962996e-31
15,114,3.5018630676177975e-31
15,115,8.209543671559093e-31
15,116,8.33515551158041e-31
15,117,5.0450601770284715e-31
15,118,7.338933532964218e-31
15,119,5.244004639645478e-31
15,120,8.323614965880876e-31
15,121,5.627753845840519e-31
15,122,1.0227487578134866e-30
15,123,4.0928393578742915e-31
15,124,4.253422764159555e-31
15,125,6.498595350449919e-31
15,126,8.075149598337641e-31
15,127,6.593921049472365e-31
15,128,9.79512504522302e-31
15,129,1.2943947318131775e-30
15,130,4.471563960860726e-32
15,131,2.255526086138558e-31
15,132,6.271108326836744e-31
15,133,7.209261623553461e-31
15,134,8.229084702774388e-31
15,135,1.428922800261171e-30
15,136,3.023308995497371e-30
15,137,7.5332806178039995e-31
15,138,6.278544024999305e-31
15,139,4.1155209328708235e-31
15,140,2.6387024107607692e-31
15,141,8.438744275887983e-31
15,142,4.162548668564422e-31
15,143,1.8089333777087832e-30
15,144,1.0521268325040978e-30
15,145,1.0574685031692315e-30
15,146,1.9504977315723715e-31
15,147,8.891791154454014e-32
15,148,4.47641326610828e-31
15,149,5.525241100902692e-31
16,17,9.191456959749584e-31
16,18,1.6906613801868137e-30
16,19,5.590361323921054e-31
16,20,1.872595450985458e-31
16,21,5.279995688193741e-31
16,22,6.954628753185736e-31
16,23,3.6045876880621727e-31
16,24,1.013440403775205e-30
16,25,8.886270257691599e-31
16,26,1.4969858881870816e-30
16,27,4.846772561582532e-31
16,28,3.0662176050103408e-31
16,29,8.78208169301814e-31
16,30,6.966845335621234e-31
16,31,8.185334485682447e-31
16,32,2.0200900551474315e-31
16,33,5.696804954126243e-31
16,34,3.467787830241082e-31
16,35,5.516736152742778e-31
16,36,8.781747058363309e-31
16,37,6.111569451536412e-31
16,38,9.75301131260923e-31
16,39,6.532373195550728e-31
16,40,6.419946956870593e-31
16,41,1.1559809625513198e-30
16,42,2.2258604587745773e-16
16,43,3.9979015443019836e-32
16,44,9.105932448997859e-31
16,45,5.360492026881257e-16
16,46,9.188555571955235e-31
16,47,3.923517708660507e-31
16,48,8.956845967370122e-31
16,49,6.108941977485788e-31
16,50,5.635602350246934e-31
16,51,7.383358980171051e-31
16,52,5.3681069338662386e-31
16,53,2.5146312119699897e-31
16,54,9.541911902728861e-31
16,55,6.31677854708168e-31
16,56,5.268554332265855e-31
16,57,7.892188066054108e-31
16,58,4.44478210521553e-31
16,59,7.0454223861768395e-31
16,60,7.308166924078733e-31
16,61,6.932532725356932e-31
16,62,7.7517742307497314e-31
16,63,5.725367012337206e-31
16,64,1.3035170654719078e-30
16,65,4.852091779540568e-31
16,66,9.919957740752491e-31
16,67,5.347233955166664e-31
16,68,1.0614916406645018e-30
16,69,8.654422675995184e-31
16,70,1.047447221975982e-30
16,71,2.6790188454272665e-31
16,72,1.1116048226018002e-30
16,73,1.6653345369377336e-16
16,74,6.2914357309396625e-31
16,75,5.8043023614520166e-31
16,76,4.163606425298759e-31
16,77,4.028879340247398e-31
16,78,2.1263236776925626e-30
16,79,3.8391792208184477e-31
16,80,4.462650322257257e-31
16,81,7.971262316594661e-31
16,82,1.0760336216883747e-30
16,83,4.551341014155787e-31
16,84,7.419254594053375e-31
16,85,4.189632530908513e-31
16,86,1.269551183962305e-30
16,87,8.851248645258882e-31
16,88,4.26695996800887e-31
16,89,5.729123760482127e-31
16,90,4.0928695892528326e-31
16,91,6.566228580879635e-31
16,92,3.4346558640459686e-31
16,93,4.514256361426634e-31
16,94,4.535878892661155e-31
16,95,1.090707657680722e-30
16,96,1.2747596878691385e-30
16,97,4.857505023844851e-31
16,98,3.4048714576718207e-31
16,99,6.701002686677487e-31
16,100,7.97630852224074e-31
16,101,7.697148214103912e-31
16,102,9.015143050560971e-31
16,103,1.1745267994325022e-30
16,104,5.673492314133656e-31
16,105,1.1810258409019367e-30
16,106,2.4259593945977476e-31
16,107,4.002966042486717e-16
16,108,3.6540694490134616e-31
16,109,5.697951300416277e-31
16,110,8.893861010130396e-31
16,111,5.951341671563148e-32
16,112,1.0551532500626232e-30
16,113,3.2800443183282003e-31
16,114,8.76747521294677e-31
16,115,6.933104328318641e-31
16,116,1.2463391283064405e-30
16,117,5.635431107459841e-31
16,118,1.1837805808272655e-30
16,119,7.2787023140966275e-31
16,120,8.99040892616521e-31
16,121,5.38138425482062e-31
16,122,1.3370730006946158e-30
16,123,5.3713590947216695e-31
16,124,6.5713952587341895e-31
16,125,8.561545133473195e-31
16,126,9.992847057721039e-31
16,127,3.7492909021154156e-31
16,128,9.598186003305935e-31
16,129,6.540647805767805e-31
16,130,3.9994883928891167e-32
16,131,1.9266296848573881e-31
16,132,4.476211872188891e-31
16,133,4.2807225538285e-31
16,134,8.318306504762781e-31
16,135,1.2675324531617308e-30
16,136,3.964654961172571e-30
16,137,1.3175309937156561e-30
16,138,6.314896140410173e-31
16,139,1.7821909664082737e-31
16,140,3.0475866163583253e-31
16,141,7.973612775178931e-31
16,142,6.244849767541054e-31
16,143,1.7778073370586945e-30
16,144,4.191894908542824e-31
16,145,8.845620563950262e-31
16,146,3.4958408872860917e-31
16,147,2.148046281275532e-31
16,148,2.175580609709064e-31
16,149,3.7751091909886256e-31
17,18,4.443210791940195e-16
17,19,1.68504194449106e-30
17,20,4.206435309162849e-31
17,21,1.2139126907240358e-30
17,22,1.3869612217733152e-30
17,23,8.079312836966717e-31
17,24,2.2305415659151794e-30
17,25,1.8849872443580936e-30
17,26,3.5132414844610465e-30
17,27,1.072644995728616e-30
17,28,7.088837468401198e-31
17,29,1.8464578345367857e-30
17,30,1.8182718567700917e-30
17,31,1.964527512226724e-30
17,32,7.045426049092704e-31
17,33,1.3226560943764277e-30
17,34,7.559887014695871e-31
17,35,2.1916933646205643e-30
17,36,2.0395728528526882e-30
17,37,1.4239530881947772e-30
17,38,2.1655084202246634e-30
17,39,1.5763112453940477e-30
17,40,2.0737864409397076e-30
17,41,3.0311494061099113e-30
17,42,5.107287823878063e-16
17,43,1.2264198725613637e-31
17,44,1.9559208750977257e-30
17,45,1.3345022048798225e-15
17,46,2.4272043371776888e-30
17,47,8.393390665639015e-31
17,48,2.135163722036618e-30
17,49,1.608391637782559e-30
17,50,1.8309819032643955e-30
17,51,1.755428717345365e-30
17,52,1.1403198262370476e-30
17,53,9.68611691086309e-31
17,54,2.047711226799375e-30
17,55,1.9268304373317403e-30
17,56,1.781561351591476e-30
17,57,2.084118957001268e-30
17,58,1.0011037992529326e-30
17,59,1.662146757246372e-30
17,60,1.615731502339949e-30
17,61,1.5302366671255966e-30
17,62,1.7785888004136917e-30
17,63,2.2516295535398308e-30
17,64,2.741261864119965e-30
17,65,1.6827423163470027e-30
17,66,2.622319116302121e-30
17,67,1.2405323716742112e-30
17,68,2.390596734917779e-30
17,69,2.062405508048236e-30
17,70,2.210043027264034e-30
17,71,7.625182483450312e-31
17,72,2.4008720498948438e-30
17,73,4.0269504754516803e-16
17,74,1.4768567148993681e-30
17,75,2.0256935819022748e-16
17,76,1.1415807683857215e-30
17,77,9.415470072806603e-31
17,78,4.546961397790516e-16
17,79,7.151593813380898e-31
17,80,1.0968693562546786e-30
17,81,1.9138655559818595e-30
17,82,2.989474020034098e-30
17,83,1.191595742989315e-30
17,84,1.622419795598071e-30
17,85,8.623582159743667e-31
17,86,2.7229300469023842e-30
17,87,2.584564796365041e-30
17,88,9.30097329089358e-31
17,89,1.7762684884634893e-30
17,90,1.3785288794178556e-30
17,91,1.8201521087581588e-30
17,92,7.590035753065314e-31
17,93,1.1266752146519793e-30
17,94,1.2329446006198371e-30
17,95,2.871897454095176e-16
17,96,3.253860782041845e-30
17,97,1.0371592567075652e-30
17,98,7.345815646313825e-31
17,99,1.5246074059413295e-30
17,100,1.9981811052564002e-30
17,101,1.688904366995088e-30
17,102,2.7815014104369812e-30
17,103,2.865369815230527e-30
17,104,1.6581869234558346e-30
17,105,2.5418716779982213e-30
17,106,1.0747025186519486e-30
17,107,1.2279734879141883e-15
17,108,9.575455944248278e-31
17,109,1.379288146144815e-30
17,110,2.6268201366182706e-30
17,111,1.4815950742706175e-31
17,112,2.7373444991088517e-30
17,113,6.819278051293809e-31
17,114,1.8729163226898483e-30
17,115,1.7907232401699597e-30
17,116,2.6886546007522272e-30
17,117,1.4436147645362839e-30
17,118,2.6746877634646697e-30
17,119,1.5727752562873316e-30
17,120,2.3226829757426593e-30
17,121,1.3308125535311051e-30
17,122,3.396630989478715e-30
17,123,1.2513312484279746e-30
17,124,1.2978916423224308e-30
17,125,1.8861579467835756e-30
17,126,2.2054493802158982e-30
17,127,9.814903833459544e-31
17,128,2.480211044097127e-30
17,129,1.9012162630583876e-30
17,130,1.2269066635992215e-31
17,131,5.917957599287767e-31
17,132,1.126289847707362e-30
17,133,8.964433879985512e-31
17,134,2.1884593544269914e-30
17,135,3.8248345324786276e-30
17,136,9.490983640104706e-30
17,137,2.8649450601594556e-30
17,138,1.3340041642690255e-30
17,139,8.60041593024732e-31
17,140,7.885519596719426e-31
17,141,2.0045998291716957e-30
17,142,3.49423608945177e-16
17,143,4.251537344769298e-30
17,144,2.26472699778049e-30
17,145,2.3180692378487357e-30
17,146,7.497332782388973e-31
17,147,4.62708194800789e-31
17,148,9.777081965106035e-31
17,149,1.1574276331464963e-30
18,19,3.340683594377322e-16
18,20,9.051560300775627e-31
18,21,2.739937450093378e-30
18,22,3.4986352251639815e-30
18,23,1.8208108472043033e-30
18,24,4.529801528803146e-30
18,25,3.7945843850244045e-30
18,26,8.729341901004428e-30
18,27,2.5094492080910813e-30
18,28,2.4459320024251983e-30
18,29,3.5811149810874345e-30
18,30,5.8918637324585196e-30
18,31,4.128498373019377e-16
18,32,2.2409900104150447e-30
18,33,3.722793430552998e-30
18,34,1.8837388177142303e-30
18,35,7.525893428907441e-30
18,36,4.655348394003775e-30
18,37,2.8390698730193563e-16
18,38,8.059876986812443e-16
18,39,4.970657977696142e-30
18,40,8.181580396152589e-30
18,41,9.186964205100354e-16
18,42,1.2567254476992032e-15
18,43,3.6791849683470748e-31
18,44,4.594763666442216e-30
18,45,3.3329956819238135e-15
18,46,4.691378057918723e-30
18,47,1.98456877277533e-30
18,48,1.6941082594498136e-15
18,49,4.964423550667766e-30
18,50,6.2858380399858545e-30
18,51,5.327637981975875e-30
18,52,2.4455824752771475e-30
18,53,3.356094118324164e-30
18,54,3.8676045723078e-30
18,55,6.255313045037502e-30
18,56,5.300402533658248e-30
18,57,5.758401571930267e-30
18,58,2.576758148414643e-30
18,59,4.018593170757057e-30
18,60,3.68477023434484e-30
18,61,2.9729529037981923e-30
18,62,4.2513737497190864e-30
18,63,1.2509268882770976e-16
18,64,1.3350520229937882e-15
18,65,5.521480712202729e-30
18,66,6.275289560747163e-30
18,67,4.093261229694153e-30
18,68,4.828390705188021e-30
18,69,7.07805302723543e-30
18,70,4.836352774788699e-30
18,71,2.4320256711852318e-30
18,72,4.587082026404873e-30
18,73,7.627858441980923e-16
18,74,3.6292491949509326e-30
18,75,4.412047806966432e-16
18,76,3.484699852010024e-30
18,77,2.2005831477749334e-30
18,78,7.521021617630727e-16
18,79,1.3430108876467519e-30
18,80,2.6267746850833406e-16
18,81,4.6181113224356965e-30
18,82,8.677672059557982e-30
18,83,6.363789094562337e-16
18,84,5.0296083852791575e-30
18,85,2.01394377852339e-30
18,86,5.106750141364477e-16
18,87,2.3142960131231776e-16
18,88,1.9099002162562124e-30
18,89,5.800185008171028e-30
18,90,4.869930257921864e-30
18,91,5.290281911073378e-30
18,92,2.1257990897101763e-30
18,93,3.543233709509651e-30
18,94,3.376614336454109e-16
18,95,6.983377890204809e-16
18,96,8.199442913070464e-30
18,97,2.170108290203133e-30
18,98,2.274177090670452e-30
18,99,4.7704769460691275e-30
18,100,5.091769920638709e-30
18,101,4.439611198924321e-30
18,102,8.435312193382619e-30
18,103,8.017617471080812e-30
18,104,4.447807157347509e-30
18,105,5.21576553697679e-30
18,106,3.740437561902245e-30
18,107,3.680834411953897e-15
18,108,2.6101182902590143e-30
18,109,3.782519949134184e-30
18,110,8.327306398116039e-30
18,111,3.700368547048044e-31
18,112,3.666471030805041e-16
18,113,1.2742972294995423e-30
18,114,3.755524222858561e-30
18,115,5.663848393177264e-30
18,116,6.452545297496317e-30
18,117,3.1594284947242046e-30
18,118,6.330248889313492e-30
18,119,3.713755875586846e-30
18,120,6.493836746626702e-30
18,121,3.6161272415225845e-30
18,122,9.158263995442408e-30
18,123,2.9965145095032467e-30
18,124,2.6094210321626755e-30
18,125,4.7700436770515006e-30
18,126,5.017888137584266e-30
18,127,3.346832615626992e-30
18,128,6.440021595171935e-30
18,129,4.1662265449432775e-16
18,130,3.6806453118308052e-31
18,131,2.0625500487145173e-30
18,132,3.7564667714055544e-30
18,133,8.802641177497676e-16
18,134,5.8400875889173e-30
18,135,5.399903723048853e-16
18,136,5.832619135664837e-16
18,137,2.51553228468857e-16
18,138,2.4621697845427445e-30
18,139,3.2687754120016364e-30
18,140,2.203000681174839e-30
18,141,5.532515688235654e-30
18,142,5.142277524252916e-16
18,143,2.794790781573641e-16
18,144,8.159796359490894e-30
18,145,6.259396193017719e-30
18,146,1.6177261787344132e-30
18,147,8.938606336847921e-31
18,148,3.41390798317535e-30
18,149,3.6033414721817665e-30
19,20,2.2183989461626582e-31
19,21,9.212139234662717e-31
19,22,1.093238561620585e-30
19,23,7.171024041860875e-31
19,24,1.265644415022485e-30
19,25,9.766535958942885e-31
19,26,3.445821557348595e-30
19,27,9.79372209105425e-31
19,28,7.646118884496154e-31
19,29,1.0973430592723814e-30
19,30,1.7474582376355926e-30
19,31,2.107438886161687e-30
19,32,6.702317427915568e-31
19,33,1.304952948582796e-30
19,34,6.847953623844577e-31
19,35,2.6580967528164374e-30
19,36,1.0993201537033087e-30
19,37,1.5491499644893823e-30
19,38,2.0698768395767404e-30
19,39,1.7383008721234624e-30
19,40,2.4677528352965275e-30
19,41,3.358839192145466e-30
19,42,4.099525980325932e-16
19,43,1.3844124864908715e-31
19,44,1.3378711934856806e-30
19,45,7.813928022875713e-16
19,46,1.2434309593370573e-30
19,47,4.697975098821714e-31
19,48,1.8486558799900852e-30
19,49,1.3296466122671007e-30
19,50,1.8576017143540427e-30
19,51,1.9788626450714533e-30
19,52,7.17756286907235e-31
19,53,9.80947228684382e-31
19,54,1.1544490621794276e-30
19,55,1.723243015520848e-30
19,56,2.0540798155348806e-30
19,57,2.2022316397587983e-30
19,58,1.03186946660486e-30
19,59,1.0696727682132594e-30
19,60,9.325985329701714e-31
19,61,7.504949619607287e-31
19,62,1.415656784038984e-30
19,63,2.635083865140617e-30
19,64,1.4127835017211955e-30
19,65,2.00718944117743e-30
19,66,2.5886341965500538e-30
19,67,1.4546186393986058e-30
19,68,1.4543566185593592e-30
19,69,2.4789717818618595e-30
19,70,1.905795963933998e-30
19,71,6.14294821999797e-31
19,72,1.665412525813827e-30
19,73,5.45696175862939e-16
19,74,8.665725190382797e-31
19,75,3.847881014348613e-16
19,76,9.250613415838561e-31
19,77,5.120817552448708e-31
19,78,4.6715623306225565e-16
19,79,5.077881520026775e-31
19,80,1.1640205231910408e-30
19,81,1.131285709979413e-30
19,82,2.1491261278842896e-30
19,83,1.288821688278468e-30
19,84,1.6060937921982418e-30
19,85,8.595861962690321e-31
19,86,1.928097181066736e-30
19,87,1.9325712232720908e-30
19,88,4.9802386305622995e-31
19,89,2.062805198296183e-30
19,90,1.662398907948716e-30
19,91,2.000704714106166e-30
19,92,7.129091465388562e-31
19,93,1.3312548780428036e-30
19,94,1.3575119432988752e-30
19,95,1.4641723837533764e-16
19,96,3.237007190288766e-30
19,97,7.43819874980952e-31
19,98,8.076910559009506e-31
19,99,1.6657165166179284e-30
19,100,2.015879259860744e-30
19,101,1.1614366294069087e-30
19,102,3.15718280625274e-30
19,103,2.0701219705900897e-30
19,104,1.1210090554823047e-30
19,105,2.030875315997475e-30
19,106,1.2941087025532982e-30
19,107,1.3861662451682832e-15
19,108,6.3538612390776755e-31
19,109,9.862174302758875e-31
19,110,3.0602583567775217e-30
19,111,8.675202803760347e-32
19,112,2.923430889739647e-30
19,113,3.7285785018580775e-31
19,114,1.440599504435698e-30
19,115,1.7980049941977637e-30
19,116,1.7846077730080214e-30
19,117,7.536558196011433e-31
19,118,2.4512349909159022e-30
19,119,9.579247310137814e-31
19,120,2.463724345889947e-30
19,121,9.091759852363378e-31
19,122,3.552074467745231e-30
19,123,7.015069389655652e-31
19,124,9.705102357053135e-31
19,125,1.1946195260026031e-30
19,126,1.6452857120086293e-30
19,127,1.049318663072856e-30
19,128,1.5657134410417401e-30
19,129,2.2457880984032985e-30
19,130,1.3849619880165724e-31
19,131,5.814501460275873e-31
19,132,1.2296619547145882e-30
19,133,9.273722967891027e-31
19,134,1.402939329171581e-30
19,135,2.337740289197129e-30
19,136,1.0524092877574938e-29
19,137,1.5194362530412564e-30
19,138,8.171353291806099e-31
19,139,9.632806567427271e-31
19,140,8.428192332985109e-31
19,141,2.0794569199516567e-30
19,142,6.2438539485559035e-16
19,143,2.481317241468544e-30
19,144,2.7160454045901424e-30
19,145,1.598388477962252e-30
19,146,6.3569246507570005e-31
19,147,3.3105907089121966e-31
19,148,1.182048865910482e-30
19,149,9.616537898035226e-31
20,21,2.556859151644138e-31
20,22,2.83857777037606e-31
20,23,1.387884527128086e-31
20,24,4.8202565534839115e-31
20,25,4.118269405185092e-31
20,26,5.13389824421876e-31
20,27,1.7599603894792483e-31
20,28,1.2976047054165126e-31
20,29,3.884527962342888e-31
20,30,3.8760458005678734e-31
20,31,2.8898166014508795e-31
20,32,1.3085865816686604e-31
20,33,2.0199811216755098e-31
20,34,1.4480384732317464e-31
20,35,2.008311291666263e-31
20,36,4.5306710505173315e-31
20,37,2.472694759929745e-31
20,38,4.868619945556507e-31
20,39,1.921855569459125e-31
20,40,2.929967342893762e-31
20,41,3.6722219326761647e-31
20,42,3.2713666876676066e-31
20,43,1.108818385556729e-32
20,44,4.252533089044427e-31
20,45,2.950458159105176e-16
20,46,4.50761916845638e-31
20,47,1.858236637562499e-31
20,48,3.464281105148864e-31
20,49,3.4135139053085805e-31
20,50,3.5265351793465364e-31
20,51,3.271366591905706e-31
20,52,2.3882496963579805e-31
20,53,1.737777562161986e-31
20,54,4.266844412764484e-31
20,55,3.9270753016663504e-31
20,56,1.815531430948218e-31
20,57,2.4545835536183683e-31
20,58,1.731698003947813e-31
20,59,3.778359952366865e-31
20,60,3.5630496497086133e-31
20,61,3.22480683908464e-31
20,62,3.670261356911062e-31
20,63,3.3912706011789926e-31
20,64,6.0579667790978926e-31
20,65,1.404639547928962e-31
20,66,3.7207926324908915e-31
20,67,2.3711420828115736e-31
20,68,5.031304321133613e-31
20,69,3.3518462654840667e-31
20,70,3.955059409478283e-31
20,71,1.5175099604521143e-31
20,72,4.755413777148632e-31
20,73,2.0967803807937006e-31
20,74,3.2996191245418747e-31
20,75,3.5043843365929106e-31
20,76,2.4710539064771948e-31
20,77,2.096667992296944e-31
20,78,1.3248701246516087e-30
20,79,1.4971822201656026e-31
20,80,1.6577308520765032e-31
20,81,4.123492346976073e-31
20,82,6.406508580588412e-31
20,83,2.284641575260366e-31
20,84,3.528533622278466e-31
20,85,1.654698931631591e-31
20,86,6.163607808313711e-31
20,87,5.2387901540796575e-31
20,88,1.965137390463439e-31
20,89,1.7203547276466413e-31
20,90,1.4625622456903617e-31
20,91,2.0586819725409775e-31
20,92,1.5827611297771857e-31
20,93,2.0634428107825154e-31
20,94,2.284185951681859e-31
20,95,4.174057640883944e-31
20,96,4.433398614861168e-31
20,97,2.2151324750416576e-31
20,98,6.40475234975423e-32
20,99,2.587856025927875e-31
20,100,2.9727844328808085e-31
20,101,3.910049626298628e-31
20,102,2.4919496264521147e-31
20,103,6.410536143583931e-31
20,104,3.210637575619642e-31
20,105,4.759624751116696e-31
20,106,7.508757495927752e-32
20,107,1.110223024625156e-16
20,108,2.0864373105155174e-31
20,109,3.0339727002362654e-31
20,110,2.727396365269608e-31
20,111,3.275666581431721e-32
20,112,3.4292631160160664e-31
20,113,1.4432648568000873e-31
20,114,3.44100927309926e-31
20,115,3.7230522459621563e-31
20,116,6.218931765658757e-31
20,117,3.0544187325756785e-31
20,118,4.624052615699111e-31
20,119,3.660312534618413e-31
20,120,2.9805193500779395e-31
20,121,2.824821370821995e-31
20,122,4.31154667993835e-31
20,123,2.787387182426252e-31
20,124,2.62730731121158e-31
20,125,4.532199159842404e-31
20,126,4.603951421127989e-31
20,127,1.8663213749262502e-31
20,128,5.280162546484247e-31
20,129,2.317814497819976e-31
20,130,1.1092584981680601e-32
20,131,1.2417205963686343e-31
20,132,2.2960515484887926e-31
20,133,1.7421186779337174e-31
20,134,4.758600741465988e-31
20,135,7.556871527521612e-31
20,136,1.2657259848160984e-30
20,137,6.37023381542246e-31
20,138,2.7544656078333443e-31
20,139,1.4732360539671323e-31
20,140,1.021904372250158e-31
20,141,2.760407770291508e-31
20,142,1.6803544188757893e-31
20,143,9.235347368969142e-31
20,144,2.284637303708406e-31
20,145,4.935272178228189e-31
20,146,1.3704815070625334e-31
20,147,9.027560666684024e-32
20,148,7.432589396725303e-32
20,149,2.3057515852282786e-31
21,22,9.003673964855674e-31
21,23,3.8931674320889837e-31
21,24,1.2867578571439337e-30
21,25,1.2157046282878386e-30
21,26,1.5579434609966338e-30
21,27,4.9464687028247085e-31
21,28,4.813363184815543e-31
21,29,1.0723883710187388e-30
21,30,1.1727338579528361e-30
21,31,9.433344187637394e-31
21,32,5.270371650667906e-31
21,33,6.390778442390028e-31
21,34,4.199415392154833e-31
21,35,1.2512345575136688e-30
21,36,1.2699398359243356e-30
21,37,7.333577588802653e-31
21,38,1.5155232760893849e-30
21,39,6.50571910548249e-31
21,40,8.72698783985673e-31
21,41,1.233632864248151e-30
21,42,2.887780576705359e-16
21,43,5.537157476129468e-32
21,44,1.1136616590148212e-30
21,45,8.550339214846354e-16
21,46,1.4297535372577622e-30
21,47,5.353839074807073e-31
21,48,1.0009487134045753e-30
21,49,1.0515499704310548e-30
21,50,1.1934002419548721e-30
21,51,9.840148019041538e-31
21,52,9.765473623256568e-31
21,53,6.247270203305043e-31
21,54,1.1802070994323063e-30
21,55,1.2446888236492723e-30
21,56,1.065404624630234e-30
21,57,8.999426939102516e-31
21,58,4.935706530306184e-31
21,59,9.76840077127066e-31
21,60,9.842484548630956e-31
21,61,9.340907005814324e-31
21,62,1.28834525778211e-30
21,63,1.2314804590817196e-30
21,64,1.8206720856630855e-30
21,65,8.083230799043675e-31
21,66,1.3632296233608878e-30
21,67,7.392980019612705e-31
21,68,1.3187901464041627e-30
21,69,1.1821481338836307e-30
21,70,1.1188586605866045e-30
21,71,5.572991208871803e-31
21,72,1.281111019046054e-30
21,73,6.255789036560345e-16
21,74,1.0071291718867447e-30
21,75,1.0321766875972949e-30
21,76,7.624909741713568e-31
21,77,5.5994560984740385e-31
21,78,3.4805314752485295e-16
21,79,5.35635995260877e-31
21,80,5.896952413691397e-31
21,81,1.3378837107749653e-30
21,82,1.9013893375977405e-30
21,83,7.622004735964406e-31
21,84,1.134027794360924e-30
21,85,4.46440074690259e-31
21,86,1.795342210062381e-30
21,87,1.5893722791309435e-30
21,88,6.177534633935321e-31
21,89,8.678508055356434e-31
21,90,6.8875830602263685e-31
21,91,8.548148664678471e-31
21,92,4.335740041072366e-31
21,93,6.437523080516149e-31
21,94,7.986930306934082e-31
21,95,1.6071822792113153e-30
21,96,1.5478546630277313e-30
21,97,6.038132820081384e-31
21,98,5.706404099892121e-31
21,99,8.175814698552417e-31
21,100,9.848127840213995e-31
21,101,1.1313373007231833e-30
21,102,1.2572215370538629e-30
21,103,1.8734504894925468e-30
21,104,1.1024980196960356e-30
21,105,1.3206056877363608e-30
21,106,5.57957162785132e-31
21,107,5.544171886983686e-16
21,108,6.236297246631884e-31
21,109,7.704878482506085e-31
21,110,1.2552592257704506e-30
21,111,9.492783464677811e-32
21,112,1.219028287658347e-30
21,113,4.091540652525435e-31
21,114,9.401058360274957e-31
21,115,1.174135978201482e-30
21,116,1.6779292726146495e-30
21,117,8.310689729101802e-31
21,118,1.2948024998582672e-30
21,119,1.0346917781831147e-30
21,120,1.0267448315703394e-30
21,121,8.473682311397632e-31
21,122,1.4800411459893018e-30
21,123,8.092155408970926e-31
21,124,8.18308658687603e-31
21,125,1.287936823868643e-30
21,126,1.2978240779996427e-30
21,127,5.718481972562496e-31
21,128,1.646254172092038e-30
21,129,1.2051318089182911e-30
21,130,5.53935528676096e-32
21,131,3.3577806486301046e-31
21,132,7.395009102221963e-31
21,133,6.80809859748798e-31
21,134,1.423259872225473e-30
21,135,2.4746395714851727e-30
21,136,4.21483551364287e-30
21,137,1.8693958419115426e-30
21,138,8.245927407490042e-31
21,139,4.826942917311411e-31
21,140,3.5132923446977715e-31
21,141,1.010951178719355e-30
21,142,3.567968179846851e-16
21,143,3.052426487658053e-30
21,144,1.221424524951426e-30
21,145,1.659562848912763e-30
21,146,3.7414157053028243e-31
21,147,2.4260110081784624e-31
21,148,5.0086764146675875e-31
21,149,8.029486407743861e-31
22,23,5.932103947711299e-31
22,24,1.524095452942757e-30
22,25,1.3695299109403624e-30
22,26,2.5970565573152426e-30
22,27,7.952164954864012e-31
22,28,9.586091130901975e-31
22,29,1.4183337522832474e-30
22,30,9.988306732447649e-31
22,31,1.3670207981872832e-30
22,32,4.258418726571684e-31
22,33,1.188509595929259e-30
22,34,7.148477588581909e-31
22,35,1.5769191185661869e-30
22,36,1.3464523595797247e-30
22,37,1.2214726543180478e-30
22,38,1.5713038903809746e-30
22,39,1.3330189641683855e-30
22,40,1.620315183510955e-30
22,41,2.0521331015525008e-30
22,42,8.169350488128105e-16
22,43,8.649049946116524e-32
22,44,1.5103063203512615e-30
22,45,8.514223576271385e-16
22,46,1.6253557911009482e-30
22,47,6.422235592436543e-31
22,48,1.5698182056086305e-30
22,49,9.699628386114937e-31
22,50,1.0635918498736814e-30
22,51,1.2036391575915127e-30
22,52,8.027390880653194e-31
22,53,5.6053476303885885e-31
22,54,1.3938862679765206e-30
22,55,1.1221935250829209e-30
22,56,1.3003778079725714e-30
22,57,1.5508501568479695e-30
22,58,7.804371854562823e-31
22,59,1.2024518877537575e-30
22,60,1.102768119285045e-30
22,61,1.136807545644879e-30
22,62,1.5386749846749725e-30
22,63,1.5431641837872954e-30
22,64,2.111686548591723e-30
22,65,1.0768321699588975e-30
22,66,1.8363516671241742e-30
22,67,8.921327381855548e-31
22,68,1.3767056992075667e-30
22,69,1.5196241460321038e-30
22,70,1.7042760389105096e-30
22,71,4.411379834181652e-31
22,72,1.735734316784693e-30
22,73,2.451306065445148e-16
22,74,1.0531778685056167e-30
22,75,2.831427964837827e-16
22,76,6.727593688134507e-31
22,77,6.192734815727614e-31
22,78,5.967448757360216e-16
22,79,7.372875280683319e-31
22,80,1.0101607859939127e-30
22,81,1.1221699301431736e-30
22,82,1.747042328408743e-30
22,83,9.356881195587556e-31
22,84,1.097672895687515e-30
22,85,6.719137193667705e-31
22,86,2.3467872259607496e-30
22,87,1.5666487840020675e-30
22,88,6.059689883062985e-31
22,89,1.3773698757174954e-30
22,90,9.10635545314216e-31
22,91,1.3507261489483542e-30
22,92,4.850740548349101e-31
22,93,6.866310609820624e-31
22,94,7.892236697919235e-31
22,95,1.596322667153282e-16
22,96,2.3543559547261508e-30
22,97,7.366874280311966e-31
22,98,5.380349803121906e-31
22,99,1.297877041652509e-30
22,100,1.4715425160682146e-30
22,101,1.2375100920983337e-30
22,102,1.9809614925384354e-30
22,103,1.8361725477809884e-30
22,104,9.239723877161413e-31
22,105,1.9435733922454307e-30
22,106,7.346731991339026e-31
22,107,8.660006468498668e-16
22,108,5.967328293192582e-31
22,109,8.59691546393872e-31
22,110,1.8204452506873367e-30
22,111,9.452687051182838e-32
22,112,2.072327563511191e-30
22,113,4.87056952958441e-31
22,114,1.3786762673411894e-30
22,115,1.2510385626009863e-30
22,116,2.154358119702704e-30
22,117,8.698389955907247e-31
22,118,2.0288654674191198e-30
22,119,1.2042916509504428e-30
22,120,1.6835027934406767e-30
22,121,7.739540875753357e-31
22,122,2.4166896956255506e-30
22,123,8.505691657863371e-31
22,124,9.690307622100078e-31
22,125,1.3135034303101283e-30
22,126,1.785150624009054e-30
22,127,7.060695705425627e-31
22,128,1.539506678103596e-30
22,129,1.6137326267110814e-30
22,130,8.652482930279576e-32
22,131,3.2653024951983833e-31
22,132,6.852343853998019e-31
22,133,7.378494634902956e-31
22,134,1.3828768277054598e-30
22,135,1.997539494198492e-30
22,136,7.084353756441792e-30
22,137,2.0977195723770977e-30
22,138,1.0488326884503732e-30
22,139,5.043075979240377e-31
22,140,5.696936107919698e-31
22,141,1.540326064587968e-30
22,142,2.298230378461223e-16
22,143,2.9773643526910077e-30
22,144,1.4160846155143406e-30
22,145,1.4155210095640606e-30
22,146,5.534352404500915e-31
22,147,3.347560067797013e-31
22,148,6.386325466291307e-31
22,149,6.959606934904508e-31
23,24,8.180956601191383e-31
23,25,6.307590387872273e-31
23,26,1.6003050099496846e-30
23,27,4.835549651106504e-31
23,28,3.225382407934078e-31
23,29,7.171880688542521e-31
23,30,5.796214149623407e-31
23,31,9.004461703949584e-31
23,32,1.382563528894074e-31
23,33,6.0866967155666445e-31
23,34,3.462539496386326e-31
23,35,8.840123459456738e-31
23,36,6.208051171553038e-31
23,37,6.468691977384113e-31
23,38,7.8569379592724195e-31
23,39,7.231563388940421e-31
23,40,8.212997136339726e-31
23,41,1.3701115996189246e-30
23,42,1.472973663696832e-30
23,43,5.43207852406122e-32
23,44,7.486092587210668e-31
23,45,3.5544479789666716e-16
23,46,7.426909798768439e-31
23,47,2.8772822561062296e-31
23,48,9.21086165139713e-31
23,49,4.152685964758268e-31
23,50,4.739810767390313e-31
23,51,7.944547560409184e-31
23,52,3.1817699600324647e-31
23,53,2.258774184828282e-31
23,54,7.441744425924784e-31
23,55,4.179101909402443e-31
23,56,7.861038146597583e-31
23,57,9.34048161571119e-31
23,58,4.649933499024328e-31
23,59,5.564641916265142e-31
23,60,5.712198339386163e-31
23,61,5.490517304632819e-31
23,62,6.2809732138949685e-31
23,63,7.678240028901798e-31
23,64,9.53644595744758e-31
23,65,7.063325870862035e-31
23,66,1.1880378286380769e-30
23,67,5.615983858545325e-31
23,68,8.642848274982865e-31
23,69,9.367264395634092e-31
23,70,9.801540733879971e-31
23,71,1.8130853505252724e-31
23,72,9.842794447110801e-31
23,73,2.4980018054066007e-16
23,74,4.132953728448572e-31
23,75,4.0769881155602185e-31
23,76,2.7794379490249542e-31
23,77,3.176563695119069e-31
23,78,1.3664464888835633e-30
23,79,2.6720008301345047e-31
23,80,5.137203822872536e-31
23,81,4.812625070234371e-31
23,82,7.092214111223109e-31
23,83,5.375646275171121e-31
23,84,6.242577447401115e-31
23,85,3.997557866106904e-31
23,86,1.0394752561822394e-30
23,87,6.022054992180638e-31
23,88,3.0701198181553333e-31
23,89,7.74485316839684e-31
23,90,5.597005077559321e-31
23,91,8.184149922425458e-31
23,92,3.087482518820224e-31
23,93,4.9603641911702584e-31
23,94,4.430434204144621e-31
23,95,1.2887188305427238e-30
23,96,1.4731591195083697e-30
23,97,4.108517432013386e-31
23,98,3.6650761861551784e-31
23,99,6.920755095679706e-31
23,100,9.08490501354717e-31
23,101,5.506413058472663e-31
23,102,1.2290740663431168e-30
23,103,8.327825178917374e-31
23,104,3.358597051574211e-31
23,105,1.0995027974118839e-30
23,106,4.238373682605e-31
23,107,5.438959822042071e-16
23,108,2.3852812089065483e-31
23,109,4.410198702538619e-31
23,110,1.1533567559515813e-30
23,111,3.9462299860811545e-32
23,112,1.2370835468588277e-30
23,113,2.4777436837773267e-31
23,114,8.07641832100597e-31
23,115,5.981872666352189e-31
23,116,8.97615722168585e-31
23,117,4.681368887199772e-31
23,118,1.2002306828207225e-30
23,119,5.034144829022053e-31
23,120,1.0405727582796241e-30
23,121,3.398582650520809e-31
23,122,1.545173020117114e-30
23,123,3.6749754139098932e-31
23,124,5.3350712556224465e-31
23,125,6.194103755421413e-31
23,126,8.588663996739781e-31
23,127,3.833413609514249e-31
23,128,6.034095434881422e-31
23,129,8.526553635101823e-31
23,130,5.43423462671547e-32
23,131,1.7675941500641912e-31
23,132,4.394419820644156e-31
23,133,3.910605429468307e-31
23,134,5.363654617199142e-31
23,135,8.212706798281584e-31
23,136,4.508262383504551e-30
23,137,9.815399651403589e-31
23,138,4.881693096896265e-31
23,139,2.1804682631704884e-31
23,140,3.580572956891017e-31
23,141,9.28952297710311e-31
23,142,7.597763880633475e-31
23,143,1.1259243970904796e-30
23,144,7.9840834694924e-31
23,145,5.270926600174617e-31
23,146,3.294920414773113e-31
23,147,1.932882566304725e-31
23,148,3.7993677406936543e-31
23,149,2.2915793804462433e-31
24,25,2.12529804628376e-30
24,26,3.2277330053665275e-30
24,27,1.0483284624409637e-30
24,28,7.221398124749192e-31
24,29,2.0965166167718023e-30
24,30,1.9535538464492047e-30
24,31,1.795776012240589e-30
24,32,6.200098082826654e-31
24,33,1.2309206634324637e-30
24,34,8.284068019733867e-31
24,35,1.3296230446498464e-30
24,36,2.3197949627352873e-30
24,37,1.4009048075109398e-30
24,38,2.4531920162242073e-30
24,39,1.2437076910456176e-30
24,40,1.4543531635518735e-30
24,41,2.433974600868409e-30
24,42,1.1188630228279534e-16
24,43,8.774740624987608e-32
24,44,2.238501788313949e-30
24,45,1.4815472849754503e-15
24,46,2.3649364482863804e-30
24,47,9.542287780078288e-31
24,48,2.0597418292679365e-30
24,49,1.6832754770470924e-30
24,50,1.7172118401089002e-30
24,51,1.8011492047552762e-30
24,52,1.1577847569749489e-30
24,53,8.35185173366868e-31
24,54,2.2780520885037694e-30
24,55,1.9201218481284375e-30
24,56,1.3372179752827307e-30
24,57,1.67158832943802e-30
24,58,1.0177929124566966e-30
24,59,1.9700841469532544e-30
24,60,1.8522579646907348e-30
24,61,1.714120281970293e-30
24,62,1.8859237657271142e-30
24,63,1.65737000185765e-30
24,64,3.1398889480676024e-30
24,65,1.0763327140989882e-30
24,66,2.4264131435228803e-30
24,67,1.2688147171907626e-30
24,68,2.669568085196117e-30
24,69,1.8276665888688785e-30
24,70,2.2763188968723697e-30
24,71,7.378486079444082e-31
24,72,2.638098937926375e-30
24,73,2.7894008272968645e-16
24,74,1.652451764656773e-30
24,75,1.737781307847982e-30
24,76,1.2262287352904253e-30
24,77,1.0937197285620797e-30
24,78,6.47835997267566e-30
24,79,7.67580256167109e-31
24,80,1.0446889128588211e-30
24,81,2.0310258000247474e-30
24,82,3.1736937795951486e-30
24,83,1.2998471303791836e-30
24,84,1.7828266377466613e-30
24,85,9.43476727342664e-31
24,86,3.221177186442535e-30
24,87,2.6047559473952758e-30
24,88,1.0289136375199898e-30
24,89,1.2453427373620148e-30
24,90,8.235706080966701e-31
24,91,1.4341864946370382e-30
24,92,8.46311296663832e-31
24,93,1.1113358313259993e-30
24,94,1.135868353398766e-30
24,95,2.3758541945548858e-30
24,96,2.903075364584376e-30
24,97,1.178041606648579e-30
24,98,5.26661199320059e-31
24,99,1.4464501233240328e-30
24,100,1.8610697879395414e-30
24,101,1.98915991092551e-30
24,102,1.9735533514851503e-30
24,103,3.2183029714317045e-30
24,104,1.555388503491684e-30
24,105,2.712462526532495e-30
24,106,6.132362178188308e-31
24,107,8.785856370954414e-16
24,108,1.0360720733282135e-30
24,109,1.5674501567024242e-30
24,110,1.898951064343249e-30
24,111,1.644847907850634e-31
24,112,2.259383777948146e-30
24,113,7.631168594970057e-31
24,114,1.9721011822978693e-30
24,115,1.858855939777653e-30
24,116,3.197240351570713e-30
24,117,1.6133587852755564e-30
24,118,2.703573047383658e-30
24,119,1.865012144760208e-30
24,120,1.9251617395301628e-30
24,121,1.3986615115529622e-30
24,122,2.8768126707539235e-30
24,123,1.4114635469435642e-30
24,124,1.3898053225639884e-30
24,125,2.3173058761240824e-30
24,126,2.432865012477498e-30
24,127,9.978016288384291e-31
24,128,2.6078183779454168e-30
24,129,1.5063939910014747e-30
24,130,8.77822349834227e-32
24,131,6.347017400797268e-31
24,132,1.1765253500280565e-30
24,133,9.434289433151536e-31
24,134,2.3607853040311298e-30
24,135,3.728485559043318e-30
24,136,8.448108588776239e-30
24,137,3.325314949369365e-30
24,138,1.467510983073822e-30
24,139,7.32458597358941e-31
24,140,6.675790206569191e-31
24,141,1.8103806603578858e-30
24,142,1.238423472098674e-30
24,143,4.579218450422846e-30
24,144,1.2885853687413712e-30
24,145,2.3997199564804414e-30
24,146,7.8090672062965355e-31
24,147,5.060725276225673e-31
24,148,5.512183266539779e-31
24,149,1.1043615729612988e-30
25,26,2.4344098931365813e-30
25,27,8.35595685280516e-31
25,28,5.8949216616185255e-31
25,29,1.7718914345367235e-30
25,30,1.6323061498545547e-30
25,31,1.3655309429349185e-30
25,32,5.826842225910307e-31
25,33,9.360042395247663e-31
25,34,6.46317611610469e-31
25,35,8.39955312993714e-31
25,36,1.999767570611342e-30
25,37,1.1295121961245587e-30
25,38,2.203767786870487e-30
25,39,1.0443829573876502e-30
25,40,1.2077043604535112e-30
25,41,1.733540086123967e-30
25,42,2.4864100871503537e-16
25,43,4.8846250167755323e-32
25,44,1.895552089419852e-30
25,45,1.2912310222636497e-15
25,46,1.98828119239721e-30
25,47,8.473109199090551e-31
25,48,1.5574907228613842e-30
25,49,1.4894503146037724e-30
25,50,1.4919854951144945e-30
25,51,1.4393921449946367e-30
25,52,1.2322309907934529e-30
25,53,7.296706618102538e-31
25,54,1.9501851312504214e-30
25,55,1.6667014134982176e-30
25,56,6.712600124918771e-31
25,57,1.1656931081297054e-30
25,58,7.97244252145361e-31
25,59,1.602048737902667e-30
25,60,1.581144361161484e-30
25,61,1.4486546319179034e-30
25,62,1.683862698454328e-30
25,63,1.3941837587455005e-30
25,64,2.8182459728096946e-30
25,65,6.366347249712964e-31
25,66,1.531935494401881e-30
25,67,1.0637777890825963e-30
25,68,2.2138819310627606e-30
25,69,1.6155360104745658e-30
25,70,1.920028526749372e-30
25,71,6.79614345380072e-31
25,72,2.1523621760274717e-30
25,73,3.3879997739887647e-16
25,74,1.4869129964512308e-30
25,75,1.4630678325978383e-30
25,76,1.0438853774379323e-30
25,77,8.963493522693182e-31
25,78,5.651347682497238e-30
25,79,7.969688059782497e-31
25,80,7.108974893540646e-31
25,81,1.893591131316687e-30
25,82,2.7314176309932476e-30
25,83,8.949615493381362e-31
25,84,1.6262063109439655e-30
25,85,7.420545248585083e-31
25,86,2.72588233242535e-30
25,87,2.2274159546776396e-30
25,88,9.105539530353024e-31
25,89,8.077351867249316e-31
25,90,6.877497830935074e-31
25,91,9.390709661818902e-31
25,92,6.788080082500945e-31
25,93,8.924486006931632e-31
25,94,1.0073977821740234e-30
25,95,1.965415674111269e-30
25,96,1.95925105944241e-30
25,97,9.960048446219812e-31
25,98,5.182221980346975e-31
25,99,1.2465870431208715e-30
25,100,1.3046158920248298e-30
25,101,1.753400635219491e-30
25,102,1.1026242431296927e-30
25,103,2.7927911671172252e-30
25,104,1.4359611400823145e-30
25,105,2.1844170913944793e-30
25,106,2.490736471401136e-31
25,107,4.890812806608882e-16
25,108,9.074803250628154e-31
25,109,1.2798769881476058e-30
25,110,1.30174481487405e-30
25,111,1.4335544110273824e-31
25,112,1.588627090157369e-30
25,113,6.77137497341374e-31
25,114,1.599054657098891e-30
25,115,1.6254110624253922e-30
25,116,2.7850139033195273e-30
25,117,1.2714168897173207e-30
25,118,2.0953331048598265e-30
25,119,1.6536719029977212e-30
25,120,1.4065023656491357e-30
25,121,1.2618213351026155e-30
25,122,2.015031108529813e-30
25,123,1.2409803192212956e-30
25,124,1.2992524721107914e-30
25,125,1.976999773090467e-30
25,126,2.076258498703189e-30
25,127,7.669092100521881e-31
25,128,2.35458862029124e-30
25,129,1.051044797313548e-30
25,130,4.886563823977423e-32
25,131,4.831647141863344e-31
25,132,9.905469707487976e-31
25,133,8.32276558126681e-31
25,134,2.074170050292318e-30
25,135,3.2427291011920735e-30
25,136,5.9966125212299094e-30
25,137,2.8642176493631627e-30
25,138,1.3048004793328341e-30
25,139,5.668973522806077e-31
25,140,4.6843895647982445e-31
25,141,1.2076497228203461e-30
25,142,8.613931515498273e-31
25,143,4.250921968346337e-30
25,144,8.955363274119751e-31
25,145,2.228542503262555e-30
25,146,6.412632600978284e-31
25,147,4.082484129012716e-31
25,148,2.6724199241630876e-31
25,149,1.021121353811105e-30
26,27,2.1700984971978305e-30
26,28,1.4349942886620631e-30
26,29,2.907400581306789e-30
26,30,2.6419601061802668e-30
26,31,4.127596229295064e-30
26,32,6.970634326102913e-31
26,33,2.7700796485250823e-30
26,34,1.49000115937365e-30
26,35,4.303003280506213e-30
26,36,2.1748932538015406e-30
26,37,2.9640160007116285e-30
26,38,3.480669299135601e-30
26,39,3.3771169145810375e-30
26,40,3.902004692959591e-30
26,41,6.437997832578809e-30
26,42,5.185169430563079e-16
26,43,2.574572665753737e-31
26,44,3.16834981438019e-30
26,45,1.1284612883164572e-15
26,46,2.9431964184612172e-30
26,47,1.1800276645553807e-30
26,48,4.0684947313913246e-30
26,49,1.7848871800053755e-30
26,50,2.3522667159164284e-30
26,51,3.627915364812191e-30
26,52,1.2636817040601556e-30
26,53,1.1131933562089932e-30
26,54,2.9922324162545627e-30
26,55,1.891821571569417e-30
26,56,3.667333488601128e-30
26,57,4.352296174696214e-30
26,58,2.0824610152396267e-30
26,59,1.923574333662036e-30
26,60,2.3035456386255464e-30
26,61,2.135357820376544e-30
26,62,2.6688484725079458e-30
26,63,3.773750701222981e-30
26,64,3.6960608291878515e-30
26,65,3.4188389669354966e-30
26,66,5.301128975307848e-30
26,67,2.6012849483693905e-30
26,68,3.504768029368118e-30
26,69,4.419771598430762e-30
26,70,4.314459245041859e-30
26,71,6.113504407004025e-31
26,72,4.124476900353007e-30
26,73,7.264329320467942e-16
26,74,1.4335418065909461e-30
26,75,2.8846526768344403e-16
26,76,1.0889225595992382e-30
26,77,1.1841427794728634e-30
26,78,3.1896277104429575e-16
26,79,1.1313858485509528e-30
26,80,2.3086045766582503e-30
26,81,1.6856492988147444e-30
26,82,2.1865338501484172e-30
26,83,2.3514242291042155e-30
26,84,2.808055834066269e-30
26,85,1.798649884104297e-30
26,86,3.702649363069776e-16
26,87,2.1339622667881174e-30
26,88,1.1928743882124533e-30
26,89,3.6855487454550744e-30
26,90,2.711005171102272e-30
26,91,3.8291992695949576e-30
26,92,1.3902051996339603e-30
26,93,2.344877172823279e-30
26,94,2.104301713736838e-30
26,95,6.0910578103263176e-30
26,96,6.691666467455279e-30
26,97,1.740050184487934e-30
26,98,1.604145818499402e-30
26,99,3.183716161227235e-30
26,100,4.101889482917645e-30
26,101,2.132456116284289e-30
26,102,5.833388648460385e-30
26,103,3.1961224720721705e-30
26,104,1.0906536604702413e-30
26,105,4.742830542943553e-30
26,106,2.076974366162798e-30
26,107,2.5778341063989572e-15
26,108,7.537233201395441e-31
26,109,1.7469008518671e-30
26,110,5.495135967414461e-30
26,111,1.2528437046870986e-31
26,112,4.1323233300271595e-16
26,113,9.918977387351028e-31
26,114,3.4987892642489165e-30
26,115,2.7699507640435588e-30
26,116,3.359101937455212e-30
26,117,1.6076761315044853e-30
26,118,5.343755625958568e-30
26,119,1.8192568503475654e-30
26,120,4.838867945753829e-30
26,121,1.2872234855098265e-30
26,122,7.142712902638564e-30
26,123,1.3081300607850706e-30
26,124,2.334888284270512e-30
26,125,2.156385841356527e-30
26,126,3.6678531969115686e-30
26,127,1.7664700986691268e-30
26,128,1.9741558563865484e-30
26,129,4.07658171414001e-16
26,130,2.5755945661061716e-31
26,131,8.199520290155015e-31
26,132,2.027102873724694e-30
26,133,1.7611209208584933e-30
26,134,1.643995987487536e-30
26,135,2.3813531264592325e-30
26,136,4.581911755116475e-16
26,137,3.6189025100362236e-30
26,138,1.969031780453324e-30
26,139,9.450099025395546e-31
26,140,1.6596356360954128e-30
26,141,4.225108026422579e-30
26,142,2.0014830212433632e-16
26,143,3.899505429541708e-30
26,144,3.95346046082871e-30
26,145,1.720585232359784e-30
26,146,1.4508335932369561e-30
26,147,8.157592332306961e-31
26,148,1.8671394537650273e-30
26,149,8.155420645627359e-31
27,28,4.132987246902931e-31
27,29,9.40297394450674e-31
27,30,7.632150633417133e-31
27,31,1.2126472762987556e-30
27,32,1.9070234213630777e-31
27,33,8.287715484920767e-31
27,34,4.453152071020499e-31
27,35,1.199835720382648e-30
27,36,7.776548280177448e-31
27,37,8.672743759564977e-31
27,38,1.0457347224737199e-30
27,39,1.0071883127069315e-30
27,40,1.1480618898585028e-30
27,41,1.886958734970114e-30
27,42,2.0492551067057007e-30
27,43,7.438179854419249e-32
27,44,9.965976008034561e-31
27,45,4.370952418903843e-16
27,46,9.42724244656508e-31
27,47,3.875913014236827e-31
27,48,1.2244145606334816e-30
27,49,5.54451224436318e-31
27,50,6.556959811048995e-31
27,51,1.0445429025207906e-30
27,52,4.329943472271074e-31
27,53,3.1507016803643453e-31
27,54,9.846335851095179e-31
27,55,5.276606358907356e-31
27,56,1.02375494600622e-30
27,57,1.278938621801446e-30
27,58,6.142236612130777e-31
27,59,6.496044115325761e-31
27,60,7.426286135947077e-31
27,61,7.0580629974034515e-31
27,62,8.282275317323805e-31
27,63,1.0732981027774633e-30
27,64,1.2486440563198755e-30
27,65,9.748395527668216e-31
27,66,1.536549078093985e-30
27,67,7.541577528748148e-31
27,68,1.117431388051673e-30
27,69,1.2901045077676156e-30
27,70,1.3194195431569239e-30
27,71,1.9907946866866426e-31
27,72,1.2892945019456935e-30
27,73,1.1102230246251547e-16
27,74,5.261556376636337e-31
27,75,5.68695590651543e-31
27,76,3.498937313745012e-31
27,77,3.902499586454383e-31
27,78,1.6771464370030864e-30
27,79,3.686635482014614e-31
27,80,6.757470761813491e-31
27,81,6.390933729016924e-31
27,82,8.530259189629913e-31
27,83,6.559027311743068e-31
27,84,8.410207904556878e-31
27,85,5.482543537317067e-31
27,86,1.3437963686083683e-30
27,87,7.271969791582748e-31
27,88,4.056420004464171e-31
27,89,1.0593260272979859e-30
27,90,7.810595454127286e-31
27,91,1.1139114205710971e-30
27,92,4.235404171940161e-31
27,93,6.622094749721777e-31
27,94,6.018457411208892e-31
27,95,1.7564147538060704e-30
27,96,1.9645699183194668e-30
27,97,5.434361456490346e-31
27,98,4.878686493261529e-31
27,99,9.405827694822442e-31
27,100,1.1992815329927285e-30
27,101,7.063302829364767e-31
27,102,1.6847525823577596e-30
27,103,1.0512157962521572e-30
27,104,4.3759287234834e-31
27,105,1.4594449948262653e-30
27,106,5.8891012110744804e-31
27,107,7.447602459741816e-16
27,108,2.923970409395072e-31
27,109,5.614129791626925e-31
27,110,1.583717621944939e-30
27,111,4.852732015008072e-32
27,112,1.6948221438378427e-30
27,113,3.3039709994822383e-31
27,114,1.0835052356594773e-30
27,115,8.071091423583977e-31
27,116,1.1450647811503085e-30
27,117,5.330033632125757e-31
27,118,1.6045140813423872e-30
27,119,6.423582107208572e-31
27,120,1.4210164979093276e-30
27,121,4.500996566732954e-31
27,122,2.1047191139985664e-30
27,123,4.677967987363224e-31
27,124,7.37432190081027e-31
27,125,7.604462338027906e-31
27,126,1.1281520562725429e-30
27,127,5.180008178537537e-31
27,128,7.656971612774307e-31
27,129,1.1338546522874383e-30
27,130,7.441132219569323e-32
27,131,2.325188993820455e-31
27,132,5.770092337926012e-31
27,133,5.370405838990167e-31
27,134,6.577985390482448e-31
27,135,9.948999941168227e-31
27,136,6.1444343684708224e-30
27,137,1.2474400424318815e-30
27,138,6.433334973522021e-31
27,139,2.8002585447392007e-31
27,140,4.860840596922631e-31
27,141,1.2418681532869455e-30
27,142,1.0574048104139216e-30
27,143,1.4532213984504133e-30
27,144,1.1176992683224365e-30
27,145,6.843652648135725e-31
27,146,4.43432018302052e-31
27,147,2.542570469974017e-31
27,148,5.278737360668822e-31
27,149,2.9774937963438786e-31
28,29,6.549012703342801e-31
28,30,7.070071735684185e-31
28,31,8.292342804270176e-31
28,32,3.005344046547612e-31
28,33,6.8807995840472685e-31
28,34,4.71808447963021e-31
28,35,1.1653037789871846e-30
28,36,6.197669258112617e-31
28,37,7.7879151781551895e-31
28,38,7.598725130923896e-31
28,39,7.4279096623425465e-31
28,40,1.0693761197568786e-30
28,41,1.2168023967951481e-30
28,42,8.331298458441261e-16
28,43,5.482964587260392e-32
28,44,6.509744329475764e-31
28,45,4.050792900924365e-16
28,46,6.921245842206329e-31
28,47,2.8628518293975394e-31
28,48,9.131085446229354e-31
28,49,5.3013916377129095e-31
28,50,6.920595325358593e-31
28,51,8.479370267299542e-31
28,52,5.400008727505756e-31
28,53,3.661126495665164e-31
28,54,6.473283986663376e-31
28,55,6.947370630680343e-31
28,56,9.80962134970741e-31
28,57,9.010005978656245e-31
28,58,4.822010991203568e-31
28,59,6.047717637864253e-31
28,60,5.03355512355723e-31
28,61,5.408791483134969e-31
28,62,8.325126698291364e-31
28,63,1.0850108614601409e-30
28,64,9.256725653974461e-31
28,65,7.246166887465618e-31
28,66,1.2251008665536633e-30
28,67,5.929867180302297e-31
28,68,7.454458944432734e-31
28,69,9.621793129702145e-31
28,70,8.791885892347382e-31
28,71,4.092433679392005e-31
28,72,8.722789469739365e-31
28,73,5.26625020286505e-16
28,74,4.671774355546103e-31
28,75,7.557960789855541e-31
28,76,3.6795083450459013e-31
28,77,3.0442732245840218e-31
28,78,2.1727941664999424e-30
28,79,3.9331378930501206e-31
28,80,7.005323674051167e-31
28,81,6.573595771778065e-31
28,82,9.819442639492674e-31
28,83,8.292723142828628e-31
28,84,6.675954166802041e-31
28,85,3.7351995384360137e-31
28,86,1.2260266434103346e-30
28,87,7.712520695409917e-31
28,88,4.097404202514814e-31
28,89,9.38941038860506e-31
28,90,5.9885638929891175e-31
28,91,8.423645683608241e-31
28,92,2.644623507151372e-31
28,93,4.880071965140583e-31
28,94,6.631080737991838e-31
28,95,1.4553542211850631e-30
28,96,1.44396701727125e-30
28,97,3.4755915647272106e-31
28,98,4.940433051373328e-31
28,99,8.790342072713121e-31
28,100,9.38203161671413e-31
28,101,5.960651034374026e-31
28,102,1.2542275085517579e-30
28,103,8.923658631825864e-31
28,104,6.343400585526008e-31
28,105,9.833534441161704e-31
28,106,5.112253013794051e-31
28,107,5.489910347152531e-16
28,108,2.95697089578595e-31
28,109,4.433181826823873e-31
28,110,1.2151097787156632e-30
28,111,4.497283546594363e-32
28,112,1.1817253751278286e-30
28,113,2.1262066028542063e-31
28,114,6.769802858024374e-31
28,115,6.513681439028537e-31
28,116,9.15555909483368e-31
28,117,4.828482951739908e-31
28,118,1.1145304821182807e-30
28,119,5.191923766926253e-31
28,120,9.977663458333236e-31
28,121,5.2088957024330494e-31
28,122,1.4166510287089425e-30
28,123,3.8298068992516078e-31
28,124,4.30528042199309e-31
28,125,6.287666516777249e-31
28,126,9.367115772264077e-31
28,127,5.254104980879004e-31
28,128,7.746099996075381e-31
28,129,1.1545129654968972e-30
28,130,5.485140887630017e-32
28,131,2.0309244895214565e-31
28,132,5.251188057491986e-31
28,133,5.1853086230187385e-31
28,134,6.947712131350172e-31
28,135,1.1814718506910288e-30
28,136,4.233366588624525e-30
28,137,9.73750429354101e-31
28,138,4.6874488539891175e-31
28,139,3.713276548197824e-31
28,140,3.431931035897702e-31
28,141,1.0109395731265912e-30
28,142,6.967836285052509e-31
28,143,1.3505361590093872e-30
28,144,9.874790542963408e-31
28,145,7.796888535597e-31
28,146,2.809962021311356e-31
28,147,1.6631640938717008e-31
28,148,4.417706325887752e-31
28,149,4.077843247262598e-31
29,30,1.4356027810939443e-30
29,31,1.595755373444525e-30
29,32,4.3138383468210414e-31
29,33,1.1377483101548122e-30
29,34,7.320232544264274e-31
29,35,1.1301510345889042e-30
29,36,1.8361207089744234e-30
29,37,1.2238445599872703e-30
29,38,1.980899275051882e-30
29,39,1.1936850801484358e-30
29,40,1.2149366745200699e-30
29,41,2.1854064582138727e-30
29,42,2.4835037038225105e-16
29,43,7.781503835912439e-32
29,44,1.856420189111371e-30
29,45,1.1366238633316458e-15
29,46,1.9263357526796573e-30
29,47,7.888184253702201e-31
29,48,1.805239056351011e-30
29,49,1.27206070365353e-30
29,50,1.2341747696048218e-30
29,51,1.5124448528771992e-30
29,52,9.692733280616723e-31
29,53,5.596484170057417e-31
29,54,1.89971310126146e-30
29,55,1.3716451034303062e-30
29,56,1.1493235545282339e-30
29,57,1.5223707882493562e-30
29,58,8.91672226714238e-31
29,59,1.5507365861835488e-30
29,60,1.5045942530004633e-30
29,61,1.4391274433053116e-30
29,62,1.6334347652681908e-30
29,63,1.2414592962335377e-30
29,64,2.6357194984752862e-30
29,65,9.273589251813844e-31
29,66,2.0858779303040074e-30
29,67,1.0803500616954071e-30
29,68,2.1391029741668572e-30
29,69,1.654185388044161e-30
29,70,2.032832870698286e-30
29,71,5.197257181259056e-31
29,72,2.2495416621445746e-30
29,73,2.2887833992611172e-16
29,74,1.3125793060262303e-30
29,75,1.2182273907279728e-30
29,76,8.929586683082277e-31
29,77,8.639757597713194e-31
29,78,4.563567740202082e-30
29,79,6.999306739622613e-31
29,80,9.388776060433078e-31
29,81,1.5674583436653799e-30
29,82,2.3113573208208607e-30
29,83,1.0247184993612047e-30
29,84,1.4679320538666265e-30
29,85,8.147592839659382e-31
29,86,2.69170623939342e-30
29,87,1.9317863118454746e-30
29,88,8.324569851057904e-31
29,89,1.1289529818272185e-30
29,90,7.5490983457396e-31
29,91,1.2898736899233242e-30
29,92,6.877805963358255e-31
29,93,9.098272861122426e-31
29,94,8.805600550685183e-31
29,95,2.1709133119822217e-30
29,96,2.567482171807876e-30
29,97,9.84414245374004e-31
29,98,5.27263979594036e-31
29,99,1.3033833326522413e-30
29,100,1.6297017322923175e-30
29,101,1.5566837632346555e-30
29,102,1.754827435110486e-30
29,103,2.4808357317548425e-30
29,104,1.1420558752625789e-30
29,105,2.3672059288800003e-30
29,106,4.7167046203880835e-31
29,107,7.791361360319874e-16
29,108,7.80178206664893e-31
29,109,1.1995161069062333e-30
29,110,1.6921042390636455e-30
29,111,1.261905983409191e-31
29,112,2.052674125347687e-30
29,113,6.4659749613381236e-31
29,114,1.7288454824981643e-30
29,115,1.483398287408334e-30
29,116,2.5983601139695866e-30
29,117,1.237569196017468e-30
29,118,2.3773204231376926e-30
29,119,1.5084073833304256e-30
29,120,1.7390547180024223e-30
29,121,1.0461848927748556e-30
29,122,2.5961638418056962e-30
29,123,1.1184717747259339e-30
29,124,1.2291445511754588e-30
29,125,1.82222505817321e-30
29,126,2.0542301638692963e-30
29,127,7.943197364046604e-31
29,128,1.9936654496211483e-30
29,129,1.3282459871578287e-30
29,130,7.784592473346591e-32
29,131,4.552412488175412e-31
29,132,9.2468165977796e-31
29,133,8.27921063520345e-31
29,134,1.7745056820219627e-30
29,135,2.7113940495709448e-30
29,136,7.685961100153059e-30
29,137,2.740923624007529e-30
29,138,1.2415459700295153e-30
29,139,4.216159487039858e-31
29,140,5.995465091763222e-31
29,141,1.622092572651551e-30
29,142,1.1485743145479843e-30
29,143,3.654874193808301e-30
29,144,8.076339446759083e-31
29,145,1.8085008669818924e-30
29,146,6.869596386103405e-31
29,147,4.338605110562955e-31
29,148,4.256218857632731e-31
29,149,7.890199372675618e-31
30,31,1.790219594369358e-30
30,32,8.329668409471033e-31
30,33,9.607461315881114e-31
30,34,5.695993006557151e-31
30,35,2.2973486425432717e-30
30,36,1.969688889846344e-30
30,37,1.290444765143936e-30
30,38,2.457653684171224e-30
30,39,1.3677511393070985e-30
30,40,2.483812361465024e-30
30,41,2.6301126900404295e-30
30,42,4.662018913406919e-16
30,43,1.0795197286037838e-31
30,44,1.64372345477043e-30
30,45,1.374724301879684e-15
30,46,1.692425366840309e-30
30,47,8.160317568118967e-31
30,48,1.5436685014146437e-30
30,49,1.8536225670530794e-30
30,50,2.2214151189665214e-30
30,51,1.7055887194798016e-30
30,52,1.1207283923702845e-30
30,53,1.1780945546084621e-30
30,54,1.7825558451842027e-30
30,55,2.2935622184703362e-30
30,56,1.64999727868915e-30
30,57,1.6719409848739995e-30
30,58,8.087107905496941e-31
30,59,1.6563759130381134e-30
30,60,1.5298475652634627e-30
30,61,1.2366842980405823e-30
30,62,1.6020546974115448e-30
30,63,2.713934180554215e-30
30,64,2.4395894435464596e-30
30,65,1.6788080977706663e-30
30,66,2.0781118977464087e-30
30,67,1.3172313235099071e-30
30,68,2.2282538594650494e-30
30,69,2.128115066497261e-30
30,70,1.5548764117805206e-30
30,71,9.025352575105562e-31
30,72,1.8969726039391374e-30
30,73,6.646011807605885e-16
30,74,1.4797257052145314e-30
30,75,6.737519832340728e-16
30,76,1.3819041411498157e-30
30,77,9.171460227163215e-31
30,78,7.115855997483688e-16
30,79,5.8579980750792595e-31
30,80,9.242995471196853e-31
30,81,2.1367477895228156e-30
30,82,3.380309452689088e-30
30,83,1.1235881496314981e-30
30,84,1.821238068577846e-30
30,85,8.111670778484362e-31
30,86,2.757090201321433e-30
30,87,2.6223710308387104e-30
30,88,8.310640185821212e-31
30,89,1.674820677063826e-30
30,90,1.4939559458508342e-30
30,91,1.5551067985767687e-30
30,92,7.194224977713515e-31
30,93,1.1759250428516772e-30
30,94,1.5413973094150005e-30
30,95,9.551464491687522e-16
30,96,2.5043580684903827e-30
30,97,9.024648041347472e-31
30,98,7.4008790795275876e-31
30,99,1.3974428156308504e-30
30,100,1.5584841479263527e-30
30,101,1.7354344014285482e-30
30,102,2.473535259515562e-30
30,103,3.1782597916810855e-30
30,104,1.7365795378154936e-30
30,105,1.8174757471212874e-30
30,106,1.1265244315161556e-30
30,107,1.0808872524523116e-15
30,108,1.0385682984893399e-30
30,109,1.4607454000590219e-30
30,110,2.4873967525814595e-30
30,111,1.5262505724585702e-31
30,112,2.2582810995845633e-30
30,113,5.532140777482139e-31
30,114,1.330578959689494e-30
30,115,2.1934531081201098e-30
30,116,2.5488219351228648e-30
30,117,1.3381756981061852e-30
30,118,1.89583683866448e-30
30,119,1.5460788871564648e-30
30,120,1.8800894923913888e-30
30,121,1.4015615760256518e-30
30,122,2.728617483708053e-30
30,123,1.238455055098099e-30
30,124,1.0287170613567331e-30
30,125,2.249438750448067e-30
30,126,1.9544935620001212e-30
30,127,1.0787932849078334e-30
30,128,2.58021397002659e-30
30,129,1.8153469375903803e-30
30,130,1.0799482119811591e-31
30,131,7.3172772979163755e-31
30,132,1.3233199063905515e-30
30,133,1.021349316519905e-30
30,134,2.3581648914410886e-30
30,135,4.0901389510569935e-30
30,136,8.695222436092465e-30
30,137,2.6225099087347617e-30
30,138,1.02716599682738e-30
30,139,1.0427738798059855e-30
30,140,6.464342410781277e-31
30,141,1.6559922717188608e-30
30,142,4.410429960708044e-16
30,143,4.232732059354085e-30
30,144,2.6256181598736997e-30
30,145,2.640301966295844e-30
30,146,5.280304575229339e-31
30,147,3.440302686635111e-31
30,148,1.0480647397995262e-30
30,149,1.3516369508010608e-30
31,32,5.530936289982818e-31
31,33,1.5409881130519409e-30
31,34,8.55906826267797e-31
31,35,2.7027290937757657e-30
31,36,1.2597397897295177e-30
31,37,1.731905574101385e-30
31,38,2.071913955586526e-30
31,39,1.8730736831753014e-30
31,40,2.22702830818882e-30
31,41,3.71225979892551e-30
31,42,5.357010348840576e-16
31,43,1.5064297433822333e-31
31,44,1.6990829837927978e-30
31,45,7.197743778714034e-16
31,46,1.58469612200186e-30
31,47,6.441654351700591e-31
31,48,2.3637246733001553e-30
31,49,1.0005457986804718e-30
31,50,1.516369974836403e-30
31,51,2.1675382579131026e-30
31,52,8.82683115831251e-31
31,53,7.556321813510952e-31
31,54,1.6607262541453494e-30
31,55,1.2670223312463688e-30
31,56,2.272059469822991e-30
31,57,2.4743860313024074e-30
31,58,1.2157498040410763e-30
31,59,1.1252464014454922e-30
31,60,1.2722322017966695e-30
31,61,1.1715569082597112e-30
31,62,1.5420900648317943e-30
31,63,2.2940183261795277e-30
31,64,2.119245419714946e-30
31,65,2.0543701440567053e-30
31,66,3.1330068479453207e-30
31,67,1.5343429022584553e-30
31,68,2.0119367286380876e-30
31,69,2.5948285868432454e-30
31,70,2.4103605258796398e-30
31,71,4.781524145988906e-31
31,72,2.290383025557113e-30
31,73,6.540459647748371e-16
31,74,8.701220816301714e-31
31,75,4.545902364027965e-16
31,76,7.141512463639521e-31
31,77,6.667458915448716e-31
31,78,1.1601241284588155e-15
31,79,6.70769766755404e-31
31,80,1.3837242770360652e-30
31,81,1.2068906638534521e-30
31,82,1.4876272484418115e-30
31,83,1.4982506815363453e-30
31,84,1.6138191483804585e-30
31,85,1.1279688185413633e-30
31,86,2.3602485774250033e-30
31,87,1.7936007270787405e-30
31,88,6.6371161423115e-31
31,89,2.1623986615031414e-30
31,90,1.6051333679041646e-30
31,91,2.2260861725494505e-30
31,92,8.79211118690987e-31
31,93,1.3939145086575868e-30
31,94,1.2962908285332848e-30
31,95,3.785355833503775e-16
31,96,3.870790576833531e-30
31,97,9.649956593388058e-31
31,98,8.78359757266311e-31
31,99,1.7953555548039685e-30
31,100,2.385632723178141e-30
31,101,1.2516377546485992e-30
31,102,3.414162397797505e-30
31,103,1.833350697626357e-30
31,104,1.0644221812637994e-30
31,105,2.64358131719435e-30
31,106,1.2576921383994039e-30
31,107,1.5083380721932977e-15
31,108,4.912783504723035e-31
31,109,1.0001407591523588e-30
31,110,3.233070982904631e-30
31,111,7.991100868480802e-32
31,112,3.309779341508128e-30
31,113,5.469274263096374e-31
31,114,1.9361598865252366e-30
31,115,1.627640871259885e-30
31,116,1.895021441234227e-30
31,117,9.805158667143488e-31
31,118,3.0055657406072198e-30
31,119,1.1165201846959039e-30
31,120,2.7653958579301132e-30
31,121,7.43470725536515e-31
31,122,4.12292134642517e-30
31,123,7.583279044023206e-31
31,124,1.2651780963477414e-30
31,125,1.7725235350242136e-30
31,126,1.9503978835614182e-30
31,127,1.4707096151934653e-30
31,128,1.2918420089422097e-30
31,129,2.396627320826652e-30
31,130,1.5070276760435084e-31
31,131,4.968268310364554e-31
31,132,1.2379110280757546e-30
31,133,1.4127535429826165e-30
31,134,1.1242011196552153e-30
31,135,1.6190764899852495e-30
31,136,1.2599749714779868e-29
31,137,2.087657706990704e-30
31,138,1.0305256752980853e-30
31,139,7.2392130310282924e-31
31,140,9.571210968893123e-31
31,141,2.0122792503881193e-16
31,142,5.31765610099653e-16
31,143,2.4459137773983897e-30
31,144,2.46727683961609e-30
31,145,1.3582742291644942e-30
31,146,8.089664278906747e-31
31,147,4.537997340293901e-31
31,148,1.1381504975291024e-30
31,149,6.751689996866634e-31
32,33,2.700961132523619e-31
32,34,2.0020305133995804e-31
32,35,8.937005465589424e-31
32,36,6.872855420148964e-31
32,37,5.0026298259374e-31
32,38,9.993598391902327e-31
32,39,4.64516049849896e-31
32,40,8.275364079276045e-31
32,41,7.939963515790034e-31
32,42,8.516513428168021e-31
32,43,3.3264551566701857e-32
32,44,6.276176599938452e-31
32,45,4.996003610813202e-16
32,46,6.796602387366597e-31
32,47,2.860978822400476e-31
32,48,3.965427504828363e-31
32,49,7.061101830729002e-31
32,50,8.733051589227347e-31
32,51,7.088032948215604e-31
32,52,5.05133997479529e-31
32,53,4.636940861028354e-31
32,54,5.029801904015827e-31
32,55,8.910026690814313e-31
32,56,5.99249538730178e-31
32,57,4.988835579094057e-31
32,58,3.0232939671635532e-31
32,59,5.510600484208814e-31
32,60,5.457414564964325e-31
32,61,3.916696029564266e-31
32,62,6.4882746360440215e-31
32,63,1.0137022747449923e-30
32,64,8.740657036306361e-31
32,65,5.939101561593892e-31
32,66,5.660940256573331e-31
32,67,5.373999501562124e-31
32,68,7.110790058184509e-31
32,69,8.53361105573932e-31
32,70,5.344206406596417e-31
32,71,3.499101592786948e-31
32,72,5.001255595252477e-31
32,73,2.482534153247273e-16
32,74,5.674350378504737e-31
32,75,7.809236950196097e-31
32,76,4.933520393467695e-31
32,77,3.0884754469460627e-31
32,78,2.7586795424843436e-30
32,79,2.2635347336562467e-31
32,80,2.6690362805509926e-31
32,81,7.726691604969889e-31
32,82,1.2612967100115523e-30
32,83,4.378183121566297e-31
32,84,7.523625956036795e-31
32,85,1.768089060478385e-31
32,86,9.57366772535809e-31
32,87,1.035437084434314e-30
32,88,2.901894814458225e-31
32,89,6.061724691165641e-31
32,90,5.513101613730965e-31
32,91,4.978316232656274e-31
32,92,2.3910771067237855e-31
32,93,4.782432826694154e-31
32,94,5.908581104798248e-31
32,95,1.154306045053203e-30
32,96,6.619489045852211e-31
32,97,3.2368694480760474e-31
32,98,2.290486076947422e-31
32,99,5.867934716236485e-31
32,100,4.825227839925065e-31
32,101,6.959897580137855e-31
32,102,7.752613055273062e-31
32,103,1.1913333519168412e-30
32,104,6.952663688533707e-31
32,105,4.46832149506545e-31
32,106,4.147368939304729e-31
32,107,3.330669073875469e-16
32,108,3.9064968663947947e-31
32,109,4.951343620009061e-31
32,110,8.835591853278002e-31
32,111,5.546678239835239e-32
32,112,6.5785095201309905e-31
32,113,1.7579605739640634e-31
32,114,2.8826101420569037e-31
32,115,8.125696033219003e-31
32,116,9.270354923849002e-31
32,117,4.311804449785092e-31
32,118,5.653553880627803e-31
32,119,5.661493260342178e-31
32,120,6.170825865559331e-31
32,121,5.49562169725019e-31
32,122,7.402117047784778e-31
32,123,4.5223074183178535e-31
32,124,3.958858376313002e-31
32,125,7.220199590680143e-31
32,126,7.4779060208279e-31
32,127,3.7585791783141023e-31
32,128,1.0006305420051459e-30
32,129,7.366669229602772e-31
32,130,3.3277754945041785e-32
32,131,2.5684579505530875e-31
32,132,5.2800819247334735e-31
32,133,3.4185735953810653e-31
32,134,8.817210791939035e-31
32,135,1.5079165351504693e-30
32,136,2.0359415398285797e-30
32,137,8.483235263763416e-31
32,138,3.68816624909319e-31
32,139,3.98771638200908e-31
32,140,1.983220609203722e-31
32,141,4.356044572193636e-31
32,142,4.101548056541405e-31
32,143,1.6960928248060078e-30
32,144,9.725816053615702e-31
32,145,1.018989943842398e-30
32,146,1.6099920378782402e-31
32,147,8.63124100751478e-32
32,148,3.8701017359934508e-31
32,149,5.380904409015129e-31
33,34,6.197180594793527e-31
33,35,1.6790072057744286e-30
33,36,8.854533516228798e-31
33,37,1.1151423628004422e-30
33,38,1.3006600626905699e-30
33,39,1.3826004832819089e-30
33,40,1.757969686664061e-30
33,41,2.4359077593310274e-30
33,42,3.5571561302006714e-16
33,43,9.97768092490312e-32
33,44,1.211467651937927e-30
33,45,5.050637792735579e-16
33,46,1.1740009976831297e-30
33,47,4.776506017993603e-31
33,48,1.571441681556352e-30
33,49,7.227130714947397e-31
33,50,9.631077849207596e-31
33,51,1.357602806117905e-30
33,52,4.098321023427343e-31
33,53,4.868181113035571e-31
33,54,1.1243234700166832e-30
33,55,8.158374324869833e-31
33,56,1.4042789836812806e-30
33,57,1.6847664088545886e-30
33,58,7.873706589151487e-31
33,59,8.102991889695762e-31
33,60,8.758992311957801e-31
33,61,8.859056302041858e-31
33,62,1.1866708049288112e-30
33,63,1.623704400613732e-30
33,64,1.4832047285139246e-30
33,65,1.3095428414992023e-30
33,66,1.9767318605454376e-30
33,67,9.96398119390285e-31
33,68,1.2682805856827424e-30
33,69,1.7323396013644212e-30
33,70,1.654029409862409e-30
33,71,3.3532739908325063e-31
33,72,1.5698745014811386e-30
33,73,2.376507850169142e-16
33,74,6.093165808386518e-31
33,75,9.20470208631336e-31
33,76,4.430303892935796e-31
33,77,4.6447401691014425e-31
33,78,2.2176408203443233e-30
33,79,4.320164019501587e-31
33,80,9.308946013285264e-31
33,81,6.4499510040322714e-31
33,82,1.0422499021378212e-30
33,83,8.754679054712302e-31
33,84,1.0858071712288178e-30
33,85,6.503509457374847e-31
33,86,1.8085202922208045e-30
33,87,8.847092680760334e-31
33,88,4.45716949147651e-31
33,89,1.4830368021107946e-30
33,90,1.0887435606534904e-30
33,91,1.4914028075632565e-30
33,92,5.020532767795011e-31
33,93,8.335569168862049e-31
33,94,8.227277581032457e-31
33,95,2.403526034318362e-30
33,96,2.551222822614134e-30
33,97,6.596380684745262e-31
33,98,6.572141530396698e-31
33,99,1.3026179780177122e-30
33,100,1.561242385908351e-30
33,101,7.358627496262882e-31
33,102,2.269929218685814e-30
33,103,1.205759952266331e-30
33,104,4.9813365581450875e-31
33,105,1.8134253474266466e-30
33,106,8.394940165901249e-31
33,107,9.99032054255555e-16
33,108,3.423936902617554e-31
33,109,6.50536578154932e-31
33,110,2.1117929683283236e-30
33,111,5.607334366537021e-32
33,112,2.244662023488086e-30
33,113,3.7505891950440614e-31
33,114,1.3272262673360165e-30
33,115,1.0895199790377306e-30
33,116,1.3328243719998862e-30
33,117,6.400756316503841e-31
33,118,2.0572646683974373e-30
33,119,7.385728282030819e-31
33,120,1.8671486571208464e-30
33,121,4.181441291172639e-31
33,122,2.7286119733228105e-30
33,123,5.315068427013562e-31
33,124,8.829450020709953e-31
33,125,8.972834809636498e-31
33,126,1.4922412035951636e-30
33,127,7.259546635873909e-31
33,128,8.63468068704761e-31
33,129,1.5738455478370193e-30
33,130,9.981641269774823e-32
33,131,3.2737672115088883e-31
33,132,7.680274215719063e-31
33,133,7.499414630719408e-31
33,134,7.832736384561858e-31
33,135,1.2465852451462436e-30
33,136,8.010137211357118e-30
33,137,1.518280539921918e-30
33,138,7.4382951111451856e-31
33,139,4.867599864596035e-31
33,140,6.374313251950839e-31
33,141,1.664615266842123e-30
33,142,1.1123893155135907e-16
33,143,1.6701663850138428e-30
33,144,1.6206367493823917e-30
33,145,7.593106825724852e-31
33,146,5.515967499475677e-31
33,147,3.093800226577623e-31
33,148,7.449243885608596e-31
33,149,4.341068916358002e-31
34,35,9.1925569672407e-31
34,36,6.6506668314050344e-31
34,37,6.464719358786932e-31
34,38,7.624369964375302e-31
34,39,6.414789834772316e-31
34,40,7.498917177014725e-31
34,41,1.2094512971261233e-30
34,42,3.885780586188052e-16
34,43,5.1189114464325e-32
34,44,7.324670443944437e-31
34,45,3.995742639231181e-16
34,46,7.282055205994746e-31
34,47,3.0028875368864277e-31
34,48,9.204687426602272e-31
34,49,4.418747070783564e-31
34,50,4.785090597398114e-31
34,51,7.94570000896829e-31
34,52,3.6317837048410696e-31
34,53,2.479931664497581e-31
34,54,7.487644413527781e-31
34,55,4.866230155305314e-31
34,56,8.538285307705178e-31
34,57,8.63581205887901e-31
34,58,4.6744154969885985e-31
34,59,6.308179550024016e-31
34,60,5.757475574544023e-31
34,61,5.856145995016451e-31
34,62,7.492134488487316e-31
34,63,7.750124223528042e-31
34,64,1.0214817623827556e-30
34,65,6.489661641024519e-31
34,66,1.2157299468018237e-30
34,67,5.500326161724816e-31
34,68,8.255414346835851e-31
34,69,8.738626968086674e-31
34,70,9.369668283282144e-31
34,71,2.103726792191892e-31
34,72,9.778508725727903e-31
34,73,3.140184917367549e-16
34,74,4.753007450666696e-31
34,75,4.654787880858848e-31
34,76,3.3190076442556602e-31
34,77,3.366882841625674e-31
34,78,2.558937633260448e-16
34,79,2.8477356705669644e-31
34,80,5.831862436766045e-31
34,81,5.486529912242784e-31
34,82,8.064960105534484e-31
34,83,6.238408718020566e-31
34,84,5.869349784194859e-31
34,85,3.75299477055158e-31
34,86,1.1734927333434868e-30
34,87,6.686623215223639e-31
34,88,3.164639194839457e-31
34,89,7.76862149120475e-31
34,90,4.986712960290226e-31
34,91,7.8781107513263935e-31
34,92,2.8646123604760705e-31
34,93,4.658582106311661e-31
34,94,4.453174382823155e-31
34,95,1.2788121377790903e-30
34,96,1.4393436816640153e-30
34,97,4.002240137014865e-31
34,98,2.8176567078685478e-31
34,99,7.053841197490555e-31
34,100,9.117520979791245e-31
34,101,5.721292594917771e-31
34,102,1.1604714130779808e-30
34,103,9.002209842351967e-31
34,104,3.8838151379974288e-31
34,105,1.0761068928434124e-30
34,106,4.115579986563936e-31
34,107,5.12539602776623e-16
34,108,2.727878412249212e-31
34,109,4.4949546322311805e-31
34,110,1.0808165541816801e-30
34,111,4.43616547855095e-32
34,112,1.1520445055519025e-30
34,113,2.4214433058730067e-31
34,114,7.642734362523946e-31
34,115,6.142820823420912e-31
34,116,9.788679230244114e-31
34,117,4.8491368788425865e-31
34,118,1.163794918648179e-30
34,119,5.719076906335627e-31
34,120,9.647441346726354e-31
34,121,3.588447663014676e-31
34,122,1.4334529314617508e-30
34,123,4.021595473078509e-31
34,124,4.698237651502654e-31
34,125,7.557158034610537e-31
34,126,8.783437106887112e-31
34,127,4.422989977677781e-31
34,128,6.888754742548529e-31
34,129,9.21467038598747e-31
34,130,5.120943246692316e-32
34,131,1.9233724397551414e-31
34,132,4.4038794545844755e-31
34,133,4.590785609307263e-31
34,134,6.25670513735188e-31
34,135,9.05189162536945e-31
34,136,4.321650945834218e-30
34,137,1.085057824426993e-30
34,138,4.7245415222106325e-31
34,139,2.3180152329858636e-31
34,140,3.381583129796116e-31
34,141,9.663864155638715e-31
34,142,1.2509268882771013e-16
34,143,1.303295470392738e-30
34,144,7.507224351571833e-31
34,145,6.512783339094027e-31
34,146,3.0973537765083727e-31
34,147,1.8874576530640223e-31
34,148,3.6228532854085816e-31
34,149,2.971599436827055e-31
35,36,1.0521071591524327e-30
35,37,2.015835377441492e-30
35,38,2.7299465955587107e-30
35,39,2.208784244822145e-30
35,40,3.1506514047890336e-30
35,41,4.226852685927158e-30
35,42,8.2625527448760615e-16
35,43,1.7858170122852092e-31
35,44,1.66926986629248e-30
35,45,8.124804769967564e-16
35,46,1.7254816995658155e-30
35,47,5.803923496639137e-31
35,48,2.3637498415405337e-30
35,49,1.6947030564331893e-30
35,50,2.4222537279765165e-30
35,51,2.6347474186553227e-30
35,52,8.378852543385417e-31
35,53,1.2723155032121667e-30
35,54,1.0823486072791585e-30
35,55,2.2077650935298247e-30
35,56,2.750037941377904e-30
35,57,2.811133032748209e-30
35,58,1.3394994660027654e-30
35,59,9.467463079320137e-31
35,60,1.2057200100312338e-30
35,61,8.220992729589453e-31
35,62,1.7939496718801487e-30
35,63,3.4279190970863764e-30
35,64,1.3618570607155275e-30
35,65,2.5996113574299188e-30
35,66,3.3208129358466206e-30
35,67,1.9259978224275004e-30
35,68,1.719746051153299e-30
35,69,3.261258050864198e-30
35,70,2.3920380289794104e-30
35,71,7.92272468747204e-31
35,72,1.9847463216658046e-30
35,73,6.136509206188108e-16
35,74,9.333635581682745e-31
35,75,1.800104755682715e-16
35,76,1.1063185798677804e-30
35,77,5.755090464438503e-31
35,78,1.1743398885081564e-15
35,79,5.2721691315174685e-31
35,80,1.5174449341477077e-30
35,81,1.2789836740239396e-30
35,82,2.6176987595617875e-30
35,83,1.7617035783638398e-30
35,84,2.1511619328033434e-30
35,85,9.572517860035078e-31
35,86,2.5218998503132163e-30
35,87,2.5804194376064844e-30
35,88,5.782639523797071e-31
35,89,2.7312342500542752e-30
35,90,2.1548082143769726e-30
35,91,2.5870709958705477e-30
35,92,8.637089290656277e-31
35,93,1.7317478468312254e-30
35,94,1.8350500276301055e-30
35,95,7.932828056511691e-16
35,96,4.1298951629300114e-30
35,97,9.365590000659004e-31
35,98,9.278567155032125e-31
35,99,2.2462042825860312e-30
35,100,2.608053535084916e-30
35,101,1.4180136985506805e-30
35,102,4.077475857907743e-30
35,103,2.5808471033391855e-30
35,104,1.6132863670165445e-30
35,105,2.3945393963568517e-30
35,106,1.704928583756554e-30
35,107,1.7880792658491762e-15
35,108,7.4189165649248446e-31
35,109,1.1418290331357316e-30
35,110,3.981623543448412e-30
35,111,9.020345326202294e-32
35,112,3.707671075461108e-30
35,113,3.31449504201409e-31
35,114,1.6673617716957807e-30
35,115,2.354849551550522e-30
35,116,1.6009897923187638e-30
35,117,8.716707300178632e-31
35,118,3.091937919350416e-30
35,119,8.159493820648264e-31
35,120,3.16408399889345e-30
35,121,1.1199979057769527e-30
35,122,4.483038833673722e-30
35,123,7.320812349543355e-31
35,124,1.1364148114548885e-30
35,125,1.1809323884380087e-30
35,126,2.2808017593814683e-30
35,127,1.5714312268146799e-30
35,128,1.924160924306892e-30
35,129,3.0340610597024855e-30
35,130,1.7865258394465134e-31
35,131,7.401729316190873e-31
35,132,1.6603548672349274e-30
35,133,1.2862696467653323e-30
35,134,1.5919405315673226e-30
35,135,3.166049350628568e-30
35,136,1.3004083281750943e-29
35,137,1.3483896862251519e-30
35,138,9.446451438927972e-31
35,139,1.1392534767905766e-30
35,140,1.079068403655135e-30
35,141,2.6900469485582207e-30
35,142,5.04443747014634e-16
35,143,2.88467356404695e-30
35,144,3.530860666970996e-30
35,145,1.934465276667053e-30
35,146,7.8004990812117175e-31
35,147,3.815711790084105e-31
35,148,1.5490542922387392e-30
35,149,1.217650496641848e-30
36,37,1.164113937015895e-30
36,38,2.4380583179516644e-30
36,39,8.377681244649706e-31
36,40,1.5439731873630888e-30
36,41,1.5600078781685662e-30
36,42,1.2699564855803823e-30
36,43,3.719089927209624e-32
36,44,2.0645080878459813e-30
36,45,1.4780984165179524e-15
36,46,2.1972753791753844e-30
36,47,9.11945477101485e-31
36,48,1.5425898030211537e-30
36,49,1.741104423964977e-30
36,50,1.8367414013781704e-30
36,51,1.5779233736130644e-30
36,52,1.1938641714462641e-30
36,53,9.18776942174582e-31
36,54,2.033963998272999e-30
36,55,2.030214902594918e-30
36,56,6.9838764171716775e-31
36,57,9.851933636454159e-31
36,58,7.845252136371874e-31
36,59,1.857501890968401e-30
36,60,1.7427329621447154e-30
36,61,1.5443025700251886e-30
36,62,1.808702256339596e-30
36,63,1.8033649077489496e-30
36,64,2.938468961376953e-30
36,65,6.696444938339432e-31
36,66,1.5338586065090089e-30
36,67,1.162241184752533e-30
36,68,2.431461383871499e-30
36,69,1.6356888309100655e-30
36,70,1.7880244005196507e-30
36,71,7.861208994877716e-31
36,72,2.213444369962135e-30
36,73,1.0523563750342088e-30
36,74,1.6478861353668593e-30
36,75,1.8098128237970153e-30
36,76,1.2631978446119673e-30
36,77,1.0289885442532794e-30
36,78,6.817285868950406e-30
36,79,7.181466296776987e-31
36,80,7.084811118247255e-31
36,81,2.07392222488869e-30
36,82,3.2665640867372086e-30
36,83,1.0952068648424067e-30
36,84,1.7607294323663385e-30
36,85,7.62162526958324e-31
36,86,3.0126515062693536e-30
36,87,2.6708197200978738e-30
36,88,9.540077432074898e-31
36,89,7.2894343167838185e-31
36,90,7.747676960127592e-31
36,91,8.192236144984447e-31
36,92,7.7070941461057435e-31
36,93,1.0155833356697827e-30
36,94,1.1676468313911745e-30
36,95,2.0194966440060443e-30
36,96,1.8127882076021436e-30
36,97,1.066744720916324e-30
36,98,2.1482192449652944e-31
36,99,1.2277596482883603e-30
36,100,1.2823286203761974e-30
36,101,1.9430282092660228e-30
36,102,8.384958533280303e-31
36,103,3.224693893640561e-30
36,104,1.6448860167178627e-30
36,105,2.1694159248405885e-30
36,106,3.4931615895140654e-31
36,107,3.723801229870905e-16
36,108,1.056453969037336e-30
36,109,1.5072036426847921e-30
36,110,1.191140958396835e-30
36,111,1.641018894680216e-31
36,112,1.4341917469657118e-30
36,113,6.885446674598246e-31
36,114,1.5567767803969282e-30
36,115,1.892857237699318e-30
36,116,3.0532387771862706e-30
36,117,1.4959132490532092e-30
36,118,2.088725867402634e-30
36,119,1.8042842315553727e-30
36,120,1.2744455142288358e-30
36,121,1.426252843404862e-30
36,122,1.7453607712369605e-30
36,123,1.3840962133036768e-30
36,124,1.254158488426255e-30
36,125,2.2458746050203815e-30
36,126,2.2303097741572213e-30
36,127,9.286958061110336e-31
36,128,2.6683814519745615e-30
36,129,1.0423311065520685e-30
36,130,3.720566109784661e-32
36,131,6.365887012551116e-31
36,132,1.1545261061113859e-30
36,133,8.373688477497879e-31
36,134,2.4086180454257787e-30
36,135,3.857291104036547e-30
36,136,5.073430898160824e-30
36,137,3.089109160729063e-30
36,138,1.3110808543387965e-30
36,139,7.882629524145918e-31
36,140,4.2947117468230925e-31
36,141,1.1292132473318589e-30
36,142,6.3531814612177e-31
36,143,4.6289541700288376e-30
36,144,1.2619627769509446e-30
36,145,2.5160786440525986e-30
36,146,6.263913279971448e-31
36,147,4.165765697767399e-31
36,148,4.029968473365661e-31
36,149,1.1984628393466297e-30
37,38,1.4980787047787244e-30
37,39,1.3909342828292935e-30
37,40,1.70911208320918e-30
37,41,2.743392327665071e-30
37,42,7.911879608790826e-16
37,43,1.1040436512036013e-31
37,44,1.3612406704999024e-30
37,45,7.486291564030121e-16
37,46,1.3550535047747992e-30
37,47,5.042356486206152e-31
37,48,1.718181126612488e-30
37,49,9.575454598326494e-31
37,50,1.3164560726113294e-30
37,51,1.5826676376883667e-30
37,52,7.3070669840028835e-31
37,53,6.933924578230375e-31
37,54,1.264157655930052e-30
37,55,1.2178003552609757e-30
37,56,1.6541997164755127e-30
37,57,1.8232497607463966e-30
37,58,9.056072830775331e-31
37,59,1.0332817364870197e-30
37,60,9.78942307595812e-31
37,61,9.2456379230987e-31
37,62,1.0867902785653665e-30
37,63,1.8434772757597614e-30
37,64,1.6691152341174584e-30
37,65,1.535961787223412e-30
37,66,2.266379858982875e-30
37,67,1.1294244997853166e-30
37,68,1.49066175009229e-30
37,69,1.904193994172449e-30
37,70,1.738882829236013e-30
37,71,4.699494380109549e-31
37,72,1.7020737534512704e-30
37,73,5.069668145731797e-16
37,74,8.583551677723108e-31
37,75,1.666779512946627e-16
37,76,7.414967754916678e-31
37,77,5.559088435825026e-31
37,78,9.672651698136998e-16
37,79,5.562096984286499e-31
37,80,1.063436113486048e-30
37,81,1.1048381306409535e-30
37,82,1.7035182476230282e-30
37,83,1.0974985123614213e-30
37,84,1.1923374046811886e-30
37,85,7.268757426144323e-31
37,86,1.8063134501071466e-30
37,87,1.4354573422209512e-30
37,88,5.36250558965733e-31
37,89,1.6086304090769743e-30
37,90,1.2277281096398986e-30
37,91,1.620881623422379e-30
37,92,5.487894107060062e-31
37,93,1.0360652295780747e-30
37,94,1.0321063239051658e-30
37,95,3.239802366257054e-16
37,96,2.7736133031310565e-30
37,97,7.031867264099232e-31
37,98,6.396525587664374e-31
37,99,1.3154252853693986e-30
37,100,1.7304165490708125e-30
37,101,1.0832742390005834e-30
37,102,2.5066928557652717e-30
37,103,1.6472590773698583e-30
37,104,9.580468552861882e-31
37,105,1.949749083955668e-30
37,106,9.659393935790747e-31
37,107,1.1054422416904927e-15
37,108,5.4241769737311405e-31
37,109,7.988688901377219e-31
37,110,2.420374397624893e-30
37,111,8.31145326344332e-32
37,112,2.3868723262040047e-30
37,113,4.270464968477419e-31
37,114,1.397987876487288e-30
37,115,1.3141823146041898e-30
37,116,1.7507153972177645e-30
37,117,7.98360688330754e-31
37,118,2.1761646235096347e-30
37,119,9.769090213992584e-31
37,120,2.0129567388275495e-30
37,121,7.696092088085737e-31
37,122,2.939410219007904e-30
37,123,7.140521952584556e-31
37,124,9.2306323118512e-31
37,125,1.3618321609680343e-30
37,126,1.5740239973578549e-30
37,127,1.0351168456817792e-30
37,128,1.3835048449774761e-30
37,129,1.841987866048544e-30
37,130,1.104481868625574e-31
37,131,4.022484160884226e-31
37,132,9.272811428383784e-31
37,133,1.0783227496160345e-30
37,134,1.2334937021749897e-30
37,135,2.1690441755945693e-30
37,136,7.819063961072181e-30
37,137,1.7356936609246035e-30
37,138,9.421621467544437e-31
37,139,5.513317901240971e-31
37,140,6.931454632728745e-31
37,141,2.6823232002317003e-16
37,142,4.244687922132379e-16
37,143,2.4573681465029468e-30
37,144,1.945431404286894e-30
37,145,1.3858213445773372e-30
37,146,5.8043297240272056e-31
37,147,3.326706046651237e-31
37,148,8.767244227369178e-31
37,149,7.216697214623622e-31
38,39,1.6567474927303492e-30
38,40,2.6127267543476884e-30
38,41,3.223722805907154e-30
38,42,6.073811660295168e-16
38,43,1.325682256795576e-31
38,44,2.2629118292081264e-30
38,45,1.6680211911600582e-15
38,46,2.36691058896848e-30
38,47,9.981916464339753e-31
38,48,2.0286646891532872e-30
38,49,2.1349855031675808e-30
38,50,2.55092869090354e-30
38,51,1.9930633575068936e-30
38,52,1.522090053727498e-30
38,53,1.3500348288527983e-30
38,54,2.1905946461630947e-30
38,55,2.641617761123026e-30
38,56,2.0033710758446775e-30
38,57,2.120230755219401e-30
38,58,1.0169081103651171e-30
38,59,2.0562535473104118e-30
38,60,1.8848580404928154e-30
38,61,1.6190151955524362e-30
38,62,2.034725513905409e-30
38,63,3.067041290610182e-30
38,64,3.242999266593237e-30
38,65,1.983994944872302e-30
38,66,2.6190531100098546e-30
38,67,1.5273321381585869e-30
38,68,2.5596227151636172e-30
38,69,2.4874507448474452e-30
38,70,2.1789376691926088e-30
38,71,1.010909777429564e-30
38,72,1.514285422249073e-16
38,73,6.497876800312884e-16
38,74,1.8862161639830254e-30
38,75,6.069846772046878e-16
38,76,1.4922286921219852e-30
38,77,1.0981477124126933e-30
38,78,4.862311076556813e-16
38,79,9.578003316535802e-31
38,80,1.1376695684547544e-30
38,81,2.3798605054593814e-30
38,82,3.886059773178768e-30
38,83,1.3132516150179347e-30
38,84,2.1563285411970318e-30
38,85,9.066755490471252e-31
38,86,3.352229873331627e-30
38,87,3.2444393388151165e-30
38,88,1.0321086363462627e-30
38,89,1.9962089971971225e-30
38,90,1.7099331927312815e-30
38,91,1.9224001445826375e-30
38,92,8.10087252342849e-31
38,93,1.3786906065130995e-30
38,94,1.6465221989219874e-30
38,95,5.7622088689274e-16
38,96,3.23521725462537e-30
38,97,1.1399751111179617e-30
38,98,8.025038384701371e-31
38,99,1.6209667152268606e-30
38,100,1.994056215610366e-30
38,101,2.2676948796723375e-30
38,102,3.02438636400101e-30
38,103,3.742988791124728e-30
38,104,2.0341956359432873e-30
38,105,2.5204219512865937e-30
38,106,1.3077011126014532e-30
38,107,1.3273616166569126e-15
38,108,1.2382681218424019e-30
38,109,1.701280768445322e-30
38,110,2.9556934771948676e-30
38,111,1.8518755319885772e-31
38,112,2.8391471866442104e-30
38,113,7.528715580983086e-31
38,114,1.8503400706812852e-30
38,115,2.5018851609073273e-30
38,116,3.502497560802103e-30
38,117,1.5516546196797699e-30
38,118,2.5954738641058293e-30
38,119,2.0214358716986973e-30
38,120,2.3678789656885442e-30
38,121,1.6854153678158506e-30
38,122,3.4563429713816756e-30
38,123,1.5424891218950302e-30
38,124,1.4110701621937428e-30
38,125,2.428714428752146e-30
38,126,1.178080330951182e-16
38,127,1.1557216279192733e-30
38,128,3.1477120955041075e-30
38,129,2.1797407445454198e-30
38,130,1.3262084470963805e-31
38,131,7.941554556088402e-31
38,132,1.4635479803377901e-30
38,133,9.164961813491696e-31
38,134,2.8117867581997063e-30
38,135,4.427238438807146e-30
38,136,1.004754661725312e-29
38,137,3.200885852910461e-30
38,138,1.4741907702850401e-30
38,139,1.2322804750722938e-30
38,140,8.11669177371991e-31
38,141,1.171548552954479e-16
38,142,5.724061772805036e-16
38,143,5.412586880913685e-30
38,144,2.9762219440885652e-30
38,145,3.040085623871872e-30
38,146,7.363969375128738e-31
38,147,4.651962387264054e-31
38,148,1.2142070063662013e-30
38,149,1.5856082690918895e-30
39,40,2.466123469923903e-30
39,41,3.1997780633384714e-30
39,42,5.453995161594792e-16
39,43,1.276834883571932e-31
39,44,1.4700916008435098e-30
39,45,5.217106951084345e-16
39,46,1.1924998628505652e-30
39,47,6.013192161351444e-31
39,48,1.816359539604802e-30
39,49,1.042119603073e-30
39,50,1.4266406881791028e-30
39,51,1.6643529442946033e-30
39,52,8.424267961451757e-31
39,53,7.405867130514795e-31
39,54,1.2782942063797092e-30
39,55,1.2534487561950182e-30
39,56,1.6861628014237803e-30
39,57,2.1329487109879735e-30
39,58,9.137659435363429e-31
39,59,6.846215527624337e-31
39,60,9.567830282408388e-31
39,61,8.34726447930848e-31
39,62,1.3077700567277621e-30
39,63,2.25713181479602e-30
39,64,1.550163674032942e-30
39,65,1.7686219028991468e-30
39,66,2.2332026201269093e-30
39,67,1.2604006901406381e-30
39,68,1.3681107253894054e-30
39,69,2.243690121870206e-30
39,70,1.9434983554287434e-30
39,71,5.543367116624929e-31
39,72,1.69934787534378e-30
39,73,6.944442800358883e-16
39,74,6.445496963935272e-31
39,75,1.4046334123240563e-30
39,76,6.8786831057822675e-31
39,77,4.241715847574494e-31
39,78,1.4686874116734497e-16
39,79,7.0236427316329705e-31
39,80,1.0485714986516194e-30
39,81,8.394233254910239e-31
39,82,1.4227683166372331e-30
39,83,9.955050885390014e-31
39,84,1.3632864645422085e-30
39,85,8.62144624244684e-31
39,86,1.9614109798041562e-30
39,87,1.3377770832073796e-30
39,88,6.5988744978566556e-31
39,89,1.8775472284902703e-30
39,90,1.4964215124538632e-30
39,91,1.8733624221443542e-30
39,92,6.999829716078264e-31
39,93,1.1129443654578619e-30
39,94,1.1071274639440227e-30
39,95,3.11370642827112e-30
39,96,3.006261449168118e-30
39,97,7.557635855828587e-31
39,98,1.0823581872911444e-30
39,99,1.590319089124267e-30
39,100,1.81532077531826e-30
39,101,9.842734543865156e-31
39,102,2.9104578869779976e-30
39,103,1.4802862599859811e-30
39,104,7.479476899970265e-31
39,105,2.0438752498126815e-30
39,106,1.1364672519866623e-30
39,107,1.2784523641122602e-15
39,108,4.047845359877985e-31
39,109,8.192419052270834e-31
39,110,2.761025237655627e-30
39,111,5.792152259025792e-32
39,112,2.8564142510632886e-30
39,113,4.22044974124003e-31
39,114,1.5405285180279068e-30
39,115,1.4750743913313593e-30
39,116,1.4443859581258766e-30
39,117,4.957807854557079e-31
39,118,2.4120513948200695e-30
39,119,8.054228792056087e-31
39,120,2.3595903891161972e-30
39,121,6.118220527469762e-31
39,122,3.3989411006232616e-30
39,123,5.3263599691520475e-31
39,124,1.183861913144383e-30
39,125,7.754533679803188e-31
39,126,1.678571269790517e-30
39,127,9.632566199024338e-31
39,128,1.0364515759360498e-30
39,129,1.9341532938449305e-30
39,130,1.2773416853549538e-31
39,131,4.808989686335955e-31
39,132,9.948720480884367e-31
39,133,9.843716599577185e-31
39,134,9.020310494025597e-31
39,135,1.4849788444547103e-30
39,136,9.819277875244334e-30
39,137,1.3748436940856227e-30
39,138,8.838063915061815e-31
39,139,7.6243362314807185e-31
39,140,7.925789531276039e-31
39,141,1.9430389334024188e-30
39,142,3.188884657112917e-16
39,143,1.9381432928849613e-30
39,144,2.296641472576381e-30
39,145,1.051232982036685e-30
39,146,6.504784445143974e-31
39,147,3.362601113043508e-31
39,148,1.0210819231218294e-30
39,149,6.6024815033892995e-31
40,41,4.111393293132834e-30
40,42,5.295426327528166e-16
40,43,1.6386314955605127e-31
40,44,1.973703965673145e-30
40,45,1.150601687714643e-15
40,46,1.6395354873960043e-30
40,47,8.502174699797056e-31
40,48,2.0622592878972462e-30
40,49,2.0242013352759327e-30
40,50,2.5795703240121494e-30
40,51,2.1850863227767877e-30
40,52,7.690911636415682e-31
40,53,1.3757498215161397e-30
40,54,1.2625348898239961e-30
40,55,2.5012921781118663e-30
40,56,2.1037145689244736e-30
40,57,2.6471303055304718e-30
40,58,1.0350046302291246e-30
40,59,1.3508086618059935e-30
40,60,1.3637790383501224e-30
40,61,9.528888141024888e-31
40,62,1.8047095988651096e-30
40,63,3.7266387389066106e-30
40,64,1.7770133064594876e-30
40,65,2.450812329742019e-30
40,66,2.3883044163959222e-30
40,67,1.7430776815970543e-30
40,68,1.7968912202509555e-30
40,69,3.1069654316898808e-30
40,70,2.107052706936444e-30
40,71,1.0793125049421125e-30
40,72,1.6985848972346737e-30
40,73,7.017637236577336e-16
40,74,1.2151506358942693e-30
40,75,2.6655525973543962e-30
40,76,1.4295951886508533e-30
40,77,7.804538161731117e-31
40,78,7.164513142307335e-30
40,79,6.361655605795329e-31
40,80,1.2629392393111444e-30
40,81,1.6387375795483602e-30
40,82,3.345291577201601e-30
40,83,1.4313919211059397e-30
40,84,2.0383777257300925e-30
40,85,1.0282007102908418e-30
40,86,2.811162737810317e-30
40,87,2.9032566040761324e-30
40,88,7.249428612676668e-31
40,89,2.5491002430991897e-30
40,90,2.1977362590912316e-30
40,91,2.3970927610947643e-30
40,92,1.01195750476735e-30
40,93,1.5029224983128915e-30
40,94,1.7805538336408737e-30
40,95,4.1746587069500165e-30
40,96,3.458117288135452e-30
40,97,9.173845418311984e-31
40,98,1.4182764822097964e-30
40,99,2.1306139034961712e-30
40,100,2.0838706724003067e-30
40,101,1.61508082590266e-30
40,102,3.764373349801341e-30
40,103,3.0409572798938414e-30
40,104,1.6345408056799193e-30
40,105,2.1205772147755045e-30
40,106,1.6598155787487553e-30
40,107,1.6407072961130659e-15
40,108,9.530639315792033e-31
40,109,1.5602475228272792e-30
40,110,3.682826448906728e-30
40,111,1.2774244858733615e-31
40,112,3.647824069583538e-30
40,113,4.323658392723696e-31
40,114,1.6114511816039466e-30
40,115,2.422968457244054e-30
40,116,2.0604251314813515e-30
40,117,1.0866120086476987e-30
40,118,2.790759774143809e-30
40,119,1.19711330062691e-30
40,120,2.962984057108961e-30
40,121,1.3682496489447904e-30
40,122,4.1124020186372676e-30
40,123,1.0202609661990683e-30
40,124,1.3588419580172173e-30
40,125,1.6756575845267024e-30
40,126,2.201678333700238e-30
40,127,1.5644717479946524e-30
40,128,2.2759168082349073e-30
40,129,2.6032900585738857e-30
40,130,1.639281901791068e-31
40,131,9.041427863777826e-31
40,132,1.5386359956403058e-30
40,133,1.3970731221637249e-30
40,134,2.096070613612062e-30
40,135,3.830437143129063e-30
40,136,1.1910022450156853e-29
40,137,1.8962177901081386e-30
40,138,8.367505557312517e-31
40,139,1.4460670338158106e-30
40,140,9.797986740821191e-31
40,141,2.3598398701364337e-30
40,142,2.8339244640771145e-16
40,143,3.325001249908008e-30
40,144,3.588632027771788e-30
40,145,2.2517196974748082e-30
40,146,7.1838827273744985e-31
40,147,3.3923104397386835e-31
40,148,1.4995406096385108e-30
40,149,1.4114507394028e-30
41,42,5.892981014417587e-16
41,43,2.4302918582671736e-31
41,44,2.6281678838103326e-30
41,45,9.263622333011676e-16
41,46,2.2702523234566337e-30
41,47,9.021086588993655e-31
41,48,3.4786164433454865e-30
41,49,1.8658191314271896e-30
41,50,2.6293607955686463e-30
41,51,3.278736767391264e-30
41,52,7.934878920911962e-31
41,53,1.3536140963554392e-30
41,54,2.255771761838825e-30
41,55,2.2323232021947988e-30
41,56,3.33127834212524e-30
41,57,4.016320589602424e-30
41,58,1.8103603996993815e-30
41,59,1.3484419307797417e-30
41,60,1.8141536904263652e-30
41,61,1.5177985663033238e-30
41,62,2.2624918784384908e-30
41,63,4.066479972129415e-30
41,64,2.6370535713987748e-30
41,65,3.38794925296436e-30
41,66,4.538688588547378e-30
41,67,2.4217212820636027e-30
41,68,2.7789624726043586e-30
41,69,4.22691351549863e-30
41,70,3.630892396112615e-30
41,71,8.030839298980667e-31
41,72,8.371759870056845e-16
41,73,4.3093063492768085e-16
41,74,1.0133827297528127e-30
41,75,3.1043917467709973e-16
41,76,1.2368748257227285e-30
41,77,8.717922667370025e-31
41,78,3.707035474110079e-16
41,79,8.001482082502968e-31
41,80,2.0044668773554204e-30
41,81,1.3490674353116472e-30
41,82,2.5057572270479635e-30
41,83,2.04844567511494e-30
41,84,2.5828195945474484e-30
41,85,1.638374369046154e-30
41,86,3.411049789757143e-30
41,87,2.3310562507321734e-30
41,88,8.788959147752601e-31
41,89,3.5043049458217756e-30
41,90,2.775586258218168e-30
41,91,3.5512804225513545e-30
41,92,1.3058819316990833e-30
41,93,2.2064647198060524e-30
41,94,2.102622900776209e-30
41,95,2.983371361740488e-16
41,96,5.8693744633959556e-30
41,97,1.4333431490163925e-30
41,98,1.5958693450739914e-30
41,99,2.8716221821718777e-30
41,100,3.578261059578241e-30
41,101,1.8053212645147438e-30
41,102,5.526349777011392e-30
41,103,2.7804921377018567e-30
41,104,1.3057681296284195e-30
41,105,3.8928944071856945e-30
41,106,2.1177283369972654e-30
41,107,2.4333705255550443e-15
41,108,7.020627057565738e-31
41,109,1.4425826553651327e-30
41,110,5.288526432509364e-30
41,111,1.028468680554138e-31
41,112,5.3194438744745786e-30
41,113,7.31252292992489e-31
41,114,2.8802168056384053e-30
41,115,2.8314151417431267e-30
41,116,2.3499095283808573e-30
41,117,1.2053954151293805e-30
41,118,4.590649763707444e-30
41,119,1.26322377551684e-30
41,120,4.451587144725049e-30
41,121,1.1301900888817746e-30
41,122,6.490370434830982e-30
41,123,9.192696753931197e-31
41,124,1.9979786536924704e-30
41,125,1.5820370770175947e-30
41,126,1.112524568637748e-16
41,127,1.7198307401756646e-30
41,128,1.6977761958588913e-30
41,129,3.721300347163016e-30
41,130,2.431256490627144e-31
41,131,8.753831153531572e-31
41,132,1.906134992116296e-30
41,133,1.560028468107161e-30
41,134,1.5580112951596486e-30
41,135,3.0022195732441867e-30
41,136,1.886896678872624e-29
41,137,2.549013306926177e-30
41,138,1.4915023038662652e-30
41,139,1.2230328839427259e-30
41,140,1.5143958540640298e-30
41,141,5.804665748389235e-16
41,142,4.681112407499379e-16
41,143,2.78670753411648e-30
41,144,4.269702824930039e-30
41,145,1.756119571545558e-30
41,146,1.2294380250368195e-30
41,147,6.5120138145420545e-31
41,148,1.92009111932922e-30
41,149,1.1601964474777246e-30
42,43,2.6673651285355755e-31
42,44,2.662221289702464e-16
42,45,7.560501536681453e-16
42,46,4.775249788392738e-16
42,47,2.2388016169968707e-16
42,48,3.475686346057277e-16
42,49,7.850462293418983e-17
42,50,1.9229626863835665e-16
42,51,1.241267076623638e-16
42,52,9.691160452187885e-31
42,53,1.5217397335527363e-30
42,54,3.995290742902756e-16
42,55,1.7347234759768157e-16
42,56,4.892904343531418e-16
42,57,4.693895756373336e-16
42,58,1.4488835837920498e-16
42,59,3.4021815010030413e-16
42,60,1.9241727576482066e-30
42,61,2.2591401799415186e-16
42,62,7.301351988545601e-16
42,63,7.978521134073616e-16
42,64,6.30218139044933e-16
42,65,2.7336071744532823e-16
42,66,3.1888728582940686e-16
42,67,2.6428447203464797e-30
42,68,5.340694943204962e-16
42,69,2.679179181772289e-16
42,70,2.3966823025038064e-16
42,71,3.521787733787181e-16
42,72,1.6653345369377358e-16
42,73,7.508799673435013e-16
42,74,2.622130794118104e-16
42,75,6.686048266476875e-16
42,76,1.9867743742664917e-16
42,77,8.506357698397285e-31
42,78,7.645400802146496e-16
42,79,4.484050470211369e-16
42,80,4.904575925133247e-16
42,81,2.604628232417071e-16
42,82,5.578801654593738e-16
42,83,8.660631927889341e-16
42,84,3.3306690738754765e-16
42,85,3.930450457397289e-16
42,86,9.707857435601247e-16
42,87,5.089573435171988e-16
42,88,1.1775693440128332e-16
42,89,4.611102534756214e-16
42,90,3.1303014953539793e-30
42,91,3.655947731306816e-16
42,92,1.847400330296817e-16
42,93,3.2414852744515215e-16
42,94,5.019079962760617e-16
42,95,6.768273588374041e-16
42,96,5.74882230075735e-16
42,97,1.5332605028497134e-30
42,98,1.971229745512531e-30
42,99,4.712321323804747e-16
42,100,3.4331750988916823e-16
42,101,7.514536976383428e-16
42,102,2.7686099722895636e-16
42,103,2.419674984566561e-16
42,104,6.162737906427337e-16
42,105,3.310368768515586e-16
42,106,1.2412670766236415e-16
42,107,2.4789186373452475e-15
42,108,6.987089976247857e-31
42,109,3.7373529297710775e-16
42,110,5.193085303828167e-16
42,111,8.245499685261056e-32
42,112,6.41571301564587e-16
42,113,7.329718594983694e-31
42,114,3.0581691741744542e-30
42,115,3.616888047375849e-16
42,116,5.731417155813631e-16
42,117,4.0139360885112427e-16
42,118,1.2412670766236499e-16
42,119,2.7937127804463535e-16
42,120,3.9252311467094393e-16
42,121,5.095364496928085e-16
42,122,3.7244476670305157e-16
42,123,1.2412670766236363e-16
42,124,2.2706409096475404e-30
42,125,8.270465868445829e-17
42,126,4.193297078941056e-16
42,127,2.673275855554738e-16
42,128,4.663019308573787e-16
42,129,8.70356771257867e-16
42,130,2.668423860107296e-31
42,131,1.0025253229207808e-30
42,132,2.4835037038225144e-16
42,133,2.851708117983877e-16
42,134,6.735017818475351e-16
42,135,4.861931987895655e-16
42,136,6.76917908037394e-16
42,137,5.807310710944698e-16
42,138,5.577506918571674e-16
42,139,3.180557660677446e-16
42,140,1.6492080541902346e-30
42,141,3.5217877337871833e-16
42,142,1.6639869827189758e-16
42,143,6.29233728736435e-16
42,144,5.988390064490655e-16
42,145,1.4152622167509243e-16
42,146,1.317682690229497e-30
42,147,6.68031274005802e-31
42,148,2.1420286500447984e-30
42,149,1.57009245868378e-16
43,44,1.0170991357486657e-31
43,45,5.118911446432504e-32
43,46,9.117003401107145e-32
43,47,3.389563055480797e-32
43,48,1.406638622736779e-31
43,49,7.375934577229989e-32
43,50,1.0719075568569452e-31
43,51,1.382970369810472e-31
43,52,1.9416693008778258e-32
43,53,5.382339674690932e-32
43,54,7.408419252053534e-32
43,55,8.926676684236029e-32
43,56,1.4310309734978005e-31
43,57,1.626189689969868e-31
43,58,7.449792944791942e-32
43,59,4.593260086957973e-32
43,60,7.034664031706304e-32
43,61,5.355503843503409e-32
43,62,9.586631126632031e-32
43,63,1.6640936172265501e-31
43,64,8.811880238406092e-32
43,65,1.38498307459785e-31
43,66,1.8827605787496414e-31
43,67,1.0101816252948595e-31
43,68,1.044954705795664e-31
43,69,1.7252263222143978e-31
43,70,1.4381786084804307e-31
43,71,2.6732643169192834e-32
43,72,1.2495748594737178e-31
43,73,1.1462376541345438e-31
43,74,2.870774484491735e-32
43,75,8.766663839936771e-32
43,76,4.5870041432024017e-32
43,77,3.3061805349804953e-32
43,78,1.4122181633542668e-31
43,79,2.2858876616386205e-32
43,80,8.352226125647745e-32
43,81,2.5034890238222113e-32
43,82,8.704676758669765e-32
43,83,8.738307319859174e-32
43,84,1.0764679349381873e-31
43,85,5.984024810178252e-32
43,86,1.412882222896625e-31
43,87,9.061771192961294e-32
43,88,2.761631227143565e-32
43,89,1.4651252902135198e-31
43,90,1.125669126517949e-31
43,91,1.4565322746112287e-31
43,92,4.8357108347330917e-32
43,93,9.056921572497895e-32
43,94,8.796606446642047e-32
43,95,2.4112493072135826e-31
43,96,2.4043404228075406e-31
43,97,5.633463086866418e-32
43,98,5.761589340452253e-32
43,99,1.2075315083726296e-31
43,100,1.4809705827229544e-31
43,101,6.612361069960991e-32
43,102,2.269229725012747e-31
43,103,1.1403356152106384e-31
43,104,4.7470022495293404e-32
43,105,1.513321942809969e-31
43,106,8.765979024575028e-32
43,107,9.987348136029677e-17
43,108,2.217636771113458e-32
43,109,5.723116982512422e-32
43,110,2.1629065160624804e-31
43,111,0.0
43,112,2.1503216978648097e-31
43,113,2.2869379202107537e-32
43,114,1.099073402205708e-31
43,115,1.1375736656494366e-31
43,116,7.424790217084925e-32
43,117,3.9355487398218074e-32
43,118,1.8525066962523683e-31
43,119,3.2066293953224726e-32
43,120,1.8111878850050491e-31
43,121,4.2321447222766055e-32
43,122,2.6208689100248794e-31
43,123,2.772045963891822e-32
43,124,7.366996552078426e-32
43,125,5.246130172381376e-32
43,126,1.2508809419484256e-31
43,127,6.924568598389112e-32
43,128,4.997376930377483e-32
43,129,1.5719239922871675e-31
43,130,9.97867144558121e-33
43,131,3.509129909044566e-32
43,132,8.131597327531568e-32
43,133,6.430739628454863e-32
43,134,3.1392732111515667e-32
43,135,9.340760368436375e-32
43,136,7.551740875517938e-31
43,137,7.291126437501246e-32
43,138,5.07415044279613e-32
43,139,4.6716634005410473e-32
43,140,6.179859785210894e-32
43,141,1.5317905618906926e-31
43,142,1.3656239391514264e-31
43,143,8.567875701359844e-32
43,144,1.7409293171540547e-31
43,145,5.538891902946049e-32
43,146,4.8332272893817014e-32
43,147,2.4793932848064164e-32
43,148,7.918547140705808e-32
43,149,4.148818502909091e-32
44,45,1.345278894460891e-15
44,46,2.1754068845261706e-30
44,47,8.491675546951937e-31
44,48,1.9366575615140308e-30
44,49,1.576601385958228e-30
44,50,1.7303288367444852e-30
44,51,1.569350837628493e-30
44,52,1.0707262175156462e-30
44,53,8.918999571621533e-31
44,54,1.973134156850112e-30
44,55,1.883418587380406e-30
44,56,1.345901708940466e-30
44,57,1.782052476583107e-30
44,58,9.621080687942229e-31
44,59,1.8079267564458715e-30
44,60,1.6323692611832364e-30
44,61,1.4700795712029232e-30
44,62,1.5756687864011396e-30
44,63,2.0361619630529126e-30
44,64,2.764972542070153e-30
44,65,1.3580871192634643e-30
44,66,2.226524698187582e-30
44,67,1.1158300287361504e-30
44,68,2.2893987537668464e-30
44,69,1.8142081483606763e-30
44,70,2.1218507195799126e-30
44,71,7.306061472652905e-31
44,72,2.3270812908905758e-30
44,73,4.697995015182295e-16
44,74,1.5062315003742495e-30
44,75,1.3668035872266372e-16
44,76,1.0971694189627265e-30
44,77,9.641878998312574e-31
44,78,3.652159439440857e-16
44,79,8.105202112319757e-31
44,80,9.96522865650776e-31
44,81,1.7405893541484664e-30
44,82,2.979693242417375e-30
44,83,1.1222289540230562e-30
44,84,1.588884340723949e-30
44,85,8.455523342710636e-31
44,86,2.8349092267164607e-30
44,87,2.6011001269194395e-30
44,88,8.997183483645113e-31
44,89,1.454113802640242e-30
44,90,1.1576420682025786e-30
44,91,1.5328085967581136e-30
44,92,7.369456598292463e-31
44,93,9.2571861956589e-31
44,94,1.0662514427024941e-30
44,95,2.643972573255171e-30
44,96,2.7936834011639425e-30
44,97,1.0341932520603474e-30
44,98,8.208549130285622e-31
44,99,1.3728396734239161e-30
44,100,1.7371497740625787e-30
44,101,1.923802294272168e-30
44,102,2.307245187563308e-30
44,103,2.9148931676648995e-30
44,104,1.4638083187573097e-30
44,105,2.455284872850465e-30
44,106,8.70923721736446e-31
44,107,1.0183875858692135e-15
44,108,9.578917777805258e-31
44,109,1.4519147911722287e-30
44,110,2.1809971855470585e-30
44,111,1.4935596031727577e-31
44,112,2.3646325819466827e-30
44,113,6.7884833259002815e-31
44,114,1.791468373644081e-30
44,115,1.7940833873981785e-30
44,116,3.034295532818872e-30
44,117,1.4108211102123934e-30
44,118,2.4807055652731007e-30
44,119,1.721863285425216e-30
44,120,1.9778159687187557e-30
44,121,1.3356014078878106e-30
44,122,2.9495723580532553e-30
44,123,1.2683468059023875e-30
44,124,1.2840113397100929e-30
44,125,1.9591542285235696e-30
44,126,2.202738617969317e-30
44,127,1.0141412998410243e-30
44,128,2.3961386205959458e-30
44,129,1.557039357296697e-30
44,130,1.0175028431208085e-31
44,131,6.1999070300747975e-31
44,132,1.0010390422368021e-30
44,133,8.26045063280202e-31
44,134,2.1814158722611596e-30
44,135,3.288296136135254e-30
44,136,8.66612831046888e-30
44,137,2.8248389365090867e-30
44,138,1.3784045222177057e-30
44,139,9.139406614243937e-31
44,140,6.781713307891727e-31
44,141,1.7228584948094476e-30
44,142,4.3731549649841205e-16
44,143,4.1312185627367926e-30
44,144,1.8844253288607163e-30
44,145,2.1443012160349066e-30
44,146,7.130528460146136e-31
44,147,4.483349309631881e-31
44,148,7.886878183765509e-31
44,149,1.0895242376831557e-30
45,46,1.4361205611848299e-15
45,47,6.014964481319022e-16
45,48,8.782567635532831e-16
45,49,1.2161883888976231e-15
45,50,1.324583775884625e-15
45,51,1.045910229614353e-15
45,52,8.059746307316669e-16
45,53,6.753223014464256e-16
45,54,1.2759265582275996e-15
45,55,1.4442612171386267e-15
45,56,3.7955178808716613e-16
45,57,5.011910037722574e-16
45,58,4.688762130368768e-16
45,59,1.2240819033050061e-15
45,60,1.1447282359412098e-15
45,61,9.762902895539024e-16
45,62,1.2085633081569532e-15
45,63,1.3493784931116628e-15
45,64,1.8968612251335072e-15
45,65,5.155836310183325e-16
45,66,7.130536482749597e-16
45,67,7.874956775073056e-16
45,68,1.5676372695997348e-15
45,69,1.1199867007431646e-15
45,70,1.0403713898150146e-15
45,71,5.594745429521663e-16
45,72,1.3406259075902449e-15
45,73,7.527510118406576e-16
45,74,1.111090047814405e-15
45,75,1.2872957350436374e-15
45,76,8.836106829024123e-16
45,77,6.775999547977525e-16
45,78,4.7976797168511855e-15
45,79,4.548549486108717e-16
45,80,3.7910753368918603e-16
45,81,1.4120843556892505e-15
45,82,2.2723162610357993e-15
45,83,7.141644236585316e-16
45,84,1.2024924957129404e-15
45,85,4.615798956820344e-16
45,86,1.982262982546439e-15
45,87,1.8603483840570993e-15
45,88,6.165178923494216e-16
45,89,4.996003610813203e-16
45,90,5.926969055564837e-16
45,91,4.325135638459938e-16
45,92,5.084680247101313e-16
45,93,6.931240043409533e-16
45,94,8.284135588556803e-16
45,95,1.3883424514387826e-15
45,96,8.459761032879686e-16
45,97,6.871957671317174e-16
45,98,4.657078675169762e-31
45,99,8.025154038416278e-16
45,100,7.02715047327782e-16
45,101,1.3050471248465473e-15
45,102,2.2718917780030347e-16
45,103,2.205476970531408e-15
45,104,1.1522116380746764e-15
45,105,1.2698744593208545e-15
45,106,2.8844440295753445e-16
45,107,1.4456097023718035e-15
45,108,7.270954337185015e-16
45,109,1.0130785099704548e-15
45,110,8.050313200654397e-16
45,111,1.110223024625156e-16
45,112,7.975201339990633e-16
45,113,4.319983930654407e-16
45,114,8.955206467987461e-16
45,115,1.324701907205064e-15
45,116,2.007575775082536e-15
45,117,9.801847733053826e-16
45,118,1.2278509520566113e-15
45,119,1.1924214602891143e-15
45,120,7.36438641259029e-16
45,121,9.79231907482812e-16
45,122,8.495045539748735e-16
45,123,9.255558542105614e-16
45,124,7.987869494273744e-16
45,125,1.4980629318637931e-15
45,126,1.4536610110275618e-15
45,127,6.36565519250826e-16
45,128,1.8308163412017995e-15
45,129,6.827762298887404e-16
45,130,5.120943246692319e-32
45,131,4.494775313252276e-16
45,132,8.003826883134116e-16
45,133,5.469415586805845e-16
45,134,1.6552289267355763e-15
45,135,2.6861362619525903e-15
45,136,2.3121150830111494e-15
45,137,1.9895879249724802e-15
45,138,8.210209988395743e-16
45,139,5.886313226947881e-16
45,140,2.371437420133773e-16
45,141,5.367672863358292e-16
45,142,3.569194054545963e-16
45,143,3.1382983997868435e-15
45,144,1.0148250947342143e-15
45,145,1.748601263784621e-15
45,146,3.723801229870908e-16
45,147,2.4825341532472716e-16
45,148,3.3306690738754676e-16
45,149,8.568339948907333e-16
46,47,9.001517114401923e-31
46,48,2.0804845614121402e-30
46,49,1.6835800103459842e-30
46,50,1.8176053765618596e-30
46,51,1.6393805290436298e-30
46,52,1.178000988647103e-30
46,53,9.221512242400848e-31
46,54,2.1173871292870485e-30
46,55,1.9461477109266993e-30
46,56,1.6192903561796287e-30
46,57,1.7491291927916573e-30
46,58,8.63763457832814e-31
46,59,1.872612743988954e-30
46,60,1.7300063152159355e-30
46,61,1.695264588987627e-30
46,62,2.2295075329441364e-30
46,63,1.986146595044404e-30
46,64,2.9118529201915516e-30
46,65,1.2175654125675261e-30
46,66,2.35508303879227e-30
46,67,1.1576990202818884e-30
46,68,2.4719412705700817e-30
46,69,1.5952358300960237e-30
46,70,2.0317731947707064e-30
46,71,7.539781321255392e-31
46,72,2.4653493847672207e-30
46,73,7.164218939837043e-16
46,74,1.6112893975438874e-30
46,75,1.272393358792997e-16
46,76,1.1500481110387407e-30
46,77,1.033394608706088e-30
46,78,9.528291430178579e-16
46,79,7.4490361827506116e-31
46,80,1.1142802530939212e-30
46,81,1.8620288458157362e-30
46,82,3.1188766083333356e-30
46,83,1.289334544074997e-30
46,84,1.6830077785001488e-30
46,85,8.65158023397399e-31
46,86,3.2125389561877185e-30
46,87,3.0777753134823963e-30
46,88,1.0050238435270903e-30
46,89,1.2978535847945477e-30
46,90,9.909260727780257e-31
46,91,1.4530211079731e-30
46,92,9.649215831952293e-31
46,93,1.0454782090426334e-30
46,94,1.1186844665183117e-30
46,95,3.1895535244029655e-30
46,96,2.7890118001300646e-30
46,97,1.0809444513014069e-30
46,98,7.239991185146344e-31
46,99,1.3833855387953436e-30
46,100,1.7505626325259894e-30
46,101,1.763002372785862e-30
46,102,2.056926487560206e-30
46,103,3.0282453400624566e-30
46,104,1.8194553885235713e-30
46,105,2.516583171154372e-30
46,106,7.65124736248791e-31
46,107,9.128552721835398e-16
46,108,1.0223069490433464e-30
46,109,1.5270771381505729e-30
46,110,1.8973491381157158e-30
46,111,1.5944141131649997e-31
46,112,2.3939574151860493e-30
46,113,6.978276961929939e-31
46,114,1.7718423081031894e-30
46,115,1.9670113683159947e-30
46,116,2.989271926197325e-30
46,117,1.6766496114139533e-30
46,118,2.4815496307892642e-30
46,119,1.6605434279986003e-30
46,120,1.9557656890734442e-30
46,121,1.3320127883119712e-30
46,122,2.7004686564606853e-30
46,123,1.3553326355629509e-30
46,124,1.3232741396430505e-30
46,125,1.8946153468804286e-30
46,126,2.4854641466026792e-30
46,127,1.4478622758448388e-30
46,128,2.6611508548118285e-30
46,129,1.5042820841970908e-30
46,130,9.120622125531848e-32
46,131,6.481686099947004e-31
46,132,1.2021658245034112e-30
46,133,9.092672943725866e-31
46,134,2.329513101685638e-30
46,135,4.211754970300623e-30
46,136,7.04470637783064e-30
46,137,3.1478513879559626e-30
46,138,1.4075973556332216e-30
46,139,8.604851189587473e-31
46,140,6.302927898543128e-31
46,141,1.6478251422705696e-30
46,142,8.17376961816231e-16
46,143,4.676046707727397e-30
46,144,1.7554499322949522e-30
46,145,2.3325841145207816e-30
46,146,7.006739937048034e-31
46,147,4.577282585364521e-31
46,148,7.054446298727412e-31
46,149,1.162198885719157e-30
47,48,7.110250707468887e-31
47,49,7.132204362679898e-31
47,50,7.704170583302271e-31
47,51,6.448015810391509e-31
47,52,5.278822004565313e-31
47,53,3.936756800763274e-31
47,54,8.5899826247494e-31
47,55,8.436765149758573e-31
47,56,4.10954538021341e-31
47,57,6.31876430071874e-31
47,58,3.5804763874736803e-31
47,59,7.515151749506976e-31
47,60,7.134958567994502e-31
47,61,6.489088163161785e-31
47,62,7.647948554361683e-31
47,63,8.31230208116821e-31
47,64,1.2469630069298978e-30
47,65,4.502441731544334e-31
47,66,7.302726883553184e-31
47,67,4.759837433248831e-31
47,68,9.928749898766211e-31
47,69,7.155610060766162e-31
47,70,8.739391325346726e-31
47,71,3.295562865469995e-31
47,72,9.558264461200592e-31
47,73,2.676650779074572e-16
47,74,6.7554340730666055e-31
47,75,7.718953266151263e-31
47,76,5.1972193287859835e-31
47,77,4.164675524998607e-31
47,78,2.8179659004522504e-30
47,79,3.55812758698265e-31
47,80,3.6070441579169784e-31
47,81,8.548347341342458e-31
47,82,1.340106982184631e-30
47,83,4.390883746212338e-31
47,84,7.260223267980629e-31
47,85,3.3266819803267772e-31
47,86,1.2407088715613669e-30
47,87,1.0941150199770897e-30
47,88,3.977388049165094e-31
47,89,5.006226423093003e-31
47,90,4.176225709078641e-31
47,91,5.35572613076612e-31
47,92,3.1024167717921725e-31
47,93,4.125272880372037e-31
47,94,4.895642458595954e-31
47,95,9.035268524207328e-31
47,96,9.666526438923248e-31
47,97,4.432056908817153e-31
47,98,3.958655690823184e-31
47,99,5.558044085819846e-31
47,100,6.086895849687739e-31
47,101,7.937645697506893e-31
47,102,7.749090797351011e-31
47,103,1.3124132970626528e-30
47,104,6.78018819984843e-31
47,105,9.820036847926227e-31
47,106,3.1158758888787594e-31
47,107,3.393856917085765e-16
47,108,4.306652357840412e-31
47,109,6.106527728233125e-31
47,110,7.154213738349812e-31
47,111,6.677952059462893e-32
47,112,8.630816278823446e-31
47,113,2.975041319486097e-31
47,114,7.1970781902458335e-31
47,115,7.730258192572741e-31
47,116,1.2565717163360542e-30
47,117,6.0229492241981285e-31
47,118,9.526342716906427e-31
47,119,7.438307565947187e-31
47,120,7.065476190670348e-31
47,121,5.869156788906917e-31
47,122,1.0455096961111398e-30
47,123,5.655889616287667e-31
47,124,5.711203052694114e-31
47,125,9.131940461799156e-31
47,126,9.268218907098957e-31
47,127,3.925343483809738e-31
47,128,1.0905483107868376e-30
47,129,5.495677151608587e-31
47,130,3.3909084421257603e-32
47,131,2.7134018084591293e-31
47,132,4.732839446541251e-31
47,133,3.7902655766465575e-31
47,134,9.820031123372895e-31
47,135,1.5830403880971426e-30
47,136,3.157176749936096e-30
47,137,1.284343238366369e-30
47,138,5.721892071182867e-31
47,139,3.7381734383317833e-31
47,140,2.360638407172094e-31
47,141,6.286717265163724e-31
47,142,5.60305260278232e-31
47,143,1.9095532273708694e-30
47,144,7.113187467128478e-31
47,145,1.0320400737777156e-30
47,146,2.874642529608113e-31
47,147,1.8177976920187842e-31
47,148,2.778877546022525e-31
47,149,4.959008607779515e-31
48,49,1.030800183643347e-30
48,50,1.252549448377353e-30
48,51,2.072593451424829e-30
48,52,7.5879814402231826e-31
48,53,5.951393268819056e-31
48,54,1.8337587089973493e-30
48,55,1.0403376004371445e-30
48,56,2.113156332630544e-30
48,57,2.3939144069803642e-30
48,58,1.2127045197881145e-30
48,59,1.399804004501105e-30
48,60,1.4338875559493328e-30
48,61,1.3876128011550603e-30
48,62,1.6417077523683823e-30
48,63,2.0170391337200073e-30
48,64,2.6580953469603178e-30
48,65,1.823603806882606e-30
48,66,3.1072559026395178e-30
48,67,1.4590267523598571e-30
48,68,2.1798379876035668e-30
48,69,2.368939010941883e-30
48,70,2.4917207668548583e-30
48,71,4.000402136217874e-31
48,72,2.5029545138186386e-30
48,73,5.611501990619919e-16
48,74,1.0199374528522783e-30
48,75,1.0206780369772175e-15
48,76,6.92037811355573e-31
48,77,8.002171371442283e-31
48,78,7.741532713273589e-16
48,79,6.152969408435929e-31
48,80,1.4323808876385693e-30
48,81,1.1403792590018758e-30
48,82,1.7770099809265824e-30
48,83,1.6547798154514832e-30
48,84,1.5871553943593478e-30
48,85,9.932417517897928e-31
48,86,2.507946099050024e-30
48,87,1.660982847840194e-30
48,88,7.704083632302902e-31
48,89,2.0335640365000393e-30
48,90,1.43070909589042e-30
48,91,2.1262194201586506e-30
48,92,7.634007628940603e-31
48,93,1.2299914670831655e-30
48,94,1.286096775667065e-30
48,95,2.3470109858075443e-16
48,96,3.814055136546074e-30
48,97,1.0371237105289323e-30
48,98,8.24845780194983e-31
48,99,1.78825574381894e-30
48,100,2.3658329586996087e-30
48,101,1.4848511234474746e-30
48,102,3.184071783803438e-30
48,103,2.0605271636457927e-30
48,104,9.85169080185837e-31
48,105,2.800735771343029e-30
48,106,1.1109179060267419e-30
48,107,1.4084205372417976e-15
48,108,5.889402135596885e-31
48,109,1.1016217896333004e-30
48,110,2.9805805926268176e-30
48,111,9.750608804296276e-32
48,112,3.271561032839346e-30
48,113,6.137285371452644e-31
48,114,2.039403886532382e-30
48,115,1.572476252940589e-30
48,116,2.1720368172545314e-30
48,117,1.1932024195150348e-30
48,118,3.0788140758897264e-30
48,119,1.268377247097245e-30
48,120,2.669735323305284e-30
48,121,9.835347343999437e-31
48,122,3.9631423064824284e-30
48,123,9.10342618906439e-31
48,124,1.2997746215864154e-30
48,125,1.5811840097243198e-30
48,126,2.2221923777024642e-30
48,127,1.1038391610738575e-30
48,128,1.5040519752924024e-30
48,129,2.2894204813500602e-30
48,130,1.4071969462688522e-31
48,131,4.625098593052557e-31
48,132,1.1460602873174786e-30
48,133,1.5200150790284722e-30
48,134,1.3242203639184836e-30
48,135,2.2353485437428734e-30
48,136,1.1833303177760952e-29
48,137,2.4216705987716726e-30
48,138,1.2615232354560315e-30
48,139,5.594265257468595e-31
48,140,9.226549616015539e-31
48,141,2.449624046283e-30
48,142,4.810441685372195e-16
48,143,2.7579159776310463e-30
48,144,2.0729278800865036e-30
48,145,1.25967619857182e-30
48,146,8.346661505771548e-31
48,147,4.901663445411688e-31
48,148,9.928294404307015e-31
48,149,5.900953612165284e-31
49,50,1.8899278854037595e-30
49,51,1.379038403642797e-30
49,52,9.937994458396763e-31
49,53,9.966317972134154e-31
49,54,1.4381838604374635e-30
49,55,1.972958485051956e-30
49,56,1.0090727779403227e-30
49,57,1.16351999735712e-30
49,58,5.314694636827533e-31
49,59,1.4319128172143208e-30
49,60,1.351057206508803e-30
49,61,1.0997428305584499e-30
49,62,1.4703975905945541e-30
49,63,2.2117675239393656e-30
49,64,2.187015188823426e-30
49,65,1.2338879311747751e-30
49,66,1.1949031417198258e-30
49,67,1.0757832019511072e-30
49,68,1.8215103452734848e-30
49,69,1.6755529734456578e-30
49,70,1.243079787003584e-30
49,71,7.6153993538314755e-31
49,72,1.499177448750815e-30
49,73,2.9373740229761023e-16
49,74,1.3440124774911322e-30
49,75,1.7850130730510282e-30
49,76,1.1635962910112472e-30
49,77,7.976074027982747e-31
49,78,6.319357822776053e-30
49,79,5.402616975097767e-31
49,80,5.543042445625482e-31
49,81,1.7492852361636738e-30
49,82,2.9355304201388194e-30
49,83,9.039122064798396e-31
49,84,1.5580403288749915e-30
49,85,5.049514580676375e-31
49,86,2.3477256068401808e-30
49,87,2.4207475384137205e-30
49,88,7.113065925944099e-31
49,89,1.199039418540996e-30
49,90,1.1575377596681598e-30
49,91,1.0590646451005516e-30
49,92,6.315347783885352e-31
49,93,9.647655496538373e-31
49,94,1.1925171825571421e-30
49,95,2.2072968895382225e-30
49,96,1.5856882874971352e-30
49,97,7.975620849757394e-31
49,98,5.658070788907333e-31
49,99,1.083473101009349e-30
49,100,9.571484161195495e-31
49,101,1.5849723228340236e-30
49,102,1.700868106991753e-30
49,103,2.771352982198102e-30
49,104,1.5090245763099252e-30
49,105,1.4507045243674605e-30
49,106,8.397735150610848e-31
49,107,7.385278330912554e-16
49,108,9.150817573588867e-31
49,109,1.2458429826861026e-30
49,110,1.7736028478867486e-30
49,111,1.350240351635916e-31
49,112,1.5854710932226083e-30
49,113,4.915382750882225e-31
49,114,1.0486317350895345e-30
49,115,1.788078876599232e-30
49,116,2.3389152711087948e-30
49,117,1.1428177102526665e-30
49,118,1.3828724424562895e-30
49,119,1.4000426207657545e-30
49,120,1.316657348526161e-30
49,121,1.2403907406118082e-30
49,122,1.8153209483334496e-30
49,123,1.1080703963521712e-30
49,124,9.303452280882929e-31
49,125,1.788613910265163e-30
49,126,1.7245763381974905e-30
49,127,8.882041160817041e-31
49,128,2.2908675838728653e-30
49,129,1.2526128223689193e-30
49,130,7.378862235961189e-32
49,131,6.242325254655588e-31
49,132,1.0948761224053876e-30
49,133,6.84631465254699e-31
49,134,2.0717976857824805e-30
49,135,3.482844313656673e-30
49,136,5.242426899132361e-30
49,137,2.2726512063459115e-30
49,138,9.383775907804061e-31
49,139,9.08621581948646e-31
49,140,4.358069424546687e-31
49,141,1.0312608510594999e-30
49,142,1.3877787807815098e-17
49,143,3.833736701579409e-30
49,144,2.0286700639839026e-30
49,145,2.240184794839027e-30
49,146,4.243520282382455e-31
49,147,2.7848351250113044e-31
49,148,7.930104907999047e-31
49,149,1.1655630117996854e-30
50,51,1.817014330495953e-30
50,52,1.0566626858457777e-30
50,53,1.2457271388306282e-30
50,54,1.4052386465892149e-30
50,55,2.3656727743333593e-30
50,56,1.5885151859973906e-30
50,57,1.6583551839205898e-30
50,58,7.499136811887789e-31
50,59,1.5314131453895695e-30
50,60,1.4586820913114284e-30
50,61,1.0966616130234e-30
50,62,1.7236573101596703e-30
50,63,2.881486890888995e-30
50,64,2.2107534597951816e-30
50,65,1.7619019670569272e-30
50,66,1.731860344070533e-30
50,67,1.4123255170151772e-30
50,68,1.8795732449512342e-30
50,69,2.295880393134895e-30
50,70,1.2625965961328743e-30
50,71,8.953633363119078e-31
50,72,1.4337696504273019e-30
50,73,2.676650779074574e-16
50,74,1.4696675731082737e-30
50,75,2.1393824295661627e-30
50,76,1.3620613605190982e-30
50,77,8.561993536680374e-31
50,78,2.3079157770777523e-16
50,79,4.947151395905079e-31
50,80,7.889389149075032e-31
50,81,1.9033532390520187e-30
50,82,3.362775988089311e-30
50,83,1.1227605695691168e-30
50,84,1.8843926264295896e-30
50,85,5.765379055438586e-31
50,86,2.612082774801089e-30
50,87,2.8104604824420383e-30
50,88,7.239886968606452e-31
50,89,1.7437983564359758e-30
50,90,1.5943353483625796e-30
50,91,1.5365096059740506e-30
50,92,7.381258624734397e-31
50,93,1.280012056112051e-30
50,94,1.5123247128543179e-30
50,95,3.123803511134483e-30
50,96,2.2230976527747198e-30
50,97,8.582874771873176e-31
50,98,6.029397559179819e-31
50,99,1.4874180742286017e-30
50,100,1.4188652717854164e-30
50,101,1.7544483380958025e-30
50,102,2.4727504289756945e-30
50,103,3.160817415307514e-30
50,104,1.740933439847537e-30
50,105,1.4018264108074986e-30
50,106,1.190547643927574e-30
50,107,1.0732654376891138e-15
50,108,1.0322798390475366e-30
50,109,1.3899316727501219e-30
50,110,2.5687002271871207e-30
50,111,1.4705834060320394e-31
50,112,2.2157172081957068e-30
50,113,4.6792369114000275e-31
50,114,1.0129204694525506e-30
50,115,2.2046201571559277e-30
50,116,2.478682629056078e-30
50,117,1.209970399214484e-30
50,118,1.7064764747629528e-30
50,119,1.4766347398185594e-30
50,120,1.9067038490712375e-30
50,121,1.394145362050683e-30
50,122,2.5452719524219245e-30
50,123,1.1967315815307367e-30
50,124,9.845027559199243e-31
50,125,1.9364405406154853e-30
50,126,1.9202156289036327e-30
50,127,1.0802701977237298e-30
50,128,2.55820952085704e-30
50,129,1.864910968764871e-30
50,130,1.0723330188082424e-31
50,131,7.513605875274417e-31
50,132,1.36179743357453e-30
50,133,8.420641623744372e-31
50,134,2.3164173966716656e-30
50,135,3.967014149503261e-30
50,136,7.125823907388015e-30
50,137,2.3039948592955697e-30
50,138,8.874732759365683e-31
50,139,1.1240353052860745e-30
50,140,6.318464963319174e-31
50,141,1.4282558443863384e-30
50,142,1.551583845779536e-17
50,143,4.223319742630576e-30
50,144,2.7659631651735328e-30
50,145,2.5528101484881322e-30
50,146,4.2315221287548955e-31
50,147,2.6687745320902324e-31
50,148,1.114519318020961e-30
50,149,1.389672868970743e-30
51,52,9.212714330812686e-31
51,53,9.641635090251528e-31
51,54,1.6094748363103255e-30
51,55,1.7630290116387358e-30
51,56,2.1631695462865517e-30
51,57,2.2281490733248645e-30
51,58,1.1043835965200475e-30
51,59,1.3271889773144023e-30
51,60,1.2625675858098662e-30
51,61,1.188106094799685e-30
51,62,1.33413856521688e-30
51,63,2.4638504720461338e-30
51,64,2.117144286191358e-30
51,65,1.936146628139559e-30
51,66,2.886637193458989e-30
51,67,1.4498043808990216e-30
51,68,1.908982506521486e-30
51,69,2.388595337124519e-30
51,70,2.134788498835654e-30
51,71,6.766661318269563e-31
51,72,2.1005282551074564e-30
51,73,4.742874840267549e-16
51,74,1.1533816857276299e-30
51,75,1.576186142603955e-30
51,76,9.679585027498574e-31
51,77,7.428267476937307e-31
51,78,5.4004469689530415e-30
51,79,5.2499625895152005e-31
51,80,1.2325739521600328e-30
51,81,1.5368198571570225e-30
51,82,2.481204025200658e-30
51,83,1.3949959357658312e-30
51,84,1.5790239462982242e-30
51,85,8.348270329110085e-31
51,86,2.200118335520861e-30
51,87,2.024705854963396e-30
51,88,7.107982494647543e-31
51,89,2.060155563745467e-30
51,90,1.5617428153968637e-30
51,91,2.0383630479928588e-30
51,92,6.49457537922404e-31
51,93,1.3120948325521371e-30
51,94,1.3453907142474939e-30
51,95,3.425954708724407e-30
51,96,3.488973277520014e-30
51,97,8.642676447024314e-31
51,98,7.02001600533072e-31
51,99,1.701820465778832e-30
51,100,2.180544696133144e-30
51,101,1.382504578844855e-30
51,102,3.143195498447479e-30
51,103,2.3313233565022032e-30
51,104,1.3368459850408775e-30
51,105,2.347108477456997e-30
51,106,1.252108804648034e-30
51,107,1.384722301630161e-15
51,108,7.717623163706312e-31
51,109,1.079410105343255e-30
51,110,3.014486280997162e-30
51,111,1.1611936186088396e-31
51,112,2.939529228854777e-30
51,113,5.304257058822657e-31
51,114,1.69360575017218e-30
51,115,1.707169439273648e-30
51,116,2.1448747709313493e-30
51,117,1.1197712203035324e-30
51,118,2.6720882820140867e-30
51,119,1.2608153897938711e-30
51,120,2.4987867822869482e-30
51,121,1.0834596112998197e-30
51,122,3.6320150742613925e-30
51,123,9.689253780953869e-31
51,124,1.0115617234108759e-30
51,125,1.573571988454844e-30
51,126,1.8225419882786008e-30
51,127,9.830249917257276e-31
51,128,1.964734700034131e-30
51,129,2.346665911719452e-30
51,130,1.3835192989306768e-31
51,131,5.384177794135905e-31
51,132,1.2263755514997169e-30
51,133,9.151775110825185e-31
51,134,1.757501191054775e-30
51,135,2.9563355249421487e-30
51,136,1.0458046805058716e-29
51,137,2.2449841701305146e-30
51,138,1.0542579560779067e-30
51,139,8.434619267778679e-31
51,140,8.606270233038269e-31
51,141,2.2082328981537902e-30
51,142,1.77864639598169e-30
51,143,3.287273402846665e-30
51,144,2.5508350518840676e-30
51,145,1.9499050788820293e-30
51,146,7.038204172555636e-31
51,147,4.107872367769097e-31
51,148,1.1330791628101104e-30
51,149,1.0414888797925617e-30
52,53,5.46834027187109e-31
52,54,1.2166875932934232e-30
52,55,1.1626878454008569e-30
52,56,6.288818288394337e-31
52,57,5.399736498644999e-31
52,58,4.999624435872639e-31
52,59,8.83610633114269e-31
52,60,9.207259075194062e-31
52,61,7.8790521765965205e-31
52,62,1.0024343239104363e-30
52,63,9.901701670149389e-31
52,64,1.8057099870104184e-30
52,65,4.239312896340624e-31
52,66,6.080730916625891e-31
52,67,7.075467871208249e-31
52,68,1.273700179753754e-30
52,69,1.1738658247093787e-30
52,70,1.343298123415371e-30
52,71,6.908508049198197e-31
52,72,1.1635784289059497e-30
52,73,9.21495821771582e-16
52,74,9.603522539556954e-31
52,75,1.0819711280525128e-30
52,76,6.6647483173752805e-31
52,77,4.924263690739997e-31
52,78,3.900704441108578e-30
52,79,6.914694313577635e-31
52,80,3.760878582460871e-31
52,81,1.3953281100012766e-30
52,82,1.791876368728901e-30
52,83,6.543220099684121e-31
52,84,1.1528143555189852e-30
52,85,4.143885841441651e-31
52,86,3.2411980506797586e-16
52,87,1.4264591615518955e-30
52,88,8.198689140115463e-31
52,89,5.341165178376887e-31
52,90,5.359196551585501e-31
52,91,5.1574733127978554e-31
52,92,3.982656801093709e-31
52,93,5.660545498449989e-31
52,94,8.070074002228358e-31
52,95,1.4097169070135565e-30
52,96,7.092083311974166e-31
52,97,5.675589809257978e-31
52,98,9.479480663217445e-31
52,99,9.472781369127503e-31
52,100,5.624547892474991e-31
52,101,1.2768342603718253e-30
52,102,4.417203827081076e-31
52,103,1.758899585442183e-30
52,104,1.0773039834425748e-30
52,105,1.1282152744727289e-30
52,106,3.3966264548989764e-31
52,107,1.9441289864255262e-16
52,108,5.855488630973776e-31
52,109,7.3871615560354355e-31
52,110,8.775093580826621e-31
52,111,8.948115923020556e-32
52,112,2.4875012319541927e-16
52,113,4.18519450958843e-31
52,114,8.33815167543672e-31
52,115,1.0466080289892236e-30
52,116,1.6704591768883213e-30
52,117,6.9732581848397435e-31
52,118,1.0007057946387035e-30
52,119,1.0299232103048435e-30
52,120,7.463691092825794e-31
52,121,9.131369412389151e-31
52,122,8.591224975421412e-31
52,123,7.658986796441865e-31
52,124,9.243514250988013e-31
52,125,1.177180929465365e-30
52,126,1.2446187532243815e-30
52,127,6.79337507027806e-31
52,128,1.6027274010121705e-30
52,129,2.2185489438189e-16
52,130,1.9424399889882338e-32
52,131,2.9181711366387133e-31
52,132,6.843921933595598e-31
52,133,8.556553355536837e-31
52,134,1.3578597881003655e-30
52,135,2.173114562490197e-30
52,136,4.060661596188281e-15
52,137,1.6616258865853018e-30
52,138,9.538052163222277e-31
52,139,4.664432183532467e-31
52,140,1.9882927858591096e-31
52,141,5.388059088301087e-31
52,142,4.993094378332041e-31
52,143,2.9789332721132028e-30
52,144,8.462595907581225e-31
52,145,1.6242169151202856e-30
52,146,3.550852060875226e-31
52,147,2.0547324319772197e-31
52,148,2.9270041029131075e-31
52,149,7.720872980196182e-31
53,54,6.526100730330955e-31
53,55,1.2523795794834652e-30
53,56,7.928327441058101e-31
53,57,8.284896494820773e-31
53,58,3.7997761756427707e-31
53,59,7.626675924075563e-31
53,60,7.470337743061718e-31
53,61,5.151372701592773e-31
53,62,9.016157332504344e-31
53,63,1.5368122649973117e-30
53,64,1.0903325548816531e-30
53,65,9.21763000457766e-31
53,66,7.488459312895244e-31
53,67,7.512270932278607e-31
53,68,9.527618991496865e-31
53,69,1.2172118952475337e-30
53,70,5.950106386888067e-31
53,71,4.726500183811072e-31
53,72,6.433342405750391e-31
53,73,8.585415996621913e-31
53,74,7.514946968175752e-31
53,75,1.1318882780594548e-30
53,76,7.13548081485826e-31
53,77,4.313090603008802e-31
53,78,3.8124493762221076e-30
53,79,2.3956176335268314e-31
53,80,3.759378129993494e-31
53,81,9.854570123706941e-31
53,82,1.7582891534603672e-30
53,83,5.98656729926572e-31
53,84,1.0019687999406568e-30
53,85,3.0427366992603845e-31
53,86,1.3489129956807545e-30
53,87,1.4725184278094083e-30
53,88,3.549617888728689e-31
53,89,9.015816585071211e-31
53,90,8.443815905048883e-31
53,91,7.736677195163973e-31
53,92,3.865900415044867e-31
53,93,6.788610822904585e-31
53,94,8.068049475876608e-31
53,95,1.644775337845205e-30
53,96,1.0234374954084285e-30
53,97,4.441779280768905e-31
53,98,3.1089449027618494e-31
53,99,7.842823733692902e-31
53,100,6.825140036372194e-31
53,101,9.088633283614432e-31
53,102,1.248357287623656e-30
53,103,1.6498896495772582e-30
53,104,9.16573995297632e-31
53,105,5.703535306098547e-31
53,106,6.247133531098262e-31
53,107,5.389157964038491e-16
53,108,5.358025779751945e-31
53,109,7.182437768695612e-31
53,110,1.3321469646305183e-30
53,111,7.497583681086726e-32
53,112,1.1260232237275058e-30
53,113,2.184471521581175e-31
53,114,3.956257376123189e-31
53,115,1.1693151768542167e-30
53,116,1.2366514266441096e-30
53,117,5.976728739587987e-31
53,118,8.668624514915876e-31
53,119,7.400702775533967e-31
53,120,9.68951363285892e-31
53,121,7.299063705722149e-31
53,122,1.247572647033961e-30
53,123,6.078877713117489e-31
53,124,5.150398497267456e-31
53,125,9.810662948057724e-31
53,126,1.010210133508599e-30
53,127,5.761768350978399e-31
53,128,1.3284657517184578e-30
53,129,9.592838229368073e-31
53,130,5.384476034982351e-32
53,131,3.9731177594652905e-31
53,132,7.260658766534869e-31
53,133,4.493063617313185e-31
53,134,1.198142101412241e-30
53,135,2.075188398914435e-30
53,136,3.440438018803774e-30
53,137,1.1079874059609484e-30
53,138,4.204736753560852e-31
53,139,5.984184164812109e-31
53,140,3.1768349735024997e-31
53,141,6.725799751805235e-31
53,142,7.614970088919588e-31
53,143,2.174525728794363e-30
53,144,1.4691902519697132e-30
53,145,1.3359251717185342e-30
53,146,2.2034710680866044e-31
53,147,1.1251799790484514e-31
53,148,5.875664597555725e-31
53,149,7.3437552915992924e-31
54,55,1.5832135473647662e-30
54,56,1.0953184384289599e-30
54,57,1.5436687300665024e-30
54,58,9.207071436527199e-31
54,59,1.70578380310154e-30
54,60,1.6457126525243748e-30
54,61,1.5403394058342122e-30
54,62,1.705050688170091e-30
54,63,1.3388050606803333e-30
54,64,2.8596422302426248e-30
54,65,9.071084835485567e-31
54,66,2.0947438892762363e-30
54,67,1.1452500030564722e-30
54,68,2.401712909813718e-30
54,69,1.7655543319249774e-30
54,70,2.149552750482915e-30
54,71,6.364100063211857e-31
54,72,2.3935658801531956e-30
54,73,8.265807188856531e-16
54,74,1.4420396983094931e-30
54,75,3.6402749516484923e-16
54,76,1.0553858390026e-30
54,77,9.506048735807559e-31
54,78,5.110343437625563e-16
54,79,8.120033196001353e-31
54,80,9.665274626753505e-31
54,81,1.8663274222680552e-30
54,82,2.6643013746521498e-30
54,83,1.166048292799947e-30
54,84,1.6359973982617174e-30
54,85,8.672506550522072e-31
54,86,2.8514864717516348e-30
54,87,2.1473136955358378e-30
54,88,9.428442285325104e-31
54,89,1.077626451656896e-30
54,90,7.930509122037381e-31
54,91,1.264793645365267e-30
54,92,7.510948429102665e-31
54,93,1.0233063105236008e-30
54,94,1.0206677613621098e-30
54,95,2.8977801611984284e-16
54,96,2.5646677027622704e-30
54,97,1.0632902051319816e-30
54,98,9.614887735785426e-31
54,99,1.3739573764076866e-30
54,100,1.644752900297256e-30
54,101,1.7225090661849493e-30
54,102,1.6674037766613725e-30
54,103,2.7827400114538372e-30
54,104,1.3967824175383509e-30
54,105,2.4796579826991564e-30
54,106,4.359652815774177e-31
54,107,7.417804156968774e-16
54,108,8.816078320512054e-31
54,109,1.3479356561002801e-30
54,110,1.704694450739545e-30
54,111,1.4165630426750124e-31
54,112,2.0628147459034416e-30
54,113,7.101752350246547e-31
54,114,1.826399150884944e-30
54,115,1.5849634671825392e-30
54,116,2.8072861875901682e-30
54,117,1.3844027803326836e-30
54,118,2.4535725866739823e-30
54,119,1.639734949493392e-30
54,120,1.782826210356065e-30
54,121,1.2302921290741533e-30
54,122,2.612629070407208e-30
54,123,1.2363494569571589e-30
54,124,1.3883779855306388e-30
54,125,2.0755412488087346e-30
54,126,2.174885752679279e-30
54,127,8.930729719316618e-31
54,128,2.267077573288623e-30
54,129,1.310972277278296e-30
54,130,7.411359804614104e-32
54,131,5.349872518613357e-31
54,132,1.0521462580887992e-30
54,133,9.132375916906127e-31
54,134,2.010303928601328e-30
54,135,3.229851057114518e-30
54,136,7.669156397731154e-30
54,137,2.9756793370305746e-30
54,138,1.3558648352631505e-30
54,139,5.420860318050731e-31
54,140,6.006483811741562e-31
54,141,1.6104458589875487e-30
54,142,5.537219944579123e-16
54,143,4.062283056560748e-30
54,144,7.884054876243738e-31
54,145,2.111328280249427e-30
54,146,7.26721096929022e-31
54,147,4.596157606136787e-31
54,148,3.825971006378173e-31
54,149,9.130981173431227e-31
55,56,1.3475136811350683e-30
55,57,1.3667085449648055e-30
55,58,6.699167785976078e-31
55,59,1.6897415053809958e-30
55,60,1.5919458456458608e-30
55,61,1.2139038630517907e-30
55,62,1.7462864156086475e-30
55,63,2.800113348383775e-30
55,64,2.448947765490638e-30
55,65,1.5618330313819141e-30
55,66,1.4235778569775651e-30
55,67,1.3709213806645935e-30
55,68,2.122512474844275e-30
55,69,2.154522971141765e-30
55,70,1.1847315274959716e-30
55,71,9.43105361108371e-31
55,72,1.597001180130385e-30
55,73,3.0054303251241967e-16
55,74,1.5892105321892285e-30
55,75,2.2433282319782103e-30
55,76,1.4177269683047089e-30
55,77,9.388959902325627e-31
55,78,7.699068359194728e-30
55,79,5.678901037783016e-31
55,80,6.446333802289785e-31
55,81,2.081562821461069e-30
55,82,3.581822511143244e-30
55,83,1.1268359744592383e-30
55,84,1.9419851317901875e-30
55,85,5.9094080037566616e-31
55,86,2.7871251071364115e-30
55,87,2.9527940569042783e-30
55,88,8.122645617370067e-31
55,89,1.5419716237539811e-30
55,90,1.470264937922345e-30
55,91,1.2892662639876732e-30
55,92,7.557671686297734e-31
55,93,1.2340764661400024e-30
55,94,1.5217263380644863e-30
55,95,2.865366894424415e-30
55,96,1.8016832179680907e-30
55,97,9.344752938165543e-31
55,98,5.042857539304197e-31
55,99,1.4340783124753566e-30
55,100,1.1618446281641537e-30
55,101,1.9139974416650555e-30
55,102,2.0702300065980567e-30
55,103,3.360664302582628e-30
55,104,1.8434252992893144e-30
55,105,1.4663844203017865e-30
55,106,1.0719602087167363e-30
55,107,8.937984901149843e-16
55,108,1.1052357170095982e-30
55,109,1.5139078615083954e-30
55,110,2.2560830350678696e-30
55,111,1.6034520568404567e-31
55,112,1.8527171950113716e-30
55,113,5.298530095632882e-31
55,114,1.0375405159346599e-30
55,115,2.2170177304977053e-30
55,116,2.7432732171030676e-30
55,117,1.332792974150402e-30
55,118,1.5251234916720783e-30
55,119,1.6342026375295687e-30
55,120,1.615142022818717e-30
55,121,1.51712445889914e-30
55,122,2.0695622722330943e-30
55,123,1.3054305855867633e-30
55,124,1.063618963280296e-30
55,125,2.111508429621876e-30
55,126,2.0635960134202757e-30
55,127,1.0764105212103208e-30
55,128,2.7580567955486903e-30
55,129,1.65878088551481e-30
55,130,8.930219864108568e-32
55,131,7.664299614307645e-31
55,132,1.370399894919164e-30
55,133,8.509262534578623e-31
55,134,2.4950393572010217e-30
55,135,4.18659176210041e-30
55,136,5.771277975355879e-30
55,137,2.5447503005514083e-30
55,138,1.0123932911595654e-30
55,139,1.148656480974227e-30
55,140,5.271343301245802e-31
55,141,1.1673242804961664e-30
55,142,1.11238931551359e-16
55,143,4.524641706767002e-30
55,144,2.5868063484398036e-30
55,145,2.7161734854671154e-30
55,146,4.4427663418443596e-31
55,147,2.916966936127477e-31
55,148,1.0130681584401161e-30
55,149,1.4460923402894549e-30
56,57,2.2770205475085857e-30
56,58,1.1616750496458386e-30
56,59,9.591407215933756e-31
56,60,9.87101857067154e-31
56,61,8.930913051665966e-31
56,62,1.4810625706953907e-30
56,63,2.3510847157405107e-30
56,64,1.404395758901945e-30
56,65,1.9790008948893927e-30
56,66,3.0285309126343738e-30
56,67,1.5178782549994969e-30
56,68,1.5527160747634873e-30
56,69,2.480597430741178e-30
56,70,2.1551873147103844e-30
56,71,4.6282378567525385e-31
56,72,1.907699586560915e-30
56,73,7.133574416487975e-16
56,74,4.3381409221354825e-31
56,75,2.5514039311599547e-16
56,76,6.078499659231679e-31
56,77,5.298835369027003e-31
56,78,7.428182342046697e-16
56,79,4.199251498956746e-31
56,80,1.3258947263451189e-30
56,81,4.391524220690747e-31
56,82,1.3367215380939432e-30
56,83,1.5381824293167488e-30
56,84,1.5923681426054378e-30
56,85,7.975708127257697e-31
56,86,2.128595071351663e-30
56,87,1.5343734806403552e-30
56,88,6.567192099365756e-31
56,89,2.1522019360832267e-30
56,90,1.5542760265036864e-30
56,91,2.123794304331624e-30
56,92,6.48651561163801e-31
56,93,1.3779102828038482e-30
56,94,1.342369366461189e-30
56,95,1.6883280336864498e-16
56,96,3.6065694817501114e-30
56,97,7.949743275462244e-31
56,98,7.415689225377229e-31
56,99,1.8135387838845574e-30
56,100,2.2832149313749346e-30
56,101,1.1299592105496641e-30
56,102,3.251702730312035e-30
56,103,1.6483585983436612e-30
56,104,9.336550850149949e-31
56,105,2.2129709328283607e-30
56,106,1.2684527484144131e-30
56,107,1.4328437879674081e-15
56,108,3.509910260363826e-31
56,109,7.908767876798085e-31
56,110,3.115776071211389e-30
56,111,4.213871341720203e-32
56,112,3.02176830366732e-30
56,113,3.0587520564254896e-31
56,114,1.535243839561231e-30
56,115,1.6442504511037928e-30
56,116,1.1784001374629816e-30
56,117,9.629755129627152e-31
56,118,2.6893254927895232e-30
56,119,5.6886347212298835e-31
56,120,2.570272885710177e-30
56,121,6.258580883607425e-31
56,122,3.7150268215997585e-30
56,123,3.824135064775789e-31
56,124,8.77895799432507e-31
56,125,9.357416389032505e-31
56,126,1.9080888116925204e-30
56,127,1.1298974490554305e-30
56,128,9.197028323736047e-31
56,129,2.5209859426117303e-30
56,130,1.431598978850927e-31
56,131,4.988106802238016e-31
56,132,1.2705272040694927e-30
56,133,1.026232874811511e-30
56,134,6.960595814602611e-31
56,135,1.5961267902062426e-30
56,136,1.0927941143611943e-29
56,137,1.395972943494778e-30
56,138,9.27587978793108e-31
56,139,6.889158676641214e-31
56,140,8.877209478865107e-31
56,141,2.3423684542120572e-30
56,142,5.481286995992906e-16
56,143,1.6022616923474258e-30
56,144,2.468498906134184e-30
56,145,9.55966017411485e-31
56,146,6.825264975779623e-31
56,147,3.656153812563726e-31
56,148,1.1380633646451953e-30
56,149,6.51106780921003e-31
57,58,1.2313186415981865e-30
57,59,9.28127178598896e-31
57,60,1.2457454871993975e-30
57,61,1.1203339192115027e-30
57,62,1.6842427669209327e-30
57,63,2.611238290179389e-30
57,64,1.8363093143660868e-30
57,65,2.2257626152993036e-30
57,66,3.1289062517712313e-30
57,67,1.6269620785261564e-30
57,68,1.8697226488591238e-30
57,69,2.766040518742492e-30
57,70,2.4879910004474796e-30
57,71,4.19148187741793e-31
57,72,2.27273478733387e-30
57,73,2.989366980140907e-16
57,74,6.413150360359208e-31
57,75,1.4833154774827737e-30
57,76,7.638000012717731e-31
57,77,6.036526235933253e-31
57,78,3.1562434375920625e-16
57,79,5.366966293734639e-31
57,80,1.3687400686653305e-30
57,81,7.860707920694367e-31
57,82,1.3499890975059078e-30
57,83,1.3847986290783515e-30
57,84,1.733514650026627e-30
57,85,1.027811221501455e-30
57,86,2.434933972467444e-30
57,87,1.3614662302917026e-30
57,88,6.05356281498208e-31
57,89,2.3596226992571707e-30
57,90,1.8038056990137775e-30
57,91,2.3925849546617932e-30
57,92,8.159256927834895e-31
57,93,1.4804614596939824e-30
57,94,1.3830000423267438e-30
57,95,3.993228529593226e-30
57,96,4.019249555122576e-30
57,97,9.802026937646177e-31
57,98,1.0115920406278342e-30
57,99,1.998097613043039e-30
57,100,2.4551013557698862e-30
57,101,1.1294818580441934e-30
57,102,3.6946618736954034e-30
57,103,1.8212599432950245e-30
57,104,6.76273401583366e-31
57,105,2.664714271678089e-30
57,106,1.3892169934643934e-30
57,107,1.6282497293784484e-15
57,108,3.5124661516999745e-31
57,109,9.842334579173102e-31
57,110,3.497013112399728e-30
57,111,5.564337921229542e-32
57,112,3.585690842463743e-30
57,113,4.971009799099089e-31
57,114,1.9701243855182617e-30
57,115,1.8037422945245252e-30
57,116,1.5891381968639265e-30
57,117,7.906156969587466e-31
57,118,3.1503923353216313e-30
57,119,8.253425243726926e-31
57,120,3.0160595179306424e-30
57,121,6.996207100626722e-31
57,122,4.363395468125661e-30
57,123,6.018147777276589e-31
57,124,1.3220069223573091e-30
57,125,1.0167306942947125e-30
57,126,2.1770611697933502e-30
57,127,1.0782354588406546e-30
57,128,8.986013793247423e-31
57,129,2.522581017748145e-30
57,130,1.626835157794261e-31
57,131,5.517562747453106e-31
57,132,1.2836984649290315e-30
57,133,1.0709736056769376e-30
57,134,7.855843461051509e-31
57,135,1.5962129376185523e-30
57,136,1.2415485047218322e-29
57,137,1.7849343460578926e-30
57,138,1.010543936681054e-30
57,139,7.820910685886025e-31
57,140,1.0211542024841233e-30
57,141,2.518942284806007e-30
57,142,6.604719018538137e-16
57,143,1.770180159794959e-30
57,144,2.7386032095241178e-30
57,145,9.734606905905416e-31
57,146,8.383344541668994e-31
57,147,4.489488960888392e-31
57,148,1.25349331005294e-30
57,149,6.455799029653863e-31
58,59,7.165041543895158e-31
58,60,7.099554987337313e-31
58,61,6.5377553670908e-31
58,62,7.087450690728701e-31
58,63,1.1306645170130974e-30
58,64,1.1902262820932889e-30
58,65,9.897521315674611e-31
58,66,1.6314762888230435e-30
58,67,7.72708493023638e-31
58,68,1.0811121523922192e-30
58,69,1.2754873526688172e-30
58,70,1.2537894001366824e-30
58,71,2.9771581719405827e-31
58,72,1.2406131610449415e-30
58,73,3.25536933680201e-16
58,74,5.458671875448207e-31
58,75,6.1300052508897784e-31
58,76,3.715350716716693e-31
58,77,3.925988396728128e-31
58,78,3.9618592916402214e-16
58,79,3.685761205212114e-31
58,80,7.440701368286478e-31
58,81,7.096685164776511e-31
58,82,9.844573071038617e-31
58,83,7.8387965310707534e-31
58,84,8.088990713728348e-31
58,85,5.240073788869262e-31
58,86,1.2930916527839408e-30
58,87,7.661049272935879e-31
58,88,3.756616388149264e-31
58,89,1.0884666409645839e-30
58,90,7.658564733211747e-31
58,91,1.114257334618973e-30
58,92,3.9311538375274046e-31
58,93,6.7756696156547755e-31
58,94,6.564050358345912e-31
58,95,1.8505383641031266e-30
58,96,1.9691094264757503e-30
58,97,5.142332709489586e-31
58,98,3.8373629153478183e-31
58,99,9.196566804903583e-31
58,100,1.2337181963260561e-30
58,101,7.672225911920014e-31
58,102,1.6875931047481715e-30
58,103,1.056886094221581e-30
58,104,5.3344987964944265e-31
58,105,1.4148785833793079e-30
58,106,6.188713899449905e-31
58,107,7.459230261451055e-16
58,108,3.222574082551951e-31
58,109,5.527302202539269e-31
58,110,1.6021076143864577e-30
58,111,5.205571674125908e-32
58,112,1.6207655707538934e-30
58,113,3.080918071274982e-31
58,114,1.0140022821333256e-30
58,115,8.216274213504008e-31
58,116,1.2044306911589651e-30
58,117,5.459336608442866e-31
58,118,1.5586705414751624e-30
58,119,6.783938027776198e-31
58,120,1.3690851364355456e-30
58,121,4.95054967397921e-31
58,122,2.0376800652466118e-30
58,123,4.716133722253512e-31
58,124,6.4935345990061365e-31
58,125,8.291729940221495e-31
58,126,1.090474884016815e-30
58,127,5.629933231712792e-31
58,128,8.382009025221086e-31
58,129,1.2808073261166897e-30
58,130,7.45274991941422e-32
58,131,2.465783430507172e-31
58,132,6.206456152018168e-31
58,133,5.144307163067371e-31
58,134,7.401441641607905e-31
58,135,1.0995484774965151e-30
58,136,6.055044874415587e-30
58,137,1.1875535553127122e-30
58,138,6.313010416855425e-31
58,139,3.2712659991379517e-31
58,140,4.790489171308254e-31
58,141,1.2581360003415596e-30
58,142,2.260205560892009e-16
58,143,1.5048269507629668e-30
58,144,1.1716289752698428e-30
58,145,8.202196864796626e-31
58,146,4.173023407090639e-31
58,147,2.4362011957644676e-31
58,148,5.536754228047754e-31
58,149,4.045824177675948e-31
59,60,1.4533529023471442e-30
59,61,1.2805270796575658e-30
59,62,1.4551852001055644e-30
59,63,1.6880478329856794e-30
59,64,2.364840677022362e-30
59,65,5.727007137612915e-31
59,66,1.67002732086712e-30
59,67,9.639421849530735e-31
59,68,1.9750258327677625e-30
59,69,1.2817587441083149e-30
59,70,1.4812562970257462e-30
59,71,6.540410485625012e-31
59,72,1.885664091056223e-30
59,73,4.467914935803244e-16
59,74,1.35771218759729e-30
59,75,3.3905302361305005e-16
59,76,1.015679667663726e-30
59,77,8.865711284100853e-31
59,78,3.2308729932603105e-16
59,79,6.444507760300395e-31
59,80,8.667557095878994e-31
59,81,1.5841248291560677e-30
59,82,2.6905057862532325e-30
59,83,1.1284848004188221e-30
59,84,1.3890261740417463e-30
59,85,7.061735427479977e-31
59,86,2.6642934261568046e-30
59,87,2.2717263264688634e-30
59,88,8.108652097925755e-31
59,89,7.037318801548425e-31
59,90,6.45272475386522e-31
59,91,8.559256777794527e-31
59,92,6.8783776009407755e-31
59,93,8.561604038122266e-31
59,94,9.56565723011228e-31
59,95,1.83736991042838e-30
59,96,1.805397665250869e-30
59,97,8.892766129280657e-31
59,98,4.010482350672441e-31
59,99,9.82867351102226e-31
59,100,1.2301387335708956e-30
59,101,1.6698003228312714e-30
59,102,1.0342763963911247e-30
59,103,2.680249275900308e-30
59,104,1.2752263624199438e-30
59,105,1.857578187337972e-30
59,106,4.048305077222708e-31
59,107,4.599078778867873e-16
59,108,8.734323288809987e-31
59,109,1.3450685691587015e-30
59,110,1.0271376529786753e-30
59,111,1.3590039130762032e-31
59,112,1.379519546970452e-30
59,113,5.504362449305692e-31
59,114,1.3202967188017248e-30
59,115,1.6268073534429634e-30
59,116,2.729639158695796e-30
59,117,1.2924680100198743e-30
59,118,1.8369198450594112e-30
59,119,1.5232004470333642e-30
59,120,1.1006642327987609e-30
59,121,1.1368893864151526e-30
59,122,1.6299297032809548e-30
59,123,1.1438542002961145e-30
59,124,9.568202332586592e-31
59,125,1.8573354715584768e-30
59,126,1.8733038859761615e-30
59,127,8.887353963725337e-31
59,128,2.1547935734356586e-30
59,129,1.135424841654051e-30
59,130,4.595083245482151e-32
59,131,5.743519615643766e-31
59,132,9.221213327390424e-31
59,133,7.804278608484081e-31
59,134,1.9882546946269992e-30
59,135,3.027752236472147e-30
59,136,4.8413275874714464e-30
59,137,2.510887009059125e-30
59,138,1.0960990512924918e-30
59,139,7.33003860682421e-31
59,140,3.954030228631877e-31
59,141,1.1837251067000246e-30
59,142,6.080941944488124e-16
59,143,3.706075804225139e-30
59,144,1.1885307793277936e-30
59,145,1.963794908886934e-30
59,146,5.200945410080057e-31
59,147,3.5683641383508666e-31
59,148,3.8820782505396366e-31
59,149,9.689265835859048e-31
60,61,1.2409356135543905e-30
60,62,1.4104626286644228e-30
60,63,1.5500445914294929e-30
60,64,2.3260057061931205e-30
60,65,9.40305372229208e-31
60,66,1.6739401300618656e-30
60,67,9.101472276526087e-31
60,68,1.932361009788556e-30
60,69,1.3040792293846699e-30
60,70,1.6130696627101714e-30
60,71,6.161780453778249e-31
60,72,1.8629911343058192e-30
60,73,1.168462140866473e-16
60,74,1.2761612706782479e-30
60,75,1.4237764103860982e-30
60,76,9.834566225311555e-31
60,77,8.057673653659447e-31
60,78,5.3102623137907046e-30
60,79,5.7979061014690756e-31
60,80,7.272018759818633e-31
60,81,1.600386731933372e-30
60,82,2.535091408590298e-30
60,83,8.795785014428903e-31
60,84,1.3610284085112909e-30
60,85,6.593855121419598e-31
60,86,2.3660144690168928e-30
60,87,2.0757039725996073e-30
60,88,7.542667346844172e-31
60,89,1.001568094278321e-30
60,90,8.027920556392557e-31
60,91,1.0738744632435026e-30
60,92,6.075215639255911e-31
60,93,7.919965234891581e-31
60,94,9.082957837205943e-31
60,95,1.6901036860780043e-30
60,96,2.0569330153175254e-30
60,97,8.519459378734845e-31
60,98,4.487753079291822e-31
60,99,1.0265607201979282e-30
60,100,1.2964515771674978e-30
60,101,1.5078232327524815e-30
60,102,1.591763000690839e-30
60,103,2.4960069095335894e-30
60,104,1.2733052608425177e-30
60,105,1.9062436614067956e-30
60,106,6.092040903479075e-31
60,107,7.043575467574346e-16
60,108,8.177265623727362e-31
60,109,1.1721527395702427e-30
60,110,1.4947704939906557e-30
60,111,1.2709036444804702e-31
60,112,1.6587653598455195e-30
60,113,5.570444446544681e-31
60,114,1.38948347476601e-30
60,115,1.4710721589282268e-30
60,116,2.388810044755391e-30
60,117,1.174025092078077e-30
60,118,1.8891547938034455e-30
60,119,1.4071699526170132e-30
60,120,1.4029798945684687e-30
60,121,1.1011500230951185e-30
60,122,2.1008791698264915e-30
60,123,1.0748894457062993e-30
60,124,1.0195753047515939e-30
60,125,1.7470877585542343e-30
60,126,1.7683489313332073e-30
60,127,7.24520545202351e-31
60,128,2.061674030047329e-30
60,129,1.0914933947440533e-30
60,130,7.037456233204005e-32
60,131,5.018738369101307e-31
60,132,8.93437965291266e-31
60,133,6.7255760295379685e-31
60,134,1.863797340199111e-30
60,135,2.9923265858440996e-30
60,136,6.1757768837507654e-30
60,137,2.4450385925105888e-30
60,138,1.064455688993838e-30
60,139,6.6498966703755815e-31
60,140,4.837669932408498e-31
60,141,1.2857628486554717e-30
60,142,9.933694281198083e-31
60,143,3.577454619947911e-30
60,144,1.3866736232039085e-30
60,145,1.9440860034944392e-30
60,146,5.512335889376965e-31
60,147,3.5622725884141654e-31
60,148,5.606153941254591e-31
60,149,9.399200685681295e-31
61,62,1.490730169751067e-30
61,63,1.022834140244484e-30
61,64,2.1769444132808516e-30
61,65,6.121118082501882e-31
61,66,1.577273716130148e-30
61,67,8.549480897239596e-31
61,68,1.7415607197584482e-30
61,69,1.2532397985959113e-30
61,70,1.5500303963684738e-30
61,71,4.629722952424021e-31
61,72,1.7856963129097742e-30
61,73,4.388541835720872e-17
61,74,1.1137574923053126e-30
61,75,1.0491135793140173e-30
61,76,8.144545224976335e-31
61,77,7.250983067260224e-31
61,78,4.179565895981782e-30
61,79,5.2350764039831785e-31
61,80,7.344585545040283e-31
61,81,1.3505717779916734e-30
61,82,2.0327981854076503e-30
61,83,8.242009370384152e-31
61,84,1.1943281419612795e-30
61,85,6.282659038022437e-31
61,86,2.264154488782201e-30
61,87,1.7217553126346435e-30
61,88,6.906376626281815e-31
61,89,8.11759951541766e-31
61,90,5.262256011283924e-31
61,91,9.362607213919089e-31
61,92,5.734914110153786e-31
61,93,7.243223603947839e-31
61,94,7.081842160548498e-31
61,95,1.6164469068720665e-30
61,96,1.919437693633522e-30
61,97,7.94136194241498e-31
61,98,3.1173551432008498e-31
61,99,1.004458981477086e-30
61,100,1.2334235835233892e-30
61,101,1.2414022487211579e-30
61,102,1.2144444021708001e-30
61,103,2.1115338729978558e-30
61,104,1.029947942904923e-30
61,105,1.8513742037126027e-30
61,106,3.1608461291918615e-31
61,107,5.362288137511949e-16
61,108,6.7763988586514285e-31
61,109,9.963116580627924e-31
61,110,1.1382361440946507e-30
61,111,1.0838999581807038e-31
61,112,1.5397691904480261e-30
61,113,5.182062965158941e-31
61,114,1.3330260707196234e-30
61,115,1.2531195776256551e-30
61,116,2.0834407661105988e-30
61,117,1.0766375009494288e-30
61,118,1.8285961844805397e-30
61,119,1.2306492838169359e-30
61,120,1.2860973846150167e-30
61,121,8.730958254055335e-31
61,122,1.875367904163833e-30
61,123,9.45018112694864e-31
61,124,9.602775725967969e-31
61,125,1.5427524633122598e-30
61,126,1.6765140724211694e-30
61,127,6.981131890936517e-31
61,128,1.7302468402605258e-30
61,129,9.593901608384843e-31
61,130,5.357629552106602e-32
61,131,4.021017459310034e-31
61,132,7.911822365412501e-31
61,133,7.01697057019449e-31
61,134,1.5440348073800601e-30
61,135,2.529428481788248e-30
61,136,5.4815745446714825e-30
61,137,2.3273668919212453e-30
61,138,9.753364462159777e-31
61,139,4.073056865077752e-31
61,140,4.378273906721125e-31
61,141,1.2479664651210778e-30
61,142,2.305567582645805e-16
61,143,3.150096066631478e-30
61,144,5.921273826445868e-31
61,145,1.593095518293716e-30
61,146,5.2834034102451235e-31
61,147,3.4142415188353353e-31
61,148,2.8034836282304432e-31
61,149,7.054670572955862e-31
62,63,2.0400591759411954e-30
62,64,2.6531522306200285e-30
62,65,1.3585752822474665e-30
62,66,2.004471310344483e-30
62,67,9.897991241053422e-31
62,68,1.8268918565047115e-30
62,69,1.6393055349357833e-30
62,70,1.7630561326102573e-30
62,71,6.6546580708584435e-31
62,72,1.958553794762757e-30
62,73,4.2367047432750185e-16
62,74,1.429368582999201e-30
62,75,1.43956721813182e-30
62,76,1.1366894241308066e-30
62,77,8.34525569397259e-31
62,78,5.824003590794126e-30
62,79,6.335089972999795e-31
62,80,1.072258011537291e-30
62,81,1.6653734638403315e-30
62,82,2.6980734548401287e-30
62,83,1.0623495731395018e-30
62,84,1.4219575958857765e-30
62,85,7.2034713848817775e-31
62,86,2.9175350752648222e-30
62,87,2.3417330879649903e-30
62,88,7.904198229894265e-31
62,89,1.449102240512774e-30
62,90,1.1571890391007127e-30
62,91,1.4486011491701163e-30
62,92,7.1538395024185745e-31
62,93,9.575512361759337e-31
62,94,1.006995625243178e-30
62,95,2.2929078278655584e-30
62,96,2.5946970561427378e-30
62,97,8.732358191348885e-31
62,98,6.1318453980011836e-31
62,99,1.334320714739527e-30
62,100,1.55195288027212e-30
62,101,1.483946281902854e-30
62,102,2.181962642519934e-30
62,103,2.6537211517995917e-30
62,104,1.427798975600184e-30
62,105,2.1205078770017388e-30
62,106,8.86742482314518e-31
62,107,9.598775366654082e-16
62,108,8.790974680621683e-31
62,109,1.0937916168788765e-30
62,110,2.0428791652058424e-30
62,111,1.3417748114329983e-31
62,112,2.2641622237488728e-30
62,113,5.713512051657928e-31
62,114,1.4786741168016498e-30
62,115,1.7934834610237227e-30
62,116,2.3586850384714096e-30
62,117,1.3260399715332692e-30
62,118,2.118038532450176e-30
62,119,1.4394868801126241e-30
62,120,1.831231217732002e-30
62,121,1.0493552899979188e-30
62,122,2.634162006161839e-30
62,123,1.1526975096584313e-30
62,124,1.117805120388267e-30
62,125,1.8538821544936386e-30
62,126,1.9523306893420195e-30
62,127,9.26033891055975e-31
62,128,2.236922340484714e-30
62,129,1.480502839875624e-30
62,130,9.590436255870477e-32
62,131,5.6697974862811885e-31
62,132,9.672836017802174e-31
62,133,1.0285290739414384e-30
62,134,2.0283299233665693e-30
62,135,3.5637326196693214e-30
62,136,7.400555223506506e-30
62,137,2.8998237747404252e-30
62,138,1.1098917916990535e-30
62,139,7.850180120451738e-31
62,140,6.072724374988006e-31
62,141,1.726720957929037e-30
62,142,8.31538933714849e-16
62,143,4.222010472079736e-30
62,144,1.9877648856431076e-30
62,145,2.1610853733799746e-30
62,146,5.882488406995794e-31
62,147,3.7246452487698027e-31
62,148,8.168765590709739e-31
62,149,1.0620135444819525e-30
63,64,2.0450482168096174e-30
63,65,2.57200654772135e-30
63,66,2.6252000718784607e-30
63,67,1.9025751572130497e-30
63,68,1.8599145626452083e-30
63,69,3.225705710126944e-30
63,70,1.9844726787866236e-30
63,71,1.058239346514889e-30
63,72,1.6439319162548413e-30
63,73,4.805904166550131e-16
63,74,1.510159990517482e-30
63,75,4.3847001801543526e-16
63,76,1.5624846681092571e-30
63,77,8.875575606849165e-31
63,78,4.823404785853854e-16
63,79,6.872950107939948e-31
63,80,1.3082896909924726e-30
63,81,1.821443388091499e-30
63,82,3.711316063674973e-30
63,83,1.527870907978621e-30
63,84,2.2969848826401313e-30
63,85,9.306013912853411e-31
63,86,3.05185908651514e-30
63,87,3.320705125786484e-30
63,88,7.246519583434749e-31
63,89,2.6259133368759787e-30
63,90,2.267704213915843e-30
63,91,2.392720293561541e-30
63,92,1.0055153348546636e-30
63,93,1.708750318928114e-30
63,94,1.9518460977536228e-30
63,95,3.8913911541116615e-16
63,96,3.50981720883122e-30
63,97,9.775836794612749e-31
63,98,1.0763935756857858e-30
63,99,2.170627304296385e-30
63,100,2.2098007174087897e-30
63,101,1.901927356632449e-30
63,102,3.8233772457275055e-30
63,103,3.5123343261491726e-30
63,104,1.8917897462902717e-30
63,105,2.0394819176026806e-30
63,106,1.724748754460345e-30
63,107,1.6662016729178376e-15
63,108,1.1099036919162527e-30
63,109,1.666566690635031e-30
63,110,3.822956379716121e-30
63,111,1.498111071986567e-31
63,112,3.5089721643522366e-30
63,113,4.273996265451676e-31
63,114,1.4272505436585298e-30
63,115,2.7311848189617725e-30
63,116,2.734048836615131e-30
63,117,1.2100974952573824e-30
63,118,2.7386371896562223e-30
63,119,1.4799346704966884e-30
63,120,2.9565390259906194e-30
63,121,1.5167094373683694e-30
63,122,4.0469255732381516e-30
63,123,1.2195894203781564e-30
63,124,1.2181407434168825e-30
63,125,1.9286879568889453e-30
63,126,2.2844755230918064e-30
63,127,1.5305960821347468e-30
63,128,2.687342889783897e-30
63,129,2.7477827408607508e-30
63,130,1.6647541298920297e-31
63,131,9.436284560435398e-31
63,132,1.7139458536523845e-30
63,133,1.2439262986121693e-30
63,134,2.4472766980006413e-30
63,135,4.151293894390836e-30
63,136,1.1593571187964264e-29
63,137,2.0804294425629667e-30
63,138,8.989749369266735e-31
63,139,1.4945436664032128e-30
63,140,9.874801771044648e-31
63,141,2.3138741770630768e-30
63,142,5.119756492560001e-16
63,143,4.2673916257413025e-30
63,144,3.821884873455904e-30
63,145,2.6617256047719967e-30
63,146,6.824345316457869e-31
63,147,3.185776332133764e-31
63,148,1.5866769346318293e-30
63,149,1.5941954078927146e-30
64,65,1.0508359627188017e-30
64,66,2.5839066625391187e-30
64,67,1.5638587697744748e-30
64,68,3.224899490278072e-30
64,69,2.362553486454881e-30
64,70,2.8301437559774043e-30
64,71,9.977292501615366e-31
64,72,3.2077865876090205e-30
64,73,6.668562245034625e-16
64,74,2.1972793087334045e-30
64,75,4.1284966646231447e-16
64,76,1.5965852186542726e-30
64,77,1.3278681932582119e-30
64,78,5.8501089828960495e-16
64,79,1.176497026118512e-30
64,80,1.2042756071997568e-30
64,81,2.7980933829983414e-30
64,82,4.0115765265710746e-30
64,83,1.3944492597980707e-30
64,84,2.3675003182483067e-30
64,85,1.1230752610976497e-30
64,86,4.109054659662571e-30
64,87,3.294017503840889e-30
64,88,1.3165730739323113e-30
64,89,1.3120806843472175e-30
64,90,1.0007118330026396e-30
64,91,1.5350383192894221e-30
64,92,1.0094940326398385e-30
64,93,1.3173618732297443e-30
64,94,1.427127613759002e-30
64,95,3.248706837129068e-16
64,96,3.1623125641037766e-30
64,97,1.467410589495139e-30
64,98,7.490150439569513e-31
64,99,1.8372175277942146e-30
64,100,2.0564960078484305e-30
64,101,2.5536911153723747e-30
64,102,1.98589728558125e-30
64,103,4.1211457786597615e-30
64,104,2.102626594251714e-30
64,105,3.270953467103928e-30
64,106,5.944947114513635e-31
64,107,8.823043032431143e-16
64,108,1.3341928799762115e-30
64,109,1.8521452447556764e-30
64,110,1.9750990373163888e-30
64,111,2.1059390066619033e-31
64,112,2.536046077428344e-30
64,113,9.896717900698813e-31
64,114,2.3808553729872605e-30
64,115,2.3611312303094694e-30
64,116,4.0490127370799724e-30
64,117,1.890485721933476e-30
64,118,3.1731980635683014e-30
64,119,2.447423263723143e-30
64,120,2.1551447597207603e-30
64,121,1.817378639968846e-30
64,122,3.162705949485101e-30
64,123,1.826570794896561e-30
64,124,1.8855351677172723e-30
64,125,3.0345700481887322e-30
64,126,3.046763405023996e-30
64,127,1.2100756182884571e-30
64,128,3.449528603028963e-30
64,129,1.617653306860875e-30
64,130,8.815377853230103e-32
64,131,7.217509245373027e-31
64,132,1.453654226218353e-30
64,133,1.3688992001298416e-30
64,134,3.046968419084003e-30
64,135,4.788502844247638e-30
64,136,9.478982843113065e-30
64,137,4.270437822542054e-30
64,138,1.88786700054972e-30
64,139,8.224596469289403e-31
64,140,7.353777873573444e-31
64,141,2.0340608574399664e-30
64,142,6.416872334372242e-16
64,143,6.28850554631415e-30
64,144,1.4660331941853167e-30
64,145,3.3194074399022756e-30
64,146,9.502346437222082e-31
64,147,6.089771215385822e-31
64,148,5.365074440322406e-31
64,149,1.5127745876626314e-30
65,66,2.478167851264132e-30
65,67,1.4377814424895703e-30
65,68,1.3356741332780902e-30
65,69,2.4580157763971455e-30
65,70,1.8539785348688685e-30
65,71,5.366492438530026e-31
65,72,1.5483075969184217e-30
65,73,2.011157330933362e-16
65,74,5.961368576108705e-31
65,75,1.4757846293227562e-30
65,76,8.326767012475293e-31
65,77,4.327596469840043e-31
65,78,3.767738417569219e-30
65,79,2.697677718293317e-31
65,80,1.087985513717421e-30
65,81,8.030416264130787e-31
65,82,1.7908358508005356e-30
65,83,1.2132043947270651e-30
65,84,1.5681844157538257e-30
65,85,8.135942683022936e-31
65,86,1.892103820186346e-30
65,87,1.6460239838880574e-30
65,88,3.4539679451604806e-31
65,89,2.053174774091935e-30
65,90,1.6633522190211085e-30
65,91,1.9999743642306586e-30
65,92,6.931219513986101e-31
65,93,1.3146102629289844e-30
65,94,1.3186711482958102e-30
65,95,3.427140143034734e-30
65,96,3.1868740038690024e-30
65,97,7.4313550663163055e-31
65,98,8.152373186761595e-31
65,99,1.6507860877495108e-30
65,100,1.967788653737482e-30
65,101,1.0037184044162939e-30
65,102,3.159715931677318e-30
65,103,1.8549226773079767e-30
65,104,9.599679955057679e-31
65,105,1.9036637023405562e-30
65,106,1.2863690927077211e-30
65,107,1.3867375560900685e-15
65,108,4.9651499480693e-31
65,109,8.426174371567053e-31
65,110,3.0587580912654736e-30
65,111,5.724128182763941e-32
65,112,2.9480270066496886e-30
65,113,2.8017704879951296e-31
65,114,1.381495629788244e-30
65,115,1.7556734269380115e-30
65,116,9.057002942709488e-31
65,117,5.569047771172577e-31
65,118,2.425154148772846e-30
65,119,5.243075716168455e-31
65,120,2.4842953159550618e-30
65,121,7.524510572655016e-31
65,122,3.549055811367689e-30
65,123,4.7546804265300155e-31
65,124,9.772309418379425e-31
65,125,7.96278420755657e-31
65,126,1.6486410281268415e-30
65,127,9.961264787515858e-31
65,128,1.180127000160332e-30
65,129,2.1839617553508026e-30
65,130,1.3855328026015968e-31
65,131,5.619507153308235e-31
65,132,1.1944074012972824e-30
65,133,8.71416368856831e-31
65,134,1.0287514847020253e-30
65,135,2.0568083694738175e-30
65,136,1.0114696042636373e-29
65,137,9.585480490808997e-31
65,138,6.336388156172696e-31
65,139,8.26992532752281e-31
65,140,8.417829714189256e-31
65,141,2.0187722103384353e-30
65,142,1.9049201760893205e-30
65,143,1.795312181116679e-30
65,144,2.6757181107518322e-30
65,145,1.2798486397913817e-30
65,146,6.266638235805442e-31
65,147,3.075620496928082e-31
65,148,1.1741394245194277e-30
65,149,8.359781360770958e-31
66,67,1.9888864981552434e-30
66,68,2.636723639021061e-30
66,69,3.139965738733443e-30
66,70,3.197916608938322e-30
66,71,4.074612310079742e-31
66,72,3.1140510340563692e-30
66,73,6.579886408580705e-16
66,74,9.218779143610343e-31
66,75,1.4092437892299101e-30
66,76,7.2481295395188666e-31
66,77,9.439481205422688e-31
66,78,1.590863629722293e-30
66,79,4.756004485760706e-31
66,80,1.8334736729592936e-30
66,81,7.504867557635953e-31
66,82,1.617293865370712e-30
66,83,2.0930111943104733e-30
66,84,2.063973341225695e-30
66,85,1.2252206946672688e-30
66,86,3.260271012631519e-30
66,87,1.6457037888352204e-30
66,88,9.618223195719239e-31
66,89,2.7213199755764158e-30
66,90,1.850032887424436e-30
66,91,2.85097650281208e-30
66,92,9.574057501873124e-31
66,93,1.8006676267665037e-30
66,94,1.611455960235777e-30
66,95,4.5466839719637455e-30
66,96,5.1229727510595125e-30
66,97,1.2664583789900691e-30
66,98,9.549290251733155e-31
66,99,2.36271898552473e-30
66,100,3.2128634470742156e-30
66,101,1.7072687655353817e-30
66,102,4.255933894521772e-30
66,103,2.3920664268828074e-30
66,104,7.293552660113809e-31
66,105,3.511562593633394e-30
66,106,1.4912811420128542e-30
66,107,1.885145639368994e-15
66,108,5.078239205946008e-31
66,109,1.3135008813721006e-30
66,110,4.011429543678979e-30
66,111,7.916485781078286e-32
66,112,4.1530811382286336e-30
66,113,6.439754956158085e-31
66,114,2.50342902965287e-30
66,115,2.0570727701472385e-30
66,116,2.354917187750801e-30
66,117,1.493754802379139e-30
66,118,3.977702763590889e-30
66,119,1.2295997541791864e-30
66,120,3.5164578093643685e-30
66,121,8.150318149866043e-31
66,122,5.192396202015769e-30
66,123,8.635105470505323e-31
66,124,1.4016920975530678e-30
66,125,1.6758001298415684e-30
66,126,2.766273324764873e-30
66,127,1.4144574257246675e-30
66,128,1.2089962557845215e-30
66,129,3.2307871266141174e-30
66,130,1.8835078847878686e-31
66,131,6.442380902065808e-31
66,132,1.6164202966233328e-30
66,133,1.3574099591091865e-30
66,134,1.0059835219811606e-30
66,135,1.7426695998778747e-30
66,136,1.5025826589129656e-29
66,137,2.665820448972712e-30
66,138,1.480947000920919e-30
66,139,5.600095203060507e-31
66,140,1.2223128668591595e-30
66,141,3.244499375689855e-30
66,142,2.3859208309422333e-30
66,143,2.570607857440967e-30
66,144,2.713194838072122e-30
66,145,9.195353353908893e-31
66,146,1.0461988495796388e-30
66,147,6.064310270010801e-31
66,148,1.3343900993064225e-30
66,149,4.04120662029701e-31
67,68,1.3194503797552652e-30
67,69,1.7749239579343596e-30
67,70,1.504565773126759e-30
67,71,5.136068544186688e-31
67,72,1.4653900980170962e-30
67,73,3.7238012298709097e-16
67,74,8.793158640493798e-31
67,75,1.2279492684775151e-30
67,76,7.60676914159105e-31
67,77,5.34410923787488e-31
67,78,4.140464993912466e-30
67,79,4.169712131529644e-31
67,80,8.664788308469633e-31
67,81,1.1501529083479472e-30
67,82,1.9053112420979467e-30
67,83,9.47845007769731e-31
67,84,1.1870912364327868e-30
67,85,6.022142746689722e-31
67,86,1.582437371900332e-30
67,87,1.5790265565270545e-30
67,88,5.051847968547798e-31
67,89,1.5102580810725777e-30
67,90,1.1889296108157531e-30
67,91,1.4744445761737592e-30
67,92,4.691962735245747e-31
67,93,9.535209591011768e-31
67,94,1.0054410207261242e-30
67,95,2.5077817475852553e-30
67,96,2.4645767048114976e-30
67,97,6.0854992191550505e-31
67,98,5.545918176801464e-31
67,99,1.2358297815780456e-30
67,100,1.5301759567033498e-30
67,101,1.0352675743492776e-30
67,102,2.300322536837225e-30
67,103,1.7962146622010505e-30
67,104,1.0169864387973485e-30
67,105,1.6526801038187085e-30
67,106,9.35368575392264e-31
67,107,1.011461312388417e-15
67,108,5.914520358065714e-31
67,109,7.897947409917963e-31
67,110,2.2143465678476166e-30
67,111,8.74295832961398e-32
67,112,2.1468307303958612e-30
67,113,3.854918399342372e-31
67,114,1.2029277466973851e-30
67,115,1.3280253858478176e-30
67,116,1.5892295512645752e-30
67,117,7.818577368709372e-31
67,118,1.8983535138258914e-30
67,119,9.41842934784428e-31
67,120,1.818422319173239e-30
67,121,8.111274859486144e-31
67,122,2.6283237183982774e-30
67,123,7.262688227000091e-31
67,124,7.634654603809758e-31
67,125,1.1704968606109245e-30
67,126,1.2915745532019457e-30
67,127,7.2037100482127595e-31
67,128,1.4940320152325172e-30
67,129,1.6625920556442758e-30
67,130,1.0105825869661468e-31
67,131,4.320536634523766e-31
67,132,9.061961350246774e-31
67,133,6.487687742295291e-31
67,134,1.338259255888588e-30
67,135,2.261850510554887e-30
67,136,7.573342637629372e-30
67,137,1.636514092848432e-30
67,138,7.447473296765113e-31
67,139,6.653044626702189e-31
67,140,6.22486632681683e-31
67,141,1.5660182557727758e-30
67,142,1.3482188667187565e-30
67,143,2.531014134026175e-30
67,144,1.950949321312611e-30
67,145,1.4912779612373721e-30
67,146,5.015753191765334e-31
67,147,2.875573411331744e-31
67,148,8.51119956137049e-31
67,149,8.053375821384208e-31
68,69,1.934847643034989e-30
68,70,2.3861288340495483e-30
68,71,8.648890398177348e-31
68,72,2.7476429794952047e-30
68,73,1.5406844766068324e-16
68,74,1.7025584308957327e-30
68,75,3.260544755240624e-16
68,76,1.3688645725282728e-30
68,77,1.1325868237889998e-30
68,78,3.6926391654562744e-16
68,79,8.043283361653732e-31
68,80,1.1037539611641281e-30
68,81,2.31331672380707e-30
68,82,3.5031790651013245e-30
68,83,1.3753146512842774e-30
68,84,1.922330522434804e-30
68,85,1.0218939037416507e-30
68,86,3.1384649651035583e-30
68,87,2.807666662752964e-30
68,88,1.0984028457047524e-30
68,89,1.4746515808549331e-30
68,90,1.052424488763526e-30
68,91,1.6244755580317925e-30
68,92,8.898480491677e-31
68,93,1.2109465448550405e-30
68,94,1.3404343134034982e-30
68,95,2.508653362767879e-30
68,96,3.179747122273505e-30
68,97,1.2267587476647978e-30
68,98,5.8265144309991085e-31
68,99,1.5061582816424657e-30
68,100,2.0040299755813354e-30
68,101,2.158516761721845e-30
68,102,2.3553809226032618e-30
68,103,3.407185809452874e-30
68,104,1.846836834400691e-30
68,105,2.823041430436432e-30
68,106,8.324267564143974e-31
68,107,1.0462784430493172e-15
68,108,1.1051554874947181e-30
68,109,1.6751387938701328e-30
68,110,2.2364718147862678e-30
68,111,1.7404269909701402e-31
68,112,2.4972626094106883e-30
68,113,8.010770509117087e-31
68,114,2.0739326152457385e-30
68,115,1.8371105952896858e-30
68,116,3.200860720562583e-30
68,117,1.719686828580676e-30
68,118,2.8323595899341418e-30
68,119,1.9143782525960755e-30
68,120,2.1286640568372347e-30
68,121,1.6475874743273663e-30
68,122,3.2047911334226905e-30
68,123,1.4713742308647291e-30
68,124,1.470802008963806e-30
68,125,2.4483723234700928e-30
68,126,2.46952953138634e-30
68,127,1.02048001255742e-30
68,128,2.8242718261336277e-30
68,129,1.708669190872642e-30
68,130,1.045369469611164e-31
68,131,6.567362741071976e-31
68,132,1.3135644760905952e-30
68,133,9.776372511155957e-31
68,134,2.547806140295054e-30
68,135,4.267770858738108e-30
68,136,9.454836478528539e-30
68,137,3.425828842495406e-30
68,138,1.546694102911732e-30
68,139,8.667593916141969e-31
68,140,7.380977308354422e-31
68,141,1.9651988953470285e-30
68,142,4.910462595695874e-16
68,143,4.741904634439492e-30
68,144,1.7297517427969193e-30
68,145,2.6708537389059505e-30
68,146,8.221116463926914e-31
68,147,5.281846272017916e-31
68,148,7.482070652968845e-31
68,149,1.2419078465936567e-30
69,70,2.493384272070351e-30
69,71,7.946347092054632e-31
69,72,2.2700150640771514e-30
69,73,6.097546849052952e-16
69,74,1.2773609173361684e-30
69,75,3.9764160802686624e-16
69,76,1.146707775065391e-30
69,77,7.168176351435569e-31
69,78,4.1228158698965756e-16
69,79,7.95163618528828e-31
69,80,1.49665528334964e-30
69,81,1.747315639909483e-30
69,82,2.835991800949328e-30
69,83,1.5391733475299413e-30
69,84,1.967022035665529e-30
69,85,1.1401715433267006e-30
69,86,2.4438645084580082e-30
69,87,2.4367138416493486e-30
69,88,7.950275688373463e-31
69,89,2.5687170513267348e-30
69,90,2.0544235024430265e-30
69,91,2.4911750780496507e-30
69,92,9.231110651261508e-31
69,93,1.6012024198601544e-30
69,94,1.6579909719771408e-30
69,95,1.3955648885806064e-16
69,96,4.055218174565153e-30
69,97,9.815638114961443e-31
69,98,1.1077513127310676e-30
69,99,2.0623977582004974e-30
69,100,2.4961315666453534e-30
69,101,1.5438540091913647e-30
69,102,3.933361087834959e-30
69,103,2.6594948229853034e-30
69,104,1.596688319226446e-30
69,105,2.6956203520528168e-30
69,106,1.5965769461286515e-30
69,107,1.7274118201513249e-15
69,108,8.633051814567332e-31
69,109,1.094330431043376e-30
69,110,3.795786928687933e-30
69,111,1.243435022439027e-31
69,112,3.690482636559311e-30
69,113,6.011066162338824e-31
69,114,1.9869294822667427e-30
69,115,2.1915663041462968e-30
69,116,2.297527561664632e-30
69,117,1.0107848935171693e-30
69,118,3.162088225270882e-30
69,119,1.3626158755630618e-30
69,120,3.07944374640835e-30
69,121,1.2235038404314483e-30
69,122,4.495408773522511e-30
69,123,1.0343737144103952e-30
69,124,1.3962924168618423e-30
69,125,1.6573578060296964e-30
69,126,2.0684266854219462e-30
69,127,1.3461822057192721e-30
69,128,2.21815874893416e-30
69,129,2.7831954343426563e-30
69,130,1.7259110996961716e-31
69,131,7.143600259207637e-31
69,132,1.509368846989578e-30
69,133,1.2041196392598681e-30
69,134,1.9463312979199203e-30
69,135,3.565043204081092e-30
69,136,1.320980108695352e-29
69,137,2.4197469697254163e-30
69,138,1.153768422397658e-30
69,139,1.0792654916586496e-30
69,140,1.0585004053524875e-30
69,141,2.670797398462471e-30
69,142,7.106525027514815e-16
69,143,3.814212465864436e-30
69,144,3.309723232636483e-30
69,145,2.264398884870608e-30
69,146,8.404087253587464e-31
69,147,4.52847414024036e-31
69,148,1.4511297366066442e-30
69,149,1.2456995714408292e-30
70,71,7.204363904696947e-31
70,72,2.7124916470566594e-30
70,73,9.712282819061699e-16
70,74,1.2689698850769313e-30
70,75,1.1912213697676833e-30
70,76,7.97335273021594e-31
70,77,8.646170444908739e-31
70,78,4.001658235157072e-30
70,79,9.453319494152933e-31
70,80,1.3887428504137865e-30
70,81,1.6356696265237323e-30
70,82,2.021963096257785e-30
70,83,1.4735828830869328e-30
70,84,1.7196841353239196e-30
70,85,1.1022621963200203e-30
70,86,2.9002006561535534e-30
70,87,1.689636949770658e-30
70,88,9.678152918585348e-31
70,89,2.0557125706186203e-30
70,90,1.4413581850090313e-30
70,91,2.1796804495193698e-30
70,92,8.548603929243428e-31
70,93,1.32616621198398e-30
70,94,1.1818906128978725e-30
70,95,3.4340173666843306e-30
70,96,3.952581459155573e-30
70,97,1.1443585334704688e-30
70,98,1.1111421387653685e-30
70,99,1.8643863483160417e-30
70,100,2.4411772220342692e-30
70,101,1.613876086466067e-30
70,102,3.251819182813311e-30
70,103,2.3707532451834522e-30
70,104,1.1254860806067765e-30
70,105,3.0226405581874134e-30
70,106,1.1072139537047318e-30
70,107,1.440000477496278e-15
70,108,7.00672953456744e-31
70,109,1.2202907339409237e-30
70,110,3.0462200324076277e-30
70,111,1.1550442711339037e-31
70,112,3.29902612972729e-30
70,113,7.340207939970993e-31
70,114,2.235558805625943e-30
70,115,1.6253897331172903e-30
70,116,2.6356086488484103e-30
70,117,1.198817084091241e-30
70,118,3.254203444207176e-30
70,119,1.5101764303869663e-30
70,120,2.774601991481164e-30
70,121,1.0792874920211614e-30
70,122,4.1301387271963714e-30
70,123,1.0925951829505671e-30
70,124,1.5851338705654254e-30
70,125,1.7361121596058913e-30
70,126,2.3783764171158062e-30
70,127,1.0316277147735442e-30
70,128,1.885930955390634e-30
70,129,2.3154213664083287e-30
70,130,1.4387494508755275e-31
70,131,4.749617254580111e-31
70,132,1.180574636136844e-30
70,133,1.0983050711899898e-30
70,134,1.5902389310239355e-30
70,135,2.3488944438825992e-30
70,136,1.2090865834959803e-29
70,137,2.8107883098395515e-30
70,138,1.4230915263036044e-30
70,139,5.147095421062635e-31
70,140,9.564925690053648e-31
70,141,2.496286494281447e-30
70,142,1.6883057536160659e-16
70,143,3.63027153778001e-30
70,144,2.0395675828141193e-30
70,145,1.774626020149574e-30
70,146,9.052623314788668e-31
70,147,5.3251194504325475e-31
70,148,9.919021279269111e-31
70,149,7.948400427576243e-31
71,72,6.1078384789350275e-31
71,73,6.534383505245068e-16
71,74,6.143467460677847e-31
71,75,9.017670224412878e-31
71,76,5.529512467411696e-31
71,77,3.661478887852067e-31
71,78,3.0267395736118253e-30
71,79,3.744786285185744e-31
71,80,3.324736827945142e-31
71,81,8.687501432598228e-31
71,82,1.3972193624991955e-30
71,83,5.209559652866551e-31
71,84,7.704308065870957e-31
71,85,3.7556068258697886e-31
71,86,1.0761696493270806e-30
71,87,1.1451565082726788e-30
71,88,5.157398597853131e-31
71,89,5.397424983482637e-31
71,90,5.276041285838594e-31
71,91,4.268746231063492e-31
71,92,3.815539166958991e-31
71,93,4.570900785738234e-31
71,94,6.116953064413617e-31
71,95,1.0070686959942156e-30
71,96,4.478030121089929e-31
71,97,3.6201562046681685e-31
71,98,6.927799138401408e-31
71,99,6.060297979381396e-31
71,100,3.867629975810245e-31
71,101,7.53180228630647e-31
71,102,6.29592431472196e-31
71,103,1.2943903676811087e-30
71,104,7.4836478862007365e-31
71,105,5.534012744259391e-31
71,106,3.731618680520207e-31
71,107,2.676650779074573e-16
71,108,4.270427129694524e-31
71,109,6.118453910580499e-31
71,110,7.755861995443917e-31
71,111,6.211415192771315e-32
71,112,7.301609823662739e-31
71,113,2.198206314518563e-31
71,114,3.8079682721644683e-31
71,115,8.3208368180258e-31
71,116,1.042800396872436e-30
71,117,5.332652344249556e-31
71,118,5.899284297580621e-31
71,119,6.3163360486012395e-31
71,120,5.3315982987258865e-31
71,121,6.172268226050786e-31
71,122,6.088364463737771e-31
71,123,5.040729520763448e-31
71,124,4.744294519920087e-31
71,125,8.1351704023335e-31
71,126,8.108445745747065e-31
71,127,5.704506251833562e-31
71,128,1.0860458316611413e-30
71,129,7.092762671345162e-31
71,130,2.6743253899990794e-32
71,131,3.1710501015785253e-31
71,132,5.377592749498661e-31
71,133,5.7706020685546055e-31
71,134,9.701738930182538e-31
71,135,1.657222241887729e-30
71,136,1.7486588865560593e-30
71,137,9.80028219174252e-31
71,138,5.075269585134499e-31
71,139,4.639545986532079e-31
71,140,1.673363002399586e-31
71,141,4.519226436381617e-31
71,142,5.092728692605962e-31
71,143,1.7992484237867573e-30
71,144,9.299992284117464e-31
71,145,1.0808009032580695e-30
71,146,1.8065799440432003e-31
71,147,1.0706674444318335e-31
71,148,3.532478555716059e-31
71,149,5.5779126138495885e-31
72,73,5.511072057502666e-16
72,74,1.5350858700362139e-30
72,75,2.5011322188375285e-16
72,76,1.1100902181285882e-30
72,77,1.0670671700357764e-30
72,78,9.371364932372248e-16
72,79,8.390042490844744e-31
72,80,1.354911442233127e-30
72,81,1.907351266871688e-30
72,82,2.729036959594832e-30
72,83,1.4101498741551644e-16
72,84,1.8326792460034225e-30
72,85,1.1011932544150194e-30
72,86,2.432222899808936e-16
72,87,2.2419115217439822e-30
72,88,1.032083293541335e-30
72,89,1.7762657092520884e-30
72,90,1.1778996375459783e-30
72,91,1.9705165846447383e-30
72,92,8.968733044066731e-31
72,93,1.2791271950867156e-30
72,94,1.1520063249061125e-30
72,95,7.492682986997955e-16
72,96,3.77485549909496e-30
72,97,1.2520426161151933e-30
72,98,7.53567035474085e-31
72,99,1.7800687291137864e-30
72,100,2.3649414612176274e-30
72,101,1.883664607352825e-30
72,102,2.8160751661519334e-30
72,103,2.9745686927388917e-30
72,104,1.3696104874844087e-30
72,105,3.1431091755529656e-30
72,106,8.702686453526141e-31
72,107,1.285436274173951e-15
72,108,9.126517393804272e-31
72,109,1.4829905503056432e-30
72,110,2.6517136535128494e-30
72,111,1.4883937500156877e-31
72,112,4.548549488159271e-16
72,113,8.042796759941811e-31
72,114,2.2995565514888497e-30
72,115,1.7714103931687947e-30
72,116,3.0966204820481935e-30
72,117,1.55649647382057e-30
72,118,3.2581000935856206e-30
72,119,1.796354939384652e-30
72,120,2.560801996188086e-30
72,121,1.271994856225261e-30
72,122,3.8131735170724834e-30
72,123,1.3314329812446055e-30
72,124,1.5548611366102965e-30
72,125,2.3251370664710117e-30
72,126,2.5991003730105327e-30
72,127,1.1013943786189092e-30
72,128,2.334329090626036e-30
72,129,4.3342719907782484e-16
72,130,1.2500708411977043e-31
72,131,5.600961118041151e-31
72,132,1.2133758346759179e-30
72,133,1.1470251627737325e-30
72,134,2.0708232748537083e-30
72,135,3.10316769155913e-17
72,136,1.843528556082739e-15
72,137,3.36239131781898e-30
72,138,1.5617073638099583e-30
72,139,4.840579598120401e-31
72,140,8.84527685343281e-31
72,141,2.372044379891996e-30
72,142,1.1102230246251588e-16
72,143,4.2525415984308435e-30
72,144,1.5336263020361828e-30
72,145,2.150531329590324e-30
72,146,9.179327503935085e-31
72,147,5.699549789262316e-31
72,148,7.79417973464618e-31
72,149,9.092357663125999e-31
73,74,2.2639969061494626e-16
73,75,9.03172617589366e-16
73,76,2.532375310323796e-16
73,77,1.1102230246251563e-16
73,78,6.66842694895271e-16
73,79,4.946122230452745e-16
73,80,4.641803663753154e-16
73,81,5.613217783960921e-16
73,82,3.7816971776294385e-16
73,83,7.999685368536516e-16
73,84,3.188872858294074e-16
73,85,4.624136374238898e-16
73,86,7.577487044378442e-16
73,87,5.721616642993784e-16
73,88,7.879846534485588e-16
73,89,2.844100168142184e-16
73,90,2.288783399261116e-16
73,91,5.219413670457387e-16
73,92,4.575758607539687e-16
73,93,1.9031438998774253e-16
73,94,4.443059973708341e-16
73,95,9.039490733193401e-16
73,96,3.254814649153628e-16
73,97,1.1443916996305586e-16
73,98,1.0235985726813344e-15
73,99,6.344820774659769e-16
73,100,3.775166431889535e-16
73,101,9.155133597044475e-16
73,102,1.3668035872266429e-16
73,103,9.437916079723828e-17
73,104,2.8205131406420584e-16
73,105,4.0608835428777926e-16
73,106,2.6193750069204527e-16
73,107,1.213812467953491e-15
73,108,5.948670648420709e-31
73,109,4.492632392838104e-16
73,110,5.928593550334431e-16
73,111,8.290451735112984e-32
73,112,8.104111210739596e-16
73,113,1.1102230246251559e-16
73,114,3.5108334685766997e-16
73,115,4.762479574169785e-16
73,116,5.790547498447945e-16
73,117,5.137593783847361e-16
73,118,2.2887833992611187e-16
73,119,2.600928474537538e-16
73,120,4.615277368146231e-16
73,121,3.7823337198284623e-16
73,122,3.6913350371565685e-16
73,123,1.1443916996305589e-16
73,124,5.26625020286505e-16
73,125,2.8996358242830297e-16
73,126,4.652682298944612e-16
73,127,8.068235998053634e-16
73,128,2.874411150378674e-16
73,129,1.0735990429094442e-15
73,130,1.146692619216056e-31
73,131,2.2377260456559043e-16
73,132,2.775557561562892e-16
73,133,8.779247675792498e-16
73,134,2.9893669801409088e-16
73,135,3.077680270351475e-16
73,136,1.7245812567682292e-15
73,137,5.128946924511204e-16
73,138,6.823454086952438e-16
73,139,4.501732759706496e-16
73,140,6.96072320824387e-31
73,141,6.713178136967714e-16
73,142,7.157947502738483e-16
73,143,1.1799384546651286e-15
73,144,2.6156961076232924e-16
73,145,4.0412728104402666e-16
73,146,1.241267076623636e-16
73,147,2.7775000291240632e-31
73,148,9.929416840992031e-31
73,149,2.7194799110210355e-16
74,75,1.3882853037836717e-30
74,76,9.666898318787294e-31
74,77,7.457018972323823e-31
74,78,5.2452053638669555e-30
74,79,5.679107152629534e-31
74,80,4.708857764553126e-31
74,81,1.5773095954278097e-30
74,82,2.4868944841302516e-30
74,83,7.608695748574251e-31
74,84,1.353122447845647e-30
74,85,5.184337315746579e-31
74,86,2.2508808401010306e-30
74,87,2.0474810078649877e-30
74,88,6.916871374972621e-31
74,89,5.655887164475326e-31
74,90,6.774618320815063e-31
74,91,5.177121364478301e-31
74,92,5.507448020499295e-31
74,93,7.613836536696017e-31
74,94,9.026526240351587e-31
74,95,1.6147784341152007e-30
74,96,1.1184820863901793e-30
74,97,7.7091222671865356e-31
74,98,2.6176306704188655e-31
74,99,9.118498864818774e-31
74,100,8.22888237442583e-31
74,101,1.4619259943609162e-30
74,102,6.518751652267208e-31
74,103,2.446295404142238e-30
74,104,1.2803118300456003e-30
74,105,1.4878006715621318e-30
74,106,3.8399758446820897e-31
74,107,2.874411150378671e-16
74,108,8.065013226827547e-31
74,109,1.0931866867610453e-30
74,110,8.836744663982944e-31
74,111,1.2335577535154189e-31
74,112,9.476616498512936e-31
74,113,4.9859165321335744e-31
74,114,1.0576928106371533e-30
74,115,1.4969795166271746e-30
74,116,2.2819721473079574e-30
74,117,1.066625819216123e-30
74,118,1.4176810661057221e-30
74,119,1.3558591994502322e-30
74,120,8.522272255247145e-31
74,121,1.0727526080346485e-30
74,122,1.1142932512260264e-30
74,123,1.0382774742471656e-30
74,124,9.325083955056599e-31
74,125,1.6679606037860086e-30
74,126,1.6365668447972494e-30
74,127,6.7469499584703525e-31
74,128,2.0448441876515748e-30
74,129,7.637610267498139e-31
74,130,2.871913953381654e-32
74,131,4.820771180938096e-31
74,132,8.719198606209933e-31
74,133,6.200761815507476e-31
74,134,1.8368244635267318e-30
74,135,2.939737064778998e-30
74,136,3.277329444508268e-30
74,137,2.2648701589743398e-30
74,138,9.566218359638445e-31
74,139,6.348782577941116e-31
74,140,2.7859445220072827e-31
74,141,7.05371776493766e-31
74,142,1.595945597898664e-16
74,143,3.602050861161125e-30
74,144,1.188381578757786e-30
74,145,1.9641295965599637e-30
74,146,4.348100263178877e-31
74,147,2.8576124213734757e-31
74,148,4.044487648706225e-31
74,149,9.592011419116406e-31
75,76,1.13199845307473e-16
75,77,8.571006948740615e-31
75,78,7.226478114865369e-16
75,79,6.153464143109293e-31
75,80,3.736708725176136e-16
75,81,1.855845078271625e-30
75,82,2.226131906154078e-16
75,83,4.3355595091313695e-16
75,84,1.7230932969246853e-30
75,85,5.5370399019457475e-31
75,86,6.533145719433451e-16
75,87,6.64542315104447e-16
75,88,8.006531033164388e-31
75,89,1.5022304253160114e-30
75,90,1.3861693333083143e-30
75,91,1.6668701349615555e-16
75,92,6.621672377958403e-31
75,93,4.647636694108922e-16
75,94,4.156391656371367e-16
75,95,4.046861146973841e-16
75,96,1.8390764050240575e-30
75,97,8.333519118005167e-31
75,98,1.0340250360604385e-30
75,99,1.8463195827281384e-16
75,100,1.1122434738715755e-30
75,101,4.449557262054371e-16
75,102,2.02745118895192e-30
75,103,3.0460970408378763e-30
75,104,3.043636481661795e-16
75,105,6.9388939039071945e-18
75,106,1.0181447029258389e-30
75,107,8.638321632185412e-16
75,108,9.865708370754097e-31
75,109,3.78805778624088e-16
75,110,2.125908664058968e-30
75,111,1.4291853645472121e-31
75,112,4.3803055910470276e-16
75,113,4.763489063865935e-31
75,114,9.916018725047328e-31
75,115,2.7937666377460894e-16
75,116,7.765368103985981e-16
75,117,2.3066604427014257e-16
75,118,1.4338288204511375e-30
75,119,1.1102230246251535e-16
75,120,1.665046351321659e-30
75,121,5.551414118117496e-16
75,122,1.5469220910896388e-16
75,123,1.1530201216553153e-30
75,124,9.198592648961653e-31
75,125,3.168103310416505e-16
75,126,2.3827652481568855e-16
75,127,1.1443999170276696e-16
75,128,1.2719221105329874e-16
75,129,1.0362581090108682e-15
75,130,8.770143507450868e-32
75,131,7.402358389015793e-31
75,132,1.1970962027284204e-30
75,133,2.7555360287513344e-16
75,134,2.2298774051922734e-30
75,135,5.279149051075932e-16
75,136,2.034446277692972e-15
75,137,3.0436364816617934e-16
75,138,9.357151399047478e-31
75,139,1.1125245686377491e-16
75,140,5.164350432400793e-31
75,141,4.338059814306131e-16
75,142,5.945551586468904e-16
75,143,2.59364365623316e-16
75,144,6.884557787641114e-16
75,145,2.3890400632969674e-30
75,146,4.010081344348291e-31
75,147,2.682537248766843e-31
75,148,9.48542212173322e-31
75,149,1.2919832720735742e-30
76,77,5.902139746828799e-31
76,78,2.375494629978049e-16
76,79,3.6545818368958628e-31
76,80,4.4986397465543455e-31
76,81,1.3144197053982062e-30
76,82,2.151945421169196e-30
76,83,6.505556593800257e-31
76,84,1.0943975469840523e-30
76,85,4.103875972173592e-31
76,86,1.6969000939347237e-30
76,87,1.7291499757888247e-30
76,88,5.188896927159212e-31
76,89,7.549878709628646e-31
76,90,7.975981663531097e-31
76,91,6.6898416032907195e-31
76,92,4.747299305402703e-31
76,93,7.2508608409207034e-31
76,94,8.180830937558835e-31
76,95,1.5124933317869658e-30
76,96,9.678175083640716e-31
76,97,5.781993790364617e-31
76,98,4.248365102701265e-31
76,99,7.441637652910954e-31
76,100,5.73359998084904e-31
76,101,1.1264009729613654e-30
76,102,1.0664838545966946e-30
76,103,2.0296248775871135e-30
76,104,1.0806290484524604e-30
76,105,1.0196929544751374e-30
76,106,5.529662081891696e-31
76,107,4.59281491015081e-16
76,108,6.644524401919269e-31
76,109,8.962409642486149e-31
76,110,1.1476498555682602e-30
76,111,9.810049249630167e-32
76,112,1.0612599903690967e-30
76,113,3.4138828733094813e-31
76,114,7.00793974433091e-31
76,115,1.302628283717571e-30
76,116,1.5852810129096616e-30
76,117,8.757914052903323e-31
76,118,9.585563732797169e-31
76,119,1.0047626193886484e-30
76,120,8.542285776365909e-31
76,121,8.810069752308138e-31
76,122,1.1450118403748221e-30
76,123,8.028705630336411e-31
76,124,6.637518730460994e-31
76,125,1.425370559425572e-30
76,126,1.245687646099139e-30
76,127,6.59003676577962e-31
76,128,1.631410182590973e-30
76,129,8.30708380035278e-31
76,130,4.5888248186150276e-32
76,131,4.684575856393935e-31
76,132,7.896677043829028e-31
76,133,6.277866212167305e-31
76,134,1.5016378122767362e-30
76,135,2.6639209265266338e-30
76,136,3.237531720517142e-30
76,137,1.7391192309809758e-30
76,138,6.248618357290408e-31
76,139,6.446433259318271e-31
76,140,2.7059222178560164e-31
76,141,6.435193163427754e-31
76,142,4.755167847018805e-16
76,143,2.7547639252695976e-30
76,144,1.4054647108691116e-30
76,145,1.6467079939568578e-30
76,146,2.9005575295919415e-31
76,147,1.940326179084924e-31
76,148,5.3631752576063815e-31
76,149,8.316151403760635e-31
77,78,3.1286013389218835e-30
77,79,2.964595297775905e-31
77,80,4.106522808263194e-31
77,81,9.122936790219399e-31
77,82,1.5075634948079646e-30
77,83,5.6935096917194196e-31
77,84,7.770763645235689e-31
77,85,3.822304478249949e-31
77,86,1.4185072748649075e-30
77,87,1.2454660569251845e-30
77,88,4.4779515488968695e-31
77,89,4.711845210738183e-31
77,90,3.975686905661363e-31
77,91,5.3053154649362485e-31
77,92,3.766525870873421e-31
77,93,4.719564309147765e-31
77,94,5.248878579788452e-31
77,95,9.23387886903594e-31
77,96,1.0899684603137398e-30
77,97,4.957412716471389e-31
77,98,1.7264170405465999e-31
77,99,5.574379427806665e-31
77,100,7.129788092755299e-31
77,101,8.889504536099076e-31
77,102,7.452969111063455e-31
77,103,1.4809989886218347e-30
77,104,7.302725992303989e-31
77,105,1.0649767252538343e-30
77,106,2.86613261173286e-31
77,107,3.3103687685155793e-16
77,108,4.839397248470864e-31
77,109,7.142473666724544e-31
77,110,6.992111302163447e-31
77,111,7.522870713014304e-32
77,112,8.291813475281297e-31
77,113,3.120811787909869e-31
77,114,7.6437958264863255e-31
77,115,8.795712433049762e-31
77,116,1.4068449185796367e-30
77,117,7.236842232131318e-31
77,118,1.0497087441877149e-30
77,119,8.21250041795399e-31
77,120,7.00520865559059e-31
77,121,6.366801424187677e-31
77,122,1.045987426602523e-30
77,123,6.321681949536598e-31
77,124,5.480807670365611e-31
77,125,1.0418944153709856e-30
77,126,1.032532008186344e-30
77,127,4.683836006677798e-31
77,128,1.2003642921255007e-30
77,129,5.816519342171637e-31
77,130,3.307492825404009e-32
77,131,3.13360053984902e-31
77,132,5.295666474449409e-31
77,133,4.026905777356724e-31
77,134,1.101313663751381e-30
77,135,1.7689500440655053e-30
77,136,3.063711296010391e-30
77,137,1.4331216144403169e-30
77,138,6.005532284326574e-31
77,139,3.922916592281738e-31
77,140,2.4539610462743514e-31
77,141,6.891007188100062e-31
77,142,4.384153453335567e-31
77,143,2.0620378745329633e-30
77,144,7.112576501003349e-31
77,145,1.1172897863762757e-30
77,146,3.0167615528239753e-31
77,147,2.0250275679861814e-31
77,148,2.6875492238972613e-31
77,149,5.424025005681847e-31
78,79,1.9491202351850644e-30
78,80,4.708232540975124e-16
78,81,3.3326590068513806e-16
78,82,3.600376679174181e-16
78,83,5.4535744326775e-16
78,84,6.192152362387412e-30
78,85,3.554461207374237e-16
78,86,6.767867519056288e-16
78,87,1.3069561396875122e-15
78,88,2.0014830212433622e-16
78,89,3.5352624893058475e-30
78,90,3.8977167380512074e-30
78,91,2.1854762094519253e-16
78,92,3.3307262487979907e-16
78,93,4.964530374751113e-16
78,94,4.654751537338636e-16
78,95,1.7374353311630884e-15
78,96,2.480120928153143e-30
78,97,3.1244879952497995e-30
78,98,9.295882065311347e-31
78,99,3.164634408972394e-16
78,100,2.931395968475176e-30
78,101,1.6883057536160666e-16
78,102,3.497389428943034e-30
78,103,2.310766273514814e-16
78,104,7.179093950114561e-16
78,105,2.7755575615628953e-16
78,106,2.559990624185821e-30
78,107,1.3973990188544264e-15
78,108,3.615062434807641e-30
78,109,5.391391071482791e-16
78,110,5.424910629133826e-30
78,111,5.3264944864252895e-31
78,112,8.648549094239906e-16
78,113,1.8062261957389074e-30
78,114,3.233511591120541e-30
78,115,2.1183523716375198e-16
78,116,4.532112405588589e-16
78,117,1.272984482336525e-16
78,118,1.689731085869608e-16
78,119,3.279132144448736e-16
78,120,5.418116571034844e-16
78,121,1.4026676786476236e-16
78,122,4.4256957380796766e-16
78,123,4.343140112892825e-30
78,124,3.6761273164235564e-30
78,125,9.975263586378458e-16
78,126,4.783309287441109e-16
78,127,1.06963252228495e-15
78,128,4.2486207648799883e-16
78,129,5.585169809382291e-16
78,130,1.4127787015197035e-31
78,131,2.3877547577998353e-30
78,132,4.425029965770488e-30
78,133,1.0158337472311287e-15
78,134,8.207646530544842e-30
78,135,6.702774677468759e-16
78,136,2.347414193431735e-15
78,137,4.720615760976038e-16
78,138,4.573359597052805e-16
78,139,2.3263411494723117e-16
78,140,1.1820148658234747e-30
78,141,5.982457822648519e-16
78,142,8.286169574877202e-16
78,143,3.864035700386583e-16
78,144,2.129757250389292e-16
78,145,2.779024842816755e-16
78,146,1.5141240536692706e-30
78,147,9.554521172636532e-31
78,148,2.5326745043951897e-30
78,149,4.5830104983074574e-30
79,80,6.487215319658559e-31
79,81,7.779019312853964e-31
79,82,9.340355971087803e-31
79,83,4.017179413219763e-31
79,84,6.589847871413781e-31
79,85,3.817765561076951e-31
79,86,1.0505630373536617e-30
79,87,7.312482586882675e-31
79,88,4.821788914228052e-31
79,89,3.9276309686788195e-31
79,90,3.384339318353979e-31
79,91,4.565365233216751e-31
79,92,3.118843036735035e-31
79,93,3.1545434822078518e-31
79,94,4.153200101559144e-31
79,95,1.0057369800783614e-30
79,96,7.373627604476535e-31
79,97,3.7928423437733792e-31
79,98,5.7803672343110725e-31
79,99,5.9182153966214365e-31
79,100,4.773980659183655e-31
79,101,8.698989592998158e-31
79,102,5.367973928759594e-31
79,103,9.84749858366734e-31
79,104,5.8109892393300475e-31
79,105,8.921748365192e-31
79,106,1.854610091843084e-31
79,107,2.288783399261116e-16
79,108,3.1591834310179012e-31
79,109,4.494615037242646e-31
79,110,6.403339709136771e-31
79,111,5.049904368124823e-32
79,112,8.00712924764864e-31
79,113,2.838890419651138e-31
79,114,6.750499277569411e-31
79,115,6.346774572123086e-31
79,116,1.2243444964161914e-30
79,117,4.892591179935319e-31
79,118,8.261466022157758e-31
79,119,7.06348082313111e-31
79,120,6.357915189477581e-31
79,121,5.148041403343121e-31
79,122,9.233961248963112e-31
79,123,4.583198046045709e-31
79,124,6.3921464160724545e-31
79,125,6.983187051333971e-31
79,126,8.039243906973268e-31
79,127,4.0724223745624005e-31
79,128,8.673869950410397e-31
79,129,7.106209548651916e-31
79,130,2.2867949770304626e-32
79,131,1.3709345483587353e-31
79,132,3.682045506877882e-31
79,133,5.422114104056872e-31
79,134,7.287623149503675e-31
79,135,1.2100623857954988e-30
79,136,2.953863507270135e-30
79,137,1.0567695202187737e-30
79,138,6.261475065244554e-31
79,139,3.639065417814169e-31
79,140,1.9569296013578421e-31
79,141,5.240385196920658e-31
79,142,6.432246110830874e-16
79,143,1.695771310729977e-30
79,144,3.7773998686901374e-31
79,145,8.501978714732505e-31
79,146,2.720295885589725e-31
79,147,1.5681434602901187e-31
79,148,1.1229373388652409e-31
79,149,3.915667496165101e-31
80,81,5.4568596920534815e-31
80,82,7.807644370965177e-31
80,83,9.585233971506336e-31
80,84,9.114971372871016e-31
80,85,6.123957189087844e-31
80,86,4.0818753206531776e-16
80,87,7.98550093461065e-31
80,88,4.21016502017088e-31
80,89,1.2513006171410181e-30
80,90,8.615546941902005e-31
80,91,1.2508532632565053e-30
80,92,4.614383677201097e-31
80,93,7.2598750977177745e-31
80,94,7.59381925291261e-31
80,95,2.964296775167216e-16
80,96,2.2040684071411892e-30
80,97,5.490287429624651e-31
80,98,4.7288131305129465e-31
80,99,1.077914486251935e-30
80,100,1.3947449558491556e-30
80,101,8.150039092541648e-31
80,102,1.895761263406217e-30
80,103,1.04907693478828e-30
80,104,5.558103741024043e-31
80,105,1.5679400305135657e-30
80,106,6.900918954921659e-31
80,107,8.362806634843155e-16
80,108,2.5258674324408363e-31
80,109,5.583544463009587e-31
80,110,1.7965665748942347e-30
80,111,4.2089391271059177e-32
80,112,2.0396837025456299e-16
80,113,2.904117410204377e-31
80,114,1.090023178581612e-30
80,115,9.374039449782405e-31
80,116,1.1851411196778025e-30
80,117,6.8235737489572e-31
80,118,1.741366763923868e-30
80,119,6.761765884863194e-31
80,120,1.5200438261400953e-30
80,121,4.256446471831986e-31
80,122,2.2782848922850966e-30
80,123,4.1263137342933495e-31
80,124,6.854282342927066e-31
80,125,9.512315093611929e-31
80,126,1.2265892786696063e-30
80,127,7.074892510764268e-31
80,128,6.579216475485934e-31
80,129,5.847062007896971e-16
80,130,8.355541294388152e-32
80,131,2.768364996120086e-31
80,132,6.90624860032612e-31
80,133,6.628567192495912e-31
80,134,5.997931522630192e-31
80,135,1.4117047251268288e-30
80,136,6.06687298723891e-16
80,137,1.2906583666353772e-30
80,138,6.050054605929085e-31
80,139,4.550656755053568e-31
80,140,5.3647999897623325e-31
80,141,1.734723475976866e-18
80,142,8.651384424688868e-16
80,143,1.2699700184476876e-30
80,144,1.283543125382431e-30
80,145,5.969206978650663e-31
80,146,4.55909337982378e-31
80,147,2.617936803245993e-31
80,148,6.121751390768945e-31
80,149,3.0144683284812482e-31
81,82,3.26327109927561e-30
81,83,9.031183247293762e-31
81,84,1.8316071655431185e-30
81,85,6.194507517404523e-31
81,86,2.6172209134038264e-30
81,87,2.5760539812758417e-30
81,88,9.351147459147208e-31
81,89,8.194030723288282e-31
81,90,9.103107966774327e-31
81,91,6.053845053931271e-31
81,92,6.530822211287126e-31
81,93,1.0386914442392183e-30
81,94,1.3101047857129114e-30
81,95,1.849233914275905e-30
81,96,1.0836726671340491e-30
81,97,9.641965692974963e-31
81,98,6.041265196907149e-31
81,99,1.3039789204021876e-30
81,100,9.535166656508699e-31
81,101,1.8539240271495692e-30
81,102,5.926947780778259e-31
81,103,3.1318158688476587e-30
81,104,1.8067272771961596e-30
81,105,1.7812516968269918e-30
81,106,5.300372185553373e-31
81,107,2.506660416483125e-16
81,108,1.0327453284307754e-30
81,109,1.3561932925140305e-30
81,110,1.3183272708209155e-30
81,111,1.5677285643991857e-31
81,112,9.661994321540155e-31
81,113,6.391162023896955e-31
81,114,1.2683467508445026e-30
81,115,1.7797961092590258e-30
81,116,2.650452648829936e-30
81,117,1.303066313253557e-30
81,118,1.6619798584373128e-30
81,119,1.672795991578973e-30
81,120,1.14074107934777e-30
81,121,1.479271816494851e-30
81,122,1.209416178887522e-30
81,123,1.3045897018498738e-30
81,124,1.2595472010239003e-30
81,125,2.2089299536446415e-30
81,126,2.057671231479652e-30
81,127,9.202003821868767e-31
81,128,2.6793605741308517e-30
81,129,1.1924423931897288e-30
81,130,2.5044827096287106e-32
81,131,5.894897258805142e-31
81,132,1.2298624587210938e-30
81,133,9.945086297814676e-31
81,134,2.3752820721626255e-30
81,135,4.08699189449084e-30
81,136,3.841574102560936e-30
81,137,2.8456190623078104e-30
81,138,1.2355470091998705e-30
81,139,7.909067946568687e-31
81,140,3.2646470420111854e-31
81,141,6.724624738978315e-31
81,142,2.986345483819341e-16
81,143,4.626971001915582e-30
81,144,1.5346160423444413e-30
81,145,2.708672254056327e-30
81,146,5.405078894049144e-31
81,147,3.4126553941605093e-31
81,148,5.367761498358856e-31
81,149,1.2754800674426167e-30
82,83,1.665693315432263e-30
82,84,2.8463756104711988e-30
82,85,9.728984902081223e-31
82,86,4.3303399782311855e-30
82,87,4.446130970122279e-30
82,88,1.3375452649872531e-30
82,89,1.6963511181221645e-30
82,90,1.81176869589173e-30
82,91,1.2914258536408741e-30
82,92,1.16788767836322e-30
82,93,1.7156067466943436e-30
82,94,2.125655242346478e-30
82,95,3.5997440576830606e-30
82,96,1.8903427891246755e-30
82,97,1.4961872034509621e-30
82,98,5.7527154503308105e-31
82,99,1.9359842862572695e-30
82,100,1.3992793132841533e-30
82,101,2.995130381959317e-30
82,102,2.0421076280090887e-30
82,103,5.138083023513188e-30
82,104,2.7795603246453447e-30
82,105,2.5014597947798536e-30
82,106,1.2221793080882323e-30
82,107,8.71570374849292e-16
82,108,1.696412079973614e-30
82,109,2.3520600639774256e-30
82,110,2.5398786550762606e-30
82,111,2.522777832232093e-31
82,112,1.950327810265225e-30
82,113,8.915874249192347e-31
82,114,1.7562547684571818e-30
82,115,3.199395799948198e-30
82,116,4.355530391103775e-30
82,117,2.1837922410166555e-30
82,118,2.49599292568832e-30
82,119,2.6167043290510588e-30
82,120,1.780259943231532e-30
82,121,2.3450359632206063e-30
82,122,1.9797565628391493e-30
82,123,2.0664445859719965e-30
82,124,1.7007488939752313e-30
82,125,3.384375530183283e-30
82,126,3.2247329061483106e-30
82,127,1.572877969489236e-30
82,128,4.2405970608798095e-30
82,129,1.9444477140189517e-30
82,130,8.708131822248212e-32
82,131,1.1249145732896088e-30
82,132,1.9775658245842473e-30
82,133,1.2703387844359357e-30
82,134,3.849963358245028e-30
82,135,6.456214989088999e-30
82,136,5.7308339308142585e-30
82,137,4.23523291235166e-30
82,138,1.701696142605747e-30
82,139,1.6040737802232654e-30
82,140,5.516082941177511e-31
82,141,1.1898399532386189e-30
82,142,6.071829539803694e-16
82,143,7.026443625302337e-30
82,144,3.2092473917315195e-30
82,145,4.126062702753861e-30
82,146,7.502547895136647e-31
82,147,4.982651113480055e-31
82,148,1.1946904295193877e-30
82,149,2.1142983415682533e-30
83,84,9.878154183654507e-31
83,85,5.6397930707817724e-31
83,86,1.7727902648899492e-30
83,87,1.5412958773026616e-30
83,88,7.114684226664048e-31
83,89,1.3165890585353626e-30
83,90,9.54137620950003e-31
83,91,1.3257225216497058e-30
83,92,5.299752742573861e-31
83,93,9.041331141992847e-31
83,94,8.704990660271196e-31
83,95,3.550593769890259e-16
83,96,2.3385492582329746e-30
83,97,5.841758120658742e-31
83,98,7.330394945340244e-31
83,99,1.1596992606056189e-30
83,100,1.5036847036629762e-30
83,101,1.114772147089569e-30
83,102,1.9814000349237297e-30
83,103,1.5752620332027457e-30
83,104,8.329666054406753e-31
83,105,1.59747478948697e-30
83,106,7.7868398510153895e-31
83,107,8.749376912511389e-16
83,108,5.169172326731688e-31
83,109,9.265230673869343e-31
83,110,1.908586321544377e-30
83,111,7.92881786513857e-32
83,112,1.8869360756340886e-30
83,113,3.304399285915289e-31
83,114,1.1047881512129025e-30
83,115,1.0201100939072471e-30
83,116,1.6337921086769218e-30
83,117,9.689045909430984e-31
83,118,1.764060373098306e-30
83,119,8.635347849059393e-31
83,120,1.5646828405599721e-30
83,121,7.983488761999986e-31
83,122,2.313348822385535e-30
83,123,6.543815175568132e-31
83,124,5.968751896422732e-31
83,125,1.1475329807035307e-30
83,126,9.08862670131833e-16
83,127,8.154659777896863e-31
83,128,1.2717677341239251e-30
83,129,1.7007585712434683e-30
83,130,8.74177573209264e-32
83,131,4.026953635797505e-31
83,132,8.000809250497197e-31
83,133,9.561111499824686e-31
83,134,1.1708456896928879e-30
83,135,1.831724466996151e-30
83,136,6.779031789213792e-30
83,137,1.5360013759481701e-30
83,138,8.898945765528732e-31
83,139,6.234654058000526e-31
83,140,5.504497581510988e-31
83,141,1.7775626050888634e-16
83,142,5.278578546391288e-16
83,143,2.0374612577778774e-30
83,144,1.5673887210653403e-30
83,145,1.1572134583479915e-30
83,146,4.551949037652035e-31
83,147,2.8001172219790737e-31
83,148,6.997839311994603e-31
83,149,6.517747628152145e-31
84,85,7.030678941089956e-31
84,86,2.2759436561464785e-30
84,87,2.3031369209086164e-30
84,88,7.818783881014762e-31
84,89,1.6395388229659462e-30
84,90,1.3398192849860848e-30
84,91,1.5653350425634332e-30
84,92,5.706339322394938e-31
84,93,1.0643199142223639e-30
84,94,1.2816930395784467e-30
84,95,2.7494939086114042e-30
84,96,2.6074129614755657e-30
84,97,8.336946852442757e-31
84,98,6.018795954515239e-31
84,99,1.3491771567783408e-30
84,100,1.6039382551494376e-30
84,101,1.6218441079653665e-30
84,102,2.45524473120583e-30
84,103,2.69615621662324e-30
84,104,1.5489233034609455e-30
84,105,1.9500184261310865e-30
84,106,1.047185908631618e-30
84,107,1.0778315928076987e-15
84,108,8.941760536717672e-31
84,109,1.176608391614679e-30
84,110,2.3864792717436164e-30
84,111,1.3350348556794745e-31
84,112,2.290627416212519e-30
84,113,5.651275924992061e-31
84,114,1.444437537484855e-30
84,115,1.7395338434725617e-30
84,116,2.38828711500713e-30
84,117,1.1061653958143436e-30
84,118,2.0742127965215452e-30
84,119,1.4407615949475504e-30
84,120,1.933836644646355e-30
84,121,1.271475127270198e-30
84,122,2.8010779514042296e-30
84,123,1.1103450893175502e-30
84,124,1.0808910069868414e-30
84,125,1.765067441963822e-30
84,126,1.7529653129453583e-30
84,127,8.425071217848433e-31
84,128,2.3076109593229997e-30
84,129,1.78216438307334e-30
84,130,1.076895206996471e-31
84,131,5.626117398956712e-31
84,132,1.1399205213007353e-30
84,133,7.077105187402479e-31
84,134,2.0415012304981745e-30
84,135,3.404681451543631e-30
84,136,8.107935785114464e-30
84,137,2.395116149529225e-30
84,138,1.0885352153796815e-30
84,139,8.795663034930341e-31
84,140,6.606744017367653e-31
84,141,1.659449450121489e-30
84,142,1.4511490526704159e-30
84,143,3.943698733568809e-30
84,144,2.274249399500684e-30
84,145,2.288934672529383e-30
84,146,5.787793794126645e-31
84,147,3.5389772692579267e-31
84,148,9.584364991318122e-31
84,149,1.1723748428613582e-30
85,86,1.185887041958582e-30
85,87,1.006670141834992e-30
85,88,3.694071400060558e-31
85,89,8.302829311954293e-31
85,90,6.758242464167045e-31
85,91,8.863031578032137e-31
85,92,5.369528602336628e-31
85,93,5.3545323705378236e-31
85,94,5.21214715026478e-31
85,95,1.2262057511908744e-30
85,96,1.568862013728395e-30
85,97,4.637882157304382e-31
85,98,6.307123528905684e-31
85,99,7.275676003230357e-31
85,100,9.568059473078564e-31
85,101,6.92847571016321e-31
85,102,1.3553927734055e-30
85,103,1.0273349209724035e-30
85,104,5.161591064516751e-31
85,105,1.2273553900249932e-30
85,106,4.805285767777518e-31
85,107,5.99160530770995e-16
85,108,3.1676135274601665e-31
85,109,5.2663202329160995e-31
85,110,1.3378216932263754e-30
85,111,5.124566278902726e-32
85,112,1.390271511895753e-30
85,113,2.895770180093802e-31
85,114,9.12305415233975e-31
85,115,6.967604919335525e-31
85,116,1.1019767679867349e-30
85,117,5.969462847909375e-31
85,118,1.3023587152872926e-30
85,119,6.2571300450840515e-31
85,120,1.1436118610950134e-30
85,121,4.418608023148382e-31
85,122,1.7485373427010616e-30
85,123,4.519142696819539e-31
85,124,6.707888867964964e-31
85,125,8.198630004400195e-31
85,126,9.119121434126872e-31
85,127,7.2122562794329125e-31
85,128,7.702801090502782e-31
85,129,8.859095296713413e-31
85,130,5.986399991560326e-32
85,131,2.602070443775208e-31
85,132,4.593598993361348e-31
85,133,6.0372548644722105e-31
85,134,7.275661756099796e-31
85,135,1.2483253167539737e-30
85,136,5.5648103369594205e-30
85,137,1.179417323881188e-30
85,138,5.477059494224007e-31
85,139,3.710918210428433e-31
85,140,3.9246535992891346e-31
85,141,1.0450983128340233e-30
85,142,3.6952460412948873e-16
85,143,1.4028170402984134e-30
85,144,9.863538455596791e-31
85,145,6.735236481335123e-31
85,146,3.7073853709229984e-31
85,147,2.158512220756787e-31
85,148,4.307843076784982e-31
85,149,3.1405186298410584e-31
86,87,3.699789732752213e-30
86,88,1.2874974154921546e-30
86,89,2.1238584036668417e-30
86,90,1.6281426028814767e-30
86,91,2.1383336217529317e-30
86,92,1.1175302535528833e-30
86,93,1.3736067743183865e-30
86,94,1.6157132916058324e-30
86,95,3.4890050424699915e-16
86,96,3.974991856863517e-30
86,97,1.4757613120357184e-30
86,98,9.768193474532136e-31
86,99,1.975864696519348e-30
86,100,2.491520006846557e-30
86,101,2.51643329318418e-30
86,102,3.2120788671340876e-30
86,103,4.3268848855757035e-30
86,104,2.144525394062345e-30
86,105,3.4390183640776474e-30
86,106,1.2571113944583037e-30
86,107,1.414672046726404e-15
86,108,1.420866745520187e-30
86,109,2.0801054683955888e-30
86,110,2.978136626506194e-30
86,111,2.200754004085192e-31
86,112,3.243308630173886e-30
86,113,9.495749636117106e-31
86,114,2.4649513320265627e-30
86,115,2.7480747141438982e-30
86,116,4.374448655697879e-30
86,117,2.055544650635757e-30
86,118,3.4754891822583575e-30
86,119,2.4346535699701347e-30
86,120,2.708475423555055e-30
86,121,1.7536000551372174e-30
86,122,4.017441649633644e-30
86,123,1.872663933793973e-30
86,124,1.7227991966150213e-30
86,125,3.016226527482464e-30
86,126,2.8330748519412986e-16
86,127,1.4197540928922482e-30
86,128,1.1882578826086723e-16
86,129,7.468120561018649e-16
86,130,1.4134430246408258e-31
86,131,9.278782693218287e-31
86,132,1.5051904158471583e-30
86,133,1.4057880877432715e-30
86,134,3.242440679871084e-30
86,135,5.2190533826032466e-30
86,136,1.2567082540293118e-29
86,137,4.482765029531565e-30
86,138,1.8274681247407225e-30
86,139,1.2815605732341877e-30
86,140,9.340822427801953e-31
86,141,3.028769563099751e-16
86,142,8.490631988855801e-16
86,143,6.355835074344111e-30
86,144,2.779023104139817e-30
86,145,3.296965613900869e-30
86,146,9.767456806985802e-31
86,147,6.30259192491475e-31
86,148,1.1399979659392635e-30
86,149,1.6363906931248657e-30
87,88,1.1087423408562032e-30
87,89,1.5668185538837135e-30
87,90,1.6008058542150764e-30
87,91,1.331969272373714e-30
87,92,1.1672329622772582e-30
87,93,1.3592244761915678e-30
87,94,1.7407295663985157e-30
87,95,4.109794007948624e-16
87,96,2.0239522388874085e-30
87,97,1.2228730281945595e-30
87,98,7.492968482264922e-31
87,99,1.5410619968418052e-30
87,100,1.2503174078670078e-30
87,101,2.4217139561648505e-30
87,102,2.10087637212428e-30
87,103,4.177542100472425e-30
87,104,2.3316275946371437e-30
87,105,2.168215462958551e-30
87,106,1.1185721952398536e-30
87,107,9.073250546129117e-16
87,108,1.3928051683099665e-30
87,109,2.0098187776524834e-30
87,110,2.315532527261435e-30
87,111,2.065401609804396e-31
87,112,2.1653455992189188e-30
87,113,7.24604915158447e-31
87,114,1.490703141860481e-30
87,115,2.6929622041599523e-30
87,116,3.695286280393967e-30
87,117,1.8596139791586793e-30
87,118,2.076273993699346e-30
87,119,2.1088436203228935e-30
87,120,1.5901794316659737e-30
87,121,1.8891532098175942e-30
87,122,2.243447103158084e-30
87,123,1.6964026893234123e-30
87,124,1.3891426649462946e-30
87,125,2.6464971200537483e-30
87,126,2.6526877146854846e-30
87,127,1.931753292815367e-30
87,128,3.493649167666139e-30
87,129,1.6012438525993283e-30
87,130,9.065367994597127e-32
87,131,9.58695105588664e-31
87,132,1.6285433569282522e-30
87,133,1.7817371987782174e-30
87,134,3.1511533303439847e-30
87,135,5.3983591353881244e-30
87,136,7.993252891023682e-30
87,137,3.490985110171982e-30
87,138,1.3986620928712368e-30
87,139,1.4372752725094794e-30
87,140,5.345814433392625e-31
87,141,2.3724523730671017e-16
87,142,8.068534374045242e-16
87,143,5.796077177313709e-30
87,144,2.8795678012488204e-30
87,145,3.298874400520705e-30
87,146,6.162803860574969e-31
87,147,4.158878761009788e-31
87,148,1.07693965335677e-30
87,149,1.7363416405892443e-30
88,89,4.011022336145798e-31
88,90,3.4613811051293266e-31
88,91,4.839937516155409e-31
88,92,3.8644908865135908e-31
88,93,4.495429414198142e-31
88,94,5.069478047626768e-31
88,95,9.906330792299052e-31
88,96,1.0343309812045237e-30
88,97,4.739663151414252e-31
88,98,8.143972038751286e-31
88,99,6.359450412508046e-31
88,100,6.847778074419314e-31
88,101,8.286761256723811e-31
88,102,6.193429513950297e-31
88,103,1.3319678543435372e-30
88,104,7.187311942407354e-31
88,105,1.0466080711116417e-30
88,106,2.10339295709016e-31
88,107,2.7651296315394177e-16
88,108,4.338945094671897e-31
88,109,6.5971460738502605e-31
88,110,6.589442478999297e-31
88,111,6.844723591797019e-32
88,112,8.023410805059413e-31
88,113,3.2352518115086087e-31
88,114,7.671900588927856e-31
88,115,7.619968391392743e-31
88,116,1.2932104825811626e-30
88,117,7.02649730444985e-31
88,118,1.0160679720448108e-30
88,119,7.616547163464477e-31
88,120,7.076786340397807e-31
88,121,6.245206469088926e-31
88,122,1.0119070068266847e-30
88,123,5.849202934780618e-31
88,124,6.764972783789968e-31
88,125,9.397845083244117e-31
88,126,9.833334655302913e-31
88,127,6.517592247488848e-31
88,128,1.1252893428460187e-30
88,129,8.680903198538991e-31
88,130,2.762727374850659e-32
88,131,2.9881435122802155e-31
88,132,4.989639196941876e-31
88,133,7.117757608029116e-31
88,134,9.926689329461025e-31
88,135,1.626281154019644e-30
88,136,2.9898567777546527e-30
88,137,1.3519296465758442e-30
88,138,6.5181662249830555e-31
88,139,3.9130353965078033e-31
88,140,2.3461888163110823e-31
88,141,6.747198396684116e-31
88,142,2.498016863724723e-16
88,143,2.006772438652095e-30
88,144,4.718160658665511e-31
88,145,1.0704850482277844e-30
88,146,3.0728924362074056e-31
88,147,1.965498745437709e-31
88,148,1.672389590453618e-31
88,149,4.891123961003207e-31
89,90,1.69598238254165e-30
89,91,2.1388194912066116e-30
89,92,6.760543941519672e-31
89,93,1.3316812410857684e-30
89,94,1.3795976275145463e-30
89,95,3.615671053936024e-30
89,96,3.4780737220620074e-30
89,97,8.03135510274659e-31
89,98,8.208197718457662e-31
89,99,1.8426851157054625e-30
89,100,2.1592867029435236e-30
89,101,9.467983153621674e-31
89,102,3.3395779314102895e-30
89,103,1.7905546107065765e-30
89,104,9.52938712868628e-31
89,105,2.157417950908243e-30
89,106,1.3381399399288348e-30
89,107,1.4669812949926447e-15
89,108,4.601075406822499e-31
89,109,8.46996135861553e-31
89,110,3.1978073245804305e-30
89,111,5.546678239835241e-32
89,112,3.1205388643645253e-30
89,113,3.469238491665849e-31
89,114,1.5513901679027376e-30
89,115,1.743571520816475e-30
89,116,1.153437149979416e-30
89,117,5.278926950290185e-31
89,118,2.6718475137215705e-30
89,119,6.240519339560119e-31
89,120,2.6362315668305216e-30
89,121,7.2083032309546815e-31
89,122,3.7768914523609376e-30
89,123,4.48535617621981e-31
89,124,1.0370060516378194e-30
89,125,7.630365185503786e-31
89,126,1.8924976638911675e-30
89,127,1.0562404416905208e-30
89,128,1.1624954862257667e-30
89,129,2.3877605436373187e-30
89,130,1.4657068282956817e-31
89,131,5.496401344431755e-31
89,132,1.2547778381885927e-30
89,133,9.773303952566458e-31
89,134,9.779882695476097e-31
89,135,1.9328216944272655e-30
89,136,1.0913866022247948e-29
89,137,1.2259858590341095e-30
89,138,7.343166834601886e-31
89,139,8.171950680652758e-31
89,140,8.99031350136914e-31
89,141,2.2498265928256076e-30
89,142,1.6653345369377348e-16
89,143,1.7271179840030093e-30
89,144,2.6913582357739413e-30
89,145,1.2452052676810976e-30
89,146,6.874197517442676e-31
89,147,3.510777449483271e-31
89,148,1.205536518139491e-30
89,149,8.09332788187048e-31
90,91,1.6197023813743635e-30
90,92,5.98808537945126e-31
90,93,1.0717224502634452e-30
90,94,1.1376530091558324e-30
90,95,2.8333578709141868e-30
90,96,2.4800884982004445e-30
90,97,6.042278166465833e-31
90,98,7.408160143695241e-31
90,99,1.3666434614720502e-30
90,100,1.5253393400555022e-30
90,101,9.163463125280223e-31
90,102,2.5750872286131514e-30
90,103,1.7603544445864743e-30
90,104,9.630859626773784e-31
90,105,1.4757765368594094e-30
90,106,1.0860422272248816e-30
90,107,1.1270951119217135e-15
90,108,5.217311532183491e-31
90,109,7.837895746519527e-31
90,110,2.5127009486235364e-30
90,111,6.580257511728905e-32
90,112,2.4089759213563683e-30
90,113,2.609202055940015e-31
90,114,1.093734820522384e-30
90,115,1.5448216370194734e-30
90,116,1.0466694769418472e-30
90,117,4.9912983729592185e-31
90,118,1.9233094328809443e-30
90,119,6.357997977755793e-31
90,120,2.0144368481310264e-30
90,121,7.458031568383937e-31
90,122,2.845789973416453e-30
90,123,5.3440726274423845e-31
90,124,8.349009900451903e-31
90,125,8.710914717282192e-31
90,126,1.3739079354783936e-30
90,127,8.728268922902903e-31
90,128,1.2716969502605398e-30
90,129,1.761076040043339e-30
90,130,1.1261159275317306e-31
90,131,5.122067076834058e-31
90,132,1.0148482860333246e-30
90,133,7.494034299943698e-31
90,134,1.1258637448059022e-30
90,135,2.1114311439824033e-30
90,136,8.133725211943083e-30
90,137,9.890195006413767e-31
90,138,5.079271081190367e-31
90,139,7.736237445165782e-31
90,140,6.7758866831854375e-31
90,141,1.60416230964821e-30
90,142,1.599285246455274e-30
90,143,2.023831500293856e-30
90,144,2.310329064773875e-30
90,145,1.3387280046414729e-30
90,146,4.958024108299299e-31
90,147,2.3553791008022668e-31
90,148,9.931908540713772e-31
90,149,8.177043265670851e-31
91,92,7.074234853477099e-31
91,93,1.3178245829956907e-30
91,94,1.2771499050460792e-30
91,95,8.201995740851433e-16
91,96,3.5916203873527035e-30
91,97,8.518697445768824e-31
91,98,8.75141663866712e-31
91,99,1.786907061123808e-30
91,100,2.2152622307390382e-30
91,101,1.0029793880370004e-30
91,102,3.310836034794078e-30
91,103,1.640117636689074e-30
91,104,7.107452612852232e-31
91,105,2.327649796106406e-30
91,106,1.2639524404460006e-30
91,107,1.4583773938516687e-15
91,108,3.38777363839881e-31
91,109,8.484766952641112e-31
91,110,3.1400684330116354e-30
91,111,4.801865170445053e-32
91,112,3.172001474051717e-30
91,113,4.063695666989638e-31
91,114,1.6952807585204974e-30
91,115,1.660770275955647e-30
91,116,1.345427883137914e-30
91,117,7.465423247798861e-31
91,118,2.780483607849261e-30
91,119,6.754034151064779e-31
91,120,2.6644975597219502e-30
91,121,6.001500600317993e-31
91,122,3.8621904941813165e-30
91,123,4.886150573357903e-31
91,124,1.1164201227291028e-30
91,125,8.656731408457189e-31
91,126,1.8968498991569023e-30
91,127,1.0572661368059813e-30
91,128,8.155627391087201e-31
91,129,2.317308517459889e-30
91,130,1.4571104019504009e-31
91,131,5.023265439506719e-31
91,132,1.1855003163735358e-30
91,133,9.582612080511718e-31
91,134,7.148821845701789e-31
91,135,1.4409451231627659e-30
91,136,1.1480576677162382e-29
91,137,1.4367687946942093e-30
91,138,8.63489558243943e-31
91,139,7.050429340091809e-31
91,140,9.094768418267201e-31
91,141,2.280220298998283e-30
91,142,2.691002896857604e-16
91,143,1.3760174099278131e-30
91,144,2.4928561203148073e-30
91,145,8.903852235782603e-31
91,146,7.300145015605721e-31
91,147,3.8912228127681015e-31
91,148,1.13930913458867e-30
91,149,6.26866909927772e-31
92,93,4.247042722635697e-31
92,94,4.40907341507897e-31
92,95,1.065318777130239e-30
92,96,1.2170859007808646e-30
92,97,3.8657564057046622e-31
92,98,5.782252134985681e-31
92,99,5.660080929398838e-31
92,100,7.385406791404049e-31
92,101,6.555781359998693e-31
92,102,1.0999751837879633e-30
92,103,1.1055741274848485e-30
92,104,5.787507713178134e-31
92,105,9.562290166472791e-31
92,106,4.315795107816944e-31
92,107,4.841836660612747e-16
92,108,3.6771093481850895e-31
92,109,5.665722884993916e-31
92,110,1.0795413024893372e-30
92,111,5.645129083188611e-32
92,112,1.1206545593252836e-30
92,113,2.493624697697007e-31
92,114,7.144928373702396e-31
92,115,7.867288249604784e-31
92,116,1.0406066565209867e-30
92,117,6.185298456341836e-31
92,118,1.0041079352357142e-30
92,119,5.973608458656249e-31
92,120,9.063638711597088e-31
92,121,4.59031112991211e-31
92,122,1.3688661916847023e-30
92,123,4.705781864085859e-31
92,124,5.2895455881604505e-31
92,125,7.596378181189581e-31
92,126,8.03700638812066e-31
92,127,7.168881683712358e-31
92,128,8.943961809627745e-31
92,129,6.822810807104651e-31
92,130,4.8376302268994166e-32
92,131,2.9858435907368837e-31
92,132,4.195842074728992e-31
92,133,5.272492048438712e-31
92,134,8.3601956056625e-31
92,135,1.473880082131074e-30
92,136,4.363658322824827e-30
92,137,1.104001370596451e-30
92,138,4.724477904969054e-31
92,139,4.2346137543313435e-31
92,140,3.070107757008646e-31
92,141,8.16958537329355e-31
92,142,2.7913555063624703e-16
92,143,1.5250144798811426e-30
92,144,9.642977352374638e-31
92,145,8.022068453894448e-31
92,146,2.8808078212115036e-31
92,147,1.7379331789436985e-31
92,148,3.940844180853183e-31
92,149,4.2579388790754065e-31
93,94,8.61259257614516e-31
93,95,1.1103670108893056e-16
93,96,2.2133109735346938e-30
93,97,5.281945096004394e-31
93,98,4.737744050430535e-31
93,99,1.0937559802294318e-30
93,100,1.3654957703862703e-30
93,101,9.238739613459296e-31
93,102,2.0618299712489192e-30
93,103,1.6191864235280693e-30
93,104,8.801533433370585e-31
93,105,1.4256404513260646e-30
93,106,8.373504128752474e-31
93,107,9.068394782219277e-16
93,108,5.247242727739989e-31
93,109,7.147459333776831e-31
93,110,1.987551345822267e-30
93,111,7.695222285397138e-32
93,112,1.9465465614219205e-30
93,113,3.257471697518443e-31
93,114,1.0458347822818941e-30
93,115,1.2334475844423837e-30
93,116,1.3783990338586894e-30
93,117,7.134040947848965e-31
93,118,1.6665603312585103e-30
93,119,8.171552120601446e-31
93,120,1.6586966880076918e-30
93,121,7.263464682790573e-31
93,122,2.353833818147142e-30
93,123,6.320740106082394e-31
93,124,6.250757652716122e-31
93,125,1.1449811285440672e-30
93,126,1.13634333713369e-30
93,127,5.990640867484565e-31
93,128,1.2971494460888032e-30
93,129,1.5506895956383413e-30
93,130,9.060516449220552e-32
93,131,3.9101811869092824e-31
93,132,8.09418819363826e-31
93,133,5.913454780839854e-31
93,134,1.184834903400477e-30
93,135,2.003503494752909e-30
93,136,6.334749448491681e-30
93,137,1.4181208703768671e-30
93,138,6.628539793938603e-31
93,139,6.213939562198284e-31
93,140,5.5623798027551465e-31
93,141,1.3576580114497212e-30
93,142,3.108641893579377e-16
93,143,2.1615329979523224e-30
93,144,1.758716197894055e-30
93,145,1.3395736114200387e-30
93,146,4.399936376727139e-31
93,147,2.511748171700644e-31
93,148,7.686180419422595e-31
93,149,7.187667091544904e-31
94,95,1.8955575127481337e-16
94,96,2.000696932670105e-30
94,97,5.356766901868488e-31
94,98,5.038003004799073e-31
94,99,1.1553908083790896e-30
94,100,1.2633665427175302e-30
94,101,1.1505390085977782e-30
94,102,2.013053929809512e-30
94,103,1.9554922116632237e-30
94,104,1.1762874105498729e-30
94,105,1.2942622610194004e-30
94,106,8.896845733616002e-31
94,107,8.807749891993858e-16
94,108,6.4199845711912e-31
94,109,8.983889324509887e-31
94,110,2.0028159530632293e-30
94,111,9.197238069532439e-32
94,112,1.8341800940908853e-30
94,113,3.473574449913167e-31
94,114,9.39356869694669e-31
94,115,1.4110124852103998e-30
94,116,1.5860336740606986e-30
94,117,7.439433026425184e-31
94,118,1.5171981918394924e-30
94,119,9.365318459865049e-31
94,120,1.5523737086043685e-30
94,121,9.576439312186427e-31
94,122,2.1883761152232294e-30
94,123,7.421254598074301e-31
94,124,6.6044104492747605e-31
94,125,1.1983046602864328e-30
94,126,1.2734408440758222e-30
94,127,7.764199018510025e-31
94,128,1.661651180984965e-30
94,129,1.528166946853064e-30
94,130,8.800097998986878e-32
94,131,4.608229199690716e-31
94,132,9.509582746291515e-31
94,133,6.187807323088336e-31
94,134,1.4702036440668823e-30
94,135,2.5550425785564556e-30
94,136,6.605012389821038e-30
94,137,1.4665929618987874e-30
94,138,7.106877497780495e-31
94,139,7.3130792565456304e-31
94,140,5.280203396155856e-31
94,141,1.284760549942866e-30
94,142,2.844100168142188e-16
94,143,2.6338081229757446e-30
94,144,1.9406592263548484e-30
94,145,1.6643539458562515e-30
94,146,3.9369053046487417e-31
94,147,2.254488344979662e-31
94,148,8.127192173248402e-31
94,149,8.97609559043088e-31
95,96,5.726411700145683e-30
95,97,1.3358974729653607e-30
95,98,1.392293813887096e-30
95,99,4.552261134122816e-16
95,100,3.569844173465239e-30
95,101,1.8424037361508252e-16
95,102,5.495424862952115e-30
95,103,3.460028908664054e-30
95,104,3.5490680379982403e-16
95,105,3.708112859821797e-30
95,106,2.2249826645553854e-30
95,107,2.459250094447068e-15
95,108,1.0910682888931523e-30
95,109,1.5737209609606383e-30
95,110,5.301456291442198e-30
95,111,1.5413697556518704e-31
95,112,5.551657197744829e-16
95,113,7.360106455086036e-31
95,114,2.6571104194347547e-30
95,115,7.849543536360103e-16
95,116,2.33157425111455e-16
95,117,1.4068257837356847e-30
95,118,4.447441670826307e-30
95,119,1.72133397193447e-30
95,120,4.448829379635899e-30
95,121,1.5718810165522719e-30
95,122,1.3018518929051702e-16
95,123,1.288663048997616e-30
95,124,1.774121327163283e-30
95,125,1.802884951844855e-30
95,126,6.120928925087334e-16
95,127,5.043960235719146e-16
95,128,5.551115123125793e-17
95,129,8.152612329304165e-16
95,130,2.4122063811970144e-31
95,131,9.632465212924537e-31
95,132,2.118687272575994e-30
95,133,4.559254613532184e-16
95,134,2.4330905252851186e-30
95,135,2.8681918887051146e-16
95,136,2.330489782960389e-15
95,137,2.37549462997806e-16
95,138,1.9074890394194908e-30
95,139,1.4537850670621998e-30
95,140,1.4783218559047222e-30
95,141,2.9887629252436625e-16
95,142,4.461969200334741e-16
95,143,4.35329193286764e-16
95,144,3.4254529899239987e-16
95,145,2.7236409294760736e-30
95,146,1.146470996168749e-30
95,147,6.126836856162639e-31
95,148,2.019427470330273e-30
95,149,1.6216135223764905e-30
96,97,1.5737198714836068e-30
96,98,1.2850734377735767e-30
96,99,2.999695465049072e-30
96,100,3.907325517579525e-30
96,101,1.9472273330374036e-30
96,102,5.445831889829564e-30
96,103,2.9031846597892646e-30
96,104,9.30980723705584e-31
96,105,4.328800876804825e-30
96,106,1.9459960060518132e-30
96,107,2.4073862150992854e-15
96,108,5.988018585706606e-31
96,109,1.5728855436029964e-30
96,110,5.1159691321537425e-30
96,111,9.392221481529729e-32
96,112,5.318896824782934e-30
96,113,8.238590495481064e-31
96,114,3.1439026738621234e-30
96,115,2.5885448222699765e-30
96,116,2.807664057175879e-30
96,117,1.5785605839597256e-30
96,118,4.95254004376195e-30
96,119,1.4727459625811113e-30
96,120,4.4887518035437505e-30
96,121,1.0674698455624944e-30
96,122,6.60260777162622e-30
96,123,1.0583690318961132e-30
96,124,1.9252112347029156e-30
96,125,1.9200405071367983e-30
96,126,3.409466687772286e-30
96,127,1.6828100363953828e-30
96,128,1.474251314272608e-30
96,129,3.8668047615336855e-30
96,130,2.4052947545139713e-31
96,131,7.800815956526473e-31
96,132,1.962924289451078e-30
96,133,1.6533571565420007e-30
96,134,1.1749179809958719e-30
96,135,2.011206997914023e-30
96,136,1.9104899571256297e-29
96,137,3.169179766694879e-30
96,138,1.7346753722375133e-30
96,139,8.936151308638916e-31
96,140,1.5455869736545753e-30
96,141,4.003485537175275e-30
96,142,4.996485457047449e-16
96,143,3.0354905594565985e-30
96,144,3.653913888866374e-30
96,145,1.1617582659626999e-30
96,146,1.3174662930850377e-30
96,147,7.433085826752587e-31
96,148,1.745922189483225e-30
96,149,6.671934004475954e-31
97,98,3.5504785381582506e-31
97,99,7.463479274013635e-31
97,100,9.753824042607062e-31
97,101,9.172481466141293e-31
97,102,1.2749976441971527e-30
97,103,1.4918125373891995e-30
97,104,7.544354029770065e-31
97,105,1.3240187066746209e-30
97,106,4.657839694168853e-31
97,107,5.640599496620646e-16
97,108,4.857708266526194e-31
97,109,7.090939002305962e-31
97,110,1.197203224673271e-30
97,111,7.629405630945805e-32
97,112,1.300476098478155e-30
97,113,3.6021539751474345e-31
97,114,9.718969919695352e-31
97,115,8.67010563849466e-31
97,116,1.473669674706041e-30
97,117,7.211056929529606e-31
97,118,1.3570415135008552e-30
97,119,8.639962464511076e-31
97,120,1.095246045836772e-30
97,121,6.591426242209639e-31
97,122,1.635007071114126e-30
97,123,6.5316684469505165e-31
97,124,6.786855975940447e-31
97,125,1.061842266263819e-30
97,126,1.1308382681973644e-30
97,127,4.401685640375205e-31
97,128,1.230789862896706e-30
97,129,8.726471124798005e-31
97,130,5.635699123157205e-32
97,131,2.9240735768949155e-31
97,132,5.360164803636029e-31
97,133,4.5262925774579105e-31
97,134,1.10804409382759e-30
97,135,1.7668146364109035e-30
97,136,4.790605474672545e-30
97,137,1.5336137701385733e-30
97,138,6.912750273806083e-31
97,139,3.979260290732266e-31
97,140,3.7702892655220503e-31
97,141,9.879657526588416e-31
97,142,7.910275305457648e-31
97,143,2.158300407238635e-30
97,144,9.68781050167491e-31
97,145,1.155221418638528e-30
97,146,3.8721135487393895e-31
97,147,2.420770868172749e-31
97,148,4.217698560934434e-31
97,149,5.537168676053194e-31
98,99,7.768070965305999e-31
98,100,7.630993155788319e-31
98,101,9.262204309969592e-31
98,102,1.317238234589269e-30
98,103,6.575372028381364e-31
98,104,2.6056853788212314e-31
98,105,9.048304042995958e-31
98,106,5.23939338503214e-31
98,107,5.768888059150689e-16
98,108,1.2809504699508458e-31
98,109,5.66556780753518e-31
98,110,1.287010230721319e-30
98,111,0.0
98,112,1.4535229695910513e-30
98,113,2.1170236846577324e-31
98,114,7.580055104524491e-31
98,115,7.306633672618496e-31
98,116,6.990602194765626e-31
98,117,4.641281672642961e-31
98,118,1.0690681249823496e-30
98,119,2.8982076055948523e-31
98,120,1.1152270916700618e-30
98,121,4.522048691362307e-31
98,122,1.588370160236755e-30
98,123,2.379037286530564e-31
98,124,7.936524067384516e-31
98,125,2.6823505858089233e-31
98,126,7.117413997342856e-31
98,127,8.641299110608563e-31
98,128,2.7103180622129562e-31
98,129,1.0139440300901723e-30
98,130,5.763876232663884e-32
98,131,2.8370692185594754e-31
98,132,4.127356801072635e-31
98,133,9.342058897999984e-31
98,134,2.992912217676333e-31
98,135,4.876220288359706e-31
98,136,4.69880126980153e-30
98,137,5.445358492993687e-31
98,138,6.929884979856702e-31
98,139,5.371737603247431e-31
98,140,3.569608151889374e-31
98,141,8.933990693312094e-31
98,142,1.033636169645961e-30
98,143,1.1339308671991104e-30
98,144,1.0717418236612862e-30
98,145,3.6883797921400286e-31
98,146,3.0890845092022754e-31
98,147,1.4321461633101962e-31
98,148,4.573908050831146e-31
98,149,3.3417859284483858e-31
99,100,1.849970763881981e-30
99,101,1.188555855020372e-30
99,102,2.750231807818877e-30
99,103,1.7938644675438075e-30
99,104,1.072509840651125e-30
99,105,2.0361081652338043e-30
99,106,1.0901034379105379e-30
99,107,1.2090611961511793e-15
99,108,5.911085408276436e-31
99,109,7.944048269424084e-31
99,110,2.5993228600437193e-30
99,111,8.909710789613313e-32
99,112,2.642569825826839e-30
99,113,4.684950878420345e-31
99,114,1.5000225692148534e-30
99,115,1.385453208765778e-30
99,116,1.7403465046493655e-30
99,117,7.808230245513777e-31
99,118,2.35159517314188e-30
99,119,1.0267167148701688e-30
99,120,2.223384377915385e-30
99,121,9.154446788352279e-31
99,122,3.182810650428557e-30
99,123,7.597234588335623e-31
99,124,1.0307296891358022e-30
99,125,1.2368614920493871e-30
99,126,1.7134476321763586e-30
99,127,8.40671649075133e-31
99,128,1.5612349817599003e-30
99,129,1.990918971414098e-30
99,130,1.208010802233858e-31
99,131,4.50038640667275e-31
99,132,1.0378849732742827e-30
99,133,8.35291902783097e-31
99,134,1.3686671115819562e-30
99,135,2.2006850871231643e-30
99,136,9.316971218494659e-30
99,137,1.799053784841822e-30
99,138,9.104257397170581e-31
99,139,7.453587363985926e-31
99,140,7.527301368334777e-31
99,141,1.9246047820155265e-30
99,142,2.3916546437205516e-16
99,143,2.6468767094738646e-30
99,144,2.1908509961444668e-30
99,145,1.5844904776426342e-30
99,146,6.2383991345259156e-31
99,147,3.5005388319372476e-31
99,148,9.752151872473586e-31
99,149,8.331177153623406e-31
100,101,1.2371660816652206e-30
100,102,3.354905987531901e-30
100,103,1.829490854672266e-30
100,104,7.301632317248953e-31
100,105,2.6902315964669873e-30
100,106,1.2175314545698186e-30
100,107,1.4828466601462552e-15
100,108,4.697276500045983e-31
100,109,9.967708088400484e-31
100,110,3.1618307710499435e-30
100,111,7.801704252938605e-32
100,112,3.24585310591634e-30
100,113,5.298490772032948e-31
100,114,1.938810273747069e-30
100,115,1.609221018423269e-30
100,116,1.8955505134711196e-30
100,117,1.0595996632747993e-30
100,118,3.054961338822338e-30
100,119,1.0316717535782222e-30
100,120,2.7450301364431962e-30
100,121,6.967217524111842e-31
100,122,4.041335334433622e-30
100,123,7.471837634310049e-31
100,124,1.1595955629600864e-30
100,125,1.3111894527393337e-30
100,126,2.1216590867354013e-30
100,127,1.0571634191217775e-30
100,128,1.1893884163239689e-30
100,129,2.4592023282138633e-30
100,130,1.4815584101245889e-31
100,131,4.869845228563054e-31
100,132,1.2274474466518383e-30
100,133,1.0210750110242848e-30
100,134,1.0563280601978346e-30
100,135,1.6670924188516576e-30
100,136,1.1726392952559122e-29
100,137,2.119051808203372e-30
100,138,1.1103930883964444e-30
100,139,5.548318244867757e-31
100,140,9.500663575887215e-31
100,141,2.4820692346076284e-30
100,142,1.1102230246251593e-16
100,143,2.2255689323939622e-30
100,144,2.295927088818177e-30
100,145,1.0777527018534701e-30
100,146,8.09109873619868e-31
100,147,4.6377168998839335e-31
100,148,1.0908532330916857e-30
100,149,5.754035063557407e-31
101,102,1.4993534263824755e-30
101,103,2.8854202478752403e-30
101,104,1.504457404824903e-30
101,105,1.879468014956697e-30
101,106,6.567525955357064e-31
101,107,6.620737537031164e-16
101,108,9.472809555513369e-31
101,109,1.3756377671662181e-30
101,110,1.5032929548916764e-30
101,111,1.4488933662254985e-31
101,112,1.468647346889806e-30
101,113,6.028340739244787e-31
101,114,1.3677889852989416e-30
101,115,1.7732284747767154e-30
101,116,2.8461296077905542e-30
101,117,1.2997274471774002e-30
101,118,1.8233520723979556e-30
101,119,1.6715563923933956e-30
101,120,1.225955326327887e-30
101,121,1.4028404753634838e-30
101,122,1.9308107128126756e-30
101,123,1.211375143617447e-30
101,124,1.1545454733866776e-30
101,125,1.9640216233452666e-30
101,126,1.9326574531346157e-30
101,127,8.659703380043723e-31
101,128,2.3952248539638096e-30
101,129,1.3423269875877449e-30
101,130,6.614985650808017e-32
101,131,5.92801203827547e-31
101,132,1.0108640087258525e-30
101,133,8.234932611798277e-31
101,134,2.1613847263242533e-30
101,135,3.2806592942800766e-30
101,136,5.790615818346727e-30
101,137,2.5428552965038448e-30
101,138,1.2132274188452973e-30
101,139,8.575394532311393e-31
101,140,4.396079984056255e-31
101,141,1.1195109861862246e-30
101,142,6.824147276787292e-16
101,143,4.090499315426526e-30
101,144,1.6430987082783622e-30
101,145,2.280471363584348e-30
101,146,5.478338314143857e-31
101,147,3.5926774504777953e-31
101,148,6.2821116229959955e-31
101,149,1.1450382317210177e-30
102,103,2.611309478887459e-30
102,104,1.116737476609651e-30
102,105,3.417587452087193e-30
102,106,2.0048821022893682e-30
102,107,2.272104360542342e-15
102,108,5.208692747712443e-31
102,109,1.303043447279972e-30
102,110,4.9263859617713904e-30
102,111,2.5223065613955544e-32
102,112,4.886766565592328e-30
102,113,5.1602862561964945e-31
102,114,2.481639374688859e-30
102,115,2.6057491053650852e-30
102,116,1.6770838370320417e-30
102,117,8.71664037815494e-31
102,118,4.1960766710415785e-30
102,119,7.318730317991408e-31
102,120,4.11532970706396e-30
102,121,9.770484624878595e-31
102,122,5.9475278053075934e-30
102,123,6.264902361713053e-31
102,124,1.672660554888675e-30
102,125,1.1823339060735619e-30
102,126,2.843363106299409e-30
102,127,1.5813193219228734e-30
102,128,1.172340788863864e-30
102,129,3.5772542272857654e-30
102,130,2.2701304285301077e-31
102,131,8.067518618644689e-31
102,132,1.8559933340564566e-30
102,133,1.4654308561270139e-30
102,134,7.875446527030281e-31
102,135,2.20882708375523e-30
102,136,1.7137040233250472e-29
102,137,1.6594460142349967e-30
102,138,1.1373199895088916e-30
102,139,1.0888941788657272e-30
102,140,1.4034133879460321e-30
102,141,3.474488205758359e-30
102,142,3.111052323641747e-30
102,143,1.9614449252538876e-30
102,144,3.996548763544668e-30
102,145,1.3210427640426183e-30
102,146,1.0934055970002739e-30
102,147,5.587859247969223e-31
102,148,1.8118394131246317e-30
102,149,9.796553005169793e-31
103,104,2.5902681596716004e-30
103,105,2.8761993037871416e-30
103,106,1.2549027205532192e-30
103,107,1.141780179962728e-15
103,108,1.6258581534047567e-30
103,109,2.2361689123836145e-30
103,110,2.658993115092982e-30
103,111,2.4485713129645085e-31
103,112,2.414349093265082e-30
103,113,9.366543968923846e-31
103,114,2.072284116825347e-30
103,115,3.0574850630969317e-30
103,116,4.374911161529594e-30
103,117,2.129723147821442e-30
103,118,2.7801146807695423e-30
103,119,2.6162371313667628e-30
103,120,2.029404084615648e-30
103,121,2.1794861856922237e-30
103,122,3.001845143223393e-30
103,123,2.0290877339519404e-30
103,124,1.7191763703337787e-30
103,125,3.3467636004654525e-30
103,126,3.153998224322153e-30
103,127,1.4304920375613629e-30
103,128,4.0637386132858715e-30
103,129,1.9008322798393572e-30
103,130,1.1407882376526374e-31
103,131,1.0488751264038825e-30
103,132,1.82797517744694e-30
103,133,1.220341089871508e-30
103,134,3.692245767337277e-30
103,135,6.022886008289856e-30
103,136,8.89181042301245e-30
103,137,4.326606250578316e-30
103,138,1.7694602152696875e-30
103,139,1.4702231673111854e-30
103,140,6.968815032381969e-31
103,141,1.837080639263409e-30
103,142,8.326672684688659e-17
103,143,6.910884252342346e-30
103,144,3.1302725073527428e-30
103,145,3.945409916083696e-30
103,146,8.31758751224532e-31
103,147,5.553305614330262e-31
103,148,1.1991951735831068e-30
103,149,1.992998152781948e-30
104,105,1.302420540642576e-30
104,106,6.706254945331311e-31
104,107,4.753015700338288e-16
104,108,8.659022592149056e-31
104,109,1.1309884737460387e-30
104,110,1.4143672856488788e-30
104,111,1.279211889831574e-31
104,112,1.1381407268023228e-30
104,113,4.68985730981094e-31
104,114,8.694134407771838e-31
104,115,1.7109221234830696e-30
104,116,2.12230365149543e-30
104,117,1.0683336770414786e-30
104,118,1.2265643678810048e-30
104,119,1.2968439337901071e-30
104,120,9.410404856502926e-31
104,121,1.2632538752962327e-30
104,122,1.1100570940364544e-30
104,123,1.0485215240641175e-30
104,124,9.58042150346359e-31
104,125,1.6641792607369175e-30
104,126,1.6750179235963827e-30
104,127,9.699136156287485e-31
104,128,2.2499250923788862e-30
104,129,1.1940426081630718e-30
104,130,4.748886431450607e-32
104,131,5.335329353539602e-31
104,132,1.091570219148388e-30
104,133,8.800874323792614e-31
104,134,1.9797772554856012e-30
104,135,3.5324639878895016e-30
104,136,3.841292460843694e-30
104,137,2.159643491788435e-30
104,138,9.178190229654248e-31
104,139,8.04973599380035e-31
104,140,2.9913944746621943e-31
104,141,7.75389063786275e-31
104,142,4.636095143475983e-16
104,143,3.7817811664749444e-30
104,144,1.6944544659359618e-30
104,145,2.2224113832282706e-30
104,146,3.8804560858043066e-31
104,147,2.4282462801323118e-31
104,148,6.439150220134096e-31
104,149,1.1190659262363136e-30
105,106,1.1043714987958417e-30
105,107,1.5152390025842903e-15
105,108,8.546785603550808e-31
105,109,1.4764706165415302e-30
105,110,3.225488326293089e-30
105,111,1.409843863121435e-31
105,112,3.537286998055237e-30
105,113,8.342305535039325e-31
105,114,2.5259462827016362e-30
105,115,1.8730603794449163e-30
105,116,3.1139269031247405e-30
105,117,1.5372584965634137e-30
105,118,3.648444247157964e-30
105,119,1.765259314619369e-30
105,120,2.978846177821776e-30
105,121,1.203496248677778e-30
105,122,4.4728249373565314e-30
105,123,1.301548536240142e-30
105,124,1.683251354311795e-30
105,125,2.134123237690406e-30
105,126,2.765692768483906e-30
105,127,1.1473255230951787e-30
105,128,2.2185258200268305e-30
105,129,2.464499579500629e-30
105,130,1.5139226111256372e-31
105,131,5.511341239111524e-31
105,132,1.3008403258927825e-30
105,133,1.1890823060754106e-30
105,134,1.926650800399958e-30
105,135,3.1587739287484504e-30
105,136,1.3212055460740318e-29
105,137,3.3871818125460914e-30
105,138,1.6281017562618385e-30
105,139,4.6695058534543e-31
105,140,1.0350660155181005e-30
105,141,2.7333362744310048e-30
105,142,6.753223014464269e-16
105,143,4.1410551722639935e-30
105,144,1.975949691972812e-30
105,145,1.9772656318915184e-30
105,146,1.0168720286751405e-30
105,147,6.1417044971351655e-31
105,148,9.873249722977898e-31
105,149,8.19495994495765e-31
106,107,8.777083671441745e-16
106,108,3.3233315999243463e-31
106,109,5.6915865036275415e-31
106,110,1.9580615780922276e-30
106,111,3.202376174877115e-32
106,112,1.8446861538861974e-30
106,113,1.1553734158464912e-31
106,114,7.849656588417842e-31
106,115,1.1613604709062939e-30
106,116,6.079536574540252e-31
106,117,3.1252333217692554e-31
106,118,1.4891335722748756e-30
106,119,2.9749177865431774e-31
106,120,1.5595683356624603e-30
106,121,5.145703837657154e-31
106,122,2.1905891536722033e-30
106,123,3.058565467280125e-31
106,124,6.079036500231842e-31
106,125,5.388467155560419e-31
106,126,1.0990651170952106e-30
106,127,6.6376801138131665e-31
106,128,8.045819651839398e-31
106,129,1.4254762084559384e-30
106,130,8.769458420271954e-32
106,131,3.76099339594014e-31
106,132,7.99511041839868e-31
106,133,5.764242793275691e-31
106,134,6.689058158406964e-31
106,135,1.4144733894151859e-30
106,136,6.2556924346755224e-30
106,137,3.1038764844687827e-31
106,138,3.102685483168452e-31
106,139,5.6342776172531155e-31
106,140,5.269702473128754e-31
106,141,1.2574861164124848e-30
106,142,1.2080408987566337e-30
106,143,1.2112018181736002e-30
106,144,1.7645807803573833e-30
106,145,8.834282210690509e-31
106,146,3.7620876900346694e-31
106,147,1.705206871897665e-31
106,148,7.689251044342543e-31
106,149,5.7605384030737636e-31
107,108,2.2204460492503136e-16
107,109,5.730366964846347e-16
107,110,2.1656464625076254e-15
107,111,1.5922165000549507e-31
107,112,2.153045701999167e-15
107,113,2.289834988289384e-16
107,114,1.1004656964352379e-15
107,115,1.139014731593868e-15
107,116,7.434195860560574e-16
107,117,3.940534250152139e-16
107,118,1.854853431582494e-15
107,119,3.2106915185568145e-16
107,120,1.813482278114578e-15
107,121,4.237505957170961e-16
107,122,2.6241889982487043e-15
107,123,2.7755575615628904e-16
107,124,7.37632898316796e-16
107,125,5.252775913013175e-16
107,126,1.2534927304918598e-15
107,127,6.933340566559914e-16
107,128,5.0037075531084e-16
107,129,1.6669582945432676e-15
107,130,9.991312318014457e-17
107,131,3.51357523663891e-16
107,132,8.14189834656566e-16
107,133,6.438886019458719e-16
107,134,3.143250008304546e-16
107,135,9.352593142056682e-16
107,136,7.561307338706646e-15
107,137,7.30036275715499e-16
107,138,5.080578321377391e-16
107,139,4.677581412915677e-16
107,140,6.187688364358554e-16
107,141,1.5576759005170637e-15
107,142,1.5671374398670021e-15
107,143,8.578729393091803e-16
107,144,1.7431347074741448e-15
107,145,5.545908510953294e-16
107,146,4.839349969133126e-16
107,147,2.4825341532472707e-16
107,148,7.928578270080918e-16
107,149,4.1540741810552233e-16
108,109,7.365878197689698e-31
108,110,7.0276151465094465e-31
108,111,8.072380916140952e-32
108,112,5.635595065308508e-31
108,113,2.9833164042629304e-31
108,114,5.9955592278322454e-31
108,115,1.0056530273121136e-30
108,116,1.4299355385070545e-30
108,117,6.965578294828281e-31
108,118,8.33259364417373e-31
108,119,8.518448067059218e-31
108,120,5.258404840007699e-31
108,121,7.232460709951972e-31
108,122,5.764984125788294e-31
108,123,6.675730892184027e-31
108,124,5.61346137629779e-31
108,125,1.078890671908259e-30
108,126,1.038029830669811e-30
108,127,4.785034901620405e-31
108,128,1.3487454305608557e-30
108,129,5.458192132944918e-31
108,130,2.21851699633612e-32
108,131,3.431299088642292e-31
108,132,6.059910176008131e-31
108,133,3.956001870884247e-31
108,134,1.2202392663479772e-30
108,135,2.0063171018703652e-30
108,136,1.67532753546221e-30
108,137,1.395624898659992e-30
108,138,5.669547740279232e-31
108,139,4.743499346970398e-31
108,140,1.6396632352634968e-31
108,141,3.735483189531053e-31
108,142,3.3573262662539748e-31
108,143,2.2886962773966246e-30
108,144,9.30155448348741e-31
108,145,1.303234214383056e-30
108,146,2.5286342094800696e-31
108,147,1.6786176553939699e-31
108,148,3.342173193406209e-31
108,149,6.568616641224637e-31
109,110,1.2351267195708596e-30
109,111,1.1247430875221457e-31
109,112,1.3084462644219713e-30
109,113,4.4460841492476875e-31
109,114,1.0712028214690301e-30
109,115,1.3545959704884773e-30
109,116,2.1564574708417073e-30
109,117,1.059729116507426e-30
109,118,1.455184142033754e-30
109,119,1.2004449829171004e-30
109,120,1.093379032906958e-30
109,121,1.0236762567075114e-30
109,122,1.6200231547315164e-30
109,123,9.279071450617412e-31
109,124,7.899530473638134e-31
109,125,1.5054131445995088e-30
109,126,1.4850105257071916e-30
109,127,8.22025874562718e-31
109,128,1.8260164707339713e-30
109,129,8.456781004974075e-31
109,130,5.725388604261247e-32
109,131,5.115788714109696e-31
109,132,8.076322993572697e-31
109,133,7.4553600034258585e-31
109,134,1.674931990303178e-30
109,135,2.6274765095002497e-30
109,136,4.893593175723836e-30
109,137,1.9770085143665276e-30
109,138,9.010926120111142e-31
109,139,7.624593298895886e-31
109,140,3.711109794955623e-31
109,141,9.947949547128335e-31
109,142,2.963484527782419e-16
109,143,2.9838069201305466e-30
109,144,1.395356199602172e-30
109,145,1.672342545539574e-30
109,146,4.241298786653594e-31
109,147,2.8236537129996096e-31
109,148,5.298633448018544e-31
109,149,8.664141753327825e-31
110,111,8.937643070810354e-32
110,112,4.619296294678757e-30
110,113,5.504189148492548e-31
110,114,2.3382586266149542e-30
110,115,2.596287262596764e-30
110,116,1.8015622169924198e-30
110,117,9.057804284539998e-31
110,118,3.9315251853519164e-30
110,119,9.87859205205207e-31
110,120,3.893858996537612e-30
110,121,1.070194560161153e-30
110,122,5.620757526261691e-30
110,123,7.2128655160480775e-31
110,124,1.612208327135715e-30
110,125,1.1521067653309164e-30
110,126,2.650176817876108e-30
110,127,1.5277824905120287e-30
110,128,1.768385057280095e-30
110,129,3.451100877010948e-30
110,130,2.1637650177316887e-31
110,131,8.167757840579435e-31
110,132,1.8230677766441677e-30
110,133,1.364691652522358e-30
110,134,1.5234682189911177e-30
110,135,2.9862030862616168e-30
110,136,1.6196835314176738e-29
110,137,1.8256179832614852e-30
110,138,1.1647597044740135e-30
110,139,1.1719592925978634e-30
110,140,1.3289652793175309e-30
110,141,3.251689463684916e-30
110,142,4.727113522353928e-16
110,143,2.6553865504124645e-30
110,144,3.97694587132249e-30
110,145,1.8856129332558734e-30
110,146,1.0262111112719255e-30
110,147,5.270636676755694e-31
110,148,1.775756287637553e-30
110,149,1.198333569981462e-30
111,112,8.854252153679005e-32
111,113,4.79614562582321e-32
111,114,9.942276411031809e-32
111,115,1.4707145581439202e-31
111,116,2.2288568491763273e-31
111,117,1.0882237037106262e-31
111,118,1.36318839778117e-31
111,119,1.3238537602701269e-31
111,120,8.176111357494404e-32
111,121,1.0871658101350295e-31
111,122,9.431395153468293e-32
111,123,1.0275734199211706e-31
111,124,8.868316630243619e-32
111,125,1.6631839592926513e-31
111,126,1.6138879244426831e-31
111,127,7.067296961547358e-32
111,128,2.032614455862226e-31
111,129,7.58033891089239e-32
111,130,0.0
111,131,4.990203043289429e-32
111,132,8.886032890769302e-32
111,133,6.072271115715561e-32
111,134,1.8376732654874243e-31
111,135,2.9822103253003188e-31
111,136,2.5669634007420845e-31
111,137,2.208886323820637e-31
111,138,9.115164166124398e-32
111,139,6.535120474713144e-32
111,140,2.6328244252901967e-32
111,141,5.959314001556021e-32
111,142,3.81159004235929e-32
111,143,3.4842111415876394e-31
111,144,1.1266821861413306e-31
111,145,1.941337383942334e-31
111,146,4.134249864530159e-32
111,147,2.756166576353439e-32
111,148,3.697785493223491e-32
111,149,9.512768294092463e-32
112,113,6.695718394764239e-31
112,114,2.6165817941277636e-30
112,115,2.4000005986198977e-30
112,116,2.2605837752763587e-30
112,117,1.2283670601761871e-30
112,118,4.169042544118307e-30
112,119,1.1729845402924095e-30
112,120,3.980874735013995e-30
112,121,9.326898952524823e-31
112,122,5.7790497637050954e-30
112,123,8.50497716671247e-31
112,124,1.777466996690829e-30
112,125,1.4700157924669638e-30
112,126,6.541839802154631e-16
112,127,1.5556051462896625e-30
112,128,3.7965212389883545e-16
112,129,4.791614298038387e-16
112,130,2.1511752043632375e-31
112,131,7.433121246799178e-31
112,132,1.693725005358288e-30
112,133,1.5171490392449607e-30
112,134,1.288213772719242e-30
112,135,2.2740364504156238e-30
112,136,1.7406811157498617e-29
112,137,2.491656863751357e-30
112,138,1.3842550770995957e-30
112,139,1.11486085489594e-30
112,140,1.3497844344178511e-30
112,141,5.493927035713849e-16
112,142,7.849101377550878e-16
112,143,2.6030051367458202e-30
112,144,3.671612100606405e-30
112,145,1.2776887440778163e-30
112,146,1.111114330363556e-30
112,147,5.987569763929376e-31
112,148,1.6648010955465915e-30
112,149,9.229806433087041e-31
113,114,6.160246248452902e-31
113,115,5.365753549609412e-31
113,116,9.622769173688808e-31
113,117,4.417668743523206e-31
113,118,8.162950141935325e-31
113,119,5.670000442110084e-31
113,120,5.811643493360087e-31
113,121,4.293258464385667e-31
113,122,8.528648549236833e-31
113,123,4.227251513006518e-31
113,124,4.771467790531601e-31
113,125,6.742247270629244e-31
113,126,7.417049732205303e-31
113,127,2.729068885143465e-31
113,128,7.7914308570522774e-31
113,129,4.221366985075771e-31
113,130,2.2878456524716235e-32
113,131,1.5634739995939803e-31
113,132,3.4313033344334627e-31
113,133,3.0459542953380926e-31
113,134,6.818761833955418e-31
113,135,1.0548126150368268e-30
113,136,2.534697101608481e-30
113,137,1.0047005853836942e-30
113,138,4.70822359180395e-31
113,139,1.6343433571387088e-31
113,140,1.9568029164253483e-31
113,141,5.099979299000001e-31
113,142,3.7881092645799953e-31
113,143,1.4141359720565894e-30
113,144,2.4743053528971767e-31
113,145,7.268911820976255e-31
113,146,2.456286417069367e-31
113,147,1.5409670298241055e-31
113,148,1.1107025667618693e-31
113,149,3.1921882028002774e-31
114,115,1.3489976882080605e-30
114,116,2.243227429312813e-30
114,117,1.0868816067142217e-30
114,118,2.6689102178067302e-30
114,119,1.2743682850282876e-30
114,120,2.2041801465143786e-30
114,121,8.860557151769135e-31
114,122,3.291667744477448e-30
114,123,9.327677568388108e-31
114,124,1.2796259867663133e-30
114,125,1.5302118816795437e-30
114,126,2.0042669452697356e-30
114,127,8.270932679847935e-31
114,128,1.549335219948908e-30
114,129,1.7102565912660172e-30
114,130,1.099509646834576e-31
114,131,3.9009939504160557e-31
114,132,9.479686639012002e-31
114,133,8.854255227801073e-31
114,134,1.3435552348973078e-30
114,135,2.0308541286001697e-30
114,136,9.659612497815362e-30
114,137,2.428048252432744e-30
114,138,1.1942289603731619e-30
114,139,3.297176630401671e-31
114,140,7.5674058285656025e-31
114,141,1.9745946038362873e-30
114,142,1.5822477100125232e-30
114,143,2.9115015371795453e-30
114,144,1.4097932843413922e-30
114,145,1.3622247672064983e-30
114,146,7.522073713218829e-31
114,147,4.500301042455361e-31
114,148,7.01459932391162e-31
114,149,5.413748166193486e-31
115,116,2.6970851169170082e-30
115,117,1.278275138780701e-30
115,118,2.022442569821936e-30
115,119,1.5549824192935586e-30
115,120,2.0187676772742086e-30
115,121,1.3098594355533206e-30
115,122,2.8442049210080723e-30
115,123,1.217735076500306e-30
115,124,9.773159819993908e-31
115,125,1.9196547275029086e-30
115,126,1.8839725759573034e-30
115,127,1.1376943846438043e-30
115,128,2.4640248891649882e-30
115,129,1.8902307554177064e-30
115,130,1.1380251918173748e-31
115,131,7.22802404538802e-31
115,132,1.24929897599555e-30
115,133,8.198346690440154e-31
115,134,2.2714490617766966e-30
115,135,3.7311944628020526e-30
115,136,8.623059426634681e-30
115,137,2.6148987525016004e-30
115,138,1.0533503100031604e-30
115,139,1.0520703963222759e-30
115,140,6.823750267683777e-31
115,141,1.6389813555064897e-30
115,142,2.885278528082491e-16
115,143,4.2806493198565154e-30
115,144,2.661263617240758e-30
115,145,2.4091441925109852e-30
115,146,5.425228541368254e-31
115,147,3.3987569616303995e-31
115,148,1.082362810233668e-30
115,149,1.305100529390415e-30
116,117,1.9907141784641006e-30
116,118,3.0206566185103157e-30
116,119,2.5874539502595572e-30
116,120,1.864598883314324e-30
116,121,1.944893605931542e-30
116,122,2.7853194512159454e-30
116,123,1.8969362594621975e-30
116,124,1.768754792388179e-30
116,125,2.9543210217186737e-30
116,126,3.1332148724854316e-30
116,127,1.2746946417426974e-30
116,128,3.5971435415090844e-30
116,129,1.732537268593548e-30
116,130,7.427737267615101e-32
116,131,8.641314520716337e-31
116,132,1.4504504897491697e-30
116,133,1.1640551736531682e-30
116,134,3.259949133687848e-30
116,135,4.698554666310487e-30
116,136,8.685391689921486e-30
116,137,4.148442624948195e-30
116,138,1.9257780331799857e-30
116,139,1.1815025079770368e-30
116,140,6.546294523736223e-31
116,141,1.7138154214223126e-30
116,142,6.022963905648854e-16
116,143,6.312950047415853e-30
116,144,1.852592671947178e-30
116,145,3.266194300119482e-30
116,146,8.970004798080913e-31
116,147,5.902335156416983e-31
116,148,6.064705694772667e-31
116,149,1.6133622335135526e-30
117,118,1.5099141791418663e-30
117,119,1.1690572974671489e-30
117,120,9.93065378217865e-31
117,121,9.292129216040727e-31
117,122,1.3956267096089629e-30
117,123,9.118407970314509e-31
117,124,7.708947368330016e-31
117,125,1.500856148028525e-30
117,126,1.5106901378050387e-30
117,127,8.048351668610524e-31
117,128,1.722960613163616e-30
117,129,9.961746792111244e-31
117,130,3.9371108393102934e-32
117,131,4.7181738020223375e-31
117,132,8.21253843179325e-31
117,133,6.4771608407547625e-31
117,134,1.5845264775432395e-30
117,135,2.7210857937768657e-30
117,136,3.8462212770573316e-30
117,137,2.1226181637617864e-30
117,138,8.668089723403596e-31
117,139,5.49431763585954e-31
117,140,3.3481557461731055e-31
117,141,1.034107528338844e-30
117,142,6.423257314440176e-16
117,143,2.9539373818362473e-30
117,144,8.560302239644021e-31
117,145,1.5837524432784995e-30
117,146,4.254396914940108e-31
117,147,2.93902780711132e-31
117,148,3.004980821048151e-31
117,149,7.613325134406419e-31
118,119,1.7008155722900517e-30
118,120,3.508234711381503e-30
118,121,1.1480112877214158e-30
118,122,5.186704388583801e-30
118,123,1.2445812094415502e-30
118,124,1.7120885770925424e-30
118,125,2.0618349717820078e-30
118,126,2.8802242415770543e-30
118,127,1.2942899933243327e-30
118,128,2.1157157215981783e-30
118,129,2.9332890502161468e-30
118,130,1.8532419939081573e-31
118,131,5.91951744805773e-31
118,132,1.4800657375789004e-30
118,133,1.3073576559975602e-30
118,134,1.890196574944504e-30
118,135,2.925790435603584e-30
118,136,1.509060940136171e-29
118,137,3.273036147530463e-30
118,138,1.6176825533612396e-30
118,139,7.880098504297439e-31
118,140,1.2078127088280854e-30
118,141,3.132622793575626e-30
118,142,1.9428902930940252e-16
118,143,3.883612339968955e-30
118,144,2.8352858126508282e-30
118,145,1.8983788569401668e-30
118,146,1.091458736567802e-30
118,147,6.393097420977945e-31
118,148,1.3341894392095402e-30
118,149,9.006762430136848e-31
119,120,1.0269594013549863e-30
119,121,1.1692669580730031e-30
119,122,1.4751199733414554e-30
119,123,1.1250251146861353e-30
119,124,1.0476879984350308e-30
119,125,1.865980912581845e-30
119,126,1.8073950362881558e-30
119,127,6.825361915894585e-31
119,128,2.149252894643053e-30
119,129,8.893489312447204e-31
119,130,3.207902171870128e-32
119,131,4.960732808735765e-31
119,132,8.883541981845633e-31
119,133,6.868801425300807e-31
119,134,1.942783485432867e-30
119,135,2.9448353135977903e-30
119,136,4.6576240326431926e-30
119,137,2.496604861536479e-30
119,138,1.0945180788642513e-30
119,139,6.425079879615758e-31
119,140,3.5150974148336044e-31
119,141,9.330458804546512e-31
119,142,3.9502971248246154e-16
119,143,3.791277976044308e-30
119,144,1.0163301007063037e-30
119,145,2.04292911592923e-30
119,146,5.142874501029826e-31
119,147,3.3799233019482786e-31
119,148,3.2795567373443216e-31
119,149,9.770724547452115e-31
120,121,7.601017616866264e-31
120,122,4.851408059602965e-30
120,123,7.617032322823855e-31
120,124,1.4678546406407274e-30
120,125,1.3140702989429438e-30
120,126,2.4149691517518454e-30
120,127,1.216573690726614e-30
120,128,1.3375748788490429e-30
120,129,2.8172419349529035e-30
120,130,1.8119067823827117e-31
120,131,6.235168277714469e-31
120,132,1.4470059600598024e-30
120,133,1.1882764943141572e-30
120,134,1.194980428393075e-30
120,135,2.1329376236302326e-30
120,136,1.383620012901957e-29
120,137,2.1470355667065854e-30
120,138,1.1581741719875572e-30
120,139,8.699617305892388e-31
120,140,1.1361458728306606e-30
120,141,2.8187091057147223e-30
120,142,2.4864100871503507e-16
120,143,2.3986747906549295e-30
120,144,3.0908989284943036e-30
120,145,1.3987285786266095e-30
120,146,9.341065264065971e-31
120,147,5.0602752330287995e-31
120,148,1.407866415014172e-30
120,149,8.301606502180992e-31
121,122,1.1407810285363193e-30
121,123,8.931271759174814e-31
121,124,8.233293658006912e-31
121,125,1.4206055943547621e-30
121,126,1.4273110090319272e-30
121,127,6.217982283414053e-31
121,128,1.8644434132753092e-30
121,129,9.089959634828965e-31
121,130,4.233824546754188e-32
121,131,4.454072971299156e-31
121,132,8.508428299243236e-31
121,133,5.396382300137302e-31
121,134,1.6662984845768152e-30
121,135,2.7480857237005273e-30
121,136,3.4208349003001455e-30
121,137,1.82577877680987e-30
121,138,8.64932777872547e-31
121,139,6.879255047028016e-31
121,140,2.5323255240707365e-31
121,141,5.999953066626753e-31
121,142,4.3071475699481287e-16
121,143,3.0472990535703834e-30
121,144,1.3123695495489586e-30
121,145,1.7977947257493393e-30
121,146,3.6752042272831778e-31
121,147,2.3567100715917844e-31
121,148,4.9788164334091994e-31
121,149,9.062622269152356e-31
122,123,1.0516486153387786e-30
122,124,2.1767450674522396e-30
122,125,1.89049793154966e-30
122,126,3.458442388368777e-30
122,127,1.822024333258071e-30
122,128,1.4699856786630515e-30
122,129,4.0375201614181274e-30
122,130,2.621909186300031e-31
122,131,8.611328974958095e-31
122,132,2.0643667452633158e-30
122,133,1.774724661511787e-30
122,134,1.2413072792492735e-30
122,135,2.0106548924117106e-30
122,136,2.0729747534909943e-29
122,137,3.075357129441303e-30
122,138,1.713629933089598e-30
122,139,1.1284898449666645e-30
122,140,1.6604377183357152e-30
122,141,4.204898962115773e-30
122,142,5.52546870802819e-16
122,143,2.9685911986802994e-30
122,144,4.2665393188541996e-30
122,145,1.2740451280493041e-30
122,146,1.3894915130653996e-30
122,147,7.580455446173245e-31
122,148,1.97455864448824e-30
122,149,9.222498631789147e-31
123,124,7.794293408272116e-31
123,125,1.3961358378194567e-30
123,126,1.3753480781885214e-30
123,127,5.764308437752385e-31
123,128,1.6865922875114035e-30
123,129,6.29462387581144e-31
123,130,2.77314624542015e-32
123,131,4.05361226048724e-31
123,132,7.250836989892723e-31
123,133,5.16754428162649e-31
123,134,1.5207822982434227e-30
123,135,2.4428095214971194e-30
123,136,3.10237093944132e-30
123,137,1.904714155721971e-30
123,138,8.054812381329754e-31
123,139,5.235649642598342e-31
123,140,2.539773634998128e-31
123,141,6.571692582446145e-31
123,142,4.324740253635529e-31
123,143,2.937376131312373e-30
123,144,9.370221106917159e-31
123,145,1.604699403993014e-30
123,146,3.7803203707598003e-31
123,147,2.4950795902514237e-31
123,148,3.1915603625602317e-31
123,149,7.772810796135414e-31
124,125,1.2170282499692164e-30
124,126,1.3873881131600523e-30
124,127,6.005819078890593e-31
124,128,1.4921082013479518e-30
124,129,1.1018222919747697e-30
124,130,7.369920663125314e-32
124,131,3.1563127552772217e-31
124,132,6.3808768891112626e-31
124,133,7.385637286497991e-31
124,134,1.2896049926006226e-30
124,135,2.1635725165689016e-30
124,136,6.486315964258625e-30
124,137,1.8588737910791214e-30
124,138,9.391518298963681e-31
124,139,4.511354739059424e-31
124,140,4.896087145812353e-31
124,141,1.236921813907296e-30
124,142,4.996033727449448e-16
124,143,2.7308521740690444e-30
124,144,1.2385952795678749e-30
124,145,1.4424387560970728e-30
124,146,5.12530656779968e-31
124,147,2.99687772485165e-31
124,148,5.432844779970329e-31
124,149,6.6149925279293135e-31
125,126,2.1633331727710372e-30
125,127,1.2030737451019258e-30
125,128,2.6757100793191884e-30
125,129,1.1460867867589352e-30
125,130,5.248212468345823e-32
125,131,6.727492812259831e-31
125,132,1.1676269769701545e-30
125,133,1.3349711002437235e-30
125,134,2.4562129556713196e-30
125,135,3.9761990451694085e-30
125,136,6.877069019789872e-30
125,137,3.2473542297843185e-30
125,138,1.2267268844245141e-30
125,139,8.260914545956744e-31
125,140,4.357091941626107e-31
125,141,1.4623437149560342e-30
125,142,2.928344767506753e-16
125,143,4.666425827675712e-30
125,144,1.528398772250802e-30
125,145,2.669920378586944e-30
125,146,6.126451716810127e-31
125,147,4.120102329599076e-31
125,148,5.377588976517187e-31
125,149,1.2454468807114799e-30
126,127,9.756684575299807e-31
126,128,2.6424988258828625e-30
126,129,5.468674487675368e-16
126,130,1.25137744208316e-31
126,131,6.256965020249948e-31
126,132,1.1511736819873159e-30
126,133,9.444746587293163e-31
126,134,2.3679343752655628e-30
126,135,3.8489405501428454e-30
126,136,2.7791964099411866e-15
126,137,3.186653740248115e-30
126,138,1.4628131690574766e-30
126,139,9.086274482377917e-31
126,140,8.152094183646032e-31
126,141,2.098526353316561e-30
126,142,4.492632392838106e-16
126,143,4.6187145080656244e-30
126,144,2.2477222168877887e-30
126,145,2.5132819557342586e-30
126,146,7.991926750076451e-31
126,147,5.001608936062345e-31
126,148,9.820021820370568e-31
126,149,1.235390004269133e-30
127,128,1.1831451187178224e-30
127,129,1.2267825039290938e-30
127,130,6.927317100765946e-32
127,131,4.137735587749168e-31
127,132,6.551310562505801e-31
127,133,1.2771907835647928e-30
127,134,1.0762312684310691e-30
127,135,2.0588378211851823e-30
127,136,6.855903519870552e-30
127,137,1.3338592599246875e-30
127,138,6.506190492543622e-31
127,139,6.486909082003581e-31
127,140,4.240986251185571e-31
127,141,1.2703092235269121e-30
127,142,3.48054228272466e-16
127,143,1.944508483023342e-30
127,144,1.442428200161428e-30
127,145,1.1298691738547941e-30
127,146,3.4268325064074035e-31
127,147,2.0330494922646986e-31
127,148,6.027867447692868e-31
127,149,6.195319236524016e-31
128,129,2.7267734213810267e-16
128,130,4.999360491111398e-32
128,131,8.17853738975652e-31
128,132,1.546999816731144e-30
128,133,1.0056594208387086e-30
128,134,3.073195632484895e-30
128,135,5.1075729782170854e-30
128,136,3.8922680896348805e-15
128,137,3.548767177203262e-30
128,138,1.4985196623235806e-30
128,139,1.1677366862398333e-30
128,140,4.138446153842211e-31
128,141,1.0025444969578858e-30
128,142,3.775166431889535e-16
128,143,5.887547582132179e-30
128,144,2.243769893261514e-30
128,145,3.3353474495280694e-30
128,146,6.578763191428051e-31
128,147,4.283365615910497e-31
128,148,8.004410734708278e-31
128,149,1.6620796569963032e-30
129,130,1.5725479209503918e-31
129,131,5.680051281670747e-31
129,132,1.4100600613911001e-30
129,133,1.1367849377709722e-30
129,134,1.552189814889091e-17
129,135,2.518102985603489e-30
129,136,1.4494151866658505e-15
129,137,1.6605852357155463e-30
129,138,3.3645623496995287e-16
129,139,8.201791441714524e-31
129,140,9.70385311098981e-31
129,141,8.252257602283765e-16
129,142,7.108557302003004e-16
129,143,2.4468197749981525e-30
129,144,2.8049880623340307e-30
129,145,1.577917399196196e-30
129,146,7.486344542691541e-31
129,147,4.0192488028784725e-31
129,148,1.2783169761415207e-30
129,149,9.026213668305657e-31
130,131,3.510522754210093e-32
130,132,8.134824924206308e-32
130,133,6.433292120050903e-32
130,134,3.140519252657226e-32
130,135,9.344467906560849e-32
130,136,7.554738315351289e-31
130,137,7.294020434153676e-32
130,138,5.076164476501518e-32
130,139,4.67351767893799e-32
130,140,6.182312697485037e-32
130,141,1.5323985607776045e-31
130,142,1.3661659831198387e-31
130,143,8.571276465811086e-32
130,144,1.7416203274744965e-31
130,145,5.541090402006887e-32
130,146,4.8351456957782723e-32
130,147,2.480377406523108e-32
130,148,7.921690173420128e-32
130,149,4.1504652535122894e-32
131,132,4.167151917706782e-31
131,133,3.180874836565764e-31
131,134,7.707780928188345e-31
131,135,1.304958927896766e-30
131,136,2.44831614197946e-30
131,137,8.224048634702542e-31
131,138,3.1486647810958377e-31
131,139,3.8958382178912043e-31
131,140,2.0823464437106395e-31
131,141,4.968827587933528e-31
131,142,5.08573505794837e-31
131,143,1.319628992215258e-30
131,144,8.813186792909546e-31
131,145,7.8643515430914125e-31
131,146,1.5502899184599163e-31
131,147,1.0440919344254141e-31
131,148,3.5178218210521528e-31
131,149,4.392008581667074e-31
132,133,5.462611436648263e-31
132,134,1.3780599783679208e-30
132,135,2.5272504861856813e-30
132,136,5.898160590873991e-30
132,137,1.5750537675813875e-30
132,138,6.476596803004381e-31
132,139,6.242015996978845e-31
132,140,4.938795146289546e-31
132,141,1.2469926266962229e-30
132,142,3.4021842650974874e-16
132,143,2.5463068218400997e-30
132,144,1.7142327850028217e-30
132,145,1.553484349283728e-30
132,146,3.8868840564690554e-31
132,147,2.3527114816911586e-31
132,148,7.296289303085173e-31
132,149,8.155925525101883e-31
133,134,8.996368609923107e-31
133,135,1.6833871813940377e-30
133,136,5.992980092550575e-30
133,137,1.4403496499771118e-30
133,138,8.105692880839809e-31
133,139,6.157685262190117e-31
133,140,4.0563922189269705e-31
133,141,1.2662726908111758e-30
133,142,6.288031628281617e-16
133,143,1.9144242918678542e-30
133,144,1.1897034677891587e-30
133,145,1.1131539240691254e-30
133,146,3.601202360406872e-31
133,147,2.096462005334119e-31
133,148,5.156059935481371e-31
133,149,5.004971134149054e-31
134,135,4.559258845284595e-30
134,136,1.5974768880805699e-16
134,137,3.182669161073197e-30
134,138,1.2994112412662506e-30
134,139,1.0558677513941657e-30
134,140,3.7341217730098945e-31
134,141,7.868847549257577e-31
134,142,6.387576570071154e-31
134,143,5.2152086143554296e-30
134,144,1.9886409182609334e-30
134,145,2.9693085839658515e-30
134,146,5.750706779862014e-31
134,147,3.7944056212830965e-31
134,148,6.9313776965607674e-31
134,149,1.4855088518316846e-30
135,136,5.379676871734221e-30
135,137,5.3532558469245296e-30
135,138,1.965651440118031e-30
135,139,1.7407531383983717e-30
135,140,6.402893595211285e-31
135,141,4.689925788176927e-16
135,142,1.2136371411096913e-15
135,143,8.649834516834649e-30
135,144,3.6531791366661766e-30
135,145,5.075660915892748e-30
135,146,8.835517402366258e-31
135,147,5.80342366639548e-31
135,148,1.3820797626073395e-30
135,149,2.5124466497595478e-30
136,137,9.65827103381634e-30
136,138,4.729713713843345e-30
136,139,2.9089416237694087e-30
136,140,4.8055791322521e-30
136,141,3.5896689516464355e-15
136,142,8.165693692329381e-16
136,143,8.176584398681002e-30
136,144,1.2006246146304598e-29
136,145,3.7283310301727255e-30
136,146,4.062656470047818e-30
136,147,2.2231424015414317e-30
136,148,5.617796235172875e-30
136,149,2.447265657979407e-30
137,138,1.864404707944718e-30
137,139,8.358985481955144e-31
137,140,7.253085084275798e-31
137,141,3.46944695195391e-18
137,142,5.1721530263072e-16
137,143,6.45145592184896e-30
137,144,1.1683449589514205e-30
137,145,3.381375882781699e-30
137,146,9.661101366025922e-31
137,147,6.337977559873238e-31
137,148,4.037740729108609e-31
137,149,1.5092178096139085e-30
138,139,3.566977137367525e-31
138,140,3.99816556512043e-31
138,141,1.0077213304388774e-30
138,142,2.9143354396410404e-16
138,143,2.7531023936775087e-30
138,144,5.058916159829586e-31
138,145,1.4047767068828247e-30
138,146,4.753566308088069e-31
138,147,2.994322408010141e-31
138,148,2.7430022329611594e-31
138,149,6.3611556285747e-31
139,140,2.7779599019595462e-31
139,141,6.155982552826573e-31
139,142,5.196300397427872e-16
139,143,1.744519341444815e-30
139,144,1.350512444964477e-30
139,145,1.0966910045877322e-30
139,146,1.95921368839524e-31
139,147,8.875285943798757e-32
139,148,5.286520702964408e-31
139,149,6.542775052415706e-31
140,141,9.809610242405219e-31
140,142,8.460438002341091e-31
140,143,7.569984034166928e-31
140,144,1.0339717308847273e-30
140,145,4.074429841870599e-31
140,146,3.208161586406592e-31
140,147,1.751474053079307e-31
140,148,4.750226605885692e-31
140,149,2.620593986303178e-31
141,142,3.1896277104429575e-16
141,143,1.9292716422508754e-30
141,144,2.3793006767733548e-30
141,145,7.328919640512756e-31
141,146,8.301092571175555e-31
141,147,4.662814638324841e-31
141,148,1.1233760566593182e-30
141,149,4.822057341860995e-31
142,143,9.255558542105628e-16
142,144,1.8631931528314467e-16
142,145,2.989366980140914e-16
142,146,6.801502190538575e-31
142,147,3.45273069166474e-31
142,148,1.089393887271719e-30
142,149,6.3394725770774695e-31
143,144,3.53624267318439e-30
143,145,5.756926301033802e-30
143,146,1.2126031240903053e-30
143,147,7.856217001584592e-31
143,148,1.230296969789051e-30
143,149,2.7957385211439002e-30
144,145,2.3572961130155487e-30
144,146,7.112712502613589e-31
144,147,2.9944416372685e-31
144,148,1.6254900904397197e-30
144,149,1.4487992686699106e-30
145,146,6.0312694292672165e-31
145,147,3.805188375469551e-31
145,148,8.679560007820052e-31
145,149,1.654024689717296e-30
146,147,1.8000909689163565e-31
146,148,3.3736646195898096e-31
146,149,2.6876145895049585e-31
147,148,1.5299550474836842e-31
147,149,1.5876116400570208e-31
148,149,5.534100657990063e-31
