cluster_i,cluster_k,epsilon
0,1,2.565861398887687e-30
0,2,2.0431631639050717e-30
0,3,2.688971554788336e-30
0,4,6.781375129615944e-31
0,5,2.0156634650146006e-30
0,6,5.409825508489171e-31
0,7,8.183066591815798e-31
0,8,5.48304353729612e-16
0,9,2.9326058745512607e-30
0,10,1.0821436132002058e-30
0,11,8.606896791564676e-31
0,12,1.262897753262588e-16
0,13,1.6758020982456537e-30
0,14,9.547091725239086e-31
0,15,1.9793960764100523e-30
0,16,9.43749719098526e-31
0,17,2.236473380713983e-30
0,18,2.6343669743614596e-31
0,19,2.4658017456994843e-30
0,20,1.0466104343061052e-30
0,21,1.1214549835717126e-30
0,22,1.6249310594972483e-30
0,23,3.190243824045873e-31
0,24,1.396196149248608e-30
0,25,1.1952291200884699e-30
0,26,2.8448266198090703e-30
0,27,1.6452740933542207e-30
0,28,7.968557602630931e-16
0,29,1.805873256890195e-30
0,30,1.910674985682409e-30
0,31,1.1315779367469104e-30
0,32,1.105213240259659e-30
0,33,2.421335898201274e-30
0,34,1.0296188480097076e-30
0,35,1.0165434235616812e-30
0,36,2.5714083298727526e-31
0,37,9.559674779486414e-31
0,38,1.1358554445196284e-30
0,39,3.5903292926880485e-31
0,40,4.536359934548597e-16
0,41,1.251238283792197e-30
0,42,9.020724194026492e-31
0,43,4.898776572256482e-31
0,44,2.2106947039058412e-30
0,45,1.2508744673022132e-30
0,46,6.087134554984875e-32
0,47,5.348700355022579e-31
0,48,8.088889448238273e-31
0,49,2.419912245518129e-30
0,50,9.755344910102067e-31
0,51,1.6643788718341713e-30
0,52,7.041858700849809e-30
0,53,2.2086797970071744e-30
0,54,8.49946393749601e-31
0,55,1.707441368864483e-30
0,56,1.2323376814554289e-30
0,57,3.178418082402092e-30
0,58,2.1874251463200643e-30
0,59,1.5512871387580787e-30
0,60,2.2079354062869262e-30
0,61,1.0240382251479086e-30
0,62,5.9029093956635705e-30
0,63,3.17544952034494e-30
0,64,1.4604005629993533e-30
0,65,2.5766609233241726e-30
0,66,1.1848552910516933e-30
0,67,3.0031227539689613e-30
0,68,8.960604229751554e-31
0,69,1.47020724239209e-30
0,70,9.941218092237023e-31
0,71,1.1134539317488507e-30
0,72,1.6679493145774323e-30
0,73,2.7582841587457197e-30
0,74,1.3995251885699754e-15
0,75,5.349047991987205e-31
0,76,3.4743690789547887e-31
0,77,1.422292913219375e-30
0,78,4.920783549633934e-31
0,79,8.757719300205604e-31
0,80,3.860591909488996e-31
0,81,2.007335009783915e-30
0,82,7.117583427167306e-31
0,83,1.8537506837967722e-30
0,84,2.1299980414725606e-30
0,85,1.2212216062460485e-30
0,86,7.742841692397242e-31
0,87,1.3781097011860809e-30
0,88,3.107570175786497e-31
0,89,2.316489220253129e-16
0,90,1.9731990424668115e-30
0,91,1.4723003743236587e-30
0,92,7.128594902845321e-16
0,93,9.534254379221048e-31
0,94,1.7465984446116695e-30
0,95,9.8385854498835e-31
0,96,5.596334256036269e-31
0,97,1.1686937470830239e-30
0,98,1.510099495277643e-30
0,99,3.0091358912597736e-16
0,100,9.763092024243724e-31
0,101,8.784723425145483e-31
0,102,3.985959075219569e-31
0,103,1.1575736706007011e-30
0,104,1.6362517003335602e-30
0,105,1.4158089941149027e-30
0,106,1.588850023554972e-30
0,107,6.770018445824036e-31
0,108,1.3281751681976644e-30
0,109,2.7305459070863806e-30
0,110,6.015837223314074e-31
0,111,1.2179499881978626e-30
0,112,2.1665940892964457e-30
0,113,7.821077550857117e-31
0,114,8.498457389402732e-31
0,115,1.665264048160051e-30
0,116,1.403312610379744e-30
0,117,3.253335019733306e-16
0,118,6.093597404471834e-16
0,119,8.108003378283818e-31
0,120,8.924915637441094e-31
0,121,1.952307186513729e-30
0,122,2.481828026224606e-30
0,123,1.6750557032202805e-30
0,124,9.194054002430173e-31
0,125,7.028422850522527e-31
0,126,9.872213189354044e-31
0,127,2.1115427386545327e-30
0,128,1.2592088619852445e-30
0,129,1.644125408533008e-30
0,130,6.56598871020792e-31
0,131,2.2419767956360894e-30
0,132,1.2939966674855902e-30
0,133,2.642227914247441e-30
0,134,1.0687341305844887e-30
0,135,2.927976169026727e-31
0,136,1.1313119067555207e-30
0,137,1.4749889420081427e-30
0,138,3.0387011513291306e-30
0,139,2.8527729773597933e-30
0,140,6.916509554252801e-31
0,141,7.510011512658585e-31
0,142,4.032556613546378e-30
0,143,9.04825946055149e-31
0,144,2.196376749917654e-30
0,145,1.7589993690366484e-31
0,146,7.51635238575801e-31
0,147,1.8292427810170265e-30
0,148,2.110565565152474e-30
0,149,1.3289055728463572e-30
1,2,2.693214473172132e-30
1,3,3.283693196446493e-30
1,4,1.3331538408449228e-30
1,5,2.3498289259236417e-30
1,6,8.70026254859937e-31
1,7,9.37240094717181e-31
1,8,8.893791243355744e-16
1,9,3.43284075373258e-30
1,10,1.2227324996293167e-30
1,11,2.08212168962048e-30
1,12,6.560869184398905e-16
1,13,2.201076928054002e-30
1,14,1.3872239484740817e-30
1,15,2.5765189325891557e-30
1,16,2.1646963371935334e-30
1,17,2.3420694316902507e-16
1,18,3.321741039933617e-31
1,19,3.0214257354172177e-30
1,20,2.3328725701083345e-30
1,21,1.3507832547665053e-30
1,22,2.214644221110199e-30
1,23,4.118760460786607e-31
1,24,1.782461436704799e-30
1,25,1.7666285275483683e-30
1,26,3.42015933135316e-30
1,27,3.077883184189593e-30
1,28,4.2919334069904867e-16
1,29,3.1000009535675793e-30
1,30,2.270787103756227e-30
1,31,1.5646972066505959e-30
1,32,1.4184548696573389e-30
1,33,3.0076180146564745e-30
1,34,1.189503908160975e-30
1,35,2.2724225763193083e-16
1,36,4.874849345015675e-31
1,37,2.064051668732921e-30
1,38,1.5008961931340776e-30
1,39,4.12119600292857e-31
1,40,7.34607804683979e-16
1,41,1.5077663320950628e-30
1,42,2.0027336939547332e-30
1,43,7.950407466283295e-31
1,44,2.5122902817342393e-30
1,45,2.3048439652970023e-30
1,46,1.440838571698606e-31
1,47,8.764524964154263e-31
1,48,1.221602892121694e-30
1,49,2.762514269582804e-30
1,50,1.069149521893216e-30
1,51,2.295187439270342e-30
1,52,8.734577149764094e-30
1,53,2.8765799599271778e-30
1,54,1.2936062847915338e-30
1,55,2.226518432649359e-30
1,56,1.6194640881134988e-30
1,57,3.7114647273171066e-30
1,58,2.68500201489629e-30
1,59,1.8192506838918584e-30
1,60,2.9337595647914552e-30
1,61,1.4821804725285084e-30
1,62,1.4404524907089242e-29
1,63,4.017713992227478e-30
1,64,1.6571903517067597e-30
1,65,3.768760741873396e-30
1,66,1.5987890541133627e-30
1,67,3.8442862806427415e-30
1,68,1.3555153976336551e-30
1,69,2.480864297560295e-30
1,70,1.1908731302774716e-30
1,71,6.168780709536655e-16
1,72,1.9680275652738404e-30
1,73,3.20010617800652e-30
1,74,1.72100153517421e-15
1,75,1.061485404645256e-30
1,76,4.272445088860959e-31
1,77,1.4810015583644495e-30
1,78,9.411158843399208e-31
1,79,1.4166877855560927e-30
1,80,7.222556596138568e-31
1,81,2.669880376990683e-30
1,82,9.260533636301235e-31
1,83,2.452091401908992e-30
1,84,2.59768334875351e-30
1,85,1.460730833079988e-30
1,86,1.0605528885742948e-30
1,87,2.0168616654958165e-30
1,88,3.8213910595312925e-31
1,89,3.6285277750012736e-16
1,90,2.324548282643791e-30
1,91,1.8532192906537025e-30
1,92,7.108727954859453e-16
1,93,1.2688879708956877e-30
1,94,3.5838759957822125e-16
1,95,1.2987289888986516e-30
1,96,8.097598825563195e-31
1,97,2.2023100582659295e-30
1,98,2.882359988882386e-16
1,99,1.7486636824975843e-15
1,100,1.2540851988795953e-30
1,101,1.0581207998200803e-30
1,102,4.627862264979622e-31
1,103,1.8384393930982976e-30
1,104,2.2668703411383215e-30
1,105,1.995261809117314e-30
1,106,2.1087271627098828e-30
1,107,1.5102459675024256e-30
1,108,1.8446623455255995e-30
1,109,2.9277797653987124e-16
1,110,1.4755757188720418e-30
1,111,1.5370732693849355e-30
1,112,2.6289569973929398e-30
1,113,1.7034120110065874e-30
1,114,1.9355789736777496e-30
1,115,2.4390861321954627e-30
1,116,1.884294090555368e-30
1,117,4.664586028566879e-16
1,118,1.4445661111300374e-15
1,119,1.4283561605203893e-30
1,120,1.4506516549478847e-30
1,121,2.473215745759129e-30
1,122,2.9384304139284e-30
1,123,2.640189105849344e-30
1,124,2.2431288355856448e-30
1,125,1.7515290262529454e-30
1,126,1.3904150088695595e-30
1,127,2.6241329209708422e-30
1,128,1.5229607758062287e-30
1,129,2.5469703436616996e-30
1,130,9.782830373662038e-31
1,131,2.91126038533791e-30
1,132,1.491474678465411e-30
1,133,3.344444810876206e-30
1,134,1.6204291795646428e-30
1,135,5.698253103963778e-31
1,136,1.855099779682452e-30
1,137,2.660761327499043e-30
1,138,3.255369381938762e-16
1,139,3.4286985347391806e-30
1,140,1.0759388018581864e-30
1,141,8.784253639753855e-31
1,142,4.917669142054682e-30
1,143,1.0658774995432433e-30
1,144,3.0383704473025894e-30
1,145,3.200133790711373e-31
1,146,9.40484372378729e-31
1,147,2.248172220814526e-30
1,148,4.3163495775003995e-30
1,149,1.5754878327001073e-30
2,3,2.8204930783951504e-30
2,4,6.129587902830501e-31
2,5,2.0078525270384747e-30
2,6,6.024543598525534e-31
2,7,7.893755068741473e-31
2,8,2.851708117983869e-16
2,9,2.842543205274677e-30
2,10,1.0615680111790672e-30
2,11,8.991035544703629e-31
2,12,7.979727989493305e-17
2,13,1.8512272656913477e-30
2,14,9.481562696756689e-31
2,15,2.163463539296252e-30
2,16,1.1448932007524804e-30
2,17,2.155809678002909e-30
2,18,2.4967751727344136e-31
2,19,2.3514295283461023e-30
2,20,1.1350261137939499e-30
2,21,1.009427346953983e-30
2,22,1.5900024923243604e-30
2,23,3.4579471073069262e-31
2,24,1.4472873704355597e-30
2,25,1.2785106180166156e-30
2,26,2.9252988515004454e-30
2,27,1.1403401878999513e-30
2,28,2.1766459664338187e-16
2,29,2.2155939306060746e-30
2,30,2.0208266907874407e-30
2,31,1.2380996457666968e-30
2,32,1.1957799359048549e-30
2,33,2.5055804393899183e-30
2,34,1.0131076270410342e-30
2,35,8.527845769328331e-31
2,36,2.396752385777319e-31
2,37,7.287149564829047e-31
2,38,1.2876054770805742e-30
2,39,3.523732574665419e-31
2,40,3.078242246215393e-16
2,41,1.1689492993011762e-30
2,42,1.1551722366096823e-30
2,43,5.5224632177919665e-31
2,44,2.1564952505476245e-30
2,45,1.4775823204528112e-30
2,46,5.27525755339813e-32
2,47,5.8784445385584044e-31
2,48,9.222892459342312e-31
2,49,2.350521674662486e-30
2,50,7.94595759337628e-31
2,51,1.3150757683852525e-30
2,52,7.426243020191083e-30
2,53,2.410301629013078e-30
2,54,9.67501986023315e-31
2,55,2.0348969998018346e-30
2,56,1.3794006047474682e-30
2,57,3.1413280084351777e-30
2,58,2.256114451683005e-30
2,59,1.2813166223971216e-30
2,60,2.4310001477719804e-30
2,61,8.902813344940414e-31
2,62,7.7383475831659e-30
2,63,3.430896101726533e-30
2,64,1.3974891342179375e-30
2,65,1.988132656805037e-30
2,66,1.3869602202343595e-30
2,67,3.196079961931656e-30
2,68,6.720897788514935e-31
2,69,1.9084531243742447e-30
2,70,9.024562876319782e-31
2,71,1.1251470408246408e-30
2,72,1.7042647343514664e-30
2,73,2.7644419712980635e-30
2,74,1.4827167738708686e-15
2,75,6.9200237645527295e-31
2,76,3.68089503072704e-31
2,77,1.1309527510316025e-30
2,78,7.008676016835337e-31
2,79,9.85702496278025e-31
2,80,3.718959548523476e-31
2,81,1.9879964799521867e-30
2,82,7.788404343564159e-31
2,83,2.104367184507997e-30
2,84,2.21298209388866e-30
2,85,1.186135345580149e-30
2,86,6.656999376549749e-31
2,87,1.5355684733474023e-30
2,88,3.292292602698736e-31
2,89,4.1658292962592287e-16
2,90,2.022837301910192e-30
2,91,1.632255470477644e-30
2,92,4.552789942233903e-16
2,93,1.0114563133704077e-30
2,94,1.854233015537624e-30
2,95,8.601392652390221e-31
2,96,6.365277604017018e-31
2,97,1.0364748459993475e-30
2,98,1.5593722898239947e-30
2,99,1.4424079127077999e-30
2,100,8.645453262256951e-31
2,101,9.16909899515766e-31
2,102,4.043828898387535e-31
2,103,1.164165918591541e-30
2,104,2.0555471204397987e-30
2,105,1.6267527959855347e-30
2,106,1.8469419622711245e-30
2,107,8.783398112426596e-31
2,108,1.1956690981052479e-30
2,109,3.06580491201287e-30
2,110,5.950035197348089e-31
2,111,1.2599994414516266e-30
2,112,2.1817905635941487e-30
2,113,9.155763611026994e-31
2,114,1.0272571451225851e-30
2,115,1.7971851094512433e-30
2,116,1.586289767612653e-30
2,117,5.176340440049072e-16
2,118,5.280858414569289e-16
2,119,9.622251821973522e-31
2,120,1.0293046675069035e-30
2,121,2.0610502471705456e-30
2,122,2.4377505032046308e-30
2,123,1.741477179546386e-30
2,124,1.041824437278248e-30
2,125,6.980691133711395e-31
2,126,1.1834673932250626e-30
2,127,2.1393449169976414e-30
2,128,1.31761511674784e-30
2,129,1.9959320904754814e-30
2,130,7.713021008035219e-31
2,131,2.434998556645768e-30
2,132,1.2940859023539878e-30
2,133,2.7269034406633772e-30
2,134,1.1526290988516183e-30
2,135,3.6384571826851863e-31
2,136,1.3470399040987662e-30
2,137,1.4367217838488777e-30
2,138,3.497266465985272e-30
2,139,3.010326449389635e-30
2,140,7.979794702284947e-31
2,141,6.908496913877919e-31
2,142,4.2922423598938145e-30
2,143,9.262823839485323e-31
2,144,2.4618430633060348e-30
2,145,2.0529422697635418e-31
2,146,8.517023595539913e-31
2,147,1.903852488045222e-30
2,148,1.4972768669095662e-30
2,149,1.2714929483529858e-30
3,4,9.058796082235888e-31
3,5,2.842223142189893e-30
3,6,7.231348197372948e-31
3,7,1.1580413027162132e-30
3,8,3.861114140028274e-16
3,9,4.0640901395054674e-30
3,10,1.3621470858424139e-30
3,11,1.323491856564088e-30
3,12,3.4333942232751204e-16
3,13,2.187611873454628e-30
3,14,1.2244136990642727e-30
3,15,2.7103519190353063e-30
3,16,1.353463705040699e-30
3,17,3.1289251211162543e-30
3,18,3.934809030945545e-31
3,19,3.3425750837140804e-30
3,20,1.423556841981292e-30
3,21,1.5866114067552113e-30
3,22,2.39226364294856e-30
3,23,4.37248753176364e-31
3,24,1.944812083976707e-30
3,25,1.639414790876456e-30
3,26,3.951358524397847e-30
3,27,2.6082137199977348e-30
3,28,3.6519946419568624e-16
3,29,2.5099911522249566e-30
3,30,2.8256413765176094e-30
3,31,1.713231336463302e-30
3,32,1.5141410874494636e-30
3,33,3.0662384837988157e-30
3,34,1.4502686779736252e-30
3,35,1.5695682912381452e-30
3,36,4.215284595140037e-31
3,37,1.5597583672199674e-30
3,38,1.768592584241357e-30
3,39,5.042383880600563e-31
3,40,6.475150200647731e-16
3,41,1.8329547725280998e-30
3,42,1.309189391592253e-30
3,43,6.777874033447381e-31
3,44,3.0591247737434853e-30
3,45,1.700536880267629e-30
3,46,9.657387077450447e-32
3,47,7.3485036711405206e-31
3,48,1.0279834952324662e-30
3,49,3.1254525756593666e-30
3,50,1.0968595598555521e-30
3,51,2.6424343756581232e-30
3,52,9.573227913799709e-30
3,53,3.0745857492278676e-30
3,54,1.1704107038720848e-30
3,55,2.635340418578527e-30
3,56,1.6452224107902537e-30
3,57,4.3127464259895906e-30
3,58,2.9833631719586297e-30
3,59,1.6390960521384192e-30
3,60,3.055972878169735e-30
3,61,1.471070757163577e-30
3,62,9.64729124126378e-30
3,63,4.421889638847347e-30
3,64,1.9605922242867022e-30
3,65,3.883133230883354e-30
3,66,2.0987491848128175e-30
3,67,3.940581388023385e-30
3,68,9.556034192028398e-31
3,69,2.176636212376753e-30
3,70,1.4344267707768723e-30
3,71,1.5744101725984764e-30
3,72,2.1397324048103812e-30
3,73,3.910174839392593e-30
3,74,1.92605891318796e-15
3,75,1.0333654927151378e-30
3,76,4.781507033155429e-31
3,77,1.5612443866917899e-30
3,78,1.0318812718410803e-30
3,79,1.1950520667584447e-30
3,80,4.626511060875221e-31
3,81,2.6038484704000596e-30
3,82,9.817768094664503e-31
3,83,2.7598304581436086e-30
3,84,2.834794991127461e-30
3,85,1.755023599750187e-30
3,86,1.0670869056560443e-30
3,87,1.8793858397959704e-30
3,88,4.276709904411552e-31
3,89,1.5842119361940223e-16
3,90,2.6842494029685074e-30
3,91,2.1044246496740866e-30
3,92,4.2061611753453897e-16
3,93,1.2014597736964735e-30
3,94,1.6203901121682144e-16
3,95,1.4046227914404281e-30
3,96,7.602857208074721e-31
3,97,1.718868377181588e-30
3,98,2.0838186905182006e-30
3,99,1.1801240583143827e-16
3,100,9.364834835751081e-31
3,101,1.2055174015374087e-30
3,102,5.347553721486288e-31
3,103,1.4512571282343835e-30
3,104,2.5607162782833423e-30
3,105,2.0151537575322023e-30
3,106,2.1511305141488137e-30
3,107,9.993366296439344e-31
3,108,1.7972559099124197e-30
3,109,3.662690172580669e-30
3,110,9.395568816416787e-31
3,111,1.4984278242799695e-30
3,112,2.9501957623246814e-30
3,113,1.0465733920350037e-30
3,114,1.2340491812914748e-30
3,115,2.0704690151141743e-30
3,116,1.9042039723981333e-30
3,117,3.9290885762947073e-16
3,118,9.667640545408987e-16
3,119,1.1210357908228416e-30
3,120,1.2166314880248965e-30
3,121,2.6972576721780684e-30
3,122,3.1223615676675013e-30
3,123,2.5928486751786906e-30
3,124,1.3828870624947474e-30
3,125,1.1407696291738214e-30
3,126,1.2967178594283687e-30
3,127,2.816862745759551e-30
3,128,1.7395694625372284e-30
3,129,2.3283986636940156e-30
3,130,8.195248738497015e-31
3,131,3.0402625032463953e-30
3,132,1.7830747540575152e-30
3,133,3.3814272431404086e-30
3,134,1.3328553461981292e-30
3,135,4.0781667407591e-31
3,136,1.8119344119789556e-30
3,137,1.827608342413033e-30
3,138,4.142926304936208e-30
3,139,3.951229669626049e-30
3,140,9.582502671462672e-31
3,141,1.0769304511172354e-30
3,142,5.597598402078506e-30
3,143,1.256667291111383e-30
3,144,2.990001855131566e-30
3,145,2.4908359637553514e-31
3,146,1.0362134516195538e-30
3,147,2.6057789391450122e-30
3,148,3.3374116472037996e-30
3,149,1.818851969362919e-30
4,5,3.5491255794692667e-31
4,6,4.9319342680524316e-31
4,7,2.650734994223737e-31
4,8,6.514733952890585e-31
4,9,6.320478747655202e-31
4,10,3.3291579414858553e-31
4,11,1.1584830387106956e-30
4,12,5.791728177828805e-31
4,13,7.429868853297052e-31
4,14,1.059626607774771e-30
4,15,5.28063880626859e-31
4,16,1.1211056502130808e-30
4,17,1.156758870961842e-30
4,18,2.0646161282640443e-31
4,19,8.214218230948507e-31
4,20,1.2992511777774208e-30
4,21,7.806992896843234e-31
4,22,1.2411863401962611e-30
4,23,1.138392300996389e-31
4,24,8.317784511823614e-31
4,25,5.98900875432135e-31
4,26,9.868141886232772e-31
4,27,1.721862082733928e-30
4,28,1.082022096608935e-30
4,29,1.3023983309321214e-30
4,30,6.858717889408473e-31
4,31,8.058868178671633e-31
4,32,6.999276653530652e-31
4,33,8.059655702858969e-31
4,34,1.7302296562584213e-31
4,35,1.2388324575397698e-30
4,36,1.5156054075341857e-31
4,37,1.2827194975751863e-30
4,38,7.19218769322206e-31
4,39,9.871289625168082e-32
4,40,1.5762137000608548e-16
4,41,9.923486737049577e-31
4,42,1.1945131327654345e-30
4,43,5.425523700736868e-31
4,44,4.055312694385919e-31
4,45,1.3217416966786713e-30
4,46,8.912347049457776e-32
4,47,2.8191186962707296e-31
4,48,2.9869755206424325e-31
4,49,6.067900974725888e-31
4,50,4.553165267439048e-31
4,51,1.0652432662969924e-30
4,52,1.1370590763443378e-30
4,53,8.419343570782209e-31
4,54,7.427734531067157e-31
4,55,1.3678780759714295e-30
4,56,3.966797897824136e-31
4,57,1.3766349040467693e-30
4,58,6.197895118487631e-31
4,59,6.9458291117529485e-31
4,60,6.916630124734046e-31
4,61,9.944111842655955e-31
4,62,7.222781033479113e-30
4,63,8.694888237857839e-31
4,64,5.0925728618991045e-31
4,65,2.25648103557813e-30
4,66,7.499738186315301e-31
4,67,8.929626428413201e-31
4,68,1.0101118422085308e-30
4,69,8.765825845158679e-31
4,70,6.23578328794579e-31
4,71,1.2058250399638058e-30
4,72,9.070345847807973e-31
4,73,1.106631258128028e-30
4,74,1.8495764552236915e-16
4,75,5.43345391071884e-31
4,76,4.591636719134834e-32
4,77,4.281683189252018e-31
4,78,4.820842048324705e-31
4,79,7.295727672970817e-31
4,80,4.693684425370051e-31
4,81,6.156935678855079e-31
4,82,3.6864887355114873e-31
4,83,1.5471952881264147e-30
4,84,5.637891587462482e-31
4,85,9.287919721608787e-31
4,86,5.080352768793602e-31
4,87,7.388466216490746e-31
4,88,4.1068847327878395e-32
4,89,2.388310075700835e-30
4,90,4.741027103281996e-31
4,91,1.0482026128528949e-30
4,92,3.8859354691259486e-16
4,93,4.816838741691428e-31
4,94,1.2301171141878684e-30
4,95,1.0072318291591886e-30
4,96,2.2078493407236655e-31
4,97,1.4511867156034286e-30
4,98,9.01779798747037e-31
4,99,4.605849836292405e-31
4,100,6.783518345008457e-31
4,101,1.3627239741603222e-31
4,102,2.0855389245614817e-31
4,103,7.90891391307356e-31
4,104,3.8911944972008363e-31
4,105,1.1516029334543559e-30
4,106,4.2300510721114665e-31
4,107,6.867534654422714e-31
4,108,1.1434793875298147e-30
4,109,1.0074064134366722e-30
4,110,8.844901289779388e-31
4,111,8.57508151934235e-31
4,112,5.156584994498138e-31
4,113,9.596442027277962e-31
4,114,1.098925800733631e-30
4,115,7.77828048883061e-31
4,116,4.66791741400015e-31
4,117,5.418116571034859e-16
4,118,8.921809491438637e-16
4,119,7.860251510154425e-31
4,120,7.23027823315486e-31
4,121,1.1144817738677398e-30
4,122,1.2066599794330044e-30
4,123,1.5692941532763612e-30
4,124,1.2599094352546117e-30
4,125,9.910266737144359e-31
4,126,7.52540543089143e-31
4,127,7.8687953641772555e-31
4,128,3.097809148073539e-31
4,129,1.2865003881288845e-30
4,130,2.4614577261481965e-31
4,131,6.4850959056218e-31
4,132,3.5051117604656673e-31
4,133,8.341564964938346e-31
4,134,1.0336388217060753e-30
4,135,5.727361083355683e-31
4,136,9.10008031209197e-31
4,137,9.19721051094393e-31
4,138,1.5741924172377837e-30
4,139,1.0848588814865468e-30
4,140,4.285839202724931e-31
4,141,3.9908083201037894e-31
4,142,8.118094593940335e-31
4,143,1.94923809827953e-31
4,144,6.487618669968454e-31
4,145,1.973261703178586e-31
4,146,2.0401264344772996e-31
4,147,1.1723035186035267e-30
4,148,2.692784518021723e-30
4,149,9.30512200895036e-31
5,6,5.458470576092156e-31
5,7,8.631757601425053e-31
5,8,1.1316993474494508e-16
5,9,2.9562653454699994e-30
5,10,1.1162818288643327e-30
5,11,8.439498222821027e-31
5,12,1.4195702217309386e-30
5,13,1.6244317803427324e-30
5,14,1.0789058787883678e-30
5,15,1.9695327905313613e-30
5,16,6.67283358388541e-31
5,17,2.3558263024722482e-30
5,18,2.681541891426931e-31
5,19,2.4097945748819808e-30
5,20,9.281838017046897e-31
5,21,1.1992167830737186e-30
5,22,1.679985741003274e-30
5,23,3.2023578452063386e-31
5,24,1.4825346024035846e-30
5,25,1.24299104985358e-30
5,26,2.886012183312967e-30
5,27,1.6004628550607213e-30
5,28,8.711044370300761e-31
5,29,1.5573359740900708e-30
5,30,2.0809006974977393e-30
5,31,1.1493854921193002e-30
5,32,1.1445173793758441e-30
5,33,2.326575529842302e-30
5,34,1.0511914960308741e-30
5,35,1.0457013357758235e-30
5,36,2.2433775798160643e-31
5,37,7.999749254928452e-31
5,38,1.109466258603693e-30
5,39,3.7648917557896588e-31
5,40,1.7608938668935678e-16
5,41,1.360854374269515e-30
5,42,7.901972530833698e-31
5,43,4.507968996049377e-31
5,44,2.359872274822614e-30
5,45,1.2347716089676122e-30
5,46,4.1106980365472374e-32
5,47,5.339828553405274e-31
5,48,8.187537119394385e-31
5,49,2.3577837261485218e-30
5,50,7.5689142794125536e-31
5,51,1.7471659826337673e-30
5,52,7.154205213757969e-30
5,53,2.2795766570131243e-30
5,54,7.7131690467209805e-31
5,55,1.63609132922244e-30
5,56,1.1575173641473879e-30
5,57,3.1924116904296976e-30
5,58,2.231740130737022e-30
5,59,1.3062475771027525e-30
5,60,2.2118073657185306e-30
5,61,1.0647533075611335e-30
5,62,3.678229464752448e-30
5,63,3.273576476034866e-30
5,64,1.4196718768529822e-30
5,65,2.6574940543183946e-30
5,66,1.4657274149753841e-30
5,67,2.9422785143800305e-30
5,68,6.821838050349712e-31
5,69,1.4540599700770395e-30
5,70,1.0542804856239883e-30
5,71,1.1597974773073595e-30
5,72,1.5946147007322938e-30
5,73,2.8550063843971086e-30
5,74,1.42016970324357e-15
5,75,6.605873085128383e-31
5,76,3.5256197917092017e-31
5,77,1.1466550589964969e-30
5,78,6.184538110776035e-31
5,79,8.803047922719448e-31
5,80,3.5696830131198525e-31
5,81,2.056983781887657e-30
5,82,7.126941701569284e-31
5,83,1.957198091733828e-30
5,84,2.1234681581517342e-30
5,85,1.3041560931615209e-30
5,86,8.480517882360944e-31
5,87,1.3659602503487892e-30
5,88,3.15341020683217e-31
5,89,1.0072201352196122e-30
5,90,2.0539528356164262e-30
5,91,1.5448376150037126e-30
5,92,2.5476231888929035e-16
5,93,9.894851697409779e-31
5,94,1.8206823434753236e-30
5,95,1.0426590420882005e-30
5,96,5.316084772465102e-31
5,97,1.1908970800244355e-30
5,98,1.5558944325267458e-30
5,99,1.5635087356661655e-30
5,100,5.558490107675181e-31
5,101,9.057093413253791e-31
5,102,4.310969181954279e-31
5,103,9.78066599973169e-31
5,104,1.896825519007743e-30
5,105,1.4833831729955828e-30
5,106,1.5200751251598615e-30
5,107,5.615815867687444e-31
5,108,1.2039909316178137e-30
5,109,2.592726580743435e-30
5,110,3.5957428602270967e-31
5,111,1.1886048836028858e-30
5,112,2.1276182914580873e-30
5,113,7.872483752064411e-31
5,114,7.613231107252741e-31
5,115,1.5088689706560911e-30
5,116,1.481934722325633e-30
5,117,2.3916546437205546e-16
5,118,4.11506245833823e-16
5,119,7.448850961192453e-31
5,120,8.602822985779713e-31
5,121,1.915293068296472e-30
5,122,2.2326183407968993e-30
5,123,1.916264775907235e-30
5,124,5.9169467929791145e-31
5,125,4.977828876621427e-31
5,126,8.916098308960905e-31
5,127,2.0840295550347884e-30
5,128,1.2898665230167422e-30
5,129,1.5387349571272245e-30
5,130,6.853632466464621e-31
5,131,2.2631812971346934e-30
5,132,1.3678357207755543e-30
5,133,2.471509129546576e-30
5,134,1.0063817097886454e-30
5,135,1.8928237678370337e-31
5,136,1.3294416727771391e-30
5,137,1.2218871629435483e-30
5,138,2.8398436619085518e-30
5,139,3.0229554582660525e-30
5,140,6.392308572199831e-31
5,141,7.960293669258261e-31
5,142,4.402251652275847e-30
5,143,9.358013814278242e-31
5,144,2.122156936054206e-30
5,145,1.711010732657438e-31
5,146,6.620579032475565e-31
5,147,1.9126439596257537e-30
5,148,1.8764604751819113e-30
5,149,1.4308339478630535e-30
6,7,2.5349878642808993e-31
6,8,1.2175887583130537e-30
6,9,7.669513516646178e-31
6,10,3.385735254046061e-31
6,11,6.794801392579272e-31
6,12,5.062486462460944e-31
6,13,5.24022821302337e-31
6,14,4.741950812871786e-31
6,15,6.020316624053465e-31
6,16,7.122040458684247e-31
6,17,5.741359856586256e-31
6,18,9.984120748625492e-32
6,19,6.566552299485815e-31
6,20,7.745930268884953e-31
6,21,4.100444057520735e-31
6,22,8.118249453556159e-31
6,23,9.900684483796869e-32
6,24,5.222270133036113e-31
6,25,4.486730765710624e-31
6,26,7.905745462924098e-31
6,27,1.0524944922376596e-30
6,28,6.9399688394924826e-31
6,29,8.360753391332782e-31
6,30,4.852200943823676e-31
6,31,4.207775967177405e-31
6,32,5.3307398654790645e-31
6,33,7.545862127304464e-31
6,34,2.597872046920673e-31
6,35,9.02029863111819e-31
6,36,2.8050218250543186e-31
6,37,7.388931956198266e-31
6,38,5.78056703477293e-31
6,39,8.799996142096271e-32
6,40,1.2947633034064663e-30
6,41,4.275159781305834e-31
6,42,6.066297892376316e-31
6,43,2.643584973676935e-31
6,44,5.813984801858231e-31
6,45,7.314967639360492e-31
6,46,4.8023079961115735e-32
6,47,4.642707016597816e-31
6,48,4.408773966118202e-31
6,49,6.074766859941236e-31
6,50,3.3602053398120348e-31
6,51,7.947441352569117e-31
6,52,2.0564731436503447e-30
6,53,7.394708455191145e-31
6,54,3.703984321535485e-31
6,55,7.355956345851997e-31
6,56,3.4514833203343604e-31
6,57,8.038379283549955e-31
6,58,6.639085481478515e-31
6,59,5.991007888881425e-31
6,60,7.360009210336092e-31
6,61,4.760183519225008e-31
6,62,4.0375988816479636e-30
6,63,9.304498288705055e-31
6,64,3.941667018612565e-31
6,65,1.1336657884773836e-30
6,66,3.4437584134351234e-31
6,67,9.500201398931401e-31
6,68,5.397508233721812e-31
6,69,7.280023027154165e-31
6,70,3.1901762081968893e-31
6,71,6.4334029644933965e-31
6,72,4.1892127370422e-31
6,73,6.824537323004749e-31
6,74,3.810710141257112e-16
6,75,3.942764385340613e-31
6,76,9.460218073796508e-32
6,77,3.06822704198927e-31
6,78,2.462456252653117e-31
6,79,4.562757731769661e-31
6,80,2.718970170061237e-31
6,81,7.366631971804597e-31
6,82,2.0883717855509875e-31
6,83,7.089420426858279e-31
6,84,6.022095308947202e-31
6,85,4.075489189248845e-31
6,86,5.586045721952812e-31
6,87,7.061198565862648e-31
6,88,8.461476277992446e-32
6,89,1.2912501503773815e-30
6,90,5.707172974053514e-31
6,91,5.547459250206259e-31
6,92,1.2412670766236316e-16
6,93,4.387455877435723e-31
6,94,5.76609227938041e-31
6,95,4.3322557036783e-31
6,96,2.0869572496367194e-31
6,97,7.914239520223636e-31
6,98,3.8622478446740263e-31
6,99,6.079671257902765e-31
6,100,3.3495357349110314e-31
6,101,2.3980020097275413e-31
6,102,1.3945764143956348e-31
6,103,5.601511572083805e-31
6,104,4.634167534400779e-31
6,105,6.16884923462759e-31
6,106,4.3155599494331695e-31
6,107,5.0645679668694155e-31
6,108,7.243671064302394e-31
6,109,9.74202906272704e-31
6,110,4.892817524511209e-31
6,111,5.557847501266617e-31
6,112,5.659214832061252e-31
6,113,5.674021674151294e-31
6,114,6.714728944412087e-31
6,115,7.637774015121739e-31
6,116,5.64965494477834e-31
6,117,6.004449063730075e-16
6,118,4.807406715958913e-16
6,119,4.151564557680892e-31
6,120,4.261986881340068e-31
6,121,5.543270027125442e-31
6,122,6.704977660156052e-31
6,123,9.143363721639523e-31
6,124,7.492164681615785e-31
6,125,5.596159481010994e-31
6,126,2.8801815343684966e-31
6,127,6.937142376211399e-31
6,128,3.353470783215064e-31
6,129,8.42639803175024e-31
6,130,3.704298225245083e-31
6,131,7.424253572419718e-31
6,132,3.4453751489681807e-31
6,133,8.264097052920555e-31
6,134,6.164176781771819e-31
6,135,3.381925004508763e-31
6,136,4.850291745946674e-31
6,137,6.38382076072319e-31
6,138,1.0604700141014836e-30
6,139,9.373606043110624e-31
6,140,3.2035000157151296e-31
6,141,2.1510999856072563e-31
6,142,1.3020196628415657e-30
6,143,2.2794263643250256e-31
6,144,7.530870958764578e-31
6,145,9.90973065734225e-32
6,146,2.3436734860441133e-31
6,147,6.954236300259396e-31
6,148,1.4334707418761853e-30
6,149,7.453993730800109e-31
7,8,1.3445849689351447e-30
7,9,1.1417788550823335e-30
7,10,4.612973478952e-31
7,11,5.4588626941494675e-31
7,12,5.931617554438442e-31
7,13,6.50828941252061e-31
7,14,4.87505090233424e-31
7,15,7.4800566122106445e-31
7,16,4.055535350428942e-31
7,17,1.1074094438704714e-30
7,18,1.5159842050327314e-31
7,19,4.955955500339829e-16
7,20,6.170554392374689e-31
7,21,6.009892270201447e-31
7,22,9.418966299960387e-31
7,23,1.253823566226184e-31
7,24,5.491721302905496e-31
7,25,4.657583900723261e-31
7,26,1.1798966491379732e-30
7,27,1.1095530516291757e-30
7,28,6.981116806540553e-31
7,29,5.290357303970019e-31
7,30,9.138474991488782e-31
7,31,4.726866782886887e-31
7,32,4.6939275104865254e-31
7,33,8.922115964603073e-31
7,34,4.502584006914835e-31
7,35,7.143105482228555e-31
7,36,2.3320927562763326e-31
7,37,6.99832459375962e-31
7,38,5.848560755814928e-31
7,39,1.6777877680705496e-31
7,40,1.3927243552441215e-30
7,41,6.68425317606001e-31
7,42,4.304721121583776e-31
7,43,1.683058056496132e-31
7,44,9.462110150258509e-31
7,45,5.121527606569906e-31
7,46,3.719851778459768e-32
7,47,3.3748084754052154e-31
7,48,3.1946553418962252e-31
7,49,9.655118027331206e-31
7,50,2.815161654965894e-31
7,51,1.000879546130263e-30
7,52,2.7361053991909548e-30
7,53,8.783429315224257e-31
7,54,3.1640819025776016e-31
7,55,8.891033989866437e-31
7,56,4.930990415422487e-31
7,57,1.3744748479762848e-30
7,58,8.442166178065544e-31
7,59,4.885777902334233e-31
7,60,7.958801451734149e-31
7,61,5.902562393081671e-31
7,62,4.26763312269206e-16
7,63,1.2871436861227184e-30
7,64,5.960677529992347e-31
7,65,1.5691888356606165e-30
7,66,6.317866799939831e-31
7,67,1.1144236353057407e-30
7,68,3.944104184140536e-31
7,69,4.7900342861403865e-31
7,70,5.3452495301938485e-31
7,71,6.057692408578731e-31
7,72,7.225581525618447e-31
7,73,1.3305442379044227e-30
7,74,5.608068829092921e-16
7,75,2.9590249036900297e-31
7,76,1.3922222401984602e-31
7,77,4.854910460054919e-31
7,78,2.0333179779879535e-31
7,79,3.998017620018215e-31
7,80,1.9065748257164347e-31
7,81,8.102467951245715e-31
7,82,2.959524633874672e-31
7,83,8.303386343427396e-31
7,84,8.369656177064453e-31
7,85,6.590440821029539e-31
7,86,4.240259914317274e-31
7,87,5.805181378086637e-31
7,88,1.2452414275483188e-31
7,89,3.9405391914640615e-16
7,90,8.26140945134299e-31
7,91,8.146679741292332e-31
7,92,2.915858850242035e-30
7,93,3.5704449358393544e-31
7,94,8.898824898740317e-31
7,95,5.476840290609832e-31
7,96,1.8465773111238728e-31
7,97,7.49287210206867e-31
7,98,7.422490521383747e-31
7,99,5.911004148030855e-31
7,100,2.0047356200158937e-31
7,101,3.6468201928875956e-31
7,102,1.8273841634235089e-31
7,103,4.485163827041347e-31
7,104,7.996863414618328e-31
7,105,6.015982977403021e-31
7,106,6.561886804752188e-31
7,107,2.791946244651345e-31
7,108,7.602733084104928e-31
7,109,9.162346481305588e-31
7,110,3.3838103371190646e-31
7,111,4.91270723566268e-31
7,112,8.520167975932362e-31
7,113,4.527723525400227e-31
7,114,5.499204439955173e-31
7,115,5.205639874848739e-31
7,116,5.592283841448923e-31
7,117,3.376611507232128e-16
7,118,3.7238012298709033e-16
7,119,2.9399211950036743e-31
7,120,3.4542507138806653e-31
7,121,8.432365472729896e-31
7,122,9.74182287675206e-31
7,123,1.00803317496713e-30
7,124,4.657936972549505e-31
7,125,4.2352877260579925e-31
7,126,4.246465665767091e-31
7,127,7.619858685377921e-31
7,128,5.284316173031439e-31
7,129,7.618006204083294e-31
7,130,2.870059868425244e-31
7,131,8.6492161963061e-31
7,132,5.7825987376133885e-31
7,133,8.914975158684236e-31
7,134,5.114535276734209e-31
7,135,1.5173534655250777e-31
7,136,5.390699622522414e-31
7,137,5.407559670799248e-31
7,138,1.0896337934885345e-30
7,139,1.2501293302656697e-30
7,140,2.6005604814782715e-31
7,141,3.919783955226469e-31
7,142,1.7534293968579983e-30
7,143,3.941830026791428e-31
7,144,7.538428817464755e-31
7,145,8.940798804107955e-32
7,146,3.3673458402697076e-31
7,147,9.271966382020386e-31
7,148,1.3902856816319683e-30
7,149,6.076152079043947e-31
8,9,4.45200450242475e-16
8,10,2.0143232481767976e-30
8,11,5.578863286556206e-16
8,12,2.289900696569192e-16
8,13,3.226752681892125e-30
8,14,1.993438218514806e-30
8,15,3.7339959749342006e-30
8,16,2.1687080854207842e-30
8,17,5.476123897459272e-16
8,18,3.477985804246465e-31
8,19,1.6061780719155436e-15
8,20,1.1102230246251593e-16
8,21,1.7882882035717464e-30
8,22,2.6910028968575984e-16
8,23,5.993113524442996e-31
8,24,1.2412670766236378e-16
8,25,5.497513588186635e-16
8,26,3.2751032526716e-16
8,27,1.5823536122026367e-30
8,28,3.7675062959647397e-16
8,29,3.670651500541241e-30
8,30,4.4060610344641545e-16
8,31,4.443409191110711e-16
8,32,2.5962972686756646e-16
8,33,3.491968626284533e-16
8,34,1.698147563143625e-30
8,35,2.0843862385027216e-30
8,36,4.532443535198237e-31
8,37,1.1116008248922768e-30
8,38,4.085853827438227e-16
8,39,5.861509059160208e-31
8,40,8.428367505176323e-16
8,41,1.9300205135711198e-30
8,42,6.866399502166007e-16
8,43,9.50018035124416e-31
8,44,5.117992863406673e-16
8,45,2.4825341532472756e-16
8,46,8.272663779015933e-32
8,47,1.2433195729842371e-30
8,48,1.8668017595738178e-30
8,49,4.280617731075939e-30
8,50,8.827629217128862e-16
8,51,4.2209069750229267e-16
8,52,6.577416292284799e-16
8,53,5.389409234818211e-16
8,54,1.570954124753576e-30
8,55,2.1670161218165723e-16
8,56,7.625289996791959e-16
8,57,5.089573550652617e-16
8,58,3.1903823839920083e-16
8,59,7.110335065689954e-16
8,60,7.133996249413647e-16
8,61,1.4045477326280717e-30
8,62,2.9350742333370223e-15
8,63,5.573404936888727e-16
8,64,2.7790383784020094e-16
8,65,2.8363577362406824e-30
8,66,2.0413615524287004e-30
8,67,5.7588527216108884e-30
8,68,7.367736368028478e-16
8,69,6.697380712247045e-16
8,70,1.459472974727047e-30
8,71,6.356956841897199e-16
8,72,3.2405451735427805e-16
8,73,4.450437124348754e-30
8,74,2.5440392540921867e-15
8,75,1.2739297094816712e-16
8,76,6.315664335485564e-31
8,77,9.968126766612054e-16
8,78,9.60545886861686e-31
8,79,1.7637563876010333e-30
8,80,8.16612096627511e-31
8,81,4.821269719900942e-16
8,82,1.791054734959262e-16
8,83,8.360719307065314e-16
8,84,4.596460756922435e-16
8,85,3.4471709787692927e-16
8,86,1.5635356744696094e-30
8,87,2.8131162847164438e-30
8,88,5.648901910886702e-31
8,89,9.221553453182251e-16
8,90,3.475859502681918e-16
8,91,1.276761192232787e-15
8,92,5.982482408131666e-16
8,93,2.077037090527615e-16
8,94,4.086884809081155e-16
8,95,1.083596932003627e-15
8,96,1.1193353923269142e-30
8,97,3.546353544614869e-16
8,98,2.5347894999756642e-30
8,99,1.7826341206873999e-16
8,100,1.788109141764393e-30
8,101,1.596215008320416e-30
8,102,7.614008869266523e-31
8,103,1.09719031435274e-15
8,104,1.5093260647917255e-15
8,105,2.4394924734781536e-16
8,106,2.8433132582091696e-30
8,107,1.5810957670624177e-30
8,108,7.668341152231248e-16
8,109,5.102800490722269e-16
8,110,1.0083287561337933e-30
8,111,6.228406214938805e-16
8,112,7.777212457538777e-16
8,113,1.651437414225585e-30
8,114,2.246317243016213e-16
8,115,3.5182499402327026e-30
8,116,4.990971583246318e-16
8,117,7.8379418459200735e-16
8,118,9.763534773694054e-16
8,119,1.6187295828287448e-30
8,120,1.800391949402175e-30
8,121,9.649195649147358e-16
8,122,9.147767819726587e-16
8,123,5.599476716142698e-16
8,124,1.9552969995432942e-30
8,125,1.239923107031637e-30
8,126,2.4669695223621374e-16
8,127,3.650933580075237e-16
8,128,2.2531673019860373e-30
8,129,3.3993941508564797e-16
8,130,1.5080580868910076e-30
8,131,4.339904871217403e-30
8,132,2.2561726346783496e-30
8,133,6.938893903907272e-18
8,134,2.783352870424021e-16
8,135,3.950806839407652e-31
8,136,1.2220787589440524e-15
8,137,4.799889265361474e-16
8,138,4.0857548579275117e-16
8,139,8.744731406952943e-16
8,140,1.365587648578091e-30
8,141,1.1190216987473901e-30
8,142,2.8313748239171495e-16
8,143,1.5696362680538952e-30
8,144,4.310123662192535e-30
8,145,3.23314177706289e-31
8,146,1.1109004443139284e-16
8,147,2.4199237048205543e-16
8,148,5.551359063254702e-16
8,149,6.115829059033861e-16
9,10,1.4169661288861497e-30
9,11,1.2132259935002824e-30
9,12,2.1804736685536606e-30
9,13,2.2122682671228932e-30
9,14,1.2311168348074123e-30
9,15,2.7964671455202174e-30
9,16,1.0539285501106594e-30
9,17,3.058112599369295e-30
9,18,3.8082704762708644e-31
9,19,3.403052214430005e-30
9,20,1.6923824848213696e-30
9,21,1.4935792744298485e-30
9,22,2.3061726789853128e-30
9,23,4.510577043338552e-31
9,24,2.0805090699197666e-30
9,25,1.7195212004061132e-30
9,26,4.110811601732816e-30
9,27,1.9788095995255642e-30
9,28,1.4152722774011267e-30
9,29,2.4162754892926637e-30
9,30,2.79204434023028e-30
9,31,1.731728212435429e-30
9,32,1.5720854962616743e-30
9,33,3.227723434384751e-30
9,34,1.533727206002165e-30
9,35,1.1610219624493236e-30
9,36,3.999162959938398e-31
9,37,1.092720591238761e-30
9,38,1.8601059138477726e-30
9,39,5.029600579909138e-31
9,40,7.866468891400834e-16
9,41,1.7034733987433476e-30
9,42,1.1649734386123414e-30
9,43,7.142861976762456e-31
9,44,3.234478169753095e-30
9,45,1.75023013031776e-30
9,46,5.151883735647395e-32
9,47,7.707219722131645e-31
9,48,1.0716167401286488e-30
9,49,3.3335406101087435e-30
9,50,1.2711610658522803e-30
9,51,2.696213311121511e-30
9,52,9.978794800294034e-30
9,53,3.1640513496513706e-30
9,54,1.210255837797091e-30
9,55,2.639074543192531e-30
9,56,1.6253758844654652e-30
9,57,4.4305738008376066e-30
9,58,3.1712050678206796e-30
9,59,1.920998117811171e-30
9,60,3.1952064566322595e-30
9,61,1.3146753213561092e-30
9,62,6.835295397313309e-30
9,63,4.5730920635248605e-30
9,64,2.1595622650651963e-30
9,65,3.2152777101707416e-30
9,66,1.9440083306545344e-30
9,67,4.1404597493893895e-30
9,68,1.2236204503027061e-30
9,69,2.1688235251899147e-30
9,70,1.3554885482453791e-30
9,71,1.5073857627544071e-30
9,72,2.1208816540009747e-30
9,73,3.863276333480987e-30
9,74,1.9799206946376414e-15
9,75,1.0538985105781293e-30
9,76,4.915220745159002e-31
9,77,1.8027930986366958e-30
9,78,1.000437622327246e-30
9,79,1.2337405734738455e-30
9,80,5.291832737050981e-31
9,81,2.667937167924224e-30
9,82,1.0166389891158231e-30
9,83,2.8709079568952294e-30
9,84,2.9986979006694758e-30
9,85,1.5995077559737267e-30
9,86,1.1314470943783509e-30
9,87,1.9408503133944375e-30
9,88,4.39630708423708e-31
9,89,1.8112685573659765e-30
9,90,2.734869995814731e-30
9,91,2.0653933106661718e-30
9,92,7.030233082753151e-16
9,93,1.3979360910737677e-30
9,94,2.5052915487472564e-30
9,95,1.2511146753856639e-30
9,96,7.817436457316044e-31
9,97,1.4771476695998171e-30
9,98,1.9591262196987942e-30
9,99,2.0714966709908507e-30
9,100,1.1533554695332172e-30
9,101,1.2343393091312074e-30
9,102,5.38893211533353e-31
9,103,1.5346514299478266e-30
9,104,2.4885538764817584e-30
9,105,2.0084098622931693e-30
9,106,2.008481161793019e-30
9,107,8.676565502281683e-31
9,108,1.5904915112099115e-30
9,109,3.789741032409492e-30
9,110,5.123360091171791e-31
9,111,1.5209183301321047e-30
9,112,3.0703889482866073e-30
9,113,1.0890454878603712e-30
9,114,1.2517877667400304e-30
9,115,2.2149867458861603e-30
9,116,1.9709187574425403e-30
9,117,5.117052012649439e-16
9,118,5.157353608024462e-16
9,119,1.1306333240717763e-30
9,120,1.2511354792745579e-30
9,121,2.7309099293374865e-30
9,122,3.2213849779040094e-30
9,123,2.2969386047072907e-30
9,124,9.481192984396079e-31
9,125,6.02272213809032e-31
9,126,1.1211183711568599e-30
9,127,2.9866459308918037e-30
9,128,1.780516066722288e-30
9,129,2.2769490581354777e-30
9,130,8.234930327616212e-31
9,131,3.1406198490245366e-30
9,132,1.7965588761279766e-30
9,133,3.683958923179846e-30
9,134,1.4170602893977964e-30
9,135,2.6057138806961064e-31
9,136,1.8547128940785252e-30
9,137,1.962279880854633e-30
9,138,4.248735734037149e-30
9,139,4.0012634490053676e-30
9,140,9.847373309859812e-31
9,141,1.0306326249324572e-30
9,142,5.749040056330541e-30
9,143,1.2769288260939493e-30
9,144,3.0851239684712212e-30
9,145,2.572712830292112e-31
9,146,9.998238597351823e-31
9,147,2.5379923868364358e-30
9,148,2.2303456390337862e-30
9,149,1.832811844803214e-30
10,11,4.576929570459425e-31
10,12,7.1302938119472765e-31
10,13,9.34230658840644e-31
10,14,7.004484625577481e-31
10,15,1.0310825180509084e-30
10,16,4.260469838529886e-31
10,17,1.2653310289277925e-30
10,18,1.282768870398209e-31
10,19,1.253865283324189e-30
10,20,4.001992891464335e-31
10,21,6.656134120215055e-31
10,22,8.442609115087924e-31
10,23,1.6749343041098734e-31
10,24,7.5588798640090525e-31
10,25,6.549886435239576e-31
10,26,1.4581150199718859e-30
10,27,8.535089050565252e-31
10,28,3.7187030292972063e-31
10,29,8.409736798906211e-31
10,30,1.0577098858506336e-30
10,31,5.341176522645081e-31
10,32,6.3827018410718525e-31
10,33,1.3057519266066888e-30
10,34,5.082739162787471e-31
10,35,6.895516215225137e-31
10,36,8.66863416845469e-32
10,37,4.2110217877982125e-31
10,38,4.435027949374248e-31
10,39,1.9732091593831653e-31
10,40,2.558937633260455e-16
10,41,7.380193029309136e-31
10,42,4.161444611153853e-31
10,43,2.6177654965990926e-31
10,44,1.2219464481128738e-30
10,45,6.776193688845157e-31
10,46,2.541142535369633e-32
10,47,2.994640622450359e-31
10,48,4.8907742580873365e-31
10,49,1.2479168583083864e-30
10,50,4.177789363191921e-31
10,51,7.689707828321064e-31
10,52,3.766337442745386e-30
10,53,1.1882734101804383e-30
10,54,4.018453890738461e-31
10,55,7.099500150873976e-31
10,56,6.317127704397478e-31
10,57,1.6675919447219267e-30
10,58,1.146259314711803e-30
10,59,7.665904836200757e-31
10,60,1.1352676592685354e-30
10,61,5.842055721915191e-31
10,62,2.113931093248916e-30
10,63,1.7062465984106656e-30
10,64,6.955888640647548e-31
10,65,1.4316238749063361e-30
10,66,6.976928892782282e-31
10,67,1.597283651403415e-30
10,68,4.1200975160790785e-31
10,69,7.596066671993253e-31
10,70,5.562584148685037e-31
10,71,6.26307369833236e-31
10,72,9.253531631743163e-31
10,73,1.476001972860056e-30
10,74,7.426885862005054e-16
10,75,2.5022697237993995e-31
10,76,1.8437497804696836e-31
10,77,6.030306368732515e-31
10,78,2.5708990619542247e-31
10,79,4.609281303706022e-31
10,80,2.0824940469023918e-31
10,81,1.1482971038860572e-30
10,82,3.677824812052968e-31
10,83,1.0122015837290422e-30
10,84,1.1416832237975887e-30
10,85,7.232337646715877e-31
10,86,4.977441241344899e-31
10,87,7.207323250336864e-31
10,88,1.649099937052211e-31
10,89,5.7993700017075286e-31
10,90,1.1224721623694195e-30
10,91,8.133143632248008e-31
10,92,2.66222128970246e-16
10,93,5.756221908413745e-31
10,94,9.290671561821545e-31
10,95,6.105803571509614e-31
10,96,2.791631360981494e-31
10,97,6.7048719902788495e-31
10,98,8.790998034078545e-31
10,99,9.158456201887747e-31
10,100,4.1686421857481945e-31
10,101,4.822404347171919e-31
10,102,2.467891578813364e-31
10,103,5.304210273123358e-31
10,104,9.73788514885664e-31
10,105,8.315455650864606e-31
10,106,8.871622124197515e-31
10,107,3.181965092166607e-31
10,108,6.905808895235629e-31
10,109,1.3754752951041585e-30
10,110,2.2997554310946194e-31
10,111,7.233496068707955e-31
10,112,1.0724502063585706e-30
10,113,4.244655258222907e-31
10,114,3.242208419292527e-31
10,115,8.475576108696493e-31
10,116,8.304252473407605e-31
10,117,3.5544479789666735e-16
10,118,2.543840524313795e-16
10,119,3.846792721258877e-31
10,120,4.495246929060897e-31
10,121,9.956888674067829e-31
10,122,1.2160234371631222e-30
10,123,1.0430933536562457e-30
10,124,3.516690271824229e-31
10,125,3.0961588408281425e-31
10,126,5.687804635183312e-31
10,127,1.0650075440345837e-30
10,128,6.74611320401383e-31
10,129,8.550359807216093e-31
10,130,4.35975288362954e-31
10,131,1.209262825559378e-30
10,132,7.453870778574349e-31
10,133,1.3042757463317221e-30
10,134,6.19420405965809e-31
10,135,2.5592639884609315e-31
10,136,6.680498984992391e-31
10,137,5.857796317853846e-31
10,138,1.4440793647843159e-30
10,139,1.679651892583933e-30
10,140,3.201412733872179e-31
10,141,4.192835946011968e-31
10,142,2.435996131087414e-30
10,143,4.896398075763938e-31
10,144,1.1132833004076423e-30
10,145,8.268812431889102e-32
10,146,3.5160542576116156e-31
10,147,1.0021970098457272e-30
10,148,1.076351274235908e-30
10,149,8.477975115152197e-31
11,12,8.747277721900046e-31
11,13,8.433809458422644e-31
11,14,1.2968536066864954e-30
11,15,8.865036286488963e-31
11,16,1.7716536909904942e-30
11,17,1.5405078728016985e-30
11,18,3.084289756105051e-31
11,19,1.1228131802155914e-30
11,20,2.1292721984367884e-30
11,21,1.22367740835707e-30
11,22,2.228093532688548e-30
11,23,1.791221393630982e-31
11,24,1.05697774110216e-30
11,25,9.36010831570434e-31
11,26,1.5235642454603362e-30
11,27,3.082843739102084e-30
11,28,1.7956052874785827e-30
11,29,1.8871897631842744e-30
11,30,1.1114804970290617e-30
11,31,8.906100811882567e-31
11,32,8.484485786791441e-31
11,33,1.1373599364246965e-30
11,34,5.948243377852224e-31
11,35,2.026506700051212e-30
11,36,5.051622914609316e-31
11,37,2.0544128357656825e-30
11,38,1.0698601234754096e-30
11,39,1.8313462443932887e-31
11,40,2.5020943278529404e-16
11,41,1.2109572364511322e-30
11,42,1.6973725007023557e-30
11,43,5.3866892291802335e-31
11,44,1.2314909536098182e-30
11,45,1.8842520147637364e-30
11,46,1.3810288935438932e-31
11,47,8.12515849984348e-31
11,48,7.153936282268475e-31
11,49,1.0047323296222584e-30
11,50,5.903922853017772e-31
11,51,1.976074763400251e-30
11,52,2.7235648141754136e-30
11,53,1.3074467592942592e-30
11,54,8.60642328976787e-31
11,55,1.7076319618120362e-30
11,56,7.896429080159998e-31
11,57,1.9078708157365258e-30
11,58,9.84980483222537e-31
11,59,1.1843755897789268e-30
11,60,1.1314813576831582e-30
11,61,1.4939710123363264e-30
11,62,1.1091775288793785e-29
11,63,1.3929947365399046e-30
11,64,6.8852216028344765e-31
11,65,3.530058984070802e-30
11,66,9.748159542284785e-31
11,67,1.4842949527522114e-30
11,68,1.1822420322151422e-30
11,69,1.4458327736787868e-30
11,70,9.889588192962511e-31
11,71,1.82177070096528e-30
11,72,8.769460644786052e-31
11,73,1.8273654939755126e-30
11,74,5.028663855320264e-16
11,75,9.21048679741763e-31
11,76,1.2483829766032645e-31
11,77,6.938379545727767e-31
11,78,4.6897307749758885e-31
11,79,1.1891781681816133e-30
11,80,6.725959777621715e-31
11,81,9.827382172122959e-31
11,82,4.464488344961344e-31
11,83,1.5519948342178296e-30
11,84,8.628312830427054e-31
11,85,1.2073688183969824e-30
11,86,1.0793338433801546e-30
11,87,1.5384881957627493e-30
11,88,1.1165876790553715e-31
11,89,3.5576817184593825e-30
11,90,7.827311229970541e-31
11,91,1.671667901605805e-30
11,92,5.079400973455031e-16
11,93,7.122550125397543e-31
11,94,1.8061671497540053e-30
11,95,1.1557214543138568e-30
11,96,3.695248017319898e-31
11,97,2.1879767795826404e-30
11,98,1.0646269666249717e-30
11,99,6.677583398716972e-31
11,100,6.986495891877575e-31
11,101,3.1450152796695465e-31
11,102,3.149978263022626e-31
11,103,1.3668157330562043e-30
11,104,1.1748565758236016e-30
11,105,1.1616052050427017e-30
11,106,5.886741274250317e-31
11,107,1.2007579443717069e-30
11,108,1.861099221289018e-30
11,109,1.6531436724402003e-30
11,110,1.3700107898630665e-30
11,111,1.1202121349314914e-30
11,112,7.843177929504088e-31
11,113,1.5823885309647253e-30
11,114,1.766161162009477e-30
11,115,1.4615150612767409e-30
11,116,8.920794487815603e-31
11,117,1.7211394469102722e-16
11,118,1.3824951633947562e-15
11,119,1.0467690491638284e-30
11,120,1.0713528156571933e-30
11,121,1.315193416065806e-30
11,122,1.6536554395319776e-30
11,123,2.565470508213511e-30
11,124,1.996591842039434e-30
11,125,1.6114925286543847e-30
11,126,6.533323722244457e-31
11,127,1.1843823088724601e-30
11,128,4.914062717607578e-31
11,129,1.8820187865932056e-30
11,130,5.742841297594686e-31
11,131,1.2181905586150448e-30
11,132,5.3869916822107156e-31
11,133,1.3220785445601527e-30
11,134,1.3464384459475013e-30
11,135,4.13514983767793e-31
11,136,1.186236310731618e-30
11,137,1.3880548789729004e-30
11,138,2.1297539383148003e-30
11,139,1.5019949531456431e-30
11,140,7.418154180127093e-31
11,141,6.430037283050502e-31
11,142,1.5340272686241517e-30
11,143,3.70057060405871e-31
11,144,1.18577539693512e-30
11,145,2.759951385153795e-31
11,146,2.74626588471295e-31
11,147,2.0892061555821572e-30
11,148,4.276610815312008e-30
11,149,1.2174253925190031e-30
12,13,1.4031741217870618e-30
12,14,6.7633353040967865e-31
12,15,1.6710162989270254e-30
12,16,1.0293998650197917e-30
12,17,1.7880278822442449e-16
12,18,2.3063250959646583e-31
12,19,6.135638707173951e-16
12,20,1.0371772479588995e-30
12,21,6.829305665227103e-31
12,22,1.279764685670081e-30
12,23,2.649319781577243e-31
12,24,1.92858813775722e-16
12,25,4.928110948961776e-16
12,26,1.1102230246251556e-16
12,27,1.2042173440953971e-30
12,28,9.084480261723264e-31
12,29,1.909053924504777e-30
12,30,1.4879028067108924e-30
12,31,1.1384932417616416e-30
12,32,1.139982291133049e-30
12,33,5.5965755810783365e-16
12,34,7.8563734506258125e-31
12,35,9.936375550391288e-31
12,36,3.465529123393748e-31
12,37,8.548410058588587e-31
12,38,1.2142868961158111e-30
12,39,2.605442562936076e-31
12,40,5.165166459527146e-16
12,41,8.744535201997276e-31
12,42,1.0102511434395562e-30
12,43,5.406653938833524e-31
12,44,1.5390798731371575e-30
12,45,1.191745837724569e-30
12,46,5.496492730575336e-32
12,47,4.976170922171391e-31
12,48,6.614216670178776e-31
12,49,1.7209437274978275e-30
12,50,7.351900116946092e-31
12,51,1.345546211973982e-30
12,52,5.495495628475112e-30
12,53,4.066217858692234e-16
12,54,8.544666611773586e-31
12,55,6.651935092309369e-16
12,56,1.2719202621569025e-16
12,57,3.3993498887763047e-16
12,58,1.65469204850434e-30
12,59,9.19808526105219e-31
12,60,5.31957984318295e-16
12,61,6.788412560743153e-31
12,62,1.608385021527264e-15
12,63,5.819358633766159e-16
12,64,1.1113298893238832e-30
12,65,1.5780664965280132e-30
12,66,1.1652804467813098e-30
12,67,2.383474593720919e-30
12,68,1.3883208818676911e-16
12,69,2.529664635239305e-16
12,70,6.641709603090079e-31
12,71,5.155515286221245e-16
12,72,6.101518397215495e-16
12,73,2.1483510664413853e-30
12,74,1.1210126175528424e-15
12,75,6.597839588455721e-31
12,76,2.782952109296051e-31
12,77,9.265651284934496e-31
12,78,7.208805711890865e-31
12,79,7.7852771129341476e-31
12,80,3.77479894850405e-31
12,81,2.8633186189555374e-16
12,82,6.246436269480646e-31
12,83,3.0658998409643075e-16
12,84,2.550928419144368e-16
12,85,8.452043628537364e-31
12,86,5.7756863741073015e-31
12,87,1.1673356482020798e-30
12,88,2.489148037804958e-31
12,89,3.9278464573345383e-16
12,90,2.979892541309174e-16
12,91,3.469446951953357e-18
12,92,5.036317838220706e-16
12,93,2.376507911998015e-16
12,94,7.827294843809054e-16
12,95,6.123832010714996e-31
12,96,5.010118440494394e-31
12,97,2.8977672182909983e-16
12,98,1.1661433986880562e-30
12,99,9.387739740364768e-31
12,100,5.928724954313148e-31
12,101,6.763942577951234e-31
12,102,2.6567917459647723e-31
12,103,2.7930664118462267e-16
12,104,1.4046224114160781e-30
12,105,5.551115123125804e-17
12,106,1.5189363525201466e-30
12,107,8.039873306871455e-31
12,108,3.3567797524384143e-16
12,109,1.5704817232112314e-16
12,110,5.981048404194027e-31
12,111,5.454871001296262e-16
12,112,2.2940703429259604e-16
12,113,8.215012995554895e-31
12,114,9.391352560077816e-31
12,115,1.3199720634511945e-30
12,116,1.0883384211231217e-30
12,117,7.049032206587939e-16
12,118,5.549065711275716e-16
12,119,8.274294838743472e-31
12,120,8.387302659386065e-31
12,121,3.200929134252616e-16
12,122,4.738812419958736e-16
12,123,4.783317151408509e-16
12,124,9.837461996420828e-31
12,125,6.5144801483870255e-31
12,126,7.304699954524689e-16
12,127,2.0114565657707499e-16
12,128,9.926467381868378e-31
12,129,3.4351200237331833e-16
12,130,5.4658410293949904e-31
12,131,1.8144365884593107e-30
12,132,9.25808761728335e-31
12,133,2.012594558401843e-30
12,134,5.008035930010632e-16
12,135,4.1407824973124435e-31
12,136,4.87367774328288e-16
12,137,6.317109331079464e-16
12,138,7.715722684717559e-16
12,139,2.1960809212758138e-30
12,140,6.575790486594784e-31
12,141,5.08335171561759e-31
12,142,2.94835815932538e-30
12,143,6.921913802658453e-31
12,144,1.9184980395712865e-30
12,145,1.8221197443120524e-31
12,146,8.166515635080365e-31
12,147,1.531865385094282e-30
12,148,3.9836746751266217e-16
12,149,6.383782391594657e-16
13,14,8.792341801740743e-31
13,15,1.7629223762298395e-30
13,16,1.0438085660299278e-30
13,17,1.7617679150742365e-30
13,18,1.7215412979393048e-31
13,19,1.983612371168858e-30
13,20,1.0307710563195992e-30
13,21,8.695908050067653e-31
13,22,1.2527166832403466e-30
13,23,2.8193729655741687e-31
13,24,1.188476483458495e-30
13,25,1.0672465558754191e-30
13,26,2.3272737217057557e-30
13,27,1.015897866388165e-30
13,28,6.66985272545733e-31
13,29,1.8168116695591972e-30
13,30,1.5807155641139203e-30
13,31,9.500707737522431e-31
13,32,9.865041844786923e-31
13,33,2.109476658323022e-30
13,34,7.791383933581027e-31
13,35,9.24597842800427e-31
13,36,1.7407803484116327e-31
13,37,7.55419817067275e-31
13,38,9.009223277793216e-31
13,39,2.845587027307807e-31
13,40,2.603703785810344e-16
13,41,9.724947578856908e-31
13,42,9.434092514914513e-31
13,43,4.423361049918959e-31
13,44,1.778426931777566e-30
13,45,1.262887529845047e-30
13,46,5.468449217350438e-32
13,47,5.282212235902129e-31
13,48,8.315249669490243e-31
13,49,1.9085748398975044e-30
13,50,6.658576870289019e-31
13,51,7.975078618232708e-31
13,52,6.0967551917500214e-30
13,53,1.9832273217093362e-30
13,54,7.57373916700997e-31
13,55,1.3384199319931449e-30
13,56,1.1076989707722846e-30
13,57,2.557011540574755e-30
13,58,1.8321566098072817e-30
13,59,1.1505199401564936e-30
13,60,1.9834830947670823e-30
13,61,7.376384272644751e-31
13,62,6.304594363097478e-30
13,63,2.7722451876366353e-30
13,64,1.0636809550394715e-30
13,65,1.7544618052744154e-30
13,66,1.0752499145556623e-30
13,67,2.650579770663268e-30
13,68,6.88880332834791e-31
13,69,1.5548936939858346e-30
13,70,7.338822071745268e-31
13,71,9.604802340765561e-31
13,72,1.4799522171380811e-30
13,73,2.2042101227598822e-30
13,74,1.2027527299814653e-15
13,75,5.8305162294297395e-31
13,76,2.985874730090379e-31
13,77,9.134043728029014e-31
13,78,5.390043627105892e-31
13,79,8.264814653145104e-31
13,80,3.514264806432803e-31
13,81,1.728557120338304e-30
13,82,6.2641117171422266e-31
13,83,1.627005631949206e-30
13,84,1.81937081400695e-30
13,85,1.0126901697674091e-30
13,86,5.920104895347283e-31
13,87,1.2985902301843802e-30
13,88,2.6706475475123697e-31
13,89,1.7237553595876527e-30
13,90,1.6906185043082253e-30
13,91,1.1868118680614554e-30
13,92,4.972820176147465e-16
13,93,8.669751844049637e-31
13,94,1.3908660300909846e-30
13,95,7.608859555773116e-31
13,96,5.260132029996432e-31
13,97,8.968657894147817e-31
13,98,1.3570634607533675e-30
13,99,1.2515557335951273e-30
13,100,7.361845533316641e-31
13,101,7.5365580725525924e-31
13,102,3.544725296232469e-31
13,103,9.768093178442336e-31
13,104,1.4970284303544708e-30
13,105,1.3239254443605266e-30
13,106,1.582305271728249e-30
13,107,7.857308051550851e-31
13,108,1.1073668017687181e-30
13,109,2.5250919468504283e-30
13,110,5.923358498658684e-31
13,111,1.1279848685576184e-30
13,112,1.7562257485656814e-30
13,113,7.989215728214102e-31
13,114,8.974456318497738e-31
13,115,1.5479553707707951e-30
13,116,1.3489431531756458e-30
13,117,3.8081823067227127e-16
13,118,5.47425519451418e-16
13,119,7.908072839188732e-31
13,120,8.540609891725593e-31
13,121,1.6429785049139705e-30
13,122,2.0119887520302963e-30
13,123,1.4782499054843624e-30
13,124,9.7975008017819e-31
13,125,6.479294757724405e-31
13,126,1.0881676272703551e-30
13,127,1.7573645050905443e-30
13,128,1.067427100304845e-30
13,129,1.5636742222504627e-30
13,130,7.280245972067898e-31
13,131,2.0248899845681344e-30
13,132,1.079376396485876e-30
13,133,2.2287586367843563e-30
13,134,9.254859248087858e-31
13,135,3.3721693454422578e-31
13,136,1.0484749443955845e-30
13,137,1.1642036073353128e-30
13,138,2.734371475100006e-30
13,139,2.5470073316702155e-30
13,140,6.519597502241465e-31
13,141,5.610139101476183e-31
13,142,3.641066956629713e-30
13,143,7.487164848659225e-31
13,144,2.023468729757391e-30
13,145,1.6376063407872093e-31
13,146,6.229351657311178e-31
13,147,1.5819581944135384e-30
13,148,1.5485300921594157e-30
13,149,1.1441998545983526e-30
14,15,9.472662063924872e-31
14,16,1.187257279196018e-30
14,17,1.47957368730873e-30
14,18,2.299992738788176e-31
14,19,1.2665072760296788e-30
14,20,1.3646046867029093e-30
14,21,9.416843213087563e-31
14,22,1.4673018346513758e-30
14,23,1.52565953911964e-31
14,24,8.001359572644426e-31
14,25,6.822644860226598e-31
14,26,1.2984708851801658e-30
14,27,2.050605134063061e-30
14,28,1.1762976284448753e-30
14,29,1.3424855395399272e-30
14,30,1.0588964795488021e-30
14,31,7.274025139562126e-31
14,32,7.603982510646914e-31
14,33,1.2739037435137683e-30
14,34,4.340888823838847e-31
14,35,1.3536478493016482e-30
14,36,3.1685865177448637e-31
14,37,1.3963980547709554e-30
14,38,6.9798252323323e-31
14,39,1.9904744834564693e-31
14,40,1.6004645656917976e-16
14,41,1.1132854109398974e-30
14,42,1.1919727282999893e-30
14,43,4.729430636021593e-31
14,44,1.2004870412556942e-30
14,45,1.3334624525727762e-30
14,46,9.59761007122154e-32
14,47,5.689705818355893e-31
14,48,6.321267005159406e-31
14,49,1.1033608902629924e-30
14,50,4.629509035519839e-31
14,51,1.2876114990542388e-30
14,52,3.499282116884595e-30
14,53,1.161323863474778e-30
14,54,6.801336755175251e-31
14,55,1.275778576597363e-30
14,56,5.5480983080057935e-31
14,57,1.664511579126786e-30
14,58,1.0776155096698537e-30
14,59,8.514905604541572e-31
14,60,1.1465643735922204e-30
14,61,1.1126544906976618e-30
14,62,7.610098643753325e-30
14,63,1.5593197146332098e-30
14,64,6.198628338038611e-31
14,65,2.6825890553353774e-30
14,66,8.85357986309711e-31
14,67,1.5105853899351806e-30
14,68,8.873986867062628e-31
14,69,1.1169931377425047e-30
14,70,7.829454275318556e-31
14,71,1.275763634788192e-30
14,72,9.829660430249935e-31
14,73,1.557179830828276e-30
14,74,6.632363072827407e-16
14,75,6.347241640217061e-31
14,76,1.6465067845030044e-31
14,77,5.105134343942572e-31
14,78,4.037928382567599e-31
14,79,8.028478739055783e-31
14,80,4.856121238882658e-31
14,81,1.2515294621528226e-30
14,82,3.5368629980153975e-31
14,83,1.40995055418207e-30
14,84,1.0556656958264338e-30
14,85,1.0472578255975148e-30
14,86,6.5474527724389936e-31
14,87,1.0362891065177352e-30
14,88,1.4726804382253262e-31
14,89,2.468979754924141e-30
14,90,1.1116744621340084e-30
14,91,1.1869450881139681e-30
14,92,1.6653345369377267e-16
14,93,6.5488868856260934e-31
14,94,1.3539733398045485e-30
14,95,1.0873813400623148e-30
14,96,3.1298847916668093e-31
14,97,1.5499259610059117e-30
14,98,1.0270463251154874e-30
14,99,1.0283771734138173e-30
14,100,5.084719174179809e-31
14,101,4.497010475052717e-31
14,102,2.741437778939323e-31
14,103,8.189907729741385e-31
14,104,9.203916264043962e-31
14,105,1.120939135537822e-30
14,106,7.952449068787165e-31
14,107,8.122371264111457e-31
14,108,1.2652181070878714e-30
14,109,1.4689800402337895e-30
14,110,9.452644182045242e-31
14,111,8.351749794321112e-31
14,112,9.501718827271982e-31
14,113,1.0593452053934112e-30
14,114,1.1903319967313483e-30
14,115,1.13350297620009e-30
14,116,8.809122739803229e-31
14,117,6.69018773335692e-16
14,118,9.607800072570214e-16
14,119,7.615491031478505e-31
14,120,7.455606550349997e-31
14,121,1.075543341791759e-30
14,122,1.2309851553492597e-30
14,123,1.7735058818119217e-30
14,124,1.3556087458436098e-30
14,125,1.0849927921090097e-30
14,126,6.8071678079553396e-31
14,127,1.0782199876584932e-30
14,128,6.076090792219284e-31
14,129,1.2814137752915048e-30
14,130,5.24880229892465e-31
14,131,1.1695374469315251e-30
14,132,7.6678605348344465e-31
14,133,1.2484672861959098e-30
14,134,1.0060507851739045e-30
14,135,5.574379783427031e-31
14,136,8.829822862059688e-31
14,137,9.649831001995165e-31
14,138,1.5887244084729694e-30
14,139,1.754300462224863e-30
14,140,5.094064839643103e-31
14,141,5.3872410380514e-31
14,142,2.4804272233234747e-30
14,143,4.530982792692629e-31
14,144,1.1444120086363128e-30
14,145,1.9948380533493254e-31
14,146,2.404937595835722e-31
14,147,1.387110293288811e-30
14,148,2.990369489433746e-30
14,149,1.08225233260261e-30
15,16,1.1347629183630285e-30
15,17,2.007684187636576e-30
15,18,2.1994775642611445e-31
15,19,2.3128068550333267e-30
15,20,1.1177194884023474e-30
15,21,9.63240074415188e-31
15,22,1.4933890948770434e-30
15,23,3.3334133832086643e-31
15,24,1.452724190299555e-30
15,25,1.2614344786991443e-30
15,26,2.8210226317577473e-30
15,27,1.0140768578812608e-30
15,28,5.423322589850772e-31
15,29,2.1069932288090898e-30
15,30,1.887229340027453e-30
15,31,1.1819271096705645e-30
15,32,1.1231440074114065e-30
15,33,2.4355153587329885e-30
15,34,9.688508807370323e-31
15,35,8.094801728462879e-31
15,36,1.8941825485849025e-31
15,37,6.482111592912829e-31
15,38,1.1580822286834291e-30
15,39,3.3322327589499575e-31
15,40,3.5605674156533176e-30
15,41,1.0951095690229468e-30
15,42,1.059201309727981e-30
15,43,5.290556078358168e-31
15,44,2.1025026229271783e-30
15,45,1.4533637937161306e-30
15,46,4.967546017480198e-32
15,47,5.917044236421026e-31
15,48,9.22074658670124e-31
15,49,2.2654719842467832e-30
15,50,7.717894047579327e-31
15,51,1.1773949637999615e-30
15,52,7.218009017897568e-30
15,53,2.3388202448575154e-30
15,54,9.133399645344745e-31
15,55,1.699813251469145e-30
15,56,1.2610782326405112e-30
15,57,3.027170102257787e-30
15,58,2.2178738205852492e-30
15,59,1.3221353114458146e-30
15,60,2.3659566536413685e-30
15,61,8.25899686797611e-31
15,62,7.082187217533196e-30
15,63,3.297006641239722e-30
15,64,1.3332939432962749e-30
15,65,1.7752503547168055e-30
15,66,1.2912606868460096e-30
15,67,3.105146152968406e-30
15,68,6.984288161789377e-31
15,69,1.8187553781969498e-30
15,70,8.424099035525585e-31
15,71,1.1095096097422894e-30
15,72,1.587559043797363e-30
15,73,2.5796483835071202e-30
15,74,1.4223886271264951e-15
15,75,7.0122480156391255e-31
15,76,3.5311283460320198e-31
15,77,1.1076996712985604e-30
15,78,6.75420261583146e-31
15,79,9.625625344835774e-31
15,80,3.8077733174474034e-31
15,81,1.9533410342998572e-30
15,82,7.327207238586679e-31
15,83,1.9796003367601256e-30
15,84,2.1347552833809154e-30
15,85,1.092171849615279e-30
15,86,6.835021603221315e-31
15,87,1.5035043300551037e-30
15,88,3.158337207601598e-31
15,89,1.7771536563655195e-30
15,90,1.9574028181437407e-30
15,91,1.4079708605021563e-30
15,92,2.3263411494723087e-16
15,93,1.015853026977296e-30
15,94,1.6860029936726593e-30
15,95,7.444437479002006e-31
15,96,6.183604473080509e-31
15,97,1.022064109688194e-30
15,98,1.4382464038334103e-30
15,99,1.4624908219816182e-30
15,100,7.642041371182932e-31
15,101,8.821047109846505e-31
15,102,3.9541748483158915e-31
15,103,1.135433309993674e-30
15,104,1.807042756864891e-30
15,105,1.5457497046902665e-30
15,106,1.6717056641741056e-30
15,107,8.712298705302528e-31
15,108,1.0639709522802864e-30
15,109,2.962817335968329e-30
15,110,5.760256293289348e-31
15,111,1.2309587016485538e-30
15,112,2.110669075013611e-30
15,113,9.02541301389311e-31
15,114,9.9458712635824e-31
15,115,1.781292537970374e-30
15,116,1.5422118793711917e-30
15,117,1.5716250041522743e-16
15,118,4.972820174300718e-16
15,119,9.251885400328892e-31
15,120,1.0000786661084321e-30
15,121,1.9416871451421855e-30
15,122,2.3077540545032566e-30
15,123,1.637059847738845e-30
15,124,1.0329888474932138e-30
15,125,6.442964901438082e-31
15,126,1.0172520204280792e-30
15,127,2.1250853141489046e-30
15,128,1.2618444239850037e-30
15,129,1.8133461218192164e-30
15,130,7.470106891394932e-31
15,131,2.365686904472161e-30
15,132,1.2407342689841019e-30
15,133,2.663087038819845e-30
15,134,1.0474593189398296e-30
15,135,2.1141484685722956e-31
15,136,1.2924162825417623e-30
15,137,1.3903372951286536e-30
15,138,3.2663322001944765e-30
15,139,2.889043631008197e-30
15,140,7.684606490699582e-31
15,141,6.456171000378735e-31
15,142,4.171187067668782e-30
15,143,8.83301797925145e-31
15,144,2.3851953354520897e-30
15,145,1.9287013981595202e-31
15,146,7.224378148015728e-31
15,147,1.7881966948464705e-30
15,148,1.359818409572206e-30
15,149,1.2617857679571636e-30
16,17,1.0258429742584746e-30
16,18,2.4021246922480223e-31
16,19,1.1413636432153567e-30
16,20,1.9863081941706146e-30
16,21,9.707979492547358e-31
16,22,1.9332506949729946e-30
16,23,2.0908887367564115e-31
16,24,1.1466890678289449e-30
16,25,9.990767091700797e-31
16,26,1.6040927435672896e-30
16,27,2.540770661102869e-30
16,28,1.527725822208611e-30
16,29,2.063766606992611e-30
16,30,8.08629097212754e-31
16,31,9.205157770670767e-31
16,32,8.411502544289346e-31
16,33,1.4362701394303743e-30
16,34,4.4743012325336775e-31
16,35,1.8546069075780057e-30
16,36,4.885866538588879e-31
16,37,1.7758424716982075e-30
16,38,1.0226269087393675e-30
16,39,6.907650458879557e-32
16,40,3.1076488189490053e-30
16,41,9.615612481233544e-31
16,42,1.6025818056371147e-30
16,43,5.592397079089307e-31
16,44,8.884714251379021e-31
16,45,1.8675466924384268e-30
16,46,1.23700220478359e-31
16,47,8.621780297417566e-31
16,48,8.813712866479792e-31
16,49,1.0424624165472538e-30
16,50,6.466209542699453e-31
16,51,1.3904605101121808e-30
16,52,3.304003191590441e-30
16,53,1.5429199090181688e-30
16,54,8.828643598721161e-31
16,55,1.5490974364005201e-30
16,56,8.097431309725834e-31
16,57,1.7690398314664872e-30
16,58,1.2096066989495016e-30
16,59,1.1981382107405923e-30
16,60,1.4283676593529385e-30
16,61,1.2098255001483693e-30
16,62,1.0796154866061367e-29
16,63,1.7454188484475243e-30
16,64,4.346437508860381e-31
16,65,2.600823073743176e-30
16,66,8.399329664769926e-31
16,67,1.875527787907729e-30
16,68,1.0879701654717619e-30
16,69,1.68519656895128e-30
16,70,7.1804437809569005e-31
16,71,1.6525831026140014e-30
16,72,8.64868866372601e-31
16,73,1.3445300317275297e-30
16,74,5.347902362062204e-16
16,75,9.22859591007382e-31
16,76,1.327635026205117e-31
16,77,5.72796879377568e-31
16,78,5.243551489587724e-31
16,79,1.1548091030170528e-30
16,80,6.414018151038342e-31
16,81,1.2141056766835315e-30
16,82,4.797958764503578e-31
16,83,1.5413132655653092e-30
16,84,9.828087283375693e-31
16,85,9.607994225037138e-31
16,86,1.0193081924879687e-30
16,87,1.6014372769987247e-30
16,88,1.1874728671617423e-31
16,89,3.335635215165674e-30
16,90,8.3910531650369e-31
16,91,1.3748465884938246e-30
16,92,3.388000467905125e-16
16,93,8.242932785781874e-31
16,94,1.5117400232865694e-30
16,95,9.016222240455563e-31
16,96,4.52557845928452e-31
16,97,1.938589531005641e-30
16,98,8.9871705409557e-31
16,99,8.266854589657278e-31
16,100,7.257703625397936e-31
16,101,3.4321321775555606e-31
16,102,2.984017000204632e-31
16,103,1.2702596927067063e-30
16,104,4.7160303747709725e-31
16,105,1.2022504608851407e-30
16,106,8.88882158077619e-31
16,107,1.2386800819156389e-30
16,108,1.629767791433983e-30
16,109,2.0515324895080113e-30
16,110,1.2655124241427146e-30
16,111,1.1826049165814024e-30
16,112,9.777317201981462e-31
16,113,1.4650098996881876e-30
16,114,1.6711697790160565e-30
16,115,1.6826394514129276e-30
16,116,1.1071198212145829e-30
16,117,5.985575309898248e-16
16,118,1.2383155582165308e-15
16,119,1.0547249415906316e-30
16,120,1.0831965377726675e-30
16,121,1.2754187697034067e-30
16,122,1.6361578904831928e-30
16,123,2.2512026756212546e-30
16,124,1.911599096732448e-30
16,125,1.4640784997350988e-30
16,126,6.668577303780504e-31
16,127,1.3991707555015463e-30
16,128,5.643262858476356e-31
16,129,1.8862873084777375e-30
16,130,7.167240532700716e-31
16,131,1.5077763308214746e-30
16,132,3.5283574138909218e-31
16,133,1.5541363497692036e-30
16,134,1.2466387849943512e-30
16,135,4.664746156307724e-31
16,136,1.1697114070143968e-30
16,137,1.4568708924043237e-30
16,138,2.4205761864846444e-30
16,139,1.6313551696486294e-30
16,140,7.81388874984245e-31
16,141,4.2521994405387285e-31
16,142,1.7860304005330686e-30
16,143,2.9395753448116508e-31
16,144,1.512667859195045e-30
16,145,2.579841176056587e-31
16,146,2.3844295800746495e-31
16,147,1.8172980148297024e-30
16,148,3.622072688307276e-30
16,149,1.1617574161373607e-30
17,18,4.16584278118919e-31
17,19,7.982164789007899e-16
17,20,1.499131605954155e-30
17,21,1.7380036544852487e-30
17,22,2.591524148463964e-30
17,23,3.3992886160185545e-31
17,24,1.485093646634757e-30
17,25,1.3101895111875149e-30
17,26,3.22433551065311e-30
17,27,3.1066363048564666e-30
17,28,2.592584715281539e-16
17,29,1.3968107478912929e-30
17,30,2.5602703710109926e-30
17,31,1.2489228064085238e-30
17,32,1.3365285655339373e-30
17,33,2.3125620994318476e-30
17,34,1.2166182807347057e-30
17,35,2.0173622222465224e-30
17,36,4.865624591011327e-31
17,37,1.906185227129927e-30
17,38,1.406449809510722e-30
17,39,4.657253243915259e-31
17,40,4.745412086926471e-16
17,41,1.9561182934382356e-30
17,42,1.3193761129286597e-30
17,43,4.679186122742526e-31
17,44,2.592343332112325e-30
17,45,1.5562046235311968e-30
17,46,1.1340846317756713e-31
17,47,7.0544899077333685e-31
17,48,7.1360200121829335e-31
17,49,2.648167884489208e-30
17,50,9.442208225423928e-31
17,51,2.54588903071293e-30
17,52,7.350587047660828e-30
17,53,2.3859916389975305e-30
17,54,8.82611147590801e-31
17,55,5.330881731645985e-16
17,56,1.3785492871515157e-30
17,57,3.794030606467772e-30
17,58,2.2979813816670504e-30
17,59,1.3000489670478916e-30
17,60,2.1371714603596425e-30
17,61,1.7377891549243644e-30
17,62,1.874873998283373e-15
17,63,5.770882975799981e-16
17,64,1.608737679834499e-30
17,65,4.5698413298933374e-30
17,66,1.7977942241689026e-30
17,67,3.005396571440452e-30
17,68,1.143922866210548e-30
17,69,1.4375218745221052e-30
17,70,1.523459058912001e-30
17,71,1.8053709280252394e-30
17,72,2.0592088988122642e-30
17,73,3.702309700383183e-30
17,74,1.5170650228460062e-15
17,75,7.89691956764559e-31
17,76,3.7661657319120602e-31
17,77,1.2651667881929889e-30
17,78,5.571919090092357e-31
17,79,1.135229893819928e-30
17,80,5.894098343172769e-31
17,81,2.171052396770641e-30
17,82,8.083080636341368e-31
17,83,2.3672836848683155e-30
17,84,2.2800997476450892e-30
17,85,1.9473586681376896e-30
17,86,1.0908073941996205e-30
17,87,1.5586770832479612e-30
17,88,3.3685610364342464e-31
17,89,3.8882131473435463e-16
17,90,2.299731117103014e-30
17,91,2.3426239124864285e-30
17,92,8.712733925940697e-16
17,93,9.893638726161657e-31
17,94,2.5040620115305285e-30
17,95,1.662108097887754e-30
17,96,4.8636579123406135e-31
17,97,2.2452881439359176e-30
17,98,2.179483460191054e-30
17,99,1.5395434340730035e-30
17,100,8.446768817103785e-31
17,101,9.928620070050255e-31
17,102,5.154617717200875e-31
17,103,1.157070558601429e-30
17,104,2.544897960123471e-30
17,105,1.689321402722495e-30
17,106,1.851108777086433e-30
17,107,7.303316503473773e-31
17,108,2.204146479291535e-30
17,109,2.4563991049836834e-30
17,110,1.0387378966292877e-30
17,111,5.30290101731529e-16
17,112,2.2309495877624338e-30
17,113,1.3019087523977416e-30
17,114,1.4238961877671482e-30
17,115,1.3858598277277314e-30
17,116,1.4917444795454311e-30
17,117,4.441197019893352e-16
17,118,1.135288715275786e-15
17,119,8.436692093083988e-31
17,120,9.712354207479493e-31
17,121,2.3599565772123153e-30
17,122,2.633730453402838e-30
17,123,2.949459040286797e-30
17,124,1.3904880751441015e-30
17,125,1.2656737219098263e-30
17,126,1.4531312918457295e-30
17,127,2.0552528485730285e-30
17,128,1.4437212689058478e-30
17,129,1.6944439353091686e-16
17,130,6.80166273931723e-31
17,131,2.3267303293298195e-30
17,132,1.5994816627902822e-30
17,133,2.446221023634586e-30
17,134,1.4299347470137697e-30
17,135,4.442143355844073e-31
17,136,1.5796203925781786e-30
17,137,1.9271052385833662e-16
17,138,2.9175255755224143e-30
17,139,3.473891362845664e-30
17,140,6.7918333755680725e-31
17,141,1.1102698513147004e-30
17,142,4.762040080149625e-30
17,143,1.0823565151732711e-30
17,144,1.9939742448665625e-30
17,145,2.5664310937229585e-31
17,146,9.192013744458045e-31
17,147,2.6148929696340626e-30
17,148,4.0748954762918876e-30
17,149,3.3973243359780344e-16
18,19,2.9980097753634144e-31
18,20,3.1823937312773617e-31
18,21,2.575790852324393e-31
18,22,4.225153825135925e-31
18,23,3.89345798051056e-32
18,24,1.8051838984327948e-31
18,25,1.4852095794882912e-31
18,26,4.064696261560919e-31
18,27,5.539910316653876e-31
18,28,3.2243018039659197e-31
18,29,2.5288214335405576e-31
18,30,3.2269693356230917e-31
18,31,1.718395548662723e-31
18,32,1.753719118219686e-31
18,33,2.368724992248178e-31
18,34,1.631680267912458e-31
18,35,3.5510956659430616e-31
18,36,9.587034294060447e-32
18,37,3.542333906521751e-31
18,38,2.3690589483999346e-31
18,39,5.836027466772374e-32
18,40,5.2638291348157495e-31
18,41,2.7358813662878264e-31
18,42,2.587940717793465e-31
18,43,9.030350054160217e-32
18,44,3.0042834312196094e-31
18,45,2.8650019072552233e-31
18,46,2.2353527207271016e-32
18,47,1.3744941944610919e-31
18,48,6.981019730715107e-32
18,49,3.15807831757411e-31
18,50,1.109888922070309e-31
18,51,4.266326843059624e-31
18,52,7.786258871607507e-31
18,53,2.742111329352674e-31
18,54,1.3412447738192771e-31
18,55,3.589249612345853e-31
18,56,1.73774436047441e-31
18,57,4.8216202525927825e-31
18,58,2.557827586332718e-31
18,59,1.773167467712689e-31
18,60,2.342675089140693e-31
18,61,2.7796679666517147e-31
18,62,1.5517883564317342e-30
18,63,4.019979939286122e-31
18,64,2.135691423362364e-31
18,65,7.230568914179522e-31
18,66,2.289017458652671e-31
18,67,3.105948252107216e-31
18,68,1.896384454442677e-31
18,69,1.7364205557050247e-31
18,70,2.2097233192686914e-31
18,71,3.0861125657799226e-31
18,72,2.4613401903738952e-31
18,73,4.951613384431355e-31
18,74,1.6939998869943858e-16
18,75,1.414622129119144e-31
18,76,4.2054125750605773e-32
18,77,1.7183897944568158e-31
18,78,8.32323655403048e-32
18,79,1.9038180385026432e-31
18,80,1.071885303671466e-31
18,81,2.396910087368287e-31
18,82,1.0260698927319818e-31
18,83,2.947729075804407e-31
18,84,2.605621837901311e-31
18,85,2.7248390967869917e-31
18,86,1.9190047634901953e-31
18,87,2.5000989627685074e-31
18,88,3.7614353565071553e-32
18,89,5.361190602363528e-31
18,90,2.453187575956307e-31
18,91,3.414056864052704e-31
18,92,1.0589358044778462e-30
18,93,9.327124753994349e-32
18,94,3.6071309357192537e-31
18,95,2.427043116725735e-31
18,96,5.585128088902352e-32
18,97,3.846055969870882e-31
18,98,2.7888767438105077e-31
18,99,1.1619205531521415e-31
18,100,1.087320981767121e-31
18,101,1.1102905785479935e-31
18,102,6.533792499483454e-32
18,103,1.9260959417887833e-31
18,104,2.6805237968506343e-31
18,105,2.0020764313065097e-31
18,106,2.0452520016836103e-31
18,107,1.5382179919224296e-31
18,108,3.530597174493412e-31
18,109,2.744323992627789e-31
18,110,2.1305397344566984e-31
18,111,1.8864381364893326e-31
18,112,2.798971475462479e-31
18,113,2.4744705413231686e-31
18,114,2.759730915605226e-31
18,115,1.6272897007971515e-31
18,116,1.4553649183567016e-31
18,117,1.1123893155135922e-16
18,118,2.2377260456559043e-16
18,119,1.5634684031776888e-31
18,120,1.5986339440677874e-31
18,121,3.025946307617784e-31
18,122,3.455745513269372e-31
18,123,4.742591446161504e-31
18,124,2.96544556511308e-31
18,125,2.5463849271757935e-31
18,126,1.3689821541766428e-31
18,127,2.2234269660968624e-31
18,128,1.6892588861481953e-31
18,129,3.1827147373553875e-31
18,130,7.17730626931072e-32
18,131,2.5341416729860734e-31
18,132,1.8343660909571068e-31
18,133,2.665808464301052e-31
18,134,2.3062294843746615e-31
18,135,9.367690491382929e-32
18,136,2.131031877377482e-31
18,137,2.247570274778301e-31
18,138,3.7054154609437597e-31
18,139,4.074661920113784e-31
18,140,1.08260718285192e-31
18,141,1.553395215894227e-31
18,142,4.92163944193674e-31
18,143,1.290243450851769e-31
18,144,2.2337041066110685e-31
18,145,4.492060021237915e-32
18,146,1.2894019239482655e-31
18,147,3.9147359120268946e-31
18,148,7.444814511488512e-31
18,149,2.4711117690155655e-31
19,20,1.7867444578976064e-16
19,21,1.319716634961046e-30
19,22,1.8336396852197337e-30
19,23,3.726118681202847e-31
19,24,1.6786769502093407e-30
19,25,1.4908984654311096e-30
19,26,3.276750183317727e-30
19,27,1.8642781752531795e-30
19,28,4.988898540178764e-16
19,29,2.1298288756949577e-30
19,30,2.2398974579665257e-30
19,31,1.672681328497973e-30
19,32,1.3040369795625264e-30
19,33,2.8036026528238723e-30
19,34,1.1507343303801484e-30
19,35,4.849428737939326e-16
19,36,3.5267108497147713e-31
19,37,1.1013881466614144e-30
19,38,1.2780664820077884e-30
19,39,4.19530322493021e-31
19,40,7.647211722856845e-16
19,41,1.5334289669759066e-30
19,42,1.1273695227714699e-30
19,43,5.426821311101656e-31
19,44,2.6196267222395786e-30
19,45,1.4251857913496633e-30
19,46,6.871582845033094e-32
19,47,6.450651189996765e-31
19,48,1.030416907961953e-30
19,49,2.5801824935156467e-30
19,50,1.61723503624413e-30
19,51,2.008764941209338e-30
19,52,8.247300925721452e-30
19,53,2.610881016693918e-30
19,54,9.443449667057735e-31
19,55,2.070064854023999e-30
19,56,1.652118128235863e-30
19,57,1.1194346740442557e-16
19,58,2.5196984732166027e-30
19,59,1.9339230857002184e-30
19,60,2.618783641281391e-30
19,61,1.1858175766356442e-30
19,62,8.284484799013139e-30
19,63,3.6249761942532006e-30
19,64,1.561782266397805e-30
19,65,2.985819646884039e-30
19,66,1.780089860525671e-30
19,67,3.410345116054958e-30
19,68,1.449232808378761e-30
19,69,1.6764322421345195e-30
19,70,1.1593771439697126e-30
19,71,5.016201226207474e-16
19,72,2.068067305346091e-30
19,73,3.221388476148236e-30
19,74,1.6352297028597955e-15
19,75,8.72599948495822e-31
19,76,4.059513585753828e-31
19,77,1.931629764021058e-30
19,78,9.125527750612145e-31
19,79,1.0250066332953924e-30
19,80,4.064040536090516e-31
19,81,2.5088425725298274e-30
19,82,8.472471351163411e-31
19,83,2.247584135964829e-30
19,84,2.4315312687910246e-30
19,85,1.4741916505060054e-30
19,86,8.929874432809058e-31
19,87,1.266828882562753e-16
19,88,3.630939333331792e-31
19,89,5.178120518364585e-16
19,90,2.2970188753831527e-30
19,91,1.8110261414547992e-30
19,92,6.783478615196325e-16
19,93,1.0306974483141532e-30
19,94,3.5400261873162315e-16
19,95,1.6124821230928603e-30
19,96,6.5215390286764395e-31
19,97,1.3282871755824588e-30
19,98,5.792008930451819e-16
19,99,6.025918358371998e-16
19,100,7.8803829517193665e-31
19,101,1.6545024633795635e-16
19,102,4.902139107382874e-31
19,103,2.2015734509337584e-30
19,104,2.419224861689395e-30
19,105,1.7307277343110166e-30
19,106,1.989380200624187e-30
19,107,8.94488270891965e-31
19,108,1.7525484414998627e-30
19,109,2.9868800252535344e-16
19,110,6.7814340799398055e-31
19,111,1.6311916580078426e-30
19,112,2.7845964395587323e-30
19,113,9.0668962669966e-31
19,114,9.572624114168772e-31
19,115,1.8211179348631967e-30
19,116,1.6636626988081053e-30
19,117,8.211112512097761e-16
19,118,6.931669922370661e-16
19,119,9.28445304472917e-31
19,120,1.0364470779628442e-30
19,121,2.5850913749040683e-30
19,122,3.256523955718757e-30
19,123,2.0851628799924422e-30
19,124,1.054837020295326e-30
19,125,8.220870523051844e-31
19,126,1.3300628670569064e-30
19,127,2.4585012574911705e-30
19,128,1.4715503918268483e-30
19,129,1.9812980952766323e-30
19,130,9.00108631951426e-31
19,131,2.6458549077135086e-30
19,132,1.537069544102205e-30
19,133,2.8179164706795977e-30
19,134,1.1275189630301161e-30
19,135,5.303108397092632e-31
19,136,1.953482832192299e-30
19,137,1.504994072641803e-30
19,138,3.138075977532815e-16
19,139,3.412962979769686e-30
19,140,7.930072315171163e-31
19,141,8.763329874318352e-31
19,142,4.904151137928408e-30
19,143,1.0575180690332631e-30
19,144,2.5614740527311314e-30
19,145,2.0008942659028023e-31
19,146,8.5247668528668e-31
19,147,2.2340567543584177e-30
19,148,2.3789281723866134e-30
19,149,1.7710440673538027e-30
20,21,1.272816816305205e-30
20,22,2.4097626981563136e-30
20,23,2.0869823158263262e-31
20,24,1.1976290770232532e-30
20,25,1.0315778961228897e-30
20,26,1.635447406394163e-30
20,27,3.332759048139163e-30
20,28,1.9979429594411353e-30
20,29,2.1617664049038327e-30
20,30,1.1333956894128292e-30
20,31,1.0045383029929407e-30
20,32,8.986599108114898e-31
20,33,1.3959628741059011e-30
20,34,7.361445247325173e-31
20,35,2.2587031385279943e-30
20,36,6.318312761971127e-31
20,37,2.2208191135816868e-30
20,38,1.2620622979041224e-30
20,39,1.8228736753378493e-31
20,40,4.193297078941033e-16
20,41,1.234461063251838e-30
20,42,1.8396656321884564e-30
20,43,6.296743135367151e-31
20,44,1.4684436508685951e-30
20,45,2.0691275821204407e-30
20,46,1.476416856107566e-31
20,47,1.0024313783424313e-30
20,48,8.703081789524101e-31
20,49,1.1548047887388373e-30
20,50,8.655218418742038e-31
20,51,2.4037285831971705e-30
20,52,3.361405400625845e-30
20,53,1.5332453845604667e-30
20,54,9.69986402652271e-31
20,55,1.816883452617726e-30
20,56,8.580397823939029e-31
20,57,1.9826284120067226e-30
20,58,1.2062531971857392e-30
20,59,1.2617162486193908e-30
20,60,1.4044718756822323e-30
20,61,1.5256500912651882e-30
20,62,7.510154659150567e-17
20,63,1.683443553138409e-30
20,64,1.0202284556361498e-30
20,65,3.6175009669237864e-30
20,66,1.0415190464784884e-30
20,67,1.8151202975769502e-30
20,68,1.2096353706838395e-30
20,69,1.701289403949214e-30
20,70,1.0059986676124634e-30
20,71,1.940434601500592e-30
20,72,9.493365989330636e-31
20,73,1.864947828411516e-30
20,74,6.137686022615887e-16
20,75,1.023877078868746e-30
20,76,1.5237015173052333e-31
20,77,7.53997730707632e-31
20,78,6.237799823828824e-31
20,79,1.3011710497966088e-30
20,80,7.185892274030599e-31
20,81,1.19167456836859e-30
20,82,5.217298717083956e-31
20,83,1.7508869614264723e-30
20,84,1.04649815377036e-30
20,85,1.2192779550868933e-30
20,86,1.293027054417906e-30
20,87,1.7671354062276142e-30
20,88,1.362840068045629e-31
20,89,3.5975861322737473e-16
20,90,7.968599184880024e-31
20,91,1.75331839868966e-30
20,92,7.986663869107372e-16
20,93,8.115112671462257e-31
20,94,1.8734741923269345e-30
20,95,1.155638580673439e-30
20,96,4.465718011786036e-31
20,97,2.307065094153521e-30
20,98,1.0681979159377387e-30
20,99,7.372669171381479e-31
20,100,8.4944583478798e-31
20,101,3.617170940420596e-31
20,102,3.366288284326546e-31
20,103,1.4314563577413362e-30
20,104,7.579899077703029e-31
20,105,1.3141059228181882e-30
20,106,9.256993803839664e-31
20,107,1.3519884180633646e-30
20,108,2.052019980781348e-30
20,109,2.014021670526851e-30
20,110,1.4767097335585822e-30
20,111,1.2478226117486558e-30
20,112,1.0181013618407929e-30
20,113,1.7084282854205976e-30
20,114,1.9320643307496997e-30
20,115,1.7067453089916164e-30
20,116,1.0767495915126305e-30
20,117,7.741765939973302e-16
20,118,1.4779844015322398e-15
20,119,1.1539309807544014e-30
20,120,1.18068842454717e-30
20,121,1.3921712877230003e-30
20,122,1.7905864261391374e-30
20,123,2.7728074762199925e-30
20,124,2.1816628431131333e-30
20,125,1.758762898655824e-30
20,126,7.67167715970971e-31
20,127,1.3935999041784964e-30
20,128,5.535332073469507e-31
20,129,2.107184732736154e-30
20,130,7.491966083754136e-31
20,131,1.4548986532839686e-30
20,132,5.346655651165276e-31
20,133,1.625819080242051e-30
20,134,1.4455129434690409e-30
20,135,5.484499996081702e-31
20,136,1.2778565151987051e-30
20,137,1.62948252507773e-30
20,138,2.4995235663636275e-30
20,139,1.769647297834629e-30
20,140,8.378527020020773e-31
20,141,6.456698976116467e-31
20,142,1.6189048115925425e-30
20,143,3.8329620786242867e-31
20,144,1.4723670508136225e-30
20,145,2.95100193253149e-31
20,146,3.6601577451793743e-31
20,147,2.2648546667532362e-30
20,148,4.5494040219127545e-30
20,149,1.3262241250304819e-30
21,22,1.6650461481413345e-30
21,23,1.6678821636473582e-31
21,24,7.86560750043215e-31
21,25,6.500597892443101e-31
21,26,1.6204799567365043e-30
21,27,2.2047422162431575e-30
21,28,1.2714847625068798e-30
21,29,9.192419822258515e-31
21,30,1.332201111572711e-30
21,31,6.958874975020445e-31
21,32,6.9802911134341255e-31
21,33,1.1941243858275157e-30
21,34,6.209480327918314e-31
21,35,1.422629522438068e-30
21,36,3.65683109390904e-31
21,37,1.416497201250099e-30
21,38,8.003075537936908e-31
21,39,2.451537343578802e-31
21,40,5.551115123125846e-17
21,41,1.1550127956255811e-30
21,42,1.0078252567311661e-30
21,43,3.020824038412125e-31
21,44,1.3420828733856946e-30
21,45,1.127652800676188e-30
21,46,8.906954450761439e-32
21,47,5.464068355051709e-31
21,48,4.62600010209947e-31
21,49,1.3323413132509094e-30
21,50,3.8106307092088173e-31
21,51,1.6245965125719373e-30
21,52,3.588956987932069e-30
21,53,1.1741402319485752e-30
21,54,5.282761113665683e-31
21,55,1.3560678904887497e-30
21,56,6.55847602653934e-31
21,57,2.0159223675644537e-30
21,58,1.1164546833795591e-30
21,59,7.063685176363728e-31
21,60,1.0238410687513545e-30
21,61,1.129699249939126e-30
21,62,5.7040430391498166e-30
21,63,1.7128498337701272e-30
21,64,7.976163853484645e-31
21,65,2.92980753423527e-30
21,66,9.775685042143047e-31
21,67,1.4648368796278827e-30
21,68,7.732303645460129e-31
21,69,7.90877620446116e-31
21,70,9.035292010690173e-31
21,71,1.2374130703137215e-30
21,72,1.0783882854614999e-30
21,73,2.0029840937930076e-30
21,74,7.348678496207206e-16
21,75,5.787009357271152e-31
21,76,1.824334534806818e-31
21,77,6.752001798612857e-31
21,78,2.557496778143838e-31
21,79,7.61595097218878e-31
21,80,4.343943159196731e-31
21,81,1.1331665423420344e-30
21,82,4.113097660390955e-31
21,83,1.284852527997005e-30
21,84,1.1084777403420477e-30
21,85,1.1351891409646403e-30
21,86,7.442879190162909e-31
21,87,9.778597367964181e-31
21,88,1.6317344134114004e-31
21,89,2.1278886179027095e-30
21,90,1.1432313031286256e-30
21,91,1.3568307278099797e-30
21,92,1.594436429147033e-16
21,93,4.966742974194266e-31
21,94,1.4653469689220841e-30
21,95,1.0233766446716602e-30
21,96,2.456520594446638e-31
21,97,1.5467394091577878e-30
21,98,1.1760085753572e-30
21,99,8.188588592081584e-31
21,100,3.427173291811406e-31
21,101,4.92433096058537e-31
21,102,2.853233853592855e-31
21,103,7.608428242366599e-31
21,104,1.0888749106719444e-30
21,105,9.066161805841527e-31
21,106,8.686465315399767e-31
21,107,6.557757160189667e-31
21,108,1.403680229427113e-30
21,109,1.2012306712459994e-30
21,110,8.475669326439343e-31
21,111,7.856537603023429e-31
21,112,1.1260470028554688e-30
21,113,9.8673322748288e-31
21,114,1.1166004445127916e-30
21,115,8.320335617202518e-31
21,116,7.463610778607561e-31
21,117,3.2602188281066124e-16
21,118,8.916411167297353e-16
21,119,5.927799620700152e-31
21,120,6.3406025904176135e-31
21,121,1.2332664567108576e-30
21,122,1.4315055361354193e-30
21,123,1.903772153554851e-30
21,124,1.1834982779834053e-30
21,125,1.0109954430389207e-30
21,126,6.452158448425814e-31
21,127,1.0028508145346421e-30
21,128,7.208072080432361e-31
21,129,1.2439142989316194e-30
21,130,3.8582254214157516e-31
21,131,1.1360176212040405e-30
21,132,8.270015596010311e-31
21,133,1.1499326985295552e-30
21,134,9.26215544363664e-31
21,135,3.0315321014665555e-31
21,136,8.708248814767052e-31
21,137,8.69507299890405e-31
21,138,1.3764278356836764e-30
21,139,1.782518928866758e-30
21,140,4.331835914761485e-31
21,141,6.388271019988254e-31
21,142,2.4167250618312354e-30
21,143,5.4819937886002156e-31
21,144,9.772699543064529e-31
21,145,1.7923454669498307e-31
21,146,4.278018900887905e-31
21,147,1.5719323278711593e-30
21,148,2.975790094001022e-30
21,149,1.0052217252687724e-30
22,23,2.4505107628401263e-31
22,24,1.1760712510498617e-30
22,25,1.0094503629198225e-30
22,26,2.4771755849308512e-30
22,27,3.84594369182042e-30
22,28,1.760893866893588e-16
22,29,1.9603608160173237e-30
22,30,1.988124361218533e-30
22,31,1.0581790344750838e-30
22,32,1.1346701762864288e-30
22,33,1.73396300165466e-30
22,34,9.859128641798324e-31
22,35,2.6047119819733545e-30
22,36,7.229295682924161e-31
22,37,2.5441099804680756e-30
22,38,1.5330902303477232e-30
22,39,3.577692352744686e-31
22,40,3.734130795427977e-16
22,41,1.713808462279918e-30
22,42,1.8434399748253874e-30
22,43,5.290477894458184e-31
22,44,1.863646453060317e-30
22,45,2.0538589811490268e-30
22,46,1.595894570324128e-31
22,47,1.0937587434981063e-30
22,48,8.499745629423866e-31
22,49,1.944452668629758e-30
22,50,7.797459444986747e-31
22,51,2.8167370067402468e-30
22,52,5.2940995688124126e-30
22,53,1.697820718540983e-30
22,54,8.716319644684437e-31
22,55,2.3434894750214096e-30
22,56,1.0431626659171387e-30
22,57,2.94847981068543e-30
22,58,1.6411274207195505e-30
22,59,1.4110026644779885e-30
22,60,1.6663339931836933e-30
22,61,1.8158364116941938e-30
22,62,1.0862997701341113e-29
22,63,2.528976816166589e-30
22,64,1.2650870215108429e-30
22,65,4.717102452678705e-30
22,66,1.4349657830893185e-30
22,67,2.20745086501619e-30
22,68,1.4371039488929613e-30
22,69,1.5773750510041326e-30
22,70,1.4034017294724506e-30
22,71,2.1596264625034474e-30
22,72,1.498820702582765e-30
22,73,3.0605574444774343e-30
22,74,1.0962573991985815e-15
22,75,1.117219801409695e-30
22,76,2.7214964342605035e-31
22,77,1.0183934331591582e-30
22,78,5.115359936526906e-31
22,79,1.3643681572981744e-30
22,80,7.90254430216976e-31
22,81,1.4831331388390944e-30
22,82,6.232847567310476e-31
22,83,1.8406790054770588e-30
22,84,1.6475716451687252e-30
22,85,1.7284777380431725e-30
22,86,1.4021246857312106e-30
22,87,1.863262567503877e-30
22,88,2.4341804110119096e-31
22,89,3.945850824910125e-30
22,90,1.5707039947526692e-30
22,91,2.258804657679129e-30
22,92,5.551115123125775e-17
22,93,8.362020643082113e-31
22,94,2.3076998661860274e-30
22,95,1.5155973176440066e-30
22,96,4.5657500406389455e-31
22,97,2.6950517459561613e-30
22,98,1.7365365465346805e-30
22,99,1.0336885418292103e-30
22,100,7.629670808129307e-31
22,101,7.061047631429232e-31
22,102,4.057415460969363e-31
22,103,1.4860096045098382e-30
22,104,1.7381771128921095e-30
22,105,1.1891303431605321e-30
22,106,1.2844577688778586e-30
22,107,1.3076547981381789e-30
22,108,2.452803280381769e-30
22,109,2.1423648730936304e-30
22,110,1.5512217505837644e-30
22,111,1.2785896401369201e-30
22,112,1.6994327910866954e-30
22,113,1.7819491469599454e-30
22,114,2.0858708212520072e-30
22,115,1.672841903567332e-30
22,116,1.0917367184539614e-30
22,117,5.636011188946595e-16
22,118,1.5975889679609636e-15
22,119,1.0806344604013955e-30
22,120,1.152918815268382e-30
22,121,1.8632877518640094e-30
22,122,2.105358066018924e-30
22,123,3.258321502136498e-30
22,124,2.2329229496614737e-30
22,125,1.8417146133961794e-30
22,126,8.416435116464294e-31
22,127,1.492596024490485e-30
22,128,1.048465672261406e-30
22,129,2.2705241072349344e-30
22,130,6.713212985456651e-31
22,131,1.676892574386885e-30
22,132,1.143284495167395e-30
22,133,1.9091562035092766e-30
22,134,1.64068116860654e-30
22,135,3.7503494312749684e-31
22,136,1.4155903353604661e-30
22,137,1.671043665957898e-30
22,138,2.3373979925074528e-30
22,139,2.494473152611217e-30
22,140,8.387256925656089e-31
22,141,9.73173053315876e-31
22,142,3.252043385822564e-30
22,143,7.958358473506267e-31
22,144,1.694491623617543e-30
22,145,3.0878129015624346e-31
22,146,7.530423415741287e-31
22,147,2.5821627220565106e-30
22,148,5.1484391173921594e-30
22,149,1.661571798235902e-30
23,24,2.3347180940203258e-31
23,25,2.0257564530982876e-31
23,26,4.5413059526366615e-31
23,27,2.7371610304715983e-31
23,28,1.5646821862383996e-31
23,29,3.431041571862617e-31
23,30,3.100103494320842e-31
23,31,1.8844143940342152e-31
23,32,1.80045434259427e-31
23,33,3.903444507150543e-31
23,34,1.5789558309218374e-31
23,35,1.7833524944598038e-31
23,36,4.254931096075047e-32
23,37,1.7967917080177694e-31
23,38,1.8403024463465379e-31
23,39,5.546678239835237e-32
23,40,5.70770202296329e-31
23,41,1.8996907005516926e-31
23,42,1.8441010262294404e-31
23,43,8.625154618639456e-32
23,44,3.4269542981486016e-31
23,45,2.4283448616079123e-31
23,46,1.2399505928199225e-32
23,47,9.808438667660832e-32
23,48,1.5044821511897175e-31
23,49,3.6614358354299773e-31
23,50,1.2385005474640112e-31
23,51,2.3535140228281337e-31
23,52,1.1591668348008877e-30
23,53,3.748385441425037e-31
23,54,1.4652520091773918e-31
23,55,2.7023237488901403e-31
23,56,2.0112995819584946e-31
23,57,4.904390726217786e-31
23,58,3.5616550526172046e-31
23,59,2.1326458357650506e-31
23,60,3.7907491974641485e-31
23,61,1.5037242771587628e-31
23,62,1.2768823982342129e-30
23,63,5.293327407054329e-31
23,64,2.166331190981625e-31
23,65,3.9104669744343325e-31
23,66,2.1068252732125584e-31
23,67,4.975779189382832e-31
23,68,1.221040954479145e-31
23,69,2.9624516879593585e-31
23,70,1.4842477116206444e-31
23,71,1.8164492505870411e-31
23,72,2.568340728460512e-31
23,73,4.274775814802309e-31
23,74,2.288783399261121e-16
23,75,1.1700220124679567e-31
23,76,5.681982958051115e-32
23,77,1.7891982284547206e-31
23,78,1.0813227170058452e-31
23,79,1.561175408919159e-31
23,80,7.023117397779708e-32
23,81,3.1452618526244454e-31
23,82,1.1730720511748383e-31
23,83,3.1650467334159645e-31
23,84,3.4326152040480932e-31
23,85,1.8779177576740927e-31
23,86,1.1012839158208687e-31
23,87,2.423762311114182e-31
23,88,5.082120056479052e-32
23,89,3.557284913266584e-31
23,90,3.1649401536733457e-31
23,91,2.329936315520616e-31
23,92,1.7146286952540235e-30
23,93,1.6426852318276957e-31
23,94,2.7458864786367767e-31
23,95,1.4423091614595672e-31
23,96,9.937799665556404e-32
23,97,1.9458212961951446e-31
23,98,2.3741906053089994e-31
23,99,2.354986422804788e-31
23,100,1.2438757623332676e-31
23,101,1.4242049260745107e-31
23,102,6.396785266470027e-32
23,103,1.8320003056580473e-31
23,104,2.939534774939366e-31
23,105,2.470175722220099e-31
23,106,2.665773742894397e-31
23,107,1.5352676180856933e-31
23,108,1.8267599753804956e-31
23,109,4.753490900445063e-31
23,110,1.290675475903376e-31
23,111,1.9789923664868034e-31
23,112,3.394977862538193e-31
23,113,1.5870325685238288e-31
23,114,1.8013643072820283e-31
23,115,2.9034470180420695e-31
23,116,2.476438338243359e-31
23,117,3.1900169394653357e-31
23,118,1.241267076623637e-16
23,119,1.5174471527415958e-31
23,120,1.6237773928818693e-31
23,121,3.1169897084194674e-31
23,122,3.6958048554578277e-31
23,123,2.6838060658594276e-31
23,124,2.049283800811499e-31
23,125,1.4666861244362042e-31
23,126,1.6056735750284825e-31
23,127,3.409608721827934e-31
23,128,2.0359577460549516e-31
23,129,2.892447222951402e-31
23,130,1.2030057577201358e-31
23,131,3.790934051203984e-31
23,132,2.036484081086193e-31
23,133,4.268364834246302e-31
23,134,1.6758907306233929e-31
23,135,3.8978081524384547e-32
23,136,2.072511015101526e-31
23,137,2.2425490498036375e-31
23,138,5.216267321505811e-31
23,139,4.668799610741718e-31
23,140,1.24163683685513e-31
23,141,1.1264714978431058e-31
23,142,6.744741467842602e-31
23,143,1.4372426671091152e-31
23,144,3.8216636208974616e-31
23,145,3.146962466635854e-32
23,146,1.1634944755197088e-31
23,147,2.8883236573235636e-31
23,148,3.753752917462955e-31
23,149,2.042125207256213e-31
24,25,9.790124990675098e-31
24,26,2.011880781344355e-30
24,27,1.58823882811144e-30
24,28,5.859977441117146e-16
24,29,1.5961137368118864e-30
24,30,1.3552520082741102e-30
24,31,8.268750609115894e-31
24,32,8.641680794339113e-31
24,33,1.7360147982905894e-30
24,34,6.813299389870015e-31
24,35,1.1399546171124367e-30
24,36,2.5835259812835757e-31
24,37,1.1173135035786996e-30
24,38,8.298721140337124e-31
24,39,2.385622914134875e-31
24,40,3.6214715655114385e-16
24,41,9.516234166565946e-31
24,42,1.0522000106200907e-30
24,43,4.597277426723884e-31
24,44,1.5913841409963623e-30
24,45,1.3071758803304725e-30
24,46,7.764556355367605e-32
24,47,5.5272463679545274e-31
24,48,7.524078606795883e-31
24,49,1.56970683874275e-30
24,50,6.7776365773176535e-31
24,51,1.1687258101989959e-30
24,52,5.147645423225299e-30
24,53,1.7031399433132497e-30
24,54,6.996964774831009e-31
24,55,1.1186828157026183e-30
24,56,8.00546490910541e-31
24,57,2.0965733750190018e-30
24,58,1.650074247309671e-30
24,59,1.0667337674044526e-30
24,60,1.7380362710438008e-30
24,61,8.084111926707415e-31
24,62,7.840100875589852e-30
24,63,2.3264373929816648e-30
24,64,9.397971615895933e-31
24,65,2.108893117854865e-30
24,66,1.0273832552028668e-30
24,67,2.2094932546676445e-30
24,68,8.251244047183115e-31
24,69,1.4484022962365856e-30
24,70,6.829939455061312e-31
24,71,1.0973636945913933e-30
24,72,1.032395750119511e-30
24,73,1.783505849181187e-30
24,74,9.848341586243924e-16
24,75,6.683358197670125e-31
24,76,2.4448844340695935e-31
24,77,7.545619504394079e-31
24,78,5.639963089336478e-31
24,79,7.784651141490482e-31
24,80,4.6831261417527315e-31
24,81,1.4937848815391416e-30
24,82,4.881150371722419e-31
24,83,1.3991168822830591e-30
24,84,1.497895066801335e-30
24,85,8.770137248878128e-31
24,86,6.48186925787716e-31
24,87,1.168048501837417e-30
24,88,2.1867711166842855e-31
24,89,2.1645405583003953e-30
24,90,1.4241643795315185e-30
24,91,9.312244766860156e-31
24,92,4.511882036597693e-16
24,93,8.79192468667837e-31
24,94,1.1149702722417592e-30
24,95,7.976051720770677e-31
24,96,4.529131446606203e-31
24,97,1.2713044129371658e-30
24,98,9.997669378636495e-31
24,99,1.1964701134881808e-30
24,100,7.246500988434853e-31
24,101,6.190325279039297e-31
24,102,2.9570579331969495e-31
24,103,8.368583615448634e-31
24,104,1.2703205492591723e-30
24,105,1.096984046157788e-30
24,106,1.0220920661876986e-30
24,107,8.291899884230502e-31
24,108,1.0520056560588572e-30
24,109,2.1565407583318634e-30
24,110,7.938212917388834e-31
24,111,9.965196723141503e-31
24,112,1.4660699101307721e-30
24,113,8.962206547771838e-31
24,114,1.0618770031415379e-30
24,115,1.4391663610756543e-30
24,116,1.1596694330196574e-30
24,117,3.310368768515585e-16
24,118,7.772800161809619e-16
24,119,7.537547199775106e-31
24,120,7.870543885106169e-31
24,121,1.3034653498003374e-30
24,122,1.49542773391705e-30
24,123,1.4411677481252267e-30
24,124,1.2053734645924636e-30
24,125,8.967777842622277e-31
24,126,6.4600966463488085e-31
24,127,1.637851218453062e-30
24,128,8.73227265509251e-31
24,129,1.27487502407679e-30
24,130,5.725393600869533e-31
24,131,1.6916673180436562e-30
24,132,8.979145971114163e-31
24,133,1.9536641566373106e-30
24,134,8.203957719257519e-31
24,135,3.3499553134575964e-31
24,136,1.0551441798032137e-30
24,137,1.1608142958249434e-30
24,138,2.2691903194572675e-30
24,139,2.0653541914397044e-30
24,140,5.909575639688707e-31
24,141,5.066224710043134e-31
24,142,3.0559290965217106e-30
24,143,6.140953455219476e-31
24,144,1.7109281297667163e-30
24,145,1.6906542621770224e-31
24,146,3.937279764209379e-31
24,147,1.2126747938290852e-30
24,148,2.308203031309354e-30
24,149,1.0364313954518087e-30
25,26,1.707197590358707e-30
25,27,1.3461264621964752e-30
25,28,2.0932729277461102e-16
25,29,1.4016032931450558e-30
25,30,1.1626427980603239e-30
25,31,7.318047141603606e-31
25,32,7.156939069244872e-31
25,33,1.5393016327737556e-30
25,34,5.738992135795256e-31
25,35,9.436498784972038e-31
25,36,2.352594188656891e-31
25,37,9.194845064326174e-31
25,38,6.7917042238489415e-31
25,39,2.029811748843104e-31
25,40,4.7611128368730915e-16
25,41,7.507875244242153e-31
25,42,8.690536886270006e-31
25,43,3.6390016821992855e-31
25,44,1.3274359778040362e-30
25,45,1.082176440973078e-30
25,46,6.414572539256237e-32
25,47,4.848384872025643e-31
25,48,6.620704366334628e-31
25,49,1.3558083433428461e-30
25,50,5.883364244611581e-31
25,51,9.698914372775698e-31
25,52,4.425154924736423e-30
25,53,1.453160298952429e-30
25,54,5.797685624561785e-31
25,55,1.2439522637539137e-30
25,56,7.18228793101735e-31
25,57,1.800433652262178e-30
25,58,1.3892774628508932e-30
25,59,9.79834633600218e-31
25,60,1.4986389710778483e-30
25,61,6.679293407553874e-31
25,62,7.395938167807504e-30
25,63,1.998999002273217e-30
25,64,7.813404404099369e-31
25,65,1.713117529707567e-30
25,66,8.362679641813104e-31
25,67,1.9200687427210182e-30
25,68,7.742118779305402e-31
25,69,1.2343033228659832e-30
25,70,5.65494965000583e-31
25,71,9.01642362602199e-31
25,72,9.2352491167213e-31
25,73,1.5268227072002954e-30
25,74,8.513092493758769e-16
25,75,5.658859327684732e-31
25,76,2.1134042865509115e-31
25,77,6.570637968454368e-31
25,78,5.1141468204281785e-31
25,79,6.711973876319791e-31
25,80,3.6628994118124776e-31
25,81,1.305194916591209e-30
25,82,4.27891714298238e-31
25,83,1.206069380956618e-30
25,84,1.2897018722624378e-30
25,85,7.182438361885085e-31
25,86,5.508747121334863e-31
25,87,1.0204315193451038e-30
25,88,1.8902862594669127e-31
25,89,4.051387744096782e-16
25,90,1.2203240362983624e-30
25,91,1.0384527367033537e-30
25,92,3.191891195797318e-16
25,93,7.223109928694513e-31
25,94,1.3115248493809007e-16
25,95,6.8380807634253985e-31
25,96,3.933442964564191e-31
25,97,1.0253009851969882e-30
25,98,8.62724359904357e-31
25,99,8.93826372146928e-16
25,100,5.932865762137825e-31
25,101,5.341319039624362e-31
25,102,2.549912346888854e-31
25,103,8.664359062921473e-31
25,104,1.3360641413564034e-30
25,105,9.474857270079934e-31
25,106,9.523124497996476e-31
25,107,7.2174870243619485e-31
25,108,8.867306954706872e-31
25,109,1.8678215345918103e-30
25,110,6.607355646324524e-31
25,111,9.293656380021583e-31
25,112,1.2710481344191699e-30
25,113,7.742904173576826e-31
25,114,8.88975805671681e-31
25,115,1.2337811935281182e-30
25,116,1.0065192831226577e-30
25,117,2.9381934884748115e-16
25,118,6.421383037113638e-16
25,119,6.404118707588848e-31
25,120,6.773922018736072e-31
25,121,1.1269079788992338e-30
25,122,1.4871519094290286e-30
25,123,1.1841728261759829e-30
25,124,1.0214237266496062e-30
25,125,7.619076207054278e-31
25,126,5.994110143526114e-31
25,127,1.3715950284830895e-30
25,128,7.538226452559377e-31
25,129,1.4452392532227903e-30
25,130,5.204708251688223e-31
25,131,1.4700768322079685e-30
25,132,7.6692363763443e-31
25,133,1.6575599626092103e-30
25,134,7.591945604479057e-31
25,135,2.564047788955959e-31
25,136,1.0960620758616434e-30
25,137,1.228874058098248e-30
25,138,1.88840482508792e-30
25,139,1.792533011644818e-30
25,140,5.107752121893617e-31
25,141,4.226151373765147e-31
25,142,2.6274110479729672e-30
25,143,5.277408612862308e-31
25,144,1.4862712420706243e-30
25,145,1.4040080619490884e-31
25,146,3.796087265014016e-31
25,147,1.048524306800671e-30
25,148,1.904350291585399e-30
25,149,8.926379810262572e-31
26,27,2.8046702648510143e-30
26,28,1.9141987751629053e-16
26,29,2.6512962233484934e-30
26,30,2.870095675436295e-30
26,31,1.652838771096218e-30
26,32,1.5497462905596135e-30
26,33,3.2907868085083255e-30
26,34,1.4734174005511388e-30
26,35,1.8296344331622913e-30
26,36,5.315728688625581e-31
26,37,1.7808804328381372e-30
26,38,1.778020562132037e-30
26,39,5.14709531502073e-31
26,40,2.4633073358870626e-16
26,41,1.8386603240093136e-30
26,42,1.3502354213176065e-30
26,43,7.0318568287455575e-31
26,44,3.1094944445763726e-30
26,45,1.8781232614747142e-30
26,46,1.0967510736044795e-31
26,47,7.98424173294846e-31
26,48,1.1981953223150283e-30
26,49,3.265382904547745e-30
26,50,1.1030227722462687e-30
26,51,2.6209851021434818e-30
26,52,9.96719811135828e-30
26,53,3.177729950212262e-30
26,54,1.2072416758068652e-30
26,55,2.6273339353674286e-30
26,56,1.703658496178727e-30
26,57,4.392602053362477e-30
26,58,3.0950797213104573e-30
26,59,1.865340054084235e-30
26,60,3.186403987645473e-30
26,61,1.5210121259539181e-30
26,62,9.201822139773661e-30
26,63,4.578429071835215e-30
26,64,2.0201909352695087e-30
26,65,4.025428121305351e-30
26,66,1.9566249600123738e-30
26,67,4.182133693424423e-30
26,68,1.1993549167301173e-30
26,69,2.303896730584827e-30
26,70,1.4623589767439734e-30
26,71,1.5529474494357432e-30
26,72,2.2352631764591362e-30
26,73,3.991282037097747e-30
26,74,1.990323056595521e-15
26,75,9.422564888644444e-31
26,76,4.941044963993881e-31
26,77,1.6433596037397365e-30
26,78,9.099110498932832e-31
26,79,1.2518201383097836e-30
26,80,6.15245600859089e-31
26,81,2.7040457047874947e-30
26,82,1.0059772208326648e-30
26,83,2.777944075771991e-30
26,84,2.9679019500398322e-30
26,85,1.804671261523216e-30
26,86,1.0659616903537496e-30
26,87,1.9688342116544688e-30
26,88,4.419404967749327e-31
26,89,2.8977426133684432e-30
26,90,2.7738248881445278e-30
26,91,2.3100945548995503e-30
26,92,6.303709192020951e-16
26,93,1.3692777269649726e-30
26,94,2.6060247450134833e-30
26,95,1.4503944775831315e-30
26,96,8.065460196917489e-31
26,97,1.942413475825912e-30
26,98,2.1555008489727776e-30
26,99,2.0398786914459235e-30
26,100,1.0579099984148685e-30
26,101,1.2460652900116236e-30
26,102,5.574359112640069e-31
26,103,1.4891339282207096e-30
26,104,2.7037882670923534e-30
26,105,2.0659515159945577e-30
26,106,2.239217888111482e-30
26,107,1.1724802347303475e-30
26,108,1.9175802832485822e-30
26,109,3.886627662597894e-30
26,110,1.0843539930941975e-30
26,111,1.6139495298320632e-30
26,112,2.9945607224557896e-30
26,113,1.2330996372905029e-30
26,114,1.4498299398102658e-30
26,115,2.32859570150719e-30
26,116,2.037910951425022e-30
26,117,6.025261774537213e-16
26,118,1.0979155192150277e-15
26,119,1.186580725577103e-30
26,120,1.2906259319212638e-30
26,121,2.7330908503116052e-30
26,122,3.219077674904805e-30
26,123,2.665497780525682e-30
26,124,1.6425076124650878e-30
26,125,1.2508139362809912e-30
26,126,1.339683685458281e-30
26,127,2.931632730555528e-30
26,128,1.7911990244777084e-30
26,129,2.3595391213928013e-30
26,130,9.477846663234044e-31
26,131,3.187407042664985e-30
26,132,1.8330518896984133e-30
26,133,3.620442609711314e-30
26,134,1.4317791186712533e-30
26,135,3.7784123836803413e-31
26,136,1.7981323468566658e-30
26,137,1.874029108130059e-30
26,138,4.3172384136846584e-30
26,139,4.076728868806694e-30
26,140,9.978288198220272e-31
26,141,1.0970136213354848e-30
26,142,5.8309183862594024e-30
26,143,1.2890651550392862e-30
26,144,3.148680658716462e-30
26,145,2.535196437853319e-31
26,146,1.0768192210473295e-30
26,147,2.6393008542236304e-30
26,148,3.617180369002604e-30
26,149,1.7947210940777674e-30
27,28,3.0871159046984695e-30
27,29,2.3112431949406288e-30
27,30,2.241079182055327e-30
27,31,1.4207139409004274e-30
27,32,1.3796790633298573e-30
27,33,1.3804955287509992e-30
27,34,1.105503765486837e-30
27,35,3.4409324083190444e-30
27,36,9.25434515422695e-31
27,37,3.430664301690827e-30
27,38,1.9141938927708593e-30
27,39,3.825587717709827e-31
27,40,5.046309844980436e-30
27,41,2.259928892679385e-30
27,42,2.526757236129572e-30
27,43,6.98615198126646e-31
27,44,2.0341827127507768e-30
27,45,2.7947660786232943e-30
27,46,2.185973463916696e-31
27,47,1.405747748337939e-30
27,48,9.335184157758033e-31
27,49,2.046137090357203e-30
27,50,9.482725589915059e-31
27,51,3.664682805456355e-30
27,52,3.3315862014337815e-30
27,53,2.0195482735562356e-30
27,54,1.2029364135313556e-30
27,55,2.9712512469420216e-30
27,56,1.1962944306511214e-30
27,57,3.585678428549635e-30
27,58,1.5243795954833355e-30
27,59,1.7003113761527648e-30
27,60,1.000943678990291e-30
27,61,2.501840027836306e-30
27,62,1.5315760569587292e-29
27,63,2.417058610536546e-30
27,64,1.2080302721899314e-30
27,65,6.318022697111752e-30
27,66,1.812236091016478e-30
27,67,1.8579698589415223e-30
27,68,1.8135677389633557e-30
27,69,1.795273721159549e-30
27,70,1.827529197330268e-30
27,71,2.9180989271259317e-30
27,72,1.722172467141751e-30
27,73,3.633019820619475e-30
27,74,7.130536482749609e-16
27,75,1.4500159565761054e-30
27,76,1.7701800349401567e-31
27,77,1.1852831841504856e-30
27,78,4.641898715431404e-31
27,79,1.855510219163049e-30
27,80,1.0472890258120007e-30
27,81,1.70479002497408e-30
27,82,7.650880464547605e-31
27,83,2.4465256564641704e-30
27,84,1.269168940991642e-30
27,85,2.242110282025829e-30
27,86,1.8654700551068518e-30
27,87,2.46392135488513e-30
27,88,1.5832971562156574e-31
27,89,5.3355624091930926e-30
27,90,1.4295639923376038e-30
27,91,2.93327037685499e-30
27,92,2.225049137275501e-16
27,93,9.175531366343944e-31
27,94,3.0940583443480275e-30
27,95,2.061457412921366e-30
27,96,3.534709661013892e-31
27,97,3.614333314280057e-30
27,98,2.1047478877798248e-30
27,99,8.093445201225134e-31
27,100,7.40070536205527e-31
27,101,5.73675037120339e-31
27,102,5.44697064058588e-31
27,103,1.9636931491000018e-30
27,104,1.4475544233908396e-30
27,105,1.6885716322131938e-30
27,106,9.957549204845139e-31
27,107,1.6988874441604384e-30
27,108,3.2316478403939036e-30
27,109,1.51168223313349e-30
27,110,2.114827506505833e-30
27,111,1.7310790201728588e-30
27,112,1.5680974950900317e-30
27,113,2.4565657170687417e-30
27,114,2.794659526176183e-30
27,115,1.939076819930116e-30
27,116,1.1948138773748636e-30
27,117,6.876947977892783e-16
27,118,2.188294361763157e-15
27,119,1.467037663310401e-30
27,120,1.5645174916441355e-30
27,121,2.2321210528540547e-30
27,122,2.7600198069676894e-30
27,123,4.356686310838023e-30
27,124,3.0090005322625457e-30
27,125,2.528900464606942e-30
27,126,1.0116043306754242e-30
27,127,1.611580534471749e-30
27,128,1.0190858595227753e-30
27,129,3.0043490162117016e-30
27,130,8.157246867938119e-31
27,131,1.7289079291401733e-30
27,132,1.0959880850040544e-30
27,133,9.864595310396877e-31
27,134,2.1661264612442152e-30
27,135,6.034697054897659e-31
27,136,1.906093189575052e-30
27,137,2.222233661674895e-30
27,138,2.8268437878863676e-30
27,139,2.8441650865689927e-30
27,140,1.1090373317442785e-30
27,141,1.2299748281944672e-30
27,142,2.654190262559959e-30
27,143,7.713097964160709e-31
27,144,9.150408036245239e-31
27,145,4.275589961409285e-31
27,146,6.691431189212039e-31
27,147,3.499378076558154e-30
27,148,7.082188612109605e-30
27,149,2.1277488519954928e-30
28,29,1.4386085041666889e-30
28,30,2.7759912085558614e-16
28,31,8.123653529525127e-31
28,32,8.976767978488643e-31
28,33,6.720346508616999e-16
28,34,7.2279753038409026e-31
28,35,2.1359091484746677e-30
28,36,6.388422843654043e-31
28,37,2.054030493134687e-30
28,38,1.3487314109740287e-30
28,39,2.1220104885959986e-31
28,40,3.0102326136599427e-16
28,41,1.2404588455361735e-30
28,42,2.924244207435105e-16
28,43,4.637199051977573e-31
28,44,1.1879281179312675e-30
28,45,1.2742913686716623e-16
28,46,1.277829848653112e-31
28,47,9.625385233340009e-31
28,48,5.99865063289158e-31
28,49,1.1527157148130485e-30
28,50,7.944352905396349e-16
28,51,2.257607814012111e-16
28,52,1.8184787626632508e-30
28,53,3.5245209804025426e-16
28,54,7.251059907854082e-31
28,55,3.840013289465105e-16
28,56,3.8157607864707036e-16
28,57,3.152427400850007e-16
28,58,8.884346733291437e-31
28,59,3.974032105117744e-16
28,60,5.791484481169628e-16
28,61,1.417520624531154e-30
28,62,4.008388426523838e-15
28,63,4.652535760363978e-16
28,64,9.215060268126844e-16
28,65,3.598664361719311e-30
28,66,9.877128149569557e-31
28,67,1.0660521810848953e-30
28,68,2.995815210002613e-16
28,69,2.124027046609132e-16
28,70,1.0346292768756709e-30
28,71,3.0062312392823466e-16
28,72,3.103167691559107e-17
28,73,2.1034359937030923e-30
28,74,4.229880516439852e-16
28,75,8.958585662896026e-31
28,76,1.0500822846217134e-31
28,77,7.336093042241756e-31
28,78,4.0123868245125665e-31
28,79,1.0966018644626304e-30
28,80,6.411544443743182e-31
28,81,4.663794164776227e-16
28,82,6.004856252686529e-16
28,83,2.9044058181349364e-16
28,84,5.523289809442722e-16
28,85,3.7553858582480416e-16
28,86,1.2101675471221345e-30
28,87,1.547717563373511e-30
28,88,9.39222148152973e-32
28,89,6.256943418677489e-16
28,90,6.227525904684418e-16
28,91,5.144152111453124e-16
28,92,5.495323605393207e-16
28,93,5.266250202865056e-16
28,94,3.1926571163073424e-16
28,95,1.1166948502428363e-30
28,96,2.3869449117911318e-31
28,97,3.3103687685155843e-16
28,98,1.2288436326706953e-30
28,99,4.602872273694249e-16
28,100,6.658873195185511e-31
28,101,3.2172293472416587e-31
28,102,3.0714472314877066e-31
28,103,7.850462293418903e-17
28,104,9.103128266988141e-31
28,105,4.496917212498583e-16
28,106,6.779285783799604e-31
28,107,1.0426384390545176e-30
28,108,2.6046426742919063e-16
28,109,6.21292611499455e-16
28,110,1.243083657471195e-30
28,111,4.4082460388307747e-16
28,112,2.025396450462184e-16
28,113,1.4444844569922686e-30
28,114,1.6886958372619453e-30
28,115,1.2182456566058139e-30
28,116,7.33591492537974e-31
28,117,9.752425530325136e-16
28,118,1.2772569765154988e-15
28,119,8.67066527473155e-31
28,120,9.200595814074186e-31
28,121,3.400058012914544e-16
28,122,2.767087861842211e-16
28,123,3.1034101170656217e-16
28,124,1.787288316073528e-30
28,125,1.4706908452934724e-30
28,126,1.3691134005938453e-16
28,127,4.525201667737836e-16
28,128,5.653883514847512e-31
28,129,2.9734200599528593e-16
28,130,5.282867330483225e-31
28,131,1.0318970146136376e-30
28,132,5.720963309085327e-31
28,133,8.502619602165785e-31
28,134,1.8645049694912126e-16
28,135,4.824257931591995e-31
28,136,5.244263381425398e-16
28,137,5.837750454235962e-16
28,138,2.965121486173245e-16
28,139,1.7274430900096705e-30
28,140,6.824230214674196e-31
28,141,6.923004642223889e-31
28,142,4.855250655366064e-16
28,143,4.2752019524163296e-31
28,144,6.754357045587973e-31
28,145,2.465370559678838e-31
28,146,5.114521431796278e-31
28,147,1.2490009027033006e-16
28,148,4.449565715880514e-16
28,149,3.1843399876895697e-16
29,30,1.519606966796218e-30
29,31,1.393755339980061e-30
29,32,1.2108380231802138e-30
29,33,2.4852817270174467e-30
29,34,8.156051987088238e-31
29,35,1.689619365530669e-30
29,36,3.7183191241805155e-31
29,37,1.7226078150818947e-30
29,38,1.3598501278035464e-30
29,39,2.4150374347741894e-31
29,40,4.1036283964070344e-30
29,41,1.0180609291228588e-30
29,42,1.9226304498180566e-30
29,43,7.8372071894085185e-31
29,44,1.7182787037896693e-30
29,45,2.2522020622660514e-30
29,46,1.2841123741326052e-31
29,47,8.10752593641506e-31
29,48,1.0966850501704035e-30
29,49,2.0110570389625156e-30
29,50,8.705132084934446e-31
29,51,1.1268065403353019e-30
29,52,6.714342934582377e-30
29,53,2.4036240485810538e-30
29,54,1.2459643009156362e-30
29,55,2.1265888021433894e-30
29,56,1.35197351401897e-30
29,57,2.7708222589280124e-30
29,58,2.111555784389338e-30
29,59,1.4821408719448499e-30
29,60,2.480299498344411e-30
29,61,1.2370427323896135e-30
29,62,1.3393341028687723e-29
29,63,3.166938189448448e-30
29,64,1.1081901297972838e-30
29,65,2.373569208543063e-30
29,66,1.2587690581847326e-30
29,67,3.18319172665035e-30
29,68,1.2363325635097557e-30
29,69,2.3476612996763657e-30
29,70,6.738042694613382e-31
29,71,1.818027270630836e-30
29,72,1.4538394130636537e-30
29,73,2.069592679201166e-30
29,74,1.2778308006540272e-15
29,75,1.0457117115504255e-30
29,76,3.172258604694926e-31
29,77,1.0202159191258937e-30
29,78,8.532104786956278e-31
29,79,1.3634560067209126e-30
29,80,7.036743185473518e-31
29,81,1.790737365626762e-30
29,82,7.663703400581636e-31
29,83,2.2805114559231387e-30
29,84,1.9513770189169674e-30
29,85,9.770508275856147e-31
29,86,8.91612975323353e-31
29,87,1.879277990698719e-30
29,88,2.8373543529225955e-31
29,89,3.737074380926624e-30
29,90,1.6669436492814067e-30
29,91,1.5368244595082532e-30
29,92,4.7933646356618265e-16
29,93,1.1081948070959155e-30
29,94,1.8951574255205248e-30
29,95,9.164522557388614e-31
29,96,7.180133472540302e-31
29,97,1.9725042345175182e-30
29,98,1.1785210838096324e-30
29,99,1.3090966238838693e-30
29,100,1.0431168458140042e-30
29,101,7.635627186405436e-31
29,102,3.7302816241105386e-31
29,103,1.5845074212306825e-30
29,104,1.5041670087171664e-30
29,105,1.834863490955667e-30
29,106,1.685485753518639e-30
29,107,1.450658901679692e-30
29,108,1.5418117774098522e-30
29,109,3.347446922523476e-30
29,110,1.3617598540881197e-30
29,111,1.4463729030487902e-30
29,112,1.9595171736485712e-30
29,113,1.6173707475441587e-30
29,114,1.847209389275517e-30
29,115,2.2231250574311035e-30
29,116,1.605983210530363e-30
29,117,3.723801229870915e-16
29,118,1.2854757455060175e-15
29,119,1.38807570465595e-30
29,120,1.3927680737535257e-30
29,121,1.981825483775645e-30
29,122,2.455618654563967e-30
29,123,2.2762626415341833e-30
29,124,2.1169135870329615e-30
29,125,1.5495798175608572e-30
29,126,1.1461643455752822e-30
29,127,2.2027300488695434e-30
29,128,1.131048763734175e-30
29,129,2.4242635869435003e-30
29,130,8.487138252461527e-31
29,131,2.4139912342061458e-30
29,132,9.345875909094876e-31
29,133,2.7554533442230464e-30
29,134,1.4898259469308025e-30
29,135,5.521212458914015e-31
29,136,1.5160347760621537e-30
29,137,1.8073571477728148e-30
29,138,3.8425302763265514e-30
29,139,2.5725371544477232e-30
29,140,1.0134709491972149e-30
29,141,4.328755582662839e-31
29,142,3.462071933480343e-30
29,143,7.27733489937645e-31
29,144,2.6000176891139193e-30
29,145,3.123208353899723e-31
29,146,7.177687472216042e-31
29,147,2.0834706642868986e-30
29,148,3.539686835792376e-30
29,149,1.2663366181549626e-30
30,31,1.1106622945009604e-30
30,32,1.129357193075735e-30
30,33,2.1319059572799662e-30
30,34,1.065601701098144e-30
30,35,1.38174098508406e-30
30,36,3.5281622129043866e-31
30,37,1.3191220048312257e-30
30,38,1.2695575597505123e-30
30,39,3.9150973566911255e-31
30,40,2.748537830712699e-16
30,41,1.5074892944178906e-30
30,42,9.746315238903814e-31
30,43,4.038724719131298e-31
30,44,2.254205640518088e-30
30,45,1.1772507967412081e-30
30,46,7.674933593869621e-32
30,47,5.509958934391473e-31
30,48,6.839122486279851e-31
30,49,2.3105317221569322e-30
30,50,6.980538559027897e-31
30,51,2.044648731251216e-30
30,52,6.771618779513663e-30
30,53,2.1992870714240903e-30
30,54,7.617865904403368e-31
30,55,1.9298803096148695e-30
30,56,1.2134645338102191e-30
30,57,3.195411782565621e-30
30,58,2.0983436402067428e-30
30,59,1.086025511063027e-30
30,60,2.0831091671771773e-30
30,61,1.2772194221152208e-30
30,62,7.560936943177032e-30
30,63,3.212268427644039e-30
30,64,1.4144923924451912e-30
30,65,3.360091391248885e-30
30,66,1.531890117040379e-30
30,67,2.750001960910368e-30
30,68,7.283653070996995e-31
30,69,1.5201461070782002e-30
30,70,1.186726799538546e-30
30,71,1.3177980517428055e-30
30,72,1.6610814776996925e-30
30,73,3.0619108956278615e-30
30,74,1.3852959051538614e-15
30,75,6.803475777908015e-31
30,76,3.439044396898051e-31
30,77,1.0717810839167898e-30
30,78,6.331411316429947e-31
30,79,8.951606879301096e-31
30,80,3.8587094772918533e-31
30,81,1.899890359716324e-30
30,82,7.201252678404474e-31
30,83,2.0223270306635e-30
30,84,2.0426959105407074e-30
30,85,1.4865056158784704e-30
30,86,8.562649438089934e-31
30,87,1.3427461452690102e-30
30,88,3.0759748196415236e-31
30,89,1.7568300790295028e-30
30,90,2.0120297067080454e-30
30,91,1.876814236594611e-30
30,92,3.9461819533016237e-16
30,93,8.240132868724724e-31
30,94,2.0312553784580253e-30
30,95,1.2314651645190884e-30
30,96,4.9300150107684845e-31
30,97,1.5558695104102763e-30
30,98,1.7087942432469954e-30
30,99,1.3177501387279853e-30
30,100,4.565811172844329e-31
30,101,8.852464534372563e-31
30,102,4.203567714739388e-31
30,103,9.71481250739358e-31
30,104,2.271094133213304e-30
30,105,1.4690062036355518e-30
30,106,1.6226868180086475e-30
30,107,5.990823283590738e-31
30,108,1.5577622696907003e-30
30,109,2.4392055207908893e-30
30,110,7.0410780972163985e-31
30,111,1.0863070658742942e-30
30,112,2.0321198310626068e-30
30,113,9.308939406111133e-31
30,114,9.904751556985434e-31
30,115,1.3087751182930442e-30
30,116,1.3849502363795318e-30
30,117,1.7010907505015172e-16
30,118,7.683082245783174e-16
30,119,7.098658044788293e-31
30,120,8.260984082649788e-31
30,121,1.9803879526971094e-30
30,122,2.2082513724172143e-30
30,123,2.227368916091654e-30
30,124,9.566747683643364e-31
30,125,8.63692657929165e-31
30,126,1.0512533467808316e-30
30,127,1.9146759589720227e-30
30,128,1.2788846407283588e-30
30,129,1.6627568848045307e-30
30,130,6.0449314472984805e-31
30,131,2.145171180175352e-30
30,132,1.3654127264524104e-30
30,133,2.2686581436447223e-30
30,134,1.1116979850961101e-30
30,135,2.450376702270826e-31
30,136,1.3961577560349114e-30
30,137,1.2654623184583227e-30
30,138,2.8314406309725075e-30
30,139,2.9950058113654365e-30
30,140,6.297009125510055e-31
30,141,8.797064497995759e-31
30,142,4.2005502378481885e-30
30,143,9.422141833761876e-31
30,144,1.9836905485699178e-30
30,145,1.9161629429963397e-31
30,146,7.842935274013422e-31
30,147,2.076649541336397e-30
30,148,2.8560829949687692e-30
30,149,1.3896614955229057e-30
31,32,6.922498340198319e-31
31,33,1.338541046721812e-30
31,34,5.964381558440071e-31
31,35,9.324399238487846e-31
31,36,2.6589903432118465e-31
31,37,9.605653597343098e-31
31,38,9.11989269453152e-31
31,39,2.0408232429139173e-31
31,40,4.990217849044963e-16
31,41,8.616582450230749e-31
31,42,9.486374056121998e-31
31,43,4.4285218283467e-31
31,44,1.229310529726939e-30
31,45,1.0357700573267414e-30
31,46,6.644360355228886e-32
31,47,3.887978469369787e-31
31,48,4.92734158191046e-31
31,49,1.2537775928571194e-30
31,50,6.891951786899611e-31
31,51,1.1810882130686986e-30
31,52,4.024585723092065e-30
31,53,1.3004840135819829e-30
31,54,6.592635144109397e-31
31,55,1.3533829225003898e-30
31,56,7.600423848653022e-31
31,57,1.8066557784403746e-30
31,58,1.2525385373988959e-30
31,59,7.884688374242546e-31
31,60,1.3602187554142457e-30
31,61,7.255280776136159e-31
31,62,6.2730302060833974e-30
31,63,1.8472648725407794e-30
31,64,8.3591189528714e-31
31,65,1.9077321297197432e-30
31,66,9.46756701563371e-31
31,67,1.7003681361524814e-30
31,68,6.72290954864576e-31
31,69,1.075056214393343e-30
31,70,6.121667688340783e-31
31,71,8.985543999411916e-31
31,72,9.358497008841407e-31
31,73,1.60918824601097e-30
31,74,8.071834422556881e-16
31,75,5.163581046098935e-31
31,76,2.0038604633354413e-31
31,77,7.0985030503074325e-31
31,78,5.510644890807233e-31
31,79,6.022161684566085e-31
31,80,3.346456146926232e-31
31,81,1.1463020694347197e-30
31,82,4.302051790891842e-31
31,83,1.322805237100286e-30
31,84,1.1851040638438845e-30
31,85,7.833840202592629e-31
31,86,4.7668170563764045e-31
31,87,8.39669140922087e-31
31,88,1.7923072853769087e-31
31,89,1.7801379256003197e-30
31,90,1.0824256508704785e-30
31,91,8.96645009351943e-31
31,92,1.0385185452638041e-16
31,93,5.036878712502962e-31
31,94,1.0206980501927171e-30
31,95,7.862325949500781e-31
31,96,3.6004630563106277e-31
31,97,1.0374219088251269e-30
31,98,8.849028627935445e-31
31,99,7.565262569495643e-31
31,100,6.937170066748587e-31
31,101,4.956043118146487e-31
31,102,2.17437334718728e-31
31,103,8.614981141167348e-31
31,104,9.571780238690403e-31
31,105,1.0163147569156415e-30
31,106,9.458646300594543e-31
31,107,6.293393056209881e-31
31,108,9.389343957028301e-31
31,109,1.6983947641659514e-30
31,110,6.688170185250705e-31
31,111,7.224829613727206e-31
31,112,1.3248073017077063e-30
31,113,7.403161132909123e-31
31,114,8.599462882895432e-31
31,115,9.986907162139322e-31
31,116,7.773498829695162e-31
31,117,6.41322365652444e-16
31,118,6.651414824047524e-16
31,119,6.730322107213299e-31
31,120,6.432719361468641e-31
31,121,1.2460304590052993e-30
31,122,1.4398119341107572e-30
31,123,1.2666775470101893e-30
31,124,9.845863331378495e-31
31,125,7.797007708264206e-31
31,126,6.005052138322669e-31
31,127,1.225894692274204e-30
31,128,7.197945030627765e-31
31,129,1.25113377514616e-30
31,130,3.896045769140621e-31
31,131,1.3007437668574731e-30
31,132,7.1753973025052306e-31
31,133,1.4906085950954814e-30
31,134,8.587186473170165e-31
31,135,4.753050329841219e-31
31,136,7.662542607723559e-31
31,137,8.940115506718377e-31
31,138,2.0224834930060747e-30
31,139,1.6294815328555426e-30
31,140,4.80195824968812e-31
31,141,4.495048805497984e-31
31,142,2.241902565091534e-30
31,143,5.129599267204071e-31
31,144,1.3668619929286661e-30
31,145,1.5400800241912963e-31
31,146,4.981696308272775e-31
31,147,1.0997981636519643e-30
31,148,2.041719309406752e-30
31,149,8.475978182778198e-31
32,33,1.3482442455732786e-30
32,34,5.56231308850642e-31
32,35,1.1653219353796026e-30
32,36,3.627604829132524e-31
32,37,9.494873775254728e-31
32,38,8.624418826508212e-31
32,39,2.033910667340366e-31
32,40,5.340260005158967e-16
32,41,8.108092644038314e-31
32,42,8.108045987003157e-31
32,43,4.259642035880176e-31
32,44,1.2440483987711723e-30
32,45,8.962131599435595e-31
32,46,6.061824114568486e-32
32,47,5.830837289000017e-31
32,48,6.008782920534225e-31
32,49,1.269482416959408e-30
32,50,7.413607039400742e-31
32,51,1.1295740710134249e-30
32,52,3.949644558054436e-30
32,53,1.266693031699544e-30
32,54,5.3153653300331106e-31
32,55,1.4105831283479817e-30
32,56,7.792909754421256e-31
32,57,1.7123522201623003e-30
32,58,1.2246730774519285e-30
32,59,9.38763931916653e-31
32,60,1.2734333228311732e-30
32,61,7.082134855017356e-31
32,62,4.67350722538773e-30
32,63,1.7941537237108434e-30
32,64,7.656282407313047e-31
32,65,1.8657603166479558e-30
32,66,8.29038728022626e-31
32,67,1.689345286371112e-30
32,68,8.780824740713807e-31
32,69,9.750650262922275e-31
32,70,6.1245107174899805e-31
32,71,8.666601708911073e-31
32,72,1.048690453014001e-30
32,73,1.6088806396996414e-30
32,74,7.824660563377196e-16
32,75,5.139805668443465e-31
32,76,1.9424987086150912e-31
32,77,6.462918179045085e-31
32,78,4.4637494807811805e-31
32,79,5.55555236853163e-31
32,80,4.755173663602957e-31
32,81,1.197678816040252e-30
32,82,4.091272188944785e-31
32,83,1.1009165414629252e-30
32,84,1.1742282593130206e-30
32,85,8.130417583757024e-31
32,86,7.300714465215978e-31
32,87,8.651271796281436e-31
32,88,1.7374236634675603e-31
32,89,1.629331564980291e-30
32,90,1.1207640697559335e-30
32,91,1.020743053136545e-30
32,92,8.55033928358599e-16
32,93,7.457416713824633e-31
32,94,1.0476726694011738e-30
32,95,7.37802480925935e-31
32,96,3.3403213575685215e-31
32,97,1.1052104829176566e-30
32,98,9.92797089974913e-31
32,99,1.0370492052606937e-30
32,100,6.202450880630643e-31
32,101,4.92947317355562e-31
32,102,2.4285120339267536e-31
32,103,8.272936213381017e-31
32,104,1.1058608633476235e-30
32,105,9.215795305043126e-31
32,106,1.082091516935885e-30
32,107,6.177818017716901e-31
32,108,1.1215778840645016e-30
32,109,1.5944765463191136e-30
32,110,6.034468159987888e-31
32,111,7.736211327723735e-31
32,112,1.1653690974938062e-30
32,113,6.692937186886404e-31
32,114,8.177917585031434e-31
32,115,1.0687274672642605e-30
32,116,8.799235586047217e-31
32,117,8.412174789426524e-16
32,118,6.068260091384018e-16
32,119,5.542831321280294e-31
32,120,5.6210917518621925e-31
32,121,1.1783919299953915e-30
32,122,1.3513649038801972e-30
32,123,1.2787854314155716e-30
32,124,8.991610665069829e-31
32,125,7.046992155696766e-31
32,126,9.242293360047337e-31
32,127,1.1861254157224815e-30
32,128,7.021924019215825e-31
32,129,1.2997033454756642e-30
32,130,4.970361891236098e-31
32,131,1.286805550457511e-30
32,132,7.3716416049397625e-31
32,133,1.4578429541227954e-30
32,134,8.938768749949485e-31
32,135,4.9672414644644215e-31
32,136,7.656358934327453e-31
32,137,7.8863718344616566e-31
32,138,1.7901002900386407e-30
32,139,1.672126118284739e-30
32,140,4.240840081319325e-31
32,141,4.508875119608595e-31
32,142,2.440186220486915e-30
32,143,5.050724375918727e-31
32,144,1.2812873570030806e-30
32,145,1.2650893376308335e-31
32,146,6.013552777700402e-31
32,147,1.084323481442327e-30
32,148,1.8739716999536018e-30
32,149,1.116830889958745e-30
33,34,1.1034787634997094e-30
33,35,1.2748463813260777e-30
33,36,2.6425718037463384e-31
33,37,9.336561044210198e-31
33,38,1.2567166545498116e-30
33,39,3.895777556898552e-31
33,40,5.722379214928356e-16
33,41,1.302434289132894e-30
33,42,1.3156646942087847e-30
33,43,6.128069650193204e-31
33,44,2.506398860693416e-30
33,45,1.751664740041483e-30
33,46,7.038921274593253e-32
33,47,7.649328274376883e-31
33,48,1.1751765009698009e-30
33,49,2.722236587121635e-30
33,50,1.0108676282571265e-30
33,51,1.2616746520977461e-30
33,52,8.528203386353813e-30
33,53,2.729891141656666e-30
33,54,1.04989190568182e-30
33,55,1.8350446424594377e-30
33,56,1.4469219626657556e-30
33,57,3.524573665837147e-30
33,58,2.6156727912377997e-30
33,59,1.8334041986716803e-30
33,60,2.7946757732550967e-30
33,61,9.674765821386687e-31
33,62,9.938213557209865e-30
33,63,3.861697497209366e-30
33,64,1.5236568560080198e-30
33,65,2.2562827854249442e-30
33,66,1.424252748233521e-30
33,67,3.701910401949035e-30
33,68,9.453229575367775e-31
33,69,2.1205277962069102e-30
33,70,9.926077388330405e-31
33,71,1.3436670861915103e-30
33,72,1.9490690410609313e-30
33,73,2.970716451548167e-30
33,74,1.6617491962761945e-15
33,75,8.211107351547679e-31
33,76,4.125349133886853e-31
33,77,1.4269054852845404e-30
33,78,7.669068448928887e-31
33,79,1.146724036800458e-30
33,80,4.85572966761482e-31
33,81,2.4018601554686505e-30
33,82,8.40228794081819e-31
33,83,2.224652892376981e-30
33,84,2.5239660098392377e-30
33,85,1.2937656842153992e-30
33,86,9.617953619505409e-31
33,87,1.8079917511111462e-30
33,88,3.689824437716353e-31
33,89,2.2887030984605228e-30
33,90,2.320846188103751e-30
33,91,1.5126985405105339e-30
33,92,4.002966042486722e-16
33,93,1.3148264372395627e-30
33,94,1.8654135193564982e-30
33,95,9.765293974779752e-31
33,96,7.293040136070741e-31
33,97,1.277996770340622e-30
33,98,1.7148782366804176e-30
33,99,1.8898613982246006e-30
33,100,1.0543914428708048e-30
33,101,1.0412355536581337e-30
33,102,4.932608284534096e-31
33,103,1.3994868995422088e-30
33,104,1.9257637235451813e-30
33,105,1.7891336776199855e-30
33,106,1.9595003095541652e-30
33,107,1.0757011340113519e-30
33,108,1.4032191966979158e-30
33,109,3.502830151660142e-30
33,110,7.7930566545307135e-31
33,111,1.573497563471761e-30
33,112,2.5060997000628323e-30
33,113,1.0987315164673802e-30
33,114,1.215569648588492e-30
33,115,2.2000221441008444e-30
33,116,1.858660180687971e-30
33,117,6.937505986320807e-16
33,118,7.046394657732301e-16
33,119,1.0899653132289038e-30
33,120,1.1823213894967609e-30
33,121,2.2415403051379525e-30
33,122,2.914377311186913e-30
33,123,2.0424379433379254e-30
33,124,1.3300925667624578e-30
33,125,8.823284632340563e-31
33,126,1.132042282681346e-30
33,127,2.533846004784932e-30
33,128,1.4735690165300084e-30
33,129,2.07410702832619e-30
33,130,9.678315740294057e-31
33,131,2.8091816458021026e-30
33,132,1.485678220570574e-30
33,133,3.1729166637859164e-30
33,134,1.3411787324419892e-30
33,135,5.008813762664125e-31
33,136,1.4317402034215912e-30
33,137,1.5765675263042332e-30
33,138,3.7920294312143644e-30
33,139,3.447930152633289e-30
33,140,9.019056172230497e-31
33,141,7.6004390045708005e-31
33,142,5.02614662516037e-30
33,143,1.0310439911930793e-30
33,144,2.8050108995491764e-30
33,145,2.2520053429649925e-31
33,146,8.07952711058998e-31
33,147,2.0929497717023903e-30
33,148,2.0107694075730784e-30
33,149,1.597859107954108e-30
34,35,6.538039027433277e-31
34,36,2.1545021654821056e-31
34,37,6.619329692496199e-31
34,38,7.223327953525034e-31
34,39,1.923671609719004e-31
34,40,2.025260727748954e-30
34,41,6.906719137000075e-31
34,42,4.363755648193752e-31
34,43,2.2281174988407537e-31
34,44,1.1585596940660548e-30
34,45,5.722205164607822e-31
34,46,3.443514920498153e-32
34,47,3.15234098189091e-31
34,48,3.4694148223465308e-31
34,49,1.2053962649086287e-30
34,50,4.1092764850412975e-31
34,51,1.1733562811052346e-30
34,52,3.459575226575309e-30
34,53,1.0975111127082926e-30
34,54,4.134272362369711e-31
34,55,1.0318289153053102e-30
34,56,6.062025820911515e-31
34,57,1.6184683003841185e-30
34,58,1.0892521609053679e-30
34,59,6.085992375123665e-31
34,60,1.0729685466456987e-30
34,61,5.854815190312806e-31
34,62,2.7322546483446875e-30
34,63,1.620397063812677e-30
34,64,7.90397207808644e-31
34,65,1.552042076138281e-30
34,66,7.020764296651831e-31
34,67,1.4232673580162776e-30
34,68,3.892723066585179e-31
34,69,7.159604722628137e-31
34,70,5.650467014501827e-31
34,71,5.923400873584612e-31
34,72,7.829491687647872e-31
34,73,1.5016290957354661e-30
34,74,7.028520688845749e-16
34,75,3.202656033967667e-31
34,76,1.7448542656864595e-31
34,77,6.321605135895483e-31
34,78,2.8687233333942507e-31
34,79,4.4140495199554065e-31
34,80,1.735251823712702e-31
34,81,9.239007510704781e-31
34,82,3.693435223379116e-31
34,83,1.0108478267799895e-30
34,84,1.0613003277141551e-30
34,85,6.605918789235621e-31
34,86,4.784985032606077e-31
34,87,6.88814372042233e-31
34,88,1.5606450995621611e-31
34,89,8.108580486018673e-31
34,90,9.793631615700302e-31
34,91,8.962459180117403e-31
34,92,2.4835037038225016e-16
34,93,4.400056980005424e-31
34,94,1.0062075665561669e-30
34,95,5.456454417979815e-31
34,96,2.5970789873583626e-31
34,97,6.91950194380447e-31
34,98,7.629952754493872e-31
34,99,6.710769195313394e-31
34,100,3.422252894338286e-31
34,101,4.422339062041783e-31
34,102,1.9537312617474544e-31
34,103,5.3538242077173945e-31
34,104,9.806511208889768e-31
34,105,7.075009623938839e-31
34,106,7.5672510298681424e-31
34,107,3.263312999144567e-31
34,108,7.229420134471783e-31
34,109,1.268385771093731e-30
34,110,3.189002016127006e-31
34,111,5.144805960800027e-31
34,112,1.076431352028194e-30
34,113,4.498436102666303e-31
34,114,5.228142478228213e-31
34,115,7.110699862636514e-31
34,116,6.711428292793862e-31
34,117,2.2204460492503094e-16
34,118,3.4471709787692887e-16
34,119,3.7452013349396123e-31
34,120,4.23490547457034e-31
34,121,9.872062289703465e-31
34,122,1.1500743744215047e-30
34,123,9.995435244727724e-31
34,124,4.537184581764959e-31
34,125,4.178932104616295e-31
34,126,4.329412334054224e-31
34,127,9.943679579122795e-31
34,128,6.426998937326401e-31
34,129,8.58256801314379e-31
34,130,2.8566475744223367e-31
34,131,1.085229186097579e-30
34,132,6.647277602775669e-31
34,133,1.2379416457639641e-30
34,134,5.563708495073175e-31
34,135,8.048727948320706e-32
34,136,6.532966431027738e-31
34,137,6.939441987400709e-31
34,138,1.4797278904363324e-30
34,139,1.4534763302953283e-30
34,140,3.3930164835579405e-31
34,141,4.2178164683340706e-31
34,142,2.0415108319909634e-30
34,143,4.698611144894602e-31
34,144,1.0378674850867341e-30
34,145,9.608457446866603e-32
34,146,3.9432317062973965e-31
34,147,1.004673344743201e-30
34,148,1.3337960301443504e-30
34,149,6.5806503512534414e-31
35,36,7.409692558685573e-31
35,37,2.3441609688384544e-30
35,38,1.437010017339906e-30
35,39,2.3806794529540827e-31
35,40,3.1174694763961003e-30
35,41,1.4481740369881339e-30
35,42,1.652683062427007e-30
35,43,5.049389907514387e-31
35,44,1.2199498199767286e-30
35,45,1.9206354483319788e-30
35,46,1.4690315956674734e-31
35,47,1.184558187265388e-30
35,48,9.392470422438459e-31
35,49,1.2154617221598179e-30
35,50,8.24810617842617e-31
35,51,2.3500202151111336e-30
35,52,3.0907120247409195e-30
35,53,1.4577696040964886e-30
35,54,8.217172488015847e-31
35,55,3.500566496777755e-16
35,56,8.102087717658002e-31
35,57,2.2636467995141362e-30
35,58,1.0607096544205197e-30
35,59,1.3887453055115112e-30
35,60,1.1617690582787286e-30
35,61,1.594342295152461e-30
35,62,3.8193966610128834e-16
35,63,2.8535692441104456e-16
35,64,6.994016891555207e-31
35,65,4.024969667321591e-30
35,66,1.1257477048790259e-30
35,67,1.4497844652518955e-30
35,68,1.4269094464809483e-30
35,69,1.5432707888804724e-30
35,70,1.1501052996268734e-30
35,71,1.955108140839061e-30
35,72,1.3013560287620364e-30
35,73,2.2969065447167902e-30
35,74,5.819163449086875e-16
35,75,1.0962234047791105e-30
35,76,1.4446272005686347e-31
35,77,6.953391058951032e-31
35,78,3.822305665514243e-31
35,79,1.2759048745360147e-30
35,80,7.912334021815957e-31
35,81,1.4353134819567508e-30
35,82,4.8834035106792315e-31
35,83,1.668258315105704e-30
35,84,1.0131138830682425e-30
35,85,1.4803065902368565e-30
35,86,1.4110185403807533e-30
35,87,1.8696546025359394e-30
35,88,1.2921138490466758e-31
35,89,5.901018708893826e-16
35,90,1.0718770599147067e-30
35,91,1.900597079604047e-30
35,92,6.713379852030239e-16
35,93,9.326301318175912e-31
35,94,1.927458352121673e-30
35,95,1.3174907976741302e-30
35,96,3.3659664881810697e-31
35,97,2.504132059600647e-30
35,98,1.4830555243108207e-30
35,99,1.1495711493564667e-30
35,100,6.280148287218296e-31
35,101,4.189368837196763e-31
35,102,3.4638673753669112e-31
35,103,1.4511964506062589e-30
35,104,9.269760399245843e-31
35,105,1.1593838244610034e-30
35,106,9.33133429132977e-31
35,107,1.298749123971334e-30
35,108,2.265941632400644e-30
35,109,1.5717944069774896e-30
35,110,1.4392510855643352e-30
35,111,1.3297121686529198e-30
35,112,9.522551740842833e-31
35,113,1.6565674878496085e-30
35,114,1.986809462583961e-30
35,115,1.696475735980207e-30
35,116,1.0945426622891623e-30
35,117,1.0326603556868105e-15
35,118,1.470591299992822e-15
35,119,9.744222834663797e-31
35,120,1.0677381240496839e-30
35,121,1.604489930780278e-30
35,122,1.7897421671180095e-30
35,123,2.9033371588750448e-30
35,124,2.1052709294498717e-30
35,125,1.6766303298952024e-30
35,126,9.614666729101101e-31
35,127,1.2532441097776783e-30
35,128,6.358449983743941e-31
35,129,2.2441233769623268e-30
35,130,7.919455602096776e-31
35,131,1.3069901809843472e-30
35,132,7.738748606642072e-31
35,133,1.174705301833814e-30
35,134,1.535333455624843e-30
35,135,5.412548765183221e-31
35,136,1.321466596300548e-30
35,137,1.7111723934431452e-30
35,138,2.0366675210831243e-30
35,139,1.856208893717424e-30
35,140,8.282596525873621e-31
35,141,7.668800813277189e-31
35,142,2.4421042561737293e-30
35,143,4.878806805761181e-31
35,144,1.1211125165611573e-30
35,145,2.810883582706922e-31
35,146,5.149925536558246e-31
35,147,2.2332009193289988e-30
35,148,4.650420818765555e-30
35,149,1.6559239212271223e-30
36,37,6.506955090468129e-31
36,38,4.941779888813982e-31
36,39,5.804782340380288e-32
36,40,7.873287424077807e-31
36,41,2.9160122457923283e-31
36,42,3.9305160889576855e-31
36,43,1.2246229302934448e-31
36,44,2.6067144473099456e-31
36,45,4.4408316334666315e-31
36,46,3.5071098900769863e-32
36,47,3.681705526224084e-31
36,48,2.4941585495277305e-31
36,49,3.049503086264795e-31
36,50,2.51349088843769e-31
36,51,7.61349863964412e-31
36,52,6.4366160747081145e-31
36,53,3.8936513652505163e-31
36,54,1.530118542562137e-31
36,55,6.290395296570983e-31
36,56,2.668929551998012e-31
36,57,5.43246061110603e-31
36,58,2.6938954010793168e-31
36,59,3.9361556671102635e-31
36,60,2.6214595533927773e-31
36,61,3.639983401436677e-31
36,62,2.132659450463173e-30
36,63,4.19129286643718e-31
36,64,2.792936631202877e-31
36,65,9.673386610485617e-31
36,66,2.2007656372690028e-31
36,67,3.3038424607318023e-31
36,68,4.195076610374287e-31
36,69,3.9188493114272756e-31
36,70,2.780000058269409e-31
36,71,4.784696875792112e-31
36,72,2.6606696473279804e-31
36,73,6.046101329414642e-31
36,74,1.387778780781447e-16
36,75,2.991773774990037e-31
36,76,3.4452082204417977e-32
36,77,2.1017025184534607e-31
36,78,7.54943116759418e-32
36,79,3.183682546409385e-31
36,80,1.9924223341860056e-31
36,81,4.032145650556061e-31
36,82,1.4954920973845187e-31
36,83,3.3614128416393644e-31
36,84,2.891962629918815e-31
36,85,3.271648440886658e-31
36,86,4.4204691132033005e-31
36,87,5.329975059255737e-31
36,88,3.081487911019575e-32
36,89,8.73814182926752e-31
36,90,2.2772893376071716e-31
36,91,5.247304380841012e-31
36,92,1.210735871299142e-30
36,93,2.2939406195863675e-31
36,94,4.81645848378011e-31
36,95,2.6859027334803043e-31
36,96,7.760047182222216e-32
36,97,6.314146916548741e-31
36,98,3.4051307049352917e-31
36,99,2.336671735289716e-31
36,100,1.3344980570851416e-31
36,101,9.517883391607533e-32
36,102,8.639986768707585e-32
36,103,4.454763305924458e-31
36,104,2.927217018267166e-31
36,105,3.0566182510535487e-31
36,106,2.2310137962340834e-31
36,107,3.385017802227145e-31
36,108,6.397921007768472e-31
36,109,3.6139503285704817e-31
36,110,3.4292261677165026e-31
36,111,3.574511985724274e-31
36,112,3.0405737566350515e-31
36,113,4.144739459575294e-31
36,114,5.416087324057916e-31
36,115,4.463086019462378e-31
36,116,2.82573073587861e-31
36,117,3.376611507232125e-16
36,118,3.5108334685767007e-16
36,119,1.928833924102137e-31
36,120,2.445752517087654e-31
36,121,4.006302809941338e-31
36,122,4.23073191089311e-31
36,123,7.558726683634355e-31
36,124,5.256466393082247e-31
36,125,4.0636677134970495e-31
36,126,1.5377164139794694e-31
36,127,3.0578926980445897e-31
36,128,1.5505073057264777e-31
36,129,6.9050704183086935e-31
36,130,2.1785832202333933e-31
36,131,3.311219283017118e-31
36,132,1.6602822183708786e-31
36,133,2.5781476628755318e-31
36,134,4.753466238754554e-31
36,135,8.285858635476779e-32
36,136,3.3435511827447556e-31
36,137,5.15640589349438e-31
36,138,4.970120056500295e-31
36,139,5.916062158258054e-31
36,140,2.2705820444390576e-31
36,141,1.8584933373255966e-31
36,142,4.57312971620338e-31
36,143,1.1892160077569456e-31
36,144,2.5370402194148277e-31
36,145,6.293231855895462e-32
36,146,1.8746749693857468e-31
36,147,5.833099291677996e-31
36,148,1.1613648842497797e-30
36,149,5.237179875362953e-31
37,38,1.3122775233693541e-30
37,39,2.11520740327075e-31
37,40,3.589494588576369e-16
37,41,1.4470092094225273e-30
37,42,1.7282357860594893e-30
37,43,5.4039725082444745e-31
37,44,1.0311081408409207e-30
37,45,1.9449816846238736e-30
37,46,1.4811482641208056e-31
37,47,9.99413775284453e-31
37,48,6.768731109981362e-31
37,49,1.2101977923361346e-30
37,50,6.85003643656485e-31
37,51,2.3328399678272144e-30
37,52,1.3366761066359015e-30
37,53,1.3623551511099537e-30
37,54,8.653091184827546e-31
37,55,1.9582992288693593e-30
37,56,7.78902268184875e-31
37,57,2.229228201328411e-30
37,58,9.624764473457956e-31
37,59,1.1932292518544614e-30
37,60,7.500576599515411e-31
37,61,1.62127378696245e-30
37,62,5.5070241779641194e-24
37,63,1.4626955371765139e-30
37,64,7.179351049962994e-31
37,65,4.039723148649284e-30
37,66,1.1525293310559784e-30
37,67,1.2513052281464339e-30
37,68,1.2781229454875659e-30
37,69,1.3167286529389908e-30
37,70,1.145856861528576e-30
37,71,1.969582042974592e-30
37,72,1.1159401009167544e-30
37,73,2.229881625010562e-30
37,74,2.676650779074578e-16
37,75,1.008792447156397e-30
37,76,6.644876975368551e-32
37,77,7.008302057424411e-31
37,78,4.34554200882311e-31
37,79,1.2615060505098675e-30
37,80,7.322654790002686e-31
37,81,1.0902069399710768e-30
37,82,4.971301336875157e-31
37,83,1.6702989859711067e-30
37,84,7.546235594225865e-31
37,85,1.4473500419876441e-30
37,86,1.2623997624829508e-30
37,87,1.6966088397626988e-30
37,88,5.943358647618911e-32
37,89,3.682699671324641e-30
37,90,7.438101225290927e-31
37,91,1.88876382679404e-30
37,92,2.095500005536362e-16
37,93,6.888347708329659e-31
37,94,1.9614375825443134e-30
37,95,1.3135608514316732e-30
37,96,2.770170676819473e-31
37,97,2.4426681193860966e-30
37,98,1.3673034596108649e-30
37,99,4.389085149588573e-31
37,100,7.153195225706582e-31
37,101,2.842894193601283e-31
37,102,3.5065563090335514e-31
37,103,1.3280340108688316e-30
37,104,7.657718969064003e-31
37,105,1.2036755686482605e-30
37,106,6.0470826446195015e-31
37,107,1.1978173938560562e-30
37,108,2.1656111466098163e-30
37,109,1.185927724117773e-30
37,110,1.4476022374639355e-30
37,111,1.2134325033454945e-30
37,112,9.267086277008924e-31
37,113,1.6571671695122604e-30
37,114,1.909064850077769e-30
37,115,1.3996256409370478e-30
37,116,8.415099194121526e-31
37,117,7.672107528269846e-16
37,118,1.4827208329891987e-15
37,119,1.0426934807059422e-30
37,120,1.0861009212759213e-30
37,121,1.4889522044408671e-30
37,122,1.7986472257164776e-30
37,123,2.8902477883158076e-30
37,124,2.0784285449633057e-30
37,125,1.7065602652589323e-30
37,126,7.225787067969488e-31
37,127,1.115268983670664e-30
37,128,5.825417742742424e-31
37,129,2.056127206473416e-30
37,130,5.763182505230014e-31
37,131,1.168187705008351e-30
37,132,5.289164290744432e-31
37,133,8.110062815833519e-31
37,134,1.4598244041076744e-30
37,135,5.3926719009355665e-31
37,136,1.2870496160021332e-30
37,137,1.5328911638273978e-30
37,138,2.011376654783497e-30
37,139,1.7533837264445437e-30
37,140,7.682425273528868e-31
37,141,7.547951653488531e-31
37,142,1.2263772536406218e-30
37,143,4.157620450957186e-31
37,144,6.83038411366603e-31
37,145,2.900567897152544e-31
37,146,4.632080516240595e-31
37,147,2.2598603049612816e-30
37,148,4.690014791198046e-30
37,149,1.4434560548990591e-30
38,39,2.1241123766386874e-31
38,40,3.334281122517309e-16
38,41,7.819122957976859e-31
38,42,9.047211833823234e-31
38,43,4.579429273985882e-31
38,44,1.2037135981085994e-30
38,45,1.0881496503540643e-30
38,46,7.545191054002112e-32
38,47,7.254108620390176e-31
38,48,5.290101871143933e-31
38,49,1.340761700976578e-30
38,50,5.949908995546027e-31
38,51,1.8562118977241155e-30
38,52,3.8597424713268996e-30
38,53,1.2732672511449969e-30
38,54,6.7225145916945565e-31
38,55,1.7759834516609097e-30
38,56,8.25335309291456e-31
38,57,1.791009422857469e-30
38,58,1.2461933105591097e-30
38,59,7.513190152721992e-31
38,60,1.3488022972474092e-30
38,61,8.14606319784789e-31
38,62,4.4205712287419984e-24
38,63,1.9213874184468368e-30
38,64,1.0683344380327731e-30
38,65,2.1964364865867742e-30
38,66,8.565622799698103e-31
38,67,1.6391885034210587e-30
38,68,8.643942145958873e-31
38,69,1.18404439252976e-30
38,70,6.858388631797771e-31
38,71,1.001898026254149e-30
38,72,8.184255918166492e-31
38,73,1.7737390613093988e-30
38,74,7.978219391693759e-16
38,75,5.778445975029717e-31
38,76,1.980620212197941e-31
38,77,7.606564063255581e-31
38,78,5.356800150993561e-31
38,79,6.706081519465144e-31
38,80,4.068894995190633e-31
38,81,9.360272931904615e-31
38,82,4.850356302261127e-31
38,83,1.4458345501824576e-30
38,84,1.2546611127321726e-30
38,85,7.885861524759519e-31
38,86,8.849583658882588e-31
38,87,1.0327441982048315e-30
38,88,1.7715205728338619e-31
38,89,1.9462533835535242e-30
38,90,1.0331830835474127e-30
38,91,1.3307819552052625e-30
38,92,2.0955000055363459e-16
38,93,5.69922358697201e-31
38,94,1.3149881750246518e-30
38,95,7.226122791970875e-31
38,96,3.502645150753453e-31
38,97,1.290290682790549e-30
38,98,8.349604435292677e-31
38,99,6.990493838279533e-31
38,100,6.230106169591727e-31
38,101,4.823535879034373e-31
38,102,1.7837387684870141e-31
38,103,9.634282639482836e-31
38,104,1.4618919600494048e-30
38,105,1.0886529970614538e-30
38,106,8.92280932501801e-31
38,107,7.257594770290597e-31
38,108,1.2969331198749404e-30
38,109,1.6722243321592113e-30
38,110,7.48887113839212e-31
38,111,7.678930653307139e-31
38,112,1.269168461688066e-30
38,113,8.737884309566693e-31
38,114,1.0673615121065155e-30
38,115,1.0144075933291666e-30
38,116,8.012149125485429e-31
38,117,9.019761397940511e-16
38,118,7.553201955304182e-16
38,119,6.5833722315771615e-31
38,120,6.432232136791482e-31
38,121,1.2330387784388404e-30
38,122,1.2997322066642352e-30
38,123,1.5614316060249369e-30
38,124,1.1185379733415777e-30
38,125,8.699953944915082e-31
38,126,5.4757705771687215e-31
38,127,1.1738666347624362e-30
38,128,7.170012002806375e-31
38,129,1.5562106511464791e-30
38,130,4.221712060562071e-31
38,131,1.2235893309501565e-30
38,132,7.029460708235723e-31
38,133,1.5307778677554314e-30
38,134,1.0558017913808468e-30
38,135,4.690464310526656e-31
38,136,9.609264534296472e-31
38,137,1.1439757466985205e-30
38,138,2.0990299005265696e-30
38,139,1.6258947443275813e-30
38,140,4.787070265185803e-31
38,141,4.945054009786208e-31
38,142,2.0904011280243084e-30
38,143,5.184574292146637e-31
38,144,1.3306550370527251e-30
38,145,1.4885590746731099e-31
38,146,6.126012546472106e-31
38,147,1.283487483002765e-30
38,148,2.4247772744202777e-30
38,149,1.0879714561305996e-30
39,40,6.04164953778567e-31
39,41,2.763533848711414e-31
39,42,1.605029126089425e-31
39,43,7.08480843413946e-32
39,44,4.110930893107816e-31
39,45,2.154008766083441e-31
39,46,1.1090455257146039e-32
39,47,9.843604579874983e-32
39,48,1.142561010826852e-31
39,49,4.219431224452003e-31
39,50,1.2177386088180615e-31
39,51,3.6206576735609553e-31
39,52,1.2097066707373275e-30
39,53,3.8757817413811453e-31
39,54,1.3784593334811694e-31
39,55,3.396080734242767e-31
39,56,2.1652402322585853e-31
39,57,5.924587205563466e-31
39,58,3.734512910282434e-31
39,59,2.1127498841458156e-31
39,60,3.5502419204817046e-31
39,61,2.3193622924840817e-31
39,62,4.640716671160218e-31
39,63,5.6854613601651325e-31
39,64,2.5705523349138e-31
39,65,6.021953647614477e-31
39,66,2.692529440029529e-31
39,67,4.92417294176544e-31
39,68,1.2814525734335547e-31
39,69,2.1144700685542085e-31
39,70,2.177393681590739e-31
39,71,2.3700668076298708e-31
39,72,3.1197793797139774e-31
39,73,5.610949668302281e-31
39,74,2.4825341532472766e-16
39,75,1.0655044240879315e-31
39,76,6.162975822039154e-32
39,77,2.0939916310290745e-31
39,78,9.100035478603788e-32
39,79,1.6443379042606933e-31
39,80,6.55178850500084e-32
39,81,3.483562435104189e-31
39,82,1.2932274333660509e-31
39,83,3.586934865791166e-31
39,84,3.7008373886211856e-31
39,85,2.7178259123771863e-31
39,86,1.5431006919520758e-31
39,87,2.42680915412086e-31
39,88,5.512333152706879e-32
39,89,2.44565565618029e-31
39,90,3.6022599425418853e-31
39,91,3.2552884858312864e-31
39,92,1.3288536213509502e-30
39,93,1.475639477134298e-31
39,94,3.6578398283834306e-31
39,95,2.2174165076699773e-31
39,96,8.235505963485763e-32
39,97,2.7356086878118508e-31
39,98,3.145320040201154e-31
39,99,2.3940519811792988e-31
39,100,9.114323309335117e-32
39,101,1.6018755400813926e-31
39,102,7.803972595945994e-32
39,103,1.7666810926918127e-31
39,104,3.4867283136730803e-31
39,105,2.5948042431903446e-31
39,106,2.898077306053025e-31
39,107,6.608259489124061e-32
39,108,2.812600999125089e-31
39,109,4.088310838032719e-31
39,110,9.522344346845717e-32
39,111,2.0756877103536745e-31
39,112,3.754309614466628e-31
39,113,1.6487353299069915e-31
39,114,1.676375298768193e-31
39,115,2.225889868577422e-31
39,116,2.3979719358469077e-31
39,117,3.734034984140488e-31
39,118,1.1102230246251533e-16
39,119,1.273451142486378e-31
39,120,1.4943130314168617e-31
39,121,3.630745751260792e-31
39,122,4.215882420061884e-31
39,123,3.983252384704277e-31
39,124,1.28449421167663e-31
39,125,1.2882816763583989e-31
39,126,1.8364557722593356e-31
39,127,3.368668187329358e-31
39,128,2.316383611476397e-31
39,129,3.024797032273926e-31
39,130,1.0731760995963276e-31
39,131,3.822027939341945e-31
39,132,2.5058603795265338e-31
39,133,4.000807419119394e-31
39,134,2.0289552770773185e-31
39,135,3.4863055968420995e-32
39,136,2.312838809958343e-31
39,137,2.1174966007821637e-31
39,138,4.890439754222164e-31
39,139,5.432665669746094e-31
39,140,1.1017776015880911e-31
39,141,1.617301948841622e-31
39,142,7.604639109299227e-31
39,143,1.7161361775232305e-31
39,144,3.372699081390723e-31
39,145,3.4863055968420995e-32
39,146,1.3931836350478635e-31
39,147,3.8147258305152595e-31
39,148,4.711606084446761e-31
39,149,2.58001998421565e-31
40,41,4.1911436146983534e-16
40,42,3.4247501166243074e-16
40,43,2.603703785810339e-16
40,44,1.8619006149354356e-16
40,45,3.9252311467094774e-17
40,46,2.1916522447237247e-31
40,47,1.3587459570075021e-30
40,48,1.7435639347704115e-30
40,49,1.0623534945633303e-15
40,50,9.29708211780702e-16
40,51,6.545036042118081e-16
40,52,1.1188630228279494e-16
40,53,6.978700071583498e-16
40,54,2.2260125486354e-16
40,55,4.218196922111094e-16
40,56,6.600349276642699e-16
40,57,2.897767167584097e-16
40,58,4.88342375146525e-16
40,59,5.66104886700368e-16
40,60,4.887308727710135e-16
40,61,4.443635637783999e-16
40,62,2.7116440228550005e-15
40,63,5.741615730181356e-16
40,64,2.061038387218719e-16
40,65,5.986358454754118e-30
40,66,6.212926114994522e-16
40,67,4.577698275459901e-16
40,68,3.8157607864707026e-16
40,69,2.914335439641038e-16
40,70,1.8578174158815013e-30
40,71,3.6508408512799984e-16
40,72,4.2457866502527676e-16
40,73,4.5451590160654406e-30
40,74,2.403386519441338e-15
40,75,5.835276010502302e-16
40,76,5.995596762995209e-31
40,77,5.578909535698987e-16
40,78,6.722137407118775e-16
40,79,2.029300053503781e-30
40,80,3.72381133131454e-16
40,81,4.675411654601296e-16
40,82,4.726604209672306e-16
40,83,3.9576034759345426e-16
40,84,5.613217783960931e-16
40,85,3.608224830031756e-16
40,86,1.971539478136539e-30
40,87,2.8554753540645154e-30
40,88,5.362624771093993e-31
40,89,7.863407948896431e-16
40,90,5.822472142146872e-16
40,91,2.786810452962602e-16
40,92,2.1920535740709056e-15
40,93,4.3177564393534423e-16
40,94,2.8441001681421957e-16
40,95,2.242025235105679e-16
40,96,1.116173977711662e-30
40,97,1.8926779167518993e-16
40,98,2.1806160835058884e-30
40,99,3.345813473843222e-16
40,100,7.575877247376841e-16
40,101,1.4975928794299758e-30
40,102,6.669076830954904e-31
40,103,2.0170589995134153e-16
40,104,1.5011122659325058e-16
40,105,5.297244499711339e-16
40,106,1.9772587617397672e-30
40,107,1.359739955510525e-16
40,108,4.1134533263010443e-16
40,109,1.3877787807814496e-16
40,110,2.2126693889239894e-30
40,111,6.786296383379486e-16
40,112,2.9010883917888845e-16
40,113,2.7336071744532956e-16
40,114,5.688200336284365e-16
40,115,5.303149254255876e-16
40,116,3.9055556787154998e-16
40,117,1.2790387564147272e-15
40,118,2.358007937978488e-15
40,119,1.9828575213127005e-30
40,120,2.0249428767161598e-30
40,121,4.475452091311809e-16
40,122,8.308220803099424e-16
40,123,7.718096473865635e-16
40,124,3.3161313513363694e-30
40,125,1.922962686383556e-16
40,126,3.98187060297123e-16
40,127,2.429851638631889e-16
40,128,2.1465121518310933e-30
40,129,4.0924770346182183e-16
40,130,1.2239447287655363e-30
40,131,4.055034737397868e-30
40,132,2.1638454883370387e-30
40,133,3.2009291313836104e-16
40,134,5.179594976956619e-16
40,135,7.589994667021532e-31
40,136,5.147892387644509e-16
40,137,4.663696873700293e-16
40,138,2.4697316369867436e-16
40,139,2.0966485394705144e-16
40,140,1.4934206102926399e-30
40,141,1.3495483628055124e-30
40,142,1.9930455364337793e-16
40,143,1.5221734857808254e-30
40,144,4.192489714627828e-30
40,145,4.580987571640535e-31
40,146,2.9250544914480336e-16
40,147,3.734130795427979e-16
40,148,4.04380377046945e-16
40,149,6.757254530453132e-16
41,42,1.1427204597150956e-30
41,43,3.9047065389137507e-31
41,44,1.5086465093808145e-30
41,45,1.2254768279134709e-30
41,46,9.2592433582761e-32
41,47,4.228393511228822e-31
41,48,3.6480355023965635e-31
41,49,1.5021959744208435e-30
41,50,5.495409345135644e-31
41,51,1.6859477743139997e-30
41,52,4.029972251478319e-30
41,53,1.3517949262244855e-30
41,54,5.6252853743774624e-31
41,55,1.446526802549272e-30
41,56,7.491758133119263e-31
41,57,2.269444543427029e-30
41,58,1.2590344999056745e-30
41,59,7.840808363380878e-31
41,60,1.1391154933443059e-30
41,61,1.2106942891329541e-30
41,62,5.479491147978343e-30
41,63,1.9450328246456725e-30
41,64,8.970084431401889e-31
41,65,3.173847475609402e-30
41,66,1.2436567171789194e-30
41,67,1.6311872804838445e-30
41,68,8.5554465507168e-31
41,69,7.500424570170631e-31
41,70,9.925783065773613e-31
41,71,1.3862165478392974e-30
41,72,1.2247524832624412e-30
41,73,2.2305281348698332e-30
41,74,8.378552767209557e-16
41,75,5.97068519425239e-31
41,76,2.0800043399382143e-31
41,77,7.36769348603153e-31
41,78,3.7357816560220736e-31
41,79,7.88812644050302e-31
41,80,4.315711285290294e-31
41,81,1.293400474704603e-30
41,82,5.037731683910753e-31
41,83,1.497147446492421e-30
41,84,1.2540500437027198e-30
41,85,1.2888197010194578e-30
41,86,7.35518712475044e-31
41,87,9.438922223764072e-31
41,88,1.8604124390385713e-31
41,89,2.1833936765570542e-30
41,90,1.2877412238004685e-30
41,91,1.4235087747588263e-30
41,92,1.5700924586837737e-16
41,93,4.932198943397577e-31
41,94,1.580151864594603e-30
41,95,1.1842081032148998e-30
41,96,2.6874911817726942e-31
41,97,1.6126420022259906e-30
41,98,1.340644946291381e-30
41,99,8.293263464050586e-31
41,100,7.267880033311858e-31
41,101,5.582324481090589e-31
41,102,3.2627234242301283e-31
41,103,7.305094957051999e-31
41,104,1.2451978093335486e-30
41,105,1.1420379618801382e-30
41,106,1.0100576339554127e-30
41,107,5.444142375554224e-31
41,108,1.4597893313390238e-30
41,109,1.3305596421889716e-30
41,110,8.741919804085182e-31
41,111,8.895397491859839e-31
41,112,1.2942899733918977e-30
41,113,9.752859277704323e-31
41,114,1.0951026873333004e-30
41,115,7.846467218518042e-31
41,116,8.130194336264237e-31
41,117,4.1633363423443415e-16
41,118,9.269074107974025e-16
41,119,6.810151920414018e-31
41,120,6.82181564874429e-31
41,121,1.401980392248858e-30
41,122,1.608052826559524e-30
41,123,2.1161336770183563e-30
41,124,1.2015603521591998e-30
41,125,1.0767064957102656e-30
41,126,7.915243764576773e-31
41,127,1.1252668258856197e-30
41,128,8.195942161456977e-31
41,129,1.2711697136436796e-30
41,130,3.870835520151857e-31
41,131,1.2836737015527707e-30
41,132,9.371083456411302e-31
41,133,1.3233017177113103e-30
41,134,1.0522832650542718e-30
41,135,4.775725466536696e-31
41,136,9.72990598694022e-31
41,137,8.043742832926743e-31
41,138,1.6121144990694067e-30
41,139,2.0229075834778077e-30
41,140,3.970365433291742e-31
41,141,7.066389535397423e-31
41,142,2.70499666615088e-30
41,143,6.221167392271468e-31
41,144,1.087804179732278e-30
41,145,1.9317070492663143e-31
41,146,4.985151360590682e-31
41,147,1.7112114693231354e-30
41,148,3.1055854639120984e-30
41,149,1.1838321752148065e-30
42,43,5.8377404020295165e-31
42,44,8.803008458913946e-31
42,45,1.7494100384154734e-30
42,46,1.2061268449621434e-31
42,47,6.50161586675643e-31
42,48,6.588464686210199e-31
42,49,1.0414499879483258e-30
42,50,6.708059416622794e-31
42,51,1.5396436784721704e-30
42,52,3.183928952570798e-30
42,53,1.3302068684583175e-30
42,54,8.799103389135148e-31
42,55,1.5866014984604838e-30
42,56,7.441767656382276e-31
42,57,1.66553488051892e-30
42,58,1.028019311843761e-30
42,59,1.0421533389420925e-30
42,60,1.3021755738415892e-30
42,61,1.2490026424925939e-30
42,62,1.1347886470375166e-29
42,63,1.6396513562861228e-30
42,64,6.115851210840487e-31
42,65,2.9230942414259478e-30
42,66,9.665489440136823e-31
42,67,1.6451853761403925e-30
42,68,1.0465699022504041e-30
42,69,1.5320864527108366e-30
42,70,8.114938905873005e-31
42,71,1.6866557406228167e-30
42,72,8.10573166039773e-31
42,73,1.4737400745188438e-30
42,74,6.070739097677076e-16
42,75,7.894112564228018e-31
42,76,1.5070817145436855e-31
42,77,7.276231044095242e-31
42,78,5.474829799035848e-31
42,79,1.051302260807311e-30
42,80,5.856792452664063e-31
42,81,8.927785727685692e-31
42,82,4.575328553508169e-31
42,83,1.6410618994939146e-30
42,84,9.307513785809691e-31
42,85,1.0410239255368382e-30
42,86,8.517795430537738e-31
42,87,1.3112783357595963e-30
42,88,1.3479748645466456e-31
42,89,3.177294309611131e-30
42,90,8.632918667348196e-31
42,91,1.3722038976313957e-30
42,92,3.291452090450665e-16
42,93,6.7184094803037865e-31
42,94,1.5510068331434894e-30
42,95,1.0722241141603216e-30
42,96,4.0001060902269e-31
42,97,1.8535160987361106e-30
42,98,9.248120830312727e-31
42,99,6.334264586927106e-31
42,100,7.513585795857218e-31
42,101,3.629050112914653e-31
42,102,2.6808834119780075e-31
42,103,1.2013620414433431e-30
42,104,1.603297073534509e-30
42,105,1.2657385135046998e-30
42,106,8.19799719720044e-31
42,107,1.064869441659532e-30
42,108,1.5385397045770982e-30
42,109,1.8510255689107303e-30
42,110,1.211514520002722e-30
42,111,1.0537852324374462e-30
42,112,9.111161165538827e-31
42,113,1.363267166992392e-30
42,114,1.538865277466249e-30
42,115,1.379898399922399e-30
42,116,1.0036736792186012e-30
42,117,5.512116259992162e-16
42,118,1.207407417321891e-15
42,119,1.0254550088065827e-30
42,120,1.004051569485208e-30
42,121,1.234902910135975e-30
42,122,1.588088940056892e-30
42,123,2.218814264424664e-30
42,124,1.7769819679716746e-30
42,125,1.430890580882645e-30
42,126,6.738643870271596e-31
42,127,1.196485078532781e-30
42,128,5.376205857955271e-31
42,129,1.7295537095221885e-30
42,130,5.270347706584987e-31
42,131,1.2550650327520337e-30
42,132,5.289076862291328e-31
42,133,1.4141681782802874e-30
42,134,1.2324313347496196e-30
42,135,5.639309759053343e-31
42,136,1.1484620231005216e-30
42,137,1.2547754851189098e-30
42,138,2.269673470583485e-30
42,139,1.362703619876439e-30
42,140,6.7786662885276765e-31
42,141,5.228819740992667e-31
42,142,1.7597085687836995e-30
42,143,3.6582258089213076e-31
42,144,1.3567703726692303e-30
42,145,2.548824396295448e-31
42,146,3.7560250633649497e-31
42,147,1.7470810442282004e-30
42,148,3.627627798098727e-30
42,149,1.0634016597272852e-30
43,44,4.846921666434505e-31
43,45,6.382499807055915e-31
43,46,3.8915489339657047e-32
43,47,2.2823991157044495e-31
43,48,2.774825953704952e-31
43,49,5.488844307066296e-31
43,50,3.7565208867859563e-31
43,51,4.911077858187796e-31
43,52,1.7282951030713476e-30
43,53,6.080286668473425e-31
43,54,3.9912201902805e-31
43,55,7.378231882944117e-31
43,56,3.356783716081411e-31
43,57,7.171956857949452e-31
43,58,5.7131202504632444e-31
43,59,4.178560873732849e-31
43,60,6.3979054376227145e-31
43,61,4.350069524920318e-31
43,62,4.181165515627914e-30
43,63,8.047695144574115e-31
43,64,3.637499480574431e-31
43,65,8.768457784622797e-31
43,66,3.6106977621050563e-31
43,67,7.956540785928182e-31
43,68,4.757411684089148e-31
43,69,6.085771356735906e-31
43,70,2.4247035721932177e-31
43,71,5.18139566656211e-31
43,72,3.977891717464754e-31
43,73,5.430182781504286e-31
43,74,3.272334104395984e-16
43,75,3.120075638954841e-31
43,76,8.123681174998848e-32
43,77,2.933648454402586e-31
43,78,3.1389486023612852e-31
43,79,3.6108756823321008e-31
43,80,2.2607359596204105e-31
43,81,4.892584969808296e-31
43,82,2.06547761789322e-31
43,83,7.798010390464813e-31
43,84,5.120104413907095e-31
43,85,3.5931607229912713e-31
43,86,2.8836278097253735e-31
43,87,4.654152914832895e-31
43,88,7.266041333933114e-32
43,89,1.1248263191368468e-30
43,90,4.464829778559891e-31
43,91,4.4952972128591445e-31
43,92,3.7238013877061744e-16
43,93,3.5602493120298224e-31
43,94,5.9096892680510875e-31
43,95,4.470139800158196e-31
43,96,1.815469518020615e-31
43,97,6.102365937961744e-31
43,98,3.7615622484322258e-31
43,99,4.420126813019021e-31
43,100,3.763229684844021e-31
43,101,1.981448699625299e-31
43,102,9.707381808678049e-32
43,103,4.612706957309681e-31
43,104,3.995543335733336e-31
43,105,6.085041950393299e-31
43,106,4.2418863500746335e-31
43,107,3.803156985792782e-31
43,108,4.6198027731131485e-31
43,109,8.436598427985128e-31
43,110,4.004221494026678e-31
43,111,4.036594513871194e-31
43,112,5.059154147539662e-31
43,113,4.602423091319793e-31
43,114,5.34489954196652e-31
43,115,5.620448773560209e-31
43,116,4.022858635396625e-31
43,117,4.2276033262255776e-16
43,118,3.895680680159944e-16
43,119,4.064215267098369e-31
43,120,3.7845088844967518e-31
43,121,5.566240076696599e-31
43,122,6.158206296831841e-31
43,123,6.169390415030167e-31
43,124,5.94238088972028e-31
43,125,4.351855497313746e-31
43,126,4.085292105101522e-31
43,127,5.924643021411627e-31
43,128,2.882704191779412e-31
43,129,7.198182669517237e-31
43,130,2.1399133361655474e-31
43,131,5.99893086797497e-31
43,132,2.7599900669350436e-31
43,133,7.4231703644817355e-31
43,134,5.1319590053652625e-31
43,135,3.20831348381938e-31
43,136,4.646146048914791e-31
43,137,5.159749093291564e-31
43,138,1.0351659341012046e-30
43,139,6.595736124195192e-31
43,140,2.631408274779662e-31
43,141,1.6259046898325646e-31
43,142,9.75229523313095e-31
43,143,1.9192041816490141e-31
43,144,6.5372158716966096e-31
43,145,9.54722111251461e-32
43,146,2.2083747795802932e-31
43,147,5.23024814815768e-31
43,148,1.1314309691703263e-30
43,149,4.71160840046707e-31
44,45,1.3169355207911076e-30
44,46,5.737703058087422e-32
44,47,5.671958045902052e-31
44,48,8.747072063554998e-31
44,49,2.5734706584207914e-30
44,50,9.82169303769166e-31
44,51,2.216592042037712e-30
44,52,7.66086457677886e-30
44,53,2.4314054326308855e-30
44,54,8.212160326730792e-31
44,55,1.757017696623932e-30
44,56,1.2589783931397344e-30
44,57,3.4708952450196964e-30
44,58,2.3940760160995625e-30
44,59,1.4611921873949732e-30
44,60,2.3405610084533546e-30
44,61,1.2106227870868888e-30
44,62,6.484661102667195e-30
44,63,3.5074182897184544e-30
44,64,1.5722646903619536e-30
44,65,3.095818437248326e-30
44,66,1.5667254779296418e-30
44,67,3.1498007497304018e-30
44,68,8.872679172849844e-31
44,69,1.5519878726029748e-30
44,70,1.177304458014819e-30
44,71,1.2881174033701274e-30
44,72,1.7603098032153773e-30
44,73,3.1089846658031744e-30
44,74,1.5236679766973482e-15
44,75,6.853141933693271e-31
44,76,3.782557790360331e-31
44,77,1.3077702001979757e-30
44,78,6.372217910376575e-31
44,79,9.47252863295971e-31
44,80,4.589290285958036e-31
44,81,2.223361019405681e-30
44,82,7.635641856791644e-31
44,83,2.1044296146176452e-30
44,84,2.2837095677046922e-30
44,85,1.4288252830785942e-30
44,86,1.0251906824689048e-30
44,87,1.4576123526544096e-30
44,88,3.38322253922684e-31
44,89,1.4717155166050695e-30
44,90,2.216694689428231e-30
44,91,1.7186423867190587e-30
44,92,1.0385185452638052e-15
44,93,1.0690684602935662e-30
44,94,2.001571142422254e-30
44,95,1.1916704443787277e-30
44,96,5.629364469194964e-31
44,97,1.3616908507551993e-30
44,98,1.702556588326946e-30
44,99,1.7064850259904015e-30
44,100,6.021852582903551e-31
44,101,9.756624851075106e-31
44,102,4.703366219249428e-31
44,103,1.0504100876452818e-30
44,104,2.106777792706975e-30
44,105,1.5956230347045194e-30
44,106,1.7424944715734095e-30
44,107,7.463381052799345e-31
44,108,1.3471040682588226e-30
44,109,2.7484224721798384e-30
44,110,5.152490349319639e-31
44,111,1.3035862628707046e-30
44,112,2.2935637663410147e-30
44,113,8.88192620811523e-31
44,114,8.32451845059091e-31
44,115,1.5842011741318518e-30
44,116,1.5818701840878914e-30
44,117,2.734501461093394e-16
44,118,5.743794908190337e-16
44,119,7.904013410454347e-31
44,120,9.165000584609987e-31
44,121,2.06388300979539e-30
44,122,2.4425117940225793e-30
44,123,2.1065993452517735e-30
44,124,7.288360495972017e-31
44,125,7.7025351548140815e-31
44,126,1.1956780160309914e-30
44,127,2.2242098741734984e-30
44,128,1.3894372373760367e-30
44,129,1.679038282288109e-30
44,130,7.675980189944641e-31
44,131,2.4205590063740327e-30
44,132,1.4880105596936486e-30
44,133,2.6311085931007162e-30
44,134,1.109845880175822e-30
44,135,2.5464753906627393e-31
44,136,1.4364805278018802e-30
44,137,1.2951397319793123e-30
44,138,3.0255512199932044e-30
44,139,3.266857816561047e-30
44,140,6.750879138731953e-31
44,141,8.844611622169044e-31
44,142,4.749022973932365e-30
44,143,1.0124280319014416e-30
44,144,2.2515097949751478e-30
44,145,1.8613680111446883e-31
44,146,7.261755136450776e-31
44,147,2.093604148398351e-30
44,148,2.4648760093059127e-30
44,149,1.570889962883847e-30
45,46,1.35829781975875e-31
45,47,8.024004549886567e-31
45,48,9.049878867408397e-31
45,49,1.405433798819451e-30
45,50,7.17269049743451e-31
45,51,1.6516881793853403e-30
45,52,4.781032268077371e-30
45,53,1.7731238932305687e-30
45,54,9.948876515678582e-31
45,55,1.7420546247577416e-30
45,56,8.709461391723032e-31
45,57,1.93529827725312e-30
45,58,1.545518778344073e-30
45,59,1.1935362365152065e-30
45,60,1.7761821994282283e-30
45,61,1.3993523935616677e-30
45,62,1.2089078801663099e-29
45,63,2.2220680130047403e-30
45,64,7.8524624831559355e-31
45,65,3.252189609920714e-30
45,66,9.580272556718348e-31
45,67,2.2675985274781463e-30
45,68,1.2144135547000243e-30
45,69,1.878015888488644e-30
45,70,9.067028664395165e-31
45,71,1.8008325761189873e-30
45,72,9.923479172018224e-31
45,73,1.7182931487690568e-30
45,74,8.946599828355673e-16
45,75,9.69394959985743e-31
45,76,2.221023962932912e-31
45,77,6.72354683835518e-31
45,78,6.197918694541736e-31
45,79,1.2227284928345743e-30
45,80,7.0490061900829225e-31
45,81,1.3568137913904929e-30
45,82,5.268513952101969e-31
45,83,1.7569567572194785e-30
45,84,1.3860051651415898e-30
45,85,1.1963427547408714e-30
45,86,9.659920829168147e-31
45,87,1.6201349921114146e-30
45,88,1.9865442243095856e-31
45,89,3.618134996830541e-30
45,90,1.2768235750062676e-30
45,91,1.5498147212896603e-30
45,92,4.388541835720871e-16
45,93,9.384702947667213e-31
45,94,1.709266238258652e-30
45,95,1.1723550448098182e-30
45,96,5.219178337986699e-31
45,97,2.1361617316780012e-30
45,98,1.1117449491306162e-30
45,99,1.0659704071022291e-30
45,100,8.376850823984979e-31
45,101,5.535934777045413e-31
45,102,3.0731607039273e-31
45,103,1.264220526066694e-30
45,104,1.2260471505824051e-30
45,105,1.3438592306804272e-30
45,106,1.0836457874035653e-30
45,107,1.284663737146294e-30
45,108,1.735993901290411e-30
45,109,2.413642629878005e-30
45,110,1.3738159468037487e-30
45,111,1.280388552209155e-30
45,112,1.3115876499021545e-30
45,113,1.560789800082373e-30
45,114,1.7813217340131756e-30
45,115,1.7938030624336035e-30
45,116,1.269306123047774e-30
45,117,3.3147293000679865e-16
45,118,1.3597399555105195e-15
45,119,1.156588440086729e-30
45,120,1.16644925347884e-30
45,121,1.4250398963768878e-30
45,122,1.7488645269703574e-30
45,123,2.4229611188296556e-30
45,124,2.0384583712884257e-30
45,125,1.575243504372122e-30
45,126,7.275453935347907e-31
45,127,1.652648831739712e-30
45,128,7.877149166145201e-31
45,129,1.9909949660875962e-30
45,130,6.930575634125174e-31
45,131,1.7501901472908624e-30
45,132,7.899078429756844e-31
45,133,1.9894573686047652e-30
45,134,1.3363036370528738e-30
45,135,5.0939024214572345e-31
45,136,1.3256865486619881e-30
45,137,1.5430846045177889e-30
45,138,2.7480937333783694e-30
45,139,1.9145511998419985e-30
45,140,8.251221630656616e-31
45,141,5.95566091977345e-31
45,142,2.7124096491293472e-30
45,143,5.355864894326188e-31
45,144,1.841304403468201e-30
45,145,2.843968022306018e-31
45,146,3.786442904064366e-31
45,147,1.8981917795750454e-30
45,148,4.054704650890005e-30
45,149,1.1749899734553848e-30
46,47,5.62949859265265e-32
46,48,4.5727118461399796e-32
46,49,7.165007587901466e-32
46,50,4.0607198738653187e-32
46,51,1.339562762713459e-31
46,52,9.63583029612998e-32
46,53,9.196242179776488e-32
46,54,6.231190058422958e-32
46,55,1.2591581914479196e-31
46,56,4.8441459439289917e-32
46,57,1.4118610253184817e-31
46,58,6.418035803076637e-32
46,59,7.748451155319776e-32
46,60,6.089995120234523e-32
46,61,1.0682886783234019e-31
46,62,7.638905921467164e-31
46,63,9.551355144756022e-32
46,64,3.2102809353315147e-32
46,65,2.5563082119016287e-31
46,66,7.293608198494959e-32
46,67,9.254052908090616e-32
46,68,8.551390079523757e-32
46,69,9.629158945013757e-32
46,70,7.12297385906601e-32
46,71,1.3181402363140349e-31
46,72,7.11495937730959e-32
46,73,1.3101883827131096e-31
46,74,7.770297362433109e-32
46,75,6.590427801131275e-32
46,76,0.0
46,77,4.295314851278511e-32
46,78,3.1006997774109543e-32
46,79,8.505475865849843e-32
46,80,4.936498550719575e-32
46,81,6.683639406426677e-32
46,82,3.2578212317866495e-32
46,83,1.154012031275054e-31
46,84,4.1334269577011536e-32
46,85,9.197809409403529e-32
46,86,7.441662164735612e-32
46,87,1.076688448143843e-31
46,88,0.0
46,89,2.537684908974598e-31
46,90,4.2503364929679537e-32
46,91,1.1915903121245733e-31
46,92,3.896780242517459e-31
46,93,4.789409483343547e-32
46,94,1.284280734473446e-31
46,95,8.648599831398564e-32
46,96,2.2180910514292078e-32
46,97,1.601979456439146e-31
46,98,8.419050664152661e-32
46,99,2.835158621949948e-32
46,100,4.6548573606297434e-32
46,101,1.4137611942703842e-32
46,102,2.286355923069989e-32
46,103,8.765048858334891e-32
46,104,3.2333955548176366e-32
46,105,8.432575710264603e-32
46,106,3.2922964906085025e-32
46,107,8.262203083014286e-32
46,108,1.3523466512848944e-31
46,109,9.614865451957713e-32
46,110,9.861310772109897e-32
46,111,8.236667707443388e-32
46,112,5.461415839240668e-32
46,113,1.1176763603635506e-31
46,114,1.2663716310161705e-31
46,115,9.759689239253874e-32
46,116,5.796023013848663e-32
46,117,2.567565793788097e-31
46,118,9.989394032690416e-17
46,119,7.480921066546217e-32
46,120,7.623427606108902e-32
46,121,9.749653629739986e-32
46,122,1.1968895668052149e-31
46,123,1.862197744474809e-31
46,124,1.4245947718132033e-31
46,125,1.1519701574119157e-31
46,126,4.820283010901802e-32
46,127,7.916092397210811e-32
46,128,3.518052537229586e-32
46,129,1.3493723515540103e-31
46,130,3.6782878842177925e-32
46,131,8.016642586277699e-32
46,132,2.4799011856398455e-32
46,133,6.631127786232601e-32
46,134,9.698941533150473e-32
46,135,3.1368544475095855e-32
46,136,8.726028411151462e-32
46,137,9.805920573225053e-32
46,138,1.4678046755795588e-31
46,139,1.0552336516409626e-31
46,140,5.172244002736135e-32
46,141,4.5727118461399807e-32
46,142,5.519173165119084e-32
46,143,2.219173839412386e-32
46,144,6.004485551092493e-32
46,145,1.9993602548939606e-32
46,146,1.9679485950519545e-32
46,147,1.454516087403663e-31
46,148,3.0836390382268815e-31
46,149,8.927159899463423e-32
47,48,5.031675453348155e-31
47,49,6.101381528760012e-31
47,50,4.083580252763122e-31
47,51,1.0972841338488366e-30
47,52,2.036290289454111e-30
47,53,7.768583035531127e-31
47,54,2.8917105414968445e-31
47,55,9.027037507031398e-31
47,56,3.985610671153655e-31
47,57,8.123809952009053e-31
47,58,6.617200326794877e-31
47,59,7.045095054984175e-31
47,60,7.39985903834886e-31
47,61,5.420853559577732e-31
47,62,3.920220712640225e-30
47,63,9.220858785589923e-31
47,64,4.257763057457675e-31
47,65,1.4057540750385976e-30
47,66,3.608736336446158e-31
47,67,9.555037954923296e-31
47,68,6.731984348333665e-31
47,69,7.986906710638096e-31
47,70,3.994535837881714e-31
47,71,7.709178779705397e-31
47,72,4.16233168248415e-31
47,73,8.772740007945e-31
47,74,3.805652793121314e-16
47,75,4.949243037824275e-31
47,76,9.447663034324527e-32
47,77,3.2563382919774824e-31
47,78,2.040104497976335e-31
47,79,5.332252282716628e-31
47,80,3.379562798291225e-31
47,81,7.558719853919974e-31
47,82,2.2372310351951976e-31
47,83,5.271629746465679e-31
47,84,5.965570090742779e-31
47,85,4.767320459292898e-31
47,86,7.032176748401321e-31
47,87,8.842672810101742e-31
47,88,8.45024670930463e-32
47,89,1.4681637131929936e-30
47,90,5.4841635911291225e-31
47,91,7.643244719380505e-31
47,92,1.2432050435751731e-16
47,93,4.856445453813613e-31
47,94,6.904189153463801e-31
47,95,3.855829066486443e-31
47,96,2.0943189776218538e-31
47,97,9.999039663967741e-31
47,98,5.018604191711806e-31
47,99,5.821421458858937e-31
47,100,2.7812758428679593e-31
47,101,2.3717072188750147e-31
47,102,1.5543092170050541e-31
47,103,7.1198157744936255e-31
47,104,5.0218597567624555e-31
47,105,5.403647432450503e-31
47,106,4.3622039529713e-31
47,107,6.073193394306626e-31
47,108,9.838383563569894e-31
47,109,9.831055797640993e-31
47,110,5.654010862023007e-31
47,111,6.538904744856598e-31
47,112,5.618223340108858e-31
47,113,6.7814483288515555e-31
47,114,8.622614310730147e-31
47,115,8.729309407678736e-31
47,116,6.103002534652336e-31
47,117,5.237371213971294e-16
47,118,5.635475559608573e-16
47,119,3.770824123244132e-31
47,120,4.46743815123843e-31
47,121,5.848529060631936e-31
47,122,6.452290875001913e-31
47,123,1.1800380860266159e-30
47,124,8.947227898384516e-31
47,125,6.559048868957911e-31
47,126,2.798708359331311e-31
47,127,7.133351563332721e-31
47,128,3.356016184101425e-31
47,129,1.081769710352734e-30
47,130,4.191170504542789e-31
47,131,7.657647731955205e-31
47,132,3.3053946927667537e-31
47,133,8.077203714057117e-31
47,134,7.439605482776403e-31
47,135,1.2766878414099554e-31
47,136,5.58618692878278e-31
47,137,8.22565537145899e-31
47,138,9.864215004648536e-31
47,139,9.679935210499192e-31
47,140,3.8068177005786025e-31
47,141,2.6776645782595015e-31
47,142,1.2258008096756117e-30
47,143,2.3666285192882464e-31
47,144,7.510423473370537e-31
47,145,9.927113905761953e-32
47,146,2.7251606419449755e-31
47,147,8.821292806844752e-31
47,148,1.7878210823094815e-30
47,149,8.45945841188326e-31
48,49,9.009599119556383e-31
48,50,4.251761925130086e-31
48,51,4.502881974720792e-31
48,52,3.1917311024845426e-30
48,53,1.1275150267256355e-30
48,54,4.013765382140148e-31
48,55,5.777132435122838e-31
48,56,5.50560197901056e-31
48,57,1.2221288520573667e-30
48,58,1.0075870580745052e-30
48,59,8.08596187779646e-31
48,60,1.1207254663135006e-30
48,61,4.109289424161947e-31
48,62,4.4693313978904324e-30
48,63,1.441220015895038e-30
48,64,4.517378185054057e-31
48,65,7.59288488541652e-31
48,66,4.650676305126453e-31
48,67,1.4658237576467517e-30
48,68,5.516929544777828e-31
48,69,1.0232254379087005e-30
48,70,2.7864370450727766e-31
48,71,7.187740788418311e-31
48,72,6.687824414828861e-31
48,73,8.985257979780486e-31
48,74,5.835275607609843e-16
48,75,4.732768675426396e-31
48,76,1.4486270989502154e-31
48,77,4.002034604107496e-31
48,78,3.0761538727688577e-31
48,79,5.6767463559349645e-31
48,80,3.0412759801347864e-31
48,81,1.039714211860875e-30
48,82,3.203799231973348e-31
48,83,7.841664912540244e-31
48,84,9.39869091281107e-31
48,85,4.232088377163062e-31
48,86,5.871225722667173e-31
48,87,9.175274832106409e-31
48,88,1.295691466920398e-31
48,89,1.375858734259688e-30
48,90,8.817128934415986e-31
48,91,5.860414916892147e-31
48,92,5.105447670808545e-30
48,93,6.078851249577024e-31
48,94,6.2249537896028e-31
48,95,2.5857882477649527e-31
48,96,3.0772240718494797e-31
48,97,8.11871537431304e-31
48,98,6.059133166638009e-31
48,99,8.265148106105538e-31
48,100,3.706324651160938e-31
48,101,3.7345368161191616e-31
48,102,2.0794873822742415e-31
48,103,6.857772127797621e-31
48,104,6.653317159840732e-31
48,105,7.562074537871734e-31
48,106,7.250711048748485e-31
48,107,6.372230819000629e-31
48,108,7.419824392256099e-31
48,109,1.4553196976866759e-30
48,110,4.9766364973621765e-31
48,111,7.631872208279903e-31
48,112,8.57441730118104e-31
48,113,6.389461194503351e-31
48,114,7.325693971249586e-31
48,115,1.0669571850620795e-30
48,116,8.43547471792378e-31
48,117,3.510833468576697e-16
48,118,4.577566798522247e-16
48,119,4.836743026048415e-31
48,120,5.451708933364951e-31
48,121,7.833485469934026e-31
48,122,9.752746280283698e-31
48,123,1.0269104809417458e-30
48,124,8.468738754182988e-31
48,125,5.616962389536066e-31
48,126,4.554443119550555e-31
48,127,1.0363274820864633e-30
48,128,5.142080624285944e-31
48,129,1.010682096045794e-30
48,130,5.046556145138312e-31
48,131,1.1446321597226327e-30
48,132,5.016540327721925e-31
48,133,1.219214322648873e-30
48,134,6.508680717892018e-31
48,135,1.070857291446701e-31
48,136,6.562295184025791e-31
48,137,8.076158237872898e-31
48,138,1.4535713783575415e-30
48,139,1.3880414149343148e-30
48,140,4.229542117184669e-31
48,141,2.0352561414013484e-31
48,142,1.9679427538750557e-30
48,143,3.3771740162967973e-31
48,144,1.1394570666809054e-30
48,145,1.0012683301560804e-31
48,146,1.8408522846550126e-31
48,147,8.72646337511555e-31
48,148,1.2675825093737141e-30
48,149,8.125469556091506e-31
49,50,1.2310422331293343e-30
49,51,2.087650748180726e-30
49,52,8.07985439840674e-30
49,53,2.5452748733311804e-30
49,54,9.69302711373492e-31
49,55,1.9721591133241488e-30
49,56,1.4306802501835236e-30
49,57,3.605749106912102e-30
49,58,2.5143531650900915e-30
49,59,1.59885604986965e-30
49,60,2.5202939630618415e-30
49,61,1.2119888361125798e-30
49,62,4.6291308505647486e-30
49,63,3.712050769427993e-30
49,64,1.681602816115626e-30
49,65,3.1352754118408768e-30
49,66,1.5941526190286183e-30
49,67,3.447231765441044e-30
49,68,7.486736300262631e-31
49,69,1.755569194490149e-30
49,70,1.188271999817476e-30
49,71,1.2741014837503678e-30
49,72,1.8437643521177205e-30
49,73,3.2364965822218834e-30
49,74,1.6143370593868396e-15
49,75,7.927092668779827e-31
49,76,4.007646884780595e-31
49,77,1.4597945600779581e-30
49,78,6.561438297766799e-31
49,79,1.0017619625015659e-30
49,80,4.8254233725400655e-31
49,81,2.1784479983280044e-30
49,82,8.564390636172209e-31
49,83,2.208710898811763e-30
49,84,2.487414702087214e-30
49,85,1.4504817130085943e-30
49,86,9.180825179552568e-31
49,87,1.5722610722768386e-30
49,88,3.584548345673871e-31
49,89,1.811777583694657e-30
49,90,2.2812756315854333e-30
49,91,1.846905162548092e-30
49,92,3.92523114670942e-16
49,93,1.2168873092449221e-30
49,94,2.1023931904348287e-30
49,95,1.1725093905966487e-30
49,96,6.313711479381474e-31
49,97,1.3733593688434203e-30
49,98,1.730827990686707e-30
49,99,1.6951324820736427e-30
49,100,1.3846467187446341e-30
49,101,1.016486708069086e-30
49,102,4.630961078689234e-31
49,103,1.1784966269952966e-30
49,104,2.1469766366103373e-30
49,105,1.6270130270175235e-30
49,106,1.7597751956849606e-30
49,107,6.8513207178776585e-31
49,108,1.4055202703650959e-30
49,109,3.0910613602301423e-30
49,110,6.918210508220072e-31
49,111,1.3177599654875202e-30
49,112,2.403592729430332e-30
49,113,9.058266732858849e-31
49,114,1.0292631449922429e-30
49,115,1.92412468407727e-30
49,116,1.652799125100083e-30
49,117,2.2013907473604917e-16
49,118,7.172614839752929e-16
49,119,9.053173415810975e-31
49,120,1.0075344437669834e-30
49,121,2.1965296574896186e-30
49,122,2.6944975134629693e-30
49,123,2.1405105645755628e-30
49,124,1.0280078142612636e-30
49,125,9.478824842916504e-31
49,126,1.0128261082613407e-30
49,127,2.3127444860697916e-30
49,128,1.4585698313509177e-30
49,129,1.90881521874239e-30
49,130,7.238863820698118e-31
49,131,2.5662754417615846e-30
49,132,1.510721466512981e-30
49,133,3.0361590340887173e-30
49,134,1.2972190713101334e-30
49,135,2.8444241926784e-31
49,136,1.4319348612643062e-30
49,137,1.4519781651004416e-30
49,138,3.4131259906395876e-30
49,139,3.331073144514729e-30
49,140,7.802420783479684e-31
49,141,8.947044099309854e-31
49,142,4.7999768255911e-30
49,143,1.0535266393910679e-30
49,144,2.490221984228654e-30
49,145,2.014102187720606e-31
49,146,8.53723041116809e-31
49,147,2.1398980121872468e-30
49,148,2.549634693768704e-30
49,149,1.4864503460713736e-30
50,51,1.1141048907934166e-30
50,52,2.694566809499161e-30
50,53,8.93453280766974e-31
50,54,3.8851535452487265e-31
50,55,9.10358075486563e-31
50,56,8.365364821963612e-31
50,57,1.1701979856543603e-30
50,58,8.873022348567383e-31
50,59,9.771177521533479e-31
50,60,9.25873425010646e-31
50,61,3.8842187150468216e-31
50,62,6.320257293560679e-30
50,63,1.2120039041507064e-30
50,64,8.696237776960968e-31
50,65,1.046778862567122e-30
50,66,7.228673251506089e-31
50,67,1.2156898913796973e-30
50,68,9.044540173675674e-31
50,69,8.57646291451834e-31
50,70,3.3967249767790413e-31
50,71,6.750891815429255e-31
50,72,7.525807926356702e-31
50,73,9.540152737432626e-31
50,74,5.165166459527152e-16
50,75,5.712580516626856e-31
50,76,1.2822702142983435e-31
50,77,1.0252452534866077e-30
50,78,5.908625148784247e-31
50,79,4.254349853141777e-31
50,80,3.9055520166600597e-31
50,81,7.472514954368152e-31
50,82,5.575191292238541e-31
50,83,1.0637197655953836e-30
50,84,8.958956797564043e-31
50,85,5.045926728848777e-31
50,86,4.833013539653219e-31
50,87,6.562727451615389e-31
50,88,1.1468973458777278e-31
50,89,1.1504121145776034e-30
50,90,7.903014337882423e-31
50,91,1.1398791066771594e-30
50,92,8.228954784458057e-16
50,93,7.896585654558e-31
50,94,6.5711015541730876e-31
50,95,9.592226618832581e-31
50,96,2.4287141338159655e-31
50,97,7.899783428182895e-31
50,98,5.856444835830262e-31
50,99,7.383915436690523e-31
50,100,9.172578446012654e-31
50,101,3.165560669053617e-31
50,102,1.4683351948539183e-31
50,103,1.045783761593438e-30
50,104,1.3158108538926109e-30
50,105,6.329020529562944e-31
50,106,7.325407074185717e-31
50,107,4.437511910221794e-31
50,108,8.210628372222825e-31
50,109,1.1719362025791707e-30
50,110,4.190618875892049e-31
50,111,7.337389633846175e-31
50,112,9.398250414859031e-31
50,113,4.722416128216731e-31
50,114,6.472322004913334e-31
50,115,9.239713243177349e-31
50,116,7.606543894854355e-31
50,117,4.579045696414765e-16
50,118,4.0650312327019713e-16
50,119,4.038554979998623e-31
50,120,4.241271150145438e-31
50,121,1.009431552528301e-30
50,122,1.1118926248814758e-30
50,123,1.0101321690765298e-30
50,124,6.658158166873442e-31
50,125,5.440186895569528e-31
50,126,9.132139734865746e-31
50,127,8.852713267717353e-31
50,128,4.566761542314936e-31
50,129,8.790059831598073e-31
50,130,3.398994081643975e-31
50,131,8.836006953746215e-31
50,132,4.383619633635272e-31
50,133,1.2061193078924339e-30
50,134,6.769997490169006e-31
50,135,2.27681260896308e-31
50,136,1.116020928307998e-30
50,137,7.998390967236796e-31
50,138,1.2556754469612866e-30
50,139,1.1237269817439758e-30
50,140,3.1905734913038525e-31
50,141,2.532419007412221e-31
50,142,1.4961122503468175e-30
50,143,3.1831645265777524e-31
50,144,9.130652277623332e-31
50,145,8.674431140113927e-32
50,146,4.201996382516533e-31
50,147,6.82261456033402e-31
50,148,1.3278902994138975e-30
50,149,7.976808559441237e-31
51,52,4.3180265544550795e-30
51,53,1.7279631465663497e-30
51,54,7.184197767197477e-31
51,55,2.5196465910771798e-30
51,56,1.0606704211286624e-30
51,57,3.05520336489362e-30
51,58,1.5830689650799255e-30
51,59,1.3033734556287523e-30
51,60,1.2874328197585252e-30
51,61,1.7057865651634742e-30
51,62,9.21088237616435e-30
51,63,2.449485176291527e-30
51,64,1.5414622161719364e-30
51,65,4.560889678471066e-30
51,66,1.5637171339657363e-30
51,67,1.7201836913534738e-30
51,68,1.2463481178763414e-30
51,69,9.192086499817283e-31
51,70,1.403043254453043e-30
51,71,1.9099758583423824e-30
51,72,1.3382895279244127e-30
51,73,3.120082083665576e-30
51,74,9.379577808175013e-16
51,75,1.022805113468713e-30
51,76,2.3285122251834635e-31
51,77,1.2500909581471314e-30
51,78,5.417249603882535e-31
51,79,1.200094856784939e-30
51,80,6.182508968657657e-31
51,81,1.537568529765061e-30
51,82,7.091122800314928e-31
51,83,1.8329634123622446e-30
51,84,1.5754921845470943e-30
51,85,1.623783490032458e-30
51,86,1.4652103562082697e-30
51,87,1.7578370999992768e-30
51,88,2.082684648779809e-31
51,89,3.080975870828095e-30
51,90,1.4837508839015046e-30
51,91,2.1948289738864898e-30
51,92,7.986739226012094e-16
51,93,6.110062292233244e-31
51,94,2.3364598709243694e-30
51,95,1.4651258346977845e-30
51,96,2.1718810678968156e-31
51,97,2.3284947210802564e-30
51,98,1.5913916852350396e-30
51,99,8.28826497272967e-31
51,100,6.710317015124995e-31
51,101,6.445287565560063e-31
51,102,4.00883659216309e-31
51,103,1.474475891272869e-30
51,104,1.6150916921385248e-30
51,105,1.1377540551855725e-30
51,106,1.106773630595416e-30
51,107,9.011209749163052e-31
51,108,2.3048984675687874e-30
51,109,1.1796943905650648e-30
51,110,1.2555744187177591e-30
51,111,1.113861711003937e-30
51,112,1.7696002578211475e-30
51,113,1.5417507631916129e-30
51,114,1.8281575961484267e-30
51,115,1.138924602859781e-30
51,116,9.785446177807005e-31
51,117,1.1292503550707422e-15
51,118,1.3409850070281772e-15
51,119,8.455944959895992e-31
51,120,9.527539899458229e-31
51,121,1.7732420330868598e-30
51,122,2.19108470471621e-30
51,123,3.0270132387456245e-30
51,124,1.738520987954227e-30
51,125,1.5841040506255487e-30
51,126,7.197083280722839e-31
51,127,1.4002632714368757e-30
51,128,1.0152793578286923e-30
51,129,2.239012561646294e-30
51,130,4.977544879687047e-31
51,131,1.5074692163736126e-30
51,132,1.0966219757274297e-30
51,133,1.4287952602783425e-30
51,134,1.5244822603761623e-30
51,135,6.082552177869794e-31
51,136,1.3473961027110049e-30
51,137,1.8020287372973065e-30
51,138,2.1202385222566544e-30
51,139,2.664194916099622e-30
51,140,7.67013586662251e-31
51,141,9.858153862259102e-31
51,142,2.873985054284477e-30
51,143,7.816213565194308e-31
51,144,9.478017680913992e-31
51,145,2.7193777495383596e-31
51,146,7.672318027208726e-31
51,147,2.589428907550422e-30
51,148,4.6910603562160916e-30
51,149,1.664988219959335e-30
52,53,8.17270182756169e-30
52,54,2.9951760766570063e-30
52,55,5.580528645151836e-30
52,56,4.286743819801943e-30
52,57,1.079012717874868e-29
52,58,7.850640315007382e-30
52,59,4.748384920745948e-30
52,60,8.176741427155644e-30
52,61,3.0260159002833852e-30
52,62,1.0192495287739805e-23
52,63,1.1580026081854654e-29
52,64,4.745140167677736e-30
52,65,6.416525942967764e-30
52,66,4.584691058496755e-30
52,67,1.0822935206161332e-29
52,68,2.385914620928548e-30
52,69,5.9854694682589115e-30
52,70,3.1039734857709076e-30
52,71,3.828993748142122e-30
52,72,5.600627145713927e-30
52,73,9.251253319825559e-30
52,74,5.013637757024508e-15
52,75,2.323172007537196e-30
52,76,1.2446526963823376e-30
52,77,3.957012459893506e-30
52,78,2.2229626667225615e-30
52,79,3.248006685907809e-30
52,80,1.260495578974658e-30
52,81,7.046078151846159e-30
52,82,2.5328272745538127e-30
52,83,6.818088489462475e-30
52,84,7.540209011040115e-30
52,85,3.990052399768369e-30
52,86,2.6028066736206012e-30
52,87,5.135249174783627e-30
52,88,1.1132512149957255e-30
52,89,4.799731289542513e-30
52,90,7.03189733916036e-30
52,91,4.9678356332683096e-30
52,92,4.560706458366022e-16
52,93,3.619703282413147e-30
52,94,5.90678262637631e-30
52,95,2.770408879130753e-30
52,96,2.085256523613685e-30
52,97,3.634406365817916e-30
52,98,5.159418974125873e-30
52,99,5.366100244893389e-30
52,100,2.497746187422324e-30
52,101,3.1401352564439123e-30
52,102,1.4412405933263814e-30
52,103,3.764917667443873e-30
52,104,6.415445032927955e-30
52,105,5.3159718298038664e-30
52,106,5.695303478871195e-30
52,107,2.636570443740522e-30
52,108,3.771177852827319e-30
52,109,1.005179983027491e-29
52,110,1.3124721576828572e-30
52,111,4.337264479426625e-30
52,112,7.432151603424457e-30
52,113,2.9000857469067008e-30
52,114,2.9865047497330333e-30
52,115,6.027678686498192e-30
52,116,5.41877379870157e-30
52,117,3.810868075241518e-16
52,118,9.646060876762538e-16
52,119,2.9782396874346974e-30
52,120,3.318854399776421e-30
52,121,6.741800493466793e-30
52,122,8.016554254853108e-30
52,123,5.920889947628734e-30
52,124,2.8770644701575702e-30
52,125,1.4623845880070407e-30
52,126,3.389635745902178e-30
52,127,7.461558903989795e-30
52,128,4.468870333934298e-30
52,129,5.958085952954654e-30
52,130,2.611327466475603e-30
52,131,8.256328006314869e-30
52,132,4.509605481311218e-30
52,133,9.230382387311185e-30
52,134,3.582343522949252e-30
52,135,3.421676147964817e-31
52,136,4.532818733066161e-30
52,137,4.6303262327050275e-30
52,138,1.092581394274411e-29
52,139,1.034826884882777e-29
52,140,2.533201324727648e-30
52,141,2.3767805895792458e-30
52,142,1.506369755858731e-29
52,143,3.158637992024073e-30
52,144,8.135283355839641e-30
52,145,6.214536027309276e-31
52,146,2.4069310612091196e-30
52,147,6.296355535810223e-30
52,148,3.429892818339795e-30
52,149,4.6513321706810524e-30
53,54,1.0171329276073781e-30
53,55,1.832059513305053e-30
53,56,1.398100483224498e-30
53,57,3.419346468489459e-30
53,58,2.523216608032359e-30
53,59,1.5264811213224222e-30
53,60,2.6822500643448573e-30
53,61,1.0626005543180338e-30
53,62,9.550323693087775e-30
53,63,3.73132318299629e-30
53,64,1.5001138545950995e-30
53,65,2.803073481527759e-30
53,66,1.5674498702894583e-30
53,67,3.5100671763753046e-30
53,68,9.1107428674614e-31
53,69,2.1805369939462028e-30
53,70,1.0413931600466708e-30
53,71,1.3076561674958068e-30
53,72,1.788030610741551e-30
53,73,2.9744821629712094e-30
53,74,1.6030834845245168e-15
53,75,9.01600895496816e-31
53,76,3.979709500838754e-31
53,77,1.2810863311424036e-30
53,78,8.353214734872013e-31
53,79,1.1163175083566242e-30
53,80,5.527519008303367e-31
53,81,2.2778991241882324e-30
53,82,8.19900546338115e-31
53,83,2.2143664825732338e-30
53,84,2.4075472852352727e-30
53,85,1.3294367411896946e-30
53,86,8.91679322691225e-31
53,87,1.7436499567765527e-30
53,88,3.5595603898308835e-31
53,89,3.5790839383321415e-16
53,90,2.267474566947429e-30
53,91,1.626041222698218e-30
53,92,3.9874497360006726e-16
53,93,1.2293668924259016e-30
53,94,1.9073599981563704e-30
53,95,1.0461568061273442e-30
53,96,7.021056669778487e-31
53,97,1.4851244021305494e-30
53,98,1.6717138648374182e-30
53,99,1.739090096628315e-30
53,100,1.0366796538964584e-30
53,101,1.0013983959203624e-30
53,102,4.619275261429523e-31
53,103,1.2669682280606047e-30
53,104,2.2195425600580733e-30
53,105,1.7513137553538393e-30
53,106,1.8649347805180496e-30
53,107,1.1310721921302639e-30
53,108,1.3483217728013814e-30
53,109,3.3583242426835004e-30
53,110,9.55147865398048e-31
53,111,1.4544457702746044e-30
53,112,2.357752770409501e-30
53,113,1.1567998421652426e-30
53,114,1.3263299231678732e-30
53,115,2.105999457524353e-30
53,116,1.8201244853950204e-30
53,117,5.231392215246586e-16
53,118,9.206006039687376e-16
53,119,1.0667037475634602e-30
53,120,1.1503041375509185e-30
53,121,2.158725744896748e-30
53,122,2.5481014781258175e-30
53,123,1.9441127405152286e-30
53,124,1.5222820889939925e-30
53,125,1.1024858267422739e-30
53,126,1.1919983557918225e-30
53,127,2.42933181217066e-30
53,128,1.4250232909272091e-30
53,129,2.018283072176154e-30
53,130,9.060930520804257e-31
53,131,2.6836291781595195e-30
53,132,1.4354444970428844e-30
53,133,3.0063556012695987e-30
53,134,1.1854294774595427e-30
53,135,3.566924201802801e-31
53,136,1.57603089569041e-30
53,137,1.6522445914871587e-30
53,138,3.609081601110658e-30
53,139,3.329607238232711e-30
53,140,8.755988406354234e-31
53,141,7.89247726776664e-31
53,142,4.835654952468589e-30
53,143,1.0048582706815644e-30
53,144,2.6935469364221133e-30
53,145,2.1971323056210635e-31
53,146,8.036018346382892e-31
53,147,2.017524143432612e-30
53,148,2.793448868173329e-30
53,149,1.525330828535322e-30
54,55,1.0464044109045904e-30
54,56,5.725204265025712e-31
54,57,1.2560252228163476e-30
54,58,9.457738926798941e-31
54,59,6.076977674330292e-31
54,60,1.0742108561322273e-30
54,61,6.82813089255394e-31
54,62,6.1866451253028635e-30
54,63,1.3987986974247223e-30
54,64,6.0089807353573544e-31
54,65,1.5181780489860788e-30
54,66,5.590774985807823e-31
54,67,1.3505201680228508e-30
54,68,6.498873709835878e-31
54,69,9.754714110546912e-31
54,70,4.400686762687335e-31
54,71,8.197589490802206e-31
54,72,6.441173513352547e-31
54,73,1.0826006729634464e-30
54,74,5.891346699765882e-16
54,75,4.63800688025398e-31
54,76,1.462546939078939e-31
54,77,5.037605245462396e-31
54,78,4.357285041017644e-31
54,79,5.734083974815466e-31
54,80,3.4138902486614543e-31
54,81,7.407557270282262e-31
54,82,3.3756143412286933e-31
54,83,1.1113495100771959e-30
54,84,8.993219571401187e-31
54,85,5.814858677946022e-31
54,86,3.656872346155179e-31
54,87,7.285267407518896e-31
54,88,1.3081417504259006e-31
54,89,1.7523318465912345e-30
54,90,7.6852419372771825e-31
54,91,6.982190216910167e-31
54,92,2.3592239273284537e-16
54,93,4.679375026876772e-31
54,94,8.708322262675588e-31
54,95,6.062900705284068e-31
54,96,3.0048746338753107e-31
54,97,9.749046007333673e-31
54,98,6.136984530704263e-31
54,99,5.687986081911221e-31
54,100,4.895578693321283e-31
54,101,3.5497088506565495e-31
54,102,1.4628431394324063e-31
54,103,6.840190449491463e-31
54,104,7.54108958442861e-31
54,105,8.501513850978944e-31
54,106,6.926703955232089e-31
54,107,5.9841459689864675e-31
54,108,7.50416326491173e-31
54,109,1.4082761396770329e-30
54,110,6.3666741671686994e-31
54,111,6.116909234993127e-31
54,112,9.02272800344878e-31
54,113,7.272939899613247e-31
54,114,8.351265771311157e-31
54,115,8.900379001625465e-31
54,116,6.414347197804688e-31
54,117,3.4108386901631925e-16
54,118,6.237805854921047e-16
54,119,6.2399803975982724e-31
54,120,5.969334965043073e-31
54,121,8.945751678720615e-31
54,122,1.0397490517162552e-30
54,123,1.0308832968743056e-30
54,124,9.442907365986072e-31
54,125,7.0034149084815415e-31
54,126,4.519689179361967e-31
54,127,9.555917380468092e-31
54,128,5.190811034199037e-31
54,129,1.0592482327909074e-30
54,130,2.7848140582703224e-31
54,131,1.0072063228538619e-30
54,132,4.913852463492696e-31
54,133,1.2289996356498628e-30
54,134,6.843968160144997e-31
54,135,3.5987140861365913e-31
54,136,6.969561352568141e-31
54,137,7.8867868005023265e-31
54,138,1.6806800329675676e-30
54,139,1.1338748067579369e-30
54,140,4.229771500804666e-31
54,141,3.105768946484286e-31
54,142,1.5944452191765132e-30
54,143,3.5803072811329254e-31
54,144,1.1022291545520115e-30
54,145,1.45258864975284e-31
54,146,3.5386973856078097e-31
54,147,8.280382603166208e-31
54,148,1.8351289527025727e-30
54,149,5.596007905462753e-31
55,56,1.3130341591294394e-30
55,57,2.831847101084955e-30
55,58,1.754893898543057e-30
55,59,1.0308080943691639e-30
55,60,1.932484972635012e-30
55,61,1.430058573337595e-30
55,62,1.3314469307749102e-29
55,63,2.771639272163045e-30
55,64,1.4800282038641729e-30
55,65,3.78716787157134e-30
55,66,1.3887352043867475e-30
55,67,2.3468240539476965e-30
55,68,1.2258313064163766e-30
55,69,1.640690165110495e-30
55,70,1.1659835699820745e-30
55,71,1.7597344206881906e-30
55,72,1.551144332894897e-30
55,73,2.870848582418868e-30
55,74,1.1932186701431176e-15
55,75,8.541331781756034e-31
55,76,2.9622061009225773e-31
55,77,1.0851771042803986e-30
55,78,7.828503033931598e-31
55,79,1.0559794516847547e-30
55,80,6.426169290089143e-31
55,81,1.3704068892571036e-30
55,82,7.036959424619292e-31
55,83,2.1702553199188914e-30
55,84,1.8137228136123162e-30
55,85,1.4749416345365622e-30
55,86,1.1134263204523386e-30
55,87,1.4463690855148515e-30
55,88,2.649477682010994e-31
55,89,1.0905997804215575e-15
55,90,1.498775667629987e-30
55,91,1.9091404907204032e-30
55,92,1.000651295481636e-15
55,93,7.516334033319244e-31
55,94,3.4950696128732327e-16
55,95,1.243598033755363e-30
55,96,5.024031794577534e-31
55,97,2.134548888364636e-30
55,98,1.6412275196832227e-30
55,99,7.589608580212416e-16
55,100,1.0205155574085452e-30
55,101,7.318406309101426e-31
55,102,3.3149009262250543e-31
55,103,1.2981271960924497e-30
55,104,1.9356731192829916e-30
55,105,1.694204048219853e-30
55,106,1.596408937758155e-30
55,107,1.006634870527747e-30
55,108,2.0357311262668758e-30
55,109,2.4260067109280633e-30
55,110,1.2332271078384761e-30
55,111,1.2454495339164786e-30
55,112,1.903234679558383e-30
55,113,1.3758132139039091e-30
55,114,1.5798620695788298e-30
55,115,1.3496698843998454e-30
55,116,1.0110154855339867e-30
55,117,1.1535063286902812e-15
55,118,1.2673640012966245e-15
55,119,1.0731254639569427e-30
55,120,9.994046031840854e-31
55,121,2.0074706305916095e-30
55,122,2.1993195233149227e-30
55,123,2.5769307578173903e-30
55,124,1.766311822417908e-30
55,125,1.4491388611597817e-30
55,126,1.4854941132122615e-30
55,127,1.634944034469173e-30
55,128,1.0896167963741384e-30
55,129,2.4369619219724775e-30
55,130,4.62398336067778e-31
55,131,1.7693185546879438e-30
55,132,1.1023778127499452e-30
55,133,2.153427646554857e-30
55,134,1.5226066592787135e-30
55,135,7.668358097593442e-31
55,136,1.4888457194073302e-30
55,137,1.5118596791619159e-30
55,138,4.3963997114790255e-16
55,139,2.4842232314439466e-30
55,140,7.132002336651085e-31
55,141,8.307779080620842e-31
55,142,3.0947457356777198e-30
55,143,8.025662629076285e-31
55,144,1.9221098440064547e-30
55,145,2.581001810195417e-31
55,146,1.0110240158088062e-30
55,147,2.0781912274825174e-30
55,148,4.0140830428120646e-30
55,149,1.5677817721487364e-30
56,57,1.8936133646399653e-30
56,58,1.278289714316034e-30
56,59,8.119713404862825e-31
56,60,1.3874087828882193e-30
56,61,6.300971292167772e-31
56,62,5.6716240422125174e-30
56,63,1.9925393578668377e-30
56,64,8.627372922559006e-31
56,65,1.6132900079380394e-30
56,66,8.575180298646865e-31
56,67,1.846318204581612e-30
56,68,6.4402094090008304e-31
56,69,1.1313176673741972e-30
56,70,5.957001478121109e-31
56,71,7.0484899778636225e-31
56,72,1.0699806635520312e-30
56,73,1.7189773880322298e-30
56,74,8.700567807353478e-16
56,75,4.614747957446436e-31
56,76,2.1599456734398725e-31
56,77,7.815429344041887e-31
56,78,5.345309487419184e-31
56,79,5.726538517546764e-31
56,80,2.849439255657967e-31
56,81,1.1906080958465766e-30
56,82,5.026333406332519e-31
56,83,1.2677467075375797e-30
56,84,1.3160375087495358e-30
56,85,7.623345966947741e-31
56,86,4.90527892630791e-31
56,87,8.871131012496918e-31
56,88,1.9319141414072468e-31
56,89,1.4003956481187547e-30
56,90,1.182203094581164e-30
56,91,1.4078740071603734e-30
56,92,3.469446951953628e-16
56,93,5.742583953004767e-31
56,94,1.1664346722289817e-30
56,95,8.087931373466406e-31
56,96,3.688369106398214e-31
56,97,8.129344827485665e-31
56,98,9.737363312882617e-31
56,99,7.934099526115255e-31
56,100,7.090310152629919e-31
56,101,5.3858050729596005e-31
56,102,2.3606032054487753e-31
56,103,9.443907843778773e-31
56,104,1.5465864342067873e-30
56,105,9.630239875069519e-31
56,106,1.1598440169044853e-30
56,107,6.271829661315219e-31
56,108,8.293633597887918e-31
56,109,1.77631146336865e-30
56,110,4.936275962871603e-31
56,111,7.757972087689603e-31
56,112,1.3053796217094362e-30
56,113,6.284916329916032e-31
56,114,6.615247484089143e-31
56,115,1.0192516070015636e-30
56,116,9.105981839799885e-31
56,117,4.934365964215463e-16
56,118,4.849289084079044e-16
56,119,5.709585181557442e-31
56,120,6.010141638906814e-31
56,121,1.2815443460087642e-30
56,122,1.5234798971407121e-30
56,123,1.0748471726309944e-30
56,124,7.733074684882824e-31
56,125,5.896413019313105e-31
56,126,8.180802644137533e-31
56,127,1.2043275613194425e-30
56,128,7.770375103087627e-31
56,129,1.2629843714289494e-30
56,130,4.89852070014131e-31
56,131,1.4085101902409598e-30
56,132,7.738233461896365e-31
56,133,1.5596462964108216e-30
56,134,8.077123508239267e-31
56,135,2.910141632730903e-31
56,136,9.56518831292102e-31
56,137,8.48388113293974e-31
56,138,2.0514502780752967e-30
56,139,1.7670757388743974e-30
56,140,4.657912551877555e-31
56,141,4.495868442001339e-31
56,142,2.5031344673735973e-30
56,143,5.528915099525217e-31
56,144,1.425430347790754e-30
56,145,1.2234903945137093e-31
56,146,5.760914794478821e-31
56,147,1.1638524479765655e-30
56,148,1.5485565672623643e-30
56,149,7.951691614099564e-31
57,58,3.313886777326903e-30
57,59,2.0097985845339306e-30
57,60,3.343897062821598e-30
57,61,1.971380906933082e-30
57,62,3.3311081922178956e-16
57,63,4.9243854647554115e-30
57,64,2.2003743011508902e-30
57,65,5.186720501797588e-30
57,66,2.209797305584018e-30
57,67,4.492589046406812e-30
57,68,1.2506578902695776e-30
57,69,2.3128500665772642e-30
57,70,1.7848481858599112e-30
57,71,2.026343063739165e-30
57,72,2.6488982419423584e-30
57,73,4.608038060968292e-30
57,74,2.174390073405344e-15
57,75,9.197672252974316e-31
57,76,5.397997619710605e-31
57,77,1.902919618432131e-30
57,78,8.919359197937099e-31
57,79,1.3524513634333751e-30
57,80,6.914424127175498e-31
57,81,3.0268310774666425e-30
57,82,1.1063978146270495e-30
57,83,2.9824851019847816e-30
57,84,3.25044792016174e-30
57,85,2.227067576938522e-30
57,86,1.280882258397658e-30
57,87,2.098513009270745e-30
57,88,4.828115848021988e-31
57,89,1.6247238934741333e-16
57,90,3.0757922633724564e-30
57,91,2.5678358011201474e-30
57,92,6.596695164506958e-16
57,93,1.3857412041282257e-30
57,94,2.9445570463048567e-30
57,95,1.8638619290769575e-30
57,96,8.422494345290016e-31
57,97,2.4995552835672004e-30
57,98,2.5931251234634606e-30
57,99,2.1635649825611765e-30
57,100,1.1525010647589735e-30
57,101,1.3781479952099147e-30
57,102,6.450687779599546e-31
57,103,1.6474283940474497e-30
57,104,2.727590748653403e-30
57,105,2.2243336206163262e-30
57,106,2.5369166272128588e-30
57,107,1.2298504774484495e-30
57,108,2.4517481531811867e-30
57,109,4.065357650339601e-30
57,110,1.3591344287309987e-30
57,111,1.8255128219810705e-30
57,112,3.3161835580970415e-30
57,113,1.5403867252813824e-30
57,114,1.731766120126247e-30
57,115,2.3999618185832258e-30
57,116,2.1549004078803294e-30
57,117,3.8933626042975753e-16
57,118,1.4133600303463341e-15
57,119,1.231237636600291e-30
57,120,1.3425593724468983e-30
57,121,3.1042351960522526e-30
57,122,3.6814805122235415e-30
57,123,3.2795541150233945e-30
57,124,1.9419531230679717e-30
57,125,1.607147970631957e-30
57,126,1.6784794751127892e-30
57,127,3.0931890859956214e-30
57,128,1.9800197344372336e-30
57,129,2.6027842985753476e-30
57,130,1.0176500683491134e-30
57,131,3.4323567455329e-30
57,132,2.091555785323303e-30
57,133,3.821107897149783e-30
57,134,1.606005781424288e-30
57,135,5.303313044588618e-31
57,136,1.918763699606078e-30
57,137,1.9467258527753056e-30
57,138,4.4945562595958954e-30
57,139,4.565564435067762e-30
57,140,1.0385376191729749e-30
57,141,1.3210740210526767e-30
57,142,6.480014574505812e-30
57,143,1.4448600166812537e-30
57,144,3.3142661844749384e-30
57,145,2.9086052647429313e-31
57,146,1.175844053634027e-30
57,147,3.1231649923952638e-30
57,148,4.772081500668088e-30
57,149,2.1834638970682663e-30
58,59,1.5231133154043052e-30
58,60,2.550545105895377e-30
58,61,9.622046246796237e-31
58,62,6.905649109799483e-30
58,63,3.568855006967638e-30
58,64,1.507925888943786e-30
58,65,2.3743402838727288e-30
58,66,1.4167120750147837e-30
58,67,3.336631963797875e-30
58,68,9.015199045559156e-31
58,69,1.9106982983862476e-30
58,70,9.829314044280265e-31
58,71,1.1816828856775627e-30
58,72,1.663525525140602e-30
58,73,2.845812676526322e-30
58,74,1.5362580254084308e-15
58,75,8.224626308192313e-31
58,76,3.8138130162766418e-31
58,77,1.2476655821087535e-30
58,78,7.545784023611488e-31
58,79,1.0129641347023872e-30
58,80,4.840327626888294e-31
58,81,2.1527213623751763e-30
58,82,7.740297064483657e-31
58,83,2.121680312743184e-30
58,84,2.325983253596098e-30
58,85,1.2271611042629658e-30
58,86,8.455192778080175e-31
58,87,1.5970578795673535e-30
58,88,3.411178063147233e-31
58,89,2.013440493849599e-30
58,90,2.1552772726015708e-30
58,91,1.5903275165054414e-30
58,92,3.32795746463828e-16
58,93,1.1801919169720305e-30
58,94,1.840326562700397e-30
58,95,9.28781897994712e-31
58,96,6.50649683240672e-31
58,97,1.1343586613621688e-30
58,98,1.5381522380027508e-30
58,99,1.699651736222977e-30
58,100,8.682733488129903e-31
58,101,9.602250952802237e-31
58,102,4.377999651327131e-31
58,103,1.174996221713612e-30
58,104,2.0306209775359413e-30
58,105,1.6171517345285427e-30
58,106,1.643855937936607e-30
58,107,9.289899935634398e-31
58,108,1.134741481464747e-30
58,109,3.1278341434864717e-30
58,110,6.81763452574e-31
58,111,1.3275120546543968e-30
58,112,2.286961259587027e-30
58,113,9.424391411292563e-31
58,114,1.0509355871440224e-30
58,115,1.9301031561452808e-30
58,116,1.6721374324966654e-30
58,117,2.5776846797341103e-16
58,118,6.424849977960168e-16
58,119,9.502118231120533e-31
58,120,1.0435643445455853e-30
58,121,2.0518467444774043e-30
58,122,2.427514986751007e-30
58,123,1.800271545955522e-30
58,124,1.1528991577079875e-30
58,125,7.3265272935515785e-31
58,126,9.457669916198729e-31
58,127,2.353400015851278e-30
58,128,1.3688733451800198e-30
58,129,1.798168297645943e-30
58,130,7.857633233366247e-31
58,131,2.536227986154807e-30
58,132,1.379300534096904e-30
58,133,2.9052314788945048e-30
58,134,1.0986891855600154e-30
58,135,1.82190073096421e-31
58,136,1.4542586177334127e-30
58,137,1.4910173673313206e-30
58,138,3.374827307031509e-30
58,139,3.1437985620908437e-30
58,140,7.976554345783314e-31
58,141,7.493762167758025e-31
58,142,4.6063894890190986e-30
58,143,9.683880565810478e-31
58,144,2.521625709557111e-30
58,145,1.9552174311745305e-31
58,146,7.283936563127934e-31
58,147,1.899272678054016e-30
58,148,1.9765046399417754e-30
58,149,1.4334178031819944e-30
59,60,1.6200409878973527e-30
59,61,7.610552916894893e-31
59,62,4.276021783286712e-30
59,63,2.0770904915699436e-30
59,64,9.167847566467963e-31
59,65,1.9919008370347713e-30
59,66,7.498152653578073e-31
59,67,2.1144148286929056e-30
59,68,1.239262329727102e-30
59,69,1.1639951524087517e-30
59,70,6.184249096948556e-31
59,71,1.2720760545656795e-30
59,72,1.1074086696378364e-30
59,73,1.5742684056643766e-30
59,74,8.860345329505218e-16
59,75,6.805535879634323e-31
59,76,2.1996109890061634e-31
59,77,1.2046461174348626e-30
59,78,3.9806756731858505e-31
59,79,7.808105037873171e-31
59,80,4.852402365413464e-31
59,81,1.4587369342472876e-30
59,82,4.556509654556965e-31
59,83,1.3431778589907021e-30
59,84,1.4220421231489233e-30
59,85,7.623053597343599e-31
59,86,8.245269181007764e-31
59,87,1.2246964276887884e-30
59,88,1.9673918781893299e-31
59,89,2.2090718313668574e-30
59,90,1.2784425340903763e-30
59,91,1.053163413984559e-30
59,92,4.203761523441595e-16
59,93,8.786065168918131e-31
59,94,1.0139911738290192e-30
59,95,8.207059007889184e-31
59,96,4.226262276192689e-31
59,97,1.3360606067321632e-30
59,98,8.791150981091937e-31
59,99,1.2518567218117245e-30
59,100,8.592871092773684e-31
59,101,5.613076998192422e-31
59,102,2.850483283625817e-31
59,103,1.2630661001534864e-30
59,104,9.67305000639219e-31
59,105,9.557167970001485e-31
59,106,9.088571548417547e-31
59,107,8.28963081156288e-31
59,108,1.301307502365448e-30
59,109,2.0160671032000275e-30
59,110,7.932811695319876e-31
59,111,1.0962994941115519e-30
59,112,1.4996917003585095e-30
59,113,9.003945816203427e-31
59,114,1.1390634298596917e-30
59,115,1.537728197926168e-30
59,116,1.024652412058281e-30
59,117,6.218735665977098e-16
59,118,7.756677862503854e-16
59,119,6.876096427663561e-31
59,120,7.489991716844012e-31
59,121,1.3896043666344267e-30
59,122,1.8036131695255875e-30
59,123,1.643489750626111e-30
59,124,1.2424322812665972e-30
59,125,9.358203664462621e-31
59,126,5.827312270989681e-31
59,127,1.545725116164376e-30
59,128,7.833597692985829e-31
59,129,1.354203315496617e-30
59,130,6.4332121645878665e-31
59,131,1.5835398755409165e-30
59,132,8.092197096324294e-31
59,133,1.909964149730627e-30
59,134,1.0797373836760988e-30
59,135,3.234114762645698e-31
59,136,1.067108986698117e-30
59,137,1.0262893070705604e-30
59,138,1.9551486663972573e-30
59,139,1.8187707486885064e-30
59,140,5.73624824952918e-31
59,141,4.535038852820666e-31
59,142,2.765650387338016e-30
59,143,5.469919500264694e-31
59,144,1.5837689919291606e-30
59,145,1.550650340478005e-31
59,146,3.5924514486930085e-31
59,147,1.1648619260494801e-30
59,148,2.283183910750419e-30
59,149,1.2057866081917234e-30
60,61,8.942324586005678e-31
60,62,9.359238291673784e-30
60,63,3.736149694600038e-30
60,64,1.4927390838568728e-30
60,65,1.5800223730045083e-30
60,66,1.4456874148083315e-30
60,67,3.551575844645934e-30
60,68,1.0334852996768805e-30
60,69,2.215940122477125e-30
60,70,8.684671454972388e-31
60,71,1.306271585515687e-30
60,72,1.711460201972976e-30
60,73,2.757344799259647e-30
60,74,1.5883702587553942e-15
60,75,9.01479705204776e-31
60,76,3.943183415362469e-31
60,77,1.2891676775871869e-30
60,78,8.36102356564075e-31
60,79,1.141321908729809e-30
60,80,5.098522219923175e-31
60,81,2.2148980291634007e-30
60,82,8.266002885166257e-31
60,83,2.2672295837517062e-30
60,84,2.397530390863161e-30
60,85,1.1456644361365423e-30
60,86,8.62470127422405e-31
60,87,1.7723662119011117e-30
60,88,3.526890465800107e-31
60,89,4.590695853685921e-16
60,90,2.1917594401172402e-30
60,91,1.6650644818710863e-30
60,92,3.887058185861329e-16
60,93,1.2557298218003581e-30
60,94,1.873575915405177e-30
60,95,9.025594495368573e-31
60,96,7.216049368029335e-31
60,97,1.2713362087346144e-30
60,98,1.5302847293562298e-30
60,99,2.258611464618315e-16
60,100,9.914266506434199e-31
60,101,9.807216055567718e-31
60,102,4.4741603679880376e-31
60,103,1.3608316497841926e-30
60,104,2.2018193760771654e-30
60,105,1.7674668019911605e-30
60,106,1.8024812097663505e-30
60,107,1.0861492767391874e-30
60,108,1.1575390515263293e-30
60,109,3.442667558882295e-30
60,110,7.308016172617884e-31
60,111,1.4654062541889549e-30
60,112,2.374867959562055e-30
60,113,1.1086566385175205e-30
60,114,1.2340210964372322e-30
60,115,2.1374075722970964e-30
60,116,1.810851156088887e-30
60,117,4.988846968142605e-16
60,118,6.096461006848824e-16
60,119,1.1042630567747641e-30
60,120,1.1852103608542821e-30
60,121,2.163124668302703e-30
60,122,2.6115331318506086e-30
60,123,1.891833856585207e-30
60,124,1.322097006092609e-30
60,125,8.066703568582314e-31
60,126,1.1140672493893281e-30
60,127,2.485198555164853e-30
60,128,1.4027271348370451e-30
60,129,2.0853421052968062e-30
60,130,8.87380813442067e-31
60,131,2.70628044966826e-30
60,132,1.346541650438033e-30
60,133,3.0852383445034196e-30
60,134,1.2264262661750896e-30
60,135,3.252670851630566e-31
60,136,1.573972795608139e-30
60,137,1.628463881675969e-30
60,138,3.768249080644722e-30
60,139,3.2247807847639134e-30
60,140,9.055253939141671e-31
60,141,6.648663858560171e-31
60,142,4.675745778435745e-30
60,143,9.677090174482575e-31
60,144,2.7565007420949086e-30
60,145,2.2911964111358647e-31
60,146,7.70109148754787e-31
60,147,1.9678236493689572e-30
60,148,1.5116548611874042e-30
60,149,1.4541681756911568e-30
61,62,8.322559690165349e-30
61,63,1.5064007093755777e-30
61,64,7.331682075463453e-31
61,65,3.217250795281749e-30
61,66,9.758652806639326e-31
61,67,1.2087227296631088e-30
61,68,9.009244559756489e-31
61,69,9.340674076924448e-31
61,70,9.530619086314279e-31
61,71,1.4193201444101511e-30
61,72,1.0553801402431451e-30
61,73,1.9796191170356065e-30
61,74,6.349206413010151e-16
61,75,6.436777915504671e-31
61,76,1.5762121766314292e-31
61,77,6.762959475020783e-31
61,78,4.720522339351092e-31
61,79,8.896189007901361e-31
61,80,5.314601236893508e-31
61,81,9.983800128088156e-31
61,82,3.9256355489218555e-31
61,83,1.3725695452640206e-30
61,84,9.552358978907077e-31
61,85,1.1982147699972978e-30
61,86,8.186740702313716e-31
61,87,1.0718631460622983e-30
61,88,1.4098070295643124e-31
61,89,2.6482616169315204e-30
61,90,9.974793151572373e-31
61,91,1.470804067807768e-30
61,92,1.5944364291470405e-16
61,93,4.464316716980153e-31
61,94,1.5965872202795333e-30
61,95,1.1303427641057111e-30
61,96,2.4197169958565924e-31
61,97,1.7768728606784996e-30
61,98,1.1835232619227566e-30
61,99,5.906643778129649e-31
61,100,4.246917316472777e-31
61,101,4.298303382271158e-31
61,102,2.9185024333052517e-31
61,103,9.079749146545296e-31
61,104,9.82298768623816e-31
61,105,9.583539632390492e-31
61,106,7.790467676729129e-31
61,107,8.161154141187837e-31
61,108,1.5340687275504065e-30
61,109,1.1125868190991635e-30
61,110,1.0308714037059975e-30
61,111,9.271972532164595e-31
61,112,1.007575005829943e-30
61,113,1.2041328606659075e-30
61,114,1.3027434427685868e-30
61,115,8.638459771575778e-31
61,116,6.103948465182624e-31
61,117,1.740265737624271e-16
61,118,1.0694229047602027e-15
61,119,7.664544939901828e-31
61,120,7.7648520546512195e-31
61,121,1.228936948831213e-30
61,122,1.4480801393049885e-30
61,123,2.095165686063727e-30
61,124,1.4515495410553568e-30
61,125,1.2030439713339843e-30
61,126,6.290598261737807e-31
61,127,8.593632291335578e-31
61,128,6.498659225291489e-31
61,129,1.4002664728204493e-30
61,130,3.370464738649946e-31
61,131,9.768400199943062e-31
61,132,7.479738246413824e-31
61,133,9.559355187001554e-31
61,134,1.0586411430930232e-30
61,135,3.964774188119026e-31
61,136,9.770145011671147e-31
61,137,9.579277437177742e-31
61,138,1.4325784598142386e-30
61,139,1.6474716031596393e-30
61,140,4.98083518560345e-31
61,141,6.572331504618142e-31
61,142,2.056055786499654e-30
61,143,4.997186119790453e-31
61,144,8.90955873170735e-31
61,145,2.1487360780536594e-31
61,146,4.037694242071078e-31
61,147,1.707851760500439e-30
61,148,3.471726659256608e-30
61,149,1.0614985119256927e-30
62,63,1.1998251219797792e-29
62,64,5.5015510868921136e-30
62,65,1.6233609141811356e-29
62,66,5.795118548487793e-30
62,67,1.1498845679817891e-29
62,68,6.214705254215075e-30
62,69,1.1752276757951682e-29
62,70,4.4724134007217015e-30
62,71,2.1306690807833118e-15
62,72,6.253304109969931e-30
62,73,8.074437583408982e-30
62,74,3.2672609783816045e-15
62,75,5.5172303101023475e-30
62,76,8.111086966404424e-31
62,77,1.6943835122594093e-24
62,78,4.885317153334879e-30
62,79,6.947526647835255e-30
62,80,3.987091958617459e-30
62,81,5.826143417447687e-30
62,82,3.563891782946066e-30
62,83,1.1667296127962255e-29
62,84,5.5008076606891185e-30
62,85,5.583705138866428e-30
62,86,5.151146325708944e-30
62,87,1.6130465317757633e-16
62,88,7.254776731317138e-31
62,89,2.147654965061718e-15
62,90,5.797799668500192e-30
62,91,1.0317520549626568e-29
62,92,2.3158780953990118e-15
62,93,4.847874626320775e-30
62,94,4.483528761130747e-16
62,95,7.630377341116633e-30
62,96,2.7623453196337854e-30
62,97,1.1237454336239958e-29
62,98,2.5080196558749214e-15
62,99,4.028521198468254e-15
62,100,2.946203544191192e-30
62,101,8.312182872542367e-16
62,102,1.7122377096696737e-30
62,103,6.904996838746492e-30
62,104,6.772444396757693e-30
62,105,8.803420118673938e-30
62,106,5.624714790353481e-30
62,107,7.691427175051835e-30
62,108,9.063967046761557e-30
62,109,2.2838476212736736e-16
62,110,7.803886082844828e-30
62,111,1.0013210056943558e-29
62,112,5.899410702996054e-30
62,113,9.354920655504216e-30
62,114,1.0203093576983838e-29
62,115,9.029140498781668e-30
62,116,2.4114810709118345e-24
62,117,1.825921541632489e-15
62,118,7.668194038484165e-15
62,119,6.891020694337214e-30
62,120,6.77340783855899e-30
62,121,7.076586489966275e-30
62,122,6.4820187215696585e-24
62,123,1.286463196896353e-29
62,124,1.165331895323002e-29
62,125,8.891407991425667e-30
62,126,6.502618875217855e-30
62,127,8.581001284013227e-30
62,128,3.439211097550172e-30
62,129,1.3470508823935203e-29
62,130,3.657139271588054e-30
62,131,8.630442800238823e-30
62,132,1.701571738527068e-30
62,133,8.341477377340197e-30
62,134,3.2883485012872516e-24
62,135,3.2815429269505236e-30
62,136,1.028060002397726e-29
62,137,9.171438882462595e-30
62,138,2.7679505731695846e-15
62,139,9.534707843540674e-30
62,140,4.634558127884982e-30
62,141,2.6619620776761635e-30
62,142,5.170473761441502e-26
62,143,1.7912702461477777e-30
62,144,9.168866153067988e-30
62,145,1.6715401011781746e-30
62,146,1.981483823511323e-30
62,147,1.1101008154881738e-29
62,148,2.2755426532399926e-29
62,149,6.775011290538936e-30
63,64,2.2227286123064116e-30
63,65,3.760786523374585e-30
63,66,2.1750678228523328e-30
63,67,4.909363926547549e-30
63,68,1.074463902020983e-30
63,69,2.8573777614799674e-30
63,70,1.5208684227084749e-30
63,71,2.710668547910664e-16
63,72,2.55602825834998e-30
63,73,4.3708463762116266e-30
63,74,2.2972585514172675e-15
63,75,1.1308759520960984e-30
63,76,5.703022812732716e-31
63,77,1.790119365812601e-30
63,78,1.1084836461595156e-30
63,79,1.4820526851286569e-30
63,80,5.92769262383521e-31
63,81,3.176902512196586e-30
63,82,1.1765977143416188e-30
63,83,3.195429714081646e-30
63,84,3.443832506677592e-30
63,85,1.9250516548678502e-30
63,86,1.1685876729838595e-30
63,87,2.333685433302472e-30
63,88,5.100938674600961e-31
63,89,5.222007511790881e-16
63,90,3.218050149264517e-30
63,91,2.5486867892112958e-30
63,92,4.692435519809402e-16
63,93,1.66306848323033e-30
63,94,3.3000927132464867e-16
63,95,1.4730556996650094e-30
63,96,9.544863734345511e-31
63,97,1.71592954874078e-30
63,98,2.405497488321283e-30
63,99,3.41901466126655e-16
63,100,1.1840996531914076e-30
63,101,1.4363583006319058e-30
63,102,6.509672433843338e-31
63,103,1.6940744986766206e-30
63,104,3.256360507827164e-30
63,105,2.4435229570168892e-30
63,106,2.640120891949655e-30
63,107,1.3377404598651796e-30
63,108,1.7974857118301928e-30
63,109,3.3423162799797206e-16
63,110,9.913238171761396e-31
63,111,1.9307628483700304e-30
63,112,3.3801977442101816e-30
63,113,1.3606333347379848e-30
63,114,1.5013641924194903e-30
63,115,2.7351056981334282e-30
63,116,2.4704810587204278e-30
63,117,5.859951764634925e-16
63,118,9.598701670246655e-16
63,119,1.3936005288233965e-30
63,120,1.5266651174216945e-30
63,121,3.1000188201418833e-30
63,122,3.604830950772798e-30
63,123,2.823923057165556e-30
63,124,1.6323802757235312e-30
63,125,1.1196728971026009e-30
63,126,1.610108320623145e-30
63,127,3.364164640522636e-30
63,128,2.0529528799221195e-30
63,129,2.7691609511109726e-30
63,130,1.1737727320614834e-30
63,131,3.74820884339148e-30
63,132,2.07921678198641e-30
63,133,4.1942454614863556e-30
63,134,1.651508637806135e-30
63,135,4.181608267224513e-31
63,136,2.1233293987697558e-30
63,137,2.1660906827617038e-30
63,138,2.0305343989689488e-16
63,139,4.7361359514818834e-30
63,140,1.1735575538178116e-30
63,141,1.1563993974871256e-30
63,142,6.863212511336092e-30
63,143,1.4601029102592959e-30
63,144,3.714821854382563e-30
63,145,2.9267906026715457e-31
63,146,1.1832112310076241e-30
63,147,2.9138225329298723e-30
63,148,3.11913344578005e-30
63,149,2.062262021722837e-30
64,65,1.8697781519430582e-30
64,66,8.92418548966675e-31
64,67,1.9738532797747423e-30
64,68,7.185201580802482e-31
64,69,9.868511251269755e-31
64,70,7.2743846631005745e-31
64,71,7.711314642424703e-31
64,72,1.0777307622869012e-30
64,73,2.005291073484218e-30
64,74,9.618592927307112e-16
64,75,4.024439332647981e-31
64,76,2.387848544822254e-31
64,77,9.340701482980767e-31
64,78,3.7086613495090667e-31
64,79,5.976284916996414e-31
64,80,2.3710837085389293e-31
64,81,1.2425604686017269e-30
64,82,6.338484288609492e-31
64,83,1.4148482804762993e-30
64,84,1.4875991699461357e-30
64,85,8.685940251249739e-31
64,86,6.08468515629426e-31
64,87,9.456015701745174e-31
64,88,2.1357566664786054e-31
64,89,8.471109338366752e-31
64,90,1.3265607372539104e-30
64,91,1.209910795806526e-30
64,92,5.772043202152659e-16
64,93,7.210071933655816e-31
64,94,1.3504652191374798e-30
64,95,6.820200639570698e-31
64,96,3.5802432874601375e-31
64,97,8.316247049610218e-31
64,98,1.0287651766395174e-30
64,99,9.37917475507124e-31
64,100,6.8539744370957785e-31
64,101,6.01252850691681e-31
64,102,2.6298791152944764e-31
64,103,7.8800607503892e-31
64,104,1.345451009635143e-30
64,105,9.778468660431807e-31
64,106,1.034640631678792e-30
64,107,3.1329294512808183e-31
64,108,9.065311690115181e-31
64,109,1.760807167776157e-30
64,110,2.855007344632281e-31
64,111,7.257295065882458e-31
64,112,1.4864845625087042e-30
64,113,5.6139686559565765e-31
64,114,6.88511948819331e-31
64,115,1.00659246902527e-30
64,116,9.080845453403136e-31
64,117,5.565083756059919e-16
64,118,3.2136893637650334e-16
64,119,5.265759138383569e-31
64,120,5.849567752585496e-31
64,121,1.3648687838452517e-30
64,122,1.6072809539708046e-30
64,123,1.2480799460307119e-30
64,124,3.8482907877298834e-31
64,125,3.7277180204360614e-31
64,126,6.517571883625931e-31
64,127,1.3766055033629597e-30
64,128,8.751637472682149e-31
64,129,1.2363518697516371e-30
64,130,3.846478963278541e-31
64,131,1.4822073295331038e-30
64,132,8.935521652930627e-31
64,133,1.7819725130049143e-30
64,134,8.183098507878628e-31
64,135,3.205457274568059e-31
64,136,8.84178871477651e-31
64,137,1.0584850316951233e-30
64,138,2.080351048363681e-30
64,139,1.960717247406699e-30
64,140,4.839660167186266e-31
64,141,5.47966798928443e-31
64,142,2.7868526445549098e-30
64,143,6.362015713506163e-31
64,144,1.4332322028257214e-30
64,145,1.3225571564535384e-31
64,146,5.675155277468349e-31
64,147,1.3178979948286542e-30
64,148,1.4044163489420899e-30
64,149,8.953483939235629e-31
65,66,2.6003590223572913e-30
65,67,2.841531284402248e-30
65,68,2.1772699116004577e-30
65,69,1.5579433335558587e-30
65,70,2.48969340448941e-30
65,71,3.562962854617481e-30
65,72,2.707494484768829e-30
65,73,5.2430240646228604e-30
65,74,1.3906251451132974e-15
65,75,1.589804263727708e-30
65,76,3.4522744171082015e-31
65,77,1.6791497414459407e-30
65,78,6.165031815995809e-31
65,79,2.1839961544042026e-30
65,80,1.2247431487029085e-30
65,81,2.542529159405769e-30
65,82,1.0554383717134968e-30
65,83,3.458559043568366e-30
65,84,2.232354720838109e-30
65,85,3.122618856262886e-30
65,86,2.1088336555023223e-30
65,87,2.7300499181773217e-30
65,88,3.0878081094549605e-31
65,89,6.046431592619521e-30
65,90,2.4389409844643245e-30
65,91,3.7932351748264674e-30
65,92,2.288849137729938e-16
65,93,1.0779923977836854e-30
65,94,4.0776710591464945e-30
65,95,2.852354626142846e-30
65,96,3.206661601564065e-31
65,97,4.417149581566206e-30
65,98,3.1064489556864287e-30
65,99,1.2602107188150803e-30
65,100,9.004823179090752e-31
65,101,1.024331664727122e-30
65,102,7.542291068574021e-31
65,103,2.1609378492860618e-30
65,104,2.451886188367425e-30
65,105,2.3621636104709205e-30
65,106,1.786697116266619e-30
65,107,1.6765623702177798e-30
65,108,3.9665067989104594e-30
65,109,1.5701048515975741e-30
65,110,2.4181772416941595e-30
65,111,2.1965255997366332e-30
65,112,2.5127856759017307e-30
65,113,2.83371648187964e-30
65,114,3.135638909392422e-30
65,115,1.8116164521166733e-30
65,116,1.5483052560922814e-30
65,117,1.1102230246251597e-16
65,118,2.5590223025902054e-15
65,119,1.7258373436251443e-30
65,120,1.8317856976032036e-30
65,121,3.239683408959739e-30
65,122,3.79546294105263e-30
65,123,5.431669592221853e-30
65,124,3.335679406248515e-30
65,125,2.906524902261327e-30
65,126,1.604176558880832e-30
65,127,2.225892521755353e-30
65,128,1.6426575937092996e-30
65,129,3.5124122727582164e-30
65,130,8.23347651688941e-31
65,131,2.453841425197907e-30
65,132,1.8706937658867777e-30
65,133,1.7452122181359055e-30
65,134,2.6525313285064214e-30
65,135,8.129570100238098e-31
65,136,2.447955946456937e-30
65,137,2.3846160407428228e-30
65,138,3.5676190532462435e-30
65,139,4.2531840102926246e-30
65,140,1.1995050511768083e-30
65,141,1.726477477605995e-30
65,142,4.817805103060166e-30
65,143,1.2667691708479756e-30
65,144,1.0626290218576304e-30
65,145,5.177844362926461e-31
65,146,1.0445236710123143e-30
65,147,4.4263304759164706e-30
65,148,8.567649066580475e-30
65,149,2.7770409676951483e-30
66,67,1.803224947021816e-30
66,68,6.551249869723986e-31
66,69,1.0228561697530435e-30
66,70,8.581758253589874e-31
66,71,1.167758360113455e-30
66,72,1.1658531060882772e-30
66,73,2.1124477138872796e-30
66,74,9.40520931961144e-16
66,75,6.930084626809988e-31
66,76,2.3348753354374923e-31
66,77,6.623787175107528e-31
66,78,6.5687210869954205e-31
66,79,6.350616569222645e-31
66,80,3.518795599858225e-31
66,81,1.4124997408482624e-30
66,82,5.905813172407306e-31
66,83,1.4198192454463796e-30
66,84,1.3512670981718217e-30
66,85,1.13167478417763e-30
66,86,6.298924229344113e-31
66,87,9.079016793065843e-31
66,88,2.0883759876103423e-31
66,89,1.7416968522027527e-30
66,90,1.3930586691475618e-30
66,91,1.1604236059586345e-30
66,92,3.040470972244069e-16
66,93,5.193509898761385e-31
66,94,1.3600448323786812e-30
66,95,9.84834977532454e-31
66,96,3.509052385906544e-31
66,97,1.2291178839224244e-30
66,98,1.2256671981273292e-30
66,99,8.610810911096385e-31
66,100,5.705474556026991e-31
66,101,6.016816318501763e-31
66,102,2.995671999397445e-31
66,103,6.940906012010819e-31
66,104,1.3492871661385555e-30
66,105,1.102311478998319e-30
66,106,1.1725719305178682e-30
66,107,5.535036233424059e-31
66,108,1.1687960668673051e-30
66,109,1.6775640802690635e-30
66,110,6.956965994248693e-31
66,111,8.519709046937902e-31
66,112,1.4562608214830624e-30
66,113,7.464978597451584e-31
66,114,8.931991732168685e-31
66,115,8.81017889049085e-31
66,116,9.393116834061487e-31
66,117,3.3767897442671356e-16
66,118,7.301351988545584e-16
66,119,5.801683780826831e-31
66,120,5.625336219436529e-31
66,121,1.414250678104723e-30
66,122,1.5744431212195608e-30
66,123,1.867930368312966e-30
66,124,9.778165115625295e-31
66,125,8.96333367623424e-31
66,126,8.616363609223957e-31
66,127,1.315648273309478e-30
66,128,8.680691448752182e-31
66,129,1.1674867671808641e-30
66,130,4.2795923881110965e-31
66,131,1.460241111212201e-30
66,132,9.400122102396319e-31
66,133,1.4259818210901576e-30
66,134,8.810561329449601e-31
66,135,3.986349798443371e-31
66,136,9.659354758177176e-31
66,137,8.800054305648358e-31
66,138,2.0029939648558196e-30
66,139,2.0552382642854484e-30
66,140,4.4550190399810235e-31
66,141,6.267656758524049e-31
66,142,2.8902065747771107e-30
66,143,6.411332374081955e-31
66,144,1.3883308315472357e-30
66,145,1.5251239916904083e-31
66,146,5.6229076433533035e-31
66,147,1.5238088083440436e-30
66,148,2.444775762390125e-30
66,149,1.1474164758226642e-30
67,68,1.107532911617826e-30
67,69,2.7823617419987776e-30
67,70,1.2502412759102499e-30
67,71,1.7092329003116343e-30
67,72,2.3552122536864934e-30
67,73,3.7721402112101586e-30
67,74,2.1125712911351772e-15
67,75,1.0923698508697627e-30
67,76,5.244530381412759e-31
67,77,1.6851380045061223e-30
67,78,9.784769136500984e-31
67,79,1.471150896333515e-30
67,80,6.274995469755163e-31
67,81,2.9683779108445703e-30
67,82,1.084822784871751e-30
67,83,2.8842245776083684e-30
67,84,3.2138103383348e-30
67,85,1.619312476921814e-30
67,86,1.1188957191126526e-30
67,87,2.303630091878727e-30
67,88,4.690850577160732e-31
67,89,3.0069773525988516e-30
67,90,2.950542955056539e-30
67,91,2.0777983179938337e-30
67,92,1.9229626863835478e-16
67,93,1.6248222364112992e-30
67,94,2.43637615010866e-30
67,95,1.1345888460403044e-30
67,96,9.339656316998651e-31
67,97,1.6199142476938803e-30
67,98,2.1210941460803218e-30
67,99,2.306993222606967e-30
67,100,1.2560042700612203e-30
67,101,1.3160909699149982e-30
67,102,6.065729405057459e-31
67,103,1.7117470441451912e-30
67,104,2.643671615706882e-30
67,105,2.2898504298064845e-30
67,106,2.4267945789376963e-30
67,107,1.4121258570003202e-30
67,108,1.5950561924270905e-30
67,109,4.473122548649781e-30
67,110,1.0242997286435261e-30
67,111,1.9089339397040592e-30
67,112,3.110019431431261e-30
67,113,1.4327859110579824e-30
67,114,1.5856515060004905e-30
67,115,2.786541432386164e-30
67,116,2.3729828946295138e-30
67,117,3.815760786470698e-16
67,118,9.26387814696931e-16
67,119,1.4027696941832943e-30
67,120,1.5204231648259984e-30
67,121,2.8345874633550817e-30
67,122,3.435492327569059e-30
67,123,2.479906443095304e-30
67,124,1.752388866187816e-30
67,125,1.1265624798248243e-30
67,126,1.4448892548722863e-30
67,127,3.21065172088109e-30
67,128,1.8719586278599218e-30
67,129,2.6853101297730452e-30
67,130,1.1795318433497142e-30
67,131,3.564336117609206e-30
67,132,1.8565152283332886e-30
67,133,4.049661515104613e-30
67,134,1.609107656363042e-30
67,135,3.689504892355969e-31
67,136,1.9288943599106787e-30
67,137,2.0937430376416807e-30
67,138,4.824916109795473e-30
67,139,4.33899164572703e-30
67,140,1.159997524616696e-30
67,141,9.575804176604625e-31
67,142,6.31690572627218e-30
67,143,1.3072929076951679e-30
67,144,3.585400242974239e-30
67,145,2.8765358094041963e-31
67,146,1.0147118624038554e-30
67,147,2.625164622980243e-30
67,148,2.6197502713743677e-30
67,149,1.9517303582691523e-30
68,69,9.197202568155946e-31
68,70,6.109495024753276e-31
68,71,1.1852049532328479e-30
68,72,8.497103851090253e-31
68,73,1.2193986736444263e-30
68,74,4.3205411681840666e-16
68,75,6.611148799140488e-31
68,76,1.07258910105278e-31
68,77,9.114669979667924e-31
68,78,4.5725642725954855e-31
68,79,7.4406640816444e-31
68,80,5.194933285203152e-31
68,81,9.20974306828161e-31
68,82,4.222742168330757e-31
68,83,1.5602089721019484e-30
68,84,7.186868135883778e-31
68,85,8.655674714540853e-31
68,86,7.89259903854427e-31
68,87,1.0404069926264743e-30
68,88,9.59352856751763e-32
68,89,2.3312149825891936e-30
68,90,5.942432413263237e-31
68,91,1.1107546637310294e-30
68,92,6.357163942914273e-16
68,93,6.449477639921273e-31
68,94,1.037936365252929e-30
68,95,9.295615482120647e-31
68,96,2.6468880238938e-31
68,97,1.5026083816890364e-30
68,98,9.120944397846011e-31
68,99,7.89643364473115e-31
68,100,6.857409928542572e-31
68,101,2.6810086266761615e-31
68,102,1.9396353663765105e-31
68,103,1.0608826294185916e-30
68,104,1.0089552782636993e-30
68,105,1.0316021485728565e-30
68,106,5.315935183133221e-31
68,107,7.864675095289612e-31
68,108,1.3231126658780775e-30
68,109,1.265720944699116e-30
68,110,8.520799673905612e-31
68,111,8.157447762728683e-31
68,112,9.288745060919889e-31
68,113,9.455853498829126e-31
68,114,1.1262623163087709e-30
68,115,1.058888849904765e-30
68,116,5.504079577955229e-31
68,117,8.588825978845536e-16
68,118,8.560469285263182e-16
68,119,6.913052548820501e-31
68,120,6.818844970258198e-31
68,121,1.2487774729125132e-30
68,122,1.1935092536988372e-30
68,123,1.62212918143983e-30
68,124,1.2428843295088886e-30
68,125,9.513777229746788e-31
68,126,8.328070506787265e-31
68,127,9.914394486418357e-31
68,128,3.823122269962064e-31
68,129,1.256765334628613e-30
68,130,4.432391560568202e-31
68,131,8.745812865136838e-31
68,132,4.301523909459409e-31
68,133,1.1209222533251568e-30
68,134,9.247745749819822e-31
68,135,5.415835472639698e-31
68,136,9.971999095885426e-31
68,137,9.157375281422095e-31
68,138,1.486193913939136e-30
68,139,1.208308979350338e-30
68,140,4.795525921119127e-31
68,141,4.016343998548968e-31
68,142,1.4666928434712627e-30
68,143,2.8176249483098475e-31
68,144,9.017554306511682e-31
68,145,1.7490112690013016e-31
68,146,3.9107330628275834e-31
68,147,1.1851540516181991e-30
68,148,2.5608511480097957e-30
68,149,1.0610544205163291e-30
69,70,5.441648163673205e-31
69,71,1.405286860450414e-30
69,72,1.1709660894138056e-30
69,73,1.7853032680720776e-30
69,74,1.1240365615791327e-15
69,75,9.342670783943077e-31
69,76,2.7904591536188246e-31
69,77,8.958102924917418e-31
69,78,7.362116862575835e-31
69,79,1.1270617454329177e-30
69,80,5.973687782040552e-31
69,81,1.630135643415593e-30
69,82,6.57733137079989e-31
69,83,1.865528435732752e-30
69,84,1.7444837193803264e-30
69,85,8.696214133137032e-31
69,86,8.914747397347304e-31
69,87,1.65783439839377e-30
69,88,2.4958625423712885e-31
69,89,4.8244034215404e-16
69,90,1.5351167814023063e-30
69,91,1.7041109815350975e-30
69,92,2.644984030762117e-16
69,93,1.1156354049870162e-30
69,94,1.6358641211917238e-30
69,95,9.84916248371778e-31
69,96,6.126514304928271e-31
69,97,1.5833118137034646e-30
69,98,1.0511160697550546e-30
69,99,1.2981253848128497e-30
69,100,8.050385489977533e-31
69,101,6.810365212236585e-31
69,102,3.451645747853147e-31
69,103,1.1763650453346359e-30
69,104,2.0235945817796358e-30
69,105,1.494151870521859e-30
69,106,1.3361875003953009e-30
69,107,1.2263256450145889e-30
69,108,1.278871636463814e-30
69,109,2.8938239485815367e-30
69,110,1.0427683692954179e-30
69,111,1.4079525911672856e-30
69,112,1.61766698136503e-30
69,113,1.297864322555538e-30
69,114,1.4857367359489527e-30
69,115,1.9494280007437413e-30
69,116,1.6040899455281136e-30
69,117,3.983674527587662e-16
69,118,9.63938244252077e-16
69,119,1.084224943789231e-30
69,120,1.1326219011912744e-30
69,121,1.5900925935156824e-30
69,122,1.8261978134808468e-30
69,123,1.9329388377266314e-30
69,124,1.6865322400840046e-30
69,125,1.1506214597897916e-30
69,126,8.693025434354134e-31
69,127,1.9340148571032775e-30
69,128,9.929912928428186e-31
69,129,2.0031965071525294e-30
69,130,7.911920818564709e-31
69,131,2.1319397699847144e-30
69,132,8.370811612185286e-31
69,133,2.4160016453294582e-30
69,134,1.120537050317567e-30
69,135,2.830421349235581e-31
69,136,1.5688039649493557e-30
69,137,1.5859519231218722e-30
69,138,3.2793446081509076e-30
69,139,2.4191567010297533e-30
69,140,8.44318105282105e-31
69,141,3.747361652036293e-31
69,142,3.307714178666443e-30
69,143,6.427005721813328e-31
69,144,2.2409156372638664e-30
69,145,2.3500412653648743e-31
69,146,5.464961582218699e-31
69,147,1.6467075826043988e-30
69,148,2.634708336326767e-30
69,149,1.1773557765281768e-30
70,71,1.022699051666664e-30
70,72,9.374946721406195e-31
70,73,1.7767272215811895e-30
70,74,6.497413668604478e-16
70,75,4.454520968915723e-31
70,76,1.6130051340086256e-31
70,77,6.059467525013683e-31
70,78,2.200207982053518e-31
70,79,6.269446941720457e-31
70,80,3.411141185142332e-31
70,81,9.627911794428854e-31
70,82,3.6886915965857622e-31
70,83,1.1064491378764598e-30
70,84,9.762366051893951e-31
70,85,9.75169096467386e-31
70,86,6.192282166513725e-31
70,87,8.02464503159658e-31
70,88,1.442715651079778e-31
70,89,1.666387163060817e-30
70,90,9.884859748469075e-31
70,91,1.169601593556023e-30
70,92,3.2534255482483955e-30
70,93,3.7237517613648938e-31
70,94,1.26839548545188e-30
70,95,8.6734700273229e-31
70,96,1.974940232550359e-31
70,97,1.2665280445305775e-30
70,98,1.0220044673508833e-30
70,99,6.078067818888765e-31
70,100,2.4632183793280333e-31
70,101,4.33077438024887e-31
70,102,2.458751612845652e-31
70,103,6.202362996614869e-31
70,104,9.78764574339741e-31
70,105,7.597796097737829e-31
70,106,7.692577414144708e-31
70,107,4.658112718657506e-31
70,108,1.1675442573425472e-30
70,109,9.805985214646475e-31
70,110,6.68569630763121e-31
70,111,6.624404228305264e-31
70,112,1.0175974522802418e-30
70,113,7.95970458670921e-31
70,114,8.74558360588396e-31
70,115,5.351990603013297e-31
70,116,6.125983224109777e-31
70,117,1.917340799835894e-30
70,118,7.130536482749592e-16
70,119,4.795458436814805e-31
70,120,5.203123048949784e-31
70,121,1.08993848618962e-30
70,122,1.2628014735125584e-30
70,123,1.602749884200898e-30
70,124,9.178267392131039e-31
70,125,8.086849857197489e-31
70,126,5.420135233373413e-31
70,127,8.713947405535913e-31
70,128,6.4207652042183315e-31
70,129,1.0330687365650639e-30
70,130,2.7323749355322056e-31
70,131,9.921542225536042e-31
70,132,7.2224091104186605e-31
70,133,9.781472401746394e-31
70,134,7.750378127088688e-31
70,135,2.2391203115869347e-31
70,136,7.500748214688842e-31
70,137,6.913766187748026e-31
70,138,1.2608775274524072e-30
70,139,1.5572389629170681e-30
70,140,3.4386104609050264e-31
70,141,5.576175965082558e-31
70,142,2.0540166629012833e-30
70,143,4.883677483841088e-31
70,144,8.098016179280017e-31
70,145,1.4727242610396308e-31
70,146,3.987081198198039e-31
70,147,1.3537092273438885e-30
70,148,2.4431088761845033e-30
70,149,8.674508067572806e-31
71,72,1.0656245246565281e-30
71,73,2.0447662382153953e-30
71,74,7.538419267708398e-16
71,75,8.862515321467975e-31
71,76,1.8714383293583369e-31
71,77,8.22472064958631e-31
71,78,4.313967136183714e-31
71,79,1.1221639871631882e-30
71,80,6.471176736638582e-31
71,81,1.1500841246181672e-30
71,82,4.83159578716386e-31
71,83,1.7191728731266853e-30
71,84,1.12854533869343e-30
71,85,1.3080963785903824e-30
71,86,9.870436615881007e-31
71,87,1.4391138722721244e-30
71,88,1.6738653280575528e-31
71,89,8.136244789829706e-16
71,90,1.1769880416764755e-30
71,91,1.6418806617037648e-30
71,92,2.0128960112591756e-16
71,93,7.242473099112002e-31
71,94,1.7315786085160024e-30
71,95,1.2386275206987975e-30
71,96,3.927836252286064e-31
71,97,2.135645633198264e-30
71,98,1.2567768517898901e-30
71,99,8.49925720223371e-31
71,100,7.981324365299107e-31
71,101,4.832532802472518e-31
71,102,3.122488990155787e-31
71,103,1.2822429399628067e-30
71,104,1.3173081603880313e-30
71,105,1.172077644506927e-30
71,106,8.961234903644885e-31
71,107,1.099650319104734e-30
71,108,1.8217655517335204e-30
71,109,1.814371861780538e-30
71,110,1.3011223202402042e-30
71,111,1.2492106487898604e-30
71,112,1.1649355748951712e-30
71,113,1.4531117568614314e-30
71,114,1.6759292247743724e-30
71,115,1.452945691246366e-30
71,116,9.044497374334605e-31
71,117,4.3106138602005567e-16
71,118,1.3195397358442417e-15
71,119,1.002975661958802e-30
71,120,1.0154791594189267e-30
71,121,1.384765387199172e-30
71,122,1.6198548751796128e-30
71,123,2.5546808502002554e-30
71,124,1.8820009875161037e-30
71,125,1.5379641146011636e-30
71,126,7.267099929833565e-31
71,127,1.2764668225844541e-30
71,128,6.931778768104781e-31
71,129,1.930215026024879e-30
71,130,5.506833765830769e-31
71,131,1.314807750724958e-30
71,132,7.883704949038485e-31
71,133,1.499441025142583e-30
71,134,1.3077226618140308e-30
71,135,4.881529113381704e-31
71,136,1.168109660431766e-30
71,137,1.32211100192061e-30
71,138,2.134541924443356e-30
71,139,1.70086353453845e-30
71,140,6.988044517809806e-31
71,141,6.899850367196145e-31
71,142,2.3636066952232623e-30
71,143,5.2304652982845584e-31
71,144,1.378532422908704e-30
71,145,2.646893191701202e-31
71,146,4.338406381060992e-31
71,147,1.954066350852369e-30
71,148,4.074934328890291e-30
71,149,1.2764794720616584e-30
72,73,2.4753251800107015e-30
72,74,1.14042995902629e-15
72,75,5.02923582014355e-31
72,76,2.831156322669149e-31
72,77,1.0579157779617724e-30
72,78,5.020666721142259e-31
72,79,7.107133371473095e-31
72,80,4.4926970137794055e-31
72,81,1.6431047782439444e-30
72,82,6.054526242341255e-31
72,83,1.6155989146128887e-30
72,84,1.726453379534942e-30
72,85,1.2736448782761532e-30
72,86,5.743401628685169e-31
72,87,1.0963770187226814e-30
72,88,2.532263196966618e-31
72,89,1.845852408907437e-30
72,90,1.606984083662088e-30
72,91,1.3218551910360464e-30
72,92,8.455224447772402e-16
72,93,7.278283411281139e-31
72,94,1.5292927746874674e-30
72,95,1.036527422224571e-30
72,96,4.360402328503527e-31
72,97,1.4406515031371348e-30
72,98,1.5936051406364294e-30
72,99,1.1339652122510681e-30
72,100,6.658521914252477e-31
72,101,7.285525779463543e-31
72,102,3.5363460796884584e-31
72,103,9.031049033537948e-31
72,104,1.3334932995430127e-30
72,105,1.2220037470467958e-30
72,106,1.6237540397796785e-30
72,107,6.216389984204767e-31
72,108,1.5366301112503486e-30
72,109,2.114064453522853e-30
72,110,6.805015917405919e-31
72,111,1.1353561572321342e-30
72,112,1.7469457875143685e-30
72,113,7.683506413495845e-31
72,114,8.722922139174152e-31
72,115,1.2397683161965972e-30
72,116,1.1462932647300599e-30
72,117,4.1097938649372754e-16
72,118,7.122513491835234e-16
72,119,6.215619247560084e-31
72,120,6.944913824881318e-31
72,121,1.7735805063785546e-30
72,122,2.1620230195435776e-30
72,123,1.7935720075159712e-30
72,124,9.57240931416762e-31
72,125,7.562629857974565e-31
72,126,1.28202843979302e-30
72,127,1.5440173266843811e-30
72,128,1.040246878579754e-30
72,129,1.4487050036831712e-30
72,130,6.343634029804145e-31
72,131,1.810837237926777e-30
72,132,1.1172410717334811e-30
72,133,1.9300149125195684e-30
72,134,9.87743218802942e-31
72,135,3.661715968925341e-31
72,136,9.850249271005174e-31
72,137,9.804944064485249e-31
72,138,2.380880255185697e-30
72,139,2.4657470163811637e-30
72,140,5.299352497400966e-31
72,141,6.9474667579114035e-31
72,142,3.463456368333343e-30
72,143,7.599879437696888e-31
72,144,1.7219622753398845e-30
72,145,1.5018111022539913e-31
72,146,7.272533619856634e-31
72,147,1.7153256180651662e-30
72,148,2.4060007223734565e-30
72,149,1.1759352762816094e-30
73,74,1.9132230534630266e-15
73,75,9.119492521722156e-31
73,76,4.749641573001993e-31
73,77,1.6250644403253438e-30
73,78,7.385718312986862e-31
73,79,1.3259035483594249e-30
73,80,6.521765302340926e-31
73,81,2.619932396033086e-30
73,82,1.0108039159515822e-30
73,83,2.8013702164408128e-30
73,84,2.8459205118140554e-30
73,85,2.2189828588972447e-30
73,86,1.2967120630768847e-30
73,87,1.920935391277889e-30
73,88,4.2482085703965936e-31
73,89,3.0126819719180466e-30
73,90,2.7344254563854084e-30
73,91,2.683238637265009e-30
73,92,5.102800490722277e-16
73,93,1.093411414391606e-30
73,94,2.9484259873255353e-30
73,95,1.8378848309183323e-30
73,96,6.612828539235112e-31
73,97,2.535909166269898e-30
73,98,2.5273973883955724e-30
73,99,1.736533068517881e-30
73,100,7.531229102565042e-31
73,101,1.2282937707107927e-30
73,102,5.928875013211187e-31
73,103,1.4171261652277321e-30
73,104,2.7086102637227767e-30
73,105,1.984081577440523e-30
73,106,2.315600286420543e-30
73,107,9.111149106529212e-31
73,108,2.5150241269726288e-30
73,109,3.250935615281756e-30
73,110,1.213306813939498e-30
73,111,1.589655264303074e-30
73,112,2.911651543677642e-30
73,113,1.5126676318410446e-30
73,114,1.688295923391758e-30
73,115,1.77221146186779e-30
73,116,1.81012428553773e-30
73,117,1.9428902930940106e-16
73,118,1.3115794395791187e-15
73,119,9.790436544555855e-31
73,120,1.1547210503999423e-30
73,121,2.890835477177071e-30
73,122,3.313123060219156e-30
73,123,3.372841864502867e-30
73,124,1.6575241098497275e-30
73,125,1.4763439234279767e-30
73,126,1.5286193004287905e-30
73,127,2.5620057460097856e-30
73,128,1.786580635511816e-30
73,129,2.4955628886380254e-30
73,130,8.092798550001077e-31
73,131,2.9312652148374747e-30
73,132,1.9207490558619612e-30
73,133,3.1024744552910512e-30
73,134,1.6756749653305435e-30
73,135,3.250510184923166e-31
73,136,1.791311045748818e-30
73,137,1.7077698798011326e-30
73,138,3.881909074257388e-30
73,139,4.1567687762167325e-30
73,140,8.773271797321226e-31
73,141,1.3032364187373234e-30
73,142,5.7369681319661224e-30
73,143,1.3271053201920721e-30
73,144,2.6713632583074706e-30
73,145,2.9595147388844736e-31
73,146,1.164117380044218e-30
73,147,3.0830128309420385e-30
73,148,4.6957932266304505e-30
73,149,2.02572223920873e-30
74,75,4.353291932867637e-16
74,76,2.4825341532472766e-16
74,77,7.899375304297589e-16
74,78,4.3322613303686417e-16
74,79,6.299124675638521e-16
74,80,2.224778631027189e-16
74,81,1.3730773445029404e-15
74,82,5.091937929346077e-16
74,83,1.3725160206182543e-15
74,84,1.4948606511056155e-15
74,85,8.310466160554796e-16
74,86,4.884202149157643e-16
74,87,9.918492907659929e-16
74,88,2.220446049250316e-16
74,89,7.870752211029824e-16
74,90,1.3946313673643925e-15
74,91,1.0424995332772376e-15
74,92,6.772194174908695e-15
74,93,6.703129537951234e-16
74,94,1.2269094687600496e-15
74,95,5.871878815966193e-16
74,96,4.0029660424867264e-16
74,97,7.292113943468774e-16
74,98,1.0625857456973406e-15
74,99,1.0106576982677791e-15
74,100,4.685680459230501e-16
74,101,6.265402388631789e-16
74,102,2.830524433501841e-16
74,103,7.305377268214958e-16
74,104,1.3059875798602917e-15
74,105,1.049701228651539e-15
74,106,1.1630877838484928e-15
74,107,4.53529842524786e-16
74,108,7.936127951034656e-16
74,109,1.9389847888052186e-15
74,110,1.6653345369377368e-16
74,111,8.295388894618269e-16
74,112,1.4851826706862387e-15
74,113,5.530259263078846e-16
74,114,5.692008124507059e-16
74,115,1.1204326334056027e-15
74,116,1.0407415628883976e-15
74,117,9.39328386008162e-16
74,118,1.964022651858201e-15
74,119,5.688200336284373e-16
74,120,6.377745716588154e-16
74,121,1.3686517497740759e-15
74,122,1.6125278807406161e-15
74,123,1.2001077287732916e-15
74,124,4.594365265244391e-16
74,125,2.3714374201337775e-16
74,126,7.024751952920619e-16
74,127,1.4413853271395008e-15
74,128,8.959775382615411e-16
74,129,1.1961493868598858e-15
74,130,4.886873367543074e-16
74,131,1.6146017381145648e-15
74,132,9.09180472805594e-16
74,133,1.789535222209137e-15
74,134,7.13863476643023e-16
74,135,4.1588944858777366e-31
74,136,8.870121366310596e-16
74,137,8.995858479171132e-16
74,138,2.159205517590036e-15
74,139,2.0600920429562657e-15
74,140,4.902612130890304e-16
74,141,4.965068306494553e-16
74,142,2.9696520360724375e-15
74,143,6.387199071074624e-16
74,144,1.5762747924311863e-15
74,145,1.2412670766236385e-16
74,146,5.171338413218773e-16
74,147,1.2862246391002779e-15
74,148,7.089906314508468e-16
74,149,9.053594779595613e-16
75,76,1.0807195902399728e-31
75,77,3.728763424031808e-31
75,78,5.446455782021762e-31
75,79,6.050420023957712e-31
75,80,3.802169254818829e-31
75,81,6.991970365609304e-31
75,82,2.948390214775409e-31
75,83,8.043682285470862e-31
75,84,6.6278703256764e-31
75,85,5.823123748403131e-31
75,86,5.8645619128489845e-31
75,87,8.63123507910248e-31
75,88,9.666249873569189e-32
75,89,1.756424680988857e-30
75,90,6.370092551616556e-31
75,91,7.7010499421072975e-31
75,92,2.355138688025657e-16
75,93,4.820289749188335e-31
75,94,7.5559867284076235e-31
75,95,4.721884406538084e-31
75,96,2.512597038366822e-31
75,97,1.0997577717435637e-30
75,98,5.679219807842536e-31
75,99,5.420539039128298e-31
75,100,4.176984737942853e-31
75,101,2.6382011952890547e-31
75,102,1.5870107422073318e-31
75,103,6.571636103764999e-31
75,104,6.85613712589469e-31
75,105,6.417218985917235e-31
75,106,4.711022421098456e-31
75,107,6.624547574383852e-31
75,108,9.681258122749005e-31
75,109,1.1514702211072712e-30
75,110,6.655870024494059e-31
75,111,6.989412294345369e-31
75,112,6.745845699658635e-31
75,113,7.673352041197577e-31
75,114,9.027685219020551e-31
75,115,8.97295034663344e-31
75,116,6.065696625984232e-31
75,117,2.4094709601384895e-16
75,118,6.597425008528068e-16
75,119,5.228040579273332e-31
75,120,5.530587733001615e-31
75,121,7.168896727787945e-31
75,122,8.011309429346223e-31
75,123,1.2802448493343391e-30
75,124,1.004927171566438e-30
75,125,7.664557645000469e-31
75,126,3.4780552366894794e-31
75,127,8.536011318354979e-31
75,128,3.8312152117969204e-31
75,129,9.983121348931857e-31
75,130,3.5924216981406393e-31
75,131,8.495369582283358e-31
75,132,3.6169485723052075e-31
75,133,9.005708021020905e-31
75,134,6.880330097276813e-31
75,135,1.1883667793992874e-31
75,136,7.010362437363989e-31
75,137,7.920176370675179e-31
75,138,1.3047441525480864e-30
75,139,9.024844910612214e-31
75,140,4.0961845900188285e-31
75,141,2.9389163093659656e-31
75,142,1.2685489482652872e-30
75,143,2.6266296932890147e-31
75,144,8.879227665532497e-31
75,145,1.2915775936473157e-31
75,146,2.6583135400847576e-31
75,147,9.487167983245518e-31
75,148,1.9890734809781514e-30
75,149,7.014354572012262e-31
76,77,1.9610468982236808e-31
76,78,1.0754986713432605e-31
76,79,1.5637792142835262e-31
76,80,5.523088934939703e-32
76,81,3.408711402778617e-31
76,82,1.264090981581682e-31
76,83,3.4073178970638504e-31
76,84,3.7110426207151407e-31
76,85,2.063101607298299e-31
76,86,1.212519864664756e-31
76,87,2.4622997392006587e-31
76,88,5.512333152706879e-32
76,89,1.9539411175628e-31
76,90,3.4622200006720437e-31
76,91,2.5880406961050814e-31
76,92,1.6831252623126124e-30
76,93,1.664074801160453e-31
76,94,3.0458446591392874e-31
76,95,1.4577139704365212e-31
76,96,9.937499914762361e-32
76,97,1.8102921914031862e-31
76,98,2.637905404447366e-31
76,99,2.508992253192035e-31
76,100,1.1632361771243066e-31
76,101,1.5554075413615446e-31
76,102,7.026873577769201e-32
76,103,1.8135848570699874e-31
76,104,3.24215877071992e-31
76,105,2.605919150833067e-31
76,106,2.8874051466285606e-31
76,107,1.1259033235846373e-31
76,108,1.970170868298381e-31
76,109,4.813595960835901e-31
76,110,4.134249864530159e-32
76,111,2.0593586245357963e-31
76,112,3.68701670378958e-31
76,113,1.3729057496905315e-31
76,114,1.4130604569649705e-31
76,115,2.7815122788421867e-31
76,116,2.5836764745743888e-31
76,117,2.330454815231679e-31
76,118,4.667843949685344e-31
76,119,1.4121151605338554e-31
76,120,1.5832971562156574e-31
76,121,3.39772471271578e-31
76,122,4.003155537002021e-31
76,123,2.9793084242557075e-31
76,124,1.140566868346215e-31
76,125,5.887174387770698e-32
76,126,1.7439186641215895e-31
76,127,3.5782883026132997e-31
76,128,2.224294839276688e-31
76,129,2.969481705265448e-31
76,130,1.2131830037520177e-31
76,131,4.008303958761811e-31
76,132,2.2570715752053883e-31
76,133,4.442582307573126e-31
76,134,1.772190461522139e-31
76,135,0.0
76,136,2.202037923531439e-31
76,137,2.2332525912321375e-31
76,138,5.360301441297214e-31
76,139,5.114248855471872e-31
76,140,1.217090205505955e-31
76,141,1.2325951644078312e-31
76,142,7.372262602810119e-31
76,143,1.585643983753199e-31
76,144,3.913156007113171e-31
76,145,3.0814879110195785e-32
76,146,1.283802422881515e-31
76,147,3.1930965953145837e-31
76,148,1.7600934569090745e-31
76,149,2.24758582500073e-31
77,78,3.6937670204889254e-31
77,79,4.888426766268629e-31
77,80,2.6076206235536236e-31
77,81,1.0804548249731792e-30
77,82,4.560068548028636e-31
77,83,1.1695726423597663e-30
77,84,1.235495563149565e-30
77,85,7.099502436814052e-31
77,86,4.987086733368233e-31
77,87,7.714392599770447e-31
77,88,1.7540136685973048e-31
77,89,1.072754291723571e-30
77,90,1.0755098961874847e-30
77,91,1.1474641286291904e-30
77,92,2.6221307941180895e-16
77,93,5.20819423098368e-31
77,94,1.022823643549522e-30
77,95,1.1948149383567737e-30
77,96,3.0955061907070954e-31
77,97,7.583810982045803e-31
77,98,8.227307170855398e-31
77,99,8.053294919998777e-31
77,100,7.1099579124324755e-31
77,101,4.929057419914706e-31
77,102,2.1493643884319445e-31
77,103,1.2101275038602534e-30
77,104,1.444560241666524e-30
77,105,8.075859126516025e-31
77,106,8.25330376491958e-31
77,107,4.020435367387655e-31
77,108,1.0682285862583138e-30
77,109,1.507713909392695e-30
77,110,4.155648484607089e-31
77,111,9.534552428798024e-31
77,112,1.3937234204108732e-30
77,113,5.296279305835509e-31
77,114,5.82422144282149e-31
77,115,9.228224504968176e-31
77,116,7.292005202915448e-31
77,117,2.8305244335018383e-16
77,118,4.299875284949258e-16
77,119,4.657708073028384e-31
77,120,4.97122347079382e-31
77,121,1.3499733693548512e-30
77,122,1.7665242353859023e-30
77,123,9.754095663235539e-31
77,124,6.039950115192604e-31
77,125,4.890315219795989e-31
77,126,4.948346823819952e-31
77,127,1.1645627973102525e-30
77,128,7.152302310486047e-31
77,129,9.745311626355509e-31
77,130,3.094671269842476e-31
77,131,1.2330364881502406e-30
77,132,7.301550388122754e-31
77,133,1.5315501874194732e-30
77,134,6.925588849704663e-31
77,135,2.117922864150995e-31
77,136,1.2361018182429376e-30
77,137,7.626168798543466e-31
77,138,1.6850515459313387e-30
77,139,1.6368035678120073e-30
77,140,3.989054590693309e-31
77,141,4.530670282005074e-31
77,142,2.1922337189196348e-30
77,143,5.183448713892293e-31
77,144,1.2189785721700027e-30
77,145,1.0570790272685421e-31
77,146,4.50683375215305e-31
77,147,1.0908680247850905e-30
77,148,1.546374461421871e-30
77,149,8.901299370875975e-31
78,79,3.653065644738965e-31
78,80,3.108884598580621e-31
78,81,7.010402764534788e-31
78,82,3.505563864310296e-31
78,83,8.374527471729905e-31
78,84,6.392173491969047e-31
78,85,3.4610963914074513e-31
78,86,2.2212985095027744e-31
78,87,5.188025615360276e-31
78,88,9.619552555336944e-32
78,89,1.115823717012102e-30
78,90,6.540309668372349e-31
78,91,4.141649623905224e-31
78,92,2.4980018054066037e-16
78,93,3.486476365113252e-31
78,94,6.354438355174809e-31
78,95,3.616758398929454e-31
78,96,2.170720014158742e-31
78,97,4.888665681990002e-31
78,98,4.334993602603349e-31
78,99,4.673048799300389e-31
78,100,4.064359091807094e-31
78,101,2.616198472609533e-31
78,102,1.1694290596400683e-31
78,103,4.851286834614502e-31
78,104,5.702771473855975e-31
78,105,6.304264165094788e-31
78,106,5.653220476224443e-31
78,107,4.346482795967731e-31
78,108,3.649742961404414e-31
78,109,9.939153765035497e-31
78,110,3.354625690138552e-31
78,111,6.263284015237426e-31
78,112,6.903837950015085e-31
78,113,4.718750539073549e-31
78,114,5.961953178420934e-31
78,115,5.946860154355398e-31
78,116,5.018327077402939e-31
78,117,3.3794621717392143e-16
78,118,3.103991861031693e-16
78,119,4.039104273169195e-31
78,120,3.9257561707517972e-31
78,121,6.747280483581027e-31
78,122,7.3137693775079685e-31
78,123,6.456352360568956e-31
78,124,5.2391037466372895e-31
78,125,3.1738072879159384e-31
78,126,4.833105675166977e-31
78,127,7.413174612889225e-31
78,128,3.8124840907100954e-31
78,129,7.440152075902064e-31
78,130,2.535752123890268e-31
78,131,7.546611760388329e-31
78,132,3.4636316915299223e-31
78,133,7.580305335701713e-31
78,134,4.3900632066168785e-31
78,135,2.6652056430856422e-31
78,136,6.28271125625073e-31
78,137,6.124300589506082e-31
78,138,1.220293893038931e-30
78,139,8.864569987033462e-31
78,140,2.9251324450088107e-31
78,141,1.6840558098590512e-31
78,142,1.2431865467589461e-30
78,143,2.5640610880086477e-31
78,144,8.078991727479252e-31
78,145,9.052784915518015e-32
78,146,2.5821040158501632e-31
78,147,6.282663379742235e-31
78,148,8.753904549586686e-31
78,149,5.851432951513728e-31
79,80,4.3384028444292435e-31
79,81,8.850962236650023e-31
79,82,3.355305594284763e-31
79,83,9.857659903111886e-31
79,84,9.513607217868495e-31
79,85,7.877967437188613e-31
79,86,6.588591729074348e-31
79,87,1.0200450836457447e-30
79,88,1.3986866499756695e-31
79,89,2.2221352663401474e-30
79,90,8.685723143883529e-31
79,91,1.0106411095644586e-30
79,92,8.673617379897488e-19
79,93,5.697707103006969e-31
79,94,1.0687511800663644e-30
79,95,7.211046842127345e-31
79,96,3.2770528218331538e-31
79,97,1.3620484922273762e-30
79,98,7.655823921206651e-31
79,99,6.835250142128179e-31
79,100,4.815460437292608e-31
79,101,3.9047582311750884e-31
79,102,1.9290149351822301e-31
79,103,8.105718638302207e-31
79,104,8.111423395562988e-31
79,105,7.96936200660998e-31
79,106,7.372776543795975e-31
79,107,7.960829830999981e-31
79,108,1.1591449038443752e-30
79,109,1.5228145875000965e-30
79,110,8.527417919544415e-31
79,111,7.683363913984456e-31
79,112,9.334795070982298e-31
79,113,9.729749881476687e-31
79,114,1.1146803555750202e-30
79,115,1.1121685339550128e-30
79,116,7.757327701935714e-31
79,117,7.850462293418793e-17
79,118,8.514506323422195e-16
79,119,6.857814262443322e-31
79,120,7.052709712538972e-31
79,121,8.652360399538419e-31
79,122,1.0789637050790385e-30
79,123,1.5781875943325742e-30
79,124,1.2635924578292621e-30
79,125,9.885729890132421e-31
79,126,4.532946816690765e-31
79,127,1.038038726514249e-30
79,128,5.5767508367363935e-31
79,129,1.221625088627795e-30
79,130,4.349159369134092e-31
79,131,1.1258314654119447e-30
79,132,5.721433601470862e-31
79,133,1.2785925924046841e-30
79,134,8.322803412243882e-31
79,135,2.302963763223846e-31
79,136,7.717293915477317e-31
79,137,9.381954124418279e-31
79,138,1.6872861235301347e-30
79,139,1.281642948958827e-30
79,140,5.0654107947983894e-31
79,141,4.277099655046925e-31
79,142,1.8541696623287877e-30
79,143,3.9696788219076875e-31
79,144,1.1825778071264784e-30
79,145,1.711335230608857e-31
79,146,3.2374898292879987e-31
79,147,1.2295418567137203e-30
79,148,2.5963790581303417e-30
79,149,7.690101084659193e-31
80,81,4.342282298438065e-31
80,82,1.810403575011853e-31
80,83,6.060517172136192e-31
80,84,3.999554247900858e-31
80,85,4.570993355756415e-31
80,86,3.9382876221473166e-31
80,87,5.8870306457455e-31
80,88,4.940000921720835e-32
80,89,1.309337004458547e-30
80,90,3.418344958277333e-31
80,91,5.818162120173925e-31
80,92,3.555125210177724e-16
80,93,3.9331377977510083e-31
80,94,6.159216641357529e-31
80,95,4.168606352520811e-31
80,96,1.512304420100724e-31
80,97,8.362692432940324e-31
80,98,4.784655107580474e-31
80,99,4.0281358659014626e-31
80,100,3.5117437159588216e-31
80,101,1.3966509125879282e-31
80,102,1.1209618111409028e-31
80,103,4.411610039950107e-31
80,104,2.8575187887500715e-31
80,105,4.254224337979322e-31
80,106,2.660867187941368e-31
80,107,4.609971989536365e-31
80,108,7.114057018596355e-31
80,109,6.992951480945096e-31
80,110,4.932861191983289e-31
80,111,5.013403226266769e-31
80,112,3.4552794655664226e-31
80,113,5.6231115666019125e-31
80,114,6.540766499103153e-31
80,115,6.077735469349439e-31
80,116,3.7933353321116716e-31
80,117,2.2377260456559033e-16
80,118,4.941739743737032e-16
80,119,3.821285536113493e-31
80,120,3.9340881964133085e-31
80,121,5.702804760598033e-31
80,122,5.893620130092185e-31
80,123,9.046226563914958e-31
80,124,7.2495023739766115e-31
80,125,5.530994077294411e-31
80,126,3.3874455218075744e-31
80,127,5.383678613854645e-31
80,128,1.9618205820806656e-31
80,129,6.979586892550347e-31
80,130,2.2530144898875117e-31
80,131,5.063014056531738e-31
80,132,2.166511605022006e-31
80,133,6.035617304074432e-31
80,134,4.822725709485274e-31
80,135,1.7770062224231015e-31
80,136,5.077377808098259e-31
80,137,5.68956752498206e-31
80,138,8.3742830509821e-31
80,139,5.1236681307050195e-31
80,140,2.808024455740714e-31
80,141,2.207245576713041e-31
80,142,7.388676827071441e-31
80,143,1.4094916990462576e-31
80,144,5.070639278514936e-31
80,145,9.878821535320176e-32
80,146,1.9148006607288534e-31
80,147,6.842681975408364e-31
80,148,1.4938390065563475e-30
80,149,5.328496941263168e-31
81,82,7.0167615976301105e-31
81,83,1.7778360448112752e-30
81,84,2.0673961452229917e-30
81,85,1.2433171937382831e-30
81,86,9.870822120355179e-31
81,87,1.451614976056029e-30
81,88,3.0488441649166608e-31
81,89,6.241873471306905e-16
81,90,2.0511342695244464e-30
81,91,1.3391674273042797e-30
81,92,5.860083355417081e-16
81,93,1.0325097798035562e-30
81,94,2.2207524158137214e-16
81,95,1.0243148018907568e-30
81,96,5.617662934523586e-31
81,97,1.1365119761065041e-30
81,98,1.5532668283409862e-30
81,99,8.792833367185818e-16
81,100,6.684157802811445e-31
81,101,8.822425033843316e-31
81,102,4.4568566919247525e-31
81,103,1.0844934357461817e-30
81,104,1.7165020896303053e-30
81,105,1.598997157451121e-30
81,106,1.6651835366061602e-30
81,107,9.030023789003388e-31
81,108,1.2030589564628642e-30
81,109,2.7036183911755307e-30
81,110,6.706905794125072e-31
81,111,1.4287649705632104e-30
81,112,2.0573470592509555e-30
81,113,8.517598583494542e-31
81,114,9.55480858639543e-31
81,115,1.7132644947792685e-30
81,116,1.582990461940254e-30
81,117,9.013572273634324e-16
81,118,6.690735578709169e-16
81,119,7.715799211432492e-31
81,120,8.87037694561214e-31
81,121,1.847331195623306e-30
81,122,2.1796880783251375e-30
81,123,1.8078102230438314e-30
81,124,1.0980821967876626e-30
81,125,7.97801798096075e-31
81,126,1.1311315083823572e-30
81,127,2.0914073004997852e-30
81,128,1.2317845785811057e-30
81,129,1.5138826805006435e-30
81,130,8.997451327697872e-31
81,131,2.297495586866896e-30
81,132,1.3264952380756923e-30
81,133,2.419268510198497e-30
81,134,1.1220606043164274e-30
81,135,4.981220119142078e-31
81,136,1.1788673599999401e-30
81,137,1.6909307803667587e-30
81,138,2.976107501823355e-30
81,139,3.0353131442149364e-30
81,140,6.6155844046406595e-31
81,141,7.270011360628579e-31
81,142,4.4431956247666065e-30
81,143,8.820005133764077e-31
81,144,2.1938422763763974e-30
81,145,1.528195506094233e-31
81,146,6.5309978483616e-31
81,147,1.8077168020345297e-30
81,148,2.2190041778202508e-30
81,149,1.6685242323705077e-30
82,83,7.215166955730348e-31
82,84,7.840368126805594e-31
82,85,4.7754697735825625e-31
82,86,2.923101969449771e-31
82,87,5.174098546079953e-31
82,88,1.1306373458244304e-31
82,89,8.474836403643393e-31
82,90,6.97244717385773e-31
82,91,6.035097736853525e-31
82,92,3.0436364816617974e-16
82,93,4.088967340535511e-31
82,94,6.532369202456197e-31
82,95,3.9112910029825707e-31
82,96,2.1515394339771457e-31
82,97,5.215899705480935e-31
82,98,5.799061701690066e-31
82,99,4.923722182694473e-31
82,100,5.7373483721119925e-31
82,101,3.16902896839366e-31
82,102,1.4249412294824219e-31
82,103,4.23933117223036e-31
82,104,7.187340379856998e-31
82,105,5.718116401115425e-31
82,106,6.443151262728697e-31
82,107,3.4462606334102795e-31
82,108,5.026640223202407e-31
82,109,1.0306634013073323e-30
82,110,3.270999338696602e-31
82,111,4.562312209726086e-31
82,112,7.583426456031323e-31
82,113,3.6296199158288393e-31
82,114,4.342118918484114e-31
82,115,6.326766545524574e-31
82,116,5.374320368876421e-31
82,117,2.943923360032079e-16
82,118,3.2612801348363973e-16
82,119,3.426154115497707e-31
82,120,3.5367591346987947e-31
82,121,7.400437358998123e-31
82,122,8.18771586351279e-31
82,123,7.377524884597047e-31
82,124,4.916445703489992e-31
82,125,4.0753569777212225e-31
82,126,5.1346017064259165e-31
82,127,7.118739183892614e-31
82,128,4.5590553970934025e-31
82,129,7.020050310403079e-31
82,130,2.840467012130257e-31
82,131,8.231019945878424e-31
82,132,4.624434464183667e-31
82,133,9.593927460498563e-31
82,134,5.003364949158346e-31
82,135,2.0122832945044013e-31
82,136,4.603392993806862e-31
82,137,4.881096745743554e-31
82,138,1.2022740481762226e-30
82,139,1.044809695273213e-30
82,140,2.7271242049166555e-31
82,141,2.75816707021976e-31
82,142,1.5253750368470846e-30
82,143,3.2611145838159443e-31
82,144,8.304091823605157e-31
82,145,7.416669963380951e-32
82,146,2.982837199279589e-31
82,147,6.8152171142124775e-31
82,148,1.0287204118781895e-30
82,149,4.970456678804125e-31
83,84,2.0409416987274582e-30
83,85,1.4773557186252962e-30
83,86,7.963482648724044e-31
83,87,1.3886731223564235e-30
83,88,3.0475977755145606e-31
83,89,4.0221743917885543e-16
83,90,1.9302637574444035e-30
83,91,1.8456165776876476e-30
83,92,9.601095024498462e-16
83,93,9.389703902681946e-31
83,94,1.8426268387130665e-30
83,95,1.4676940423399577e-30
83,96,5.942270204949132e-31
83,97,1.9208539313824875e-30
83,98,1.6759378283980246e-30
83,99,2.3510473503348857e-16
83,100,1.0405703474976797e-30
83,101,8.5354524313646e-31
83,102,3.991167863313829e-31
83,103,1.4770723008788335e-30
83,104,2.2752644960986054e-30
83,105,1.6551534368162296e-30
83,106,1.6946375920310025e-30
83,107,1.0037490393558923e-30
83,108,1.6496215791281173e-30
83,109,2.8317214784249154e-30
83,110,1.148601665175249e-30
83,111,1.1407336923228966e-30
83,112,2.0589180638071997e-30
83,113,1.2594743185564364e-30
83,114,1.4639948100342487e-30
83,115,1.6681955104076356e-30
83,116,1.4221898266909412e-30
83,117,9.509453630882834e-16
83,118,1.155237272149377e-15
83,119,1.1299169019135392e-30
83,120,1.0612421134384953e-30
83,121,1.926850427179179e-30
83,122,2.1899502318527084e-30
83,123,2.292862956842474e-30
83,124,1.662398314076666e-30
83,125,1.2987605210205165e-30
83,126,1.3497824781384638e-30
83,127,2.0309113129875176e-30
83,128,1.2314061350496412e-30
83,129,2.049353702351849e-30
83,130,6.571874182583697e-31
83,131,2.1963443721716167e-30
83,132,1.2713051449712918e-30
83,133,2.5607848419898893e-30
83,134,1.3952778865691074e-30
83,135,8.170699477256558e-31
83,136,1.381741334891427e-30
83,137,1.5062817162228736e-30
83,138,3.2350804723787166e-30
83,139,2.8411497444973526e-30
83,140,7.894495007790546e-31
83,141,8.083620239608976e-31
83,142,4.050475239353322e-30
83,143,8.864943311424858e-31
83,144,2.2684095054582172e-30
83,145,2.6399673197066393e-31
83,146,8.272499275262333e-31
83,147,1.9014538348913556e-30
83,148,3.569322021944755e-30
83,149,1.4276336890607469e-30
84,85,1.2552993657863468e-30
84,86,7.8510495585731285e-31
84,87,1.501920495255281e-30
84,88,3.31925742692721e-31
84,89,1.4486316559123011e-30
84,90,2.0909150483974175e-30
84,91,1.6771512904959418e-30
84,92,6.756074280377424e-16
84,93,1.1189134310307222e-30
84,94,1.8429029470307183e-30
84,95,9.059998959645204e-31
84,96,6.0939010295261685e-31
84,97,1.1022320061764386e-30
84,98,1.5906735663076916e-30
84,99,1.59858787060912e-30
84,100,9.71108229295501e-31
84,101,9.369014938008489e-31
84,102,4.296519036900664e-31
84,103,1.119084055956824e-30
84,104,2.0424678451859957e-30
84,105,1.5576757174779391e-30
84,106,1.747434154886e-30
84,107,7.609486955343349e-31
84,108,1.2160385040137272e-30
84,109,2.949605057494889e-30
84,110,4.483428745817566e-31
84,111,1.2895228208218626e-30
84,112,2.206806149133317e-30
84,113,8.435858296290056e-31
84,114,8.744167356562365e-31
84,115,1.7860401244157737e-30
84,116,1.5985707169050764e-30
84,117,5.933464366067988e-16
84,118,4.1378155113057583e-16
84,119,8.706663161583422e-31
84,120,9.695847531236341e-31
84,121,2.045079495297494e-30
84,122,2.4177297007353198e-30
84,123,1.7915379213152426e-30
84,124,8.684429059197536e-31
84,125,4.904336142478872e-31
84,126,1.1153445638463178e-30
84,127,2.176898820042801e-30
84,128,1.3374716632581415e-30
84,129,1.8140037790714876e-30
84,130,7.8984634123368e-31
84,131,2.4327582890345117e-30
84,132,1.3590089818450107e-30
84,133,2.7780603284865055e-30
84,134,1.1236707934968312e-30
84,135,3.1806496004869448e-31
84,136,1.3535482845970936e-30
84,137,1.3835007339167955e-30
84,138,3.250861464316678e-30
84,139,3.0846837956786754e-30
84,140,7.439196440552372e-31
84,141,7.447413952978498e-31
84,142,4.5100865277454825e-30
84,143,9.521079340241825e-31
84,144,2.3862701416410432e-30
84,145,1.8724458451993896e-31
84,146,7.854031901534304e-31
84,147,1.9076097696010035e-30
84,148,1.4805428448003718e-30
84,149,1.3919078999991517e-30
85,86,7.17890199405301e-31
85,87,9.664472242575857e-31
85,88,1.8452941753632289e-31
85,89,2.184905209984964e-30
85,90,1.2723829491315185e-30
85,91,1.4499711710336714e-30
85,92,2.407706197318435e-16
85,93,5.362648657039872e-31
85,94,1.5629013067867432e-30
85,95,1.1304309637611482e-30
85,96,2.733434357918675e-31
85,97,1.646578586135983e-30
85,98,1.3682414015281478e-30
85,99,8.068390808911653e-31
85,100,5.212776274148697e-31
85,101,5.526263428478272e-31
85,102,3.1468276022198165e-31
85,103,7.454326151967089e-31
85,104,1.3858849587670984e-30
85,105,1.0405317534940202e-30
85,106,1.065841686553815e-30
85,107,6.28091761095146e-31
85,108,1.5080777259168165e-30
85,109,1.3440709246830815e-30
85,110,8.70738703702552e-31
85,111,8.99983329757186e-31
85,112,1.2525796013048934e-30
85,113,9.942507109569638e-31
85,114,1.1143723563626998e-30
85,115,8.093643115021613e-31
85,116,8.165177231353116e-31
85,117,2.2336880404788397e-16
85,118,9.207574933277816e-16
85,119,6.380099468895419e-31
85,120,6.660192180426846e-31
85,121,1.4280439924896414e-30
85,122,1.607470825107432e-30
85,123,2.0419559909723434e-30
85,124,1.1998429980285139e-30
85,125,1.0329629197744722e-30
85,126,8.486303560783877e-31
85,127,1.0840131272001158e-30
85,128,8.087356568932991e-31
85,129,1.2982079072650862e-30
85,130,4.003447838539575e-31
85,131,1.2771695705342812e-30
85,132,9.203444979177848e-31
85,133,1.2736592420538612e-30
85,134,1.0020723472326092e-30
85,135,3.5726844332147644e-31
85,136,9.475416708049937e-31
85,137,8.632606100974926e-31
85,138,1.613490810903405e-30
85,139,1.9994295890812325e-30
85,140,4.177919707875341e-31
85,141,6.940395048139501e-31
85,142,2.691458273576039e-30
85,143,6.131415890305524e-31
85,144,1.0983356080175204e-30
85,145,1.8861191233917625e-31
85,146,5.170877509610997e-31
85,147,1.673787314708248e-30
85,148,3.0739285737056296e-30
85,149,1.1274006869129086e-30
86,87,1.0451296074698092e-30
86,88,1.084510736583696e-31
86,89,1.8543540870771886e-30
86,90,7.987883829568247e-31
86,91,1.0343611756603301e-30
86,92,3.7473640914070782e-16
86,93,6.006166372662483e-31
86,94,1.0550277208330798e-30
86,95,6.641714445458995e-31
86,96,2.2379834790896515e-31
86,97,1.2565440981662852e-30
86,98,6.707981963670758e-31
86,99,8.51139585981704e-31
86,100,3.1224638364871215e-31
86,101,3.254530544800588e-31
86,102,1.819270778339327e-31
86,103,8.527577615998138e-31
86,104,7.085122019568192e-31
86,105,7.154039699864357e-31
86,106,4.6723489044483285e-31
86,107,7.075571706019833e-31
86,108,1.2131375970938367e-30
86,109,1.0842307856869476e-30
86,110,7.292229188621614e-31
86,111,7.5966284723146325e-31
86,112,7.319295315160816e-31
86,113,8.659002084024948e-31
86,114,1.0585248818906131e-30
86,115,9.93308855522569e-31
86,116,7.221338353207409e-31
86,117,7.143191282315466e-16
86,118,7.449563147056453e-16
86,119,4.693096125534043e-31
86,120,5.368911220390711e-31
86,121,7.140798009570206e-31
86,122,9.265569474785793e-31
86,123,1.5169810548549528e-30
86,124,1.091500863970015e-30
86,125,8.722075349721996e-31
86,126,3.336963972785306e-31
86,127,8.505429461646872e-31
86,128,4.56756486050307e-31
86,129,1.2823196990309671e-30
86,130,4.990906852883002e-31
86,131,8.688960581717684e-31
86,132,5.3350877159777645e-31
86,133,9.542553958187147e-31
86,134,8.855598055492125e-31
86,135,3.2630459407688776e-31
86,136,6.53307381401845e-31
86,137,9.883382620769555e-31
86,138,1.0567525084787824e-30
86,139,1.2221601440657675e-30
86,140,4.5081800605728135e-31
86,141,4.256840076269872e-31
86,142,1.795015281372601e-30
86,143,3.447811228250607e-31
86,144,8.24301715661177e-31
86,145,1.392923400194344e-31
86,146,2.8693730796830185e-31
86,147,1.2248816025490224e-30
86,148,2.4183788973026446e-30
86,149,1.0227787597918058e-30
87,88,2.202347839133071e-31
87,89,2.854117209302147e-30
87,90,1.3683349037783389e-30
87,91,1.3369126690855558e-30
87,92,8.481258243637816e-30
87,93,9.055014770127788e-31
87,94,1.3303122328304481e-30
87,95,8.1923463705167e-31
87,96,4.941043493655592e-31
87,97,1.7862122503122834e-30
87,98,1.030725374230681e-30
87,99,1.1350266657303305e-30
87,100,6.413520000272518e-31
87,101,6.137849789805524e-31
87,102,2.9879361785130067e-31
87,103,1.164943982251964e-30
87,104,1.2627691953992731e-30
87,105,1.1625091795785867e-30
87,106,1.1630507148581075e-30
87,107,1.130309721665366e-30
87,108,1.6182169372723132e-30
87,109,2.3192009110924078e-30
87,110,1.0905894226024673e-30
87,111,1.1632724255733488e-30
87,112,1.4679685428663763e-30
87,113,1.2780500505911445e-30
87,114,1.5088902208779435e-30
87,115,1.685842105719516e-30
87,116,1.2434365921154856e-30
87,117,4.965068306494535e-16
87,118,1.0778315928076996e-15
87,119,8.74677165521136e-31
87,120,9.462265017113859e-31
87,121,1.3457693912406138e-30
87,122,1.626727247846506e-30
87,123,2.0857256857902096e-30
87,124,1.6785849824927045e-30
87,125,1.2607935499356154e-30
87,126,7.102017746835013e-31
87,127,1.613084750211164e-30
87,128,8.763586279134401e-31
87,129,1.731145714612291e-30
87,130,7.29057830403135e-31
87,131,1.769981304446778e-30
87,132,8.641798314087965e-31
87,133,1.9756215936031813e-30
87,134,1.1503160576877903e-30
87,135,1.0408933875759237e-31
87,136,1.0640231951181535e-30
87,137,1.3738783744881719e-30
87,138,2.4537549468966687e-30
87,139,2.0317824816533395e-30
87,140,7.18918383834865e-31
87,141,5.65368762459234e-31
87,142,2.935013364251826e-30
87,143,6.138893818566828e-31
87,144,1.8202825459937083e-30
87,145,2.068131991813159e-31
87,146,5.33482561207259e-31
87,147,1.600778199884027e-30
87,148,3.299765864090566e-30
87,149,1.2106222532704588e-30
88,89,1.7476580651609315e-31
88,90,3.096703709824823e-31
88,91,2.314813970010734e-31
88,92,1.5054330004712661e-30
88,93,1.4883937500156875e-31
88,94,2.724286282696049e-31
88,95,1.3038190118588725e-31
88,96,8.8883701343228e-32
88,97,1.619174559645834e-31
88,98,2.3594143210233547e-31
88,99,2.244110893263102e-31
88,100,1.0404300663747745e-31
88,101,1.3911987980800912e-31
88,102,6.285026795675637e-32
88,103,1.6221196093490925e-31
88,104,2.899874962070759e-31
88,105,2.330804946052506e-31
88,106,2.5825736745776844e-31
88,107,1.0070385470512767e-31
88,108,1.762174395521986e-31
88,109,4.305411113858995e-31
88,110,3.6977854932234923e-32
88,111,1.841946349805003e-31
88,112,3.2977679935402835e-31
88,113,1.2279642332033354e-31
88,114,1.2638796952362365e-31
88,115,2.487860214296592e-31
88,116,2.3109104916061356e-31
88,117,2.084422154139899e-31
88,118,4.175046551943017e-31
88,119,1.2630341964046922e-31
88,120,1.4161440279521256e-31
88,121,3.0390173705853714e-31
88,122,3.5805311620964763e-31
88,123,2.6647744650294186e-31
88,124,1.020154020202476e-31
88,125,5.265648850580395e-32
88,126,1.5598082720825993e-31
88,127,3.2005183550942703e-31
88,128,1.9894697850498576e-31
88,129,2.6559851803662155e-31
88,130,1.0851038662147578e-31
88,131,3.5851360505091688e-31
88,132,2.018786188896711e-31
88,133,3.973566414148554e-31
88,134,1.5850953364160919e-31
88,135,0.0
88,136,1.9695625944195127e-31
88,137,1.9974818419690444e-31
88,138,4.794399361052267e-31
88,139,4.57432323787424e-31
88,140,1.0885985737042023e-31
88,141,1.1024666305413758e-31
88,142,6.593952131145184e-31
88,143,1.4182430943142899e-31
88,144,3.5000331353866788e-31
88,145,2.75616657635344e-32
88,146,1.1482677948967995e-31
88,147,2.8559924183386187e-31
88,148,1.574275446560515e-31
88,149,2.010301875986631e-31
89,90,6.222218798829948e-16
89,91,2.8960947898337885e-30
89,92,8.485639749245183e-16
89,93,1.4322840536063746e-30
89,94,5.149711517429209e-16
89,95,2.0677481761583197e-30
89,96,7.455028576060126e-31
89,97,7.376145397762946e-17
89,98,3.784145941920555e-16
89,99,5.390964641459095e-16
89,100,1.4271089675181575e-30
89,101,3.6645579061685547e-16
89,102,5.696546381370609e-31
89,103,1.25104716392646e-16
89,104,1.7844893094044108e-30
89,105,2.3273492253671743e-30
89,106,1.1341340250942367e-30
89,107,2.276706493249119e-30
89,108,3.3256358340648075e-30
89,109,7.46737129221019e-16
89,110,2.5450083922860743e-30
89,111,8.479161116063795e-16
89,112,1.5661616763632951e-30
89,113,2.899649647541017e-30
89,114,3.283692024556647e-30
89,115,2.8452493531679882e-30
89,116,1.735228911724742e-30
89,117,5.1051494301082075e-16
89,118,2.5403981448475703e-15
89,119,2.0414357034952702e-30
89,120,2.0580792059018594e-30
89,121,2.237726045655906e-16
89,122,3.4333942232751165e-16
89,123,1.5700940730207982e-16
89,124,3.733985758817826e-30
89,125,2.9232284569102382e-30
89,126,1.3011575564144007e-30
89,127,2.7837929038498476e-16
89,128,9.154593955170692e-31
89,129,5.744665852359699e-16
89,130,1.0558594571837432e-30
89,131,2.4098228873644787e-30
89,132,6.622777417313265e-31
89,133,2.54036832923709e-30
89,134,1.760893872108864e-16
89,135,8.774581261181311e-31
89,136,1.7388818282700995e-16
89,137,4.482441759601988e-16
89,138,1.2374061642370315e-15
89,139,2.6227005422910084e-30
89,140,1.4161236530319049e-30
89,141,1.0454703915561631e-30
89,142,2.1747989890592548e-30
89,143,4.862663584075995e-31
89,144,2.3688691388252407e-30
89,145,5.1996916131583365e-31
89,146,4.792795552165344e-31
89,147,3.607544757670484e-30
89,148,7.13222438475508e-16
89,149,4.4147966935192423e-16
90,91,1.5517174764406294e-30
90,92,3.425452989923991e-16
90,93,9.855206888891772e-31
90,94,1.1695099421832118e-16
90,95,1.0166829554474598e-30
90,96,5.420011280285391e-31
90,97,1.1393202448152467e-30
90,98,1.564191312244433e-30
90,99,1.6897310858696061e-16
90,100,7.5607834743692996e-31
90,101,8.889926766555115e-31
90,102,4.287625389704972e-31
90,103,9.598972816135323e-31
90,104,1.992435348515746e-30
90,105,1.517014903368783e-30
90,106,1.6196638077375867e-30
90,107,6.629399274723142e-31
90,108,1.1874959974475543e-30
90,109,2.649775985640882e-30
90,110,4.0396637217076295e-31
90,111,1.2320747938702576e-30
90,112,2.017435059904269e-30
90,113,7.653636744800796e-31
90,114,7.186729044898464e-31
90,115,1.573348412233116e-30
90,116,1.5305402923140243e-30
90,117,5.194446892679257e-16
90,118,4.2548491720905904e-16
90,119,7.514625023477249e-31
90,120,8.630406496509457e-31
90,121,1.8696240595008126e-30
90,122,2.1405144203442276e-30
90,123,1.8205667491298234e-30
90,124,7.102693569305034e-31
90,125,4.922934659398505e-31
90,126,1.0665180774279996e-30
90,127,2.047150628919918e-30
90,128,1.2583554486276432e-30
90,129,1.5803750147961673e-30
90,130,7.6257064392437285e-31
90,131,2.259835069186268e-30
90,132,1.3324833597184405e-30
90,133,2.4583424798054428e-30
90,134,1.0058546006144715e-30
90,135,3.2462185821497e-31
90,136,1.2932158271085432e-30
90,137,1.2821264104054503e-30
90,138,2.764174801406276e-30
90,139,3.023343980960619e-30
90,140,6.427509381819202e-31
90,141,7.490120625364147e-31
90,142,4.331888606208915e-30
90,143,9.064984710018044e-31
90,144,2.1450233744174445e-30
90,145,1.6284185630377542e-31
90,146,6.7297118444164374e-31
90,147,1.833622914458312e-30
90,148,1.720207543387606e-30
90,149,1.4209388088203685e-30
91,92,3.177528557456264e-16
91,93,7.774180521642437e-31
91,94,1.980054943957882e-30
91,95,1.5396166499915953e-30
91,96,3.9152953236996865e-31
91,97,2.0431675090604005e-30
91,98,1.5082970313572625e-30
91,99,9.210927799238748e-31
91,100,7.06650695521736e-31
91,101,6.68921911491741e-31
91,102,3.5100135281983986e-31
91,103,1.3411056250923203e-30
91,104,2.859986311739002e-30
91,105,1.126176205408408e-30
91,106,1.2424124579032428e-30
91,107,9.206713232787615e-31
91,108,1.8572378434741113e-30
91,109,1.985746918701231e-30
91,110,1.1463797646984791e-30
91,111,1.0825553775860641e-30
91,112,1.5041032596432942e-30
91,113,1.334700155344178e-30
91,114,1.5015259914933288e-30
91,115,1.179941570200851e-30
91,116,1.2093641939025571e-30
91,117,5.837750454235954e-16
91,118,1.1928554507161087e-15
91,119,8.327477806342743e-31
91,120,8.537464246707556e-31
91,121,1.72788043089475e-30
91,122,1.7515533014992125e-30
91,123,2.5097993801025897e-30
91,124,1.621629197832491e-30
91,125,1.3576147681109909e-30
91,126,8.289586198138728e-31
91,127,1.339232380073187e-30
91,128,9.873440295813445e-31
91,129,1.66363926878139e-30
91,130,4.630858376088235e-31
91,131,1.5769456252842379e-30
91,132,1.0680243689638143e-30
91,133,1.795912529014261e-30
91,134,1.2754893224270479e-30
91,135,4.499195874492591e-31
91,136,1.82176696440502e-30
91,137,1.1885677799291684e-30
91,138,2.378474102198183e-30
91,139,2.3733374642089542e-30
91,140,5.869281474075299e-31
91,141,8.291082550946142e-31
91,142,3.224048345964725e-30
91,143,7.428936125124304e-31
91,144,1.5214516802574981e-30
91,145,2.3608452169971843e-31
91,146,7.3516453443572915e-31
91,147,2.0633173344083262e-30
91,148,3.9284972408586985e-30
91,149,1.3232944214300222e-30
92,93,5.631736416542586e-16
92,94,4.631939073484647e-16
92,95,2.9966061412380293e-16
92,96,3.442863198275607e-30
92,97,6.361578028074846e-16
92,98,6.1380782446198405e-16
92,99,4.393065188336635e-16
92,100,3.557536798630247e-16
92,101,4.087841794630486e-30
92,102,1.855214260052758e-30
92,103,3.3003541539848537e-16
92,104,2.482534153247271e-16
92,105,2.149937642474639e-16
92,106,7.850481459563208e-16
92,107,5.155369359468229e-16
92,108,9.097963195037148e-16
92,109,6.290433368464057e-16
92,110,4.527989187877475e-30
92,111,5.440425815424737e-16
92,112,3.3879997739887617e-16
92,113,2.3714374201337755e-16
92,114,1.3877787807814403e-16
92,115,2.487378126932836e-16
92,116,1.5027151625620937e-16
92,117,9.437610900149162e-16
92,118,3.973973828552312e-15
92,119,5.8574816233106306e-30
92,120,6.035220864833045e-30
92,121,7.250035201657131e-16
92,122,8.756213284637139e-16
92,123,2.9293722208794895e-16
92,124,1.2412670766236385e-16
92,125,2.4127004076160075e-16
92,126,1.0088874940292676e-15
92,127,3.118753485593471e-16
92,128,5.9688748295902754e-30
92,129,3.853429624532641e-16
92,130,3.44437635246577e-16
92,131,1.2113836112559184e-29
92,132,5.1539406987757985e-30
92,133,4.926614671774102e-16
92,134,3.6381250037349293e-16
92,135,1.7065462649250042e-30
92,136,5.552226319135583e-16
92,137,8.07712659839228e-16
92,138,4.991438966402291e-16
92,139,4.731694791879721e-16
92,140,4.544712727031586e-30
92,141,2.355302709097032e-30
92,142,4.586498644671062e-16
92,143,3.946019181359291e-30
92,144,1.2824873743249772e-29
92,145,1.251402753318991e-30
92,146,3.9592973255722304e-16
92,147,7.305395108878379e-16
92,148,4.1915743960560397e-16
92,149,5.525250856836108e-16
93,94,7.495956330988594e-31
93,95,4.0563068366434e-31
93,96,3.2599782837856315e-31
93,97,9.033093961674604e-31
93,98,6.481247417341307e-31
93,99,1.0087060669115417e-30
93,100,6.613927087598338e-31
93,101,4.246852115776849e-31
93,102,2.183385018619193e-31
93,103,6.546121298179581e-31
93,104,9.94313005361773e-31
93,105,7.4755837214960935e-31
93,106,7.011308322830713e-31
93,107,6.119488436534804e-31
93,108,7.651850240646784e-31
93,109,1.5993228807087104e-30
93,110,5.100670786205672e-31
93,111,7.801644079759469e-31
93,112,9.596120304456976e-31
93,113,6.147509009473005e-31
93,114,7.362527062234978e-31
93,115,1.1609042302221055e-30
93,116,9.379279996892408e-31
93,117,3.442278893820551e-16
93,118,4.794494508545918e-16
93,119,5.091429197935254e-31
93,120,5.61116392174871e-31
93,121,9.036345552605763e-31
93,122,1.0426045266780691e-30
93,123,1.032988976483863e-30
93,124,8.392199834333019e-31
93,125,5.563787667666407e-31
93,126,5.581347325152935e-31
93,127,1.1425306305671827e-30
93,128,5.904532843185712e-31
93,129,1.0120633769810462e-30
93,130,4.688188568027618e-31
93,131,1.2233324438444281e-30
93,132,5.949646977015365e-31
93,133,1.4896314405609667e-30
93,134,6.854593926981943e-31
93,135,1.7738914199330026e-31
93,136,8.058109430524632e-31
93,137,8.674219396597614e-31
93,138,1.6661836660938424e-30
93,139,1.4975804797314798e-30
93,140,4.28979640595559e-31
93,141,2.845757155857516e-31
93,142,2.2869526122786105e-30
93,143,4.030974892739901e-31
93,144,1.2234844428223127e-30
93,145,1.0662269904525549e-31
93,146,2.718739950959755e-31
93,147,8.122249706700379e-31
93,148,1.3539659471513721e-30
93,149,8.378348977169561e-31
94,95,1.4177526834070655e-30
94,96,4.784991952505797e-31
94,97,2.1336931659101634e-30
94,98,1.647432221293467e-30
94,99,1.0620298784909232e-30
94,100,7.258740673778171e-31
94,101,7.795940853911867e-31
94,102,3.953770615513937e-31
94,103,1.0857042342835422e-30
94,104,2.1136605387855302e-30
94,105,1.2981504608513368e-30
94,106,1.4634182977585088e-30
94,107,1.0112395303261552e-30
94,108,1.9020118897172565e-30
94,109,2.323229260996581e-30
94,110,1.2415211668533578e-30
94,111,1.7110568715027451e-16
94,112,1.8149614255605884e-30
94,113,1.4420268310863211e-30
94,114,1.5528536498909377e-30
94,115,1.3152768205097967e-30
94,116,1.1938577756254734e-30
94,117,5.769722618006293e-16
94,118,1.2856442845988671e-15
94,119,9.804628152365808e-31
94,120,9.516913530025602e-31
94,121,1.8300982334260727e-30
94,122,2.0422934091715163e-30
94,123,2.6325660809684374e-30
94,124,1.7591147130735823e-30
94,125,1.467440804531382e-30
94,126,9.77196870562354e-31
94,127,1.6484510759186267e-30
94,128,1.1411230761552826e-30
94,129,2.3120682506715513e-16
94,130,5.03776926122835e-31
94,131,1.8733316010215587e-30
94,132,1.2245257481634505e-30
94,133,2.1006941795182908e-30
94,134,1.3142842698530785e-30
94,135,5.795315828044259e-31
94,136,1.3019674641152047e-16
94,137,1.4686870114880507e-16
94,138,1.1107651262281325e-16
94,139,2.652359117134925e-30
94,140,6.328660565978723e-31
94,141,9.052729042988037e-31
94,142,3.62320165883774e-30
94,143,8.503293109993119e-31
94,144,1.8536203546389353e-30
94,145,2.596808885163822e-31
94,146,7.829201303558812e-31
94,147,2.2084496221418266e-30
94,148,4.219651709128275e-30
94,149,2.577921802976343e-16
95,96,1.551705786329799e-31
95,97,1.4873147642794706e-30
95,98,1.14018259456835e-30
95,99,6.794198653280625e-31
95,100,4.9586500873181615e-31
95,101,4.112796039982657e-31
95,102,2.837128145134403e-31
95,103,1.168722056891173e-30
95,104,1.9563779331880252e-30
95,105,1.0906888560399569e-30
95,106,7.367530116098128e-31
95,107,5.227379806855637e-31
95,108,1.2958170538039999e-30
95,109,8.610220968696817e-31
95,110,8.179936036905533e-31
95,111,9.372978934415357e-31
95,112,9.836511920717075e-31
95,113,9.41263441173719e-31
95,114,9.837409168108372e-31
95,115,5.198898026233864e-31
95,116,6.434122625467153e-31
95,117,5.795534335168193e-16
95,118,8.657782246947021e-16
95,119,6.614034008814105e-31
95,120,6.400945436017255e-31
95,121,1.2369436125356265e-30
95,122,1.390986196477143e-30
95,123,1.858923860597963e-30
95,124,1.1270460269675295e-30
95,125,9.732563234094698e-31
95,126,7.108697381910065e-31
95,127,8.34519329554751e-31
95,128,6.232285102983004e-31
95,129,1.1870508973872507e-30
95,130,3.2390185632942228e-31
95,131,9.335501981487759e-31
95,132,7.396863505459591e-31
95,133,8.068783423385277e-31
95,134,9.891041355500683e-31
95,135,5.344357624601434e-31
95,136,1.3698701241672965e-30
95,137,7.484484010454829e-31
95,138,1.2346705822526225e-30
95,139,1.6847327107875574e-30
95,140,3.5306324977186805e-31
95,141,6.0720294858416625e-31
95,142,2.0794940884754698e-30
95,143,4.79481772133349e-31
95,144,6.470030915806544e-31
95,145,1.8179266517073186e-31
95,146,3.96895688111158e-31
95,147,1.495907295608031e-30
95,148,2.8979277392300472e-30
95,149,1.0571879171740512e-30
96,97,3.9023994066650548e-31
96,98,3.752375815832634e-31
96,99,4.314620582675279e-31
96,100,2.5947262260456666e-31
96,101,2.445557308548975e-31
96,102,1.1327539530856294e-31
96,103,3.8109050948730454e-31
96,104,4.814479887431721e-31
96,105,4.758740277474861e-31
96,106,4.710400753827094e-31
96,107,3.33190032253804e-31
96,108,3.3246609483196297e-31
96,109,9.325124941616606e-31
96,110,2.5447281814085903e-31
96,111,3.937220518639912e-31
96,112,5.98011117671646e-31
96,113,3.4365851817269233e-31
96,114,3.8781753915811657e-31
96,115,5.976331509196538e-31
96,116,4.740803784925418e-31
96,117,6.340392439749806e-31
96,118,2.2204460492503185e-16
96,119,3.223048998780285e-31
96,120,3.3917507947594154e-31
96,121,5.598304801012301e-31
96,122,6.773071386458515e-31
96,123,5.154056191267732e-31
96,124,4.329275682231464e-31
96,125,2.8319812598551113e-31
96,126,2.9047568638099907e-31
96,127,6.478623395564649e-31
96,128,3.5227037791796233e-31
96,129,5.886789737565022e-31
96,130,2.400419486675993e-31
96,131,7.107545064542733e-31
96,132,3.1970557847386363e-31
96,133,8.115476433401456e-31
96,134,3.443029301401854e-31
96,135,6.972611193684201e-32
96,136,4.036080280484257e-31
96,137,4.614969595284559e-31
96,138,1.02159413140057e-30
96,139,8.07255510733532e-31
96,140,2.5638173549757965e-31
96,141,1.4791141972893971e-31
96,142,1.1528525021429612e-30
96,143,2.3634996887656595e-31
96,144,7.392449556948317e-31
96,145,6.765314799491205e-32
96,146,1.9161903277260896e-31
96,147,5.270567349743113e-31
96,148,5.522886521076872e-31
96,149,3.695428741056296e-31
97,98,1.6418958984724127e-30
97,99,1.4156874119585752e-16
97,100,7.8972186620804e-31
97,101,4.870554336262918e-31
97,102,3.8296845595598054e-31
97,103,1.4194606044307713e-30
97,104,1.2705760693418766e-30
97,105,1.287118732009845e-30
97,106,9.500170327998739e-31
97,107,1.3299039245863052e-30
97,108,2.331576389677991e-30
97,109,1.773125683056958e-30
97,110,1.5698812311993378e-30
97,111,1.3845034991027695e-30
97,112,1.1233143341796344e-30
97,113,1.7802212146516267e-30
97,114,2.0542519866387596e-30
97,115,1.642028861760596e-30
97,116,9.874494585222104e-31
97,117,4.300575077497614e-16
97,118,1.6036803145382478e-15
97,119,1.142914117089827e-30
97,120,1.1893719329511162e-30
97,121,1.769004525790371e-30
97,122,1.9661130396330885e-30
97,123,3.0906245779352334e-30
97,124,2.2578086977204053e-30
97,125,1.8136035218583052e-30
97,126,9.925611576288e-31
97,127,1.3265874937554455e-30
97,128,7.4213749870906e-31
97,129,2.192089755487536e-30
97,130,6.254126465116614e-31
97,131,1.3189289884726015e-30
97,132,8.534342583857042e-31
97,133,1.4604144009943214e-30
97,134,1.5846727139631105e-30
97,135,4.794205682036624e-31
97,136,1.440774088536023e-30
97,137,1.626418683378998e-30
97,138,2.3043636232724615e-30
97,139,1.9486347744346396e-30
97,140,8.329400582147336e-31
97,141,8.494854111495329e-31
97,142,2.385532026241966e-30
97,143,5.724263876505691e-31
97,144,1.3075065285736809e-30
97,145,3.1531671335220737e-31
97,146,5.494881212367246e-31
97,147,2.3858494984406697e-30
97,148,5.023560797049433e-30
97,149,1.56771470995796e-30
98,99,1.0377242601929226e-30
98,100,4.5520407258928725e-31
98,101,6.912416590388834e-31
98,102,3.532566983056611e-31
98,103,7.336248172960641e-31
98,104,1.4742019605552543e-30
98,105,1.2040590548752253e-30
98,106,1.4708008893574109e-30
98,107,6.461591396928951e-31
98,108,1.6172070247933214e-30
98,109,1.839923096680239e-30
98,110,7.924828631328445e-31
98,111,1.0614555665736133e-30
98,112,1.5846159280270444e-30
98,113,9.134060860346665e-31
98,114,1.0541263554272371e-30
98,115,1.0687271197968891e-30
98,116,1.0718743376487917e-30
98,117,2.6278627355407053e-16
98,118,8.427989362118668e-16
98,119,5.731103858126079e-31
98,120,6.525165551150223e-31
98,121,1.7127066705050708e-30
98,122,1.9365065269099767e-30
98,123,2.0207533677561737e-30
98,124,1.0940166330280285e-30
98,125,9.185773513523292e-31
98,126,1.1764739059778925e-30
98,127,1.4004214211570378e-30
98,128,9.933798215689148e-31
98,129,1.4234509512182143e-30
98,130,5.713166945037628e-31
98,131,1.658146929892425e-30
98,132,1.0994747670555194e-30
98,133,1.6758897520258576e-30
98,134,1.0014118271078792e-30
98,135,2.897252119511067e-31
98,136,1.0155062726514672e-30
98,137,9.268823541112549e-31
98,138,2.102131560910637e-30
98,139,2.4102754425628518e-30
98,140,4.501866701404687e-31
98,141,7.441281054371602e-31
98,142,3.333819641826936e-30
98,143,7.392973694407769e-31
98,144,1.5021629534896133e-30
98,145,1.7693173852833202e-31
98,146,6.771554159619175e-31
98,147,1.77828051394488e-30
98,148,2.858046925212753e-30
98,149,1.2305323746292019e-30
99,100,5.7873951581941645e-31
99,101,6.538652142830365e-31
99,102,3.433726971991709e-31
99,103,8.510966475899242e-31
99,104,1.284573256768949e-30
99,105,1.1620477331114489e-30
99,106,1.0283043590782052e-30
99,107,6.349608085501639e-31
99,108,8.332596909237429e-31
99,109,2.103442383449375e-30
99,110,3.4536877894163377e-31
99,111,5.101414442922024e-16
99,112,1.4724204663551582e-30
99,113,6.302429142245593e-31
99,114,6.414026649571254e-31
99,115,1.4215761109978367e-30
99,116,1.2684492505191522e-30
99,117,7.498180439381569e-16
99,118,2.8381687744740735e-16
99,119,5.904159028914351e-31
99,120,6.821252795652113e-31
99,121,1.2948906565186044e-30
99,122,5.362738934347477e-16
99,123,1.3331704795842193e-30
99,124,7.39169229324116e-31
99,125,3.5557104911386803e-31
99,126,6.296360690859426e-31
99,127,1.6477961794222393e-30
99,128,8.981535286712197e-31
99,129,6.930563586096529e-16
99,130,6.91984620179596e-31
99,131,1.7523335384578985e-30
99,132,9.733183146427634e-31
99,133,1.9662514008456213e-30
99,134,6.090436004850979e-16
99,135,4.353674837964368e-31
99,136,1.0644489981561934e-15
99,137,1.269695700996621e-15
99,138,6.716779031248719e-16
99,139,2.303139904024296e-30
99,140,5.090759558712868e-31
99,141,4.657477757971971e-31
99,142,3.467905622952603e-30
99,143,6.311111618792896e-31
99,144,1.676229424455715e-30
99,145,1.1322676197307886e-31
99,146,3.4584662112192347e-31
99,147,1.2254763469541019e-30
99,148,9.922015776160325e-31
99,149,2.023315308605686e-16
100,101,2.777639276368246e-31
100,102,1.2801155180353349e-31
100,103,5.533451534431595e-31
100,104,5.347289469099717e-31
100,105,8.858296916212876e-31
100,106,4.452675006565169e-31
100,107,4.21582720803423e-31
100,108,7.156761959625366e-31
100,109,1.2646806957315e-30
100,110,4.921751832022408e-31
100,111,6.632383210454139e-31
100,112,7.698896254913821e-31
100,113,5.307506733988627e-31
100,114,7.505842854138603e-31
100,115,1.0021155751513575e-30
100,116,6.641987834286257e-31
100,117,4.34443476818273e-16
100,118,4.659799528776891e-16
100,119,5.321822105494793e-31
100,120,5.094587571202825e-31
100,121,8.720646877403748e-31
100,122,1.323085586556567e-30
100,123,1.0490035929074248e-30
100,124,7.455435349406566e-31
100,125,6.1224336854865676e-31
100,126,6.058907980405879e-31
100,127,8.330149979309555e-31
100,128,4.139182089799816e-31
100,129,9.28548588000485e-31
100,130,2.6537174556087897e-31
100,131,8.569257476724331e-31
100,132,3.474531835331104e-31
100,133,1.336253812177556e-30
100,134,8.550273023628696e-31
100,135,3.4749850042149087e-31
100,136,5.7302523096621545e-31
100,137,7.977873392139188e-31
100,138,1.4255278150059608e-30
100,139,8.50512026981374e-31
100,140,3.6600662601254605e-31
100,141,1.6803585021190438e-31
100,142,1.2343978700268873e-30
100,143,2.688033190252172e-31
100,144,9.417704897686852e-31
100,145,1.2151674401199872e-31
100,146,4.0333522034008885e-31
100,147,7.322905607175865e-31
100,148,1.2538469197556184e-30
100,149,6.868064693029969e-31
101,102,1.8435285575863036e-31
101,103,4.4406264387165e-31
101,104,8.245504867210358e-31
101,105,6.576895789794583e-31
101,106,7.298226909450011e-31
101,107,2.802558652433276e-31
101,108,5.267688444656433e-31
101,109,1.1881311359647547e-30
101,110,1.3528467437761335e-31
101,111,5.340569182378179e-31
101,112,9.273025300924672e-31
101,113,3.426395298092428e-31
101,114,3.3516650295727726e-31
101,115,6.904473123554242e-31
101,116,6.573482403595798e-31
101,117,1.3877787807814447e-16
101,118,1.415262216750917e-16
101,119,3.428814448510419e-31
101,120,3.901133121896166e-31
101,121,8.554036175134416e-31
101,122,1.0081392167558819e-30
101,123,7.925445282591887e-31
101,124,2.914924294328854e-31
101,125,1.6206069734677958e-31
101,126,4.460078540927595e-31
101,127,8.972393601981882e-31
101,128,5.643416687894466e-31
101,129,7.2847033789176915e-31
101,130,3.1866467726195486e-31
101,131,1.0083450593702891e-30
101,132,5.859128689460746e-31
101,133,1.1013891016947703e-30
101,134,4.487294102280385e-31
101,135,8.092367023752983e-32
101,136,5.5529389336144555e-31
101,137,5.425784649812659e-31
101,138,1.3113889247530889e-30
101,139,1.3167750773641725e-30
101,140,2.954881744783809e-31
101,141,3.2917174423733156e-31
101,142,1.9024038822016713e-30
101,143,4.05501171427743e-31
101,144,9.675748517938243e-31
101,145,7.550149320850659e-32
101,146,3.1926063180910804e-31
101,147,8.22981636690377e-31
101,148,6.515743537470559e-31
101,149,5.941038870758869e-31
102,103,2.201614994686603e-31
102,104,3.7760998944953693e-31
102,105,3.2611246282784053e-31
102,106,3.350450142386164e-31
102,107,2.113215363357596e-31
102,108,3.4051470891575023e-31
102,109,5.4727645089610515e-31
102,110,2.2255370695851326e-31
102,111,2.778940587319602e-31
102,112,4.116557548945921e-31
102,113,2.5353009083168178e-31
102,114,2.8904869216472455e-31
102,115,3.582070408272305e-31
102,116,3.244283356502547e-31
102,117,1.1102230246251563e-16
102,118,2.2887833992611177e-16
102,119,1.6743214932682308e-31
102,120,1.826520078378527e-31
102,121,3.8551636507699453e-31
102,122,4.540898043646094e-31
102,123,4.822034978827738e-31
102,124,3.228031904106307e-31
102,125,2.6199936800924e-31
102,126,2.195516814922474e-31
102,127,4.145788755522768e-31
102,128,2.5773650107039208e-31
102,129,3.2809439800190925e-31
102,130,1.7676577407277022e-31
102,131,4.662837347553083e-31
102,132,2.8862839054708264e-31
102,133,4.92125026191053e-31
102,134,2.415162667870485e-31
102,135,9.44501356280875e-32
102,136,2.5967096802193263e-31
102,137,2.61740277612882e-31
102,138,5.5563294358671044e-31
102,139,6.458349136787495e-31
102,140,1.4003990976009674e-31
102,141,1.7954494007400771e-31
102,142,9.350464219779605e-31
102,143,1.8850107428040598e-31
102,144,4.409552632919743e-31
102,145,4.5677668755843463e-32
102,146,1.239698384581812e-31
102,147,4.178366737459905e-31
102,148,7.465619672561112e-31
102,149,3.2504165189807065e-31
103,104,1.724625663025561e-30
103,105,1.0353652996872328e-30
103,106,9.065531131015175e-31
103,107,8.9001970926936e-31
103,108,1.2729896068913677e-30
103,109,1.767342977253985e-30
103,110,8.883624741860308e-31
103,111,8.452043113936921e-31
103,112,1.3236181849123674e-30
103,113,1.0427660655943289e-30
103,114,1.180607341201973e-30
103,115,1.255541593892251e-30
103,116,8.971373606124609e-31
103,117,8.311110004463665e-16
103,118,8.774354910469212e-16
103,119,7.686370287132189e-31
103,120,7.743851533333128e-31
103,121,1.5854424974038723e-30
103,122,1.748993751028246e-30
103,123,1.664317668887527e-30
103,124,1.3408474845222204e-30
103,125,1.040142800615618e-30
103,126,6.100421527775189e-31
103,127,1.2187417278775062e-30
103,128,6.438636196247543e-31
103,129,1.3183613784535025e-30
103,130,5.6635316314654506e-31
103,131,1.3065206055553997e-30
103,132,6.193015876793541e-31
103,133,1.484536504410051e-30
103,134,9.486437967693412e-31
103,135,4.970838476070193e-31
103,136,1.3259497889299319e-30
103,137,1.0434400973097937e-30
103,138,1.9897234409816366e-30
103,139,1.5731004815467364e-30
103,140,5.614824554617035e-31
103,141,4.272493047935745e-31
103,142,2.0903388886540856e-30
103,143,4.471422611139732e-31
103,144,1.3843510237512467e-30
103,145,1.8189428916006319e-31
103,146,4.851103389099845e-31
103,147,1.381053116213449e-30
103,148,2.635686328671141e-30
103,149,1.0836863834636517e-30
104,105,1.475047600704058e-30
104,106,1.5050764913394602e-30
104,107,4.519906634997632e-31
104,108,1.391164507839724e-30
104,109,2.5052523074988906e-30
104,110,2.704593526216111e-31
104,111,1.1527509854409914e-30
104,112,1.814025619001526e-30
104,113,7.265672303429396e-31
104,114,9.142822517817276e-31
104,115,1.2928003417299536e-30
104,116,1.5813406161101653e-30
104,117,5.688438397723039e-16
104,118,3.2368285245694515e-16
104,119,6.914991879567311e-31
104,120,7.886992099117957e-31
104,121,2.043719895905269e-30
104,122,1.701001247977831e-30
104,123,2.2392212595842436e-30
104,124,4.779023489597328e-31
104,125,4.131420386374911e-31
104,126,9.866732188453438e-31
104,127,1.777258687958574e-30
104,128,1.1888339753519694e-30
104,129,1.661182303787741e-30
104,130,5.757560416201839e-31
104,131,2.0396351151271292e-30
104,132,1.236437476921284e-30
104,133,2.225934270991343e-30
104,134,1.1302952591182608e-30
104,135,3.43323331294281e-31
104,136,2.3047767830468322e-30
104,137,1.3969946810900813e-30
104,138,2.9358026715872465e-30
104,139,3.046565466900537e-30
104,140,6.207125897735466e-31
104,141,7.389060736624333e-31
104,142,4.109127721048117e-30
104,143,8.641881072659097e-31
104,144,1.9308154105453003e-30
104,145,1.6925756460712572e-31
104,146,7.83430509872355e-31
104,147,1.7596198915083626e-30
104,148,1.789172752995225e-30
104,149,1.3524858747174476e-30
105,106,1.30282888034536e-30
105,107,8.41580462697011e-31
105,108,1.0424277018493913e-30
105,109,2.2574868976777507e-30
105,110,8.556568690591027e-31
105,111,1.0247971557549524e-30
105,112,1.5371855577345789e-30
105,113,9.618008598193487e-31
105,114,1.1190972712732696e-30
105,115,1.3764371622218481e-30
105,116,1.1916776579783297e-30
105,117,1.0270500623343003e-15
105,118,8.441528768080326e-16
105,119,8.854672141797583e-31
105,120,8.455772471900262e-31
105,121,1.4433549955728667e-30
105,122,1.6897314127775937e-30
105,123,1.5878827075311224e-30
105,124,1.2691995342740458e-30
105,125,9.861534624427184e-31
105,126,8.993811600502604e-31
105,127,1.5724050363329895e-30
105,128,9.330428265140753e-31
105,129,1.628548647638666e-30
105,130,6.590352738372425e-31
105,131,1.7604656677214086e-30
105,132,9.75687785787287e-31
105,133,1.9498274712002148e-30
105,134,1.2364707806969417e-30
105,135,7.445128662387568e-31
105,136,1.0132336059842705e-30
105,137,1.1429146826563058e-30
105,138,2.5978368050590103e-30
105,139,2.2782930586467815e-30
105,140,6.275329831113766e-31
105,141,5.6079693627868956e-31
105,142,3.253672329546451e-30
105,143,6.603323654362527e-31
105,144,1.8007306113557225e-30
105,145,2.048251055664471e-31
105,146,5.987677776499648e-31
105,147,1.359387231543472e-30
105,148,2.5440911329555352e-30
105,149,1.3271225276299811e-30
106,107,7.704174831409906e-31
106,108,1.2898738927263601e-30
106,109,2.3082832436368765e-30
106,110,3.4883620317957498e-31
106,111,1.1316091173061696e-30
106,112,1.7164667978245403e-30
106,113,6.750027655607199e-31
106,114,6.568523107115238e-31
106,115,1.2455924628901235e-30
106,116,1.2191753312603025e-30
106,117,4.3885418357208737e-16
106,118,3.2957919968262594e-16
106,119,6.709366359459794e-31
106,120,7.4919920187421315e-31
106,121,1.744378708024235e-30
106,122,2.0753867845930012e-30
106,123,1.4852209476509058e-30
106,124,6.665234471933439e-31
106,125,4.8481327705898545e-31
106,126,1.3686041961780707e-30
106,127,1.5321015397248965e-30
106,128,1.0418027733711751e-30
106,129,1.578940195809893e-30
106,130,7.426213030531682e-31
106,131,1.888445746085386e-30
106,132,1.0622754637209395e-30
106,133,1.9168890904122518e-30
106,134,8.830578571416196e-31
106,135,2.356299845439667e-31
106,136,9.781728071328852e-31
106,137,1.1097444189021715e-30
106,138,2.6127823738001375e-30
106,139,2.4820428663883195e-30
106,140,5.743159588141848e-31
106,141,5.862652607918195e-31
106,142,3.4540521827280354e-30
106,143,7.429869207043225e-31
106,144,1.8471116875363753e-30
106,145,1.4475104633705711e-31
106,146,7.527694571175114e-31
106,147,1.6768826751713984e-30
106,148,1.1923238785522839e-30
106,149,1.1050332556052775e-30
107,108,1.109084099464606e-30
107,109,1.5155499311101952e-30
107,110,8.514543290702699e-31
107,111,8.734768751754276e-31
107,112,7.6103078080090455e-31
107,113,1.0102269058989856e-30
107,114,1.1483915723097821e-30
107,115,1.1957654589732879e-30
107,116,8.037908558311602e-31
107,117,2.558937633260444e-16
107,118,8.270975252328755e-16
107,119,7.132082464310771e-31
107,120,7.471380351915757e-31
107,121,8.88649816542535e-31
107,122,1.1221653509177735e-30
107,123,1.5036731588886187e-30
107,124,1.3052523307690451e-30
107,125,9.646000916562866e-31
107,126,6.420900773477951e-31
107,127,1.0439171493107774e-30
107,128,4.358717481888342e-31
107,129,1.3028582924745925e-30
107,130,5.101705934352097e-31
107,131,1.1194270479955344e-30
107,132,2.833998781863292e-31
107,133,1.1410882004594231e-30
107,134,8.323110716515035e-31
107,135,1.9845073169369254e-31
107,136,8.410535727371685e-31
107,137,1.0324899949223552e-30
107,138,1.7300975797174353e-30
107,139,1.1987099075958966e-30
107,140,5.49440435921208e-31
107,141,2.7298808901249185e-31
107,142,1.380448334165642e-30
107,143,2.440087815334018e-31
107,144,1.1423233035616178e-30
107,145,1.7094377618766202e-31
107,146,2.8294301828391174e-31
107,147,1.242351588019627e-30
107,148,2.4022228783927864e-30
107,149,8.493506618881071e-31
108,109,1.5699392460826193e-30
108,110,1.3124224420097336e-30
108,111,1.2083064322997924e-30
108,112,1.3339964402400017e-30
108,113,1.5050434698465834e-30
108,114,1.7860926331708496e-30
108,115,1.4123746082280201e-30
108,116,8.97053086997519e-31
108,117,6.887884435673077e-16
108,118,1.3537824685454628e-15
108,119,8.936905356734634e-31
108,120,9.675660083205983e-31
108,121,1.727821111036173e-30
108,122,1.9075298766744973e-30
108,123,2.7345456855838447e-30
108,124,1.888381901008729e-30
108,125,1.5491086298900618e-30
108,126,1.217508069276261e-30
108,127,1.0681010403110533e-30
108,128,7.922795391968083e-31
108,129,2.0148645330004292e-30
108,130,6.342433571374906e-31
108,131,1.2201441861277343e-30
108,132,8.899715076660893e-31
108,133,1.3082756257843484e-30
108,134,1.3792354039940715e-30
108,135,3.960851793520707e-31
108,136,1.2347679726790547e-30
108,137,1.452930798791306e-30
108,138,1.8246896130355833e-30
108,139,1.9613447200498337e-30
108,140,7.211199824274396e-31
108,141,8.016790094602989e-31
108,142,2.4016888643301653e-30
108,143,6.081544980661659e-31
108,144,1.2049780793619494e-30
108,145,2.612694669389302e-31
108,146,6.925387681778854e-31
108,147,2.140694628652429e-30
108,148,4.358403978540875e-30
108,149,1.4802204526343054e-30
109,110,1.120675695478068e-30
109,111,1.8615948779381783e-30
109,112,2.8740242733841104e-30
109,113,1.557409700445544e-30
109,114,1.752567319858078e-30
109,115,2.8184165522242946e-30
109,116,2.2887664524276083e-30
109,117,4.552252871008667e-16
109,118,9.625073773737403e-16
109,119,1.4939599241703878e-30
109,120,1.5796324940635832e-30
109,121,2.670403307346323e-30
109,122,3.271567616176943e-30
109,123,2.4304713933858782e-30
109,124,1.940663474971365e-30
109,125,1.2518920280379982e-30
109,126,1.443457767242315e-30
109,127,3.0910074312296595e-30
109,128,1.7070735862574213e-30
109,129,2.759706825556599e-30
109,130,1.1458356336051302e-30
109,131,3.398824641451373e-30
109,132,1.5767769438575722e-30
109,133,3.895535012751418e-30
109,134,1.6219846742493996e-30
109,135,3.8969911204342913e-31
109,136,1.928238602734026e-30
109,137,2.168383819947195e-30
109,138,4.837165905972393e-30
109,139,3.924359553551102e-30
109,140,1.1984550616732247e-30
109,141,7.4149624983489115e-31
109,142,5.6230129769844886e-30
109,143,1.1551406593170352e-30
109,144,3.515385422095401e-30
109,145,3.1213966798670705e-31
109,146,9.650919223805184e-31
109,147,2.5007798326464484e-30
109,148,2.356902006213699e-30
109,149,1.7662654643682328e-30
110,111,8.311088507026864e-31
110,112,5.507753218906995e-31
110,113,1.113777793974138e-30
110,114,1.2654943425277338e-30
110,115,1.043302549682677e-30
110,116,6.230154262511617e-31
110,117,2.531700634888605e-30
110,118,9.871780750502624e-16
110,119,7.6399955003268125e-31
110,120,7.762172693727006e-31
110,121,9.58846914414177e-31
110,122,1.1871878482417558e-30
110,123,1.813126665041267e-30
110,124,1.4327697748564163e-30
110,125,1.1426872430440022e-30
110,126,4.769241348697003e-31
110,127,8.444861991174696e-31
110,128,3.418137629877166e-31
110,129,1.3582762645999572e-30
110,130,3.8982327163703414e-31
110,131,8.574729994245067e-31
110,132,2.0813619994729076e-31
110,133,8.04869387172973e-31
110,134,9.607621555004157e-31
110,135,3.099921702028765e-31
110,136,8.717166124603606e-31
110,137,1.0000076894604477e-30
110,138,1.554655436207721e-30
110,139,1.0208704898292203e-30
110,140,5.322291258780117e-31
110,141,4.223269730829243e-31
110,142,5.0978204804723216e-31
110,143,1.9715853397466887e-31
110,144,7.568420645675017e-31
110,145,1.992777820628355e-31
110,146,1.775492169364997e-31
110,147,1.416140400717439e-30
110,148,3.0044733186644753e-30
110,149,8.704674593141883e-31
111,112,1.2589809166379354e-30
111,113,9.732054915348493e-31
111,114,1.1363410530604803e-30
111,115,1.3300471644441516e-30
111,116,1.0776506447479047e-30
111,117,6.002143226879749e-16
111,118,8.245412765267641e-16
111,119,6.865755205636212e-31
111,120,7.278543051620143e-31
111,121,1.1449919244123983e-30
111,122,1.5210583874724443e-30
111,123,1.477109808116676e-30
111,124,1.254608405780233e-30
111,125,9.08216154581457e-31
111,126,8.987797031374247e-31
111,127,1.3459571913320917e-30
111,128,7.360908324536632e-31
111,129,1.5022714770867337e-30
111,130,6.381351778060142e-31
111,131,1.482720029134423e-30
111,132,8.03120174187145e-31
111,133,1.5833004792533158e-30
111,134,7.898439512374667e-31
111,135,3.9378260805581576e-31
111,136,1.0530772011643831e-30
111,137,1.1114871368271144e-30
111,138,2.0056824663029878e-30
111,139,1.905962228550273e-30
111,140,5.510082087146184e-31
111,141,4.747825680740736e-31
111,142,2.7627231721704194e-30
111,143,5.210847120237461e-31
111,144,1.471415914139017e-30
111,145,1.6678949674615718e-31
111,146,4.199036998962582e-31
111,147,1.1295350816445376e-30
111,148,2.504486823626783e-30
111,149,1.0638120384754147e-30
112,113,8.225440947321824e-31
112,114,8.99550085737393e-31
112,115,1.666136142094092e-30
112,116,1.4705580118928593e-30
112,117,4.263892432392672e-16
112,118,5.46721434890657e-16
112,119,8.682553370284393e-31
112,120,9.54667851620302e-31
112,121,2.146231284170099e-30
112,122,2.623625354816236e-30
112,123,1.7639101330519985e-30
112,124,9.035133148873437e-31
112,125,6.3690078171335605e-31
112,126,1.0273095439775782e-30
112,127,2.1748075262982073e-30
112,128,1.333100708363957e-30
112,129,1.8018230298060007e-30
112,130,7.0456790502808785e-31
112,131,2.3789006649851928e-30
112,132,1.350061694830527e-30
112,133,2.6633050942398553e-30
112,134,1.0681519958303522e-30
112,135,2.6288231198119504e-31
112,136,1.289435345201095e-30
112,137,1.3428395050345817e-30
112,138,3.246483018069204e-30
112,139,3.0199108131774713e-30
112,140,7.435278261914252e-31
112,141,7.723351507198355e-31
112,142,4.297122989026369e-30
112,143,9.542662697572238e-31
112,144,2.345924388442186e-30
112,145,1.9083305728062465e-31
112,146,8.044630399517997e-31
112,147,1.954860320408957e-30
112,148,1.937507947268059e-30
112,149,1.3865222317888929e-30
113,114,1.445225089216529e-30
113,115,1.263879123065693e-30
113,116,8.017123338319613e-31
113,117,2.0014830212433568e-16
113,118,1.118863022827953e-15
113,119,8.651893464395934e-31
113,120,8.860601749654061e-31
113,121,1.048298550683089e-30
113,122,1.3192833466888112e-30
113,123,2.04581561016213e-30
113,124,1.633113252165498e-30
113,125,1.2891854520732751e-30
113,126,5.465832359536423e-31
113,127,1.0642772059896167e-30
113,128,4.889098799167942e-31
113,129,1.5522617538186705e-30
113,130,5.022805554448641e-31
113,131,1.1256571607751755e-30
113,132,5.316332004824746e-31
113,133,1.218040293086981e-30
113,134,1.0692494512129075e-30
113,135,3.3487711924654964e-31
113,136,9.92146813356038e-31
113,137,1.1685767334678729e-30
113,138,1.873535159933075e-30
113,139,1.1971876842251487e-30
113,140,6.217322601849849e-31
113,141,5.222369156369085e-31
113,142,1.6338681864013994e-30
113,143,3.6071515526644937e-31
113,144,1.1677198042214246e-30
113,145,2.239944820854621e-31
113,146,2.983944610481452e-31
113,147,1.6396736054934056e-30
113,148,3.438499496029917e-30
113,149,9.870332792641402e-31
114,115,1.4687705190458461e-30
114,116,9.073566416751616e-31
114,117,5.915585101198023e-16
114,118,1.2677161666382915e-15
114,119,9.862834639341396e-31
114,120,1.0106436447745647e-30
114,121,1.2295764421257728e-30
114,122,1.5229994036933917e-30
114,123,2.3871701948055055e-30
114,124,1.865398323734222e-30
114,125,1.4693885449278419e-30
114,126,6.083937681870275e-31
114,127,1.2218542428272152e-30
114,128,5.020828481350133e-31
114,129,1.7986763260546083e-30
114,130,5.721681848140676e-31
114,131,1.2485557184972827e-30
114,132,4.9867201899457035e-31
114,133,1.3798534377909228e-30
114,134,1.2499470584496347e-30
114,135,4.282327849023022e-31
114,136,1.1448137761438164e-30
114,137,1.370950535298027e-30
114,138,2.17003460675675e-30
114,139,1.3900535047614883e-30
114,140,7.163918341684865e-31
114,141,5.657229304792325e-31
114,142,1.4466403106421294e-30
114,143,3.604023649906209e-31
114,144,1.2932614302247986e-30
114,145,2.5205979548883514e-31
114,146,4.3447932090260925e-31
114,147,1.839344230763339e-30
114,148,3.869185220244608e-30
114,149,1.2154154092879742e-30
115,116,1.5101172651544134e-30
115,117,4.665599982471349e-16
115,118,9.770051323749158e-16
115,119,1.0219076676562656e-30
115,120,1.0942318063876734e-30
115,121,1.5828298307655527e-30
115,122,2.000092776121211e-30
115,123,1.9754401195475417e-30
115,124,1.6915677873342173e-30
115,125,1.1904818625485142e-30
115,126,7.730994395488586e-31
115,127,1.9726655192895392e-30
115,128,9.874272017048634e-31
115,129,1.8975701838331844e-30
115,130,8.267542950875137e-31
115,131,2.128069068394036e-30
115,132,8.867647345747564e-31
115,133,2.4822502701751942e-30
115,134,1.2271393080813294e-30
115,135,2.0273587219064052e-31
115,136,1.2593153560169598e-30
115,137,1.5225590932213185e-30
115,138,2.9698564812115152e-30
115,139,2.351132656656165e-30
115,140,8.254688046303853e-31
115,141,4.042540215166226e-31
115,142,3.375093565546765e-30
115,143,6.491490332054361e-31
115,144,2.194945399502313e-30
115,145,2.202973589438016e-31
115,146,4.9700150333323e-31
115,147,1.627876450857779e-30
115,148,2.7254500304602073e-30
115,149,1.324997201494908e-30
116,117,4.518280359883023e-16
116,118,5.802176783577781e-16
116,119,7.035129556655414e-31
116,120,7.804708593498361e-31
116,121,1.3454878717217476e-30
116,122,1.5687872069354236e-30
116,123,1.4200242176034257e-30
116,124,1.0511704501142851e-30
116,125,7.27905809822889e-31
116,126,7.495491511893733e-31
116,127,1.6199843460600296e-30
116,128,9.20326308796943e-31
116,129,1.4027540238496931e-30
116,130,6.935708439317661e-31
116,131,1.8181007611614437e-30
116,132,9.353620627031122e-31
116,133,2.0078588260434764e-30
116,134,8.52626720485364e-31
116,135,2.3474482720452216e-31
116,136,1.1262033660852256e-30
116,137,1.1421193142488647e-30
116,138,2.3795028573649678e-30
116,139,2.312513577282754e-30
116,140,5.9358281518134965e-31
116,141,4.684623144717162e-31
116,142,3.320550427350187e-30
116,143,6.394501234905199e-31
116,144,1.8068406760278874e-30
116,145,1.4048334079723375e-31
116,146,4.477389972487957e-31
116,147,1.294598229834275e-30
116,148,1.7391029912212337e-30
116,149,1.11690656558478e-30
117,118,2.479153381212077e-15
117,119,2.288783399261125e-16
117,120,1.2412670766236403e-16
117,121,6.444678654279511e-16
117,122,4.003567404473514e-16
117,123,5.90907013765622e-16
117,124,4.1633363423443336e-16
117,125,7.850462293418866e-17
117,126,4.496950671579555e-16
117,127,3.842990044400085e-16
117,128,9.950038574464732e-31
117,129,1.29569793259168e-15
117,130,3.801222093980463e-16
117,131,2.2887833992611113e-16
117,132,3.5544479789666735e-16
117,133,2.3714374201337745e-16
117,134,1.0126064750134796e-15
117,135,5.552849575635892e-16
117,136,4.843328062668944e-16
117,137,7.661863367630991e-16
117,138,8.1007745083944435e-16
117,139,1.2308275647932973e-15
117,140,2.2204460492503091e-16
117,141,1.2617590444170874e-30
117,142,1.2344261051441406e-15
117,143,7.565720915902696e-31
117,144,2.371437420133771e-16
117,145,5.551115123125793e-17
117,146,3.0813689532136604e-16
117,147,3.69263916545627e-16
117,148,7.581480895495805e-16
117,149,1.1091382925394586e-15
118,119,7.488863730937849e-16
118,120,7.631521572941409e-16
118,121,9.760005059199913e-16
118,122,1.1981603317362188e-15
118,123,1.8641748822608702e-15
118,124,1.4261072965499213e-15
118,125,1.1531932303822235e-15
118,126,4.825400815232002e-16
118,127,7.924497092922065e-16
118,128,3.5217877337871705e-16
118,129,1.350805010932769e-15
118,130,3.6821932062951526e-16
118,131,8.025154038416293e-16
118,132,2.482534153247259e-16
118,133,6.638168205731175e-16
118,134,9.709239120421693e-16
118,135,3.140184917367551e-16
118,136,8.735293034387705e-16
118,137,9.816775425652286e-16
118,138,1.46936307725589e-15
118,139,1.0563540172584018e-15
118,140,5.177735492072802e-16
118,141,4.577566798522234e-16
118,142,5.525032997054181e-16
118,143,2.221529986854165e-16
118,144,6.010860650248419e-16
118,145,2.0014830212433612e-16
118,146,1.9700380109262033e-16
118,147,1.4560603802830697e-15
118,148,3.086913008071997e-15
118,149,8.938026187992608e-16
119,120,6.863116425658589e-31
119,121,9.081376590360547e-31
119,122,1.105597181336704e-30
119,123,1.2936971160835412e-30
119,124,1.1373489590081982e-30
119,125,8.763903865375093e-31
119,126,4.696226957639112e-31
119,127,9.965837633859627e-31
119,128,5.011073576762527e-31
119,129,1.177122974877287e-30
119,130,3.5543398170620277e-31
119,131,1.0586182619250016e-30
119,132,4.649499937741419e-31
119,133,1.2477116832721666e-30
119,134,7.935217194141084e-31
119,135,3.514726628565761e-31
119,136,7.473450613898381e-31
119,137,8.658471983003896e-31
119,138,1.7583886797607988e-30
119,139,1.1211284315815904e-30
119,140,4.795614614692234e-31
119,141,3.1723826634043776e-31
119,142,1.5837266576786705e-30
119,143,3.35159131794867e-31
119,144,1.150886436477452e-30
119,145,1.6680649709594303e-31
119,146,2.9369033668047917e-31
119,147,1.0434145817227166e-30
119,148,2.1919678819721872e-30
119,149,6.371577623667887e-31
120,121,9.202309486395863e-31
120,122,1.1301627569990484e-30
120,123,1.3589195989610684e-30
120,124,1.1622988387228579e-30
120,125,8.923095023421646e-31
120,126,4.751187303352467e-31
120,127,1.070501430553809e-30
120,128,5.614077734293575e-31
120,129,1.172584773286944e-30
120,130,4.117533329478036e-31
120,131,1.1568174146269981e-30
120,132,5.425356143813128e-31
120,133,1.3336686867848366e-30
120,134,7.717568925780088e-31
120,135,2.775087694071115e-31
120,136,7.52787966472854e-31
120,137,8.968088703991887e-31
120,138,1.780683116793137e-30
120,139,1.2789157130047377e-30
120,140,4.950749398094759e-31
120,141,3.5651636648636484e-31
120,142,1.8358588472712544e-30
120,143,3.851432763687498e-31
120,144,1.2290570104536253e-30
120,145,1.6293171906430529e-31
120,146,3.162709779426846e-31
120,147,1.0768367609263855e-30
120,148,2.260117435954748e-30
120,149,6.637107189631878e-31
121,122,2.4823519655670707e-30
121,123,2.124499123238533e-30
121,124,1.3874769730791279e-30
121,125,1.0790511120527965e-30
121,126,1.2411576631457073e-30
121,127,1.9357254033976904e-30
121,128,1.2356664924025108e-30
121,129,1.8605219310251483e-30
121,130,6.345343073909044e-31
121,131,2.167560697763488e-30
121,132,1.273059810908518e-30
121,133,2.4357595515763643e-30
121,134,1.0567310987942563e-30
121,135,5.137612155795242e-31
121,136,1.1932352428065664e-30
121,137,1.2801884626729782e-30
121,138,3.091146667103315e-30
121,139,2.812609188292736e-30
121,140,7.13669632396742e-31
121,141,8.053006677569329e-31
121,142,3.974066729277533e-30
121,143,8.946681946402266e-31
121,144,2.1724435956864e-30
121,145,2.0286776804245127e-31
121,146,8.793010701010734e-31
121,147,1.9602687675059687e-30
121,148,3.0875490545046152e-30
121,149,1.3260063069319043e-30
122,123,2.422135816249125e-30
122,124,1.7455226770184376e-30
122,125,1.4061681511543723e-30
122,126,1.3835459942363712e-30
122,127,2.3338346474363995e-30
122,128,1.4499133178821752e-30
122,129,2.203808192464213e-30
122,130,8.34159544753893e-31
122,131,2.5916300792466236e-30
122,132,1.4927961630416524e-30
122,133,2.981412305999979e-30
122,134,1.3740813441280931e-30
122,135,4.918919982860757e-31
122,136,1.4964530558411318e-30
122,137,1.3748957909326325e-30
122,138,3.5323107857783254e-30
122,139,3.3000653413942836e-30
122,140,8.603704740913494e-31
122,141,9.320672382259723e-31
122,142,4.534443520707231e-30
122,143,1.0450618474795334e-30
122,144,2.6098221567891744e-30
122,145,2.4860980302537425e-31
122,146,9.438741318600813e-31
122,147,2.2513664131902854e-30
122,148,3.8137765445369266e-30
122,149,1.5179052164449074e-30
123,124,2.6007696510464537e-30
123,125,2.173063907336031e-30
123,126,1.0703898884416715e-30
123,127,1.6431782417740498e-30
123,128,1.1537812906013529e-30
123,129,2.5361708260436894e-30
123,130,8.266815433336068e-31
123,131,1.9110303490680602e-30
123,132,1.323506608189088e-30
123,133,2.0502986202244963e-30
123,134,1.907838857198309e-30
123,135,5.63279345615813e-31
123,136,1.6288322576371213e-30
123,137,1.8835707927571114e-30
123,138,2.6504721389289348e-30
123,139,2.905023919367047e-30
123,140,9.634612652975345e-31
123,141,1.1050536501476348e-30
123,142,3.969208653775412e-30
123,143,8.784885677564612e-31
123,144,1.8907152579764563e-30
123,145,3.6555252851385927e-31
123,146,7.28100001870517e-31
123,147,2.9435458684265623e-30
123,148,5.95090112387462e-30
123,149,1.8582472850748085e-30
124,125,1.6607114375263375e-30
124,126,6.938342043773091e-31
124,127,1.3770479017491655e-30
124,128,5.286257644864737e-31
124,129,2.0294416362694725e-30
124,130,6.578005971520916e-31
124,131,1.4328707924357768e-30
124,132,3.876941475376343e-31
124,133,1.4553146657550657e-30
124,134,1.397069932685852e-30
124,135,4.736160565053069e-31
124,136,1.2828393882207789e-30
124,137,1.5358640194456758e-30
124,138,2.4367494769621657e-30
124,139,1.539797931878273e-30
124,140,8.186129541711617e-31
124,141,5.713412449335352e-31
124,142,1.4861287939066148e-30
124,143,2.66787510556066e-31
124,144,1.3913764718316791e-30
124,145,2.8971924221207216e-31
124,146,2.4568756078251163e-31
124,147,2.039101307843579e-30
124,148,4.281277780092165e-30
124,149,1.2765156198495383e-30
125,126,5.311062772932545e-31
125,127,9.242342115251851e-31
125,128,4.0102983651001695e-31
125,129,1.5789418488146736e-30
125,130,4.609154207263068e-31
125,131,9.66890197556301e-31
125,132,3.2189207656389307e-31
125,133,8.833013554085724e-31
125,134,1.1387719199853801e-30
125,135,3.6065262057071536e-31
125,136,9.8077105283361e-31
125,137,1.1466833978260326e-30
125,138,1.738115171693863e-30
125,139,1.216839220288082e-30
125,140,6.100395908463728e-31
125,141,5.18114077371598e-31
125,142,7.068065678013914e-31
125,143,2.541248880209089e-31
125,144,8.380545767671426e-31
125,145,2.3140625219657154e-31
125,146,2.231231762201533e-31
125,147,1.7045392397967985e-30
125,148,3.5496770645064455e-30
125,149,1.0176665416876257e-30
126,127,9.077239423452606e-31
126,128,6.323149369569702e-31
126,129,1.091054049540108e-30
126,130,5.507756644334145e-31
126,131,1.143915749385762e-30
126,132,6.756326908518329e-31
126,133,1.1145054419630346e-30
126,134,5.753072872687416e-31
126,135,3.5535797063448603e-31
126,136,7.504904164542111e-31
126,137,9.398435158286297e-31
126,138,1.5851852889895174e-30
126,139,1.6219356801671118e-30
126,140,3.64057846669237e-31
126,141,4.020631729963607e-31
126,142,2.1547287090296237e-30
126,143,4.559877319726695e-31
126,144,1.1249805006807996e-30
126,145,1.0739506846201013e-31
126,146,6.0618194535237055e-31
126,147,1.2106371747788044e-30
126,148,1.5138867527909819e-30
126,149,9.871419995781336e-31
127,128,1.276426404754689e-30
127,129,1.7608552864433508e-30
127,130,7.972990302458998e-31
127,131,2.446670570901275e-30
127,132,1.2652660843909626e-30
127,133,2.8072551114239094e-30
127,134,1.0626206193569803e-30
127,135,3.0082251625067954e-31
127,136,1.4021111419146664e-30
127,137,1.5530372478875124e-30
127,138,3.248963992768252e-30
127,139,2.935017768966406e-30
127,140,8.141560084555814e-31
127,141,6.651929412952878e-31
127,142,4.2715109544101464e-30
127,143,8.909225060576516e-31
127,144,2.4733945655091395e-30
127,145,2.0575370043210557e-31
127,146,6.479866243243005e-31
127,147,1.752551492440336e-30
127,148,2.272580810966434e-30
127,149,1.4086590013163954e-30
128,129,1.0599765286069698e-30
128,130,4.303531162648116e-31
128,131,1.4325139579633164e-30
128,132,8.353837093477362e-31
128,133,1.5805002935916362e-30
128,134,6.438063805021913e-31
128,135,1.1059064723808527e-31
128,136,7.927480471946485e-31
128,137,7.926148845216282e-31
128,138,1.905069072380947e-30
128,139,1.863685075381872e-30
128,140,4.314668518151564e-31
128,141,4.8521743153992815e-31
128,142,2.676371171062243e-30
128,143,5.81941860590062e-31
128,144,1.38877620434458e-30
128,145,1.1035813544539329e-31
128,146,4.713526025029985e-31
128,147,1.1897718360191849e-30
128,148,1.2730335354855092e-30
128,149,8.290632671998426e-31
129,130,8.233271664502895e-31
129,131,2.0326916779894276e-30
129,132,1.0397836340000215e-30
129,133,2.317488697574018e-30
129,134,1.3907261596107203e-30
129,135,7.839531172217493e-31
129,136,1.4236318626141522e-30
129,137,1.581022333187334e-30
129,138,3.1503869393814495e-30
129,139,2.3644251136298837e-30
129,140,8.429625624670917e-31
129,141,7.2470999457557535e-31
129,142,3.396994161589665e-30
129,143,7.505964103084454e-31
129,144,2.165174964483973e-30
129,145,2.786773705906605e-31
129,146,8.975849427918252e-31
129,147,1.9483543296428936e-30
129,148,4.110333945507375e-30
129,149,1.586016936997098e-30
130,131,9.266307023265932e-31
130,132,4.593410551542748e-31
130,133,9.263719012694589e-31
130,134,5.460912795489277e-31
130,135,1.629253999648301e-31
130,136,4.919385478773244e-31
130,137,6.5482943746522805e-31
130,138,1.1124208816453055e-30
130,139,1.2296692861305822e-30
130,140,3.2461111197762136e-31
130,141,2.082056990651969e-31
130,142,1.711831534612799e-30
130,143,2.9327729653122054e-31
130,144,9.021722985377755e-31
130,145,7.37435833401469e-32
130,146,2.173527278845438e-31
130,147,7.502459131921464e-31
130,148,1.0783251977093403e-30
130,149,7.034593116938825e-31
131,132,1.4317035214631034e-30
131,133,3.0323599519278287e-30
131,134,1.1998835875949007e-30
131,135,1.5539464589691741e-31
131,136,1.4785414495213325e-30
131,137,1.5913117891547848e-30
131,138,3.6468329642872845e-30
131,139,3.341418765392863e-30
131,140,8.801950318903382e-31
131,141,7.574427518172838e-31
131,142,4.854788275792752e-30
131,143,1.0045025111705031e-30
131,144,2.7284458276805553e-30
131,145,2.1387988223991533e-31
131,146,7.758144380300982e-31
131,147,2.0283232566408292e-30
131,148,2.3563463936049458e-30
131,149,1.5073900008619852e-30
132,133,1.5069371526173691e-30
132,134,6.999270889333442e-31
132,135,2.402616858361062e-31
132,136,8.249746645610365e-31
132,137,7.382139871599099e-31
132,138,1.7847889394777186e-30
132,139,1.9939512856370125e-30
132,140,3.937099751710558e-31
132,141,5.424935077134548e-31
132,142,2.8564928211545275e-30
132,143,6.121203764617954e-31
132,144,1.2946016226031737e-30
132,145,1.1377661935286054e-31
132,146,4.706486568238313e-31
132,147,1.2949582378801638e-30
132,148,1.3015767874135144e-30
132,149,9.5097625762926e-31
133,134,1.4634618316561696e-30
133,135,2.545737704792562e-31
133,136,1.6973516203127396e-30
133,137,1.8932193143018424e-30
133,138,4.225537831668357e-30
133,139,3.555976642814556e-30
133,140,1.021193100994991e-30
133,141,7.487097467453046e-31
133,142,5.184207821376671e-30
133,143,1.0905776012798942e-30
133,144,3.101574401090764e-30
133,145,2.5979618756106163e-31
133,146,8.73655050441991e-31
133,147,2.164658740812971e-30
133,148,1.5809549362202677e-30
133,149,1.5948054362789916e-30
134,135,6.485391561491856e-31
134,136,9.555053043630489e-31
134,137,1.0833086035179856e-30
134,138,1.933640408356713e-30
134,139,1.5648601455973831e-30
134,140,5.374208145954566e-31
134,141,5.345801500197589e-31
134,142,2.2247791403359626e-30
134,143,4.7272180528929995e-31
134,144,1.2547380702236138e-30
134,145,1.9919214716494044e-31
134,146,5.371374110725179e-31
134,147,1.444749547339103e-30
134,148,2.9997308991617555e-30
134,149,1.1426884721214415e-30
135,136,3.986261279375208e-31
135,137,3.9235406010811027e-31
135,138,7.36435381124113e-31
135,139,7.210476165054901e-31
135,140,1.416824366102416e-31
135,141,1.4374406218961996e-31
135,142,6.771449985024999e-31
135,143,6.9760149581992e-32
135,144,2.076340339447888e-31
135,145,8.378355355801831e-32
135,146,1.4911174824716457e-31
135,147,4.319366894269243e-31
135,148,1.0139029815622893e-30
135,149,6.298487256576991e-31
136,137,1.363996412893849e-30
136,138,2.1243193458648618e-30
136,139,1.8926896408348916e-30
136,140,5.479414366714287e-31
136,141,5.383425192744663e-31
136,142,2.7603993130381428e-30
136,143,5.691322694578176e-31
136,144,1.5160722588529914e-30
136,145,1.798145397324638e-31
136,146,4.749861627624884e-31
136,147,1.301636120990524e-30
136,148,2.6933017921237223e-30
136,149,9.242159071150816e-31
137,138,2.8211676480074767e-16
137,139,1.7540747929705488e-30
137,140,6.622776193014431e-31
137,141,4.847273594953411e-31
137,142,2.4222367202105695e-30
137,143,5.472298246856543e-31
137,144,1.689084228748897e-30
137,145,1.985865066862338e-31
137,146,5.585063127013316e-31
137,147,1.4520502930747587e-30
137,148,3.003226427545432e-30
137,149,1.1315601204381113e-30
138,139,4.2390204370237914e-30
138,140,1.3420315195038687e-30
138,141,9.606528885815855e-31
138,142,6.050894633858815e-30
138,143,1.313591028392053e-30
138,144,3.84712492691233e-30
138,145,3.8238476158651204e-31
138,146,1.2584569154920724e-30
138,147,2.7566794486514096e-30
138,148,4.157304764840105e-30
138,149,2.666121703910775e-16
139,140,9.57760311179596e-31
139,141,1.167209883168453e-30
139,142,6.527727451385431e-30
139,143,1.3489653359643892e-30
139,144,3.1786918135846844e-30
139,145,2.468351517846791e-31
139,146,1.0500865552487856e-30
139,147,2.795835319795959e-30
139,148,3.670066377940575e-30
139,149,2.1760801187735515e-30
140,141,2.417352266168029e-31
140,142,1.3405849038952542e-30
140,143,2.9327932312632516e-31
140,144,9.368883580588652e-31
140,145,1.089091332411582e-31
140,146,2.801957617428739e-31
140,147,7.605901331191266e-31
140,148,1.5293818830283852e-30
140,149,5.237966616560605e-31
141,142,1.561728433554629e-30
141,143,3.6744541333224816e-31
141,144,6.1310254069583045e-31
141,145,9.883130195515498e-32
141,146,2.9955788676875736e-31
141,147,9.587576668298538e-31
141,148,1.6207547302291295e-30
141,149,6.223340071650653e-31
142,143,1.9241286841708593e-30
142,144,4.569862934481435e-30
142,145,3.360561548442902e-31
142,146,1.374111438238744e-30
142,147,3.894713213357128e-30
142,148,2.9889777477309605e-30
142,149,3.1483929850171945e-30
143,144,9.45540797393061e-31
143,145,8.028015855460173e-32
143,146,3.4331996605762737e-31
143,147,8.853604197788165e-31
143,148,9.31947818610369e-31
143,149,6.110988278658407e-31
144,145,2.384570760907664e-31
144,146,7.703308358461585e-31
144,147,2.0081343838618113e-30
144,148,1.3648111560915368e-30
144,149,1.4239606077133237e-30
145,146,7.72407813464623e-32
145,147,2.8625253467028877e-31
145,148,6.114811081737839e-31
145,149,1.7499105656731666e-31
146,147,7.8064933104717075e-31
146,148,7.875211161980479e-31
146,149,5.584359738649113e-31
147,148,4.718838503236989e-30
147,149,1.4972212182038455e-30
148,149,2.8606483972719022e-30
