cluster_i,cluster_k,epsilon
0,1,3.7866377861814533e-31
0,2,2.680001944405884e-32
0,3,3.4224069270715826e-31
0,4,5.307323147094929e-31
0,5,1.1917042514737145e-30
0,6,4.859823940571221e-31
0,7,6.886467213856143e-31
0,8,6.193879408850208e-31
0,9,6.072677802504088e-31
0,10,2.8467348585896597e-31
0,11,5.28283306804191e-31
0,12,2.708254216858443e-31
0,13,7.1786448809671124e-31
0,14,1.306550254166118e-31
0,15,5.547827853098066e-31
0,16,6.383971566520666e-31
0,17,2.383622944861991e-31
0,18,5.967599845239295e-31
0,19,5.663775224412779e-31
0,20,6.364447105839348e-31
0,21,7.275435593098367e-31
0,22,8.659042841971815e-31
0,23,8.513642753049524e-31
0,24,4.928591175106047e-31
0,25,3.000973956077697e-31
0,26,7.245607583139069e-31
0,27,1.5197673079851801e-30
0,28,3.1741615948605453e-31
0,29,1.5202351733396924e-31
0,30,5.5112305186768e-31
0,31,4.462250580997814e-31
0,32,8.313669869631555e-31
0,33,4.040975493239203e-31
0,34,5.540414368954128e-31
0,35,1.0005526158203714e-30
0,36,8.87789957492747e-31
0,37,4.342192776506119e-30
0,38,2.0856742244088055e-31
0,39,1.0838525290767847e-31
0,40,4.3526835270704295e-31
0,41,7.783565692338623e-31
0,42,6.744331914044443e-31
0,43,2.6924770028587787e-31
0,44,3.4547502853409768e-31
0,45,1.1593925261134284e-30
0,46,6.5026767772182145e-31
0,47,5.245114673564789e-31
0,48,2.542375095236075e-31
0,49,1.0612210503002938e-30
0,50,5.39405581775378e-31
0,51,6.058631530822901e-31
0,52,1.428573577127827e-31
0,53,1.0609291411010037e-30
0,54,4.226925472143429e-31
0,55,1.3095629628290754e-30
0,56,1.627859127524565e-31
0,57,4.4633331676838e-31
0,58,3.0762737917508192e-31
0,59,6.1289570854216485e-31
0,60,5.483399211371816e-31
0,61,1.0949389893418987e-16
0,62,2.1774668184704353e-30
0,63,1.1113066979184014e-16
0,64,5.091925103152745e-31
0,65,4.601874953487609e-31
0,66,2.1924582511574145e-31
0,67,3.5168000039071982e-31
0,68,7.135598638471535e-31
0,69,5.580667268554715e-31
0,70,6.906989925405017e-31
0,71,7.967862995346932e-31
0,72,1.1468054956367173e-30
0,73,5.0006353583747e-31
0,74,7.999608225972006e-31
0,75,5.416891012599303e-31
0,76,6.212519347602271e-31
0,77,4.221992508496856e-31
0,78,4.654913881562944e-31
0,79,4.675094093966243e-31
0,80,2.4267461302928053e-31
0,81,3.34429661499699e-31
0,82,3.5439398741049965e-31
0,83,2.4161558707330324e-31
0,84,9.195096023302756e-31
0,85,1.7351885109506114e-31
0,86,7.605119429241912e-31
0,87,5.21824009585076e-31
0,88,4.224739291471502e-31
0,89,1.0953046676287847e-30
0,90,5.151866878851503e-31
0,91,1.0265228551177764e-30
0,92,2.1600921029152537e-31
0,93,7.3144478374844095e-31
0,94,3.6560174455096116e-31
0,95,4.499306763350448e-31
0,96,5.247557910225486e-31
0,97,1.931932486318878e-31
0,98,2.87864221523698e-31
0,99,3.286273508590419e-31
0,100,3.6277376127713627e-31
0,101,4.618576419807358e-31
0,102,4.432700131512351e-31
0,103,4.410386994704729e-31
0,104,2.2953291324366035e-31
0,105,0.0
0,106,7.750490655172806e-31
0,107,6.3161097645618876e-31
0,108,1.5976831027314853e-30
0,109,4.181741324600462e-31
0,110,9.222303959237102e-31
0,111,4.8840278540378136e-31
0,112,5.638280314278361e-31
0,113,1.2415844490523248e-30
0,114,6.347634153830316e-31
0,115,5.854996900914729e-31
0,116,7.200117737202181e-31
0,117,7.323742351039034e-31
0,118,4.618644845938486e-31
0,119,9.19926332367554e-31
0,120,4.942727522160158e-31
0,121,5.134345510643866e-31
0,122,1.1151960212667164e-31
0,123,4.474336094161114e-31
0,124,5.548379259970923e-31
0,125,9.265874080220387e-31
0,126,3.5102265388183986e-31
0,127,7.165035737932013e-31
0,128,4.976933443120405e-16
0,129,9.214121555144827e-31
0,130,4.662506092605773e-31
0,131,3.5624200751760276e-31
0,132,5.687870113970509e-31
0,133,5.253099791765601e-31
0,134,2.9344672881903236e-31
0,135,3.6857221136404204e-31
0,136,1.2569984956888617e-30
0,137,1.0355467297837398e-30
0,138,2.682995358494136e-16
0,139,4.083064083670562e-31
0,140,3.10531702945529e-31
0,141,7.014411619098396e-31
0,142,6.6516466065423435e-31
0,143,4.288397347524636e-31
0,144,2.3936193880398307e-31
0,145,5.0237841714711685e-31
0,146,6.3236725900490865e-31
0,147,3.98510964757475e-31
0,148,1.0375787192307324e-30
0,149,1.1000065420730512e-30
1,2,5.377788034966431e-32
1,3,5.476156462964791e-31
1,4,7.4454510976977956e-31
1,5,1.8234454288146438e-30
1,6,9.519982377683118e-31
1,7,1.3498757004703404e-30
1,8,9.464272706439005e-31
1,9,9.063520026666686e-31
1,10,5.644948627725669e-31
1,11,9.340173071463765e-31
1,12,4.791585799731043e-31
1,13,1.2707435517569685e-30
1,14,2.0860321873062547e-31
1,15,8.231085180477673e-31
1,16,1.3138336180407927e-30
1,17,3.6738601224882886e-31
1,18,9.254139636550063e-31
1,19,1.1596197166753343e-30
1,20,1.2980688280449093e-30
1,21,1.1441371992179848e-30
1,22,1.365602925573996e-30
1,23,1.331561955660238e-30
1,24,8.0494951003785e-31
1,25,5.033287713177687e-31
1,26,1.2206310522657095e-30
1,27,2.241280032093128e-30
1,28,4.484795748355947e-31
1,29,2.696114838203818e-31
1,30,7.530050193846835e-31
1,31,7.107380813109976e-31
1,32,1.3531857785297155e-30
1,33,6.064475099346954e-31
1,34,8.095201747433588e-31
1,35,1.1536941248991484e-30
1,36,1.1771416164547315e-30
1,37,6.969949828027059e-30
1,38,5.820805926163563e-31
1,39,1.5313830342219744e-31
1,40,7.406157126436325e-31
1,41,1.1345001978233032e-30
1,42,1.1635874556834687e-30
1,43,3.3510104194167e-31
1,44,3.628654465908677e-31
1,45,1.5767476147380893e-30
1,46,9.259277813108517e-31
1,47,8.965995137908576e-31
1,48,5.862545059407506e-31
1,49,2.037763814565352e-30
1,50,8.807406392334621e-31
1,51,9.00776339116915e-31
1,52,3.5899700038499744e-31
1,53,1.2432177649775836e-30
1,54,9.592502558217506e-31
1,55,2.0060309182904516e-30
1,56,3.908480379420868e-31
1,57,8.137362149099346e-31
1,58,4.414463358246181e-31
1,59,8.49816233048554e-31
1,60,6.305718171764772e-31
1,61,6.162737906427335e-16
1,62,5.219229958421235e-30
1,63,3.2368285245694653e-16
1,64,8.20852098512275e-31
1,65,6.171831133154901e-31
1,66,3.591254800803066e-31
1,67,4.857024975633852e-31
1,68,9.741279807284041e-31
1,69,8.276271262807325e-31
1,70,1.0305106421524214e-30
1,71,1.0675869809254482e-30
1,72,1.6122869584767022e-30
1,73,1.4301061657912696e-30
1,74,1.1238514250430497e-30
1,75,1.0310737649629568e-30
1,76,8.0027608908784e-31
1,77,9.0654835271468e-31
1,78,6.989814012807662e-31
1,79,7.743472994512885e-31
1,80,4.050351988441734e-31
1,81,7.057906731409474e-31
1,82,7.3703859012291265e-31
1,83,3.6435870175413047e-31
1,84,1.4440713987097204e-30
1,85,3.1155504467549015e-31
1,86,8.398616558649883e-31
1,87,9.436222763145672e-31
1,88,4.846429116803675e-31
1,89,1.6192409498047056e-30
1,90,7.5230428346380695e-31
1,91,1.5495722076384813e-30
1,92,4.233936990610636e-31
1,93,1.1045332032014926e-30
1,94,5.8667131766979315e-31
1,95,7.076783184484931e-31
1,96,9.527648735937551e-31
1,97,3.786870612646419e-31
1,98,4.040998727532024e-31
1,99,6.902086912611795e-31
1,100,5.912326815155427e-31
1,101,9.14075060768676e-31
1,102,6.194530030760666e-31
1,103,8.089490802897964e-31
1,104,4.660615399556393e-31
1,105,0.0
1,106,1.194413200283143e-30
1,107,9.32160458448232e-31
1,108,1.5777402996439273e-16
1,109,7.792685377653319e-31
1,110,1.33273780586423e-30
1,111,9.209226431982115e-31
1,112,9.003197928178356e-31
1,113,2.097284043170111e-30
1,114,9.398204792967482e-31
1,115,1.172208252889563e-30
1,116,1.2421381410472089e-30
1,117,1.0093157953978666e-30
1,118,6.944757554916697e-31
1,119,1.2998193809647672e-30
1,120,7.2150858850694555e-31
1,121,8.094347536492025e-31
1,122,2.086677734182215e-31
1,123,8.603600598137559e-31
1,124,1.0517844536883792e-30
1,125,1.2678038716864237e-30
1,126,5.116477104278911e-31
1,127,9.431983303063893e-31
1,128,7.031945059664661e-16
1,129,1.2880292752929595e-30
1,130,1.0209725431042775e-30
1,131,7.340695060032007e-31
1,132,9.622826556615483e-31
1,133,6.979026929070655e-31
1,134,4.964761475336932e-31
1,135,4.453275184105586e-31
1,136,1.9807068938437417e-30
1,137,1.4381886870085348e-30
1,138,5.383794727051526e-16
1,139,7.18905570710456e-31
1,140,4.223830898499704e-31
1,141,9.618715829143399e-31
1,142,9.598709197074141e-31
1,143,6.297558357767015e-31
1,144,4.000569487993813e-31
1,145,9.298743138615918e-31
1,146,1.2024250275521584e-30
1,147,6.078828642656258e-31
1,148,1.682854090847087e-30
1,149,1.719364631767858e-30
2,3,8.659503163782058e-32
2,4,5.376001097540469e-32
2,5,1.3797095646520067e-31
2,6,1.7176955823570774e-31
2,7,2.28163907966892e-31
2,8,6.54324261735148e-32
2,9,1.5157340128647028e-31
2,10,1.0840995619877506e-31
2,11,6.080481401575343e-32
2,12,7.673258180507961e-32
2,13,2.180940756998426e-31
2,14,2.2179687007655328e-32
2,15,9.273832417728711e-32
2,16,1.1650087656174757e-31
2,17,3.506916436691765e-32
2,18,1.3765561515580369e-31
2,19,2.1201991228571812e-31
2,20,1.1558202852754003e-31
2,21,1.0084290508224013e-31
2,22,2.379659975855164e-31
2,23,1.0349489130720355e-31
2,24,8.652565681163751e-32
2,25,7.861283358462711e-32
2,26,1.9245466527777588e-31
2,27,8.693554954844918e-32
2,28,0.0
2,29,3.7792262241099154e-32
2,30,3.930641679231355e-32
2,31,4.967272005936945e-32
2,32,1.6955700707847277e-31
2,33,4.206929611760683e-32
2,34,1.5258770584419573e-31
2,35,4.188618623381062e-32
2,36,1.2398821967196558e-32
2,37,2.9227861139064993e-31
2,38,3.6466029402817336e-32
2,39,0.0
2,40,7.107726753787616e-32
2,41,7.713534749808107e-32
2,42,9.271501007307525e-32
2,43,4.7050221263124724e-32
2,44,4.6392143800855974e-32
2,45,1.3614025087435126e-31
2,46,9.297049775410694e-32
2,47,8.411075269210419e-32
2,48,7.824837997106223e-32
2,49,3.7923221395449073e-31
2,50,9.746343601293452e-32
2,51,1.2864303685633543e-31
2,52,3.8240869544015566e-32
2,53,1.394843792802795e-31
2,54,1.296255180465789e-31
2,55,1.1051656419534143e-31
2,56,2.8409270096479725e-32
2,57,5.751603563343736e-32
2,58,1.1089843503827657e-32
2,59,5.553578934003376e-32
2,60,1.217114321002985e-31
2,61,1.4115917232583547e-31
2,62,5.260683245642716e-31
2,63,1.9670586713369344e-31
2,64,5.749515032985708e-32
2,65,8.612496985721894e-32
2,66,2.2862298068925665e-32
2,67,2.47976439343931e-32
2,68,1.0119600880659608e-31
2,69,7.361718971373873e-32
2,70,1.0521220198961114e-31
2,71,3.550482286434806e-32
2,72,9.520688777498384e-32
2,73,4.7259074026979933e-32
2,74,3.9622918289853184e-32
2,75,1.636115550794165e-31
2,76,1.3414241880066983e-31
2,77,1.663476525574149e-32
2,78,5.997749908488281e-32
2,79,1.0554997874344098e-31
2,80,4.0367639681394545e-32
2,81,1.2613935297532412e-31
2,82,1.1461368015463265e-31
2,83,7.013832873383528e-32
2,84,9.436045237136698e-32
2,85,5.972063495344196e-32
2,86,6.366103871692864e-32
2,87,1.253523353664944e-31
2,88,3.550482286434806e-32
2,89,1.3338899414721569e-31
2,90,7.748023748094675e-32
2,91,2.827366421435372e-32
2,92,7.209731068158054e-32
2,93,5.730684007731636e-32
2,94,1.1677564502105039e-31
2,95,1.170113163059149e-31
2,96,3.9622918289853184e-32
2,97,1.210473690636515e-32
2,98,1.1089843503827658e-32
2,99,1.228203297233275e-31
2,100,6.124566256194274e-32
2,101,1.7377579747986543e-31
2,102,7.886760575551698e-32
2,103,1.0996748595576247e-31
2,104,6.748892464040696e-32
2,105,0.0
2,106,1.2092030185207528e-31
2,107,4.1151436080051513e-32
2,108,1.917188049785163e-31
2,109,5.196053244708926e-32
2,110,3.136681417541648e-32
2,111,1.3244124245294702e-31
2,112,6.705688253711466e-32
2,113,4.624694111667338e-32
2,114,8.248944734350637e-32
2,115,1.5272934316886304e-31
2,116,2.368507663272505e-31
2,117,5.579469885238443e-32
2,118,1.3368322218122545e-32
2,119,1.144563891863571e-31
2,120,6.236496524658827e-32
2,121,9.634301543950282e-32
2,122,4.074668686754478e-32
2,123,1.3385720373820626e-31
2,124,1.1821018591699795e-31
2,125,3.0370787231242696e-32
2,126,5.567402425043505e-32
2,127,7.607867046327751e-32
2,128,7.916091947057767e-32
2,129,7.340479586108089e-32
2,130,1.7863960693596854e-31
2,131,1.2224006060263427e-31
2,132,1.1840712689314902e-31
2,133,6.168336046141079e-32
2,134,4.5145696789125e-32
2,135,7.678578031438332e-32
2,136,1.7188977946717635e-31
2,137,2.6266780700153757e-31
2,138,9.988843014287059e-17
2,139,1.3867848192995512e-31
2,140,1.5683407087708245e-32
2,141,6.485721730611424e-32
2,142,9.369113026615093e-32
2,143,5.593665536782239e-32
2,144,7.669500769927401e-32
2,145,9.195212471489154e-32
2,146,2.1965558098503517e-31
2,147,1.021046000244218e-31
2,148,5.700530321763587e-32
2,149,1.4668519066324135e-31
3,4,7.386881717166954e-31
3,5,1.6964857450779473e-30
3,6,1.5619395878970068e-30
3,7,1.9697990750321255e-30
3,8,9.403850269966745e-31
3,9,1.3664388686044917e-30
3,10,9.548297027375974e-31
3,11,8.10498691665715e-31
3,12,7.177254299989486e-31
3,13,1.904240743109336e-30
3,14,2.0800132096203096e-31
3,15,8.251013578018922e-31
3,16,1.4300290679685516e-30
3,17,3.841020711241578e-31
3,18,1.3080860009608388e-30
3,19,1.8395651205632125e-30
3,20,1.1614082871853955e-30
3,21,9.915935988067436e-31
3,22,2.4309818335032055e-30
3,23,1.2618849428340733e-30
3,24,9.760490602829954e-31
3,25,7.222996258141748e-31
3,26,1.8711152419472588e-30
3,27,2.159258367809742e-30
3,28,4.37224614278085e-31
3,29,3.5905554761662775e-31
3,30,7.822638013921521e-31
3,31,6.594990338078116e-31
3,32,1.579493644532735e-30
3,33,5.612083017151444e-31
3,34,1.3697303350202966e-30
3,35,1.4034547633118791e-30
3,36,1.2279738987046256e-30
3,37,7.16813883341696e-30
3,38,3.6222154987403804e-31
3,39,1.4929517285043703e-31
3,40,8.489802936511956e-31
3,41,1.0844050583404687e-30
3,42,9.944129690820604e-31
3,43,4.62396269595471e-31
3,44,4.675891105353339e-31
3,45,2.0168170947860917e-30
3,46,9.65627886728715e-31
3,47,8.363688368358927e-31
3,48,6.78233216833618e-31
3,49,3.348759960468506e-30
3,50,9.790469169404484e-31
3,51,1.2054712348857124e-30
3,52,3.5528154419345742e-31
3,53,1.891160731727986e-30
3,54,1.2550591893108628e-30
3,55,6.003247695394221e-16
3,56,2.9363983938312584e-31
3,57,7.503998408285184e-31
3,58,4.1890313428453634e-31
3,59,1.0295772725731703e-30
3,60,1.1447271927416426e-30
3,61,2.292986861754155e-16
3,62,7.754556280724794e-30
3,63,4.560706458366085e-16
3,64,8.058513850343228e-31
3,65,8.077863533947937e-31
3,66,3.4729237350358863e-31
3,67,5.084886644347239e-31
3,68,1.0137777913593482e-30
3,69,9.231636750326183e-31
3,70,9.279764704551949e-31
3,71,1.1150282912350138e-30
3,72,1.7601111068653696e-30
3,73,7.540807340157243e-31
3,74,1.0784421113075949e-30
3,75,1.4260636980248746e-30
3,76,1.3080871360590902e-30
3,77,6.314107854500886e-31
3,78,6.909730292086092e-31
3,79,9.372200747433402e-31
3,80,4.009129982617747e-31
3,81,1.099756738522183e-30
3,82,1.0324297255965008e-30
3,83,6.35535863433174e-31
3,84,1.4896230398264663e-30
3,85,5.566380785753953e-31
3,86,1.1473927240933198e-30
3,87,1.1282656252187103e-30
3,88,6.128277691519282e-31
3,89,1.6803131498930025e-30
3,90,8.209990161075984e-31
3,91,1.416732458780855e-30
3,92,6.24429086760666e-31
3,93,9.9021475142266e-31
3,94,1.1703390973213298e-30
3,95,1.0733900903654391e-30
3,96,7.436544234530543e-31
3,97,2.7249144075762033e-31
3,98,4.004672869997499e-31
3,99,1.0756624477045148e-30
3,100,5.418573974238371e-31
3,101,1.5324456405337288e-30
3,102,7.388298456999606e-31
3,103,9.960843373467364e-31
3,104,6.194813207701868e-31
3,105,0.0
3,106,1.254945243272804e-30
3,107,8.843224316823424e-31
3,108,4.5775667985222345e-16
3,109,7.4405601125986305e-31
3,110,1.2501719460627812e-30
3,111,1.1745906702921609e-30
3,112,8.56498672398414e-31
3,113,1.933590675784721e-30
3,114,9.236300533545331e-31
3,115,1.3505936337101252e-30
3,116,2.1856556998614756e-30
3,117,1.1646699531995262e-30
3,118,6.639501244305042e-31
3,119,1.4767993081935775e-30
3,120,7.3803084785721015e-31
3,121,9.8543343942963e-31
3,122,3.6335931471535064e-31
3,123,1.165165781763011e-30
3,124,1.0944669441011194e-30
3,125,1.316196779857107e-30
3,126,6.07070401378688e-31
3,127,1.0459131291211058e-30
3,128,6.855472665535869e-16
3,129,1.247918522652139e-30
3,130,1.5393714432765503e-30
3,131,1.0659354916600314e-30
3,132,1.0220274715612459e-30
3,133,7.393366260004563e-31
3,134,5.449982746463165e-31
3,135,7.262278082451457e-31
3,136,1.7019924646324074e-30
3,137,2.6171334927722442e-30
3,138,8.669175350334699e-16
3,139,1.2495834637758272e-30
3,140,4.652345195090504e-31
3,141,1.0808232732187055e-30
3,142,9.786883352477998e-31
3,143,6.459349197025514e-31
3,144,7.068154964435646e-31
3,145,8.305046728972742e-31
3,146,1.9625898548451825e-30
3,147,1.3956305303788844e-30
3,148,1.5364720930431032e-30
3,149,1.6422177091938557e-30
4,5,2.7306699899030434e-30
4,6,1.3386273331567434e-30
4,7,1.795870523316565e-30
4,8,1.47315436538167e-30
4,9,1.3956505077854363e-30
4,10,6.834663744365694e-31
4,11,1.2579322870324722e-30
4,12,7.518738682771519e-31
4,13,1.738414770426006e-30
4,14,3.1177908167702762e-31
4,15,1.2292000435275535e-30
4,16,1.4407750543195199e-30
4,17,4.3364835942301205e-31
4,18,1.2709494120513955e-30
4,19,1.235650909781121e-30
4,20,1.531071286274205e-30
4,21,1.6520290697073082e-30
4,22,1.097991280064033e-30
4,23,2.1323366256244147e-30
4,24,1.0540362079621023e-30
4,25,5.444628824072153e-31
4,26,9.933623357470734e-31
4,27,3.1952678891428245e-30
4,28,6.456457166308591e-31
4,29,3.0438445009473304e-31
4,30,1.2267186520749726e-30
4,31,1.0673864162145186e-30
4,32,2.2060789082437544e-30
4,33,9.591392373491848e-31
4,34,1.2918740501708438e-30
4,35,2.2544080553659048e-30
4,36,1.8451755527115325e-30
4,37,6.633502969750199e-30
4,38,6.2721483922573265e-31
4,39,2.204628598591227e-31
4,40,7.971698801534456e-31
4,41,1.794657048054385e-30
4,42,1.4835343931948965e-30
4,43,5.638881282735355e-31
4,44,1.0764801931102588e-30
4,45,1.8918329911205702e-30
4,46,1.3705198864291637e-30
4,47,1.215038403241697e-30
4,48,5.884840452381717e-31
4,49,1.672301103006584e-30
4,50,1.2159735954072054e-30
4,51,1.2756728367393444e-30
4,52,3.224280373256089e-31
4,53,2.0135047389643692e-30
4,54,1.400529961414081e-30
4,55,3.1906724063476484e-30
4,56,3.632891018277295e-31
4,57,8.697801269011958e-31
4,58,6.450209204877345e-31
4,59,1.2669895428214064e-30
4,60,1.3301810569387588e-30
4,61,7.494005416219807e-16
4,62,6.314643501578035e-30
4,63,5.224024053540246e-16
4,64,8.985103851419176e-31
4,65,1.0216616572412815e-30
4,66,3.910690433502932e-31
4,67,6.812281850446866e-31
4,68,1.7092338351360648e-30
4,69,1.0747414301098412e-30
4,70,1.5978481620157437e-30
4,71,1.8294647426448312e-30
4,72,2.0612600998107847e-30
4,73,1.1565274840932155e-30
4,74,1.6499055131652953e-30
4,75,1.6025645638122697e-30
4,76,1.185626199364122e-30
4,77,7.406658664689008e-31
4,78,1.1345050366603316e-30
4,79,1.230762073646734e-30
4,80,4.443066260801197e-31
4,81,6.575471419028877e-31
4,82,8.89759259025204e-31
4,83,5.467486324096058e-31
4,84,1.7409199831290075e-30
4,85,3.5439577381610253e-31
4,86,1.690526977203716e-30
4,87,1.3491833267838344e-30
4,88,9.179401777135905e-31
4,89,2.0484867367563762e-30
4,90,1.445664758875369e-30
4,91,2.075701380418428e-30
4,92,5.46295189509989e-31
4,93,1.613907444707229e-30
4,94,9.399256197563131e-31
4,95,1.0544271268563043e-30
4,96,9.500993826647759e-31
4,97,3.6561178691710003e-31
4,98,5.782837290369582e-31
4,99,8.709900208018057e-31
4,100,8.150465141560582e-31
4,101,1.0685774641018188e-30
4,102,9.956478879414328e-31
4,103,1.2552735340853485e-30
4,104,5.354451647115142e-31
4,105,0.0
4,106,1.587548253028947e-30
4,107,1.233028360071492e-30
4,108,2.3553942230655344e-16
4,109,7.890694267712171e-31
4,110,1.988112077595294e-30
4,111,9.53356815907147e-31
4,112,1.353523818460701e-30
4,113,2.378451804249325e-30
4,114,1.2978798267689864e-30
4,115,1.5363321830384253e-30
4,116,8.330928400897186e-31
4,117,1.340867003233998e-30
4,118,9.855200777930234e-31
4,119,1.720417664841513e-30
4,120,1.191221856394975e-30
4,121,7.85030497912141e-31
4,122,2.1816512422969493e-31
4,123,1.1932060285247844e-30
4,124,1.3831837847986974e-30
4,125,1.815878437014311e-30
4,126,6.481054398757869e-31
4,127,1.5647257808274146e-30
4,128,1.0123415785480006e-15
4,129,2.0519945647683434e-30
4,130,1.0695236065258766e-30
4,131,9.073380953542393e-31
4,132,1.2857505172203843e-30
4,133,1.089148443197201e-30
4,134,5.522678277235506e-31
4,135,8.752021129388757e-31
4,136,2.7289048446551323e-30
4,137,1.2043711925219873e-30
4,138,5.382005793715198e-16
4,139,6.396339608087004e-31
4,140,5.681481584493245e-31
4,141,1.4576963392142142e-30
4,142,1.3501505182528662e-30
4,143,1.0805480420201201e-30
4,144,5.411069015360565e-31
4,145,1.1379866891215015e-30
4,146,1.4116534270745157e-30
4,147,7.0233043790551415e-31
4,148,1.8161779931522287e-30
4,149,2.6188075864870808e-30
5,6,2.460145110288882e-30
5,7,3.6692039114061186e-30
5,8,3.2181962934252084e-30
5,9,2.77744084613143e-30
5,10,1.5213280096339777e-30
5,11,2.673272045357547e-30
5,12,1.5199149693155966e-30
5,13,3.675278913994848e-30
5,14,6.596065690129804e-31
5,15,2.6800335440552444e-30
5,16,3.5899629367292606e-30
5,17,1.0833897037116033e-30
5,18,2.9664228440230765e-30
5,19,2.9631334381611686e-30
5,20,3.2400758938831596e-30
5,21,3.3302635468499055e-30
5,22,3.201167091049568e-16
5,23,4.245773218873503e-30
5,24,2.5099040250353118e-30
5,25,1.2867686042990763e-30
5,26,3.011740189952395e-30
5,27,7.11152054850062e-30
5,28,1.5179426852830524e-30
5,29,6.995479558037551e-31
5,30,2.517638215563222e-30
5,31,2.256703015378062e-30
5,32,4.420894698622669e-30
5,33,2.089273674147925e-30
5,34,2.6929355495194726e-30
5,35,5.151630713940888e-30
5,36,4.3148723411977886e-30
5,37,9.645064720244693e-16
5,38,1.1590043625470683e-30
5,39,5.183182926482115e-31
5,40,1.8341066181047205e-30
5,41,4.122483616256908e-30
5,42,3.4193425552841975e-30
5,43,1.3278721845846152e-30
5,44,2.212133433564744e-30
5,45,2.857927312498473e-16
5,46,3.1152277301960396e-30
5,47,2.5283895774342467e-30
5,48,1.3893241728498876e-30
5,49,5.1143197204718776e-30
5,50,2.5398581923979563e-30
5,51,2.9665344861569464e-30
5,52,7.857797141243765e-31
5,53,4.884668681145072e-30
5,54,2.5378944748483834e-30
5,55,7.563553502527262e-16
5,56,8.665676190896944e-31
5,57,2.090500429039879e-30
5,58,1.4838733643129708e-30
5,59,2.845482612171294e-30
5,60,2.7060563631250673e-30
5,61,1.5356672370736016e-15
5,62,1.2628695111720322e-29
5,63,8.194360713994778e-16
5,64,2.3729214841074962e-30
5,65,2.1164200606973207e-30
5,66,8.355606752046465e-16
5,67,1.6572011366278065e-30
5,68,3.7763278751325485e-30
5,69,2.754459964725657e-30
5,70,3.374187472534242e-30
5,71,4.008341588552525e-30
5,72,5.2241194663402856e-30
5,73,6.041347290042774e-16
5,74,3.7450701238619664e-30
5,75,2.9062041449291165e-30
5,76,3.0915613060680814e-30
5,77,1.9331755449815256e-30
5,78,2.378320418424733e-30
5,79,2.4521868512170626e-30
5,80,1.0921153522218695e-30
5,81,1.835979980126511e-30
5,82,1.786438839957117e-30
5,83,9.617393921172656e-31
5,84,4.1934866322559544e-30
5,85,8.492594184440054e-31
5,86,4.0049141508028806e-30
5,87,2.7156013729066888e-30
5,88,2.1577512769293966e-30
5,89,5.045042302844406e-30
5,90,2.7722719415059676e-30
5,91,4.892609768520081e-30
5,92,1.1572247089388149e-30
5,93,3.5219957466932574e-30
5,94,1.9212803900620132e-30
5,95,2.2264179650993373e-30
5,96,2.38072939215818e-30
5,97,8.986728118080481e-31
5,98,1.3711154295824493e-30
5,99,5.898467999340756e-16
5,100,1.8113124855845716e-30
5,101,5.244734274098334e-16
5,102,2.0889702291026657e-30
5,103,2.3367666582854292e-30
5,104,1.2428014603174515e-30
5,105,0.0
5,106,3.667996945566585e-30
5,107,2.9190664974400152e-30
5,108,5.578997187560947e-16
5,109,1.954985136251018e-30
5,110,4.497610250740113e-30
5,111,2.1358882942782055e-30
5,112,2.8616545245746607e-30
5,113,5.7830336568320814e-30
5,114,3.009784862368465e-30
5,115,3.2199629885983346e-30
5,116,3.252643427989912e-30
5,117,3.42427907577442e-30
5,118,2.405750246391109e-30
5,119,4.251807667888382e-30
5,120,2.6723330098262997e-30
5,121,2.309951160281567e-30
5,122,5.399677890102175e-31
5,123,4.898716854975332e-16
5,124,2.933872573345013e-30
5,125,4.4111517370839426e-30
5,126,1.5820215379403597e-30
5,127,3.62355625166353e-30
5,128,2.3800614711479823e-15
5,129,4.558732897022335e-30
5,130,2.4423448209367397e-30
5,131,1.902517204308052e-30
5,132,2.7575372235760675e-30
5,133,2.5549753108744407e-30
5,134,1.214277346089007e-30
5,135,1.907821814597889e-30
5,136,4.1193108340966023e-16
5,137,4.716710669963113e-30
5,138,1.381250623999798e-15
5,139,2.0186432754303637e-30
5,140,1.4466080454302591e-30
5,141,3.4089617623878496e-30
5,142,3.1021515260234006e-30
5,143,2.203115733937865e-30
5,144,1.2281442082245183e-30
5,145,2.5015764943631248e-30
5,146,9.487847760054026e-16
5,147,1.9017519554618852e-30
5,148,4.606231600657399e-30
5,149,5.559389407325563e-30
6,7,3.985222889080847e-30
6,8,1.4337057228977609e-30
6,9,2.5520359738665452e-30
6,10,1.8463831407301372e-30
6,11,1.2456978552532667e-30
6,12,1.5132798360930982e-30
6,13,3.7535971235897385e-30
6,14,4.029738838340834e-31
6,15,1.622902188052163e-30
6,16,1.9989581910144905e-30
6,17,5.939386619771184e-31
6,18,2.442444870171497e-30
6,19,3.614716912407631e-30
6,20,2.287874496672003e-30
6,21,1.9212737191705256e-30
6,22,3.8884133623142807e-16
6,23,1.9924127450730227e-30
6,24,1.5009531468576493e-30
6,25,1.3460932523553306e-30
6,26,3.313029475514949e-30
6,27,2.16668977617541e-30
6,28,3.946350296137006e-31
6,29,6.8056487879685025e-31
6,30,9.961754802963833e-31
6,31,1.0609391557421865e-30
6,32,3.2004653529568215e-30
6,33,8.184553825180833e-31
6,34,2.6246023889318596e-30
6,35,1.644878841551817e-30
6,36,1.1598315724734349e-30
6,37,6.706240956056796e-30
6,38,8.075624187780267e-31
6,39,1.347524888467101e-31
6,40,1.2971500161974484e-30
6,41,1.4990634497265436e-30
6,42,1.8292585461515035e-30
6,43,7.986978707338387e-31
6,44,9.374242390663238e-31
6,45,2.472444315327731e-30
6,46,1.7201340969137726e-30
6,47,1.477694302498063e-30
6,48,1.3467325993280207e-30
6,49,6.481837502292613e-30
6,50,2.0040313167177564e-30
6,51,2.2143183661936295e-30
6,52,6.6538060679637395e-31
6,53,2.6445237559806005e-30
6,54,2.681890063409798e-30
6,55,1.0994370292772734e-15
6,56,5.3506828838562154e-31
6,57,1.1687095732348404e-30
6,58,4.090739652905239e-31
6,59,1.1198544044393856e-30
6,60,2.0739200321953757e-30
6,61,8.725365935112831e-16
6,62,1.548683036540705e-29
6,63,3.1676639673831365e-16
6,64,1.1329245283540963e-30
6,65,1.4770005354081104e-30
6,66,4.125445813851756e-31
6,67,4.681165462216632e-31
6,68,1.9047619818113067e-30
6,69,1.1840876868714772e-30
6,70,1.925429313340446e-30
6,71,1.315947087503839e-30
6,72,1.7901412864840713e-30
6,73,2.6020852139653227e-18
6,74,1.0573773324408974e-30
6,75,3.296399580438364e-30
6,76,2.259238198838006e-30
6,77,6.644414856004939e-31
6,78,1.2048406648273167e-30
6,79,2.041601925533107e-30
6,80,6.84887609604035e-31
6,81,2.1576509292053916e-30
6,82,2.0673249936948526e-30
6,83,1.192521363549633e-30
6,84,1.841335650627215e-30
6,85,1.0290468643202332e-30
6,86,1.409347968192533e-30
6,87,2.7387704037893624e-30
6,88,7.389728643422494e-31
6,89,2.2101563220350454e-30
6,90,1.6152211929109482e-30
6,91,1.2921610215147797e-30
6,92,1.2627373472554553e-30
6,93,1.397051985079703e-30
6,94,2.4977410494606507e-30
6,95,1.99194833862394e-30
6,96,7.229557586688511e-31
6,97,2.781643859821587e-31
6,98,3.539552401900037e-31
6,99,2.2920280127082326e-30
6,100,1.080366880683781e-30
6,101,2.9345345843612913e-30
6,102,1.3997556371314277e-30
6,103,2.000857386527744e-30
6,104,1.1885225492762981e-30
6,105,0.0
6,106,2.2382259941615602e-30
6,107,8.087019881386313e-31
6,108,8.904523334262336e-16
6,109,9.250997673294524e-31
6,110,1.3067352360850096e-30
6,111,2.251835670244683e-30
6,112,1.4018754865482306e-30
6,113,1.5219284493449358e-30
6,114,1.3702275716447326e-30
6,115,3.0544438277521486e-30
6,116,4.029102170159974e-30
6,117,1.1821521397065538e-30
6,118,6.616343966242791e-31
6,119,1.9513491194026785e-30
6,120,1.4435063006017255e-30
6,121,1.673632638987087e-30
6,122,6.989095886978534e-31
6,123,2.3680646850664876e-30
6,124,2.070527438144498e-30
6,125,1.1697829175397992e-30
6,126,8.106626592738776e-31
6,127,1.4412073479102898e-30
6,128,6.187688364358552e-16
6,129,1.5940229279182826e-30
6,130,3.1303465049613715e-30
6,131,2.0839962499139135e-30
6,132,2.059192199717297e-30
6,133,9.579128066781833e-31
6,134,9.138337752313938e-31
6,135,1.2578197685276857e-30
6,136,3.037753948009548e-30
6,137,4.449162561393198e-30
6,138,1.71961415341121e-15
6,139,2.2592955950764697e-30
6,140,4.316393572643174e-31
6,141,1.3092612966599576e-30
6,142,1.5914429639596934e-30
6,143,1.1080454816804712e-30
6,144,1.3615943101818558e-30
6,145,1.6623250172740558e-30
6,146,3.8737804122626155e-30
6,147,2.42308546815923e-30
6,148,1.3463826866378263e-30
6,149,2.8622766653212363e-30
7,8,2.0752611165946796e-30
7,9,3.405760580675845e-30
7,10,2.3978917298076784e-30
7,11,1.8826093559758805e-30
7,12,1.8194694179486518e-30
7,13,5.029043735917598e-30
7,14,5.636805492645789e-31
7,15,2.2016358882319915e-30
7,16,2.9955452617356688e-30
7,17,7.4862795412006905e-31
7,18,3.2402055050472815e-30
7,19,4.842600897732398e-30
7,20,2.924318966314668e-30
7,21,2.6110120455374404e-30
7,22,2.1567154986805676e-16
7,23,3.033352955279028e-30
7,24,2.0704826492207688e-30
7,25,1.7694310578575037e-30
7,26,4.350218705531319e-30
7,27,3.157874018574718e-30
7,28,5.7580615925505e-31
7,29,8.271064016235343e-31
7,30,1.3521599493633012e-30
7,31,1.5419933145882525e-30
7,32,4.4353460939120395e-30
7,33,1.2029335446217815e-30
7,34,3.480672438855606e-30
7,35,1.7021544494767684e-30
7,36,1.5535914432379827e-30
7,37,1.31418721522971e-15
7,38,1.0341342104403512e-30
7,39,1.9661537174952638e-31
7,40,1.672940316693674e-30
7,41,2.1563772959985278e-30
7,42,2.4437824107174346e-30
7,43,1.0126072827809508e-30
7,44,1.1477360948588158e-30
7,45,2.9542511435840817e-30
7,46,2.092583660502523e-30
7,47,2.0211835392412654e-30
7,48,1.7067262918368448e-30
7,49,8.538843737409305e-30
7,50,2.3195005222408075e-30
7,51,2.9441030161195313e-30
7,52,9.155058845770803e-31
7,53,2.956102497634994e-30
7,54,3.293964444117353e-30
7,55,4.364889686446935e-16
7,56,7.497423925189795e-31
7,57,1.4459443124311982e-30
7,58,6.1735078759313085e-31
7,59,1.3845299892045908e-30
7,60,2.6701338144043414e-30
7,61,8.925451514469592e-16
7,62,1.4866569796032947e-29
7,63,4.2438016438626175e-16
7,64,1.2101423624972375e-30
7,65,1.9403101842438753e-30
7,66,2.88695331629077e-16
7,67,5.9483625963746275e-31
7,68,2.4686043065999857e-30
7,69,1.6170698428549426e-30
7,70,2.6407988544403314e-30
7,71,1.655632737797405e-30
7,72,2.2110780407074083e-30
7,73,2.92145150895468e-16
7,74,1.4115497188186721e-30
7,75,3.8318684814285834e-30
7,76,2.921026211801693e-30
7,77,1.0105217829748884e-30
7,78,1.7193651457105885e-30
7,79,2.5828804081681546e-30
7,80,8.894524752119643e-31
7,81,2.7948937267547536e-30
7,82,2.7730615642898873e-30
7,83,1.5437211406627667e-30
7,84,2.0824050715928753e-30
7,85,1.3483974233955903e-30
7,86,1.3281315202720329e-30
7,87,3.0340700859553436e-30
7,88,7.069593077656436e-31
7,89,2.9212452905632795e-30
7,90,1.8752807808700286e-30
7,91,2.0186065604284643e-30
7,92,1.7032419266597206e-30
7,93,2.0113259068297e-30
7,94,2.660057167033454e-30
7,95,2.5484301578401456e-30
7,96,1.0790488529341348e-30
7,97,4.572540884480222e-31
7,98,5.114791449169178e-31
7,99,2.6660934991005174e-16
7,100,1.492117740209007e-30
7,101,2.8014609280315825e-16
7,102,1.7234833971029707e-30
7,103,2.707315318808994e-30
7,104,1.5737614269790209e-30
7,105,0.0
7,106,2.7760485034314486e-30
7,107,1.1203392126309296e-30
7,108,7.928019605132892e-16
7,109,1.2554317542475443e-30
7,110,1.9716314500355992e-30
7,111,2.9447234753610913e-30
7,112,2.046383969408122e-30
7,113,2.6114521562843354e-30
7,114,1.941341265149973e-30
7,115,3.7323948656182335e-30
7,116,5.231383130379302e-30
7,117,1.389451678649614e-30
7,118,9.613546615526042e-31
7,119,2.4387112201404987e-30
7,120,1.5201191925494615e-30
7,121,2.172726760995383e-30
7,122,9.19380478237085e-31
7,123,3.214907256493626e-30
7,124,3.148511683371196e-30
7,125,1.5677063842956794e-30
7,126,1.2024324570455455e-30
7,127,1.572797749531943e-30
7,128,9.02836495593438e-16
7,129,2.2755413326984526e-30
7,130,4.097222662428663e-30
7,131,2.9240025631658e-30
7,132,2.7941186602353404e-30
7,133,1.4351327067307014e-30
7,134,1.0911850677363943e-30
7,135,1.7553710944839688e-30
7,136,4.256759992169184e-30
7,137,5.561165969457293e-30
7,138,2.284187544448822e-15
7,139,3.1033699315298604e-30
7,140,5.452726381273045e-31
7,141,1.5343901864200586e-30
7,142,2.0442491177972762e-30
7,143,1.5634339247822519e-30
7,144,1.7171165309071136e-30
7,145,2.334871735438844e-30
7,146,4.988151803136441e-30
7,147,2.3831991646313582e-30
7,148,1.9874168839746913e-30
7,149,4.094730363148421e-30
8,9,1.5010685452346216e-30
8,10,8.426663902208954e-31
8,11,1.4973993427290747e-30
8,12,7.749110383891506e-31
8,13,2.1447293865527068e-30
8,14,3.721763238135035e-31
8,15,1.4354601658712524e-30
8,16,2.034495898821907e-30
8,17,5.1654641899715265e-31
8,18,1.612234713844863e-30
8,19,1.5293986608114287e-30
8,20,1.8081265844088944e-30
8,21,1.759025597326953e-30
8,22,1.1102230246251564e-16
8,23,2.319821654357901e-30
8,24,1.3497488732944197e-30
8,25,6.777699476067557e-31
8,26,1.1648192276690486e-30
8,27,3.62597731864756e-30
8,28,7.4882437300612624e-31
8,29,2.4116608767633786e-31
8,30,1.181273208533544e-30
8,31,1.2593076388894653e-30
8,32,2.571267097523411e-30
8,33,1.1050258721603288e-30
8,34,1.4977378183675749e-30
8,35,2.3915009515418062e-30
8,36,2.0953785942829542e-30
8,37,8.956783990301815e-30
8,38,6.067120689214971e-31
8,39,2.55694351488329e-31
8,40,7.526028612966202e-31
8,41,2.1258308922901202e-30
8,42,1.8973348918996922e-30
8,43,6.368058273043076e-31
8,44,9.888761441007814e-31
8,45,2.130559166232925e-30
8,46,1.58047604942082e-30
8,47,1.3236262488284334e-30
8,48,7.285212654774398e-31
8,49,2.162931120433023e-30
8,50,1.3714675536860967e-30
8,51,1.5279085273556707e-30
8,52,4.556784622310368e-31
8,53,1.9069922664673547e-30
8,54,1.2887661532804094e-30
8,55,1.0338719065410941e-16
8,56,4.489062073509008e-31
8,57,1.0839757472654146e-30
8,58,7.522852884010085e-31
8,59,1.4308942395068866e-30
8,60,1.3355153290501746e-30
8,61,3.2398021848425283e-16
8,62,4.7786500565983285e-30
8,63,2.411951935313948e-16
8,64,1.0793613689330453e-30
8,65,1.0833738570610246e-30
8,66,4.811530919177428e-31
8,67,7.846982025590306e-31
8,68,1.970189235686209e-30
8,69,1.3471332645212179e-30
8,70,1.8255256757601704e-30
8,71,2.063231741040479e-30
8,72,2.3153016410067664e-30
8,73,6.890587178188927e-16
8,74,1.8566480252119654e-30
8,75,1.717166413184922e-30
8,76,1.4321402264488331e-30
8,77,8.236011457745459e-31
8,78,1.326579272507911e-30
8,79,1.4444532547334788e-30
8,80,5.399966700502126e-31
8,81,8.886741591144323e-31
8,82,8.706489019678002e-31
8,83,4.498052778297003e-31
8,84,2.0008880863830168e-30
8,85,4.264284156541444e-31
8,86,1.7785805537408037e-30
8,87,1.5933154249808356e-30
8,88,9.867684357245894e-31
8,89,2.4026251471557752e-30
8,90,1.4916923546462106e-30
8,91,2.475560272136405e-30
8,92,6.601105876017368e-31
8,93,1.8516437542245735e-30
8,94,1.0830324732723903e-30
8,95,1.0801369439858981e-30
8,96,1.1418944914477837e-30
8,97,4.42129069162158e-31
8,98,6.695891539747126e-31
8,99,1.020106141614894e-30
8,100,9.964941485762677e-31
8,101,1.405777861854567e-30
8,102,1.036144087228243e-30
8,103,1.3530022427775464e-30
8,104,7.289584207569804e-31
8,105,0.0
8,106,1.8808956279728695e-30
8,107,1.3851677711204352e-30
8,108,3.5142603444228687e-16
8,109,9.367304380174669e-31
8,110,2.3149919619124464e-30
8,111,1.153790132943591e-30
8,112,1.6110945220140842e-30
8,113,2.8988949012657128e-30
8,114,1.5284419380007146e-30
8,115,1.86178878678009e-30
8,116,9.272843890385457e-31
8,117,1.5514337183983141e-30
8,118,1.1960423691294703e-30
8,119,1.9508470215592896e-30
8,120,1.2853355538399374e-30
8,121,1.103347789496723e-30
8,122,2.4809094815635328e-31
8,123,1.3937004140897386e-30
8,124,1.6717721143330614e-30
8,125,2.0924716710049204e-30
8,126,7.496274830797954e-31
8,127,1.716624395146703e-30
8,128,1.1741207728907685e-15
8,129,2.3716051528399654e-30
8,130,1.2941861550886153e-30
8,131,1.0728722863134964e-30
8,132,1.5485648177751223e-30
8,133,1.2419384829849268e-30
8,134,5.534936660171539e-31
8,135,9.381065942890462e-31
8,136,3.3314189204450526e-30
8,137,1.273994871997597e-30
8,138,6.550551057807843e-16
8,139,7.495101703244351e-31
8,140,6.458796088689347e-31
8,141,1.6730580987679055e-30
8,142,1.556676283830559e-30
8,143,1.2187939985481512e-30
8,144,6.748590792477716e-31
8,145,1.4049778753824634e-30
8,146,1.4782131738889285e-30
8,147,8.955666584504651e-31
8,148,2.093205749763397e-30
8,149,3.1070471575416924e-30
9,10,1.7275934689233842e-30
9,11,1.3440099263414576e-30
9,12,1.1572351259301722e-30
9,13,3.3405826136185944e-30
9,14,3.5181031463527865e-31
9,15,1.4789570826271735e-30
9,16,1.99345298981154e-30
9,17,6.930075507314925e-31
9,18,2.235596714869496e-30
9,19,3.223180891342346e-30
9,20,2.0363698085997585e-30
9,21,1.787526389168705e-30
9,22,3.061430632633736e-16
9,23,2.237956657745237e-30
9,24,1.3262429446583128e-30
9,25,1.2744515014182163e-30
9,26,3.3361132629861145e-30
9,27,3.6509988277088314e-30
9,28,7.7009671469309275e-31
9,29,5.94512136961793e-31
9,30,1.4404751401738288e-30
9,31,1.118712940173677e-30
9,32,2.658037228116244e-30
9,33,9.43375208592453e-31
9,34,2.419094674332788e-30
9,35,2.5613667057957648e-30
9,36,2.1854299657429074e-30
9,37,2.991995714300645e-16
9,38,5.770264982922179e-31
9,39,2.6295802746945596e-31
9,40,1.4930918962785843e-30
9,41,1.834936382960133e-30
9,42,1.5679161035136047e-30
9,43,8.530663937332865e-31
9,44,9.035056890099073e-31
9,45,1.1102676253079204e-16
9,46,1.780670050680004e-30
9,47,1.4515381780451422e-30
9,48,1.2700571434516668e-30
9,49,5.77800030839852e-30
9,50,1.4642347606227341e-30
9,51,2.1922749934458484e-30
9,52,5.290906908576209e-31
9,53,3.364312241336318e-30
9,54,1.955843188348223e-30
9,55,4.018019900027663e-16
9,56,4.985109918935788e-31
9,57,1.1734234570833134e-30
9,58,7.33091194793009e-31
9,59,1.5277239247785632e-30
9,60,2.1817225751830733e-30
9,61,3.7646011558720793e-16
9,62,7.563516987449304e-30
9,63,5.740007650854425e-16
9,64,1.4267589866965272e-30
9,65,1.463225102824266e-30
9,66,1.307503318452227e-16
9,67,9.078895692823465e-31
9,68,1.707815080169944e-30
9,69,1.5719570825956358e-30
9,70,1.6199747050688304e-30
9,71,1.8752712771318468e-30
9,72,3.1552114840449676e-30
9,73,2.8130481493638747e-16
9,74,1.941941742628448e-30
9,75,2.6471192813414085e-30
9,76,2.4016442924445945e-30
9,77,1.054982631605606e-30
9,78,1.171870618932585e-30
9,79,1.5700824104975624e-30
9,80,7.165322540213704e-31
9,81,1.912002939753508e-30
9,82,1.7562997119749386e-30
9,83,1.1513220112835357e-30
9,84,2.5218733067243416e-30
9,85,1.0171167841090519e-30
9,86,2.104658758638159e-30
9,87,1.8792944085894465e-30
9,88,1.1308436848586344e-30
9,89,3.0057288346757684e-30
9,90,1.2844034683231615e-30
9,91,2.4432603023116507e-30
9,92,1.0806193988273285e-30
9,93,1.7216025717946897e-30
9,94,1.952467007795919e-30
9,95,2.0741940123231604e-30
9,96,1.2959367321055883e-30
9,97,4.586616433885244e-31
9,98,7.0819297821453075e-31
9,99,1.9129407011128686e-16
9,100,9.050901452094753e-31
9,101,2.649146119902181e-16
9,102,1.3155880973462021e-30
9,103,1.803204764827347e-30
9,104,9.958091692459037e-31
9,105,0.0
9,106,2.1741664193921788e-30
9,107,1.6046911238060064e-30
9,108,3.2562394570672726e-16
9,109,1.1291442698182277e-30
9,110,2.178538305928025e-30
9,111,2.0168420255773414e-30
9,112,1.4499659020616936e-30
9,113,2.9818600975848e-30
9,114,1.6418989934464625e-30
9,115,2.2262827941714175e-30
9,116,3.878883618593708e-30
9,117,1.9934888414411578e-30
9,118,1.1129034599544574e-30
9,119,2.6513968162160697e-30
9,120,1.3584828943237503e-30
9,121,1.715922551946034e-30
9,122,6.471074700641662e-31
9,123,2.0627039870047996e-30
9,124,1.925387615498259e-30
9,125,2.3425095349363975e-30
9,126,1.0959582536384865e-30
9,127,1.8822768296458188e-30
9,128,1.2074747864125659e-15
9,129,2.176148874730765e-30
9,130,2.698719963586888e-30
9,131,1.914598847895667e-30
9,132,1.7451005784436588e-30
9,133,1.3810611876479962e-30
9,134,9.078063208600026e-31
9,135,1.2702636534126719e-30
9,136,2.9146430450364322e-30
9,137,4.727309257100434e-30
9,138,1.51742700400511e-15
9,139,2.281624182596399e-30
9,140,8.333488972928625e-31
9,141,1.812570167073764e-30
9,142,1.76858721291779e-30
9,143,1.0974815270896984e-30
9,144,1.2273170508906405e-30
9,145,1.3870577508477215e-30
9,146,3.4099643523939634e-30
9,147,1.697091280814451e-30
9,148,2.6935870884101767e-30
9,149,2.790902118612759e-30
10,11,7.419345538186391e-31
10,12,8.238527561563967e-31
10,13,2.368028380272791e-30
10,14,2.355643014087293e-31
10,15,1.0122605941445852e-30
10,16,1.3204204211554375e-30
10,17,4.315962182841633e-31
10,18,1.5022094862486485e-30
10,19,2.313878646060927e-30
10,20,1.3299437555834655e-30
10,21,1.0352993582272077e-30
10,22,2.7031878554645085e-30
10,23,1.1790445946451379e-30
10,24,9.291826332392019e-31
10,25,8.777981027626454e-31
10,26,2.2070848106228626e-30
10,27,1.658429612685859e-30
10,28,3.6072169149093745e-31
10,29,4.444473265431743e-31
10,30,6.704667863802945e-31
10,31,6.150206300005848e-31
10,32,1.7737350015232403e-30
10,33,4.8162561958451525e-31
10,34,1.6881894221446462e-30
10,35,1.3083349891143627e-30
10,36,1.0469261955856551e-30
10,37,6.274200121407047e-30
10,38,4.053480423339502e-31
10,39,1.2317240503708035e-31
10,40,8.807068721452257e-31
10,41,8.961987675600756e-31
10,42,1.0026998912338231e-30
10,43,5.684721822669591e-31
10,44,5.669828762212211e-31
10,45,2.0705921788187425e-30
10,46,1.0880295660970099e-30
10,47,9.474520371934911e-31
10,48,9.068116066344616e-31
10,49,4.1653868612939575e-30
10,50,1.04012419085424e-30
10,51,1.4578524613111936e-30
10,52,4.026551359321154e-31
10,53,2.031178259245895e-30
10,54,1.3298501272778959e-30
10,55,1.600683159035722e-30
10,56,3.230563420498427e-31
10,57,6.40839290553287e-31
10,58,3.4022229311773724e-31
10,59,7.812697178652055e-31
10,60,1.4451560019223365e-30
10,61,1.1102230246251543e-16
10,62,5.1839500107469e-30
10,63,1.5011122659325284e-16
10,64,8.098634576699485e-31
10,65,9.844983483684841e-31
10,66,3.5017550364674312e-31
10,67,4.583564097678815e-31
10,68,1.1151303222324608e-30
10,69,9.51489532819377e-31
10,70,1.1067259669308687e-30
10,71,9.100264892113604e-31
10,72,1.679780625632154e-30
10,73,5.7805132654440935e-31
10,74,9.082969912907764e-31
10,75,1.790352965958598e-30
10,76,1.6009677670947952e-30
10,77,4.387591312106586e-31
10,78,6.740760212140213e-31
10,79,1.1171353510664547e-30
10,80,4.668414259981637e-31
10,81,1.4101837075278964e-30
10,82,1.2098368629142141e-30
10,83,7.98447265156612e-31
10,84,1.2880437181435635e-30
10,85,6.7845541873620066e-31
10,86,1.1726001295612912e-30
10,87,1.3360537842926225e-30
10,88,6.202001912976353e-31
10,89,1.7156697401205078e-30
10,90,8.784520214063246e-31
10,91,1.1279088327615867e-30
10,92,7.681366913615767e-31
10,93,8.06307625850989e-31
10,94,1.335846749334987e-30
10,95,1.400006003777125e-30
10,96,6.043489540649091e-31
10,97,1.990289518829157e-31
10,98,3.3644404314936024e-31
10,99,1.3457181478350038e-30
10,100,6.527389649001179e-31
10,101,1.9505043299702615e-30
10,102,9.52858003052506e-31
10,103,1.194952009515271e-30
10,104,7.552216858800323e-31
10,105,0.0
10,106,1.3761371861784136e-30
10,107,7.840682772046737e-31
10,108,5.728712523675135e-16
10,109,6.430972590165252e-31
10,110,1.0157251222369485e-30
10,111,1.4679437681555426e-30
10,112,8.172467229582962e-31
10,113,1.329006742061822e-30
10,114,9.484918940599604e-31
10,115,1.5978779375587544e-30
10,116,2.69173153515265e-30
10,117,1.0471660611774377e-30
10,118,5.424151097874798e-31
10,119,1.5434442900447982e-30
10,120,7.882024085276742e-31
10,121,1.1058160747261576e-30
10,122,4.516860212724504e-31
10,123,1.433102949443529e-30
10,124,1.2429159170605017e-30
10,125,1.1412086518189244e-30
10,126,6.999451145269651e-31
10,127,1.098208310238176e-30
10,128,5.655943455894161e-16
10,129,1.0221914459178525e-30
10,130,1.9463356499394417e-30
10,131,1.3099868023583263e-30
10,132,1.267215693679665e-30
10,133,7.8634190448242255e-31
10,134,5.412914064292679e-31
10,135,8.839483238486941e-31
10,136,1.893912020642237e-30
10,137,3.19414159201185e-30
10,138,1.0853104412965126e-15
10,139,1.571394090510033e-30
10,140,4.260261516532206e-31
10,141,9.176418753205932e-31
10,142,1.1072530690463539e-30
10,143,6.267652576453601e-31
10,144,8.64191469448123e-31
10,145,9.628919685756755e-31
10,146,2.4182075188211753e-30
10,147,1.1475823902308049e-30
10,148,1.2990339632015177e-30
10,149,1.6320943095531917e-30
11,12,6.750492468130624e-31
11,13,1.8652689926658427e-30
11,14,3.207252154454047e-31
11,15,1.2227186106797468e-30
11,16,1.7243940194171002e-30
11,17,4.521433823428334e-31
11,18,1.2632409867764977e-30
11,19,1.4424927664098885e-30
11,20,1.6791948064962174e-30
11,21,1.5173980404951987e-30
11,22,1.124807789873957e-30
11,23,1.999969170307542e-30
11,24,1.1431262574972293e-30
11,25,6.221491042332043e-31
11,26,1.051289467266491e-30
11,27,3.0731270687946603e-30
11,28,6.268537185460668e-31
11,29,3.452927552851456e-31
11,30,1.0793573897376896e-30
11,31,1.0755604044407656e-30
11,32,2.1751426739060788e-30
11,33,9.233991410288052e-31
11,34,1.2593077099845214e-30
11,35,1.8884131281647146e-30
11,36,1.7211673050739464e-30
11,37,7.934519253036253e-30
11,38,5.431634852909514e-31
11,39,2.1404612459158405e-31
11,40,7.641592015462151e-31
11,41,1.7768471313630523e-30
11,42,1.709544509976248e-30
11,43,5.253454638016066e-31
11,44,7.353045542695915e-31
11,45,1.7446343883761454e-30
11,46,1.3493346210779102e-30
11,47,1.0977325794444757e-30
11,48,6.749473710401708e-31
11,49,2.0314125602536944e-30
11,50,1.2028986284323598e-30
11,51,1.3231175976851503e-30
11,52,5.970971728948124e-31
11,53,1.6794458894775302e-30
11,54,1.0061422736512039e-30
11,55,3.0546304164040704e-30
11,56,4.520490805897866e-31
11,57,9.212879831373139e-31
11,58,6.327775738252062e-31
11,59,1.1672301479249103e-30
11,60,1.1592404994291359e-30
11,61,3.5975337699988616e-16
11,62,2.7302367046634824e-30
11,63,1.0026641665932496e-15
11,64,9.92193728073707e-31
11,65,9.432814695119762e-31
11,66,4.222114895790973e-31
11,67,6.535886709717347e-31
11,68,1.614903364316145e-30
11,69,1.1437995418296577e-30
11,70,1.5566018428409354e-30
11,71,1.6628573189672742e-30
11,72,1.9350656232973854e-30
11,73,1.2742774737376426e-30
11,74,1.5462248710987481e-30
11,75,1.4621111018494618e-30
11,76,1.2057576684229989e-30
11,77,8.063812118937896e-31
11,78,1.119126179651749e-30
11,79,1.219056527940227e-30
11,80,4.88277874112803e-31
11,81,8.348765987673772e-31
11,82,7.246542169711947e-31
11,83,5.282310353828428e-31
11,84,1.750661599654354e-30
11,85,3.6485190097447247e-31
11,86,1.3730311766064752e-30
11,87,1.4091270205385633e-30
11,88,7.833553712987616e-31
11,89,2.0631434535110487e-30
11,90,1.1952955353591965e-30
11,91,2.1123478018372236e-30
11,92,5.866223484742506e-31
11,93,1.5862956406000886e-30
11,94,8.937325305950377e-31
11,95,9.854403347118477e-31
11,96,1.0496070255291953e-30
11,97,4.157443105753042e-31
11,98,5.598377349253688e-31
11,99,9.304604928885691e-31
11,100,8.635375423161752e-31
11,101,1.0991797430609096e-30
11,102,8.929769377295939e-31
11,103,1.2158969892625587e-30
11,104,5.746421201600863e-31
11,105,0.0
11,106,1.6250475827960527e-30
11,107,1.1696563517119035e-30
11,108,1.359739955510518e-16
11,109,8.606224488499515e-31
11,110,1.946097675236098e-30
11,111,1.1210432185400689e-30
11,112,1.3833910082217903e-30
11,113,2.556541600452377e-30
11,114,1.283787474004646e-30
11,115,1.631167275243891e-30
11,116,8.897881396767633e-31
11,117,1.2694233566686947e-30
11,118,1.0252163035992683e-30
11,119,1.629980965910478e-30
11,120,1.0336323396200483e-30
11,121,1.1632000465397105e-30
11,122,2.2605551487699634e-31
11,123,1.2423701091380714e-30
11,124,1.5152725539167585e-30
11,125,1.7344738966015806e-30
11,126,6.336926894252282e-31
11,127,1.362986326335494e-30
11,128,9.828766250677836e-16
11,129,1.972564082218901e-30
11,130,1.2799708046730577e-30
11,131,1.051232986322192e-30
11,132,1.372750619723059e-30
11,133,1.0260661736934001e-30
11,134,5.515155927747077e-31
11,135,7.3426315095753255e-31
11,136,2.8753335356001804e-30
11,137,1.0427817287713384e-30
11,138,6.08727296332358e-16
11,139,6.839359974252421e-31
11,140,5.326073514671274e-31
11,141,1.4009469333503607e-30
11,142,1.3164938658343384e-30
11,143,1.018460924766513e-30
11,144,4.490505271949355e-31
11,145,1.2869918201039947e-30
11,146,1.234452901551578e-30
11,147,8.022449911993454e-31
11,148,1.8096069171751413e-30
11,149,2.6574900891619288e-30
12,13,1.7060313293866156e-30
12,14,1.8662600271827241e-31
12,15,7.1258540577459595e-31
12,16,1.4385842197444135e-30
12,17,2.977376136368727e-31
12,18,1.2222056131354333e-30
12,19,1.6419328335644002e-30
12,20,1.1013759305457977e-30
12,21,1.0079487693800745e-30
12,22,1.9274431343291557e-30
12,23,1.4338394363744679e-30
12,24,8.356958981319745e-31
12,25,6.165523447290847e-31
12,26,1.5555917539057932e-30
12,27,1.6942692580928503e-30
12,28,3.309633139853966e-31
12,29,3.9150607002154114e-31
12,30,1.035190216463302e-30
12,31,5.663530886617623e-31
12,32,1.4742374766771914e-30
12,33,4.656025682107715e-31
12,34,1.185957958369819e-30
12,35,1.2181932074986867e-30
12,36,9.483255601825935e-31
12,37,4.7904192986692496e-30
12,38,4.721356443631811e-31
12,39,1.1301107841375228e-31
12,40,6.343505312047129e-31
12,41,8.754551339667721e-31
12,42,8.501733423724583e-31
12,43,3.887748203596592e-31
12,44,5.9072807612238675e-31
12,45,1.5000433754087208e-30
12,46,7.77045184826974e-31
12,47,6.864023416383265e-31
12,48,6.020495577371632e-31
12,49,3.0068399707454252e-30
12,50,8.747917047536442e-31
12,51,1.0089340287323861e-30
12,52,3.634490929454323e-31
12,53,1.6707506862465205e-30
12,54,1.0736293040749545e-30
12,55,1.141105269282322e-15
12,56,2.7656530705380367e-31
12,57,8.126106380114325e-31
12,58,3.215800090878731e-31
12,59,6.808547535353568e-31
12,60,9.142767401547236e-31
12,61,5.537219944579119e-16
12,62,6.6904723099675e-30
12,63,6.288127341624457e-16
12,64,7.182485356963315e-31
12,65,6.53815446862035e-31
12,66,2.424817675557651e-31
12,67,3.7855985433494586e-31
12,68,8.65781016178354e-31
12,69,6.474357172596526e-31
12,70,8.718267542946327e-31
12,71,8.762379829997617e-31
12,72,1.3287869080953296e-30
12,73,7.748034478322945e-31
12,74,9.096560881487408e-31
12,75,2.461934841210145e-30
12,76,1.0616323008968903e-30
12,77,5.40838189983351e-31
12,78,6.101846956722857e-31
12,79,8.363501971747372e-31
12,80,3.2048024473330287e-31
12,81,9.804904245403736e-31
12,82,9.491866172808685e-31
12,83,5.431611882191203e-31
12,84,1.277702938124731e-30
12,85,4.580914711348086e-31
12,86,9.654727959920664e-31
12,87,1.3797114032990877e-30
12,88,5.158222528516711e-31
12,89,1.2562324298750993e-30
12,90,1.1675179915476345e-30
12,91,1.048234296167072e-30
12,92,5.615477353002967e-31
12,93,8.154889719220753e-31
12,94,1.1704293496326071e-30
12,95,8.684083243981654e-31
12,96,5.629161978669716e-31
12,97,2.1779936581114135e-31
12,98,3.0121490340548396e-31
12,99,1.3290684463614156e-30
12,100,4.90791346557792e-31
12,101,1.401273809723355e-30
12,102,8.570293823247098e-31
12,103,8.945511797898374e-31
12,104,6.378414185731379e-31
12,105,0.0
12,106,8.888572559983852e-31
12,107,7.105863089536808e-31
12,108,2.6331251014325283e-16
12,109,8.330732402664941e-31
12,110,9.779471909751838e-31
12,111,1.0659539185490764e-30
12,112,7.385886493649595e-31
12,113,1.2802538289468615e-30
12,114,8.014725372398723e-31
12,115,1.2784577653206828e-30
12,116,1.862027925753838e-30
12,117,8.093879331201618e-31
12,118,5.0666437016015895e-31
12,119,1.1119959184990244e-30
12,120,1.0284537173024134e-30
12,121,9.51037462860567e-31
12,122,3.122515784808067e-31
12,123,1.0451494203173488e-30
12,124,1.1284942908372619e-30
12,125,9.931973230922196e-31
12,126,8.446322633374306e-31
12,127,8.6127925388681e-31
12,128,5.189346341052455e-16
12,129,9.966955505496443e-31
12,130,1.3825553264460962e-30
12,131,1.0438364156365123e-30
12,132,9.263880091858835e-31
12,133,6.873841709350659e-31
12,134,5.2921894057257155e-31
12,135,6.815863622253526e-31
12,136,1.4461647464115268e-30
12,137,2.1762062270485257e-30
12,138,7.681828785909302e-16
12,139,1.2449931317736792e-30
12,140,3.461980012752532e-31
12,141,9.918282947746331e-31
12,142,8.659253874658246e-31
12,143,5.925909433493128e-31
12,144,6.079071446544403e-31
12,145,7.768048672386125e-31
12,146,1.711801832399071e-30
12,147,1.297972093468185e-30
12,148,1.1596263843781525e-30
12,149,1.433718718759028e-30
13,14,5.203524558894375e-31
13,15,2.031938159678111e-30
13,16,2.8725348476559443e-30
13,17,8.390324873632405e-31
13,18,3.115568089150476e-30
13,19,4.628374852093251e-30
13,20,2.871967215448454e-30
13,21,2.350446400972833e-30
13,22,5.307233312815946e-16
13,23,2.8881472305817496e-30
13,24,1.90929839183266e-30
13,25,1.759022747978413e-30
13,26,4.459537838589455e-30
13,27,4.3546763547777874e-30
13,28,9.009840337156966e-31
13,29,8.455325539111269e-31
13,30,1.5418626215912981e-30
13,31,1.543524305226725e-30
13,32,4.0183129688394355e-30
13,33,1.24402393605464e-30
13,34,3.3792505352482095e-30
13,35,2.877970717247683e-30
13,36,2.5221909251814035e-30
13,37,5.342788137377823e-16
13,38,9.225354543569264e-31
13,39,3.0765094794849725e-31
13,40,1.8637168325503547e-30
13,41,2.266958595340841e-30
13,42,2.3939093340882324e-30
13,43,1.0605408162135507e-30
13,44,1.0154897819249376e-30
13,45,4.253365878463153e-30
13,46,2.071127696418936e-30
13,47,1.8879134051660904e-30
13,48,1.679898319218606e-30
13,49,8.368185468095859e-30
13,50,2.133074803452722e-30
13,51,2.8747091709661203e-30
13,52,8.591542280556938e-31
13,53,4.003521509493529e-30
13,54,2.9680543050366858e-30
13,55,6.929716840198353e-16
13,56,7.168119463477935e-31
13,57,1.4508262418232904e-30
13,58,8.734516263788183e-31
13,59,1.874774750361037e-30
13,60,2.703897300475486e-30
13,61,6.162274003871782e-16
13,62,1.4674626629778326e-29
13,63,5.731207133015194e-16
13,64,1.6568522826249235e-30
13,65,1.9150708453823534e-30
13,66,1.1963344411265265e-16
13,67,1.0403335349959998e-30
13,68,2.3100071533024337e-30
13,69,1.8613060947375913e-30
13,70,2.3756536581424928e-30
13,71,2.318591894609469e-30
13,72,3.654884550117029e-30
13,73,2.1816863435472983e-16
13,74,2.2825912806747808e-30
13,75,3.5978350696462256e-30
13,76,3.0701649563990356e-30
13,77,1.3217317224794156e-30
13,78,1.6498806924859434e-30
13,79,2.4095249040674417e-30
13,80,9.149430066183102e-31
13,81,2.7513101489657094e-30
13,82,2.588487738099836e-30
13,83,1.550165395867905e-30
13,84,2.7754891560222607e-30
13,85,1.341011634728246e-30
13,86,2.353698948813764e-30
13,87,2.8109468387005994e-30
13,88,1.2598226815071884e-30
13,89,3.535402487214116e-30
13,90,1.909174832858515e-30
13,91,2.9328214504965423e-30
13,92,1.5883445036017886e-30
13,93,2.1338759830170678e-30
13,94,2.5816146889062075e-30
13,95,2.5539007929554574e-30
13,96,1.5389563751555883e-30
13,97,5.749859770830769e-31
13,98,8.214866965055774e-31
13,99,1.159243179471732e-15
13,100,1.371224986499501e-30
13,101,5.409222742696313e-16
13,102,1.7768086704780395e-30
13,103,2.517965580897566e-30
13,104,1.5711297461591102e-30
13,105,0.0
13,106,2.7037006705112964e-30
13,107,1.841235793828605e-30
13,108,7.004589141375821e-16
13,109,1.2965978950254266e-30
13,110,2.6413245503111133e-30
13,111,2.9090666901650608e-30
13,112,2.02663767300898e-30
13,113,3.616242396519503e-30
13,114,1.9608746736675743e-30
13,115,3.371211192277551e-30
13,116,5.322301249564513e-30
13,117,2.3529209904223763e-30
13,118,1.320309145999668e-30
13,119,3.1156945247931083e-30
13,120,1.6307185303273366e-30
13,121,2.3137500612517685e-30
13,122,8.99210584931744e-31
13,123,2.971228563770684e-30
13,124,2.738891075982073e-30
13,125,2.6891883339476852e-30
13,126,1.3843613988640879e-30
13,127,2.199559430801716e-30
13,128,1.4126998374555598e-15
13,129,2.653916043286155e-30
13,130,3.86490431497305e-30
13,131,2.7068673594753616e-30
13,132,2.6001206012532558e-30
13,133,1.6108171571817744e-30
13,134,1.1884016011453546e-30
13,135,1.7476945894479006e-30
13,136,4.03054143997461e-30
13,137,6.140911083885256e-30
13,138,2.1833767473159976e-15
13,139,3.1109598592659487e-30
13,140,9.550708148761834e-31
13,141,1.9898008037546124e-30
13,142,2.145463901634774e-30
13,143,1.5178669556952602e-30
13,144,1.705736130036249e-30
13,145,2.1041917553930124e-30
13,146,4.8838101469583606e-30
13,147,2.3529213625303876e-30
13,148,3.1808234863712396e-30
13,149,3.927531335883022e-30
14,15,3.0435302410962187e-31
14,16,4.239794949797805e-31
14,17,1.1116005220110622e-31
14,18,3.2947334901225875e-31
14,19,4.738714062717436e-31
14,20,4.2730104710979275e-31
14,21,3.7468256443152595e-31
14,22,4.7316426412236e-31
14,23,5.000870241831404e-31
14,24,2.787807898872459e-31
14,25,1.6769296341230749e-31
14,26,3.826553388556369e-31
14,27,7.6812190981353825e-31
14,28,1.583297156215657e-31
14,29,7.516991027114072e-32
14,30,2.6126771938860966e-31
14,31,2.683619663641561e-31
14,32,5.755597898465708e-31
14,33,2.2747793715669323e-31
14,34,3.4534062034876324e-31
14,35,4.97381531073249e-31
14,36,4.4116154228190645e-31
14,37,1.971090836237934e-30
14,38,1.276379561398521e-31
14,39,5.406342984626196e-32
14,40,1.8113918846210871e-31
14,41,4.271861742403111e-31
14,42,4.005601628222442e-31
14,43,1.3205869156882466e-31
14,44,1.89265849304289e-31
14,45,5.148072457301752e-31
14,46,3.3271032690991154e-31
14,47,2.71847731883712e-31
14,48,1.8303899461981496e-31
14,49,7.991871921248032e-31
14,50,3.0005959589275046e-31
14,51,3.2323072035611217e-31
14,52,1.065733638304372e-31
14,53,4.718274285089681e-31
14,54,3.152401060138972e-31
14,55,7.572712606730997e-31
14,56,1.0654683806160134e-31
14,57,2.203445647190128e-31
14,58,1.5797816010558554e-31
14,59,2.9784022654112663e-31
14,60,2.815832685224816e-31
14,61,4.940888473978154e-31
14,62,1.1197088189975358e-30
14,63,1.2170408096477616e-30
14,64,2.3591113581951094e-31
14,65,2.326499830133107e-31
14,66,1.0298869756264794e-31
14,67,1.6833001805571707e-31
14,68,4.024910257047201e-31
14,69,2.7522341587272e-31
14,70,3.876885140111001e-31
14,71,4.2145013991512956e-31
14,72,5.213707356786496e-31
14,73,2.3866078576092685e-31
14,74,3.9287340822070314e-31
14,75,4.208455913465434e-31
14,76,2.91509135198951e-31
14,77,1.847627058052205e-31
14,78,2.8167229194592313e-31
14,79,3.246496062134342e-31
14,80,1.1625883238769155e-31
14,81,2.817021248824343e-31
14,82,2.535282100512626e-31
14,83,1.4426726475726487e-31
14,84,4.345398491762069e-31
14,85,1.2150606813274157e-31
14,86,3.7147779685562675e-31
14,87,3.7561021265538716e-31
14,88,2.0696061288959487e-31
14,89,5.168134862669569e-31
14,90,3.0224617295172964e-31
14,91,5.224076584449583e-31
14,92,1.7797063996316137e-31
14,93,3.924262827587696e-31
14,94,2.56605788106458e-31
14,95,2.5676302088488536e-31
14,96,2.4900476460579604e-31
14,97,9.642472646762252e-32
14,98,1.4198569172400796e-31
14,99,2.7970342780992634e-31
14,100,2.1175438676692704e-31
14,101,3.8231707535988744e-31
14,102,2.1916415679707316e-31
14,103,3.3289802627500472e-31
14,104,1.5800396562586695e-31
14,105,0.0
14,106,3.979497612389739e-31
14,107,2.9984225082156384e-31
14,108,7.699093066131859e-31
14,109,2.0057784851830463e-31
14,110,4.843555218108946e-31
14,111,2.9491988036604495e-31
14,112,3.4616492387939386e-31
14,113,6.196783336375917e-31
14,114,3.180460208457497e-31
14,115,4.30102453151607e-31
14,116,4.734310154106033e-31
14,117,3.393356119160302e-31
14,118,2.425637683007868e-31
14,119,4.243174378839044e-31
14,120,2.557564269144626e-31
14,121,2.2704314105286527e-31
14,122,8.561082509545546e-32
14,123,3.6102234258729293e-31
14,124,3.8682424927266674e-31
14,125,4.473924284142747e-31
14,126,1.6002971401193158e-31
14,127,3.5336439929732137e-31
14,128,2.4825341532472726e-16
14,129,4.922881729760273e-31
14,130,4.024411230624897e-31
14,131,2.9293838643638288e-31
14,132,3.461144490280386e-31
14,133,2.5885022697937392e-31
14,134,1.2040561405320703e-31
14,135,1.8685502877247631e-31
14,136,6.970813218678343e-31
14,137,5.403937946206938e-31
14,138,2.22044604925031e-16
14,139,2.813134493392031e-31
14,140,1.4374406218962e-31
14,141,3.5154955253950075e-31
14,142,3.2726960441445767e-31
14,143,2.5808725708706918e-31
14,144,1.5587493156851177e-31
14,145,3.1541940698515344e-31
14,146,4.68618267969433e-31
14,147,2.0731843388210402e-31
14,148,4.687553882138815e-31
14,149,6.645418977390721e-31
15,16,1.5579236600122991e-30
15,17,5.364446313229016e-31
15,18,1.4587685749107567e-30
15,19,1.9619905962645297e-30
15,20,1.5817466674933543e-30
15,21,1.564932989395896e-30
15,22,2.504057772777727e-30
15,23,1.9479756661807647e-30
15,24,1.1086746025349922e-30
15,25,7.805238425826759e-31
15,26,2.05160804842454e-30
15,27,3.3383955671144436e-30
15,28,7.054264956714493e-31
15,29,3.7738092496981746e-31
15,30,1.1909225980715236e-30
15,31,1.0326945547982488e-30
15,32,2.119632277015682e-30
15,33,9.17004645953333e-31
15,34,1.4585126846473717e-30
15,35,2.291361443824604e-30
15,36,1.9887703815216864e-30
15,37,1.005848740736075e-29
15,38,4.76892245902488e-31
15,39,2.4087566702629226e-31
15,40,1.019490355245432e-30
15,41,1.7674505184805994e-30
15,42,1.5382660504792415e-30
15,43,6.2659223267197935e-31
15,44,8.181906286864023e-31
15,45,2.7355801565400508e-30
15,46,1.451752973467949e-30
15,47,1.152136848649076e-30
15,48,7.1895018911935155e-31
15,49,3.517465356687265e-30
15,50,1.1767175958028775e-30
15,51,1.4158875925446702e-30
15,52,3.79607339890477e-31
15,53,2.5183051690100842e-30
15,54,1.2935384442378219e-30
15,55,2.9861919007716678e-30
15,56,3.929225939303938e-31
15,57,9.850009020930875e-31
15,58,6.833019875908944e-31
15,59,1.374162605369471e-30
15,60,1.3241721480780029e-30
15,61,2.4925183071198293e-16
15,62,5.22209921295782e-30
15,63,1.57621370006086e-16
15,64,1.155108482584214e-30
15,65,1.0218004611980554e-30
15,66,5.048915629787504e-31
15,67,7.879215263576529e-31
15,68,1.6240516195640937e-30
15,69,1.2833027031715377e-30
15,70,1.5388224547711608e-30
15,71,1.7994619078536335e-30
15,72,2.5886131933023977e-30
15,73,1.0582581399968305e-30
15,74,1.762421697909535e-30
15,75,1.6186026484637475e-30
15,76,1.5747845447534089e-30
15,77,8.920213966101225e-31
15,78,1.0806238769811389e-30
15,79,1.1934574437724377e-30
15,80,5.370362026934024e-31
15,81,1.157734435500786e-30
15,82,1.1001734433667465e-30
15,83,6.795038507727999e-31
15,84,2.0382480602881684e-30
15,85,5.97396805229491e-31
15,86,1.783351203844008e-30
15,87,1.3790666396455797e-30
15,88,9.736416021985547e-31
15,89,2.4548751783438485e-30
15,90,1.2405425094301568e-30
15,91,2.271217852494004e-30
15,92,6.922122483836336e-31
15,93,1.6265541146363914e-30
15,94,1.1364640857534373e-30
15,95,1.1734927911413541e-30
15,96,1.1364561817271737e-30
15,97,4.1487676976329025e-31
15,98,6.405684882514636e-31
15,99,1.1408323523715076e-30
15,100,8.177419235598456e-31
15,101,1.6243235863269763e-30
15,102,9.749423511463974e-31
15,103,1.245960144313626e-30
15,104,6.33730573628106e-31
15,105,0.0
15,106,1.715876760616836e-30
15,107,1.3933458270996524e-30
15,108,4.494835986551777e-16
15,109,9.250879702376557e-31
15,110,2.0544558596863295e-30
15,111,1.231643592919503e-30
15,112,1.3187503050109956e-30
15,113,2.7093416238748008e-30
15,114,1.408254768047496e-30
15,115,1.5778918133666873e-30
15,116,2.3352096649025716e-30
15,117,1.6716140428419453e-30
15,118,1.0478886246631782e-30
15,119,2.0943639169547707e-30
15,120,1.151104027456424e-30
15,121,1.2108914396902628e-30
15,122,3.8599480362235705e-31
15,123,1.3627380031024987e-30
15,124,1.4170492429300044e-30
15,125,2.0754685725423366e-30
15,126,7.962487613311482e-31
15,127,1.6516920947009744e-30
15,128,1.1060749785565703e-15
15,129,2.0617387422477014e-30
15,130,1.650150245720272e-30
15,131,1.16893914967224e-30
15,132,1.2854317823965875e-30
15,133,1.1841947972936985e-30
15,134,6.624468029270543e-31
15,135,8.952148913271425e-31
15,136,2.8051563106969114e-30
15,137,2.972150611247351e-30
15,138,9.284190776113213e-16
15,139,1.3445877504552838e-30
15,140,7.031367397392162e-31
15,141,1.5759415285468749e-30
15,142,1.4759427736202488e-30
15,143,9.973410454489036e-31
15,144,7.471482576867099e-31
15,145,1.1700788422706322e-30
15,146,2.070316530662615e-30
15,147,1.108081090530035e-30
15,148,2.276883877108886e-30
15,149,2.544203596158512e-30
16,17,5.816170178158558e-31
16,18,2.050640614437434e-30
16,19,2.52234420204699e-30
16,20,2.468047478082596e-30
16,21,1.7692086806114745e-30
16,22,9.356144116011522e-16
16,23,2.6239090529047648e-30
16,24,1.767779052729597e-30
16,25,9.41362349132503e-31
16,26,1.707321709110124e-30
16,27,4.024955805381129e-30
16,28,7.0819646882231625e-31
16,29,6.827451189064415e-31
16,30,1.1704024959059836e-30
16,31,1.3677150587898303e-30
16,32,2.9200713165075823e-30
16,33,1.1176766185871546e-30
16,34,1.777953494652031e-30
16,35,1.934263240187844e-30
16,36,1.8771318033068925e-30
16,37,4.502401178359269e-16
16,38,8.164606350688562e-31
16,39,2.418215049476833e-31
16,40,7.540469205910759e-31
16,41,2.085215444221602e-30
16,42,2.1123745054086508e-30
16,43,6.4680673228305e-31
16,44,7.6471270451575585e-31
16,45,3.177575909400734e-16
16,46,1.5618435085139061e-30
16,47,1.529038255045425e-30
16,48,1.3339288625488699e-30
16,49,4.096536034892557e-30
16,50,1.653033837365023e-30
16,51,1.6727035585063156e-30
16,52,6.991031593024536e-31
16,53,1.5960774796119942e-30
16,54,1.5109498642188601e-30
16,55,1.1660503586108418e-15
16,56,7.223066889630957e-31
16,57,1.2944939813858238e-30
16,58,7.299826942127134e-31
16,59,1.4606442429658755e-30
16,60,1.497591203775924e-30
16,61,8.609612792734593e-16
16,62,1.0651818109128053e-29
16,63,3.9930304941354793e-16
16,64,1.1362708957628832e-30
16,65,1.1715055050665609e-30
16,66,4.974635743563363e-16
16,67,7.2702136896001175e-31
16,68,1.926613886611646e-30
16,69,1.5269019876798448e-30
16,70,1.8914817817774518e-30
16,71,1.8908122599597547e-30
16,72,2.1636799201800105e-30
16,73,1.1238719020001587e-15
16,74,1.7714030238604565e-30
16,75,2.8537211025058514e-30
16,76,1.4277175131654637e-30
16,77,1.1748189161329293e-30
16,78,1.398731593752336e-30
16,79,1.6507498585979387e-30
16,80,6.625916318139398e-31
16,81,1.634497907708384e-30
16,82,1.2171566550042624e-30
16,83,7.73518031164701e-31
16,84,2.2098037433906768e-30
16,85,5.583763219691797e-31
16,86,1.3949803589625578e-30
16,87,1.951080163936722e-30
16,88,8.160382818800347e-31
16,89,2.405603746493148e-30
16,90,1.5696030763557255e-30
16,91,2.4883679496604743e-30
16,92,9.446948344058223e-31
16,93,1.9012349624484945e-30
16,94,1.378901881951965e-30
16,95,1.470646796971126e-30
16,96,1.4049477350738103e-30
16,97,5.7730766830069505e-31
16,98,6.30128897320933e-31
16,99,8.634990149488866e-16
16,100,1.1279176253125492e-30
16,101,6.481171112391389e-16
16,102,1.0795426853172469e-30
16,103,1.8137006904721227e-30
16,104,9.063747843693835e-31
16,105,0.0
16,106,2.0171390217329227e-30
16,107,1.3372450493871285e-30
16,108,7.202424803638724e-16
16,109,1.3277953613532261e-30
16,110,2.268201217159421e-30
16,111,1.8331366605980282e-30
16,112,1.778623901447519e-30
16,113,3.4122235870685906e-30
16,114,1.5631782428170051e-30
16,115,2.5089877207985766e-30
16,116,2.1918657439398155e-30
16,117,1.3843589516628934e-30
16,118,1.1047132041372559e-30
16,119,1.8774747475943136e-30
16,120,1.1897449419119473e-30
16,121,1.28799291679569e-30
16,122,4.329753024336311e-31
16,123,1.9545105353623704e-30
16,124,2.3545054160711368e-30
16,125,1.9018716534111494e-30
16,126,1.1341060124675895e-30
16,127,1.6243713549277598e-30
16,128,1.1104181638668013e-15
16,129,2.2818990329746e-30
16,130,2.2508304219516016e-30
16,131,1.5944961809489275e-30
16,132,1.9241611267569473e-30
16,133,1.2170089009793708e-30
16,134,1.0119501890839143e-30
16,135,1.1571331514362855e-30
16,136,6.983842428051287e-16
16,137,2.3042245569240342e-30
16,138,1.1663100160360493e-15
16,139,1.6161242030850015e-30
16,140,5.758754845437041e-31
16,141,1.4998714794145597e-30
16,142,1.666789999515217e-30
16,143,1.2919401960711526e-30
16,144,8.538814483591034e-31
16,145,1.808743422354709e-30
16,146,1.1580015276558085e-16
16,147,1.7004948835857286e-30
16,148,2.1963200237448895e-30
16,149,3.391787299142873e-30
17,18,6.61519255494383e-31
17,19,7.693937185885964e-31
17,20,5.8494622152328225e-31
17,21,6.928896490645973e-31
17,22,1.1279050146275122e-30
17,23,7.168899731238568e-31
17,24,4.767157488149294e-31
17,25,3.5895104890813625e-31
17,26,9.30221088135591e-31
17,27,1.4107800472597025e-30
17,28,3.024884969683004e-31
17,29,1.889108983576611e-31
17,30,5.277136304581145e-31
17,31,3.7574810225807194e-31
17,32,6.610315789424827e-31
17,33,3.551329372559473e-31
17,34,6.744493011955277e-31
17,35,9.855036638406655e-31
17,36,8.541729619411859e-31
17,37,4.65478801591868e-30
17,38,2.1358397452203055e-31
17,39,1.0328803769366117e-31
17,40,4.8728702705218285e-31
17,41,7.1597108932845e-31
17,42,5.954836007285167e-31
17,43,2.944658856666903e-31
17,44,3.389487627610675e-31
17,45,1.2948373839841485e-30
17,46,6.502955870309418e-31
17,47,5.195714065364849e-31
17,48,3.18010071983002e-31
17,49,1.4193079394982672e-30
17,50,5.177865451676805e-31
17,51,6.741974803717504e-31
17,52,1.453987921519081e-31
17,53,1.2019366252368392e-30
17,54,4.054829016177201e-31
17,55,1.1091320099597818e-30
17,56,1.626718976600593e-31
17,57,4.51340740783148e-31
17,58,2.865112059455405e-31
17,59,6.031927316267154e-31
17,60,6.392742192025461e-31
17,61,1.5700924586837766e-16
17,62,1.8630609299201026e-30
17,63,2.7959459760663812e-30
17,64,5.355644298306293e-31
17,65,4.820574247798282e-31
17,66,2.3221318893993046e-31
17,67,3.5269457196574948e-31
17,68,6.536347133923946e-31
17,69,5.835089441608597e-31
17,70,6.4019551836762e-31
17,71,7.248330818503561e-31
17,72,1.1972389817626146e-30
17,73,5.28693648198952e-31
17,74,7.623792744566861e-31
17,75,5.632199667361899e-31
17,76,7.554464343525962e-31
17,77,4.283015527216699e-31
17,78,3.8806438643262196e-31
17,79,3.7336676486298662e-31
17,80,2.529074011850232e-31
17,81,4.589225235947995e-31
17,82,3.965167122872435e-31
17,83,3.0504744438574085e-31
17,84,9.331956237892307e-31
17,85,2.582423738335441e-31
17,86,7.965790008949231e-31
17,87,4.450504698024222e-31
17,88,4.309004272766029e-31
17,89,1.1308262084552198e-30
17,90,4.27201220962415e-31
17,91,9.643722014890693e-31
17,92,2.367382060050842e-31
17,93,6.614429676599889e-31
17,94,4.962668591671635e-31
17,95,5.524879732735548e-31
17,96,5.163779604955755e-31
17,97,1.8610053474333781e-31
17,98,2.7820686663950683e-31
17,99,4.599956281857778e-31
17,100,3.32967006996328e-31
17,101,6.387905449874432e-31
17,102,4.595538758897415e-31
17,103,3.9349945342890204e-31
17,104,2.601221710393188e-31
17,105,0.0
17,106,7.835368309269903e-31
17,107,6.242103033772562e-31
17,108,1.646288412312867e-30
17,109,4.241398213284168e-31
17,110,8.410829141036747e-31
17,111,5.645410162257366e-31
17,112,4.691127749991006e-31
17,113,1.1809320621851152e-30
17,114,6.316703911073292e-31
17,115,5.227843468061958e-31
17,116,1.015412630804273e-30
17,117,7.649019749938034e-31
17,118,4.381664879845219e-31
17,119,9.756569460797274e-31
17,120,5.0714021744217e-31
17,121,5.8184747828180655e-31
17,122,1.5743467280959916e-31
17,123,4.466032806512882e-31
17,124,4.789675900227951e-31
17,125,9.158699927761696e-31
17,126,3.7676575369493087e-31
17,127,7.250444394398245e-31
17,128,4.742874840267548e-16
17,129,8.42812235281959e-31
17,130,6.602836779209847e-31
17,131,4.051144833769149e-31
17,132,5.330668792399947e-31
17,133,5.295965191253795e-31
17,134,3.1257872758920537e-31
17,135,4.254348919481269e-31
17,136,1.161385081089312e-30
17,137,1.4126028685719826e-30
17,138,3.5108334685766973e-16
17,139,5.8031679198563025e-31
17,140,3.2047474274603626e-31
17,141,6.871447313315707e-31
17,142,6.6783398067367325e-31
17,143,3.528477831275147e-31
17,144,3.4136661146613046e-31
17,145,4.412777469809493e-31
17,146,8.212606837465582e-31
17,147,5.010768769979962e-31
17,148,1.0513573724644504e-30
17,149,9.298111470640946e-31
18,19,2.9331005096575786e-30
18,20,1.9121571659041343e-30
18,21,1.856668638452185e-30
18,22,7.564508315824316e-16
18,23,1.9652863313292618e-30
18,24,1.3928465836891248e-30
18,25,1.2001156052776614e-30
18,26,3.191549065500668e-30
18,27,3.846891961743229e-30
18,28,7.550162282425837e-31
18,29,7.5026997125911415e-31
18,30,1.2614166415317683e-30
18,31,1.0785905625965958e-30
18,32,2.5655619706697663e-30
18,33,9.4700226138975e-31
18,34,3.6680282063862525e-16
18,35,2.995852878129756e-16
18,36,2.1354077270871364e-30
18,37,1.4131620048637408e-15
18,38,7.63149378280289e-31
18,39,2.578086288359531e-31
18,40,1.4822317321255553e-30
18,41,1.937950024018461e-30
18,42,1.6112827577510106e-30
18,43,7.826989793573387e-31
18,44,9.653663184279044e-31
18,45,6.205098853397679e-16
18,46,1.5015635221489599e-30
18,47,1.6198815742995793e-30
18,48,1.0543074024866151e-30
18,49,5.3407543632303654e-30
18,50,1.461068544430789e-30
18,51,4.836771048614922e-16
18,52,5.155317550729646e-31
18,53,3.258223997315776e-30
18,54,2.1207259730102584e-30
18,55,8.710765014106239e-16
18,56,4.672547619014657e-31
18,57,1.2519337487838127e-30
18,58,7.1947616732806035e-31
18,59,1.8934446744585025e-30
18,60,1.8441973703956133e-30
18,61,8.019807358061286e-16
18,62,1.1453571872313465e-29
18,63,7.336671690078185e-16
18,64,1.4716010392939029e-30
18,65,1.3479417093928791e-30
18,66,4.7044040754465735e-16
18,67,8.836720437734085e-31
18,68,1.7672581640127306e-30
18,69,1.8177617854338798e-30
18,70,1.5518971482691586e-30
18,71,2.0311251917356358e-30
18,72,3.0629428640500438e-30
18,73,6.423163591830771e-16
18,74,2.001831097852084e-30
18,75,2.52946496221618e-30
18,76,2.210889211816098e-30
18,77,1.1819023488871784e-30
18,78,1.1358426231347293e-30
18,79,1.542977687499715e-30
18,80,6.896075303381208e-31
18,81,1.686053162882819e-30
18,82,1.7933752442636916e-30
18,83,1.031057773468895e-30
18,84,2.2231730059558744e-30
18,85,9.163206707606495e-31
18,86,2.0715487029350857e-30
18,87,1.8313976925663602e-30
18,88,1.0902469993362356e-30
18,89,2.927015662732221e-30
18,90,2.019454647831333e-30
18,91,2.4295193926808128e-30
18,92,9.960058176300376e-31
18,93,1.883653539913255e-30
18,94,1.792931500242253e-30
18,95,1.697256090922219e-30
18,96,1.2998593135167753e-30
18,97,4.769651340302185e-31
18,98,6.93375712430588e-31
18,99,6.95468360656391e-16
18,100,8.483393237087107e-31
18,101,7.361195633273537e-16
18,102,1.2555579416464437e-30
18,103,1.592248269344314e-30
18,104,1.0602672310261221e-30
18,105,0.0
18,106,1.367030616728411e-16
18,107,1.5318667221499568e-30
18,108,1.3979159775451128e-15
18,109,1.1427151703273814e-30
18,110,2.137767520993232e-30
18,111,1.879459022289043e-30
18,112,1.3898817535975238e-30
18,113,3.0668412955079465e-30
18,114,1.6195958572649227e-30
18,115,2.416448756895922e-30
18,116,3.5722886894551556e-30
18,117,2.178223785564758e-30
18,118,1.099539086324736e-30
18,119,2.5261317510021217e-30
18,120,1.6311883510520113e-30
18,121,1.6907900355818127e-30
18,122,5.895083794148955e-31
18,123,3.6272317099391305e-16
18,124,1.7300603557327187e-30
18,125,2.2849190667289923e-30
18,126,1.2244020620146871e-30
18,127,2.111269910318277e-30
18,128,1.183829305515945e-15
18,129,2.1389623384407378e-30
18,130,2.471106564025316e-30
18,131,2.7643954192629735e-16
18,132,1.61527394149142e-30
18,133,1.3933287981014257e-30
18,134,1.1820952815933555e-30
18,135,1.6373673538559794e-30
18,136,4.955968656278363e-16
18,137,6.176713383876607e-16
18,138,1.3780936887176445e-15
18,139,2.0961853407259213e-30
18,140,8.085528378810002e-31
18,141,1.628733211203968e-30
18,142,1.7170824280423823e-30
18,143,1.0644187709393993e-30
18,144,1.1559357874432677e-30
18,145,1.2689118132824043e-30
18,146,6.976221516663383e-16
18,147,1.981367430352844e-30
18,148,2.725513699538319e-30
18,149,5.901050313441279e-16
19,20,2.5698982431190664e-30
19,21,2.101226953874891e-30
19,22,5.154183030943008e-30
19,23,2.2989618340390325e-30
19,24,1.8356160278326642e-30
19,25,1.6763196503978295e-30
19,26,4.1270463950994575e-30
19,27,2.202460930547474e-30
19,28,4.639974148339576e-31
19,29,8.426876841896645e-31
19,30,1.0066210031404825e-30
19,31,1.157378880451758e-30
19,32,3.601370665611233e-30
19,33,9.356179198666637e-31
19,34,3.244618085985262e-30
19,35,1.694278376877303e-30
19,36,1.3323568007994945e-30
19,37,8.5378113004075e-30
19,38,7.776755530368295e-31
19,39,1.5843704125434412e-31
19,40,1.5405093443741237e-30
19,41,1.6701246517843915e-30
19,42,2.0189094183557418e-30
19,43,1.0292686877913707e-30
19,44,1.0043001052203579e-30
19,45,3.306151946971329e-30
19,46,1.9885918488015694e-30
19,47,1.7966379251327093e-30
19,48,1.6913369438240738e-30
19,49,8.081639433105516e-30
19,50,2.0615393992307997e-30
19,51,2.737968201426922e-30
19,52,8.289873431160644e-31
19,53,3.3619949994159874e-30
19,54,2.6751712701219516e-30
19,55,2.953720137060078e-16
19,56,6.397747382696599e-31
19,57,1.211515216311016e-30
19,58,4.54305549703801e-31
19,59,1.2044649641245742e-30
19,60,2.6074311483851474e-30
19,61,3.1646225226420943e-16
19,62,1.0729423074114552e-29
19,63,1.3375381723163818e-16
19,64,1.322230175883956e-30
19,65,1.836507244823058e-30
19,66,5.432137684561067e-31
19,67,6.399829588829676e-31
19,68,2.1686303854377797e-30
19,69,1.604933406761271e-30
19,70,2.2161685429625473e-30
19,71,1.2385199231622563e-30
19,72,2.482046866805703e-30
19,73,6.755300325243328e-16
19,74,1.1274526889544221e-30
19,75,3.444732248926017e-30
19,76,2.909243649490895e-30
19,77,6.293222985236254e-31
19,78,1.32254736350259e-30
19,79,2.2255966296352908e-30
19,80,8.692585390918368e-31
19,81,2.6949400394859832e-30
19,82,2.4051798531505995e-30
19,83,1.5035622355856795e-30
19,84,2.2166732767811644e-30
19,85,1.2700232205781441e-30
19,86,1.693773484946954e-30
19,87,2.6415956214813192e-30
19,88,9.012803814647002e-31
19,89,2.9441491137082325e-30
19,90,1.6918945578713136e-30
19,91,1.5062811126753053e-30
19,92,1.524577093845923e-30
19,93,1.4292359415100923e-30
19,94,2.46677166928156e-30
19,95,2.510390389018884e-30
19,96,8.950926406676766e-31
19,97,3.1434316014276087e-31
19,98,4.304147250653524e-31
19,99,2.6186394615710985e-30
19,100,1.3022396178588633e-30
19,101,3.6887873462144174e-30
19,102,1.7184544752478823e-30
19,103,2.3285658513853532e-30
19,104,1.4501202806467784e-30
19,105,0.0
19,106,2.5475945143956358e-30
19,107,1.0803660123136822e-30
19,108,8.383148792112082e-16
19,109,1.1569938947319786e-30
19,110,1.4179724530651466e-30
19,111,2.8412598653305242e-30
19,112,1.554854238731039e-30
19,113,1.8628695390645402e-30
19,114,1.7638089588420316e-30
19,115,3.214337568491318e-30
19,116,5.085059601647808e-30
19,117,1.5168119126981052e-30
19,118,7.214253417538336e-31
19,119,2.5759506057811353e-30
19,120,1.357442480175315e-30
19,121,2.0962327102490258e-30
19,122,8.66782185561519e-31
19,123,2.8379684670483315e-30
19,124,2.564601233522002e-30
19,125,1.4745560784570208e-30
19,126,1.2362095498204093e-30
19,127,1.772482507504836e-30
19,128,7.275257362913158e-16
19,129,1.636848703116326e-30
19,130,3.828163541014412e-30
19,131,2.5819995810211217e-30
19,132,2.5167699473216797e-30
19,133,1.3685052922699774e-30
19,134,9.908703841259044e-31
19,135,1.6792335972552818e-30
19,136,3.660595697647243e-30
19,137,5.783705838651855e-30
19,138,2.1225672681256982e-15
19,139,2.975440237272033e-30
19,140,5.811273325773543e-31
19,141,1.4330436943370362e-30
19,142,2.0390195926318345e-30
19,143,1.2276282326878574e-30
19,144,1.650564963665324e-30
19,145,1.996371457142924e-30
19,146,4.652454680740163e-30
19,147,2.2129113316636955e-30
19,148,1.8101285325133925e-30
19,149,3.216149373243009e-30
20,21,1.8645408203270733e-30
20,22,2.036233805886894e-30
20,23,2.609149494956113e-30
20,24,1.4760621635296525e-30
20,25,9.549425501872618e-31
20,26,1.6953656426461892e-30
20,27,3.789733113744115e-30
20,28,6.8243826794111665e-31
20,29,4.803666162430908e-31
20,30,1.171507660535761e-30
20,31,1.371983106015651e-30
20,32,2.9168361253006263e-30
20,33,1.0930449914912527e-30
20,34,1.773916930255835e-30
20,35,1.7971080528085536e-30
20,36,1.7789510562148945e-30
20,37,7.777133690882874e-30
20,38,7.796398634497508e-31
20,39,2.3302608280699588e-31
20,40,8.01892558850125e-31
20,41,1.9014052578970274e-30
20,42,2.1240897285192288e-30
20,43,6.5384341904108245e-31
20,44,7.383145099881451e-31
20,45,1.6644290524887045e-30
20,46,1.624761687845787e-30
20,47,1.4674249063197232e-30
20,48,1.2915521897213439e-30
20,49,3.8994414986635955e-30
20,50,1.6669582026000382e-30
20,51,1.6469296627513378e-30
20,52,6.370217491058476e-31
20,53,1.4546080671140413e-30
20,54,1.5005560331849255e-30
20,55,5.295880929093763e-16
20,56,7.280201239989252e-31
20,57,1.1262744820949997e-30
20,58,7.1214612256940045e-31
20,59,1.3727604574805415e-30
20,60,1.573363938455546e-30
20,61,6.62073753703117e-16
20,62,3.600250786874914e-30
20,63,4.1563916563713577e-16
20,64,1.1404713438983664e-30
20,65,1.2479156606369608e-30
20,66,4.784849819179375e-31
20,67,6.949532520320444e-31
20,68,1.9288374484117874e-30
20,69,1.315938067230089e-30
20,70,1.9259942592208002e-30
20,71,1.8469510386500195e-30
20,72,2.0425654497090238e-30
20,73,2.7764383360788657e-16
20,74,1.755067532119833e-30
20,75,2.4962504281255225e-30
20,76,1.4978784979802063e-30
20,77,1.1140719751540524e-30
20,78,1.3950786940418485e-30
20,79,1.741785412015309e-30
20,80,6.6921028472340605e-31
20,81,1.60908599479557e-30
20,82,1.2167879367085983e-30
20,83,8.471873981604359e-31
20,84,1.985905421977871e-30
20,85,5.351327676087533e-31
20,86,1.2264604357004036e-30
20,87,2.1586809844541825e-30
20,88,7.6411991164120525e-31
20,89,2.4081296060764824e-30
20,90,1.6963252092991775e-30
20,91,2.42492558138108e-30
20,92,9.479698079315464e-31
20,93,1.9396111597244186e-30
20,94,1.419427067984839e-30
20,95,1.589997078527711e-30
20,96,1.373472867115133e-30
20,97,5.714521509460759e-31
20,98,6.062610244869815e-31
20,99,1.5277244015072798e-30
20,100,1.1226909635318263e-30
20,101,2.0201314859986095e-30
20,102,1.2695726236661372e-30
20,103,1.9118649217242515e-30
20,104,8.163441051563768e-31
20,105,0.0
20,106,2.0134279501417433e-30
20,107,1.3183309675180552e-30
20,108,3.597533769998863e-16
20,109,1.0543728040966654e-30
20,110,2.2252688629490854e-30
20,111,1.8391474556347058e-30
20,112,1.785316628937717e-30
20,113,3.1800705585025306e-30
20,114,1.5131601671090057e-30
20,115,2.4593435491436476e-30
20,116,2.0800143139363142e-30
20,117,1.2901244591627346e-30
20,118,9.917236279694835e-31
20,119,1.8376854059313146e-30
20,120,1.2085064223717686e-30
20,121,1.0869881357623297e-30
20,122,4.301780008953998e-31
20,123,2.0083780072687795e-30
20,124,2.0874845800846698e-30
20,125,1.7884961986932083e-30
20,126,8.448747266256626e-31
20,127,1.654676859764756e-30
20,128,1.0700305378531076e-15
20,129,2.235239316780598e-30
20,130,2.2572247306270343e-30
20,131,1.5640170471095848e-30
20,132,1.9491675228140382e-30
20,133,1.1185207346042795e-30
20,134,6.854356949969825e-31
20,135,9.055452552372512e-31
20,136,3.557813534991428e-30
20,137,2.13124293251689e-30
20,138,1.1571112726691418e-15
20,139,1.3381359138607447e-30
20,140,5.268893798654834e-31
20,141,1.580082466573963e-30
20,142,1.6780207076708156e-30
20,143,1.292745475759049e-30
20,144,7.570481933552069e-31
20,145,1.8036599536250477e-30
20,146,2.2549413761477663e-30
20,147,1.0633224556135779e-30
20,148,2.119345500702349e-30
20,149,3.408640951772264e-30
21,22,3.082141669480725e-30
21,23,2.5669236750852373e-30
21,24,1.3310545374830507e-30
21,25,1.010216868669998e-30
21,26,2.617126018033527e-30
21,27,4.402314824601581e-30
21,28,8.952653806917484e-31
21,29,5.357277871264609e-31
21,30,1.7062592680779346e-30
21,31,1.2810766178119012e-30
21,32,2.6189301405216435e-30
21,33,1.1414315406041588e-30
21,34,1.697343773039788e-30
21,35,2.8334351065083316e-30
21,36,2.5017218184120243e-30
21,37,1.2373129992156571e-29
21,38,8.408746352856232e-31
21,39,3.056982507219431e-31
21,40,1.4023203697214967e-30
21,41,2.1417244808202765e-30
21,42,1.831585389232171e-30
21,43,7.5973501984953836e-31
21,44,1.094782589805557e-30
21,45,3.4042030127563354e-30
21,46,1.835339042052919e-30
21,47,1.5295174493901618e-30
21,48,7.2639797166561125e-31
21,49,4.0395796179876155e-30
21,50,1.5854434516693946e-30
21,51,1.6884223479236445e-30
21,52,4.333275909322448e-31
21,53,3.166902105938138e-30
21,54,2.0637718921942365e-30
21,55,1.1188630228279492e-16
21,56,4.58358540808838e-31
21,57,1.3493927896953235e-30
21,58,8.663983246000009e-31
21,59,1.75391626849473e-30
21,60,1.590644374907295e-30
21,61,8.340827561826704e-16
21,62,1.0782778332038695e-29
21,63,8.074201422896734e-16
21,64,1.4721182113191172e-30
21,65,1.3621850995071917e-30
21,66,6.236391549986698e-31
21,67,9.984185575464003e-31
21,68,2.015450905240156e-30
21,69,1.529560427596253e-30
21,70,1.9830425553372554e-30
21,71,2.2509293835745328e-30
21,72,3.3389354337900814e-30
21,73,1.7457534764439634e-30
21,74,2.3357114502836512e-30
21,75,1.9529124345710893e-30
21,76,1.7719467279531325e-30
21,77,1.356025267948273e-30
21,78,1.3477980500646542e-30
21,79,1.4537168534848976e-30
21,80,7.179067233305788e-31
21,81,1.1943407502528868e-30
21,82,1.621380609091173e-30
21,83,8.533107449496896e-31
21,84,2.6552842816360955e-30
21,85,6.861944350202432e-31
21,86,2.1289929851524972e-30
21,87,1.6162450482302786e-30
21,88,1.191481274641832e-30
21,89,3.151532287810905e-30
21,90,1.5971040067036217e-30
21,91,2.880561649228092e-30
21,92,7.927698073602403e-31
21,93,2.0812077143714143e-30
21,94,1.2616359729563619e-30
21,95,1.298627066434684e-30
21,96,1.5405186874500921e-30
21,97,5.664187492090913e-31
21,98,8.129605941378646e-31
21,99,1.2406773965427768e-30
21,100,1.004257698045954e-30
21,101,1.7966274662684342e-30
21,102,1.3661326981941668e-30
21,103,1.4851827838973933e-30
21,104,9.984761537508403e-31
21,105,0.0
21,106,2.1860270889333076e-30
21,107,1.8440425800309894e-30
21,108,2.779024842816778e-16
21,109,1.1958747803633079e-30
21,110,2.5979786766650335e-30
21,111,1.655694222858674e-30
21,112,1.625527462234346e-30
21,113,3.5306131169322156e-30
21,114,1.830937448828967e-30
21,115,1.972019227923001e-30
21,116,2.681580297895249e-30
21,117,2.0928894971654664e-30
21,118,1.241297645753716e-30
21,119,2.6642143761975133e-30
21,120,1.3599093658969752e-30
21,121,1.6469856409320785e-30
21,122,4.389690307659499e-31
21,123,1.5259417598583996e-30
21,124,1.6542605511136457e-30
21,125,2.623013379045644e-30
21,126,1.0548435240236607e-30
21,127,2.0209539875859947e-30
21,128,1.4037332632488237e-15
21,129,2.594358574121517e-30
21,130,1.6587121170710464e-30
21,131,1.4244662039814458e-30
21,132,1.6249124975808428e-30
21,133,1.5031413547521063e-30
21,134,9.994828808468476e-31
21,135,1.0474787570985547e-30
21,136,3.499209654227063e-30
21,137,3.326943377471681e-30
21,138,1.0095554103513697e-15
21,139,1.5578656327785602e-30
21,140,8.881316464943563e-31
21,141,1.9631548901928635e-30
21,142,1.9419687814487343e-30
21,143,1.2690539675826858e-30
21,144,8.34075662571e-31
21,145,1.4201337931535928e-30
21,146,2.5392149796807565e-30
21,147,1.2729370719881436e-30
21,148,3.0891581610750703e-30
21,149,3.153737634375885e-30
22,23,1.885902229731183e-30
22,24,2.4660877751260147e-30
22,25,2.1640843345272614e-30
22,26,4.471769746527923e-16
22,27,4.884041858477539e-16
22,28,8.820866794869353e-31
22,29,1.0246790574129204e-30
22,30,1.9146505084572346e-30
22,31,8.719156592922562e-31
22,32,3.4030274138933245e-30
22,33,9.615673543348044e-31
22,34,4.052861474916323e-30
22,35,3.1501044889968844e-30
22,36,2.5685839506496948e-30
22,37,5.325254790044338e-16
22,38,9.287119855416649e-31
22,39,3.011982376621444e-31
22,40,2.4761643199603582e-30
22,41,3.5787477286991656e-16
22,42,1.311065397059052e-16
22,43,1.3926305500931472e-30
22,44,1.3069986423667448e-30
22,45,4.997449004626419e-16
22,46,2.8076497752091428e-30
22,47,5.119793228373835e-16
22,48,1.869392218156245e-30
22,49,9.521435928098059e-30
22,50,2.783239900341544e-30
22,51,3.9188244181911934e-16
22,52,8.17664506718173e-31
22,53,5.7304719926039e-16
22,54,3.4694469519531158e-18
22,55,7.529898909090832e-16
22,56,5.085279575941528e-31
22,57,1.8722159327344607e-16
22,58,7.895667916107002e-31
22,59,2.5224812572208685e-30
22,60,3.736910090362105e-16
22,61,6.692437848935965e-16
22,62,5.560214962775794e-16
22,63,1.0868827485031405e-15
22,64,3.021408270392387e-16
22,65,2.435619264056532e-30
22,66,9.194132536165605e-31
22,67,1.2524289859494613e-30
22,68,2.5974551654324183e-16
22,69,6.544760191424966e-16
22,70,2.625703608226056e-30
22,71,2.0225179234141483e-30
22,72,4.665136785111233e-30
22,73,3.3908408644452465e-16
22,74,2.4461539314572435e-30
22,75,6.741471114618205e-16
22,76,3.903499818171009e-30
22,77,1.5272561627002846e-30
22,78,1.0803394004579623e-30
22,79,3.552415510690909e-16
22,80,1.2060931436304038e-30
22,81,2.8893837820054306e-30
22,82,2.9878948975626822e-30
22,83,1.884301442235932e-30
22,84,1.5515839404807105e-16
22,85,1.6215753852951796e-30
22,86,2.9446687691268612e-30
22,87,2.986790376301155e-30
22,88,1.5463844469047557e-30
22,89,4.718482079402593e-30
22,90,2.01855676383147e-30
22,91,2.6775744396195936e-30
22,92,1.653388225295455e-30
22,93,2.6433916246854824e-16
22,94,4.3930673289724297e-16
22,95,3.0175538339009965e-30
22,96,1.752637244606574e-30
22,97,5.412477313355679e-31
22,98,8.64822817096006e-31
22,99,3.1116171056816035e-30
22,100,1.4900449568710657e-30
22,101,3.6229058322536057e-16
22,102,3.5532631753996135e-16
22,103,2.189658787441222e-30
22,104,1.6777959926835936e-30
22,105,0.0
22,106,3.60149676096893e-30
22,107,2.2018667109521607e-30
22,108,7.790541543070084e-16
22,109,1.8332584914819393e-30
22,110,2.1395432898094802e-30
22,111,3.4716649265855606e-30
22,112,1.1629090112045117e-30
22,113,3.675427953935352e-30
22,114,2.613539459561596e-30
22,115,4.42202259986756e-16
22,116,6.479485767952361e-30
22,117,3.078381425242102e-30
22,118,1.1612970492874061e-30
22,119,4.1843361694644216e-30
22,120,2.116740731439112e-30
22,121,3.057862688248298e-30
22,122,1.046345461003454e-30
22,123,2.8473542048427097e-30
22,124,3.6135611010269434e-16
22,125,2.992879515664696e-30
22,126,1.554198771548525e-30
22,127,2.7772209979075047e-30
22,128,1.3830696905846825e-15
22,129,2.3995526357159487e-30
22,130,1.1857266410569988e-16
22,131,7.850462293418866e-17
22,132,2.9087446163086796e-30
22,133,2.071205651415658e-30
22,134,8.145452251328483e-16
22,135,7.191387393234207e-16
22,136,3.7861508808830606e-16
22,137,7.929369679931445e-30
22,138,2.411941073650057e-15
22,139,3.593080155111005e-30
22,140,1.1621838141708884e-30
22,141,2.5783454019655686e-30
22,142,2.896365641910251e-30
22,143,1.079800300613851e-30
22,144,2.1261269779794366e-30
22,145,2.135064637259247e-30
22,146,2.1967380856409034e-16
22,147,3.598705883358827e-30
22,148,3.880049688335869e-30
22,149,2.711261625035761e-30
23,24,1.8178238340380657e-30
23,25,9.37245176032477e-31
23,26,1.6390976932685247e-30
23,27,5.153791299595242e-30
23,28,1.0280769184320683e-30
23,29,5.106948348698708e-31
23,30,1.9875991700648297e-30
23,31,1.689646875062319e-30
23,32,3.444726225774592e-30
23,33,1.4540876205945187e-30
23,34,2.00386073340772e-30
23,35,3.3588376604795675e-30
23,36,2.884346260658834e-30
23,37,1.116908851684728e-29
23,38,7.608797150725714e-31
23,39,3.5104821693144428e-31
23,40,1.2364347464174956e-30
23,41,2.6822253284139895e-30
23,42,2.375921051784721e-30
23,43,8.688948889665954e-31
23,44,1.4302522257365574e-30
23,45,3.1260554857512124e-30
23,46,2.1445643716147674e-30
23,47,1.87673113698495e-30
23,48,1.0515110342897373e-30
23,49,3.5151185793887725e-30
23,50,1.9430601688498162e-30
23,51,2.03422503571928e-30
23,52,5.477435981102446e-31
23,53,3.184252004384423e-30
23,54,1.8018601532016827e-30
23,55,8.205682128547403e-16
23,56,6.71870865609715e-31
23,57,1.3903317214676656e-30
23,58,1.0254492198032132e-30
23,59,1.9879618291730324e-30
23,60,1.9473562614606562e-30
23,61,9.330167923799826e-16
23,62,6.979683670846013e-30
23,63,5.426552206482549e-16
23,64,1.500067986442223e-30
23,65,1.5855670378642944e-30
23,66,6.2081149066577015e-31
23,67,1.0886126083118239e-30
23,68,2.569196505851585e-30
23,69,1.6970382689081623e-30
23,70,2.481505538726826e-30
23,71,2.7588653284110914e-30
23,72,3.366321226118456e-30
23,73,3.206940271197434e-16
23,74,2.6048148323309282e-30
23,75,2.3157731602183026e-30
23,76,1.8078920141130554e-30
23,77,1.2787654552420605e-30
23,78,1.7760928956607296e-30
23,79,1.892411455526564e-30
23,80,7.521042517661833e-31
23,81,1.333647004343552e-30
23,82,1.265391987189844e-30
23,83,8.066189766022446e-31
23,84,2.903587587412244e-30
23,85,5.56936442819183e-31
23,86,2.485891128869366e-30
23,87,2.177879378403329e-30
23,88,1.3836776356362953e-30
23,89,3.3431638013358626e-30
23,90,2.0776833223988044e-30
23,91,3.356688456249338e-30
23,92,9.310221185362483e-31
23,93,2.5395676256870438e-30
23,94,1.3876715811713115e-30
23,95,1.6497973063483996e-30
23,96,1.622343700586427e-30
23,97,6.359009923793651e-31
23,98,9.214785330139755e-31
23,99,1.5532066055343868e-30
23,100,1.3048913025841319e-30
23,101,1.901284297312044e-30
23,102,1.4707482371448883e-30
23,103,1.983072049972239e-30
23,104,8.428140992497515e-31
23,105,0.0
23,106,2.5827008140565228e-30
23,107,1.9847577179619595e-30
23,108,4.677452743560222e-16
23,109,1.3873483495961003e-30
23,110,3.1430072587307715e-30
23,111,1.6719648262016197e-30
23,112,2.1636544166341513e-30
23,113,4.034027176363047e-30
23,114,2.067606514341399e-30
23,115,2.415031878840087e-30
23,116,1.9147018744543546e-30
23,117,2.1329473350348194e-30
23,118,1.5059080707930289e-30
23,119,2.7617021039848433e-30
23,120,1.5423735402315975e-30
23,121,1.3488995964618155e-30
23,122,3.8773110782156656e-31
23,123,1.9924640502475658e-30
23,124,2.3696978466999433e-30
23,125,2.8900081906519122e-30
23,126,1.060186887442108e-30
23,127,2.298974512470868e-30
23,128,1.6119753971346019e-15
23,129,3.196330202080275e-30
23,130,1.987793706809696e-30
23,131,1.5537417046536987e-30
23,132,2.1172352191128937e-30
23,133,1.6935752156157005e-30
23,134,8.474392269993047e-31
23,135,1.2878706337005208e-30
23,136,4.435774412290951e-30
23,137,2.3817992732382438e-30
23,138,1.0361048938217798e-15
23,139,1.2464842367241874e-30
23,140,9.16332128136028e-31
23,141,2.315716649258659e-30
23,142,2.1486565918902114e-30
23,143,1.671654280095672e-30
23,144,7.885534389131253e-31
23,145,1.9337285090828045e-30
23,146,2.1720166766832473e-30
23,147,1.3311896293132725e-30
23,148,3.0334354325064043e-30
23,149,4.1692131025791344e-30
24,25,7.161253294741845e-31
24,26,1.8844628523544502e-30
24,27,3.0902529693643743e-30
24,28,6.26853718546067e-31
24,29,3.3652041875657064e-31
24,30,1.1304962951977494e-30
24,31,9.399870716023998e-31
24,32,1.972326429182533e-30
24,33,8.384120221006206e-31
24,34,1.3400927898674584e-30
24,35,2.0303736675644445e-30
24,36,1.7586812507609244e-30
24,37,9.193958389162418e-30
24,38,5.178152806499628e-31
24,39,2.140461245915841e-31
24,40,9.48691021221996e-31
24,41,1.630797341712123e-30
24,42,1.403094631534133e-30
24,43,5.4999565335857696e-31
24,44,7.922683084106402e-31
24,45,2.451810078686054e-30
24,46,1.3024791244164814e-30
24,47,1.0667433454496818e-30
24,48,7.138296709986563e-31
24,49,3.293464029778572e-30
24,50,1.1883221515427253e-30
24,51,1.3100374714661906e-30
24,52,3.99906970762117e-31
24,53,2.2473679917200107e-30
24,54,1.324083831144207e-30
24,55,5.013350845572982e-16
24,56,4.003074278774419e-31
24,57,9.896001434991786e-31
24,58,6.0919095275312775e-31
24,59,1.3514749169737548e-30
24,60,1.1886027911776307e-30
24,61,6.004449063730081e-16
24,62,7.930116555634912e-30
24,63,4.024558464266195e-16
24,64,1.0261543098575422e-30
24,65,8.868463333970953e-31
24,66,4.570647108676371e-31
24,67,6.966661513860666e-31
24,68,1.5419918188051538e-30
24,69,1.2276943158914277e-30
24,70,1.2786207638448984e-30
24,71,1.6367191346656716e-30
24,72,2.294275500997368e-30
24,73,1.2449114581151494e-30
24,74,1.519887130273716e-30
24,75,1.4742703116463642e-30
24,76,1.3817440815352298e-30
24,77,9.055489063952619e-31
24,78,9.824510786204629e-31
24,79,1.0846096341688785e-30
24,80,4.862092221793784e-31
24,81,1.0922595654146124e-30
24,82,1.0783785031570116e-30
24,83,6.20471030751672e-31
24,84,2.009637735425873e-30
24,85,5.443847303464081e-31
24,86,1.60396936614896e-30
24,87,1.2223703191683127e-30
24,88,8.597953646708118e-31
24,89,2.2003425568923568e-30
24,90,1.142142486491555e-30
24,91,2.0464213988402866e-30
24,92,6.495949908501641e-31
24,93,1.4280865887843896e-30
24,94,1.1406976811385987e-30
24,95,1.048633059369607e-30
24,96,1.0513312395758315e-30
24,97,3.990474860262059e-31
24,98,5.683703262226865e-31
24,99,1.0885682868595248e-30
24,100,7.536889325001525e-31
24,101,1.5033381098138778e-30
24,102,6.8493148293813345e-31
24,103,1.1287695265723696e-30
24,104,6.661085875264633e-31
24,105,0.0
24,106,1.6183271666926836e-30
24,107,1.2123240973021919e-30
24,108,3.3335590258932425e-16
24,109,1.0118030014264188e-30
24,110,1.8346713266494504e-30
24,111,1.142729066191014e-30
24,112,1.2045174330375104e-30
24,113,2.721913629724875e-30
24,114,1.283259515596046e-30
24,115,1.4139571255115838e-30
24,116,2.138808510145695e-30
24,117,1.5160563498722633e-30
24,118,9.813424481797588e-31
24,119,1.863353108309576e-30
24,120,9.486677235849718e-31
24,121,1.106451000533957e-30
24,122,3.557303166917573e-31
24,123,1.2625737994301865e-30
24,124,1.4202872804118314e-30
24,125,1.8386585026880025e-30
24,126,6.787775658675161e-31
24,127,1.4569428589073827e-30
24,128,9.828766250677838e-16
24,129,1.8434269573720957e-30
24,130,1.5411025723076816e-30
24,131,1.1041378916421947e-30
24,132,1.1874006126125304e-30
24,133,1.0285069879804712e-30
24,134,6.209521487087343e-31
24,135,8.658301667830864e-31
24,136,2.5126016433017777e-30
24,137,2.6588399283966253e-30
24,138,8.662230118931639e-16
24,139,1.2094014255308473e-30
24,140,6.203211969046119e-31
24,141,1.5385788575463505e-30
24,142,1.2973513839839476e-30
24,143,9.270215339970823e-31
24,144,6.9438792011020825e-31
24,145,1.1096727712971728e-30
24,146,1.935998209585437e-30
24,147,1.4397178903701586e-30
24,148,2.0597500137395196e-30
24,149,2.3208840629002975e-30
25,26,1.792066672420386e-30
25,27,1.7052106076012567e-30
25,28,3.6148099223804366e-31
25,29,3.161491111641471e-31
25,30,6.573168184683706e-31
25,31,5.013395631211667e-31
25,32,1.2838904393194577e-30
25,33,4.170659860420926e-31
25,34,1.2864445733474185e-30
25,35,1.0984491421133151e-30
25,36,1.0039446900888622e-30
25,37,6.460052064962294e-30
25,38,3.5483241585686392e-31
25,39,1.234316766621966e-31
25,40,8.196934192020143e-31
25,41,8.188714150104608e-31
25,42,7.730474427144149e-31
25,43,4.24270599550564e-31
25,44,3.8414691444401943e-31
25,45,1.8472768705320654e-30
25,46,8.793009215563952e-31
25,47,7.705173161171565e-31
25,48,6.029327064066322e-31
25,49,3.0933039856994805e-30
25,50,8.125939899430153e-31
25,51,1.134725090933185e-30
25,52,2.867842640962689e-31
25,53,1.686315431921304e-30
25,54,1.0891606809860427e-30
25,55,1.3988655722613623e-30
25,56,2.490470115373702e-31
25,57,6.63457537887737e-31
25,58,3.3944446139073864e-31
25,59,7.903230918313654e-31
25,60,1.0632435622191882e-30
25,61,2.4825341532472785e-16
25,62,4.982801654245751e-30
25,63,3.7935853095944666e-30
25,64,7.2699827252426975e-31
25,65,7.651145007316152e-31
25,66,3.1171784534184525e-31
25,67,4.431700795248347e-31
25,68,7.800437262457608e-31
25,69,7.897122684216476e-31
25,70,8.719768029148558e-31
25,71,8.328947041038009e-31
25,72,1.5972279360443223e-30
25,73,7.751220296376481e-31
25,74,9.29358348846074e-31
25,75,1.260373226421825e-30
25,76,1.23454616995516e-30
25,77,6.258507457920251e-31
25,78,5.1679656467674795e-31
25,79,7.98930678177176e-31
25,80,3.8396126394472587e-31
25,81,9.8401279018126e-31
25,82,9.69457500316205e-31
25,83,5.940952847318779e-31
25,84,1.2586081832830257e-30
25,85,5.2025635351043145e-31
25,86,9.33835132624122e-31
25,87,9.420174973756039e-31
25,88,4.989579053660346e-31
25,89,1.54718842022165e-30
25,90,5.925684726574854e-31
25,91,1.167719700852904e-30
25,92,5.580978704012307e-31
25,93,7.912126337587886e-31
25,94,9.826440711655871e-31
25,95,9.762590272304948e-31
25,96,6.858155864496046e-31
25,97,2.4770444240865804e-31
25,98,3.3604415091491535e-31
25,99,9.785374679518818e-31
25,100,4.725756145539596e-31
25,101,1.394755758785337e-30
25,102,7.060846313672282e-31
25,103,8.282479637370464e-31
25,104,5.729820126391044e-31
25,105,0.0
25,106,1.1469229983758957e-30
25,107,7.949336862552642e-31
25,108,2.3488101402704327e-30
25,109,5.832108702798649e-31
25,110,9.897403555056754e-31
25,111,1.096650944818724e-30
25,112,6.524939040797829e-31
25,113,1.500468950542042e-30
25,114,8.60261362231227e-31
25,115,1.1628148876301333e-30
25,116,2.055797226522828e-30
25,117,1.0130009447785791e-30
25,118,5.160738403014153e-31
25,119,1.3577588855639172e-30
25,120,6.678524850986452e-31
25,121,9.557852868860128e-31
25,122,3.374025600073273e-31
25,123,1.0106656301323957e-30
25,124,8.963646841048672e-31
25,125,1.116822326312738e-30
25,126,5.599414921524352e-31
25,127,8.54804189146969e-31
25,128,5.667848928154232e-16
25,129,9.835901939198571e-31
25,130,1.3896788173714237e-30
25,131,9.725741973393658e-31
25,132,9.270796945333116e-31
25,133,6.75024427360207e-31
25,134,5.139041142916898e-31
25,135,6.678770557105707e-31
25,136,1.3969835748726384e-30
25,137,2.4608603716642393e-30
25,138,7.870063977598489e-16
25,139,1.1835591885885407e-30
25,140,4.100116234583253e-31
25,141,8.25778251542715e-31
25,142,8.997288803923245e-31
25,143,4.745568148149212e-31
25,144,6.518004714470733e-31
25,145,6.9607594627339985e-31
25,146,1.8224696143542042e-30
25,147,9.255501679140354e-31
25,148,1.4273123417800414e-30
25,149,1.2487413754481687e-30
26,27,3.689252040248133e-30
26,28,7.971556943697645e-31
26,29,7.782342667256646e-31
26,30,1.5902348884614346e-30
26,31,8.599244729360997e-31
26,32,2.9231481968146312e-30
26,33,8.318310901458074e-31
26,34,3.308375640324956e-30
26,35,2.5993920640467243e-30
26,36,2.2686678210681398e-30
26,37,4.3605117945519204e-16
26,38,9.756678966136083e-31
26,39,2.7219761489445806e-31
26,40,2.182062360751281e-30
26,41,1.9507002485768398e-30
26,42,1.6077740329401086e-30
26,43,1.1004407416533556e-30
26,44,9.899655325398975e-31
26,45,2.823075921790438e-16
26,46,2.3037157572490855e-30
26,47,2.055550924655828e-30
26,48,1.4875799062399139e-30
26,49,7.71235276517448e-30
26,50,2.1169441812590017e-30
26,51,2.9932583861245145e-30
26,52,6.291214183943059e-31
26,53,4.367879715243926e-30
26,54,2.8886997690573185e-30
26,55,5.500037856302381e-16
26,56,4.12700927537707e-31
26,57,1.7061987274234637e-30
26,58,7.23399907916713e-31
26,59,1.9635989050614313e-30
26,60,2.8085761400467883e-30
26,61,6.70853701652027e-16
26,62,1.416706624859691e-29
26,63,4.245441113190118e-16
26,64,1.832784309018331e-30
26,65,2.0029153450343633e-30
26,66,4.1708467033298826e-16
26,67,1.0746220192455759e-30
26,68,1.9965373513956085e-30
26,69,2.065830041116074e-30
26,70,2.288182860580967e-30
26,71,1.7434225511053656e-30
26,72,3.9859058471719836e-30
26,73,4.793490162997627e-16
26,74,2.103048995847182e-30
26,75,3.144481118603227e-30
26,76,3.2211787768195746e-30
26,77,1.4729762281907459e-30
26,78,9.39433739245221e-31
26,79,1.8819296057807275e-30
26,80,1.0032992354493284e-30
26,81,2.362348484771536e-30
26,82,2.5293454739540424e-30
26,83,1.5213053438394225e-30
26,84,3.2171035764871224e-30
26,85,1.3624565590369305e-30
26,86,2.3528803592961837e-30
26,87,2.1424957673422634e-30
26,88,1.2429028349500415e-30
26,89,3.95137521387031e-30
26,90,1.17002621982528e-30
26,91,2.4868366178650073e-30
26,92,1.3573283957948566e-30
26,93,1.6227091928878253e-30
26,94,2.601561123729036e-30
26,95,2.556992546017597e-30
26,96,1.591423717249162e-30
26,97,5.251371475383884e-31
26,98,7.662084905963692e-31
26,99,5.577144853955205e-16
26,100,1.219950514403653e-30
26,101,5.442422309951096e-16
26,102,1.8066024152779486e-30
26,103,1.878324580354618e-30
26,104,1.463055016554211e-30
26,105,0.0
26,106,3.0198596812353312e-30
26,107,1.890810409345009e-30
26,108,5.880284004253599e-16
26,109,1.473467277896491e-30
26,110,2.0084649372228232e-30
26,111,2.7892927140230417e-30
26,112,1.124453270645243e-30
26,113,3.191626919103161e-30
26,114,2.2026550079583768e-30
26,115,2.785061552605589e-30
26,116,5.283424297382573e-30
26,117,2.521726053365036e-30
26,118,1.1386545271857862e-30
26,119,3.492718034858452e-30
26,120,1.79435816485498e-30
26,121,2.473320615023803e-30
26,122,8.602203592354015e-31
26,123,2.3385887826422778e-30
26,124,2.0128959573761488e-30
26,125,2.6076485027121734e-30
26,126,1.488756896941452e-30
26,127,2.1493756103778934e-30
26,128,1.2499019713131691e-15
26,129,2.16500287483627e-30
26,130,3.367562447166985e-30
26,131,2.4868398158236026e-30
26,132,2.346194330999949e-30
26,133,1.719870476307583e-30
26,134,1.3554524332077214e-30
26,135,1.7128984934012276e-30
26,136,3.1351145169155466e-16
26,137,6.381026058916163e-30
26,138,1.926696265047985e-15
26,139,3.0501922449733183e-30
26,140,9.988054011831308e-31
26,141,2.0184361641742617e-30
26,142,2.29675018649864e-30
26,143,8.558992931118917e-31
26,144,1.6575737081888173e-30
26,145,1.53569704824993e-30
26,146,4.896286331119793e-16
26,147,2.4484813311017447e-30
26,148,3.441114859224267e-30
26,149,2.281987119884661e-30
27,28,1.9041589421331884e-30
27,29,8.549646702474196e-31
27,30,3.3413362498017735e-30
27,31,2.615005317820605e-30
27,32,4.608906040707065e-30
27,33,2.3872038152921707e-30
27,34,3.3145751530809446e-30
27,35,6.068704240830233e-30
27,36,5.337910596495442e-30
27,37,2.565290126015955e-29
27,38,1.2351050623193957e-30
27,39,6.501960985656447e-31
27,40,2.47247998049389e-30
27,41,4.641023264089082e-30
27,42,3.811266023445012e-30
27,43,1.621374769916664e-30
27,44,2.1081655337958933e-30
27,45,6.745549528530359e-30
27,46,3.8525394468724835e-30
27,47,3.201356548463942e-30
27,48,1.5723868179808642e-30
27,49,3.225214532783513e-30
27,50,3.2823501515741316e-30
27,51,3.5631703254481666e-30
27,52,6.0586617434762476e-31
27,53,6.301497737025785e-30
27,54,2.052662804384827e-30
27,55,1.0579936123048484e-15
27,56,9.679811644294049e-31
27,57,2.6958311542508505e-30
27,58,1.8449874776727587e-30
27,59,3.790644760911141e-30
27,60,3.297555127167686e-30
27,61,5.874568760134032e-16
27,62,1.1522102054350175e-29
27,63,6.483063384246613e-16
27,64,2.948621864671393e-30
27,65,2.7797648757441144e-30
27,66,1.2927626732352358e-30
27,67,2.103693078374973e-30
27,68,4.230299298256456e-30
27,69,3.3423135773374925e-30
27,70,4.083805663851325e-30
27,71,4.838114203021124e-30
27,72,6.79406804401485e-30
27,73,2.9112360710734333e-16
27,74,4.8363174735858994e-30
27,75,3.2266366440609035e-30
27,76,3.663615052149508e-30
27,77,2.4531790792485906e-30
27,78,2.7271250628789776e-30
27,79,2.6501409701537978e-30
27,80,1.4324012870274126e-30
27,81,1.2303908858433962e-30
27,82,1.316998755718751e-30
27,83,1.3283748050255892e-30
27,84,5.5049889451433926e-30
27,85,8.838587265831049e-31
27,86,4.621207906867713e-30
27,87,2.876191247539503e-30
27,88,2.5584590454540305e-30
27,89,6.506901600176953e-30
27,90,3.334942771846156e-30
27,91,6.144551413272938e-30
27,92,9.882452177859682e-31
27,93,4.370305138058901e-30
27,94,2.174788007546578e-30
27,95,2.630459846281947e-30
27,96,3.1064878972434405e-30
27,97,1.1502055030719323e-30
27,98,1.7262574151340222e-30
27,99,2.1443061952350772e-30
27,100,2.1461857994243265e-30
27,101,8.182416906182322e-16
27,102,2.648740696844601e-30
27,103,2.5288979701590724e-30
27,104,1.339598333095782e-30
27,105,0.0
27,106,4.629982508899968e-30
27,107,3.7721236568112734e-30
27,108,8.105495441501629e-16
27,109,2.5549423169273282e-30
27,110,5.52616814669072e-30
27,111,2.823899875187775e-30
27,112,3.2812300867250954e-30
27,113,7.507311326889508e-30
27,114,3.810953538021827e-30
27,115,3.226339135450911e-30
27,116,2.8469483953768935e-30
27,117,4.3769127408653376e-30
27,118,2.710289742459969e-30
27,119,5.465519236844842e-30
27,120,2.9747097358298193e-30
27,121,2.9338872441830225e-30
27,122,4.302344271840033e-31
27,123,2.2307209679837647e-30
27,124,3.1228397125511845e-30
27,125,5.551395249873031e-30
27,126,2.0648674491055197e-30
27,127,4.391986188011435e-30
27,128,2.9856300748720384e-15
27,129,5.517055276369559e-30
27,130,1.80516463731256e-30
27,131,1.6282411223776613e-30
27,132,3.413509567617873e-30
27,133,3.1510613379712606e-30
27,134,1.6854156192721723e-30
27,135,2.2801029514585383e-30
27,136,7.389779750226518e-30
27,137,5.428323261080191e-30
27,138,8.703265175366642e-16
27,139,1.760045475432729e-30
27,140,1.8482706468273554e-30
27,141,4.22240825605477e-30
27,142,4.009032871508523e-30
27,143,2.564208947414395e-30
27,144,1.326243102867524e-30
27,145,2.9907888845964012e-30
27,146,2.321847583009208e-30
27,147,2.5843512892604465e-30
27,148,6.125363875154716e-30
27,149,6.456949720205812e-30
28,29,1.6978970427009618e-31
28,30,6.8949378698401e-31
28,31,5.345826473767987e-31
28,32,9.12973678001066e-31
28,33,5.146476901963271e-31
28,34,7.211659271018084e-31
28,35,1.3296783804764709e-30
28,36,1.1503531675489123e-30
28,37,5.558775583518286e-30
28,38,2.4719218928591626e-31
28,39,1.3889146607511608e-31
28,40,5.200986562810903e-31
28,41,1.0130922405812628e-30
28,42,8.329903276673253e-31
28,43,3.558017835628e-31
28,44,4.727573922466836e-31
28,45,1.4782924395237656e-30
28,46,8.406491612049688e-31
28,47,6.631616693254595e-31
28,48,3.169376229978134e-31
28,49,4.526956406781357e-31
28,50,6.676418867217134e-31
28,51,7.937247063573631e-31
28,52,1.3194967576631134e-31
28,53,1.3542940427287361e-30
28,54,3.7383922491104736e-31
28,55,1.593260371746314e-30
28,56,1.7344151353861917e-31
28,57,5.622771190970853e-31
28,58,3.9194600250906784e-31
28,59,7.7948245223861985e-31
28,60,7.248456302743595e-31
28,61,1.2559105531845817e-30
28,62,8.159628460566114e-31
28,63,3.4006474159012396e-30
28,64,6.5269012828592296e-31
28,65,5.83891140833426e-31
28,66,2.8598133679355572e-31
28,67,4.533873074538016e-31
28,68,9.269471061008195e-31
28,69,7.334641165163217e-31
28,70,8.69187057401354e-31
28,71,1.024412836974496e-30
28,72,1.4623283592398259e-30
28,73,5.448922468182708e-31
28,74,1.0145000466295136e-30
28,75,6.00138189102266e-31
28,76,8.254621118404554e-31
28,77,4.931150969433168e-31
28,78,5.63406899294821e-31
28,79,5.358130940882027e-31
28,80,3.0248849696830032e-31
28,81,1.7987154639280799e-31
28,82,2.540686315460354e-31
28,83,2.607638023717746e-31
28,84,1.1664755267921219e-30
28,85,2.064366925790325e-31
28,86,1.0264373325025588e-30
28,87,5.7184281731747515e-31
28,88,5.630070054431513e-31
28,89,1.3991856135114273e-30
28,90,6.514136257720325e-31
28,91,1.3011199565151154e-30
28,92,1.8052365081464431e-31
28,93,9.177235438224161e-31
28,94,4.930368996713572e-31
28,95,5.885016705864422e-31
28,96,6.474026613993398e-31
28,97,2.323255925610331e-31
28,98,3.697303979386796e-31
28,99,3.9995885041956804e-31
28,100,4.56143486684934e-31
28,101,4.0069267560464755e-31
28,102,5.609159787000091e-31
28,103,4.328805076401844e-31
28,104,2.7050507096369013e-31
28,105,0.0
28,106,9.875002912498549e-31
28,107,8.025155957704936e-31
28,108,2.0224640530104704e-30
28,109,5.289847690622063e-31
28,110,1.1706298408364412e-30
28,111,5.77483084707267e-31
28,112,6.651732666617196e-31
28,113,1.539573315756186e-30
28,114,8.113915198698858e-31
28,115,6.4689812312147665e-31
28,116,5.618056160214548e-31
28,117,9.461773737719467e-31
28,118,6.056928116773485e-31
28,119,1.1811641520036168e-30
28,120,6.652910277083468e-31
28,121,6.42178402526379e-31
28,122,9.366912296526561e-32
28,123,3.793198232729723e-31
28,124,6.0719045986718735e-31
28,125,1.1974911409215511e-30
28,126,4.430757444949012e-31
28,127,9.483275917112769e-31
28,128,6.377745716588138e-16
28,129,1.1750382536461885e-30
28,130,3.8437779116404402e-31
28,131,3.4563870110469445e-31
28,132,7.009555317112454e-31
28,133,6.840434676975888e-31
28,134,3.436213097285596e-31
28,135,4.941466366111883e-31
28,136,1.5908392818465306e-30
28,137,1.189055110191554e-30
28,138,8.305621954370536e-31
28,139,3.7966132062752157e-31
28,140,4.005460181207118e-31
28,141,9.123969881675574e-31
28,142,8.49133055321001e-31
28,143,5.220088161240564e-31
28,144,2.8247582388911416e-31
28,145,5.958437567401482e-31
28,146,4.837907748455909e-31
28,147,4.984528455871787e-31
28,148,1.290025461022083e-30
28,149,1.3287261888218561e-30
29,30,5.55133825366505e-31
29,31,1.9700722526584697e-31
29,32,4.466093842146041e-31
29,33,2.5048108779866613e-31
29,34,6.2340528548005685e-31
29,35,7.241337006094582e-31
29,36,5.0545603461410025e-31
29,37,2.4269622171478176e-30
29,38,2.395933983063149e-31
29,39,5.797656952384246e-32
29,40,3.3552626634731776e-31
29,41,4.492066257656966e-31
29,42,4.242062064873037e-31
29,43,2.611447800716389e-31
29,44,3.712455433012454e-31
29,45,9.373353876448977e-31
29,46,4.909378935168066e-31
29,47,4.5856386663059765e-31
29,48,3.863213567254438e-31
29,49,1.5474846201913803e-30
29,50,4.5964786813010295e-31
29,51,5.204989760930637e-31
29,52,2.1731642569961755e-31
29,53,1.0986943147340519e-30
29,54,4.972030044077525e-31
29,55,4.775753905553116e-16
29,56,1.5550569176108388e-31
29,57,3.929693536573504e-31
29,58,1.5553231028398014e-31
29,59,3.5950938327467894e-31
29,60,5.538287652493699e-31
29,61,3.0907300956506515e-16
29,62,4.98341415294513e-30
29,63,2.7194799110210296e-16
29,64,3.919239664555531e-31
29,65,3.9159018237947055e-31
29,66,1.6013248693756288e-31
29,67,2.2150638569175656e-31
29,68,4.904946657859814e-31
29,69,3.978111642640703e-31
29,70,4.41151032236881e-31
29,71,4.1327325619976045e-31
29,72,8.029806304951369e-31
29,73,7.941047325158841e-31
29,74,5.099499740818986e-31
29,75,1.0527644019334696e-30
29,76,6.401922598529234e-31
29,77,2.7647973138925066e-31
29,78,1.9053170789255827e-31
29,79,4.514978680060615e-31
29,80,1.8652187233396701e-31
29,81,5.323651815294262e-31
29,82,3.718414612864032e-31
29,83,3.0928604098084374e-31
29,84,6.8752082144417395e-31
29,85,2.1980729960392957e-31
29,86,6.352767201132006e-31
29,87,5.990879267800467e-31
29,88,3.3382718413865875e-31
29,89,7.802469253120171e-31
29,90,6.93516461327726e-31
29,91,5.051116240006324e-31
29,92,2.469570981974758e-31
29,93,4.0492562303652415e-31
29,94,6.922082323297827e-31
29,95,5.07021181415873e-31
29,96,3.049970151924038e-31
29,97,1.1169330489994826e-31
29,98,1.6134418795038646e-31
29,99,8.153279220344633e-31
29,100,2.469003088914056e-31
29,101,6.9030232189505145e-31
29,102,4.791813762994323e-31
29,103,3.50696560646099e-31
29,104,3.2468353779750573e-31
29,105,0.0
29,106,5.3716491669847625e-31
29,107,4.1119945137095214e-31
29,108,3.863763114890117e-16
29,109,5.015163668942014e-31
29,110,4.440013184622605e-31
29,111,6.0513979626896926e-31
29,112,2.4875548464043823e-31
29,113,7.022761461159043e-31
29,114,4.4918019054969274e-31
29,115,5.695627298709513e-31
29,116,9.978519750243031e-31
29,117,4.893608182032309e-31
29,118,2.1964246115948684e-31
29,119,6.9985784347970945e-31
29,120,5.535546016089141e-31
29,121,5.2842922011509945e-31
29,122,1.5838842052544262e-31
29,123,4.489217269131725e-31
29,124,6.955391759074685e-31
29,125,5.636572548535404e-31
29,126,4.3979100371572e-31
29,127,6.774507798417578e-31
29,128,2.6622212897024575e-16
29,129,4.569637330744691e-31
29,130,7.540253769709569e-31
29,131,4.858861488315129e-31
29,132,4.699906017236119e-31
29,133,4.546736233914929e-31
29,134,2.404595818945761e-31
29,135,5.37543297679267e-31
29,136,7.247137878072955e-31
29,137,1.3341513606095121e-30
29,138,3.783447410980901e-16
29,139,6.17045385416403e-31
29,140,2.057830685653804e-31
29,141,4.636543413900784e-31
29,142,5.62604103111813e-31
29,143,2.1359016024970925e-31
29,144,3.6564791082614516e-31
29,145,3.8382401088888516e-31
29,146,8.73508029550997e-31
29,147,4.9025919860182146e-31
29,148,6.47769698603431e-31
29,149,4.753564480278963e-31
30,31,8.7867976736157e-31
30,32,1.5087574491374739e-30
30,33,8.441327803995621e-31
30,34,1.2760882608110594e-30
30,35,2.3175748492147466e-30
30,36,1.9620938054150355e-30
30,37,8.50237723345254e-30
30,38,3.7451657516232675e-31
30,39,2.3543526769883355e-31
30,40,9.788457867029118e-31
30,41,1.6112154576349306e-30
30,42,1.2159747541702165e-30
30,43,6.2597360031597375e-31
30,44,8.393648227299695e-31
30,45,2.6477699886724158e-30
30,46,1.5410156399479244e-30
30,47,1.1350815081874865e-30
30,48,5.287714381355799e-31
30,49,1.7527575630413358e-30
30,50,1.2034301679984078e-30
30,51,1.3731021175015722e-30
30,52,1.8723332624499716e-31
30,53,2.6382758972466326e-30
30,54,7.40552708458874e-31
30,55,8.238968660951649e-16
30,56,2.7610585360492794e-31
30,57,9.675585543913216e-31
30,58,6.598885016270817e-31
30,59,1.3283686751767371e-30
30,60,1.3643183228949406e-30
30,61,2.6037037858103365e-16
30,62,5.940091246397553e-30
30,63,6.004849988450159e-16
30,64,1.1356564805186118e-30
30,65,1.0716647440404799e-30
30,66,4.758068991883929e-31
30,67,7.805259562923385e-31
30,68,1.6014639187572364e-30
30,69,1.1810625139354133e-30
30,70,1.479670939916397e-30
30,71,1.6830861584584417e-30
30,72,2.595098439631452e-30
30,73,3.4409673329208154e-16
30,74,1.7803818466222245e-30
30,75,1.5728846489595044e-30
30,76,1.3935217978593083e-30
30,77,8.474389332839637e-31
30,78,9.305960072432754e-31
30,79,9.6167585040763e-31
30,80,5.245529402449939e-31
30,81,4.973461437340209e-31
30,82,5.9492903501132915e-31
30,83,5.969732499673964e-31
30,84,2.2465561373247048e-30
30,85,3.8757658443380367e-31
30,86,1.7694425702238992e-30
30,87,1.2528969892968504e-30
30,88,9.81791121310555e-31
30,89,2.4491703614697336e-30
30,90,1.2027416669397136e-30
30,91,2.164110166112075e-30
30,92,2.999856264596236e-31
30,93,1.5380979705587242e-30
30,94,1.1994171769759328e-30
30,95,1.1413302489715141e-30
30,96,1.111530260617688e-30
30,97,3.8658163679440684e-31
30,98,6.293191565218621e-31
30,99,1.2150579235264108e-30
30,100,7.3942919578636865e-31
30,101,9.015863312777368e-31
30,102,1.0552008510782998e-30
30,103,8.666135608553083e-31
30,104,5.0340855223798105e-31
30,105,0.0
30,106,1.744529039349057e-30
30,107,1.4297210487560008e-30
30,108,6.069846772046877e-16
30,109,1.0721920447613021e-30
30,110,1.962784537202479e-30
30,111,1.1147898135127421e-30
30,112,1.091007993933133e-30
30,113,2.634700461692437e-30
30,114,1.4038323494845658e-30
30,115,1.0197712190343932e-30
30,116,1.4464413157000193e-30
30,117,1.612587815697782e-30
30,118,9.718473596888281e-31
30,119,2.0909246285395994e-30
30,120,9.82435452361132e-31
30,121,1.1872046544862497e-30
30,122,2.1229732062519915e-31
30,123,7.157453995676525e-31
30,124,1.1946668055257021e-30
30,125,2.0540575498791465e-30
30,126,7.893836042909552e-31
30,127,1.5820670345125303e-30
30,128,1.0810932539857722e-15
30,129,1.9661363699694136e-30
30,130,8.799374702075097e-31
30,131,7.804098575073734e-31
30,132,1.2063691717629227e-30
30,133,1.1802017041954694e-30
30,134,6.5992048875668254e-31
30,135,9.196673453329032e-31
30,136,2.625668041039238e-30
30,137,2.4030282964195446e-30
30,138,3.935031988799243e-16
30,139,8.568769815957599e-31
30,140,6.973870780177952e-31
30,141,1.6564051621378554e-30
30,142,1.5223095074623938e-30
30,143,9.214499898118529e-31
30,144,5.490507893008535e-31
30,145,1.0260722133489526e-30
30,146,1.171203233596326e-30
30,147,1.2014731193466585e-30
30,148,2.2661055419139763e-30
30,149,2.1844196997002394e-30
31,32,1.8459769380611795e-30
31,33,7.791887028336869e-31
31,34,1.0726959175388136e-30
31,35,1.6740847672636684e-30
31,36,1.4851221130646178e-30
31,37,6.235632682161076e-30
31,38,4.2119632168360185e-31
31,39,1.8253914838427187e-31
31,40,5.595064178740771e-31
31,41,1.468908765610668e-30
31,42,1.3486780848420756e-30
31,43,4.514052224530146e-31
31,44,6.895401012377677e-31
31,45,1.5177287743678573e-30
31,46,1.1376413254852477e-30
31,47,9.277141646014457e-31
31,48,5.375163912329021e-31
31,49,1.6106889871578462e-30
31,50,1.0061310934759487e-30
31,51,1.0911042321999375e-30
31,52,3.1341000014844974e-31
31,53,1.363073921136025e-30
31,54,9.22516452271546e-31
31,55,2.5750915287253256e-30
31,56,3.4863760307597613e-31
31,57,7.513942558153383e-31
31,58,5.377157081590441e-31
31,59,1.0078355073748838e-30
31,60,9.664778069812851e-31
31,61,3.4332189248872095e-16
31,62,3.337604881305294e-30
31,63,3.9121971113543386e-30
31,64,7.7964957860733376e-31
31,65,7.929086784804465e-31
31,66,3.3656808777274235e-31
31,67,5.595629161952673e-31
31,68,1.382438368975543e-30
31,69,9.312813188878699e-31
31,70,1.3162144694906194e-30
31,71,1.4470256353188714e-30
31,72,1.6666666099635712e-30
31,73,9.142276571027748e-31
31,74,1.3272686012769946e-30
31,75,1.2445887836190624e-30
31,76,9.967308148682454e-31
31,77,6.4890559841016435e-31
31,78,9.49386487136752e-31
31,79,1.0333024124777011e-30
31,80,3.984970268539281e-31
31,81,6.537296175580452e-31
31,82,6.36119765706051e-31
31,83,3.623957876818056e-31
31,84,1.4578723559645067e-30
31,85,2.921066691836138e-31
31,86,1.2310950078912509e-30
31,87,1.1667984536627784e-30
31,88,6.9136344646406496e-31
31,89,1.7343391392725122e-30
31,90,1.0377534254823473e-30
31,91,1.7755114076448832e-30
31,92,4.8545401361321045e-31
31,93,1.3407783227943786e-30
31,94,7.550191493996013e-31
31,95,8.111811649824916e-31
31,96,8.50712124912035e-31
31,97,3.341886352584824e-31
31,98,4.7787517097241664e-31
31,99,7.568165222799691e-31
31,100,7.115637689283159e-31
31,101,9.245885812210652e-31
31,102,7.498770142795284e-31
31,103,1.012113061026512e-30
31,104,4.6946943414219525e-31
31,105,0.0
31,106,1.3582523537018716e-30
31,107,9.994546165347275e-31
31,108,2.615726018417767e-30
31,109,6.822167761082284e-31
31,110,1.6535993294233288e-30
31,111,8.763228044671813e-31
31,112,1.160051861912201e-30
31,113,2.114165824056447e-30
31,114,1.0855880109869786e-30
31,115,1.3157569982528142e-30
31,116,7.417548550871583e-31
31,117,1.0923712879923816e-30
31,118,8.270056138144785e-31
31,119,1.3957294946824782e-30
31,120,8.827781193780157e-31
31,121,7.667208852653877e-31
31,122,1.872985763622033e-31
31,123,1.0338876040176272e-30
31,124,1.221669006456363e-30
31,125,1.4859948013411386e-30
31,126,5.383859530777472e-31
31,127,1.1924404546990619e-30
31,128,8.382000022145449e-16
31,129,1.686212297780362e-30
31,130,9.867332618782024e-31
31,131,7.959517930389401e-31
31,132,1.1312534015435936e-30
31,133,8.779916695383636e-31
31,134,3.9367283265920717e-31
31,135,6.499867532753065e-31
31,136,2.370508154053247e-30
31,137,9.037725128669929e-31
31,138,4.972820174300697e-16
31,139,5.6182381948231155e-31
31,140,4.598959403702687e-31
31,141,1.1924274421290124e-30
31,142,1.1154971641681847e-30
31,143,8.723513440198607e-31
31,144,3.8987513076235153e-31
31,145,1.0329899184461523e-30
31,146,1.0902539911945653e-30
31,147,6.259420144880714e-31
31,148,1.5343799918205972e-30
31,149,2.232466391360528e-30
32,33,1.517919432896422e-30
32,34,2.7404562112453462e-30
32,35,2.8223461601875842e-30
32,36,2.522535697847067e-30
32,37,1.0080886938632418e-29
32,38,1.0252155747812964e-30
32,39,3.117449443923045e-31
32,40,1.1863800592194324e-30
32,41,2.8157979454844315e-30
32,42,2.7382229682841865e-30
32,43,8.697723415195168e-31
32,44,1.3959308073871684e-30
32,45,2.420590734436089e-30
32,46,2.1713017838779364e-30
32,47,1.882813689498772e-30
32,48,1.2707968261695388e-30
32,49,6.104566413385967e-30
32,50,2.12701523805242e-30
32,51,2.411287495060839e-30
32,52,7.848263743425435e-31
32,53,2.100095489776029e-30
32,54,2.8494500288221914e-30
32,55,5.0761245224650255e-30
32,56,6.974177561130021e-31
32,57,1.4391283578482593e-30
32,58,9.47318892237737e-31
32,59,1.7860214381997253e-30
32,60,2.1901047278264055e-30
32,61,6.990053124912872e-16
32,62,1.1924427226425701e-29
32,63,1.144391699630551e-16
32,64,1.2876941789397119e-30
32,65,1.6560276917124676e-30
32,66,5.519385214195413e-31
32,67,9.339157777595779e-31
32,68,2.793429039531305e-30
32,69,1.6684579816447604e-30
32,70,2.7157883176508863e-30
32,71,2.6529183410908063e-30
32,72,2.6819903639633578e-30
32,73,1.5052039668103251e-30
32,74,2.2853729352102525e-30
32,75,3.292473761635445e-30
32,76,2.1528481926220113e-30
32,77,1.0777493378151166e-30
32,78,1.9769626998560602e-30
32,79,2.4807131687039866e-30
32,80,7.428097867305454e-31
32,81,2.097170925219928e-30
32,82,2.1902647171726675e-30
32,83,1.0519558781409834e-30
32,84,2.480607178913469e-30
32,85,9.76946626833927e-31
32,86,2.0365668088928656e-30
32,87,2.7945293606271562e-30
32,88,1.1645028174471933e-30
32,89,2.9962250817157494e-30
32,90,2.1697135545615815e-30
32,91,3.091214216801177e-30
32,92,1.3893957253833355e-30
32,93,2.490924124801411e-30
32,94,2.062856881932681e-30
32,95,1.8930730872764378e-30
32,96,1.4274082261969503e-30
32,97,5.739056330983672e-31
32,98,8.117005398611249e-31
32,99,2.1355649060271245e-30
32,100,1.4881953753004419e-30
32,101,2.9535036037048382e-30
32,102,1.533433973784386e-30
32,103,2.511726201498942e-30
32,104,1.3380440024938522e-30
32,105,0.0
32,106,2.668688645059417e-30
32,107,1.6714376992087033e-30
32,108,4.606171162068503e-30
32,109,1.1858341728462339e-30
32,110,2.966228100449066e-30
32,111,2.141511721558297e-30
32,112,2.394496205320182e-30
32,113,3.630870115774529e-30
32,114,2.0384774851886705e-30
32,115,3.316918741949922e-30
32,116,3.429481190174232e-30
32,117,1.758094459867059e-30
32,118,1.466611757738403e-30
32,119,2.3576455705228307e-30
32,120,1.6934239417285463e-30
32,121,1.5433873485229589e-30
32,122,6.595880286844478e-31
32,123,2.751939165085072e-30
32,124,2.8072909199605567e-30
32,125,2.4603344817602067e-30
32,126,9.656278540849663e-31
32,127,2.071731755805445e-30
32,128,1.4314990257866111e-15
32,129,3.1455523081729883e-30
32,130,2.9745038185414884e-30
32,131,2.3130394651460974e-30
32,132,2.4942000771693287e-30
32,133,1.5733292202179304e-30
32,134,7.4674032932676835e-31
32,135,1.4103914284364276e-30
32,136,4.635781714675045e-30
32,137,3.164265251881044e-30
32,138,1.6974639288649807e-15
32,139,2.1217758034578e-30
32,140,7.353885517468876e-31
32,141,2.1004788762861728e-30
32,142,2.0587001539463217e-30
32,143,1.8146022084928634e-30
32,144,1.2096182754609245e-30
32,145,2.1929714470332243e-30
32,146,3.793010865839909e-30
32,147,1.6278532290561616e-30
32,148,2.4975761665223333e-30
32,149,4.6200113834300825e-30
33,34,9.312640055291575e-31
33,35,1.7932492954280415e-30
33,36,1.4738077881992715e-30
33,37,6.503857201567244e-30
33,38,3.611204156096043e-31
33,39,1.75732137111728e-31
33,40,5.507689422513259e-31
33,41,1.417768365802511e-30
33,42,1.191636403192667e-30
33,43,4.546963605976924e-31
33,44,7.793026368188954e-31
33,45,1.718402670686728e-30
33,46,1.0713548982759547e-30
33,47,8.47540525602775e-31
33,48,4.410565244829494e-31
33,49,1.4589670443108974e-30
33,50,8.547944364136601e-31
33,51,1.0087553450489487e-30
33,52,2.950473745478815e-31
33,53,1.6876347674155672e-30
33,54,7.568372117418693e-31
33,55,2.2500729862949705e-30
33,56,2.8936812401414705e-31
33,57,7.0798166851863945e-31
33,58,5.0532671205828905e-31
33,59,9.671890943077653e-31
33,60,9.606843070757226e-31
33,61,4.710788446131061e-16
33,62,2.7398874235765504e-30
33,63,3.0404833439269487e-16
33,64,7.747199770837636e-31
33,65,7.175816742453015e-31
33,66,3.582083117678341e-31
33,67,5.571616599539486e-31
33,68,1.3070592295334245e-30
33,69,9.294023576746579e-31
33,70,1.1632785721962707e-30
33,71,1.3948286837400504e-30
33,72,1.7171479354714938e-30
33,73,8.353826741291289e-31
33,74,1.2691592884320597e-30
33,75,9.930842562848209e-31
33,76,1.034369887614495e-30
33,77,5.715476972808309e-31
33,78,8.22821429254491e-31
33,79,8.515583452989218e-31
33,80,3.540687603685253e-31
33,81,5.662832625292069e-31
33,82,4.879144600675691e-31
33,83,2.823489763059265e-31
33,84,1.3945257594802287e-30
33,85,2.749858765906926e-31
33,86,1.3930885807684398e-30
33,87,9.391804178962204e-31
33,88,7.469073553087895e-31
33,89,1.6774068608229356e-30
33,90,1.0042080669546246e-30
33,91,1.653643920042238e-30
33,92,3.792273319062019e-31
33,93,1.2108101668988592e-30
33,94,6.606304538014198e-31
33,95,7.272122446759659e-31
33,96,7.6476504945264e-31
33,97,2.8814232378334515e-31
33,98,4.63909309377882e-31
33,99,5.938368312005996e-31
33,100,6.24082551549936e-31
33,101,7.349504308412594e-31
33,102,7.00053188680625e-31
33,103,7.891978573863476e-31
33,104,3.954816339005813e-31
33,105,0.0
33,106,1.231427371955448e-30
33,107,9.782155285125237e-31
33,108,2.4514607026091913e-30
33,109,6.361314564830644e-31
33,110,1.5392062795805976e-30
33,111,7.12630603198928e-31
33,112,9.872605389593646e-31
33,113,1.8976514786733838e-30
33,114,1.0243303956977878e-30
33,115,1.0673513310827062e-30
33,116,8.901679790517443e-31
33,117,1.1497471862791577e-30
33,118,8.26426332957446e-31
33,119,1.416575962279337e-30
33,120,9.328882299231473e-31
33,121,7.631584837652736e-31
33,122,1.5642463273823093e-31
33,123,8.051986930158615e-31
33,124,9.921743892121972e-31
33,125,1.4902170943439224e-30
33,126,5.158176256155086e-31
33,127,1.2716815528557266e-30
33,128,8.069429435823355e-16
33,129,1.5686676568501863e-30
33,130,8.244689695519185e-31
33,131,6.347561778727937e-31
33,132,9.416660631726918e-31
33,133,8.758092074732086e-31
33,134,3.683478681541151e-31
33,135,6.802395725662036e-31
33,136,2.1190226432028005e-30
33,137,1.4510838084177323e-30
33,138,4.2116285196829005e-16
33,139,5.2153965066087355e-31
33,140,4.817825295309345e-31
33,141,1.1711345648869559e-30
33,142,1.0515530620847907e-30
33,143,7.620808306884108e-31
33,144,3.8729049054698337e-31
33,145,8.540588988793782e-31
33,146,8.465401294373739e-31
33,147,5.782658394396939e-31
33,148,1.4749228564998293e-30
33,149,1.918428334432673e-30
34,35,2.510046093173452e-30
34,36,2.0772067586003817e-30
34,37,1.1348511443847769e-29
34,38,6.301891878340851e-31
34,39,2.462500696999454e-31
34,40,1.4161474331863537e-30
34,41,1.8089679595943944e-30
34,42,1.5833402985860217e-30
34,43,8.373819138856919e-31
34,44,9.207632793882632e-31
34,45,3.4730661444803784e-30
34,46,1.6699305188325805e-30
34,47,1.3966887301898969e-30
34,48,1.1678611814280686e-30
34,49,5.943290089437391e-30
34,50,1.5185986678693023e-30
34,51,2.1212165381410617e-30
34,52,5.6067542182438875e-31
34,53,3.3214412514067556e-30
34,54,2.1014854573993297e-30
34,55,3.0142858105363576e-30
34,56,4.197362075776628e-31
34,57,1.0962606863216158e-30
34,58,6.851919678389641e-31
34,59,1.4453823282555118e-30
34,60,2.02548082471981e-30
34,61,2.2207170832518397e-16
34,62,9.043114488408239e-30
34,63,6.844325441377182e-30
34,64,1.3631023291453623e-30
34,65,1.4363043024661297e-30
34,66,5.910313599655055e-31
34,67,8.587096094028474e-31
34,68,1.669352341324237e-30
34,69,1.4996619020639904e-30
34,70,1.626320026023848e-30
34,71,1.8240120258579645e-30
34,72,3.0032647361184257e-30
34,73,8.238607431112328e-31
34,74,1.8150323734216086e-30
34,75,2.4751151124693155e-30
34,76,2.3430815163349744e-30
34,77,8.751940372619192e-31
34,78,1.1458967074136307e-30
34,79,1.62755325463768e-30
34,80,7.051804942436972e-31
34,81,1.9082548939057465e-30
34,82,1.8408364257254597e-30
34,83,1.1318122691158303e-30
34,84,2.2800546401415718e-30
34,85,9.79945796537089e-31
34,86,2.065894837671812e-30
34,87,1.8789358110346432e-30
34,88,1.1067909490352667e-30
34,89,2.879148146105671e-30
34,90,1.2629691151467767e-30
34,91,2.257243094478358e-30
34,92,1.0971770208899967e-30
34,93,1.5994942276300975e-30
34,94,1.864843682067776e-30
34,95,1.876875973015238e-30
34,96,1.1642159515160356e-30
34,97,3.809829914044607e-31
34,98,6.6456996698260715e-31
34,99,1.88808259144086e-30
34,100,9.20405365025632e-31
34,101,2.6898118010967477e-30
34,102,1.3348236500061466e-30
34,103,1.687738292137545e-30
34,104,1.0821472255467376e-30
34,105,0.0
34,106,2.0681649872622964e-30
34,107,1.4993578142840646e-30
34,108,3.9828724266016616e-30
34,109,1.0587000209641821e-30
34,110,2.046022786582124e-30
34,111,2.0902327728993238e-30
34,112,1.38762151138963e-30
34,113,2.616620293446017e-30
34,114,1.5719657859263697e-30
34,115,2.32375461539568e-30
34,116,3.895549814540186e-30
34,117,1.9039929670568445e-30
34,118,1.0739335922329568e-30
34,119,2.551285933514679e-30
34,120,1.2937797753223234e-30
34,121,1.74445409791753e-30
34,122,6.449141287518001e-31
34,123,2.010974936520908e-30
34,124,1.7991146840165794e-30
34,125,2.212795587077893e-30
34,126,1.050507737610115e-30
34,127,1.8767823045003064e-30
34,128,1.130753653639871e-15
34,129,2.0644030994396435e-30
34,130,2.693047873164723e-30
34,131,1.891102987276273e-30
34,132,1.791921313473423e-30
34,133,1.3435025776334547e-30
34,134,8.864729061092727e-31
34,135,1.2931866233230336e-30
34,136,2.7613441142800383e-30
34,137,4.689567510840635e-30
34,138,1.5275813788038199e-15
34,139,2.2477514935662255e-30
34,140,7.908355213257662e-31
34,141,1.6935072000331536e-30
34,142,1.7409209820540667e-30
34,143,1.0526658921531574e-30
34,144,1.2442735586811163e-30
34,145,1.3655175445570284e-30
34,146,3.4819752120241076e-30
34,147,1.72174888154729e-30
34,148,2.4769900931353987e-30
34,149,2.6777888405930528e-30
35,36,3.8954990788481254e-30
35,37,1.7258118930852846e-29
35,38,7.635189427638772e-31
35,39,4.540333667547457e-31
35,40,1.6326998568603055e-30
35,41,3.5341883444823975e-30
35,42,2.6027422372995303e-30
35,43,1.3006403066071976e-30
35,44,2.097557438361266e-30
35,45,5.0925419064980914e-30
35,46,2.828801749899531e-30
35,47,2.2645246583605296e-30
35,48,1.1489126976229388e-30
35,49,2.4018339417524657e-30
35,50,2.0705685151018736e-30
35,51,2.6566891295089872e-30
35,52,4.286363717667754e-31
35,53,5.158235350335168e-30
35,54,1.3850459587026933e-30
35,55,1.1215493724878607e-16
35,56,4.059383050477538e-31
35,57,1.7929015448416034e-30
35,58,1.2704661015667296e-30
35,59,2.575937986496467e-30
35,60,2.7587955960856372e-30
35,61,9.54274521831661e-16
35,62,4.0202099665636026e-30
35,63,1.9996967966850438e-16
35,64,2.120617499737882e-30
35,65,1.973954865546578e-30
35,66,9.908825078797137e-31
35,67,1.5078068192174545e-30
35,68,3.3167784716468895e-30
35,69,2.4744273859751416e-30
35,70,2.7867865188751975e-30
35,71,3.545659045398114e-30
35,72,4.859008426615072e-30
35,73,1.193812447098185e-16
35,74,3.337702120160695e-30
35,75,2.105029336244608e-16
35,76,2.9674319088164534e-30
35,77,1.248849447412413e-30
35,78,1.8021530963246162e-30
35,79,1.7344553431358368e-30
35,80,9.23573414385885e-31
35,81,9.183239995149949e-31
35,82,7.428259047476163e-31
35,83,9.089324548549157e-31
35,84,3.7429487540896765e-30
35,85,7.689246767526095e-31
35,86,3.928303888028685e-30
35,87,1.8104563283145656e-30
35,88,2.094952497908088e-30
35,89,4.57501954604071e-30
35,90,2.6502924304066865e-30
35,91,4.105568235615748e-30
35,92,5.095459517441184e-31
35,93,2.942800699829092e-30
35,94,1.770330882842897e-30
35,95,2.138552349581903e-30
35,96,1.909171673724061e-30
35,97,6.227673081458205e-31
35,98,1.214519171723033e-30
35,99,1.3867039789162315e-30
35,100,1.4735876662472187e-30
35,101,1.5048367848471652e-30
35,102,1.9734610611282468e-30
35,103,1.2420033909105887e-30
35,104,8.550005844578202e-31
35,105,0.0
35,106,3.1056095858881026e-30
35,107,2.6463695792210503e-30
35,108,3.284083995358298e-16
35,109,1.74559494114247e-30
35,110,3.813115089828759e-30
35,111,1.7561013880062518e-30
35,112,2.046442994030198e-30
35,113,4.535097701249541e-30
35,114,2.6744324089092088e-30
35,115,2.1014940554327027e-30
35,116,2.319329450126192e-30
35,117,3.1955514308795e-30
35,118,2.062521934699097e-30
35,119,4.003126244518581e-30
35,120,2.4882297952946773e-30
35,121,2.031048567523301e-30
35,122,3.5068069697296513e-31
35,123,1.0862404550251442e-30
35,124,1.765418503515493e-30
35,125,3.9983295904423405e-30
35,126,1.465703507475203e-30
35,127,3.5826929665334694e-30
35,128,2.0848720528603934e-15
35,129,3.8774886513289976e-30
35,130,1.614214357931421e-30
35,131,8.694296828566802e-31
35,132,2.146103384035205e-30
35,133,2.3900602472956834e-30
35,134,1.0437254872427949e-30
35,135,1.9552373753699676e-30
35,136,5.082433134709651e-30
35,137,4.651369010001762e-30
35,138,4.193297078941035e-16
35,139,1.4796763902607061e-30
35,140,1.3471178265450258e-30
35,141,3.1337195217355266e-30
35,142,2.8858170406053877e-30
35,143,1.756100648129837e-30
35,144,1.1975522891264696e-30
35,145,1.745130714383267e-30
35,146,1.918325789417377e-30
35,147,1.6322279616602596e-30
35,148,3.969107586871318e-30
35,149,4.1514137202368056e-30
36,37,1.554671902193167e-29
36,38,6.569647210320917e-31
36,39,3.9280079249845383e-31
36,40,1.4581156721824002e-30
36,41,2.9089330873947754e-30
36,42,2.3138301115895e-30
36,43,1.0377323802052766e-30
36,44,1.4538190469403067e-30
36,45,4.2546686068492894e-30
36,46,2.3942983703226888e-30
36,47,1.8810487492235535e-30
36,48,8.970410982437936e-31
36,49,1.4823257439459757e-30
36,50,1.8548554913839163e-30
36,51,2.261149422266469e-30
36,52,3.5185214819392313e-31
36,53,3.998540990239969e-30
36,54,1.0392582807899444e-30
36,55,4.45319784055596e-30
36,56,4.29546657996528e-31
36,57,1.568948417414609e-30
36,58,1.105173950513129e-30
36,59,2.2084687844459483e-30
36,60,2.1371379075257516e-30
36,61,2.3714374201337637e-16
36,62,2.1803036557639815e-30
36,63,9.564454520090981e-30
36,64,1.8423810169398494e-30
36,65,1.6661955662768623e-30
36,66,8.183097452693069e-31
36,67,1.2896380744328704e-30
36,68,2.6829304408130556e-30
36,69,2.091946957847875e-30
36,70,2.441520050719891e-30
36,71,2.9350825758197067e-30
36,72,4.161741635866404e-30
36,73,1.3272769245324073e-30
36,74,2.8717435891236724e-30
36,75,1.723904258256796e-30
36,76,2.4034517719797525e-30
36,77,1.2955531437291657e-30
36,78,1.578296471500092e-30
36,79,1.4996261528770558e-30
36,80,8.394994252259404e-31
36,81,5.389189634685768e-31
36,82,6.752543409642039e-31
36,83,7.47695659947227e-31
36,84,3.278131825059139e-30
36,85,6.109170134416826e-31
36,86,3.0348668889801097e-30
36,87,1.587038906334081e-30
36,88,1.6511571654572928e-30
36,89,3.9587545925300786e-30
36,90,1.9359291337149944e-30
36,91,3.6412455124342396e-30
36,92,4.839987839767225e-31
36,93,2.573714657403499e-30
36,94,1.4302927164572281e-30
36,95,1.704884320101402e-30
36,96,1.7746740423941578e-30
36,97,6.194874305758319e-31
36,98,1.0473402181652752e-30
36,99,1.1346211645354717e-30
36,100,1.2799308701910692e-30
36,101,1.1602359939975364e-30
36,102,1.612936743958608e-30
36,103,1.1571426600058933e-30
36,104,7.553238617795717e-31
36,105,0.0
36,106,2.765160162740305e-30
36,107,2.2725772457184307e-30
36,108,5.589247640650955e-30
36,109,1.4852961618816125e-30
36,110,3.302224857617894e-30
36,111,1.5900704547471523e-30
36,112,1.8400433452873467e-30
36,113,4.223613383913125e-30
36,114,2.2966571819799647e-30
36,115,1.7830995786116365e-30
36,116,1.7204083237845753e-30
36,117,2.7036588666484575e-30
36,118,1.7286632803168285e-30
36,119,3.3755470452717055e-30
36,120,1.9445260190602926e-30
36,121,1.805738982636679e-30
36,122,2.740862970541104e-31
36,123,1.0153762864374837e-30
36,124,1.64320026841788e-30
36,125,3.409399721478038e-30
36,126,1.2577994418605049e-30
36,127,2.780292953784958e-30
36,128,1.8036987027515235e-15
36,129,3.3284967416216216e-30
36,130,1.1289789851108968e-30
36,131,9.010945548571475e-31
36,132,1.9394906604743834e-30
36,133,1.9691065708533787e-30
36,134,9.538488328376601e-31
36,135,1.4710976670886602e-30
36,136,4.463363649090305e-30
36,137,3.556222013014621e-30
36,138,1.2412670766236368e-16
36,139,1.1318623511246476e-30
36,140,1.143867239656433e-30
36,141,2.612932493559577e-30
36,142,2.421048791441415e-30
36,143,1.4801880142285908e-30
36,144,8.606371884586908e-31
36,145,1.622264699468084e-30
36,146,1.4394942739121356e-30
36,147,1.4145318344526242e-30
36,148,3.590418504634529e-30
36,149,3.696761761781103e-30
37,38,4.4715723127724864e-30
37,39,1.898105308980424e-30
37,40,9.398605177280526e-30
37,41,7.955405991323097e-16
37,42,1.1418849292236035e-29
37,43,5.0757106359676166e-30
37,44,5.334249197421415e-30
37,45,2.3499799446509614e-29
37,46,1.145099594048257e-29
37,47,1.0459845209201607e-29
37,48,5.3694832015094695e-30
37,49,1.4912067600598407e-29
37,50,9.571286556829625e-30
37,51,1.153314073507994e-16
37,52,2.4109311295052585e-30
37,53,7.936346868458957e-16
37,54,7.441819461719774e-30
37,55,1.2114494521593577e-15
37,56,2.3861700745335177e-30
37,57,8.893636422824763e-30
37,58,5.235477198672411e-30
37,59,1.1484093046834862e-29
37,60,1.0496319437440365e-29
37,61,2.467945187625662e-15
37,62,5.406162137141041e-16
37,63,2.1324442757332884e-15
37,64,1.0415370100454308e-29
37,65,8.511847832095498e-30
37,66,4.4516608064287765e-30
37,67,6.505637741258533e-30
37,68,7.457374576266181e-16
37,69,1.1697803014758872e-29
37,70,1.180662708763246e-29
37,71,1.3222194678779216e-29
37,72,2.1989989003176005e-29
37,73,1.106487083362009e-15
37,74,1.3771466514293398e-29
37,75,8.474847690526078e-16
37,76,1.3657796134004538e-29
37,77,8.543953584738946e-30
37,78,6.576913708414562e-30
37,79,6.6526092502001e-30
37,80,4.796978088678221e-30
37,81,3.710357393385038e-30
37,82,6.538035885805999e-30
37,83,4.474424839633772e-30
37,84,5.238935016040447e-16
37,85,4.402460570796459e-30
37,86,1.4001646527998236e-29
37,87,6.1135491857607036e-30
37,88,7.514422817978185e-30
37,89,2.0943701460595782e-29
37,90,7.418924928170984e-30
37,91,1.7921023842525702e-29
37,92,2.7703632547965817e-30
37,93,1.2202381785320897e-29
37,94,5.795222797854403e-16
37,95,9.271939236635556e-30
37,96,9.880504967955458e-30
37,97,3.5437123519392514e-30
37,98,5.125499749554601e-30
37,99,6.348685633812823e-30
37,100,6.306315749904755e-30
37,101,7.751549241229906e-16
37,102,3.741859884864689e-16
37,103,4.244470010005781e-30
37,104,4.5479803416495785e-30
37,105,0.0
37,106,1.4634149938888282e-29
37,107,1.130539054189144e-29
37,108,1.6290645275758753e-15
37,109,7.964034870168449e-30
37,110,1.5198977517314885e-29
37,111,9.594133749895554e-30
37,112,7.477234663799246e-30
37,113,2.2192247453555527e-29
37,114,1.1705855905268752e-29
37,115,8.431541322454966e-16
37,116,1.4267444659504223e-29
37,117,1.4460525404176739e-29
37,118,8.515526295495274e-30
37,119,1.7885338249322053e-29
37,120,1.0427425012167654e-29
37,121,1.0860308159640404e-29
37,122,2.2019179025414523e-30
37,123,3.855934704892979e-30
37,124,3.6784319839514507e-16
37,125,1.6879841207340626e-29
37,126,7.265333108408812e-30
37,127,1.3083235520810447e-29
37,128,8.715894032997008e-15
37,129,1.5342623373782246e-29
37,130,6.530019766856193e-30
37,131,6.699502599605419e-30
37,132,9.869812372356917e-30
37,133,9.581426514473913e-30
37,134,6.396501942263016e-30
37,135,6.988537153486673e-30
37,136,2.3543719164969743e-16
37,137,2.2101383715014325e-29
37,138,2.9656676249804307e-15
37,139,8.731789355125778e-30
37,140,5.8988369880005234e-30
37,141,1.2134408550331519e-29
37,142,1.1916879282150495e-29
37,143,5.7381596573619055e-30
37,144,5.117151525935786e-30
37,145,7.628783303026677e-30
37,146,7.970871802854632e-16
37,147,9.040484920046723e-30
37,148,1.9902833644317394e-29
37,149,1.608027431785475e-29
38,39,8.440650279411451e-32
38,40,6.28007387617721e-31
38,41,7.082342022221295e-31
38,42,6.7900126537119545e-31
38,43,2.0142888972054073e-31
38,44,6.123900260960723e-31
38,45,8.57824732031991e-31
38,46,5.168108037793821e-31
38,47,7.707205995993274e-31
38,48,4.36118163568453e-31
38,49,1.4081685756695632e-30
38,50,5.287591668641726e-31
38,51,5.7229041345165365e-31
38,52,2.7851730388328635e-31
38,53,6.859185960690096e-31
38,54,1.217866587373772e-30
38,55,1.1213245495585668e-30
38,56,2.572481396444781e-31
38,57,6.895548434808917e-31
38,58,2.4661804205529983e-31
38,59,5.00384922793891e-31
38,60,5.9380924256119685e-31
38,61,7.651998767265514e-16
38,62,5.748091418611578e-30
38,63,1.468687011488056e-16
38,64,5.0380202305889075e-31
38,65,3.526216474648076e-31
38,66,2.6441692219611386e-31
38,67,2.631295452264302e-31
38,68,6.799794759995863e-31
38,69,4.927876570517428e-31
38,70,5.977121623376977e-31
38,71,6.8971230019906885e-31
38,72,8.681292146419397e-31
38,73,1.2296505504185004e-30
38,74,5.9891154544009405e-31
38,75,9.585324923364276e-31
38,76,4.765081131203972e-31
38,77,6.99061067543902e-31
38,78,4.476253947560261e-31
38,79,5.945112965947953e-31
38,80,2.4350136017618666e-31
38,81,4.6778636343038055e-31
38,82,8.198579072349657e-31
38,83,2.2765829799143997e-31
38,84,8.821403181973508e-31
38,85,2.696099858424983e-31
38,86,6.024585664442763e-31
38,87,5.840463690263225e-31
38,88,3.046727475538635e-31
38,89,9.084962242501658e-31
38,90,7.361240611853845e-31
38,91,8.671027697913035e-31
38,92,3.0722947946720594e-31
38,93,6.1634550840754525e-31
38,94,5.827136243866498e-31
38,95,4.49300244889279e-31
38,96,6.268416940911286e-31
38,97,2.4886335784032513e-31
38,98,2.2171506614753677e-31
38,99,4.977670158620784e-31
38,100,3.4109665830844347e-31
38,101,7.480478640017214e-31
38,102,4.232035669256344e-31
38,103,5.701089401412868e-31
38,104,4.54885117271282e-31
38,105,0.0
38,106,6.760531996599171e-31
38,107,5.217903018605855e-31
38,108,3.2368285699647683e-16
38,109,6.120963232103827e-31
38,110,7.526253615395552e-31
38,111,6.291174878700884e-31
38,112,5.4445846527847445e-31
38,113,1.2479404449324647e-30
38,114,5.371983536856095e-31
38,115,1.0349175816036297e-30
38,116,8.645484870324852e-31
38,117,5.684452410176558e-31
38,118,4.068307317004695e-31
38,119,7.314663094805672e-31
38,120,7.088381044906768e-31
38,121,5.112338926101506e-31
38,122,1.6549666911459817e-31
38,123,5.793582602337605e-31
38,124,5.925127092902446e-31
38,125,6.917415908536939e-31
38,126,2.877867254694295e-31
38,127,6.6313532027460975e-31
38,128,3.875855204496218e-16
38,129,7.558497235157684e-31
38,130,5.63157176596823e-31
38,131,6.6869078307214825e-31
38,132,5.539375765635569e-31
38,133,3.911276639835991e-31
38,134,3.6313249994145517e-31
38,135,4.94089463383524e-31
38,136,1.1202721878353521e-30
38,137,7.62817639765635e-31
38,138,3.650675994272791e-16
38,139,5.343224306110587e-31
38,140,2.254756521462971e-31
38,141,5.426516518465271e-31
38,142,5.367506615903799e-31
38,143,4.173609408724378e-31
38,144,2.965761587579375e-31
38,145,5.319594997594057e-31
38,146,1.0540737778768207e-30
38,147,4.392997594863734e-31
38,148,1.0433808001120119e-30
38,149,1.045903687526992e-30
39,40,1.775934296768099e-31
39,41,3.4593153320233204e-31
39,42,2.8443374615853346e-31
39,43,1.2149244814409458e-31
39,44,1.6142823227902655e-31
39,45,5.0477927837297675e-31
39,46,2.870489394470521e-31
39,47,2.2644387533671237e-31
39,48,1.0822185133925312e-31
39,49,1.545779256624738e-31
39,50,2.2797369504204996e-31
39,51,2.7102606614895793e-31
39,52,4.5055673920867756e-32
39,53,4.624386564634411e-31
39,54,1.2765153168131162e-31
39,55,5.440363484301209e-31
39,56,5.922352012579143e-32
39,57,1.9199573158535402e-31
39,58,1.338342908466992e-31
39,59,2.6616289120180085e-31
39,60,2.475065449834593e-31
39,61,4.2884452750211565e-31
39,62,2.7861952452676066e-31
39,63,1.1611886137715439e-30
39,64,2.228682520107263e-31
39,65,1.993760779925389e-31
39,66,9.765148556214984e-32
39,67,1.5481410292115453e-31
39,68,3.16516325726611e-31
39,69,2.504494222853866e-31
39,70,2.967935192494998e-31
39,71,3.4979707585502163e-31
39,72,4.993281668674538e-31
39,73,1.8605947496326544e-31
39,74,3.4641224412401816e-31
39,75,2.0492381204134324e-31
39,76,2.818631537297799e-31
39,77,1.6837959535939734e-31
39,78,1.9238150751012072e-31
39,79,1.829592980017988e-31
39,80,1.0328803769366117e-31
39,81,6.141912585120364e-32
39,82,8.675453994091516e-32
39,83,8.904067995465234e-32
39,84,3.9830595010250635e-31
39,85,7.049008837745111e-32
39,86,3.5048836220973928e-31
39,87,1.9526204487745032e-31
39,88,1.9224495933840948e-31
39,89,4.777673790482743e-31
39,90,2.2243237613084255e-31
39,91,4.442817775202593e-31
39,92,6.164179410727914e-32
39,93,3.1336683853013963e-31
39,94,1.6835289403734821e-31
39,95,2.0095039429114244e-31
39,96,2.210627880523972e-31
39,97,7.933013916942726e-32
39,98,1.26248527337503e-31
39,99,1.3657036625223786e-31
39,100,1.5575523075632485e-31
39,101,1.3682093896537148e-31
39,102,1.915309551655938e-31
39,103,1.4781182966662081e-31
39,104,9.236694368894335e-32
39,105,0.0
39,106,3.371928794892497e-31
39,107,2.740278124175422e-31
39,108,6.905926851271693e-31
39,109,1.8062769101595167e-31
39,110,3.9972448650935e-31
39,111,1.9718797646360317e-31
39,112,2.271307574614032e-31
39,113,5.257043102919862e-31
39,114,2.7705859471879505e-31
39,115,2.2089050788576567e-31
39,116,1.9183473165333509e-31
39,117,3.230827129842487e-31
39,118,2.068204992597312e-31
39,119,4.03321543388594e-31
39,120,2.2717096827121833e-31
39,121,2.1927890716833054e-31
39,122,3.198435643184947e-32
39,123,1.2952294251466188e-31
39,124,2.073318877727963e-31
39,125,4.088965740548221e-31
39,126,1.512931058774518e-31
39,127,3.2381692864465576e-31
39,128,2.1777517048675596e-16
39,129,4.012297877456814e-31
39,130,1.3125004150659842e-31
39,131,1.1802215140706999e-31
39,132,2.3934900700888032e-31
39,133,2.3357419599018823e-31
39,134,1.1733329084347993e-31
39,135,1.6873182597036423e-31
39,136,5.4320964054755705e-31
39,137,4.0601599820232596e-31
39,138,2.836046335944555e-31
39,139,1.2963955055755445e-31
39,140,1.3677086114793165e-31
39,141,3.1154802728022254e-31
39,142,2.8994585878126917e-31
39,143,1.7824567484923334e-31
39,144,9.64544894692785e-32
39,145,2.034574306875498e-31
39,146,1.6519570260991966e-31
39,147,1.7020222857901447e-31
39,148,4.4049343951679275e-31
39,149,4.537082303991514e-31
40,41,1.1564498425244015e-30
40,42,9.600784028068009e-31
40,43,5.231551160831869e-31
40,44,5.209181602474754e-31
40,45,2.5042841325997736e-30
40,46,1.1967825385719267e-30
40,47,1.0825434469971455e-30
40,48,6.167125385175814e-31
40,49,2.928952411976653e-30
40,50,1.0483466772057867e-30
40,51,1.4233894365944553e-30
40,52,3.382542964524127e-31
40,53,2.1976085946805413e-30
40,54,1.4136670675576535e-30
40,55,1.778607841956382e-30
40,56,2.149986521916146e-31
40,57,9.541615026225769e-31
40,58,4.833837101545189e-31
40,59,1.1324507028115154e-30
40,60,1.2488034216371486e-30
40,61,5.207407571620676e-16
40,62,6.168618898906076e-30
40,63,5.939952573983584e-16
40,64,1.0298264531320168e-30
40,65,9.430930440546774e-31
40,66,4.432214168130135e-31
40,67,6.360187541091788e-31
40,68,1.0596521428227073e-30
40,69,1.1112160977855318e-30
40,70,1.1874961367032907e-30
40,71,1.1992513090784914e-30
40,72,2.253628263090672e-30
40,73,1.205903547368869e-30
40,74,1.368401350916039e-30
40,75,1.4970370278049598e-30
40,76,1.4960145062277614e-30
40,77,9.304590763404131e-31
40,78,5.925653339505141e-31
40,79,7.316126467945756e-31
40,80,5.170657486545889e-31
40,81,8.336831553740625e-31
40,82,1.1463119567599362e-30
40,83,6.296216480036468e-31
40,84,1.795920184774439e-30
40,85,6.161461688552182e-31
40,86,1.3249914128523015e-30
40,87,7.639642400931714e-31
40,88,7.20237848063165e-31
40,89,2.156020065931243e-30
40,90,9.273577662932384e-31
40,91,1.648493333588813e-30
40,92,5.195376545737895e-31
40,93,1.1050066106138774e-30
40,94,1.1870807197444453e-30
40,95,1.1653499649253009e-30
40,96,9.906249556888033e-31
40,97,3.4749763208335967e-31
40,98,4.8545097118008825e-31
40,99,9.903877597596796e-31
40,100,6.115003685453726e-31
40,101,1.4077937527095142e-30
40,102,8.79538900351282e-31
40,103,8.444921325607803e-31
40,104,6.331580954236292e-31
40,105,0.0
40,106,1.5755301032142045e-30
40,107,1.1496164459467915e-30
40,108,3.3709029460790923e-16
40,109,8.445568254134472e-31
40,110,1.384333123189713e-30
40,111,1.225391184416723e-30
40,112,6.866771276294507e-31
40,113,2.1096808702192145e-30
40,114,1.1991199474569108e-30
40,115,1.1775490893694464e-30
40,116,2.2054717634383307e-30
40,117,1.4352947483952065e-30
40,118,7.230821814430099e-31
40,119,1.8629422064858442e-30
40,120,9.59991157661253e-31
40,121,1.225249038834807e-30
40,122,3.5861489679731938e-31
40,123,8.62826558979382e-31
40,124,7.816796073442596e-31
40,125,1.6150321732893547e-30
40,126,7.3802315111106536e-31
40,127,1.240688470957658e-30
40,128,8.154897974818029e-16
40,129,1.4026624976394909e-30
40,130,1.1970728857969119e-30
40,131,1.1481020715834789e-30
40,132,1.0688453227673262e-30
40,133,9.482661201602647e-31
40,134,7.029778801471579e-31
40,135,7.567443594663944e-31
40,136,2.011168296663955e-30
40,137,2.7945029111822642e-30
40,138,7.115665691833782e-16
40,139,1.2725613339680808e-30
40,140,5.855354103829044e-31
40,141,1.1919411451038345e-30
40,142,1.2355124733039094e-30
40,143,5.86500605812686e-31
40,144,6.698684000480838e-31
40,145,7.445567795873064e-31
40,146,1.9077292236999425e-30
40,147,1.1449887734231777e-30
40,148,2.0559433060095994e-30
40,149,1.4184326378781324e-30
41,42,2.337774053986128e-30
41,43,9.080161088766389e-31
41,44,1.5138013226868574e-30
41,45,3.497781679534786e-30
41,46,2.118042975742472e-30
41,47,1.6147188152997233e-30
41,48,7.992670774116517e-31
41,49,2.8920569644084503e-30
41,50,1.596764272664217e-30
41,51,2.0099040081808764e-30
41,52,5.72685945380522e-31
41,53,3.329873088108184e-30
41,54,1.5206223772101496e-30
41,55,3.0022245318650376e-16
41,56,4.969100906455517e-31
41,57,1.431579401218014e-30
41,58,9.869650759537268e-31
41,59,1.8705717826678853e-30
41,60,1.8751506583336625e-30
41,61,8.760220442701892e-16
41,62,6.767175461443547e-30
41,63,6.37836497446611e-16
41,64,1.571243309022885e-30
41,65,1.380418631713064e-30
41,66,7.407576241607143e-31
41,67,1.1109919158769997e-30
41,68,2.5926572580196245e-30
41,69,1.9355305895708347e-30
41,70,2.2295511211689855e-30
41,71,2.709608512535006e-30
41,72,3.470765401506299e-30
41,73,3.289943204290356e-16
41,74,2.46890276987992e-30
41,75,2.0019192619663583e-30
41,76,2.1460838163993674e-30
41,77,1.1355892646619708e-30
41,78,1.555880355481545e-30
41,79,1.6075827565553097e-30
41,80,7.028397072152661e-31
41,81,1.0264989786775822e-30
41,82,1.0083162237300554e-30
41,83,5.887258290064403e-31
41,84,2.7763609806616373e-30
41,85,5.987297257175963e-31
41,86,2.7751343137731776e-30
41,87,1.7141987751281678e-30
41,88,1.4824231195667083e-30
41,89,3.3600865253105434e-30
41,90,1.85851514878185e-30
41,91,3.239589640330045e-30
41,92,6.772087205066732e-31
41,93,2.3267793930370942e-30
41,94,1.3814920492447181e-30
41,95,1.5080070117975609e-30
41,96,1.5105336634930623e-30
41,97,5.510761308073129e-31
41,98,9.163410894748253e-31
41,99,1.0339714851194318e-30
41,100,1.207290291111761e-30
41,101,3.36536633789989e-16
41,102,1.3832872025708986e-30
41,103,1.3417329453007789e-30
41,104,8.149707706702298e-31
41,105,0.0
41,106,2.4124394260150613e-30
41,107,1.9343843153565017e-30
41,108,3.9460288392725696e-16
41,109,1.253314355143552e-30
41,110,2.99208286738411e-30
41,111,1.265642660171811e-30
41,112,1.8493226594395277e-30
41,113,3.6765738993854364e-30
41,114,2.0189287356320852e-30
41,115,2.1042072440508617e-30
41,116,1.9021988741428824e-30
41,117,2.3276407762879353e-30
41,118,1.6786092724886527e-30
41,119,2.8577870208180358e-30
41,120,1.9248554441710138e-30
41,121,1.589831970830245e-30
41,122,3.0090395911641974e-31
41,123,1.4068284393029478e-30
41,124,1.826280694669122e-30
41,125,2.9720316696839685e-30
41,126,1.0659780164047733e-30
41,127,2.512230376825807e-30
41,128,1.5884801395362451e-15
41,129,3.0479241321931406e-30
41,130,1.4021502834280394e-30
41,131,1.134425915548374e-30
41,132,1.747908649821887e-30
41,133,1.7462078044809035e-30
41,134,7.638662947819277e-31
41,135,1.3389328376204888e-30
41,136,4.1005028282228405e-30
41,137,3.084895163843284e-30
41,138,7.722150341911873e-16
41,139,1.1462556941102249e-30
41,140,9.722185924443078e-31
41,141,2.3121620716954527e-30
41,142,2.063303530859968e-30
41,143,1.4308091808041238e-30
41,144,8.005385936430093e-31
41,145,1.5633556707385442e-30
41,146,1.6793567147748903e-30
41,147,1.1647307353920458e-30
41,148,2.9632094112131425e-30
41,149,3.627866371342736e-30
42,43,6.890847376011894e-31
42,44,1.0079596283786903e-30
42,45,2.6767279489128965e-30
42,46,1.7752019702229665e-30
42,47,1.3104508111261516e-30
42,48,8.706033665007294e-31
42,49,3.281010241626538e-30
42,50,1.4785757423045615e-30
42,51,1.6929335569944284e-30
42,52,6.033767578037191e-31
42,53,2.281369019774689e-30
42,54,1.4158932446420564e-30
42,55,5.181461054219786e-16
42,56,5.648779801014544e-31
42,57,1.1913087939771913e-30
42,58,8.269920102176314e-31
42,59,1.4837458234025594e-30
42,60,1.3806176407597132e-30
42,61,6.047900130970897e-16
42,62,7.638399804153784e-30
42,63,5.564975606931882e-16
42,64,1.3610706824991786e-30
42,65,1.1203388740162578e-30
42,66,5.858868608178269e-31
42,67,8.889708590205585e-31
42,68,2.112734270107638e-30
42,69,1.555555370921163e-30
42,70,1.9829137700082253e-30
42,71,2.172162162574651e-30
42,72,2.718825537438947e-30
42,73,2.8576114088871307e-16
42,74,2.0153886494927952e-30
42,75,2.0327001413785952e-30
42,76,1.651200579798051e-30
42,77,1.0978275037602952e-30
42,78,1.405952351011682e-30
42,79,1.5948374520700397e-30
42,80,6.261194192639503e-31
42,81,1.214270695921243e-30
42,82,1.0554165663799537e-30
42,83,5.976462062052458e-31
42,84,2.3076514468308117e-30
42,85,4.959371635508645e-31
42,86,1.9851312745773867e-30
42,87,1.8054176266286897e-30
42,88,1.0856301920596874e-30
42,89,2.7513434757167906e-30
42,90,1.4801371345950012e-30
42,91,2.7696866908578636e-30
42,92,7.802690159916806e-31
42,93,2.0462807283345433e-30
42,94,1.2145763326747093e-30
42,95,1.1663759706053996e-30
42,96,1.3784975259426705e-30
42,97,5.354316379645891e-31
42,98,7.479460973430816e-31
42,99,1.2004659892423935e-30
42,100,1.0901930611938264e-30
42,101,5.845168707109948e-16
42,102,1.1704240315271174e-30
42,103,1.4846579948492115e-30
42,104,7.538443020647434e-31
42,105,0.0
42,106,2.066175859694654e-30
42,107,1.5565558528968572e-30
42,108,1.2103348561243495e-16
42,109,1.084394343970428e-30
42,110,2.5228385818997423e-30
42,111,1.406795680240711e-30
42,112,1.7307153273171893e-30
42,113,3.287477292393745e-30
42,114,1.6643385589246374e-30
42,115,2.078662106177346e-30
42,116,1.90850962870739e-30
42,117,1.8168819568983494e-30
42,118,1.3741545125755716e-30
42,119,2.2339503749974925e-30
42,120,1.591833297502873e-30
42,121,1.4002296076601524e-30
42,122,3.4975572119336364e-31
42,123,1.6050883767017782e-30
42,124,1.8431880776890432e-30
42,125,2.3767358087080223e-30
42,126,8.916698603950591e-31
42,127,1.8644751827703662e-30
42,128,1.3060889610270378e-15
42,129,2.5509751053505763e-30
42,130,1.7459030506958644e-30
42,131,1.2898153384370175e-30
42,132,1.7053328783182386e-30
42,133,1.376684964322434e-30
42,134,6.533401118034481e-31
42,135,9.295609323785128e-31
42,136,3.666281154355441e-30
42,137,2.3496337267863677e-30
42,138,9.281856761635408e-16
42,139,1.1425041196796321e-30
42,140,7.586527252730743e-31
42,141,1.8595920799595902e-30
42,142,1.6948034719329147e-30
42,143,1.2622204788498376e-30
42,144,6.359774895084951e-31
42,145,1.591823709568604e-30
42,146,1.937960111446869e-30
42,147,9.620712200868895e-31
42,148,2.49164598245465e-30
42,149,3.3358695729895046e-30
43,44,5.183863457511408e-31
43,45,1.5477395306759529e-30
43,46,7.818493278154376e-31
43,47,6.1886422074842585e-31
43,48,4.427342606057031e-31
43,49,1.8679849303601407e-30
43,50,5.734964106767066e-31
43,51,8.065328981331946e-31
43,52,1.8487894946704598e-31
43,53,1.5389356345115659e-30
43,54,5.140062382988751e-31
43,55,1.3394553985299501e-30
43,56,1.657942194337452e-31
43,57,4.912760766950555e-31
43,58,3.3688519346427673e-31
43,59,6.975177568284623e-31
43,60,8.287923125951314e-31
43,61,1.570092458683771e-16
43,62,1.8792191259238923e-30
43,63,3.1292320973813568e-30
43,64,6.231968982674029e-31
43,65,5.804373625317813e-31
43,66,2.8240047205443762e-31
43,67,4.165837007166146e-31
43,68,8.558600306502826e-31
43,69,7.007284767042964e-31
43,70,7.3980708906689915e-31
43,71,9.083658611774827e-31
43,72,1.3992454248701124e-30
43,73,3.6428142609648046e-31
43,74,8.946354965057908e-31
43,75,7.6333131736266785e-31
43,76,9.477250751023748e-31
43,77,3.6427375608292083e-31
43,78,4.7779698277439026e-31
43,79,4.885701524234503e-31
43,80,2.8217582051738155e-31
43,81,6.2157217360041866e-31
43,82,4.944934162845512e-31
43,83,3.898635874571502e-31
43,84,1.0555836464329292e-30
43,85,3.2253670305004e-31
43,86,1.0639262787664054e-30
43,87,5.816324593590792e-31
43,88,5.670290605708707e-31
43,89,1.3138554031950307e-30
43,90,6.409439694536448e-31
43,91,1.1000032566488078e-30
43,92,3.2017640807711e-31
43,93,7.734400527782792e-31
43,94,6.263245105452313e-31
43,95,7.2125086666293805e-31
43,96,5.3896865410460505e-31
43,97,1.7609017681692612e-31
43,98,3.27484975989122e-31
43,99,6.105015392629217e-31
43,100,3.89929661680762e-31
43,101,8.466383801337436e-31
43,102,5.704245222442456e-31
43,103,5.146450016713639e-31
43,104,2.9918696202661556e-31
43,105,0.0
43,106,8.768124565032764e-31
43,107,7.270360688268563e-31
43,108,1.7332070605896925e-30
43,109,4.9323847418452555e-31
43,110,1.0009446550839465e-30
43,111,7.100370075657763e-31
43,112,5.6703396362576594e-31
43,113,1.2444298588907765e-30
43,114,7.358920255488094e-31
43,115,6.878514004338806e-31
43,116,1.2967594595582938e-30
43,117,9.026246229546429e-31
43,118,5.375521484284332e-31
43,119,1.1626664433047404e-30
43,120,6.580478701286368e-31
43,121,6.628645368613829e-31
43,122,2.042602763187237e-31
43,123,6.032291633700582e-31
43,124,5.88424873634774e-31
43,125,1.0891940592993626e-30
43,126,4.467377836675933e-31
43,127,9.689173807030116e-31
43,128,5.578801654593727e-16
43,129,1.0142350512131856e-30
43,130,8.964888024087331e-31
43,131,5.387437045279201e-31
43,132,6.00798366274511e-31
43,133,6.574757055545684e-31
43,134,3.3046471503456505e-31
43,135,5.702075385802707e-31
43,136,1.3582356399819383e-30
43,137,1.8048448847916098e-30
43,138,4.710277376051318e-16
43,139,7.444258583971162e-31
43,140,3.7951122719582977e-31
43,141,8.453589279846692e-31
43,142,8.131395437932827e-31
43,143,4.489745039071903e-31
43,144,4.485752402752491e-31
43,145,4.8643608643534525e-31
43,146,1.0537364473112795e-30
43,147,5.959539993286117e-31
43,148,1.1338046927915058e-30
43,149,1.114066118115087e-30
44,45,1.8128147608766923e-30
44,46,1.0378177617408945e-30
44,47,1.02061946997373e-30
44,48,6.226352763627564e-31
44,49,1.7841229463544656e-30
44,50,7.2634311039868765e-31
44,51,9.556707161706455e-31
44,52,2.9928269127405772e-31
44,53,2.1037620165757868e-30
44,54,1.1909234360771218e-30
44,55,2.017511859341786e-30
44,56,2.0343954841376013e-31
44,57,7.660664218039419e-31
44,58,4.552396147874432e-31
44,59,9.396845502295721e-31
44,60,1.1679310833353042e-30
44,61,8.4577690711783e-16
44,62,5.289518067470685e-30
44,63,3.475751115976521e-30
44,64,7.411718465326838e-31
44,65,7.017334697280947e-31
44,66,4.186383022243318e-31
44,67,5.311701658021855e-31
44,68,1.4049292935782047e-30
44,69,9.276209359465808e-31
44,70,1.0404072740720717e-30
44,71,1.484287658720492e-30
44,72,1.6677640138794406e-30
44,73,8.572035901893858e-31
44,74,1.2067580889472515e-30
44,75,1.2265898381206253e-30
44,76,1.1426186572753558e-30
44,77,3.961552243945266e-31
44,78,7.310662433128751e-31
44,79,7.933066572550186e-31
44,80,2.8488650061595896e-31
44,81,6.334811026067276e-31
44,82,7.079930047914905e-31
44,83,3.8001351760720583e-31
44,84,1.2732592664319348e-30
44,85,3.0870355581801686e-31
44,86,1.702205618576795e-30
44,87,7.91640268574771e-31
44,88,8.71215575006948e-31
44,89,1.5673087887827631e-30
44,90,1.364222935218244e-30
44,91,1.4084330915484181e-30
44,92,3.5248242411530783e-31
44,93,1.0846629122120996e-30
44,94,7.261940043022754e-31
44,95,8.958612267082143e-31
44,96,5.937234325875555e-31
44,97,1.794688581473411e-31
44,98,4.30301473384367e-31
44,99,6.189030231590291e-31
44,100,5.704629733201829e-31
44,101,8.181438127612098e-31
44,102,7.877761101427153e-31
44,103,6.994143822816256e-31
44,104,3.978928487664134e-31
44,105,0.0
44,106,1.0240316820619936e-30
44,107,9.606941462894567e-31
44,108,1.866154044270853e-30
44,109,7.42389088673577e-31
44,110,1.4120558572521608e-30
44,111,7.046105358770882e-31
44,112,8.229899553397508e-31
44,113,1.3923907809276503e-30
44,114,9.874561768193897e-31
44,115,1.2126825184426112e-30
44,116,1.2182916444024584e-30
44,117,1.1573632407244117e-30
44,118,8.555454857662104e-31
44,119,1.4507466921453363e-30
44,120,1.1830254192105567e-30
44,121,6.4793543022483835e-31
44,122,1.9309890480370843e-31
44,123,6.938817337862743e-31
44,124,7.66126772049752e-31
44,125,1.4316378612183568e-30
44,126,5.076726748641788e-31
44,127,1.6051087031197936e-30
44,128,7.412609615605545e-16
44,129,1.4692881126562561e-30
44,130,9.37652442394813e-31
44,131,6.0172302117135395e-31
44,132,7.235495556059725e-31
44,133,9.296789257692082e-31
44,134,3.1693957585315905e-31
44,135,8.814068460576814e-31
44,136,1.8253799750601604e-30
44,137,1.939781635624861e-30
44,138,4.644396126208118e-16
44,139,7.1038922584719405e-31
44,140,4.73948468289216e-31
44,141,1.192941211802428e-30
44,142,1.0833359936557067e-30
44,143,7.475931411705447e-31
44,144,5.390055243466461e-31
44,145,6.087315532101826e-31
44,146,1.018001462144253e-30
44,147,5.597418352445091e-31
44,148,1.2433390982964478e-30
44,149,1.617675462569704e-30
45,46,3.338903478023158e-30
45,47,2.6644622457250245e-30
45,48,1.5385654014357182e-30
45,49,6.169035985929087e-30
45,50,2.6180305900189863e-30
45,51,3.513881454077258e-30
45,52,4.293853117651031e-31
45,53,6.341382630831483e-30
45,54,1.9787825103291563e-30
45,55,2.0062885096040773e-16
45,56,4.484214508688614e-31
45,57,2.2386268819570683e-30
45,58,1.376470086162032e-30
45,59,3.0497951751518096e-30
45,60,3.3558132956697774e-30
45,61,4.2548491720905953e-16
45,62,2.8519191602130553e-16
45,63,2.2761264355043365e-16
45,64,2.7540008236370323e-30
45,65,2.510032097981218e-30
45,66,1.1966392703535153e-30
45,67,1.7840663184624567e-30
45,68,3.363549438664102e-30
45,69,2.9835746125798044e-30
45,70,3.140004293491078e-30
45,71,3.528146377617873e-30
45,72,6.1273291849214785e-30
45,73,1.6653345369377363e-16
45,74,3.748891527670712e-30
45,75,2.313970916755174e-16
45,76,3.9399381200325975e-30
45,77,1.9405821057145965e-30
45,78,1.673669850575426e-30
45,79,1.7378433058246367e-30
45,80,1.2946427457193332e-30
45,81,1.7918423279859084e-30
45,82,1.8770761894465943e-30
45,83,1.5216086548793724e-30
45,84,4.7340531912578524e-30
45,85,1.2869161370764239e-30
45,86,4.186126401437259e-30
45,87,1.8290323801436205e-30
45,88,2.249872345059809e-30
45,89,5.787396545123436e-30
45,90,2.2662758431602702e-30
45,91,4.5859222256879676e-30
45,92,9.329024523245132e-31
45,93,3.109439655624432e-30
45,94,1.6042265159459739e-16
45,95,2.833612701356328e-30
45,96,2.4746906640155983e-30
45,97,8.153931464203968e-31
45,98,1.3757930787337586e-30
45,99,2.1774871654237153e-30
45,100,1.6540503529128627e-30
45,101,2.829425522948974e-30
45,102,1.250989376678831e-16
45,103,1.0346102532637057e-30
45,104,1.3182027318894077e-30
45,105,0.0
45,106,3.980257393229902e-30
45,107,3.1223722282804147e-30
45,108,3.018219448110355e-16
45,109,2.1545998266961268e-30
45,110,3.9769606804934426e-30
45,111,2.8835488457762016e-30
45,112,1.80910319207203e-30
45,113,5.482123593163118e-30
45,114,3.2024790738174214e-30
45,115,4.468607887538763e-16
45,116,4.8739628322102705e-30
45,117,3.922121485100571e-30
45,118,2.141115612947877e-30
45,119,5.043921835003039e-30
45,120,2.637048117362411e-30
45,121,3.008543908335942e-30
45,122,7.316729208670968e-31
45,123,1.3561541708928656e-30
45,124,1.6731917573378933e-30
45,125,4.595581582935836e-30
45,126,1.9390614200058286e-30
45,127,3.803412799635245e-30
45,128,2.317891783736083e-15
45,129,4.063232420390018e-30
45,130,2.7358312846277672e-30
45,131,1.828162887240171e-30
45,132,2.7113774358942273e-30
45,133,2.7280883529206773e-30
45,134,1.664213627352219e-30
45,135,2.2339940553328555e-30
45,136,5.667893613775296e-30
45,137,7.194821352549719e-30
45,138,1.3629231201214121e-15
45,139,2.782958826340151e-30
45,140,1.634671975387766e-30
45,141,3.510710227743437e-30
45,142,3.4447681946074654e-30
45,143,1.5859967149710885e-30
45,144,1.685388366025451e-30
45,145,1.9653057576723795e-30
45,146,3.773945123637389e-30
45,147,2.6567733477204212e-30
45,148,5.205712629183155e-30
45,149,4.001437041047246e-30
46,47,1.2775939943538592e-30
46,48,7.727022769420055e-31
46,49,3.7023727697013696e-30
46,50,1.3516328955058544e-30
46,51,1.7503783333482564e-30
46,52,4.051166191987247e-31
46,53,3.182472941066485e-30
46,54,1.3005332971879927e-30
46,55,4.910952833064998e-16
46,56,4.082733825798258e-31
46,57,1.1538019044886363e-30
46,58,8.06562481465189e-31
46,59,1.5862223548099114e-30
46,60,1.752619316187611e-30
46,61,3.3228898736514073e-16
46,62,7.805960424562093e-30
46,63,1.760893866893587e-16
46,64,1.3903148374221107e-30
46,65,1.2501841497479023e-30
46,66,6.165965582969289e-31
46,67,9.53190569520651e-31
46,68,1.9601954595294064e-30
46,69,1.5401781130366284e-30
46,70,1.794493836004143e-30
46,71,2.0965111017551278e-30
46,72,3.149917950432739e-30
46,73,4.628827698558943e-16
46,74,2.0740409734716203e-30
46,75,1.6547655507171893e-30
46,76,1.8782149294828165e-30
46,77,1.0202498819533407e-30
46,78,1.1946087581962453e-30
46,79,1.2408920234924556e-30
46,80,6.426915442311504e-31
46,81,1.2131816938364568e-30
46,82,1.0757324797061082e-30
46,83,7.552519968867047e-31
46,84,2.6098620843515087e-30
46,85,6.34836756612343e-31
46,86,2.2240127740594428e-30
46,87,1.4101087960292501e-30
46,88,1.209491684261209e-30
46,89,2.9911784648879338e-30
46,90,1.3135025047931158e-30
46,91,2.6689038819350856e-30
46,92,6.727193705792921e-31
46,93,1.9018478673428222e-30
46,94,1.3901930721817497e-30
46,95,1.4428272920485916e-30
46,96,1.3367290553109825e-30
46,97,4.723678211683625e-31
46,98,7.669281582404047e-31
46,99,1.2028747876297437e-30
46,100,9.399154160257613e-31
46,101,1.7626897174622198e-30
46,102,1.179351894585796e-30
46,103,1.190331415832736e-30
46,104,6.955093678691292e-31
46,105,0.0
46,106,2.0909046136783287e-30
46,107,1.6855464206678867e-30
46,108,3.7341307954279833e-16
46,109,1.1482045934387755e-30
46,110,2.4084128060647648e-30
46,111,1.4059745183794478e-30
46,112,1.4360707027906383e-30
46,113,3.1447041161703042e-30
46,114,1.688914502965691e-30
46,115,1.6153674095029396e-30
46,116,2.5286957120185406e-30
46,117,2.014076562713455e-30
46,118,1.2685925079264035e-30
46,119,2.5604667126399373e-30
46,120,1.4341125356205803e-30
46,121,1.465646724970942e-30
46,122,3.986442984906106e-31
46,123,1.3085025214713894e-30
46,124,1.4313461773797575e-30
46,125,2.506658405375378e-30
46,126,9.58878954413335e-31
46,127,1.9988124122608006e-30
46,128,1.3180976454086107e-15
46,129,2.4233885014838458e-30
46,130,1.6844402136920224e-30
46,131,1.1067963035792966e-30
46,132,1.429544137679964e-30
46,133,1.4487244874015558e-30
46,134,7.249408911326045e-31
46,135,1.1195018205323375e-30
46,136,3.23235045097712e-30
46,137,3.499145656559244e-30
46,138,9.30743406630085e-16
46,139,1.4120624259745276e-30
46,140,8.557275839014183e-31
46,141,1.975682563803519e-30
46,142,1.7848681045505998e-30
46,143,1.0964696376856731e-30
46,144,8.155096874266306e-31
46,145,1.2581231732333285e-30
46,146,2.163766025415695e-30
46,147,1.3451354826279861e-30
46,148,2.710927506777959e-30
46,149,2.8074801575610897e-30
47,48,7.654629094692795e-31
47,49,3.16395000157558e-30
47,50,1.1914973482031973e-30
47,51,1.3917776017847224e-30
47,52,3.979729137598048e-31
47,53,2.533168083024878e-30
47,54,1.5628408800028918e-30
47,55,2.897767167584095e-16
47,56,4.217089704987133e-31
47,57,1.0033766351511018e-30
47,58,6.378913296968753e-31
47,59,1.3249263974610623e-30
47,60,1.2702896056184656e-30
47,61,9.35722128073846e-16
47,62,7.114762826232091e-30
47,63,5.41233724504764e-16
47,64,1.1694101221600006e-30
47,65,9.923677405747309e-31
47,66,4.839711124617269e-31
47,67,7.502959800382989e-31
47,68,1.4994861072746396e-30
47,69,1.2662311524283921e-30
47,70,1.4497849207647656e-30
47,71,1.6973382453186744e-30
47,72,2.495698702519808e-30
47,73,5.187490351600734e-16
47,74,1.7070920318364978e-30
47,75,1.6278326689399614e-30
47,76,1.623519937111395e-30
47,77,1.0541863302859336e-30
47,78,9.738910665922166e-31
47,79,1.0291342964761555e-30
47,80,5.312106797772917e-31
47,81,1.036673301595775e-30
47,82,1.1586311654193014e-30
47,83,6.485113242743642e-31
47,84,1.9068964299460623e-30
47,85,6.002223769472969e-31
47,86,1.796458417098067e-30
47,87,1.2134430177464944e-30
47,88,9.649982901142128e-31
47,89,2.33889945457212e-30
47,90,1.405957027429375e-30
47,91,2.1238419103834738e-30
47,92,6.184377989324743e-31
47,93,1.4919235791819531e-30
47,94,1.1260004276400617e-30
47,95,1.1796144362005227e-30
47,96,1.1387505627126098e-30
47,97,4.32394516430504e-31
47,98,6.043868062814511e-31
47,99,1.0491613265357573e-30
47,100,7.387791707345695e-31
47,101,5.215376361758244e-16
47,102,1.0428955568668678e-30
47,103,1.164602642586584e-30
47,104,5.877276406720961e-31
47,105,0.0
47,106,1.6473378854049855e-30
47,107,1.3347071255632462e-30
47,108,6.126693612064116e-16
47,109,9.198268062673582e-31
47,110,1.9074675940995383e-30
47,111,1.1531621435556997e-30
47,112,1.1790422537205432e-30
47,113,2.6311003788578256e-30
47,114,1.3406704638788729e-30
47,115,1.3772572262218723e-30
47,116,2.2170179792535098e-30
47,117,1.6087540846931015e-30
47,118,9.602625700793697e-31
47,119,2.019862716646211e-30
47,120,1.096779770425464e-30
47,121,1.2003322744451272e-30
47,122,3.6555441038121136e-31
47,123,1.2280953025302734e-30
47,124,1.3681962650147661e-30
47,125,1.9690892268692318e-30
47,126,7.819061710558392e-31
47,127,1.658548331614356e-30
47,128,1.0398057539368723e-15
47,129,1.9129214280177075e-30
47,130,1.5117703200765495e-30
47,131,1.125740552401768e-30
47,132,1.1780115221394107e-30
47,133,1.1331086005560964e-30
47,134,7.802902102322209e-31
47,135,9.927090866799434e-31
47,136,2.7146736715839722e-30
47,137,2.888290074929979e-30
47,138,8.420469975531718e-16
47,139,1.293272518857762e-30
47,140,6.739361388586746e-31
47,141,1.4284248600406884e-30
47,142,1.4211456605613845e-30
47,143,9.249721526262701e-31
47,144,8.640691929928718e-31
47,145,1.0679734618216323e-30
47,146,1.9640311564309153e-30
47,147,1.2516329748201638e-30
47,148,2.2445486735302814e-30
47,149,2.284801835652798e-30
48,49,2.9182074162861436e-30
48,50,7.513121581352279e-31
48,51,1.0263745910359072e-30
48,52,3.5872621785381734e-31
48,53,1.5601510449773822e-30
48,54,8.37058831155839e-31
48,55,2.8066088919804597e-16
48,56,3.562992855507933e-31
48,57,5.143421129065903e-31
48,58,3.0577267419705184e-31
48,59,6.9663506758913134e-31
48,60,1.093453171330723e-30
48,61,5.959778771008334e-16
48,62,3.678114963914109e-30
48,63,3.87896931183578e-16
48,64,6.301637172326502e-31
48,65,7.012215661687022e-31
48,66,2.9902174464090245e-31
48,67,3.7067269313941384e-31
48,68,8.78208137378807e-31
48,69,7.327446507341055e-31
48,70,7.633543027228626e-31
48,71,8.16172899587466e-31
48,72,1.2896149402974994e-30
48,73,2.4847151100229457e-16
48,74,7.892691485058714e-31
48,75,1.377581633258524e-30
48,76,1.1734522308619106e-30
48,77,5.720323584283718e-31
48,78,5.444417797743906e-31
48,79,7.991184189605974e-31
48,80,3.3409351662759354e-31
48,81,1.074544792652291e-30
48,82,7.842348873082638e-31
48,83,5.910378437628568e-31
48,84,9.926050201542984e-31
48,85,4.752207906329978e-31
48,86,1.0290667694847813e-30
48,87,1.0477095467403633e-30
48,88,5.3265453505424535e-31
48,89,1.2513479190875346e-30
48,90,8.651258834868621e-31
48,91,1.0450387292542853e-30
48,92,5.46350404002608e-31
48,93,7.5072306273511985e-31
48,94,9.591338647795336e-31
48,95,1.1067117872909352e-30
48,96,6.156075480294206e-31
48,97,2.515020152555017e-31
48,98,2.8986084108264414e-31
48,99,1.0014573978897387e-30
48,100,5.038034976219385e-31
48,101,1.4166091614226315e-30
48,102,6.96310745294912e-31
48,103,9.362754685204407e-31
48,104,4.94266633622794e-31
48,105,0.0
48,106,9.297706157455702e-31
48,107,6.359616512860214e-31
48,108,3.3993498887762943e-16
48,109,5.686315736081202e-31
48,110,9.191760077694898e-31
48,111,1.0973748340313884e-30
48,112,7.033381604624091e-31
48,113,1.418511484046464e-30
48,114,6.751607463611411e-31
48,115,1.2580473853831074e-30
48,116,1.8791178117422944e-30
48,117,8.426374849483694e-31
48,118,4.8502667608942655e-31
48,119,1.1396419323711243e-30
48,120,7.032286559108921e-31
48,121,7.323016068530278e-31
48,122,3.184441949757839e-31
48,123,1.0826812599128442e-30
48,124,1.0146824924326999e-30
48,125,9.580319119158135e-31
48,126,5.373966279765673e-31
48,127,1.0330113240146972e-30
48,128,4.969430220045885e-16
48,129,9.120154089269119e-31
48,130,1.495321602702496e-30
48,131,9.158077058544604e-31
48,132,9.396839327622378e-31
48,133,6.1426714255457e-31
48,134,3.974487191150603e-31
48,135,6.852209175324626e-31
48,136,1.5240322934285238e-30
48,137,2.327579591446152e-30
48,138,7.833577908787153e-16
48,139,1.1210672792876019e-30
48,140,3.4140779285946267e-31
48,141,7.55634039139504e-31
48,142,8.430087209853594e-31
48,143,5.138192519411019e-31
48,144,6.3503479106983365e-31
48,145,8.09931146337177e-31
48,146,1.6337219877945823e-30
48,147,9.046308111875144e-31
48,148,1.1086543133592e-30
48,149,1.3498405622969926e-30
49,50,3.6947845687816136e-30
49,51,4.9937721422673004e-30
49,52,1.4437863195351603e-30
49,53,6.23538374853659e-30
49,54,4.968732480569471e-30
49,55,5.606411845123916e-16
49,56,9.534749985661996e-31
49,57,2.3963167680887712e-30
49,58,4.1761397800535735e-31
49,59,2.3111794654552925e-30
49,60,4.698537543216942e-30
49,61,2.846215527429159e-16
49,62,2.2198609585187062e-29
49,63,5.838678251271336e-16
49,64,2.4289490239546833e-30
49,65,3.345255971490784e-30
49,66,9.90776777108515e-31
49,67,1.1510292515481384e-30
49,68,3.789944328303875e-30
49,69,2.9309706712136174e-30
49,70,3.981013258759633e-30
49,71,1.215500388968315e-30
49,72,4.540806616665949e-30
49,73,3.9350321381619913e-16
49,74,2.0049953158435433e-30
49,75,6.002545288634786e-30
49,76,5.3377164246883696e-30
49,77,1.0455422750744507e-30
49,78,2.0549133324978308e-30
49,79,3.916277854406213e-30
49,80,1.6002338474720176e-30
49,81,4.8296604163692076e-30
49,82,4.4578203056777504e-30
49,83,2.7329653012803258e-30
49,84,4.053378900614354e-30
49,85,2.3249537777529847e-30
49,86,2.901855929712418e-30
49,87,4.5136233377148646e-30
49,88,1.56341192717918e-30
49,89,5.528404599019753e-30
49,90,2.914204353385909e-30
49,91,1.247658760738181e-30
49,92,2.7032495638232146e-30
49,93,1.873177659151666e-30
49,94,4.485375714876532e-30
49,95,4.4191483307578336e-30
49,96,1.6950743449558253e-30
49,97,4.239802941602122e-31
49,98,5.911398885165645e-31
49,99,4.6775782253507315e-30
49,100,2.2859313680125514e-30
49,101,6.703721871359635e-30
49,102,3.167407113216604e-30
49,103,3.88949532390532e-30
49,104,2.7611362258885948e-30
49,105,0.0
49,106,4.700764795777505e-30
49,107,1.9841089449260414e-30
49,108,4.079219866531571e-16
49,109,2.084219736989531e-30
49,110,9.95747495518405e-31
49,111,5.2007807446720176e-30
49,112,2.1667526094116578e-30
49,113,1.7788400764044415e-30
49,114,3.347990176538954e-30
49,115,5.686815469654457e-30
49,116,9.381166121433472e-30
49,117,2.7285553182447976e-30
49,118,5.704503690441263e-31
49,119,4.822852461214401e-30
49,120,2.3973597983988733e-30
49,121,4.096804284124757e-30
49,122,1.5743757890230516e-30
49,123,4.864836370447095e-30
49,124,4.1335224179784626e-30
49,125,2.1125558769658514e-30
49,126,2.3085347184681488e-30
49,127,3.1423465393751426e-30
49,128,7.098050953971095e-16
49,129,2.64383876797085e-30
49,130,6.736619596380768e-30
49,131,4.6102462080447534e-30
49,132,4.484450998818903e-30
49,133,2.5645530126089585e-30
49,134,1.857073908513881e-30
49,135,3.0589022339190356e-30
49,136,6.319180493850814e-30
49,137,1.0711473416380724e-29
49,138,3.796557953829819e-15
49,139,5.450508788991047e-30
49,140,9.504005124322736e-31
49,141,2.6534518406346556e-30
49,142,3.803781983276999e-30
49,143,1.9393016988494172e-30
49,144,3.0149546430611502e-30
49,145,3.350546266774111e-30
49,146,8.581995122621509e-30
49,147,3.966119462713361e-30
49,148,3.212846944466133e-30
49,149,5.0283526058767596e-30
50,51,1.3612034136784162e-30
50,52,4.005746452431226e-31
50,53,2.39116914034466e-30
50,54,1.635350688268731e-30
50,55,8.703057715200108e-16
50,56,4.315461003897223e-31
50,57,1.0274003289914252e-30
50,58,6.484534417819455e-31
50,59,1.3248129366879883e-30
50,60,1.214356107433125e-30
50,61,5.081437094928015e-16
50,62,1.1146602476587427e-29
50,63,3.4443763524657575e-16
50,64,1.1026087795642093e-30
50,65,9.877224146492439e-31
50,66,4.736242347405534e-31
50,67,7.440300699030935e-31
50,68,1.4814551491216875e-30
50,69,1.1772919724123112e-30
50,70,1.5083838977965748e-30
50,71,1.6597386487919723e-30
50,72,2.484489165211729e-30
50,73,4.997599542441408e-16
50,74,1.70413346559539e-30
50,75,2.022325829555313e-30
50,76,1.509544263568116e-30
50,77,9.92528814873971e-31
50,78,1.0457121356047549e-30
50,79,1.2419735565274953e-30
50,80,5.332393261824566e-31
50,81,1.1958605172481296e-30
50,82,1.2114963215188185e-30
50,83,6.971360617401365e-31
50,84,2.0482869759667767e-30
50,85,6.141079987224639e-31
50,86,1.5862339394800867e-30
50,87,1.6060245755455445e-30
50,88,8.797136301463395e-31
50,89,2.3531429237287136e-30
50,90,1.1216062837912126e-30
50,91,2.1745912114573844e-30
50,92,7.278941377345934e-31
50,93,1.5616785712572524e-30
50,94,1.5218430821038981e-30
50,95,1.1300489688529053e-30
50,96,1.1537737948799083e-30
50,97,4.358081685273776e-31
50,98,6.056646953699578e-31
50,99,1.4467526718386947e-30
50,100,7.878972674638372e-31
50,101,1.608885275686321e-30
50,102,1.0632024209129581e-30
50,103,1.2869164420477471e-30
50,104,6.700870865182425e-31
50,105,0.0
50,106,1.6899108142372065e-30
50,107,1.350826899974249e-30
50,108,2.288783399261115e-16
50,109,1.019886175884199e-30
50,110,1.9490564588362353e-30
50,111,1.2899116068079679e-30
50,112,1.292378010642381e-30
50,113,2.7541400884420506e-30
50,114,1.3507844847388677e-30
50,115,1.7932336113361692e-30
50,116,2.4174513587442475e-30
50,117,1.577985798439004e-30
50,118,9.508414495782965e-31
50,119,2.0014340315023108e-30
50,120,1.0626257231571134e-30
50,121,1.2415734385049286e-30
50,122,4.032791725895794e-31
50,123,1.423065364205089e-30
50,124,1.4541930342602828e-30
50,125,1.951442772040897e-30
50,126,7.593873882576482e-31
50,127,1.4847257031619239e-30
50,128,1.046830520359593e-15
50,129,1.9395126503322535e-30
50,130,1.7554284712924503e-30
50,131,1.204837018289552e-30
50,132,1.2941413577240732e-30
50,133,1.1003613662114312e-30
50,134,7.036374253421178e-31
50,135,8.161317653772986e-31
50,136,2.723693771990684e-30
50,137,2.9375909132895092e-30
50,138,9.757229728561366e-16
50,139,1.3380174255450985e-30
50,140,6.643563946561382e-31
50,141,1.4791442328106426e-30
50,142,1.4160286744274387e-30
50,143,9.606286906500453e-31
50,144,7.989036788249242e-31
50,145,1.1925205950740893e-30
50,146,2.2402753320160794e-30
50,147,1.6649856082501417e-30
50,148,2.2748202317028404e-30
50,149,2.4826676466394596e-30
51,52,4.723965423544229e-31
51,53,3.1980030648447264e-30
51,54,1.786521656978478e-30
51,55,5.112175928493227e-16
51,56,4.186210483032503e-31
51,57,1.166785005184671e-30
51,58,7.555808420109843e-31
51,59,1.5286184401326716e-30
51,60,1.910000824340387e-30
51,61,3.993492065521102e-16
51,62,7.83901748274961e-30
51,63,4.0030131739713956e-16
51,64,1.4572701822025199e-30
51,65,1.3372509136193742e-30
51,66,6.369670863559853e-31
51,67,9.25384824866497e-31
51,68,1.841407496170397e-30
51,69,1.623092472518909e-30
51,70,1.6751858822588613e-30
51,71,1.9439039376603713e-30
51,72,3.152587616445185e-30
51,73,3.480663864518773e-16
51,74,1.9338389607557812e-30
51,75,2.157778815311198e-30
51,76,2.215196393076808e-30
51,77,1.0482710219391428e-30
51,78,1.1457112226090013e-30
51,79,1.3724924273610541e-30
51,80,6.8440576058094975e-31
51,81,1.5956436502346876e-30
51,82,1.5670498500476447e-30
51,83,9.890905808617627e-31
51,84,2.4798590590842907e-30
51,85,8.857717726387158e-31
51,86,2.1629244000976445e-30
51,87,1.633899525307954e-30
51,88,1.1592617963194089e-30
51,89,2.98956233709543e-30
51,90,1.218315498446635e-30
51,91,2.5202614291234072e-30
51,92,9.219328994094587e-31
51,93,1.7387919422933813e-30
51,94,1.7088571306067972e-30
51,95,1.7664374847305386e-30
51,96,1.3075822936703075e-30
51,97,4.542610716209736e-31
51,98,7.287748279258484e-31
51,99,1.6056396487192644e-30
51,100,8.887308266532096e-31
51,101,2.514397671458764e-16
51,102,1.26127470992817e-30
51,103,1.4605898526604569e-30
51,104,9.038058632039659e-31
51,105,0.0
51,106,2.1381088482881603e-30
51,107,1.607821511057256e-30
51,108,5.113117676485413e-16
51,109,1.1382510721556143e-30
51,110,2.2444798344612557e-30
51,111,1.770455045367818e-30
51,112,1.3948262266729564e-30
51,113,2.991007076496701e-30
51,114,1.644346516164862e-30
51,115,1.9605968749418158e-30
51,116,3.394935284934019e-30
51,117,2.018617746192678e-30
51,118,1.2444235113702394e-30
51,119,2.6186806746707396e-30
51,120,1.4106856424458524e-30
51,121,1.6147868214816075e-30
51,122,5.564217878720396e-31
51,123,1.7124272148588338e-30
51,124,1.6701774715276886e-30
51,125,2.4091159126561354e-30
51,126,1.0408134101124828e-30
51,127,1.9221763448873765e-30
51,128,1.244522346340857e-15
51,129,2.2621036366515698e-30
51,130,2.280466394951932e-30
51,131,1.62032942140086e-30
51,132,1.4985468588586572e-30
51,133,1.3927517941188815e-30
51,134,8.537375991088406e-31
51,135,1.1750665497441063e-30
51,136,3.175907484086679e-30
51,137,4.252946970229046e-30
51,138,1.2878672402032615e-15
51,139,1.9667615989828913e-30
51,140,8.441306373574261e-31
51,141,1.8524914070510715e-30
51,142,1.7262765493843184e-30
51,143,1.0463877133587612e-30
51,144,1.0786757014173604e-30
51,145,1.2718443667383968e-30
51,146,2.966920690766928e-30
51,147,1.662417515056178e-30
51,148,2.6868149710601497e-30
51,149,2.6919754092309983e-30
52,53,5.875822665034305e-31
52,54,5.260828277235797e-31
52,55,7.697939358390392e-31
52,56,1.9106672623254873e-31
52,57,2.980846770969329e-31
52,58,1.4143368427908596e-31
52,59,2.417763535455465e-31
52,60,4.123376747341116e-31
52,61,3.51087632516899e-16
52,62,2.4029453092828848e-30
52,63,4.0245584642661925e-16
52,64,3.5522295904853128e-31
52,65,3.0189403863756934e-31
52,66,1.3259976753351846e-31
52,67,1.3364825427801794e-31
52,68,5.0496102452301585e-31
52,69,3.5614775076265772e-31
52,70,4.67760450504296e-31
52,71,3.8071071043903145e-31
52,72,3.6794329054222968e-31
52,73,6.2979017657238995e-31
52,74,3.2824598056098504e-31
52,75,6.7376013011071855e-31
52,76,4.7401796138006215e-31
52,77,2.9746666589863022e-31
52,78,3.3157707048413405e-31
52,79,4.764392589058096e-31
52,80,1.6769130115486827e-31
52,81,5.172848899520858e-31
52,82,4.206003023831491e-31
52,83,2.4535213294825746e-31
52,84,5.326094256442799e-31
52,85,2.0094841622587227e-31
52,86,3.571280584111789e-31
52,87,5.510655540825888e-31
52,88,1.7497343907540872e-31
52,89,5.491199008954371e-31
52,90,5.438842330193038e-31
52,91,4.938281769683629e-31
52,92,2.878600128121615e-31
52,93,3.885269189151977e-31
52,94,4.0497159120893016e-31
52,95,4.120144285604186e-31
52,96,3.4843164665602962e-31
52,97,1.32558530284696e-31
52,98,1.1712219801169426e-31
52,99,4.832843813156818e-31
52,100,2.952720159838978e-31
52,101,6.47115210852141e-31
52,102,3.191610052581562e-31
52,103,4.524655828998353e-31
52,104,2.9484605203106396e-31
52,105,0.0
52,106,4.63368855086916e-31
52,107,2.335288367085963e-31
52,108,9.535025491311262e-31
52,109,3.685622896032915e-31
52,110,4.4884821676241755e-31
52,111,5.721062030075214e-31
52,112,4.14898805557959e-31
52,113,6.63356864190834e-31
52,114,3.8137312026904113e-31
52,115,6.972795497962821e-31
52,116,8.132427668866719e-31
52,117,2.8584614235124708e-31
52,118,3.034680338493097e-31
52,119,3.956703954287453e-31
52,120,3.331118651847852e-31
52,121,5.16081613625147e-31
52,122,1.4562177951045764e-31
52,123,5.497743091922322e-31
52,124,5.786585644876979e-31
52,125,3.8367368024286173e-31
52,126,2.040161570739426e-31
52,127,4.522616626080032e-31
52,128,2.0689077556528782e-16
52,129,4.778095547261099e-31
52,130,7.379473958269536e-31
52,131,4.9181505972189605e-31
52,132,5.2188019998813625e-31
52,133,3.067230791910729e-31
52,134,2.119173043001253e-31
52,135,3.1303240422080123e-31
52,136,8.84947303187926e-31
52,137,8.914475186177271e-31
52,138,3.8283582482294957e-16
52,139,4.833692253330022e-31
52,140,1.0533551590475234e-31
52,141,3.7357748520006823e-31
52,142,4.487733395536488e-31
52,143,3.079086023302952e-31
52,144,2.834346116005184e-31
52,145,4.999413717573828e-31
52,146,7.976804903861271e-31
52,147,3.5604087567918597e-31
52,148,3.988693465003656e-31
52,149,8.088152509931455e-31
53,54,1.8609759177670372e-30
53,55,9.130962999805842e-16
53,56,3.1426399251953772e-31
53,57,1.967436953213594e-30
53,58,1.2565013507862015e-30
53,59,2.8183017703310695e-30
53,60,3.328456888078774e-30
53,61,9.435636037422944e-16
53,62,1.0995842479108647e-29
53,63,9.214598991278147e-16
53,64,2.494395770112578e-30
53,65,2.4031419354302926e-30
53,66,1.163308007535174e-16
53,67,1.6513731750954874e-30
53,68,3.2975019075249785e-30
53,69,2.6595049422876633e-30
53,70,2.8862543094312587e-30
53,71,3.394238661489811e-30
53,72,5.672388587293382e-30
53,73,6.117649740405415e-16
53,74,3.5550040777636884e-30
53,75,2.5744923819278004e-30
53,76,3.7056059806923155e-30
53,77,1.4983560179153522e-30
53,78,1.5318380190920878e-30
53,79,1.693179042137284e-30
53,80,1.1656896880792208e-30
53,81,1.8953049698220754e-30
53,82,1.697268852359278e-30
53,83,1.515497475997807e-30
53,84,4.4019160869447136e-30
53,85,1.1776056448237661e-30
53,86,4.236358630089618e-30
53,87,1.9531300128671717e-30
53,88,2.2649161753277132e-30
53,89,5.3317558463723704e-30
53,90,2.9242295681150492e-30
53,91,4.070374617410884e-30
53,92,9.111364226509802e-31
53,93,2.855497829216461e-30
53,94,2.430609706951419e-30
53,95,2.6975448668077055e-30
53,96,2.1518148608452257e-30
53,97,6.463386388731494e-31
53,98,1.2644554245263013e-30
53,99,5.750701764019137e-16
53,100,1.5129002173224064e-30
53,101,7.661215287927229e-16
53,102,2.3282099123588905e-30
53,103,1.0566855980543948e-30
53,104,1.2224116837817921e-30
53,105,0.0
53,106,3.5170157655183e-30
53,107,2.9151998182616598e-30
53,108,5.601840860945577e-16
53,109,2.0286870101306647e-30
53,110,3.659397374454212e-30
53,111,2.7915295451965083e-30
53,112,1.608646253987746e-30
53,113,4.633742085700562e-30
53,114,2.96859336569658e-30
53,115,2.12431371259102e-30
53,116,4.725066231888976e-30
53,117,3.611661792315387e-30
53,118,1.8937493456907695e-30
53,119,4.7173578105165684e-30
53,120,2.509970045914574e-30
53,121,2.7884999128571062e-30
53,122,7.05646382862274e-31
53,123,1.3985278896272338e-30
53,124,1.475813569294478e-30
53,125,4.266876824769742e-30
53,126,1.843565121805266e-30
53,127,3.918640542806752e-30
53,128,2.1234682329938247e-15
53,129,3.742509566180852e-30
53,130,2.9378425779480143e-30
53,131,1.6515035366117767e-30
53,132,2.5237988649951814e-30
53,133,2.6622427524411158e-30
53,134,1.4783997706507588e-30
53,135,2.325706835077019e-30
53,136,5.003023164978773e-30
53,137,7.060644785181535e-30
53,138,1.3964017562471885e-15
53,139,2.6806194317455286e-30
53,140,1.5171132438555523e-30
53,141,3.3748112846719885e-30
53,142,3.378879815107487e-30
53,143,1.6230504519440967e-30
53,144,1.7202791548107015e-30
53,145,1.845034230725687e-30
53,146,3.670163679790927e-30
53,147,2.6495963822959125e-30
53,148,4.592325897667564e-30
53,149,3.565016193846368e-30
54,55,7.023059646785782e-16
54,56,3.9126173262970337e-31
54,57,1.4183388049397656e-30
54,58,3.8275193580012818e-31
54,59,1.2067754649172741e-30
54,60,1.6552195878554617e-30
54,61,1.3389233650759857e-15
54,62,1.6159259916134895e-29
54,63,1.7772239894833373e-16
54,64,7.731581156194012e-31
54,65,1.1491164534840636e-30
54,66,4.507039232826489e-31
54,67,4.095666178771994e-31
54,68,1.5196454134515332e-30
54,69,9.654656743657405e-31
54,70,1.6746097064470784e-30
54,71,1.4152270648655873e-30
54,72,1.5539457359326703e-30
54,73,2.0014830212433615e-16
54,74,9.6348320965892e-31
54,75,2.5309692812257627e-30
54,76,1.6893555960460346e-30
54,77,1.1523765594250766e-30
54,78,1.0364584642332252e-30
54,79,1.6618287670325983e-30
54,80,5.026807241479933e-31
54,81,1.527182644700375e-30
54,82,2.0820427304530165e-30
54,83,8.728248834637022e-31
54,84,1.6375675288056076e-30
54,85,8.655702418225472e-31
54,86,1.0957503654668647e-30
54,87,1.8786684194029882e-30
54,88,5.307952025569284e-31
54,89,1.7156476054592083e-30
54,90,1.4485726676403636e-30
54,91,1.2720432771754167e-30
54,92,1.0065802148625317e-30
54,93,1.0487795448140087e-30
54,94,1.9319881036094714e-30
54,95,1.4025690230882521e-30
54,96,9.112400951479232e-31
54,97,3.5675933910617994e-31
54,98,3.347747033628653e-31
54,99,1.8012672812108622e-30
54,100,8.720926355367452e-31
54,101,2.287295367777728e-30
54,102,1.103050783152982e-30
54,103,1.643132595694215e-30
54,104,1.1380403229156747e-30
54,105,0.0
54,106,1.8545132017555255e-30
54,107,8.711268332047903e-31
54,108,5.720696162181665e-16
54,109,1.0010145131466668e-30
54,110,1.2073500244113937e-30
54,111,1.6490056024920832e-30
54,112,1.1617919556522726e-30
54,113,1.9644320579012474e-30
54,114,1.2687301361011097e-30
54,115,2.6116862588410448e-30
54,116,3.121404386288914e-30
54,117,1.2049408773187003e-30
54,118,7.470420993313332e-31
54,119,1.593951248244028e-30
54,120,1.4803950515928219e-30
54,121,1.3759260994478635e-30
54,122,5.550029425297678e-31
54,123,1.813197161739973e-30
54,124,1.6109796427941265e-30
54,125,1.059254301663167e-30
54,126,5.573783158889163e-31
54,127,1.1668233062607333e-30
54,128,5.861620100950611e-16
54,129,1.4584803383370965e-30
54,130,2.170175145113518e-30
54,131,1.8117477723780388e-30
54,132,1.5621467231651474e-30
54,133,7.4200806564129e-31
54,134,8.654562891682473e-31
54,135,1.0060960203669524e-30
54,136,2.2614145147662222e-30
54,137,3.0996796955585688e-30
54,138,1.2977030258777208e-15
54,139,1.805264883815432e-30
54,140,3.7775573070871892e-31
54,141,9.47514470457069e-31
54,142,1.065105718942727e-30
54,143,9.552722959789346e-31
54,144,1.0616556188877789e-30
54,145,1.162224002156641e-30
54,146,3.252278897177479e-30
54,147,1.9352317539442842e-30
54,148,1.776313447058142e-30
54,149,2.351415858815721e-30
55,56,9.314170375753636e-31
55,57,6.117354209595781e-16
55,58,1.589564787590382e-30
55,59,2.3056165277562084e-16
55,60,3.7063048078027734e-16
55,61,6.969738920811211e-16
55,62,7.978509819676961e-15
55,63,3.082099752186508e-16
55,64,4.543783556006064e-16
55,65,2.360956363379325e-30
55,66,9.925193789841027e-31
55,67,1.682595018801908e-30
55,68,4.044994262515684e-16
55,69,3.0531133177191775e-16
55,70,3.436679412449559e-16
55,71,4.143364924907054e-30
55,72,5.251601803793069e-16
55,73,2.911029329961425e-16
55,74,1.309227883336058e-16
55,75,2.0361839613053163e-15
55,76,1.2813490069415513e-16
55,77,1.834864183849947e-30
55,78,2.7033196688611207e-30
55,79,6.574396000919819e-16
55,80,1.15301302781997e-30
55,81,1.4188460826372763e-30
55,82,1.5609324930681922e-30
55,83,1.0663786244381723e-30
55,84,8.724331212671772e-16
55,85,7.423966899326568e-31
55,86,3.704856386596172e-30
55,87,1.1153503034151757e-15
55,88,2.0956605816409214e-30
55,89,2.6258579793012716e-16
55,90,6.922220526417404e-16
55,91,5.213130533746165e-30
55,92,1.2398195855188024e-30
55,93,3.7011047984965457e-16
55,94,1.0532286119280916e-15
55,95,2.5822416343032345e-30
55,96,2.4860573930997947e-30
55,97,9.532056783158242e-31
55,98,1.4274662455098338e-30
55,99,1.3429628190995312e-15
55,100,2.015272555512615e-30
55,101,7.264724144015536e-16
55,102,5.941573518910451e-16
55,103,2.743281415171581e-30
55,104,1.0200653356225212e-30
55,105,0.0
55,106,3.3335618468874995e-16
55,107,3.0628459420254057e-30
55,108,7.961425385166387e-16
55,109,6.281735275774112e-16
55,110,4.867512344113327e-30
55,111,2.4270130341326134e-30
55,112,3.284704182259481e-30
55,113,1.072659686396406e-15
55,114,2.474764074240497e-16
55,115,8.742804104274661e-16
55,116,1.3296338635471618e-30
55,117,3.2866617908154954e-30
55,118,2.5447904129636483e-16
55,119,1.3597399555105234e-16
55,120,8.428971209373357e-16
55,121,6.721152471995993e-16
55,122,4.483762278005058e-31
55,123,2.7135291508420052e-30
55,124,8.997919702696841e-16
55,125,4.469134209524178e-30
55,126,6.845284352365362e-16
55,127,2.0207108671590603e-16
55,128,2.498155998290017e-15
55,129,4.938511021302656e-30
55,130,3.8907337820626693e-16
55,131,4.494435449175382e-16
55,132,3.1847727804596304e-30
55,133,4.200753874657267e-16
55,134,2.8919458472629715e-16
55,135,4.273479928308075e-16
55,136,3.4869236412860637e-16
55,137,2.835681545993243e-30
55,138,1.2012571165284173e-15
55,139,7.811135435798042e-16
55,140,1.4028116234073455e-30
55,141,6.50417211754739e-16
55,142,3.2694070595924206e-30
55,143,2.2239848857502005e-16
55,144,2.001483021243355e-16
55,145,2.2591401799415166e-16
55,146,4.57914427262518e-16
55,147,1.0801520079645218e-15
55,148,4.605190121637659e-30
55,149,6.342515825397037e-30
56,57,3.363337693943382e-31
56,58,1.8029777075839703e-31
56,59,3.1844392069822585e-31
56,60,3.3982926218889757e-31
56,61,2.719479911021037e-16
56,62,1.058269206029777e-30
56,63,1.4208801065623213e-30
56,64,3.368824276229818e-31
56,65,2.934157506200439e-31
56,66,1.5158084847658303e-31
56,67,1.769654973663001e-31
56,68,4.617212824647459e-31
56,69,3.4932152275385473e-31
56,70,4.741972171419057e-31
56,71,4.438758075568979e-31
56,72,5.422020215122284e-31
56,73,6.617497986331388e-31
56,74,4.377479383185692e-31
56,75,6.100479848625418e-31
56,76,3.6553751261143894e-31
56,77,3.726056961383983e-31
56,78,3.365250962903683e-31
56,79,4.114448198433862e-31
56,80,1.8570088580132696e-31
56,81,4.069776259330772e-31
56,82,3.0776002292596006e-31
56,83,2.0432382456640615e-31
56,84,5.733318268281573e-31
56,85,1.2284577117970755e-31
56,86,2.841929861241824e-31
56,87,5.272271948484729e-31
56,88,1.8018562991304183e-31
56,89,6.5326280329665015e-31
56,90,4.295205306013852e-31
56,91,6.399921296514205e-31
56,92,2.3191798423126787e-31
56,93,4.954853139488419e-31
56,94,3.2066217691200236e-31
56,95,4.091621015286837e-31
56,96,4.178724656996671e-31
56,97,1.7167180101703105e-31
56,98,1.5413836937723812e-31
56,99,4.059301007628438e-31
56,100,2.957449025248357e-31
56,101,5.0464523126234364e-31
56,102,2.9898950638005575e-31
56,103,4.712412496497151e-31
56,104,1.7485041680922687e-31
56,105,0.0
56,106,5.136599185664573e-31
56,107,3.598787895636018e-31
56,108,1.0920415214348481e-30
56,109,3.546466750523079e-31
56,110,5.651920860323433e-31
56,111,5.0948822599756795e-31
56,112,4.462470065848562e-31
56,113,9.06183575717447e-31
56,114,3.974820598015868e-31
56,115,6.643166073793371e-31
56,116,5.057543980051698e-31
56,117,3.3103488306130965e-31
56,118,2.806248018924702e-31
56,119,4.899845235123498e-31
56,120,3.092490492330405e-31
56,121,3.1938016823938042e-31
56,122,1.0557870869124892e-31
56,123,4.924760437692491e-31
56,124,5.728230610987647e-31
56,125,4.53283000861261e-31
56,126,2.2198483781105336e-31
56,127,4.513135476553355e-31
56,128,2.719479911021035e-16
56,129,5.403850236050598e-31
56,130,5.9587521686702095e-31
56,131,4.06872674966076e-31
56,132,5.0587053789567e-31
56,133,2.921577956350223e-31
56,134,1.7109843535857457e-31
56,135,2.3839301230989263e-31
56,136,9.439260049818372e-31
56,137,5.350501458970141e-31
56,138,2.8441001681421764e-16
56,139,3.290170243329e-31
56,140,1.3565548382311155e-31
56,141,3.995912776677848e-31
56,142,4.47300915947026e-31
56,143,3.1433444865354093e-31
56,144,1.8426284188912574e-31
56,145,4.917289132186882e-31
56,146,5.091977131929642e-31
56,147,2.724595703080605e-31
56,148,6.212154343895417e-31
56,149,8.437525287049095e-31
57,58,5.3924402695978495e-31
57,59,1.1435674225285773e-30
57,60,9.996747016179957e-31
57,61,7.894802583043606e-16
57,62,9.273473540583468e-30
57,63,3.847333534908446e-16
57,64,9.703129892226158e-31
57,65,8.306998555667016e-31
57,66,4.220593835935083e-31
57,67,6.372616102295486e-31
57,68,1.2739927928621101e-30
57,69,1.0687862713113209e-30
57,70,1.1816861278334064e-30
57,71,1.3975168020050247e-30
57,72,2.1351668597397622e-30
57,73,3.1325090688859917e-16
57,74,1.3985789608971399e-30
57,75,1.4052674628233943e-30
57,76,1.2314004798235378e-30
57,77,9.842481450067505e-31
57,78,7.852001438099776e-31
57,79,8.49293778885512e-31
57,80,4.747015688870957e-31
57,81,7.102982869252083e-31
57,82,1.0341545823086926e-30
57,83,5.079239385346177e-31
57,84,1.764135990903531e-30
57,85,4.239990144195726e-31
57,86,1.4126694575374082e-30
57,87,9.008347092893322e-31
57,88,7.635818154464424e-31
57,89,2.0424351943500247e-30
57,90,9.85215459516448e-31
57,91,1.8291402811298915e-30
57,92,4.371801691619602e-31
57,93,1.2604904897918938e-30
57,94,9.612521804788965e-31
57,95,8.629926601568322e-31
57,96,1.0299068685816838e-30
57,97,3.896150487251486e-31
57,98,5.129967298588768e-31
57,99,9.90395882142895e-31
57,100,6.3744108197108845e-31
57,101,2.3055512673780977e-16
57,102,7.70203863267863e-31
57,103,7.29569517866023e-31
57,104,6.23188820178623e-31
57,105,0.0
57,106,1.4647985991824692e-30
57,107,1.1389563018964958e-30
57,108,3.102585793058823e-16
57,109,8.620754298774952e-31
57,110,1.6006178519827097e-30
57,111,1.0502096511759697e-30
57,112,9.467412793126954e-31
57,113,2.346011811129385e-30
57,114,1.1532786313730247e-30
57,115,1.2648753091986177e-30
57,116,1.660587907107306e-30
57,117,1.3777438248231516e-30
57,118,8.4998607281789e-31
57,119,1.7230391675516036e-30
57,120,9.8034119189519e-31
57,121,1.0610053713927817e-30
57,122,2.629826369570307e-31
57,123,8.020828731858462e-31
57,124,9.488595470973025e-31
57,125,1.6661987024854236e-30
57,126,6.633100565279331e-31
57,127,1.3016574835399578e-30
57,128,8.816236082204335e-16
57,129,1.5989211513009953e-30
57,130,9.6678331009392e-31
57,131,8.48149998759285e-31
57,132,1.0064162880417851e-30
57,133,9.31507335814549e-31
57,134,6.391002757936414e-31
57,135,7.13122341927254e-31
57,136,2.2048077376633118e-30
57,137,2.182745068683656e-30
57,138,5.758027786718833e-16
57,139,9.34818536565163e-31
57,140,5.715402111556554e-31
57,141,1.2585647895450422e-30
57,142,1.1860923648249428e-30
57,143,7.225102395001344e-31
57,144,5.2040737530579145e-31
57,145,8.725944366438225e-31
57,146,1.5356987457014711e-30
57,147,1.1552057651093736e-30
57,148,2.0117081912906195e-30
57,149,1.8599587246439354e-30
58,59,7.465456919573256e-31
58,60,6.845930631035891e-31
58,61,1.2035118843055844e-30
58,62,7.212775501808721e-31
58,63,3.2121944877142114e-30
58,64,6.174208045580837e-31
58,65,5.566476297550657e-31
58,66,2.703922759861891e-31
58,67,4.32169870470395e-31
58,68,9.03214074830512e-31
58,69,6.98424926117862e-31
58,70,8.487899961917367e-31
58,71,9.9673626748139e-31
58,72,1.3794429556200159e-30
58,73,5.3375279016969515e-31
58,74,9.758386169194771e-31
58,75,6.075870574544992e-31
58,76,7.721639382314449e-31
58,77,4.712945064104202e-31
58,78,5.646168092787852e-31
58,79,5.453058550053039e-31
58,80,2.8782922129879764e-31
58,81,1.8964890085217803e-31
58,82,2.4495940557008595e-31
58,83,2.4051190458279525e-31
58,84,1.111046677120423e-30
58,85,1.8832757055646977e-31
58,86,9.723968102165236e-31
58,87,5.900850891155052e-31
58,88,5.353081521849593e-31
58,89,1.329051607607238e-30
58,90,6.4104524723094325e-31
58,91,1.260819327838626e-30
58,92,1.938323171200803e-31
58,93,8.975955885699623e-31
58,94,4.664008988256394e-31
58,95,5.552342115974513e-31
58,96,6.212247768011163e-31
58,97,2.2618626918844928e-31
58,98,3.5517336070471662e-31
58,99,3.8676828239917972e-31
58,100,4.471439956798586e-31
58,101,3.829948602343749e-31
58,102,5.341991041935383e-31
58,103,4.668024042558889e-31
58,104,2.6121959829266e-31
58,105,0.0
58,106,9.482199396758559e-31
58,107,7.660877742868136e-31
58,108,1.9318118328612987e-30
58,109,5.047490806859377e-31
58,110,1.140568166670014e-30
58,111,5.478665738530921e-31
58,112,6.736264032009682e-31
58,113,1.4921932732905505e-30
58,114,7.782484735672496e-31
58,115,6.622699317415851e-31
58,116,4.890265137792288e-31
58,117,8.942644797523109e-31
58,118,5.866440742083151e-31
58,119,1.115152447209337e-30
58,120,6.36621178724118e-31
58,121,6.0171628361299135e-31
58,122,8.471253844764562e-32
58,123,4.240693906231543e-31
58,124,6.292451405235626e-31
58,125,1.1440261411487038e-30
58,126,4.179168923750055e-31
58,127,9.033516049724618e-31
58,128,6.145525706514751e-16
58,129,1.1449900905661308e-30
58,130,3.8139834930427234e-31
58,131,3.511659958230018e-31
58,132,6.868207363979009e-31
58,133,6.529778570581107e-31
58,134,3.2150314701143084e-31
58,135,4.669757411041405e-31
58,136,1.5529027210104413e-30
58,137,1.065445712799121e-30
58,138,1.1102230246251541e-16
58,139,3.3796139447383947e-31
58,140,3.7881000484929394e-31
58,141,8.751993944664889e-31
58,142,8.112853190483193e-31
58,143,5.217751572886154e-31
58,144,2.5878429507994322e-31
58,145,5.964173868537075e-31
58,146,4.4414869574878105e-31
58,147,4.636870757666914e-31
58,148,1.224015092352776e-30
58,149,1.3304987600002272e-30
59,60,1.4419735453381627e-30
59,61,4.560706458366092e-16
59,62,6.421274578012558e-30
59,63,3.0022245318650347e-16
59,64,1.2632789717806384e-30
59,65,1.1640859918466223e-30
59,66,5.576763269004701e-31
59,67,8.823066588187623e-31
59,68,1.7599297998002246e-30
59,69,1.4742608600467337e-30
59,70,1.5846371769700397e-30
59,71,2.0200697021882277e-30
59,72,2.9118677399478402e-30
59,73,1.0961944024558675e-30
59,74,1.989599158148193e-30
59,75,1.2526787760218575e-30
59,76,1.6394137388819618e-30
59,77,1.031964092521562e-30
59,78,1.0658273331758386e-30
59,79,1.046492737927236e-30
59,80,6.0799013765249e-31
59,81,6.579324327237694e-31
59,82,9.418173539201165e-31
59,83,6.080556272458003e-31
59,84,2.3104227923231125e-30
59,85,4.977138660895144e-31
59,86,2.0028344039763473e-30
59,87,1.0877522585103328e-30
59,88,1.0914581967760317e-30
59,89,2.7609234441654643e-30
59,90,1.5401736450916278e-30
59,91,2.4837220280445984e-30
59,92,4.241033169467143e-31
59,93,1.7741629793951435e-30
59,94,1.0019721607405665e-30
59,95,1.083726432952925e-30
59,96,1.2667975574712282e-30
59,97,4.518064817645495e-31
59,98,7.113007880058901e-31
59,99,8.803194578730687e-31
59,100,8.545082373403353e-31
59,101,1.0593676607220565e-30
59,102,1.0535393352525456e-30
59,103,9.700958822350996e-31
59,104,6.183353496698631e-31
59,105,0.0
59,106,1.897281052309943e-30
59,107,1.5567586618236077e-30
59,108,6.821324464969801e-16
59,109,1.0767766972944911e-30
59,110,2.2207848727805926e-30
59,111,1.2282792897221508e-30
59,112,1.2560497708402534e-30
59,113,3.0642326352057903e-30
59,114,1.5852663606693792e-30
59,115,1.152672436143662e-30
59,116,1.8411283230059245e-30
59,117,1.926562411258765e-30
59,118,1.1043822205456132e-30
59,119,2.350221126907615e-30
59,120,1.2524119311229075e-30
59,121,1.3234751742042233e-30
59,122,2.8307878810611083e-31
59,123,8.786734805240477e-31
59,124,1.10793405947405e-30
59,125,2.3170908665976587e-30
59,126,8.836017935986404e-31
59,127,1.9188300498815758e-30
59,128,1.2221911736167709e-15
59,129,2.2256857443261454e-30
59,130,9.313671588577963e-31
59,131,8.427356058120056e-31
59,132,1.3479901731545813e-30
59,133,1.3198624732512503e-30
59,134,8.07828594485744e-31
59,135,1.0928051442305311e-30
59,136,2.8990115504797027e-30
59,137,2.7734100587586676e-30
59,138,5.559781974809362e-16
59,139,1.0264434832914514e-30
59,140,7.88924097266299e-31
59,141,1.7774105140298254e-30
59,142,1.6819807738200655e-30
59,143,1.0344924512071205e-30
59,144,6.180517678158071e-31
59,145,1.1432179966296642e-30
59,146,1.4838301611364961e-30
59,147,1.3774259688603355e-30
59,148,2.590809433661056e-30
59,149,2.4968508865687127e-30
60,61,5.977148266099559e-16
60,62,6.659733848983766e-30
60,63,6.437670773718e-16
60,64,1.3197388188291504e-30
60,65,1.287394107301349e-30
60,66,6.102100329454435e-31
60,67,8.613654210607042e-31
60,68,1.8148826480421884e-30
60,69,1.4942769181263911e-30
60,70,1.4898508911218399e-30
60,71,1.9194067492405213e-30
60,72,2.938161672213822e-30
60,73,1.003702279513439e-15
60,74,1.8315342436807814e-30
60,75,2.189188319581401e-30
60,76,2.153566244605096e-30
60,77,7.568647204199932e-31
60,78,1.028767912112782e-30
60,79,1.268588187749907e-30
60,80,6.315629449052416e-31
60,81,1.55407560919618e-30
60,82,1.4155352308320094e-30
60,83,9.69872085225886e-31
60,84,2.438281731461221e-30
60,85,8.626524996112561e-31
60,86,2.2721923090322625e-30
60,87,1.5014804560908141e-30
60,88,1.2026151342017838e-30
60,89,2.7846029028308305e-30
60,90,1.5192043435320163e-30
60,91,2.2096291481598605e-30
60,92,8.569545843077092e-31
60,93,1.6379145850648032e-30
60,94,1.734341804715831e-30
60,95,1.826523034799656e-30
60,96,1.1015912592912792e-30
60,97,3.3999961801951444e-31
60,98,6.6922548491923155e-31
60,99,1.5406894747105987e-30
60,100,8.046874941911312e-31
60,101,2.3879974785036455e-30
60,102,1.196679271134437e-30
60,103,1.465867539715997e-30
60,104,8.199468522675163e-31
60,105,0.0
60,106,1.9039500421830195e-30
60,107,1.5010979211632588e-30
60,108,2.906529054580796e-16
60,109,1.0470400622602366e-30
60,110,2.0444431912397516e-30
60,111,1.677989573837625e-30
60,112,1.2188816260089727e-30
60,113,2.4630230769101486e-30
60,114,1.5303613434493577e-30
60,115,1.7418794337542215e-30
60,116,3.245585164955629e-30
60,117,1.8869851322960414e-30
60,118,1.1011618851987276e-30
60,119,2.4815327489106358e-30
60,120,1.464216191616507e-30
60,121,1.4899644039915734e-30
60,122,5.325801160235886e-31
60,123,1.6266495215754493e-30
60,124,1.4398674288331272e-30
60,125,2.2410657396700026e-30
60,126,1.0012633628434125e-30
60,127,2.078625875565565e-30
60,128,1.1365232520780472e-15
60,129,2.0758411397821398e-30
60,130,2.196476594524848e-30
60,131,1.5663714328960497e-30
60,132,1.403383253362775e-30
60,133,1.3942040841990227e-30
60,134,7.958203214489733e-31
60,135,1.2468118933172386e-30
60,136,2.6869692675092043e-30
60,137,4.195952548542154e-30
60,138,1.2184737704478292e-15
60,139,1.9011064317384275e-30
60,140,7.900806425952189e-31
60,141,1.8150521682163964e-30
60,142,1.715439808263317e-30
60,143,1.0089018506789451e-30
60,144,1.0362081566394497e-30
60,145,1.0032957083797453e-30
60,146,2.7798075661461566e-30
60,147,1.4354649249895866e-30
60,148,2.3394016345350123e-30
60,149,2.3632192395156334e-30
61,62,6.569248101112995e-15
61,63,1.1978083138700695e-15
61,64,4.1846765728477705e-16
61,65,1.2719202621568996e-16
61,66,3.394904838940571e-16
61,67,1.4280144955294051e-30
61,68,6.192185293325214e-16
61,69,4.696072994476245e-16
61,70,4.102758549310995e-16
61,71,7.967367940139141e-16
61,72,2.925260242124722e-16
61,73,1.5736191097730304e-15
61,74,4.1378155113057564e-16
61,75,1.1404565033628942e-15
61,76,3.394433210250339e-16
61,77,7.110250420355463e-16
61,78,1.2412670766236334e-16
61,79,4.3759065885905377e-16
61,80,1.5700924586837784e-16
61,81,4.050792900924367e-16
61,82,8.492707249004991e-16
61,83,1.4752290795525902e-16
61,84,7.264495019520682e-16
61,85,1.5700924586837754e-16
61,86,8.294227969709528e-16
61,87,3.8459253727671276e-16
61,88,3.3766115072321223e-16
61,89,5.516454747908834e-16
61,90,1.0425211824544985e-15
61,91,2.3592239273284695e-16
61,92,1.35973995551052e-16
61,93,4.184101240945296e-16
61,94,4.824714773274978e-16
61,95,5.512819108444478e-16
61,96,5.926969055564847e-16
61,97,2.221529986854174e-16
61,98,1.1466348483346873e-30
61,99,5.013320832966251e-16
61,100,3.5108334685767017e-16
61,101,5.594853003195776e-16
61,102,4.786453843368951e-16
61,103,5.558482808539775e-16
61,104,3.2870149053529416e-16
61,105,0.0
61,106,3.115555635791429e-16
61,107,5.117875266520906e-16
61,108,1.4385396821798135e-15
61,109,7.285508168090426e-16
61,110,3.5108334685766983e-16
61,111,6.49743682597392e-16
61,112,1.2412670766236358e-16
61,113,7.808722414423211e-16
61,114,5.502328482176192e-16
61,115,1.2913303577098904e-15
61,116,2.8305244335018457e-16
61,117,4.742874840267549e-16
61,118,5.22229563685727e-16
61,119,6.255789036560347e-16
61,120,9.151977561237838e-16
61,121,2.7476618026966157e-16
61,122,1.1443916996305599e-16
61,123,1.8177385842962553e-16
61,124,4.938761777585016e-16
61,125,1.2118257228641634e-16
61,126,1.8670653977139917e-16
61,127,1.038635893547608e-15
61,128,1.981879011736719e-15
61,129,3.342213888644161e-16
61,130,5.432316409495434e-16
61,131,5.920873230589279e-16
61,132,3.554447978966678e-16
61,133,3.815760786470698e-16
61,134,3.3744719284933404e-16
61,135,5.270362854958363e-16
61,136,5.315533549600624e-16
61,137,3.3306690738754563e-16
61,138,1.9219188260301996e-15
61,139,3.775166431889535e-16
61,140,1.2839750719214056e-30
61,141,4.069766273599774e-16
61,142,5.27355936696949e-16
61,143,3.280829453544933e-16
61,144,2.992586547019258e-16
61,145,3.8157607864707026e-16
61,146,6.64688903554114e-16
61,147,2.6449840307621255e-16
61,148,8.169055794461065e-16
61,149,1.6653345369377348e-16
62,63,2.9038013182463836e-15
62,64,4.3270639684744275e-30
62,65,4.630216726336657e-30
62,66,1.5246206240884949e-15
62,67,1.6124474609937952e-30
62,68,7.100489779449385e-30
62,69,4.631343615083889e-30
62,70,7.319719930419366e-30
62,71,5.9194327048627506e-30
62,72,7.082627261876019e-30
62,73,5.436534468579196e-16
62,74,4.4462503890040914e-30
62,75,1.8607970899368272e-29
62,76,7.461940269640185e-30
62,77,5.533392663032455e-30
62,78,3.620084866746099e-30
62,79,9.394779634834326e-30
62,80,2.3429255752584566e-30
62,81,6.287527249570309e-30
62,82,1.0048526554076842e-29
62,83,3.95330602598905e-30
62,84,1.063157277824924e-29
62,85,3.7372069945140334e-30
62,86,4.18419723101462e-30
62,87,1.1985127944274817e-29
62,88,1.299426379798662e-30
62,89,8.12662888086328e-30
62,90,6.477397879146703e-30
62,91,2.8600311582577173e-30
62,92,4.170662190500872e-30
62,93,5.1755003991612735e-30
62,94,1.3083562828860005e-29
62,95,4.592805074119123e-30
62,96,3.9382383845509954e-30
62,97,1.4748924061052862e-30
62,98,8.868873328908444e-31
62,99,1.2598117975692024e-15
62,100,3.795477602241964e-30
62,101,3.1730959032789617e-15
62,102,6.107417565830755e-30
62,103,6.078356074527846e-30
62,104,6.004137698700681e-30
62,105,0.0
62,106,9.42947718946244e-30
62,107,4.8923225055270964e-30
62,108,1.2795761205217523e-15
62,109,6.491712535632513e-30
62,110,2.2542902910677907e-30
62,111,7.96773522101041e-30
62,112,3.346520289383554e-30
62,113,1.1276179322586232e-29
62,114,6.0666499276424625e-30
62,115,1.54440519102336e-29
62,116,1.3702197224147e-29
62,117,6.104011033112582e-30
62,118,4.472862605812166e-30
62,119,8.098032093239037e-30
62,120,1.0749495928553448e-29
62,121,9.33147746149259e-30
62,122,2.3399767766031898e-30
62,123,2.841599694444796e-16
62,124,9.40043519558166e-30
62,125,3.28293725114674e-30
62,126,5.4431455235843574e-30
62,127,4.882579746077218e-30
62,128,1.2793906849160502e-15
62,129,5.068116327996723e-30
62,130,8.572649029864114e-30
62,131,7.023196027633339e-30
62,132,6.696442733363806e-30
62,133,3.850569774222264e-30
62,134,4.509046785768326e-30
62,135,4.741959235059172e-30
62,136,1.2158447934946944e-15
62,137,1.7129197555412803e-16
62,138,5.2665591381487686e-15
62,139,8.93663943299255e-30
62,140,1.3787867738930655e-30
62,141,5.851670528390543e-30
62,142,5.5519128363047984e-30
62,143,3.459868512330996e-30
62,144,5.426351871595293e-30
62,145,5.0280821293897526e-30
62,146,1.796349309683366e-15
62,147,1.3579853173115917e-29
62,148,8.651407581955637e-30
62,149,7.892186746362595e-30
63,64,4.891797170673721e-16
63,65,3.5135752366389066e-16
63,66,1.9229626863835653e-16
63,67,3.956566740119313e-30
63,68,4.161745875364989e-16
63,69,5.546017031895908e-16
63,70,2.677156650647246e-16
63,71,1.177569344012823e-16
63,72,3.0813689532136545e-16
63,73,6.453585304713979e-16
63,74,4.941739743737012e-16
63,75,9.54610306133694e-16
63,76,3.9315126236504607e-16
63,77,4.91601198720684e-30
63,78,4.1325929135219335e-30
63,79,3.982616827946683e-16
63,80,2.850783241831868e-30
63,81,2.719701213858281e-16
63,82,1.4220500840710828e-16
63,83,4.552252871008663e-16
63,84,6.727378639961899e-16
63,85,2.4864100871503596e-16
63,86,3.5652682413748027e-16
63,87,1.6653345369377474e-16
63,88,4.689167431643447e-30
63,89,1.7010907505015155e-16
63,90,6.055949220889633e-16
63,91,5.721958498153054e-17
63,92,1.622652319819008e-30
63,93,2.0218274671598212e-16
63,94,6.561314937928586e-16
63,95,6.024487590536759e-16
63,96,1.6653345369377319e-16
63,97,2.087623886006675e-30
63,98,3.129557804727169e-30
63,99,2.167779754565686e-16
63,100,1.1102230246251612e-16
63,101,5.026263597463337e-16
63,102,5.036504557581688e-16
63,103,3.682193206295146e-16
63,104,4.0203690201609363e-16
63,105,0.0
63,106,2.5116974885689444e-16
63,107,2.6184557666721223e-16
63,108,6.559565126786602e-16
63,109,1.962615573354723e-16
63,110,9.376465296388023e-30
63,111,3.037351701757396e-16
63,112,4.749479097348285e-30
63,113,1.6653345369377356e-16
63,114,5.144617795399531e-16
63,115,5.512054841792105e-16
63,116,1.2490009027033085e-16
63,117,3.764949453935609e-16
63,118,3.7444318654689297e-16
63,119,5.331671968450008e-16
63,120,5.775561153410721e-16
63,121,7.033998881952425e-16
63,122,5.551115123125816e-17
63,123,2.5685625874682403e-16
63,124,5.388264461924416e-16
63,125,4.468992452629867e-16
63,126,2.940650514817881e-16
63,127,3.6401096161220366e-16
63,128,5.334546764352034e-15
63,129,1.92296268638357e-16
63,130,2.833924464077115e-16
63,131,6.010860650248394e-16
63,132,1.5762137000608383e-16
63,133,4.537421195513978e-16
63,134,5.691585162728683e-16
63,135,1.7663540160192375e-16
63,136,7.482753390844719e-16
63,137,1.5944364291470343e-16
63,138,2.1827963354934887e-15
63,139,2.5776846797341172e-16
63,140,3.580395948993684e-30
63,141,3.0150272531948607e-16
63,142,4.621532547029644e-16
63,143,2.63677968348474e-16
63,144,3.888257972851052e-16
63,145,2.4355418757871167e-16
63,146,9.27597049394207e-16
63,147,3.3306690738754785e-16
63,148,1.665695898455889e-16
63,149,6.137686022615881e-16
64,65,1.011640565155637e-30
64,66,5.07764707402588e-31
64,67,7.596442807851485e-31
64,68,1.4251708570110375e-30
64,69,1.2902964780667829e-30
64,70,1.430582923553592e-30
64,71,1.540633734219246e-30
64,72,2.560936305249921e-30
64,73,2.59258471528154e-16
64,74,1.629712167041058e-30
64,75,1.3688354801870479e-30
64,76,1.607401814920816e-30
64,77,9.435299980558882e-31
64,78,8.10950853807319e-31
64,79,7.93579800433219e-31
64,80,5.412430458895853e-31
64,81,7.728995650949615e-31
64,82,6.816760651348492e-31
64,83,5.82978111719832e-31
64,84,1.9757426206495056e-30
64,85,5.167038855778467e-31
64,86,1.718339241707749e-30
64,87,9.066796667940179e-31
64,88,9.272749470505128e-31
64,89,2.4194983712067914e-30
64,90,9.264883380494282e-31
64,91,2.0843958782644247e-30
64,92,3.6871197163532404e-31
64,93,1.4153955125323373e-30
64,94,1.0203020056681391e-30
64,95,1.1650231274255546e-30
64,96,1.1242448399032209e-30
64,97,4.060536199866987e-31
64,98,6.003934578587549e-31
64,99,8.571955150917989e-31
64,100,7.277183736197621e-31
64,101,1.1445231709044279e-16
64,102,1.0223887366889598e-30
64,103,6.58100047950318e-31
64,104,5.193504555133107e-31
64,105,0.0
64,106,1.6985281009157805e-30
64,107,1.3395720003744602e-30
64,108,6.548069875401154e-16
64,109,9.078913288345672e-31
64,110,1.807362637372602e-30
64,111,1.1242757044347382e-30
64,112,9.584947359802605e-31
64,113,2.5089909786844e-30
64,114,1.3529289368069391e-30
64,115,1.0995501975133111e-30
64,116,1.873379437137653e-30
64,117,1.6380333872448845e-30
64,118,9.91520957116492e-31
64,119,2.0820259994446242e-30
64,120,1.1779836705172947e-30
64,121,1.2274622724302585e-30
64,122,2.8219459567084603e-31
64,123,6.856058830537767e-31
64,124,9.403096201250525e-31
64,125,1.9766834008589536e-30
64,126,8.321008387629598e-31
64,127,1.5548408545479736e-30
64,128,1.0233868788282262e-15
64,129,1.8201861435740683e-30
64,130,1.1824335671484117e-30
64,131,7.837494937003885e-31
64,132,1.1392662544623372e-30
64,133,1.1390849463226079e-30
64,134,7.091441811730298e-31
64,135,8.811841863931184e-31
64,136,2.622920896690369e-30
64,137,2.8040514582930285e-30
64,138,5.755936923587796e-16
64,139,1.0787324118993704e-30
64,140,6.885324264119827e-31
64,141,1.4559000179026203e-30
64,142,1.4133317996930784e-30
64,143,7.133708626584381e-31
64,144,6.834233759082272e-31
64,145,9.132993197619738e-31
64,146,1.4686153548638693e-30
64,147,1.174261217847926e-30
64,148,2.2565078334822068e-30
64,149,1.957199108298047e-30
65,66,4.386892321984038e-31
65,67,6.760072023507595e-31
65,68,1.2938584706732198e-30
65,69,1.0953919216745847e-30
65,70,1.2404452931881015e-30
65,71,1.4606639695082044e-30
65,72,2.2951972937954124e-30
65,73,7.470037218462093e-31
65,74,1.5040299680736236e-30
65,75,1.4751244843714834e-30
65,76,1.5158404876461539e-30
65,77,7.221115009769548e-31
65,78,8.317233866946904e-31
65,79,9.426468427298008e-31
65,80,4.819869241520649e-31
65,81,1.0782568373433686e-30
65,82,1.0166697311643729e-30
65,83,6.690576951004452e-31
65,84,1.7616629761512535e-30
65,85,5.874292053875122e-31
65,86,1.5719793667685126e-30
65,87,1.1216631734903494e-30
65,88,8.53496612566706e-31
65,89,2.156989504853888e-30
65,90,1.0252545086380731e-30
65,91,1.8375224227422737e-30
65,92,6.145536508468268e-31
65,93,1.3061198579073733e-30
65,94,1.121147600031887e-30
65,95,1.1710246190215702e-30
65,96,9.432718774313649e-31
65,97,3.251896681638906e-31
65,98,5.353185212677722e-31
65,99,1.0783140434967516e-30
65,100,6.306921112975423e-31
65,101,1.5417050812224469e-30
65,102,9.168388025350714e-31
65,103,1.0615401161548039e-30
65,104,5.852728910408137e-31
65,105,0.0
65,106,1.4627642765268153e-30
65,107,1.2045585136497938e-30
65,108,2.9725391007869152e-30
65,109,7.97788776545437e-31
65,110,1.65538679974409e-30
65,111,1.2154071322982478e-30
65,112,1.0091313013509524e-30
65,113,2.1755783509068652e-30
65,114,1.2093188885534736e-30
65,115,1.2877415616701056e-30
65,116,2.2899025109254843e-30
65,117,1.460099486605468e-30
65,118,8.164425485601271e-31
65,119,1.877989967998211e-30
65,120,9.593240502307974e-31
65,121,1.150993724245095e-30
65,122,3.72183425507009e-31
65,123,1.1745796878040195e-30
65,124,1.1160712870889806e-30
65,125,1.762758821779901e-30
65,126,7.324962374676817e-31
65,127,1.443194427949245e-30
65,128,9.15513359704447e-16
65,129,1.658849573870796e-30
65,130,1.5344022169042252e-30
65,131,1.07583330150629e-30
65,132,1.0210241065838258e-30
65,133,1.0365126454218839e-30
65,134,6.015524097596697e-31
65,135,8.535318626393401e-31
65,136,2.2031288176453663e-30
65,137,2.9454864952970232e-30
65,138,8.622116668970971e-16
65,139,1.3169305911524806e-30
65,140,6.1439954440488925e-31
65,141,1.3349033074978157e-30
65,142,1.31262312142043e-30
65,143,7.87850107859679e-31
65,144,7.366139465175019e-31
65,145,8.803165507794057e-31
65,146,1.9675895147153818e-30
65,147,1.0530303558222111e-30
65,148,1.964441012850833e-30
65,149,1.9538911532757803e-30
66,67,3.328419663167027e-31
66,68,3.389523271936276e-16
66,69,5.758573317067211e-31
66,70,5.969548100671395e-31
66,71,6.997085077228025e-31
66,72,1.1121108582703568e-30
66,73,6.057076584639831e-31
66,74,7.014699691404453e-31
66,75,4.939333811059866e-16
66,76,7.109413320715554e-31
66,77,4.264098864149041e-31
66,78,3.5722668653244973e-31
66,79,3.3459133668172854e-31
66,80,2.3307333103286782e-31
66,81,3.23244388023628e-31
66,82,3.406055067517123e-31
66,83,2.44914498428687e-31
66,84,8.706249148134012e-31
66,85,2.2442791777649063e-31
66,86,8.145210775699489e-31
66,87,3.5917540931116794e-31
66,88,4.31386860269359e-31
66,89,1.0536864505038757e-30
66,90,4.554345920890078e-31
66,91,9.061866631851657e-31
66,92,1.473273774133077e-31
66,93,6.152473429833486e-31
66,94,4.189860543825615e-16
66,95,5.209057601135009e-31
66,96,4.828521712025359e-31
66,97,1.766735361394542e-31
66,98,2.631115123819272e-31
66,99,3.557102410629884e-31
66,100,3.1904153832379842e-31
66,101,4.637866243501427e-31
66,102,2.6552038156556946e-16
66,103,2.7367461082823905e-31
66,104,2.225960146921631e-31
66,105,0.0
66,106,7.376188248009251e-31
66,107,5.775986183649093e-31
66,108,1.5673147693895526e-30
66,109,3.97201559618529e-31
66,110,7.942869689072405e-31
66,111,4.783845206532879e-31
66,112,4.1358613041930245e-31
66,113,1.0982680884994129e-30
66,114,5.8987204477830135e-31
66,115,5.051602647929287e-17
66,116,7.8325744807507125e-31
66,117,7.207657134677556e-31
66,118,4.526115696901836e-31
66,119,9.104932488074796e-31
66,120,5.40275604423095e-31
66,121,5.268141557887534e-31
66,122,1.1729201406568132e-31
66,123,2.60486658205996e-31
66,124,3.984661340735715e-31
66,125,8.701307487300399e-31
66,126,3.455306937488783e-31
66,127,7.30772439080822e-31
66,128,4.484050470211362e-16
66,129,8.048885302446325e-31
66,130,4.855108742307506e-31
66,131,3.1390057947807158e-31
66,132,4.8975976228754265e-31
66,133,5.068855151099807e-31
66,134,2.839135212463398e-31
66,135,4.071161665733566e-31
66,136,2.244708309016834e-16
66,137,1.2153720011053417e-30
66,138,2.288783399261117e-16
66,139,4.551757439061371e-31
66,140,3.015452813979949e-31
66,141,6.629708439562585e-31
66,142,6.173034356522931e-31
66,143,3.237735633030975e-31
66,144,2.8762177709637855e-31
66,145,3.9330575739725603e-31
66,146,3.40517922688568e-16
66,147,4.436377466011766e-31
66,148,9.71176220369815e-31
66,149,8.549915356598435e-31
67,68,1.0201572105565673e-30
67,69,8.432827715391684e-31
67,70,9.545284733008252e-31
67,71,1.1227179879419774e-30
67,72,1.7075406426933432e-30
67,73,5.925397323514151e-31
67,74,1.135781114094618e-30
67,75,6.442597382883913e-31
67,76,1.0011097747209056e-30
67,77,5.589035344574627e-31
67,78,5.931145078095808e-31
67,79,5.5938341632645105e-31
67,80,3.5048116800631888e-31
67,81,3.311075374327658e-31
67,82,3.574759798836911e-31
67,83,3.422357733390834e-31
67,84,1.336729693072585e-30
67,85,2.8158609585408066e-31
67,86,1.1872201468770234e-30
67,87,5.897100736768669e-31
67,88,6.462906814197377e-31
67,89,1.6158401630090516e-30
67,90,7.056635663048708e-31
67,91,1.4357132429976449e-30
67,92,1.8637243147731324e-31
67,93,9.984156081821787e-31
67,94,5.995772625601568e-31
67,95,7.083841496546005e-31
67,96,7.293507731666062e-31
67,97,2.545840866383139e-31
67,98,4.1480274928029864e-31
67,99,4.8268306292903e-31
67,100,4.986283625357973e-31
67,101,5.607073476727225e-31
67,102,6.4974948922103025e-31
67,103,4.381271531292094e-31
67,104,3.161327076436471e-31
67,105,0.0
67,106,1.1202377843133631e-30
67,107,9.127677495367888e-31
67,108,2.3084656192722163e-30
67,109,6.053929257979026e-31
67,110,1.2795326697995517e-30
67,111,6.952192362842591e-31
67,112,6.912421384261381e-31
67,113,1.698665248598493e-30
67,114,9.192844870000547e-31
67,115,6.751408374994407e-31
67,116,9.871700194457064e-31
67,117,1.0995812650928629e-30
67,118,6.6894973321271664e-31
67,119,1.3824041781330438e-30
67,120,7.564581160168202e-31
67,121,7.731091833651964e-31
67,122,1.4556617752705214e-31
67,123,3.886398502950596e-31
67,124,6.221399791412435e-31
67,125,1.3579014330468743e-30
67,126,5.224151648242083e-31
67,127,1.0864354321173353e-30
67,128,7.108895957933343e-16
67,129,1.2865763135087813e-30
67,130,5.232625897270936e-31
67,131,3.8762376001598895e-31
67,132,7.723288617168482e-31
67,133,7.812629292771285e-31
67,134,4.131582726037116e-31
67,135,5.84355295689464e-31
67,136,1.7448874812391796e-30
67,137,1.6464150374728173e-30
67,138,2.4825341532472697e-16
67,139,5.798006923371797e-31
67,140,4.641502353934536e-31
67,141,1.0295568911263077e-30
67,142,9.71065868165762e-31
67,143,5.5147419463026935e-31
67,144,3.774237867044563e-31
67,145,6.318529423009087e-31
67,146,7.440204622251134e-31
67,147,6.215066866581859e-31
67,148,1.4850200614620449e-30
67,149,1.4007935741901763e-30
68,69,1.715965622636397e-30
68,70,2.0464393654181547e-30
68,71,2.5232580680085192e-30
68,72,3.217388734567423e-30
68,73,3.8032798462068765e-16
68,74,2.275751996578785e-30
68,75,1.968484342560981e-30
68,76,1.990839275489808e-30
68,77,8.842846113122352e-31
68,78,1.4654934868073951e-30
68,79,1.5904891386847112e-30
68,80,6.201065443493951e-31
68,81,1.3344061402902048e-30
68,82,1.1448481573931614e-30
68,83,7.269874928030858e-31
68,84,2.5871656072968187e-30
68,85,6.078030887942592e-31
68,86,2.6141914729216442e-30
68,87,1.7240975565783177e-30
68,88,1.3938411716445664e-30
68,89,3.0768330005485942e-30
68,90,1.7803505819855997e-30
68,91,2.9353364192614485e-30
68,92,7.914412950688378e-31
68,93,2.1470641455547387e-30
68,94,1.3307067117408642e-30
68,95,1.4800776077406332e-30
68,96,1.3186447127607082e-30
68,97,4.671748003003295e-31
68,98,8.38815099824384e-31
68,99,1.2945501064735624e-16
68,100,1.1059894690172409e-30
68,101,1.5332505797001558e-16
68,102,1.2437232437891305e-30
68,103,1.4813009240056792e-30
68,104,8.55595189695864e-31
68,105,0.0
68,106,2.1953356896337003e-30
68,107,1.7861565762576697e-30
68,108,6.811599098087911e-16
68,109,1.2067060078361981e-30
68,110,2.7476198608251725e-30
68,111,1.3637632983192153e-30
68,112,1.7487196695271045e-30
68,113,3.303025047402396e-30
68,114,1.853048437198739e-30
68,115,2.082740952247148e-30
68,116,2.432020724319868e-30
68,117,2.144315202272406e-30
68,118,1.5101291643601529e-30
68,119,2.6555990850506217e-30
68,120,1.7175254851796365e-30
68,121,1.376586814866993e-30
68,122,4.026447669527366e-31
68,123,1.5937645985783795e-30
68,124,1.7677126609296996e-30
68,125,2.725726519578514e-30
68,126,9.349963269171185e-31
68,127,2.362256880932467e-30
68,128,1.4534086921808187e-15
68,129,2.8068014420477026e-30
68,130,1.8395795729842257e-30
68,131,1.2809849411725523e-30
68,132,1.6389390604870348e-30
68,133,1.6089141103272074e-30
68,134,6.8735854618136374e-31
68,135,1.2751881361736717e-30
68,136,3.7206122634464446e-30
68,137,3.401172539177156e-30
68,138,1.0130903915684225e-15
68,139,1.3600061178831218e-30
68,140,8.986290883512945e-31
68,141,2.1770243830056263e-30
68,142,1.9141425181625532e-30
68,143,1.3622457690959215e-30
68,144,8.668743224905842e-31
68,145,1.4756202439853711e-30
68,146,2.2441688760313513e-30
68,147,1.37166667969868e-30
68,148,2.6634243687396362e-30
68,149,3.397084568063337e-30
69,70,1.5382105527343083e-30
69,71,1.8424962617198817e-30
69,72,2.7944738357465493e-30
69,73,5.148944607024279e-16
69,74,1.7989705349968967e-30
69,75,1.4274183220705257e-30
69,76,1.828192511057848e-30
69,77,9.531350253656435e-31
69,78,9.79736083625253e-31
69,79,9.588503032227425e-31
69,80,5.800779708650753e-31
69,81,9.828567192256282e-31
69,82,8.71430408809599e-31
69,83,6.472176959090326e-31
69,84,2.1324273407507422e-30
69,85,6.1799078480401165e-31
69,86,2.0077478805807952e-30
69,87,1.0345082136414886e-30
69,88,1.0706474438261718e-30
69,89,2.6475545160219546e-30
69,90,1.2848071304795483e-30
69,91,2.3345762489563306e-30
69,92,5.098742818400094e-31
69,93,1.6166550984178977e-30
69,94,1.1830010872800975e-30
69,95,1.3669964726025198e-30
69,96,1.1875318478129336e-30
69,97,4.224288741116794e-31
69,98,6.720115677658716e-31
69,99,9.746724181220901e-31
69,100,8.23479311737941e-31
69,101,3.935034378638884e-16
69,102,1.173738802609984e-30
69,103,9.15607543585263e-31
69,104,6.220203284726905e-31
69,105,0.0
69,106,1.8447233892586934e-30
69,107,1.4556025817144176e-30
69,108,9.201363163220876e-16
69,109,9.862740477075239e-31
69,110,2.0690463946840222e-30
69,111,1.1779118937357099e-30
69,112,1.1646388117384682e-30
69,113,2.7766122172256196e-30
69,114,1.4957825925167003e-30
69,115,1.2072735565120233e-30
69,116,2.173465042235886e-30
69,117,1.833252929876038e-30
69,118,1.1647440103465611e-30
69,119,2.290912495100175e-30
69,120,1.3793137187536353e-30
69,121,1.3272812527206255e-30
69,122,3.3988342211313785e-31
69,123,9.884928320554036e-31
69,124,1.1300187942820417e-30
69,125,2.2141898608972512e-30
69,126,9.024344805672019e-31
69,127,1.8239928234432095e-30
69,128,1.1500366259642875e-15
69,129,2.0883098725499134e-30
69,130,1.337472359678422e-30
69,131,9.547061262817802e-31
69,132,1.2274649314337854e-30
69,133,1.2820666329856606e-30
69,134,7.251962400019339e-31
69,135,1.0739887051328476e-30
69,136,2.9327905979611376e-30
69,137,3.1221167242459814e-30
69,138,7.369941604692728e-16
69,139,1.3251261984597279e-30
69,140,7.612779867912417e-31
69,141,1.6647106856744092e-30
69,142,1.5547437992061745e-30
69,143,8.971679317556561e-31
69,144,7.7928245976767594e-31
69,145,1.0364403942060918e-30
69,146,1.759192123955898e-30
69,147,1.2842267916908726e-30
69,148,2.4051469952800023e-30
69,149,2.3221715971589562e-30
70,71,2.211742326448356e-30
70,72,3.0925838735565238e-30
70,73,1.1103585416259208e-16
70,74,2.1829642274516853e-30
70,75,1.9795488458123437e-30
70,76,1.7666223323652283e-30
70,77,1.1043685384110802e-30
70,78,1.3828072621197387e-30
70,79,1.5262256798283303e-30
70,80,6.467334932018197e-31
70,81,1.297521454542094e-30
70,82,1.344522875005391e-30
70,83,7.338819256166445e-31
70,84,2.4085595255378256e-30
70,85,6.528799635149108e-31
70,86,2.1132799556673784e-30
70,87,1.7569063065869562e-30
70,88,1.1728800122308916e-30
70,89,2.9404415980399128e-30
70,90,1.4778512573566555e-30
70,91,2.8095945991435626e-30
70,92,8.238373909299915e-31
70,93,2.0653545511029893e-30
70,94,1.250451123809863e-30
70,95,1.2972938498071909e-30
70,96,1.3996737700248787e-30
70,97,5.148582815953756e-31
70,98,7.8593497937462e-31
70,99,1.2906907872760081e-30
70,100,1.0361798212527492e-30
70,101,1.841835583010687e-30
70,102,1.3261266682382144e-30
70,103,1.523260603543537e-30
70,104,7.943245467647235e-31
70,105,0.0
70,106,2.0906684075723333e-30
70,107,1.7111211832180308e-30
70,108,3.23278181869502e-16
70,109,1.073361415852684e-30
70,110,2.567033832512092e-30
70,111,1.3747498839199037e-30
70,112,1.6803017209438713e-30
70,113,3.278230783686859e-30
70,114,1.714917600760519e-30
70,115,2.0386611557702225e-30
70,116,2.557066044493667e-30
70,117,1.9659504094626666e-30
70,118,1.299568752361992e-30
70,119,2.4783056564059416e-30
70,120,1.4793592928640059e-30
70,121,1.4145338325023677e-30
70,122,4.299188013778707e-31
70,123,1.6381536399291468e-30
70,124,1.77475994995217e-30
70,125,2.523437794292455e-30
70,126,1.0094596119689919e-30
70,127,1.9613018488988182e-30
70,128,1.3628437006208154e-15
70,129,2.5838151361035525e-30
70,130,1.826051473114543e-30
70,131,1.3855491953706101e-30
70,132,1.6231349830408773e-30
70,133,1.4548050058196404e-30
70,134,7.807935763013621e-31
70,135,1.0066997239736044e-30
70,136,3.58490282773219e-30
70,137,3.1840437154796435e-30
70,138,1.0532971820572775e-15
70,139,1.5192412247982781e-30
70,140,8.407100489017464e-31
70,141,1.886614251785907e-30
70,142,1.7933654618064342e-30
70,143,1.2634378451718185e-30
70,144,7.938408006487279e-31
70,145,1.4708848083408371e-30
70,146,2.385480399776948e-30
70,147,1.0784066319771988e-30
70,148,2.7574552559497817e-30
70,149,3.242404476551637e-30
71,72,3.525656212274418e-30
71,73,1.3572605320952858e-30
71,74,2.572060987899552e-30
71,75,1.8527547951477938e-30
71,76,2.0250745449929858e-30
71,77,1.1495698146712227e-30
71,78,1.5357810060604165e-30
71,79,1.5407612154497267e-30
71,80,7.149075466516396e-31
71,81,5.717228568701864e-31
71,82,7.896633543691618e-31
71,83,6.074197506547565e-31
71,84,2.8015429043851557e-30
71,85,4.9475430181465425e-31
71,86,2.7405805020394786e-30
71,87,1.6021336100851932e-30
71,88,1.4795612979511972e-30
71,89,3.3911150684768056e-30
71,90,2.0485221101419585e-30
71,91,3.2618247436623724e-30
71,92,5.3560605757177175e-31
71,93,2.372259818865596e-30
71,94,1.2450697285199793e-30
71,95,1.3917686387685978e-30
71,96,1.5314994151932679e-30
71,97,5.541464842783278e-31
71,98,9.267471684921932e-31
71,99,1.0121785510303595e-30
71,100,1.180193696928434e-30
71,101,1.0769020526086763e-30
71,102,1.4125829403657854e-30
71,103,1.2981245635183726e-30
71,104,7.565222845917601e-31
71,105,0.0
71,106,2.4033127744003363e-30
71,107,1.9705942288863603e-30
71,108,2.5133742693021447e-16
71,109,1.2794243547519898e-30
71,110,3.015793141707392e-30
71,111,1.3369989721536233e-30
71,112,1.809874744755786e-30
71,113,3.766327546696104e-30
71,114,2.0350210573257713e-30
71,115,1.7972211083508874e-30
71,116,1.1754266613804082e-30
71,117,2.3328517944344406e-30
71,118,1.5672767717764372e-30
71,119,2.8774065030327455e-30
71,120,1.8217922245677804e-30
71,121,1.4773647400975139e-30
71,122,2.111869937496821e-31
71,123,1.1923577381811168e-30
71,124,1.6370556671174903e-30
71,125,2.9881482120265557e-30
71,126,1.0736985418591673e-30
71,127,2.555245050694295e-30
71,128,1.6062302927977477e-15
71,129,3.0589655667169196e-30
71,130,1.0020608582074414e-30
71,131,8.210293814715095e-31
71,132,1.7672644652853705e-30
71,133,1.7404386411747486e-30
71,134,8.179521478937475e-31
71,135,1.3886831980353168e-30
71,136,4.0074998390250856e-30
71,137,2.695858669296591e-30
71,138,3.554447978966667e-16
71,139,8.106702539720137e-31
71,140,9.79157027321908e-31
71,141,2.3219660894920253e-30
71,142,2.133842759593591e-30
71,143,1.457681521740578e-30
71,144,7.304190738175322e-31
71,145,1.5270682464283236e-30
71,146,1.3091702163843643e-30
71,147,1.188002843698739e-30
71,148,3.0558098176863816e-30
71,149,3.561650210162016e-30
72,73,1.734723475976908e-18
72,74,3.705654682183506e-30
72,75,2.216714679891934e-30
72,76,3.461891163102013e-30
72,77,1.926244117544986e-30
72,78,1.7821899727967463e-30
72,79,1.7102178749584275e-30
72,80,1.1988257396843528e-30
72,81,1.2934700774395617e-30
72,82,1.4424656674007649e-30
72,83,1.2638688935574984e-30
72,84,4.479446641885666e-30
72,85,1.0467513961194164e-30
72,86,3.8815769814103216e-30
72,87,1.7812378384813118e-30
72,88,2.1089782997459904e-30
72,89,5.428322483709359e-30
72,90,2.1874887203785264e-30
72,91,4.603013470999464e-30
72,92,6.973715614545955e-31
72,93,3.1510935835266668e-30
72,94,2.1249971658951246e-30
72,95,2.463835042081387e-30
72,96,2.4321316608304353e-30
72,97,8.379856955017694e-31
72,98,1.3471302882505697e-30
72,99,1.7579044008694144e-30
72,100,1.598681758158958e-30
72,101,2.1891031813167928e-30
72,102,2.2203314762159325e-30
72,103,1.248554112844529e-30
72,104,1.1398679949997183e-30
72,105,0.0
72,106,3.744441835479444e-30
72,107,3.022409932691873e-30
72,108,3.0090827635019126e-16
72,109,2.032024924693915e-30
72,110,4.035981416204368e-30
72,111,2.505202182678695e-30
72,112,2.028226985877392e-30
72,113,5.5258709378660174e-30
72,114,3.0474115644853078e-30
72,115,2.137789892456444e-30
72,116,3.8155343694354034e-30
72,117,3.678204738965347e-30
72,118,2.103225760022398e-30
72,119,4.671416926735667e-30
72,120,2.4575699441910656e-30
72,121,2.707877779698999e-30
72,122,5.657654673279417e-31
72,123,1.016107477177678e-30
72,124,1.806484851806103e-30
72,125,4.443860743055784e-30
72,126,1.7992109755089176e-30
72,127,3.545982847549472e-30
72,128,2.292860870003636e-15
72,129,4.0686736475709485e-30
72,130,2.0107681626786087e-30
72,131,1.4841558491208993e-30
72,132,2.5601093745324193e-30
72,133,2.576997922823747e-30
72,134,1.459482225211683e-30
72,135,1.974625083429175e-30
72,136,5.578923639970898e-30
72,137,6.0058191207541624e-30
72,138,9.531322860796693e-16
72,139,2.2448528820953038e-30
72,140,1.5477492004677832e-30
72,141,3.3537391222821475e-30
72,142,3.238883834704492e-30
72,143,1.6681157089324494e-30
72,144,1.3777773729122355e-30
72,145,1.9955139459709235e-30
72,146,2.894099710228567e-30
72,147,2.254606755048207e-30
72,148,5.0104131359309974e-30
72,149,4.238209982834616e-30
73,74,1.1443916996305613e-16
73,75,5.807568178771688e-16
73,76,2.7274907205384035e-16
73,77,1.5920534161825095e-30
73,78,7.4351140684374235e-31
73,79,3.4042263172240855e-16
73,80,6.038903006230033e-31
73,81,7.402754827281135e-31
73,82,1.2286220097635055e-30
73,83,4.603400531700159e-31
73,84,1.0865532960581891e-15
73,85,3.143961191942997e-31
73,86,8.773703642815733e-31
73,87,1.1682379489283782e-30
73,88,4.737418034795203e-31
73,89,2.22156067763831e-16
73,90,1.5944364291470375e-16
73,91,2.0027402274142835e-30
73,92,4.1450581104147655e-31
73,93,5.453105385130472e-16
73,94,3.531003961690907e-16
73,95,1.1802229564251344e-30
73,96,1.5342482360894288e-30
73,97,6.177637268430942e-31
73,98,4.917082870351778e-31
73,99,1.304631114366937e-30
73,100,8.307832028329419e-31
73,101,1.2789278238668897e-15
73,102,4.577566798522241e-16
73,103,1.1341638784722071e-30
73,104,6.48772092688211e-31
73,105,0.0
73,106,1.7075240289686676e-30
73,107,1.3271600023843537e-30
73,108,9.07250882691179e-16
73,109,1.534251484128513e-30
73,110,1.625580082106263e-30
73,111,1.5538541372974317e-30
73,112,1.0379301809748701e-30
73,113,3.094837107551695e-30
73,114,1.3418938996311474e-30
73,115,5.207176413810257e-16
73,116,1.1432212061798585e-30
73,117,1.2521039275725391e-30
73,118,1.007658618943452e-30
73,119,1.782367250238572e-30
73,120,3.2011171503641266e-16
73,121,1.228545378213083e-30
73,122,2.1318979720993415e-31
73,123,8.792621065873402e-31
73,124,3.8584243507050063e-16
73,125,1.5189249664983248e-30
73,126,7.221975685647098e-31
73,127,1.432225939146247e-30
73,128,8.54364960649086e-16
73,129,1.4828907842723902e-30
73,130,1.4220500840710912e-16
73,131,4.336115287219406e-16
73,132,1.3220614063258544e-30
73,133,1.415262216750919e-16
73,134,6.312868242542475e-16
73,135,4.822851053253431e-16
73,136,6.588444592180095e-16
73,137,1.4010399974182137e-30
73,138,4.904102201129352e-16
73,139,6.5333713548261745e-31
73,140,5.150430734331976e-31
73,141,4.715896599246962e-16
73,142,1.3420987284490076e-30
73,143,7.175976440414119e-31
73,144,7.245165584062895e-16
73,145,1.3403449422077913e-30
73,146,4.450639221283021e-16
73,147,2.731184251539032e-16
73,148,2.492703923790587e-30
73,149,1.9651392331477752e-30
74,75,1.576768315182182e-30
74,76,2.0438336357907576e-30
74,77,1.2709433392714845e-30
74,78,1.3999362587567435e-30
74,79,1.3503748121934835e-30
74,80,7.637071555370921e-31
74,81,5.4940374590756975e-31
74,82,7.4421122701101046e-31
74,83,7.694227649173185e-31
74,84,2.8848022495561176e-30
74,85,4.834920454873785e-31
74,86,2.5723408374174376e-30
74,87,1.4071871568588992e-30
74,88,1.4130326014663854e-30
74,89,3.506910107473944e-30
74,90,1.7820624843804753e-30
74,91,3.232468587476773e-30
74,92,4.524887459604031e-31
74,93,2.298568856759925e-30
74,94,1.182584121227298e-30
74,95,1.4598895971115273e-30
74,96,1.629759520068108e-30
74,97,5.8425610204191305e-31
74,98,9.231719532049663e-31
74,99,9.913434110593518e-31
74,100,1.1209520346887158e-30
74,101,1.0451364417553433e-30
74,102,1.5048724553968961e-30
74,103,1.1386508008269172e-30
74,104,6.926105146019408e-31
74,105,0.0
74,106,2.434406806814606e-30
74,107,2.0315832350764497e-30
74,108,4.434924977612884e-16
74,109,1.2983293963202563e-30
74,110,2.9113425812044164e-30
74,111,1.5322846220604484e-30
74,112,1.6525842248705867e-30
74,113,3.8288671325488936e-30
74,114,2.0355658853618046e-30
74,115,1.6102208672171888e-30
74,116,1.7175580205046917e-30
74,117,2.3767479064265786e-30
74,118,1.455916251796088e-30
74,119,2.9784978179944978e-30
74,120,1.658427293676601e-30
74,121,1.6118840027341698e-30
74,122,2.5237027555630273e-31
74,123,9.888178067691199e-31
74,124,1.4793554281947127e-30
74,125,2.9934301676497655e-30
74,126,1.148883436684535e-30
74,127,2.414192694836695e-30
74,128,1.5906875120324379e-15
74,129,2.9178716275654052e-30
74,130,9.24503444519145e-31
74,131,8.330844475186365e-31
74,132,1.7627863527217745e-30
74,133,1.72427566180666e-30
74,134,9.399106194313478e-31
74,135,1.2724754413951516e-30
74,136,3.9142676713708156e-30
74,137,3.1642789279869895e-30
74,138,3.966717490021651e-16
74,139,1.0733347582441554e-30
74,140,1.0072106152488005e-30
74,141,2.2465537516537786e-30
74,142,2.162005207423429e-30
74,143,1.3138580872970006e-30
74,144,7.91265651777149e-31
74,145,1.4812957126348055e-30
74,146,1.4601446116802067e-30
74,147,1.194656266306083e-30
74,148,3.2813896869712265e-30
74,149,3.2929632154651164e-30
75,76,2.132821702799414e-30
75,77,9.328618367433667e-31
75,78,1.3565284395317394e-30
75,79,2.0671861280850434e-30
75,80,6.484995061525476e-31
75,81,2.07338842628335e-30
75,82,1.944909156699399e-30
75,83,1.1763006795305029e-30
75,84,1.8713696286790787e-30
75,85,1.00660161643495e-30
75,86,1.824138857371717e-30
75,87,2.8313067921216467e-30
75,88,9.374855304068005e-31
75,89,2.1572910713189516e-30
75,90,1.919254624981845e-30
75,91,1.985878005736378e-30
75,92,1.220348385665716e-30
75,93,1.7621340748073275e-30
75,94,2.553939863269381e-30
75,95,2.0950590101575627e-30
75,96,1.011079402332407e-30
75,97,4.102116995457123e-31
75,98,5.375991037066782e-31
75,99,5.442169625612524e-16
75,100,1.0853853932742432e-30
75,101,1.1507092913315758e-15
75,102,1.5509152010324155e-30
75,103,2.1160651946923918e-30
75,104,1.133587610306503e-30
75,105,0.0
75,106,2.1383569856197804e-30
75,107,1.1048390105195178e-30
75,108,7.357032935102887e-16
75,109,1.2083318628370819e-30
75,110,1.8979672334084897e-30
75,111,2.1015163987507953e-30
75,112,1.630908545968844e-30
75,113,2.4097593340268037e-30
75,114,1.345846193355417e-30
75,115,3.000201089041953e-30
75,116,3.759667086456254e-30
75,117,1.429159164342673e-30
75,118,1.0718779851164174e-30
75,119,1.9284161410296536e-30
75,120,2.3124304650170917e-30
75,121,1.6387366788201407e-30
75,122,6.662060761181977e-31
75,123,1.3877788072512257e-16
75,124,2.2203133797841474e-30
75,125,1.7281334869731894e-30
75,126,1.7503657319133e-30
75,127,1.8210853310847893e-30
75,128,9.409879536923862e-16
75,129,2.0467533825551306e-30
75,130,2.941784922609817e-30
75,131,2.129410041546572e-30
75,132,2.01025197042266e-30
75,133,1.2972232083853895e-30
75,134,1.0637514839235082e-30
75,135,1.3650004588430308e-30
75,136,3.6707345416682807e-16
75,137,1.8385001004230517e-16
75,138,1.6379430014607513e-15
75,139,2.428207351949664e-30
75,140,5.774062759079843e-31
75,141,1.4118459079584803e-30
75,142,1.5005273600624361e-30
75,143,1.2500327240714326e-30
75,144,1.2369468044060293e-30
75,145,1.6718619468317298e-30
75,146,2.5018537765542036e-16
75,147,2.2870473646988786e-30
75,148,1.7765051994224497e-30
75,149,3.197395628310562e-30
76,77,9.703972558020283e-31
76,78,1.0538906824880773e-30
76,79,1.3003423374388979e-30
76,80,7.554689418828679e-31
76,81,1.7170033031471363e-30
76,82,1.5617990257400732e-30
76,83,1.0937939883577822e-30
76,84,2.5391005534286328e-30
76,85,9.534550819247914e-31
76,86,2.4966193676366417e-30
76,87,1.533202125152082e-30
76,88,1.3242477032558745e-30
76,89,3.287330003227617e-30
76,90,1.2609477982933019e-30
76,91,2.5516808121375286e-30
76,92,9.238239922162012e-31
76,93,1.737721338961011e-30
76,94,1.772348584296399e-30
76,95,1.9963595547295187e-30
76,96,1.3248846066088013e-30
76,97,4.218495662728953e-31
76,98,7.673468244099768e-31
76,99,1.7206575135397275e-30
76,100,9.470304487111742e-31
76,101,2.3673111597274528e-30
76,102,1.4851092580625047e-30
76,103,1.3343908911024983e-30
76,104,9.294312525743894e-31
76,105,0.0
76,106,2.2781366920029007e-30
76,107,1.718141540164079e-30
76,108,3.295791996826258e-16
76,109,1.2021606132963653e-30
76,110,2.2644929967260247e-30
76,111,1.9724802754932446e-30
76,112,1.2567298073978594e-30
76,113,2.90710364827684e-30
76,114,1.7950049930105222e-30
76,115,1.885163922301271e-30
76,116,3.7144145067122115e-30
76,117,2.218622901066362e-30
76,118,1.3050292218746161e-30
76,119,2.921989714326725e-30
76,120,1.6474002753364193e-30
76,121,1.7866424947403485e-30
76,122,5.93423129670468e-31
76,123,1.653550048343221e-30
76,124,1.4199947697149614e-30
76,125,2.579202498385664e-30
76,126,1.1911059158495378e-30
76,127,2.2505637978639346e-30
76,128,1.294285078963679e-15
76,129,2.3114070267926976e-30
76,130,2.431905691574422e-30
76,131,1.6093911732523764e-30
76,132,1.642193058280862e-30
76,133,1.572921797015683e-30
76,134,9.507709571295475e-31
76,135,1.3906861160764346e-30
76,136,3.3298483141801554e-30
76,137,4.868502627262914e-30
76,138,1.3429224847042376e-15
76,139,2.1498588333031306e-30
76,140,9.216585590120567e-31
76,141,1.957660991264421e-30
76,142,1.957234527359994e-30
76,143,9.595127472924875e-31
76,144,1.2512745796862191e-30
76,145,1.127169309041989e-30
76,146,3.130447002813843e-30
76,147,1.7168433596554364e-30
76,148,2.80572870153875e-30
76,149,2.4711664916821197e-30
77,78,6.094616227576373e-31
77,79,6.293650762035518e-31
77,80,4.717525263909257e-31
77,81,3.0642472378343024e-31
77,82,8.573414727118685e-31
77,83,4.0475807635755335e-31
77,84,1.6866619282743635e-30
77,85,2.9907171751322894e-31
77,86,9.378796789609092e-31
77,87,6.432108766020057e-31
77,88,5.233589317718647e-31
77,89,1.89641794123549e-30
77,90,6.539438350861041e-31
77,91,1.682109708379336e-30
77,92,2.6795727252189093e-31
77,93,1.1434482911535991e-30
77,94,6.7464524951623885e-31
77,95,7.707772974651617e-31
77,96,1.0885601677692359e-30
77,97,4.230967490712844e-31
77,98,4.503371507535237e-31
77,99,6.3223970616330475e-31
77,100,6.024369591421729e-31
77,101,6.7903637423029e-31
77,102,7.213172640178326e-31
77,103,6.454593624689977e-31
77,104,4.764902936663287e-31
77,105,0.0
77,106,1.3757438400953372e-30
77,107,1.0832340908799965e-30
77,108,3.257621071410373e-30
77,109,8.916600858721942e-31
77,110,1.3811703219712719e-30
77,111,1.0586288036595727e-30
77,112,7.604245683528205e-31
77,113,2.3418331980442563e-30
77,114,1.0936915291156806e-30
77,115,1.2088081712752079e-30
77,116,1.0481787996392765e-30
77,117,1.232343577193373e-30
77,118,7.421385552477008e-31
77,119,1.5577805683302653e-30
77,120,8.621492936816947e-31
77,121,9.961942864337694e-31
77,122,1.790238490695756e-31
77,123,4.229086473381087e-31
77,124,8.292180750802455e-31
77,125,1.4404302021364208e-30
77,126,6.124476354072913e-31
77,127,1.0540146322909179e-30
77,128,7.731808680624461e-16
77,129,1.3388283603843835e-30
77,130,4.719657594793563e-31
77,131,7.76808859052996e-31
77,132,9.917532969241887e-31
77,133,7.858012662008516e-31
77,134,6.212257542746389e-31
77,135,4.893568702924606e-31
77,136,1.9774760527407027e-30
77,137,1.519565124921968e-30
77,138,1.6653345369377343e-16
77,139,6.525629569880993e-31
77,140,4.992390831963213e-31
77,141,1.043659732313828e-30
77,142,1.0786168235111044e-30
77,143,5.353255092663275e-31
77,144,2.9846461260114146e-31
77,145,8.582379668874346e-31
77,146,8.914520471350012e-31
77,147,7.82693224859252e-31
77,148,2.0159914284618794e-30
77,149,1.5334827097521255e-30
78,79,1.1058217709934182e-30
78,80,4.030106789698243e-31
78,81,7.605108385861205e-31
78,82,7.506844465687093e-31
78,83,3.8695325869053202e-31
78,84,1.5208128715930149e-30
78,85,3.3454164642794183e-31
78,86,1.3340039086201355e-30
78,87,1.2419802139452187e-30
78,88,7.4458287759810815e-31
78,89,1.8148045953725937e-30
78,90,1.1059396959176058e-30
78,91,1.8528983075054163e-30
78,92,5.402178752827895e-31
78,93,1.4015046790916845e-30
78,94,8.177044557991925e-31
78,95,8.46881549929866e-31
78,96,8.54343725182257e-31
78,97,3.2791485808965488e-31
78,98,5.042676718514438e-31
78,99,8.27194877557662e-31
78,100,7.444518437846113e-31
78,101,1.0678875223499121e-30
78,102,7.89316907107147e-31
78,103,1.0866813033373207e-30
78,104,5.147034594360006e-31
78,105,0.0
78,106,1.4130008901114676e-30
78,107,1.0550669258397237e-30
78,108,2.6877801247204403e-30
78,109,7.005656649787559e-31
78,110,1.7362595783141798e-30
78,111,8.849824545407413e-31
78,112,1.216634038599045e-30
78,113,2.1576087024984023e-30
78,114,1.139468996632887e-30
78,115,1.4132148000603439e-30
78,116,1.097891232834058e-30
78,117,1.173876531817691e-30
78,118,8.762609563601084e-31
78,119,1.480759858077293e-30
78,120,9.431553099588133e-31
78,121,7.889964254500523e-31
78,122,2.261017542112656e-31
78,123,1.1284663115621795e-30
78,124,1.2844310076375501e-30
78,125,1.5792031025015877e-30
78,126,5.5964858622058105e-31
78,127,1.2763193042322797e-30
78,128,8.83395049491284e-16
78,129,1.77667540601039e-30
78,130,1.1116299244610897e-30
78,131,8.825893825997613e-31
78,132,1.175787510382336e-30
78,133,9.308926224929948e-31
78,134,4.061195810706571e-31
78,135,6.928553305765474e-31
78,136,2.4676527861136616e-30
78,137,1.210435069521951e-30
78,138,6.004449063730073e-16
78,139,7.0055457205771905e-31
78,140,4.946532014176587e-31
78,141,1.2609668108298652e-30
78,142,1.166828014302856e-30
78,143,9.220985126981377e-31
78,144,4.340379747270334e-31
78,145,1.0642018174064861e-30
78,146,1.3054759222230617e-30
78,147,6.528307318838036e-31
78,148,1.5975786125935992e-30
78,149,2.342589316458438e-30
79,80,4.26496524951359e-31
79,81,1.3429388173316204e-30
79,82,1.2901763375033214e-30
79,83,6.792464740641371e-31
79,84,1.4383864186044152e-30
79,85,6.032317731232669e-31
79,86,1.2870919266205822e-30
79,87,1.7010930257727392e-30
79,88,7.115091711630909e-31
79,89,1.712250609778913e-30
79,90,1.29825597442061e-30
79,91,1.7820718692549263e-30
79,92,8.27385733663281e-31
79,93,1.42998053234091e-30
79,94,1.399119442979266e-30
79,95,1.1480274496544297e-30
79,96,8.228366876386091e-31
79,97,3.271823161948354e-31
79,98,4.78236267548391e-31
79,99,1.31690259871373e-30
79,100,8.396455688084538e-31
79,101,1.1145513959121687e-16
79,102,9.448329820025369e-31
79,103,1.4493713100058327e-30
79,104,8.663482310793323e-31
79,105,0.0
79,106,1.5056409884226647e-30
79,107,9.963089319755944e-31
79,108,4.228742074616929e-16
79,109,6.554496266666244e-31
79,110,1.6960434267397045e-30
79,111,1.3584782056260842e-30
79,112,1.342016388241128e-30
79,113,2.0517213993002516e-30
79,114,1.1310611059624477e-30
79,115,1.9858075072869546e-30
79,116,2.291797135374487e-30
79,117,1.1169528431913473e-30
79,118,8.448204526635372e-31
79,119,1.3942162809511874e-30
79,120,1.141404277700307e-30
79,121,1.0448963534519174e-30
79,122,4.143675741635311e-31
79,123,1.614744016150388e-30
79,124,1.5533070204620622e-30
79,125,1.488056763583681e-30
79,126,6.153159464208005e-31
79,127,1.261565729865564e-30
79,128,8.401292837602227e-16
79,129,1.7794378018152117e-30
79,130,1.8523453974418044e-30
79,131,1.3546898060762878e-30
79,132,1.4377890800854622e-30
79,133,8.918682407643815e-31
79,134,4.989712724398759e-31
79,135,7.8442425747081945e-31
79,136,2.577368822979077e-30
79,137,2.4086032088076586e-30
79,138,1.0566787223752774e-15
79,139,1.3474130768118087e-30
79,140,4.715736904857119e-31
79,141,1.2085298266284819e-30
79,142,1.1654290463697845e-30
79,143,1.013108475222477e-30
79,144,7.673887635982477e-31
79,145,1.244392370000505e-30
79,146,2.36880226412991e-30
79,147,1.118755246875483e-30
79,148,1.5339545906463744e-30
79,149,2.5893523718007996e-30
80,81,5.169961566686121e-31
80,82,4.7249020412783605e-31
80,83,3.24900324289827e-31
80,84,9.507365706728348e-31
80,85,2.7949785354975537e-31
80,86,7.399271257366068e-31
80,87,5.267185371298448e-31
80,88,4.029274652437171e-31
80,89,1.1375945576082724e-30
80,90,4.1117630923813005e-31
80,91,9.815604024714387e-31
80,92,2.8141803094329e-31
80,93,6.739497962003871e-31
80,94,5.281072919267595e-31
80,95,5.582293576379981e-31
80,96,5.441639101712326e-31
80,97,2.0158141536246327e-31
80,98,2.7752531915760956e-31
80,99,5.096075270696673e-31
80,100,3.386091835278224e-31
80,101,7.1960455494504895e-31
80,102,4.55218268794975e-31
80,103,4.647382069449273e-31
80,104,2.923536715003125e-31
80,105,0.0
80,106,7.986505645985271e-31
80,107,6.28445025254212e-31
80,108,1.7186435694255315e-30
80,109,4.383216273422025e-31
80,110,8.466973257330621e-31
80,111,6.0089493786319285e-31
80,112,5.019829757566378e-31
80,113,1.2378091314649804e-30
80,114,6.36171810082191e-31
80,115,6.159727396351636e-31
80,116,1.1058183738671554e-30
80,117,7.639942750869615e-31
80,118,4.366935439810529e-31
80,119,9.740272134870696e-31
80,120,4.935929336044086e-31
80,121,6.02631306729787e-31
80,122,1.7558623593395786e-31
80,123,5.3388025818880135e-31
80,124,5.5186060000408845e-31
80,125,9.077096741635031e-31
80,126,3.791905834607132e-31
80,127,6.8278282538921875e-31
80,128,4.742874840267546e-16
80,129,8.403013297919376e-31
80,130,7.362636386160012e-31
80,131,4.8021744323774645e-31
80,132,5.456973583328138e-31
80,133,5.154774881944557e-31
80,134,3.3157473656173924e-31
80,135,4.089067103814913e-31
80,136,1.1740104345790088e-30
80,137,1.4470503501831187e-30
80,138,4.041272810440261e-16
80,139,6.322217353031259e-31
80,140,3.1821491863327622e-31
80,141,6.716378928341324e-31
80,142,6.5960721430796095e-31
80,143,3.6360416995635456e-31
80,144,3.575276581209782e-31
80,145,4.829120993434316e-31
80,146,9.309774482190326e-31
80,147,5.287521229045783e-31
80,148,1.0885759975850977e-30
80,149,9.750947091701253e-31
81,82,1.3807884078001154e-30
81,83,8.908107394032697e-31
81,84,1.1986308916095575e-30
81,85,7.365395875254435e-31
81,86,9.803628184735008e-31
81,87,1.5844622171735207e-30
81,88,5.370929121521379e-31
81,89,1.697820331146402e-30
81,90,1.1225702787409853e-30
81,91,6.149760888553745e-31
81,92,9.025715141881629e-31
81,93,6.7862535492558435e-31
81,94,1.4769122707001378e-30
81,95,1.5339545819828258e-30
81,96,5.819661250911026e-31
81,97,1.8638255418426947e-31
81,98,1.7221600637142826e-31
81,99,1.5573200690293675e-30
81,100,7.801393662586523e-31
81,101,2.254028049062091e-30
81,102,1.0812427476400193e-30
81,103,1.3927798695170596e-30
81,104,9.045721528921732e-31
81,105,0.0
81,106,1.504111526628119e-30
81,107,5.537657358117724e-31
81,108,2.486410323534198e-16
81,109,6.948836072481914e-31
81,110,6.201797865820893e-31
81,111,1.721008006213251e-30
81,112,8.853423650590582e-31
81,113,8.305245540438621e-31
81,114,1.0346695164666137e-30
81,115,1.9111442933059207e-30
81,116,2.9853162162075642e-30
81,117,7.315739292386529e-31
81,118,3.2501710659135434e-31
81,119,1.4742653341518758e-30
81,120,7.238955002308668e-31
81,121,1.2472260425496458e-30
81,122,5.107412320801851e-31
81,123,1.6888890305575744e-30
81,124,1.457146080140356e-30
81,125,6.211920027227591e-31
81,126,7.608281042535257e-31
81,127,1.1524141332607764e-30
81,128,2.820299748310325e-16
81,129,9.250539445266716e-31
81,130,2.2692210302307355e-30
81,131,1.5063358874693565e-30
81,132,1.5058745609964293e-30
81,133,7.940274110845094e-31
81,134,5.008069926404388e-31
81,135,9.894234883876689e-31
81,136,2.2429755588033676e-30
81,137,3.4049046206036134e-30
81,138,1.2628024366276095e-15
81,139,1.7571824815794687e-30
81,140,2.680008851271338e-31
81,141,8.754051597006007e-31
81,142,1.2573672184115189e-30
81,143,7.235083219193785e-31
81,144,9.617526549292517e-31
81,145,1.1787638575555216e-30
81,146,2.775049705804408e-30
81,147,1.175332316448383e-30
81,148,8.20691145478873e-31
81,149,1.8709877772281482e-30
82,83,8.034584508860296e-31
82,84,1.3286914085672995e-30
82,85,7.485011571859137e-31
82,86,6.934115229681089e-31
82,87,1.4003066004887976e-30
82,88,3.614930899776948e-31
82,89,1.6527366255768083e-30
82,90,8.44934201398526e-31
82,91,8.716958025389637e-31
82,92,8.555154993927553e-31
82,93,7.130450233472267e-31
82,94,1.4188685811153984e-30
82,95,1.263111524453544e-30
82,96,6.930439212611604e-31
82,97,2.6480229270625606e-31
82,98,2.3805267972052673e-31
82,99,1.409902018183984e-30
82,100,7.146293873740905e-31
82,101,2.0151626073395416e-30
82,102,9.141069190250422e-31
82,103,1.2938247452843633e-30
82,104,9.226598404879529e-31
82,105,0.0
82,106,1.5251571358845163e-30
82,107,7.378786035812506e-31
82,108,1.1548621071314731e-16
82,109,7.022783704253775e-31
82,110,7.56862313991282e-31
82,111,1.5129715977867938e-30
82,112,8.259670022631987e-31
82,113,1.331046718027992e-30
82,114,1.098320254549263e-30
82,115,1.9409986834750498e-30
82,116,2.839613760016693e-30
82,117,1.01778997316783e-30
82,118,4.539167905681859e-31
82,119,1.4592599057325099e-30
82,120,9.834906057644009e-31
82,121,1.2540040760301192e-30
82,122,4.874389995515707e-31
82,123,1.522623100176346e-30
82,124,1.3252567716437545e-30
82,125,7.992766393448787e-31
82,126,6.4063861411313485e-31
82,127,7.184534013744065e-31
82,128,3.9836745275876656e-16
82,129,9.680730452606801e-31
82,130,1.9415264826171327e-30
82,131,1.5340820062495438e-30
82,132,1.3597047488033575e-30
82,133,7.13495977068056e-31
82,134,7.38377788805086e-31
82,135,8.735538007589164e-31
82,136,1.8573402682524848e-30
82,137,3.0122877512984226e-30
82,138,1.1474169730238042e-15
82,139,1.6637007720129534e-30
82,140,3.248595695471728e-31
82,141,6.817037573099214e-31
82,142,1.020124678878729e-30
82,143,6.7561241203387745e-31
82,144,9.023228979185434e-31
82,145,9.875637878273688e-31
82,146,2.7379774737939406e-30
82,147,1.3087686846424078e-30
82,148,1.4710340406364544e-30
82,149,1.74913547800825e-30
83,84,9.797869414637114e-31
83,85,4.576972572712749e-31
83,86,8.114786667893768e-31
83,87,8.475542138929034e-31
83,88,4.328497837963293e-31
83,89,1.2626143479458938e-30
83,90,5.461046330532542e-31
83,91,8.007613198259419e-31
83,92,4.892797593867011e-31
83,93,5.662941373514264e-31
83,94,8.855306502141202e-31
83,95,9.322841910097386e-31
83,96,4.8843895513206605e-31
83,97,1.6123538272893975e-31
83,98,2.471063952024012e-31
83,99,8.792069219395082e-31
83,100,4.213168742407683e-31
83,101,1.2497344668245423e-30
83,102,6.282214298936104e-31
83,103,7.637469397849586e-31
83,104,4.851898856590575e-31
83,105,0.0
83,106,9.403672403901974e-31
83,107,6.3072749716078325e-31
83,108,1.7002199131569053e-30
83,109,4.641854594998321e-31
83,110,6.918142267175524e-31
83,111,9.777348485088867e-31
83,112,4.802105912173134e-31
83,113,1.0148593040230445e-30
83,114,7.1299777009732865e-31
83,115,1.0046692421121518e-30
83,116,1.8143226587507675e-30
83,117,7.91418876166509e-31
83,118,3.0162536128683667e-31
83,119,1.1169892404017667e-30
83,120,5.432026868054259e-31
83,121,8.367118104548795e-31
83,122,2.990356571278609e-31
83,123,9.081512681218958e-31
83,124,8.008557186135569e-31
83,125,8.50949678870889e-31
83,126,4.797600296433878e-31
83,127,7.7254463784477325e-31
83,128,4.088651601357248e-16
83,129,6.929174182582299e-31
83,130,1.2705563978897838e-30
83,131,8.504699745337112e-31
83,132,8.198161450584798e-31
83,133,5.905804306817079e-31
83,134,4.101460024105948e-31
83,135,6.150878268345551e-31
83,136,1.2239413880510533e-30
83,137,2.199856358558427e-30
83,138,7.021666937153392e-16
83,139,1.047242946803859e-30
83,140,3.1809553580460143e-31
83,141,6.713377175729654e-31
83,142,8.085802914918375e-31
83,143,3.7078431168919506e-31
83,144,5.85242036796932e-31
83,145,5.881643768312214e-31
83,146,1.5822777324004437e-30
83,147,7.96660260940251e-31
83,148,1.0603767796797276e-30
83,149,9.812380953637715e-31
84,85,8.23873250246393e-31
84,86,2.934502159372641e-30
84,87,1.7454683180502025e-30
84,88,1.606987162547923e-30
84,89,4.284095617075952e-30
84,90,1.7259714287668047e-30
84,91,3.737187398975992e-30
84,92,6.519236905991049e-31
84,93,2.5513924183247905e-30
84,94,1.920050193706163e-30
84,95,1.893251271569406e-30
84,96,2.0017024186469376e-30
84,97,7.253487211662986e-31
84,98,1.0681310296100527e-30
84,99,1.6963673527100107e-30
84,100,1.2918313815993768e-30
84,101,3.827257626273923e-16
84,102,1.5057858685015851e-30
84,103,1.2778628716585247e-30
84,104,9.124586158546237e-31
84,105,0.0
84,106,3.0718264233763188e-30
84,107,2.383641267505474e-30
84,108,4.88896658978775e-16
84,109,1.7625240952424172e-30
84,110,3.2760651657223906e-30
84,111,1.9682172425674097e-30
84,112,1.810444217262755e-30
84,113,4.690907421166803e-30
84,114,2.39750624730081e-30
84,115,1.8284344772669376e-30
84,116,3.0695578321897162e-30
84,117,2.848507173934193e-30
84,118,1.720026083223874e-30
84,119,3.6268642322503474e-30
84,120,1.8007743366747032e-30
84,121,2.1447644692123743e-30
84,122,4.643109720744954e-31
84,123,1.2755094343966219e-30
84,124,1.8365442924356324e-30
84,125,3.490421408115108e-30
84,126,1.307666611418945e-30
84,127,2.644269846509085e-30
84,128,1.8289777903157652e-15
84,129,3.277840116539594e-30
84,130,1.8230190700675105e-30
84,131,1.3579127430147234e-30
84,132,2.0442386120694848e-30
84,133,1.96133800273528e-30
84,134,1.1289460811953698e-30
84,135,1.5425883236097186e-30
84,136,4.4402511833997674e-30
84,137,4.552951805057219e-30
84,138,9.4465847782774e-16
84,139,1.671440750784484e-30
84,140,1.2033782386162559e-30
84,141,2.8019309858144144e-30
84,142,2.504138865378033e-30
84,143,1.4203770682045498e-30
84,144,1.0241194859776163e-30
84,145,1.7271168351849146e-30
84,146,2.4518598498527145e-30
84,147,2.0709193223655306e-30
84,148,4.0085691467527334e-30
84,149,3.628207952411525e-30
85,86,7.080010200140906e-31
85,87,6.894468897348086e-31
85,88,3.6702643011121353e-31
85,89,1.058968223404475e-30
85,90,3.8585916496875563e-31
85,91,6.28841539567884e-31
85,92,4.252737445052624e-31
85,93,4.132226209129506e-31
85,94,7.955919107550512e-31
85,95,8.156001948360662e-31
85,96,3.7280383531551496e-31
85,97,1.0594962208021088e-31
85,98,1.9817478200854887e-31
85,99,7.494539399701063e-31
85,100,3.6034227100520444e-31
85,101,1.0771291828557548e-30
85,102,5.217623623149851e-31
85,103,6.243912469608361e-31
85,104,4.224500871812891e-31
85,105,0.0
85,106,8.615702371161293e-31
85,107,4.591223284830539e-31
85,108,1.6221910917193536e-30
85,109,3.9302303822952618e-31
85,110,5.440248932993768e-31
85,111,8.09913463058353e-31
85,112,3.7737840325649406e-31
85,113,7.195743097979226e-31
85,114,5.807591924153029e-31
85,115,8.798602747935298e-31
85,116,1.5662462957755807e-30
85,117,6.597271701798474e-31
85,118,3.770462533612513e-31
85,119,9.614817693797398e-31
85,120,5.387939300566698e-31
85,121,6.504780380011516e-31
85,122,2.608769486939304e-31
85,123,7.571940355846134e-31
85,124,6.328759610713242e-31
85,125,6.879481099010597e-31
85,126,4.114467638794165e-31
85,127,6.290521420874553e-31
85,128,3.236828524569468e-16
85,129,5.770018684151104e-31
85,130,1.0437539486636312e-30
85,131,7.653596878625041e-31
85,132,6.97558563524331e-31
85,133,4.625544056270445e-31
85,134,3.7105343428036375e-31
85,135,4.923917302194156e-31
85,136,1.0698674269812125e-30
85,137,1.856013132706118e-30
85,138,5.978733960281811e-16
85,139,9.082665461866737e-31
85,140,2.614729197631576e-31
85,141,5.525325983846695e-31
85,142,6.166217386737854e-31
85,143,3.02985722555273e-31
85,144,4.939701377948023e-31
85,145,4.7643579982569395e-31
85,146,1.394858598680053e-30
85,147,7.116144275382262e-31
85,148,8.084114117445973e-31
85,149,7.851883853649049e-31
86,87,1.3554683915094537e-30
86,88,1.683423953868713e-30
86,89,3.64266684412563e-30
86,90,2.0995763653031564e-30
86,91,3.134211577525465e-30
86,92,3.987086549124213e-31
86,93,2.230041656130787e-30
86,94,1.5095728780937924e-30
86,95,1.8054353831722897e-30
86,96,1.4737909002667615e-30
86,97,4.587611524757797e-31
86,98,9.428344106566423e-31
86,99,1.2088993083727891e-30
86,100,1.1403685747018311e-30
86,101,1.4493540009502255e-30
86,102,1.5699389524470344e-30
86,103,8.620330029265262e-31
86,104,6.776260077778423e-31
86,105,0.0
86,106,2.426401334756674e-30
86,107,2.0694603687332388e-30
86,108,1.249482677418492e-16
86,109,1.3986985624857628e-30
86,110,2.906707791898031e-30
86,111,1.4995134942797454e-30
86,112,1.489578928479487e-30
86,113,3.419003417844379e-30
86,114,2.1003976064174396e-30
86,115,1.637078464048749e-30
86,116,2.4207351457002143e-30
86,117,2.5554517205627046e-30
86,118,1.6289653694603696e-30
86,119,3.224966919861215e-30
86,120,2.0308187702378123e-30
86,121,1.6721719046067175e-30
86,122,3.572049741086602e-31
86,123,7.748807392489707e-31
86,124,1.2915511657957058e-30
86,125,3.135456152734285e-30
86,126,1.1930947391566528e-30
86,127,2.9085021027322363e-30
86,128,1.609404604879205e-15
86,129,2.9642889098415596e-30
86,130,1.5752080239194649e-30
86,131,7.071999546782709e-31
86,132,1.6427519067492803e-30
86,133,1.904249790743752e-30
86,134,8.495611575284491e-31
86,135,1.619036221464656e-30
86,136,3.924923520934153e-30
86,137,4.1933897630850434e-30
86,138,6.373214457958141e-16
86,139,1.4378081877206366e-30
86,140,1.072014612671953e-30
86,141,2.4681994767080444e-30
86,142,2.295322533700932e-30
86,143,1.3149976718330595e-30
86,144,1.045354392869421e-30
86,145,1.2864029870332977e-30
86,146,1.8035440982066533e-30
86,147,1.4170812374111023e-30
86,148,3.0989671312071514e-30
86,149,3.070164390148104e-30
87,88,7.456677493597334e-31
87,89,1.905919937456965e-30
87,90,1.3666021193246125e-30
87,91,1.932705224352971e-30
87,92,9.67167724934652e-31
87,93,1.5928850726798426e-30
87,94,2.024327286365934e-30
87,95,1.4888296619908349e-30
87,96,9.06268004136166e-31
87,97,3.758180419011411e-31
87,98,5.090700816914512e-31
87,99,1.8201220388936655e-30
87,100,9.678345260833001e-31
87,101,2.1198979858466225e-30
87,102,1.1737866986106445e-30
87,103,1.710231694126579e-30
87,104,8.132946774242197e-31
87,105,0.0
87,106,1.7535411530318588e-30
87,107,1.0572419120189191e-30
87,108,4.619448428525919e-16
87,109,9.806569337071069e-31
87,110,1.84460763171614e-30
87,111,1.649432086934629e-30
87,112,1.5276343910390518e-30
87,113,2.346214901483234e-30
87,114,1.2623544410878097e-30
87,115,2.4734625912600506e-30
87,116,2.667039726281053e-30
87,117,1.1602279452979498e-30
87,118,9.259942729021589e-31
87,119,1.4799531841708965e-30
87,120,1.2402867252094306e-30
87,121,1.0976315561569357e-30
87,122,4.881343821905523e-31
87,123,1.9263620109864274e-30
87,124,1.8914000769064666e-30
87,125,1.5684259072798805e-30
87,126,6.390922680145378e-31
87,127,1.2561149399398545e-30
87,128,8.96622165148644e-16
87,129,1.9374349756709056e-30
87,130,2.351778972005927e-30
87,131,1.565266041527653e-30
87,132,1.7078140453044848e-30
87,133,9.870531663388126e-31
87,134,5.400133001951661e-31
87,135,8.980522213550829e-31
87,136,3.008364591517281e-30
87,137,2.8631135271124097e-30
87,138,1.2549234699874883e-15
87,139,1.5270546857212822e-30
87,140,4.876594574174499e-31
87,141,1.3708775155325823e-30
87,142,1.3192609206327394e-30
87,143,1.1309494066970431e-30
87,144,9.634176658742364e-31
87,145,1.5199966857944119e-30
87,146,2.7188930358176786e-30
87,147,1.904904392170374e-30
87,148,1.5564022023947102e-30
87,149,2.9475898438101155e-30
88,89,1.979525397232136e-30
88,90,1.087903039921587e-30
88,91,1.732752150258968e-30
88,92,2.205240758985345e-31
88,93,1.230907383455159e-30
88,94,7.933498412914612e-31
88,95,9.59191161655753e-31
88,96,8.17642000194103e-31
88,97,2.619809196701967e-31
88,98,5.1595494649047575e-31
88,99,6.409144584544559e-31
88,100,6.207395780423999e-31
88,101,7.733874083127044e-31
88,102,8.518262969125376e-31
88,103,5.3001875654109196e-31
88,104,3.638699972804389e-31
88,105,0.0
88,106,1.3310732786280219e-30
88,107,1.131452778601597e-30
88,108,2.6037067725329602e-30
88,109,7.525508422968489e-31
88,110,1.5995782226851108e-30
88,111,8.063006644665738e-31
88,112,8.464243262712282e-31
88,113,1.9153990334008998e-30
88,114,1.1417876687131113e-30
88,115,8.613595139376018e-31
88,116,1.2803969669464693e-30
88,117,1.3806335945721094e-30
88,118,8.696711796250356e-31
88,119,1.7412237924798675e-30
88,120,1.0579262983541318e-30
88,121,9.03819573230186e-31
88,122,1.890140077721855e-31
88,123,4.842541575959065e-31
88,124,7.360787478662169e-31
88,125,1.707088438357507e-30
88,126,6.44301968038603e-31
88,127,1.5335849482669984e-30
88,128,8.827680350735886e-16
88,129,1.625913808462327e-30
88,130,8.384500875681103e-31
88,131,3.7165196177639987e-31
88,132,9.098049038573164e-31
88,133,1.0245070880322428e-30
88,134,4.579994234353327e-31
88,135,8.485327904911761e-31
88,136,2.151859548889751e-30
88,137,2.222453454812246e-30
88,138,3.554447978966667e-16
88,139,7.633504857112322e-31
88,140,5.816915514707127e-31
88,141,1.3341376814996078e-30
88,142,1.2417622622292553e-30
88,143,7.218449817442661e-31
88,144,5.5219980727944836e-31
88,145,7.292283788688701e-31
88,146,9.626003707543985e-31
88,147,7.419916072096669e-31
88,148,1.709139547487784e-30
88,149,1.721191509595377e-30
89,90,2.0377230720169865e-30
89,91,4.450877810671715e-30
89,92,9.1062551402372e-31
89,93,3.0640008203244492e-30
89,94,2.061822289015444e-30
89,95,2.3464331181128176e-30
89,96,2.3410659751363937e-30
89,97,8.314677544018368e-31
89,98,1.2838116983218299e-30
89,99,1.807206763613716e-30
89,100,1.5392078931193509e-30
89,101,2.4515040663735594e-30
89,102,2.050466973933598e-30
89,103,1.5910967760014076e-30
89,104,1.1143136509844558e-30
89,105,0.0
89,106,3.5672803724673686e-30
89,107,2.858565101671167e-30
89,108,2.6996025721077155e-16
89,109,1.939646009751945e-30
89,110,3.916024619173321e-30
89,111,2.4148771756135035e-30
89,112,2.1584259164591316e-30
89,113,5.396249268853012e-30
89,114,2.8831720166859308e-30
89,115,2.1123906288578135e-30
89,116,4.0982949763941255e-30
89,117,3.4749152678037634e-30
89,118,2.0469134752527088e-30
89,119,4.4046886056488025e-30
89,120,2.317548616035328e-30
89,121,2.574617285177844e-30
89,122,6.245782251337679e-31
89,123,1.7165477114803873e-30
89,124,2.101959769824509e-30
89,125,4.214598427299505e-30
89,126,1.6835071450187544e-30
89,127,3.322833880197999e-30
89,128,2.1938560671558713e-15
89,129,3.928733470160873e-30
89,130,2.455961494100322e-30
89,131,1.6123166276763243e-30
89,132,2.430218220366462e-30
89,133,2.4207024222196113e-30
89,134,1.3901559816709712e-30
89,135,1.860816973384157e-30
89,136,5.362970119839774e-30
89,137,5.91822786291649e-30
89,138,1.335379822832622e-15
89,139,2.3610200972680543e-30
89,140,1.460863265323424e-30
89,141,3.193066511279774e-30
89,142,3.040951196500503e-30
89,143,1.6688809543476876e-30
89,144,1.3974184958005722e-30
89,145,1.9999099471885398e-30
89,146,3.2623379748367975e-30
89,147,2.1502903211664667e-30
89,148,4.766575423671549e-30
89,149,4.3167601103727324e-30
90,91,2.0335990008829086e-30
90,92,6.143426632577792e-31
90,93,1.6324040966252557e-30
90,94,1.2166442229782345e-30
90,95,1.0084481042918545e-30
90,96,8.486685600981107e-31
90,97,3.3790616525911024e-31
90,98,5.869995016961741e-31
90,99,1.0374741175327325e-30
90,100,7.953489761449173e-31
90,101,1.3694813035765493e-30
90,102,1.1069055020977588e-30
90,103,1.2286021149135464e-30
90,104,7.973865810890644e-31
90,105,0.0
90,106,1.4865512173278576e-30
90,107,1.2463628551742144e-30
90,108,9.314673584975746e-16
90,109,1.0420537710190868e-30
90,110,1.9795990523644543e-30
90,111,1.216578047338848e-30
90,112,1.3108859542903513e-30
90,113,2.2804084222637963e-30
90,114,1.3309570842620168e-30
90,115,1.516561511666881e-30
90,116,1.679123396944701e-30
90,117,1.5089452472056574e-30
90,118,9.947228076288973e-31
90,119,1.856645217561357e-30
90,120,1.4559939559786371e-30
90,121,9.384785668826358e-31
90,122,2.9258573623387283e-31
90,123,1.255578413919725e-30
90,124,1.3128528763976103e-30
90,125,1.8978892693891253e-30
90,126,7.871561435507877e-31
90,127,2.07552575007935e-30
90,128,1.021385383988803e-15
90,129,2.0594243602899013e-30
90,130,1.5700859247450507e-30
90,131,9.913044479330693e-31
90,132,1.2477435498838506e-30
90,133,1.1815207942566014e-30
90,134,6.425712220659592e-31
90,135,1.3924872002754464e-30
90,136,2.533708525040539e-30
90,137,2.4230191844485257e-30
90,138,7.756677862503833e-16
90,139,9.660675501968749e-31
90,140,6.137346180058606e-31
90,141,1.5452739714281096e-30
90,142,1.4626004171213503e-30
90,143,1.103952426778503e-30
90,144,7.574985823564323e-31
90,145,1.091523366060216e-30
90,146,1.6225644650735523e-30
90,147,9.263174233671532e-31
90,148,1.7600999238712257e-30
90,149,2.5350376074992645e-30
91,92,6.381055643615373e-31
91,93,2.979475508979312e-30
91,94,1.543222701662732e-30
91,95,1.831825939458825e-30
91,96,2.1321525516397944e-30
91,97,7.870484181964968e-31
91,98,1.1793185146097517e-30
91,99,1.292353037582556e-30
91,100,1.4891201457717643e-30
91,101,1.2737024595881782e-30
91,102,1.7515113775993377e-30
91,103,1.5259441094928971e-30
91,104,8.819594075630068e-31
91,105,0.0
91,106,3.184513112090076e-30
91,107,2.5503080256375477e-30
91,108,2.7755575615627653e-17
91,109,1.7101811403743505e-30
91,110,3.774755783629773e-30
91,111,1.890750030994381e-30
91,112,2.2228123751310215e-30
91,113,5.078295436972912e-30
91,114,2.5914226002504326e-30
91,115,2.2068752170725203e-30
91,116,1.6163269523006764e-30
91,117,2.97763360792755e-30
91,118,1.942603799583404e-30
91,119,3.711710202662077e-30
91,120,2.083720387080604e-30
91,121,2.051945390775772e-30
91,122,2.881155260675464e-31
91,123,1.3716315910835664e-30
91,124,2.098310793526628e-30
91,125,3.793265244589874e-30
91,126,1.4012456712641484e-30
91,127,2.937685660237576e-30
91,128,2.040093811095319e-15
91,129,3.774850473540609e-30
91,130,1.2442498357760233e-30
91,131,1.2208115692167705e-30
91,132,2.3060608231306256e-30
91,133,2.1464584814227564e-30
91,134,1.1039577602756383e-30
91,135,1.499192019710065e-30
91,136,5.170902281028285e-30
91,137,3.499084153216644e-30
91,138,2.830524433501832e-16
91,139,1.128111474648051e-30
91,140,1.2589754402917149e-30
91,141,2.885304206761901e-30
91,142,2.688711548603861e-30
91,143,1.697359561799332e-30
91,144,8.19239831522667e-31
91,145,2.0098900730069867e-30
91,146,1.435870100765597e-30
91,147,1.581220396815223e-30
91,148,4.1571252573970926e-30
91,149,4.3955759734805314e-30
92,93,5.819064270056992e-31
92,94,8.396347357575852e-31
92,95,8.126249389763092e-31
92,96,3.22430927673792e-31
92,97,1.3661618521335032e-31
92,98,1.603421244104225e-31
92,99,8.837465295332544e-31
92,100,4.708495818212775e-31
92,101,1.2501393047044358e-30
92,102,5.578268090623548e-31
92,103,8.649625132533176e-31
92,104,5.0463234277841895e-31
92,105,0.0
92,106,8.872255760044801e-31
92,107,3.3825437763220923e-31
92,108,1.3962095722109224e-30
92,109,3.539204210763926e-31
92,110,6.193725474959017e-31
92,111,9.331397118418178e-31
92,112,6.451469532853302e-31
92,113,7.893580829172221e-31
92,114,6.057665470697391e-31
92,115,1.1677125452505919e-30
92,116,1.6516194146510716e-30
92,117,4.385467397086771e-31
92,118,2.8856386033377716e-31
92,119,7.7162614431239655e-31
92,120,4.6039900046606085e-31
92,121,6.71347247115949e-31
92,122,2.9044484002615607e-31
92,123,1.0166926954956332e-30
92,124,9.361208300291662e-31
92,125,4.913602384678249e-31
92,126,3.778567567600835e-31
92,127,4.969194734058447e-31
92,128,2.8305244335018374e-16
92,129,7.1691909724974625e-31
92,130,1.2748591591161726e-30
92,131,9.074239321726814e-31
92,132,8.825751948652516e-31
92,133,4.302616366747379e-31
92,134,3.2581814473303355e-31
92,135,5.3377269729981136e-31
92,136,1.3456629625490995e-30
92,137,1.758840329855104e-30
92,138,7.217783939387116e-16
92,139,9.750853904395687e-31
92,140,1.7102951920885782e-31
92,141,4.793551657679788e-31
92,142,6.537216728241338e-31
92,143,4.956729855782975e-31
92,144,5.363432929509866e-31
92,145,7.179221345492856e-31
92,146,1.590301396726353e-30
92,147,7.20332086238482e-31
92,148,5.994889948781423e-31
92,149,1.2907646689112044e-30
93,94,1.0900191335954796e-30
93,95,1.2961017487626212e-30
93,96,1.4689720257455564e-30
93,97,5.511758263080284e-31
93,98,8.284495956246725e-31
93,99,9.563412407873918e-31
93,100,1.0784906477054278e-30
93,101,2.2644662251490117e-16
93,102,1.2945746020297332e-30
93,103,1.3234219561256417e-30
93,104,6.574299926308067e-31
93,105,0.0
93,106,2.209281297139559e-30
93,107,1.776037853076604e-30
93,108,7.499284336785834e-16
93,109,1.1491443940611332e-30
93,110,2.711174491719818e-30
93,111,1.3199628045418778e-30
93,112,1.6964263236857083e-30
93,113,3.5363775763844236e-30
93,114,1.8166290212767146e-30
93,115,1.784377934410171e-30
93,116,1.323826475800192e-30
93,117,2.0579605562977753e-30
93,118,1.3631092679422258e-30
93,119,2.5473470804457336e-30
93,120,1.5565804224123422e-30
93,121,1.3612026881826077e-30
93,122,2.142877603014433e-31
93,123,1.280118922971722e-30
93,124,1.6786322018528067e-30
93,125,2.646289449908838e-30
93,126,9.889041674629121e-31
93,127,2.1272629228077184e-30
93,128,1.4389465880326188e-15
93,129,2.7224565069090947e-30
93,130,1.3051799511918649e-30
93,131,1.080506312237197e-30
93,132,1.682781298757446e-30
93,133,1.5173686014275353e-30
93,134,7.862379674079175e-31
93,135,1.1244038766314302e-30
93,136,3.706085578004587e-30
93,137,2.3824482105665403e-30
93,138,5.737084865119021e-16
93,139,7.774324414059497e-31
93,140,8.661256207008246e-31
93,141,2.033076572640987e-30
93,142,1.896155392699893e-30
93,143,1.2864078664662527e-30
93,144,5.705459719303053e-31
93,145,1.5000493665574303e-30
93,146,1.1961831694053695e-30
93,147,1.1672957646867129e-30
93,148,2.840661226936041e-30
93,149,3.303603287182244e-30
94,95,1.627737854021378e-30
94,96,8.149905724725885e-31
94,97,2.6958665010555178e-31
94,98,4.564411591390908e-31
94,99,3.353001051350941e-16
94,100,6.96957880841552e-31
94,101,2.1499376424746242e-16
94,102,1.1224988503906814e-30
94,103,1.345274906339055e-30
94,104,8.69656337215805e-31
94,105,0.0
94,106,1.8177693550859915e-30
94,107,1.019313522736998e-30
94,108,7.533574719126462e-16
94,109,9.476533150410556e-31
94,110,1.392582429793995e-30
94,111,1.542210510911595e-30
94,112,9.798467375776247e-31
94,113,1.8425425251956294e-30
94,114,1.1100736555188497e-30
94,115,2.0515290824043927e-30
94,116,2.9766755221102953e-30
94,117,1.3487427478089875e-30
94,118,8.388052854475398e-31
94,119,1.881462339113509e-30
94,120,1.1584627445140365e-30
94,121,1.2835056444730572e-30
94,122,5.017316156617903e-31
94,123,1.5598934247490791e-30
94,124,1.407082655241245e-30
94,125,1.5383587997733835e-30
94,126,7.678723397246542e-31
94,127,1.3286569634517326e-30
94,128,7.730582584830827e-16
94,129,1.4162481510987781e-30
94,130,2.1106707615552018e-30
94,131,1.4816594629582905e-30
94,132,1.3479707999207805e-30
94,133,9.25641995786301e-31
94,134,6.967646348526956e-31
94,135,9.688606445965397e-31
94,136,2.103503879759427e-30
94,137,3.535184349377981e-30
94,138,1.1690607696409448e-15
94,139,1.6230202935239953e-30
94,140,5.5488424826157495e-31
94,141,1.3006100551281793e-30
94,142,1.2033151570563078e-30
94,143,7.440405858882479e-31
94,144,9.954094404909278e-31
94,145,1.0188361828541428e-30
94,146,2.765775767346471e-30
94,147,1.8901512385446387e-30
94,148,1.7157745098126416e-30
94,149,1.9092001306491272e-30
95,96,9.649294288936587e-31
95,97,3.379610665362417e-31
95,98,5.445850296285855e-31
95,99,1.4797153049854878e-30
95,100,7.092396447919278e-31
95,101,2.165119841849045e-30
95,102,1.1423168517332821e-30
95,103,1.3710784830242784e-30
95,104,7.267124371962681e-31
95,105,0.0
95,106,1.7375891508366568e-30
95,107,1.2367981589092238e-30
95,108,4.61996954629266e-16
95,109,8.802615943649506e-31
95,110,1.6421961123743807e-30
95,111,1.5684917440067404e-30
95,112,1.0497200639165029e-30
95,113,2.1434486811130977e-30
95,114,1.2661368016030508e-30
95,115,1.6996993493958776e-30
95,116,3.0250279048752308e-30
95,117,1.5610411566015691e-30
95,118,9.135180489668831e-31
95,119,2.1160972274119426e-30
95,120,1.14446447838457e-30
95,121,1.293803837682799e-30
95,122,5.02903049022034e-31
95,123,1.581906143185849e-30
95,124,1.4653980264514553e-30
95,125,1.8243036007791813e-30
95,126,8.902386034444081e-31
95,127,1.627160508629398e-30
95,128,9.227424496649083e-16
95,129,1.6603588631931477e-30
95,130,2.150296163579032e-30
95,131,1.4557881670205332e-30
95,132,1.327890487251428e-30
95,133,1.1161038063199061e-30
95,134,6.8064066385477e-31
95,135,1.048194150013567e-30
95,136,2.456679343856883e-30
95,137,3.825416567625189e-30
95,138,1.1714201148076217e-15
95,139,1.7890052707781254e-30
95,140,6.529446748638021e-31
95,141,1.4212524848126062e-30
95,142,1.4054815932371843e-30
95,143,7.836352183291394e-31
95,144,9.839947807391199e-31
95,145,1.0599874350855357e-30
95,146,2.609474144097484e-30
95,147,1.29239778640604e-30
95,148,2.0010699066879696e-30
95,149,2.0199733499573705e-30
96,97,4.6276872522272765e-31
96,98,5.900500135104235e-31
96,99,6.937198499315778e-31
96,100,7.422773926812534e-31
96,101,7.7769566415592166e-31
96,102,9.044126886312757e-31
96,103,7.949356571168873e-31
96,104,4.932365452157024e-31
96,105,0.0
96,106,1.673013979796381e-30
96,107,1.3278886194562795e-30
96,108,1.1527756336890545e-16
96,109,9.591757478297959e-31
96,110,1.83448054849796e-30
96,111,1.1250861180950795e-30
96,112,1.0482534156756208e-30
96,113,2.744013168096655e-30
96,114,1.3341258832837394e-30
96,115,1.2459014941886555e-30
96,116,1.3577617976517817e-30
96,117,1.545074471212704e-30
96,118,9.424331193844012e-31
96,119,1.9484852197496226e-30
96,120,1.0076865559548526e-30
96,121,1.1545026877571824e-30
96,122,2.0060447824185007e-31
96,123,6.809537954697988e-31
96,124,1.0712138543944962e-30
96,125,1.9037540489175792e-30
96,126,7.507410366023044e-31
96,127,1.3945470701980112e-30
96,128,1.0150963838452878e-15
96,129,1.8106587843010255e-30
96,130,8.14022902010761e-31
96,131,7.644537538893107e-31
96,132,1.1962707648835757e-30
96,133,1.058775522733568e-30
96,134,6.580301729748117e-31
96,135,7.265402724080506e-31
96,136,2.5620387623893204e-30
96,137,2.174476382661581e-30
96,138,3.9667174900216503e-16
96,139,7.937691000056172e-31
96,140,6.500150230565453e-31
96,141,1.4104861950599872e-30
96,142,1.3674416511159938e-30
96,143,7.633941726655658e-31
96,144,4.893474193144664e-31
96,145,1.0504323564676343e-30
96,146,1.0634731084809836e-30
96,147,8.941708618868336e-31
96,148,2.308889407706017e-30
96,149,2.0823887201097647e-30
97,98,2.101445082891224e-31
97,99,2.6986097526582695e-31
97,100,2.829227270419027e-31
97,101,2.63858052459352e-31
97,102,3.161970460608131e-31
97,103,3.3694217149639668e-31
97,104,1.7577068333809982e-31
97,105,0.0
97,106,6.049631747632028e-31
97,107,4.7647501677870685e-31
97,108,1.3579042073882263e-30
97,109,3.670489288692111e-31
97,110,6.753594541627305e-31
97,111,4.336537379769138e-31
97,112,4.143083980025874e-31
97,113,1.043540531798678e-30
97,114,4.809648771405019e-31
97,115,5.105440619219404e-31
97,116,3.5212405727180244e-31
97,117,5.324140817292085e-31
97,118,3.4373323023650216e-31
97,119,6.7313172243311675e-31
97,120,3.6065771681845046e-31
97,121,4.048755199036578e-31
97,122,5.975588663058707e-32
97,123,2.9450843795437864e-31
97,124,4.406364247625013e-31
97,125,6.653001357778547e-31
97,126,2.640905958549983e-31
97,127,4.889660229863749e-31
97,128,3.6427540840452094e-16
97,129,6.565700459479249e-31
97,130,2.9207873693672954e-31
97,131,3.022883591931619e-31
97,132,4.595101065063675e-31
97,133,3.6542314719265455e-31
97,134,2.3805210017184224e-31
97,135,2.242113650606119e-31
97,136,9.598822400138694e-31
97,137,5.9250835745432685e-31
97,138,1.2118257228641678e-16
97,139,2.2052528947824587e-31
97,140,2.2221192412631516e-31
97,141,4.96298279748369e-31
97,142,4.909474834216514e-31
97,143,2.9384477340582875e-31
97,144,1.1667599799453853e-31
97,145,4.211166119597932e-31
97,146,2.765579474111797e-31
97,147,3.0638665881555127e-31
97,148,8.431779259788353e-31
97,149,8.068558897480071e-31
98,99,3.668891848244855e-31
98,100,4.118619045676598e-31
98,101,3.766895474246437e-31
98,102,5.144621879464475e-31
98,103,3.8431805122311243e-31
98,104,2.472988279720677e-31
98,105,0.0
98,106,9.007596612633925e-31
98,107,7.335370247230494e-31
98,108,1.84928027772417e-30
98,109,4.84028301281593e-31
98,110,1.0582996118331866e-30
98,111,5.33269249411853e-31
98,112,5.935968417388397e-31
98,113,1.395363807751953e-30
98,114,7.402155784534579e-31
98,115,5.770324959043811e-31
98,116,6.064002305563452e-31
98,117,8.704231106109012e-31
98,118,5.491272895381339e-31
98,119,1.0881827567338661e-30
98,120,6.076551451949462e-31
98,121,5.958838562506017e-31
98,122,9.282897603109115e-32
98,123,3.3780898779840484e-31
98,124,5.399815853822167e-31
98,125,1.0938171144270118e-30
98,126,4.087950905332116e-31
98,127,8.683126686686654e-31
98,128,5.797195660796453e-16
98,129,1.0625300100028567e-30
98,130,3.53900409990142e-31
98,131,3.1048576252414655e-31
98,132,6.33634516554053e-31
98,133,6.256419965210095e-31
98,134,3.189733099324352e-31
98,135,4.558031421095108e-31
98,136,1.4383386415757475e-30
98,137,1.159115768346892e-30
98,138,1.1102230246251548e-16
98,139,3.797688962279968e-31
98,140,3.6823458203901743e-31
98,141,8.31848121455018e-31
98,142,7.765797274155158e-31
98,143,4.676000999323384e-31
98,144,2.6950690229566697e-31
98,145,5.3391456995235825e-31
98,146,4.734630202967737e-31
98,147,4.6649073479445e-31
98,148,1.1834935647800414e-30
98,149,1.1896134555414015e-30
99,100,7.5577111020433405e-31
99,101,1.5945307940409743e-16
99,102,2.0062885096040702e-16
99,103,1.3814423884351871e-30
99,104,8.207181705604831e-31
99,105,0.0
99,106,1.5884850516339176e-30
99,107,8.454208462945737e-31
99,108,1.2412670766236366e-16
99,109,1.0930335021743177e-30
99,110,1.175460356107745e-30
99,111,1.6443819489653964e-30
99,112,1.0055146785347658e-30
99,113,2.055403450744216e-30
99,114,1.0316555363904159e-30
99,115,4.883962914587559e-16
99,116,2.9770031352953967e-30
99,117,1.0979633215005356e-30
99,118,6.0698115608615215e-31
99,119,1.620051423347542e-30
99,120,1.183739129720546e-30
99,121,1.2333157555786291e-30
99,122,5.0495594858427435e-31
99,123,1.6576419788347493e-30
99,124,2.326729185585527e-16
99,125,1.2208284211757631e-30
99,126,1.0802160579251703e-30
99,127,1.2049946558807428e-30
99,128,6.27116332624078e-16
99,129,1.1937723098341942e-30
99,130,2.214705640567705e-30
99,131,1.508770769209655e-30
99,132,1.4547794850472771e-30
99,133,9.15011073760919e-31
99,134,5.902763905510889e-31
99,135,1.00893844123975e-30
99,136,4.209377200360822e-16
99,137,3.444249990610798e-30
99,138,1.2295751324518466e-15
99,139,1.7735486658174174e-30
99,140,4.4821616079414205e-31
99,141,1.1242345731639081e-30
99,142,1.2022547993720386e-30
99,143,7.62010061076049e-31
99,144,9.646093318871361e-31
99,145,1.1664496296229848e-30
99,146,1.671106944322088e-16
99,147,1.8667928336805968e-30
99,148,1.4538423545638535e-30
99,149,1.9937786706958597e-30
100,101,1.0539750815289074e-30
100,102,6.0115139032907295e-31
100,103,8.438382708483722e-31
100,104,4.352062972264723e-31
100,105,0.0
100,106,1.1152172066168315e-30
100,107,8.791266943996775e-31
100,108,2.309005574283556e-30
100,109,5.938952741351929e-31
100,110,1.355639647731902e-30
100,111,8.088964640249263e-31
100,112,9.1338016237621e-31
100,113,1.7856252571178656e-30
100,114,9.048020779135252e-31
100,115,1.1208762888211448e-30
100,116,1.4378403078173616e-30
100,117,1.0391631244770871e-30
100,118,7.083381189787282e-31
100,119,1.2933460059792275e-30
100,120,7.592748858239385e-31
100,121,7.293978185755086e-31
100,122,2.4397499914074252e-31
100,123,9.358445763285999e-31
100,124,1.0051617396893124e-30
100,125,1.3220431873126308e-30
100,126,4.853200010341763e-31
100,127,1.0451977123353193e-30
100,128,7.152111528976947e-16
100,129,1.3667526068063367e-30
100,130,1.1086044852813416e-30
100,131,7.787715553514954e-31
100,132,9.023275616393186e-31
100,133,7.538739020385154e-31
100,134,3.9152344676892563e-31
100,135,5.463266994940056e-31
100,136,1.905623123291082e-30
100,137,1.7800690523800466e-30
100,138,6.131407058289209e-16
100,139,8.336173003032911e-31
100,140,4.3839513133037685e-31
100,141,1.0168256405446362e-30
100,142,9.305712571247294e-31
100,143,6.7865099384943435e-31
100,144,4.63344329410213e-31
100,145,8.346644492206046e-31
100,146,1.326930334820619e-30
100,147,6.36654730030904e-31
100,148,1.4279448383115796e-30
100,149,1.757272878189843e-30
101,102,2.745032041236498e-16
101,103,1.954436422913486e-30
101,104,1.290838041817942e-30
101,105,0.0
101,106,2.165906961312993e-30
101,107,9.54567800979443e-31
101,108,5.943076006052787e-16
101,109,9.346364045633636e-31
101,110,1.176507788680691e-30
101,111,2.3215161067956355e-30
101,112,1.2378084260663631e-30
101,113,1.5455548639640925e-30
101,114,1.4835418075995838e-30
101,115,3.818914047719888e-16
101,116,4.2282813447981845e-30
101,117,1.3025039523277136e-30
101,118,6.090564358479671e-31
101,119,2.1910174420370736e-30
101,120,1.1509668394276707e-30
101,121,1.736678249749133e-30
101,122,7.20044679182175e-31
101,123,2.321582525497384e-30
101,124,4.4160298487186894e-16
101,125,1.2964004504355179e-30
101,126,1.204552093381574e-30
101,127,1.496757239855686e-30
101,128,6.282669353882661e-16
101,129,1.3504440336407529e-30
101,130,3.0617094780304272e-30
101,131,2.2058294390901863e-30
101,132,2.0420497710998875e-30
101,133,1.1718427345860075e-30
101,134,9.743951153796875e-31
101,135,3.394477710265651e-16
101,136,5.586134507549519e-16
101,137,4.8117229302682534e-30
101,138,1.7611451713997377e-15
101,139,2.542032273680386e-30
101,140,5.119358406915108e-31
101,141,1.1525228938716692e-30
101,142,1.6758329828829544e-30
101,143,9.917740022165889e-31
101,144,1.3638824971059926e-30
101,145,1.5117453071259506e-30
101,146,6.367545942488872e-16
101,147,1.6300118083870533e-30
101,148,1.6587839969042413e-30
101,149,2.588902656825629e-30
102,103,9.684666996373138e-31
102,104,6.702512019012743e-31
102,105,0.0
102,106,1.3231573607387974e-30
102,107,1.1724879008785345e-30
102,108,4.3335114619145362e-16
102,109,7.017941579457547e-31
102,110,1.5896970360897064e-30
102,111,1.1878593928118907e-30
102,112,9.506624193172444e-31
102,113,1.9931838182699238e-30
102,114,1.1743177689730895e-30
102,115,1.2008844881799345e-30
102,116,2.1129729957786496e-30
102,117,1.3791433900896284e-30
102,118,7.779997229699525e-31
102,119,1.7920071855598456e-30
102,120,1.1096715511488017e-30
102,121,1.1277951681384929e-30
102,122,3.3777216890222818e-31
102,123,1.0575308203570373e-30
102,124,9.480223399993123e-31
102,125,1.69839477218856e-30
102,126,8.805737019827097e-31
102,127,1.465268202229011e-30
102,128,8.794894052315373e-16
102,129,1.5970136473620344e-30
102,130,1.368834738996547e-30
102,131,9.749422784953278e-31
102,132,9.816489707825865e-31
102,133,1.0697011327657932e-30
102,134,6.32224938591329e-31
102,135,9.637124478141536e-31
102,136,2.244579781269782e-30
102,137,2.7937041735456633e-30
102,138,7.89556965133122e-16
102,139,1.3122528409061884e-30
102,140,5.9026031203407274e-31
102,141,1.2179230344374186e-30
102,142,1.2923916925460643e-30
102,143,7.352857983369342e-31
102,144,7.944229852793479e-31
102,145,8.078816127004886e-31
102,146,1.8933662932155362e-30
102,147,8.579068013306694e-31
102,148,1.878008217004044e-30
102,149,1.846674381431913e-30
103,104,7.636021490048285e-31
103,105,0.0
103,106,1.5668733661965356e-30
103,107,8.187747044420892e-31
103,108,1.118863022827959e-16
103,109,6.647574879664678e-31
103,110,1.4803611790735934e-30
103,111,1.4096419603256066e-30
103,112,1.33105036985729e-30
103,113,1.926597584579083e-30
103,114,1.08742970321515e-30
103,115,1.9351778355501188e-30
103,116,2.2671255085224684e-30
103,117,7.465479897718068e-31
103,118,6.159996897648234e-31
103,119,1.2693942050848222e-30
103,120,8.561097254853078e-31
103,121,8.119252515366097e-31
103,122,4.315481707005435e-31
103,123,1.7439836663617257e-30
103,124,1.693295390299483e-30
103,125,1.1047787743342546e-30
103,126,6.187722337645602e-31
103,127,1.044436059196078e-30
103,128,6.787359152847494e-16
103,129,1.610887630934802e-30
103,130,1.953013926105153e-30
103,131,1.4482862335870343e-30
103,132,1.5111302289893137e-30
103,133,7.900271978810867e-31
103,134,5.07575391072607e-31
103,135,8.102682400015593e-31
103,136,2.6166856464814892e-30
103,137,2.2131926281082494e-30
103,138,1.1009031356131581e-15
103,139,1.392873233281551e-30
103,140,3.1621681825406373e-31
103,141,1.0265619659783963e-30
103,142,1.1580401823958258e-30
103,143,1.0109852300364014e-30
103,144,7.671832120682824e-31
103,145,1.2989303192283516e-30
103,146,2.399004093262008e-30
103,147,1.0064118837159306e-30
103,148,1.2239594963661367e-30
103,149,2.5946020460200916e-30
104,105,0.0
104,106,8.951072013474249e-31
104,107,5.823786418295145e-31
104,108,4.710405148769713e-16
104,109,4.233537669369657e-31
104,110,7.896221596646705e-31
104,111,9.593096574101497e-31
104,112,6.090898944246303e-31
104,113,1.117887101351012e-30
104,114,7.147024217888593e-31
104,115,1.1349845084897946e-30
104,116,1.6828728708850158e-30
104,117,7.324003386155515e-31
104,118,4.324544900776273e-31
104,119,9.761036963535063e-31
104,120,5.163882542093968e-31
104,121,8.760126037850494e-31
104,122,2.808970898153533e-31
104,123,8.881576001881183e-31
104,124,7.276585682729654e-31
104,125,8.106067374674503e-31
104,126,4.7329460718102005e-31
104,127,6.738300869342045e-31
104,128,4.2413900300245924e-16
104,129,8.069296277925987e-31
104,130,1.0778907443680968e-30
104,131,8.784553341650746e-31
104,132,8.19085679071595e-31
104,133,4.940435122196206e-31
104,134,4.193676161331789e-31
104,135,6.533080306489704e-31
104,136,1.1613073283146648e-30
104,137,1.8583566076139364e-30
104,138,6.756430604012621e-16
104,139,9.814915227432278e-31
104,140,2.912148733896486e-31
104,141,5.996629415091983e-31
104,142,7.24893996715278e-31
104,143,4.831361194032543e-31
104,144,5.234001816867411e-31
104,145,5.755783312847627e-31
104,146,1.7132672070795106e-30
104,147,6.544029362131347e-31
104,148,1.0472369997275923e-30
104,149,1.1958662143274699e-30
105,106,0.0
105,107,0.0
105,108,0.0
105,109,0.0
105,110,0.0
105,111,0.0
105,112,0.0
105,113,0.0
105,114,0.0
105,115,0.0
105,116,0.0
105,117,0.0
105,118,0.0
105,119,0.0
105,120,0.0
105,121,0.0
105,122,0.0
105,123,0.0
105,124,0.0
105,125,0.0
105,126,0.0
105,127,0.0
105,128,0.0
105,129,0.0
105,130,0.0
105,131,0.0
105,132,0.0
105,133,0.0
105,134,0.0
105,135,0.0
105,136,0.0
105,137,0.0
105,138,0.0
105,139,0.0
105,140,0.0
105,141,0.0
105,142,0.0
105,143,0.0
105,144,0.0
105,145,0.0
105,146,0.0
105,147,0.0
105,148,0.0
105,149,0.0
106,107,1.9884854192530623e-30
106,108,1.9229626863835779e-16
106,109,1.439707676876423e-30
106,110,2.822839431097465e-30
106,111,1.7429997936298555e-30
106,112,1.723551612852608e-30
106,113,3.918628754079907e-30
106,114,2.00527108144038e-30
106,115,2.0099171612874923e-30
106,116,3.256248959891688e-30
106,117,2.384545445828448e-30
106,118,1.4806154970784963e-30
106,119,3.0396140750501805e-30
106,120,1.5100136813797967e-30
106,121,1.8338518203864068e-30
106,122,5.288889997260054e-31
106,123,1.7152878411356535e-30
106,124,1.7941930131550346e-30
106,125,2.9322580684325216e-30
106,126,1.1011526966065657e-30
106,127,2.194828886942231e-30
106,128,1.548353187994661e-15
106,129,2.8197128556374666e-30
106,130,2.0967788504378515e-30
106,131,1.5380173077477108e-30
106,132,1.72966737883834e-30
106,133,1.641672872408305e-30
106,134,9.37262105214363e-31
106,135,1.2085754937529503e-30
106,136,3.914225064955615e-30
106,137,4.207345161831234e-30
106,138,1.210553631477864e-15
106,139,1.802573321838767e-30
106,140,1.0070974778262378e-30
106,141,2.2489934268220098e-30
106,142,2.072917267005852e-30
106,143,1.2958306181551845e-30
106,144,1.0234384590999006e-30
106,145,1.5514697162531441e-30
106,146,2.8922709018040004e-30
106,147,1.8102497955643205e-30
106,148,3.344422606866725e-30
106,149,3.3465509721089136e-30
107,108,1.110223024625161e-16
107,109,1.0770834115266435e-30
107,110,2.2680337405553108e-30
107,111,1.2848379131276388e-30
107,112,1.236238028667903e-30
107,113,3.0680370686407415e-30
107,114,1.6302621201869856e-30
107,115,1.2223754110115343e-30
107,116,1.683214199360694e-30
107,117,1.9255640939520086e-30
107,118,1.1604056964438718e-30
107,119,2.4344087726959162e-30
107,120,1.2950065943239077e-30
107,121,1.3712073210027698e-30
107,122,2.4597051598850856e-31
107,123,7.017164348400066e-31
107,124,1.1242966954612023e-30
107,125,2.394188381630334e-30
107,126,9.26906721549408e-31
107,127,1.8917187273700292e-30
107,128,1.2583060401470652e-15
107,129,2.2739016410501767e-30
107,130,8.825586215726047e-31
107,131,7.148920430090619e-31
107,132,1.3936953585433626e-30
107,133,1.3743214112000132e-30
107,134,7.603705089476622e-31
107,135,1.0169101348695216e-30
107,136,3.090277750469441e-30
107,137,2.8310541385854547e-30
107,138,4.1197399960328154e-16
107,139,9.864267026161877e-31
107,140,8.173933480956546e-31
107,141,1.8095909924666288e-30
107,142,1.7257635704912898e-30
107,143,9.822844677613828e-31
107,144,6.560272141451392e-31
107,145,1.149969338440665e-30
107,146,1.3223317840141812e-30
107,147,1.0643216359684461e-30
107,148,2.6792766604435284e-30
107,149,2.4954300593685237e-30
108,109,5.057306569205677e-16
108,110,5.696002350714898e-30
108,111,1.110223024625165e-16
108,112,3.2674697759188665e-30
108,113,6.889102166070875e-16
108,114,1.3597399555105165e-16
108,115,5.986079612688874e-16
108,116,5.8282580033264616e-30
108,117,6.753223014464255e-16
108,118,1.3092278833360695e-16
108,119,2.7755575615629246e-17
108,120,3.466670283279951e-16
108,121,2.7230185981536865e-16
108,122,9.24769589088195e-31
108,123,2.653310116439631e-30
108,124,5.797429246531733e-16
108,125,6.018458671859661e-30
108,126,5.044079526689746e-16
108,127,5.751438993944554e-16
108,128,3.1741145931220545e-15
108,129,1.2412670766236407e-16
108,130,4.284169974453664e-16
108,131,6.329245045284194e-16
108,132,3.606511164840292e-30
108,133,1.253600293409707e-16
108,134,4.1105260178415396e-16
108,135,9.424131820009296e-16
108,136,5.630388715031531e-16
108,137,7.900387140557831e-30
108,138,2.1173836563800923e-15
108,139,5.030578442808374e-16
108,140,2.076352156152315e-30
108,141,1.5944364291470375e-16
108,142,2.558937633260451e-16
108,143,1.1274368112207327e-16
108,144,1.2701445803443453e-16
108,145,2.5589376332604477e-16
108,146,5.028013028747945e-16
108,147,6.972121039994481e-16
108,148,3.332476293059008e-16
108,149,6.476272247020157e-30
109,110,1.4897992621078197e-30
109,111,9.033285403855498e-31
109,112,8.510275549539187e-31
109,113,2.277575337064928e-30
109,114,1.0901352071764125e-30
109,115,1.058678696706977e-30
109,116,1.5137854565637059e-30
109,117,1.2969452906895001e-30
109,118,7.905692391810199e-31
109,119,1.649113151913022e-30
109,120,8.093393996426052e-31
109,121,9.96200224746029e-31
109,122,2.3183438367420735e-31
109,123,7.037253848822796e-31
109,124,1.1222246211788827e-30
109,125,1.580806846193157e-30
109,126,5.8011523308524506e-31
109,127,1.2617522869477406e-30
109,128,8.2942279697095395e-16
109,129,1.4881160150882916e-30
109,130,1.0526583076281688e-30
109,131,7.671434581450289e-31
109,132,9.400777578647455e-31
109,133,8.831674778050751e-31
109,134,5.255402678047094e-31
109,135,7.714512545014621e-31
109,136,2.0864215167973725e-30
109,137,2.1970451838475173e-30
109,138,5.201856949075069e-16
109,139,8.719223539131621e-31
109,140,5.45331952525779e-31
109,141,1.2784038677713239e-30
109,142,1.130570097407361e-30
109,143,6.664453024834823e-31
109,144,5.326640569518949e-31
109,145,8.568541889102083e-31
109,146,1.2091835900579373e-30
109,147,1.1305925089701717e-30
109,148,1.849382037920277e-30
109,149,1.683055374333552e-30
110,111,1.615483004192413e-30
110,112,2.078444041813508e-30
110,113,4.4498316000614366e-30
110,114,2.318714743797772e-30
110,115,2.063379721418732e-30
110,116,1.1506639699291552e-30
110,117,2.6270930330057813e-30
110,118,1.765216779431413e-30
110,119,3.2737584309832956e-30
110,120,1.913869247389222e-30
110,121,1.744772089763118e-30
110,122,2.4472494285579825e-31
110,123,1.361788586194214e-30
110,124,1.964115557464046e-30
110,125,3.395107188474261e-30
110,126,1.2234397492501189e-30
110,127,2.701933304454498e-30
110,128,1.835491555882671e-15
110,129,3.458150089712928e-30
110,130,1.199030757322915e-30
110,131,1.100215095717574e-30
110,132,2.0794718125211187e-30
110,133,1.94543681736047e-30
110,134,9.266320248588687e-31
110,135,1.4002932616726406e-30
110,136,4.687737717702181e-30
110,137,2.9272007005940317e-30
110,138,3.1401849173675424e-16
110,139,9.298586511952533e-31
110,140,1.1127883889531937e-30
110,141,2.6139959655425067e-30
110,142,2.4114680403745546e-30
110,143,1.605680160886517e-30
110,144,7.628759277607596e-31
110,145,1.8265645909176844e-30
110,146,1.336752659373791e-30
110,147,1.3407794755403412e-30
110,148,3.581314038652027e-30
110,149,4.083797936853029e-30
111,112,1.1411806665378531e-30
111,113,2.4940357502665366e-30
111,114,1.3676966903865191e-30
111,115,2.0016749828604037e-30
111,116,3.3419660974197876e-30
111,117,1.568604310521194e-30
111,118,7.975794345811276e-31
111,119,2.118865082702165e-30
111,120,9.651993266513748e-31
111,121,1.5771134082374095e-30
111,122,5.486965509197895e-31
111,123,1.726616053085714e-30
111,124,1.6073185931405185e-30
111,125,1.76411619896262e-30
111,126,8.960504564692316e-31
111,127,1.402215790705114e-30
111,128,9.054658344331084e-16
111,129,1.5788650180179648e-30
111,130,2.421107812018279e-30
111,131,1.5664160504515253e-30
111,132,1.572475509385867e-30
111,133,1.0964271173213964e-30
111,134,7.923844042234511e-31
111,135,1.139084338137497e-30
111,136,2.359083558421887e-30
111,137,4.024392093080319e-30
111,138,1.3258917200271909e-15
111,139,1.92281351302674e-30
111,140,6.422814376476942e-31
111,141,1.3010012186998752e-30
111,142,1.5002912167199832e-30
111,143,8.234469381160134e-31
111,144,1.0875980999706998e-30
111,145,1.3055645006084206e-30
111,146,2.9780451155224994e-30
111,147,1.4253364327993682e-30
111,148,2.2743709957823038e-30
111,149,2.1793159926198464e-30
112,113,2.638630095139929e-30
112,114,1.3668961270042689e-30
112,115,1.725199485014855e-30
112,116,9.83457590682883e-31
112,117,1.3322909718343735e-30
112,118,1.0325263280495747e-30
112,119,1.7239882274932738e-30
112,120,1.0931415229953333e-30
112,121,9.62201327691175e-31
112,122,2.5154058779933444e-31
112,123,1.3702068857096927e-30
112,124,1.5976784072994267e-30
112,125,1.8322726760799176e-30
112,126,6.726793441095925e-31
112,127,1.4747996640421245e-30
112,128,1.042959842270981e-15
112,129,2.1250074070627073e-30
112,130,1.329297206612698e-30
112,131,1.0597631786786599e-30
112,132,1.4648194855900203e-30
112,133,1.095139275418767e-30
112,134,4.855185665436898e-31
112,135,8.13040012574545e-31
112,136,3.0221859006082915e-30
112,137,1.0928366780325164e-30
112,138,6.713178136967702e-16
112,139,7.531412309149532e-31
112,140,5.58778362694972e-31
112,141,1.4880947605635729e-30
112,142,1.4044766271741628e-30
112,143,1.1156905737532881e-30
112,144,5.014842574264125e-31
112,145,1.3382500115441157e-30
112,146,1.4269477938821255e-30
112,147,8.081655233411597e-31
112,148,1.8667499316974912e-30
112,149,2.8671490561146164e-30
113,114,3.1164502885819146e-30
113,115,2.7740913702139466e-30
113,116,2.090566681164488e-30
113,117,3.555953247212326e-30
113,118,2.257698227505465e-30
113,119,4.442371642009594e-30
113,120,2.28319257180354e-30
113,121,2.5555288048453647e-30
113,122,3.6388811581400255e-31
113,123,1.675022482491657e-30
113,124,2.6890001548529597e-30
113,125,4.463505725872295e-30
113,126,1.6748166697097256e-30
113,127,3.325726866884932e-30
113,128,2.4139772643362772e-15
113,129,4.39927455870149e-30
113,130,1.511738877831952e-30
113,131,1.6051513230736502e-30
113,132,2.8445784238409224e-30
113,133,2.4667620511419814e-30
113,134,1.4305300063644441e-30
113,135,1.6653765500062693e-30
113,136,6.143647609424252e-30
113,137,4.0938482557963796e-30
113,138,4.629859639452352e-16
113,139,1.322853334999951e-30
113,140,1.4898109728917803e-30
113,141,3.4241385543907515e-30
113,142,3.205343947054048e-30
113,143,1.9714766821759538e-30
113,144,8.52799001638275e-31
113,145,2.5380914933085204e-30
113,146,1.7269091787570737e-30
113,147,2.466197001353007e-30
113,148,5.224421398443614e-30
113,149,5.200548675380171e-30
114,115,1.4169656859353908e-30
114,116,2.3216298956176683e-30
114,117,1.9559305595686947e-30
114,118,1.2104289725334252e-30
114,119,2.461787651000155e-30
114,120,1.3363040445235883e-30
114,121,1.4253521579944074e-30
114,122,3.6155013009801305e-31
114,123,1.1679044398215226e-30
114,124,1.3592994244716082e-30
114,125,2.41316907308776e-30
114,126,9.446174926433331e-31
114,127,1.9254276394221907e-30
114,128,1.2722230642709756e-15
114,129,2.3264285270645022e-30
114,130,1.4393014506466642e-30
114,131,1.0541814565514778e-30
114,132,1.4016273152240127e-30
114,133,1.38099044051336e-30
114,134,7.921895980939759e-31
114,135,1.0423784089705133e-30
114,136,3.1482715497441996e-30
114,137,3.221178844006528e-30
114,138,8.258158349823029e-16
114,139,1.349247171662504e-30
114,140,8.242879365027548e-31
114,141,1.8339946748763776e-30
114,142,1.7291899446112257e-30
114,143,1.0569481467284445e-30
114,144,7.640248983385039e-31
114,145,1.2121364121999414e-30
114,146,1.9738564658850666e-30
114,147,1.1802293309393887e-30
114,148,2.6952707778458733e-30
114,149,2.6819110360054087e-30
115,116,3.393590295349116e-30
115,117,1.3588865071277757e-30
115,118,1.078762964202298e-30
115,119,1.716188019150659e-30
115,120,1.4940139799608855e-30
115,121,1.510094527711417e-30
115,122,6.0290275023158855e-31
115,123,2.2479003885269678e-30
115,124,2.2036705923146912e-30
115,125,1.7931722951637436e-30
115,126,6.9728241897227295e-31
115,127,1.5044069386225881e-30
115,128,1.0143052919763365e-15
115,129,2.1651398056865533e-30
115,130,2.8147686844804092e-30
115,131,1.9197050719539823e-30
115,132,1.9929597079446606e-30
115,133,1.103638246519963e-30
115,134,8.121879483541961e-31
115,135,1.1288464632548337e-30
115,136,3.475557536056004e-30
115,137,3.6225654164915505e-30
115,138,1.5289993340611472e-15
115,139,1.9484854710660278e-30
115,140,5.781649552019765e-31
115,141,1.374941032184084e-30
115,142,1.5189401762688765e-30
115,143,1.2775072695100183e-30
115,144,1.1979816052815891e-30
115,145,1.7821395747210408e-30
115,146,3.5259618562203066e-30
115,147,1.9563621961128607e-30
115,148,2.106935551825373e-30
115,149,3.337465223480284e-30
116,117,2.3572870973575376e-30
116,118,7.5618210635161095e-31
116,119,3.643085271976475e-30
116,120,1.8212004045945843e-30
116,121,2.737389497683124e-30
116,122,1.0228002620631443e-30
116,123,2.8973752020779988e-30
116,124,2.3931071336552796e-30
116,125,2.1446589129831715e-30
116,126,1.608849112178475e-30
116,127,2.3535772810047143e-30
116,128,8.808843139672863e-16
116,129,1.8888485310760595e-30
116,130,4.233032982056488e-30
116,131,2.892230426715271e-30
116,132,2.8129047751494448e-30
116,133,1.8361196746587443e-30
116,134,1.3754739563552654e-30
116,135,2.055441839256353e-30
116,136,4.104911502998473e-30
116,137,7.445242895586165e-30
116,138,2.3711531554603643e-15
116,139,3.592281648592401e-30
116,140,8.938678874325255e-31
116,141,2.0162559791160448e-30
116,142,2.5946954289309687e-30
116,143,1.0445735172924762e-30
116,144,1.995308792510269e-30
116,145,1.9600467151767853e-30
116,146,5.476901498168104e-30
116,147,2.753028648831698e-30
116,148,2.9186846198009107e-30
116,149,2.7632395469327704e-30
117,118,1.4070501658701011e-30
117,119,2.9900920434933854e-30
117,120,1.6445689799130565e-30
117,121,1.711413108331948e-30
117,122,3.496038638044423e-31
117,123,6.623979628155386e-31
117,124,1.19124712681059e-30
117,125,2.8705636915457942e-30
117,126,1.1410238597674248e-30
117,127,2.33780647274407e-30
117,128,1.4835608313937548e-15
117,129,2.6530499338640652e-30
117,130,1.2048344761260777e-30
117,131,9.006138315787114e-31
117,132,1.629396641296385e-30
117,133,1.663912629960818e-30
117,134,9.79175892579855e-31
117,135,1.2919575952010928e-30
117,136,3.610328352514953e-30
117,137,3.761807583056536e-30
117,138,5.585701844806354e-16
117,139,1.359293668525002e-30
117,140,9.946382363250114e-31
117,141,2.1740939551419908e-30
117,142,2.0727861133852534e-30
117,143,1.0984422034101772e-30
117,144,8.56370889531702e-31
117,145,1.2767693083765988e-30
117,146,1.7680165620806085e-30
117,147,1.4932855943464582e-30
117,148,3.191482877017938e-30
117,149,2.778224569175972e-30
118,119,1.728477132963204e-30
118,120,1.1390195289452725e-30
118,121,9.957699172790058e-31
118,122,1.3565999855883347e-31
118,123,6.154656794960164e-31
118,124,9.96744652168996e-31
118,125,1.7868846351313922e-30
118,126,6.336784916655184e-31
118,127,1.4615146103457602e-30
118,128,9.49697336006948e-16
118,129,1.790711379242824e-30
118,130,6.34228515354818e-31
118,131,6.328728496550118e-31
118,132,1.0206801047764877e-30
118,133,1.0383330661144898e-30
118,134,4.78663884951896e-31
118,135,7.617880422257422e-31
118,136,2.476474261603328e-30
118,137,1.6846563079865865e-30
118,138,1.3383253895372837e-16
118,139,5.758587632430608e-31
118,140,5.870376006944655e-31
118,141,1.3893587575198534e-30
118,142,1.2255281384410918e-30
118,143,7.997468886957964e-31
118,144,4.385207581905924e-31
118,145,8.937826683914556e-31
118,146,6.645195825606783e-31
118,147,7.783114658908616e-31
118,148,1.830265418536989e-30
118,149,2.0624204538505997e-30
119,120,2.0250166742893923e-30
119,121,2.2358541483999294e-30
119,122,5.5550531864299165e-31
119,123,1.3804353264512477e-30
119,124,1.5803563320218046e-30
119,125,3.596748649827231e-30
119,126,1.45412060271721e-30
119,127,2.9276369207785948e-30
119,128,1.852008851546837e-15
119,129,3.3018828944287094e-30
119,130,2.1486404598326578e-30
119,131,1.4412161875903634e-30
119,132,2.058962673015952e-30
119,133,2.0968474551974678e-30
119,134,1.187478198069352e-30
119,135,1.6655455680556628e-30
119,136,4.517100466749126e-30
119,137,5.28688822983179e-30
119,138,1.1458423064878446e-15
119,139,2.081638341474398e-30
119,140,1.2561197989061464e-30
119,141,2.7317819616996894e-30
119,142,2.6287620539122066e-30
119,143,1.3865578926740929e-30
119,144,1.2422138249939558e-30
119,145,1.6115740011524873e-30
119,146,2.885237332396566e-30
119,147,1.933222344075665e-30
119,148,4.0267424126490046e-30
119,149,3.50161097820476e-30
120,121,1.2008532397112686e-30
120,122,2.8890448921444233e-31
120,123,8.873828989139826e-31
120,124,1.1343283799317292e-30
120,125,2.010120921178877e-30
120,126,1.0262010186999819e-30
120,127,1.9055604838699285e-30
120,128,1.0431444859552234e-15
120,129,1.9539703665480752e-30
120,130,1.1883608196348262e-30
120,131,8.792793163981355e-31
120,132,1.0651022474593357e-30
120,133,1.2588592425870717e-30
120,134,6.885411696363582e-31
120,135,1.0738497728341631e-30
120,136,2.5837700696605992e-30
120,137,2.6827915359762647e-30
120,138,6.243462346678927e-16
120,139,1.1806184964439963e-30
120,140,6.790749237050937e-31
120,141,1.500813140504556e-30
120,142,1.4196765932370387e-30
120,143,8.649837655554546e-31
120,144,6.543679343094928e-31
120,145,8.631175039981973e-31
120,146,1.498470756197986e-30
120,147,1.1774839377814726e-30
120,148,2.04750833012216e-30
120,149,2.1756565978431582e-30
121,122,4.2457278096656376e-31
121,123,1.1128412251491775e-30
121,124,1.146731970967326e-30
121,125,1.9778070172228582e-30
121,126,9.240270555667005e-31
121,127,1.5211837509196314e-30
121,128,1.0069049960021304e-15
121,129,1.7663904051367587e-30
121,130,1.7129246618095214e-30
121,131,1.1742230872006131e-30
121,132,1.2993218583019974e-30
121,133,1.1613958667153531e-30
121,134,7.915325505094986e-31
121,135,1.0008805695612801e-30
121,136,2.5426332453602605e-30
121,137,3.5312740877307386e-30
121,138,9.645062526431034e-16
121,139,1.5681841619345699e-30
121,140,7.102019110543405e-31
121,141,1.484167900797821e-30
121,142,1.5126045589997434e-30
121,143,6.880856452838963e-31
121,144,9.024265277437149e-31
121,145,9.272826635420647e-31
121,146,2.420159829127736e-30
121,147,1.3611009575609665e-30
121,148,2.3916790511429754e-30
121,149,1.9269938063930204e-30
122,123,5.280369707418025e-31
122,124,4.532004544264444e-31
122,125,3.2376680667639096e-31
122,126,2.5128520093160924e-31
122,127,3.5339833896524394e-31
122,128,1.4686870114880507e-16
122,129,2.9178713169163746e-31
122,130,7.232672316269991e-31
122,131,5.045933008884559e-31
122,132,4.76236011994136e-31
122,133,2.7681692139964955e-31
122,134,2.1964238359436158e-31
122,135,3.2723557750496576e-31
122,136,6.844478034411877e-31
122,137,1.1790630818067916e-30
122,138,4.0792198665315502e-16
122,139,5.93867646467403e-31
122,140,1.3218110550376722e-31
122,141,2.986579775489751e-31
122,142,4.00926998072106e-31
122,143,2.0894660395377006e-31
122,144,3.265099657388434e-31
122,145,3.496187962973005e-31
122,146,9.241325645030537e-31
122,147,4.489992776746659e-31
122,148,4.391102307921168e-31
122,149,5.522734775829358e-31
123,124,1.895187212972597e-30
123,125,9.566836140860388e-31
123,126,6.99392127778949e-31
123,127,1.0294001238452469e-30
123,128,5.947553259867096e-16
123,129,1.561308535569553e-30
123,130,2.4049996158897315e-30
123,131,1.6998176481125534e-30
123,132,1.717780615046528e-30
123,133,8.369643935472994e-31
123,134,5.533224634746761e-31
123,135,9.72870978685683e-31
123,136,2.778375790339458e-30
123,137,3.000997512009851e-30
123,138,1.3400671483849497e-15
123,139,1.7394329172054196e-30
123,140,2.7913153888696e-31
123,141,1.015233653086746e-30
123,142,1.2664220580910232e-30
123,143,1.0382785960387146e-30
123,144,9.60459060362515e-31
123,145,1.4478315242853246e-30
123,146,2.862069926956232e-30
123,147,1.2788604523924797e-30
123,148,9.515578943304389e-31
123,149,2.7018727981497865e-30
124,125,1.6436897354809297e-30
124,126,9.22599033567996e-31
124,127,1.3068366115617639e-30
124,128,9.52045576680676e-16
124,129,2.0286629445869872e-30
124,130,2.2631612135368487e-30
124,131,1.650089536838175e-30
124,132,1.7360913431498565e-30
124,133,1.0691864619420728e-30
124,134,5.495704950036412e-31
124,135,1.0623710816304395e-30
124,136,3.2380639820802896e-30
124,137,2.456525654887776e-30
124,138,1.1834222016295713e-15
124,139,1.5499375634514212e-30
124,140,4.961757732884042e-31
124,141,1.4273931764544062e-30
124,142,1.4015419505473771e-30
124,143,1.1725539916124211e-30
124,144,8.492294714018745e-31
124,145,1.6145646263219063e-30
124,146,2.3494416575755934e-30
124,147,1.2245639992414125e-30
124,148,1.727356336515184e-30
124,149,3.0669611219720925e-30
125,126,1.3520684900047904e-30
125,127,2.8700649955166922e-30
125,128,1.8776087886460358e-15
125,129,3.4162331941177954e-30
125,130,1.2179029513756666e-30
125,131,9.953485372771196e-31
125,132,2.030440304282284e-30
125,133,2.055364685810575e-30
125,134,1.0548667904629107e-30
125,135,1.52817374573873e-30
125,136,4.625525060983217e-30
125,137,4.016294810755266e-30
125,138,3.0404709722440554e-16
125,139,1.327333629290455e-30
125,140,1.2129951415158157e-30
125,141,2.717914750123425e-30
125,142,2.5453709387051083e-30
125,143,1.4701315216641756e-30
125,144,9.351688155069942e-31
125,145,1.6683331913775312e-30
125,146,1.674347985378834e-30
125,147,1.565707489278307e-30
125,148,3.8622398835481926e-30
125,149,3.7249676093975175e-30
126,127,1.1284214230964933e-30
126,128,6.947215586574532e-16
126,129,1.2284397705835924e-30
126,130,9.686609125693986e-31
126,131,7.664750647575556e-31
126,132,7.975147345333305e-31
126,133,8.481903436830199e-31
126,134,5.266728360425897e-31
126,135,6.782600833210083e-31
126,136,1.688106678184811e-30
126,137,2.196674728517141e-30
126,138,5.5736209059251645e-16
126,139,1.1781577630865672e-30
126,140,4.766903438710555e-31
126,141,9.71900204260403e-31
126,142,1.0049838404356157e-30
126,143,5.182604751727919e-31
126,144,5.3994359461868996e-31
126,145,6.279844814561534e-31
126,146,1.3023954701942372e-30
126,147,6.482804153477897e-31
126,148,1.5538700927557908e-30
126,149,1.3340776061381441e-30
127,128,1.4869322701981233e-15
127,129,2.743078877290815e-30
127,130,1.6908176083953665e-30
127,131,8.322913746206159e-31
127,132,1.5469515694622709e-30
127,133,1.7443191498877205e-30
127,134,8.511689576248969e-31
127,135,1.5585925333507822e-30
127,136,3.557829638194453e-30
127,137,3.900182110816723e-30
127,138,7.616364613445403e-16
127,139,1.4179636143453449e-30
127,140,9.778858038669376e-31
127,141,2.2211542892736545e-30
127,142,2.1089958442779115e-30
127,143,1.2359561552829157e-30
127,144,1.000309915078627e-30
127,145,1.270700534895312e-30
127,146,1.7735282041307226e-30
127,147,1.226225640455504e-30
127,148,2.9055908897713557e-30
127,149,2.9591788112712544e-30
128,129,1.8424037361508197e-15
128,130,6.026859775301164e-16
128,131,5.419449386414207e-16
128,132,1.0990647210786418e-15
128,133,1.0725474142351448e-15
128,134,5.387817655301316e-16
128,135,7.747982728849499e-16
128,136,2.494359845217488e-15
128,137,1.8643814962689576e-15
128,138,1.293493907155208e-15
128,139,5.952907774921858e-16
128,140,6.280369834735099e-16
128,141,1.4305948037320865e-15
128,142,1.331399985283915e-15
128,143,8.184848366819358e-16
128,144,4.4290857058538867e-16
128,145,9.34254489310217e-16
128,146,7.585607773406191e-16
128,147,7.815502024339598e-16
128,148,2.0226981732225574e-15
128,149,2.083379061924524e-15
129,130,1.3648914802310587e-30
129,131,1.1594200967332499e-30
129,132,2.0750730110500972e-30
129,133,1.964524906180921e-30
129,134,9.261033076339005e-31
129,135,1.4268524527974517e-30
129,136,4.708785108194701e-30
129,137,3.263977485810889e-30
129,138,7.348678496207185e-16
129,139,1.1064128013952737e-30
129,140,1.1229899163903296e-30
129,141,2.636454364566659e-30
129,142,2.4193970650715606e-30
129,143,1.6493944300359967e-30
129,144,7.838841284863903e-31
129,145,1.8270534794558985e-30
129,146,1.6713730768727035e-30
129,147,1.3607127937005668e-30
129,148,3.5724917699234466e-30
129,149,4.155636507779239e-30
130,131,2.144615016289348e-30
130,132,2.133084782780686e-30
130,133,1.1614562995657498e-30
130,134,8.105620903836234e-31
130,135,1.4618016399351695e-30
130,136,3.1437251197013536e-30
130,137,4.898678564527439e-30
130,138,1.7883913750617512e-15
130,139,2.445139855898148e-30
130,140,4.74182569786945e-31
130,141,1.3021947968697148e-30
130,142,1.766640435134747e-30
130,143,1.0422957635666476e-30
130,144,1.4061633763315378e-30
130,145,1.780613384994637e-30
130,146,3.791774551971563e-30
130,147,1.9516811532942923e-30
130,148,1.35165649954786e-30
130,149,2.7291916978648396e-30
131,132,1.4691341774291844e-30
131,133,7.92631084773689e-31
131,134,6.813278143589586e-31
131,135,9.378842397691471e-31
131,136,2.212080855387165e-30
131,137,3.0886052354388005e-30
131,138,1.223765959959464e-15
131,139,1.748702354823165e-30
131,140,3.592544457628427e-31
131,141,8.656024223997142e-31
131,142,1.0779074223867623e-30
131,143,8.050910154185855e-31
131,144,9.164253471182315e-31
131,145,1.2234327317292368e-30
131,146,2.7491899423953282e-30
131,147,1.1977441316931907e-30
131,148,1.4159916304099071e-30
131,149,2.1118156592815898e-30
132,133,1.144693637454915e-30
132,134,6.953883111323864e-31
132,135,9.28646746919162e-31
132,136,2.9682379567034266e-30
132,137,3.323656164355393e-30
132,138,1.1853938111129664e-15
132,139,1.631072140990654e-30
132,140,6.871648949569115e-31
132,141,1.5325070098908936e-30
132,142,1.4606046114534409e-30
132,143,1.075228563555147e-30
132,144,9.085898832005452e-31
132,145,1.4022648086522492e-30
132,146,2.587616818811067e-30
132,147,1.2188979461902911e-30
132,148,2.3286041876632006e-30
132,149,2.8045075178780806e-30
133,134,6.3976391340945235e-31
133,135,9.64917770790349e-31
133,136,2.6340869828505095e-30
133,137,2.7724887371584036e-30
133,138,6.175225736672884e-16
133,139,1.1344522787647564e-30
133,140,7.026738444285645e-31
133,141,1.5647735366530021e-30
133,142,1.4856061469997017e-30
133,143,8.687672961164975e-31
133,144,6.655298801980101e-31
133,145,9.525181766842683e-31
133,146,1.4340955780388892e-30
133,147,8.793769715146675e-31
133,148,2.1821653039501642e-30
133,149,2.177483330162488e-30
134,135,7.136676166538022e-31
134,136,1.3226649507789816e-30
134,137,1.7545036785625468e-30
134,138,4.519612203791061e-16
134,139,8.221679484719481e-31
134,140,3.790018742104438e-31
134,141,7.390900636898247e-31
134,142,8.134133843849556e-31
134,143,3.845392763554769e-31
134,144,5.154905990718345e-31
134,145,5.176054649128968e-31
134,146,1.1240196911075019e-30
134,147,7.917710873979447e-31
134,148,1.365410786303203e-30
134,149,9.800656864137645e-31
135,136,1.839583201346328e-30
135,137,2.761814419786507e-30
135,138,7.687154578819213e-16
135,139,1.2012625570925935e-30
135,140,5.3483237534692755e-31
135,141,1.2331417912878971e-30
135,142,1.2008300155075635e-30
135,143,6.876033685474845e-31
135,144,7.138257999873329e-31
135,145,7.416774041007811e-31
135,146,1.7411295694142628e-30
135,147,1.07755425987777e-30
135,148,1.5462549751714076e-30
135,149,1.5827791531243733e-30
136,137,5.54914768025694e-30
136,138,1.7208177085306235e-15
136,139,2.4132920568177973e-30
136,140,1.5325973046388666e-30
136,141,3.475913119516927e-30
136,142,3.2354635573360875e-30
136,143,2.241012756521814e-30
136,144,1.3803964348341546e-30
136,145,2.7387092161637135e-30
136,146,3.646457494654902e-30
136,147,2.019420606263227e-30
136,148,4.946167520582853e-30
136,149,5.842774934263903e-30
137,138,2.629611924282347e-15
137,139,4.2633055291349375e-30
137,140,1.5301069189421164e-30
137,141,3.297718829269947e-30
137,142,3.682102723799394e-30
137,143,1.2641553898492015e-30
137,144,2.4556067030996016e-30
137,145,2.2437811961949976e-30
137,146,6.1829511444246004e-30
137,147,3.367806406436022e-30
137,148,4.679924271640821e-30
137,149,3.082493127502672e-30
138,139,1.3883337813158406e-15
138,140,1.570092458683774e-16
138,141,6.492965923415618e-16
138,142,9.379577808174985e-16
138,143,5.5999133521085405e-16
138,144,7.678067178508741e-16
138,145,9.205483015737854e-16
138,146,2.1990092413191474e-15
138,147,1.0221864522085398e-15
138,148,5.706897499149894e-16
138,149,1.4684902991611423e-15
139,140,5.325538634075936e-31
139,141,1.1040619425822524e-30
139,142,1.4756634534612826e-30
139,143,6.45207251822915e-31
139,144,1.1334758512266652e-30
139,145,1.1458039576812706e-30
139,146,3.151536464813453e-30
139,147,1.495014241987582e-30
139,148,1.7197159107446135e-30
139,149,1.7242082863803154e-30
140,141,9.189862867898936e-31
140,142,8.752944578819653e-31
140,143,4.62953039425488e-31
140,144,3.507485933172992e-31
140,145,5.394628441997152e-31
140,146,6.731116373221799e-31
140,147,5.7560037260858895e-31
140,148,1.3372397188482547e-30
140,149,1.1723370812908955e-30
141,142,1.932804013065258e-30
141,143,1.1896032914146478e-30
141,144,7.809325874759141e-31
141,145,1.31980705399619e-30
141,146,1.59838895419197e-30
141,147,1.5177097051272027e-30
141,148,2.8623186405779088e-30
141,149,2.9591619623280875e-30
142,143,1.085531545799392e-30
142,144,9.098752392601195e-31
142,145,1.2586226889103038e-30
142,146,2.1728486714996012e-30
142,147,1.2369680744344298e-30
142,148,2.7978681629176503e-30
142,149,2.7545852562376288e-30
143,144,3.908645054556946e-31
143,145,9.683293155023852e-31
143,146,1.1916432075694073e-30
143,147,6.16557083197219e-31
143,148,1.4564924487888816e-30
143,149,2.149750019384769e-30
144,145,6.812250749846289e-31
144,146,1.7392166172347773e-30
144,147,9.552766151406553e-31
144,148,1.0232710036068596e-30
144,149,1.0187237246399146e-30
145,146,1.8502905130121564e-30
145,147,9.924730747757183e-31
145,148,1.884979906069792e-30
145,149,2.5572611445985997e-30
146,147,2.472772709525074e-30
146,148,2.274747312137e-30
146,149,3.108749588046183e-30
147,148,1.907420025520467e-30
147,149,1.5503431401209128e-30
148,149,3.85126431583605e-30
