cluster_i,cluster_k,epsilon
0,1,1.0490547354744475e-30
0,2,2.3084343905992723e-30
0,3,1.1035450696561263e-30
0,4,3.479706442997034e-30
0,5,1.623887638603371e-30
0,6,2.9608882630567608e-30
0,7,9.445787839018383e-31
0,8,1.6946083141164376e-30
0,9,7.27571228172731e-31
0,10,2.9128553011406064e-30
0,11,2.303893098142824e-30
0,12,2.275701841590873e-30
0,13,4.702488357995063e-30
0,14,2.7537219251996452e-30
0,15,1.0766303795136044e-15
0,16,2.3175753215516658e-30
0,17,6.648886817371212e-31
0,18,1.1878643895800967e-30
0,19,1.0805631647704439e-30
0,20,1.7314499218690478e-30
0,21,4.8233556463726224e-30
0,22,4.086693750091311e-30
0,23,7.686278609193707e-31
0,24,1.570370036364389e-30
0,25,5.045329704994025e-31
0,26,8.032749821971659e-31
0,27,2.5193118914362994e-30
0,28,1.944871731614695e-30
0,29,2.2433040945209325e-30
0,30,8.25897100307427e-31
0,31,9.331199964942712e-16
0,32,1.4983662899755877e-30
0,33,1.4576036406938602e-30
0,34,4.8111222292382475e-30
0,35,2.780507237001648e-30
0,36,3.211521219794877e-30
0,37,1.0565672978576031e-30
0,38,1.251519314043746e-30
0,39,1.0600712589240237e-30
0,40,3.3534642784584084e-31
0,41,2.279371055364458e-30
0,42,1.2612902588165894e-30
0,43,2.6486659541479298e-30
0,44,9.836392577349989e-30
0,45,1.3155555673639398e-30
0,46,2.7956118029559323e-30
0,47,8.267740777412819e-31
0,48,8.79371799547779e-31
0,49,8.087063687060418e-31
0,50,1.07238734232721e-30
0,51,2.244828849961514e-30
0,52,8.957832199719943e-31
0,53,7.98110843943302e-31
0,54,9.323043457444185e-32
0,55,5.848993254612981e-30
0,56,5.8998924114251e-31
0,57,2.8382122379838142e-30
0,58,8.261084593367365e-30
0,59,2.6494908875020834e-30
0,60,2.5103586522436034e-30
0,61,7.597456518244555e-31
0,62,9.322956231033257e-32
0,63,1.6666634015119837e-30
0,64,2.3359410228246082e-30
0,65,9.462462363070237e-31
0,66,2.6139696995011408e-30
0,67,6.971153856571834e-30
0,68,2.6618629309531503e-30
0,69,9.323562096424236e-32
0,70,1.8637808994519046e-30
0,71,3.1282960674939452e-30
0,72,2.1924131495980354e-30
0,73,2.0740574618223777e-30
0,74,2.1261898029970405e-30
0,75,1.5310867868403261e-30
0,76,1.656566948417157e-30
0,77,2.6098399268346956e-30
0,78,1.374332511657478e-30
0,79,1.4032712849505109e-30
0,80,1.828744697650394e-30
0,81,1.0288423602599279e-30
0,82,9.763742272531764e-31
0,83,2.7815739977496004e-30
0,84,3.838160000631323e-30
0,85,1.831202414482415e-30
0,86,7.268924908349906e-30
0,87,2.908156947488029e-30
0,88,1.4863453054199156e-30
0,89,1.252106716641916e-30
0,90,4.2665990345259674e-30
0,91,4.521052093727111e-30
0,92,4.724279162020197e-31
0,93,2.3025615924831784e-30
0,94,9.616573328202056e-31
0,95,2.3845857512391098e-30
0,96,1.1237604246289067e-30
0,97,1.6657599035963344e-30
0,98,1.2162493284354134e-30
0,99,1.6235245120489793e-30
0,100,8.17954142868323e-31
0,101,1.2055387385150277e-30
0,102,3.1199093488103472e-31
0,103,1.5098415072316922e-30
0,104,1.840454340839371e-30
0,105,2.3888933461394174e-30
0,106,3.323956972655572e-30
0,107,3.486482260110758e-31
0,108,1.2665319945955176e-30
0,109,2.8553420736309322e-30
0,110,2.430857570623284e-30
0,111,1.9030380671573207e-30
0,112,2.005173850536183e-30
0,113,7.329178187031097e-31
0,114,1.0293394711300785e-30
0,115,1.6813220410413174e-30
0,116,4.7182397782399294e-30
0,117,9.86123428440449e-31
0,118,9.321775656839763e-32
0,119,4.50137172285484e-30
0,120,9.19058182454481e-31
0,121,6.267466856514235e-31
0,122,1.8787445390521092e-30
0,123,1.106034972175705e-30
0,124,6.407679084463598e-30
0,125,1.717750612600882e-30
0,126,1.587981924710012e-30
0,127,1.082509628664985e-30
0,128,1.0215341729451256e-30
0,129,2.113364117434344e-30
0,130,1.1188630228278745e-16
0,131,1.2566985065834766e-30
0,132,4.9610458982749826e-30
0,133,2.39059967269385e-31
0,134,1.4706250665070842e-30
0,135,1.0122071985692388e-30
0,136,1.4204160529627416e-30
0,137,1.0047613076037063e-30
0,138,1.0043548310247485e-30
0,139,5.8781790377332945e-30
0,140,2.375302977579421e-30
0,141,1.1597549652432633e-30
0,142,2.900364424011865e-30
0,143,7.762937408279126e-31
0,144,1.478458633332226e-30
0,145,2.421630705164823e-30
0,146,2.6788915025363044e-30
0,147,1.0440590925245157e-30
0,148,8.172472625301348e-31
0,149,3.874096811474321e-30
1,2,2.1774189493016686e-30
1,3,5.235213247280957e-31
1,4,1.7278985459573677e-30
1,5,7.835730193664398e-31
1,6,9.0119261325319e-31
1,7,9.272529712930566e-31
1,8,9.040418182976682e-31
1,9,4.836920911184014e-31
1,10,8.235670214158416e-31
1,11,5.7790196016700225e-31
1,12,1.6663233517056085e-30
1,13,1.3320875251338572e-30
1,14,2.7135886868421948e-30
1,15,2.816295648326626e-16
1,16,8.385148217308297e-31
1,17,2.6583001386594044e-31
1,18,1.0931523356830748e-30
1,19,5.995318712174762e-31
1,20,1.1830833162977304e-30
1,21,3.1166837372633123e-30
1,22,1.7890347842742945e-30
1,23,8.629826109113404e-31
1,24,1.5397224633058963e-30
1,25,5.615903097777062e-31
1,26,9.035818603532485e-31
1,27,6.935715077751623e-31
1,28,7.680087596909156e-31
1,29,2.5625355545406352e-30
1,30,4.486715337388126e-31
1,31,1.002856229456155e-15
1,32,3.6809826453286083e-31
1,33,6.183955348212917e-31
1,34,5.302940313955302e-30
1,35,2.43099880536663e-30
1,36,8.770020662489719e-31
1,37,7.414924239313523e-31
1,38,8.007366416456947e-31
1,39,4.044014125065607e-31
1,40,3.091008091024775e-31
1,41,1.3076984754616351e-30
1,42,4.9694947250347576e-31
1,43,9.15414188165683e-31
1,44,3.796928575007393e-30
1,45,1.1394045505426521e-30
1,46,2.4459870881414526e-30
1,47,2.23376388274846e-31
1,48,5.7069810067367885e-31
1,49,5.628990132651751e-31
1,50,8.57530645207739e-31
1,51,1.6141061657862266e-30
1,52,8.74401714090389e-31
1,53,3.528089252460041e-31
1,54,1.001979621475805e-31
1,55,1.5716250041522746e-16
1,56,6.126432761755358e-31
1,57,7.1730852652807405e-31
1,58,6.762606269696504e-30
1,59,2.358226536123617e-30
1,60,2.7943867355806448e-30
1,61,8.4389047665316e-31
1,62,1.0019702469527105e-31
1,63,9.020290192931618e-31
1,64,2.4225258046578148e-30
1,65,6.700245093970241e-31
1,66,6.68328048322522e-31
1,67,3.17362868595691e-30
1,68,1.2560052860122503e-30
1,69,1.0020353613949942e-31
1,70,5.7386247757367305e-31
1,71,1.122581657684264e-30
1,72,5.7074415542287335e-31
1,73,1.1435880155327172e-30
1,74,1.60043409583451e-30
1,75,1.6400993982110704e-30
1,76,1.0351448384311439e-30
1,77,1.0923558864800911e-30
1,78,1.036406659100967e-30
1,79,1.3896500306308378e-30
1,80,1.7397684074134206e-30
1,81,8.713380850811108e-31
1,82,5.631099162826974e-31
1,83,1.611959961637874e-30
1,84,1.0468337442703975e-30
1,85,1.2674854742938292e-30
1,86,4.513864344217622e-30
1,87,3.178280898514092e-30
1,88,8.710933652172473e-31
1,89,1.156175821676472e-30
1,90,4.6840537288738436e-30
1,91,1.1685990559865079e-30
1,92,4.637302337119895e-31
1,93,1.2690533305963036e-30
1,94,4.957348359473897e-31
1,95,9.958758813055552e-31
1,96,6.267088535051255e-31
1,97,1.4602340531286421e-30
1,98,1.3940654655491592e-30
1,99,1.5124910209082817e-30
1,100,2.599423602001684e-31
1,101,7.605805335500701e-31
1,102,3.1829095963768016e-31
1,103,3.3340350637283935e-31
1,104,6.175360112750461e-31
1,105,1.2475779300461887e-30
1,106,7.865007663283949e-31
1,107,2.4761869110160625e-31
1,108,3.836015469711989e-31
1,109,2.390571547985174e-30
1,110,1.4709210553268526e-30
1,111,1.5031124064814748e-30
1,112,4.645790065988682e-31
1,113,2.7042748878385617e-31
1,114,3.2016733156574686e-31
1,115,1.2979085860377954e-30
1,116,1.48650278426443e-30
1,117,5.644908774055917e-31
1,118,1.0018433665741175e-31
1,119,1.1546975826327835e-30
1,120,5.484158995974924e-31
1,121,4.762098150877991e-31
1,122,1.015487591642965e-30
1,123,4.270169187251563e-31
1,124,1.7608422900806642e-30
1,125,1.0489259725401624e-30
1,126,3.3727410373222324e-31
1,127,7.7490724428879525e-31
1,128,1.0018952839475073e-30
1,129,9.129396747510172e-31
1,130,1.249000902703295e-16
1,131,1.3115571059093274e-30
1,132,1.1923986184749959e-30
1,133,6.253432545847708e-32
1,134,1.2157360401847859e-30
1,135,1.0310111434372199e-30
1,136,9.453223348016485e-31
1,137,4.385960216697937e-31
1,138,7.92030801482433e-31
1,139,3.202432016477589e-30
1,140,1.5258246242454476e-30
1,141,6.94412698385628e-31
1,142,2.1095085117369152e-30
1,143,4.209636597609143e-31
1,144,1.467015606493081e-30
1,145,1.5485716545195881e-30
1,146,1.1020193997225637e-30
1,147,1.1138783699889566e-30
1,148,1.9091895161528978e-31
1,149,2.416370306555316e-30
2,3,1.1384480173946189e-30
2,4,4.092269753791483e-30
2,5,1.8625925426858416e-30
2,6,2.3070320473519704e-30
2,7,1.9784000688286893e-30
2,8,1.913563430339131e-30
2,9,1.0835818995929843e-30
2,10,1.8925119098271525e-30
2,11,1.8329041929770048e-30
2,12,3.965880090226853e-30
2,13,3.634764147975377e-30
2,14,5.6694308864917564e-30
2,15,7.302753170298015e-16
2,16,2.1033939041150184e-30
2,17,3.721165191904553e-31
2,18,2.383185727300991e-30
2,19,1.4644929656610967e-30
2,20,2.5240050713376517e-30
2,21,6.952102205457141e-30
2,22,3.854166964664356e-30
2,23,1.7622682370630208e-30
2,24,3.158680831785199e-30
2,25,1.236694296706731e-30
2,26,1.786583055601065e-30
2,27,1.7703836843440544e-30
2,28,2.1902384345652275e-30
2,29,5.248950091809753e-30
2,30,9.824294628676798e-31
2,31,2.0577140412094963e-15
2,32,1.1202688265580353e-30
2,33,1.6523194615942183e-30
2,34,1.0868515117872393e-29
2,35,5.140855012870489e-30
2,36,2.3296237772635754e-30
2,37,5.6033447973842305e-16
2,38,1.1189974934759744e-16
2,39,1.0532897637011673e-30
2,40,5.621110190236642e-31
2,41,3.0929853416740725e-30
2,42,1.0397072946602301e-30
2,43,2.2660675858307222e-30
2,44,1.313358673950801e-16
2,45,3.463011630774524e-30
2,46,4.987387249173731e-30
2,47,5.913231087909936e-31
2,48,9.515897444497534e-31
2,49,1.2991358103432412e-30
2,50,1.83599657341005e-30
2,51,3.5131514622423954e-30
2,52,2.011847779187139e-30
2,53,8.632661548092333e-31
2,54,2.055915370077165e-31
2,55,5.462919383854687e-16
2,56,1.2718441592339128e-30
2,57,1.967023046880048e-30
2,58,8.226614020711509e-16
2,59,4.8721476062331655e-30
2,60,5.6536360894343536e-30
2,61,1.597105455553972e-30
2,62,2.055896134929359e-31
2,63,2.062292529103426e-30
2,64,5.008731830735311e-30
2,65,1.3919886835044287e-30
2,66,1.641081070957632e-30
2,67,7.662379589388554e-30
2,68,2.9798254405353376e-30
2,69,2.0560297402241533e-31
2,70,1.5609761536773154e-30
2,71,2.8899317131571572e-30
2,72,1.5273105384551789e-30
2,73,2.5855840026631467e-30
2,74,3.3717608952400114e-30
2,75,3.320990243222755e-30
2,76,2.3264776578873246e-30
2,77,2.6024764494503208e-30
2,78,2.0621409562756523e-30
2,79,2.8222639559524205e-30
2,80,3.6593928681020655e-30
2,81,1.9481388177843844e-30
2,82,1.3456408720151609e-30
2,83,3.784269913768036e-30
2,84,2.541746668271863e-30
2,85,2.7859380754565245e-30
2,86,6.675299758716025e-16
2,87,6.62645893283473e-30
2,88,1.921832598204726e-30
2,89,2.3874423874018344e-30
2,90,9.552301230313005e-30
2,91,2.851668986067139e-30
2,92,9.5238279688637e-31
2,93,2.9951550847159203e-30
2,94,9.6163047515978e-31
2,95,2.353363011657889e-30
2,96,1.3722936340180148e-30
2,97,7.102564656596359e-16
2,98,2.793724834397299e-30
2,99,3.3120697508227876e-30
2,100,3.5449011579281985e-31
2,101,1.8090680236919693e-30
2,102,6.261736431136711e-31
2,103,8.888763862998347e-31
2,104,1.5809562747058766e-30
2,105,2.844024008565979e-30
2,106,1.9510629351352613e-30
2,107,5.4794302821858265e-31
2,108,1.1015607612928522e-30
2,109,3.230872993260296e-16
2,110,3.342819699581468e-30
2,111,3.173297586105838e-30
2,112,1.1349680728762796e-30
2,113,6.3110869008996755e-31
2,114,8.26957106072566e-31
2,115,2.6331131224046686e-30
2,116,3.784902949471525e-30
2,117,1.2452340166059533e-30
2,118,2.055635794983396e-31
2,119,2.1882572784345407e-30
2,120,1.2456660331085091e-30
2,121,1.0018819831811322e-30
2,122,2.1685033334247425e-30
2,123,1.0067224140769393e-30
2,124,4.538929170455186e-30
2,125,2.2739816562768607e-30
2,126,8.86252378055218e-31
2,127,1.6881847399657664e-30
2,128,2.145978490545819e-30
2,129,2.185620538323685e-30
2,130,1.273970179817612e-15
2,131,2.636192351261245e-30
2,132,3.230767192791019e-30
2,133,1.6215369425638433e-31
2,134,2.598296270205182e-30
2,135,2.0307645731076706e-30
2,136,2.0113102050441425e-30
2,137,6.474519342004703e-31
2,138,1.7279480283908755e-30
2,139,5.124874924826141e-16
2,140,3.4967899176808244e-30
2,141,1.5323225815919808e-30
2,142,4.648601151426883e-30
2,143,8.701887924388447e-31
2,144,2.574602483429906e-30
2,145,3.1452085258879017e-30
2,146,2.568812827772706e-30
2,147,2.2850583875252982e-30
2,148,4.924346017972831e-31
2,149,5.29539726201633e-30
3,4,2.9403169424086676e-30
3,5,1.5103095971725798e-30
3,6,2.6778978107539025e-30
3,7,6.465279563692312e-31
3,8,1.604500882913005e-30
3,9,4.8796275182611725e-31
3,10,2.8938686280152533e-30
3,11,2.2156185219221498e-30
3,12,1.8203043245537448e-30
3,13,4.491094926440246e-30
3,14,1.639058709438803e-30
3,15,1.0095554103513709e-15
3,16,2.001582188656971e-30
3,17,7.086937512126398e-31
3,18,7.5272711319535145e-31
3,19,1.2602823190762979e-30
3,20,1.27243440833106e-30
3,21,3.9044424314598445e-30
3,22,3.943725208590081e-30
3,23,1.6045512635531683e-30
3,24,7.82904253590912e-31
3,25,4.803228219320224e-31
3,26,7.88167906911635e-31
3,27,2.472954571580855e-30
3,28,1.7296268472031128e-30
3,29,1.6195505647235055e-30
3,30,7.502068313428775e-31
3,31,4.796502568739101e-16
3,32,1.4458103116805816e-30
3,33,1.305959085438746e-30
3,34,2.6054850276178023e-30
3,35,1.5216832126743488e-30
3,36,3.06908034314549e-30
3,37,1.1062971628475608e-30
3,38,1.1818962318293468e-30
3,39,9.696510490950796e-31
3,40,3.5793819935030187e-31
3,41,1.926552527641553e-30
3,42,1.248266875842207e-30
3,43,2.8542360919192955e-30
3,44,7.787896625098157e-30
3,45,1.0522182211380153e-30
3,46,2.053790345141334e-30
3,47,8.972461406309915e-31
3,48,9.524431234877855e-31
3,49,7.283354090083319e-31
3,50,1.2661624428800657e-30
3,51,1.859233601837296e-30
3,52,5.262773775854242e-31
3,53,6.5640808070721475e-31
3,54,4.792309891557643e-32
3,55,7.560847543382567e-16
3,56,5.87479972863735e-31
3,57,2.670161703534509e-30
3,58,6.492268945407692e-30
3,59,1.5283500483525696e-30
3,60,2.1890380114806362e-30
3,61,6.786625400209037e-31
3,62,4.7922650546978965e-32
3,63,1.4063775743159684e-30
3,64,1.178222956670744e-30
3,65,8.632548497336065e-31
3,66,2.532452572656254e-30
3,67,5.669595593025138e-30
3,68,2.0606152561782642e-30
3,69,4.7925764867661263e-32
3,70,1.685328178459557e-30
3,71,2.9911341048464178e-30
3,72,2.1015558892294235e-30
3,73,2.045609343124226e-30
3,74,1.5479419844243268e-30
3,75,8.42299671078228e-31
3,76,1.2093661459265148e-30
3,77,2.2949816298039798e-30
3,78,1.4221348986831245e-30
3,79,6.893451029734876e-31
3,80,8.813266611546156e-31
3,81,9.316988006834535e-31
3,82,8.152871363732556e-31
3,83,2.1435787634812356e-30
3,84,3.888724746588059e-30
3,85,1.5394583482905465e-30
3,86,4.014976168611855e-16
3,87,1.624777387756935e-30
3,88,1.473896940127649e-30
3,89,1.0000152657872228e-30
3,90,2.3143438322845444e-30
3,91,4.554277256177629e-30
3,92,4.100599129287097e-31
3,93,1.8474090666292497e-30
3,94,1.030144741843003e-30
3,95,2.1219425271561936e-30
3,96,1.014581364030577e-30
3,97,1.2396249305798477e-30
3,98,1.2631090532827594e-30
3,99,1.152947530006813e-30
3,100,8.718286184833916e-31
3,101,9.291020395607145e-31
3,102,3.516142061473011e-31
3,103,1.572524458907537e-30
3,104,1.8072826016019643e-30
3,105,2.097257782824091e-30
3,106,3.2938966058060945e-30
3,107,2.5375528316669614e-31
3,108,1.2827754604589353e-30
3,109,2.181135099867757e-30
3,110,2.175981799629432e-30
3,111,1.5424733022720192e-30
3,112,1.9536862028930816e-30
3,113,7.311856278326931e-31
3,114,9.307539445020259e-31
3,115,1.796860534233415e-30
3,116,4.255084820764061e-30
3,117,9.474452691035134e-31
3,118,4.7916582059353634e-32
3,119,4.5746488066934996e-30
3,120,8.34536356542882e-31
3,121,6.393581724484915e-31
3,122,1.9579460835064024e-30
3,123,1.0642596573768575e-30
3,124,5.934889341882101e-30
3,125,1.6425762380462638e-30
3,126,1.5852146137160918e-30
3,127,7.576206779350191e-31
3,128,5.12618926212854e-31
3,129,1.9073502522003127e-30
3,130,1.9473768076877075e-16
3,131,6.335018102487471e-31
3,132,4.893104374626591e-30
3,133,2.2416633224139814e-31
3,134,1.3965309397913065e-30
3,135,7.804238142398089e-31
3,136,1.1673880243407242e-30
3,137,1.1026237778080643e-30
3,138,7.368172395770741e-31
3,139,3.380177244315292e-16
3,140,1.613709191549161e-30
3,141,9.372112462037183e-31
3,142,2.1697822434282772e-30
3,143,7.686984833911684e-31
3,144,1.5273595734723722e-30
3,145,2.3242965987927997e-30
3,146,2.4188700389611622e-30
3,147,5.466045358137874e-31
3,148,8.127415859950724e-31
3,149,3.213507062193427e-30
4,5,4.0234073113253806e-30
4,6,7.61886825358805e-30
4,7,1.8851551499104586e-30
4,8,4.381852514325568e-30
4,9,1.6107007474032467e-30
4,10,7.696633201552225e-30
4,11,6.098771641376888e-30
4,12,5.5115265479140024e-30
4,13,1.2343546781393151e-29
4,14,4.700271406658843e-30
4,15,2.8056480300813747e-15
4,16,5.86030554198624e-30
4,17,1.723367395306965e-30
4,18,2.2889012101692595e-30
4,19,2.8637106205980887e-30
4,20,3.9618890475455646e-30
4,21,1.1671546817761436e-29
4,22,1.0719166506481456e-29
4,23,1.9518049795481596e-30
4,24,2.5478064079187773e-30
4,25,5.173095688731373e-31
4,26,1.0434503331033717e-30
4,27,6.724573297259763e-30
4,28,5.008636926603016e-30
4,29,3.037634953382818e-30
4,30,2.0967880820090244e-30
4,31,1.3021477347208025e-15
4,32,3.936769652223344e-30
4,33,3.671443670153766e-30
4,34,6.559722827307878e-30
4,35,5.341219730975971e-30
4,36,8.332311571433367e-30
4,37,8.73667198244484e-16
4,38,3.2153988280658305e-30
4,39,2.7450907163389854e-30
4,40,7.189353995382381e-31
4,41,5.914710053888137e-30
4,42,3.331879142555181e-30
4,43,6.975732655301062e-30
4,44,5.384689407478773e-16
4,45,3.300116242482837e-30
4,46,5.999224365531645e-30
4,47,2.2045158330911148e-30
4,48,2.2255659944235213e-30
4,49,2.0656316673965964e-30
4,50,2.8592218382943492e-30
4,51,5.4272209481342456e-30
4,52,1.8012853432663938e-30
4,53,1.976098707542125e-30
4,54,1.301009512648365e-31
4,55,1.2992852940016692e-15
4,56,1.0843468487747235e-30
4,57,7.405309196035473e-30
4,58,1.8043519659359426e-29
4,59,5.028903844527312e-30
4,60,5.107850880074976e-30
4,61,1.3313409956198722e-30
4,62,1.3009973404010845e-31
4,63,4.2407475733247536e-30
4,64,3.8678484517291314e-30
4,65,2.3855797848978097e-30
4,66,6.862046637941197e-30
4,67,1.7249811222182568e-29
4,68,6.386968439555654e-30
4,69,1.3010818875385776e-31
4,70,4.847933418670131e-30
4,71,8.339884879697836e-30
4,72,5.739135099580428e-30
4,73,5.487168371739511e-30
4,74,4.8511748476557356e-30
4,75,2.2540073558105868e-30
4,76,3.761675202590543e-30
4,77,6.644865466478749e-30
4,78,3.605166921693747e-30
4,79,2.1173652600827972e-30
4,80,3.1237587618341835e-30
4,81,2.5934160541811514e-30
4,82,2.4296618838339e-30
4,83,6.718553416819868e-30
4,84,1.0186316234036443e-29
4,85,4.57609542095962e-30
4,86,5.900916318210354e-16
4,87,4.6235098235431924e-30
4,88,3.789333357468124e-30
4,89,2.929250059535133e-30
4,90,5.826042011013602e-30
4,91,1.2142398209789184e-29
4,92,1.1129109457923842e-30
4,93,5.50712892503468e-30
4,94,2.5489506882252156e-30
4,95,6.0460622323121414e-30
4,96,2.9144425801977506e-30
4,97,3.64819246993404e-30
4,98,3.221086681948475e-30
4,99,3.714171700825079e-30
4,100,2.161052873557647e-30
4,101,2.9881033808249296e-30
4,102,7.255892344060531e-31
4,103,3.939648268271404e-30
4,104,4.84234571826274e-30
4,105,5.862279436343919e-30
4,106,8.758847171142533e-30
4,107,8.018516890795456e-31
4,108,3.288668053494234e-30
4,109,6.304218739091604e-30
4,110,6.253955325755411e-30
4,111,4.547439387593773e-30
4,112,5.2780673223822255e-30
4,113,1.9334043203438683e-30
4,114,2.649981231802591e-30
4,115,4.393409071281997e-30
4,116,1.2183804926243358e-29
4,117,2.570834731623459e-30
4,118,1.3008325939571648e-31
4,119,1.1919621936651309e-29
4,120,2.341127779281202e-30
4,121,1.623966172248122e-30
4,122,5.020029090214598e-30
4,123,2.9089632131917574e-30
4,124,1.6639168456548535e-29
4,125,4.364838422166702e-30
4,126,4.205725826236845e-30
4,127,2.4125643284001673e-30
4,128,1.747364301815281e-30
4,129,5.4201536042538635e-30
4,130,9.70577397247848e-16
4,131,1.7153618514078384e-30
4,132,5.053528580153359e-16
4,133,6.229790083981116e-31
4,134,3.684251346931902e-30
4,135,2.088620135612927e-30
4,136,3.509513387286453e-30
4,137,2.6087710624728124e-30
4,138,2.062331901289992e-30
4,139,5.026868267278915e-16
4,140,5.3340731784530735e-30
4,141,2.7767057389106166e-30
4,142,6.570006257121521e-30
4,143,2.0404546306565398e-30
4,144,3.398376200838766e-30
4,145,6.456396183614536e-30
4,146,6.74484948942345e-30
4,147,1.6307235875383133e-30
4,148,2.158860409122557e-30
4,149,4.0486589077360006e-16
5,6,3.648386440848561e-30
5,7,8.656744712623564e-31
5,8,2.128748565514449e-30
5,9,7.452512271690036e-31
5,10,3.738085352633248e-30
5,11,2.9339729531418057e-30
5,12,2.587020003684211e-30
5,13,5.945460682369221e-30
5,14,2.0755264104351595e-30
5,15,1.3510912474012875e-15
5,16,2.7873643616239077e-30
5,17,8.546554710852449e-31
5,18,1.0763851731700266e-30
5,19,1.4492185453995575e-30
5,20,1.8804739358381848e-30
5,21,5.5441508244465376e-30
5,22,5.174908988545035e-30
5,23,1.2634228803999482e-30
5,24,1.1264812546534534e-30
5,25,3.5006341532607004e-31
5,26,7.022049751422726e-31
5,27,3.373979289770199e-30
5,28,2.3781201467366283e-30
5,29,1.5901314164803708e-30
5,30,1.0344973736089332e-30
5,31,6.041621245245273e-16
5,32,1.9061304754948298e-30
5,33,2.025797231587885e-30
5,34,3.0628733863676238e-30
5,35,2.3720481662919982e-30
5,36,4.086520159456982e-30
5,37,5.870879379939079e-16
5,38,1.5073306663588308e-30
5,39,1.3184024443268757e-30
5,40,3.796335810326006e-31
5,41,2.6911256065743263e-30
5,42,1.612918945415959e-30
5,43,3.571412795728295e-30
5,44,1.1322561429297143e-29
5,45,1.4827432960916758e-30
5,46,2.871464209710378e-30
5,47,1.1046595283861473e-30
5,48,1.1056730538130745e-30
5,49,9.586249654319606e-31
5,50,1.4806586871670386e-30
5,51,2.6385696218955506e-30
5,52,7.539097031204235e-31
5,53,9.324679119518703e-31
5,54,6.036340195736612e-32
5,55,4.731185980136562e-16
5,56,7.202150338814963e-31
5,57,3.559740298766332e-30
5,58,4.2389770441856397e-16
5,59,2.492609385642186e-30
5,60,2.6833114590737627e-30
5,61,7.160537038664784e-31
5,62,6.036283719727158e-32
5,63,2.0280574910693096e-30
5,64,1.7340997629064203e-30
5,65,1.1406803492301093e-30
5,66,3.333112138023633e-30
5,67,8.064989468528566e-30
5,68,3.005231124940438e-30
5,69,6.03667599609372e-32
5,70,2.2469353236777578e-30
5,71,3.959900068494207e-30
5,72,2.7448709426917285e-30
5,73,2.578528999412893e-30
5,74,2.2068563809417692e-30
5,75,1.2286197087830963e-30
5,76,1.783859096317407e-30
5,77,3.1457932381828642e-30
5,78,1.787035378501821e-30
5,79,9.697441775919575e-31
5,80,1.3965656303515986e-30
5,81,1.2302408669423004e-30
5,82,1.1402068364780701e-30
5,83,3.148491081461595e-30
5,84,4.9932295447735124e-30
5,85,2.171591228926286e-30
5,86,5.371707865454121e-16
5,87,1.9115788532926064e-30
5,88,2.122439324984725e-30
5,89,1.3647385651721025e-30
5,90,2.7625695388962887e-30
5,91,5.896405654760935e-30
5,92,5.3087372861770755e-31
5,93,2.9971576582466973e-30
5,94,1.2599204115296931e-30
5,95,2.9244734883667968e-30
5,96,1.3535452649354041e-30
5,97,1.7564471774447296e-30
5,98,1.7083607143701805e-30
5,99,1.750825600100429e-30
5,100,1.0729122271543043e-30
5,101,1.327570684467381e-30
5,102,3.697801053911883e-31
5,103,2.0435951057654804e-30
5,104,2.3557574167036006e-30
5,105,2.9315980787609575e-30
5,106,4.298479092729243e-30
5,107,3.7302415643239794e-31
5,108,1.672569130527612e-30
5,109,3.7543863496473434e-30
5,110,2.852361953791743e-30
5,111,2.0964308453561016e-30
5,112,2.5588706820560877e-30
5,113,9.410687316668307e-31
5,114,1.268178565407225e-30
5,115,2.2650053945703908e-30
5,116,5.8496882073259004e-30
5,117,1.2413525861613908e-30
5,118,6.035519339780765e-32
5,119,5.809359264147804e-30
5,120,1.1266340413699216e-30
5,121,8.007295143698325e-31
5,122,2.434827140248335e-30
5,123,1.394813539746699e-30
5,124,7.990229251470458e-30
5,125,2.1529769436247455e-30
5,126,2.038936287100677e-30
5,127,1.1301368783471177e-30
5,128,1.0500701297345451e-30
5,129,2.5841128169552507e-30
5,130,3.2039830726983755e-16
5,131,8.185863545093915e-31
5,132,6.358176693233173e-30
5,133,3.0000252224688683e-31
5,134,1.7524325961912828e-30
5,135,1.0547976338908931e-30
5,136,1.6455390213310784e-30
5,137,1.3124908902017743e-30
5,138,1.2679667358570511e-30
5,139,1.4739229889206558e-15
5,140,2.4597405433886863e-30
5,141,1.3204264661106614e-30
5,142,3.2232512846119515e-30
5,143,9.911424492932713e-31
5,144,1.7021503613646174e-30
5,145,2.9911449726218364e-30
5,146,3.2756455289714826e-30
5,147,7.3278134147604206e-31
5,148,1.0514679796622337e-30
5,149,4.515285930796446e-30
6,7,1.4289445993784194e-30
6,8,4.2142165121924494e-30
6,9,1.2925094121826853e-30
6,10,7.48346075582958e-30
6,11,5.768922933320514e-30
6,12,4.815724586168675e-30
6,13,1.1657121612886047e-29
6,14,3.62145905469531e-30
6,15,2.6513476379029218e-15
6,16,5.3761036675795e-30
6,17,1.7800482634545345e-30
6,18,1.526867725126297e-30
6,19,2.7001849624252864e-30
6,20,3.444446945183945e-30
6,21,1.0254487492755483e-29
6,22,1.0303723931300019e-29
6,23,1.4939518747739591e-30
6,24,1.4148060143518109e-30
6,25,1.6830882516927279e-31
6,26,1.1948374864887225e-30
6,27,6.434217529436497e-30
6,28,4.524571932211655e-30
6,29,3.157190073449902e-30
6,30,1.8719960323656813e-30
6,31,2.482534153247248e-16
6,32,3.761661612638724e-30
6,33,3.392309643824734e-30
6,34,1.5341825691403631e-30
6,35,3.810569755373856e-30
6,36,7.986059303353276e-30
6,37,2.7101779842474042e-30
6,38,3.1783352988907736e-30
6,39,2.536856765664286e-30
6,40,7.713812885120866e-31
6,41,5.1553467877013095e-30
6,42,3.249874552768391e-30
6,43,6.399312621341588e-30
6,44,2.2345149855052933e-29
6,45,2.1658369253701193e-30
6,46,4.8871565547487755e-30
6,47,2.0680764726535235e-30
6,48,2.325782101170079e-30
6,49,1.896938269499731e-30
6,50,2.660776688389968e-30
6,51,4.9005276308043706e-30
6,52,1.0645359940861754e-30
6,53,1.7550477145117806e-30
6,54,2.4803641420469576e-32
6,55,8.874888111490943e-30
6,56,8.743978652426838e-31
6,57,7.057804470554673e-30
6,58,1.3711635473913291e-29
6,59,3.6996998368600055e-30
6,60,5.08166863472509e-30
6,61,1.444213089259333e-30
6,62,2.4803409357556976e-32
6,63,3.860442388226172e-30
6,64,2.5994329677150072e-30
6,65,2.180277868750106e-30
6,66,6.483648684901243e-30
6,67,1.535795312526379e-29
6,68,5.580283203865206e-30
6,69,2.480502124191379e-32
6,70,4.553209066323119e-30
6,71,7.60621173475748e-30
6,72,5.567699039789148e-30
6,73,5.05692427856515e-30
6,74,4.061282339752925e-30
6,75,1.7438549532278255e-30
6,76,3.1223664487216337e-30
6,77,6.3037922448869874e-30
6,78,3.569213413381925e-30
6,79,1.3622472146377744e-30
6,80,1.9597760914613286e-30
6,81,2.488966835290597e-30
6,82,2.162057376393787e-30
6,83,5.910818510619989e-30
6,84,9.621989240673953e-30
6,85,4.1904139132650234e-30
6,86,1.885434745619996e-29
6,87,3.3132104514052515e-30
6,88,3.860452968940094e-30
6,89,2.4835130845192184e-30
6,90,2.364785324800049e-30
6,91,1.1288778085084393e-29
6,92,1.04690552811087e-30
6,93,4.9124307583015625e-30
6,94,2.5519465764774087e-30
6,95,5.653563286338895e-30
6,96,2.8562625529305594e-30
6,97,3.160100463695246e-30
6,98,3.072991608884699e-30
6,99,2.9286440282751446e-30
6,100,2.1808258084379046e-30
6,101,2.5605562042451494e-30
6,102,7.954008301628889e-31
6,103,3.8956832581843446e-30
6,104,4.58201518089757e-30
6,105,5.619926129953049e-30
6,106,8.408667246248994e-30
6,107,6.795388160093186e-31
6,108,3.1901204943146105e-30
6,109,4.540325233169701e-30
6,110,5.096448523794995e-30
6,111,4.08386419108127e-30
6,112,5.078494041539031e-30
6,113,1.8802507453246976e-30
6,114,2.46175814083432e-30
6,115,4.189696688022401e-30
6,116,1.1614553691271628e-29
6,117,2.457074692230724e-30
6,118,2.4800268479891937e-32
6,119,1.176770803955534e-29
6,120,2.176206897521788e-30
6,121,1.5277617295316718e-30
6,122,5.028448598152703e-30
6,123,2.7191686387842178e-30
6,124,1.5649516045411334e-29
6,125,4.0291241662796446e-30
6,126,4.112745219366472e-30
6,127,2.0302200141959544e-30
6,128,1.309592662198465e-30
6,129,4.785111138743999e-30
6,130,1.5700924586836672e-16
6,131,8.354610055168753e-31
6,132,1.2536696870435748e-29
6,133,5.887174387770696e-31
6,134,3.22786755836004e-30
6,135,1.8574776066387675e-30
6,136,3.2410084036731244e-30
6,137,2.687961500492395e-30
6,138,1.8424324681056794e-30
6,139,1.2545934492431696e-29
6,140,4.262336929990441e-30
6,141,2.41977711563767e-30
6,142,6.024107527996435e-30
6,143,1.9770115554989653e-30
6,144,3.6679880584640375e-30
6,145,6.1891958575922546e-30
6,146,6.1103840518460464e-30
6,147,1.1765789871205752e-30
6,148,2.0982873853425974e-30
6,149,8.026594866818558e-30
7,8,8.589043674983147e-31
7,9,4.453939613543103e-31
7,10,1.4855866152879175e-30
7,11,1.2812373505877423e-30
7,12,1.6049878625863337e-30
7,13,2.4594057396707846e-30
7,14,2.4521951063414465e-30
7,15,5.319014089382397e-16
7,16,1.1167899667946374e-30
7,17,4.36683650208238e-31
7,18,9.902217461153836e-31
7,19,7.486644556820623e-31
7,20,1.0128507564090615e-30
7,21,2.929043401208394e-30
7,22,1.9923226391169075e-30
7,23,1.1109744233473196e-30
7,24,1.3449848248388199e-30
7,25,5.76079115656267e-31
7,26,8.75153924452215e-31
7,27,1.312771803938263e-30
7,28,1.0995216369044299e-30
7,29,2.3912495273109184e-30
7,30,4.1620839253792235e-31
7,31,9.036560719766059e-16
7,32,7.7155454555130545e-31
7,33,8.075267547735481e-31
7,34,4.8275572697154736e-30
7,35,2.1241033321088343e-30
7,36,1.6267218204832747e-30
7,37,7.027499046169228e-31
7,38,8.008196625335537e-31
7,39,5.976474824443039e-31
7,40,3.286226415923291e-31
7,41,1.3437911664388285e-30
7,42,6.575140249425759e-31
7,43,1.460497916141578e-30
7,44,4.721535992761755e-30
7,45,1.2341366459825577e-30
7,46,2.1477424619302047e-30
7,47,4.581724538267234e-31
7,48,6.93565938934745e-31
7,49,5.275216280184944e-31
7,50,8.193795020338805e-31
7,51,1.4745037493705698e-30
7,52,8.219082567367131e-31
7,53,4.135297283539594e-31
7,54,9.02866175976642e-32
7,55,5.603344799023173e-16
7,56,5.651423779003463e-31
7,57,1.4656228280796995e-30
7,58,5.950857012039485e-30
7,59,2.0585970519710012e-30
7,60,2.5844001107917274e-30
7,61,7.980476928603035e-31
7,62,9.028577287591169e-32
7,63,8.607734297344952e-31
7,64,2.177124051982152e-30
7,65,5.754448762240056e-31
7,66,1.2426546599879845e-30
7,67,3.593450523905884e-30
7,68,1.2599185289249508e-30
7,69,9.02916402235349e-32
7,70,9.000692154423764e-31
7,71,1.6189253693334115e-30
7,72,1.1551948188457658e-30
7,73,1.0414805369348848e-30
7,74,1.3695209713239381e-30
7,75,1.4732831084941164e-30
7,76,8.417786385034139e-31
7,77,1.2512358885316237e-30
7,78,9.94439271447611e-31
7,79,1.1965298273438145e-30
7,80,1.5345037526000849e-30
7,81,8.551392468757814e-31
7,82,5.709518021100532e-31
7,83,1.6223677507032542e-30
7,84,1.893465977965386e-30
7,85,1.1253529422032703e-30
7,86,5.627789764125947e-30
7,87,2.9058605881078454e-30
7,88,8.92934584588093e-31
7,89,1.0462341641897541e-30
7,90,4.253935595524843e-30
7,91,2.258934188622817e-30
7,92,4.211414521185466e-31
7,93,1.1836489499426424e-30
7,94,6.127385469694787e-31
7,95,1.1184889398382187e-30
7,96,6.555371990867133e-31
7,97,1.2812280283593338e-30
7,98,1.3331542387083363e-30
7,99,1.3819380474440042e-30
7,100,4.905828182938004e-31
7,101,7.587079565188667e-31
7,102,3.22366876735732e-31
7,103,8.152174290733762e-31
7,104,9.179940428150948e-31
7,105,1.2072209882171515e-30
7,106,1.6655882379617847e-30
7,107,2.254220836467784e-31
7,108,6.6886976843160366e-31
7,109,2.116170472190665e-30
7,110,1.4855802058634886e-30
7,111,1.3076028896007998e-30
7,112,9.58350876865676e-31
7,113,3.915840086216038e-31
7,114,5.072091475352353e-31
7,115,1.1821744138156876e-30
7,116,2.3085023812861376e-30
7,117,5.148434569398578e-31
7,118,9.027433990863658e-32
7,119,2.4180107947623813e-30
7,120,4.887848986670951e-31
7,121,4.411729530694042e-31
7,122,1.205621754183611e-30
7,123,5.701390948256591e-31
7,124,3.1132708132800723e-30
7,125,9.269518100349604e-31
7,126,8.545934175101623e-31
7,127,6.989293164033481e-31
7,128,9.054681977333876e-31
7,129,1.1128260219356368e-30
7,130,1.9229626863836075e-16
7,131,1.1507330194531293e-30
7,132,2.5975644399326825e-30
7,133,1.1810583820675905e-31
7,134,1.0943494180091298e-30
7,135,9.148321873572243e-31
7,136,8.447625264514979e-31
7,137,6.794601239917662e-31
7,138,7.074072547233232e-31
7,139,4.005568363435431e-30
7,140,1.4637142859459744e-30
7,141,6.11267787473673e-31
7,142,1.886865868492984e-30
7,143,4.235968866780288e-31
7,144,1.5349367321440384e-30
7,145,1.4860644516535388e-30
7,146,1.3071479150395274e-30
7,147,1.005263427249201e-30
7,148,4.225513037687711e-31
7,149,2.2244114486806143e-30
8,9,7.399357834378855e-31
8,10,4.7710896916785976e-30
8,11,3.298610328093906e-30
8,12,2.7232221249098646e-30
8,13,6.851146283017287e-30
8,14,2.5857742858377848e-30
8,15,1.5888589805002598e-15
8,16,3.181539125235735e-30
8,17,1.2247591001465995e-30
8,18,9.6173166376342e-31
8,19,1.715815461018431e-30
8,20,2.168313494328433e-30
8,21,5.838368338405072e-30
8,22,6.587923533092724e-30
8,23,1.1286768998723998e-30
8,24,1.3896062122892717e-30
8,25,5.992497699229165e-31
8,26,1.2807014675152552e-30
8,27,3.9851635753050504e-30
8,28,2.5134154350793895e-30
8,29,3.16633414137829e-30
8,30,1.1422191086707673e-30
8,31,9.327071115198571e-16
8,32,2.284780333639021e-30
8,33,1.8921781291396278e-30
8,34,5.184079180383911e-30
8,35,2.4006308003175243e-30
8,36,4.7888557596569215e-30
8,37,1.7327520141022506e-30
8,38,2.077238973402956e-30
8,39,1.4139928682535223e-30
8,40,6.4731168876419195e-31
8,41,3.0289576237862324e-30
8,42,2.162080120334067e-30
8,43,3.80932729839009e-30
8,44,1.32468404913238e-29
8,45,1.0843248814792844e-30
8,46,3.0997017738717197e-30
8,47,1.2371966269570787e-30
8,48,1.6786841500605368e-30
8,49,1.0798374285734332e-30
8,50,1.6321051469034894e-30
8,51,2.9432771562018486e-30
8,52,7.158573065437257e-31
8,53,9.980660986451733e-31
8,54,9.318918216774325e-32
8,55,1.3877787807814242e-16
8,56,6.2343389093376955e-31
8,57,4.183082521607604e-30
8,58,7.761337635772915e-30
8,59,2.3190915427832613e-30
8,60,3.8878760328452824e-30
8,61,1.2379507033486149e-30
8,62,9.318831028959155e-32
8,63,2.320655039215928e-30
8,64,2.254835349771766e-30
8,65,1.398152520552523e-30
8,66,4.004071936411775e-30
8,67,8.736613876207918e-30
8,68,3.37002592941142e-30
8,69,9.31943662626809e-32
8,70,2.7338724810672808e-30
8,71,4.476136298776533e-30
8,72,3.329789273492177e-30
8,73,3.066433911754812e-30
8,74,2.351348947388742e-30
8,75,1.6424784363782833e-30
8,76,1.9696397874618646e-30
8,77,3.827414138503473e-30
8,78,2.268901656692935e-30
8,79,1.308823417292754e-30
8,80,1.5627653650294592e-30
8,81,1.5150684203517276e-30
8,82,1.245973521578785e-30
8,83,3.284912382586243e-30
8,84,5.9616831771654824e-30
8,85,2.4059239663234594e-30
8,86,1.1532976059293065e-16
8,87,3.278472578435779e-30
8,88,2.3616788930010296e-30
8,89,1.587137115900595e-30
8,90,4.598785773592447e-30
8,91,6.867019078937764e-30
8,92,6.9218871690622975e-31
8,93,2.9109751011258128e-30
8,94,1.6986031202096506e-30
8,95,3.433810846186617e-30
8,96,1.683246530808524e-30
8,97,1.9394728947450965e-30
8,98,2.2663329189195293e-30
8,99,1.651106788167125e-30
8,100,1.4440893580265303e-30
8,101,1.3501991411235763e-30
8,102,5.760168001824901e-31
8,103,2.44201185854925e-30
8,104,2.7888909376085223e-30
8,105,3.369088715860109e-30
8,106,5.2053376033060935e-30
8,107,3.8143470758795e-31
8,108,1.92674198533371e-30
8,109,2.6138342467859975e-30
8,110,2.810646294268996e-30
8,111,2.407382555104211e-30
8,112,3.226418406327954e-30
8,113,1.1941673540371045e-30
8,114,1.4493555476307757e-30
8,115,2.6353082398382296e-30
8,116,7.069028811562333e-30
8,117,1.5233343183749137e-30
8,118,9.31765097714365e-32
8,119,7.655592595214086e-30
8,120,1.3390495447787342e-30
8,121,9.978324547747526e-31
8,122,3.198253411840133e-30
8,123,1.6420425609249392e-30
8,124,9.394378232805906e-30
8,125,2.4315015082316907e-30
8,126,2.548245997038641e-30
8,127,1.2754480519494283e-30
8,128,8.956632664187641e-31
8,129,2.7337176414403577e-30
8,130,4.577566798522173e-16
8,131,1.2478000488255547e-30
8,132,7.51801805484819e-30
8,133,3.5279756460676843e-31
8,134,1.9165172422474544e-30
8,135,1.2672415530230143e-30
8,136,2.0173946802422987e-30
8,137,1.862485060682544e-30
8,138,1.1514705850336987e-30
8,139,6.408968475801094e-30
8,140,2.3815534402275045e-30
8,141,1.4093517703668497e-30
8,142,3.4202697376049376e-30
8,143,1.2720825396655825e-30
8,144,2.7942381062607772e-30
8,145,3.698120491102021e-30
8,146,3.5957288989571445e-30
8,147,1.0971758868287822e-30
8,148,1.3074562982397813e-30
8,149,4.671452404253359e-30
9,10,1.1739472947940828e-30
9,11,9.758498477664866e-31
9,12,1.0845003763706251e-30
9,13,2.0050158827481283e-30
9,14,1.2946113613595604e-30
9,15,4.577566798522235e-16
9,16,1.0363702216021968e-30
9,17,2.1455699321228137e-31
9,18,5.646676403749512e-31
9,19,4.698671096693866e-31
9,20,8.34819443061456e-31
9,21,2.2822427364516286e-30
9,22,1.729670472284301e-30
9,23,3.4438520239869093e-31
9,24,7.290260185658974e-31
9,25,2.053406735099615e-31
9,26,2.6273449004818048e-31
9,27,1.034058136452835e-30
9,28,8.752355885997814e-31
9,29,9.038694920530084e-31
9,30,3.8137991340110214e-31
9,31,4.0029660424867195e-16
9,32,6.249017890087545e-31
9,33,6.579164898225827e-31
9,34,1.994354881766017e-30
9,35,1.336880943719105e-30
9,36,1.3595401195773277e-30
9,37,4.661979112568646e-31
9,38,5.468853828141691e-31
9,39,4.712642805860128e-31
9,40,6.972611193684202e-32
9,41,1.0545353798981532e-30
9,42,5.0719447024287414e-31
9,43,1.1550556435027705e-30
9,44,4.453884775158074e-30
9,45,6.360339073933008e-31
9,46,1.3628846557890695e-30
9,47,3.4821730614883063e-31
9,48,2.654928407275385e-31
9,49,3.775124991261558e-31
9,50,4.987470822065928e-31
9,51,1.065257484413554e-30
9,52,4.189246491714213e-31
9,53,3.6728267407547723e-31
9,54,3.999467004563994e-32
9,55,2.2943162572518974e-30
9,56,2.7275086447611454e-31
9,57,1.2004443354331616e-30
9,58,4.00612021998226e-30
9,59,1.272349158055561e-30
9,60,1.151287424876997e-30
9,61,3.0901065457746677e-31
9,62,3.999429585543689e-32
9,63,7.630251910637492e-31
9,64,1.0632233275639124e-30
9,65,4.485063182230807e-31
9,66,1.0968161945111044e-30
9,67,3.2118322447769706e-30
9,68,1.2453948794876204e-30
9,69,3.999689494086591e-32
9,70,8.02798994872319e-31
9,71,1.3635925882754472e-30
9,72,9.093282224298894e-31
9,73,9.245608575406156e-31
9,74,1.030165067370522e-30
9,75,6.772766763100984e-31
9,76,8.03039985257721e-31
9,77,1.1505380368580355e-30
9,78,6.141732496437699e-31
9,79,6.55476130543833e-31
9,80,8.59744823768652e-31
9,81,4.870379911322513e-31
9,82,4.545391206845824e-31
9,83,1.308322617325258e-30
9,84,1.6006212505964095e-30
9,85,8.599384919916768e-31
9,86,1.9979996703881406e-30
9,87,1.2665868597229636e-30
9,88,6.337442782703227e-31
9,89,6.06423496386379e-31
9,90,1.789952737785002e-30
9,91,1.8869789830328025e-30
9,92,2.282388759860062e-31
9,93,1.0811181000644673e-30
9,94,3.6835604616408243e-31
9,95,1.0624386308257226e-30
9,96,4.926640351215241e-31
9,97,8.084510789482385e-31
9,98,5.736050199937669e-31
9,99,7.789126612648356e-31
9,100,2.8889372690797833e-31
9,101,5.70111496216948e-31
9,102,1.1448338641816548e-31
9,103,6.032842433917101e-31
9,104,7.833142552683998e-31
9,105,1.0845687821720861e-30
9,106,1.3642921096630836e-30
9,107,1.674199474894713e-31
9,108,5.327361345288138e-31
9,109,1.3864953941626144e-30
9,110,1.1477584423736201e-30
9,111,9.144033444737041e-31
9,112,8.162116260914807e-31
9,113,3.0118532561873815e-31
9,114,4.503883876269352e-31
9,115,7.730254181291581e-31
9,116,2.023203981190059e-30
9,117,4.345184364953821e-31
9,118,3.998923134237861e-32
9,119,1.719732433051944e-30
9,120,4.20894661354883e-31
9,121,2.8973429971554292e-31
9,122,7.389103572154047e-31
9,123,4.798013656659393e-31
9,124,2.7465164775353443e-30
9,125,7.901088192294718e-31
9,126,6.33057828454419e-31
9,127,5.234314571203094e-31
9,128,4.790591524394692e-31
9,129,9.619022134201226e-31
9,130,1.2412670766236186e-16
9,131,5.587383133666855e-31
9,132,2.0573029064348192e-30
9,133,1.0164240112958108e-31
9,134,7.049607193858576e-31
9,135,4.832856034853645e-31
9,136,6.641182922409082e-31
9,137,3.1844666862832124e-31
9,138,4.870659064960223e-31
9,139,2.7483857242556697e-30
9,140,1.1412317758409077e-30
9,141,5.500950973333323e-31
9,142,1.3877385929341662e-30
9,143,3.310950193884819e-31
9,144,4.973626464360048e-31
9,145,1.0718231086085e-30
9,146,1.2125361406329616e-30
9,147,4.648880853315842e-31
9,148,3.3018017529693716e-31
9,149,1.8392109000344086e-30
10,11,6.166205081940031e-30
10,12,4.9446188388255446e-30
10,13,1.250194245435169e-29
10,14,3.895106749684297e-30
10,15,2.8491405936874623e-15
10,16,5.585669046925372e-30
10,17,2.1731140251249586e-30
10,18,1.3090338200924121e-30
10,19,3.044766517954123e-30
10,20,3.570505234646488e-30
10,21,1.0403971799090753e-29
10,22,1.1617890939631867e-29
10,23,1.922463049911033e-30
10,24,1.2455312403561063e-30
10,25,6.9301365598692165e-31
10,26,1.9821423553902412e-30
10,27,7.178882198999426e-30
10,28,4.6173107867071295e-30
10,29,4.838035646604995e-30
10,30,1.981804790964363e-30
10,31,9.702548927042237e-16
10,32,4.103382902682475e-30
10,33,3.500587781152224e-30
10,34,5.9676710742693046e-30
10,35,3.3354672843963204e-30
10,36,8.648270946547764e-30
10,37,1.2412670766236385e-16
10,38,3.666468482835297e-30
10,39,2.6383557135271603e-30
10,40,1.093589004411527e-30
10,41,5.366649145221886e-30
10,42,3.7671152633215754e-30
10,43,6.799818144787953e-30
10,44,2.3037388502953717e-29
10,45,1.9394497201660304e-30
10,46,5.248886156215345e-30
10,47,2.24762567845067e-30
10,48,2.960436792252273e-30
10,49,2.0348735839533243e-30
10,50,3.008318703651466e-30
10,51,5.194559027787086e-30
10,52,9.045691583036284e-31
10,53,1.7536882843535006e-30
10,54,9.694067819213043e-32
10,55,3.1524274001217096e-16
10,56,9.98739866912133e-31
10,57,7.584297359086504e-30
10,58,1.2966178562749022e-29
10,59,3.3181787304446164e-30
10,60,6.49702314479332e-30
10,61,2.0468760862437146e-30
10,62,9.693977121497535e-32
10,63,4.082078321348282e-30
10,64,3.0622448238847063e-30
10,65,2.4436011581635566e-30
10,66,7.085802498102426e-30
10,67,1.543247982783599e-29
10,68,5.576975577082199e-30
10,69,9.694607098201631e-32
10,70,4.92247784426991e-30
10,71,8.130353107098629e-30
10,72,6.1156239244701815e-30
10,73,5.563897238656336e-30
10,74,4.0888559487770065e-30
10,75,2.330740643435002e-30
10,76,3.097579662484212e-30
10,77,6.801340897896767e-30
10,78,4.14575748925895e-30
10,79,1.4220665726834527e-30
10,80,1.606102764899366e-30
10,81,2.816609155332887e-30
10,82,2.2153118067705775e-30
10,83,5.8625637586115124e-30
10,84,1.0624269970540815e-29
10,85,4.458530781197317e-30
10,86,1.1775693440128341e-16
10,87,4.635543866593196e-30
10,88,4.375343166961505e-30
10,89,2.779812794599989e-30
10,90,5.4772379534356274e-30
10,91,1.2356189369407467e-29
10,92,1.2220181664067669e-30
10,93,4.97541635267665e-30
10,94,3.024541045774154e-30
10,95,6.0316668589970585e-30
10,96,3.1678688617077614e-30
10,97,3.39345775198804e-30
10,98,3.897221530684765e-30
10,99,3.056111510025326e-30
10,100,2.5807694044351843e-30
10,101,2.548614574337652e-30
10,102,1.0450233536595445e-30
10,103,4.344115980154169e-30
10,104,5.01105563942167e-30
10,105,5.981669997030997e-30
10,106,9.287856733180048e-30
10,107,6.6641773181545645e-31
10,108,3.479199745129424e-30
10,109,4.3321544996815624e-30
10,110,5.0473040749480776e-30
10,111,4.383673630218558e-30
10,112,5.6822971699559975e-30
10,113,2.132067072798596e-30
10,114,2.590076870718453e-30
10,115,4.7843023480942126e-30
10,116,1.2595920274304634e-29
10,117,2.736743875606858e-30
10,118,9.692749564600522e-32
10,119,1.358776964657412e-29
10,120,2.3661075070641863e-30
10,121,1.7531537805341305e-30
10,122,5.8681652203824645e-30
10,123,2.95026339243794e-30
10,124,1.6760156874619342e-29
10,125,4.347676966020341e-30
10,126,4.618431053643723e-30
10,127,2.0547040696639612e-30
10,128,1.3257033362467272e-30
10,129,4.8680906818544425e-30
10,130,8.639967861308789e-16
10,131,1.3416114639529411e-30
10,132,1.36909489585401e-29
10,133,6.326362975012022e-31
10,134,3.5150998757161084e-30
10,135,2.1962005703992528e-30
10,136,3.529277706716694e-30
10,137,3.303410502945037e-30
10,138,1.899506894437108e-30
10,139,8.326672684688447e-17
10,140,3.826011820769807e-30
10,141,2.4347671967839147e-30
10,142,6.1825525661474945e-30
10,143,2.2569634844108105e-30
10,144,4.9024821949565046e-30
10,145,6.979262661033323e-30
10,146,6.319238145570829e-30
10,147,1.5339230562051218e-30
10,148,2.349097829858727e-30
10,149,8.077529028149427e-30
11,12,4.234226410418337e-30
11,13,1.0113722331859252e-29
11,14,2.5678993323013435e-30
11,15,2.2060008575423675e-15
11,16,4.302664891620918e-30
11,17,1.540066625522783e-30
11,18,1.1638910705893486e-30
11,19,2.1838161293898298e-30
11,20,2.348009300866203e-30
11,21,8.44898464568309e-30
11,22,8.282102350710883e-30
11,23,1.5363010331896586e-30
11,24,1.045764747696831e-30
11,25,2.111327346649936e-31
11,26,1.3259769273457201e-30
11,27,5.511948744797966e-30
11,28,4.011095777278763e-30
11,29,2.7231496521022586e-30
11,30,1.448042295446151e-30
11,31,1.2412670766236395e-16
11,32,3.201224793457349e-30
11,33,2.9944998428841483e-30
11,34,1.472571224570687e-30
11,35,2.719374007279751e-30
11,36,6.776708657903891e-30
11,37,2.3412552009334605e-30
11,38,2.6103782215534097e-30
11,39,2.3566447157556086e-30
11,40,6.975396361317714e-31
11,41,4.38098497238905e-30
11,42,2.6007013774722956e-30
11,43,5.33031191813676e-30
11,44,1.7658452483950297e-29
11,45,2.4765991254481667e-30
11,46,3.1034687109042052e-30
11,47,1.77373087193811e-30
11,48,2.051839543539018e-30
11,49,1.7614738942772752e-30
11,50,2.4624022457310096e-30
11,51,4.0039545029642274e-30
11,52,1.0238817061197567e-30
11,53,1.4260231022446837e-30
11,54,1.2401820710234783e-32
11,55,6.438767958170588e-30
11,56,8.643663838116737e-31
11,57,6.091233379575238e-30
11,58,9.97094556945696e-30
11,59,2.8210034906508234e-30
11,60,4.3311066566452584e-30
11,61,1.4460229709783786e-30
11,62,1.2401704678778483e-32
11,63,3.176063235944222e-30
11,64,1.9234918303147464e-30
11,65,1.6410801577727692e-30
11,66,5.182204783820155e-30
11,67,1.2496799733520975e-29
11,68,4.018946971447069e-30
11,69,1.2402510620956887e-32
11,70,3.761429191386917e-30
11,71,6.441291287637634e-30
11,72,4.854473142873935e-30
11,73,4.127867900886167e-30
11,74,3.162263924025461e-30
11,75,1.620994439967494e-30
11,76,2.0123073317694885e-30
11,77,5.162428518442032e-30
11,78,3.290601466989012e-30
11,79,8.15760593583764e-31
11,80,1.3567674670759913e-30
11,81,2.403847679195985e-30
11,82,1.79676148407414e-30
11,83,5.07132180352521e-30
11,84,7.770022366650033e-30
11,85,3.7563363500323616e-30
11,86,1.5172707470722023e-29
11,87,2.837514231858075e-30
11,88,3.54018067667956e-30
11,89,1.9758141414405517e-30
11,90,2.000347653347588e-30
11,91,9.222140174327192e-30
11,92,8.84247106307196e-31
11,93,3.7327323323494376e-30
11,94,2.1757127253315528e-30
11,95,4.5238834414488e-30
11,96,2.695537969605562e-30
11,97,2.4025590681539867e-30
11,98,2.7072625203225722e-30
11,99,2.633554554252469e-30
11,100,1.8692378905514997e-30
11,101,2.3344535012555785e-30
11,102,8.633297390314533e-31
11,103,3.370725699744579e-30
11,104,3.828364906583491e-30
11,105,4.6827686181935744e-30
11,106,6.961631972775102e-30
11,107,5.466089185242515e-31
11,108,2.767015745328406e-30
11,109,3.182858569566749e-30
11,110,4.237574168612342e-30
11,111,3.4064454100051914e-30
11,112,4.0410812896566595e-30
11,113,1.5771114141766637e-30
11,114,2.0344506724705146e-30
11,115,3.631219736732929e-30
11,116,9.648085615024544e-30
11,117,2.077589041963796e-30
11,118,1.2400134239945963e-32
11,119,9.714158204470586e-30
11,120,1.786357637186493e-30
11,121,1.2037153076640057e-30
11,122,4.692079711295726e-30
11,123,2.3422088166595743e-30
11,124,1.2862008641551556e-29
11,125,3.292911166726946e-30
11,126,3.56580822599923e-30
11,127,1.384771012967191e-30
11,128,1.0681755885455852e-30
11,129,3.92878210254575e-30
11,130,6.206335383118293e-16
11,131,8.348824555890203e-31
11,132,1.0810356533405953e-29
11,133,4.8983058887727545e-31
11,134,2.7241971611084172e-30
11,135,1.722631127434381e-30
11,136,2.527428365490338e-30
11,137,2.330633348392938e-30
11,138,1.2828162876714967e-30
11,139,1.1123486308246336e-29
11,140,3.3314970742827095e-30
11,141,1.8771345186121883e-30
11,142,5.029163514266882e-30
11,143,1.626280101117875e-30
11,144,3.6402404310893496e-30
11,145,5.8402294520946945e-30
11,146,4.773682491241618e-30
11,147,9.811937805168112e-31
11,148,1.767638853031151e-30
11,149,6.1821953445357375e-30
12,13,8.1853477980375e-30
12,14,4.479000172989006e-30
12,15,1.7991716958342233e-15
12,16,3.686771637661309e-30
12,17,1.2201509614619336e-30
12,18,1.984779037696705e-30
12,19,1.7839154852606717e-30
12,20,2.3833999506889332e-30
12,21,7.70090069688955e-30
12,22,6.7322735505305e-30
12,23,1.6253025659173843e-30
12,24,2.2977519584511014e-30
12,25,1.017563853841851e-30
12,26,1.486715406251442e-30
12,27,4.376728316296869e-30
12,28,3.4659979825098785e-30
12,29,4.308120860662665e-30
12,30,1.2453801826407343e-30
12,31,1.549165369082038e-15
12,32,2.5723124840892548e-30
12,33,2.705889672970699e-30
12,34,8.331624488686398e-30
12,35,4.038834632186567e-30
12,36,5.307336557277547e-30
12,37,5.649129063713856e-16
12,38,2.084323001842936e-30
12,39,1.954834118753563e-30
12,40,6.59757255173468e-31
12,41,3.913465545994706e-30
12,42,2.1202609604371203e-30
12,43,4.361988103125347e-30
12,44,1.491632833225572e-29
12,45,3.619912408465958e-30
12,46,3.691852279486013e-30
12,47,1.4248346357485397e-30
12,48,1.681364820452624e-30
12,49,1.485379075570753e-30
12,50,1.9304305699658714e-30
12,51,3.592377686548754e-30
12,52,1.780631836393433e-30
12,53,1.2744888912348173e-30
12,54,1.5478112260996935e-31
12,55,5.172414838982149e-16
12,56,1.1167231859475724e-30
12,57,4.8382777204704235e-30
12,58,3.698502052184107e-16
12,59,3.970505083357533e-30
12,60,4.405328630569101e-30
12,61,1.2520810056826267e-30
12,62,1.5477967447751492e-31
12,63,2.6680812264258692e-30
12,64,3.7604805795675896e-30
12,65,1.4092073877997883e-30
12,66,4.271950464302793e-30
12,67,1.1138818117986337e-29
12,68,3.855901720168794e-30
12,69,1.5478973305182e-31
12,70,3.1232235665623357e-30
12,71,5.332508651337078e-30
12,72,3.863939181325126e-30
12,73,3.367105043921618e-30
12,74,2.989569172871032e-30
12,75,2.6566247383020214e-30
12,76,2.1852074904414017e-30
12,77,4.261746668033036e-30
12,78,2.4827238432148395e-30
12,79,1.897532573924503e-30
12,80,2.7856608047704496e-30
12,81,2.0413433660322573e-30
12,82,1.610187754853391e-30
12,83,4.6087817765711286e-30
12,84,6.367689269602503e-30
12,85,3.1464256552150355e-30
12,86,6.374064314318173e-16
12,87,5.0640209305452914e-30
12,88,2.8335645800243386e-30
12,89,2.005120678047171e-30
12,90,7.270637359358464e-30
12,91,7.459833430337167e-30
12,92,7.281338466333803e-31
12,93,3.4099938182952684e-30
12,94,1.7189214747889348e-30
12,95,3.769038188703034e-30
12,96,2.1224617413451415e-30
12,97,5.55978367449312e-16
12,98,2.296135344219526e-30
12,99,2.8052200582030128e-30
12,100,1.4744626021711167e-30
12,101,2.1515063064510283e-30
12,102,6.580101570995398e-31
12,103,2.6083138309554745e-30
12,104,3.1031322859242684e-30
12,105,3.850605246102678e-30
12,106,5.593619552492861e-30
12,107,5.4045474111467455e-31
12,108,2.1640984048757995e-30
12,109,2.6404445663168254e-16
12,110,3.9614610967738846e-30
12,111,2.8969607729845717e-30
12,112,3.315682492059898e-30
12,113,1.2468550516890658e-30
12,114,1.6944830430831756e-30
12,115,2.917654473984333e-30
12,116,7.935832451502753e-30
12,117,1.6665069582615324e-30
12,118,1.5476007459043646e-31
12,119,7.78250956963725e-30
12,120,1.4534976272701575e-30
12,121,9.990054140390376e-31
12,122,3.602428451070962e-30
12,123,1.8585935790159614e-30
12,124,1.0572407230503343e-29
12,125,2.7119324304482477e-30
12,126,2.800490209453518e-30
12,127,1.5252035241024156e-30
12,128,1.831018881085819e-30
12,129,3.422678688678559e-30
12,130,1.270784111629003e-15
12,131,1.8499015345079253e-30
12,132,8.636942024994223e-30
12,133,3.994963683938089e-31
12,134,2.312785673338573e-30
12,135,1.381198565951213e-30
12,136,2.170661159542217e-30
12,137,1.8645143614103302e-30
12,138,1.479046399928605e-30
12,139,3.5982028918813117e-16
12,140,3.676340150591065e-30
12,141,1.7034875130274953e-30
12,142,4.5492799668159595e-30
12,143,1.3032792590164063e-30
12,144,2.795802189432401e-30
12,145,4.580982770011357e-30
12,146,4.126230410216692e-30
12,147,1.720251901145871e-30
12,148,1.4047628795201643e-30
12,149,5.824010239588118e-30
13,14,5.376588770300643e-30
13,15,4.425366309790556e-15
13,16,8.73487653270747e-30
13,17,3.1008374239952694e-30
13,18,2.3854557351912102e-30
13,19,4.4829664396580005e-30
13,20,5.122806400383934e-30
13,21,1.685861792779586e-29
13,22,1.695137456888096e-29
13,23,2.936996631675423e-30
13,24,2.0695158353428914e-30
13,25,6.201375497380203e-31
13,26,2.5842257088603874e-30
13,27,1.0702202253240473e-29
13,28,7.759387965170981e-30
13,29,5.6849362756610904e-30
13,30,2.9930544376887187e-30
13,31,8.317384022691295e-16
13,32,6.357871334214626e-30
13,33,5.671294901530272e-30
13,34,4.8690643335105515e-30
13,35,5.6974798177603154e-30
13,36,1.3364180943797212e-29
13,37,4.040974946219449e-16
13,38,5.2961241182154344e-30
13,39,4.467392937909203e-30
13,40,1.4260002010762282e-30
13,41,8.617421825919742e-30
13,42,5.346740858486652e-30
13,43,1.072095950422112e-29
13,44,3.508575971908651e-29
13,45,4.208586088581358e-30
13,46,7.085903030935657e-30
13,47,3.522863254879223e-30
13,48,4.138394981522681e-30
13,49,3.359843337408515e-30
13,50,4.775577070564041e-30
13,51,7.985461127417043e-30
13,52,1.8596049158773826e-30
13,53,2.861952223022823e-30
13,54,8.310113703182106e-32
13,55,4.283908755887132e-16
13,56,1.6123761833844732e-30
13,57,1.1958198600361266e-29
13,58,2.0513712522710489e-16
13,59,5.753575163271057e-30
13,60,8.904865551526731e-30
13,61,2.789052976923343e-30
13,62,8.310035953743733e-32
13,63,6.41674128510355e-30
13,64,4.04040009796195e-30
13,65,3.4640998350260555e-30
13,66,1.0629363505626743e-29
13,67,2.497871659019173e-29
13,68,8.53410254295903e-30
13,69,8.310575993089346e-32
13,70,7.564332910094961e-30
13,71,1.2681365455444532e-29
13,72,9.57634489452553e-30
13,73,8.477017279990516e-30
13,74,6.406049210785861e-30
13,75,3.1777838978142394e-30
13,76,4.518796619140578e-30
13,77,1.040237277625314e-29
13,78,6.367007228029292e-30
13,79,1.82196397793221e-30
13,80,2.889995675863304e-30
13,81,4.441333720640133e-30
13,82,3.574077155195623e-30
13,83,9.928052127049679e-30
13,84,1.590801049782986e-29
13,85,7.339698233721003e-30
13,86,3.831982170023248e-16
13,87,5.709681279394487e-30
13,88,7.063228255826367e-30
13,89,3.982685524989274e-30
13,90,4.755490907926243e-30
13,91,1.8568416809473103e-29
13,92,1.776981436682193e-30
13,93,7.93878327240877e-30
13,94,4.385735399795779e-30
13,95,9.247058917744574e-30
13,96,5.112450892713365e-30
13,97,4.8572257327349884e-17
13,98,5.514616158844818e-30
13,99,5.157578027439996e-30
13,100,3.762030962236761e-30
13,101,4.436436449707638e-30
13,102,1.5958183108560587e-30
13,103,6.673788969438029e-30
13,104,7.668957195618593e-30
13,105,9.354361875277531e-30
13,106,1.4056961455046787e-29
13,107,1.0979445037247844e-30
13,108,5.515948960967556e-30
13,109,6.267521348974146e-16
13,110,8.538935604010937e-30
13,111,6.799039190507868e-30
13,112,8.330608668342419e-30
13,113,3.170239376799835e-30
13,114,4.0805845812243955e-30
13,115,7.191966420688839e-30
13,116,1.9126932776616582e-29
13,117,4.1534922639580244e-30
13,118,8.308983646540861e-32
13,119,1.9777668769063695e-29
13,120,3.622053035418817e-30
13,121,2.502200669901343e-30
13,122,9.029511109190743e-30
13,123,4.6534332636416656e-30
13,124,2.5921751596473274e-29
13,125,6.704156436391385e-30
13,126,7.060971108142846e-30
13,127,3.001707450320873e-30
13,128,2.0633158523885445e-30
13,129,7.903943360800783e-30
13,130,9.402269252230844e-16
13,131,1.5131425776272172e-30
13,132,2.1412062209630192e-29
13,133,9.82628713905988e-31
13,134,5.428580583950272e-30
13,135,3.318516840489766e-30
13,136,5.2139752647326906e-30
13,137,4.701529542360806e-30
13,138,2.6388988042398066e-30
13,139,3.9782697551267533e-16
13,140,6.733665447021712e-30
13,141,3.84885723495064e-30
13,142,9.947001071966446e-30
13,143,3.3053764492887916e-30
13,144,7.001548406243846e-30
13,145,1.1133664522539668e-29
13,146,9.864260874122985e-30
13,147,1.9740071951063415e-30
13,148,3.549104948988852e-30
13,149,1.2721453095751874e-29
14,15,1.2957469945908945e-15
14,16,2.9289660652609014e-30
14,17,1.1362298287541964e-30
14,18,2.8812766492109586e-30
14,19,2.648390100537291e-30
14,20,3.51368009616668e-30
14,21,7.703550926342087e-30
14,22,5.3590133832161626e-30
14,23,3.42321332045587e-30
14,24,4.074463344358834e-30
14,25,2.0514934522094574e-30
14,26,2.8599376151579794e-30
14,27,3.2284870434599874e-30
14,28,2.2587344104156384e-30
14,29,7.116994660106161e-30
14,30,1.2441969395225861e-30
14,31,2.671584542217492e-15
14,32,1.816948898350432e-30
14,33,1.7644158468245154e-30
14,34,1.4205473304158475e-29
14,35,6.477877033224178e-30
14,36,4.165579393762269e-30
14,37,2.068907755652871e-16
14,38,2.838019974928638e-30
14,39,1.267967084327797e-30
14,40,9.577020819935623e-31
14,41,3.167796631607565e-30
14,42,1.865034700326493e-30
14,43,3.4713862578337016e-30
14,44,1.3898017643142607e-29
14,45,2.864974387316578e-30
14,46,6.35219145935743e-30
14,47,1.2047281614908963e-30
14,48,1.8935955809167485e-30
14,49,1.646110703502276e-30
14,50,2.930683952813805e-30
14,51,4.0773146662148566e-30
14,52,2.217636520275404e-30
14,53,1.0580146477739272e-30
14,54,2.6692492799325295e-31
14,55,1.2728761949292863e-15
14,56,1.6877653560988504e-30
14,57,3.3196100627588105e-30
14,58,6.434117567697129e-16
14,59,6.61441397572853e-30
14,60,7.614041182616122e-30
14,61,2.3839362620918e-30
14,62,2.6692243064315884e-31
14,63,2.4608619978893934e-30
14,64,6.364689062653346e-30
14,65,1.889057491099171e-30
14,66,3.367963843467903e-30
14,67,9.394108484642108e-30
14,68,3.9853403839828235e-30
14,69,2.6693977697181204e-31
14,70,2.3986728205203945e-30
14,71,4.012019145001822e-30
14,72,2.6633556355923154e-30
14,73,3.509647914465586e-30
14,74,4.238598625853089e-30
14,75,4.790691789620347e-30
14,76,3.0289697070686946e-30
14,77,3.3014100776309365e-30
14,78,2.9219490355858857e-30
14,79,3.838496525328894e-30
14,80,4.69105021648384e-30
14,81,2.913038767541756e-30
14,82,1.3582153699696354e-30
14,83,4.199667494094059e-30
14,84,5.197595341566068e-30
14,85,3.2310964657892574e-30
14,86,9.982847538268775e-16
14,87,8.289751857096723e-30
14,88,2.521103846842175e-30
14,89,3.1189810920035578e-30
14,90,1.2533684404447098e-29
14,91,6.417433987621374e-30
14,92,1.2484801655115562e-30
14,93,3.521856730655356e-30
14,94,1.7664873421227087e-30
14,95,3.0760405463649678e-30
14,96,1.708585840043912e-30
14,97,3.8539211407028566e-30
14,98,3.369074285945566e-30
14,99,3.8588146853479316e-30
14,100,1.2844775995917521e-30
14,101,1.910264045429193e-30
14,102,1.102736440922534e-30
14,103,1.8260772921934833e-30
14,104,2.493866319633282e-30
14,105,3.6022127150876474e-30
14,106,4.210396832537768e-30
14,107,6.4031924905114975e-31
14,108,1.6665614078232817e-30
14,109,2.226253336332201e-16
14,110,3.580057816395176e-30
14,111,4.206618155210937e-30
14,112,2.624237883601689e-30
14,113,9.766446999799654e-31
14,114,1.2431278506164916e-30
14,115,3.571908492148536e-30
14,116,5.545335902465247e-30
14,117,1.4890274620980258e-30
14,118,2.6688863001967922e-31
14,119,6.346973632940261e-30
14,120,1.6535803139591328e-30
14,121,1.4107265689448126e-30
14,122,3.2023469738714564e-30
14,123,1.4203432644368882e-30
14,124,7.783740918338205e-30
14,125,2.8460285954624462e-30
14,126,2.0354867648023837e-30
14,127,2.0494729375187974e-30
14,128,2.8668570914754325e-30
14,129,2.6746306423307508e-30
14,130,7.620235661020534e-16
14,131,3.618638299918864e-30
14,132,6.141702669536732e-30
14,133,2.877136294967321e-31
14,134,3.0889442508375994e-30
14,135,2.71858914896255e-30
14,136,2.5413957727623854e-30
14,137,1.8434193618262767e-30
14,138,2.108035314448304e-30
14,139,6.801731074010912e-16
14,140,4.027253145185223e-30
14,141,1.9318698476061297e-30
14,142,5.608230915885039e-30
14,143,1.2051368789854268e-30
14,144,3.7876254504860025e-30
14,145,4.511404079514577e-30
14,146,3.523783278527753e-30
14,147,2.974121586867232e-30
14,148,1.0472989287783448e-30
14,149,6.160615501416978e-22
15,16,1.9966900814545038e-15
15,17,6.961062950497057e-16
15,18,5.248391470688748e-16
15,19,1.0210317717372019e-15
15,20,1.2375571259644289e-15
15,21,3.7968115869414545e-15
15,22,3.900972723519538e-15
15,23,5.952964644735523e-16
15,24,4.596460756922434e-16
15,25,8.554842949272344e-17
15,26,5.188882405926493e-16
15,27,2.4559114419456046e-15
15,28,1.7014586671164449e-15
15,29,1.2686036456587143e-15
15,30,6.926111584243789e-16
15,31,1.532439248851007e-15
15,32,1.4272969112276185e-15
15,33,1.2765538372257926e-15
15,34,6.80577807179406e-16
15,35,1.3120268396513981e-15
15,36,3.0260439940867466e-15
15,37,1.0426828154365035e-15
15,38,1.2114283377992569e-15
15,39,9.644812922701165e-16
15,40,3.1401849173675474e-16
15,41,1.926031973885552e-15
15,42,1.234499236530188e-15
15,43,2.404674658509304e-15
15,44,8.258902419281239e-15
15,45,7.969633810910908e-16
15,46,1.7429473881271359e-15
15,47,7.851688832336347e-16
15,48,9.201559388501696e-16
15,49,7.254048587204263e-16
15,50,1.029297849219271e-15
15,51,1.825654502296791e-15
15,52,3.7341307954279774e-16
15,53,6.473657049138933e-16
15,54,2.6743110883346364e-32
15,55,3.4913468987130626e-15
15,56,3.334281122517311e-16
15,57,2.678550113520242e-15
15,58,4.8697519414356136e-15
15,59,1.2949556794900368e-15
15,60,1.979729178988575e-15
15,61,5.906217581304783e-16
15,62,2.6742860674754064e-32
15,63,1.4443039303476976e-15
15,64,9.388043943230173e-16
15,65,8.120581339769887e-16
15,66,2.4383696735477172e-15
15,67,5.670859598036553e-15
15,68,2.0126261469244203e-15
15,69,2.674459859707582e-32
15,70,1.7125015838144648e-15
15,71,2.8696071593082532e-15
15,72,2.1262473871717253e-15
15,73,1.9082859087921917e-15
15,74,1.4778866674007688e-15
15,75,6.741805892158173e-16
15,76,1.0982662970841621e-15
15,77,2.3698938591890668e-15
15,78,1.3894907642505006e-15
15,79,4.552781680079509e-16
15,80,6.509259464525834e-16
15,81,9.661442361598718e-16
15,82,8.037818341483278e-16
15,83,2.1892322597404106e-15
15,84,3.63355628155951e-15
15,85,1.5903138520644808e-15
15,86,7.389114054719959e-15
15,87,1.2761718180646572e-15
15,88,1.4956495680492042e-15
15,89,9.232640973122422e-16
15,90,9.441996458677848e-16
15,91,4.26187208150073e-15
15,92,4.002966042486717e-16
15,93,1.79490908411443e-15
15,94,9.875681869307532e-16
15,95,2.1118183763131366e-15
15,96,1.1058623220402386e-15
15,97,1.1628629898016127e-15
15,98,1.2066806825317132e-15
15,99,1.0987337125872838e-15
15,100,8.455206652451144e-16
15,101,9.590244235378587e-16
15,102,3.2701262997337134e-16
15,103,1.4913941440051373e-15
15,104,1.7346098478676871e-15
15,105,2.1112019448087605e-15
15,106,3.1885667457913615e-15
15,107,2.482534153247271e-16
15,108,1.2152681659028804e-15
15,109,1.5973198217398595e-15
15,110,1.877689122850485e-15
15,111,1.5316886906945669e-15
15,112,1.918663765215356e-15
15,113,7.174963931161653e-16
15,114,9.226380847435016e-16
15,115,1.6077433646607641e-15
15,116,4.382421037129195e-15
15,117,9.349387084991126e-16
15,118,2.673947420265333e-32
15,119,4.505009088310522e-15
15,120,8.189144300217129e-16
15,121,5.772642623856086e-16
15,122,1.9664175250708123e-15
15,123,1.0287144236656312e-15
15,124,5.884742515885928e-15
15,125,1.5134425931827525e-15
15,126,1.57700771627384e-15
15,127,7.207102788230766e-16
15,128,4.673333453687125e-16
15,129,1.776373779978415e-15
15,130,6.363769728067506e-15
15,131,3.0008334555359796e-16
15,132,4.774162762209848e-15
15,133,2.220446049250311e-16
15,134,1.2171975016276072e-15
15,135,7.136275034103507e-16
15,136,1.2065098425692515e-15
15,137,1.053250040573009e-15
15,138,6.583544136590466e-16
15,139,4.6606981046078215e-15
15,140,1.5151595604785597e-15
15,141,8.851374477315523e-16
15,142,2.2374678315989643e-15
15,143,7.53021861486246e-16
15,144,1.492507528264726e-15
15,145,2.4021003545614293e-15
15,146,2.2577231107526488e-15
15,147,4.440892098500622e-16
15,148,8.005932084973436e-16
15,149,2.9322316066142398e-15
16,17,1.2984647930904177e-30
16,18,1.270936391545214e-30
16,19,2.0176460096312052e-30
16,20,2.7193604755327417e-30
16,21,7.886460734307408e-30
16,22,7.736521949322014e-30
16,23,1.0694069227286768e-30
16,24,1.2848381482205195e-30
16,25,2.034359942688798e-31
16,26,7.845645845382365e-31
16,27,4.800431700056563e-30
16,28,3.4293188196990376e-30
16,29,2.280324235277325e-30
16,30,1.4331181428167036e-30
16,31,4.443059973708326e-16
16,32,2.81725435100094e-30
16,33,2.5681676351338568e-30
16,34,2.0588274029949736e-30
16,35,3.1682456729038274e-30
16,36,5.991223632803122e-30
16,37,2.0057738100780212e-30
16,38,2.390695697453138e-30
16,39,1.909279633650699e-30
16,40,5.433507750419914e-31
16,41,3.935053093972501e-30
16,42,2.4349099347895143e-30
16,43,4.807451930702103e-30
16,44,1.7222632417726288e-29
16,45,1.7360144775589193e-30
16,46,3.869220340589098e-30
16,47,1.5416850972995654e-30
16,48,1.6791947377660047e-30
16,49,1.4235842385903831e-30
16,50,1.9576962784095323e-30
16,51,3.749412177044386e-30
16,52,8.963853849207784e-31
16,53,1.3519111086342932e-30
16,54,4.4391762446994123e-32
16,55,5.72195849815274e-17
16,56,6.6767183667104975e-31
16,57,5.2982229907568154e-30
16,58,1.0885799384143164e-29
16,59,3.043901257770675e-30
16,60,3.741330160930809e-30
16,61,1.0345247179671316e-30
16,62,4.439134711758686e-32
16,63,2.945267345419701e-30
16,64,2.1007550877104685e-30
16,65,1.6637034482609982e-30
16,66,4.883404668011311e-30
16,67,1.1824969823129945e-29
16,68,4.376004291218449e-30
16,69,4.4394231951561296e-32
16,70,3.441097584981424e-30
16,71,5.720724333714943e-30
16,72,4.1513195159013324e-30
16,73,3.7949783971528836e-30
16,74,3.176574604125719e-30
16,75,1.3471654564608399e-30
16,76,2.501559053028441e-30
16,77,4.778865938641609e-30
16,78,2.627510263853565e-30
16,79,1.1982401779060772e-30
16,80,1.7124480081716134e-30
16,81,1.8642709211232265e-30
16,82,1.6548568238983668e-30
16,83,4.5612696928451944e-30
16,84,7.207691825116638e-30
16,85,3.1674990425741496e-30
16,86,1.1102230246251525e-16
16,87,2.5378819095892437e-30
16,88,2.851907767559909e-30
16,89,1.9015988680655796e-30
16,90,2.0956880000828464e-30
16,91,8.455055429830135e-30
16,92,7.838908394991628e-31
16,93,3.8137624548401124e-30
16,94,1.877788888503054e-30
16,95,4.301959958066769e-30
16,96,2.1257755017152035e-30
16,97,2.448931611408064e-30
16,98,2.23677230995244e-30
16,99,2.246757815193797e-30
16,100,1.5994834781692895e-30
16,101,1.9649344352802895e-30
16,102,5.614654783795563e-31
16,103,2.895048794705597e-30
16,104,3.43672480961486e-30
16,105,4.268684162778769e-30
16,106,6.291972510423715e-30
16,107,5.305214291348842e-31
16,108,2.382225307441196e-30
16,109,3.636120930838364e-30
16,110,3.9158002090151456e-30
16,111,3.113465581046379e-30
16,112,3.814060441338635e-30
16,113,1.4023139143102506e-30
16,114,1.865713864959205e-30
16,115,3.099182026251369e-30
16,116,8.772067787993894e-30
16,117,1.8378761767979234e-30
16,118,4.438572580203815e-32
16,119,8.73969939823242e-30
16,120,1.6524421834550825e-30
16,121,1.1466167839159913e-30
16,122,3.67492747902099e-30
16,123,2.0425146094838562e-30
16,124,1.181753541833709e-29
16,125,3.04295173594592e-30
16,126,3.0522694132516606e-30
16,127,1.6174617491204056e-30
16,128,1.0733461844779852e-30
16,129,3.65240068155049e-30
16,130,3.597533769998819e-16
16,131,7.790406037790736e-31
16,132,9.352531968014709e-30
16,133,4.433542602942941e-31
16,134,2.42711439020085e-30
16,135,1.395996251719462e-30
16,136,2.481470619285662e-30
16,137,1.9523883591941602e-30
16,138,1.460430795816275e-30
16,139,9.53070955134506e-30
16,140,3.4105781537689414e-30
16,141,1.877348570575288e-30
16,142,4.6405665844813636e-30
16,143,1.4766075118443107e-30
16,144,2.6054138687085106e-30
16,145,4.574643653741036e-30
16,146,4.67399379472543e-30
16,147,9.227290998835416e-31
16,148,1.5628552585793974e-30
16,149,6.22125334593612e-30
17,18,3.175300750993979e-31
17,19,7.612903347335889e-31
17,20,8.112156065119169e-31
17,21,2.4873258288900892e-30
17,22,2.976562772846657e-30
17,23,5.8157073214482295e-31
17,24,4.4554520416760785e-31
17,25,2.356046502498978e-31
17,26,6.3262949661576495e-31
17,27,1.8399140877893372e-30
17,28,1.0851888173753535e-30
17,29,1.5331706488239835e-30
17,30,4.73476732339337e-31
17,31,3.421937179708953e-16
17,32,1.0232198179289306e-30
17,33,8.30232331784096e-31
17,34,2.112632773407256e-30
17,35,7.746046607720385e-31
17,36,2.1455933923752624e-30
17,37,8.426726333493885e-31
17,38,9.820606173267475e-31
17,39,6.474468125781865e-31
17,40,3.277169978257102e-31
17,41,1.310511442344013e-30
17,42,9.758095836515244e-31
17,43,1.6147504356232888e-30
17,44,5.3516279306956696e-30
17,45,3.886006176913656e-31
17,46,1.3023390137791581e-30
17,47,5.520870414881882e-31
17,48,8.455298161212522e-31
17,49,5.312359299237879e-31
17,50,8.075641917057375e-31
17,51,1.3084567501374315e-30
17,52,2.5942421311653414e-31
17,53,3.900086349934876e-31
17,54,3.41894602569117e-32
17,55,2.486410087150357e-16
17,56,3.0302856245534425e-31
17,57,1.89116449879939e-30
17,58,2.942588410162524e-30
17,59,8.40723614450194e-31
17,60,1.9403870009284906e-30
17,61,6.593968104243124e-31
17,62,3.418914038026161e-32
17,63,1.0171659890056145e-30
17,64,9.919839234480629e-31
17,65,6.275106685223856e-31
17,66,1.7261181716795874e-30
17,67,3.479144710903088e-30
17,68,1.1552482769218961e-30
17,69,3.4191362209517313e-32
17,70,1.2122997847626717e-30
17,71,1.983273675645213e-30
17,72,1.5622010687094071e-30
17,73,1.4015033044431015e-30
17,74,9.891130465057845e-31
17,75,7.823105761450202e-31
17,76,6.114083277558515e-31
17,77,1.6950665812791004e-30
17,78,1.1579539526178615e-30
17,79,5.06776304843639e-31
17,80,4.794971308298766e-31
17,81,7.956464216940431e-31
17,82,5.271150148438199e-31
17,83,1.3732272712845509e-30
17,84,2.6214948725505158e-30
17,85,1.1744212743305424e-30
17,86,6.769781195279869e-30
17,87,1.5286426081172073e-30
17,88,1.2015349523518899e-30
17,89,7.482840706211712e-31
17,90,1.9411233317218703e-30
17,91,3.0181089357982053e-30
17,92,3.456119152483653e-31
17,93,1.130792656958107e-30
17,94,8.177400041593776e-31
17,95,1.4640891171260595e-30
17,96,8.636026575633973e-31
17,97,8.940272234962375e-31
17,98,1.162674553888906e-30
17,99,8.412378220633807e-31
17,100,6.91483794728292e-31
17,101,6.143777789977675e-31
17,102,3.17959235420087e-31
17,103,1.1110958393846237e-30
17,104,1.2494865853460577e-30
17,105,1.4926629934741671e-30
17,106,2.3215972818620235e-30
17,107,1.5462074820628957e-31
17,108,8.784461609890962e-31
17,109,9.962203190485378e-31
17,110,1.131259854814851e-30
17,111,1.1504104997993397e-30
17,112,1.4199562341684313e-30
17,113,5.541866319528218e-31
17,114,6.175228978277574e-31
17,115,1.2834571691186003e-30
17,116,3.1477124677909686e-30
17,117,7.108622151736318e-31
17,118,3.418481097917569e-32
17,119,3.540662518447094e-30
17,120,6.051942672884279e-31
17,121,4.5741815984817844e-31
17,122,1.612606104006245e-30
17,123,7.382328215824946e-31
17,124,4.0637084179940505e-30
17,125,1.0882561378440573e-30
17,126,1.1956429125548718e-30
17,127,4.4185606048985485e-31
17,128,3.918043402346155e-31
17,129,1.1112881709572149e-30
17,130,2.7243387452782727e-30
17,131,4.883312509239451e-31
17,132,3.4344016827762004e-30
17,133,1.545666472701393e-31
17,134,9.217818662865142e-31
17,135,6.619760059677982e-31
17,136,8.986991317151969e-31
17,137,9.10017413150378e-31
17,138,4.324703607809977e-31
17,139,2.612599017705491e-30
17,140,6.719691771731187e-31
17,141,5.551077740130515e-31
17,142,1.5509949427408677e-30
17,143,5.9109491119464205e-31
17,144,1.5246427061532538e-30
17,145,1.9131141349193653e-30
17,146,1.4409831381546417e-30
17,147,5.10102379758583e-31
17,148,6.011528483426585e-31
17,149,1.822982299295349e-30
18,19,9.21119268050093e-31
18,20,1.2866724069308729e-30
18,21,3.616219967473911e-30
18,22,2.0851513518756955e-30
18,23,9.107018530498617e-31
18,24,1.5836067876721507e-30
18,25,6.762689271462522e-31
18,26,9.190537203829007e-31
18,27,1.0585086409968678e-30
18,28,1.1840437202528101e-30
18,29,2.6577301086885476e-30
18,30,5.361366115675147e-31
18,31,1.0327769127213593e-15
18,32,7.176965688523777e-31
18,33,8.73497791349355e-31
18,34,5.460196766893486e-30
18,35,2.5929003926677937e-30
18,36,1.5611265616099287e-30
18,37,7.574533395785947e-31
18,38,9.259448710372853e-31
18,39,6.039339267453311e-31
18,40,3.03540962442365e-31
18,41,1.5960854802165055e-30
18,42,6.037895254000835e-31
18,43,1.5633944178249037e-30
18,44,5.465224649637222e-30
18,45,1.6443941217798356e-30
18,46,2.5728673056543968e-30
18,47,4.3761192577840435e-31
18,48,5.621995831840356e-31
18,49,6.579242799393921e-31
18,50,9.366688892114038e-31
18,51,1.7826169828555785e-30
18,52,9.880674012847174e-31
18,53,4.900545615500389e-31
18,54,1.0318741507331295e-31
18,55,5.748822300757338e-16
18,56,6.435554302354373e-31
18,57,1.392984511315322e-30
18,58,7.433733678914534e-30
18,59,2.499026272199348e-30
18,60,2.8412105665666964e-30
18,61,7.971204871588425e-31
18,62,1.0318644965167667e-31
18,63,1.080160449083448e-30
18,64,2.5113243363163556e-30
18,65,7.045077257267442e-31
18,66,1.2894552391306367e-30
18,67,4.3082957949975546e-30
18,68,1.6618550531326387e-30
18,69,1.0319315536788007e-31
18,70,9.875194204289818e-31
18,71,1.6760879241790084e-30
18,72,1.0422389697204561e-30
18,73,1.313208910592481e-30
18,74,1.75049555771803e-30
18,75,1.6774790071154276e-30
18,76,1.2185639603974003e-30
18,77,1.409905333307564e-30
18,78,1.0208944497044737e-30
18,79,1.4021749586094086e-30
18,80,1.8350493635690604e-30
18,81,1.0708287295480527e-30
18,82,6.9595665563595585e-31
18,83,1.9900723025509298e-30
18,84,1.9644722808414795e-30
18,85,1.4226393460252055e-30
18,86,3.130971641029516e-16
18,87,3.312166249030394e-30
18,88,9.769644811174811e-31
18,89,1.2172326059635612e-30
18,90,4.7978527516015114e-30
18,91,2.2599853604952612e-30
18,92,4.777754743011532e-31
18,93,1.6487593732919e-30
18,94,5.057400470994217e-31
18,95,1.320759285258614e-30
18,96,7.069586540819033e-31
18,97,1.5170193957942793e-30
18,98,1.3783914433406043e-30
18,99,1.649126555657852e-30
18,100,3.695732529088877e-31
18,101,9.334555926317182e-31
18,102,3.135492786107552e-31
18,103,6.667239089010629e-31
18,104,9.024761011703749e-31
18,105,1.4938550797048612e-30
18,106,1.5722823223209705e-30
18,107,2.8072266905475323e-31
18,108,6.658868586414995e-31
18,109,2.4770525193580522e-30
18,110,1.7923513293032842e-30
18,111,1.5911164193777496e-30
18,112,9.289202502648076e-31
18,113,3.4950872666134655e-31
18,114,5.366014983613326e-31
18,115,1.3363202410680684e-30
18,116,2.286265435419624e-30
18,117,6.300865018780709e-31
18,118,1.0317338306029102e-31
18,119,1.9888725027954404e-30
18,120,6.187104039915115e-31
18,121,5.0390894703975225e-31
18,122,1.0791295555015302e-30
18,123,6.534994144049922e-31
18,124,3.166141225692756e-30
18,125,1.170308840107249e-30
18,126,7.011707256749573e-31
18,127,8.655111752971469e-31
18,128,1.0788901462832434e-30
18,129,1.2966242896647524e-30
18,130,4.753142324176463e-16
18,131,1.3172628708058107e-30
18,132,2.4046745043498906e-30
18,133,1.1653770106009878e-31
18,134,1.3001799120676672e-30
18,135,1.0269658501435247e-30
18,136,1.023042559761275e-30
18,137,5.137436065733012e-31
18,138,8.561543555337505e-31
18,139,3.3316289062467666e-16
18,140,1.830075756955706e-30
18,141,8.129785029553917e-31
18,142,2.346906216931969e-30
18,143,4.40883392233026e-31
18,144,1.3831061587154774e-30
18,145,1.624623189824122e-30
18,146,1.6606004446059036e-30
18,147,1.146774264467674e-30
18,148,3.689996237570242e-31
18,149,2.7962693463817712e-30
19,20,1.3520869442286372e-30
19,21,3.781838236055096e-30
19,22,4.169638213820569e-30
19,23,1.765851521797155e-30
19,24,8.380926135997493e-31
19,25,8.337856652660877e-31
19,26,1.0491431001384046e-30
19,27,2.4967836049552767e-30
19,28,1.6699414474606475e-30
19,29,2.2072178481622913e-30
19,30,7.556559645608583e-31
19,31,6.0872729633236e-16
19,32,1.46479456227767e-30
19,33,1.2434927158357174e-30
19,34,3.463688895613118e-30
19,35,1.5289615438616132e-30
19,36,3.0866164087954743e-30
19,37,1.1672691659975808e-30
19,38,1.307673795990498e-30
19,39,9.410734671672336e-31
19,40,4.161099778966992e-31
19,41,1.886182518732578e-30
19,42,1.3641552484597848e-30
19,43,2.823849375129269e-30
19,44,8.116134121143437e-30
19,45,1.4719866710549413e-30
19,46,2.2555288741182165e-30
19,47,9.109978757836815e-31
19,48,1.0430030417002357e-30
19,49,7.248698948424547e-31
19,50,1.3842882226742207e-30
19,51,1.8440838925414813e-30
19,52,6.706775264981742e-31
19,53,6.4275210536255805e-31
19,54,6.081952009131476e-32
19,55,9.087567112012117e-16
19,56,5.691679480721725e-31
19,57,2.6758870182405386e-30
19,58,5.9383798927619776e-30
19,59,1.4204774279412558e-30
19,60,2.5739409892791758e-30
19,61,7.037627284472187e-31
19,62,6.081895106377818e-32
19,63,1.439037361181418e-30
19,64,1.5981679683268148e-30
19,65,9.414163024532814e-31
19,66,2.623588175248506e-30
19,67,5.6011674550903225e-30
19,68,2.112264606392371e-30
19,69,6.082290346864335e-32
19,70,1.752799287287759e-30
19,71,2.9764763686591137e-30
19,72,2.1492405028134927e-30
19,73,2.164780170302093e-30
19,74,1.5331342751730303e-30
19,75,1.1307018951365902e-30
19,76,1.2707999122619674e-30
19,77,2.3651158864526544e-30
19,78,1.4470006787999926e-30
19,79,8.080520406844564e-31
19,80,1.0638327594284544e-30
19,81,1.2559422039669677e-30
19,82,8.005068711861748e-31
19,83,2.1453442625428408e-30
19,84,4.048380774448267e-30
19,85,1.5553072565236821e-30
19,86,6.397344083151581e-17
19,87,2.1814312276424046e-30
19,88,1.5190365912415461e-30
19,89,1.1409367617628732e-30
19,90,2.9936246731062117e-30
19,91,4.680096671463002e-30
19,92,4.44429147523168e-31
19,93,1.8928854238159373e-30
19,94,1.1129628703517531e-30
19,95,2.1726856404193566e-30
19,96,1.0529454218740147e-30
19,97,1.2817830415478066e-30
19,98,1.3988901117215283e-30
19,99,1.13706858622284e-30
19,100,9.270174117824936e-31
19,101,9.276145606165558e-31
19,102,4.00439916945904e-31
19,103,1.5708386156070438e-30
19,104,1.8599678607379933e-30
19,105,2.1075958600113136e-30
19,106,3.378490126537071e-30
19,107,2.4588444939484053e-31
19,108,1.2925293813784245e-30
19,109,1.873055597584723e-30
19,110,2.0092216126995977e-30
19,111,1.577813167721372e-30
19,112,2.063197046740367e-30
19,113,7.654369466536895e-31
19,114,9.318365428532767e-31
19,115,1.875286883241306e-30
19,116,4.331955116597996e-30
19,117,9.784162663258236e-31
19,118,6.081124950621191e-32
19,119,4.864329904640806e-30
19,120,8.4694847351811e-31
19,121,7.222456620183273e-31
19,122,2.020826153466357e-30
19,123,1.0883853835898745e-30
19,124,6.0162495492502994e-30
19,125,1.6834147533156724e-30
19,126,1.6310529029686503e-30
19,127,7.967419796866798e-31
19,128,8.99393297528256e-31
19,129,1.8348341087260274e-30
19,130,5.761606627538732e-16
19,131,7.524909584835073e-31
19,132,4.942510056028522e-30
19,133,2.267145963712919e-31
19,134,1.4357324870865431e-30
19,135,8.384081172221288e-31
19,136,1.2414831573725009e-30
19,137,1.1956096148116578e-30
19,138,7.394882511518134e-31
19,139,1.5823112613210546e-16
19,140,1.5423554177304966e-30
19,141,9.176611937188846e-31
19,142,2.1938202626967253e-30
19,143,8.152730951884022e-31
19,144,1.5544667638611158e-30
19,145,2.3745759416042343e-30
19,146,2.4250478086394194e-30
19,147,7.125812520216452e-31
19,148,8.39619125887667e-31
19,149,3.089712214174103e-30
20,21,5.293959928545177e-30
20,22,5.05928247463459e-30
20,23,1.0132480042093006e-30
20,24,1.8703150203513467e-30
20,25,6.439976268145127e-31
20,26,9.822074412668778e-31
20,27,3.0060012421208958e-30
20,28,2.0062455856236873e-30
20,29,2.689370078229368e-30
20,30,1.0542828717278909e-30
20,31,1.0742519363151423e-15
20,32,1.7316787606387843e-30
20,33,1.567552862832626e-30
20,34,5.5578543495890514e-30
20,35,3.221849569818855e-30
20,36,3.6963339597164495e-30
20,37,3.9569951286131524e-16
20,38,1.5670614646573616e-30
20,39,1.130050600647524e-30
20,40,4.252881005539886e-31
20,41,2.5710885514905044e-30
20,42,1.685486182646052e-30
20,43,3.1109926322720643e-30
20,44,1.1954885970457223e-29
20,45,1.2559087572002278e-30
20,46,3.56156786276209e-30
20,47,9.561674968770192e-31
20,48,1.093297580440284e-30
20,49,8.048698342622198e-31
20,50,1.1699103358411742e-30
20,51,2.5971971202032986e-30
20,52,9.206091383621904e-31
20,53,8.958722657470415e-31
20,54,1.0733129205393808e-31
20,55,4.145711393293727e-16
20,56,7.570851298126777e-31
20,57,3.1503776874934542e-30
20,58,2.6910028968576177e-16
20,59,3.2413053089428625e-30
20,60,2.913929523452351e-30
20,61,9.823062521931746e-31
20,62,1.073302878621815e-31
20,63,1.9333111600562693e-30
20,64,2.6338982807567378e-30
20,65,1.2885352266340234e-30
20,66,3.1799322730874224e-30
20,67,7.85547591095109e-30
20,68,3.36450148487146e-30
20,69,1.073372628715249e-31
20,70,2.2550315619134802e-30
20,71,3.5212733504834424e-30
20,72,2.425190147395261e-30
20,73,2.3906555994637734e-30
20,74,2.5969113690407003e-30
20,75,1.9218277151061473e-30
20,76,2.268726088483337e-30
20,77,3.066370594299258e-30
20,78,1.5437544943639198e-30
20,79,1.7826280224518294e-30
20,80,2.100324720608656e-30
20,81,1.0944089131827699e-30
20,82,1.0578686909774126e-30
20,83,3.050575870640808e-30
20,84,4.6319720272756444e-30
20,85,1.909233022212263e-30
20,86,5.840636449905011e-16
20,87,3.224429390673024e-30
20,88,1.6218555077459688e-30
20,89,1.5127322631158774e-30
20,90,4.94417598619247e-30
20,91,5.3916511278419146e-30
20,92,5.217839491799447e-31
20,93,2.7424814191129136e-30
20,94,1.1619245667247086e-30
20,95,2.867307968308576e-30
20,96,1.1354895192799987e-30
20,97,2.0164242328370645e-30
20,98,1.5158977813342602e-30
20,99,1.6399516082786596e-30
20,100,9.812279081553309e-31
20,101,1.1828750314448874e-30
20,102,3.7905371845334474e-31
20,103,1.7775496198641093e-30
20,104,2.137722853230615e-30
20,105,2.7710577948710383e-30
20,106,3.944717411728312e-30
20,107,3.8577183599346836e-31
20,108,1.4188239413509664e-30
20,109,5.188077670068692e-16
20,110,2.652340504314223e-30
20,111,2.183307836193263e-30
20,112,2.4993285484920226e-30
20,113,9.112657558875612e-31
20,114,1.1737128093555837e-30
20,115,1.8748240802938425e-30
20,116,5.5442310930889684e-30
20,117,1.119082422135354e-30
20,118,1.0731669653289815e-31
20,119,5.578686744619259e-30
20,120,1.09799230865815e-30
20,121,7.758434187516218e-31
20,122,2.0393376479725454e-30
20,123,1.3575673188653613e-30
20,124,7.454583275567461e-30
20,125,1.9816976199377494e-30
20,126,1.824848982146037e-30
20,127,1.3830804050716091e-30
20,128,1.1680267938677265e-30
20,129,2.355608326603163e-30
20,130,7.685040367548425e-16
20,131,1.5351369319208017e-30
20,132,5.536216016040733e-30
20,133,2.74792883106929e-31
20,134,1.5645589511442056e-30
20,135,1.3121893512346643e-30
20,136,1.7482669531952287e-30
20,137,1.226559320246689e-30
20,138,1.3134821392136202e-30
20,139,3.9331961911771446e-16
20,140,2.626816260212724e-30
20,141,1.4026450737173843e-30
20,142,3.212961078341376e-30
20,143,9.489722003295131e-31
20,144,1.7577803618753945e-30
20,145,2.5597440316827185e-30
20,146,3.167253055729971e-30
20,147,1.1953702348349428e-30
20,148,9.537710878110818e-31
20,149,5.164279288839241e-21
21,22,1.4331824964377184e-29
21,23,2.666854083468737e-30
21,24,4.541017012672712e-30
21,25,1.3287041781805498e-30
21,26,2.512771309289248e-30
21,27,9.12999994663241e-30
21,28,6.895300300427796e-30
21,29,6.914142251570113e-30
21,30,2.7507464926986856e-30
21,31,2.7729889823005913e-15
21,32,5.362277107732796e-30
21,33,5.1931984420754266e-30
21,34,1.4459291678046333e-29
21,35,8.225414417775526e-30
21,36,1.1409527522269499e-29
21,37,1.6883057536160703e-16
21,38,4.388225375263437e-30
21,39,3.813501830299109e-30
21,40,1.2261740705268505e-30
21,41,7.821247098241043e-30
21,42,4.4534880794397544e-30
21,43,9.366555496828851e-30
21,44,3.2806601558880093e-29
21,45,4.732534961252796e-30
21,46,8.297278139629712e-30
21,47,2.9699377704635353e-30
21,48,3.312784979066721e-30
21,49,2.8514495909813154e-30
21,50,3.900841439229793e-30
21,51,7.470452358626405e-30
21,52,2.8496404378101532e-30
21,53,2.6889826473304804e-30
21,54,2.770565081246875e-31
21,55,5.280972382141692e-16
21,56,1.925111406673349e-30
21,57,1.0130927935389765e-29
21,58,3.5137465267615947e-16
21,59,7.905196187318683e-30
21,60,7.556027070784746e-30
21,61,2.5133784244606595e-30
21,62,2.7705391598351188e-31
21,63,5.6309716046523654e-30
21,64,6.938408597193991e-30
21,65,3.0424059072221537e-30
21,66,9.13426452335638e-30
21,67,2.3425431550868218e-29
21,68,8.505633424934592e-30
21,69,2.770719207209546e-31
21,70,6.450793020633685e-30
21,71,1.1052343929613552e-29
21,72,7.90807274523374e-30
21,73,7.167844154077656e-30
21,74,6.559936841887275e-30
21,75,4.498601572891015e-30
21,76,4.9667151955446556e-30
21,77,9.011951431187049e-30
21,78,5.059868379510028e-30
21,79,3.902409790231818e-30
21,80,5.334339314725338e-30
21,81,3.6404542736420045e-30
21,82,3.3124459677314854e-30
21,83,9.288470455356446e-30
21,84,1.3527608369886044e-29
21,85,6.2594729650191806e-30
21,86,5.080222924341414e-16
21,87,8.743885676335864e-30
21,88,5.451894564739119e-30
21,89,3.895123396461625e-30
21,90,1.2798277785287465e-29
21,91,1.5968201375235352e-29
21,92,1.5114890761351355e-30
21,93,7.422836936011954e-30
21,94,3.538190138321858e-30
21,95,8.128907173133431e-30
21,96,4.131736412498774e-30
21,97,5.080587340100779e-30
21,98,4.324482519979174e-30
21,99,5.173133381068135e-30
21,100,3.0282948608549604e-30
21,101,4.1037694192240476e-30
21,102,1.2113800600356783e-30
21,103,5.525610354020866e-30
21,104,6.524980306532003e-30
21,105,8.198282046249508e-30
21,106,1.1845672371972994e-29
21,107,1.1200661563283665e-30
21,108,4.555730781881034e-30
21,109,2.2452484132815197e-16
21,110,8.190002102045199e-30
21,111,6.126730262016954e-30
21,112,7.050581791087225e-30
21,113,2.61493541901835e-30
21,114,3.582323282456506e-30
21,115,5.998550662048435e-30
21,116,1.6590288282641885e-29
21,117,3.4934313237098054e-30
21,118,2.7701883240108254e-31
21,119,1.6245165173188154e-29
21,120,3.1082572309882093e-30
21,121,2.1346722362994443e-30
21,122,7.128860883741186e-30
21,123,3.868043752392989e-30
21,124,2.2426499215348902e-29
21,125,5.861343695527103e-30
21,126,5.7844660462021066e-30
21,127,3.316667702828448e-30
21,128,2.9933907491601144e-30
21,129,7.245162284844618e-30
21,130,5.087681048627696e-16
21,131,3.592607630558875e-30
21,132,1.7889081602474146e-29
21,133,8.43061528797197e-31
21,134,4.9111404027895376e-30
21,135,2.9418308302703792e-30
21,136,4.669023688160536e-30
21,137,3.7610673528511065e-30
21,138,3.113231042741891e-30
21,139,5.896938838078302e-16
21,140,7.577238207140832e-30
21,141,3.737448659684898e-30
21,142,9.420850047066499e-30
21,143,2.7487649876756737e-30
21,144,5.663675656863525e-30
21,145,8.8840705860451e-30
21,146,9.011082402174499e-30
21,147,3.0942439674661764e-30
21,148,2.94348490389765e-30
21,149,1.2639846752703345e-29
22,23,2.656831802190417e-30
22,24,2.673145600304052e-30
22,25,1.102030144207579e-30
22,26,2.813704913884899e-30
22,27,9.837855461340522e-30
22,28,6.276821915754248e-30
22,29,7.092545723522209e-30
22,30,2.7521104263965283e-30
22,31,1.8712617402680597e-15
22,32,5.605883740774025e-30
22,33,4.7599608136180855e-30
22,34,1.0647401543876367e-29
22,35,5.1778690598584084e-30
22,36,1.1806453309424905e-29
22,37,2.4077061973184286e-16
22,38,5.045367373725053e-30
22,39,3.547974287964623e-30
22,40,1.5268868722083751e-30
22,41,7.39521977852831e-30
22,42,5.203757006647461e-30
22,43,9.31790045854691e-30
22,44,1.242236438018248e-16
22,45,2.6723710301950933e-30
22,46,7.378080094485948e-30
22,47,3.0532007744945085e-30
22,48,4.063465695795381e-30
22,49,2.7160635361435534e-30
22,50,4.011872385962889e-30
22,51,7.157900221236774e-30
22,52,1.5039466946185983e-30
22,53,2.4380568913712198e-30
22,54,1.8696260492022186e-31
22,55,5.192336006099169e-16
22,56,1.3880515140065443e-30
22,57,1.0341157114833915e-29
22,58,2.944945378240263e-16
22,59,4.96521120289471e-30
22,60,9.054243707754968e-30
22,61,2.8876958286539433e-30
22,62,1.8696085569776254e-31
22,63,5.63182871313737e-30
22,64,4.6681619006392606e-30
22,65,3.376910928347516e-30
22,66,9.7504844016049e-30
22,67,2.1410296875243195e-29
22,68,7.944832708027999e-30
22,69,1.8697300561128013e-31
22,70,6.746380660118528e-30
22,71,1.1100712629117935e-29
22,72,8.277013235671513e-30
22,73,7.58722017955044e-30
22,74,5.70481373025915e-30
22,75,3.4566778082676095e-30
22,76,4.509821413850916e-30
22,77,9.34694890703174e-30
22,78,5.582510494819546e-30
22,79,2.4857199074280706e-30
22,80,3.0554865579858987e-30
22,81,3.7959485019697265e-30
22,82,3.0511584499755604e-30
22,83,8.079986932410588e-30
22,84,1.456514447187254e-29
22,85,6.000535433703564e-30
22,86,4.1771910772848496e-16
22,87,7.070889619811055e-30
22,88,5.865317473237698e-30
22,89,3.845616678557315e-30
22,90,9.508629515537311e-30
22,91,1.6923709202264718e-29
22,92,1.6720560220941962e-30
22,93,6.978893446669279e-30
22,94,4.130652904916409e-30
22,95,8.3259520998702e-30
22,96,4.239559642052803e-30
22,97,2.0014877197312664e-16
22,98,5.3878841370431594e-30
22,99,4.092542359505074e-30
22,100,3.521277699895287e-30
22,101,3.433080967917321e-30
22,102,1.395139450886899e-30
22,103,5.931457037581051e-30
22,104,6.848470537393789e-30
22,105,8.204880752991352e-30
22,106,1.2717820496258336e-29
22,107,9.287800139843613e-31
22,108,4.7288210994264484e-30
22,109,3.6088919696935593e-16
22,110,6.983987840817512e-30
22,111,5.958769745454003e-30
22,112,7.825022532015275e-30
22,113,2.9149323268961764e-30
22,114,3.5571814543148924e-30
22,115,6.463507429457414e-30
22,116,1.7321830715271767e-29
22,117,3.732365285419162e-30
22,118,1.8693718067924263e-31
22,119,1.8626805154172316e-29
22,120,3.250460453148341e-30
22,121,2.4087254609900402e-30
22,122,7.904596068385759e-30
22,123,4.029713967861474e-30
22,124,2.3007422268981403e-29
22,125,5.944055008717787e-30
22,126,6.276220902412051e-30
22,127,2.9410301005786123e-30
22,128,1.8415241638945003e-30
22,129,6.718881919629362e-30
22,130,9.233178754624699e-16
22,131,2.4265657028615146e-30
22,132,1.8589876742474217e-29
22,133,8.661899472172199e-31
22,134,4.753259003722323e-30
22,135,3.0008214000108812e-30
22,136,4.8814142493895954e-30
22,137,4.5174636744286316e-30
22,138,2.6942136755208873e-30
22,139,5.58785640683241e-16
22,140,5.62964392778524e-30
22,141,3.404295975870333e-30
22,142,8.447217395699903e-30
22,143,3.0933575418027333e-30
22,144,6.75883684584845e-30
22,145,9.300709268529603e-30
22,146,8.769489778895876e-30
22,147,2.330941855341003e-30
22,148,3.205195670498419e-30
22,149,1.1288692171601724e-29
23,24,1.2422390880890666e-30
23,25,1.1657014404518256e-30
23,26,1.3038207046891605e-30
23,27,1.6516874121824868e-30
23,28,1.200865456850703e-30
23,29,2.5547066038658937e-30
23,30,5.377015361251699e-31
23,31,8.891536662303998e-16
23,32,9.910572017660694e-31
23,33,1.251060928971282e-30
23,34,4.853185053024125e-30
23,35,1.8895980513602583e-30
23,36,1.9412864341857784e-30
23,37,1.0307139159382293e-30
23,38,1.6725837093408062e-30
23,39,7.605667327962513e-31
23,40,4.063184208832082e-31
23,41,1.9365065771073085e-30
23,42,9.000061892539636e-31
23,43,3.296164928593335e-30
23,44,5.3229114073810526e-30
23,45,2.2232488560794155e-30
23,46,2.196637281858624e-30
23,47,1.090912314164846e-30
23,48,9.09537519125058e-31
23,49,7.32243609669908e-31
23,50,1.8055527965603035e-30
23,51,1.5582712759586228e-30
23,52,1.0859285937851103e-30
23,53,3.631394565597905e-31
23,54,8.883764469474344e-32
23,55,1.923040930343737e-15
23,56,1.2359316274552456e-30
23,57,2.1065380883535702e-30
23,58,5.974970171757835e-30
23,59,1.9203201179970134e-30
23,60,2.788334787600883e-30
23,61,9.038760654536e-31
23,62,8.883681352958397e-32
23,63,8.53695434893225e-31
23,64,2.125102523769462e-30
23,65,7.0680274928114894e-31
23,66,1.491296078702979e-30
23,67,3.1594224760151215e-30
23,68,1.0796694491870852e-30
23,69,8.884258671455113e-32
23,70,1.1636339293763268e-30
23,71,2.588654947346956e-30
23,72,1.436677574509827e-30
23,73,1.5705259150923099e-30
23,74,1.2662760374941792e-30
23,75,1.5771904679104635e-30
23,76,6.944098289202542e-31
23,77,1.4317795648853635e-30
23,78,1.3046920683332124e-30
23,79,1.2219674237857338e-30
23,80,1.4283160360516133e-30
23,81,1.7746510833247296e-30
23,82,5.463376258791167e-31
23,83,1.3072157366558685e-30
23,84,2.5443107307935144e-30
23,85,1.1393486688547047e-30
23,86,4.2276122238862134e-16
23,87,2.9079549767612782e-30
23,88,1.1513223043955811e-30
23,89,1.1380235708237546e-30
23,90,4.298774237415281e-30
23,91,3.155290369146449e-30
23,92,4.524289395160868e-31
23,93,9.46544735743221e-31
23,94,8.719752822462157e-31
23,95,1.1878425073279758e-30
23,96,7.97207113397803e-31
23,97,1.2518983978602247e-30
23,98,1.6313200574444653e-30
23,99,1.3108185662541554e-30
23,100,6.5524986225702845e-31
23,101,8.721406665600242e-31
23,102,5.787433957706213e-31
23,103,1.082278705656928e-30
23,104,1.5295044187564018e-30
23,105,1.3316682703811779e-30
23,106,2.0673610231632142e-30
23,107,1.8512847389069033e-31
23,108,1.3204590398377942e-30
23,109,2.460122250795503e-30
23,110,2.2061250748289574e-30
23,111,1.472216156497435e-30
23,112,1.1933396155012862e-30
23,113,5.269066744310862e-31
23,114,5.296234823482984e-31
23,115,1.6970225188378824e-30
23,116,3.265419814145205e-30
23,117,6.6998963457139694e-31
23,118,8.882556404531243e-32
23,119,3.1726504871198706e-30
23,120,1.1816135916618243e-30
23,121,5.783689938124025e-31
23,122,1.608758161125384e-30
23,123,9.160560875627338e-31
23,124,3.4203456798210196e-30
23,125,1.2354096352709757e-30
23,126,1.0859446056183456e-30
23,127,8.39570637082223e-31
23,128,9.505134588986457e-31
23,129,1.38143704041771e-30
23,130,7.557025716241993e-16
23,131,1.1776257512343117e-30
23,132,3.39757856614483e-30
23,133,1.3218236826729794e-31
23,134,1.283007765802905e-30
23,135,9.517109715727431e-31
23,136,1.0806159577658751e-30
23,137,9.115689941769933e-31
23,138,6.55196205720745e-31
23,139,1.3597399555105143e-16
23,140,1.1408589804210563e-30
23,141,6.000844891519297e-31
23,142,1.7181887350110244e-30
23,143,5.65180206969488e-31
23,144,1.935256262793047e-30
23,145,2.1258479103544563e-30
23,146,1.4576799344953449e-30
23,147,1.006579744239921e-30
23,148,5.323898077320955e-31
23,149,2.1450337665409605e-30
24,25,8.280457821219548e-31
24,26,1.4129278090619606e-30
24,27,1.2512186685005114e-30
24,28,1.1156097368645298e-30
24,29,3.7340651756676085e-30
24,30,6.925432091810552e-31
24,31,1.4908775096624505e-15
24,32,6.268525155325341e-31
24,33,1.0937965896757336e-30
24,34,7.812260791160144e-30
24,35,3.70925337677279e-30
24,36,1.4044416886958921e-30
24,37,2.7755575615628627e-17
24,38,1.2162917137245193e-30
24,39,6.2919151870312275e-31
24,40,4.717874661038172e-31
24,41,1.8545600772189285e-30
24,42,7.864646376666413e-31
24,43,1.3341769177849947e-30
24,44,6.127553663250539e-30
24,45,1.5053735457861066e-30
24,46,3.692108233865675e-30
24,47,3.6257377454426264e-31
24,48,9.256375045504865e-31
24,49,8.060259234106182e-31
24,50,1.3385479936298994e-30
24,51,2.3444293756812902e-30
24,52,1.2140273458259231e-30
24,53,5.2605499956371765e-31
24,54,1.4895743167577178e-31
24,55,3.053113317719187e-16
24,56,8.883882318436065e-31
24,57,1.191184839707494e-30
24,58,1.017888680183924e-29
24,59,3.495530295147606e-30
24,60,4.136424114117607e-30
24,61,1.4770717099866788e-30
24,62,1.4895603802977996e-31
24,63,1.3510902262593932e-30
24,64,3.6056562253718105e-30
24,65,1.1281553548072734e-30
24,66,1.0641554186586954e-30
24,67,4.796988751465212e-30
24,68,2.008190987264592e-30
24,69,1.489657181468998e-31
24,70,8.7943697823183e-31
24,71,1.8399455665030003e-30
24,72,9.09372015248723e-31
24,73,1.6239810411565167e-30
24,74,2.5035366134931596e-30
24,75,2.4182604942638423e-30
24,76,1.7726702051113514e-30
24,77,1.6428784196117476e-30
24,78,1.797844884272116e-30
24,79,2.255306445622386e-30
24,80,2.6248178128841503e-30
24,81,1.2906545231512458e-30
24,82,8.126909077385815e-31
24,83,2.3527901655774172e-30
24,84,1.6243712531495623e-30
24,85,1.9070082511177234e-30
24,86,4.2389770441856323e-16
24,87,4.6937927609502476e-30
24,88,1.4044209273730242e-30
24,89,1.6353214679739385e-30
24,90,6.923125980277459e-30
24,91,1.9408991464223885e-30
24,92,6.901301720158118e-31
24,93,1.8179363721998686e-30
24,94,8.124817053093187e-31
24,95,1.5330222474340416e-30
24,96,9.823103867599994e-31
24,97,2.273532274157238e-30
24,98,2.281510761404518e-30
24,99,2.2040716437115635e-30
24,100,4.428690618740935e-31
24,101,1.1216876055317254e-30
24,102,5.466156422431371e-31
24,103,6.7565880081217955e-31
24,104,9.46181113590313e-31
24,105,1.7907089567096076e-30
24,106,1.2990383303055452e-30
24,107,3.6516163986930866e-31
24,108,5.3238431135959855e-31
24,109,4.237029101192655e-30
24,110,2.1542907881884724e-30
24,111,2.3292452977351185e-30
24,112,7.577181088466949e-31
24,113,5.14838411156979e-31
24,114,4.987314573230002e-31
24,115,1.9523428088997455e-30
24,116,2.317066765299365e-30
24,117,8.078156228245655e-31
24,118,1.4893717559493577e-31
24,119,1.9762529028878368e-30
24,120,9.017070343760826e-31
24,121,7.04675465344607e-31
24,122,1.5841343327814316e-30
24,123,7.038075297319635e-31
24,124,2.8286208082598586e-30
24,125,1.5920376577861397e-30
24,126,6.649717338792726e-31
24,127,1.1693725712535842e-30
24,128,1.4313035760602285e-30
24,129,1.359874449677001e-30
24,130,5.439955634168784e-16
24,131,2.069101839564353e-30
24,132,2.036190577475018e-30
24,133,1.0206193128242526e-31
24,134,1.792445882633999e-30
24,135,1.7480194602608374e-30
24,136,1.4134897355076625e-30
24,137,7.1495334925524834e-31
24,138,1.2320642233235299e-30
24,139,3.8956806801599213e-16
24,140,2.2493307491465327e-30
24,141,1.105921083041654e-30
24,142,3.115720176925331e-30
24,143,6.400171658490324e-31
24,144,2.5288035142933905e-30
24,145,2.512477678759629e-30
24,146,1.6509295355670426e-30
24,147,1.656388198902461e-30
24,148,3.1741275362093177e-31
24,149,3.731877974490678e-30
25,26,7.263779914264557e-31
25,27,5.0105594117659045e-31
25,28,2.1639668054604393e-31
25,29,1.629690271547757e-30
25,30,1.8062249465479332e-31
25,31,5.688200336284368e-16
25,32,1.7780021755016393e-31
25,33,2.971743635300903e-31
25,34,3.0871694714503554e-30
25,35,1.2648937333364168e-30
25,36,4.56459954844883e-31
25,37,5.340374970568252e-31
25,38,7.994862583560811e-31
25,39,1.4699514906210473e-31
25,40,2.1695709047118834e-31
25,41,5.277673408371235e-31
25,42,3.6170148974617623e-31
25,43,9.710629688385861e-31
25,44,1.6926756409715623e-30
25,45,7.819646293903908e-31
25,46,1.1885648738607126e-30
25,47,3.6515409808960873e-31
25,48,3.900420997714681e-31
25,49,4.164869071875432e-31
25,50,8.07784122908737e-31
25,51,7.7740198527972905e-31
25,52,5.118895436163427e-31
25,53,1.0084689001643952e-31
25,54,5.683228215992187e-32
25,55,5.688200336284348e-16
25,56,3.915760465597662e-31
25,57,5.632175694444579e-31
25,58,3.2786371242186726e-30
25,59,1.2167741708029735e-30
25,60,1.7008890112828507e-30
25,61,4.924683770713163e-31
25,62,5.683175043699038e-32
25,63,4.886794197112703e-31
25,64,1.3725101767913266e-30
25,65,3.737255264937915e-31
25,66,3.4416632213194026e-31
25,67,1.0623046048681355e-30
25,68,3.7185641316286184e-31
25,69,5.683544372802868e-32
25,70,2.9349314178807487e-31
25,71,7.551418214989833e-31
25,72,3.8674693017577463e-31
25,73,8.401463128144364e-31
25,74,7.423524223175815e-31
25,75,9.786671296037722e-31
25,76,3.8593383910090587e-31
25,77,6.528543097289423e-31
25,78,6.395986098818494e-31
25,79,7.762128742590764e-31
25,80,9.774805394400606e-31
25,81,8.673438037351255e-31
25,82,2.595032546818481e-31
25,83,6.970590016195853e-31
25,84,8.411741142484708e-31
25,85,6.646561565950375e-31
25,86,4.117132850470453e-30
25,87,1.860981953850069e-30
25,88,5.379971453730325e-31
25,89,6.180883977915301e-31
25,90,2.6913061398098206e-30
25,91,8.171038556083501e-31
25,92,2.735481486820983e-31
25,93,5.629142461508039e-31
25,94,4.467576914260465e-31
25,95,5.2303329684377446e-31
25,96,3.5366644370794623e-31
25,97,7.93410205038948e-31
25,98,7.129988564995441e-31
25,99,8.38953281890869e-31
25,100,2.4084169882877264e-31
25,101,4.096447989995762e-31
25,102,2.7721445617015142e-31
25,103,3.2213934130025614e-31
25,104,6.454472095248041e-31
25,105,7.592526777191198e-31
25,106,5.221706070323721e-31
25,107,1.2065733267231545e-31
25,108,4.714474474291919e-31
25,109,9.888145880547602e-31
25,110,6.729840396083464e-31
25,111,9.179189039908322e-31
25,112,3.1705256618821115e-31
25,113,1.976218170616492e-31
25,114,5.985732179878533e-32
25,115,8.360794815691511e-31
25,116,7.691399144587843e-31
25,117,3.406722804545444e-31
25,118,5.682455378216607e-32
25,119,1.0928541398671255e-30
25,120,4.821229818670873e-31
25,121,3.5783028029679097e-31
25,122,7.131758577915052e-31
25,123,2.477838716330027e-31
25,124,4.782470542847984e-31
25,125,6.868139614265726e-31
25,126,3.202833413639995e-31
25,127,3.741446546894863e-31
25,128,6.6915909070621405e-31
25,129,2.630612127494408e-31
25,130,5.551115123125843e-17
25,131,7.3941063502676074e-31
25,132,8.594111119655894e-31
25,133,1.8995567228668695e-32
25,134,7.045191665407045e-31
25,135,5.631753930013713e-31
25,136,4.497179777733706e-31
25,137,3.7982752459133807e-31
25,138,4.182482549001709e-31
25,139,1.2476962833216326e-30
25,140,6.160286221068365e-31
25,141,3.306746139569638e-31
25,142,1.112612284216301e-30
25,143,2.727951395186172e-31
25,144,7.3212380196412535e-31
25,145,8.490791138748602e-31
25,146,3.0248255826845958e-31
25,147,6.377714514063841e-31
25,148,1.6159120333433076e-31
25,149,1.1077713688534767e-30
26,27,1.6928218480350453e-30
26,28,8.080903367803061e-31
26,29,2.861048557961255e-30
26,30,4.045754768413546e-31
26,31,9.682678848994775e-16
26,32,8.238669183395458e-31
26,33,7.298612882210322e-31
26,34,5.310364646729263e-30
26,35,1.9565191444817442e-30
26,36,1.8287565469295145e-30
26,37,1.0571354478485878e-30
26,38,1.1848022726902286e-30
26,39,6.354222256914397e-31
26,40,4.680401989613014e-31
26,41,1.1039862849124166e-30
26,42,9.422580942266578e-31
26,43,1.68417933779039e-30
26,44,2.704204255925265e-30
26,45,8.47534661330517e-31
26,46,2.150407480670758e-30
26,47,6.084676718073052e-31
26,48,1.0003531723690365e-30
26,49,6.81317969487738e-31
26,50,1.2678505905006062e-30
26,51,1.491130821615093e-30
26,52,7.235728730051202e-31
26,53,2.2652785924953876e-31
26,54,9.6742151098257e-32
26,55,4.3709524189038275e-16
26,56,6.377171687604236e-31
26,57,1.5143613041659837e-30
26,58,5.527162854000808e-30
26,59,1.9470187595433322e-30
26,60,3.208051876836666e-30
26,61,1.1150221019565356e-30
26,62,9.674124597852175e-32
26,63,9.581861922385179e-31
26,64,2.3306366553016038e-30
26,65,7.939561084732462e-31
26,66,1.317810524119224e-30
26,67,2.080093392355341e-30
26,68,4.736688901408582e-31
26,69,9.67475328441217e-32
26,70,8.737365400501177e-31
26,71,1.6741970078483694e-30
26,72,1.3193577562846426e-30
26,73,1.474623289970395e-30
26,74,1.3620703599641457e-30
26,75,1.6622535245552e-30
26,76,6.5598847343032765e-31
26,77,1.4058324210083623e-30
26,78,1.5636426099032441e-30
26,79,1.3585892327102241e-30
26,80,1.5239308280824249e-30
26,81,1.1488361034038936e-30
26,82,4.676646420855663e-31
26,83,1.0706464552860332e-30
26,84,2.3020451002115497e-30
26,85,1.3874938606201523e-30
26,86,2.547623188892904e-16
26,87,3.242321149052018e-30
26,88,1.305496660779133e-30
26,89,1.099163470071373e-30
26,90,4.692823250159423e-30
26,91,2.471964431680752e-30
26,92,5.178606298819736e-31
26,93,9.153230827222962e-31
26,94,9.495557049429009e-31
26,95,1.2097216292689973e-30
26,96,8.96400654275309e-31
26,97,1.430355262977869e-30
26,98,1.6310989836981706e-30
26,99,1.4191686817661006e-30
26,100,7.063384761869017e-31
26,101,6.626016494514097e-31
26,102,5.051850832707409e-31
26,103,1.119436315868256e-30
26,104,1.1194000885942508e-30
26,105,1.4655585762371912e-30
26,106,1.9524644063501964e-30
26,107,1.9238779203228769e-31
26,108,8.478616614602505e-31
26,109,1.8508877223197037e-30
26,110,1.0890459987893664e-30
26,111,1.616102148193131e-30
26,112,1.1350715635848942e-30
26,113,5.692976805529528e-31
26,114,4.26372752350571e-31
26,115,1.7080699607101334e-30
26,116,2.3326203532496125e-30
26,117,7.470799005172125e-31
26,118,9.672899554897792e-32
26,119,3.316845617582697e-30
26,120,7.709642762005368e-31
26,121,6.087979738912981e-31
26,122,1.8002819350697427e-30
26,123,7.179018447362943e-31
26,124,2.9254262571062493e-30
26,125,1.2753859642413685e-30
26,126,1.094079912722489e-30
26,127,5.683975939741109e-31
26,128,9.57221243765781e-31
26,129,7.66912509032612e-31
26,130,3.1031676915590983e-16
26,131,1.3231323106207137e-30
26,132,2.9479963708710694e-30
26,133,1.152163343826395e-31
26,134,1.2851330424901341e-30
26,135,1.1725764960088652e-30
26,136,8.933068562693009e-31
26,137,1.011542477561304e-30
26,138,6.5283602754511195e-31
26,139,2.708325016527487e-30
26,140,7.478860021398451e-31
26,141,5.900362083060292e-31
26,142,1.900239949608245e-30
26,143,6.317696777425351e-31
26,144,2.0527648480136396e-30
26,145,2.2013747152190573e-30
26,146,9.035679272705657e-31
26,147,1.1137652178016862e-30
26,148,5.38111276953541e-31
26,149,1.8905092759571166e-30
27,28,4.123573464752594e-30
27,29,3.698526085338527e-30
27,30,1.684822148719336e-30
27,31,7.391143542953569e-16
27,32,3.53831767484255e-30
27,33,3.536395031160633e-30
27,34,4.428910524137303e-30
27,35,2.9377164296774127e-30
27,36,7.402669605624566e-30
27,37,6.578794411355364e-16
27,38,3.1919029814808977e-16
27,39,2.4028506783137715e-30
27,40,9.031102821850117e-31
27,41,4.976494145432808e-30
27,42,3.123979362539075e-30
27,43,5.832890561187437e-30
27,44,6.169863088140425e-16
27,45,2.0522281740476777e-30
27,46,4.270866582625992e-30
27,47,1.9338239375899522e-30
27,48,2.4861479992054745e-30
27,49,1.821377306590585e-30
27,50,2.6668671587350766e-30
27,51,4.6036837246087556e-30
27,52,8.30640758519145e-31
27,53,1.5319359448472345e-30
27,54,7.38468286073076e-32
27,55,4.752129238999673e-16
27,56,1.0000824425729505e-30
27,57,6.652047258602729e-30
27,58,3.2502348640548347e-16
27,59,3.1156680750257376e-30
27,60,5.206695477998878e-30
27,61,1.8196816854280257e-30
27,62,7.384613769624972e-32
27,63,3.5004263570491676e-30
27,64,2.3783085371582465e-30
27,65,2.0019028513216253e-30
27,66,5.981034826117342e-30
27,67,1.3656911813452198e-29
27,68,4.706375738816367e-30
27,69,7.385093669111562e-32
27,70,4.115707160180658e-30
27,71,7.069374107551875e-30
27,72,5.21115918973564e-30
27,73,4.365178624138822e-30
27,74,3.533331384439933e-30
27,75,1.93428795935984e-30
27,76,2.5491199625720656e-30
27,77,5.847129732491573e-30
27,78,3.682507828623084e-30
27,79,1.2241670342801234e-30
27,80,1.4329879060693312e-30
27,81,2.7226345665361158e-30
27,82,1.9301100701727193e-30
27,83,5.0936200242875766e-30
27,84,8.94521354975311e-30
27,85,3.947800420415697e-30
27,86,8.451575623437118e-16
27,87,3.650372281374214e-30
27,88,3.591219562133947e-30
27,89,2.346431563241757e-30
27,90,4.1687038520639754e-30
27,91,1.0554145510765882e-29
27,92,1.0314115483476183e-30
27,93,3.877018054721047e-30
27,94,2.561877067139265e-30
27,95,5.08755025067064e-30
27,96,2.8868859013941256e-30
27,97,8.064659289372814e-16
27,98,3.1410881288023854e-30
27,99,2.6084665396233433e-30
27,100,2.1884562633493102e-30
27,101,2.3220880775950395e-30
27,102,9.6458399374962e-31
27,103,3.8170062446588806e-30
27,104,4.321698523132727e-30
27,105,5.1595987190276355e-30
27,106,7.940104383038553e-30
27,107,5.826823940368084e-31
27,108,2.9319470680466544e-30
27,109,4.68584101296486e-16
27,110,4.3961795493378606e-30
27,111,3.764669933618243e-30
27,112,4.766706983857941e-30
27,113,1.8132664667313308e-30
27,114,2.2410462471066047e-30
27,115,4.151434675400645e-30
27,116,1.1819790762244974e-29
27,117,2.3427256857449973e-30
27,118,7.38367864945179e-32
27,119,1.1438619370534419e-29
27,120,2.0465861908620853e-30
27,121,1.4448649486954554e-30
27,122,5.180239801954173e-30
27,123,2.438426776579317e-30
27,124,1.441391450323214e-29
27,125,3.632417957154143e-30
27,126,3.985711097380078e-30
27,127,1.6892187573191853e-30
27,128,1.2540388008572973e-30
27,129,4.215864552633687e-30
27,130,8.398068501950943e-16
27,131,1.2417783170207907e-30
27,132,1.1862549572971704e-29
27,133,5.453218858576761e-31
27,134,2.9622776311660445e-30
27,135,1.884585417024736e-30
27,136,2.9614740523597365e-30
27,137,2.784833459916266e-30
27,138,1.906350748341468e-30
27,139,8.098037758181839e-16
27,140,3.414660946205594e-30
27,141,2.0882821542642558e-30
27,142,5.307218465008979e-30
27,143,1.901219838198579e-30
27,144,4.374978038006461e-30
27,145,6.267254821934947e-30
27,146,5.209193404572215e-30
27,147,1.2386546830015278e-30
27,148,2.009962501666674e-30
27,149,6.941129705172368e-30
28,29,1.8683142619840506e-30
28,30,1.1556215397787205e-30
28,31,4.742874840267534e-16
28,32,2.4442334587942355e-30
28,33,2.370407391033777e-30
28,34,2.4054802248884032e-30
28,35,2.621282550678351e-30
28,36,5.179595025351664e-30
28,37,1.733913050090463e-30
28,38,1.9335774205189998e-30
28,39,1.8269977383393613e-30
28,40,4.515472085071903e-31
28,41,3.5052244287015496e-30
28,42,1.934135228141101e-30
28,43,4.1783582647649506e-30
28,44,1.4150823808206298e-29
28,45,2.400353824853138e-30
28,46,2.7632528071300912e-30
28,47,1.3553576437427836e-30
28,48,1.4079363256038321e-30
28,49,1.3640433848421277e-30
28,50,1.8511709690135446e-30
28,51,3.208666425852791e-30
28,52,1.072408013289026e-30
28,53,1.163599734512274e-30
28,54,4.7387290396904974e-32
28,55,5.551115123125993e-17
28,56,7.355010997521782e-31
28,57,4.658764722385706e-30
28,58,8.971954192079717e-30
28,59,2.5963737710805006e-30
28,60,3.144054428011943e-30
28,61,8.937639997373343e-31
28,62,4.738684704133297e-32
28,63,2.4904931126176568e-30
28,64,1.7870288695528812e-30
28,65,1.2661773023969797e-30
28,66,3.999903884833945e-30
28,67,1.0151543723430569e-29
28,68,3.4020398278125556e-30
28,69,4.738992654207271e-32
28,70,2.8872869902248724e-30
28,71,5.006643254878199e-30
28,72,3.658036476573032e-30
28,73,3.189439703374224e-30
28,74,2.6032302818460588e-30
28,75,1.2548816910774788e-30
28,76,1.7904995931521458e-30
28,77,3.9913988874693045e-30
28,78,2.3688688218434878e-30
28,79,7.549942847517843e-31
28,80,1.460676987773624e-30
28,81,1.78835086035668e-30
28,82,1.4568542451017991e-30
28,83,4.127565203645962e-30
28,84,5.9577114844408e-30
28,85,2.9022285489649088e-30
28,86,1.0682019162932383e-29
28,87,2.337084218121451e-30
28,88,2.600416004189402e-30
28,89,1.5758974353759839e-30
28,90,2.131543275014117e-30
28,91,7.090103057799729e-30
28,92,6.680116035039381e-31
28,93,3.073535011754147e-30
28,94,1.5716728243079641e-30
28,95,3.5429685104933786e-30
28,96,2.0027207341339474e-30
28,97,1.956226354674712e-30
28,98,1.9286115542659074e-30
28,99,2.187587419538512e-30
28,100,1.3478508564960644e-30
28,101,1.8934963207009646e-30
28,102,5.792912068461495e-31
28,103,2.5163225201053114e-30
28,104,2.930410989483809e-30
28,105,3.6453225776110006e-30
28,106,5.289499221973818e-30
28,107,4.598922205115838e-31
28,108,2.1031796461113314e-30
28,109,2.895974415132787e-30
28,110,3.518834285302701e-30
28,111,2.6577086883272177e-30
28,112,3.0761858584799916e-30
28,113,1.1662300486961867e-30
28,114,1.59428674117137e-30
28,115,2.7264684483044777e-30
28,116,7.406987263937226e-30
28,117,1.580214081135239e-30
28,118,4.7380846402979466e-32
28,119,7.164402260932548e-30
28,120,1.3728747844269833e-30
28,121,9.223327056012604e-31
28,122,3.4006975072736345e-30
28,123,1.7830637791020036e-30
28,124,9.971017389356442e-30
28,125,2.5709771143521757e-30
28,126,2.6495721877317832e-30
28,127,1.2290648643746358e-30
28,128,9.783088369848802e-31
28,129,3.1700621593743206e-30
28,130,7.216449660063587e-16
28,131,6.984808101602458e-31
28,132,8.20730473128992e-30
28,133,3.7779971753614158e-31
28,134,2.1484132648375923e-30
28,135,1.2543084357403822e-30
28,136,1.990328127363819e-30
28,137,1.6389060415557033e-30
28,138,1.1272360348844998e-30
28,139,9.31471429476995e-30
28,140,2.9851653839510203e-30
28,141,1.5388378410527783e-30
28,142,4.0560793351682805e-30
28,143,1.2174001901934455e-30
28,144,2.3763638691100623e-30
28,145,4.296337462473582e-30
28,146,3.8526901200447135e-30
28,147,8.146340576492166e-31
28,148,1.32556509391105e-30
28,149,5.152442496680735e-30
29,30,1.097130185290284e-30
29,31,2.6551822819878284e-15
29,32,1.9746834648712998e-30
29,33,1.5698571685644706e-30
29,34,1.4544656350546773e-29
29,35,5.515943592991945e-30
29,36,4.075885280430693e-30
29,37,3.0327419759421896e-16
29,38,2.7663083491866216e-30
29,39,1.1175083723199108e-30
29,40,1.160494535824717e-30
29,41,3.124670679554597e-30
29,42,2.419415685480194e-30
29,43,3.1355759632587923e-30
29,44,4.491110644136719e-16
29,45,3.1103278275973505e-30
29,46,6.1028881426706485e-30
29,47,1.1080820214435337e-30
29,48,2.4875517796246082e-30
29,49,1.5416133616999896e-30
29,50,2.6175648037830295e-30
29,51,4.1512553106896356e-30
29,52,2.234556914593055e-30
29,53,7.168899473527817e-31
29,54,2.652861357104171e-31
29,55,4.549905539270663e-16
29,56,1.657158034895368e-30
29,57,3.398896051308746e-30
29,58,4.736779934299742e-16
29,59,5.423273129738399e-30
29,60,8.335480149388266e-30
29,61,2.5558557825520077e-30
29,62,2.6528365369286647e-31
29,63,2.2837254538078916e-30
29,64,6.368122894487742e-30
29,65,1.8850199094455625e-30
29,66,3.3644951224540936e-30
29,67,6.2765867391676886e-30
29,68,2.36519845887773e-30
29,69,2.653008935233003e-31
29,70,2.297555916945363e-30
29,71,3.7892917167422444e-30
29,72,3.1324787366781993e-30
29,73,3.75937952082038e-30
29,74,3.552447444988845e-30
29,75,4.4953268445896724e-30
29,76,1.8465505058128953e-30
29,77,3.4546343805143626e-30
29,78,3.294713747015717e-30
29,79,3.4115643855561424e-30
29,80,4.182981854274328e-30
29,81,2.541490788321774e-30
29,82,1.2763403608368662e-30
29,83,3.1756253894922934e-30
29,84,5.4657485079644675e-30
29,85,3.194978368543203e-30
29,86,5.219828501449644e-16
29,87,8.804955462611946e-30
29,88,3.017353725128019e-30
29,89,3.1643616549668546e-30
29,90,1.2815745864230656e-29
29,91,5.954255306225073e-30
29,92,1.3361183630916886e-30
29,93,2.3814615088529726e-30
29,94,2.1663957110538607e-30
29,95,2.8839058764054433e-30
29,96,1.973684341557205e-30
29,97,1.2586910161647485e-16
29,98,4.3832116159006305e-30
29,99,3.922522640520117e-30
29,100,1.665150585542761e-30
29,101,1.5802981827917367e-30
29,102,1.0659419923366991e-30
29,103,2.270487598808793e-30
29,104,2.6016566232722934e-30
29,105,3.3281719197363615e-30
29,106,4.633345336277808e-30
29,107,5.411747217977166e-31
29,108,1.7836238586419386e-30
29,109,2.7061686227359305e-16
29,110,2.962242549295857e-30
29,111,3.9044762951199814e-30
29,112,2.9664472416091045e-30
29,113,1.2536972554142078e-30
29,114,1.08498597106529e-30
29,115,3.9952117393382324e-30
29,116,5.928525941273866e-30
29,117,1.850372528152133e-30
29,118,2.652500605891616e-31
29,119,8.053025778727026e-30
29,120,1.5653853807988659e-30
29,121,1.498822077809639e-30
29,122,4.129697639639374e-30
29,123,1.519427823815837e-30
29,124,7.381087145724762e-30
29,125,2.940199654159103e-30
29,126,2.4910778026995082e-30
29,127,1.740453195623808e-30
29,128,2.5904434720738924e-30
29,129,1.9540276877744227e-30
29,130,7.792974914770289e-16
29,131,3.356584169341894e-30
29,132,6.591011133544571e-30
29,133,2.8168659530674385e-31
29,134,3.309548655436846e-30
29,135,2.7854866849382382e-30
29,136,2.6366509205588414e-30
29,137,2.4059379482701243e-30
29,138,1.8943295367030395e-30
29,139,6.793386216930335e-16
29,140,2.8163810722353215e-30
29,141,1.3473541211133181e-30
29,142,5.0420207781004726e-30
29,143,1.5420745405582919e-30
29,144,4.9544556113493846e-30
29,145,4.8311339881509335e-30
29,146,2.5974426855321968e-30
29,147,3.0055431318813523e-30
29,148,1.2639033806118722e-30
29,149,4.9970977326346866e-30
30,31,3.9381279567495045e-16
30,32,9.7755473809824e-31
30,33,8.751512087034078e-31
30,34,2.0484942175218815e-30
30,35,1.2852020547410909e-30
30,36,2.073043133282153e-30
30,37,4.74608584603037e-16
30,38,8.302433464496907e-31
30,39,6.401608478717475e-31
30,40,2.307870722130204e-31
30,41,1.3851383719411568e-30
30,42,8.82975228002273e-31
30,43,1.789346033279909e-30
30,44,5.8303250066984235e-30
30,45,6.001657884799467e-31
30,46,1.6354729160565843e-30
30,47,5.530849985995059e-31
30,48,6.404911644717476e-31
30,49,4.715321765746928e-31
30,50,7.111799027138041e-31
30,51,1.3373156482849275e-30
30,52,3.539624079899961e-31
30,53,4.682258702975505e-31
30,54,3.9346855945313453e-32
30,55,2.640657135051251e-16
30,56,4.260500470546364e-31
30,57,1.80449293016738e-30
30,58,4.449034965367001e-30
30,59,1.4151114630578769e-30
30,60,1.3728687175338647e-30
30,61,4.315504374323177e-31
30,62,3.934648781606027e-32
30,63,1.0219778459722245e-30
30,64,9.807615352655977e-31
30,65,6.233692838590766e-31
30,66,1.74257810348647e-30
30,67,4.057485126933969e-30
30,68,1.607515798409946e-30
30,69,3.934904480277496e-32
30,70,1.1838589075204419e-30
30,71,1.9910494075009757e-30
30,72,1.4150020523256785e-30
30,73,1.3432986474229897e-30
30,74,1.163512767081932e-30
30,75,8.136976574928212e-31
30,76,1.0202777485061138e-30
30,77,1.6372208221538566e-30
30,78,9.083200185039602e-31
30,79,6.616123648074432e-31
30,80,7.799778254332237e-31
30,81,6.047405135085223e-31
30,82,5.68825623178217e-31
30,83,1.5349215523776363e-30
30,84,2.594638675706835e-30
30,85,1.0521419610822392e-30
30,86,3.846551286250445e-16
30,87,1.1351027885991135e-30
30,88,1.0193584654516319e-30
30,89,7.338731717864507e-31
30,90,1.851906036366206e-30
30,91,3.0273180797124725e-30
30,92,2.7323142889623404e-31
30,93,1.3453135778166668e-30
30,94,6.753459950139467e-31
30,95,1.5100081241825221e-30
30,96,6.986475190216063e-31
30,97,9.315636236776713e-31
30,98,8.683041607305028e-31
30,99,7.607352519686935e-31
30,100,5.758127073532813e-31
30,101,6.332201020814193e-31
30,102,2.232379265840744e-31
30,103,1.0348767356661343e-30
30,104,1.206911524628703e-30
30,105,1.475359828018261e-30
30,106,2.224361462557374e-30
30,107,1.8610211825672044e-31
30,108,8.274537083161835e-31
30,109,1.693346493733341e-30
30,110,1.425826611815132e-30
30,111,1.0666885157598641e-30
30,112,1.3617986931254295e-30
30,113,4.976914272431625e-31
30,114,6.453092638277712e-31
30,115,1.1131810365219677e-30
30,116,3.007434716810105e-30
30,117,6.3905715771411625e-31
30,118,3.9341505335506985e-32
30,119,3.122096311054501e-30
30,120,5.728915338877913e-31
30,121,4.228054757377929e-31
30,122,1.28311124208056e-30
30,123,7.14069623633562e-31
30,124,4.1116860082382264e-30
30,125,1.0881523906910389e-30
30,126,1.061810382544757e-30
30,127,6.2079152490783e-31
30,128,4.670582929639946e-31
30,129,1.2924721382144817e-30
30,130,3.2365031147196124e-16
30,131,5.737162525643976e-31
30,132,3.236246282036876e-30
30,133,1.537905710390096e-31
30,134,8.610344885162482e-31
30,135,5.541270916641404e-31
30,136,8.675425262463322e-31
30,137,7.208821954493982e-31
30,138,6.4109198477628885e-31
30,139,2.2248631677627836e-16
30,140,1.2284771653884918e-30
30,141,6.838391459390554e-31
30,142,1.5646930349051297e-30
30,143,5.247925174539003e-31
30,144,1.0452738153010279e-30
30,145,1.5575988018025376e-30
30,146,1.660956157470811e-30
30,147,4.3757541465706995e-31
30,148,5.477209606637831e-31
30,149,2.3201041201469174e-30
31,32,2.3592239273284636e-16
31,33,4.431938404391386e-16
31,34,5.3498253255007275e-15
31,35,2.2699729993899592e-15
31,36,5.701727585675823e-16
31,37,6.70058187375757e-16
31,38,8.415250682844739e-16
31,39,2.7755575615628894e-16
31,40,3.5108334685767076e-16
31,41,1.1517247740608004e-15
31,42,5.70214979513145e-16
31,43,6.232656494488571e-16
31,44,2.2142139830940776e-15
31,45,1.023119258654553e-15
31,46,2.3513458436953095e-15
31,47,1.7772239894833417e-16
31,48,6.798699777552604e-16
31,49,5.453105385130472e-16
31,50,8.781471116690252e-16
31,51,1.5256101526248364e-15
31,52,8.331297329690979e-16
31,53,2.2204460492503072e-16
31,54,9.991258886821451e-17
31,55,6.9083203833282784e-15
31,56,6.069846772046874e-16
31,57,2.1588771306901975e-16
31,58,6.2514207947586125e-15
31,59,2.2222295232025776e-15
31,60,2.8901976853770892e-15
31,61,9.044283253137697e-16
31,62,9.991165408585794e-17
31,63,8.179952389401393e-16
31,64,2.3974455835387112e-15
31,65,6.667118051786503e-16
31,66,2.3304768703362147e-16
31,67,2.1585202619993137e-15
31,68,8.125323285481886e-16
31,69,9.991814698487689e-17
31,70,3.9739936517281194e-16
31,71,8.793525303719063e-16
31,72,5.355100080477119e-16
31,73,1.1269949850831036e-15
31,74,1.476207889178946e-15
31,75,1.6520543188526721e-15
31,76,8.542522420166515e-16
31,77,9.793432045533598e-16
31,78,1.1013404010455093e-15
31,79,1.3643354760652768e-15
31,80,1.6657970656334856e-15
31,81,8.82409415481205e-16
31,82,4.880958247318869e-16
31,83,1.339064663157334e-15
31,84,9.18244046892075e-16
31,85,1.2132436871728553e-15
31,86,5.523458725046766e-15
31,87,3.2035228186967007e-15
31,88,9.251395934050654e-16
31,89,1.1410208772874282e-15
31,90,4.725545953246387e-15
31,91,5.326250846592214e-16
31,92,4.710277376051329e-16
31,93,1.0471581785475507e-15
31,94,5.748822300757355e-16
31,95,8.351283842460275e-16
31,96,6.368111115196591e-16
31,97,1.419568854424053e-15
31,98,1.465335239366635e-15
31,99,1.4663268382335794e-15
31,100,3.3306690738754815e-16
31,101,6.614917107302095e-16
31,102,3.5108334685767076e-16
31,103,3.0404709722440746e-16
31,104,5.768575068451982e-16
31,105,1.1425389780246753e-15
31,106,5.242453741613738e-16
31,107,2.2204460492503128e-16
31,108,3.6402313984138904e-16
31,109,2.2066393471380213e-15
31,110,1.2331749635385606e-15
31,111,1.4622371625979239e-15
31,112,3.775166431889549e-16
31,113,3.0436364816618033e-16
31,114,1.110223024625149e-16
31,115,1.3337304993456004e-15
31,116,1.1708856609046237e-15
31,117,5.695390687946003e-16
31,118,9.989900218473131e-17
31,119,1.4571718501086593e-15
31,120,5.338891568193827e-16
31,121,4.871083751574261e-16
31,122,1.1438498786036675e-15
31,123,3.886400080904811e-16
31,124,4.0980616289968796e-16
31,125,1.0069767205451576e-15
31,126,4.22760332622559e-16
31,127,6.961062950497062e-16
31,128,9.755995994854509e-16
31,129,5.975511791381486e-16
31,130,6.3875687454646115e-15
31,131,1.306539968640055e-15
31,132,7.699358654345153e-16
31,133,3.5969527691945937e-31
31,134,1.1910667475148645e-15
31,135,1.0443821432418064e-15
31,136,9.071658421902065e-16
31,137,5.551115123125796e-16
31,138,7.373533910551421e-16
31,139,2.421789960689354e-15
31,140,1.2225062931717337e-15
31,141,5.926969055564841e-16
31,142,1.9641482682961296e-15
31,143,4.460365043975684e-16
31,144,1.6308615064433823e-15
31,145,1.6041306052487714e-15
31,146,7.08990631450844e-16
31,147,1.1157603309187468e-15
31,148,2.2204460492503195e-16
31,149,2.089947617468133e-15
32,33,1.8337456557271106e-30
32,34,1.717088541570623e-30
32,35,1.762243524046727e-30
32,36,4.3362922982244056e-30
32,37,1.5136368327660532e-30
32,38,1.7549904927827136e-30
32,39,1.4050195331186469e-30
32,40,4.786383616023726e-31
32,41,2.7357008693606183e-30
32,42,1.786609903995077e-30
32,43,3.434406071949765e-30
32,44,1.1616824927282472e-29
32,45,1.4605864415590494e-30
32,46,2.4600883806288277e-30
32,47,1.1297532494232333e-30
32,48,1.3663075681472492e-30
32,49,1.0580075729992066e-30
32,50,1.5174681277043627e-30
32,51,2.5879376357067497e-30
32,52,6.110954706760095e-31
32,53,9.098358898323253e-31
32,54,2.357161702992225e-32
32,55,2.5066604164831353e-16
32,56,5.232622388037197e-31
32,57,3.84315799387686e-30
32,58,6.704393203792951e-30
32,59,1.77380263820724e-30
32,60,2.9279687449195676e-30
32,61,9.035518794045693e-31
32,62,2.3571396493832008e-32
32,63,2.051523823652528e-30
32,64,1.334701759199031e-30
32,65,1.1635055490266635e-30
32,66,3.477234223571255e-30
32,67,7.975363213136828e-30
32,68,2.7856716757426794e-30
32,69,2.357292831410433e-32
32,70,2.4415031693723497e-30
32,71,4.101608171592092e-30
32,72,3.064774691340117e-30
32,73,2.7293377151811163e-30
32,74,2.0641417707953566e-30
32,75,1.0043569919697106e-30
32,76,1.5106840474530208e-30
32,77,3.377698000158765e-30
32,78,2.039596247768214e-30
32,79,6.507431054993396e-31
32,80,8.612053644903586e-31
32,81,1.4182873991065862e-30
32,82,1.137066439149906e-30
32,83,3.1021814418824577e-30
32,84,5.19735352305736e-30
32,85,2.295147277237974e-30
32,86,1.1029353789602883e-29
32,87,1.908610619984037e-30
32,88,2.1821852568171322e-30
32,89,1.3167330474357318e-30
32,90,1.719406168351721e-30
32,91,6.0907844251324006e-30
32,92,5.805144333087626e-31
32,93,2.506391008174747e-30
32,94,1.440199043617548e-30
32,95,2.996544699102166e-30
32,96,1.617708046267983e-30
32,97,1.6440635815369135e-30
32,98,1.7865930013425133e-30
32,99,1.589091995797859e-30
32,100,1.2331258803517822e-30
32,101,1.3861619763126016e-30
32,102,5.021357708294283e-31
32,103,2.1537568977085577e-30
32,104,2.4836953221410403e-30
32,105,3.007966087658193e-30
32,106,4.5711652659127325e-30
32,107,3.4737047101028515e-31
32,108,1.7495705676373207e-30
32,109,2.1796041805251207e-30
32,110,2.658626036606537e-30
32,111,2.186943286550839e-30
32,112,2.751100743542229e-30
32,113,1.0354275381765973e-30
32,114,1.3108857930845333e-30
32,115,2.3336761425206514e-30
32,116,6.258885332179611e-30
32,117,1.3446875538178056e-30
32,118,2.356841162704559e-32
32,119,6.520775047092069e-30
32,120,1.1698758464270498e-30
32,121,8.307861984768431e-31
32,122,2.887360662289094e-30
32,123,1.474946470561955e-30
32,124,8.380590711552277e-30
32,125,2.1586806576979846e-30
32,126,2.2790904093699782e-30
32,127,9.969377564688128e-31
32,128,6.502110598755564e-31
32,129,2.511092608141205e-30
32,130,5.715222817774277e-16
32,131,4.6930434462381615e-31
32,132,6.868019256273208e-30
32,133,3.169235787642543e-31
32,134,1.747478517361883e-30
32,135,1.0478297093703871e-30
32,136,1.717020336016123e-30
32,137,1.5497551423078085e-30
32,138,9.126695737643231e-31
32,139,6.828660009660315e-30
32,140,2.0841525836104518e-30
32,141,1.2376324476560642e-30
32,142,3.1692974463484935e-30
32,143,1.0863143546121018e-30
32,144,2.2555236589156928e-30
32,145,3.5258941232275555e-30
32,146,3.175069823269374e-30
32,147,6.517431028517024e-31
32,148,1.1529253739269327e-30
32,149,4.093723861745175e-30
33,34,2.219253121739777e-30
33,35,2.125693746331186e-30
33,36,3.717763472486589e-30
33,37,5.697163026876284e-16
33,38,1.466305746910583e-30
33,39,1.3517631263611591e-30
33,40,3.5972096002623725e-31
33,41,2.6645685635368997e-30
33,42,1.4608496245340686e-30
33,43,3.087110642824438e-30
33,44,1.1665514871257901e-29
33,45,1.700081262578323e-30
33,46,2.206498176218723e-30
33,47,1.024155449078724e-30
33,48,1.0982214418780479e-30
33,49,1.003808403527626e-30
33,50,1.3907683643988519e-30
33,51,2.4826780653927044e-30
33,52,7.700475976910366e-31
33,53,8.684409169126755e-31
33,54,4.4280643968720764e-32
33,55,4.2231805591907584e-16
33,56,7.1044889916016305e-31
33,57,3.446897759794081e-30
33,58,7.396027666623357e-16
33,59,1.980258328772343e-30
33,60,2.237872897199396e-30
33,61,8.151434263194065e-31
33,62,4.4280229678938175e-32
33,63,1.774733638761755e-30
33,64,1.424240771378917e-30
33,65,9.629921251277094e-31
33,66,3.0138750619565207e-30
33,67,7.792857711495216e-30
33,68,2.576503214323571e-30
33,69,4.428310729178997e-32
33,70,2.2827861928180894e-30
33,71,3.9057202008457914e-30
33,72,2.7516410829281613e-30
33,73,2.30383948581207e-30
33,74,2.078351805058897e-30
33,75,8.289950243293645e-31
33,76,1.3897058910360675e-30
33,77,3.02404511398617e-30
33,78,1.7909095215777478e-30
33,79,7.563681604004636e-31
33,80,1.1615059864925095e-30
33,81,1.4120446191563457e-30
33,82,1.0886577006605633e-30
33,83,3.0412059957935813e-30
33,84,4.5058833788754854e-30
33,85,2.1741705125995638e-30
33,86,1.0759327816309421e-15
33,87,1.798121992986939e-30
33,88,2.0351700253946174e-30
33,89,1.2253296770837382e-30
33,90,1.9542272121481273e-30
33,91,5.3645326474029605e-30
33,92,5.011093688898979e-31
33,93,2.1238359653830885e-30
33,94,1.1933467608557535e-30
33,95,2.6060418459236296e-30
33,96,1.492305369637103e-30
33,97,2.979892553636524e-16
33,98,1.739426548187394e-30
33,99,1.5389905192147319e-30
33,100,1.02501091692044e-30
33,101,1.4140192285742885e-30
33,102,4.50103070604649e-31
33,103,1.910287280967839e-30
33,104,2.2411483081724417e-30
33,105,2.704013245575677e-30
33,106,3.974797188803165e-30
33,107,3.4285202975160182e-31
33,108,1.4828531417160885e-30
33,109,3.557368278569231e-16
33,110,2.4877299946838715e-30
33,111,2.0126459571674933e-30
33,112,2.319817758799487e-30
33,113,8.811074417791484e-31
33,114,1.1937822667898969e-30
33,115,2.1767003759296175e-30
33,116,6.102261025481624e-30
33,117,1.1860930657126056e-30
33,118,4.427462243428901e-32
33,119,5.425768515091155e-30
33,120,1.0229318729480388e-30
33,121,6.95566229039752e-31
33,122,2.5985449461414936e-30
33,123,1.2643345143773845e-30
33,124,7.489659519247468e-30
33,125,1.8783379435752664e-30
33,126,2.0002204352383224e-30
33,127,9.378653399910847e-31
33,128,8.084602441499975e-31
33,129,2.3695909662744488e-30
33,130,5.14286269187827e-16
33,131,5.942338433853026e-31
33,132,6.169172173434907e-30
33,133,2.8345189245233407e-31
33,134,1.676688817909831e-30
33,135,9.3821180236787e-31
33,136,1.5601379323208709e-30
33,137,1.2559543254324932e-30
33,138,1.1934185932543397e-30
33,139,6.739305818369703e-16
33,140,2.2279041735621192e-30
33,141,1.1562539999686118e-30
33,142,3.214097253668641e-30
33,143,9.182675040010625e-31
33,144,1.864755011010613e-30
33,145,3.266704615341568e-30
33,146,2.8639135765662054e-30
33,147,6.137459541653549e-31
33,148,9.989346852890283e-31
33,149,3.968489852443144e-30
34,35,1.1781921758523204e-29
34,36,3.437224319480289e-30
34,37,4.300641604845362e-30
34,38,4.6858328954255874e-30
34,39,1.325648889509694e-30
34,40,1.9884459554657247e-30
34,41,6.1329861109212436e-30
34,42,3.385773687618919e-30
34,43,3.392291927620385e-30
34,44,1.0212731530680153e-29
34,45,5.664166878067907e-30
34,46,1.2401507042625209e-29
34,47,1.0691765551120779e-30
34,48,3.9394982250169274e-30
34,49,2.9370419291858082e-30
34,50,4.7795254404131745e-30
34,51,8.149370194995499e-30
34,52,4.476990399547623e-30
34,53,1.0365451193938797e-30
34,54,5.345148982635156e-31
34,55,2.7894008272968384e-16
34,56,3.263208499371768e-30
34,57,2.0308698059247626e-30
34,58,3.227693700573877e-29
34,59,1.1570016115852886e-29
34,60,1.577416746543067e-29
34,61,4.870716422397709e-30
34,62,5.345098973411905e-31
34,63,4.3278255502991465e-30
34,64,1.281478628601333e-29
34,65,3.5339239056652204e-30
34,66,2.3020280924811e-30
34,67,1.02743623146659e-29
34,68,3.696913571814304e-30
34,69,5.34544633216798e-31
34,70,2.2053569351626564e-30
34,71,4.835144871833537e-30
34,72,3.271424453490379e-30
34,73,6.213805924376401e-30
34,74,7.601924396532446e-30
34,75,8.853913657444758e-30
34,76,4.145689588889449e-30
34,77,5.304676599671685e-30
34,78,5.951134114143123e-30
34,79,7.131837614421288e-30
34,80,8.747314397349092e-30
34,81,4.789628951989569e-30
34,82,2.5750710565181997e-30
34,83,6.816099049788051e-30
34,84,5.7315699753685365e-30
34,85,6.416948097125537e-30
34,86,1.4946834900704778e-16
34,87,1.7319805864441514e-29
34,88,5.117360300838249e-30
34,89,6.145859088253079e-30
34,90,2.543095242018765e-29
34,91,4.418275022897087e-30
34,92,2.553361428278049e-30
34,93,5.2781472739975654e-30
34,94,3.317596297294408e-30
34,95,4.4109703374447915e-30
34,96,3.450278169715705e-30
34,97,7.517528494996982e-30
34,98,8.059330242463636e-30
34,99,7.860222236587611e-30
34,100,2.119973334098155e-30
34,101,3.4188859740776086e-30
34,102,1.918787098503033e-30
34,103,2.1513433728741594e-30
34,104,3.33638920447601e-30
34,105,6.063336085954966e-30
34,106,3.997612879212934e-30
34,107,1.1514391825122653e-30
34,108,2.148084531061532e-30
34,109,1.1372444315053689e-29
34,110,6.330303424947251e-30
34,111,7.741675022335453e-30
34,112,2.779805990907579e-30
34,113,1.7314522358077733e-30
34,114,5.426336936884006e-31
34,115,7.271445241059371e-30
34,116,6.665773654165541e-30
34,117,3.157526025364165e-30
34,118,5.344422118801275e-31
34,119,9.47476387347373e-30
34,120,2.856044382509614e-30
34,121,2.678588207709631e-30
34,122,6.543839823160985e-30
34,123,2.117739504389543e-30
34,124,3.905873110969336e-30
34,125,5.400751737054326e-30
34,126,2.7286539420471165e-30
34,127,3.625699552388048e-30
34,128,5.198372642821153e-30
34,129,2.8818083502738097e-30
34,130,4.4060610344642777e-16
34,131,6.89548838194447e-30
34,132,5.494565335937097e-30
34,133,1.5111863031589555e-31
34,134,6.396208528905406e-30
34,135,5.548912990593716e-30
34,136,4.875469885868043e-30
34,137,3.387913110109979e-30
34,138,3.8840694424461804e-30
34,139,6.938893903903208e-18
34,140,6.056681152842049e-30
34,141,2.9725372475848887e-30
34,142,1.031550251922828e-29
34,143,2.502018479859647e-30
34,144,8.958710349995696e-30
34,145,8.64607089900834e-30
34,146,3.41144704076781e-30
34,147,5.987573397329791e-30
34,148,1.4109307152027702e-30
34,149,1.0714477694633722e-29
35,36,3.905533774043196e-30
35,37,4.1642036137509624e-16
35,38,1.948738217944843e-30
35,39,1.4160925179053015e-30
35,40,6.503116198027582e-31
35,41,3.521700666870428e-30
35,42,1.4697410291864881e-30
35,43,3.3440693087607026e-30
35,44,1.4160974341483712e-29
35,45,2.4564955809884394e-30
35,46,6.056333660834464e-30
35,47,9.933754940623015e-31
35,48,1.2811241642839906e-30
35,49,1.3724129735763048e-30
35,50,2.0026365976265246e-30
35,51,4.0009997651728e-30
35,52,1.9626656431976593e-30
35,53,1.1785996741999735e-30
35,54,2.2679887902999655e-31
35,55,6.104310500275863e-16
35,56,1.3978472753334126e-30
35,57,3.401779181907688e-30
35,58,1.2412694441504368e-16
35,59,5.81843239563454e-30
35,60,6.154044548348106e-30
35,61,1.98117018557238e-30
35,62,2.267967570992869e-31
35,63,2.5460134585131542e-30
35,64,5.549420110454649e-30
35,65,1.769120492464711e-30
35,66,3.142666869936623e-30
35,67,1.045201097571853e-29
35,68,4.205267848285716e-30
35,69,2.268114958047477e-31
35,70,2.4570703807584962e-30
35,71,4.122867496582427e-30
35,72,2.6217292572319587e-30
35,73,3.0268451399734292e-30
35,74,4.203846803155896e-30
35,75,3.7753713108139966e-30
35,76,3.073179252704246e-30
35,77,3.548041276267627e-30
35,78,2.5053591208200766e-30
35,79,3.4055657784334236e-30
35,80,4.172476448453713e-30
35,81,2.0273762312535715e-30
35,82,1.546976560376005e-30
35,83,4.5394649535950175e-30
35,84,4.599958999632209e-30
35,85,3.204982476128334e-30
35,86,7.043917247688001e-16
35,87,7.017597717632403e-30
35,88,2.0811608746248072e-30
35,89,2.7150763430714075e-30
35,90,1.0466242856538312e-29
35,91,5.49551173385726e-30
35,92,1.0543918066358433e-30
35,93,3.751376588764282e-30
35,94,1.0781670631736356e-30
35,95,3.2988535730244934e-30
35,96,1.5859005462746174e-30
35,97,3.563882845882783e-30
35,98,3.0278197190167285e-30
35,99,3.469920107932822e-30
35,100,8.931116665004486e-31
35,101,2.046097338074287e-30
35,102,7.274170954365837e-31
35,103,1.584328183112629e-30
35,104,2.270460501247316e-30
35,105,3.5388245885738625e-30
35,106,3.816191087187466e-30
35,107,6.431670680768463e-31
35,108,1.4752273585195233e-30
35,109,6.160768472878932e-30
35,110,4.0386845860983804e-30
35,111,3.7435484059158696e-30
35,112,2.3204665976929712e-30
35,113,8.822279317802535e-31
35,114,1.3273664658755823e-30
35,115,3.0287261864293376e-30
35,116,5.93257081007529e-30
35,117,1.4030598794908204e-30
35,118,2.2676803762533847e-31
35,119,4.9587224825008334e-30
35,120,1.5018463119291648e-30
35,121,1.1185890524745678e-30
35,122,2.1167563448153857e-30
35,123,1.4802082638240137e-30
35,124,7.953093327223766e-30
35,125,2.7576684450451055e-30
35,126,1.7884446668719898e-30
35,127,2.049926988193403e-30
35,128,2.34097212789717e-30
35,129,3.0178538047365557e-30
35,130,3.809801893791995e-16
35,131,3.10589228189075e-30
35,132,5.820928491560832e-30
35,133,2.9132848126143228e-31
35,134,2.8876779610404374e-30
35,135,2.474084660717988e-30
35,136,2.4134479964562157e-30
35,137,1.1805359135271721e-30
35,138,2.009433323160745e-30
35,139,2.579785197273812e-16
35,140,4.248202065833476e-30
35,141,1.9991005860805562e-30
35,142,5.3660409638668285e-30
35,143,1.0520556689478915e-30
35,144,3.374266220525746e-30
35,145,3.822593294593534e-30
35,146,3.835077850308251e-30
35,147,2.521997964964738e-30
35,148,9.28930593652069e-31
35,149,6.679730068985126e-30
36,37,1.7987668849994473e-16
36,38,3.668503084259284e-30
36,39,2.9676489751114934e-30
36,40,9.984842288087721e-31
36,41,5.702591787356892e-30
36,42,3.7309274426771074e-30
36,43,7.294512594312443e-30
36,44,2.5690323648665254e-29
36,45,2.7492575251407413e-30
36,46,5.1540123045555376e-30
36,47,2.3955920922249546e-30
36,48,2.853730400960985e-30
36,49,2.2317701251469407e-30
36,50,3.203606255975711e-30
36,51,5.538098587147005e-30
36,52,1.1355701051907103e-30
36,53,1.9424569863250694e-30
36,54,5.696743641061845e-32
36,55,1.923275643125214e-16
36,56,1.1275920683713786e-30
36,57,8.188881275140548e-30
36,58,1.1074684444107173e-15
36,59,3.821968297046056e-30
36,60,6.086655515608184e-30
36,61,1.9504350562363103e-30
36,62,5.696690342318354e-32
36,63,4.225481790567875e-30
36,64,2.808245850482929e-30
36,65,2.43167433431902e-30
36,66,7.348684315680687e-30
36,67,1.7084254879061977e-29
36,68,5.961541917305756e-30
36,69,5.697060549732827e-32
36,70,5.280177095793895e-30
36,71,8.881209337015253e-30
36,72,6.57028659599977e-30
36,73,6.002851493442831e-30
36,74,4.4209492961402716e-30
36,75,2.08665924287084e-30
36,76,3.235720345681055e-30
36,77,7.152402632330649e-30
36,78,4.333245452080913e-30
36,79,1.3564874053076034e-30
36,80,1.950560706929334e-30
36,81,3.0070511133781827e-30
36,82,2.4213760210831094e-30
36,83,6.5289229746163e-30
36,84,1.0983241927147691e-29
36,85,4.562396473077254e-30
36,86,7.13593635969368e-16
36,87,3.952747030597427e-30
36,88,4.319203696905473e-30
36,89,2.710523860822049e-30
36,90,3.4239798892893635e-30
36,91,1.3552279128545084e-29
36,92,1.2232998535182894e-30
36,93,5.210229471909873e-30
36,94,3.0305716468602806e-30
36,95,6.325180290052533e-30
36,96,3.423586137040022e-30
36,97,3.513116083827584e-30
36,98,3.6807215453719026e-30
36,99,3.253485890540516e-30
36,100,2.595615666723685e-30
36,101,2.9221260389825256e-30
36,102,1.0726868985552144e-30
36,103,4.589883045453897e-30
36,104,5.267160847248067e-30
36,105,6.488055993458109e-30
36,106,9.671720356340673e-30
36,107,7.432666524622795e-31
36,108,3.684059966374149e-30
36,109,4.970997868018737e-30
36,110,5.553127283033397e-30
36,111,4.630931815766412e-30
36,112,5.786731072738561e-30
36,113,2.1834426237083094e-30
36,114,2.7844376274823703e-30
36,115,4.99054117795607e-30
36,116,1.2867935025381062e-29
36,117,2.8441342939062996e-30
36,118,5.695968965381705e-32
36,119,1.3695900694468968e-29
36,120,2.4597673274656775e-30
36,121,1.745201821330754e-30
36,122,6.1141815649823164e-30
36,123,3.0906679151319023e-30
36,124,1.7786824017057614e-29
36,125,4.561953405736143e-30
36,126,4.818736734765993e-30
36,127,2.1264570436031563e-30
36,128,1.439490690866021e-30
36,129,5.269588952501892e-30
36,130,6.300653218411733e-16
36,131,1.0664841583887898e-30
36,132,1.4583635565143235e-29
36,133,6.719167431527559e-31
36,134,3.885459103583728e-30
36,135,2.210487531968671e-30
36,136,3.605080977594713e-30
36,137,3.2545379607868735e-30
36,138,2.028402369099049e-30
36,139,7.51966110720484e-16
36,140,4.5128083437146916e-30
36,141,2.643912695125036e-30
36,142,6.866231321300864e-30
36,143,2.2859980604236658e-30
36,144,4.781959974601695e-30
36,145,7.437454312362647e-30
36,146,6.800876876737911e-30
36,147,1.365901390756382e-30
36,148,2.436293565779109e-30
36,149,9.021480237972893e-30
37,38,1.3689135720455626e-30
37,39,1.0077150127648577e-30
37,40,4.782649809355337e-31
37,41,6.694959564374203e-16
37,42,1.374462400011841e-30
37,43,2.3097242142629596e-16
37,44,2.0086899388789244e-15
37,45,2.917392834888884e-16
37,46,1.1102230246251588e-16
37,47,8.577969321742195e-31
37,48,1.1942559888525393e-30
37,49,3.1031676915590895e-17
37,50,3.422124047974894e-16
37,51,1.8840274333111896e-30
37,52,5.966359712200739e-31
37,53,6.416192820916654e-31
37,54,7.789488712901182e-32
37,55,2.3154428838958948e-15
37,56,5.108691836219094e-31
37,57,1.5700924586837688e-16
37,58,7.009313295988299e-16
37,59,6.004254856194656e-16
37,60,1.8837531479823681e-16
37,61,1.5515838457795127e-17
37,62,7.789415834431133e-32
37,63,4.976691580238805e-16
37,64,1.8730347855725134e-30
37,65,8.967452336548374e-31
37,66,2.5658515648711126e-30
37,67,4.519345866408848e-16
37,68,1.958294670161796e-30
37,69,7.789922040547849e-32
37,70,3.538835890992688e-16
37,71,5.120816214917018e-16
37,72,5.795560398456876e-16
37,73,8.169465599954504e-16
37,74,1.4648618590043846e-30
37,75,2.3221980631040627e-16
37,76,1.0746981701739744e-30
37,77,2.7546630797364524e-16
37,78,1.6785280452429567e-30
37,79,1.076557824355442e-30
37,80,1.2399614075076154e-30
37,81,3.0770125638775417e-16
37,82,8.081360078289663e-31
37,83,5.667829018015957e-16
37,84,3.904454909540912e-30
37,85,1.577603204611156e-16
37,86,3.744877103195219e-16
37,87,2.640112380186333e-30
37,88,9.342609313561434e-16
37,89,6.667479217576366e-16
37,90,4.552253387453743e-16
37,91,5.713985737710221e-16
37,92,4.9756433742519535e-31
37,93,1.9821445675202305e-16
37,94,1.1691976988768892e-30
37,95,3.650686298053848e-16
37,96,1.2227934754762628e-30
37,97,1.3668035872266473e-16
37,98,2.1510571102112455e-16
37,99,3.517042890889759e-16
37,100,9.879400047707197e-31
37,101,9.643877314904465e-31
37,102,4.776440278489889e-31
37,103,1.64086837607501e-30
37,104,1.848671817114136e-30
37,105,4.586531450249023e-16
37,106,1.1125583793496222e-16
37,107,2.445835636679539e-31
37,108,1.3093257405988656e-30
37,109,8.019607117061287e-16
37,110,8.391764036730161e-16
37,111,1.6609553738759657e-30
37,112,2.054182624845754e-30
37,113,7.985617669766983e-31
37,114,9.44117171045876e-31
37,115,2.5325180436402334e-16
37,116,4.28280004604602e-16
37,117,1.0234415226812599e-30
37,118,7.788429453814443e-32
37,119,5.0500554279627446e-30
37,120,3.7508957823835337e-16
37,121,6.648027478558421e-31
37,122,2.573946193822257e-16
37,123,1.570092458683775e-16
37,124,2.0955000055363626e-16
37,125,1.623189644056357e-30
37,126,1.7352433448233464e-30
37,127,7.0124031876482645e-31
37,128,4.126746397238113e-16
37,129,6.038133639407067e-16
37,130,7.236013153504861e-16
37,131,1.0540195106487618e-30
37,132,1.0361107026102946e-15
37,133,2.315220938157179e-31
37,134,3.7961521152801403e-16
37,135,1.3877787807814472e-16
37,136,5.72195849815279e-17
37,137,1.295671473877059e-30
37,138,4.0892403624808106e-16
37,139,1.0079459951079285e-15
37,140,1.548748464552474e-30
37,141,8.797025036000803e-31
37,142,7.130874115461422e-16
37,143,8.426278558342277e-31
37,144,3.7270349753251446e-16
37,145,4.663150392841377e-16
37,146,4.2190529163544577e-16
37,147,9.076007195340788e-31
37,148,8.733725538215901e-31
37,149,5.569306688089183e-16
38,39,1.110877717926126e-30
38,40,5.379265555535103e-31
38,41,3.527849272001753e-16
38,42,1.65432696230552e-30
38,43,2.732949238527464e-30
38,44,1.1760657615293707e-15
38,45,1.3878058855710652e-16
38,46,2.26728958610064e-30
38,47,9.208433571266973e-31
38,48,1.3711115943531937e-30
38,49,8.681636586743808e-31
38,50,1.3395660717894954e-30
38,51,2.2262979991393284e-30
38,52,7.044179918671183e-31
38,53,7.479153504934325e-31
38,54,8.407894816980264e-32
38,55,1.648270351625341e-15
38,56,5.817014343858804e-31
38,57,3.289592565791277e-30
38,58,3.1031676915591043e-17
38,59,4.987035843361101e-16
38,60,3.257709595259757e-30
38,61,1.0703425412014368e-30
38,62,8.407816152701621e-32
38,63,1.7985740753694495e-30
38,64,2.055746407925105e-30
38,65,1.0504640293127532e-30
38,66,2.9919534417305443e-30
38,67,1.404269100678444e-16
38,68,2.442810674182571e-30
38,69,8.40836254643065e-32
38,70,2.1523380474380772e-30
38,71,8.326672684688718e-17
38,72,2.6526657401529674e-30
38,73,2.3626800108773938e-30
38,74,1.7405370763910695e-30
38,75,1.5113620369951868e-30
38,76,1.3530395813714166e-30
38,77,2.9856595202514948e-30
38,78,1.846400258554124e-30
38,79,1.1569003659224709e-30
38,80,1.3996118678831827e-30
38,81,1.3914805795749499e-30
38,82,9.417578587304752e-31
38,83,2.599001810455519e-30
38,84,4.453664032296832e-30
38,85,1.9644196934151917e-30
38,86,1.6653345369377442e-16
38,87,2.9072402823792494e-30
38,88,1.978498086935684e-30
38,89,1.2518716809493547e-30
38,90,4.132407698369607e-30
38,91,5.1546082538906725e-30
38,92,5.622789352593043e-31
38,93,2.1554203735533648e-30
38,94,1.3361810031934899e-30
38,95,2.5890211269051647e-30
38,96,1.4504595107257835e-30
38,97,1.4690071564913386e-30
38,98,1.8861381884619636e-30
38,99,1.372717866489348e-30
38,100,1.135756491774009e-30
38,101,1.1370897834986802e-30
38,102,5.072459389269808e-31
38,103,1.8396784391575182e-30
38,104,2.128535548727974e-30
38,105,2.5850154874564998e-30
38,106,3.9522119816539125e-30
38,107,2.8501864946257233e-31
38,108,1.4798417071771228e-30
38,109,1.1364755910069887e-16
38,110,2.7274355014899016e-16
38,111,1.8853299553152412e-30
38,112,2.4437984690206014e-30
38,113,9.222313770549936e-31
38,114,1.0986096780776032e-30
38,115,2.0837804381417694e-30
38,116,1.3070514740702657e-16
38,117,1.181851506417302e-30
38,118,8.40675146350567e-32
38,119,5.930466921144203e-30
38,120,1.045030652185067e-30
38,121,7.630381019368086e-31
38,122,2.609227939365815e-30
38,123,1.2561680306066873e-30
38,124,7.133503963717274e-30
38,125,1.8123917703034093e-30
38,126,1.997623103940339e-30
38,127,9.183526432602596e-31
38,128,9.15645329297943e-31
38,129,2.0053231575336433e-30
38,130,4.29645340897377e-16
38,131,1.1229468608424979e-30
38,132,8.231368004365879e-16
38,133,2.6899112666162354e-31
38,134,1.5126230027240435e-30
38,135,1.0825030843612844e-30
38,136,1.5750858566273438e-30
38,137,1.4826992763902263e-30
38,138,7.924246664932897e-31
38,139,3.424618483614936e-16
38,140,1.7858105885703877e-30
38,141,1.0176701535556375e-30
38,142,2.7002449028989422e-30
38,143,9.829145526242927e-31
38,144,2.432200258241996e-30
38,145,3.1068750072990042e-30
38,146,2.6306471246383054e-30
38,147,9.852516983451814e-31
38,148,1.0103418811531386e-30
38,149,2.6820418233663567e-16
39,40,2.866333718951641e-31
39,41,1.9833625100063827e-30
39,42,1.1055836907130954e-30
39,43,2.3634996915173796e-30
39,44,7.861759112216904e-30
39,45,1.480649474829707e-30
39,46,1.6094834096478597e-30
39,47,7.791354910131294e-31
39,48,8.548519941181203e-31
39,49,8.035085978519257e-31
39,50,1.1086480107860146e-30
39,51,1.7932960495686673e-30
39,52,5.6273511084985535e-31
39,53,6.436246070204521e-31
39,54,2.773131415284971e-32
39,55,2.5435837041942948e-30
39,56,4.587748896268068e-31
39,57,2.685096683113232e-30
39,58,4.8191311892069766e-30
39,59,1.3868746922450279e-30
39,60,1.8317649335533316e-30
39,61,7.092045858557492e-31
39,62,2.773105469862589e-32
39,63,1.4080646157217381e-30
39,64,9.51068488734155e-31
39,65,6.979656803121633e-31
39,66,2.2413133054685845e-30
39,67,5.615120126508222e-30
39,68,1.8744417877801125e-30
39,69,2.7732856840122743e-32
39,70,1.6240789002714947e-30
39,71,2.8304767583116095e-30
39,72,2.1182187140258077e-30
39,73,1.7716828623619606e-30
39,74,1.4129317228092669e-30
39,75,7.202162659541617e-31
39,76,1.0371412469992328e-30
39,77,2.2543029228433582e-30
39,78,1.4632154890072762e-30
39,79,6.761853741410409e-31
39,80,7.887548879161186e-31
39,81,1.1180046074105749e-30
39,82,8.091184429166567e-31
39,83,2.3087015949107314e-30
39,84,3.3428953829829335e-30
39,85,1.6854043482412453e-30
39,86,1.2412670766236178e-16
39,87,1.2447704417433628e-30
39,88,1.553544305117375e-30
39,89,8.723424425273646e-31
39,90,1.222218149793578e-30
39,91,3.9758107580816386e-30
39,92,3.802058115408262e-31
39,93,1.687606492403195e-30
39,94,9.217654347423685e-31
39,95,1.9856182552322293e-30
39,96,1.2197588184637176e-30
39,97,1.0744218013652669e-30
39,98,1.1298111862720484e-30
39,99,1.2116427164066178e-30
39,100,7.919879031034156e-31
39,101,1.0780267032183815e-30
39,102,4.1342194483818445e-31
39,103,1.4888157244962578e-30
39,104,1.6685757472672777e-30
39,105,2.072726070842882e-30
39,106,3.0146303494751813e-30
39,107,2.5088815011149793e-31
39,108,1.222457537374688e-30
39,109,1.5784757824114137e-30
39,110,1.9290056456430465e-30
39,111,1.4872989760967836e-30
39,112,1.7311570796137855e-30
39,113,6.75587147742737e-31
39,114,8.97060238127159e-31
39,115,1.5721856722834233e-30
39,116,4.216721031405092e-30
39,117,9.037188162494829e-31
39,118,2.7727543090641875e-32
39,119,4.11462652616818e-30
39,120,7.808132838398715e-31
39,121,5.144327360226932e-31
39,122,2.0891047159828057e-30
39,123,1.0371962056601265e-30
39,124,5.624331808555861e-30
39,125,1.4395449916577406e-30
39,126,1.5476545372543734e-30
39,127,6.796673937556338e-31
39,128,5.297677296852944e-31
39,129,1.7592290435088392e-30
39,130,6.707437923744512e-16
39,131,5.484532947238184e-31
39,132,4.7293235678046606e-30
39,133,2.141578674997018e-31
39,134,1.1914870626968396e-30
39,135,8.30650472275718e-31
39,136,1.1050686177327482e-30
39,137,9.78166801973447e-31
39,138,6.236598561813511e-31
39,139,5.134986930352653e-30
39,140,1.60126618915063e-30
39,141,8.444423610060745e-31
39,142,2.2499748320283562e-30
39,143,6.94440246001189e-31
39,144,1.6327763894369173e-30
39,145,2.61843922421243e-30
39,146,2.1165763263063462e-30
39,147,4.334129800045895e-31
39,148,7.618671249759655e-31
39,149,2.8167163574442027e-30
40,41,6.2202996620645196e-31
40,42,5.098866521976487e-31
40,43,7.520461428425803e-31
40,44,2.136979747570594e-30
40,45,2.574426143396396e-31
40,46,8.838370493196616e-31
40,47,2.664051880144447e-31
40,48,4.927109317793076e-31
40,49,2.8755722938113775e-31
40,50,4.797896528220868e-31
40,51,7.109191494432261e-31
40,52,2.529941483359014e-31
40,53,1.5000790787780884e-31
40,54,3.507764609306713e-32
40,55,3.147946874335638e-30
40,56,2.346924818926403e-31
40,57,8.558243904840867e-31
40,58,1.97528340509238e-30
40,59,6.800799987257441e-31
40,60,1.3356454685477658e-30
40,61,4.483297533157774e-31
40,62,3.50773179065488e-32
40,63,4.921237203796656e-31
40,64,8.644209719559478e-31
40,65,3.5643907586819314e-31
40,66,8.038313710881175e-31
40,67,1.3781709053798317e-30
40,68,4.141687269179362e-31
40,69,3.5079597455267186e-32
40,70,5.551816343261276e-31
40,71,9.200553231400907e-31
40,72,7.4789644060960145e-31
40,73,7.359733619858254e-31
40,74,5.586984206445345e-31
40,75,6.407719017158108e-31
40,76,2.618141090985988e-31
40,77,8.033994958075654e-31
40,78,6.651840764707847e-31
40,79,4.6720200284040405e-31
40,80,5.045030162458511e-31
40,81,4.557736942966849e-31
40,82,2.4692914642437923e-31
40,83,5.93850650996053e-31
40,84,1.274284479606716e-30
40,85,6.2369097046238975e-31
40,86,4.025388300806555e-30
40,87,1.247944696529085e-30
40,88,6.41719299966412e-31
40,89,4.854556436945586e-31
40,90,1.7712740472311386e-30
40,91,1.4250993997454886e-30
40,92,2.207609457161168e-31
40,93,5.0021242410661074e-31
40,94,4.511028479598315e-31
40,95,6.821797334204721e-31
40,96,4.410583548434629e-31
40,97,5.75756384301094e-31
40,98,7.438282227291773e-31
40,99,5.650087904519557e-31
40,100,3.6741704570421425e-31
40,101,2.8404391233733224e-31
40,102,2.0003331292929107e-31
40,103,5.463991111956227e-31
40,104,6.045306139585942e-31
40,105,7.295212253678623e-31
40,106,1.1099231478964364e-30
40,107,7.97752348152254e-32
40,108,4.248608983040738e-31
40,109,6.907673606903538e-31
40,110,5.179497344295789e-31
40,111,6.702708634613556e-31
40,112,6.869879159449827e-31
40,113,2.8529818112136256e-31
40,114,2.670133918454978e-31
40,115,7.482164732788148e-31
40,116,1.4488987975183465e-30
40,117,3.7582766792626537e-31
40,118,3.507287603475715e-32
40,119,1.8134408627362093e-30
40,120,3.163273133314628e-31
40,121,2.6763419596600055e-31
40,122,8.758299505913737e-31
40,123,3.5836721635138393e-31
40,124,1.8174682315355976e-30
40,125,5.771134748168052e-31
40,126,5.919404913960082e-31
40,127,2.339393222671012e-31
40,128,3.3349802502077616e-31
40,129,4.633344760880752e-31
40,130,1.175870241040953e-30
40,131,4.653058856298016e-31
40,132,1.6228127387889686e-30
40,133,6.972611193684197e-32
40,134,5.531238221447189e-31
40,135,4.553995303280463e-31
40,136,4.752314503583608e-31
40,137,5.063952082762498e-31
40,138,2.616989481401776e-31
40,139,1.0277022911603373e-30
40,140,2.1282958127662227e-31
40,141,2.5990743533271367e-31
40,142,8.351134703644354e-31
40,143,3.171252544077927e-31
40,144,9.4028168491672e-31
40,145,1.0323613099117256e-30
40,146,6.142402138898235e-31
40,147,4.234661004216091e-31
40,148,2.9685533299821154e-31
40,149,8.724964289082655e-31
41,42,2.3317413155872507e-30
41,43,4.680306234463183e-30
41,44,3.2866951796771826e-16
41,45,3.0021904156607083e-30
41,46,3.7038722416382704e-30
41,47,1.4944026387980934e-30
41,48,1.737282099549227e-30
41,49,1.4836027815446325e-30
41,50,2.0365001137524573e-30
41,51,3.713920793735631e-30
41,52,1.4522348523547197e-30
41,53,1.3219649702206917e-30
41,54,1.15071803840074e-31
41,55,6.597189418366692e-16
41,56,1.087621365776464e-30
41,57,5.182229777118178e-30
41,58,8.537747841378588e-16
41,59,3.54368014897491e-30
41,60,3.620177032619078e-30
41,61,1.2589022417602326e-30
41,62,1.1507072722807556e-31
41,63,2.9264045537962403e-30
41,64,2.8868621489467125e-30
41,65,1.5376027757405667e-30
41,66,4.621394621466267e-30
41,67,1.152042084814018e-29
41,68,4.124912899995505e-30
41,69,1.1507820526073116e-31
41,70,3.2622605844217774e-30
41,71,5.633100573351805e-30
41,72,4.009667875394164e-30
41,73,3.5476003051862665e-30
41,74,3.0559458291863784e-30
41,75,1.9490595949119914e-30
41,76,2.359126040020468e-30
41,77,4.592446820463299e-30
41,78,2.655342415046655e-30
41,79,1.5243250765765242e-30
41,80,2.2120841435693037e-30
41,81,2.0780163004800745e-30
41,82,1.633840317704507e-30
41,83,4.556405771708875e-30
41,84,6.816987172245395e-30
41,85,3.20813437698845e-30
41,86,1.1363921793226964e-15
41,87,3.7827929122637824e-30
41,88,2.776195314356364e-30
41,89,1.8856156147240524e-30
41,90,5.395118020032296e-30
41,91,8.019174978319518e-30
41,92,7.561497501374496e-31
41,93,3.535074353498032e-30
41,94,1.8415006533285937e-30
41,95,4.084537058410237e-30
41,96,2.2174544591246714e-30
41,97,4.3449888699346385e-16
41,98,2.2315684603685344e-30
41,99,2.556330180932881e-30
41,100,1.574270535792852e-30
41,101,2.085062298401992e-30
41,102,6.644703267571059e-31
41,103,2.8860147132087837e-30
41,104,3.3243625922035755e-30
41,105,4.081368823954591e-30
41,106,6.0474771545213735e-30
41,107,5.319636836523284e-31
41,108,2.3101304436920954e-30
41,109,6.798080508441975e-16
41,110,4.167052416921172e-30
41,111,3.005815162914042e-30
41,112,3.6216750566627574e-30
41,113,1.3469202720216582e-30
41,114,1.80223951410664e-30
41,115,2.983131649896951e-30
41,116,8.690040184138082e-30
41,117,1.7810293479313994e-30
41,118,1.1505615572010908e-31
41,119,8.434456063045953e-30
41,120,1.621498213417504e-30
41,121,1.0753828936455378e-30
41,122,3.7816008263956194e-30
41,123,1.9477449665643843e-30
41,124,1.1353580073951268e-29
41,125,2.8888087735740107e-30
41,126,2.9873385375415814e-30
41,127,1.5354353667474906e-30
41,128,1.3659824455302121e-30
41,129,3.608111316430129e-30
41,130,1.1607724467677743e-15
41,131,1.4058790533101584e-30
41,132,9.117339356084933e-30
41,133,4.276650087143959e-31
41,134,2.3578066065659437e-30
41,135,1.3446380410208584e-30
41,136,2.3505929499526104e-30
41,137,1.9607305716225764e-30
41,138,1.4632586708043572e-30
41,139,8.281156350098005e-16
41,140,3.5420445839898115e-30
41,141,1.795349071069007e-30
41,142,4.348074093322858e-30
41,143,1.413651595315521e-30
41,144,3.009294239531998e-30
41,145,4.721998136856637e-30
41,146,4.313398495871352e-30
41,147,1.2845643808979756e-30
41,148,1.5720079074355219e-16
41,149,6.029055440338352e-30
42,43,2.9321652259520115e-30
42,44,1.009678354030497e-29
42,45,1.3882586908893751e-30
42,46,2.5756519945507255e-30
42,47,9.64508624358202e-31
42,48,1.3437674449484413e-30
42,49,8.619394128813102e-31
42,50,1.2872076543852972e-30
42,51,2.2897695954105736e-30
42,52,5.602613816206708e-31
42,53,7.4831586348807835e-31
42,54,5.697165481459407e-32
42,55,1.0007415106216837e-16
42,56,4.707774301259244e-31
42,57,3.260665803285333e-30
42,58,5.6645620349979136e-30
42,59,1.4489602035264323e-30
42,60,3.042765071826847e-30
42,61,9.76074475822651e-31
42,62,5.697112178769179e-32
42,63,1.7926028074452373e-30
42,64,1.5550625572757486e-30
42,65,1.1173360957632836e-30
42,66,3.131514876058866e-30
42,67,6.588981446981383e-30
42,68,2.5371901206299086e-30
42,69,5.697482413597285e-32
42,70,2.1779102711429522e-30
42,71,3.4957976481439075e-30
42,72,2.6387170335695576e-30
42,73,2.471533170281081e-30
42,74,1.8062999493799253e-30
42,75,1.1789021763298965e-30
42,76,1.5069623012009967e-30
42,77,2.983658505834979e-30
42,78,1.8137452545952753e-30
42,79,7.940237389253032e-31
42,80,8.203519317322273e-31
42,81,1.2258753224532061e-30
42,82,9.546523935676086e-31
42,83,2.4776830265137582e-30
42,84,4.6824934725369095e-30
42,85,1.9060603147155055e-30
42,86,5.894385141534759e-16
42,87,2.3680040020182307e-30
42,88,1.9112486025399946e-30
42,89,1.3179154495561511e-30
42,90,3.0440603644290952e-30
42,91,5.399045402720096e-30
42,92,5.507209557241399e-31
42,93,2.2198155443041794e-30
42,94,1.3474146125908493e-30
42,95,2.658785726999777e-30
42,96,1.3622666525934669e-30
42,97,1.5269423103217236e-30
42,98,1.806691036945872e-30
42,99,1.3269699960390557e-30
42,100,1.1462103785674535e-30
42,101,1.0545756473343848e-30
42,102,4.711641804135757e-31
42,103,1.9056551576327992e-30
42,104,2.1846592805339574e-30
42,105,2.6052771374513096e-30
42,106,4.0741563136930125e-30
42,107,2.8449826619937754e-31
42,108,1.5054518547708805e-30
42,109,1.9417519948388436e-30
42,110,2.1309367851445698e-30
42,111,1.9023886106869374e-30
42,112,2.541647818406561e-30
42,113,9.418840384368775e-31
42,114,1.1168217461001944e-30
42,115,2.086018569205591e-30
42,116,5.509696097456634e-30
42,117,1.201848684126807e-30
42,118,5.696390748415006e-32
42,119,6.067375170013691e-30
42,120,1.0444019285059722e-30
42,121,7.951014721078985e-31
42,122,2.557483497150651e-30
42,123,1.295975423242566e-30
42,124,7.287381425354332e-30
42,125,1.8974812019930717e-30
42,126,2.0107287022980467e-30
42,127,1.0085556570170897e-30
42,128,6.3595953944850955e-31
42,129,2.0772405793840597e-30
42,130,7.515818336606959e-16
42,131,7.772801635702072e-31
42,132,5.89520808919393e-30
42,133,2.741138952555986e-31
42,134,1.5321176227109525e-30
42,135,9.945645763519135e-31
42,136,1.6062948871674856e-30
42,137,1.4818078257643605e-30
42,138,9.010074290284909e-31
42,139,4.874371300974417e-30
42,140,1.619188617179687e-30
42,141,1.0588309256009996e-30
42,142,2.6545526763855333e-30
42,143,1.0077121846428678e-30
42,144,2.243404275962408e-30
42,145,2.994951963218778e-30
42,146,2.7785889343939774e-30
42,147,7.71648572760079e-31
42,148,1.0287864608978096e-30
42,149,3.5211994134941565e-30
43,44,1.883951100997306e-29
43,45,2.564621974991096e-30
43,46,4.803691198471614e-30
43,47,2.0774444856540896e-30
43,48,2.1104625426016784e-30
43,49,1.745689576699555e-30
43,50,2.9227208550051362e-30
43,51,4.475307938021788e-30
43,52,1.1493960551877214e-30
43,53,1.5784388563726383e-30
43,54,6.227208458906433e-32
43,55,1.4029098183482525e-15
43,56,1.395343269261605e-30
43,57,6.39491683032522e-30
43,58,1.4364660895978668e-29
43,59,3.553922007963566e-30
43,60,4.9418011999724906e-30
43,61,1.3929879883684208e-30
43,62,6.227150197133177e-32
43,63,3.429726275067193e-30
43,64,2.536480807246504e-30
43,65,2.0324096419685038e-30
43,66,5.9848577901047596e-30
43,67,1.360021200224058e-29
43,68,4.977715264553498e-30
43,69,6.227554877225562e-32
43,70,3.951746688355194e-30
43,71,7.03385197672445e-30
43,72,4.954948620086725e-30
43,73,4.686418179911479e-30
43,74,3.62108770205329e-30
43,75,1.618469404671706e-30
43,76,2.9095096478855402e-30
43,77,5.495812271285999e-30
43,78,3.3474171770001656e-30
43,79,1.2990830853763614e-30
43,80,1.761429933682113e-30
43,81,2.1704254716082425e-30
43,82,1.9563233703002535e-30
43,83,5.1854995955154856e-30
43,84,9.105461147069703e-30
43,85,3.722833425643168e-30
43,86,7.360544344124807e-16
43,87,2.982823333550575e-30
43,88,3.390626430058227e-30
43,89,2.3530353235501508e-30
43,90,2.962255490290717e-30
43,91,1.0612840950934437e-29
43,92,9.562514007518965e-31
43,93,4.3956490626687495e-30
43,94,2.3719435633504286e-30
43,95,5.093485933831548e-30
43,96,2.445005293434477e-30
43,97,2.9428329654673997e-30
43,98,2.801913350343602e-30
43,99,2.7447080380663115e-30
43,100,2.01427944205792e-30
43,101,2.2809653863861536e-30
43,102,7.869692346625835e-31
43,103,3.762473194328071e-30
43,104,4.2408866359218805e-30
43,105,5.0598550570486054e-30
43,106,7.796582899810768e-30
43,107,6.0985022006940305e-31
43,108,3.034949658185209e-30
43,109,4.5628438039521505e-30
43,110,5.045549769332809e-30
43,111,3.644297296767113e-30
43,112,4.6159197576259845e-30
43,113,1.7163929244631064e-30
43,114,2.2261376767088866e-30
43,115,4.1686503748520905e-30
43,116,1.0167909271114582e-29
43,117,2.239687910523241e-30
43,118,6.226361647595931e-32
43,119,1.067660499708515e-29
43,120,1.996254915318935e-30
43,121,1.481712204488548e-30
43,122,4.566453783713252e-30
43,123,2.4901624904264226e-30
43,124,1.4147826134272684e-29
43,125,3.867214490458077e-30
43,126,3.731022346263527e-30
43,127,1.827428891420372e-30
43,128,1.2199401634039981e-30
43,129,4.5182729373655765e-30
43,130,1.0829087718051969e-15
43,131,8.668291250920022e-31
43,132,1.1561927044836705e-29
43,133,5.339450345219332e-31
43,134,3.1856204786378045e-30
43,135,1.8299945328341202e-30
43,136,2.8077466136647962e-30
43,137,2.5060432903473092e-30
43,138,1.7211001464112564e-30
43,139,2.719479911021061e-16
43,140,3.824960304426886e-30
43,141,2.2267290150987697e-30
43,142,5.202447976449571e-30
43,143,1.8033582225755093e-30
43,144,3.2853302824478525e-30
43,145,5.508466699113769e-30
43,146,5.663599596332088e-30
43,147,1.0626103191356527e-30
43,148,1.9155300836655076e-30
43,149,7.577672089060345e-30
44,45,4.664182804734733e-16
44,46,1.5899354674954473e-29
44,47,6.171406235528903e-30
44,48,6.859730573422089e-30
44,49,5.953788621436078e-30
44,50,7.604042670974083e-30
44,51,1.569775979050609e-29
44,52,3.90259538169116e-30
44,53,5.6707128838791965e-30
44,54,2.2122785135913077e-31
44,55,3.595161716566444e-15
44,56,2.4577909494121296e-30
44,57,2.2531811529626635e-29
44,58,1.6772483430771583e-15
44,59,4.0196580239177555e-16
44,60,1.486900632773669e-29
44,61,4.2110141926186845e-30
44,62,2.212257815509657e-31
44,63,1.2148787334059457e-29
44,64,8.956466532240154e-30
44,65,6.849859666397834e-30
44,66,2.0010672613777133e-29
44,67,5.031535471109236e-16
44,68,1.862873301987921e-29
44,69,2.2124015821876427e-31
44,70,1.4496181350838333e-29
44,71,2.7155487845233907e-16
44,72,1.7517780843836758e-29
44,73,1.5182138970550434e-29
44,74,1.3549981864245083e-29
44,75,5.6223704751079815e-30
44,76,1.0626364290833205e-29
44,77,2.0317346434850836e-29
44,78,1.0707932829087842e-29
44,79,5.73596747607211e-30
44,80,7.86997558267141e-30
44,81,8.39279172466073e-30
44,82,6.91797832532869e-30
44,83,1.9633933330109643e-29
44,84,2.910972344901413e-29
44,85,1.3032750530293505e-29
44,86,1.5245051526279951e-15
44,87,1.1073935245545742e-29
44,88,1.200697911577982e-29
44,89,7.854013924711533e-30
44,90,9.948766780645643e-30
44,91,3.5127834134417183e-29
44,92,3.2444532253286805e-30
44,93,1.5137996736592957e-29
44,94,7.68445371540895e-30
44,95,1.7920563247804514e-29
44,96,9.119984969621556e-30
44,97,4.074394727280256e-15
44,98,9.022234336109427e-30
44,99,9.046162486041274e-30
44,100,6.497513546587905e-30
44,101,8.459680801504007e-30
44,102,2.392795528592947e-30
44,103,1.1531018940283255e-16
44,104,1.4183326843173125e-29
44,105,1.8232485996390522e-29
44,106,2.572733238254336e-29
44,107,2.246024614001293e-30
44,108,9.684958107915473e-30
44,109,3.1586952508395944e-15
44,110,1.615535455849917e-16
44,111,1.3171820358710375e-29
44,112,1.5737003573827985e-29
44,113,5.7671189072654555e-30
44,114,7.748559394488858e-30
44,115,1.2464029233012014e-29
44,116,2.8994282552342027e-16
44,117,7.575244524307677e-30
44,118,2.2119776753457836e-31
44,119,3.597931453430769e-29
44,120,6.955768425338155e-30
44,121,4.636794238164617e-30
44,122,1.5128192706922937e-29
44,123,8.340191700978812e-30
44,124,4.902394770799754e-29
44,125,1.2293013794042363e-29
44,126,1.2576736084894805e-29
44,127,6.971377859579752e-30
44,128,4.718148355949004e-30
44,129,1.4811650665134013e-29
44,130,1.2931345624930659e-15
44,131,3.731880360787348e-30
44,132,5.012480877877882e-16
44,133,1.833844724803689e-30
44,134,9.967571593298587e-30
44,135,5.676238578915363e-30
44,136,1.0565532043964627e-29
44,137,7.873824379034163e-30
44,138,6.7418866238956e-30
44,139,1.2137660538294814e-15
44,140,1.4605423419231247e-29
44,141,7.84597673560761e-30
44,142,2.0615005205532474e-29
44,143,6.078374651618635e-30
44,144,1.0733361364804164e-29
44,145,1.9107021767782565e-29
44,146,1.9388667186589364e-29
44,147,3.99228140069398e-30
44,148,6.813914540552584e-16
44,149,2.6872540839657875e-16
45,46,2.3052387812897937e-30
45,47,7.86366377034551e-31
45,48,5.219426043797687e-31
45,49,1.1194460415196226e-30
45,50,1.3265258593472553e-30
45,51,2.508618694041483e-30
45,52,1.7634236242603272e-30
45,53,6.7457646500736324e-31
45,54,1.0222249385310483e-31
45,55,1.0089001940958132e-15
45,56,1.1162791653753629e-30
45,57,2.3468337252978385e-30
45,58,4.88388011840517e-16
45,59,2.543206785662068e-30
45,60,2.9283375669008878e-30
45,61,7.47059996540611e-31
45,62,1.0222153745927314e-31
45,63,1.4121520899686111e-30
45,64,2.556279216918275e-30
45,65,7.544263788209781e-31
45,66,1.739978863763633e-30
45,67,5.868546482795107e-30
45,68,1.8120280576129843e-30
45,69,1.0222818046930395e-31
45,70,1.762184091174485e-30
45,71,3.049690579039995e-30
45,72,1.902213343528456e-30
45,73,1.6435719604306518e-30
45,74,1.7500221287957077e-30
45,75,1.6743734489065837e-30
45,76,1.3622892789722642e-30
45,77,1.968148817016113e-30
45,78,1.1678357862621562e-30
45,79,1.0124954004592667e-30
45,80,1.7736532664982495e-30
45,81,1.930156427370415e-30
45,82,1.0645632588941794e-30
45,83,3.2326093512496004e-30
45,84,2.6542544630354752e-30
45,85,1.9206065138154418e-30
45,86,6.053165881748765e-16
45,87,3.7675618019780666e-30
45,88,1.573344034449943e-30
45,89,2.0120317715509862e-30
45,90,4.791903107300065e-30
45,91,3.3863806219958765e-30
45,92,4.946062263952997e-31
45,93,1.5811684639254008e-30
45,94,6.0166629281968545e-31
45,95,1.6715554563650914e-30
45,96,1.3397736424076717e-30
45,97,1.2520089531624465e-16
45,98,1.675400523870705e-30
45,99,2.2644927480826576e-30
45,100,5.073202970517531e-31
45,101,1.5602028996336801e-30
45,102,4.584540529136729e-31
45,103,1.2719594132025271e-30
45,104,1.522828137582225e-30
45,105,1.9964344744176818e-30
45,106,2.330942562244675e-30
45,107,3.3420979825958595e-31
45,108,1.1568355133166672e-30
45,109,4.918063551460682e-16
45,110,2.7614631243501474e-30
45,111,1.607471295916077e-30
45,112,1.2744837251460124e-30
45,113,4.731510503691905e-31
45,114,7.949347035033645e-31
45,115,1.5993911682341256e-30
45,116,3.682555330724055e-30
45,117,9.136484847401584e-31
45,118,1.0220859305557191e-31
45,119,2.7759941097381796e-30
45,120,7.332933361980864e-31
45,121,5.72626117375992e-31
45,122,2.4163407626823326e-30
45,123,1.4829990082007168e-30
45,124,4.637850929418273e-30
45,125,1.3642442886325232e-30
45,126,1.2781916915972436e-30
45,127,1.2739863870187255e-30
45,128,1.5808853639623338e-30
45,129,1.858423767642881e-30
45,130,1.8335611200708302e-15
45,131,1.017776981990752e-30
45,132,4.174461945373974e-30
45,133,1.7696141909408847e-31
45,134,1.582921549760069e-30
45,135,1.389627086688502e-30
45,136,1.4363161453015777e-30
45,137,5.9940553632740494e-31
45,138,1.196198793070518e-30
45,139,6.028720974411711e-16
45,140,2.2579888784680742e-30
45,141,8.443836575901848e-31
45,142,2.8349397787904465e-30
45,143,5.50046500314849e-31
45,144,1.1408039055646879e-30
45,145,2.7868366222737193e-30
45,146,1.9881438287511067e-30
45,147,1.1443160083123405e-30
45,148,1.1148551021885495e-16
45,149,8.22637384790624e-21
46,47,1.4494818516375213e-30
46,48,1.963233494965964e-30
46,49,1.2212697718758627e-30
46,50,1.92543908083007e-30
46,51,4.023328073161307e-30
46,52,1.909609109123996e-30
46,53,1.296001375693251e-30
46,54,2.3492905056811415e-31
46,55,1.2059523378145462e-15
46,56,1.5572917422544804e-30
46,57,4.2216617568962586e-30
46,58,1.8384424289301063e-29
46,59,6.166279716376997e-30
46,60,6.661769109882924e-30
46,61,2.1763804283440297e-30
46,62,2.349268525715053e-31
46,63,2.7198956015774996e-30
46,64,5.663168411682429e-30
46,65,2.095491594135814e-30
46,66,4.6872902910503155e-30
46,67,1.1367907352732262e-29
46,68,5.093695099816875e-30
46,69,2.3494211962262704e-31
46,70,3.3228018469765584e-30
46,71,5.120757358575512e-30
46,72,3.389609412531111e-30
46,73,3.684260892705707e-30
46,74,4.5600518235104285e-30
46,75,4.083114050355981e-30
46,76,3.7609809120733715e-30
46,77,4.172505657217098e-30
46,78,2.6321621791285693e-30
46,79,3.553772419939876e-30
46,80,4.135556413080545e-30
46,81,2.0031447579745487e-30
46,82,1.5355358220597323e-30
46,83,4.670181266729852e-30
46,84,6.99812131640301e-30
46,85,3.163626038593302e-30
46,86,8.693301502752342e-16
46,87,7.246899035968008e-30
46,88,2.241925812885877e-30
46,89,2.9773410435020312e-30
46,90,1.10502281061005e-29
46,91,8.197961465555584e-30
46,92,1.0919451425383325e-30
46,93,4.290051216387454e-30
46,94,1.8167302403989344e-30
46,95,4.072204145836377e-30
46,96,1.535818177171326e-30
46,97,3.6286290576581815e-30
46,98,3.342994697250699e-30
46,99,3.4118065232162095e-30
46,100,1.5186892243294693e-30
46,101,1.8144107914794342e-30
46,102,8.180238701963692e-31
46,103,2.464660849995315e-30
46,104,3.178190592745683e-30
46,105,3.787410439488343e-30
46,106,5.711084720053648e-30
46,107,6.30960011465836e-31
46,108,2.0111374327505212e-30
46,109,6.552290596116589e-30
46,110,4.3908504732406165e-30
46,111,3.708942371348435e-30
46,112,3.667123376638712e-30
46,113,1.3353652284391201e-30
46,114,1.6519764581264416e-30
46,115,3.150516241030264e-30
46,116,7.560315196814524e-30
46,117,1.5953260829939263e-30
46,118,2.3489710357637633e-31
46,119,8.323272458063659e-30
46,120,1.5066822871364626e-30
46,121,1.2012504556256817e-30
46,122,3.23603707589753e-30
46,123,2.0535012233164704e-30
46,124,1.0546829419541255e-29
46,125,3.0081712542441272e-30
46,126,2.621739835382929e-30
46,127,2.1915774746006734e-30
46,128,2.3718830212245134e-30
46,129,3.5683713453866226e-30
46,130,1.297703025877713e-15
46,131,3.234590118807365e-30
46,132,7.906572566844311e-30
46,133,3.8701206420180535e-31
46,134,2.911879566145774e-30
46,135,2.6470988351139025e-30
46,136,2.567032474448577e-30
46,137,2.0243727903523816e-30
46,138,2.047251447078687e-30
46,139,6.133001935466565e-16
46,140,4.228169237713834e-30
46,141,2.2355777421320768e-30
46,142,5.190475398545288e-30
46,143,1.3954516826156524e-30
46,144,4.013379144138254e-30
46,145,4.120775820195025e-30
46,146,4.865805030391313e-30
46,147,2.613429804280242e-30
46,148,1.3717565030565747e-30
46,149,1.291327757519622e-20
47,48,7.375189832004921e-31
47,49,5.877183665651578e-31
47,50,9.594145515453165e-31
47,51,1.4237529503327207e-30
47,52,3.3087084032083976e-31
47,53,5.008779642815653e-31
47,54,1.7756704978797652e-32
47,55,4.577566798522232e-16
47,56,3.993861359953425e-31
47,57,2.0999923861639968e-30
47,58,4.1976565759182015e-30
47,59,9.951183841965063e-31
47,60,1.652709890004393e-30
47,61,4.914746327511062e-31
47,62,1.7756538847034746e-32
47,63,1.100993461947191e-30
47,64,8.025576960663577e-31
47,65,6.517127066533753e-31
47,66,1.9366691956573087e-30
47,67,4.365223194943793e-30
47,68,1.5426984329756806e-30
47,69,1.775769278062452e-32
47,70,1.3215606407714939e-30
47,71,2.305359797419141e-30
47,72,1.673184435658811e-30
47,73,1.5494384932111304e-30
47,74,1.145978188831377e-30
47,75,5.8340808126877675e-31
47,76,8.704409824056602e-31
47,77,1.8094852265732103e-30
47,78,1.1350133570581242e-30
47,79,4.024422615287271e-31
47,80,5.000658534944777e-31
47,81,7.456811358844438e-31
47,82,6.263485968057096e-31
47,83,1.6742653380952553e-30
47,84,2.9531261221151713e-30
47,85,1.2407374333868148e-30
47,86,6.304741845926295e-30
47,87,1.032894248204173e-30
47,88,1.1732998985842789e-30
47,89,7.451807590239022e-31
47,90,1.0033791586413408e-30
47,91,3.46804286545624e-30
47,92,3.1982488798125165e-31
47,93,1.3783147251937881e-30
47,94,7.979708182710902e-31
47,95,1.6367472204514955e-30
47,96,8.518391078820911e-31
47,97,9.250916600246989e-31
47,98,9.758865260509733e-31
47,99,8.934344891451607e-31
47,100,6.796292130136257e-31
47,101,7.514162498186103e-31
47,102,2.9247748955530374e-31
47,103,1.2083051454293196e-30
47,104,1.386980753060913e-30
47,105,1.6333498916958112e-30
47,106,2.5403174637441444e-30
47,107,1.9134248027545217e-31
47,108,9.848598335799255e-31
47,109,1.3436666580591727e-30
47,110,1.5609262576888723e-30
47,111,1.2041489151635853e-30
47,112,1.506889280391773e-30
47,113,5.693822120839791e-31
47,114,7.211261672407024e-31
47,115,1.3767802088026839e-30
47,116,3.3539112719829336e-30
47,117,7.40484254131481e-31
47,118,1.7754290320815265e-32
47,119,3.5557994495175524e-30
47,120,6.392608680536069e-31
47,121,4.797789681088839e-31
47,122,1.582205401923961e-30
47,123,8.238441572306351e-31
47,124,4.603387907483125e-30
47,125,1.2369514789095778e-30
47,126,1.250290233144294e-30
47,127,5.581841608652705e-31
47,128,3.606905679987224e-31
47,129,1.4224092848283782e-30
47,130,3.5544479789666775e-16
47,131,3.3932531794070218e-31
47,132,3.824569620351578e-30
47,133,1.7434251447704053e-31
47,134,1.0376999804507596e-30
47,135,6.072333011115239e-31
47,136,9.1507646055989e-31
47,137,8.553709618102698e-31
47,138,5.1883335176874495e-31
47,139,4.2948260731858315e-30
47,140,1.154692190237291e-30
47,141,6.9466682977288e-31
47,142,1.71162822169442e-30
47,143,5.961188714862335e-31
47,144,1.1867112558270537e-30
47,145,1.9269013756662578e-30
47,146,1.7945430918712027e-30
47,147,3.610161486753965e-31
47,148,6.345216968895921e-31
47,149,2.3373792223186773e-30
48,49,7.388435570779368e-31
48,50,1.1442334731461504e-30
48,51,1.7956338168425268e-30
48,52,4.6755309477315135e-31
48,53,4.956876586602608e-31
48,54,6.792756957130332e-32
48,55,1.1527756336890713e-16
48,56,4.916538318322262e-31
48,57,2.5133604395999695e-30
48,58,4.221230470765488e-30
48,59,1.3825333905489713e-30
48,60,2.9857907436821345e-30
48,61,1.023956937311735e-30
48,62,6.792693404084335e-32
48,63,1.360103719396313e-30
48,64,1.7269265168198395e-30
48,65,8.888351655311062e-31
48,66,2.2969263303929247e-30
48,67,4.467314320939849e-30
48,68,1.4517498680682188e-30
48,69,6.793134836795495e-32
48,70,1.6490178761111695e-30
48,71,2.64606852432161e-30
48,72,2.137519004944987e-30
48,73,1.9692911719590407e-30
48,74,1.3950234933118521e-30
48,75,1.3648789754382279e-30
48,76,7.8677352122645355e-31
48,77,2.2656152332886505e-30
48,78,1.650773731713222e-30
48,79,9.398125109052974e-31
48,80,9.406708679635123e-31
48,81,1.1289064519820993e-30
48,82,6.903993252888604e-31
48,83,1.8181629550071088e-30
48,84,3.527520766094487e-30
48,85,1.6342843863243072e-30
48,86,1.570092458683803e-16
48,87,2.5634256122979335e-30
48,88,1.7533003403249762e-30
48,89,1.1253926772374197e-30
48,90,3.548935325226881e-30
48,91,4.0491348639363294e-30
48,92,5.1172475706624385e-31
48,93,1.4997526128771423e-30
48,94,1.1467860702587849e-30
48,95,1.9412631432365053e-30
48,96,1.1967910629445674e-30
48,97,1.3035216949745383e-30
48,98,1.7708509601018625e-30
48,99,1.28274551648531e-30
48,100,9.626146291896727e-31
48,101,8.195535480155606e-31
48,102,4.79732977186888e-31
48,103,1.478238536357128e-30
48,104,1.681433207978768e-30
48,105,1.9892969334685417e-30
48,106,3.1103996118259256e-30
48,107,2.0604701243880143e-31
48,108,1.1859877764857748e-30
48,109,1.559607972985179e-30
48,110,1.4919116734657625e-30
48,111,1.6413891491085856e-30
48,112,1.909826870874756e-30
48,113,7.618290585415982e-31
48,114,8.06913197511426e-31
48,115,1.8252828855762557e-30
48,116,4.175923898280326e-30
48,117,9.80480402199653e-31
48,118,6.791833239310582e-32
48,119,4.8614871858661076e-30
48,120,8.230710909464393e-31
48,121,6.468870907893425e-31
48,122,2.2739277296574516e-30
48,123,1.008830914831111e-30
48,124,5.355977452987951e-30
48,125,1.4907455686975143e-30
48,126,1.6306073069587655e-30
48,127,5.878749422182358e-31
48,128,6.447403705719701e-31
48,129,1.43720654554676e-30
48,130,1.9748438260743924e-16
48,131,9.357259820596319e-31
48,132,4.6155135770122055e-30
48,133,2.043156619114073e-31
48,134,1.3284670694142253e-30
48,135,1.0317491049539475e-30
48,136,1.2583227827164166e-30
48,137,1.2889093527371768e-30
48,138,6.128196190351704e-31
48,139,4.479350276755466e-16
48,140,8.40410078574949e-31
48,141,7.281475373053116e-31
48,142,2.1522538570010854e-30
48,143,8.202935723778118e-31
48,144,2.286777912691626e-30
48,145,2.722031824390186e-30
48,146,1.8929817436060757e-30
48,147,8.69967862519583e-31
48,148,8.155469301740119e-31
48,149,2.3801667745503786e-30
49,50,8.469382166456447e-31
49,51,1.320710363775285e-30
49,52,5.545230416669273e-31
49,53,4.82787022498675e-31
49,54,5.448338763995868e-32
49,55,2.8441001681421685e-16
49,56,3.373726816799799e-31
49,57,2.0249962454409384e-30
49,58,3.7579984034500095e-30
49,59,1.2889633902864523e-30
49,60,1.744869884016332e-30
49,61,6.3373955190672095e-31
49,62,5.448287789328843e-32
49,63,1.0586678944082193e-30
49,64,1.3102033683675852e-30
49,65,5.507183967321627e-31
49,66,1.6902571269829153e-30
49,67,4.2309779135659946e-30
49,68,1.3765881677330292e-30
49,69,5.448641853954896e-32
49,70,1.2565024375373954e-30
49,71,2.130597098536409e-30
49,72,1.6218169854315955e-30
49,73,1.3680318608390795e-30
49,74,1.077435517870531e-30
49,75,9.09000071013955e-31
49,76,7.128419168486745e-31
49,77,1.7018282470737953e-30
49,78,1.1369563278224253e-30
49,79,7.421985994641538e-31
49,80,9.631987094322361e-31
49,81,8.453845128153493e-31
49,82,6.105782325633058e-31
49,83,1.7920671607890174e-30
49,84,2.5440180605920947e-30
49,85,1.2763207661343871e-30
49,86,6.128878941486515e-17
49,87,1.774619360365322e-30
49,88,1.2221732674668327e-30
49,89,6.531212274267116e-31
49,90,2.578042501769633e-30
49,91,3.02271165148005e-30
49,92,3.0193732894250083e-31
49,93,1.2740449389393095e-30
49,94,7.407184553099453e-31
49,95,1.4821112801880183e-30
49,96,9.216008662942504e-31
49,97,7.767219563781861e-31
49,98,9.85489338927274e-31
49,99,9.703881730126558e-31
49,100,6.333162329012402e-31
49,101,8.255953194925768e-31
49,102,3.2652556704438135e-31
49,103,1.1105716171667978e-30
49,104,1.259114425267505e-30
49,105,1.5431992970186095e-30
49,106,2.2830248828591695e-30
49,107,1.9281008291760068e-31
49,108,9.196403705633905e-31
49,109,1.1998246870374606e-30
49,110,1.446646569293504e-30
49,111,1.128653869432314e-30
49,112,1.3212338677690991e-30
49,113,5.264941013717465e-31
49,114,6.712759022392394e-31
49,115,1.2268012956700453e-30
49,116,3.18031539617039e-30
49,117,6.852225013971216e-31
49,118,5.447597867827183e-32
49,119,3.2333119116770325e-30
49,120,5.857707591723417e-31
49,121,4.0198296419089e-31
49,122,1.601806035230669e-30
49,123,7.91135940880944e-31
49,124,4.222937621021291e-30
49,125,1.0777838119051182e-30
49,126,1.1879296429362813e-30
49,127,5.202993479745342e-31
49,128,6.015649759049945e-31
49,129,1.3073128765468305e-30
49,130,3.69524604129491e-16
49,131,7.123466718460498e-31
49,132,3.582398030166146e-30
49,133,1.610722352652753e-31
49,134,9.041895749910445e-31
49,135,6.582019899119592e-31
49,136,8.317004225666042e-31
49,137,8.125442055314966e-31
49,138,4.693261601539071e-31
49,139,1.2533302082415672e-16
49,140,1.2898636664515545e-30
49,141,6.235434291522079e-31
49,142,1.7184906472213203e-30
49,143,5.389345716627375e-31
49,144,1.3806711367052871e-30
49,145,2.0098417451442783e-30
49,146,1.5766499918672455e-30
49,147,6.089213947379417e-31
49,148,5.836401983073664e-31
49,149,2.059571088189663e-30
50,51,1.8846136745487145e-30
50,52,7.354516747142837e-31
50,53,6.506526373989115e-31
50,54,8.773795133399721e-32
50,55,7.756677862503832e-16
50,56,6.8585593118996465e-31
50,57,2.839027249527336e-30
50,58,5.542125132735488e-30
50,59,1.9350176215388984e-30
50,60,3.0175078396008876e-30
50,61,1.0646989306747525e-30
50,62,8.773713045757074e-32
50,63,1.465649558239023e-30
50,64,2.105190057662338e-30
50,65,8.731679321370728e-31
50,66,2.5009192497464556e-30
50,67,5.622270997354394e-30
50,68,1.8779242843246688e-30
50,69,8.774283217809062e-32
50,70,1.6857582505428664e-30
50,71,3.0868747687898645e-30
50,72,2.2522491921789567e-30
50,73,2.0635203124565585e-30
50,74,1.4193516538358514e-30
50,75,1.5780600841669894e-30
50,76,1.0530616672482167e-30
50,77,2.321257639250601e-30
50,78,1.770614111902187e-30
50,79,1.250760134132048e-30
50,80,1.4716853753307794e-30
50,81,1.2275783546201665e-30
50,82,8.18856345136727e-31
50,83,2.2411752547690875e-30
50,84,3.904790358568709e-30
50,85,1.7406244451875253e-30
50,86,5.464131126067801e-16
50,87,2.888657847810348e-30
50,88,1.7731799325985665e-30
50,89,1.0280114559733927e-30
50,90,4.2093608509190794e-30
50,91,4.576729240595517e-30
50,92,4.98329137477857e-31
50,93,1.685511659712515e-30
50,94,1.1692171604329924e-30
50,95,2.1007772306132053e-30
50,96,1.223107962539214e-30
50,97,1.3064550264711704e-30
50,98,1.5848194118986917e-30
50,99,1.3487662313389356e-30
50,100,9.668546432775445e-31
50,101,1.0473723296150632e-30
50,102,5.418376647218726e-31
50,103,1.728139856805209e-30
50,104,1.8523871160336576e-30
50,105,2.163490823761978e-30
50,106,3.397310456216006e-30
50,107,2.531173147997258e-31
50,108,1.3773668970761459e-30
50,109,2.235032564627914e-30
50,110,2.1391056972217522e-30
50,111,1.680477680402377e-30
50,112,1.9456500993619008e-30
50,113,7.880149852267226e-31
50,114,9.37325003518447e-31
50,115,2.0101443575566425e-30
50,116,4.3665114210179526e-30
50,117,1.0031992817641679e-30
50,118,8.772602022713929e-32
50,119,4.829979553735976e-30
50,120,9.270926603523462e-31
50,121,6.886968947852896e-31
50,122,2.331824963794703e-30
50,123,1.1491857971267696e-30
50,124,5.975026090031434e-30
50,125,1.680596573080723e-30
50,126,1.7158864534912434e-30
50,127,7.103940965335232e-31
50,128,9.025099675313212e-31
50,129,1.875247143168383e-30
50,130,5.033090233620751e-16
50,131,1.2101735424962096e-30
50,132,5.181315104077633e-30
50,133,2.285500342800776e-31
50,134,1.4536109677855093e-30
50,135,1.1402227160700364e-30
50,136,1.1231199977696728e-30
50,137,1.270915929401813e-30
50,138,7.816995276850756e-31
50,139,5.020308920902305e-16
50,140,1.683179033075612e-30
50,141,8.842290925361537e-31
50,142,2.190312302656432e-30
50,143,8.13251469772179e-31
50,144,2.1026314481724473e-30
50,145,2.851653478737355e-30
50,146,2.244830661613854e-30
50,147,9.995398600189211e-31
50,148,8.56001509037333e-31
50,149,3.0335900553173833e-30
51,52,1.4662587719384544e-30
51,53,1.2557896639506499e-30
51,54,1.5242765995237915e-31
51,55,3.05311331771922e-16
51,56,1.0840009181091306e-30
51,57,4.8305634470731756e-30
51,58,1.1815656921508146e-29
51,59,3.962133652416477e-30
51,60,4.503191681548434e-30
51,61,1.4457174290993774e-30
51,62,1.5242623383892546e-31
51,63,2.6570826356960886e-30
51,64,3.6857100676945075e-30
51,65,1.5071004759334566e-30
51,66,4.460848796012619e-30
51,67,1.094433316313673e-29
51,68,4.0542482018809664e-30
51,69,1.5243613947158875e-31
51,70,3.0594612905429824e-30
51,71,5.27367541287815e-30
51,72,3.767290104712552e-30
51,73,3.3486405832063e-30
51,74,3.0318339801180564e-30
51,75,2.564956656527571e-30
51,76,2.4160954384498357e-30
51,77,4.348062847288499e-30
51,78,2.5300230695382433e-30
51,79,2.0535501803065273e-30
51,80,2.700219051598501e-30
51,81,1.796488595360213e-30
51,82,1.5341810185232701e-30
51,83,4.227738491547371e-30
51,84,6.605005343107629e-30
51,85,2.8469132024168237e-30
51,86,3.5217877337871666e-16
51,87,4.855118741421492e-30
51,88,2.512270887407207e-30
51,89,1.8955807688545756e-30
51,90,7.19798205315228e-30
51,91,7.789384897669443e-30
51,92,7.384583723136917e-31
51,93,3.376645268270552e-30
51,94,1.8190664271813915e-30
51,95,3.898790259617988e-30
51,96,1.983280040364731e-30
51,97,2.439230522341026e-30
51,98,2.497226319364914e-30
51,99,2.4458927588805583e-30
51,100,1.5521411578308393e-30
51,101,1.865486539044891e-30
51,102,6.588785883313639e-31
51,103,2.7549800568140075e-30
51,104,3.164673774176572e-30
51,105,3.9148254194590684e-30
51,106,5.8076499602970394e-30
51,107,5.195485827256579e-31
51,108,2.166527575664568e-30
51,109,4.38876305853179e-30
51,110,3.7575075826033666e-30
51,111,2.8348123155386362e-30
51,112,3.513188227337547e-30
51,113,1.3033542039042416e-30
51,114,1.7042393527726706e-30
51,115,2.9224850180968545e-30
51,116,8.113797417725865e-30
51,117,1.691316634160574e-30
51,118,1.5240693197011668e-31
51,119,8.23644802376739e-30
51,120,1.5042555978090488e-30
51,121,1.0581943529551448e-30
51,122,3.548615204427243e-30
51,123,1.8038411093756013e-30
51,124,1.0790175426819593e-29
51,125,2.762980936078149e-30
51,126,2.8375626905927833e-30
51,127,1.565732886430143e-30
51,128,1.5475321872124852e-30
51,129,3.3794946718200196e-30
51,130,7.777754145844623e-16
51,131,1.9475567229688357e-30
51,132,8.592840102072092e-30
51,133,4.053767326920959e-31
51,134,2.2107471370815986e-30
51,135,1.5289305425780327e-30
51,136,2.2424504687049138e-30
51,137,1.9836951781634577e-30
51,138,1.5725276985383715e-30
51,139,5.095253760312456e-16
51,140,3.52251024793889e-30
51,141,1.7550925451553244e-30
51,142,4.30566859886875e-30
51,143,1.3725551986896565e-30
51,144,3.1595516282502934e-30
51,145,4.257092533444523e-30
51,146,4.186088102530429e-30
51,147,1.6951788520977687e-30
51,148,1.4484851940022059e-30
51,149,5.987290395766036e-30
52,53,3.613640309557297e-31
52,54,8.324014848402675e-32
52,55,4.186977109895017e-16
52,56,5.655818160737316e-31
52,57,1.0593256295392617e-30
52,58,5.4387881898962635e-30
52,59,1.8843195862206102e-30
52,60,2.3388643401575524e-30
52,61,5.9608513463959726e-31
52,62,8.323936968905165e-32
52,63,8.15617810534988e-31
52,64,2.0276052776545643e-30
52,65,4.75201821271976e-31
52,66,8.411803976020881e-31
52,67,3.1587812691447604e-30
52,68,1.1004368040713166e-30
52,69,8.32447791162775e-32
52,70,6.707201823006282e-31
52,71,1.3934217692280918e-30
52,72,8.106965710971975e-31
52,73,1.0302128847620656e-30
52,74,1.2430823899337029e-30
52,75,1.3145809662023038e-30
52,76,7.87240455779506e-31
52,77,1.0323283734238574e-30
52,78,7.377835846940209e-31
52,79,1.0253597765764297e-30
52,80,1.4244899582609591e-30
52,81,8.390513381317869e-31
52,82,5.880914256400318e-31
52,83,1.626261860762281e-30
52,84,1.265182625010132e-30
52,85,1.1059410994795535e-30
52,86,1.2412670766236353e-16
52,87,2.7693584487824637e-30
52,88,7.767493662435143e-31
52,89,1.0250495000731917e-30
52,90,3.905864901179271e-30
52,91,1.5451798831870623e-30
52,92,3.848165382732542e-31
52,93,1.0803594119669812e-30
52,94,3.997668302317883e-31
52,95,9.11544463950715e-31
52,96,5.714094498038135e-31
52,97,1.1577141263698742e-30
52,98,1.2119208517747423e-30
52,99,1.4098674456306754e-30
52,100,2.8339448284278977e-31
52,101,7.857358866814871e-31
52,102,2.4183723314234902e-31
52,103,5.012856027888424e-31
52,104,6.944608962382088e-31
52,105,1.1093757066521066e-30
52,106,1.0773377216837216e-30
52,107,2.177777369775369e-31
52,108,5.123302634421755e-31
52,109,1.8814273929804714e-30
52,110,1.459581885963382e-30
52,111,1.193409800804225e-30
52,112,6.2496028579120255e-31
52,113,2.2780945654590975e-31
52,114,3.8492974197763095e-31
52,115,1.0521706068682678e-30
52,116,1.713391779907348e-30
52,117,5.221548599892514e-31
52,118,8.322882901404447e-32
52,119,1.4452899145191163e-30
52,120,4.500714100448508e-31
52,121,4.064992688833363e-31
52,122,9.97882626664767e-31
52,123,5.6893438125235415e-31
52,124,2.2163512406244914e-30
52,125,8.781252997156133e-31
52,126,5.338886448223312e-31
52,127,6.953356399291289e-31
52,128,8.827655466471831e-31
52,129,9.653248324340428e-31
52,130,6.521083742145209e-16
52,131,9.928064648140566e-31
52,132,1.8289384630256073e-30
52,133,8.291435972091985e-32
52,134,1.055325676133004e-30
52,135,7.874928891142515e-31
52,136,8.02162907406453e-31
52,137,4.134787242505438e-31
52,138,6.876625528486553e-31
52,139,3.913697048022208e-30
52,140,1.3983078628355386e-30
52,141,5.531009306751157e-31
52,142,1.821743553546573e-30
52,143,3.4593322379691096e-31
52,144,1.056263441435031e-30
52,145,1.2337708220828593e-30
52,146,1.083912060829134e-30
52,147,9.249696143400968e-31
52,148,2.625121720286073e-31
52,149,2.0659280111543373e-30
53,54,2.218505132227976e-32
53,55,1.893209683206273e-30
53,56,2.457788341102223e-31
53,57,1.7271654073562685e-30
53,58,3.8819675654511856e-30
53,59,1.1257119682232093e-30
53,60,1.199019901766747e-30
53,61,3.0300911788477937e-31
53,62,2.2184843758900703e-32
53,63,9.69297398370163e-31
53,64,8.062448791787175e-31
53,65,5.259363382012152e-31
53,66,1.5576311225827613e-30
53,67,3.984612969733172e-30
53,68,1.4529517579108456e-30
53,69,2.2186285472098186e-32
53,70,1.1093784041169806e-30
53,71,1.879535895930462e-30
53,72,1.3422177801390668e-30
53,73,1.2304754169932814e-30
53,74,1.084534734318583e-30
53,75,5.033694803909952e-31
53,76,8.313853035363557e-31
53,77,1.548099152317724e-30
53,78,8.434673713523899e-31
53,79,4.507512638110251e-31
53,80,6.760057332337707e-31
53,81,6.201209800703326e-31
53,82,5.5991061624274e-31
53,83,1.5667227780836857e-30
53,84,2.296474156328097e-30
53,85,1.0667245455312453e-30
53,86,3.87877532026101e-30
53,87,9.455056963474429e-31
53,88,9.215788468517629e-31
53,89,6.349330973606958e-31
53,90,9.950793378543014e-31
53,91,2.7130996704312894e-30
53,92,2.5719516810863572e-31
53,93,1.2708342464478702e-30
53,94,5.792597009338974e-31
53,95,1.396530269035667e-30
53,96,6.999199489430648e-31
53,97,8.26103252735963e-31
53,98,7.023744150760145e-31
53,99,8.04538551918005e-31
53,100,4.909012923256775e-31
53,101,6.861652123796229e-31
53,102,1.76456209149837e-31
53,103,9.222301660372424e-31
53,104,1.1091889861469713e-30
53,105,1.4030487336328552e-30
53,106,2.0057806204338054e-30
53,107,1.8423975507322694e-31
53,108,7.72980132594841e-31
53,109,1.2977987833684764e-30
53,110,1.3523699470578706e-30
53,111,1.042387115171939e-30
53,112,1.1968495356326188e-30
53,113,4.403008523759401e-31
53,114,6.121668193091894e-31
53,115,1.0085673150613648e-30
53,116,2.8310537957940128e-30
53,117,5.944434279190212e-31
53,118,2.2182034472513492e-32
53,119,2.702254856057657e-30
53,120,5.358797620580195e-31
53,121,3.6491024204355396e-31
53,122,1.172854138844651e-30
53,123,6.621254822578429e-31
53,124,3.831396889002747e-30
53,125,9.991119269653325e-31
53,126,9.712815787733797e-31
53,127,5.45485913942015e-31
53,128,4.014007904624096e-31
53,129,1.2262393048787524e-30
53,130,5.249467210629764e-30
53,131,3.4054617689528124e-31
53,132,3.028383042190332e-30
53,133,1.4374406218961992e-31
53,134,8.195214129324411e-31
53,135,4.664188693318274e-31
53,136,8.051900476754529e-31
53,137,5.855034917040554e-31
53,138,4.963063196287532e-31
53,139,3.371720830325602e-30
53,140,1.2179919284328279e-30
53,141,6.315140503906573e-31
53,142,1.583979327398144e-30
53,143,4.655653577351917e-31
53,144,7.798502486932322e-31
53,145,1.4993573288908122e-30
53,146,1.5416912916112064e-30
53,147,3.4767093880457394e-31
53,148,4.962327071835154e-31
53,149,2.107388816330241e-30
54,55,7.05469039421706e-31
54,56,6.064541050285778e-32
54,57,2.1569900317563958e-32
54,58,6.231677318899226e-31
54,59,2.220287047225473e-31
54,60,2.8876713308694607e-31
54,61,9.036377542784232e-32
54,62,9.982432017823579e-33
54,63,8.172802200438297e-32
54,64,2.3953499492201966e-31
54,65,6.661290248439953e-32
54,66,2.3284397741278384e-32
54,67,2.1566334750084834e-31
54,68,8.118220848436832e-32
54,69,9.983080740173823e-33
54,70,3.970519938900052e-32
54,71,8.785838783727239e-32
54,72,5.350419126888515e-32
54,73,1.1260098660114754e-31
54,74,1.4749175191555073e-31
54,75,1.6506102394748502e-31
54,76,8.535055304636016e-32
54,77,9.784871495741945e-32
54,78,1.1003777069361432e-31
54,79,1.363142894984296e-31
54,80,1.6643409735651646e-31
54,81,8.816380914241498e-32
54,82,4.876691746472911e-32
54,83,1.3378941715799288e-31
54,84,9.174413993781314e-32
54,85,1.2121831771345806e-31
54,86,5.326163290812215e-31
54,87,3.200722583143868e-31
54,88,9.243309184158729e-32
54,89,1.1400234980246817e-31
54,90,4.721415300045606e-31
54,91,5.321595110445444e-32
54,92,4.7061600692866806e-32
54,93,1.046242845732098e-31
54,94,5.743797190119913e-32
54,95,8.343983890734956e-32
54,96,6.362544677197433e-32
54,97,1.4183279932219255e-31
54,98,1.464054373249451e-31
54,99,1.4650451053486036e-31
54,100,3.327757698341964e-32
54,101,6.609134933391929e-32
54,102,3.5077646093067135e-32
54,103,3.0378132621556104e-32
54,104,5.763532691696744e-32
54,105,1.1415402717728926e-31
54,106,5.237871253464837e-32
54,107,2.2185051322279772e-32
54,108,3.6370494309489183e-32
54,109,2.2047104987102637e-31
54,110,1.2320970313460366e-31
54,111,1.4609590045447077e-31
54,112,3.77186651618463e-32
54,113,3.040976004565738e-32
54,114,1.1092525661139882e-32
54,115,1.3325646704211523e-31
54,116,1.1698621764965117e-31
54,117,5.690412282486059e-32
54,118,9.981167933627915e-33
54,119,1.4558981197024146e-31
54,120,5.334224782649262e-32
54,121,4.866825882136785e-32
54,122,1.1428500264788508e-31
54,123,3.8830029346083743e-32
54,124,4.094479466945722e-32
54,125,1.0060965107969115e-31
54,126,4.223907930310719e-32
54,127,6.954978206587731e-32
54,128,9.747468168338453e-32
54,129,5.970288528894676e-32
54,130,6.555512715386184e-31
54,131,1.3053979072662359e-31
54,132,7.692628557805135e-32
54,133,0.0
54,134,1.1900256225905406e-31
54,135,1.043469236990232e-31
54,136,9.063728782603759e-32
54,137,5.546262830569938e-32
54,138,7.367088621107615e-32
54,139,2.2816541742686454e-31
54,140,1.2214376865847239e-31
54,141,5.921788224832792e-32
54,142,1.9624313840648658e-31
54,143,4.4564661884089743e-32
54,144,1.6294359519427435e-31
54,145,1.6027284165314037e-31
54,146,7.083708947156407e-32
54,147,1.114785032185476e-31
54,148,2.2185051322279764e-32
54,149,2.08812077060198e-31
55,56,4.933939044724278e-16
55,57,1.0103862377689577e-15
55,58,2.799000222452502e-15
55,59,5.750603416968851e-16
55,60,2.289112072726527e-16
55,61,2.8474839886942874e-16
55,62,7.0546243905213665e-31
55,63,1.955441488544424e-15
55,64,4.1546536710742374e-16
55,65,1.3597399555105256e-16
55,66,2.4384178435630637e-15
55,67,1.0944930439149072e-15
55,68,1.6079679568759614e-16
55,69,7.055082845185172e-31
55,70,4.652682298944617e-16
55,71,1.0563614951436086e-15
55,72,3.661211877634942e-16
55,73,5.161047112437104e-16
55,74,3.7751664318895555e-16
55,75,1.9229626863835446e-16
55,76,2.026009236310097e-16
55,77,5.071685924178139e-16
55,78,6.206335383118424e-17
55,79,4.0029952151998346e-16
55,80,2.6331251014325026e-16
55,81,1.0373320089387258e-15
55,82,1.7447558621042345e-16
55,83,6.217814882352451e-16
55,84,5.074414582634852e-16
55,85,4.595070477244092e-16
55,86,1.6939115275853414e-15
55,87,3.3537189618722335e-16
55,88,4.528924144620233e-16
55,89,3.260541871072602e-16
55,90,3.7853558335037957e-16
55,91,9.002462761157651e-16
55,92,3.5899291677734225e-30
55,93,3.847333534908452e-16
55,94,3.610892649124526e-16
55,95,4.997501058033018e-16
55,96,3.330669426805847e-16
55,97,1.2089393848195944e-15
55,98,5.786076474133991e-16
55,99,1.491461060554311e-16
55,100,3.368281829653574e-17
55,101,3.7140911710233425e-16
55,102,2.5438405243137967e-16
55,103,1.1065139398187604e-15
55,104,8.107526688327102e-16
55,105,5.752589961872265e-16
55,106,5.903389134238137e-16
55,107,1.4265832743238545e-30
55,108,6.168281053002357e-16
55,109,1.4613902693691665e-15
55,110,8.666536818053217e-16
55,111,4.3582661777958157e-16
55,112,8.820476357753287e-30
55,113,3.371480851813794e-30
55,114,2.9680497261140416e-30
55,115,5.757217667368346e-16
55,116,1.5400124290949919e-15
55,117,1.7347234759747689e-18
55,118,7.053731057195129e-31
55,119,2.7755575615628815e-16
55,120,5.332123479817072e-16
55,121,2.2377260456558974e-16
55,122,2.860979249076397e-16
55,123,1.7987668849994345e-16
55,124,2.400696848537693e-16
55,125,4.079219866531543e-16
55,126,2.0142721397375289e-16
55,127,2.3055512673781076e-16
55,128,4.636614390287636e-16
55,129,5.510908243081534e-16
55,130,3.435281261877663e-15
55,131,8.406187065876401e-30
55,132,9.646060876762515e-16
55,133,7.7519049596650695e-31
55,134,5.360492026881266e-16
55,135,3.297172715311842e-16
55,136,2.7755575615629116e-16
55,137,6.599292158926366e-30
55,138,2.1364582767275738e-16
55,139,3.0462728919638964e-15
55,140,7.232080323030039e-30
55,141,2.2887833992611207e-16
55,142,3.310368768515569e-16
55,143,4.312096987667665e-30
55,144,8.654444842808832e-16
55,145,6.518499014193664e-16
55,146,5.803239906861969e-16
55,147,8.012175496445921e-30
55,148,1.421351137762079e-15
55,149,8.931387692611252e-16
56,57,1.005494276123766e-30
56,58,3.922831784453913e-30
56,59,1.525354551135369e-30
56,60,1.7772722790507666e-30
56,61,5.897704695561503e-31
56,62,6.064484310429082e-32
56,63,5.158972368627456e-31
56,64,1.4488472189171443e-30
56,65,4.295344278254384e-31
56,66,8.193888017945717e-31
56,67,2.0329665429205943e-30
56,68,7.753388062513188e-31
56,69,6.064878419450596e-32
56,70,5.963459056280182e-31
56,71,1.091813411415242e-30
56,72,6.967748918556373e-31
56,73,7.77525809613919e-31
56,74,9.32165169898737e-31
56,75,1.0952065601609867e-30
56,76,6.377891065618494e-31
56,77,7.134811108653537e-31
56,78,7.958147012288129e-31
56,79,8.299916998860482e-31
56,80,9.982991190861394e-31
56,81,6.085504699659368e-31
56,82,3.2613937152654505e-31
56,83,9.754777982172975e-31
56,84,1.3034417273504068e-30
56,85,7.206756590592231e-31
56,86,5.795949711218544e-16
56,87,1.9228361874303247e-30
56,88,6.37338712720078e-31
56,89,8.00453804165226e-31
56,90,2.891331685553469e-30
56,91,1.4773530747556621e-30
56,92,2.8784066155301565e-31
56,93,7.058318040736017e-31
56,94,4.606308515670293e-31
56,95,7.319179288356165e-31
56,96,4.391409583329987e-31
56,97,8.640460524211117e-31
56,98,9.283399136219304e-31
56,99,9.019004746457794e-31
56,100,3.4264218055798767e-31
56,101,5.100539595737523e-31
56,102,2.606482837515815e-31
56,103,7.315653016412429e-31
56,104,6.24780493360877e-31
56,105,7.919413040283026e-31
56,106,1.1934327771495894e-30
56,107,1.4100043967896862e-31
56,108,5.165673300384907e-31
56,109,1.4826558176646037e-30
56,110,1.1073929308355314e-30
56,111,8.847095825063305e-31
56,112,6.357173931685748e-31
56,113,2.7746525975108056e-31
56,114,3.1062784609545042e-31
56,115,8.335218815830311e-31
56,116,1.4713190721820318e-30
56,117,3.640123979211305e-31
56,118,6.063716359416944e-32
56,119,1.6426533719246716e-30
56,120,5.158752246013025e-31
56,121,3.0431697872622194e-31
56,122,8.57710156423435e-31
56,123,4.290026922290615e-31
56,124,1.9478784429481575e-30
56,125,6.181575759295766e-31
56,126,5.571401399708072e-31
56,127,4.593607574793688e-31
56,128,5.896152817376597e-31
56,129,7.633312684153836e-31
56,130,4.5617950387602895e-16
56,131,7.944996693300642e-31
56,132,1.7222805767484692e-30
56,133,7.403591345583467e-32
56,134,7.273403589781856e-31
56,135,6.454768371595843e-31
56,136,7.266632099429978e-31
56,137,4.8348357345881576e-31
56,138,5.121042566072788e-31
56,139,1.3018807866695062e-16
56,140,8.887553578432468e-31
56,141,3.9296533576266986e-31
56,142,1.2178916125831109e-30
56,143,3.038171836495145e-31
56,144,1.0892066749842397e-30
56,145,1.1133241403021222e-30
56,146,8.199833264440507e-31
56,147,6.776189903257407e-31
56,148,2.8022301673109168e-31
56,149,1.4844929300648792e-30
57,58,9.1897807579533e-16
57,59,3.4046705479538924e-30
57,60,5.38781750663742e-30
57,61,1.7181875475836478e-30
57,62,2.1569698509538775e-32
57,63,3.983612540141696e-30
57,64,2.4030676632647377e-30
57,65,2.0882962115561495e-30
57,66,6.418177510946399e-30
57,67,1.5109084480016255e-29
57,68,5.179875098613998e-30
57,69,2.1571100246659167e-32
57,70,4.572633703617942e-30
57,71,7.708286249244735e-30
57,72,5.806254376808652e-30
57,73,5.076962558527466e-30
57,74,3.852175339598226e-30
57,75,1.9133934311606163e-30
57,76,2.7240698064874562e-30
57,77,6.363403133290898e-30
57,78,3.851424119507218e-30
57,79,1.157555670294684e-30
57,80,1.6963970991837405e-30
57,81,2.7861493755834802e-30
57,82,2.1569608462740342e-30
57,83,6.041470433562854e-30
57,84,9.553556684887837e-30
57,85,4.4565169901176654e-30
57,86,5.945219029133126e-16
57,87,3.4764268150022044e-30
57,88,4.320607416241231e-30
57,89,2.4466418689443048e-30
57,90,2.5972170712265278e-30
57,91,1.1245059221180658e-29
57,92,1.0761207006212757e-30
57,93,4.774399451295745e-30
57,94,2.6574225214351405e-30
57,95,5.6250872200687154e-30
57,96,3.1471086038415507e-30
57,97,2.9877866636001202e-30
57,98,3.3472264049530784e-30
57,99,3.1038870673325666e-30
57,100,2.2774655706628115e-30
57,101,2.6779858787855482e-30
57,102,9.652109749497388e-31
57,103,4.0432630634461685e-30
57,104,4.6363763289818095e-30
57,105,5.704613233590941e-30
57,106,8.495598448236509e-30
57,107,6.6151109632389606e-31
57,108,3.337914228106313e-30
57,109,4.3798933806407387e-16
57,110,4.975590664250551e-30
57,111,4.112044001943102e-30
57,112,5.057934094111536e-30
57,113,1.9205590568736883e-30
57,114,2.4684372578505188e-30
57,115,4.278863273026221e-30
57,116,1.1849073082548993e-29
57,117,2.5141193849053294e-30
57,118,2.1566967119538573e-32
57,119,1.2013519587622489e-29
57,120,2.2183107175039843e-30
57,121,1.5023846392907877e-30
57,122,5.472182983634682e-30
57,123,2.8052831752097506e-30
57,124,1.5701553680393775e-29
57,125,4.027432743372228e-30
57,126,4.2773806876889284e-30
57,127,1.8176320086643165e-30
57,128,1.278646660579804e-30
57,129,4.7341040458000134e-30
57,130,4.611135165291692e-16
57,131,8.907060599345385e-31
57,132,1.291090479685223e-29
57,133,5.947576017285004e-31
57,134,3.276853076386787e-30
57,135,1.994304542451312e-30
57,136,3.199909188705437e-30
57,137,2.843626108589589e-30
57,138,1.5757518522158816e-30
57,139,3.8056527931213385e-16
57,140,4.020431150962993e-30
57,141,2.3155157891932645e-30
57,142,6.034906752860599e-30
57,143,2.0043447338904833e-30
57,144,4.3296866998839385e-30
57,145,6.745886333499836e-30
57,146,5.928802348996231e-30
57,147,1.194987040442387e-30
57,148,2.1493329976032055e-30
57,149,7.497611396889673e-30
58,59,6.401601192856249e-16
58,60,1.366803587226631e-16
58,61,5.594498250997529e-30
58,62,6.231619015315309e-31
58,63,6.123549298994766e-16
58,64,1.5407643361692164e-29
58,65,5.526363335711557e-30
58,66,1.2383922708982719e-29
58,67,2.80660889198045e-16
58,68,1.3759146025459188e-29
58,69,6.232023985820113e-31
58,70,9.884453757285337e-16
58,71,5.469112969129729e-16
58,72,1.2490009027033378e-16
58,73,7.82996608899398e-16
58,74,1.2853330797728542e-29
58,75,1.0194548120834293e-29
58,76,9.853969094046309e-30
58,77,1.1382564879965837e-29
58,78,7.145803759550372e-30
58,79,9.596079435872047e-30
58,80,1.1522917668833108e-29
58,81,4.440910362619069e-16
58,82,4.866160245788747e-30
58,83,3.3801744622248595e-16
58,84,1.880588415037633e-29
58,85,6.661411783328252e-16
58,86,5.367234372977741e-16
58,87,1.92589098223388e-29
58,88,9.04762652856e-16
58,89,3.5760557644884596e-16
58,90,4.958275482309365e-16
58,91,9.259979262880813e-16
58,92,2.9096262617904262e-30
58,93,2.0064291218624156e-16
58,94,4.378649447512862e-30
58,95,6.206335383118064e-17
58,96,4.447687424101384e-30
58,97,3.9080205294996536e-16
58,98,2.452287966311498e-16
58,99,1.2417821440830463e-16
58,100,3.646895471232727e-30
58,101,5.910552918521826e-30
58,102,2.0913574789217063e-30
58,103,6.804172803267001e-30
58,104,8.491486029262412e-30
58,105,2.3946882137454964e-16
58,106,1.535275905434943e-29
58,107,1.8931036564858385e-30
58,108,6.15146834232487e-30
58,109,9.376018903020836e-16
58,110,2.60763042049715e-16
58,111,1.0587518668165512e-29
58,112,9.128128002012953e-30
58,113,3.338282837695152e-30
58,114,4.7423007782470374e-30
58,115,9.181106954182728e-30
58,116,7.607054194502466e-16
58,117,4.5187401769520575e-30
58,118,6.230829899887664e-31
58,119,1.9835908357575678e-29
58,120,4.407036737334537e-30
58,121,3.284862500178224e-30
58,122,7.791270297814269e-30
58,123,5.6435812009848646e-30
58,124,3.849054075054438e-16
58,125,9.003833206843777e-30
58,126,6.901201032116216e-30
58,127,6.140236997370688e-30
58,128,6.532587666791409e-30
58,129,3.5553183032929554e-16
58,130,1.8002784654895273e-15
58,131,8.613677453419814e-30
58,132,4.0354604924357054e-16
58,133,1.0813021459189757e-30
58,134,9.942735240150376e-16
58,135,1.1102235540206357e-16
58,136,7.288646422044664e-30
58,137,4.6370517822086276e-30
58,138,2.4356036531559183e-16
58,139,1.3330835125086652e-15
58,140,1.2778721504200942e-29
58,141,6.333185753188338e-30
58,142,1.6897310858696047e-16
58,143,3.5577801193830615e-30
58,144,9.626062327122572e-30
58,145,1.1468846441726515e-29
58,146,1.388239490232519e-16
58,147,6.932185812171821e-30
58,148,3.9313619284886004e-16
58,149,7.137824561032206e-16
59,60,6.086232207162851e-30
59,61,2.01860837969703e-30
59,62,2.2202662742159674e-31
59,63,2.47419412893953e-30
59,64,5.382682955614225e-30
59,65,1.7670580369720468e-30
59,66,3.101475169597392e-30
59,67,9.769430088336116e-30
59,68,4.002490200346016e-30
59,69,2.2204105613348785e-31
59,70,2.214662442407208e-30
59,71,3.8385385128009244e-30
59,72,2.5372394646453565e-30
59,73,2.8151717876544418e-30
59,74,4.1057565987518385e-30
59,75,3.952114523785811e-30
59,76,3.022180169250073e-30
59,77,3.3594707397823835e-30
59,78,2.4506535384460096e-30
59,79,3.331672617449102e-30
59,80,4.022388741500637e-30
59,81,1.9786696876357755e-30
59,82,1.434962699321338e-30
59,83,4.289181800889921e-30
59,84,4.5285762155502465e-30
59,85,2.9864281707217905e-30
59,86,1.3563740626785021e-15
59,87,6.744964334926046e-30
59,88,2.080164108887625e-30
59,89,2.916997228727496e-30
59,90,1.031513882959813e-29
59,91,5.214213341850343e-30
59,92,1.0278589262904985e-30
59,93,3.7220525269210575e-30
59,94,1.1615072171485162e-30
59,95,3.206428811623949e-30
59,96,1.4940702853688118e-30
59,97,2.979687407814564e-16
59,98,2.876585299354001e-30
59,99,3.329784269166455e-30
59,100,9.65734944202497e-31
59,101,1.8548175426610245e-30
59,102,7.6707079888219e-31
59,103,1.9042359601900098e-30
59,104,2.228565601309893e-30
59,105,3.4886362060052445e-30
59,106,3.909162344976515e-30
59,107,6.130088565717483e-31
59,108,1.5759921228406177e-30
59,109,4.038605794821342e-16
59,110,3.936523227293986e-30
59,111,3.5735175622676074e-30
59,112,2.3049628011847177e-30
59,113,8.523964149737205e-31
59,114,1.291476415036412e-30
59,115,2.9639531902354483e-30
59,116,5.726695446371922e-30
59,117,1.3372672157408293e-30
59,118,2.219985119933885e-31
59,119,5.0637795612072924e-30
59,120,1.3701895245872557e-30
59,121,1.072890520912458e-30
59,122,2.3829753900460674e-30
59,123,1.3882889511155718e-30
59,124,7.781677688688482e-30
59,125,2.6398661944509898e-30
59,126,1.8229292898377257e-30
59,127,1.9603949663059895e-30
59,128,2.376979723808194e-30
59,129,2.9549719326979576e-30
59,130,8.532617920416059e-16
59,131,3.06801933956011e-30
59,132,5.865670648630843e-30
59,133,2.875379222477908e-31
59,134,2.7305176711227357e-30
59,135,2.453099189617795e-30
59,136,2.4696425959965016e-30
59,137,1.2992819724484106e-30
59,138,1.8782005400673556e-30
59,139,6.768023141314884e-16
59,140,4.0393695160844374e-30
59,141,1.9145307471270664e-30
59,142,5.0285048697556845e-30
59,143,9.99758907864613e-31
59,144,3.557942591761446e-30
59,145,3.8544993589190825e-30
59,146,3.618909920846698e-30
59,147,2.467436549279523e-30
59,148,9.403429633595071e-31
59,149,6.397774583752993e-30
60,61,2.9885363444882115e-30
60,62,2.8876443138114273e-31
60,63,3.0263688009381472e-30
60,64,6.920707616488865e-30
60,65,2.1845845975584688e-30
60,66,5.012974257069857e-30
60,67,1.0302413602635536e-29
60,68,3.8391079118192064e-30
60,69,2.887831971428587e-31
60,70,3.3097192101857994e-30
60,71,5.595863140282467e-30
60,72,4.464751016546523e-30
60,73,4.388510529624819e-30
60,74,4.0319933251463506e-30
60,75,4.860735165498315e-30
60,76,2.4404360012883815e-30
60,77,4.796099023400158e-30
60,78,4.044098378726558e-30
60,79,3.839445482669739e-30
60,80,4.5913538907963905e-30
60,81,2.8526857695100433e-30
60,82,1.5111526007226587e-30
60,83,4.153905069771707e-30
60,84,7.776513560380978e-30
60,85,3.768344203433249e-30
60,86,3.171651437465525e-16
60,87,9.5554767137799e-30
60,88,3.895209324105957e-30
60,89,3.387548353840832e-30
60,90,1.3935743609594943e-29
60,91,8.628662433764768e-30
60,92,1.4795166259754086e-30
60,93,3.683469556867773e-30
60,94,2.7042050024373746e-30
60,95,4.254182114636679e-30
60,96,2.538480658641063e-30
60,97,4.106883529450327e-30
60,98,4.961834175499894e-30
60,99,4.22562251037992e-30
60,100,2.1729883133099436e-30
60,101,1.791305917212016e-30
60,102,1.255442685330853e-30
60,103,3.3589843749475804e-30
60,104,3.636767360299051e-30
60,105,4.344107436874471e-30
60,106,6.758119073894575e-30
60,107,5.988671048533661e-31
60,108,2.6469991348397607e-30
60,109,1.1806319482591773e-16
60,110,3.6482041215214565e-30
60,111,4.354621624131549e-30
60,112,4.169255016699529e-30
60,113,1.680844619515748e-30
60,114,1.7597505551376714e-30
60,115,4.595983047103382e-30
60,116,8.631816537449607e-30
60,117,2.2384770089943467e-30
60,118,2.8872786488579094e-31
60,119,1.0755115695185798e-29
60,120,1.9520707799258903e-30
60,121,1.6849632391638235e-30
60,122,5.1696928335315726e-30
60,123,2.1743621985463393e-30
60,124,1.1546458241208093e-29
60,125,3.522546752499369e-30
60,126,3.4976595969183474e-30
60,127,1.8847044439101326e-30
60,128,2.761219878474086e-30
60,129,3.358275266349882e-30
60,130,4.929003918336435e-16
60,131,3.7422775684337034e-30
60,132,9.863693936923166e-30
60,133,4.395881834070751e-31
60,134,3.6227242008678715e-30
60,135,3.1765549968814394e-30
60,136,2.904080479530161e-30
60,137,3.0170266222404217e-30
60,138,2.0386641753458498e-30
60,139,6.96279193464001e-16
60,140,3.7044573563057145e-30
60,141,1.6787982542581763e-30
60,142,5.4979074755575046e-30
60,143,1.891733689674078e-30
60,144,5.893918580048628e-30
60,145,5.97844174643797e-30
60,146,4.3346339768454594e-30
60,147,3.275675888580512e-30
60,148,1.7696321188685553e-30
60,149,5.6702213351678275e-30
61,62,9.036292998420103e-32
61,63,1.051425676483468e-30
61,64,2.1512903439298862e-30
61,65,8.141085834620889e-31
61,66,1.4375066079517262e-30
61,67,2.6298061331176224e-30
61,68,1.0871324071268748e-30
61,69,9.036880234598717e-32
61,70,9.56063647708702e-31
61,71,1.6848318992604034e-30
61,72,1.4304280429720237e-30
61,73,1.2855158973292036e-30
61,74,1.5370211333927445e-30
61,75,1.5991642906043923e-30
61,76,1.0250499922853871e-30
61,77,1.5242948881937731e-30
61,78,1.65917069607467e-30
61,79,1.4594102336905647e-30
61,80,1.4445976863571355e-30
61,81,1.1030942172414294e-30
61,82,4.865433058370953e-31
61,83,1.3112389319045957e-30
61,84,2.2602474136097104e-30
61,85,1.5148327392982506e-30
61,86,5.08010445313763e-16
61,87,2.9517689630518264e-30
61,88,1.4423731402070279e-30
61,89,1.0762216393068565e-30
61,90,4.365976841504727e-30
61,91,2.4690512233434905e-30
61,92,4.8875936029704795e-31
61,93,9.442573722721632e-31
61,94,9.263234249930098e-31
61,95,1.2914058540239924e-30
61,96,1.0585883819536146e-30
61,97,1.388744479569685e-30
61,98,1.7354492090693544e-30
61,99,1.3098224074935174e-30
61,100,7.170042984760351e-31
61,101,6.940911869158284e-31
61,102,5.109760615945736e-31
61,103,1.1739848466700854e-30
61,104,1.1224163814696152e-30
61,105,1.4956964837536283e-30
61,106,2.0718638602037216e-30
61,107,1.7971644112273425e-31
61,108,8.451572073174629e-31
61,109,2.3255882420609316e-30
61,110,1.0024011736516292e-30
61,111,1.5592957698602775e-30
61,112,1.2403157876436305e-30
61,113,5.86748024581687e-31
61,114,5.046898702178533e-31
61,115,1.59010854975446e-30
61,116,2.8065047692644986e-30
61,117,7.340655378610815e-31
61,118,9.035148724645304e-32
61,119,3.4261840302127716e-30
61,120,6.969555748306956e-31
61,121,5.145352884458324e-31
61,122,1.8958236669156572e-30
61,123,7.470259360938985e-31
61,124,3.396036784737554e-30
61,125,1.1462651342519244e-30
61,126,1.1645308380015275e-30
61,127,5.592390794721519e-31
61,128,8.632460050567083e-31
61,129,8.7432884931659e-31
61,130,5.497103032870066e-16
61,131,1.364166191109903e-30
61,132,3.1149450178194254e-30
61,133,1.3114437494420957e-31
61,134,1.1865692664310285e-30
61,135,1.2951404226044335e-30
61,136,9.083812605452882e-31
61,137,1.0073587291675292e-30
61,138,6.044658386592791e-31
61,139,2.2207170832518387e-16
61,140,8.632042986525747e-31
61,141,6.133223998672996e-31
61,142,1.8673362463819696e-30
61,143,6.212356838066689e-31
61,144,2.3933345512296343e-30
61,145,2.466147710335103e-30
61,146,1.0881430790345691e-30
61,147,1.0409258106957008e-30
61,148,5.659466400992717e-31
61,149,1.7586925441966562e-30
62,63,8.172725735686587e-32
62,64,2.395327538321873e-31
62,65,6.661227925396713e-32
62,66,2.3284179892412303e-32
62,67,2.156613297541911e-31
62,68,8.118144894348344e-32
62,69,9.982987338452918e-33
62,70,3.9704827907085433e-32
62,71,8.78575658340418e-32
62,72,5.350369068357786e-32
62,73,1.1259993310611953e-31
62,74,1.474903719824613e-31
62,75,1.6505947963625565e-31
62,76,8.534975450643627e-32
62,77,9.78477994846708e-32
62,78,1.1003674118003882e-31
62,79,1.363130141416981e-31
62,80,1.664325401988099e-31
62,81,8.81629842816621e-32
62,82,4.8766461201363843e-32
62,83,1.3378816542397145e-31
62,84,9.174328157947908e-32
62,85,1.2121718359466506e-31
62,86,5.3261134592191305e-31
62,87,3.2006926371777696e-31
62,88,9.2432227037418e-32
62,89,1.1400128319628361e-31
62,90,4.721371126475783e-31
62,91,5.321545321592263e-32
62,92,4.7061160384448235e-32
62,93,1.0462330570821994e-31
62,94,5.743743451143336e-32
62,95,8.343905824407049e-32
62,96,6.36248514921828e-32
62,97,1.418314723342735e-31
62,98,1.464040675554169e-31
62,99,1.4650313983840303e-31
62,100,3.327726563835105e-32
62,101,6.609073098313909e-32
62,102,3.507731790654881e-32
62,103,3.037784840369405e-32
62,104,5.763478768074778e-32
62,105,1.141529591520109e-31
62,106,5.237822247932209e-32
62,107,2.218484375890071e-32
62,108,3.637015402708068e-32
62,109,2.2046898714349738e-31
62,110,1.2320855038440517e-31
62,111,1.460945335809701e-31
62,112,3.7718312265948935e-32
62,113,3.0409475531889096e-32
62,114,1.1092421879450351e-32
62,115,1.3325522029437603e-31
62,116,1.169851231263938e-31
62,117,5.690359042978769e-32
62,118,9.981074549803232e-33
62,119,1.4558844983170547e-31
62,120,5.334174875632846e-32
62,121,4.866780348105301e-32
62,122,1.1428393339719997e-31
62,123,3.882966605226112e-32
62,124,4.0944411589886523e-32
62,125,1.0060870977561932e-31
62,126,4.2238684114207196e-32
62,127,6.954913135799438e-32
62,128,9.747376971009184e-32
62,129,5.970232670864736e-32
62,130,6.555451381997728e-31
62,131,1.3053856939611273e-31
62,132,7.692556585558864e-32
62,133,0.0
62,134,1.1900144887087298e-31
62,135,1.0434594742902217e-31
62,136,9.063643982341382e-32
62,137,5.546210939725174e-32
62,138,7.367019694613563e-32
62,139,2.281632827108192e-31
62,140,1.2214262588115871e-31
62,141,5.92173282057178e-32
62,142,1.9624130235533969e-31
62,143,4.456424493703504e-32
62,144,1.6294207069371219e-31
62,145,1.6027134214015295e-31
62,146,7.083642671963083e-32
62,147,1.1147746022547608e-31
62,148,2.2184843758900703e-32
62,149,2.0881012341403903e-31
63,64,2.0076027123372574e-30
63,65,1.1638406420724219e-30
63,66,3.494796496689912e-30
63,67,8.390813629418798e-30
63,68,3.1071022160020484e-30
63,69,8.173256851735028e-32
63,70,2.448998307734594e-30
63,71,4.06678251039082e-30
63,72,3.0244262827700456e-30
63,73,2.7300033424551897e-30
63,74,2.2336460400187412e-30
63,75,1.3051375389877644e-30
63,76,1.7769302682419048e-30
63,77,3.4750210789660205e-30
63,78,2.014559334705357e-30
63,79,1.2181786525157103e-30
63,80,1.6006209396389382e-30
63,81,1.4550927685304597e-30
63,82,1.1887607332243806e-30
63,83,3.3852318204844854e-30
63,84,5.136891170894749e-30
63,85,2.4526791821115153e-30
63,86,2.7590284712540293e-16
63,87,2.624661789752395e-30
63,88,2.4060021287419805e-30
63,89,1.4391714551765153e-30
63,90,3.819674892713194e-30
63,91,5.858912880005455e-30
63,92,5.72617422258861e-31
63,93,2.942464787171131e-30
63,94,1.420250490385632e-30
63,95,3.1333470982243317e-30
63,96,1.6415338697490936e-30
63,97,1.1776971115327642e-16
63,98,1.9242510410834022e-30
63,99,1.8057180811299805e-30
63,100,1.2121971339253418e-30
63,101,1.441940781747708e-30
63,102,5.017323506636396e-31
63,103,2.175380042556528e-30
63,104,2.4865635910004382e-30
63,105,3.1095298772102433e-30
63,106,4.5711134610938395e-30
63,107,3.8336307845899287e-31
63,108,1.8192381571063986e-30
63,109,3.131740449301636e-16
63,110,2.8666808195616696e-30
63,111,2.2214774223397406e-30
63,112,2.7644563920441973e-30
63,113,1.0279854307708262e-30
63,114,1.3427630301963283e-30
63,115,2.1677450447747534e-30
63,116,6.400317959878276e-30
63,117,1.340783346608089e-30
63,118,8.171690816198074e-32
63,119,6.472733740515975e-30
63,120,1.2602500079501071e-30
63,121,8.159520302561063e-31
63,122,2.8316624360079035e-30
63,123,1.519696948087339e-30
63,124,8.51558433974427e-30
63,125,2.190608484659941e-30
63,126,2.256752435922008e-30
63,127,1.1565902441708147e-30
63,128,9.684731173660851e-31
63,129,2.631046101113571e-30
63,130,4.510281037539693e-16
63,131,1.0936934973882834e-30
63,132,6.809405150142408e-30
63,133,3.206998956057247e-31
63,134,1.701546857492084e-30
63,135,1.0757264831780728e-30
63,136,1.8121597793908777e-30
63,137,1.522733614688837e-30
63,138,9.707300283146792e-31
63,139,8.183262666721602e-16
63,140,2.521180290211438e-30
63,141,1.3281055081557822e-30
63,142,3.249857097602579e-30
63,143,1.0801102431539448e-30
63,144,2.422903566510326e-30
63,145,3.4571621946091934e-30
63,146,3.288764226916838e-30
63,147,9.081616871025384e-31
63,148,1.1467335259401037e-30
63,149,6.0361533868567404e-21
64,65,1.5827714964239475e-30
64,66,2.417991056511535e-30
64,67,7.166110445653727e-30
64,68,2.868022446392947e-30
64,69,2.3954832020426465e-31
64,70,1.6509161029891092e-30
64,71,2.7992645430203215e-30
64,72,1.9609349812042264e-30
64,73,2.7010926422347394e-30
64,74,3.633966685660867e-30
64,75,3.924226901154016e-30
64,76,2.31293607063208e-30
64,77,2.367533040950328e-30
64,78,2.6239046711870648e-30
64,79,3.27760952045545e-30
64,80,4.029718921452905e-30
64,81,2.1177598613211368e-30
64,82,1.2475996746825972e-30
64,83,3.529887839573071e-30
64,84,3.72577690514131e-30
64,85,2.936028797401446e-30
64,86,1.1102230246251514e-16
64,87,7.697068522689619e-30
64,88,2.225486241829402e-30
64,89,2.721219546051728e-30
64,90,1.1311893939445192e-29
64,91,4.30159432567885e-30
64,92,1.1263951741346793e-30
64,93,2.7984827908730224e-30
64,94,1.483378036600346e-30
64,95,2.2009893933301717e-30
64,96,1.513417251881623e-30
64,97,3.414223873224171e-30
64,98,3.525098908726014e-30
64,99,3.5412986349574354e-30
64,100,1.062749270997423e-30
64,101,1.6867350211999353e-30
64,102,8.409917452302553e-31
64,103,1.4572053597417914e-30
64,104,1.7228175813844707e-30
64,105,2.765143368464158e-30
64,106,3.1084143447558517e-30
64,107,5.527614994195679e-31
64,108,1.1761990296153351e-30
64,109,5.495183170885207e-30
64,110,3.242670169449154e-30
64,111,3.5030559226509676e-30
64,112,1.945803730775982e-30
64,113,7.989442559690367e-31
64,114,8.999419047212053e-31
64,115,3.185857307439247e-30
64,116,3.976625084943386e-30
64,117,1.3716609506208495e-30
64,118,2.395024215877079e-31
64,119,5.087115303971435e-30
64,120,1.2837190139871996e-30
64,121,1.1713532620257711e-30
64,122,2.868007359204421e-30
64,123,1.0053573560569711e-30
64,124,5.592778495917604e-30
64,125,2.4137943213880465e-30
64,126,1.5711936473026884e-30
64,127,1.7342340224731846e-30
64,128,2.3444749017662057e-30
64,129,2.132427996350372e-30
64,130,3.4113680084329393e-16
64,131,3.123978074272583e-30
64,132,4.475844711779473e-30
64,133,2.084564508393378e-31
64,134,2.8627347578674208e-30
64,135,2.497324141785342e-30
64,136,2.1656134661239745e-30
64,137,1.581578718913458e-30
64,138,1.794889900131842e-30
64,139,7.295482321861239e-30
64,140,3.337979546075688e-30
64,141,1.5388756787841155e-30
64,142,4.780303938817232e-30
64,143,1.0873279529684388e-30
64,144,3.898778300886262e-30
64,145,3.7979810642100494e-30
64,146,2.6719944403653473e-30
64,147,2.672431197080244e-30
64,148,8.036166485831524e-31
64,149,5.3562059329085294e-30
65,66,2.0955604202743345e-30
65,67,4.613343689554893e-30
65,68,1.9471641150842683e-30
65,69,6.66166081463929e-32
65,70,1.4546051986555856e-30
65,71,2.3265335177177373e-30
65,72,1.704262138899112e-30
65,73,1.6632998295533632e-30
65,74,1.4889004558215576e-30
65,75,1.2077275647129744e-30
65,76,1.32608169704205e-30
65,77,1.935817317835377e-30
65,78,1.179372448006892e-30
65,79,1.1362020017175097e-30
65,80,1.1780642847636813e-30
65,81,8.008137891525356e-31
65,82,6.408522382550253e-31
65,83,1.7209576649412136e-30
65,84,3.1401352140453327e-30
65,85,1.1916118448315663e-30
65,86,1.2719202621569262e-16
65,87,2.0759963089103758e-30
65,88,1.232729429389293e-30
65,89,8.879010185134854e-31
65,90,3.17033892874451e-30
65,91,3.643363116243723e-30
65,92,3.7007390046413247e-31
65,93,1.6298951410805633e-30
65,94,8.719722493881478e-31
65,95,1.7762754007872523e-30
65,96,8.37645408863437e-31
65,97,1.1017638419596022e-30
65,98,1.242604832537408e-30
65,99,9.378819279566633e-31
65,100,7.401049639614196e-31
65,101,6.633852027210022e-31
65,102,3.6201132858209644e-31
65,103,1.2024386402981784e-30
65,104,1.4436743486351897e-30
65,105,1.6794386631690932e-30
65,106,2.6677910848396317e-30
65,107,2.0748962980203913e-31
65,108,9.759146624546385e-31
65,109,2.0332532574561422e-30
65,110,1.58922418089297e-30
65,111,1.2441308242623174e-30
65,112,1.667857331066305e-30
65,113,6.108217311464488e-31
65,114,7.448570757468526e-31
65,115,1.3816004664543926e-30
65,116,3.544277566827777e-30
65,117,7.760606566933047e-31
65,118,6.660384408212805e-32
65,119,3.915870577898411e-30
65,120,6.703996563812757e-31
65,121,5.266646909308579e-31
65,122,1.6544770377564377e-30
65,123,8.715659402733712e-31
65,124,4.8259391574976956e-30
65,125,1.2734213205780937e-30
65,126,1.2939598819769904e-30
65,127,7.879756034163984e-31
65,128,6.679411993074107e-31
65,129,1.454580329126608e-30
65,130,4.878984946956266e-16
65,131,1.013076854835123e-30
65,132,3.840748911087902e-30
65,133,1.803131275350787e-31
65,134,1.0333444173167749e-30
65,135,8.934101947760682e-31
65,136,1.0544746596162801e-30
65,137,9.641962716271528e-31
65,138,7.069997252236044e-31
65,139,3.6177584011747435e-30
65,140,1.3870982800582592e-30
65,141,8.01477458700106e-31
65,142,1.7647254512680628e-30
65,143,6.516672359770107e-31
65,144,1.6355789051501314e-30
65,145,1.9360400514903004e-30
65,146,1.9860203614422025e-30
65,147,7.5208524217800355e-31
65,148,6.656408785209745e-31
65,149,2.62816734885534e-30
66,67,1.3639905656150452e-29
66,68,5.0489647111634205e-30
66,69,2.3285693047510816e-32
66,70,4.2094867849405856e-30
66,71,6.98273238912769e-30
66,72,5.118486227542412e-30
66,73,4.7677791717942454e-30
66,74,3.657784853670126e-30
66,75,1.6354983127522576e-30
66,76,2.8692235582168185e-30
66,77,5.7729609928099874e-30
66,78,3.3216637612274875e-30
66,79,1.2024051089762752e-30
66,80,1.5282876655523099e-30
66,81,2.2062990876693527e-30
66,82,1.9342185584137955e-30
66,83,5.148088823798935e-30
66,84,9.108390742400051e-30
66,85,3.728179208230307e-30
66,86,2.0770370905276277e-16
66,87,3.2182161208241166e-30
66,88,3.547618445346325e-30
66,89,2.3665069246070703e-30
66,90,2.6554282340685738e-30
66,91,1.062185409341526e-29
66,92,9.881191335500207e-31
66,93,4.4506203396954925e-30
66,94,2.456149056326522e-30
66,95,5.204749006546282e-30
66,96,2.5342964303606973e-30
66,97,2.929504191346985e-30
66,98,3.0088299000375376e-30
66,99,2.5865992540474647e-30
66,100,2.097119032974184e-30
66,101,2.1829960980984875e-30
66,102,7.44835147332469e-31
66,103,3.6380519603561904e-30
66,104,4.264260310011983e-30
66,105,5.103581165024768e-30
66,106,7.875271672982439e-30
66,107,5.9487909582438826e-31
66,108,2.945278872073707e-30
66,109,4.096929716125837e-30
66,110,4.570258937869078e-30
66,111,3.7234762665091065e-30
66,112,4.810361221308837e-30
66,113,1.7790439262483455e-30
66,114,2.2411638486523797e-30
66,115,3.97445595182142e-30
66,116,1.0634778530221136e-29
66,117,2.2885201297068986e-30
66,118,2.3281231396118164e-32
66,119,1.1243775581148684e-29
66,120,2.0011298377877924e-30
66,121,1.4781819082044628e-30
66,122,4.6854166595575716e-30
66,123,2.5266322734238963e-30
66,124,1.4396715222354728e-29
66,125,3.7543116289670844e-30
66,126,3.8368230796013106e-30
66,127,1.8546241982569748e-30
66,128,1.1443867413636092e-30
66,129,4.320213486495838e-30
66,130,3.6188843062237416e-16
66,131,6.619277412376519e-31
66,132,1.1577507281234111e-29
66,133,5.414268308240808e-31
66,134,3.0145034169901562e-30
66,135,1.7611261733884787e-30
66,136,3.0028470995304825e-30
66,137,2.629737792864191e-30
66,138,1.6957815623791993e-30
66,139,1.1154192028663176e-29
66,140,3.568024403463824e-30
66,141,2.1843502744484693e-30
66,142,5.336624164137523e-30
66,143,1.8774935997562985e-30
66,144,3.537985505444171e-30
66,145,5.616256568256646e-30
66,146,5.622433543856723e-30
66,147,1.1035372802182585e-30
66,148,1.966273546081016e-30
66,149,2.6013811066757977e-21
67,68,1.2727847249491995e-29
67,69,2.1567534480828266e-31
67,70,9.864983247268853e-30
67,71,1.6572588279997208e-29
67,72,1.1858738259348796e-29
67,73,1.0800580388451508e-29
67,74,9.559925554751136e-30
67,75,4.377557010864716e-30
67,76,7.31248466569633e-30
67,77,1.361328480538895e-29
67,78,7.38345083652194e-30
67,79,4.196572304537936e-30
67,80,6.045922477074976e-30
67,81,5.560882176238415e-30
67,82,4.892804327070006e-30
67,83,1.3701581389414393e-29
67,84,2.0097441944293947e-29
67,85,9.304600187178734e-30
67,86,7.986739226012186e-16
67,87,8.389701853807235e-30
67,88,8.114663536501058e-30
67,89,5.497530863353875e-30
67,90,9.539927559555908e-30
67,91,2.3923607184172025e-29
67,92,2.2473650390967954e-30
67,93,1.1007775123125876e-29
67,94,5.1171924371411094e-30
67,95,1.2180126870154797e-29
67,96,6.1937302310075636e-30
67,97,7.424292301886895e-16
67,98,6.242885938221536e-30
67,99,6.982248066794078e-30
67,100,4.341944511291548e-30
67,101,6.0419418727262566e-30
67,102,1.6096786962940287e-30
67,103,7.980058216212958e-30
67,104,9.733877300004823e-30
67,105,1.221868580094102e-29
67,106,1.7550583128809353e-29
67,107,1.6075372889661766e-30
67,108,6.692768652841966e-30
67,109,3.12500696387361e-16
67,110,1.1687508998529051e-29
67,111,9.157414137532364e-30
67,112,1.0510248513512088e-29
67,113,3.869568617050136e-30
67,114,5.3554904608734e-30
67,115,8.823121465648841e-30
67,116,2.504814373451262e-29
67,117,5.2079598253750935e-30
67,118,2.1563402036925647e-31
67,119,2.3842066030253623e-29
67,120,4.6792963346522844e-30
67,121,3.1849675932131854e-30
67,122,1.0413724793376744e-29
67,123,5.7834212710259605e-30
67,124,3.356710529697442e-29
67,125,8.669094962934996e-30
67,126,8.558213946839522e-30
67,127,4.788376122422851e-30
67,128,3.496007765494717e-30
67,129,1.0652516138758295e-29
67,130,7.248404575000159e-16
67,131,3.2009419761333644e-30
67,132,2.6570571778120566e-29
67,133,1.2591837790313491e-30
67,134,7.15443606753618e-30
67,135,4.0517265726388826e-30
67,136,7.071468361766614e-30
67,137,5.210164503380423e-30
67,138,4.439375394004815e-30
67,139,1.1386765066559045e-15
67,140,1.0634019569657108e-29
67,141,5.5105898056888444e-30
67,142,1.3965309941659629e-29
67,143,4.0871152413800825e-30
67,144,7.042140786702763e-30
67,145,1.3277568925749026e-29
67,146,1.346968535449592e-29
67,147,3.0739031143273295e-30
67,148,4.359454446429031e-30
67,149,3.4202756658885185e-21
68,69,8.118672463384233e-32
68,70,3.6007368613858864e-30
68,71,5.760223386193183e-30
68,72,3.999162356145059e-30
68,73,3.915797572128281e-30
68,74,3.8418436768023784e-30
68,75,1.7235937546529888e-30
68,76,3.287391545940904e-30
68,77,4.9376196487093276e-30
68,78,2.524506283868436e-30
68,79,2.012576554537011e-30
68,80,2.4342965969180164e-30
68,81,1.763841272109922e-30
68,82,1.740150646990086e-30
68,83,4.88985971625178e-30
68,84,7.366603834519679e-30
68,85,3.211144943801302e-30
68,86,1.2569796856130682e-29
68,87,3.097649954083519e-30
68,88,2.6599967823530206e-30
68,89,2.239875924174559e-30
68,90,3.620067000916606e-30
68,91,8.590975144539353e-30
68,92,8.165993093508955e-31
68,93,4.358383467582881e-30
68,94,1.7817972762056273e-30
68,95,4.572815349676465e-30
68,96,1.948797789380115e-30
68,97,2.912245644135076e-30
68,98,2.115277519055058e-30
68,99,2.400191380548009e-30
68,100,1.4717299520436351e-30
68,101,2.003363791849201e-30
68,102,4.2559026951987215e-31
68,103,2.7870303134718027e-30
68,104,3.447739429927825e-30
68,105,4.433004226582537e-30
68,106,6.283093782057911e-30
68,107,5.971915716723209e-31
68,108,2.3178209297297434e-30
68,109,4.779624974365618e-30
68,110,4.283235601119168e-30
68,111,3.4025567669828514e-30
68,112,3.904618172158698e-30
68,113,1.4251399409459705e-30
68,114,1.9171229459105754e-30
68,115,3.0776236935872597e-30
68,116,8.885393598919084e-30
68,117,1.825079978244876e-30
68,118,8.117116886480047e-32
68,119,8.568304730148033e-30
68,120,1.7501980703374396e-30
68,121,1.2231394702727705e-30
68,122,3.227263268149748e-30
68,123,2.139841817713651e-30
68,124,1.2070000076900777e-29
68,125,3.212709120915027e-30
68,126,2.9185152955967276e-30
68,127,2.0402700874191732e-30
68,128,1.4113085879308386e-30
68,129,3.8642371838147345e-30
68,130,9.371360918460895e-16
68,131,1.3801026815543604e-30
68,132,9.075657435622867e-30
68,133,4.468927776556213e-31
68,134,2.566454525227291e-30
68,135,1.692886431362018e-30
68,136,2.7381107294271814e-30
68,137,1.7251870301808137e-30
68,138,1.8249109165732724e-30
68,139,9.797411258895353e-30
68,140,3.9891539521586064e-30
68,141,2.1615827070126983e-30
68,142,5.049879043029394e-30
68,143,1.4960522487155347e-30
68,144,2.0956482747267987e-30
68,145,4.300067519378191e-30
68,146,5.10986427201284e-30
68,147,1.191914962982304e-30
68,148,1.5234399872122757e-30
68,149,7.08552143085256e-30
69,70,3.9707408181033704e-32
69,71,8.786327538122356e-32
69,72,5.350716769598376e-32
69,73,1.1260725057075253e-31
69,74,1.4749995685121673e-31
69,75,1.650702062581218e-31
69,76,8.535530107998039e-32
69,77,9.785415826120288e-32
69,78,1.1004389207204831e-31
69,79,1.3632187263417217e-31
69,80,1.6644335605094311e-31
69,81,8.816871367689019e-32
69,82,4.8769630358265395e-32
69,83,1.3379685983560915e-31
69,84,9.17492436453503e-32
69,85,1.2122506106341124e-31
69,86,5.326459584174929e-31
69,87,3.2009006386794367e-31
69,88,9.243823387537641e-32
69,89,1.1400869172961833e-31
69,90,4.721677951402621e-31
69,91,5.32189114968123e-32
69,92,4.706421871998363e-32
69,93,1.046301048005301e-31
69,94,5.744116716370103e-32
69,95,8.344448064833726e-32
69,96,6.362898624242405e-32
69,97,1.418406894514957e-31
69,98,1.4641358182915504e-31
69,99,1.4651266055049244e-31
69,100,3.3279428208147287e-32
69,101,6.609502598201873e-32
69,102,3.507959745526719e-32
69,103,3.0379822550793333e-32
69,104,5.763853315828806e-32
69,105,1.1416037754222046e-31
69,106,5.238162635159767e-32
69,107,2.2186285472098197e-32
69,108,3.637251759256823e-32
69,109,2.2048331462994954e-31
69,110,1.2321655726491614e-31
69,111,1.4610402773920858e-31
69,112,3.7720763443391144e-32
69,113,3.041145173432168e-32
69,114,1.1093142736049093e-32
69,115,1.3326388007182677e-31
69,116,1.1699272556875278e-31
69,117,5.690728838944873e-32
69,118,9.981723183936512e-33
69,119,1.4559791110138149e-31
69,120,5.3345215244711e-32
69,121,4.867096622654419e-32
69,122,1.1429136029895462e-31
69,123,3.883218945258838e-32
69,124,4.0947072419919583e-32
69,125,1.0061524797378023e-31
69,126,4.2241429054356134e-32
69,127,6.955365110587461e-32
69,128,9.748010417977424e-32
69,129,5.970620654811216e-32
69,130,6.555877397203226e-31
69,131,1.3054705262819335e-31
69,132,7.693056497141397e-32
69,133,0.0
69,134,1.1900918234698942e-31
69,135,1.0435272849681542e-31
69,136,9.064232995962061e-32
69,137,5.546571368024543e-32
69,138,7.367498450724503e-32
69,139,2.281781102218641e-31
69,140,1.2215056349107032e-31
69,141,5.922117652687444e-32
69,142,1.9625405537170397e-31
69,143,4.456714100701686e-32
69,144,1.6295265971278743e-31
69,145,1.6028175759818603e-31
69,146,7.084103012420621e-32
69,147,1.1148470474463411e-31
69,148,2.218628547209819e-32
69,149,2.088236932328742e-31
70,71,5.0084489277398726e-30
70,72,3.800056157579385e-30
70,73,3.526203831188469e-30
70,74,2.703700820273775e-30
70,75,1.3376312118616166e-30
70,76,2.102751398563772e-30
70,77,4.117142856235335e-30
70,78,2.3191161934586155e-30
70,79,1.0639686877057851e-30
70,80,1.2392937906099659e-30
70,81,1.7515530812134975e-30
70,82,1.3749902838124101e-30
70,83,3.8805168312270326e-30
70,84,6.262882123651715e-30
70,85,2.8077429271030145e-30
70,86,9.139342519463595e-16
70,87,2.2460922606042942e-30
70,88,2.9689749867593107e-30
70,89,1.648195665005717e-30
70,90,2.1362576720607875e-30
70,91,7.483948634007134e-30
70,92,6.875300182020945e-31
70,93,3.3197610530622844e-30
70,94,1.6990248644955676e-30
70,95,3.628779980122641e-30
70,96,1.942040968069616e-30
70,97,1.2738115944464624e-16
70,98,2.2934873815673295e-30
70,99,1.9666104466903828e-30
70,100,1.4559814947187231e-30
70,101,1.7328771325976177e-30
70,102,6.047437136608489e-31
70,103,2.384156359114667e-30
70,104,2.9754190671537443e-30
70,105,3.54523308073993e-30
70,106,5.431599499274451e-30
70,107,4.260513506067215e-31
70,108,2.0452292484490875e-30
70,109,1.8875832159447657e-16
70,110,3.1991577119110675e-30
70,111,2.6996826652476015e-30
70,112,3.328525396340183e-30
70,113,1.2348411964185575e-30
70,114,1.5795797082192024e-30
70,115,2.7231926592166087e-30
70,116,7.515142085033811e-30
70,117,1.6013062973068598e-30
70,118,3.969980004960949e-32
70,119,7.819377526731411e-30
70,120,1.419664565356348e-30
70,121,9.943062998060493e-31
70,122,3.4296345409221195e-30
70,123,1.8317495196147515e-30
70,124,1.0106562276089171e-29
70,125,2.5653062568143373e-30
70,126,2.7220255606176995e-30
70,127,1.3484510186263429e-30
70,128,8.239674259771412e-31
70,129,3.019730826044929e-30
70,130,9.033363257596092e-16
70,131,7.330991366097106e-31
70,132,8.218437376835051e-30
70,133,3.802517376115734e-31
70,134,2.1374251290490425e-30
70,135,1.2076796959873962e-30
70,136,2.1948320720935176e-30
70,137,1.8208126114366036e-30
70,138,1.174692604441136e-30
70,139,7.63782809543979e-16
70,140,2.6269015311102594e-30
70,141,1.529904185853414e-30
70,142,4.0233431971804184e-30
70,143,1.2995178944518806e-30
70,144,2.6488637015430336e-30
70,145,4.362235648682872e-30
70,146,4.018809306736522e-30
70,147,7.641169003831465e-31
70,148,1.3730737544472703e-30
70,149,5.028746822319254e-30
71,72,6.136058057375527e-30
71,73,5.616033954728667e-30
71,74,4.3944787609198245e-30
71,75,1.9572899188270797e-30
71,76,3.155678357340823e-30
71,77,6.744688132031185e-30
71,78,3.980238560324014e-30
71,79,1.3624550102297408e-30
71,80,2.1624893310958546e-30
71,81,2.834280212710882e-30
71,82,2.336196106775276e-30
71,83,6.351309591004232e-30
71,84,1.048324178544887e-29
71,85,4.507512963681687e-30
71,86,6.120501705297313e-16
71,87,3.635791204866048e-30
71,88,4.1333583641672744e-30
71,89,2.7019811057173973e-30
71,90,4.235865452997806e-30
71,91,1.2649369334391262e-29
71,92,1.1446145954922827e-30
71,93,5.0192080525275065e-30
71,94,2.8216098013208955e-30
71,95,5.97604983667459e-30
71,96,3.18596998549972e-30
71,97,3.243990878284307e-16
71,98,3.480425920010775e-30
71,99,3.284022591009547e-30
71,100,2.4181589469348627e-30
71,101,2.8875439421144156e-30
71,102,9.638778998502245e-31
71,103,4.214258953192716e-30
71,104,5.010858251458647e-30
71,105,5.9543275864600975e-30
71,106,9.121441635552076e-30
71,107,7.260445818174456e-31
71,108,3.438599995625708e-30
71,109,4.3180352108347303e-16
71,110,5.684207506979133e-30
71,111,4.444483028527146e-30
71,112,5.4555473785504685e-30
71,113,2.048172106665907e-30
71,114,2.6542639132290463e-30
71,115,4.726944985106051e-30
71,116,1.2447337476691773e-29
71,117,2.6794596245634668e-30
71,118,8.784644035277207e-32
71,119,1.2827588866922929e-29
71,120,2.307356773264092e-30
71,121,1.6596785043346383e-30
71,122,5.6967853293680745e-30
71,123,2.9534048768383587e-30
71,124,1.687624271005367e-29
71,125,4.337234412229174e-30
71,126,4.529166674028105e-30
71,127,2.063589856899153e-30
71,128,1.3232578673698239e-30
71,129,5.176792249565113e-30
71,130,8.458767820533055e-16
71,131,1.0518464611102495e-30
71,132,1.3804350897405448e-29
71,133,6.37180787978643e-31
71,134,3.6620317532261376e-30
71,135,2.0455963787521812e-30
71,136,3.4372537941899385e-30
71,137,3.0182108696312814e-30
71,138,1.9913717420936193e-30
71,139,8.807759501207095e-16
71,140,4.561617559845171e-30
71,141,2.562349310838545e-30
71,142,6.450225093488677e-30
71,143,2.1458864354754534e-30
71,144,4.283194428531231e-30
71,145,7.063828283979177e-30
71,146,6.502842191151903e-30
71,147,1.269800996148943e-30
71,148,1.1195373145179941e-16
71,149,8.638336199296533e-30
72,73,4.2334997496702345e-30
72,74,3.103539719974841e-30
72,75,1.7616309733628276e-30
72,76,2.1081399011152115e-30
72,77,5.053501617729385e-30
72,78,3.1108031569297824e-30
72,79,9.454182324018275e-31
72,80,1.276664272035369e-30
72,81,2.1937960526720904e-30
72,82,1.6868556580434996e-30
72,83,4.7514041783097886e-30
72,84,7.666829835127052e-30
72,85,3.522673517545217e-30
72,86,5.996826401236845e-16
72,87,2.9708164991630396e-30
72,88,3.662886932779257e-30
72,89,1.9521954721360175e-30
72,90,3.1160757581529093e-30
72,91,9.076540092826352e-30
72,92,8.772017692074474e-31
72,93,3.741052570280577e-30
72,94,2.1712181654438567e-30
72,95,4.415402619631223e-30
72,96,2.5271532751809916e-30
72,97,2.361213829131245e-30
72,98,2.899526143303885e-30
72,99,2.438670658255396e-30
72,100,1.864923381488912e-30
72,101,2.126328461162897e-30
72,102,8.220592936495196e-31
72,103,3.1407312836061603e-30
72,104,3.70266623877522e-30
72,105,4.4776687657147926e-30
72,106,6.769639690911204e-30
72,107,5.114655664748495e-31
72,108,2.6405036061175623e-30
72,109,3.0759893746124236e-30
72,110,3.847594039474962e-30
72,111,3.320540792103324e-30
72,112,4.0540313762460395e-30
72,113,1.5532138443275043e-30
72,114,1.9469733742381998e-30
72,115,3.5099181179320034e-30
72,116,9.289204282469632e-30
72,117,2.0169043723249947e-30
72,118,5.349691546390371e-32
72,119,9.757105624887967e-30
72,120,1.736355831638982e-30
72,121,1.2128370062066497e-30
72,122,4.482552176737147e-30
72,123,2.270914873618091e-30
72,124,1.244608093583556e-29
72,125,3.1867980885595556e-30
72,126,3.459436522782278e-30
72,127,1.3994040177143369e-30
72,128,9.217535761814761e-31
72,129,3.686251781107704e-30
72,130,5.537654696665929e-16
72,131,9.079425633439442e-31
72,132,1.0372781515810324e-29
72,133,4.721217610574262e-31
72,134,2.6560327637554487e-30
72,135,1.658399180528907e-30
72,136,2.581390154400961e-30
72,137,2.358807433514881e-30
72,138,1.2396839283813439e-30
72,139,3.764949453935618e-16
72,140,3.043121920671515e-30
72,141,1.8023698121172108e-30
72,142,4.936708755968174e-30
72,143,1.6200325381924857e-30
72,144,3.642874225712099e-30
72,145,5.565977284565203e-30
72,146,4.7343774588753004e-30
72,147,1.0122514879081656e-30
72,148,1.72820582111129e-30
72,149,5.888449030145075e-30
73,74,2.9889234284582385e-30
73,75,2.140739298952709e-30
73,76,2.244537663020502e-30
73,77,4.4786925480423946e-30
73,78,2.6168955688567978e-30
73,79,1.445956723472409e-30
73,80,1.9560172278132532e-30
73,81,1.6577476118765937e-30
73,82,1.5241253019032934e-30
73,83,4.251342525574658e-30
73,84,7.231743812195671e-30
73,85,3.016597346885795e-30
73,86,9.007358505483036e-16
73,87,3.732889185908295e-30
73,88,3.1606455906638446e-30
73,89,1.9173694588341234e-30
73,90,5.4875649258952736e-30
73,91,8.659563107027616e-30
73,92,7.986687033018833e-31
73,93,3.758143946134164e-30
73,94,1.9787418052948003e-30
73,95,4.038090515110806e-30
73,96,2.0123055205667105e-30
73,97,6.706510076294036e-16
73,98,2.7634801983295222e-30
73,99,2.3232219413412973e-30
73,100,1.6871985596068983e-30
73,101,1.8432232583374364e-30
73,102,6.723347223251414e-31
73,103,2.720344193994593e-30
73,104,3.356957071468011e-30
73,105,3.913270973446135e-30
73,106,6.14478099264888e-30
73,107,4.757548617043472e-31
73,108,2.361895226768623e-30
73,109,3.693296149407578e-16
73,110,3.791670859923695e-30
73,111,2.9978303166350232e-30
73,112,3.7523495332136854e-30
73,113,1.402144192271895e-30
73,114,1.7532823797583664e-30
73,115,3.1895676918768296e-30
73,116,7.893924529254367e-30
73,117,1.8038540675314162e-30
73,118,1.1258567447699805e-31
73,119,8.905909041724914e-30
73,120,1.5812589974100905e-30
73,121,1.1839973553345556e-30
73,122,3.808485876755302e-30
73,123,2.1150480528846684e-30
73,124,1.12447990377319e-29
73,125,2.9822451099951816e-30
73,126,3.050581481946832e-30
73,127,1.4282419151796698e-30
73,128,1.209861701869038e-30
73,129,3.415996464608799e-30
73,130,3.2327352753869494e-16
73,131,1.4136237057468529e-30
73,132,9.265700675448115e-30
73,133,4.237245907017668e-31
73,134,2.5659193780541614e-30
73,135,1.4494003911791579e-30
73,136,2.4153492412551443e-30
73,137,2.158534123757056e-30
73,138,1.2720991508687956e-30
73,139,7.116685964664759e-16
73,140,3.0559640644545537e-30
73,141,1.7136398215665922e-30
73,142,4.346941335887127e-30
73,143,1.4810494353082326e-30
73,144,3.0427179397632476e-30
73,145,4.693930795398865e-30
73,146,4.592743889740374e-30
73,147,1.2841411585591323e-30
73,148,1.5497005969638556e-30
73,149,8.165638525917652e-21
74,75,2.5366894024118692e-30
74,76,2.6722872815476046e-30
74,77,3.5614369363029444e-30
74,78,1.909918945969545e-30
74,79,2.455142343422431e-30
74,80,2.789190182241405e-30
74,81,1.461950849218149e-30
74,82,1.3250746415453667e-30
74,83,3.7585716437898084e-30
74,84,5.414667260758957e-30
74,85,2.4846757826124893e-30
74,86,5.775665359333292e-16
74,87,4.452437051340867e-30
74,88,2.1547102614576647e-30
74,89,1.9480404287013092e-30
74,90,6.815458909170257e-30
74,91,6.463923437241599e-30
74,92,6.881874141349131e-31
74,93,3.313818850588854e-30
74,94,1.3822009460459969e-30
74,95,3.2662608960441975e-30
74,96,1.5708229815405846e-30
74,97,2.5181970900593034e-30
74,98,2.006454600932827e-30
74,99,2.2684028773371434e-30
74,100,1.1840150814522281e-30
74,101,1.638806051628453e-30
74,102,6.289654806449667e-31
74,103,1.981721414779342e-30
74,104,2.550507140042439e-30
74,105,3.162299196988768e-30
74,106,4.595428533626283e-30
74,107,4.816767254660164e-31
74,108,1.6974818061459023e-30
74,109,4.4967116635095844e-30
74,110,3.384598847396324e-30
74,111,2.7083218932317502e-30
74,112,2.8154053437418957e-30
74,113,1.0268381567777173e-30
74,114,1.4049742645758078e-30
74,115,2.3205028911788256e-30
74,116,6.480844228868617e-30
74,117,1.3490778221951636e-30
74,118,1.4747169514620506e-31
74,119,6.395762926235625e-30
74,120,1.2619658596352542e-30
74,121,8.859959947928789e-31
74,122,2.801998657620053e-30
74,123,1.570125387936669e-30
74,124,8.810082288270532e-30
74,125,2.3703082381191505e-30
74,126,2.2326764369597268e-30
74,127,1.6165731197976926e-30
74,128,1.5723976961695234e-30
74,129,2.8916334322297414e-30
74,130,9.906835517256385e-16
74,131,2.1558250654025006e-30
74,132,6.902131225314479e-30
74,133,3.281567611869751e-31
74,134,2.1053972021321086e-30
74,135,1.8285030906366014e-30
74,136,1.979481615863601e-30
74,137,1.4999810204014279e-30
74,138,1.4751920953422679e-30
74,139,5.157238732102421e-16
74,140,3.282841509447404e-30
74,141,1.6700724567681136e-30
74,142,3.989975397862466e-30
74,143,1.0828373342677163e-30
74,144,2.8704123599399214e-30
74,145,3.559476445796163e-30
74,146,3.811388108528881e-30
74,147,1.6397253031212533e-30
74,148,1.1387671535880123e-30
74,149,5.476795464790515e-30
75,76,1.5357324322306165e-30
75,77,1.747611145869942e-30
75,78,1.9693891004220904e-30
75,79,2.2968495038349713e-30
75,80,2.740545472863849e-30
75,81,1.5161648226463865e-30
75,82,7.282099239137165e-31
75,83,2.2414737907490054e-30
75,84,2.6207898624923014e-30
75,85,1.9599612863707724e-30
75,86,7.072227418270506e-16
75,87,5.149728826177055e-30
75,88,1.8165497789966118e-30
75,89,2.0421690030535265e-30
75,90,7.861895368222492e-30
75,91,2.946092072195164e-30
75,92,7.913336386541306e-31
75,93,1.847209545528719e-30
75,94,1.1127312586219748e-30
75,95,1.445996409972455e-30
75,96,1.1933547874507893e-30
75,97,2.3571147227385287e-30
75,98,2.441834846770154e-30
75,99,2.360135505081654e-30
75,100,8.38086010390815e-31
75,101,1.008401205405209e-30
75,102,6.67482037191015e-31
75,103,1.1131224779973536e-30
75,104,1.2881505879258914e-30
75,105,1.9392901642066505e-30
75,106,2.2638099355611195e-30
75,107,3.6205110482923127e-31
75,108,9.425252019126984e-31
75,109,3.506085512225723e-30
75,110,2.0572174799867923e-30
75,111,2.4884397519692457e-30
75,112,1.3705181626498524e-30
75,113,6.7985144832688835e-31
75,114,6.138499496473651e-31
75,115,2.3044039739914466e-30
75,116,2.9166924250887264e-30
75,117,9.780488593722758e-31
75,118,1.650385780083577e-31
75,119,3.9266754642411176e-30
75,120,8.430965876761496e-31
75,121,8.296310363711088e-31
75,122,2.2692415821486096e-30
75,123,8.495689951997651e-31
75,124,3.903917149046089e-30
75,125,1.6868197020259935e-30
75,126,1.3042341707254183e-30
75,127,1.1330143046299222e-30
75,128,1.6413909834113715e-30
75,129,1.2974566841259917e-30
75,130,4.2001807449902675e-16
75,131,2.2182391155018923e-30
75,132,3.51838292516392e-30
75,133,1.496981625805511e-31
75,134,1.96259195989319e-30
75,135,1.7585262996432325e-30
75,136,1.6725396360314542e-30
75,137,1.2342981894848547e-30
75,138,1.2356044429690478e-30
75,139,2.6768756226869796e-16
75,140,2.1012190389652812e-30
75,141,1.009059962145844e-30
75,142,3.2869831691999175e-30
75,143,8.1095228920464e-31
75,144,2.9951126985557732e-30
75,145,3.1769608263508196e-30
75,146,1.5765171952943858e-30
75,147,1.8492945271449987e-30
75,148,6.290435555332492e-31
75,149,3.417853178647341e-30
76,77,2.7355440965997576e-30
76,78,1.4717057881561465e-30
76,79,1.8166962703847443e-30
76,80,1.903549889414069e-30
76,81,9.437119739457128e-31
76,82,9.75335777383484e-31
76,83,2.879837601597271e-30
76,84,4.187213296919249e-30
76,85,1.814281660625886e-30
76,86,2.4495867984175493e-16
76,87,2.469471313308891e-30
76,88,1.423260861719012e-30
76,89,1.5832264528586434e-30
76,90,3.806346551729914e-30
76,91,4.836593966306893e-30
76,92,4.885043984545015e-31
76,93,2.734474093311964e-30
76,94,9.657380242690008e-31
76,95,2.6446405855334278e-30
76,96,9.486944597293483e-31
76,97,1.986710886477826e-30
76,98,1.2153365886436102e-30
76,99,1.4419653447563372e-30
76,100,7.815029541244693e-31
76,101,1.0770991515308922e-30
76,102,3.1775794325592563e-31
76,103,1.498552962116434e-30
76,104,1.9004079405487543e-30
76,105,2.4943468027005902e-30
76,106,3.457876788313349e-30
76,107,3.632922773968038e-31
76,108,1.2415784632683196e-30
76,109,3.665947940284856e-30
76,110,2.6086164773223514e-30
76,111,2.1097532256515762e-30
76,112,2.2010379340804848e-30
76,113,8.299156442476627e-31
76,114,1.0591084175030981e-30
76,115,1.7592088448804986e-30
76,116,4.828731310598518e-30
76,117,9.893949239604559e-31
76,118,8.533894659153306e-32
76,119,4.716810357803768e-30
76,120,1.0096254394340367e-30
76,121,7.382150554456509e-31
76,122,1.620644861282135e-30
76,123,1.3140017876937532e-30
76,124,6.668489031415953e-30
76,125,1.8894037460800145e-30
76,126,1.5539060411121078e-30
76,127,1.3922423219194668e-30
76,128,1.0939981732861668e-30
76,129,2.2209284440956473e-30
76,130,9.339709952999483e-16
76,131,1.4227009884775448e-30
76,132,4.8340379522926544e-30
76,133,2.4386410603852993e-31
76,134,1.554849231956468e-30
76,135,1.4220917978264832e-30
76,136,1.6615812333331938e-30
76,137,9.229857110995693e-31
76,138,1.2648402146433997e-30
76,139,3.332396573091761e-16
76,140,2.4729545169809e-30
76,141,1.383601135354445e-30
76,142,2.9974820451187445e-30
76,143,8.476247189653532e-31
76,144,1.5054198559393183e-30
76,145,2.327640761473841e-30
76,146,3.068397593594395e-30
76,147,9.800047962528467e-31
76,148,8.1861434904489e-31
76,149,4.4381874585598186e-30
77,78,3.2809618666286696e-30
77,79,1.4631187947682805e-30
77,80,2.047126641095001e-30
77,81,2.382347039045181e-30
77,82,1.910773300822441e-30
77,83,5.2703711139750874e-30
77,84,8.522125976490959e-30
77,85,3.7791847227112385e-30
77,86,1.6939998869944058e-16
77,87,3.351773407304033e-30
77,88,3.58866503633872e-30
77,89,2.1779917509264693e-30
77,90,4.6984568339676866e-30
77,91,9.98061125648343e-30
77,92,9.526387597716821e-31
77,93,4.3389217424900186e-30
77,94,2.363930356719404e-30
77,95,5.051079093500467e-30
77,96,2.6662441480734036e-30
77,97,2.7681873756816422e-30
77,98,2.9695413708349923e-30
77,99,2.5471484442442692e-30
77,100,2.022085258016689e-30
77,101,2.294840821050302e-30
77,102,8.012185004774946e-31
77,103,3.496846731567636e-30
77,104,4.101105286567841e-30
77,105,5.048376425022858e-30
77,106,7.539865596365507e-30
77,107,5.987324579812312e-31
77,108,2.8547835524297862e-30
77,109,3.859826548269793e-30
77,110,4.331821522151798e-30
77,111,3.639582372377368e-30
77,112,4.586646021395127e-30
77,113,1.708243333601662e-30
77,114,2.188886810622571e-30
77,115,3.7199002379815505e-30
77,116,1.0574828308800251e-29
77,117,2.214861109158512e-30
77,118,9.783540893127776e-32
77,119,1.0800561525507078e-29
77,120,1.973196385715155e-30
77,121,1.3575483283479458e-30
77,122,4.679211848932946e-30
77,123,2.422865455983995e-30
77,124,1.3977820816635765e-29
77,125,3.527527579738059e-30
77,126,3.7430510409404306e-30
77,127,1.801242563322889e-30
77,128,1.2311042112672417e-30
77,129,4.163608888790285e-30
77,130,3.4991999868534794e-16
77,131,1.2991795191980508e-30
77,132,1.1229741410209426e-29
77,133,5.262221456778944e-31
77,134,2.7896674330151533e-30
77,135,1.675116361388532e-30
77,136,2.937603469874322e-30
77,137,2.5420587264501924e-30
77,138,1.6371058833092935e-30
77,139,2.747661802696602e-16
77,140,3.7942449935852594e-30
77,141,2.1138541153412664e-30
77,142,5.403718717692513e-30
77,143,1.796730168909819e-30
77,144,3.7794821371072066e-30
77,145,5.700000164472407e-30
77,146,5.334486898767624e-30
77,147,1.121105215351693e-30
77,148,1.8995140245464284e-30
77,149,6.956350029104755e-30
78,79,1.794657426192877e-30
78,80,1.7950270516306667e-30
78,81,1.7405274247562808e-30
78,82,1.0741803439403683e-30
78,83,2.917751838362199e-30
78,84,5.038671942113011e-30
78,85,2.4640327132240356e-30
78,86,4.013176941020411e-16
78,87,3.663735466320082e-30
78,88,2.4275713884599405e-30
78,89,1.4015550817916273e-30
78,90,5.3426454749000706e-30
78,91,5.8597906325299925e-30
78,92,6.907067441690959e-31
78,93,2.2708648192497995e-30
78,94,1.6040936457814134e-30
78,95,2.85865183006279e-30
78,96,1.8361296573506567e-30
78,97,1.7754462726383194e-30
78,98,2.3307163645660362e-30
78,99,1.7311314390804222e-30
78,100,1.3413910564202676e-30
78,101,1.3528626964760521e-30
78,102,7.616256647652331e-31
78,103,2.3098124439416954e-30
78,104,2.456003375655183e-30
78,105,2.9980787043061662e-30
78,106,4.5415605795446796e-30
78,107,3.207920043557481e-31
78,108,1.792051963322935e-30
78,109,2.67871695416205e-30
78,110,2.444999644419557e-30
78,111,2.300802509914725e-30
78,112,2.665962513531452e-30
78,113,1.0908608424183096e-30
78,114,1.2529155255670104e-30
78,115,2.6009727592191612e-30
78,116,6.1462006695826585e-30
78,117,1.381021677501994e-30
78,118,1.1002280713017804e-31
78,119,6.717935028379777e-30
78,120,1.20844827822281e-30
78,121,8.482374871032388e-31
78,122,3.33900223335797e-30
78,123,1.4898690272734046e-30
78,124,8.071257320429821e-30
78,125,2.1359863824935408e-30
78,126,2.3776468647826632e-30
78,127,9.343381485250358e-31
78,128,1.0940112201734529e-30
78,129,2.346607231073765e-30
78,130,6.207886773064444e-16
78,131,1.6899512541661113e-30
78,132,6.925228470073961e-30
78,133,3.085289277949824e-31
78,134,1.8011131948552153e-30
78,135,1.6786294770208898e-30
78,136,1.6127734499827572e-30
78,137,1.7699575637435604e-30
78,138,8.477327171306261e-31
78,139,6.228215602996341e-30
78,140,2.021977409904751e-30
78,141,1.1357449787496627e-30
78,142,3.052309588041101e-30
78,143,1.1250039653985805e-30
78,144,3.380899217365647e-30
78,145,4.082981835865444e-30
78,146,2.8947799394273657e-30
78,147,1.2852314013046689e-30
78,148,1.1743133511460649e-30
78,149,3.746212122490035e-30
79,80,2.4027773750932218e-30
79,81,1.2583212612534473e-30
79,82,6.291599359457365e-31
79,83,2.0840238958019697e-30
79,84,1.712260472198049e-30
79,85,1.8243033864783016e-30
79,86,1.3877787807814366e-16
79,87,4.204355478062116e-30
79,88,1.3681975504548981e-30
79,89,1.5791103413065242e-30
79,90,6.363305853891891e-30
79,91,1.978319537868194e-30
79,92,6.363601404276715e-31
79,93,1.8459297466065054e-30
79,94,8.026257482339069e-31
79,95,1.437730035404275e-30
79,96,9.824176210165888e-31
79,97,2.0859082345472537e-30
79,98,1.9652611152172376e-30
79,99,1.9026344326025793e-30
79,100,5.152263251319885e-31
79,101,9.537801957115764e-31
79,102,5.557445317423241e-31
79,103,6.479688593872629e-31
79,104,7.8241389019304756e-31
79,105,1.695710251056906e-30
79,106,1.4607500472658446e-30
79,107,3.2056571327340573e-31
79,108,5.172367976138826e-31
79,109,3.542566559253528e-30
79,110,1.83800221886262e-30
79,111,2.1908073942994632e-30
79,112,9.55283491710519e-31
79,113,5.4360421818029465e-31
79,114,4.578325327949615e-31
79,115,1.862428155241757e-30
79,116,2.1506877478466462e-30
79,117,7.2108677359480145e-31
79,118,1.3629575270415138e-31
79,119,2.3832085197531935e-30
79,120,8.42798640888673e-31
79,121,6.4659469216022655e-31
79,122,1.6086788209520084e-30
79,123,8.222732602817101e-31
79,124,2.815326223509638e-30
79,125,1.4474479072057789e-30
79,126,7.53198974080054e-31
79,127,1.0904506574845945e-30
79,128,1.3590482572229857e-30
79,129,1.1100897176608673e-30
79,130,6.753223014464201e-16
79,131,1.9845249887561486e-30
79,132,2.0108195786079443e-30
79,133,1.0109206094631753e-31
79,134,1.6237638913225784e-30
79,135,1.6793352540417155e-30
79,136,1.2728530281561237e-30
79,137,7.92986249692363e-31
79,138,1.077372817797509e-30
79,139,3.1944148463373464e-30
79,140,1.9372342717412002e-30
79,141,1.064997611552992e-30
79,142,2.8285629298050377e-30
79,143,6.082270555730908e-31
79,144,2.537857626748811e-30
79,145,2.6076255843779627e-30
79,146,1.5811328060941465e-30
79,147,1.518488234107168e-30
79,148,3.7384931555954406e-31
79,149,3.276989750263058e-30
80,81,1.5068348818381176e-30
80,82,9.71292478386495e-31
80,83,2.852298912605849e-30
80,84,2.241206461454972e-30
80,85,2.170805704574453e-30
80,86,1.118863022827957e-16
80,87,5.225094043166698e-30
80,88,1.4633981005139216e-30
80,89,1.9072856062025185e-30
80,90,7.738102155326697e-30
80,91,2.608398711111294e-30
80,92,7.694215740733562e-31
80,93,2.311677366899874e-30
80,94,8.332441139366411e-31
80,95,1.886338150812997e-30
80,96,1.0725394813434042e-30
80,97,2.4790016442870032e-30
80,98,2.2359973936177054e-30
80,99,2.4965999195611133e-30
80,100,5.025428244593367e-31
80,101,1.3283390331793393e-30
80,102,5.557889083774372e-31
80,103,7.923032699988112e-31
80,104,1.1974497594245677e-30
80,105,2.2262723145180143e-30
80,106,1.8458976799421195e-30
80,107,4.275231864379845e-31
80,108,7.733897668836566e-31
80,109,4.0523930975956996e-30
80,110,2.5246462924731032e-30
80,111,2.5964264305317073e-30
80,112,1.1116254882294196e-30
80,113,4.976512110589103e-31
80,114,6.878702996592864e-31
80,115,2.15710999388172e-30
80,116,3.0627649844576367e-30
80,117,9.373564838232004e-31
80,118,1.6641146469903844e-31
80,119,2.448745967967938e-30
80,120,9.961570021424423e-31
80,121,8.007478393081118e-31
80,122,1.6457634784350364e-30
80,123,8.138710880334283e-31
80,124,3.984830337905626e-30
80,125,1.814017745239751e-30
80,126,8.55504965052329e-31
80,127,1.3458379988093699e-30
80,128,1.6921592217510004e-30
80,129,1.692737046090126e-30
80,130,2.2591401799414476e-16
80,131,2.234452388795602e-30
80,132,2.819911463229824e-30
80,133,1.44534594615516e-31
80,134,2.0164148912713316e-30
80,135,1.7547063101470328e-30
80,136,1.600476836617937e-30
80,137,7.712915306005723e-31
80,138,1.3502335926088159e-30
80,139,5.3033668316710375e-30
80,140,2.711087071005727e-30
80,141,1.2545470911939203e-30
80,142,3.6285635399532604e-30
80,143,7.056190610665227e-31
80,144,2.4336053746314664e-30
80,145,2.6462669368889368e-30
80,146,2.1042226495809543e-30
80,147,1.8495210456924262e-30
80,148,4.466796597999281e-31
80,149,4.227725952481108e-30
81,82,7.912350234980768e-31
81,83,2.490319128144235e-30
81,84,3.2927325086806334e-30
81,85,1.8165098438543563e-30
81,86,4.912920949869981e-16
81,87,2.8973952617087096e-30
81,88,1.6596143331581852e-30
81,89,1.051379480985879e-30
81,90,4.2177549033706514e-30
81,91,3.9007759648430475e-30
81,92,4.7525167488467955e-31
81,93,1.5537625121013009e-30
81,94,1.075669814120005e-30
81,95,1.951862984384779e-30
81,96,1.4488799264725461e-30
81,97,1.2665176743687198e-30
81,98,1.5367648435878551e-30
81,99,1.3091534133597474e-30
81,100,9.035992411568466e-31
81,101,1.1582076786090333e-30
81,102,5.268912916207001e-31
81,103,1.55757889573679e-30
81,104,1.7112505315264975e-30
81,105,2.1199084883276947e-30
81,106,3.067500485755849e-30
81,107,2.4607535783564923e-31
81,108,1.2015478865603849e-30
81,109,1.7282150858731303e-30
81,110,1.7146913515974536e-30
81,111,1.5662827073679433e-30
81,112,1.78688850122219e-30
81,113,7.427044121956811e-31
81,114,8.826791901369056e-31
81,115,1.765952875831904e-30
81,116,4.664327546412939e-30
81,117,9.384606345682496e-31
81,118,8.815182012498422e-32
81,119,4.5389517114077955e-30
81,120,8.479528249529268e-31
81,121,5.824358348754865e-31
81,122,2.3789306168923606e-30
81,123,1.0197969223618587e-30
81,124,5.611487058357775e-30
81,125,1.365176259948542e-30
81,126,1.6617148011519857e-30
81,127,6.782431220881115e-31
81,128,1.0491922843035786e-30
81,129,1.617305723193298e-30
81,130,7.017615209541124e-16
81,131,1.2065300116102671e-30
81,132,4.7878079526529945e-30
81,133,2.1452711521871498e-31
81,134,1.2015637359069253e-30
81,135,1.1063185796550557e-30
81,136,1.17022021794669e-30
81,137,1.1898552897888623e-30
81,138,6.676911089890838e-31
81,139,2.6534040183486923e-16
81,140,1.660886932699187e-30
81,141,7.766669118390991e-31
81,142,2.2436753778997522e-30
81,143,7.556732800762293e-31
81,144,2.4090959752372186e-30
81,145,3.0351411108270113e-30
81,146,1.8800179124682314e-30
81,147,9.973643600343943e-31
81,148,8.003229345062874e-31
81,149,2.5518015741556428e-30
82,83,1.9560488112830902e-30
82,84,2.863731983994282e-30
82,85,1.3333044979185622e-30
82,86,2.2247955386312665e-16
82,87,1.658261446882478e-30
82,88,1.1728364950126081e-30
82,89,7.722163399682947e-31
82,90,2.2449580304919055e-30
82,91,3.378156542310582e-30
82,92,3.162814062711162e-31
82,93,1.5365460463731063e-30
82,94,7.52996028972257e-31
82,95,1.7134207182864782e-30
82,96,8.89306652081641e-31
82,97,9.947401522881327e-31
82,98,8.973823548975916e-31
82,99,1.0754811224236101e-30
82,100,6.435904345573758e-31
82,101,8.78798054415312e-31
82,102,2.4282289532391027e-31
82,103,1.1739486776314882e-30
82,104,1.380985101173648e-30
82,105,1.7265605010761815e-30
82,106,2.5129673235579115e-30
82,107,2.277776124785926e-31
82,108,9.684256871964182e-31
82,109,1.645342774331715e-30
82,110,1.685954721670164e-30
82,111,1.2789679759880823e-30
82,112,1.50148763110873e-30
82,113,5.568486621674318e-31
82,114,7.555079325248467e-31
82,115,1.2610686478955199e-30
82,116,3.514383091369855e-30
82,117,7.4055720624785416e-31
82,118,4.8760285861248994e-32
82,119,3.4665791011928105e-30
82,120,6.589426624458691e-31
82,121,4.513222542722333e-31
82,122,1.5121182209056882e-30
82,123,8.244298640083347e-31
82,124,4.742796559001426e-30
82,125,1.2278208858976056e-30
82,126,1.2301118282995345e-30
82,127,6.526274305531504e-31
82,128,5.484152552756808e-31
82,129,1.5088313409647823e-30
82,130,2.302416593913011e-16
82,131,5.852072357144351e-31
82,132,3.796310421632758e-30
82,133,1.7847541980938255e-31
82,134,1.0228552254082445e-30
82,135,5.752586583507829e-31
82,136,9.78976875200646e-31
82,137,7.95390601100117e-31
82,138,5.921231868722087e-31
82,139,4.3343429944368876e-30
82,140,1.5244789433742036e-30
82,141,7.643789208030551e-31
82,142,1.9606486634283282e-30
82,143,5.851938425945672e-31
82,144,1.1304832050836637e-30
82,145,1.904191529569026e-30
82,146,1.8830582873260796e-30
82,147,5.488432768174276e-31
82,148,6.257579759347296e-31
82,149,2.559344079905637e-30
83,84,7.561249444923966e-30
83,85,3.937098604856891e-30
83,86,7.352631083691224e-16
83,87,4.348696545844386e-30
83,88,3.74976903491474e-30
83,89,2.1950047710488126e-30
83,90,6.0533145031802474e-30
83,91,8.867291853553809e-30
83,92,8.808039232017746e-31
83,93,4.486054512185138e-30
83,94,1.9697013563846543e-30
83,95,4.700623564643318e-30
83,96,2.6309714946957617e-30
83,97,2.4884601230934225e-16
83,98,2.5813463891366825e-30
83,99,3.137759992568819e-30
83,100,1.678390988064808e-30
83,101,2.5778349227334655e-30
83,102,7.790019503506797e-31
83,103,3.0596273285676684e-30
83,104,3.745973907555975e-30
83,105,4.812526431768508e-30
83,106,6.686747617290938e-30
83,107,6.493843732408531e-31
83,108,2.7185803704275735e-30
83,109,5.857614357734669e-16
83,110,4.637947091089344e-30
83,111,3.6074619301247296e-30
83,112,3.959290563343023e-30
83,113,1.4724792732873212e-30
83,114,2.075500226367713e-30
83,115,3.3378156703715644e-30
83,116,9.621176869824655e-30
83,117,2.0234369682945665e-30
83,118,1.33771223710251e-31
83,119,9.076044160712916e-30
83,120,1.8528664901021186e-30
83,121,1.1969459362131017e-30
83,122,4.298228759213086e-30
83,123,2.3536885772426415e-30
83,124,1.2900689857425173e-29
83,125,3.36018098578496e-30
83,126,3.352713748116015e-30
83,127,1.8935940335290776e-30
83,128,1.6340813418594967e-30
83,129,4.166183749799769e-30
83,130,1.2162678745244523e-15
83,131,1.8077683597306112e-30
83,132,1.0410637286407511e-29
83,133,4.861072122031933e-31
83,134,2.843366451685565e-30
83,135,1.6303385608644028e-30
83,136,2.717037732175505e-30
83,137,2.0357597677831864e-30
83,138,1.7571096352907594e-30
83,139,5.176929023465772e-16
83,140,4.373130784463522e-30
83,141,2.134940281080404e-30
83,142,5.676414593277765e-30
83,143,1.5526908265797767e-30
83,144,3.2998231750611556e-30
83,145,5.581790937065495e-30
83,146,5.2234726602342895e-30
83,147,1.5441784983563276e-30
83,148,1.6774312679873374e-30
83,149,7.047594950690971e-30
84,85,5.535562264234774e-30
84,86,5.608068829092943e-16
84,87,5.11610304703792e-30
84,88,5.333324858958865e-30
84,89,3.568380746242061e-30
84,90,5.350327602016985e-30
84,91,1.603743851639938e-29
84,92,1.4970893833371411e-30
84,93,6.543746646213418e-30
84,94,3.7332244938668426e-30
84,95,7.702895713418911e-30
84,96,3.75084008742665e-30
84,97,4.364137692558244e-30
84,98,4.6339224416293634e-30
84,99,3.909159613284997e-30
84,100,3.182905626884466e-30
84,101,3.2228111473406934e-30
84,102,1.17638036224288e-30
84,103,5.469504777035461e-30
84,104,6.407021755419859e-30
84,105,7.546775554659958e-30
84,106,1.1805719062586863e-29
84,107,8.753315320747685e-31
84,108,4.432573400424025e-30
84,109,6.2050416081659816e-30
84,110,6.898450532830472e-30
84,111,5.5653108406866016e-30
84,112,7.185302296492223e-30
84,113,2.6714401336808705e-30
84,114,3.328272417485651e-30
84,115,6.100757185510167e-30
84,116,1.5704533439504524e-29
84,117,3.434706493007104e-30
84,118,9.173166404658769e-32
84,119,1.6903378478273248e-29
84,120,2.967465639164293e-30
84,121,2.249018559960355e-30
84,122,7.108545120546193e-30
84,123,3.7905527285632884e-30
84,124,2.1416088616221984e-29
84,125,5.661261950579743e-30
84,126,5.765046013981863e-30
84,127,2.692329212974376e-30
84,128,1.6920083738784165e-30
84,129,6.450299457536476e-30
84,130,4.23670474327486e-16
84,131,1.2082789631228265e-30
84,132,1.740053865141126e-29
84,133,8.068115690117479e-31
84,134,4.620749538538195e-30
84,135,2.688536174743885e-30
84,136,4.418492104259634e-30
84,137,4.024139613457055e-30
84,138,2.4844856809570376e-30
84,139,1.7281016122015715e-29
84,140,5.2189003966978646e-30
84,141,3.232826971930734e-30
84,142,7.868688457651478e-30
84,143,2.8211942555744974e-30
84,144,5.459302640027065e-30
84,145,8.457482485713562e-30
84,146,8.390307373869153e-30
84,147,1.724329989542933e-30
84,148,2.9516025308870684e-30
84,149,1.0807726893720818e-29
85,86,3.096885296734005e-16
85,87,3.861418165484888e-30
85,88,2.972854008361871e-30
85,89,1.4551797856590564e-30
85,90,5.7071772550996466e-30
85,91,6.2759614552295055e-30
85,92,6.547932254396394e-31
85,93,3.165125947887807e-30
85,94,1.611598954759419e-30
85,95,3.327746782367767e-30
85,96,2.003573343374974e-30
85,97,1.83146451753911e-30
85,98,2.2630991611160947e-30
85,99,2.1802512070075e-30
85,100,1.3778228521095491e-30
85,101,1.745363537398102e-30
85,102,7.145524593521615e-31
85,103,2.3922921262707516e-30
85,104,2.7535968795031813e-30
85,105,3.3852826875286166e-30
85,106,4.9824904634728095e-30
85,107,4.2900401509688026e-31
85,108,2.049806937381776e-30
85,109,3.022839711171135e-30
85,110,3.187869146903335e-30
85,111,2.47633930160426e-30
85,112,2.929876912831563e-30
85,113,1.1448769938131244e-30
85,114,1.4748262712377088e-30
85,115,2.5297623706459273e-30
85,116,7.12225065469097e-30
85,117,1.4945457615281407e-30
85,118,1.2120183375549242e-31
85,119,7.10225216050911e-30
85,120,1.330529671163592e-30
85,121,8.586545406051787e-31
85,122,3.4593043813204946e-30
85,123,1.7440108920263476e-30
85,124,9.287887687670208e-30
85,125,2.3744378439514153e-30
85,126,2.5818029766370732e-30
85,127,1.2333448080850363e-30
85,128,1.2618472262778472e-30
85,129,2.9118714884104024e-30
85,130,6.79444926149003e-16
85,131,1.685379885942617e-30
85,132,7.747479986746574e-30
85,133,3.531206109884625e-31
85,134,1.968491144911345e-30
85,135,1.5346309825510305e-30
85,136,1.8936190530068035e-30
85,137,1.764561033541613e-30
85,138,1.0345044774045148e-30
85,139,7.036363511318476e-16
85,140,2.8797688996283174e-30
85,141,1.4132684033103912e-30
85,142,3.78681570881333e-30
85,143,1.180065959385702e-30
85,144,3.250219017866317e-30
85,145,4.3101233048569056e-30
85,146,3.5779622571803936e-30
85,147,1.3520752115440192e-30
85,148,1.2747445964711898e-30
85,149,4.5405157666721706e-30
86,87,6.268475547560181e-16
86,88,6.415756988572471e-16
86,89,4.069766273599821e-16
86,90,3.387999773988803e-16
86,91,5.960990477592289e-16
86,92,4.181283019916559e-30
86,93,7.267725395956795e-16
86,94,2.293003266420605e-16
86,95,4.4236469051213244e-16
86,96,8.201688569008084e-30
86,97,2.288849137729921e-16
86,98,1.0263387395398908e-15
86,99,4.423060666564935e-16
86,100,7.837415512580801e-30
86,101,4.652682298944613e-16
86,102,3.416595684012313e-30
86,103,4.588073047822142e-16
86,104,2.3221980631040894e-16
86,105,4.0067230741196015e-16
86,106,4.988287770516341e-16
86,107,1.6691339331977507e-30
86,108,2.6322249536412164e-16
86,109,6.08423192883802e-16
86,110,5.236918716164408e-16
86,111,3.3538984154915745e-16
86,112,1.6154461553266976e-29
86,113,6.15972416880783e-30
86,114,6.44433272490957e-30
86,115,1.2412670766236306e-16
86,116,6.923611508150791e-16
86,117,8.029487812436067e-30
86,118,5.325439008760955e-31
86,119,1.110223024625241e-16
86,120,4.475452091311796e-16
86,121,5.809799713112239e-30
86,122,1.734723475976823e-16
86,123,2.3754946299780785e-16
86,124,6.65419665532045e-16
86,125,1.6883057536160447e-16
86,126,1.1188630228279726e-16
86,127,5.7369905286769004e-30
86,128,4.69697003534787e-16
86,129,6.206335383118215e-17
86,130,2.2038253034120808e-15
86,131,6.359394057593223e-30
86,132,1.0967239559618436e-15
86,133,1.6407129110262905e-30
86,134,2.4196749845666057e-16
86,135,3.6672215037752105e-16
86,136,5.903981691419549e-16
86,137,1.0515364339629946e-29
86,138,2.7476618026965995e-16
86,139,7.563087428917357e-16
86,140,5.6384703170990605e-30
86,141,6.001211969254243e-30
86,142,6.966766969763618e-16
86,143,6.816935218301986e-30
86,144,2.4912465244908395e-16
86,145,1.1237831667981821e-15
86,146,6.332287220439605e-16
86,147,6.999621698312887e-30
86,148,6.607213432527517e-30
86,149,4.843553286610864e-16
87,88,3.2060465893373914e-30
87,89,3.604162027076235e-30
87,90,1.5240220733051305e-29
87,91,5.6137455778420315e-30
87,92,1.53760305682358e-30
87,93,3.251644766995932e-30
87,94,2.217529497931312e-30
87,95,2.7708892779943965e-30
87,96,2.1054647533274584e-30
87,97,4.479597088437676e-30
87,98,5.01758947907605e-30
87,99,4.7747963696639345e-30
87,100,1.624715060868187e-30
87,101,2.1917723988425435e-30
87,102,1.1593110851793808e-30
87,103,2.2285641983235998e-30
87,104,2.4413443840741568e-30
87,105,3.606323157455147e-30
87,106,4.431584863839265e-30
87,107,6.977327122128195e-31
87,108,1.702174514850311e-30
87,109,6.876179649718644e-30
87,110,3.9230504453909804e-30
87,111,4.579669075533575e-30
87,112,2.799215852172204e-30
87,113,1.229008312662391e-30
87,114,1.1550612858550829e-30
87,115,4.402623007213546e-30
87,116,5.8192275652735445e-30
87,117,1.9588056631487948e-30
87,118,3.200287330638179e-31
87,119,7.73716031747259e-30
87,120,1.7852258688532156e-30
87,121,1.6376820082113058e-30
87,122,4.2533666815377865e-30
87,123,1.4525789223690917e-30
87,124,7.453339625936919e-30
87,125,3.25444479059226e-30
87,126,2.398806171877776e-30
87,127,2.207951315661185e-30
87,128,3.1099110607233562e-30
87,129,2.4063471935719837e-30
87,130,6.113177589695141e-16
87,131,4.065517483221839e-30
87,132,6.406321657428669e-30
87,133,2.8336706715862597e-31
87,134,3.845641715043041e-30
87,135,3.336835959160453e-30
87,136,2.8515059355061617e-30
87,137,2.3992124913214722e-30
87,138,2.3211762004191654e-30
87,139,4.47948463643805e-16
87,140,4.00719022646054e-30
87,141,1.7690779179549277e-30
87,142,6.1343582380354196e-30
87,143,1.58977893701773e-30
87,144,5.51888624896704e-30
87,145,5.19533011954542e-30
87,146,2.9319888687846794e-30
87,147,3.5877623861703535e-30
87,148,1.2111687066813477e-30
87,149,6.503229435199337e-30
88,89,1.4743431314410175e-30
88,90,4.5856504298316236e-30
88,91,5.900763119843807e-30
88,92,6.776262136630626e-31
88,93,3.2932894103148886e-30
88,94,1.6241933330868477e-30
88,95,3.1421851094072656e-30
88,96,1.9586005244940092e-30
88,97,1.654595507290355e-30
88,98,2.594060764030443e-30
88,99,2.2889840659399574e-30
88,100,1.390875977092982e-30
88,101,1.591144573768135e-30
88,102,7.178008316796268e-31
88,103,2.218239456179415e-30
88,104,2.6624441343998675e-30
88,105,3.179261906360286e-30
88,106,4.7632702497281315e-30
88,107,3.506391169473324e-31
88,108,2.0811990062051272e-30
88,109,2.583760725838955e-30
88,110,2.6743991353813778e-30
88,111,2.437241841326281e-30
88,112,2.849422913151428e-30
88,113,1.137583023140971e-30
88,114,1.3568577555667225e-30
88,115,2.518224139493486e-30
88,116,6.620758606798138e-30
88,117,1.4554955438944164e-30
88,118,9.242052226275391e-32
88,119,7.105043125275251e-30
88,120,1.418347557586199e-30
88,121,8.609363603439593e-31
88,122,3.4553748316633894e-30
88,123,1.8061587814685903e-30
88,124,8.68353311229152e-30
88,125,2.2997602025131273e-30
88,126,2.5407582772982936e-30
88,127,9.23130501654119e-31
88,128,8.875794092549568e-31
88,129,2.67293800353635e-30
88,130,6.840027259338278e-16
88,131,1.3336687120070325e-30
88,132,7.500060923708017e-30
88,133,3.3210091744377945e-31
88,134,1.992101617964885e-30
88,135,1.6236899728435168e-30
88,136,2.012552762682056e-30
88,137,1.8071190447141777e-30
88,138,7.821810359227589e-31
88,139,1.071469476863077e-15
88,140,2.146023647779053e-30
88,141,1.2160729015085616e-30
88,142,3.751430047973153e-30
88,143,1.1770663431366913e-30
88,144,3.324935497717999e-30
88,145,4.3825073295511e-30
88,146,3.447312303163709e-30
88,147,1.1044530438295776e-30
88,148,1.2441399339803638e-30
88,149,3.700530967361721e-30
89,90,5.4476843861683375e-30
89,91,4.10278908275215e-30
89,92,5.476842519882554e-31
89,93,1.973974746224736e-30
89,94,1.0229163754887588e-30
89,95,2.0094869908482464e-30
89,96,1.0213751670801298e-30
89,97,1.62320205413233e-30
89,98,1.7634662281781525e-30
89,99,1.700495799197778e-30
89,100,8.61513993904298e-31
89,101,9.560427173219368e-31
89,102,4.5703520796285485e-31
89,103,1.3413330496239506e-30
89,104,1.6393265172992564e-30
89,105,1.8884718895188037e-30
89,106,3.0122164346005164e-30
89,107,2.897369646435223e-31
89,108,1.1074258336731478e-30
89,109,4.034166951946094e-16
89,110,2.0810852799285702e-30
89,111,1.6516395277236355e-30
89,112,1.8867059914636375e-30
89,113,6.9381049836344945e-31
89,114,8.552916525588058e-31
89,115,1.6777534556603612e-30
89,116,4.085302822347661e-30
89,117,8.865058980057747e-31
89,118,1.1398684711296074e-31
89,119,4.498165028247201e-30
89,120,7.701709357591716e-31
89,121,6.401051934073299e-31
89,122,1.9578072661800693e-30
89,123,9.969062250755303e-31
89,124,5.474431544149619e-30
89,125,1.4543431794394416e-30
89,126,1.4772603448953135e-30
89,127,9.291590556933831e-31
89,128,1.1714605616575142e-30
89,129,1.7659099933476066e-30
89,130,8.582096241491867e-16
89,131,1.49698677303892e-30
89,132,4.392786594461705e-30
89,133,2.050058117291626e-31
89,134,1.3577461581522554e-30
89,135,1.2088603941465316e-30
89,136,1.2133054930467414e-30
89,137,1.154501599358309e-30
89,138,8.808273809708043e-31
89,139,3.0190169694476087e-16
89,140,1.954110767897347e-30
89,141,9.68700682828462e-31
89,142,2.3340840496872983e-30
89,143,7.519222436840424e-31
89,144,2.1786146870074132e-30
89,145,2.413014872207307e-30
89,146,2.2548921943269172e-30
89,147,1.2744098332434736e-30
89,148,7.5536946379856124e-31
89,149,3.138670274733413e-30
90,91,4.843557988417829e-30
90,92,2.2576256025804065e-30
90,93,4.754448551746318e-30
90,94,2.973668982604151e-30
90,95,3.9098728694639596e-30
90,96,3.1011131276504587e-30
90,97,6.664161662685177e-30
90,98,7.139010870568696e-30
90,99,6.905344835344569e-30
90,100,1.968335833373313e-30
90,101,3.0082218074648518e-30
90,102,1.719048353547186e-30
90,103,2.1420140963438696e-30
90,104,2.9721231308141214e-30
90,105,5.375216388216442e-30
90,106,4.1093462181992104e-30
90,107,1.0185617076376795e-30
90,108,1.9424135437570278e-30
90,109,1.0144976519411131e-29
90,110,5.616940463548788e-30
90,111,6.869593768211496e-30
90,112,2.747124980856738e-30
90,113,1.587248469624847e-30
90,114,8.175181683045337e-31
90,115,6.460768209234645e-30
90,116,6.121221702727127e-30
90,117,2.7889766402044046e-30
90,118,4.720773255074085e-31
90,119,8.894442315937704e-30
90,120,2.5131462925742566e-30
90,121,2.355983935667142e-30
90,122,5.8675309599429946e-30
90,123,1.9064358288055927e-30
90,124,5.461122242374686e-30
90,125,4.765236440222387e-30
90,126,2.6107795718722496e-30
90,127,3.1997392327354974e-30
90,128,4.5829170875098016e-30
90,129,2.6739857360355965e-30
90,130,2.748537830712755e-16
90,131,6.137770408390959e-30
90,132,5.6896395449891355e-30
90,133,2.096544373370669e-31
90,134,5.655016637585909e-30
90,135,4.945765200366346e-30
90,136,4.33035441720346e-30
90,137,3.091040607423526e-30
90,138,3.424909712634673e-30
90,139,4.55398779595222e-16
90,140,5.44254696618532e-30
90,141,2.67705884291241e-30
90,142,9.134206643064041e-30
90,143,2.2272039662007415e-30
90,144,8.085424234590902e-30
90,145,7.812950428077126e-30
90,146,3.142426394700174e-30
90,147,5.2895864584962084e-30
90,148,1.3293444755379826e-30
90,149,9.518920060619255e-30
91,92,1.733873999304495e-30
91,93,7.387562903547171e-30
91,94,4.312914119713201e-30
91,95,8.936346927169646e-30
91,96,4.452012488658606e-30
91,97,5.1221846302557995e-30
91,98,5.312332734172609e-30
91,99,4.605879116246714e-30
91,100,3.6828627415955104e-30
91,101,3.901828349359636e-30
91,102,1.3652581238384241e-30
91,103,6.295352841375268e-30
91,104,7.537521989966944e-30
91,105,8.81836308591859e-30
91,106,1.3762926831548963e-29
91,107,1.035305549368927e-30
91,108,5.112758296615637e-30
91,109,2.9861565387888395e-16
91,110,8.191728620479751e-30
91,111,6.571271259790684e-30
91,112,8.339339444670646e-30
91,113,3.10562921264274e-30
91,114,3.913217402841356e-30
91,115,7.175030788267877e-30
91,116,1.8241849767798534e-29
91,117,4.010325415e-30
91,118,5.320871449601395e-32
91,119,1.9586332256002482e-29
91,120,3.423051869188049e-30
91,121,2.5959881169592324e-30
91,122,8.33849235205212e-30
91,123,4.4033261073220215e-30
91,124,2.5123493871551426e-29
91,125,6.55747800562812e-30
91,126,6.74738685233255e-30
91,127,3.117240111396917e-30
91,128,1.9445809770687153e-30
91,129,7.552297287797176e-30
91,130,5.882938135034014e-16
91,131,1.235130204921722e-30
91,132,2.0473016915452713e-29
91,133,9.463257025778512e-31
91,134,5.574951226095365e-30
91,135,3.0853910120753677e-30
91,136,5.156037636432729e-30
91,137,4.627092360668739e-30
91,138,2.9702513235603444e-30
91,139,5.589148745377978e-16
91,140,6.184078385882862e-30
91,141,3.798081978394522e-30
91,142,9.331614147975734e-30
91,143,3.271554564520363e-30
91,144,6.2425122351840214e-30
91,145,1.0088427940673272e-29
91,146,9.825986187065883e-30
91,147,1.944630088177355e-30
91,148,3.443570387082151e-30
91,149,1.2911915825635292e-29
92,93,7.142820168299542e-31
92,94,4.744428519530154e-31
92,95,8.39156737672505e-31
92,96,4.7476073735423255e-31
92,97,6.668997082533378e-31
92,98,7.9575686262245e-31
92,99,6.8376457195044155e-31
92,100,3.94470071494399e-31
92,101,3.862666377073751e-31
92,102,2.1005539044525414e-31
92,103,6.287061553235715e-31
92,104,7.090531958369533e-31
92,105,8.427826289548517e-31
92,106,1.3151568580728901e-30
92,107,1.102466630541376e-31
92,108,4.985839332408499e-31
92,109,1.0255775498068533e-30
92,110,7.620917851140616e-31
92,111,7.093512758359815e-31
92,112,8.001223752071152e-31
92,113,3.1255579453525933e-31
92,114,3.6398594941650926e-31
92,115,7.768023510211731e-31
92,116,1.7661885593522878e-30
92,117,4.019918326427717e-31
92,118,4.705520098808416e-32
92,119,1.9948288020633957e-30
92,120,3.3986281660491327e-31
92,121,2.7790928975851157e-31
92,122,9.236030993278667e-31
92,123,4.1889071627368085e-31
92,124,2.3462091591886827e-30
92,125,6.21288995736146e-31
92,126,6.710752285569464e-31
92,127,3.4028599955929307e-31
92,128,4.528713877138985e-31
92,129,6.984867073723939e-31
92,130,3.478411144957456e-30
92,131,6.1555335463343135e-31
92,132,1.9513116938754708e-30
92,133,8.888370134322797e-32
92,134,5.863666155912167e-31
92,135,5.15572047184335e-31
92,136,4.995058636669067e-31
92,137,5.319934865891779e-31
92,138,3.425204472651789e-31
92,139,1.8964456358517296e-30
92,140,7.46514036278979e-31
92,141,3.5511271983833814e-31
92,142,9.138325135505214e-31
92,143,3.3672199507279364e-31
92,144,9.877187843978105e-31
92,145,1.0845868620568517e-30
92,146,8.8625759877935e-31
92,147,5.31023756625485e-31
92,148,3.3822789112751863e-31
92,149,1.1892593540898701e-30
93,94,1.647909952053766e-30
93,95,4.038477795536734e-30
93,96,1.832647748474038e-30
93,97,8.1233231161109e-16
93,98,2.2756786754727337e-30
93,99,2.6067620520660524e-30
93,100,1.3947799159076064e-30
93,101,1.8257527824817532e-30
93,102,4.776756367642157e-31
93,103,2.517752559017752e-30
93,104,3.0582473378569388e-30
93,105,3.9574178089659996e-30
93,106,5.6192128721638445e-30
93,107,5.217245030618598e-31
93,108,2.2664623193981543e-30
93,109,2.3757479755373583e-16
93,110,3.8224556568506174e-30
93,111,2.959836325424111e-30
93,112,3.455574313163476e-30
93,113,1.2587488417414523e-30
93,114,1.6962779587596147e-30
93,115,2.6865364330138378e-30
93,116,7.561302451583253e-30
93,117,1.6365335647706978e-30
93,118,1.0461005716648102e-31
93,119,7.776437841213992e-30
93,120,1.6903736444425373e-30
93,121,1.0594195232293443e-30
93,122,3.115557797155607e-30
93,123,2.04090627142389e-30
93,124,1.0678629603496724e-29
93,125,2.889584441760144e-30
93,126,2.6783339223311252e-30
93,127,1.7002756999921714e-30
93,128,1.506938678885483e-30
93,129,3.450770331013816e-30
93,130,6.802438919452842e-16
93,131,1.5013127678377527e-30
93,132,8.312413022536621e-30
93,133,3.985498784585386e-31
93,134,2.3527956588982644e-30
93,135,1.5064298052426721e-30
93,136,2.4756189347653843e-30
93,137,1.699759981066411e-30
93,138,1.3825028072186394e-30
93,139,1.5250419669117412e-15
93,140,3.500398821108057e-30
93,141,1.8464034964027777e-30
93,142,4.510106150685157e-30
93,143,1.3263095396572811e-30
93,144,2.3035706184065303e-30
93,145,3.996217775137147e-30
93,146,4.633050890977839e-30
93,147,1.2064594430632031e-30
93,148,1.382623648851943e-30
93,149,5.933832725681256e-30
94,95,2.0730801247203226e-30
94,96,1.1710632098142062e-30
94,97,1.2382257844862665e-30
94,98,1.5636474195584573e-30
94,99,1.1596364345526951e-30
94,100,9.55126420935203e-31
94,101,8.68991271542237e-31
94,102,4.4005672806529785e-31
94,103,1.5718383832363511e-30
94,104,1.762358828461281e-30
94,105,2.0937757387118212e-30
94,106,3.271967951963263e-30
94,107,2.2202450068460063e-31
94,108,1.2394540373990955e-30
94,109,1.4170357100761533e-30
94,110,1.689526035783957e-30
94,111,1.58755178802601e-30
94,112,1.9919818682497766e-30
94,113,7.695468728611887e-31
94,114,8.850581576253407e-31
94,115,1.8023947144375632e-30
94,116,4.381809305026585e-30
94,117,9.867936720674485e-31
94,118,5.743016115829897e-32
94,119,4.90334012771228e-30
94,120,8.437537398349532e-31
94,121,6.449691657246269e-31
94,122,2.20988207340913e-30
94,123,1.0385308922335378e-30
94,124,5.7777065396433354e-30
94,125,1.5464260106340106e-30
94,126,1.661324645228622e-30
94,127,6.50134845051663e-31
94,128,5.924194693327906e-31
94,129,1.6342583963026122e-30
94,130,1.6743451780617453e-16
94,131,8.015980776584357e-31
94,132,4.838984136790468e-30
94,133,2.192841879035687e-31
94,134,1.2964604070987569e-30
94,135,9.28513537873762e-31
94,136,1.2276903474086006e-30
94,137,1.2519552576889845e-30
94,138,6.175297288985239e-31
94,139,4.073739531547016e-30
94,140,1.2015698891445332e-30
94,141,8.093332854119885e-31
94,142,2.1458578369347333e-30
94,143,8.181128942324297e-31
94,144,2.045731692634742e-30
94,145,2.6011596701480412e-30
94,146,2.118535925058715e-30
94,147,7.41514460730982e-31
94,148,8.391475714190256e-31
94,149,2.6770870674777447e-30
95,96,2.256533872291446e-30
95,97,2.5418215140092208e-30
95,98,2.5743898011783393e-30
95,99,2.3085904765895643e-30
95,100,1.771209117785995e-30
95,101,1.9879419336820968e-30
95,102,6.633476592504978e-31
95,103,3.141193229434096e-30
95,104,3.6468853707270884e-30
95,105,4.5098310933879115e-30
95,106,6.736488186756805e-30
95,107,5.432634440836187e-31
95,108,2.5656631227422835e-30
95,109,3.659592901101863e-30
95,110,4.011237528319337e-30
95,111,3.2364393427335945e-30
95,112,4.1060395417551895e-30
95,113,1.5149369371181103e-30
95,114,1.9576934930852114e-30
95,115,3.304723877281438e-30
95,116,9.258417640347132e-30
95,117,1.9611474791447e-30
95,118,8.342849228232495e-32
95,119,9.539816390776386e-30
95,120,1.7637106667055357e-30
95,121,1.2345927727042662e-30
95,122,4.017893783840881e-30
95,123,2.181748186616945e-30
95,124,1.2483046233620911e-29
95,125,3.2249267608724906e-30
95,126,3.284588123837489e-30
95,127,1.7006392088355053e-30
95,128,1.1439137738589456e-30
95,129,3.7966942647569355e-30
95,130,5.472332581615235e-16
95,131,1.1713089426204983e-30
95,132,9.942027752172252e-30
95,133,4.689178770418719e-31
95,134,2.5312998323108284e-30
95,135,1.4984731829869849e-30
95,136,2.6316858287838534e-30
95,137,2.211621971221521e-30
95,138,1.5231376353615933e-30
95,139,3.4777744726175663e-16
95,140,3.473778436829772e-30
95,141,1.946718844231026e-30
95,142,4.7792025868892466e-30
95,143,1.595718555363662e-30
95,144,3.1359211886554867e-30
95,145,4.8743979674215445e-30
95,146,4.897946646729472e-30
95,147,9.423303444751779e-31
95,148,1.6807136629629747e-30
95,149,2.872043996630864e-21
96,97,1.171790102647831e-30
96,98,1.6194766123377273e-30
96,99,1.3104753619843899e-30
96,100,9.958914751950748e-31
96,101,1.211022668028233e-30
96,102,5.388852681557211e-31
96,103,1.7186873965224875e-30
96,104,1.942528258621128e-30
96,105,2.3980605941706287e-30
96,106,3.48468636597682e-30
96,107,2.681528864882981e-31
96,108,1.4094808644898014e-30
96,109,1.4865407281628853e-30
96,110,1.95376472067794e-30
96,111,1.749520789674565e-30
96,112,2.028184117215853e-30
96,113,8.265785542339736e-31
96,114,1.0109569518855088e-30
96,115,1.8226927178094334e-30
96,116,5.0318388684656185e-30
96,117,1.0616357636670471e-30
96,118,6.36167946209635e-32
96,119,5.0722593933289684e-30
96,120,9.230943284826984e-31
96,121,5.874671209940391e-31
96,122,2.586987964937351e-30
96,123,1.1914415766968536e-30
96,124,6.42213477511784e-30
96,125,1.5843124222677643e-30
96,126,1.8673869601689646e-30
96,127,6.760300506742045e-31
96,128,6.155480118450165e-31
96,129,1.879600432359392e-30
96,130,4.4324445718200185e-16
96,131,9.464739378160391e-31
96,132,5.476159985105294e-30
96,133,2.455507623989027e-31
96,134,1.3032094939228e-30
96,135,1.0733484001725062e-30
96,136,1.2978985728036176e-30
96,137,1.280526544391042e-30
96,138,6.171878288127417e-31
96,139,4.777959716615137e-30
96,140,1.6858184881264066e-30
96,141,8.967511929221238e-31
96,142,2.5663552007420175e-30
96,143,8.407584585889525e-31
96,144,2.431799478073163e-30
96,145,3.242611557575852e-30
96,146,2.2577443129957625e-30
96,147,7.4368929584339175e-31
96,148,9.061434690530003e-31
96,149,2.8755660220959287e-30
97,98,2.1705806921633152e-30
97,99,2.0654978111209805e-30
97,100,1.0390461160485866e-30
97,101,1.191722652261455e-30
97,102,5.613740206404151e-31
97,103,1.7540462273751186e-30
97,104,2.04011174251288e-30
97,105,2.6092464676328804e-16
97,106,3.753121828479488e-30
97,107,3.8082105369701e-31
97,108,1.3676947823381927e-30
97,109,7.442612641197975e-16
97,110,1.1271084614948166e-15
97,111,2.1954314909787204e-30
97,112,2.3072432869691033e-30
97,113,8.491027390702924e-31
97,114,1.0887439816343733e-30
97,115,2.018739128065221e-30
97,116,8.158439733063115e-16
97,117,1.0835720072117236e-30
97,118,1.4181351208948485e-31
97,119,5.426641833716766e-30
97,120,9.53283213713535e-31
97,121,7.324368714290766e-31
97,122,2.338110521127825e-30
97,123,1.1746914625630498e-30
97,124,6.916806004507735e-30
97,125,1.8156335824612663e-30
97,126,1.809409714593151e-30
97,127,1.242468445766728e-30
97,128,1.3788176044018161e-30
97,129,2.2155107500947788e-30
97,130,4.303381850723498e-16
97,131,1.934123039058335e-30
97,132,3.7082632336523327e-16
97,133,2.5820745315243994e-31
97,134,1.7047124548127494e-30
97,135,1.578485163741881e-30
97,136,1.5232286899171448e-30
97,137,1.3788944279486473e-30
97,138,1.2469099286482226e-30
97,139,4.0252406932928954e-16
97,140,2.5740866169857146e-30
97,141,1.2754324881600923e-30
97,142,3.120959560243755e-30
97,143,9.041051768181272e-31
97,144,2.622692260584775e-30
97,145,2.662833773055822e-30
97,146,2.8508303282097587e-30
97,147,1.5802739317180125e-30
97,148,9.314135796503834e-31
97,149,9.163032272582387e-16
98,99,2.2352792879616175e-30
98,100,1.2923975538249761e-30
98,101,1.142318302746059e-30
98,102,7.002487375107659e-31
98,103,1.923494057522775e-30
98,104,2.2100956893950872e-30
98,105,2.5989366090201108e-30
98,106,4.0509391368743e-30
98,107,2.924251321561992e-31
98,108,1.620101922420484e-30
98,109,4.2601558742504814e-30
98,110,2.2674850048581218e-30
98,111,2.3362485386760715e-30
98,112,2.5014602747520676e-30
98,113,1.0109794358182744e-30
98,114,1.0685736844722462e-30
98,115,2.5175773806591045e-30
98,116,5.347950587045304e-30
98,117,1.3163141425234776e-30
98,118,1.4638552827885106e-31
98,119,6.45753162595915e-30
98,120,1.1924754951541327e-30
98,121,9.047512891404633e-31
98,122,3.099864951033217e-30
98,123,1.3854447332142725e-30
98,124,7.024437665925857e-30
98,125,2.021704153856009e-30
98,126,2.149260320820311e-30
98,127,9.579099657154702e-31
98,128,1.3154706191657765e-30
98,129,2.0004143841737004e-30
98,130,3.544902754215447e-16
98,131,1.8927814165505673e-30
98,132,6.0884474907773334e-30
98,133,2.6793693542342156e-31
98,134,1.9297010836460536e-30
98,135,1.8074537451562887e-30
98,136,1.818159072388169e-30
98,137,1.7683984391257027e-30
98,138,9.768262864613468e-31
98,139,1.0290229932659062e-15
98,140,1.8940898945626563e-30
98,141,9.681671825372975e-31
98,142,2.997971693268487e-30
98,143,1.10966304014486e-30
98,144,3.60124500647689e-30
98,145,3.713696239809222e-30
98,146,2.6722989548357834e-30
98,147,1.680162386942069e-30
98,148,1.0712070635999946e-30
98,149,3.0840199689550096e-30
99,100,9.742951415978406e-31
99,101,1.44314396021506e-30
99,102,5.446553806111608e-31
99,103,1.6012192326423093e-30
99,104,1.8881684079459267e-30
99,105,2.3402227066966934e-30
99,106,3.426030762642981e-30
99,107,3.883148016054258e-31
99,108,1.5031911234987463e-30
99,109,3.7757049275214416e-30
99,110,2.7563394926886418e-30
99,111,2.115830971423435e-30
99,112,2.005679642267013e-30
99,113,7.904777033137183e-31
99,114,1.0362859014170494e-30
99,115,1.9146200473578058e-30
99,116,4.632875396092191e-30
99,117,1.0237812879152794e-30
99,118,1.4648458801622637e-31
99,119,4.928907170840825e-30
99,120,9.68000149851315e-31
99,121,7.250133944153453e-31
99,122,2.362420874537753e-30
99,123,1.3277795114289741e-30
99,124,6.425196429828589e-30
99,125,1.7132283760885132e-30
99,126,1.763886594161133e-30
99,127,1.1788046449005464e-30
99,128,1.4938822537922728e-30
99,129,2.1879902812812775e-30
99,130,5.791391926366349e-16
99,131,1.834461523619374e-30
99,132,5.4289284643674234e-30
99,133,2.4396789312925643e-31
99,134,1.802914532384527e-30
99,135,1.4770472920949545e-30
99,136,1.366458618135325e-30
99,137,1.3018154223926741e-30
99,138,1.158121351569764e-30
99,139,1.1266371258032699e-15
99,140,2.603074247591702e-30
99,141,1.101848436600383e-30
99,142,3.203249140617382e-30
99,143,8.228979113345661e-31
99,144,2.5320240644586452e-30
99,145,2.9871023668741596e-30
99,146,2.6495321531932665e-30
99,147,1.6308571610905854e-30
99,148,8.72487530079094e-31
99,149,3.842322215300319e-30
100,101,7.46223877607088e-31
100,102,3.578807226245607e-31
100,103,1.3340410976580367e-30
100,104,1.5074801166941162e-30
100,105,1.7886377258382773e-30
100,106,2.79616291512325e-30
100,107,1.8956358340885236e-31
100,108,1.0600459866384876e-30
100,109,1.1945376645174686e-30
100,110,1.435252797504439e-30
100,111,1.3535640673759398e-30
100,112,1.7000752300850812e-30
100,113,6.561953599823398e-31
100,114,7.570534887056658e-31
100,115,1.5153358431849643e-30
100,116,3.746304388179576e-30
100,117,8.41457776271759e-31
100,118,3.327305170877024e-32
100,119,4.178024449657123e-30
100,120,7.179957281295583e-31
100,121,5.413832325158243e-31
100,122,1.8751954488451555e-30
100,123,8.905235712988475e-31
100,124,4.943310899864861e-30
100,125,1.3157813698644425e-30
100,126,1.4209576929057051e-30
100,127,5.402896486358093e-31
100,128,4.331175661860133e-31
100,129,1.3937168585687114e-30
100,130,3.746168066909652e-30
100,131,4.931548645026294e-31
100,132,4.1473190145999116e-30
100,133,1.8774330207030121e-31
100,134,1.0951846703576677e-30
100,135,7.410798567677267e-31
100,136,1.0498526614461252e-30
100,137,1.0554725056459096e-30
100,138,5.212579896535501e-31
100,139,3.4347527901982386e-30
100,140,9.29525275908335e-31
100,141,6.893809783389632e-31
100,142,1.842313059671447e-30
100,143,6.957654689652458e-31
100,144,1.6671079262845525e-30
100,145,2.220330240659246e-30
100,146,1.7975933683715102e-30
100,147,5.426403403430569e-31
100,148,7.170858746215054e-31
100,149,2.274469032917982e-30
101,102,3.7188297491557214e-31
101,103,1.382491952728184e-30
101,104,1.652843809771768e-30
101,105,2.0788129486456293e-30
101,106,2.9059724545532423e-30
101,107,2.8650988671551414e-31
101,108,1.1879463640680524e-30
101,109,2.015589032636087e-30
101,110,2.09195482966599e-30
101,111,1.5893184908421634e-30
101,112,1.668249431731397e-30
101,113,6.449929108647346e-31
101,114,9.083102212153684e-31
101,115,1.495532797402098e-30
101,116,4.244032470648541e-30
101,117,8.953981054375572e-31
101,118,6.608236185541884e-32
101,119,3.9268897083286e-30
101,120,7.898313222330979e-31
101,121,4.991069330394724e-31
101,122,2.005401218876049e-30
101,123,1.0397470890912658e-30
101,124,5.614343013277664e-30
101,125,1.432119084339712e-30
101,126,1.5068098123162663e-30
101,127,7.949000914692405e-31
101,128,7.515051001817156e-31
101,129,1.8221248647493244e-30
101,130,4.440892098500669e-16
101,131,8.581441603360886e-31
101,132,4.65868381604611e-30
101,133,2.1294619923791986e-31
101,134,1.2615110485094251e-30
101,135,7.3953097532620335e-31
101,136,1.155607373576016e-30
101,137,9.151665835525948e-31
101,138,7.157535759929767e-31
101,139,5.4673256571031235e-30
101,140,1.9369196917324214e-30
101,141,8.942476426615334e-31
101,142,2.5085643654578225e-30
101,143,6.695623865115724e-31
101,144,1.5520631975280547e-30
101,145,2.5803267110575078e-30
101,146,2.1971961887659554e-30
101,147,7.456674840709484e-31
101,148,7.374427544128665e-31
101,149,3.0142044141581054e-30
102,103,5.840901269179918e-31
102,104,6.020691040537833e-31
102,105,7.521524918590253e-31
102,106,1.0897688289092442e-30
102,107,7.61485004714418e-32
102,108,4.541923805664521e-31
102,109,7.321720691582447e-31
102,110,5.606831701405201e-31
102,111,7.007501648369854e-31
102,112,6.183101693611685e-31
102,113,2.995517615739109e-31
102,114,2.8539157015571347e-31
102,115,7.565080327104252e-31
102,116,1.514904371900419e-30
102,117,3.6030743835970018e-31
102,118,3.507287603475715e-32
102,119,1.7233057802788125e-30
102,120,3.197535408122396e-31
102,121,2.3893044339835597e-31
102,122,9.5998452697037e-31
102,123,4.197669461504412e-31
102,124,1.8605033979315692e-30
102,125,5.57533979869111e-31
102,126,6.286624029460602e-31
102,127,1.997410386440272e-31
102,128,3.4493252546828276e-31
102,129,5.039690651018955e-31
102,130,2.482534153247277e-16
102,131,5.391090342307002e-31
102,132,1.745136892691623e-30
102,133,7.261139022793275e-32
102,134,5.366148498976092e-31
102,135,5.338280272334815e-31
102,136,4.274746035510006e-31
102,137,4.882813132943731e-31
102,138,2.26929783337896e-31
102,139,1.4042846821970877e-30
102,140,3.894951482912908e-31
102,141,2.8010303900818945e-31
102,142,8.52329103225597e-31
102,143,2.9968479896495766e-31
102,144,1.0374149143902033e-30
102,145,1.2450172127245073e-30
102,146,5.857528441131763e-31
102,147,4.1365945710747085e-31
102,148,2.957282352263973e-31
102,149,7.900782990065439e-31
103,104,2.608230525663551e-30
103,105,3.227912323639597e-30
103,106,4.868243652846461e-30
103,107,3.5046806791130016e-31
103,108,1.8840585039550124e-30
103,109,2.0817042391393885e-30
103,110,2.669967872536096e-30
103,111,2.2451623011130124e-30
103,112,2.890850927078858e-30
103,113,1.1044096527974565e-30
103,114,1.3583305538596463e-30
103,115,2.5474120646378076e-30
103,116,6.530249130586198e-30
103,117,1.4267939374374825e-30
103,118,3.0374001629882125e-32
103,119,6.929946274141597e-30
103,120,1.2809032904574185e-30
103,121,8.923197840465567e-31
103,122,3.120668602701487e-30
103,123,1.5067513675123985e-30
103,124,8.731036314936926e-30
103,125,2.302055140737996e-30
103,126,2.412524060701823e-30
103,127,9.947849476193772e-31
103,128,7.905614318924354e-31
103,129,2.5850887828348284e-30
103,130,5.328510317633713e-16
103,131,6.675239729988656e-31
103,132,8.53456750032814e-16
103,133,3.311560234931262e-31
103,134,1.794206850199984e-30
103,135,1.2096210371874857e-30
103,136,1.731533898305103e-30
103,137,1.697159724768755e-30
103,138,9.803753243813092e-31
103,139,6.856513037526982e-30
103,140,1.994589454319425e-30
103,141,1.2651655034267522e-30
103,142,3.165144248336862e-30
103,143,1.1565924820897637e-30
103,144,2.6075395225634964e-30
103,145,3.6924106321432645e-30
103,146,3.1920351548173765e-30
103,147,7.419644992044976e-31
103,148,1.2237129815211857e-30
103,149,1.5781515132850202e-16
104,105,3.642370776264696e-30
104,106,5.577457226455866e-30
104,107,4.244881919887498e-31
104,108,2.11053713900267e-30
104,109,3.2691601997176444e-30
104,110,3.256128540778978e-30
104,111,2.656962425372836e-30
104,112,3.3658782239806796e-30
104,113,1.2629054205348948e-30
104,114,1.5933489468493466e-30
104,115,2.8841024044097326e-30
104,116,7.605299759699493e-30
104,117,1.6348010088798063e-30
104,118,5.762748933660703e-32
104,119,7.966663789677158e-30
104,120,1.417848012241711e-30
104,121,1.036613554132506e-30
104,122,3.4780970194465545e-30
104,123,1.7876405717775328e-30
104,124,1.0200301276112452e-29
104,125,2.6404161622966447e-30
104,126,2.7635492764341934e-30
104,127,1.2383452497845817e-30
104,128,8.265590746287808e-31
104,129,3.0608505239003044e-30
104,130,4.452261667131177e-16
104,131,7.084395683430505e-31
104,132,8.323286232487747e-30
104,133,3.851607583688495e-31
104,134,2.1580650790725575e-30
104,135,1.2716018616407593e-30
104,136,2.0897824682588223e-30
104,137,1.903580735337725e-30
104,138,1.2098892388257027e-30
104,139,5.95977877100832e-16
104,140,2.5992586297005147e-30
104,141,1.522929490022536e-30
104,142,3.8379013844102735e-30
104,143,1.3277000504777639e-30
104,144,2.7681857320695572e-30
104,145,4.217091634748456e-30
104,146,3.897929710520866e-30
104,147,8.216059169378942e-31
104,148,1.402978901993084e-30
104,149,5.104048115351127e-30
105,106,6.707805847816333e-30
105,107,5.506669774266848e-31
105,108,2.599053951183823e-30
105,109,4.1472613755950934e-16
105,110,3.912840342158288e-30
105,111,3.2146879637391694e-30
105,112,4.026622190760073e-30
105,113,1.5079475158302968e-30
105,114,1.9575858940533995e-30
105,115,3.362437271417634e-30
105,116,9.281630619580364e-30
105,117,1.9676085180872896e-30
105,118,1.1413850386182761e-31
105,119,9.471879808633884e-30
105,120,1.752839282464842e-30
105,121,1.1988086952920118e-30
105,122,4.1870174680517764e-30
105,123,2.1389449020838916e-30
105,124,1.2431367326723678e-29
105,125,3.1859530231808306e-30
105,126,3.318090342082087e-30
105,127,1.63404027317928e-30
105,128,1.3277187556930946e-30
105,129,3.773824049803548e-30
105,130,4.762124010896779e-16
105,131,1.5520548797042945e-30
105,132,1.0029713427526439e-29
105,133,4.687810017520193e-31
105,134,2.4910365785925143e-30
105,135,1.5339700060243769e-30
105,136,2.5579986961465183e-30
105,137,2.2522184246650343e-30
105,138,1.5177828505389935e-30
105,139,4.053169429671457e-16
105,140,3.5914579433644134e-30
105,141,1.9131514002893244e-30
105,142,4.9506650206375125e-30
105,143,1.581410544621904e-30
105,144,3.4741553216815394e-30
105,145,5.068243991750364e-30
105,146,4.791805076601963e-30
105,147,1.2701621696358247e-30
105,148,1.683682071761704e-30
105,149,6.355419750982464e-30
106,107,7.635300181730893e-31
106,108,3.902103030906323e-30
106,109,4.956118039281808e-30
106,110,5.8618135263256014e-30
106,111,4.8645387166782546e-30
106,112,6.2453496150326174e-30
106,113,2.339614173691107e-30
106,114,2.9178652257123655e-30
106,115,5.27884856770367e-30
106,116,1.3957868291612708e-29
106,117,3.019240104899911e-30
106,118,5.23715897786821e-32
106,119,1.4791916186539414e-29
106,120,2.6279490975901367e-30
106,121,1.9131153010310448e-30
106,122,6.386890819526794e-30
106,123,3.284236922774158e-30
106,124,1.8753475359623265e-29
106,125,4.8819924394767325e-30
106,126,5.093112469224451e-30
106,127,2.2686876377484004e-30
106,128,1.4733838885661937e-30
106,129,5.579146417875104e-30
106,130,6.013317210377754e-16
106,131,1.0184767508133175e-30
106,132,1.5283571164005397e-29
106,133,7.0800404334633585e-31
106,134,3.919697589260058e-30
106,135,2.3609221699125874e-30
106,136,3.860807500162762e-30
106,137,3.532403014220405e-30
106,138,2.1051494257599714e-30
106,139,3.48433363599571e-16
106,140,4.480022896005012e-30
106,141,2.774467546305081e-30
106,142,6.934509127730728e-30
106,143,2.463975245551638e-30
106,144,5.051981523666941e-30
106,145,7.649247905663213e-30
106,146,7.139991964587557e-30
106,147,1.5017745720742505e-30
106,148,2.5929320015941175e-30
106,149,9.23082699397062e-30
107,108,2.952208527920184e-31
107,109,6.502410649325498e-31
107,110,5.652830303166526e-31
107,111,4.368792324902895e-31
107,112,4.550999163530316e-31
107,113,1.6731764366345888e-31
107,114,2.3733744873987676e-31
107,115,3.895161883526597e-31
107,116,1.0865248390921678e-30
107,117,2.2842760493399126e-31
107,118,2.2182034472513497e-32
107,119,1.0299656553279193e-30
107,120,2.0970062797856986e-31
107,121,1.418217948752976e-31
107,122,4.4682710191502835e-31
107,123,2.5418479961997154e-31
107,124,1.472607085396403e-30
107,125,3.936037443052971e-31
107,126,3.690906153845414e-31
107,127,2.4489288222691417e-31
107,128,2.411068343244942e-31
107,129,4.882994284802066e-31
107,130,2.4879094141345704e-30
107,131,2.925976584721675e-31
107,132,1.1547542432871614e-30
107,133,5.512333152706878e-32
107,134,3.4243323358919206e-31
107,135,2.3192752207621417e-31
107,136,3.2221872252151565e-31
107,137,2.338684891463071e-31
107,138,2.2904525863407276e-31
107,139,1.3946298382714948e-30
107,140,5.511831917290638e-31
107,141,2.6264278759838676e-31
107,142,6.732182801097716e-31
107,143,1.7719278864271352e-31
107,144,3.5710955572545185e-31
107,145,5.729579487555682e-31
107,146,6.093812271191508e-31
107,147,2.479788123189056e-31
107,148,1.8861549597188961e-31
107,149,8.847950875603901e-31
108,109,1.7292941984787947e-30
108,110,2.303965022907274e-30
108,111,1.8549909943117787e-30
108,112,2.322024985808271e-30
108,113,8.845064531770504e-31
108,114,1.1148624995515898e-30
108,115,2.0133929091093134e-30
108,116,5.229084733481195e-30
108,117,1.1493730292128926e-30
108,118,3.636554844230759e-32
108,119,5.542215155394987e-30
108,120,1.0250323057818361e-30
108,121,7.1219251042947135e-31
108,122,2.5025377742591194e-30
108,123,1.3055933546916504e-30
108,124,7.111262816816093e-30
108,125,1.885682943120702e-30
108,126,1.9526753653981054e-30
108,127,8.176957621656097e-31
108,128,6.385640661894067e-31
108,129,2.1608041745776776e-30
108,130,4.2670650841583563e-16
108,131,5.054870491202465e-31
108,132,5.8988125814138755e-30
108,133,2.6984373977587265e-31
108,134,1.5256677605982548e-30
108,135,9.996630970305452e-31
108,136,1.4414421890674363e-30
108,137,1.3393789195176885e-30
108,138,7.321188162884143e-31
108,139,5.55118203832532e-16
108,140,1.787074063059768e-30
108,141,1.0462514692056137e-30
108,142,2.704859923345204e-30
108,143,9.2432910735278e-31
108,144,2.0272073298430935e-30
108,145,3.0464396596112417e-30
108,146,2.72520011284521e-30
108,147,5.758594958328961e-31
108,148,9.848876096690534e-31
108,149,3.4141963317096465e-30
109,110,7.509830106554092e-16
109,111,3.7347188696939566e-30
109,112,3.028355771179465e-30
109,113,1.1194805351437478e-30
109,114,1.5633136506868331e-30
109,115,3.287194376416465e-30
109,116,6.741805892158177e-16
109,117,1.4896429389674176e-30
109,118,2.204410689606552e-31
109,119,6.579436938732243e-30
109,120,1.7262558760501125e-30
109,121,1.1420519264130442e-30
109,122,2.6417384070935885e-30
109,123,1.603429385157032e-30
109,124,9.668200463580624e-30
109,125,2.9013842590484218e-30
109,126,2.2583693166024183e-30
109,127,2.1631212361668634e-30
109,128,2.1178596052756774e-30
109,129,3.7549383461444625e-30
109,130,8.716740574584226e-16
109,131,3.1224636831187886e-30
109,132,6.202461369993995e-16
109,133,3.5467624875714866e-31
109,134,1.1445231709044298e-16
109,135,3.03461603134977e-30
109,136,2.898246951113873e-30
109,137,1.5366386697661538e-30
109,138,2.588251834033621e-30
109,139,2.01380375458233e-15
109,140,4.366461082550317e-30
109,141,2.2228808996207617e-30
109,142,5.100260496586836e-30
109,143,1.1896048069126038e-30
109,144,4.459482960849914e-30
109,145,3.8565587334599776e-30
109,146,4.4816176025461506e-30
109,147,2.4515080851552147e-30
109,148,1.1825425991664332e-30
109,149,5.183974595526263e-16
110,111,3.086310927463027e-30
110,112,3.444723892430351e-30
110,113,1.2696903138203888e-30
110,114,1.7829620025899323e-30
110,115,3.1054600816436218e-30
110,116,7.90789296523635e-30
110,117,1.7289182627460645e-30
110,118,1.2319294837669464e-31
110,119,7.764572822197894e-30
110,120,1.5438737869352046e-30
110,121,1.0970340140351747e-30
110,122,3.426754657079028e-30
110,123,2.023277007716509e-30
110,124,1.1094391865437333e-29
110,125,3.023630895424323e-30
110,126,2.8102389194762447e-30
110,127,1.6815639274950853e-30
110,128,1.4234868356703953e-30
110,129,3.8141685093186446e-30
110,130,9.154156698336054e-16
110,131,1.6158852504949217e-30
110,132,8.971965520591093e-30
110,133,4.169307394553649e-31
110,134,2.6507023535650275e-30
110,135,1.5284393947010666e-30
110,136,2.305550177049035e-30
110,137,1.742839273420231e-30
110,138,1.5378051857101637e-30
110,139,5.301631111486899e-16
110,140,3.8190163246172905e-30
110,141,1.9134412846404948e-30
110,142,4.497671595533698e-30
110,143,1.3417459102564642e-30
110,144,2.3493525530886802e-30
110,145,4.44914951015959e-30
110,146,4.6384651982951496e-30
110,147,1.4084677350271506e-30
110,148,5.676167347370543e-16
110,149,6.53532381391328e-30
111,112,2.9273459629213986e-30
111,113,1.1107379423943802e-30
111,114,1.4224114037852442e-30
111,115,2.562692800088485e-30
111,116,6.713622034517763e-30
111,117,1.436602674672592e-30
111,118,1.4607603350096519e-31
111,119,7.007803013406999e-30
111,120,1.2488238335786725e-30
111,121,8.929731662780953e-31
111,122,3.208777398587121e-30
111,123,1.599914863527467e-30
111,124,9.020417839944695e-30
111,125,2.3096424314781415e-30
111,126,2.4495999084345517e-30
111,127,1.3718934729664175e-30
111,128,1.4711101398244449e-30
111,129,2.7931581407339525e-30
111,130,4.275169607423138e-16
111,131,2.0338994488729148e-30
111,132,7.357474921915556e-30
111,133,3.4010321019341375e-31
111,134,1.9015886568606633e-30
111,135,1.668869410957661e-30
111,136,1.8738286376425313e-30
111,137,1.761259804927117e-30
111,138,1.2652107163737706e-30
111,139,7.569498592318814e-30
111,140,2.9752279388808656e-30
111,141,1.4671187684898653e-30
111,142,3.691914302452852e-30
111,143,1.1638522518777238e-30
111,144,3.1277349590694644e-30
111,145,3.9143696228448524e-30
111,146,3.5752730492417525e-30
111,147,1.630070259447317e-30
111,148,1.2322562532089029e-30
111,149,4.8629610470192525e-30
112,113,1.4246983407412355e-30
112,114,1.7516098566156744e-30
112,115,3.1415926409391466e-30
112,116,8.460795294596225e-30
112,117,1.8233479422886763e-30
112,118,3.7713535962705657e-32
112,119,9.075560332884476e-30
112,120,1.5939035466025872e-30
112,121,1.1807469647683214e-30
112,122,3.780391365158163e-30
112,123,1.9911644128066373e-30
112,124,1.132622192542078e-29
112,125,2.9377414835138965e-30
112,126,3.0606886489654923e-30
112,127,1.4490498349725721e-30
112,128,8.974613880245215e-31
112,129,3.315844825650017e-30
112,130,3.342213888644093e-16
112,131,5.574767149139452e-31
112,132,9.119215950551313e-30
112,133,4.26028937731217e-31
112,134,2.3423260961568265e-30
112,135,1.4188806411621005e-30
112,136,2.403670878214612e-30
112,137,2.1559821369066156e-30
112,138,1.3224394040968593e-30
112,139,8.108234010554269e-30
112,140,2.6353408826561557e-30
112,141,1.678540420887527e-30
112,142,4.158316113960911e-30
112,143,1.5093218449691216e-30
112,144,3.0035340665149574e-30
112,145,4.469847032114024e-30
112,146,4.350927199720147e-30
112,147,9.299789275830578e-31
112,148,1.5674130397965025e-30
112,149,5.5720756273246194e-30
113,114,6.513744417883613e-31
113,115,1.2250234686226102e-30
113,116,3.162732554508679e-30
113,117,6.924415405144283e-31
113,118,3.0405624753105955e-32
113,119,3.422887811943984e-30
113,120,5.967089470247716e-31
113,121,4.396867642896852e-31
113,122,1.5267304760867767e-30
113,123,7.455647985808171e-31
113,124,4.214463920550683e-30
113,125,1.0975961906574161e-30
113,126,1.1729866677850415e-30
113,127,5.3490313061326e-31
113,128,3.3311275166592953e-31
113,129,1.2250413497426382e-30
113,130,3.3335590258932366e-16
113,131,5.13183136413579e-31
113,132,3.4693911867474094e-30
113,133,1.59316203144614e-31
113,134,8.93123265163965e-31
113,135,6.029056113656091e-31
113,136,8.827247067138747e-31
113,137,8.438937110780633e-31
113,138,4.828652049735116e-31
113,139,3.059250744390878e-30
113,140,9.698828954171208e-31
113,141,6.1308993920196525e-31
113,142,1.5564689459703588e-30
113,143,5.686814595140956e-31
113,144,1.3440352704420867e-30
113,145,1.8313663630149618e-30
113,146,1.591349554008869e-30
113,147,4.192014489626754e-31
113,148,5.9375816445065895e-31
113,149,2.0337703031839243e-30
114,115,1.4615686629579313e-30
114,116,4.0384456722215946e-30
114,117,8.55474018693039e-31
114,118,1.1091017236256746e-32
114,119,4.0684336668969124e-30
114,120,7.5503980657893415e-31
114,121,5.257586803464806e-31
114,122,1.7696943723157303e-30
114,123,9.464006732212763e-31
114,124,5.438074458252836e-30
114,125,1.3987232503192408e-30
114,126,1.434405312886045e-30
114,127,6.92942176780459e-31
114,128,4.576050285352468e-31
114,129,1.6687535972552467e-30
114,130,6.2707609078260134e-30
114,131,2.983470026911061e-31
114,132,4.378880517480044e-30
114,133,2.0486680901565854e-31
114,134,1.1262375647390413e-30
114,135,6.4742676310256125e-31
114,136,1.1173821280956412e-30
114,137,9.323594041037191e-31
114,138,6.302646530081797e-31
114,139,4.439599121298507e-30
114,140,1.4933419923015822e-30
114,141,8.377644925981043e-31
114,142,2.106298319893526e-30
114,143,6.839475535929065e-31
114,144,1.2930588795308114e-30
114,145,2.1854760493424246e-30
114,146,2.1141477861018538e-30
114,147,4.102922457463939e-31
114,148,7.293974556613393e-31
114,149,2.780450875597789e-30
115,116,6.960810234696797e-30
115,117,1.5696847799114003e-30
115,118,1.3323834606796872e-31
115,119,7.707615688340751e-30
115,120,1.338855861345024e-30
115,121,1.038877289338328e-30
115,122,3.5393851347407035e-30
115,123,1.6748390448636678e-30
115,124,9.397676798699253e-30
115,125,2.5284524404230188e-30
115,126,2.6581713096755803e-30
115,127,1.1399935326378346e-30
115,128,1.3009261358402763e-30
115,129,2.854997733664298e-30
115,130,2.767087861842222e-16
115,131,1.7997618021901687e-30
115,132,7.927221165411415e-30
115,133,3.5699074022694013e-31
115,134,2.1457643759433716e-30
115,135,1.615577548482323e-30
115,136,1.8691601783810927e-30
115,137,1.991435497993405e-30
115,138,1.1252348195786773e-30
115,139,2.1677797545656657e-16
115,140,2.566073871990347e-30
115,141,1.3979931189354864e-30
115,142,3.531317255511143e-30
115,143,1.2896603619961456e-30
115,144,3.3254158098533845e-30
115,145,4.184806085182096e-30
115,146,3.596172255784809e-30
115,147,1.5248267780907944e-30
115,148,1.340261602055973e-30
115,149,4.7836297750154605e-30
116,117,4.106616104795126e-30
116,118,1.1697030919678144e-31
116,119,1.998320021911415e-29
116,120,3.6270755623442046e-30
116,121,2.4967618819440832e-30
116,122,8.768225520446405e-30
116,123,4.3960063959698846e-30
116,124,2.5814716962975543e-29
116,125,6.459577772223697e-30
116,126,6.95503139617327e-30
116,127,3.2045410571697015e-30
116,128,2.1297576561490457e-30
116,129,7.675651322051171e-30
116,130,9.971651107716463e-16
116,131,1.5096446249678139e-30
116,132,2.079488262952509e-29
116,133,9.730929478044987e-31
116,134,5.1360148213628785e-30
116,135,3.090917350509982e-30
116,136,5.3868631770324935e-30
116,137,4.697169040743102e-30
116,138,3.1470835642748832e-30
116,139,6.734660361912748e-16
116,140,6.695768138952114e-30
116,141,3.844337469909373e-30
116,142,9.864051421248997e-30
116,143,3.322903653816549e-30
116,144,7.0794522373126e-30
116,145,1.0694239304140466e-29
116,146,9.633955801300217e-30
116,147,1.9721399073627886e-30
116,148,2.38863296892748e-16
116,149,1.2509698192667961e-29
117,118,5.689638467780155e-32
117,119,4.3884809891753305e-30
117,120,7.705353021705377e-31
117,121,5.62043715737304e-31
117,122,1.945378683288136e-30
117,123,9.684170288535788e-31
117,124,5.486821689415211e-30
117,125,1.4186226468483712e-30
117,126,1.5134074616823122e-30
117,127,6.5108664345322415e-31
117,128,5.535313742830862e-31
117,129,1.6345799452654986e-30
117,130,1.745790404657119e-16
117,131,7.118558509095364e-31
117,132,4.5117728005462996e-30
117,133,2.075980961578046e-31
117,134,1.1504772682402647e-30
117,135,7.501125600344832e-31
117,136,1.1269234130698013e-30
117,137,1.0830106068948947e-30
117,138,5.948004207006073e-31
117,139,4.347164841630122e-30
117,140,1.4527832179879241e-30
117,141,8.085873388019643e-31
117,142,2.0641304174242033e-30
117,143,7.291590818805836e-31
117,144,1.6840935379028352e-30
117,145,2.331120022196833e-30
117,146,2.071474051948183e-30
117,147,6.575130286693364e-31
117,148,7.653868102179944e-31
117,149,2.676627155946856e-30
118,119,1.455700138375334e-31
118,120,5.33349940435038e-32
118,121,4.8661640634052556e-32
118,122,1.1426946152163219e-31
118,123,3.8824749017304903e-32
118,124,4.093922676283244e-32
118,125,1.0059596960571416e-31
118,126,4.2233335392278594e-32
118,127,6.95403242899758e-32
118,128,9.746142652041998e-32
118,129,5.969476655021079e-32
118,130,6.554621259391067e-31
118,131,1.3052203918161152e-31
118,132,7.691582470314533e-32
118,133,0.0
118,134,1.1898637961214821e-31
118,135,1.0433273400940747e-31
118,136,9.062496245087297e-32
118,137,5.54550861812837e-32
118,138,7.366086802393661e-32
118,139,2.2813439019252393e-31
118,140,1.2212715885241083e-31
118,141,5.920982946307063e-32
118,142,1.9621645214565113e-31
118,143,4.4558601727282535e-32
118,144,1.6292143719518141e-31
118,145,1.6025104683834114e-31
118,146,7.0827456640262e-32
118,147,1.1146334373608826e-31
118,148,2.2182034472513492e-32
118,149,2.08783681603423e-31
119,120,3.777956957387636e-30
119,121,2.8239238386099034e-30
119,122,9.500086794443143e-30
119,123,4.699696459918878e-30
119,124,2.64725437841562e-29
119,125,6.914536482917474e-30
119,126,7.397400269479109e-30
119,127,3.186002181718252e-30
119,128,2.1479876732551604e-30
119,129,7.557474634176629e-30
119,130,1.0656173479597868e-15
119,131,2.2031316031668527e-30
119,132,2.1753526186511642e-29
119,133,1.000312963197586e-30
119,134,5.634661328177574e-30
119,135,3.619734283897015e-30
119,136,5.649419779988245e-30
119,137,5.383618908373125e-30
119,138,2.939507755722437e-30
119,139,1.8193564148460634e-29
119,140,5.530078737357065e-30
119,141,3.773867656748965e-30
119,142,9.75425982685856e-30
119,143,3.633986704911003e-30
119,144,8.137932381659526e-30
119,145,1.1221229121114015e-29
119,146,9.883293503861478e-30
119,147,2.5681043497020438e-30
119,148,3.758446053347915e-30
119,149,1.2496831103453944e-29
120,121,4.805647648975788e-31
120,122,1.6550080984188102e-30
120,123,8.615085777028074e-31
120,124,4.825741375420511e-30
120,125,1.2475799403867166e-30
120,126,1.3014024193654015e-30
120,127,6.603812449265649e-31
120,128,6.260055539244271e-31
120,129,1.4489283205325716e-30
120,130,2.4236514457283204e-16
120,131,7.533268926066209e-31
120,132,3.889198197371373e-30
120,133,1.8183553108157855e-31
120,134,9.711921821889322e-31
120,135,7.173779851935027e-31
120,136,1.046959745308669e-30
120,137,9.183558307669597e-31
120,138,6.063933438089036e-31
120,139,6.764620867324404e-16
120,140,1.3745849293744156e-30
120,141,7.373091106336129e-31
120,142,1.8360578326526573e-30
120,143,6.281265184208059e-31
120,144,1.4603831462704223e-30
120,145,1.9733954206245317e-30
120,146,1.8632476074299372e-30
120,147,5.999431041482863e-31
120,148,6.616551622059181e-31
120,149,2.402390210623926e-30
121,122,1.1904603277110728e-30
121,123,6.072288010738877e-31
121,124,3.4074940586899495e-30
121,125,9.220782962374627e-31
121,126,9.332939697284532e-31
121,127,4.603070993437832e-31
121,128,4.905093442683764e-31
121,129,1.021350356808979e-30
121,130,1.9229626863835515e-16
121,131,6.263916291858489e-31
121,132,2.7698393601343396e-30
121,133,1.2817841507875216e-31
121,134,7.6759730595524505e-31
121,135,5.374115031938682e-31
121,136,7.157832527356587e-31
121,137,7.110788488033934e-31
121,138,4.209734851541487e-31
121,139,2.7199974651821258e-30
121,140,9.414102233509833e-31
121,141,5.2261390719969845e-31
121,142,1.229665988898617e-30
121,143,4.721775940143326e-31
121,144,1.0695161348282568e-30
121,145,1.3449450817348233e-30
121,146,1.3455675895251858e-30
121,147,5.546454190410404e-31
121,148,4.797970901656977e-31
121,149,1.7505264647618145e-30
122,123,2.1308694920493612e-30
122,124,1.1411389457227114e-29
122,125,2.977258094779143e-30
122,126,3.3658682534468334e-30
122,127,1.0970500641597218e-30
122,128,1.0875839351910151e-30
122,129,3.26786027465839e-30
122,130,9.454545322229349e-16
122,131,1.6116661037758475e-30
122,132,9.823060667168498e-30
122,133,4.366324024720066e-31
122,134,2.527228980998997e-30
122,135,1.9295653595704716e-30
122,136,2.356618831444752e-30
122,137,2.4494119281432682e-30
122,138,1.0754637478321519e-30
122,139,3.585982254427496e-16
122,140,2.531808615809805e-30
122,141,1.578452337891213e-30
122,142,4.413815628319843e-30
122,143,1.5828397874739507e-30
122,144,4.3049218363652494e-30
122,145,5.723593797352643e-30
122,146,4.020964080882353e-30
122,147,1.4446248108208439e-30
122,148,1.6583366042288534e-30
122,149,5.0719264818619475e-30
123,124,6.0417005654064065e-30
123,125,1.589367976933957e-30
123,126,1.6488928777003086e-30
123,127,8.230209131687203e-31
123,128,5.408362527924171e-31
123,129,1.8459440926184434e-30
123,130,8.154897974818034e-16
123,131,6.704325681607141e-31
123,132,5.0025860159991136e-30
123,133,2.2842048778351654e-31
123,134,1.3206482690907988e-30
123,135,8.802348781811234e-31
123,136,1.2869049329679886e-30
123,137,1.1241668770165461e-30
123,138,6.7937333544338895e-31
123,139,3.42198114963077e-16
123,140,1.5784291939574342e-30
123,141,9.142616401521762e-31
123,142,2.324065354310482e-30
123,143,7.826799508642011e-31
123,144,1.7421323056872727e-30
123,145,2.6876525500466885e-30
123,146,2.4218961938068746e-30
123,147,4.926637802660821e-31
123,148,8.30160607952832e-31
123,149,2.944711677217102e-30
124,125,8.913385395329539e-30
124,126,9.229920343930462e-30
124,127,4.356815987725074e-30
124,128,2.7939317568390055e-30
124,129,1.0485879541120795e-29
124,130,3.1524274001215346e-16
124,131,1.7420294614517184e-30
124,132,2.7972158506083505e-29
124,133,1.3066753270254265e-30
124,134,7.147912963594497e-30
124,135,4.159482448940697e-30
124,136,7.156255959022185e-30
124,137,6.143407176463898e-30
124,138,3.9796508579742206e-30
124,139,1.863193152831434e-16
124,140,9.061450409247325e-30
124,141,5.263546753901991e-30
124,142,1.319769264879152e-29
124,143,4.4288387269628064e-30
124,144,8.575920896979594e-30
124,145,1.3943271971794486e-29
124,146,1.338754723733146e-29
124,147,2.604074623422173e-30
124,148,4.6979568114356565e-30
124,149,1.7452663200826092e-29
125,126,2.3834116454235818e-30
125,127,1.2013115068907239e-30
125,128,1.0156706799466858e-30
125,129,2.775641903270637e-30
125,130,2.5143319276600917e-16
125,131,1.3506357681034869e-30
125,132,7.246225447561732e-30
125,133,3.3605176267997934e-31
125,134,1.9262521069034777e-30
125,135,1.197361648086852e-30
125,136,1.8174875892883537e-30
125,137,1.679451514653279e-30
125,138,1.0652662536734505e-30
125,139,2.3592239273284754e-16
125,140,2.597298395406225e-30
125,141,1.4015625385735452e-30
125,142,3.3893124629432705e-30
125,143,1.1555582491979281e-30
125,144,2.4756801307507665e-30
125,145,3.54052827883114e-30
125,146,3.564776357352866e-30
125,147,1.1263305544355917e-30
125,148,1.2177829619131411e-30
125,149,4.662623912444949e-30
126,127,1.0346336062668877e-30
126,128,7.047333330415657e-31
126,129,2.696456342717626e-30
126,130,4.880958247318886e-16
126,131,7.452757498713648e-31
126,132,7.67731849088402e-30
126,133,3.5016605532375083e-31
126,134,1.951814258188782e-30
126,135,1.254006997553029e-30
126,136,1.8984682131676708e-30
126,137,1.8135517659665588e-30
126,138,9.572277642209e-31
126,139,6.984310078526355e-30
126,140,2.0983745916542633e-30
126,141,1.3219054197643399e-30
126,142,3.480090289496965e-30
126,143,1.2286066026361219e-30
126,144,2.8308803329955727e-30
126,145,4.09915298022814e-30
126,146,3.421278013960356e-30
126,147,8.124207272602383e-31
126,148,1.297839440097338e-30
126,149,4.344153506296588e-30
127,128,7.474495526190095e-31
127,129,1.4363057657346452e-30
127,130,6.465098190906595e-16
127,131,9.363780055342161e-31
127,132,3.1912977593883745e-30
127,133,1.600298291266793e-31
127,134,1.0348205115127214e-30
127,135,7.911295495702729e-31
127,136,1.0529875060499016e-30
127,137,6.653445842081321e-31
127,138,7.599777087896303e-31
127,139,4.0065471159140536e-30
127,140,1.6691596721339594e-30
127,141,8.597018501963263e-31
127,142,2.0245037811437397e-30
127,143,5.508556866535769e-31
127,144,8.859008980443825e-31
127,145,1.547770467974199e-30
127,146,1.9208662292613177e-30
127,147,7.772075545674567e-31
127,148,5.429888031838139e-31
127,149,2.7923615614131403e-30
128,129,1.003443255508579e-30
128,130,5.639318948835424e-16
128,131,1.2764596161958213e-30
128,132,2.1585650926844197e-30
128,133,1.0376884804068905e-31
128,134,1.1569400416552071e-30
128,135,1.0001718975481382e-30
128,136,9.176152514308229e-31
128,137,6.219644647760413e-31
128,138,7.297941922165326e-31
128,139,5.647430841603205e-16
128,140,1.5312956024282173e-30
128,141,6.9413361649494396e-31
128,142,2.0373157163796614e-30
128,143,4.202631426401448e-31
128,144,1.5311954676204032e-30
128,145,1.5339193895122722e-30
128,146,1.2736601137963496e-30
128,147,1.0845419469895928e-30
128,148,3.62211110368441e-31
128,149,2.2936671816220334e-30
129,130,2.9750381175162576e-16
129,131,8.623296164381369e-31
129,132,8.401848429656102e-30
129,133,3.944342141744919e-31
129,134,2.2997219104017045e-30
129,135,1.2914955454413183e-30
129,136,2.1510048955226188e-30
129,137,1.6896997276747993e-30
129,138,1.2861621209254778e-30
129,139,5.026748538604305e-16
129,140,3.196765879233691e-30
129,141,1.7040935856007724e-30
129,142,4.162272343429563e-30
129,143,1.2900042498770462e-30
129,144,2.2422096955746858e-30
129,145,4.116560512116506e-30
129,146,4.2355907300648624e-30
129,147,8.913822466063794e-31
129,148,1.3782244842916194e-30
129,149,5.704809725685942e-30
130,131,4.440894216082452e-16
130,132,1.0467672762714177e-15
130,133,1.397570607956994e-30
130,134,3.053113317719198e-16
130,135,8.588843497319397e-16
130,136,5.495323605393191e-16
130,137,4.0341712271347046e-30
130,138,5.251601356122251e-16
130,139,1.4497893465222962e-15
130,140,1.6927844872239536e-29
130,141,3.1401849173675074e-16
130,142,5.768157721101676e-16
130,143,2.2247786310271745e-16
130,144,6.7010641214364965e-16
130,145,1.2980183602702127e-15
130,146,5.99039979373617e-16
130,147,7.490980930284995e-30
130,148,4.466298662838927e-30
130,149,6.955495202726568e-16
131,132,1.687284921322859e-30
131,133,6.663188790803034e-32
131,134,1.5470550801791702e-30
131,135,1.5346268603898629e-30
131,136,1.1950322270351516e-30
131,137,7.819187568854743e-31
131,138,9.756726106910641e-31
131,139,2.9021996350495314e-30
131,140,1.664457145260448e-30
131,141,8.924321375071144e-31
131,142,2.6204440088005374e-30
131,143,5.952247007795416e-31
131,144,2.4164208013868663e-30
131,145,2.4825777419345392e-30
131,146,1.087198195358581e-30
131,147,1.4576651034948608e-30
131,148,3.322036018585371e-31
131,149,2.8560088469155127e-30
132,133,1.0600770843826825e-30
132,134,5.960874175716669e-30
132,135,3.592119145452456e-30
132,136,5.660613953013583e-30
132,137,5.222088960884988e-30
132,138,2.9720156334115163e-30
132,139,5.516372921228639e-16
132,140,6.872299491817444e-30
132,141,4.108506698953756e-30
132,142,1.0660526950842469e-29
132,143,3.6257263844124904e-30
132,144,7.738592046207164e-30
132,145,1.2037347059820938e-29
132,146,1.0616197386203961e-29
132,147,2.2027003100188204e-30
132,148,3.51992969751533e-16
132,149,1.3592113835295519e-29
133,134,2.7027213836463737e-31
133,135,1.5845713705838786e-31
133,136,2.678990013314514e-31
133,137,2.3386848914630714e-31
133,138,1.4618404568157371e-31
133,139,1.0348828693124865e-30
133,140,3.3643300600484605e-31
133,141,1.9653999488590316e-31
133,142,4.968176606998587e-31
133,143,1.672044417336253e-31
133,144,3.314032444611764e-31
133,145,5.333734242188706e-31
133,146,5.013152361571849e-31
133,147,9.860761315262645e-32
133,148,1.77767402686456e-31
133,149,6.51086208639349e-31
134,135,1.2594154808512897e-30
134,136,1.431229846978259e-30
134,137,1.4336180328265293e-30
134,138,9.752309888244696e-31
134,139,3.7342925977427487e-16
134,140,2.332761386929611e-30
134,141,1.1538216328179037e-30
134,142,2.8750486512774252e-30
134,143,9.400862855881203e-31
134,144,2.406211061669848e-30
134,145,3.05993673772011e-30
134,146,2.957799325721631e-30
134,147,1.3306295671487409e-30
134,148,9.869341203424767e-31
134,149,3.904438769681273e-30
135,136,9.433811606898573e-31
135,137,1.023064841019498e-30
135,138,7.921581430809572e-31
135,139,6.760437950793162e-16
135,140,1.4949330423978626e-30
135,141,7.84928373591303e-31
135,142,2.041452456478005e-30
135,143,6.304504576385034e-31
135,144,2.4215572355056772e-30
135,145,2.565794277751268e-30
135,146,1.668015218521183e-30
135,147,1.1741694356350332e-30
135,148,6.150618404767935e-31
135,149,2.509968552129686e-30
136,137,1.3456115700450477e-30
136,138,9.990724934620862e-31
136,139,8.672229761157096e-16
136,140,2.1574539394399872e-30
136,141,1.1432581058310828e-30
136,142,2.774754309627463e-30
136,143,9.351793257579921e-31
136,144,2.1333840600471708e-30
136,145,2.8443367191549394e-30
136,146,2.844236048247127e-30
136,147,1.0121499186741116e-30
136,148,9.6925800598058e-31
136,149,3.761948870579259e-30
137,138,6.643793527506932e-31
137,139,4.058962340409685e-30
137,140,9.929925075362212e-31
137,141,8.448226886516274e-31
137,142,2.3359259508909775e-30
137,143,9.016389192578303e-31
137,144,2.2825187167836036e-30
137,145,2.885100811073196e-30
137,146,2.1925826766685117e-30
137,147,8.02616933336659e-31
137,148,9.13626838777258e-31
137,149,2.789436295851806e-30
138,139,5.742118132628181e-16
138,140,1.5565912118350481e-30
138,141,7.853544597249329e-31
138,142,2.022069577630929e-30
138,143,5.0169734215064555e-31
138,144,1.0513393821219163e-30
138,145,1.3969997986522696e-30
138,146,1.695364426631525e-30
138,147,8.189543838633421e-31
138,148,5.028229306947082e-31
138,149,2.780877047217889e-30
139,140,9.356149613331895e-30
139,141,4.682711135677981e-30
139,142,1.7554167342883856e-16
139,143,3.2375289110142505e-30
139,144,8.209037017464917e-16
139,145,3.477763656540208e-16
139,146,6.137686022615901e-16
139,147,2.9483025276502543e-30
139,148,2.301370753934465e-16
139,149,9.268652044861485e-16
140,141,1.773093667496774e-30
140,142,4.58157927527545e-30
140,143,1.0829535321316726e-30
140,144,1.6117017693271367e-30
140,145,3.615589343672316e-30
140,146,3.9601220305727604e-30
140,147,1.455895630397234e-30
140,148,1.088230765367579e-30
140,149,5.9911207237164396e-30
141,142,2.1953245307805006e-30
141,143,6.472041377448023e-31
141,144,1.221329677638251e-30
141,145,1.9650295507180315e-30
141,146,2.1989429981329992e-30
141,147,6.695640624959841e-31
141,148,6.811659077132482e-31
141,149,3.0785798960025438e-30
142,143,1.629559002348442e-30
142,144,3.949277706586519e-30
142,145,5.513656283869425e-30
142,146,5.3845985376776195e-30
142,147,2.1807657026013596e-30
142,148,1.749443999634237e-30
142,149,7.383899683567518e-30
143,144,1.4088690068681731e-30
143,145,1.8647416269520667e-30
143,146,1.6766368057563026e-30
143,147,5.347840131028746e-31
143,148,6.2466316551192625e-31
143,149,2.145823350308953e-30
144,145,5.476051179505754e-30
144,146,2.7535399051759418e-30
144,147,1.932818096636077e-30
144,148,1.3674154275657745e-30
144,149,3.6887983207948655e-30
145,146,5.069146614897779e-30
145,147,1.8690071726843983e-30
145,148,1.990069332651193e-30
145,149,6.36491362475302e-30
146,147,1.0857245731664289e-30
146,148,1.7616842282878003e-30
146,149,7.278448764721019e-30
147,148,4.0662418506924945e-31
147,149,2.352579368850582e-30
148,149,1.1188630228279485e-16
